2.469782984063175313e+00
2.875351620065119906e+00
2.295318240355078920e+00
2.705882885168324314e+00
2.739154819671617336e+00
2.465834379707691149e+00
2.403331290687836130e+00
2.670997867989069352e+00
2.102376492549637099e+00
2.354723785739441411e+00
2.929427697086217197e+00
2.113944053238752563e+00
2.541510484336074960e+00
2.675909978124303645e+00
2.243020839822512436e+00
2.724544262230490954e+00
2.294940353268811073e+00
2.740780719651355835e+00
2.459894568290059702e+00
2.800851651251626162e+00
2.510544733486501201e+00
2.458006372391448480e+00
2.811445393077106836e+00
2.680523845784427817e+00
2.643815370786992247e+00
2.580579871137710590e+00
2.573753308176571775e+00
2.190224539041578655e+00
2.783141900472831498e+00
2.449188365023258651e+00
2.474872426346084175e+00
2.059847861089063148e+00
2.730802201052072498e+00
2.455880093183964608e+00
2.743445737694592879e+00
2.391326722458296583e+00
2.541876878875923396e+00
2.507288192395727755e+00
2.709431353768636086e+00
2.677778969952121724e+00
2.588857148988476631e+00
2.513294538934483402e+00
2.518226208484184436e+00
2.669123566597202846e+00
2.309895055382302331e+00
2.193645295072728540e+00
2.996053158772324920e+00
2.051913235714494910e+00
2.689265493596991519e+00
2.444692070178653864e+00
2.631874174765200358e+00
2.164418954181138055e+00
2.376197376958063323e+00
2.187143501586814143e+00
2.450230747002220433e+00
2.699356805366134093e+00
2.534616964794422334e+00
2.518251696512422644e+00
2.113404232820985218e+00
2.839313179913781404e+00
2.475653502770968295e+00
2.016163356276640783e+00
2.686751646136895211e+00
2.236769563309878084e+00
2.381036714770938367e+00
2.568086307993869610e+00
2.444771764450429874e+00
3.005882246048409367e+00
2.562092830591997217e+00
2.442278000019838302e+00
2.670447452557808354e+00
2.323835128814733419e+00
2.422930433707348730e+00
2.632403065266168962e+00
2.157791916118817266e+00
2.223494634094951294e+00
2.426227408075784187e+00
2.406957624456454337e+00
3.017620101596539151e+00
2.525653432217497940e+00
2.667916986810957791e+00
2.890947436811791782e+00
2.517718904706389260e+00
2.641197590290184749e+00
2.268425334150103723e+00
2.316854999265357318e+00
2.009181912513590795e+00
2.677334610991583652e+00
2.253407568194515598e+00
2.158031133986451522e+00
2.576906360021328002e+00
2.867931502223899809e+00
2.419900925319268481e+00
2.645554019773319165e+00
2.481737914047234206e+00
2.465308379285694240e+00
2.746615181208992951e+00
2.621934330781997780e+00
2.603309641628681614e+00
2.208399880456165754e+00
2.421847319657103093e+00
2.427227612515713506e+00
2.563869233934938041e+00
2.715801512627138870e+00
2.398271028146355288e+00
2.857910929660911759e+00
2.872592924899316724e+00
2.602946309073647324e+00
2.881020814878816783e+00
2.108879938646343710e+00
2.148110798441796199e+00
2.739115605065246317e+00
2.884329825865690644e+00
2.232537512667853719e+00
2.521307883415848217e+00
2.713860754516018936e+00
2.152382979939560848e+00
2.122450634584520213e+00
2.450782847255625896e+00
2.781361974389439329e+00
2.858035839238247444e+00
2.314520010971717223e+00
2.611261721588249873e+00
2.346183606986921966e+00
2.370504689061458059e+00
2.776868734508583625e+00
2.706703936441172687e+00
2.380138703954383317e+00
2.686379323617162918e+00
2.388155755858666573e+00
2.303071901428337398e+00
2.936153302008793542e+00
3.033427521984233266e+00
2.243777991423280049e+00
2.778920602966340692e+00
2.583369020529536986e+00
2.692220551375681836e+00
2.523941657799989358e+00
1.808606727857464458e+00
2.612808618399362182e+00
2.472256413292461374e+00
2.436902366920140395e+00
2.484252863639027087e+00
2.681060131170982963e+00
2.597693186570682045e+00
2.396474607537045109e+00
2.367571384542642043e+00
2.523095643247811104e+00
2.531835499168690884e+00
2.001167973832075120e+00
2.479364259349997823e+00
2.512592762065267493e+00
2.668451899628216051e+00
2.883274486100171785e+00
2.560056771110163609e+00
2.566577411557366961e+00
2.274104068463003614e+00
2.524832375174242305e+00
2.583530513387111149e+00
2.838673511350241263e+00
2.439814956359324327e+00
2.618114792312346228e+00
2.428267753455160438e+00
2.555476906544276616e+00
2.674530514732041730e+00
2.593954575274833640e+00
2.706224650566249501e+00
2.404534284782860354e+00
2.634857440873320300e+00
2.262902648396194927e+00
2.423440934243749734e+00
2.068817323963008548e+00
2.590931966978919032e+00
1.851823937420624455e+00
2.220582841805260443e+00
3.037964524971321190e+00
2.536330616286376127e+00
2.592646067064741988e+00
2.234824472280355856e+00
2.858571236409539473e+00
2.136800947885302282e+00
2.869115168527597071e+00
2.869710976181565343e+00
2.404024219965005038e+00
2.448781873746671334e+00
2.643593463803288302e+00
2.252309979236071236e+00
2.404971093125668702e+00
2.692287034010385494e+00
2.498882189530634790e+00
2.174364167836541295e+00
2.778131053382647764e+00
2.055862665610991957e+00
2.516988506975588180e+00
2.597296155552546448e+00
2.674246800818116387e+00
1.896431770991372279e+00
2.409759273227358278e+00
2.309332137992629264e+00
2.530099769676579236e+00
2.977184412869709806e+00
2.082192210168078539e+00
2.903301051856640669e+00
2.449958207436039093e+00
2.607884635901295489e+00
2.406176248627947878e+00
2.887542663062048653e+00
2.451727353270764631e+00
2.274375762021631608e+00
2.555726678078342307e+00
2.453658251002357904e+00
2.647763420468884910e+00
2.485748050908510365e+00
2.525990198050144908e+00
2.175318869330923999e+00
2.676752035662043561e+00
3.099353442808655323e+00
2.369577459234162742e+00
2.371289226238816550e+00
2.714773758365915057e+00
2.747897903952035037e+00
2.217030152576317636e+00
2.419118976305361546e+00
2.038459567067302913e+00
2.838313826690083364e+00
2.263790274869234231e+00
2.221524055057895630e+00
2.006032345690852203e+00
2.657772270756379562e+00
2.565089540622239817e+00
2.595783722878755029e+00
2.396478514592041975e+00
2.640290964678333019e+00
2.690987714926747376e+00
2.415952229474831903e+00
2.789359601432822799e+00
2.554141544001160113e+00
2.505710967654930510e+00
2.607611102618930587e+00
2.474100146519140786e+00
2.071484084217664723e+00
2.092944167631344499e+00
2.769183996336692655e+00
2.679775843640344046e+00
1.692911637199297825e+00
2.463242658846556132e+00
2.228762047332728535e+00
2.075339025053574815e+00
2.342785818338375403e+00
2.702135296795085573e+00
2.615322201153980952e+00
2.327045255137882851e+00
2.753576410862244472e+00
2.335790378578124660e+00
2.592748468360309921e+00
2.552380842231095848e+00
2.343665953348271103e+00
2.132352904054419351e+00
2.570314250920285204e+00
2.296252970335718402e+00
2.762030655590121508e+00
2.698448666499627890e+00
2.730327314730429222e+00
2.648162092717722960e+00
2.472756045841780104e+00
2.397381578594284690e+00
2.373181599809150555e+00
2.812454524732142414e+00
2.149465425170696609e+00
2.327584067988909933e+00
2.554690606006845055e+00
2.765481519718404613e+00
2.372017146453235803e+00
2.158482236997499637e+00
2.029072104940985000e+00
2.390622710975555787e+00
2.761575863994429891e+00
2.173445221825525131e+00
2.912772523993791385e+00
2.836922429600772233e+00
2.431401833172269100e+00
2.085628522596942425e+00
2.528904029605075099e+00
1.982991564477580848e+00
2.338545425991575222e+00
2.508130606884013680e+00
2.491753105988566919e+00
2.856395215018017186e+00
2.661177211780948237e+00
2.782277083499686832e+00
1.962410294694176605e+00
2.477577761535916245e+00
2.131726660120201622e+00
2.432236453997719039e+00
2.722748065598430856e+00
2.466913885660459993e+00
2.405633954096382254e+00
2.990110234659264954e+00
2.697657537613509682e+00
2.650631213669996100e+00
2.395732333648393997e+00
2.737354825754028553e+00
2.215997848662235814e+00
2.659275279946266224e+00
2.214306272086101757e+00
2.425329607074313554e+00
2.612446446051718496e+00
2.715439705270283444e+00
2.598276901787377469e+00
1.894694446581685288e+00
1.951938937698934673e+00
2.444408401875214132e+00
2.304380678888862999e+00
2.469578495307248822e+00
2.514233080516132368e+00
2.843415794848069389e+00
2.257197514349115863e+00
2.784249887217781882e+00
2.643649484739258426e+00
2.657873787775058005e+00
2.535535809112433370e+00
2.635886574030342988e+00
2.505863765722891046e+00
2.503963422113023363e+00
2.213385743718589538e+00
2.687201544520479324e+00
2.191427014064568635e+00
2.404892574428793672e+00
2.723344512916777038e+00
2.534204323495832689e+00
2.528171334453546581e+00
2.670309782557143130e+00
2.543972901869213210e+00
2.280305487497121142e+00
2.356519336628758232e+00
2.415260858355143814e+00
2.616342243087579789e+00
2.978422479033524084e+00
2.738436996508961219e+00
2.873176447612953766e+00
2.372614360193831651e+00
2.769314100622124464e+00
2.528840862456673388e+00
2.090949782148706859e+00
2.660899790986936519e+00
2.772590684033872765e+00
2.169375432533669379e+00
1.973764961886525615e+00
2.485310147867071162e+00
2.172589800266724325e+00
2.419679956991614755e+00
2.338171717884741874e+00
1.925235909666351386e+00
2.483409478456790609e+00
2.935961328423555727e+00
2.331436132296395680e+00
2.156529701960749001e+00
2.313154862379077414e+00
2.624587778819501338e+00
2.642082967153101425e+00
2.804804946150589728e+00
2.462112037624131666e+00
2.298420615667221334e+00
2.568389637698496042e+00
2.621647155955384889e+00
2.203310099358030349e+00
2.625817991909515481e+00
2.598106009245450210e+00
2.603234316189459996e+00
2.390923668419475234e+00
1.971803181820443562e+00
2.533527348985145089e+00
2.757159427884443126e+00
2.523453609878896220e+00
2.322764208883658199e+00
2.489071544442709616e+00
2.720205872454652507e+00
2.603097483251560984e+00
2.814861443099379024e+00
2.675123058056599668e+00
2.492341284916965716e+00
1.951672413631002856e+00
2.657703087398100017e+00
2.802080098363919802e+00
2.501674087473073627e+00
2.225386047054010330e+00
2.701396378662728637e+00
2.325831360733245035e+00
2.309969536653235345e+00
2.922502365498908183e+00
2.657434324361781730e+00
2.399383775059650947e+00
2.837208356797994213e+00
2.334456779934014570e+00
2.384929405557218995e+00
2.806662326078012359e+00
2.486978921468196546e+00
2.602420408971017007e+00
2.619760660894003834e+00
2.184679773209305065e+00
2.663832828376410333e+00
2.502800451367310774e+00
2.898474690176756852e+00
2.600279282272841996e+00
2.326163440240441638e+00
2.410647526080863301e+00
2.409190636314214373e+00
2.243349563506976452e+00
2.411325869212248563e+00
2.093926384403273389e+00
2.602539097109508148e+00
2.416818880490263943e+00
2.664446909261932728e+00
2.562847391839595090e+00
2.253024637960997278e+00
2.090376335396063823e+00
2.653006421656961766e+00
2.152276667256893372e+00
2.197884041292372359e+00
1.837497095891132526e+00
2.588734424489125274e+00
2.260061478883803154e+00
2.969453412000688797e+00
2.342018303230789300e+00
2.254527895576306840e+00
2.344444217192917623e+00
2.411347133674690557e+00
2.119585260179357000e+00
2.256659333148062885e+00
2.491198206603442156e+00
2.676360496937736588e+00
2.564637747642094290e+00
1.779715423665955143e+00
2.228192207434389616e+00
2.757390077760463853e+00
2.275139484794701517e+00
2.831124143328098253e+00
2.692976820529450421e+00
2.136387504374025692e+00
2.742753046113957094e+00
2.136570904186329667e+00
2.454312124674649986e+00
2.605902132299931395e+00
2.248918470675071557e+00
2.524893943057409995e+00
2.475383452856604549e+00
2.339984707260540198e+00
1.905164333423691181e+00
2.929698290090146706e+00
2.545398684933222633e+00
2.506367155736081376e+00
2.140913812607679212e+00
2.763324931998176304e+00
2.500918813558415277e+00
2.514754587517540330e+00
2.227833979308742940e+00
2.651649969502062110e+00
2.640161123428923950e+00
2.655279972333980165e+00
2.200210062484918794e+00
2.742792881079450851e+00
2.645733777095111705e+00
2.397080884933719958e+00
2.093411889501964218e+00
2.798974999481052439e+00
2.682601866348593767e+00
2.201291381314200102e+00
2.246934665424189959e+00
2.006631058383203658e+00
2.628802789630516834e+00
2.583301888778917199e+00
2.526577459996178554e+00
2.518361943669193082e+00
2.585652840766936578e+00
1.986383638498986803e+00
2.313215512543889574e+00
2.851070387209698964e+00
2.610977889457019252e+00
2.740911828775518977e+00
2.990497280824911730e+00
2.036959219704142399e+00
2.797025124038473365e+00
2.213640605402741990e+00
2.811570602633237215e+00
2.126189250995873081e+00
2.136030938171663784e+00
2.980394239005141888e+00
2.444328567839463506e+00
2.918661024414505256e+00
2.579785756165616561e+00
2.489432453986807570e+00
2.592127818971190045e+00
2.869636984427237358e+00
3.055552715229383320e+00
2.412763730537548668e+00
1.902140643831883082e+00
2.397257525538823764e+00
2.359306282678661937e+00
2.323916750205100357e+00
2.599092063814780751e+00
2.199935107720374816e+00
2.419887339733650222e+00
2.685744493907070929e+00
2.464977894151129334e+00
2.575515840989742067e+00
2.113291144383914855e+00
2.295707634529429608e+00
1.921813864921873227e+00
2.073339634214555360e+00
2.363252824068305280e+00
2.439947144748241037e+00
1.845180516518764691e+00
2.430330483680862574e+00
2.482504114281015362e+00
2.261902454248679639e+00
2.491267704698805652e+00
2.630918751547584034e+00
2.639687685438331766e+00
2.318281494342180338e+00
2.451711482962096511e+00
2.565402257481518955e+00
2.234097649973102673e+00
2.352352485192930054e+00
2.609775475404709777e+00
2.712265675930118913e+00
2.815750097040402355e+00
2.479053204476805661e+00
2.418172017175269861e+00
2.862430223089795778e+00
2.174164300454291432e+00
2.037113633431310245e+00
2.655838688492365485e+00
2.463035459967585439e+00
2.500301277667190458e+00
2.808022325702427047e+00
2.525641339115885842e+00
2.719317430285381754e+00
2.284974254401801463e+00
2.651023878897345920e+00
2.734236802786135900e+00
3.053227359414508513e+00
2.220602892755905167e+00
2.555603444682263081e+00
2.700145660530071545e+00
2.477062419830295514e+00
2.156501255139420703e+00
2.491929575728141444e+00
2.420304169858905396e+00
2.577468855056746388e+00
2.616985590851850674e+00
2.458219781065552834e+00
2.616475468547593497e+00
2.337281134057982879e+00
2.447426657633445579e+00
2.762102203444646076e+00
2.798967240253765976e+00
2.875204962450792490e+00
2.656723365689145133e+00
2.397637648067730165e+00
2.279440833313650661e+00
2.145851937906233076e+00
2.320833717255823103e+00
2.629193501379603504e+00
2.253556925631275298e+00
2.428701538269946614e+00
2.550724668128632633e+00
2.444311789888503839e+00
2.556374522743913413e+00
2.559339908725225765e+00
2.242433736240946551e+00
2.067425899963501124e+00
2.467341210610096258e+00
2.568986658711613025e+00
2.451543848408623383e+00
2.197097310765157019e+00
3.022801245641329349e+00
2.562586017607003441e+00
2.572691303735497037e+00
2.482164451858968057e+00
2.191408072602358814e+00
2.331527771870126386e+00
2.806404650587814853e+00
2.452395659895398872e+00
2.091731253184438977e+00
2.760000613023915861e+00
2.594423548779436928e+00
2.146142967539983459e+00
1.995927851070436576e+00
2.683112404852760147e+00
2.845741963393453755e+00
2.397417442693619893e+00
2.212653838399484929e+00
2.536749749362775308e+00
2.564900498460384703e+00
2.401040023398002710e+00
2.615244728410149655e+00
2.246596236173461936e+00
2.488764463020716633e+00
2.594271911885570603e+00
2.338070662505294273e+00
2.301166108399119725e+00
2.109278649931769500e+00
2.505897915280252963e+00
2.552885877879655485e+00
2.559182677575768228e+00
2.429132227959063695e+00
1.986314482317571128e+00
1.993465105340671117e+00
2.858028491455017583e+00
2.050992685986135378e+00
1.976251966612559530e+00
2.902869380464157434e+00
2.942924652361659454e+00
2.344510617652091344e+00
2.375771328356008905e+00
2.324011945071931429e+00
2.137030136646671963e+00
3.013034666111806814e+00
1.941347249525397389e+00
2.517689497071265770e+00
2.258795610834587464e+00
2.870790721183518635e+00
2.420251563742450429e+00
2.662439967201976287e+00
2.487488108617435856e+00
2.787046489379788383e+00
2.617884728923808968e+00
2.427743050139812286e+00
2.459576768910578970e+00
2.755254240567452051e+00
2.350419918586104551e+00
2.973103617852591807e+00
2.521394184544211825e+00
2.654765788229562329e+00
2.639856975535753936e+00
2.399317856750069033e+00
2.664926092132913649e+00
2.607157612177621431e+00
2.383420413850452224e+00
2.464152175588262939e+00
2.376877131237411955e+00
2.244809261652789711e+00
1.939061448646469454e+00
2.029250657031913541e+00
2.567913626012038986e+00
2.753257060085462005e+00
2.700445456714428261e+00
2.662748314228819080e+00
2.587060292538465145e+00
2.809294234969544668e+00
2.373896461689965154e+00
2.310484713881161944e+00
2.748215600989175833e+00
2.271443248966473316e+00
2.730713047252872450e+00
2.303759583656452836e+00
2.038706436038158820e+00
2.482736684438080932e+00
2.567994551131488112e+00
2.415528338155566779e+00
2.472810990665005981e+00
2.316131274495644821e+00
2.273003854392396939e+00
2.543310674841268604e+00
2.348761571607842491e+00
2.589433359267167667e+00
3.091522224787454309e+00
2.760111698144369186e+00
2.751145308244917764e+00
2.912059854466930719e+00
2.721554002805758987e+00
2.513019511987908405e+00
2.465759525825879983e+00
2.617829831665282825e+00
2.488092477009232084e+00
2.287587422059115916e+00
2.322755257636028858e+00
2.413524478269017948e+00
2.598044257881765073e+00
2.749757542416904954e+00
2.483804127598851608e+00
2.850198705166755886e+00
2.719259773189490303e+00
2.331286328064647861e+00
2.713269401545542969e+00
2.178141651066313855e+00
1.966401406285116726e+00
2.945466493580422895e+00
2.945887424608745864e+00
2.723411539502279322e+00
1.996466514900239408e+00
2.624508950003234364e+00
2.410854684502826473e+00
2.236684705503020787e+00
2.401743760482649481e+00
2.758674147788175546e+00
2.714666999026805083e+00
2.676541876927781782e+00
1.934736594179210734e+00
3.038736694963226181e+00
2.818773974987322628e+00
2.389904652669722296e+00
2.722965347020410487e+00
2.759242588437260668e+00
2.703470881293506878e+00
2.343726057319707401e+00
2.817701087427055828e+00
2.733211840705905171e+00
2.248727877884837856e+00
2.171169453072288036e+00
2.822360827943547701e+00
2.836267495154080276e+00
2.351038352799981190e+00
1.970993846253586312e+00
2.163994298874050148e+00
2.705330158518602257e+00
2.345746556677997585e+00
2.617751671515356371e+00
2.878980533562669475e+00
2.556071806437206106e+00
2.338364706462143339e+00
2.809263934521372796e+00
2.531310749528927762e+00
2.609841033390931653e+00
2.258308491096575388e+00
2.718051183140048011e+00
2.824010426804511642e+00
2.430961312347500680e+00
2.459843144584167085e+00
2.265993901009968337e+00
2.814733083207459075e+00
2.360836323695037375e+00
1.856746694504200823e+00
2.230557508328297800e+00
2.762007689458449544e+00
2.427297971505696150e+00
2.069007153231880558e+00
2.292755032365000556e+00
2.632880119398033791e+00
2.891435551560126438e+00
2.589806032396112734e+00
2.568110613528709063e+00
2.600028202136845490e+00
2.226199819883196707e+00
2.210578685011622024e+00
2.318228584640351198e+00
2.431643454509176294e+00
2.221308281312708299e+00
2.407858669976311372e+00
2.381806512746257987e+00
2.296775944018412563e+00
2.101692495240157221e+00
2.697212777648332338e+00
2.583812008809811100e+00
2.505076753346679119e+00
2.687082551163025190e+00
2.730775639088315110e+00
2.433130212836300377e+00
2.504336853767983317e+00
2.863045761227960728e+00
2.065252914552515584e+00
2.813689445433302794e+00
2.573036658698399037e+00
2.601951956369265684e+00
2.597252378941592887e+00
2.511446113175995087e+00
2.188424225094771192e+00
2.491072613815288772e+00
2.606206479953182775e+00
2.664991389689684631e+00
2.312280948827742932e+00
2.478640995666238744e+00
2.362482925488639030e+00
2.416703263436273730e+00
2.546114337271425665e+00
2.555706111599892250e+00
2.622246247027176125e+00
2.406273537537641616e+00
2.720634583847294508e+00
2.715626281391990027e+00
2.054965020788444452e+00
2.642720547524919805e+00
2.800205631852972665e+00
2.501750305015881803e+00
2.448034909099633616e+00
2.781232914806863299e+00
2.511737369224438243e+00
2.643192944688120161e+00
2.608734364916125426e+00
2.445100005525096876e+00
2.757595893552830191e+00
2.751609607580205008e+00
2.381150456419677930e+00
2.415028539201233837e+00
2.316982032040796113e+00
2.724098441164665374e+00
2.613639201561765990e+00
2.618795846200868915e+00
2.788690467579536758e+00
2.479391983182766879e+00
2.424535332619930372e+00
2.830632656394850510e+00
3.023894138603042236e+00
2.937663892397036847e+00
2.352140959218613325e+00
2.182699829813108394e+00
2.280798353314789306e+00
2.850284881833246242e+00
2.191872806062849399e+00
2.456588766507927790e+00
2.684554593227224562e+00
2.598030648939789522e+00
2.281464758175490992e+00
2.380711155405013102e+00
2.522033266651712680e+00
2.511199954578396731e+00
2.403631761834391423e+00
2.510163149244442060e+00
2.433409543038396183e+00
2.535989307468319076e+00
2.748361943390551954e+00
2.691969831072398289e+00
2.498389169164477508e+00
2.800024223043660943e+00
2.316361604355868575e+00
2.772760963125037392e+00
2.807565792147444839e+00
2.389448467196824133e+00
2.744144060522510031e+00
2.742261162002229025e+00
2.547092074543170881e+00
2.644417670699034772e+00
2.252003417933393870e+00
2.861747440590141967e+00
2.340219175075824776e+00
2.303970891690080514e+00
2.289913325297141533e+00
2.608025589346524065e+00
2.036764131848019410e+00
2.665181070479484937e+00
2.456753838567990567e+00
1.872798474082491671e+00
2.337274606488302098e+00
2.468887709719641776e+00
1.789524943392207357e+00
2.328021828762564915e+00
2.974449222449473407e+00
2.547153341331427789e+00
2.570667548057344654e+00
2.413954628936823443e+00
2.922120788351931342e+00
2.679216559977086742e+00
2.449272193535209752e+00
2.739964267021429478e+00
2.472115261338351466e+00
2.295254362136021964e+00
2.595681793240534496e+00
2.376332744714380496e+00
2.518059247840775505e+00
2.459571790226922072e+00
2.378173358082552369e+00
2.626562573531232125e+00
2.331901493274935788e+00
2.673113157750109714e+00
2.623875645893089192e+00
1.850052608774889418e+00
2.405464032867689284e+00
2.623128770890965189e+00
2.758381306698275637e+00
2.240047892354381620e+00
2.945600844694848508e+00
2.799069335007378978e+00
2.552948709778104064e+00
2.950725062445925584e+00
3.030037402644311761e+00
2.646864070429178373e+00
2.273397802864817852e+00
2.469008809857418996e+00
2.511099849890086944e+00
2.325498236123235696e+00
2.584970917268375690e+00
2.565507740357548805e+00
2.479395022145368443e+00
2.181319309315848276e+00
2.584546286089478784e+00
2.231604222600596543e+00
2.395268260057622278e+00
2.429235881891147919e+00
1.824924660706320756e+00
2.393981403981149114e+00
2.475016974215279664e+00
2.244087960483797772e+00
2.481957025445563847e+00
2.880418355099089833e+00
2.079685487224718354e+00
2.815456536513053276e+00
2.637391698818990271e+00
2.625490592351888530e+00
2.667341542893405304e+00
2.883840119113486367e+00
2.484246490858347034e+00
2.397907189397661565e+00
2.168219388842413942e+00
2.665094347095377181e+00
2.802269413290424449e+00
2.039005379328637346e+00
2.316758482501315441e+00
2.189962345733370785e+00
2.615294395217125700e+00
2.139923757069599919e+00
2.438586995546889735e+00
2.316915455279295433e+00
2.130263293027709892e+00
2.257978657170810699e+00
2.747403755204836262e+00
2.205000760056097242e+00
2.167479402788154097e+00
2.375048440631961189e+00
1.931702234923581507e+00
2.460994050466970506e+00
2.990168490995672279e+00
2.890439921520844724e+00
2.676164982033422124e+00
2.581133577948622637e+00
2.197945376527515204e+00
2.353619642738530082e+00
2.131303255707966748e+00
2.523914129406965579e+00
2.713112712409539107e+00
2.611692628000385152e+00
2.478516087355040476e+00
2.350570477644212009e+00
2.905319654126844231e+00
2.451749044502799180e+00
2.693221343855700667e+00
2.511756332130837155e+00
2.194708725856798104e+00
2.003122602254761464e+00
2.213517434724594057e+00
2.413529024756197572e+00
2.434688584181671889e+00
2.752232333606671411e+00
2.896595399520321745e+00
2.675366670789518064e+00
2.401280901229527309e+00
2.782905129941269262e+00
2.904676247842035153e+00
2.887962772345872509e+00
2.317098473919130708e+00
2.583934148424086974e+00
1.950007777099446615e+00
2.459919300809384701e+00
2.796705779929889335e+00
2.293276753722263361e+00
2.274641532130914356e+00
2.482719580387154235e+00
2.633261454869774809e+00
2.243485365398578679e+00
3.016498947991748114e+00
2.896165605642930796e+00
2.243646090726837183e+00
2.041973351306520357e+00
2.780869835033764392e+00
2.488459108836726941e+00
2.895967247424978908e+00
2.886755754180863498e+00
2.728159569623492153e+00
2.497768001464501175e+00
2.783555919388856825e+00
2.154147584600309084e+00
2.587499886654287540e+00
2.628993414736839451e+00
2.592267043404111959e+00
2.708685217561631386e+00
2.573011852153745949e+00
2.553136825638993912e+00
2.928445625099764804e+00
2.563368170823670855e+00
2.672114556277507269e+00
2.726609359109969599e+00
2.867368974855774244e+00
2.298053552881156758e+00
2.635835739193292948e+00
2.711607345652111700e+00
2.476870250508881988e+00
2.840738622756918463e+00
2.842757680215247440e+00
2.395066886582325250e+00
2.019853774369230415e+00
3.021623754196900435e+00
2.406882212499203089e+00
2.630764663719348917e+00
2.596107686455735752e+00
2.281490890640351488e+00
2.554437900858182786e+00
2.285125455436058051e+00
2.646810046495615243e+00
2.342430303430949046e+00
2.573923847675704035e+00
2.197453052267250406e+00
2.578905997909585857e+00
2.867391477267017930e+00
2.484995651497145186e+00
2.701806880396335320e+00
2.702464641059314943e+00
2.764662710377111754e+00
2.459580023328319598e+00
2.616409423801712375e+00
2.711334692852882089e+00
2.415773910933702417e+00
2.709171275396887513e+00
2.088821082760629277e+00
2.619262980414930553e+00
2.364449441295557897e+00
2.362677324737337603e+00
2.529494727934062936e+00
2.480298488838929671e+00
2.510753052122404405e+00
2.565132200720195321e+00
2.275154218949054119e+00
2.177783675152435539e+00
2.521265501440240087e+00
2.513940274099171646e+00
2.779870973640617304e+00
2.444401388504151562e+00
2.223732155673701971e+00
2.394884805640519865e+00
2.167858154183922359e+00
2.540028359835008409e+00
2.519718821080490834e+00
2.389074745585281434e+00
2.909124721076040476e+00
2.018016624941168846e+00
2.796834949685384153e+00
2.477944870674435141e+00
2.432007979815112186e+00
2.690039116432000998e+00
2.587480367080769561e+00
2.402172432570950811e+00
2.899930388760393107e+00
2.568147681798900628e+00
2.113749634218581530e+00
2.575214405049487176e+00
2.258224881893465152e+00
2.718911186529847424e+00
2.719288995073088966e+00
2.465959259985196272e+00
2.857329580123011858e+00
2.806966115547091523e+00
2.499782508979778051e+00
2.097320285620391189e+00
2.490770257932719112e+00
2.330838243917404906e+00
2.598381631900058331e+00
2.439204050312318905e+00
2.873688030592033371e+00
2.796851717789070602e+00
2.643515831456760612e+00
1.927294340475917744e+00
2.736196824201454714e+00
2.603145811257281395e+00
2.888666557677206814e+00
2.112567154923532975e+00
2.364667126601692537e+00
2.701179231308529438e+00
2.490637938285547026e+00
2.712798889918124789e+00
2.748364632603460755e+00
2.507696585542704248e+00
2.839468404162861503e+00
2.779710423570002309e+00
2.786764406120643578e+00
1.788051535852712259e+00
2.426451630047062213e+00
2.561396507254670496e+00
2.130978976525352397e+00
2.548723785849456469e+00
2.329875280433377327e+00
3.061698251393194958e+00
2.725341977394300397e+00
2.592678290483872772e+00
2.560122158646749746e+00
2.209759575603219783e+00
2.494425443095654948e+00
2.585153097808655431e+00
2.718791730443015808e+00
2.441474008814242147e+00
2.835362604113766949e+00
2.362667318003226935e+00
2.225334911512523384e+00
2.476208333003649731e+00
2.774786586240839181e+00
2.028557847902804134e+00
2.446519939303842150e+00
2.850654321747023268e+00
2.459327779995421626e+00
2.514743170715849185e+00
2.720371883162301607e+00
2.695935703608010936e+00
2.596092377989577038e+00
2.325919000020208127e+00
2.217617513267634788e+00
2.447196999414535945e+00
2.200466804305427182e+00
2.559915376848368229e+00
2.007705848351669431e+00
2.660330065627522611e+00
2.523925887694986603e+00
2.508780696112654418e+00
2.368721476414400673e+00
2.693832054471137827e+00
2.672886160585693727e+00
2.471738870830777035e+00
2.428282521250491488e+00
2.240570650500523175e+00
2.657067363882526401e+00
2.728179009630821383e+00
1.984592311703508027e+00
2.005834117286350082e+00
2.610802531833643414e+00
2.678810055710218574e+00
2.766140783347839083e+00
2.378862493670500289e+00
2.332138945626246240e+00
2.794287179147876721e+00
2.466185351677575799e+00
2.622962587979197568e+00
2.369218067595149080e+00
2.210387671327082693e+00
2.456433933611428699e+00
2.071404162122915782e+00
2.958453715580834142e+00
2.431084955953406013e+00
2.817467387880327578e+00
2.398576879912506676e+00
2.537878368422624042e+00
2.444847247871684282e+00
2.630586587386559927e+00
2.350532782373271345e+00
2.853295438908074910e+00
2.535459035589446408e+00
2.529797517910790550e+00
2.666756696350472744e+00
2.169609672629375652e+00
2.650168321618490364e+00
2.880896138921590577e+00
2.540114035414629434e+00
2.460064470380217916e+00
2.799945239890355708e+00
2.681685925071881194e+00
2.541843163087951663e+00
2.497411049198984045e+00
2.775338275212065220e+00
2.379657399293323650e+00
2.792297158316598971e+00
2.456615624699983513e+00
2.156810542111085027e+00
2.253620319307579223e+00
2.420189363352425627e+00
2.273898103089956990e+00
2.335440494115177401e+00
2.321264741099098305e+00
2.606326335316946796e+00
2.723426813206858199e+00
2.649140170814860973e+00
2.368017311020287785e+00
2.460782899353878062e+00
2.319739959252736572e+00
2.452899129270232681e+00
2.163620418673843027e+00
2.789628755801753623e+00
2.273636547050013057e+00
2.422968055199609783e+00
2.585549790291700401e+00
2.068856108506639480e+00
2.808461883659247427e+00
2.564937914447361855e+00
2.296086763573320866e+00
2.141422625659731516e+00
2.455859548337347320e+00
2.433697428619157943e+00
2.530762691091308803e+00
2.232422104965242404e+00
2.931988933663824959e+00
2.365648521526730441e+00
2.558973909592765938e+00
2.729709298907923465e+00
2.269161086068513189e+00
1.955232203001100677e+00
2.802246247834163650e+00
2.623404525865566050e+00
2.586309955532202665e+00
2.870185547190896358e+00
2.053656881183738125e+00
2.769158957370542407e+00
2.194569057182806482e+00
2.913762515516199691e+00
2.840221244248378074e+00
2.890800847266894902e+00
2.677410856825825469e+00
1.935647601112253424e+00
2.440034378800040038e+00
2.383240272193944520e+00
2.228909760801025985e+00
2.416718121279698206e+00
2.403118315724352083e+00
2.350516375402695424e+00
2.544344803734773564e+00
2.726625571845635587e+00
2.323706258469457442e+00
2.800900838911783541e+00
2.834861876719822149e+00
2.099868794130968830e+00
2.440502327410316141e+00
2.802526578803685720e+00
2.698481321125947741e+00
2.687332615314621087e+00
2.235185802826926249e+00
2.446878410388113601e+00
2.549456820889886899e+00
2.493227146512713155e+00
2.306490738906186166e+00
2.462475254979926476e+00
1.876735859624414138e+00
2.740053758882652790e+00
2.663648221542299410e+00
2.556286450187352344e+00
2.545886036499932281e+00
2.676297568163853224e+00
2.682582070577674838e+00
2.371718293264758248e+00
2.451302864336195153e+00
1.957730534282388302e+00
2.890827971437900601e+00
2.435077062224896061e+00
2.389721621704270049e+00
2.651850532102023816e+00
2.491989114752520607e+00
1.971961937430789513e+00
2.074780103790023311e+00
2.235734066747281812e+00
2.779335551266821636e+00
2.786453614058160611e+00
2.970454044424219564e+00
2.628043296193392386e+00
2.513773685183622764e+00
2.616817332866862689e+00
2.203672646253520995e+00
2.516088520196961387e+00
2.344638607662323793e+00
2.061804027164102493e+00
2.022811674724788844e+00
2.532401303234358192e+00
2.495389872661539776e+00
2.448389891383201622e+00
2.749291330739402905e+00
1.905814377600252740e+00
2.420347053690034222e+00
2.295509493385059052e+00
2.735711441824633550e+00
2.090124775171819493e+00
2.534942047079630889e+00
2.804217788311615056e+00
2.173827690647586852e+00
2.617771859047986371e+00
2.469996269111955911e+00
2.770997516461768839e+00
2.583367488103948784e+00
2.440252366556166841e+00
2.897977355128335208e+00
2.569997278089493076e+00
2.587082134552966650e+00
2.816962413727398307e+00
2.546055279541913130e+00
2.746418397837698144e+00
2.426219976989512528e+00
2.565662191582982921e+00
2.407373345163228429e+00
2.569949814509897124e+00
2.054723424275102683e+00
2.551092326237069052e+00
2.769769152755743757e+00
2.658803687822512973e+00
2.497103862170549693e+00
2.521065371237606989e+00
2.827596790863212028e+00
2.092392842992467195e+00
2.680464640183376268e+00
2.317825274759304666e+00
2.094370851352704399e+00
2.600100937929645806e+00
2.490071734916813995e+00
2.384316256461578742e+00
2.614492556234835785e+00
2.576386072626238644e+00
2.517097468907291358e+00
2.686655107947987453e+00
2.730310039307703551e+00
2.571933928569750449e+00
2.338469592847210343e+00
2.273420289522422255e+00
2.348554324425473183e+00
2.439912585872089590e+00
2.435100579377681651e+00
2.468401186078064136e+00
2.282274568143967564e+00
2.569088936150155433e+00
2.518228877840058999e+00
2.510745350166471823e+00
2.456735741658173211e+00
2.682214783334879726e+00
2.202976009195078078e+00
2.434129513882555162e+00
2.575361107899917457e+00
2.123463703436464289e+00
2.759711604632301363e+00
2.273164406421855688e+00
2.608408242479112182e+00
2.678768633766114071e+00
2.419862465806217777e+00
2.650522888034541058e+00
2.398994712513855099e+00
2.220211034095163960e+00
2.352610120156356732e+00
2.259939805616742348e+00
2.957550058983785757e+00
2.883629166851072956e+00
2.670305281895542393e+00
2.842499608236336517e+00
2.579166758046585795e+00
2.300504416673148977e+00
2.473888137382396213e+00
2.611052530759383483e+00
2.402887575510385787e+00
2.325196600073952347e+00
2.422103898417468315e+00
2.398150847053436063e+00
2.249606402313343523e+00
2.184549136091677113e+00
2.899488673863424015e+00
2.398488223399557473e+00
2.624120161644978744e+00
2.844941052044464236e+00
2.734548587351976590e+00
2.309130620236923725e+00
2.575927577680289904e+00
2.589324015128960710e+00
2.587356214471156157e+00
2.281254060447119869e+00
2.263938558831981140e+00
2.239521983803528737e+00
2.358672174165937996e+00
2.765385717827129497e+00
1.970549447285961264e+00
2.762876693134744155e+00
2.727965828314973251e+00
2.202558254733302689e+00
2.624441639061454890e+00
2.778814475259649530e+00
2.768770253254132285e+00
2.772313490732025265e+00
2.545409120696484173e+00
2.666246697692093548e+00
2.137410108569115508e+00
2.554192131981650959e+00
2.239225301593276374e+00
2.396506668657053751e+00
2.318150581031461321e+00
2.645546859241660886e+00
2.469682750535175497e+00
1.665484901461541378e+00
2.499302450815672039e+00
2.507321704397428519e+00
2.159381270209060233e+00
2.503342233054159927e+00
2.349331311309749815e+00
2.196345141591114825e+00
1.940569351439203505e+00
2.849373747828984449e+00
2.460673385629061904e+00
2.517193894960931821e+00
2.512855880470413084e+00
2.768466510435715566e+00
2.538903418402154166e+00
2.469871215577851942e+00
2.672752453300804021e+00
2.210011313847632497e+00
2.759385167004637207e+00
2.162034386931388497e+00
2.290471893617376686e+00
2.800471698487331018e+00
2.344003926045423736e+00
2.718814354376053899e+00
2.300363194013037127e+00
2.750757275359536180e+00
2.522037268818754896e+00
2.795998559458970689e+00
2.377522434357859815e+00
2.459889368868682702e+00
2.345834058238571274e+00
2.704471695376636120e+00
1.952710846836770653e+00
2.248942790860617436e+00
2.225781291026823538e+00
2.553773854182530556e+00
2.110716210434239404e+00
2.647746432811914907e+00
2.587090223699905600e+00
2.625829156938772169e+00
2.627437505147042440e+00
2.598021838520485183e+00
2.730676351217791620e+00
2.275760255959874634e+00
2.458616700461693672e+00
2.482256901691906048e+00
2.889892340402798521e+00
2.624054080918859277e+00
2.656352821316740442e+00
2.561371211001382875e+00
1.801552323893582219e+00
2.588815049492349196e+00
2.766648702881442379e+00
2.522529702364574078e+00
2.733632922502196028e+00
2.153885448922991941e+00
2.271262894193758708e+00
2.603513586992078022e+00
2.400538513331486712e+00
2.605104855051657342e+00
2.333463663543953626e+00
2.729195845783014107e+00
3.075109511844767773e+00
2.661452410285857884e+00
2.449430446888145152e+00
2.662746674683849513e+00
2.470581487100570683e+00
2.216673613579692503e+00
1.975931033133054626e+00
2.184809007626639765e+00
2.906632074556221301e+00
2.168550719493913093e+00
2.076303933513869993e+00
2.426720779427530061e+00
2.695066115368985660e+00
2.781250712777752376e+00
2.940761659752386237e+00
2.179273210917902937e+00
2.501142465354539990e+00
2.603807766912924926e+00
2.726186868979820321e+00
2.422697172662216403e+00
2.813609672058678512e+00
2.680172123694377184e+00
2.373204826480174390e+00
2.723795153408514302e+00
2.765666183884481377e+00
2.693543051684286205e+00
2.607648772011918137e+00
2.349024217045911467e+00
2.061317108052518776e+00
2.569881634701512318e+00
2.187835341730772765e+00
2.336895982865208055e+00
2.648791048156842187e+00
2.400409215531966289e+00
2.884284995881620794e+00
1.927044691077658412e+00
2.458985850950972551e+00
2.557860513352730347e+00
2.642627883405114453e+00
2.676470810550054313e+00
2.670014527231256540e+00
2.242781124094278766e+00
2.287352980939517444e+00
2.822100473365498630e+00
2.348664599267110020e+00
2.388069891559079228e+00
2.515820669955139088e+00
2.322782507993076617e+00
2.350902301084389912e+00
2.636767240034574300e+00
2.371262273794945585e+00
2.450958197063890509e+00
2.766920824057416795e+00
2.656609196621868563e+00
1.938570577584579846e+00
1.845010271963057225e+00
2.699205256676949549e+00
2.545787878036379404e+00
2.240878190257359570e+00
2.642842564252344317e+00
2.672505876096924915e+00
2.054097520074078531e+00
2.659075413124906362e+00
2.465605899823675173e+00
2.618169075836859427e+00
2.599667061282222580e+00
2.096890186258054012e+00
2.891812889688650579e+00
2.563062642562437876e+00
2.262296426134093430e+00
2.546669585562311600e+00
2.639624174673977919e+00
2.495233814716026899e+00
2.467510984137267549e+00
2.395762237836115194e+00
2.414326038967145927e+00
2.804367508858030433e+00
2.378258883917746758e+00
2.692261427747125069e+00
2.857322006922595303e+00
2.302101085673370129e+00
2.080862473600789908e+00
2.850574625335445589e+00
2.179552044361264151e+00
2.216723809748765817e+00
2.884319814873899990e+00
2.417535098404560934e+00
2.823720051159901878e+00
2.290396964188833540e+00
2.525882798773564808e+00
3.008040049174302677e+00
2.323668576054344292e+00
2.695738729216439644e+00
2.803256351203700092e+00
2.788253370356428285e+00
2.812935828387614912e+00
2.573341455131009869e+00
2.146242048821709769e+00
2.467101747157918634e+00
1.994995437730597176e+00
1.958345180781228212e+00
2.864151650247072300e+00
2.632887685200056449e+00
2.460292745653234192e+00
2.471663859189279666e+00
2.752629217820104834e+00
2.561663546349444598e+00
2.755906527128940020e+00
2.523555303884112977e+00
2.839299863156274473e+00
2.787066259167284343e+00
2.845028025015865047e+00
2.125587741747076542e+00
2.419180162059030081e+00
2.210693704611038868e+00
2.667009101016074801e+00
2.227128175475958649e+00
2.125956064426338443e+00
2.314563664418729960e+00
2.241502748001987122e+00
2.789719309817266790e+00
2.164175063628030138e+00
2.846595425279879521e+00
2.401906659315077075e+00
2.601993403842429053e+00
2.752106262353410493e+00
2.017580276688454521e+00
2.944381730619898718e+00
2.039610299838626517e+00
2.297980602820753226e+00
2.296869628388745088e+00
2.306148073856885805e+00
2.529177220444109420e+00
2.575558452246806240e+00
2.596577507687940045e+00
2.657489147775066840e+00
2.316495106262155268e+00
2.456692307950901100e+00
2.560175736396705037e+00
2.502725355017845210e+00
2.317249142103826820e+00
1.798365133167101337e+00
2.295378569474874286e+00
2.703621868346011148e+00
2.360531867561539876e+00
2.739491443665320602e+00
2.494790226821965273e+00
2.677314518661957354e+00
2.514737316775747189e+00
2.410170268404147720e+00
2.554971478948820263e+00
2.645982521118870778e+00
2.192781790961062960e+00
2.507485009240191687e+00
2.893023548183887517e+00
2.493596360599745765e+00
2.787484718555737206e+00
2.104295690754249826e+00
2.467808359631963100e+00
2.788262501946895178e+00
2.703693259585473907e+00
2.535248525023958255e+00
2.335325853392886675e+00
2.246863985468492864e+00
2.531030318798332956e+00
2.650528561489369217e+00
2.735920761049424055e+00
2.510629567174477828e+00
2.596916561720757244e+00
2.249198753546630680e+00
2.549224506541477808e+00
2.543955079598207991e+00
2.661706128643780200e+00
2.457432619760580028e+00
2.695599821915764416e+00
2.228345644656703595e+00
2.202495553318698729e+00
2.455631370420815252e+00
2.743442457834679438e+00
2.257792706293153095e+00
2.199758441864135605e+00
2.433145719706220067e+00
2.702521326487090647e+00
2.655964290906773329e+00
2.318876579839951546e+00
1.841207391347685851e+00
2.408471295053741912e+00
2.630356845643252672e+00
2.712597479765853414e+00
2.425073278847156732e+00
2.313388670040018802e+00
2.558147532919012423e+00
2.365533412195079066e+00
2.075391298304176235e+00
2.700281844941485154e+00
2.366673214297629890e+00
2.614826779635925469e+00
2.846462566516149373e+00
2.898780870329676240e+00
2.542382161234248983e+00
2.591046934227994480e+00
2.602074367907100338e+00
2.319635385860338239e+00
2.210266493639809759e+00
2.403275101310017092e+00
2.735585124378903998e+00
2.524054300129999096e+00
2.027418018506439878e+00
2.595266506901245940e+00
2.491200146373904190e+00
2.143391603104086052e+00
2.946135612956941152e+00
2.721412640289982310e+00
2.353267797810274509e+00
2.292444058683018149e+00
2.583998707351849333e+00
2.344098702085169350e+00
2.593439740695535622e+00
2.563078713821318466e+00
2.274187556231824114e+00
2.231901285797166512e+00
2.430490395535611636e+00
2.471794685817092052e+00
2.494168737695562577e+00
2.812027808854975053e+00
2.669381351245492695e+00
2.608655291247519603e+00
2.774910765561719561e+00
2.362556596039908641e+00
2.711266851994333482e+00
2.266678931399840558e+00
2.338749908777398190e+00
2.411747538427526649e+00
2.325158743043963305e+00
2.755533961688525935e+00
2.312843469690216036e+00
2.445408705636009206e+00
1.975735078560931335e+00
2.438282627654848156e+00
2.290541465778408003e+00
2.689232410566340103e+00
2.410795636395400621e+00
2.919162987696491296e+00
2.999884168422782160e+00
2.504063774255937957e+00
2.464869422220739459e+00
2.282519694939658894e+00
2.118797437601482869e+00
2.791189909937308311e+00
2.660649397999201859e+00
2.427796193878803077e+00
2.378789726535770477e+00
2.589054413023474943e+00
2.455644369380916903e+00
2.568591152593744820e+00
2.455214612261520823e+00
2.843293749435369389e+00
2.373390843288915697e+00
2.447232000143234387e+00
2.499757805585702819e+00
2.989688048337814319e+00
2.339891133228554132e+00
1.821631974043367297e+00
2.315679019813702499e+00
2.581744005361814143e+00
2.255158153830848278e+00
2.150381783384135215e+00
2.749316644863168513e+00
2.501959529990847475e+00
2.445062587646538610e+00
2.795812078222454478e+00
2.286171385364471842e+00
2.869528805131687399e+00
2.567180485333662610e+00
2.652423989924725056e+00
2.499529677934694494e+00
2.723033645809772807e+00
2.635929681045955597e+00
2.856890491180384295e+00
2.624321503308593151e+00
2.641085651138538104e+00
2.471415249054863317e+00
2.051674495337643123e+00
2.705730941249806509e+00
2.655615450483397311e+00
2.554611700210125846e+00
2.341265965939629545e+00
2.466527801283543653e+00
2.072523922249984274e+00
2.078058230991191913e+00
2.535985947276373054e+00
2.338214739923840657e+00
2.636902134193326308e+00
2.888230177062859116e+00
2.766075658268783766e+00
2.145185440912709129e+00
2.356364681085272306e+00
2.013454617523945167e+00
2.229427313765560470e+00
2.594809109603579245e+00
1.820890252507145535e+00
2.630175520833683223e+00
2.315517708759712967e+00
2.528190259193581202e+00
2.387320851576014036e+00
2.430259324311490055e+00
2.168944148714836206e+00
2.518534908267421990e+00
2.341320248360703626e+00
3.045131267517330542e+00
2.433419684696996210e+00
2.385023055476706233e+00
2.791521966291226509e+00
2.693552629660486808e+00
2.366613539608184880e+00
1.749539648045172147e+00
2.526216380604795475e+00
2.229305046175968030e+00
2.527877174015726425e+00
2.222415884862614543e+00
2.587937257725866580e+00
2.563591504267429322e+00
2.979947843771998173e+00
2.414924044406768999e+00
2.324861961303582802e+00
2.121524029961055824e+00
2.873528800452943788e+00
2.544678378635868654e+00
2.646521505416979725e+00
2.525786291630566005e+00
2.911522543500892013e+00
2.771951674900627438e+00
1.844061787462195179e+00
2.155034491513920791e+00
2.769600876470787121e+00
2.194221901358802462e+00
2.666532373410762435e+00
2.650486434671766922e+00
2.439180091101301517e+00
2.554914821766709920e+00
2.739820100739446929e+00
2.650831089424485310e+00
2.343639958334669871e+00
1.985210432406340653e+00
2.504733244096193800e+00
2.573060281915282577e+00
2.799695529351023282e+00
2.858739994153297825e+00
2.046693005341528426e+00
2.215829678681295878e+00
2.230457813617732654e+00
2.762645929840182646e+00
2.581483142860395041e+00
2.396007626729688589e+00
1.982469063993138603e+00
3.028082172079813894e+00
2.761526752445721211e+00
2.282403355455889127e+00
2.158246576968153807e+00
2.493440888377650211e+00
2.081961237279609467e+00
2.497044198331014098e+00
2.734280278080301496e+00
2.243341065279126134e+00
2.307878870809914051e+00
2.745420759866825655e+00
2.734976416844866698e+00
2.403659899300669256e+00
2.954262990858175897e+00
2.345155376696414606e+00
2.712711319443794178e+00
2.764880438263039864e+00
2.320578579686105591e+00
2.415250144174136082e+00
2.381923636679293299e+00
2.763013804674163243e+00
2.481222540136360344e+00
2.265863691906945032e+00
2.280281830192551595e+00
2.260098521640800939e+00
2.892294782058220548e+00
2.701933147549296699e+00
2.617327416887406777e+00
2.635987065749614278e+00
2.565854169689153252e+00
2.065887967593361019e+00
2.401151489820262164e+00
2.518516067281343140e+00
2.390223514561744533e+00
2.605355051893551988e+00
2.129231249109841517e+00
2.745305722776514301e+00
2.811944280401166729e+00
2.215590641448085041e+00
2.639858426106264311e+00
2.907725393563068916e+00
2.599077470767102938e+00
2.576027086775830366e+00
1.745104579827025049e+00
2.849393802541117626e+00
2.312988356120745603e+00
2.508101707341881870e+00
2.885913490448548835e+00
2.767783764864241824e+00
2.527788487079383639e+00
2.523515043501546096e+00
1.763106945385974234e+00
2.310315644625990039e+00
2.349709996916840016e+00
2.707764230250472082e+00
2.262552479209087863e+00
2.725976678147765675e+00
2.463859723090438436e+00
2.506349555036246901e+00
2.093650625861112502e+00
2.643920201960018979e+00
2.117208922324005371e+00
2.341932192701623894e+00
2.698121647275341317e+00
2.383650078459829569e+00
2.276096310340568696e+00
2.001104939366791235e+00
2.578674821591867339e+00
2.596806031764965716e+00
2.516876764217283569e+00
2.589945569765398581e+00
2.757588519433317398e+00
2.203778006111925425e+00
2.589686616724025559e+00
2.446961254155440635e+00
2.548074318517786985e+00
2.682423164134123628e+00
2.523753720063662165e+00
2.657011791427612568e+00
2.867231031705318678e+00
2.761414709310080262e+00
2.142177378498383522e+00
2.376339383622829704e+00
2.292759846464139439e+00
2.558743281305596362e+00
2.177238219460513768e+00
2.099560127491832517e+00
2.283658822181511283e+00
2.797366343944681422e+00
2.055374473668614144e+00
2.049181623735279345e+00
2.625042577920339237e+00
2.740857397872370704e+00
2.504524415103165147e+00
2.362854492811537810e+00
2.698455992782418988e+00
2.279409437769293056e+00
2.099151035873345172e+00
2.595992851193509310e+00
2.292781583003460799e+00
2.753098022847552784e+00
2.654868172513030977e+00
2.716197043287968516e+00
2.711627876002038917e+00
2.897253740094337449e+00
2.540993952271853207e+00
2.367181115765718324e+00
2.604614373980044917e+00
2.783242761239808516e+00
2.725813488836831056e+00
2.826081832551673667e+00
2.814923751005056651e+00
2.672460936157388112e+00
2.481812630306508005e+00
2.872421474780080253e+00
2.530988961268727522e+00
2.635290871318930694e+00
2.759147209699515102e+00
2.723128849047304900e+00
2.492109952005017615e+00
2.855343860958207358e+00
2.182841556909023151e+00
2.840150468110046234e+00
2.810176234480854518e+00
2.493091033903338527e+00
2.028746327190672716e+00
2.650452744826323315e+00
2.843792910789563422e+00
2.694579572260211719e+00
2.425759603157604083e+00
2.901428559855582012e+00
2.313847528296513190e+00
2.355094641995998384e+00
2.665380714948776042e+00
2.679309620059543207e+00
2.293551743440385149e+00
2.530647349086257769e+00
2.496880472524126038e+00
2.087489092580338657e+00
1.989813522446502114e+00
2.738057170418954467e+00
2.513848944902400628e+00
2.215350031485151749e+00
1.916536509197369176e+00
2.302335724199885192e+00
2.401339717529407558e+00
2.708645463110157969e+00
2.497438242522527663e+00
2.715584995347175123e+00
2.050970295273582877e+00
2.601688486257994093e+00
2.727474313970439823e+00
2.169170208932536870e+00
2.808201610732399711e+00
2.744947401092164618e+00
2.306693122473987945e+00
2.596848341452687059e+00
2.480228194902365235e+00
2.460526716970789618e+00
2.716223700916852390e+00
2.152999874782400180e+00
2.703450249078040102e+00
2.877109017593475926e+00
2.088704390262186017e+00
2.677681661943324354e+00
2.576197987137287537e+00
2.236072934001105850e+00
2.713040234356045133e+00
2.222154548091556769e+00
2.129477247612535429e+00
2.279134570510962909e+00
2.478194478010147694e+00
2.562461900062365849e+00
2.622893194583034049e+00
2.398290786888755743e+00
2.228482857393048633e+00
2.370036211637399415e+00
2.549259756049577330e+00
2.700722677920535997e+00
2.424172620363191033e+00
2.455880280874251476e+00
2.602573479713141680e+00
2.389244644226835579e+00
1.769675213998072039e+00
2.534308397454869244e+00
2.739569691234023718e+00
2.692681572246676591e+00
2.395799299131740501e+00
2.619931042681256983e+00
2.350231639746607648e+00
2.346665539325262451e+00
2.355949496590429071e+00
2.644205271407170876e+00
2.817811548199935512e+00
2.797438926335082954e+00
2.567882640842897857e+00
2.225507452691704025e+00
2.391588857562972237e+00
2.672324443329741062e+00
2.208192779970192809e+00
2.338459012588584685e+00
2.417635612954531776e+00
2.420751824482270553e+00
2.584087130356301554e+00
2.650054611877427302e+00
2.400489582028453750e+00
2.397321821787158136e+00
2.092123407338300822e+00
2.851343346889168018e+00
2.235013375367561839e+00
2.497988476038384142e+00
2.594328399785967854e+00
2.124471099364900972e+00
2.075249267436676703e+00
2.668218653957837638e+00
2.499138799089995810e+00
2.424069912220236045e+00
2.038254874394344718e+00
2.683016093505354860e+00
2.511916345752828406e+00
2.336289310347757553e+00
2.681499111361903331e+00
2.347698427235204832e+00
2.483961724549899941e+00
2.123226768227691519e+00
2.628996901142954368e+00
2.362491395380278636e+00
2.303801137687027989e+00
2.243493757961892765e+00
3.002241070919475785e+00
2.498454518593031359e+00
2.326938382682987250e+00
2.785762910952036986e+00
2.562618742664661831e+00
2.888955214956129058e+00
2.184606528538860282e+00
2.305411814528857573e+00
2.707528348072258062e+00
2.534550951403586438e+00
2.770677513003916737e+00
2.438043740351624855e+00
2.531942623045753571e+00
2.694852819957281653e+00
2.492030752529262205e+00
2.888645139728430955e+00
2.114316743115880914e+00
2.055052323592628127e+00
2.773829757901915105e+00
2.550336651771226482e+00
2.505706958494560599e+00
2.748239160320702812e+00
2.718897175603844918e+00
2.542745298665786358e+00
2.418394079734135005e+00
2.574916197862299416e+00
2.359539807202425621e+00
2.255197603729994782e+00
2.636944157326355231e+00
2.444183470045065754e+00
2.779358694975988975e+00
2.398824642247705974e+00
2.150239515207717389e+00
2.475201200774883148e+00
2.602310319886376178e+00
2.445056652051408097e+00
2.880450613315781450e+00
2.541463077198935494e+00
2.357095008496519206e+00
2.260897067575556196e+00
2.899934140417924855e+00
3.056259512418990631e+00
1.909963491710691796e+00
2.565599599097109440e+00
2.336996578153584636e+00
2.169329874691088733e+00
2.563244259711087825e+00
2.759035477954512761e+00
2.611225384745644806e+00
2.577377569598739981e+00
2.401972110315701237e+00
2.322229437860033219e+00
2.287258066736928885e+00
3.025808232248732743e+00
2.584645313713686221e+00
2.178840182110076906e+00
2.688952339117970158e+00
2.747073650549523016e+00
1.980836745257537945e+00
2.468138269449304367e+00
2.635842232477354496e+00
2.567930671156577027e+00
2.993922315538960710e+00
2.830674895496859467e+00
2.491091432479073386e+00
2.298746886963574987e+00
2.161018058518691554e+00
2.360575069132480941e+00
1.814256927200740499e+00
2.632767181187558592e+00
2.841199231370370892e+00
2.737734766224449778e+00
2.491860823908496059e+00
2.840415220857864131e+00
2.436644633755614020e+00
2.434735408893982100e+00
2.515982239421076905e+00
2.437304108866401808e+00
2.597707029083884844e+00
2.716568934570041005e+00
2.809306631659161280e+00
2.300899305127393824e+00
1.736891409615809900e+00
2.373332363258781719e+00
1.916531751505865300e+00
2.516427469177742182e+00
2.669754385260716401e+00
2.646509924213678477e+00
2.584640371813940796e+00
2.883932138092272002e+00
2.348729150666604149e+00
2.509350661139328142e+00
2.686393528615371284e+00
2.897657494984913651e+00
2.581562811302370974e+00
2.384979637342582670e+00
2.835241743482184607e+00
2.570224783714759376e+00
2.756217732665898534e+00
2.734090848612058089e+00
2.640147473151778001e+00
2.324538354146402863e+00
2.290998017748544058e+00
2.801012768846095291e+00
2.444193348340375493e+00
2.480152924856388719e+00
2.808046984366095344e+00
2.824498698505242267e+00
2.311392594167758219e+00
2.951561919556180413e+00
2.568058911858107862e+00
2.599654681699461012e+00
2.030653968783725283e+00
2.230116671542509810e+00
2.592645129622435096e+00
2.462709381435089107e+00
2.440765418861570168e+00
2.527886363748737431e+00
2.696286549991433912e+00
2.562613459131383831e+00
2.068735238691286060e+00
2.053744346420514510e+00
2.320991578570793745e+00
2.338035302863381570e+00
2.527620583050589342e+00
2.232020909047500723e+00
2.275468014426855312e+00
2.825917711077280625e+00
2.365667777430933594e+00
1.965295112558998358e+00
2.444948395823572262e+00
2.385459350246331489e+00
2.572224346801392336e+00
2.494319961494364524e+00
2.723507794444018248e+00
1.903215407232972556e+00
2.140047040070834239e+00
2.584124704651375115e+00
2.623880762570162783e+00
2.607961719085132302e+00
2.397176124509693196e+00
2.384609812247822536e+00
2.841480688693557521e+00
2.765344985236648956e+00
2.744257231874259517e+00
2.764334849137778605e+00
2.151674759636678758e+00
1.992000687453600483e+00
2.173310098142014368e+00
2.377833252358097837e+00
2.845931183452395707e+00
2.328099012837449244e+00
2.624291620113948120e+00
2.579501254210134764e+00
2.617069521541807831e+00
2.233074136758304906e+00
2.286417928410881650e+00
2.471035182989028911e+00
2.912381022676231002e+00
2.711451516415258833e+00
2.478326523828036532e+00
2.254152987890976512e+00
2.355661875789573756e+00
2.456508957223204614e+00
2.362023887159938607e+00
2.630935829641952939e+00
3.004465277981253735e+00
2.687564397738522182e+00
2.591499840199910754e+00
2.791404505305338901e+00
2.427690318213501453e+00
2.557307711857237820e+00
2.259397645460037740e+00
2.603306838937295531e+00
2.589793822969725046e+00
2.046055456807486461e+00
2.849806643706520592e+00
2.726581018865408268e+00
2.612847458195479700e+00
2.921688099498820801e+00
2.743966683813196195e+00
2.898446043749267620e+00
2.546070615675151139e+00
2.275166179531071364e+00
2.074939438520380541e+00
2.702810629898437789e+00
2.560312562843590101e+00
2.868308451347917121e+00
2.379399546661782772e+00
2.895006742454841575e+00
2.253437819094466832e+00
2.740258922447535994e+00
2.430448485601155006e+00
2.323578477159864430e+00
2.673665917230712452e+00
2.396185275471978571e+00
2.459978429800743438e+00
2.069007263469701208e+00
2.393000340948125526e+00
2.182357391416582360e+00
2.763740749158459131e+00
2.998643379107969409e+00
2.697830681097617589e+00
2.032481824698905370e+00
2.371160604520117676e+00
2.305228437317008883e+00
2.583209253639952685e+00
2.310454708273979474e+00
2.576056273342494762e+00
2.543770214121192641e+00
2.313105590708710579e+00
2.414345911473779083e+00
2.660863771950629175e+00
2.821717377025383389e+00
2.354970638736443522e+00
2.790803261241872502e+00
2.555928157344897755e+00
2.379393546030343920e+00
2.632808920063298253e+00
2.531512249834727335e+00
2.149396366434872974e+00
2.518733095157360324e+00
2.705918569119336592e+00
2.710870303227010947e+00
2.581371816411619058e+00
2.205446723195475300e+00
2.817766475247613478e+00
2.150466257139467707e+00
2.570857005590981625e+00
2.400021936788176546e+00
2.691482638102564717e+00
2.535291886044520382e+00
2.421128625730117889e+00
2.578001196651929394e+00
2.717264397590951841e+00
2.519590446821898144e+00
2.327032271344453118e+00
2.694133037820681587e+00
2.374820534093552205e+00
2.443945935983922180e+00
2.603608098861236453e+00
2.551878780833781946e+00
2.749621538343674843e+00
2.306092452217987976e+00
2.604877895399813070e+00
2.597996225559048078e+00
2.192592291312521535e+00
2.194225889841376897e+00
2.508436833183774972e+00
2.518787455665080000e+00
2.642938507970712170e+00
2.284982906931301905e+00
2.392084383001782832e+00
2.298855157897544910e+00
2.598422310908760746e+00
2.620655449908349421e+00
2.828555617569212366e+00
2.734735250154802344e+00
1.992087000949491093e+00
2.430804812399289805e+00
2.940471191620249503e+00
2.596113964558896203e+00
2.411667511555211085e+00
2.436146822900832731e+00
2.222919267828118439e+00
2.029074980264811146e+00
2.949899975986150835e+00
2.402050832432823579e+00
2.681508396207689771e+00
2.705121254907455253e+00
2.028814472729968177e+00
2.555506292113128630e+00
2.730649341119477214e+00
2.641710947785928187e+00
2.152966967438294521e+00
2.192099873813429411e+00
2.585710569658365099e+00
2.591548423521518263e+00
2.233081735535399126e+00
2.878830313942755126e+00
2.444121264112086411e+00
2.815445751438260924e+00
2.413472487710190517e+00
2.958394292664074054e+00
2.371756009441362334e+00
2.118286566249906855e+00
2.929903541750114915e+00
2.777183226232030400e+00
2.210106031542077076e+00
2.392246535143053521e+00
2.557755369635684506e+00
2.577044990694485449e+00
2.290981789631052479e+00
2.302556994936344914e+00
2.562493574739013180e+00
2.375028960663086330e+00
2.493271406398954948e+00
2.525690852067365988e+00
1.867027862028415530e+00
2.649336741340978296e+00
2.968546014719434023e+00
2.434041292792132438e+00
2.159735719424915157e+00
2.642430267958090884e+00
2.589521522577459933e+00
2.598269755752452781e+00
2.387448354244693149e+00
2.639374046342389590e+00
2.300146406249605757e+00
2.574058761448470012e+00
2.249195163233468797e+00
2.736158765681787841e+00
2.670754951070105854e+00
2.844585968348454230e+00
2.894390200710920347e+00
2.652767437414183416e+00
2.259579447573364153e+00
2.493986925017942280e+00
2.513153621434699669e+00
2.700637444853061009e+00
2.239060832880354734e+00
2.208864510221700606e+00
2.570868103588388465e+00
2.540087218861214247e+00
2.002786526352967833e+00
2.638932967640042815e+00
2.377181361149270256e+00
2.415203187664070050e+00
2.093412990274260643e+00
2.148201643394387794e+00
2.960218128855007791e+00
2.016702026802538406e+00
2.448715279115745602e+00
2.664648170216919798e+00
2.432933342809270538e+00
2.333650123617814209e+00
2.600832453899089458e+00
2.378135571997405329e+00
2.435445393371423073e+00
2.274484980908549225e+00
2.754594172716712031e+00
2.174413258448524733e+00
2.588337536897147739e+00
2.407290973951266455e+00
2.783621146260762735e+00
2.716923584770697175e+00
2.495028131888580969e+00
2.461932264131533987e+00
2.705837915033903585e+00
2.615258829696266218e+00
2.916211343088213948e+00
2.506769842769187573e+00
2.431449339970982226e+00
2.120648690528639690e+00
2.422444131968674697e+00
2.420019380617094207e+00
2.713569624057359242e+00
2.232978637923220155e+00
2.404467258804720675e+00
2.243080473971188926e+00
2.143714174276508011e+00
2.424326322222367658e+00
2.525562594794626747e+00
2.415017987307546132e+00
2.410522142843877447e+00
2.690417544980565623e+00
2.659760898542848473e+00
1.911122973356621069e+00
2.853057059227846803e+00
2.141364916726427481e+00
1.958741197495428521e+00
2.396899566648595048e+00
2.422726498603510414e+00
2.507218595459506094e+00
2.052720633763169822e+00
2.635174524130731388e+00
2.236138692234716618e+00
2.342756655022566470e+00
2.558236331506440031e+00
2.899725241480494820e+00
2.709966331657345684e+00
2.472818341939550635e+00
2.334546651358113678e+00
2.036765313473054562e+00
2.711029202542616368e+00
2.422827425088158293e+00
2.415350027789852305e+00
2.727108256050850166e+00
2.863490563999649741e+00
1.996551440728619564e+00
2.135986510645907277e+00
2.006318678073625961e+00
2.200297282920406161e+00
2.785529206904525434e+00
2.461424249441502621e+00
2.058789450285135381e+00
2.784469273901016173e+00
2.082662197038734675e+00
2.207637847536879860e+00
2.545648382448201907e+00
2.372514575789212099e+00
2.749566515056381277e+00
2.539733724669980042e+00
2.538685102035209695e+00
2.599788858315682294e+00
2.763022439700293820e+00
2.491510562388406402e+00
3.070076906138316186e+00
2.154776182403427942e+00
2.730268538670426626e+00
2.215617645065352637e+00
2.713214503459627114e+00
2.118030547307650391e+00
2.034808434419997702e+00
2.618677338849774827e+00
2.687404514083633345e+00
2.858190594782962890e+00
2.619857417385477394e+00
2.979364071814821990e+00
2.726422598099298877e+00
2.572260025609759637e+00
2.327304608506313599e+00
2.539460799743383568e+00
2.409588415532620154e+00
2.107995842483103566e+00
2.394231400841718482e+00
2.436047806280021266e+00
2.855438436388219259e+00
2.531599697771606206e+00
2.286024357127808937e+00
2.128148622488239550e+00
2.573844190255498710e+00
2.384591775308490647e+00
2.537784280282970872e+00
2.622668935809098656e+00
2.473514585436845437e+00
2.872249866853576528e+00
2.655921904974656300e+00
2.573389865715771219e+00
2.401014470519662325e+00
2.650695938531989704e+00
2.332402235160482729e+00
2.374871232915998664e+00
2.697317349994256208e+00
2.976131458096656246e+00
1.871280002825974398e+00
2.715729051963930551e+00
2.867676108276709268e+00
2.513403961807881171e+00
2.374946117232838994e+00
2.514065576727237517e+00
2.436409860480812206e+00
2.775742633820097005e+00
2.468731158946758431e+00
2.211755651041802384e+00
2.729004046131459749e+00
2.281813070871543392e+00
2.619220734112044369e+00
2.805889290817109138e+00
2.390858279048241553e+00
2.465238760883757596e+00
2.608522887784444855e+00
2.384773829304319470e+00
2.570648935992478457e+00
2.816696781882957357e+00
2.710387794764763658e+00
2.446380834341034927e+00
2.141189156636054136e+00
2.406648630179627713e+00
2.483398854349366580e+00
2.670458080341711060e+00
2.444202254330958279e+00
2.010825937111253570e+00
2.421708245270601356e+00
2.649681487409906389e+00
2.453284991716242924e+00
2.729602376582251466e+00
2.241023178851962339e+00
3.068335651160656319e+00
2.093936157804257014e+00
2.525483803859837728e+00
2.526453587579888360e+00
2.146160807195302223e+00
1.891571198278068300e+00
2.503948529745716467e+00
2.013464278768680948e+00
2.815391974796322749e+00
2.481897670902287079e+00
2.315683335318456049e+00
2.894385574759503310e+00
2.654896962593535914e+00
2.098282888261330470e+00
2.485385729005932021e+00
2.672118464918883163e+00
2.577975386957460202e+00
2.433948075497859076e+00
2.228098845100265901e+00
2.584217000579059231e+00
2.283043332086948762e+00
2.916232454798570739e+00
1.934498928853300326e+00
2.643757552217110174e+00
2.756828531582606878e+00
2.403192776823020793e+00
2.624127877384535346e+00
2.623750166960099772e+00
2.433082519953218448e+00
2.443192160367599897e+00
2.371245278486295405e+00
2.431892233312840101e+00
2.744885938448324847e+00
2.328520665489696384e+00
2.431417462601012325e+00
2.243649134651474419e+00
2.764198105956579443e+00
2.615643374038187030e+00
2.731404729345170423e+00
2.327917485980402823e+00
2.114105820350763221e+00
2.382096375386386633e+00
2.905825241135465919e+00
2.752157374488914066e+00
2.707192918168408013e+00
2.759343141757217843e+00
2.789621445148741330e+00
2.647286278795263126e+00
2.568483962417134503e+00
2.567955704147637963e+00
2.625898301672734636e+00
2.653219038879350400e+00
2.779677680840091814e+00
2.672238535243187219e+00
2.252164709602157533e+00
2.670189691906065477e+00
2.202982973428145641e+00
2.511471026897830416e+00
2.547303802715418453e+00
2.742892545683133676e+00
2.773232432950423210e+00
2.569640257149420570e+00
2.879446175450838474e+00
2.573056448813394681e+00
2.321295725211253380e+00
2.388422036680267535e+00
2.844029910150773777e+00
2.471885826187599111e+00
2.240816703763185203e+00
2.790039650905935531e+00
2.530678681422743104e+00
2.740481105907272674e+00
2.184159016909518858e+00
1.958685829530629308e+00
2.266981345799898850e+00
2.206002760471811541e+00
2.605186246866583843e+00
1.909179789362180024e+00
2.560535581155640728e+00
2.700278875230464948e+00
2.533112835660873863e+00
2.948454880497499708e+00
2.450360762232604017e+00
2.258017334311296143e+00
2.565722184428803843e+00
2.582967713553935951e+00
2.715484630947212707e+00
2.139850669736944599e+00
2.730522028972653281e+00
2.845520732869884384e+00
2.460088299404486811e+00
2.519166508908158519e+00
2.675146486853732242e+00
2.418528186939337132e+00
2.557569646121959028e+00
2.559396545819561108e+00
2.696194038037575957e+00
2.049415196176784804e+00
2.640462495867570425e+00
1.915256379712856338e+00
2.320188044044977360e+00
2.416775564348918159e+00
2.448132083461765696e+00
2.537419038880273536e+00
2.462645478142531097e+00
2.702353921031511064e+00
2.470427252046811351e+00
2.340207641567204178e+00
2.670151757604871445e+00
2.914658674626377177e+00
2.388537843112558789e+00
2.642304931625615083e+00
2.331989458197216258e+00
2.853074230153503699e+00
2.349123938275888168e+00
2.281767611480853386e+00
2.905153605152195784e+00
2.724895986959572802e+00
2.691233577094088503e+00
2.482454000537804184e+00
2.647639499739788960e+00
1.995175105393351300e+00
2.770444965163212370e+00
2.559271546436680644e+00
2.547162840668897310e+00
2.606643582240987023e+00
2.725028342859243669e+00
2.830345126003391609e+00
2.330553524988056235e+00
2.210344587710422637e+00
2.617862484361828557e+00
2.918079101385702590e+00
2.548501111578926448e+00
2.630929795188935216e+00
2.813841322081078733e+00
2.407852544266854800e+00
2.705843157581169223e+00
2.479395914614680230e+00
2.083896944187146882e+00
2.286285986533867831e+00
2.034895487711731121e+00
2.539965937868019275e+00
2.171700741270378821e+00
2.655810501933386192e+00
2.271884825609332026e+00
2.623111005036837362e+00
2.228172576802698757e+00
2.431987065307635199e+00
2.662285517182768402e+00
2.622647411154602537e+00
2.801056048834893897e+00
2.798224582554945439e+00
2.740899415489824520e+00
2.562513960161849624e+00
2.741818583690802669e+00
2.189817810753681648e+00
2.574413622491542597e+00
2.440637132810570264e+00
2.323187267756580798e+00
2.208463523149927887e+00
2.460449425815173008e+00
1.927140552208444824e+00
2.584497241196999084e+00
2.517108523091504235e+00
2.307737726664642164e+00
2.779417933313347522e+00
2.021183330449028759e+00
2.568016391457610403e+00
2.860138040725118458e+00
2.734346448298462295e+00
2.208610767383987650e+00
2.582107620137118253e+00
2.138447298875553848e+00
1.928171703590440877e+00
2.614771997592286734e+00
2.112777604292790379e+00
2.893967710106986502e+00
2.648278636327380031e+00
2.380082827288839020e+00
2.137190782685877366e+00
2.364786214305747425e+00
2.192875126048708267e+00
2.239774419132527061e+00
1.932641611850864249e+00
2.734409049747831943e+00
2.254087762705784037e+00
2.681693808594870276e+00
2.296278410915821411e+00
2.958379890570836501e+00
2.438593127406628813e+00
2.140988309369438625e+00
2.251017432388893180e+00
2.405394006934697515e+00
2.735130274884783663e+00
2.838499982409449451e+00
2.638642469036914129e+00
2.243942950048284146e+00
1.912374795998664778e+00
2.339448304152677238e+00
2.728384059723721666e+00
2.589024833270741510e+00
2.228106056825173376e+00
2.807784632642814415e+00
2.293162620380963634e+00
3.026503759371192537e+00
2.374844696700721070e+00
2.162443780098791457e+00
2.275698141077293180e+00
2.538850293812212833e+00
2.633887417653206331e+00
2.953045159168228739e+00
2.531499716004073974e+00
2.472959659007357480e+00
2.403182093406116770e+00
2.601042155470459694e+00
2.540116155608566295e+00
2.546344497237729598e+00
2.307484683365327527e+00
2.174682867059110070e+00
2.240157846688398013e+00
2.664486998728159417e+00
2.678482087768752518e+00
2.340025639803110735e+00
2.645251593421071412e+00
2.673893422697301681e+00
2.344457610722321395e+00
2.261005510842335919e+00
2.501614110278928660e+00
2.679445279563001492e+00
2.278009509845859704e+00
2.705165240134011828e+00
2.406056565861394159e+00
2.408876496020545765e+00
1.880781349741003083e+00
2.874269695492637666e+00
2.489462118145959302e+00
2.728118752549737458e+00
2.449554859994738099e+00
2.495386753257549550e+00
2.832232378140997930e+00
2.430417065545646516e+00
2.036263391150223256e+00
2.754277319858874584e+00
2.393676836758429793e+00
2.181875815262838358e+00
2.842198098251911720e+00
2.550009496012911825e+00
2.261613090192496234e+00
2.302361180715530420e+00
2.502869175006692259e+00
2.232320271391966315e+00
2.669929956209539768e+00
2.076495506627057175e+00
2.324136488266605571e+00
2.819257181239199106e+00
2.569751635175156590e+00
2.783124017644451165e+00
2.601322715371955141e+00
2.691034527221406236e+00
2.381792282329236787e+00
2.580552157465994867e+00
2.669947542421402531e+00
2.729759708393033169e+00
2.522456930189971747e+00
2.164237332761313581e+00
2.560158708470375188e+00
2.591793329513563116e+00
2.855165606614567864e+00
2.506533239357331855e+00
2.595377851559251603e+00
2.695963338949216581e+00
2.499072100419583720e+00
2.550649768634126957e+00
2.373658692316382712e+00
2.892688419474207961e+00
2.632459761872843806e+00
2.122843689357776231e+00
2.364719618155481484e+00
2.492137436773927739e+00
2.641337802643429544e+00
2.305703648916799686e+00
2.399433677299610768e+00
2.732425602291602473e+00
2.557628118538688433e+00
2.834094276261065026e+00
2.888465531561596134e+00
2.559087166205172625e+00
2.391516897489995408e+00
2.444425040866974541e+00
2.429769911135092109e+00
2.555878231728134775e+00
2.274486711797278016e+00
2.432910675314002624e+00
2.754801383475633969e+00
2.176534386798935738e+00
2.515674707906540242e+00
2.419742754534975671e+00
2.467470232001034436e+00
2.710955525151677925e+00
2.610401997696935261e+00
2.450776753542747599e+00
2.633597710072268505e+00
2.667066838629926551e+00
2.414564975979196060e+00
2.408771371597952182e+00
2.762488871099655796e+00
2.676879809598121884e+00
2.696573492091046909e+00
2.767202138146594770e+00
2.472967793917322243e+00
2.308357975697729714e+00
2.133452558967002588e+00
2.397233029869842102e+00
2.499098897430301669e+00
2.518922712223741200e+00
2.441104779913431777e+00
2.274248562336962376e+00
2.290491675061417709e+00
2.485948166834449857e+00
2.257772748328325640e+00
2.474865812563936007e+00
2.816661849448005572e+00
2.617968450639620581e+00
2.541875986690252276e+00
2.399307719768375424e+00
2.884125136609459794e+00
2.530576662939735488e+00
2.251609993811286348e+00
2.498630790106258104e+00
2.570689011884262243e+00
2.508430722012102265e+00
2.997128144937648564e+00
2.627263784743767872e+00
2.068854120820170284e+00
2.697907898622366574e+00
2.111723045223679041e+00
3.040548200788454114e+00
1.990492840527325002e+00
2.487666020148568968e+00
2.087043458703218501e+00
2.373126496652556483e+00
2.258914166135507884e+00
2.510917348665635540e+00
2.348402762720582793e+00
1.955316024272785169e+00
2.532898255078860128e+00
2.604207386729819884e+00
3.025618024159777875e+00
2.649967294151120090e+00
2.544190454269587232e+00
2.587907734935993354e+00
2.688100848193789361e+00
2.834584076537374653e+00
2.541267444120032692e+00
2.337166891234502053e+00
2.343889778497909582e+00
2.112208458538864519e+00
2.283683628154041134e+00
2.872653400744590968e+00
2.063157156208779153e+00
2.528865336342572157e+00
2.470987201052586180e+00
2.466362181960752409e+00
2.135588404135405405e+00
2.397420655209998586e+00
2.565689169095671573e+00
2.332211149877232437e+00
2.965906149236280598e+00
2.753117736066069909e+00
2.565030360029965983e+00
2.022707217413508562e+00
2.727397482487783353e+00
2.311440891830803146e+00
2.524408769995384105e+00
2.589257410009477844e+00
2.871554640255803648e+00
2.659532887519702182e+00
2.122768006302743871e+00
1.897469630768364279e+00
2.761881780107782181e+00
2.731579098534278494e+00
2.503137174581834046e+00
2.482736864295076007e+00
2.723509119556727143e+00
2.561889857419029859e+00
2.067129625052990249e+00
2.562494396454941370e+00
2.317172969897651313e+00
2.992852100179230757e+00
2.678069073362324914e+00
2.045378762647362514e+00
2.800525077548926767e+00
2.468696268815977923e+00
2.561730327078779457e+00
2.233132124861074264e+00
2.901393469213402909e+00
2.726003328784378343e+00
2.444044497704189745e+00
2.615253214446204399e+00
2.646822375457340115e+00
2.788028144960510879e+00
2.688600149105888626e+00
2.412033228250202388e+00
2.825156809450974471e+00
2.404702013505035652e+00
2.894980331508035576e+00
2.805611104044746895e+00
2.930623250307810679e+00
2.714328794441386528e+00
2.363554560147970385e+00
2.510854836994196759e+00
2.768009467279812341e+00
2.251218085241359468e+00
2.858557423803143482e+00
2.356051420637357730e+00
2.097825568515577110e+00
2.157420468736275243e+00
2.757988598421154514e+00
2.915121200416997294e+00
2.178295711499134146e+00
2.430446984917796982e+00
2.349611566243031024e+00
2.642501488204671123e+00
2.718015266810557495e+00
2.541473024504170564e+00
2.195655902881928245e+00
2.793414625839082177e+00
2.515169941744100690e+00
2.594885365455734672e+00
2.052045458296956504e+00
2.696471506703019383e+00
2.616915146832192729e+00
2.555462938602498291e+00
2.256265911131925428e+00
2.662438961636411250e+00
2.571588881881548438e+00
2.635813764332095133e+00
2.473560351180380312e+00
2.611131299950481210e+00
2.465464465892653223e+00
2.481606721601584464e+00
2.437139273194930844e+00
2.447085231654885895e+00
2.634002637408681124e+00
2.736023562000273746e+00
2.175075628409035566e+00
2.577897067955599919e+00
2.569732405791900653e+00
2.516324507459225757e+00
2.789827125780397488e+00
2.933859996035713902e+00
2.850976341301928230e+00
2.623159523028177453e+00
2.009026612731289685e+00
2.444524786778368153e+00
2.583448305651357302e+00
2.606643628504397903e+00
2.585812595983580930e+00
2.172857955181463741e+00
2.729583363691928000e+00
2.516906102202510542e+00
2.689033310200338533e+00
2.305181826672924927e+00
2.166876861700215873e+00
2.269694804274862143e+00
2.372029955426380177e+00
2.286191993020115998e+00
2.385432667301305543e+00
2.376475422805543580e+00
2.917237690827517049e+00
2.467527035083458387e+00
2.399368706801801476e+00
2.578790996859498641e+00
2.648556327361625051e+00
2.089207889080208602e+00
2.521764534170583438e+00
2.337118594762650492e+00
2.963483058725755459e+00
2.190781069071516374e+00
2.540856026010390956e+00
2.548017806494212945e+00
2.723462514190690520e+00
2.699051848695714462e+00
2.186868177815804337e+00
2.093591497157695436e+00
2.893570975140231205e+00
2.088951998677229138e+00
2.340740184056898432e+00
2.308957594465973262e+00
2.617925003697826547e+00
2.175032580925697623e+00
2.456762161006901479e+00
2.078335986600891694e+00
2.767214403520362964e+00
1.863008364261292238e+00
2.937758624063579127e+00
2.640288338164786364e+00
2.771258128332253712e+00
2.080077104489800099e+00
2.571672562294694320e+00
2.487543245284977722e+00
2.661056676114170294e+00
2.651064961368651218e+00
2.719355100948773085e+00
2.325430694083354233e+00
2.602148073729583899e+00
2.372367624784718299e+00
2.585748275472851354e+00
2.473479795498994438e+00
2.542563680887661715e+00
2.700267460120399754e+00
2.219478284551123171e+00
1.930160622889761646e+00
2.636306056852441682e+00
2.413202362410241442e+00
2.480927018161410924e+00
2.628793728854616596e+00
2.213949771050377269e+00
2.276556910396894118e+00
2.597500684736836263e+00
2.645038779936058404e+00
2.519942331188586238e+00
2.667873205552470761e+00
2.615812280872610085e+00
2.536454978097593571e+00
2.465979317109831648e+00
1.995464456015626720e+00
2.380090308690537171e+00
2.943312677604140060e+00
2.503242688063918031e+00
2.756398210132753768e+00
2.669688387520108730e+00
2.923892948712609741e+00
2.317131837728358956e+00
2.933929884008436684e+00
2.283161404733292432e+00
2.568950036402165793e+00
2.244476098511392959e+00
2.806281970471108167e+00
2.375625952342927505e+00
2.564256165053544034e+00
2.586376128070855707e+00
2.757375071344272843e+00
2.493871208684096619e+00
2.502776044124141563e+00
2.392100798017630758e+00
2.275129484251522616e+00
2.609875259493695587e+00
2.743856225551521089e+00
2.095302019725983733e+00
2.661657384085447386e+00
2.123583250287424562e+00
2.349090790090158087e+00
2.942923311060170910e+00
2.663112257583235554e+00
2.439843224962517265e+00
2.465446886360894041e+00
2.799126778194082732e+00
2.402126999961994525e+00
2.461525154557986372e+00
1.971479075853071583e+00
2.403883430550978417e+00
2.433870509217813893e+00
2.975135254352439862e+00
2.198975318734480044e+00
2.155215395189598038e+00
2.225198709158602739e+00
2.894374375837679203e+00
1.781422436762133410e+00
1.988998831474150908e+00
2.367329823122091614e+00
2.610492047774658708e+00
2.546272412968173526e+00
2.754097698946712303e+00
2.661992437260496391e+00
2.384397252081332130e+00
2.131558340331713097e+00
2.607171205211762377e+00
2.607377998879198522e+00
2.273142164269724930e+00
2.984052665190527254e+00
2.847808308235465713e+00
2.649352480713322855e+00
2.503080937321556121e+00
2.014519722022104720e+00
2.557798469190876833e+00
2.962461071959750392e+00
2.841793970028124505e+00
2.170599217237233702e+00
2.733395098026058179e+00
2.165507863946509737e+00
2.091557632576099834e+00
2.782676838698953770e+00
2.081462125008687991e+00
2.523720092876079235e+00
2.643952912470672434e+00
2.360927072255551540e+00
2.885822634918321583e+00
2.270185247828734099e+00
2.114733984917629428e+00
2.558465253563493302e+00
2.359067336336005738e+00
2.759932322106920299e+00
2.270139141719691001e+00
2.463053267679592651e+00
2.507688328632673880e+00
2.144080029572159596e+00
2.443824482560919886e+00
2.620911602805132468e+00
2.736568843982138066e+00
2.496351494035680130e+00
2.701420713566359488e+00
2.632440719726515166e+00
2.672416976672106870e+00
2.581038890907984662e+00
2.460417479311739708e+00
2.593665403856846297e+00
2.271269474537414901e+00
2.259642582822026124e+00
2.358916303968721095e+00
2.224561518123038706e+00
2.031121366955286778e+00
2.612708043198625152e+00
2.696741909618845412e+00
2.739806963639099369e+00
2.735400554860820677e+00
2.721782348715302113e+00
2.688801307065146418e+00
2.635513463098836162e+00
2.056483527356843588e+00
2.424231162329671729e+00
2.449626443459715475e+00
2.401445395924206139e+00
1.961971629361457525e+00
2.118462576282065690e+00
2.244897166031212699e+00
2.409949635621376096e+00
2.203884539534599618e+00
2.278626076506050424e+00
2.017804184326202233e+00
2.425026122727925504e+00
2.476786098534994096e+00
2.520018671658377674e+00
2.596849485096485388e+00
2.170881651426695758e+00
2.832670412270218208e+00
2.218429491138467213e+00
2.207384394076074230e+00
1.876294646916758069e+00
1.986193364757526059e+00
2.173033186030081332e+00
2.547997921917773301e+00
2.472471723027680035e+00
2.590385799655079424e+00
1.824581516185063812e+00
2.492265494583708385e+00
2.817762046388918140e+00
2.221984434105887196e+00
2.398226549340515490e+00
2.582324194521079086e+00
2.532034766046192154e+00
2.616545109413598968e+00
2.705673273113919031e+00
2.675775441965503099e+00
2.596232670934358389e+00
2.615989678736322155e+00
2.475064304447169850e+00
2.278049703327499564e+00
1.953112641647928749e+00
2.764241987823537805e+00
2.412118373321844977e+00
2.485379679594216018e+00
2.088612881007825273e+00
2.191956106279644878e+00
2.521472908030781834e+00
2.579207324173844906e+00
2.420963607532948814e+00
2.224413421226954846e+00
2.854783418833962028e+00
2.978042003589509878e+00
2.338752683617571826e+00
2.584276022401771122e+00
2.604752592618126084e+00
2.282140442191582963e+00
3.075406957707728317e+00
2.540262543165146436e+00
2.754994969375228031e+00
2.391796045029471962e+00
2.648058306788096949e+00
2.912771494132392114e+00
2.889116237993439196e+00
2.467962050815907915e+00
2.106018793359136332e+00
2.481181649348131124e+00
2.193567474775115045e+00
2.816239235629248050e+00
2.530884688934447180e+00
2.225418151434539471e+00
2.007832649144668302e+00
2.449799159091417433e+00
2.340354601263443524e+00
2.783815964250595965e+00
2.513550454637254017e+00
2.502696577145170576e+00
2.825333054150737766e+00
2.493533734199611551e+00
2.634932099611630107e+00
2.546145110754101104e+00
2.881109909870160468e+00
2.817020768425357868e+00
2.249176913533783129e+00
2.649339892892711656e+00
2.447504299996826838e+00
2.281474248498961632e+00
2.703626366114902257e+00
2.485835771421959883e+00
2.273366930588755608e+00
2.524986840858483905e+00
2.596797480333357555e+00
2.728703751636770036e+00
2.821664090923124757e+00
2.578225091355396792e+00
2.322737416684778733e+00
2.684880478051541175e+00
1.990346394672867447e+00
2.833593790128407175e+00
2.560131441631276594e+00
1.729004431602319203e+00
2.305900645836451712e+00
2.609635774607424352e+00
2.391770880607744232e+00
2.349609565646778364e+00
2.545369860064230938e+00
2.416716584320595995e+00
2.277492654349338785e+00
2.606677146001777690e+00
2.512603490685272334e+00
2.435599643969206252e+00
2.396742083960371694e+00
2.586587014646721805e+00
2.368258864080780235e+00
1.909900190658398555e+00
2.642509005453403503e+00
2.795667526928109048e+00
2.482548604040295537e+00
2.223167623126948822e+00
2.765726073322403611e+00
2.337250551000817467e+00
2.229136581589313604e+00
2.524100533922972733e+00
2.371197658702686173e+00
2.429613046473040328e+00
2.648526747261532588e+00
2.401943560141815315e+00
2.747762125862083238e+00
2.359275157614038498e+00
2.505119896439412575e+00
2.461878309735175741e+00
2.698606125085600382e+00
2.747122848613388513e+00
2.423828255652576757e+00
2.240180819332127093e+00
2.602408346022984986e+00
2.067589203145144161e+00
2.629496522212539489e+00
2.879564652451326978e+00
2.240476509982556763e+00
2.474949950300050272e+00
2.586240621247410054e+00
2.477925023532443927e+00
2.689040272836819234e+00
2.276344258995925074e+00
2.414936017991199613e+00
2.690911820857154080e+00
2.317142308922022664e+00
2.683737348504113385e+00
2.569746164052417736e+00
2.554949341076393932e+00
2.636303159436878651e+00
2.367601954714483092e+00
2.590302339239702878e+00
2.265681473327298967e+00
2.597866757175591346e+00
2.478102771234516943e+00
2.953801156593609090e+00
2.270256113699321343e+00
2.718116563888960613e+00
2.865780862261829487e+00
2.457374987437126901e+00
2.659207491443209115e+00
2.858694162830171859e+00
2.449207152452846703e+00
2.275489089657150465e+00
2.449712179020577807e+00
2.705450294157181634e+00
2.642096778694184689e+00
2.415418246609231989e+00
2.220249125221617881e+00
2.731099305620598994e+00
2.641281128291979030e+00
1.973849175082183605e+00
2.617571292251069881e+00
2.683402994470820424e+00
2.773713601836893083e+00
2.294420350090969674e+00
2.253884961547621302e+00
2.472200572944631247e+00
2.628168351387516921e+00
2.335122239909805497e+00
3.001858291580328242e+00
2.812985209154663213e+00
2.969720565145010482e+00
2.862268306312305111e+00
1.894734430052997354e+00
1.930621272283132184e+00
2.491166200098915873e+00
2.439278944344613009e+00
2.374517143129871499e+00
2.561188582855324913e+00
2.535283945372947656e+00
2.693934055765485169e+00
2.538530815641068639e+00
2.977168528970046246e+00
2.324830258076366896e+00
2.532938844474618811e+00
2.399938022610285770e+00
2.561877093776429248e+00
2.465726599156043974e+00
2.272863602672460459e+00
2.860884210249655446e+00
2.363642621367922025e+00
2.795743583434957991e+00
2.823573051881079987e+00
2.638728247730804721e+00
2.311882993218481452e+00
2.278228704367053048e+00
2.493775388507319057e+00
2.192617326507200204e+00
2.668995013370620839e+00
2.518385812830362003e+00
2.647340277551326171e+00
2.649406010473843498e+00
2.652180551214715187e+00
2.068367205039787216e+00
2.829190164332306523e+00
2.918363149845909277e+00
2.166231920977729875e+00
2.124588292970363224e+00
2.153638595491283780e+00
2.362377510500875744e+00
2.971552587620962527e+00
2.469858687042022716e+00
2.367909564405572098e+00
2.699540704318891038e+00
2.469243630888458441e+00
2.704039670581770860e+00
2.137081767471709526e+00
2.294445859684284272e+00
2.684167990832984074e+00
2.465128422734927049e+00
2.670247160446675316e+00
2.510312498818311866e+00
2.876911834536971746e+00
2.515270657542747479e+00
2.503586326791856553e+00
2.175802867149043696e+00
2.409750159350819487e+00
2.805442124181213082e+00
2.563918438355911711e+00
2.811005011843814128e+00
2.699675010121204810e+00
1.968211242300785591e+00
2.681310998393009015e+00
2.366889575615994445e+00
1.931052354492335477e+00
2.164993937128088852e+00
2.217128941318570856e+00
2.128749737751603810e+00
2.742433524900527608e+00
2.237136982768866300e+00
2.375317744460566427e+00
2.343908493211348087e+00
2.412309131815305374e+00
2.773710983936462871e+00
2.507507351054270917e+00
2.596613142565177501e+00
2.305640570938699341e+00
2.674769667383412930e+00
2.495556379666189706e+00
2.560954077549567831e+00
2.307033321530902015e+00
2.546092040480834040e+00
2.509524983317693803e+00
2.790806815277323327e+00
2.400748561693699212e+00
2.880598087691832010e+00
2.782558287854820733e+00
2.591601358395912325e+00
2.338692748320845283e+00
2.518077265457608682e+00
2.395581755470966634e+00
2.957661489779443986e+00
2.312508737860460073e+00
2.158594315940984831e+00
2.356491266921568073e+00
2.578744326148907362e+00
2.492435748535926088e+00
2.652549607649212327e+00
2.774641863155375976e+00
2.567953413441083299e+00
2.345250425309410414e+00
2.444027897782202530e+00
2.585404906004364012e+00
2.880014666041706750e+00
2.279294667303291444e+00
2.212095325659869882e+00
2.596657924589101718e+00
2.394965960040733144e+00
2.612816908815029926e+00
2.158538549111651328e+00
2.525305538374647440e+00
2.597426582000323059e+00
2.220326984039114215e+00
2.228777922560825075e+00
2.361584760295559082e+00
2.146642644344129991e+00
2.557727147800942014e+00
2.281822865630872776e+00
2.832528573572990815e+00
2.384640684225845408e+00
2.379723484887252827e+00
2.848566718354824001e+00
2.643303973496966996e+00
2.245141750837827743e+00
2.467664418488919154e+00
2.341081883142033693e+00
2.436820243273295716e+00
2.689281810805588258e+00
2.453881460788019719e+00
2.854662200126607097e+00
2.609593822538224916e+00
2.717261273560243939e+00
2.573065872974135360e+00
2.209418894057107785e+00
2.782123306278080577e+00
2.275647201009009635e+00
2.442903936334682946e+00
2.481710358681157746e+00
2.523733014625861415e+00
2.037266986762722887e+00
2.364821267060485788e+00
2.773214263617605368e+00
2.727808170606345950e+00
2.782412791724998335e+00
2.405279816386501679e+00
2.859526638376586938e+00
2.740898589822003739e+00
2.443615097888114818e+00
2.239160986615570614e+00
2.422516219397210513e+00
2.820852825339469572e+00
2.835401194055082286e+00
2.619703006870127027e+00
2.439322001826731423e+00
2.736019676963800329e+00
2.554505850701988212e+00
2.479636205419824435e+00
2.667597392376703791e+00
2.686941253647479488e+00
2.471425285045410369e+00
2.608387549951673989e+00
2.468525123205898009e+00
2.657662221938374536e+00
2.510538515337250143e+00
2.572598572415814910e+00
2.594996527292575017e+00
2.785101473121771143e+00
2.239997774512388240e+00
2.585403521919551473e+00
2.775971090025265209e+00
2.360412864510080144e+00
2.901875255656635400e+00
2.404051316692905615e+00
2.640396458778352606e+00
2.060844321646400523e+00
2.861015406554298313e+00
2.663550517180633737e+00
2.342689377234694614e+00
2.814672001720304184e+00
2.234264815008560667e+00
2.594490313816821825e+00
2.202121843833610981e+00
2.734897272838685112e+00
2.777137933369981937e+00
2.782666024639893099e+00
2.316790988861469280e+00
2.331989940808201656e+00
2.458928207857066006e+00
2.521324404393683771e+00
2.788404263977450448e+00
2.283411203825298053e+00
2.320937498549788813e+00
2.964168842802192394e+00
2.567999247169566068e+00
2.477741535055661970e+00
2.753588543979903047e+00
2.652196082987127390e+00
2.493688057683377757e+00
2.396287311723987123e+00
2.649463689326648996e+00
3.006033377158952469e+00
2.300757643075191705e+00
2.286933959170212471e+00
2.639300737795630347e+00
2.535353991581494437e+00
2.594668317642084610e+00
2.838468896179021428e+00
2.908807318858082525e+00
3.110542329327919742e+00
1.701198483516003446e+00
2.591034606100823812e+00
2.279383914191236649e+00
2.316797671158675520e+00
2.690251155202080913e+00
2.310542922412186950e+00
2.615514636473154297e+00
2.052977569949919534e+00
2.313621338986937115e+00
2.661737664886780319e+00
2.610345955186512246e+00
2.774357210369555737e+00
2.616103483280997732e+00
2.095566506065034584e+00
2.195638485823796504e+00
2.611775898336216262e+00
2.524697766169482271e+00
2.560489054131505071e+00
2.556345856848262876e+00
2.797274516128327004e+00
1.923706931618858640e+00
2.438055984223479022e+00
2.067814338447284683e+00
2.916804759230583244e+00
2.679272153365241937e+00
2.681365601839805102e+00
2.836706851629786197e+00
2.516375254246492776e+00
2.649517324565738630e+00
2.788993200382423154e+00
2.707519050333444088e+00
2.066990530223563827e+00
2.418229465220226970e+00
2.504898851529866022e+00
2.558994517575365002e+00
2.534901773683407633e+00
2.185563209656791184e+00
2.433921000193069784e+00
2.429028878540750558e+00
2.809655629630964047e+00
2.182993002524782788e+00
2.730025418797050740e+00
1.870098633968581892e+00
2.760357680891310395e+00
2.344502980396923064e+00
2.364152846130069818e+00
2.708335740601605757e+00
2.456015972574638440e+00
2.681879146123420821e+00
2.885241456900293322e+00
2.056012613614980111e+00
2.723607622769846692e+00
2.253901965908108096e+00
2.481159368410804866e+00
2.472905849938832112e+00
2.200683430181542555e+00
2.864427026729035930e+00
2.252666963629018415e+00
2.595491774000143970e+00
2.781675353658414007e+00
2.929061931037925781e+00
2.602414189857786386e+00
2.578046001991610048e+00
2.381526959335493743e+00
2.021127041373470767e+00
2.648344554011973440e+00
2.244239922062110981e+00
2.483344264692385117e+00
2.730233752695264471e+00
2.765118006485280944e+00
2.304513974280378630e+00
2.738442640893327784e+00
2.305567991036409303e+00
2.491564754334790965e+00
1.903402351088917310e+00
2.376874579389744113e+00
2.628021955010478639e+00
2.866142270926038460e+00
2.352433176858188979e+00
2.576563999683444184e+00
2.560240473568963449e+00
2.303529840600401002e+00
1.928720658641386976e+00
2.413238172527732761e+00
2.379521529741307706e+00
2.555895380703031350e+00
2.469503025351044379e+00
2.462107266977702658e+00
2.639515776548996495e+00
2.661425805150274382e+00
3.014598808131697893e+00
2.233485546387117715e+00
2.443714465609253317e+00
2.597387257644041547e+00
2.032040529961393283e+00
2.816105500757518421e+00
2.764637331337413961e+00
2.384562762599884866e+00
2.461647856198620143e+00
2.533324872747035439e+00
2.456710943754275345e+00
2.234644471001780097e+00
2.177047586232879972e+00
2.494917329843680864e+00
2.872644817866932154e+00
2.557962815138214552e+00
2.224446903730240344e+00
2.261761130253515439e+00
2.227760422462529810e+00
2.611197958175401901e+00
2.210337539654728900e+00
2.146266700239158887e+00
2.049566631537234063e+00
3.045957708645165241e+00
2.353503445575285902e+00
2.313426968093541980e+00
2.394564889505728544e+00
2.750775032577188917e+00
2.537337698578117973e+00
2.401793831426330073e+00
2.582891381119032825e+00
2.263550027566771483e+00
2.545870991390728477e+00
2.492170274651626549e+00
2.699450733805414337e+00
2.554171850460687399e+00
2.984038308005617868e+00
2.485779660438852900e+00
2.890015460276494697e+00
2.761857673388498302e+00
2.165300090218867712e+00
2.526498968309129012e+00
2.696995848767759441e+00
2.615530576844898203e+00
2.816880416958142508e+00
2.213930799207958877e+00
2.238409698832079187e+00
2.518324638215260425e+00
2.651548410081819185e+00
2.357803322023531933e+00
2.615280293933134548e+00
2.257104746827661934e+00
2.677275070596996098e+00
2.697364313703012328e+00
2.515825591481521961e+00
2.866780966148694265e+00
2.707917525289822436e+00
2.846207740238818396e+00
2.660398914328369280e+00
2.702371504129387425e+00
2.396820123079976383e+00
2.813584919808849616e+00
2.768076595677379625e+00
2.391519469741305137e+00
2.959353213676136019e+00
2.586241526757475206e+00
2.466733221141154786e+00
2.352301843814423865e+00
2.480561099013243620e+00
2.597421332728861998e+00
2.270083898952095502e+00
2.829286217207850118e+00
2.619051306242365040e+00
2.836387880470611744e+00
2.016641234033895724e+00
2.261534647964148270e+00
2.498153398571202111e+00
2.362807986776496616e+00
3.005101303243856492e+00
2.110743697241936889e+00
3.006703001561382482e+00
2.669371483136311340e+00
2.485239702125757955e+00
2.768760164657848133e+00
2.656320113926669002e+00
2.873660437979943083e+00
2.416834611539619537e+00
2.390060989169506822e+00
2.868201258568203738e+00
2.751013025098019593e+00
2.566824614577801533e+00
2.550760560541342148e+00
2.115313435254629226e+00
2.855900843200124495e+00
2.665768889155500254e+00
2.526256146524930468e+00
2.851922990126691815e+00
1.926580120353884817e+00
2.481867783998382038e+00
2.264523875990270163e+00
2.447366853206611736e+00
2.667303022560750136e+00
2.476967854277052794e+00
2.621722555729719240e+00
2.264158440762385371e+00
2.939407910849912486e+00
2.030592729130980878e+00
2.285355933256826511e+00
2.196158569508044778e+00
2.146805673864752961e+00
2.062201243784257176e+00
2.574458404875612061e+00
2.061407122502018296e+00
2.114656501172815339e+00
2.520654461782745770e+00
2.292468034484682171e+00
2.412504351780348166e+00
2.144694277490468259e+00
2.570573096222123155e+00
2.739944794864879185e+00
2.357536468235615690e+00
2.754355152616816849e+00
2.058323575396183713e+00
2.117366741625483328e+00
2.420803926372756099e+00
2.098150459316372896e+00
2.706022580200922345e+00
2.757199107032523244e+00
2.760917704051614407e+00
2.655490340134383231e+00
2.661417299745691967e+00
2.334165206163885564e+00
2.854253088624209234e+00
2.428698730604993195e+00
2.810270658078543260e+00
1.848719543166721602e+00
2.180241781170562998e+00
2.659950959330031672e+00
2.658500939853301936e+00
2.523135777905790356e+00
2.110037600986683692e+00
2.737624786223253448e+00
2.403269613883874278e+00
2.695248553410255266e+00
2.368868161950257623e+00
2.854194258516876026e+00
2.595452197207919198e+00
2.540207605530950818e+00
2.482081302798620825e+00
2.294717771818039598e+00
2.543721292859773442e+00
2.535734558624587631e+00
2.649828901990788133e+00
2.774709651417454737e+00
2.105817036306548040e+00
2.588012163405719601e+00
2.071622069318387993e+00
2.982447463817393896e+00
2.682936078938400914e+00
2.015042141431971245e+00
2.221605960642750066e+00
2.341288046593598793e+00
2.485629327718632986e+00
2.805602694963610588e+00
2.461328490043077188e+00
2.348040603870981347e+00
1.852824434600527814e+00
2.497810579182640822e+00
2.547670871408305171e+00
2.697108695996814909e+00
2.790363073744523525e+00
2.660328823017838573e+00
2.584535233127466469e+00
2.504371878151456787e+00
2.045675248881167363e+00
2.375090092529927421e+00
2.112663328903648718e+00
2.529608140809266992e+00
2.194501548059367924e+00
2.608034929937125046e+00
2.304552396879651521e+00
2.281462728295777787e+00
2.581552857002145984e+00
2.605212076024720602e+00
2.723753256270555756e+00
1.963998403784473767e+00
2.641463336826527453e+00
2.864508787400573908e+00
2.231919153830365321e+00
2.404070485745478436e+00
2.502431075942951111e+00
2.214761853146894666e+00
2.665360125967879412e+00
2.246299084671011581e+00
2.645511506255173284e+00
2.435916029327671595e+00
2.746875103227966353e+00
2.456261875110130166e+00
2.525051045871588684e+00
2.694610378529866068e+00
2.759415905689758475e+00
2.686307788519165740e+00
2.290496938523904014e+00
2.587682700683650250e+00
2.154965856523449741e+00
2.756520271271387656e+00
2.248467926007782669e+00
2.960858560462451550e+00
1.946783652476185678e+00
2.402594369587612189e+00
2.516150578653217007e+00
2.319943849605394792e+00
2.674448251521555964e+00
2.100005064195000770e+00
2.639530387509644083e+00
2.830388049944146722e+00
2.707256792089401287e+00
2.676932067181879482e+00
2.247116355500221374e+00
2.433166737552080683e+00
2.282472976498686190e+00
2.256227341706181555e+00
2.627445890377851700e+00
2.375797885450192659e+00
2.785311288475044389e+00
2.762935452121885405e+00
2.311078083284084261e+00
2.422707114901808012e+00
2.473429970129311428e+00
2.639025329474002479e+00
2.821034401023150284e+00
2.480041081280129234e+00
2.458341717336069987e+00
2.812274773907902592e+00
2.875703686425634675e+00
2.569852025894284075e+00
2.174715643491708317e+00
2.530054615351633007e+00
2.497677553109855619e+00
2.925146472400513620e+00
2.681221469079315689e+00
2.406500526104236926e+00
2.221143252261899903e+00
2.840037689858447401e+00
2.161037413793384321e+00
2.544488610905339954e+00
3.018345459949181020e+00
2.308142941078159538e+00
2.458906617184720922e+00
2.296101772889293180e+00
2.865862603046714252e+00
2.302260697298947445e+00
2.716588784411085200e+00
2.700749078521893498e+00
2.619212373862014331e+00
2.758494813220272679e+00
2.247008836971722268e+00
2.400638954908643541e+00
2.201547046616708414e+00
2.257904459315016599e+00
2.072420397589080920e+00
2.806524411249160078e+00
2.702011341063748961e+00
2.602908056276170612e+00
2.344820291525361089e+00
2.416685408282272185e+00
2.753671155473497389e+00
2.390179426504335680e+00
2.646592160217311029e+00
2.584739827420654557e+00
2.324340281111574313e+00
2.245362575667688265e+00
2.543129824947325091e+00
2.890064698680621547e+00
2.121932809258106456e+00
2.269542346401365318e+00
2.310840574833458394e+00
2.614675024678732473e+00
2.465055433712893151e+00
2.224546882106227752e+00
2.552150001604785334e+00
2.662153336557421923e+00
2.572362138944391585e+00
2.907909312364424181e+00
2.596262845054635449e+00
2.636379228798825025e+00
2.451538002606417965e+00
2.676739098225069835e+00
1.957532874677300194e+00
2.411983162651430312e+00
2.441400147539375620e+00
2.367481328671960039e+00
2.251790765284225948e+00
2.294699978586729472e+00
2.023713540910097919e+00
2.108200209614220277e+00
2.916838876958022464e+00
2.377741498243789220e+00
2.614910707764308562e+00
2.761311137692573414e+00
2.287099654079399969e+00
2.519209945543487095e+00
2.686023502791567541e+00
2.462666828062945790e+00
2.533624908535548226e+00
2.600149341168301209e+00
2.533653021911987491e+00
2.568159024916522704e+00
2.293618104839184380e+00
2.323261912666526818e+00
2.727163920761607407e+00
2.429207837970489781e+00
2.467995619821785613e+00
2.255663000525169881e+00
2.788006407765304839e+00
2.385500564353313813e+00
1.951788788600245406e+00
2.152806131817147861e+00
2.795617887515185362e+00
2.396904212200331230e+00
2.440437830214591042e+00
2.697380488702919354e+00
2.680888323812407936e+00
2.680635188018861470e+00
2.918124209426716575e+00
2.755853804530682183e+00
2.390293931970275843e+00
2.449175544863706477e+00
2.471777616432427660e+00
2.642097600693680270e+00
2.105138852403527938e+00
2.619456295414300584e+00
2.675152701858966697e+00
2.562091875908404592e+00
2.350484773402127914e+00
2.539042418890797403e+00
1.964231570742318800e+00
2.078586602000920269e+00
2.521629081271925088e+00
2.419128856897077462e+00
2.573415565633794699e+00
2.584238482937620152e+00
2.749338288144365094e+00
2.492899926439385183e+00
2.327471220081271497e+00
2.878297053067286004e+00
2.832311845181644472e+00
2.306968132100619240e+00
2.541930490264220133e+00
2.577931363291650513e+00
2.647961002448327772e+00
2.293464935724478071e+00
2.319158585316237531e+00
2.769228182966019247e+00
2.267724921644151070e+00
2.523459881896099155e+00
2.663709592233538093e+00
1.948362954060602670e+00
2.421541869750268638e+00
2.878229663948872030e+00
2.361811427543530240e+00
2.474796582134128897e+00
2.592161782076704668e+00
2.537126552256307566e+00
2.329230954321066971e+00
2.220449205660381509e+00
2.184265710907583813e+00
2.708940058118352034e+00
2.573058409175400740e+00
2.722032947633246103e+00
2.596366726572175043e+00
2.176874123268820682e+00
2.522121161530412436e+00
2.687406962922300302e+00
2.140705726544265719e+00
2.641437123344505977e+00
2.632470217641657229e+00
2.252611367037002932e+00
2.426220531823451765e+00
2.463828799709362638e+00
2.615054698437264680e+00
1.960864110755284884e+00
2.106683438412312537e+00
2.347062291215798346e+00
2.449511509851707736e+00
2.894019867139765889e+00
2.476348282392495381e+00
2.126817550534641388e+00
2.147644924621844087e+00
2.971206371133383595e+00
2.668423973880849953e+00
2.766526751373568960e+00
2.920038571310958453e+00
1.947523214511132750e+00
2.124909914340586514e+00
2.557231662833705954e+00
2.383598346097987708e+00
2.854843998184472209e+00
2.201845555032979185e+00
2.790834223205526321e+00
2.341636742466810084e+00
2.684519126510769738e+00
2.296184038493942037e+00
2.253330827798923686e+00
2.284010793554006824e+00
2.761380656929732780e+00
2.733845961587687778e+00
1.946503432239544473e+00
1.864734707626838572e+00
2.091076429904969558e+00
2.875797459289992641e+00
2.452053044489025613e+00
2.406922061334307195e+00
2.106419614527587747e+00
2.533260056147262684e+00
2.639152306139950888e+00
2.248336821658763807e+00
2.405367583785334329e+00
2.509173475827646271e+00
2.580280399141399172e+00
2.109569909997411230e+00
2.546848744465134651e+00
2.556515712027579212e+00
2.770450732855110232e+00
2.015679495728055493e+00
2.851041088707096272e+00
2.714132335618027803e+00
2.528396988001760715e+00
2.491767192482383653e+00
2.701313550238669592e+00
2.068719850219976841e+00
2.841628865330657394e+00
2.080175419138894366e+00
2.594890859124307614e+00
2.751760756796488572e+00
2.312815066663668873e+00
2.148364131893774953e+00
2.630739128298657192e+00
2.549522852456863831e+00
2.713239370318257127e+00
2.616403111664404424e+00
2.624182457467006735e+00
2.741990844885139555e+00
2.766208954139261156e+00
2.658262884742191190e+00
2.492592944200563654e+00
2.562300778318688188e+00
2.611094053356896705e+00
2.368510084988856068e+00
2.373278022476837723e+00
2.604025768676380359e+00
2.898201617671448016e+00
2.471783582506657417e+00
2.501927222638608228e+00
2.343151933926546082e+00
2.868871086891634281e+00
2.701987569813462553e+00
2.829183806234167431e+00
2.907638538302270703e+00
2.168459976233373609e+00
2.469364860618763036e+00
2.868762121749952598e+00
2.729192111288248235e+00
2.619448546002759670e+00
2.822228925743533789e+00
2.404100456501659266e+00
2.012047126487282789e+00
2.718711003537601645e+00
2.351863092619228102e+00
2.731318746964252142e+00
2.487879135233011851e+00
2.174992010559196220e+00
2.199466356156128288e+00
2.334704923003887878e+00
2.463226979698471819e+00
2.340688240183587343e+00
3.071865651458172586e+00
2.445521294168483628e+00
2.732959235448195745e+00
2.498769415179038944e+00
2.182228714562139960e+00
2.512006730060201143e+00
2.295808324246606968e+00
2.502520629843145272e+00
2.486215391933343177e+00
2.551113616007792739e+00
2.937208856399061929e+00
2.538761542617964828e+00
2.705976782308180617e+00
2.399526393551452585e+00
2.309330115200297406e+00
2.595893532390901370e+00
2.396769723521476436e+00
2.066885136541683377e+00
2.550276729135738663e+00
2.449179182169321844e+00
2.246929273801133498e+00
2.371108134389585231e+00
1.914019278696988957e+00
1.987837235215231146e+00
2.496532779677770097e+00
2.636952710572586067e+00
2.082244568642205085e+00
1.896947835256339143e+00
2.464258026181880279e+00
2.223048682497490880e+00
2.980788905494143215e+00
2.982864445376906648e+00
2.216255448083884971e+00
1.924870363749528135e+00
2.569962365231396539e+00
2.566354128216500108e+00
2.159943550190003947e+00
2.734715570935119633e+00
1.990839838079585533e+00
2.518573373560678341e+00
2.094378050283545178e+00
2.192631474072187281e+00
2.239920337889834467e+00
2.447830815694598705e+00
2.173163909206854871e+00
2.256866311272026415e+00
2.625479191773381515e+00
2.276218155601990922e+00
1.858190700118454330e+00
2.750556696960381853e+00
2.260353250623215793e+00
2.554930490079885708e+00
2.456405435678538307e+00
2.758778819777273128e+00
2.292683573318643031e+00
2.575138771800190352e+00
2.562305218259540052e+00
2.456030821272709108e+00
2.083936085027426888e+00
2.740789632640669993e+00
2.480455679634637978e+00
2.581450089509164769e+00
2.832069154363471064e+00
2.466819477276234185e+00
2.246441691007687425e+00
2.737507231017925147e+00
2.532439128842392417e+00
2.633688206514906316e+00
2.270727182239155262e+00
2.667211621043317660e+00
2.557200139477843415e+00
2.084601566379720161e+00
2.683939629167836127e+00
1.956745827668290305e+00
2.596501158377394258e+00
2.773567248126348694e+00
2.661133129190911717e+00
2.581055912978082567e+00
2.382670144799156731e+00
2.528673772544167697e+00
2.748055518173210032e+00
2.763182802884063705e+00
2.419332264460938298e+00
2.192211182724379981e+00
2.684570292805204872e+00
2.587791109331344153e+00
2.141268836378460882e+00
2.420761762154600483e+00
2.362895268535311288e+00
2.608145942604753742e+00
2.187277209562353608e+00
2.860032305818690279e+00
2.857700134689248994e+00
2.742844675460454074e+00
2.438850224045471471e+00
2.507580219813901223e+00
2.811161603926487729e+00
2.222858213868262656e+00
2.617113327938200840e+00
2.576599281634879723e+00
2.781394074082827572e+00
2.365252501276882580e+00
2.244932369894200974e+00
2.771272441798584119e+00
2.315338528367877124e+00
1.886551678982084868e+00
2.566937860386016457e+00
2.794084704322436608e+00
2.497265517139258595e+00
2.664479460092788798e+00
2.522639613228357280e+00
2.907874553556101027e+00
2.349102049759524302e+00
1.967838810384337833e+00
2.601412839952913281e+00
1.758685784234365723e+00
2.502379605409631225e+00
2.405104278709988108e+00
2.581641415521337635e+00
2.648207011852153681e+00
2.637528382063249133e+00
2.694472176594648882e+00
2.692456801918533316e+00
2.435852983124508153e+00
2.395712940119782530e+00
2.584741113842914828e+00
2.305570795204334722e+00
2.341387334340344406e+00
2.708113114546862654e+00
2.722829958453918398e+00
2.273729215125332548e+00
2.439281539188082881e+00
2.155690579345750812e+00
2.068768578261511060e+00
2.527116063653326083e+00
2.413307796332339272e+00
2.445028412319568023e+00
2.665617234346500553e+00
2.159205895497772865e+00
2.661772289053314644e+00
2.409864328621583063e+00
2.201755560819085744e+00
2.339231289134768854e+00
2.720710954519234726e+00
2.587377773360311828e+00
2.505305571127790287e+00
2.520636212011024391e+00
1.934109860996032548e+00
2.610465385689586082e+00
2.703305191643290417e+00
2.604864092889453531e+00
2.828406586561110547e+00
2.655201589283653796e+00
2.394685441403956894e+00
2.730230633954556563e+00
2.436418507942108125e+00
2.295887655214259748e+00
2.155207996432683792e+00
2.755705623620148259e+00
2.497046135098276221e+00
2.667580684644189848e+00
2.478752437729104585e+00
2.859853257720514019e+00
2.633076833941414119e+00
2.758885458692685422e+00
2.416053196603568765e+00
2.924896903878055454e+00
2.233902869168019834e+00
2.727053436001567466e+00
2.459986160867750904e+00
2.645463407507332665e+00
2.375993602222014722e+00
1.989837003457548548e+00
2.885308004518440939e+00
2.623600740912441331e+00
2.333359932658960023e+00
2.358726266069467226e+00
2.100382166142867213e+00
2.676822293738188918e+00
2.210782845289379850e+00
2.465656546758038470e+00
2.674538210382922276e+00
2.479901201121780474e+00
1.919075007436931823e+00
2.778373465273435983e+00
2.978656008456558979e+00
2.585825882217513083e+00
1.906753101068300538e+00
2.464791810433425212e+00
2.439376722613990189e+00
2.036574363866457738e+00
2.768154929366420269e+00
2.797674285955502604e+00
1.880387804399098028e+00
2.403816108145498287e+00
2.709762085296809619e+00
2.192161278613994568e+00
2.491937256798156142e+00
2.285719858679903460e+00
2.838569031992768110e+00
2.249375746562789047e+00
2.703298060632397526e+00
2.891099368469097097e+00
2.561508861331907472e+00
2.209272744754647189e+00
2.129522563706824023e+00
2.604974103956350540e+00
2.743104676759551719e+00
2.563687836073916593e+00
2.964847740512190910e+00
2.499332083218912537e+00
2.185549574594109590e+00
2.261648406036551151e+00
2.830286162008427642e+00
2.806862142817585060e+00
2.768018936107135453e+00
2.828818321961164450e+00
2.477612631619807715e+00
2.401512992253621359e+00
1.901726747221590630e+00
2.180485486748803492e+00
2.679594782278553744e+00
2.100018722640732527e+00
2.832517516514690747e+00
2.804612923223121168e+00
2.692430515000168612e+00
2.584952524471270330e+00
2.812707128447951455e+00
1.977890099458815998e+00
2.398040831044431886e+00
2.610282760253608725e+00
2.514502176955069057e+00
2.688717407502196899e+00
2.904449104452015096e+00
2.464558416578922273e+00
2.075863633670131936e+00
2.229359462453702978e+00
2.032836377110239567e+00
2.456752776874252753e+00
2.476433185393693392e+00
2.528078799865323578e+00
1.812136413105955413e+00
2.463805024353680651e+00
2.758323562077473756e+00
2.721136788554667341e+00
2.084109181331167626e+00
2.256237769938384208e+00
2.543237668821553221e+00
2.475230520242624355e+00
2.599739659627068988e+00
2.654732622562475441e+00
2.666531076839843806e+00
2.400383391334882432e+00
2.730453748269343617e+00
2.757217333834788953e+00
2.315715016524446668e+00
2.893774070425919831e+00
2.094392227278131013e+00
2.461896311568396278e+00
2.037599687169845630e+00
2.205424397994625529e+00
2.883734271869943910e+00
2.154748073143962550e+00
2.268308944161127272e+00
2.551014222696780909e+00
2.018219567846485152e+00
2.283184704210513338e+00
2.994832233448531777e+00
2.302501084464936731e+00
2.348418687957141593e+00
2.248678403277852400e+00
2.799673315664310103e+00
2.351440896447252626e+00
2.634944183549765118e+00
2.491190591374262908e+00
2.478683599329148279e+00
2.332942320372129341e+00
2.381493025913062667e+00
2.315842803679752038e+00
2.772241834151024431e+00
2.616061782016944726e+00
2.841163129186798475e+00
2.833495889247399813e+00
2.577527652063698937e+00
2.793169646863202349e+00
2.485678153593139150e+00
2.815982128854682021e+00
2.417148731252034999e+00
2.258204113716452355e+00
2.631145679813110316e+00
2.916978822772590352e+00
2.475259786388809946e+00
2.279903918667286700e+00
2.233109980573672715e+00
2.243585516963305437e+00
2.604050705402264576e+00
2.491560057892899138e+00
2.112322643008438305e+00
2.401954661407956770e+00
2.706800687382348691e+00
2.681752601883739651e+00
2.242303006959871059e+00
2.334053954793497976e+00
2.244601302905790075e+00
2.653620690931378423e+00
2.567335802202010520e+00
2.445174594375822519e+00
2.924492154307501757e+00
3.022344209725500885e+00
2.724059577754879502e+00
2.407753421131722416e+00
2.533426533017037130e+00
2.549796967453733743e+00
2.278645969677215444e+00
2.415901782766338268e+00
2.510201980000570376e+00
2.560218795514526136e+00
2.083874798529416594e+00
2.041519033840136998e+00
2.791831061826890004e+00
2.897596930548717253e+00
2.130625170436453164e+00
2.586403957762523742e+00
2.493148759260966685e+00
2.634645474346361649e+00
2.879669958893420922e+00
2.817312655584080172e+00
2.992778209882233753e+00
2.732592444585018043e+00
2.742868281644641026e+00
3.017801540702416130e+00
2.725868513455744324e+00
2.877775866581929964e+00
2.631291902920040116e+00
2.827522433624538589e+00
1.952313599830212576e+00
2.708125944680147335e+00
2.458426291267105324e+00
2.454247760479067786e+00
2.276545095912000605e+00
2.566181736298531746e+00
2.889802033769029777e+00
2.563055761690966605e+00
2.755328662258515138e+00
2.826408981425100997e+00
2.750215368705990038e+00
2.689436241652762405e+00
2.585677660530696365e+00
2.700515088308938161e+00
2.672975185629951511e+00
2.332496652398152737e+00
2.222180203533116405e+00
2.637011528409788585e+00
2.717746303988262113e+00
2.712458497847394234e+00
2.852735143065153522e+00
2.848062953678800469e+00
2.325333871473987735e+00
2.775025665751927217e+00
2.286863242512235050e+00
2.033565864202018680e+00
2.459597730409177618e+00
2.331535610804108316e+00
2.751778135180777518e+00
2.397940920597950054e+00
2.599225280975042018e+00
2.719392911493468734e+00
2.662664448409037821e+00
2.266698551791390237e+00
2.891126539164546205e+00
2.611852557159918931e+00
2.668621884702279345e+00
2.120039942440087088e+00
2.437024566357914424e+00
2.530613272340524134e+00
2.677242547616053070e+00
2.388869214544682595e+00
2.252342880462017582e+00
2.384048044760650242e+00
2.623996610800879203e+00
2.638285779902184380e+00
2.436814584693117514e+00
2.426539762584460469e+00
2.565651050230358443e+00
2.890980108077367383e+00
2.207692543466012403e+00
2.687669417433434571e+00
2.798562098789489472e+00
2.467600975803896812e+00
2.828637680785516029e+00
2.527583812460718171e+00
2.492051828580389206e+00
2.650396598595064823e+00
2.665620122765599564e+00
2.617413821406285646e+00
1.967931052931507496e+00
2.009080876996662823e+00
2.617258508141001361e+00
2.231763028852767228e+00
1.895659640335637608e+00
2.354533663574815527e+00
2.332776111307942379e+00
2.893696037703363366e+00
2.156020664738415249e+00
2.142829510375716673e+00
2.748763569953953212e+00
3.034409149497536262e+00
2.520036842959505918e+00
1.957640303317957464e+00
2.067379509718864306e+00
2.728881681824387062e+00
2.540440466874254177e+00
2.538609602835219636e+00
2.741619312111803097e+00
2.438748145859664263e+00
2.532537106128089022e+00
2.177922382794314160e+00
2.468966242845591630e+00
2.347971536458053787e+00
2.789755711752485823e+00
2.078634546456051613e+00
2.396710465336214124e+00
2.409289973555246434e+00
2.703056655182806800e+00
2.282605124110436812e+00
2.268797997595233262e+00
2.520988827781529107e+00
2.592033839028245357e+00
2.327244854177856315e+00
2.585431465762211722e+00
2.747804493378291468e+00
2.526391018443471026e+00
2.276881979990430960e+00
2.445407052264081393e+00
2.071995103317869180e+00
2.906548208688916723e+00
2.271942633796311117e+00
2.378165929092477260e+00
2.671426124506711908e+00
2.122032115137253871e+00
2.536133066859451723e+00
1.751840205196513400e+00
2.328169653692842012e+00
2.567728312295570969e+00
2.385880280251629237e+00
2.666771268311744159e+00
2.629199338698894550e+00
2.577590699476084879e+00
1.952824783824705257e+00
2.772671447031064496e+00
2.367053117437420084e+00
2.279293679397338845e+00
2.197452181328291232e+00
2.442014146151220366e+00
2.132339916394824897e+00
2.790558612367770142e+00
2.561953957303042095e+00
2.447494019539738552e+00
2.962514712288821350e+00
2.194779906833948857e+00
2.859175672740784435e+00
1.948569714641247064e+00
2.416499942011995916e+00
2.235010252131453434e+00
2.467980402496775749e+00
2.660002982075161171e+00
2.294928625641372122e+00
2.201986260967418119e+00
2.656166002704944518e+00
2.127447311624854898e+00
2.707724855428589539e+00
2.020458914269525508e+00
2.625333489221455263e+00
1.959605694834382739e+00
2.577245879864634936e+00
2.006052864846912698e+00
2.582648291671146179e+00
2.492300010686674394e+00
2.561447614116934446e+00
2.710915360360388160e+00
2.600579234594206923e+00
2.527770495976839893e+00
2.573421895155585837e+00
2.713704019571066439e+00
2.475243823552718325e+00
2.528853260245560897e+00
2.672979848300094385e+00
2.549674604242820219e+00
2.324980865591890211e+00
2.711439373958950405e+00
2.512410082420304835e+00
2.866979445289327355e+00
2.475136887621011805e+00
2.328642893759727439e+00
2.034309895561265069e+00
2.011551616523695074e+00
2.373506539443380525e+00
2.038398717403931304e+00
2.259849823748953490e+00
2.757050801138152263e+00
2.507549193559894363e+00
2.375432713473759172e+00
2.050654996745939762e+00
2.572082241121357082e+00
2.460643102493054180e+00
2.548669010520410616e+00
2.424916062062670186e+00
2.865701920550218329e+00
2.175999009898312408e+00
2.654123617603602714e+00
2.006784921886531237e+00
2.269415678548983184e+00
2.720145627980019576e+00
1.890368949299906509e+00
2.546024349940304354e+00
2.709019940849771046e+00
2.531995003185966375e+00
2.546011130095172437e+00
2.445522346038472961e+00
2.618843098272501280e+00
2.310146185217457848e+00
2.642278572782895463e+00
2.494246485898246490e+00
2.705742539703293481e+00
2.468503434024592824e+00
2.594759092714165050e+00
1.892099012618150944e+00
2.211808604305228965e+00
2.523941799633401040e+00
2.933447564283758524e+00
2.261126201415753822e+00
2.461126541188908501e+00
2.611526893132656735e+00
2.502297002377866342e+00
2.517419357898184717e+00
2.017249815844439187e+00
2.716068358553710205e+00
2.774861907123153504e+00
2.923514978652261398e+00
2.615898113122433699e+00
1.877929178351479322e+00
2.096923012111056472e+00
2.660243051896768129e+00
2.197427281594636739e+00
2.062686454737324926e+00
2.760999306498334249e+00
2.521586464320621612e+00
2.877306628218783136e+00
2.556289301664227409e+00
2.203103268374981383e+00
2.225758452197658777e+00
2.369473481389475999e+00
2.010080906005241808e+00
2.834612847562583582e+00
2.403057904331991956e+00
2.444875068212543301e+00
2.538234100542487326e+00
2.392223372249462798e+00
2.251794602168934567e+00
2.891032465533234230e+00
2.461707937715123862e+00
2.578971212751709263e+00
2.350950354841040202e+00
2.225183277717598163e+00
2.738708869627903830e+00
2.612411078213500826e+00
2.598147395837950846e+00
2.808823973375183414e+00
2.439439629143491217e+00
2.269473719200093331e+00
2.424034407583935735e+00
2.087812239940995962e+00
2.738248542632048199e+00
2.520146168260811947e+00
2.653056533017473573e+00
2.561723701236851003e+00
2.692273072743178730e+00
2.479945434265089510e+00
2.740863212517575143e+00
2.538711436621774009e+00
2.643307173204589855e+00
2.392033952073378877e+00
2.566693140779198412e+00
2.502670579785404303e+00
2.671037263741967482e+00
2.843368687279355100e+00
2.474732482644937726e+00
2.513524274842664941e+00
2.469269236336826268e+00
2.290329283915162772e+00
2.477603203780989638e+00
2.476300919302440562e+00
2.405371766821548629e+00
2.577535533645213484e+00
2.622882796100608260e+00
2.513387941215167398e+00
2.542136041491295018e+00
2.542856224433891921e+00
2.807404259950320835e+00
2.440419238270892244e+00
2.438747022276644749e+00
2.161304168118033164e+00
2.470650831696029393e+00
2.470298173973727529e+00
2.588730287172238409e+00
2.512824173226915203e+00
2.808165230644893651e+00
3.024983128248547981e+00
2.648501259837503508e+00
2.973047634557206997e+00
2.366829485080183648e+00
2.584717912611598223e+00
2.529405334553748830e+00
2.433020633780038633e+00
2.893279124150183623e+00
2.349528833611605805e+00
2.283773363389328903e+00
2.438284725380388984e+00
2.583213046188290285e+00
2.303651088377287603e+00
2.931997717115895075e+00
2.310861530486156390e+00
2.299373414846419550e+00
2.681711514639875560e+00
2.785988807012740764e+00
2.366353716517807015e+00
1.956765133601859441e+00
2.426964793118902897e+00
2.627799455277676888e+00
2.125049040047886528e+00
2.849795692201072317e+00
2.870788924865871561e+00
2.509364181671362104e+00
2.508876776309635126e+00
2.579277598660845161e+00
2.374176894639664859e+00
2.301734411104902733e+00
2.234179307297051054e+00
2.399728963958948746e+00
2.298858179368591159e+00
2.697955454101930606e+00
2.543105188077510626e+00
2.258873905318291353e+00
2.502823808337652167e+00
2.580129838570241141e+00
2.591273600757682427e+00
2.357056214413892459e+00
2.528092457445242136e+00
2.551610994334094329e+00
2.644431510351778591e+00
2.519765093290884828e+00
2.318424400771480709e+00
2.526056649262388820e+00
2.597155798905445678e+00
2.708310638672760451e+00
2.605630143435167412e+00
2.653201389238639685e+00
2.980536394549830881e+00
2.597349273482509879e+00
2.330209508660511020e+00
2.212637031158746215e+00
2.854750401968018991e+00
1.877015516618522728e+00
2.206049159191651121e+00
2.734909014264018445e+00
2.430799818249738120e+00
2.844175482880729078e+00
2.815659027224506783e+00
2.596851601916423391e+00
2.225193438430085546e+00
2.121584343507063597e+00
2.563823035145193607e+00
2.580324824144768048e+00
2.373081268352090767e+00
2.161639448849975054e+00
2.349860779241566888e+00
2.402752603587492430e+00
1.802936877896991419e+00
2.785284217230166171e+00
1.852974052200385913e+00
2.875654767414380863e+00
2.597370899358281804e+00
2.941563258191529862e+00
2.395482640753641146e+00
2.812075389096585276e+00
2.434650197975658958e+00
2.393304847508437749e+00
2.307930890815971914e+00
2.672390645305397605e+00
2.478416374709619507e+00
2.690832838428216522e+00
2.659353509444780439e+00
2.822751651933919081e+00
2.798707367998355622e+00
2.641575656852213072e+00
2.360860816328416156e+00
2.417938143956843255e+00
2.713686888422864651e+00
2.721048359767728186e+00
2.676212324304279022e+00
2.275145965537562542e+00
2.542485240676722658e+00
2.371732057805180816e+00
2.560183673740203059e+00
2.079730146149102232e+00
2.795394544286872396e+00
2.695542882405096208e+00
2.033616508813375745e+00
2.042622178103271402e+00
2.727899067624668827e+00
2.494466611921077437e+00
2.815860431756393556e+00
2.530895146763442849e+00
2.626538416274788013e+00
1.987258157687680438e+00
2.575016538288251500e+00
2.839599801178928296e+00
2.922080699282250116e+00
2.030814259249019038e+00
2.440384963797320506e+00
2.124204746302006619e+00
2.454833456329499342e+00
2.676443635314531999e+00
2.240106720414473784e+00
2.773566189382138614e+00
2.522823998878234608e+00
2.640532138760734338e+00
2.571870702486161342e+00
2.540783948886287558e+00
2.626043520284881083e+00
2.177100485359912962e+00
2.358340514106266994e+00
2.909344830887500066e+00
2.717063527654814958e+00
2.744259013370233813e+00
2.334250412917810991e+00
2.837690256788663934e+00
2.096020091627305959e+00
2.559998987492878797e+00
2.918930436921270744e+00
2.657265033795867204e+00
2.399829381299830366e+00
2.876333048867805164e+00
2.270794469575119656e+00
2.410131960339483737e+00
2.235370202397723993e+00
2.819489067537648719e+00
2.724458405993489318e+00
2.372791967419499048e+00
2.395600741117472232e+00
2.073053270351658206e+00
2.732934374792343135e+00
2.582429812516022327e+00
2.707983793174592257e+00
2.670627057746902011e+00
2.390801440251821397e+00
2.401176257081510279e+00
2.432517055386297145e+00
2.760604296639411537e+00
2.670967886888754084e+00
2.094325482675195804e+00
2.766415884003795345e+00
2.272071204927834653e+00
2.336904868390262457e+00
2.184041375549663044e+00
2.082175268798128087e+00
2.346178446779835891e+00
2.513485406629753172e+00
2.856112968742908542e+00
2.268700653999896844e+00
2.778478714015205853e+00
2.429985137536237794e+00
2.765115733884982774e+00
2.028174710232934608e+00
2.955288961894493749e+00
3.047084972578497197e+00
2.567079790233052883e+00
2.339067351211673085e+00
2.648440154491821463e+00
2.917210766377005271e+00
2.534968810400793249e+00
2.017618667810291200e+00
2.574876409612333550e+00
2.261979780203286161e+00
2.619165371252313523e+00
2.633018021219634797e+00
2.813063298393736478e+00
2.484910347654729179e+00
2.723755635168469968e+00
2.318445338124241140e+00
2.390968175766348569e+00
2.667435308090277069e+00
2.391799847665613932e+00
2.451239392702102116e+00
2.449393083159901785e+00
2.429007925078042085e+00
2.493224624243433496e+00
2.705254140918130545e+00
2.500376939821474132e+00
2.111396605640598612e+00
2.553012187303800751e+00
2.105208188225105026e+00
2.854594058356664910e+00
2.581118023674073392e+00
2.336469781802869239e+00
2.561178508339881255e+00
2.232879471588917752e+00
2.836809573148893815e+00
2.490436937123972960e+00
2.605523720020298306e+00
2.257025565904821285e+00
2.378181352329979958e+00
2.541477861051677056e+00
2.877087918715821147e+00
2.629119931693209011e+00
2.747416609079854855e+00
1.883832898762549446e+00
2.888069007081366824e+00
2.464296973535533564e+00
2.629320083199965907e+00
2.087848567005999634e+00
2.605919176376080060e+00
2.443385721720933379e+00
2.574829434424041441e+00
3.009831860285931082e+00
2.779514259727942971e+00
2.956761068394015535e+00
2.535387860343928157e+00
2.971761286755775444e+00
2.496200476422293146e+00
2.489710091710532591e+00
2.904045927926601767e+00
2.277847772080784594e+00
2.476720659744360731e+00
2.389440988693353418e+00
2.618587549544445281e+00
2.837123501942066639e+00
2.819222427786161944e+00
2.267087327928346774e+00
2.555994115636367248e+00
2.470241428307283549e+00
2.664663698639159861e+00
2.265697505885312157e+00
2.819867904496458522e+00
1.915113742062434010e+00
2.504722363714801503e+00
2.646199690791087189e+00
1.822653046317542547e+00
2.267638340471492597e+00
2.473719326148567710e+00
2.475399458774970807e+00
2.746832685993319423e+00
2.241172827020663227e+00
2.485671362536561624e+00
2.314592654734284327e+00
2.171367645947446690e+00
1.992982053214169103e+00
2.578051894045374048e+00
2.324620067462393802e+00
2.087297466901611109e+00
2.571527692164422785e+00
2.248436304196741453e+00
2.729438441123789527e+00
2.524597817494211416e+00
2.686796709563544550e+00
2.085699326727521008e+00
2.477293181517431719e+00
2.726292919704407680e+00
2.708201078403199347e+00
2.181111492866990798e+00
2.579692787457777747e+00
2.575338250138766050e+00
2.150428394527084563e+00
2.175053158154790722e+00
2.639141905316019443e+00
2.585696557899572312e+00
2.357249008469747498e+00
2.091417365412304274e+00
2.591068423909906659e+00
1.827836509887420968e+00
2.833764971846322922e+00
2.236260855273712878e+00
2.631374602198992996e+00
2.167498887667506757e+00
2.962212068735315729e+00
2.377723468346893299e+00
2.013797083374695873e+00
2.351698004637113204e+00
2.577201149029772598e+00
2.342377258531191053e+00
2.192020203567243364e+00
2.385968086066719618e+00
2.128313891743030428e+00
2.384779089725598933e+00
2.626120235443995199e+00
1.970162064958629333e+00
2.606567773683835298e+00
2.317640563812975785e+00
2.437630091807600152e+00
2.461802988843935225e+00
2.621708689820183569e+00
2.502364902197391938e+00
2.512247135021623112e+00
2.197767585238775911e+00
2.504206226911255939e+00
2.543246542892811934e+00
2.876275684764962648e+00
2.115557197535175682e+00
2.460641851923849099e+00
1.973076332477965211e+00
2.288043800004464057e+00
2.427652088962446442e+00
2.514813524918054988e+00
2.000302621675571491e+00
2.233092492396227868e+00
2.675875929916784912e+00
2.952378506193383156e+00
2.629166808969566116e+00
2.885402713241813633e+00
1.958144507421281100e+00
2.841936537586999822e+00
2.778725371343236716e+00
2.440517087585092781e+00
2.555957508241309295e+00
2.431598883789077625e+00
2.199575245032655779e+00
2.633455325490010157e+00
2.793026823289675331e+00
2.734479638446651428e+00
2.650467338335430245e+00
2.689106726898316424e+00
2.362605335025239839e+00
2.654368421275960621e+00
2.614456966457547882e+00
2.638749964748320576e+00
2.202271073367322529e+00
2.656334553876408044e+00
2.880089434849420371e+00
2.603306036317615924e+00
2.182387123330539414e+00
2.596269480790381667e+00
2.873963763100286339e+00
2.423023379111662656e+00
2.376740067802679768e+00
2.865202770481845018e+00
2.149543912021282477e+00
2.315331564905592998e+00
2.606515506095075096e+00
2.217476307590051210e+00
2.814291434479879062e+00
2.299671500925094314e+00
2.625133589664231604e+00
2.729743749834220079e+00
2.439723464000287390e+00
2.343173411075235357e+00
2.777680256168300943e+00
2.217995962168382462e+00
2.848710586829900304e+00
2.607797723261487288e+00
2.387716803608438632e+00
2.754673223572951191e+00
2.491180949348497542e+00
2.044623784287487034e+00
2.277093675986524346e+00
2.124067459615524012e+00
2.761959883577825181e+00
2.420021073741158268e+00
2.464721762331020916e+00
2.374734300912547891e+00
2.312912032796432538e+00
2.852879815529884233e+00
2.197631119245664788e+00
2.810340983667506620e+00
2.453216264874941377e+00
2.366008509820633154e+00
2.272135872843236370e+00
2.114851137973730921e+00
2.362763441461870340e+00
2.477907755648489196e+00
2.542308593101391345e+00
2.623180141588548508e+00
2.276490012157674769e+00
2.354327589528655729e+00
2.117733370037083063e+00
2.333476417921157786e+00
2.289078862975729489e+00
2.803394460648140907e+00
2.374657430651200940e+00
2.544773823468065022e+00
2.473040909478287475e+00
2.664706447759899621e+00
2.940540522982404426e+00
2.282828482921874791e+00
2.401802273260556397e+00
2.385651193779766643e+00
2.602360390965021697e+00
2.029877837931433504e+00
2.936073780784651976e+00
2.376726911164035005e+00
2.342425372851347554e+00
2.342657843219154490e+00
2.492424806229458945e+00
2.751078117066064088e+00
2.228936711004780857e+00
2.821908205800333302e+00
2.497427549120195600e+00
2.507690207789280201e+00
2.241137258980713032e+00
2.864873702098828634e+00
2.618765896756453770e+00
2.387696727486246395e+00
2.414082168576956899e+00
2.753665224097360475e+00
2.382040046018551571e+00
2.791086512408549325e+00
2.781842493354248269e+00
2.958250477952773849e+00
2.834101146831315532e+00
2.777919669657994639e+00
2.616320875352206698e+00
2.429154224421916197e+00
2.021456311463688760e+00
2.751999153958730293e+00
1.866405420499445134e+00
2.510635532456225505e+00
2.510825786591407649e+00
2.557556822066286095e+00
2.365101982060328289e+00
2.673573272884148366e+00
1.869006826100712004e+00
2.496458986556506332e+00
2.351512252686124960e+00
2.493546087052785687e+00
2.751622334230733546e+00
2.646082923622584016e+00
2.193370538167200401e+00
2.627905000645906597e+00
2.139866533031971052e+00
2.499494780926358128e+00
2.593402665608304680e+00
2.510431382094466368e+00
2.451686543523645234e+00
2.207191356859122600e+00
1.952689492095343038e+00
2.568140603186551907e+00
2.297767496591527348e+00
2.867915340720448292e+00
2.441854706469415603e+00
2.620623117375717737e+00
2.118891925163230994e+00
2.709869302155367699e+00
1.789724428569655412e+00
2.848596397882760645e+00
2.386021425375398408e+00
2.282629999132729015e+00
2.787536278756758357e+00
2.512469995845977522e+00
2.311877202226144679e+00
2.447857139999367160e+00
2.469274987826550749e+00
2.283787735393491669e+00
2.506155881911399153e+00
2.573049973497750553e+00
2.706313210930460844e+00
2.466399365635913554e+00
2.578873132917343991e+00
2.692688824237387646e+00
2.623288474269666715e+00
2.503347618280576281e+00
2.296566054464724171e+00
2.405670362069636692e+00
2.402264105990984611e+00
1.917478059544445390e+00
2.836009783257641192e+00
2.644024277608188811e+00
2.541985693965275850e+00
2.420231554535926755e+00
2.350586966416647883e+00
2.404522245424930205e+00
1.867842685472351327e+00
2.386137137497648553e+00
2.546898718373713955e+00
2.355058289861526877e+00
2.268541738179586709e+00
2.463378288579372910e+00
2.293330060475361698e+00
2.241812391470611843e+00
2.687525636079932667e+00
2.474855325449312637e+00
2.733092534459419465e+00
2.270134889832274183e+00
2.157281926283927120e+00
2.580257523613624038e+00
2.402894027691497403e+00
2.161163815532592736e+00
2.381261036863442371e+00
2.172137553312530223e+00
2.231097376294236767e+00
1.820144504124342033e+00
2.561827686299951168e+00
2.792468718962090701e+00
2.840474953234572109e+00
2.530828731358115924e+00
2.477210722293595957e+00
2.248451109465378295e+00
2.692972589316437126e+00
2.516514125473745089e+00
2.604735757932799878e+00
2.699147424459104716e+00
2.516939640189578054e+00
2.617045890604150937e+00
2.697136928824327651e+00
2.740628177351283057e+00
2.661478534608574975e+00
2.516625094018717146e+00
1.835011384956402924e+00
2.616632556582485947e+00
2.619945931599061417e+00
2.184958075654403586e+00
2.273640020374341209e+00
2.850576873729060878e+00
2.676938589066669927e+00
2.517591850427692179e+00
2.558500598071494103e+00
2.775582026753681486e+00
1.939800353781354403e+00
2.361761577134701362e+00
2.590093843864776701e+00
2.306174565626231576e+00
2.883563577040914261e+00
2.664769882659962619e+00
2.672255310648572024e+00
2.154038021473047237e+00
2.853738058015852008e+00
2.527826267978588337e+00
2.627185893271754669e+00
2.441514218139300141e+00
2.398309119960079894e+00
2.421121500918166802e+00
2.256768083145596293e+00
2.752156025026620600e+00
2.623530459188843533e+00
2.633120951252352349e+00
2.812070054928688112e+00
2.210772221102028201e+00
2.323790106602689143e+00
2.795126179066905969e+00
2.653247531284027350e+00
2.531674158838193023e+00
2.795669426932725798e+00
2.733959054226238194e+00
2.783747656750926058e+00
2.509586445437876900e+00
2.625989707363589609e+00
2.443582069635485965e+00
2.276548593087092343e+00
2.867728979616869900e+00
2.539710996803814069e+00
2.442031302064529008e+00
2.784566970526542118e+00
2.285408310234985585e+00
2.816989145270437422e+00
2.438817325753201093e+00
2.514161435759292740e+00
2.364136835730028974e+00
2.402604356403529096e+00
2.457984873403292525e+00
2.651115583767367223e+00
2.451971916126769013e+00
2.309108479333875863e+00
2.700309490642518462e+00
2.723289913224217873e+00
2.523030933884589988e+00
2.494411458288441796e+00
2.439507385170555764e+00
2.818280727216292192e+00
1.727968093174387709e+00
2.066354954190960047e+00
2.128776037953287847e+00
2.458247548734947774e+00
2.362543928017401207e+00
2.126981938681827167e+00
2.734735052327155636e+00
2.462363763207495726e+00
2.420256768729864838e+00
2.067090379061020666e+00
2.746707399964649632e+00
2.516766664296238964e+00
2.042182703533257815e+00
2.232497243678595478e+00
2.552733823958637682e+00
2.576283658828270706e+00
2.594484263983039440e+00
2.761842697866073948e+00
2.667176380202267882e+00
2.819969612674162907e+00
2.324825810340508614e+00
2.736308165773383649e+00
2.134033882269807947e+00
2.558572194491763430e+00
2.463715658038024614e+00
2.794005251147126501e+00
2.096631593075662714e+00
2.389113222429456673e+00
2.429936216919001080e+00
2.585991572198019117e+00
2.656059436924257167e+00
2.479827678053586393e+00
2.351009027790877948e+00
2.573393289444653398e+00
2.448327419298595764e+00
2.680740279783847324e+00
2.730255356299337688e+00
2.764197483423163515e+00
2.803271052605577740e+00
2.852167884269670495e+00
2.391728745957693469e+00
2.726275407193141209e+00
2.875332506595947191e+00
2.652324580396087761e+00
2.264584020510147955e+00
2.198847040583290724e+00
2.308939622725344698e+00
2.447169683372075522e+00
2.822840226009406095e+00
2.379472037702122122e+00
2.856879746528451669e+00
2.639678225667000611e+00
2.806744696717565546e+00
2.465430066757029692e+00
2.635011730963422671e+00
3.005471694194087995e+00
2.179173271500923548e+00
2.321726687243733434e+00
2.159542395347023636e+00
2.745295350852081651e+00
2.763951050035507340e+00
2.591894073521284980e+00
2.829481131412183270e+00
2.431261421540310330e+00
2.222413523743828723e+00
2.613325215300747573e+00
2.108469596584787276e+00
2.613715741595694197e+00
2.642593155629558321e+00
2.356863532737858868e+00
2.590542947339415036e+00
2.775973575865949172e+00
2.449570076978095479e+00
2.338174696095778771e+00
2.159580088862119496e+00
2.185767024069347197e+00
2.327194622487120501e+00
2.793663249350255118e+00
2.628306609049796627e+00
2.231426043230782863e+00
2.577782391144043395e+00
2.597083155363756113e+00
2.317225195784024638e+00
2.395748704720399136e+00
2.757030401242429818e+00
2.818452073266871416e+00
2.238525226719140448e+00
2.050482016586568257e+00
2.077911600191723274e+00
2.615972996353598479e+00
2.314685263027119522e+00
2.758499342625753137e+00
2.345305110671827009e+00
2.109793499735348909e+00
2.546776735828547356e+00
2.557933453858085571e+00
2.741776399344809434e+00
2.187426074135420340e+00
2.700074371699720643e+00
2.876941731064649233e+00
2.869265546163549008e+00
2.936801515183410149e+00
2.015174881914108873e+00
2.679808490572091362e+00
2.408532969826390868e+00
2.267962574498869177e+00
2.408476735304716065e+00
2.282965057483912208e+00
2.522396854227818785e+00
2.624289353627197841e+00
2.603385290861478296e+00
2.598718101726885887e+00
2.502791434601845388e+00
2.334514082768298415e+00
2.246044114343364040e+00
2.778818777707572352e+00
2.565906955994628369e+00
2.143903348856367685e+00
2.322166985548395068e+00
2.545726346897228431e+00
2.489751501297465808e+00
2.714812118592953460e+00
2.236687600242456053e+00
2.911839451740378948e+00
2.692887011363772842e+00
2.307235538510468587e+00
2.410905345464252392e+00
2.332570558227385682e+00
2.518817533669105657e+00
2.394776248365270366e+00
1.844924689147201091e+00
2.723871116025579298e+00
2.845604499233906459e+00
2.422638261821969508e+00
2.660217609766492242e+00
2.839534417499366192e+00
2.609168750225593136e+00
2.453150154338409106e+00
2.309703988069520708e+00
2.700179246071996886e+00
2.429104539041244237e+00
2.463691015836287690e+00
2.417639830425937220e+00
2.432870901886329484e+00
3.123245267160488225e+00
1.987427224479148657e+00
2.043380795980204390e+00
2.384702935778383548e+00
1.995205730206972339e+00
2.180915771110087942e+00
2.103645748352868772e+00
2.482196280736106431e+00
2.290879460981587012e+00
2.696891132530193413e+00
2.810031532555631983e+00
2.652865957359094917e+00
2.611198570919036399e+00
2.955038118361701827e+00
2.908951942758803977e+00
2.475038891117367079e+00
2.231849727185068133e+00
2.617100117840286178e+00
2.408022708274162316e+00
2.227554962434911801e+00
2.811107145309089450e+00
2.025411700671524429e+00
2.772449743105398046e+00
2.322158203001783772e+00
2.581518424867543793e+00
2.867732005686085106e+00
2.995463091676911827e+00
2.603746357039169901e+00
2.253645763851042538e+00
2.169584823910633453e+00
2.567868961882957546e+00
2.776578022734768059e+00
2.130135532741017634e+00
2.270557064321705454e+00
2.574999812061588234e+00
2.304777260924157467e+00
2.196818139505548384e+00
2.593089642339034384e+00
2.516827699041417787e+00
2.854782942677431823e+00
1.793511036146002047e+00
2.637484667864024690e+00
2.288080625160759940e+00
2.216974392443263664e+00
2.791928262745706490e+00
2.036953862878680077e+00
2.459541589518118965e+00
2.979885275584293947e+00
2.348631801658472185e+00
2.493567489928665282e+00
2.204285123935627588e+00
2.358970950406560796e+00
2.371708751393359016e+00
2.711965020477887123e+00
1.959334422942898613e+00
2.187520750681903436e+00
2.103947828363877726e+00
2.438413024439712196e+00
2.721147864527819760e+00
2.986125696628804338e+00
3.017267884475331563e+00
2.477813260700217679e+00
2.230272352201601471e+00
2.352763074343056982e+00
2.117444408393541977e+00
2.331765357725326560e+00
2.490466593656414318e+00
2.504607750444835190e+00
2.617711106183669312e+00
2.620919989466095945e+00
2.622480497662223797e+00
2.795895487099787413e+00
1.878796612583732539e+00
2.594488421547611168e+00
2.715842410411070329e+00
2.271758319698462536e+00
2.589640717978498152e+00
2.360737537576814926e+00
2.731857896870106828e+00
2.267811449082602238e+00
2.612260384057058182e+00
2.788997277211199499e+00
2.486463675596490397e+00
2.701718008668993143e+00
2.725741283589748321e+00
2.741359975823432826e+00
2.491775098696813906e+00
2.409083144522298880e+00
2.131634291816037141e+00
2.759966282984349206e+00
2.371949103984428930e+00
2.895132259521726592e+00
2.471112701234984943e+00
2.418190553975716917e+00
2.452980706411619582e+00
1.828678784515653355e+00
2.588060102302914167e+00
1.951022708638897818e+00
2.645896129194333479e+00
2.465953907893243091e+00
2.253795975841168087e+00
2.407976499783685220e+00
1.820102412492350163e+00
2.214838708542838042e+00
2.913972284687143866e+00
1.925996943396601324e+00
2.889254400650132837e+00
2.165084345745727390e+00
2.534136687790896403e+00
2.404126767857612812e+00
2.511676598264921623e+00
2.580507671587250584e+00
3.006313998072718707e+00
2.456034341122169451e+00
2.230131075868362345e+00
2.484946132887277948e+00
2.786362573629419526e+00
2.695223852023346023e+00
2.937761524822342984e+00
2.791172942978348281e+00
2.199550217656854212e+00
2.166342481376622331e+00
2.239805726224591176e+00
2.279836733126115789e+00
2.849490479616414884e+00
2.628554706670703567e+00
2.348491149420481428e+00
2.030769390173615463e+00
2.318780238194859233e+00
2.812562882487885663e+00
2.277507420019897477e+00
2.451229218522730235e+00
2.607916224303472585e+00
2.180444743092134985e+00
2.567996948252008860e+00
2.736918200220340047e+00
2.524985585418904943e+00
2.787401114568056393e+00
2.672307026149054465e+00
2.731699906466453331e+00
2.447107330839505046e+00
2.158838755778515139e+00
2.206344503796990431e+00
2.780843632048645375e+00
2.302172860848130220e+00
2.829232470714716285e+00
2.205393574829300096e+00
2.529776620109998930e+00
2.401621683007592267e+00
2.592536013519819438e+00
2.978100130975902538e+00
1.740426305429773279e+00
2.458833715052338942e+00
2.672396267912763079e+00
2.352767750939526614e+00
2.422548288479571266e+00
2.641759769669966840e+00
2.651450212331659451e+00
2.144813002608188857e+00
2.643608376964919238e+00
2.440139439881237049e+00
2.536404885262719677e+00
2.376942322028247290e+00
2.649378715288055908e+00
2.438870684410283207e+00
2.376860373208195210e+00
2.228616808753483891e+00
2.992235972534361022e+00
2.571791928670855487e+00
2.925159447950979263e+00
2.886793732585623218e+00
2.499796700986507858e+00
2.514107517008320247e+00
2.528009925937800606e+00
2.407546673518163871e+00
2.550098334935658073e+00
2.222270966809673176e+00
2.498126483858865932e+00
1.934538031726092955e+00
2.792818384742600024e+00
2.467653226971346925e+00
2.816374195624264942e+00
2.525204203155811733e+00
2.226617469261424453e+00
2.800399805489977023e+00
2.372549550041021860e+00
1.786200695009665385e+00
2.537942286101520839e+00
2.565969806153884480e+00
2.184334747409366617e+00
2.341777505383543900e+00
2.988908870178024202e+00
2.393186680033962954e+00
2.125623222799712053e+00
2.510533635432759869e+00
2.303482282075654197e+00
2.596889452006114318e+00
2.554394949245665902e+00
2.377384670643311271e+00
2.292398901210201956e+00
2.316818066684294575e+00
2.529985486137351636e+00
2.641090039706944559e+00
2.401648139345893274e+00
2.483739606936004485e+00
2.773005033121281659e+00
2.441561992475529408e+00
2.594076737679762878e+00
2.324482504278153172e+00
2.821514911253968805e+00
2.613825408056162480e+00
2.459997615205420374e+00
2.962236376303458485e+00
2.777913899473872128e+00
2.305359408117192199e+00
2.097725333889858934e+00
2.334719000011301837e+00
2.568616177355218078e+00
2.160298772857467853e+00
2.192958551601777550e+00
2.211902263032608396e+00
2.380419321767317964e+00
2.873320810908318368e+00
2.334766641395644715e+00
2.242344579390135095e+00
1.777587758953144137e+00
2.627335751917792450e+00
2.748578317960380435e+00
2.888002635523797323e+00
2.519397759288328320e+00
2.640248874772558541e+00
2.851288748911098736e+00
2.470575601424318979e+00
2.278012927865760595e+00
2.520507217460405069e+00
2.693190242010854440e+00
2.384307557867345828e+00
2.396587293382877792e+00
2.294502604301784210e+00
2.732139649079221133e+00
2.194846568113804963e+00
2.522519534800784946e+00
2.319363663951600429e+00
2.766483937027737205e+00
2.939348284015016688e+00
2.597041076407721860e+00
2.218471743896394788e+00
2.199719018070827037e+00
2.147587619278803928e+00
2.841520014404667727e+00
2.658651934877537926e+00
2.343986006481753925e+00
2.345201101851252190e+00
2.559956011526894670e+00
2.652353162671440057e+00
2.055605558110747300e+00
2.821511484749957610e+00
2.742723623556332591e+00
2.962378630080724218e+00
2.428921959728692848e+00
2.377166857259733312e+00
2.767324236009504723e+00
2.704605817492217401e+00
2.222203928900895242e+00
2.643838384387387830e+00
2.181322146682334040e+00
2.087786571802989322e+00
2.168402585927224901e+00
2.719682611062286259e+00
2.129452465894122515e+00
1.948569325984673473e+00
2.695517920446532933e+00
2.850240111400193399e+00
2.154244230184637399e+00
2.164946383510998107e+00
2.662202323880795252e+00
2.746718971246302488e+00
2.391218200495117685e+00
2.321413581556964534e+00
2.898006939695819906e+00
2.878294716723404978e+00
2.632954020570965614e+00
2.233055819470405989e+00
2.811199357636861240e+00
2.682908333831180325e+00
2.179779642908704851e+00
2.072829427795933377e+00
2.441866472363004803e+00
2.450928814664898425e+00
2.704172202470110253e+00
2.722688695183079766e+00
2.532859788785649879e+00
2.238048464873224397e+00
2.871870793480357342e+00
2.478620252642422361e+00
2.055760992612093219e+00
2.449372528031070750e+00
2.819655439665945451e+00
2.932973741175218585e+00
2.157926240591166778e+00
2.582533391987037241e+00
2.467014906226314253e+00
1.967133031242499941e+00
2.521139569560435056e+00
2.656804311436748556e+00
2.643798491636231596e+00
2.525585500562807617e+00
2.382283771978842335e+00
2.486571231085682676e+00
2.525227052339911626e+00
2.445723229777120533e+00
1.952247864035856928e+00
2.532950555649631674e+00
2.203285621243785464e+00
2.883825928547607109e+00
2.318233111223409360e+00
2.539804644144243451e+00
2.534765632848204220e+00
2.060077877615560826e+00
2.160019818380830792e+00
2.432123056629821978e+00
2.357205232526893735e+00
2.856661946310132816e+00
2.369821476609187627e+00
2.727474656698916089e+00
2.628519097164369711e+00
2.534407251126816529e+00
2.534811265856870222e+00
2.495442898446001756e+00
2.578354606508121982e+00
2.889245393770396131e+00
2.180329403576564129e+00
2.165299016937686893e+00
2.348105817675494755e+00
2.059531954213598581e+00
2.483210353039459584e+00
2.626242156875402856e+00
2.307816407048285612e+00
2.234540701920021633e+00
2.434464558898939757e+00
2.580184483092060166e+00
2.602227418347366150e+00
2.133457943680777902e+00
2.835471739759392040e+00
2.634089015175810289e+00
2.452011327102039395e+00
2.804044356403952332e+00
2.589082169765277719e+00
2.016017218711974479e+00
2.590485831526207150e+00
2.485543314480121779e+00
2.435093320277242235e+00
2.224578790351293467e+00
2.645827476561261271e+00
2.796158582717953589e+00
2.808492574501864514e+00
2.270118026562626845e+00
2.636208833903970650e+00
2.636631661353971978e+00
2.439149198295220256e+00
2.721884402797743352e+00
2.809388413743770574e+00
2.471226111204688269e+00
2.293072613544791416e+00
2.375185572023087222e+00
2.614857416476657814e+00
1.844363276545605723e+00
2.646507965307786314e+00
2.634250112599719529e+00
2.934994108291870685e+00
2.083248018623215181e+00
2.326627079511311091e+00
2.396949265559844111e+00
2.512934923984754043e+00
2.159900299661696721e+00
2.674430948624914262e+00
2.820151029379025509e+00
2.335321916268262132e+00
2.163900496834612497e+00
2.729004373997794719e+00
2.620067279394924675e+00
2.552240330443715788e+00
2.547374561772035140e+00
2.732772419327860192e+00
2.409209507618079726e+00
2.558285441146069594e+00
2.989484421928908731e+00
2.516835887000560490e+00
2.529251286571466029e+00
2.674569046066842315e+00
2.558763893336065021e+00
2.574983934284668763e+00
2.742749297046140011e+00
2.835611433277803073e+00
2.332234996479869871e+00
2.542182922110622023e+00
2.239836622807877653e+00
2.145490847464552431e+00
2.433303904749224422e+00
2.164990326586916147e+00
2.293553330159427972e+00
2.838976353641482486e+00
2.179244792615000037e+00
2.423042044481085622e+00
2.338541963532133394e+00
2.274471536801987437e+00
2.600054355265727590e+00
2.132160248819050086e+00
2.304582267815135310e+00
2.744680818104000330e+00
2.070599371937401845e+00
2.746283210661938590e+00
2.423336270179529350e+00
2.292426106592625690e+00
2.338382483386514110e+00
2.619442434129862107e+00
2.657141194080445246e+00
2.126103035442199030e+00
2.362308890076650680e+00
2.316886229923609264e+00
2.121895622770395562e+00
2.696989468308374605e+00
2.098178235010553117e+00
2.060113652913545756e+00
2.821981349961411922e+00
2.392418485318230204e+00
2.045426242661041005e+00
2.643713415476719675e+00
2.808952660475643626e+00
2.558769775698503945e+00
2.378317415275737812e+00
2.957147258386136901e+00
2.685806000009621997e+00
2.575416911251690255e+00
2.278557946388640509e+00
2.305969085605159563e+00
2.737734331826673362e+00
2.512130488369183290e+00
2.767962800090300934e+00
2.583452963838133609e+00
2.125917493787523149e+00
2.463411616159564943e+00
2.122544797729907451e+00
2.396901082167210539e+00
2.781589052084623148e+00
2.834742746144970127e+00
2.513154723679795310e+00
2.323107342907902328e+00
2.781334522865115844e+00
2.209363892590666900e+00
2.451504217075752834e+00
2.614661075068723584e+00
1.943216903164406872e+00
2.782194110364526018e+00
2.746053919637266194e+00
2.534126936183863421e+00
1.901357824993594292e+00
2.568416091103810306e+00
2.657330694029625295e+00
2.308897000486659135e+00
2.571936090017685306e+00
2.799723336052903466e+00
2.551284599984100954e+00
2.463244281737734021e+00
2.806582055371450224e+00
1.960474692380338224e+00
2.373129397557087295e+00
2.267285343011121945e+00
2.686853208249682101e+00
2.570257928125848412e+00
2.632978360768613690e+00
2.473484288120870289e+00
2.201103997991227690e+00
2.322267486139418580e+00
2.894985658141011164e+00
2.291086854241517479e+00
2.189267200174926042e+00
2.742044952340562780e+00
2.454321721260578570e+00
2.492777607009605489e+00
2.664902396451027222e+00
2.287852023564611592e+00
2.214146845238852634e+00
2.429507474761841035e+00
2.485906539769019208e+00
2.756828858463851173e+00
2.145571292386323492e+00
2.683114890116903517e+00
2.463832353887823068e+00
2.652223297657801737e+00
2.312676519414829546e+00
2.410762993130534326e+00
2.631953104149401312e+00
2.702194772242537457e+00
2.715470910315748831e+00
2.105313874113138528e+00
2.699634666797333438e+00
2.734272215311920551e+00
2.929746223639804636e+00
2.689994173570699587e+00
2.468605390403486144e+00
2.312173582050435439e+00
2.802185036454754030e+00
2.882981183204498699e+00
2.620766911931414533e+00
2.825723203030998221e+00
2.768184209393219852e+00
2.333109932282316556e+00
2.577112418115290016e+00
2.446725700905482803e+00
2.503344618915279263e+00
2.053262424580922563e+00
2.503749457981963022e+00
2.660764308690632518e+00
2.334821569545043385e+00
2.249670538140063236e+00
2.423759361849167959e+00
2.735061168026581946e+00
2.408351980830766070e+00
2.818114137199064118e+00
2.626017125661054941e+00
2.691926412238737853e+00
2.611586080616310035e+00
2.424870130592264417e+00
2.725249989150627883e+00
2.441482773593846911e+00
2.577674715911645542e+00
2.604330880849622609e+00
2.545277660953684240e+00
2.404760287623296300e+00
2.002291314102226494e+00
2.699082762865550933e+00
2.799339478644408796e+00
2.664347045272841275e+00
3.086168722214229554e+00
2.470232170457380416e+00
2.847324782381921882e+00
2.599728109542664978e+00
2.976516045034136138e+00
2.978374771970770052e+00
2.537611013116475522e+00
2.555189009600297823e+00
2.347995976487272429e+00
2.314116539260850924e+00
2.429973502362321902e+00
2.409666842731291947e+00
2.442998692875614886e+00
2.118494825974484463e+00
2.555834050240742172e+00
2.720513924280978379e+00
2.630651313308743244e+00
2.526460746254265644e+00
2.308836100635407895e+00
1.935975955215933686e+00
2.509200803175246186e+00
2.301085319750959979e+00
2.018024598086273880e+00
2.342721688029589355e+00
2.100763878932820905e+00
2.908141473585303061e+00
2.800795944241199376e+00
1.986177475099043299e+00
2.170976488536155102e+00
2.464832163691736078e+00
2.507328799574395362e+00
2.235515958420158267e+00
2.644916602256841109e+00
2.723421510560202208e+00
2.485388682587761799e+00
2.575164803185822748e+00
2.493511550115843800e+00
2.952650789886259286e+00
2.704700761874865744e+00
2.752520399336947587e+00
2.081712761219851160e+00
2.529282463107850099e+00
2.339455147552304215e+00
2.743292021317502716e+00
2.773980501349581740e+00
2.323414466443053161e+00
2.526839756665991477e+00
2.470997378973508685e+00
2.406076871604523326e+00
2.098864815284457563e+00
2.709233085142390696e+00
2.073739936980891763e+00
2.764489415458142751e+00
2.197542022240885018e+00
2.512940874457127105e+00
2.331575668366538956e+00
2.218013887878457435e+00
2.378984983088098915e+00
2.600682556324068084e+00
2.475448914467494266e+00
2.808036378762625684e+00
2.526049285137112577e+00
2.460931479427450164e+00
2.691413343046942241e+00
2.548168893672221991e+00
2.700029116055637779e+00
2.873155976193276562e+00
2.397909445088190594e+00
2.283649315962583692e+00
2.053616611057311303e+00
2.695450811824573467e+00
2.269046582461366146e+00
2.643568575718048930e+00
2.324974338795414042e+00
2.658736513810530777e+00
1.991295933277194896e+00
2.666849048264641198e+00
2.443565689177388478e+00
2.175770585907546018e+00
2.528534621093601942e+00
2.503863685409239981e+00
2.653956262623716977e+00
2.514016427041636526e+00
2.698281481280884631e+00
2.187498991468233900e+00
2.493761373514714830e+00
2.579853977263657949e+00
2.357949474815726365e+00
2.819264200723033298e+00
2.276826082203521562e+00
2.552358666393512276e+00
2.462068660812051668e+00
2.187949617305236405e+00
2.331228246588669784e+00
2.506638026279039977e+00
3.021503251177173777e+00
2.563018737678420145e+00
2.718673217092094418e+00
2.469260238119025175e+00
2.761944547877763778e+00
2.612054737544737826e+00
2.515454319059422517e+00
2.333145792872778124e+00
2.632219063837033080e+00
2.228279471933288569e+00
2.057830363164345755e+00
2.823186799267169533e+00
2.421241902615398178e+00
1.966301168518441500e+00
2.652320018971106919e+00
1.967415008129483223e+00
2.386811082586557831e+00
2.449162789977817667e+00
3.039718114477610200e+00
2.522697355289366339e+00
2.068107624620175500e+00
2.505332995329649926e+00
2.936605330222295862e+00
2.620842113055756428e+00
2.907308277668767094e+00
2.205086550392238109e+00
2.764639227428989265e+00
2.735788730112342027e+00
2.099858659442819686e+00
2.822551831312460902e+00
2.494326112013821817e+00
2.053685268323346413e+00
2.588279286149853142e+00
2.333152035849336947e+00
2.918514657185097061e+00
2.461774353064696719e+00
2.137314644361536509e+00
2.261665089984690624e+00
2.797801184802106711e+00
2.372010097997809819e+00
2.421675713628242299e+00
2.314680258524187906e+00
2.540500515468479215e+00
2.511112614059142878e+00
2.361136304209009218e+00
2.555665970911908502e+00
2.504049964537986561e+00
2.413737049305630045e+00
2.196080731851578705e+00
2.499357146063645008e+00
2.534708650766970717e+00
2.521209760118620746e+00
2.186155552235678812e+00
2.240400607676914291e+00
2.873310124857055392e+00
2.479394611861962527e+00
2.591613430061273871e+00
2.799530085605935970e+00
2.695776535646236205e+00
2.702210487679457263e+00
2.728815880786561010e+00
2.294294287667403509e+00
2.589258932322519691e+00
2.458442639576728705e+00
2.705844874135501676e+00
2.340688624498495241e+00
2.032248523861931666e+00
2.867681560666367702e+00
2.535009412697701414e+00
2.078754942658618710e+00
2.551244061196945800e+00
2.454137587025696288e+00
1.926765805445562307e+00
2.689974708554095262e+00
2.478290028210848206e+00
2.820759880608670223e+00
2.779423411896579044e+00
2.130214069589437820e+00
2.669354483110889298e+00
2.239723425858676897e+00
2.331397427825191659e+00
2.672907728017892115e+00
2.584128507305005318e+00
2.571593578882058750e+00
2.602522239696327233e+00
2.509496932843022776e+00
2.458622155167605516e+00
2.441590204228197614e+00
2.915907550413336935e+00
1.921926621451035988e+00
2.435438101688891521e+00
2.091946413546022399e+00
1.905808696019552384e+00
2.558360614640074360e+00
2.613511170537212713e+00
2.505258864305234034e+00
2.402995796309386201e+00
2.419360241165889658e+00
2.713259625764475214e+00
2.625952036629924269e+00
2.271793500507934382e+00
2.321178344549799100e+00
2.307391242402165421e+00
2.993149949436762380e+00
2.879340453486502582e+00
2.714470604795653941e+00
2.555380824533203032e+00
2.259919517854014792e+00
2.623552889168633051e+00
2.604184804170995626e+00
2.553231980278448887e+00
2.618622984918339114e+00
2.715271493176331763e+00
2.365037671529666596e+00
1.910355844297320305e+00
2.798398845549128655e+00
2.769096914018579714e+00
2.451469415420787001e+00
2.835663638809691189e+00
2.609806048488694685e+00
2.296858195898663801e+00
2.793622255441169155e+00
2.870134264862318929e+00
2.850191115855994273e+00
2.884493769739262081e+00
2.607885889435411997e+00
2.753345759003780646e+00
2.369080893704618607e+00
2.184429387212631468e+00
2.879373376338348667e+00
2.730616312526836342e+00
2.297450870255430377e+00
2.791989929981654406e+00
2.832794771225025432e+00
2.695017891387429643e+00
2.473134361652432389e+00
2.907245256263219613e+00
2.632824924369709496e+00
2.533728184232610481e+00
2.524309758022180272e+00
2.676530337285516481e+00
2.934714171150310857e+00
1.859753693526715823e+00
2.863431265774407208e+00
2.843246062571394450e+00
2.322810126734749403e+00
1.799547505711678763e+00
2.068563520775179576e+00
2.738011889731381654e+00
1.961328890344524956e+00
2.662053689554011893e+00
2.556737518517074648e+00
2.735254151065841910e+00
2.627616508146526808e+00
3.092137986582472742e+00
2.750301204716674608e+00
2.535720178080902443e+00
2.809526570426306602e+00
1.999308413670876527e+00
2.510964082422036725e+00
2.022026526453958972e+00
2.445392143965549714e+00
2.826242597098835851e+00
2.690271830547927401e+00
2.163681612503665974e+00
2.659042384358571098e+00
2.685265727881909648e+00
2.578538222386519863e+00
2.650626173987595813e+00
2.662471563577589961e+00
2.434741842441625614e+00
2.592765612231181294e+00
1.858984056483798497e+00
2.332842969480185324e+00
2.723816252924393666e+00
2.338860479404042181e+00
2.427798045098804813e+00
2.623329625655456354e+00
2.762228571377536301e+00
2.675180398771046519e+00
2.279576529496130988e+00
2.308727781664264622e+00
2.556574715922044660e+00
2.578665920554016555e+00
2.811074023966201985e+00
2.579241274280393181e+00
1.853202905691714530e+00
2.346725907204658235e+00
2.662259696632882644e+00
2.960836644692024677e+00
2.613582736590425615e+00
2.673092432137032848e+00
2.807091827339369683e+00
2.522674506911752879e+00
2.808639132885023315e+00
2.145958098797851488e+00
2.264257477946514996e+00
2.419164974883313501e+00
2.731914211165365813e+00
2.435789946582239907e+00
2.709870207537169229e+00
2.399918682374123868e+00
2.670339327051615363e+00
2.710077151374418403e+00
2.989391706327676701e+00
2.482563202051872420e+00
2.957278832584219419e+00
2.698822029358812546e+00
2.376456238566607926e+00
2.454403726275571795e+00
2.227350329323356526e+00
2.733813117778006951e+00
2.361832301848060034e+00
2.673773248905304101e+00
2.703377065760375064e+00
2.991873544719423794e+00
2.402414773267592452e+00
2.234204020820052428e+00
2.383170596919198303e+00
2.547279959323611731e+00
2.827014159368983037e+00
2.707423562782508064e+00
2.320379474205989112e+00
2.177958299274867393e+00
2.504460175978447722e+00
2.336054972596258494e+00
2.653118715871202404e+00
2.745262704613896432e+00
2.435492436239074632e+00
2.229139895179719222e+00
2.349156055045712677e+00
2.609389616610473084e+00
2.587970403328966107e+00
2.625015628485837915e+00
2.333740533885483082e+00
2.567683427778300054e+00
2.850687744662861345e+00
2.804950399276488149e+00
2.463515380841497127e+00
2.660489831898242841e+00
2.669965802980045488e+00
2.615679482431731095e+00
2.731532133922150329e+00
2.385498058448428882e+00
2.343625313312319935e+00
2.671039724192541875e+00
2.412804913200941037e+00
2.358313277749887860e+00
2.323958488265730260e+00
2.894531708462223296e+00
2.765475592254001302e+00
2.567989955885770392e+00
2.497160256127720412e+00
2.707369473801612525e+00
2.882805067997311621e+00
2.544216306200532518e+00
2.636972329961197126e+00
2.398171985416506224e+00
2.718796179473626395e+00
2.363991056986527006e+00
2.505698264743634329e+00
2.670291154471723161e+00
1.863302808274339473e+00
2.765466819290143263e+00
1.951591073233349682e+00
2.615332103789036466e+00
2.937272215751623339e+00
1.935540294858924204e+00
2.592106431571179037e+00
2.643244417602555796e+00
2.319682711547693899e+00
2.242668832349051122e+00
2.387112342348181038e+00
2.032067591563883280e+00
2.322835883920740585e+00
2.151336696618194821e+00
2.634290452893918832e+00
2.728474806789775275e+00
2.379767330547582382e+00
2.595351500638007458e+00
2.025163920582350841e+00
2.591167473275039601e+00
2.718172202828904815e+00
1.970774146663369031e+00
2.193981699443931177e+00
2.436476120386269706e+00
2.465578178191231373e+00
2.288551527990195567e+00
3.009783651423740825e+00
2.452143944212406890e+00
2.723040299801432695e+00
2.727838478234427821e+00
2.667385728839857695e+00
2.482025250013701001e+00
2.671683365527752319e+00
3.031965158716259268e+00
2.851948298944548821e+00
2.530904931518935363e+00
2.796710351137928541e+00
2.784088545655464486e+00
2.473604172145142943e+00
2.475554370030310203e+00
2.511693481092779567e+00
2.373035968136790963e+00
2.371813494471044947e+00
2.136815519220210291e+00
2.715682642071238995e+00
2.206532428467583795e+00
2.510307136028868236e+00
2.329362324497565417e+00
2.660186797676133530e+00
2.742962414654559034e+00
2.607413106668712288e+00
2.431336296657440776e+00
2.741275598280710213e+00
2.668678794659625986e+00
2.736248540315727507e+00
2.010454492044211783e+00
2.573976549843564499e+00
2.763077741274707844e+00
2.774739747152508151e+00
1.994445355646703000e+00
2.621716429236215617e+00
2.715023196353623547e+00
2.421187895010336266e+00
2.492999891608920215e+00
2.252069846627930083e+00
2.765539276482686049e+00
2.532953696069189853e+00
2.436924498909855519e+00
2.633288025818507627e+00
2.595632635311289960e+00
2.611400280629681436e+00
2.443323273592194589e+00
2.672730700011425320e+00
2.850097053329951891e+00
2.141972781338818521e+00
2.740793661911967938e+00
2.533589032670578778e+00
2.643751606254091335e+00
2.423420674577331901e+00
2.883515500768913498e+00
2.958816361495468783e+00
2.521648855472089501e+00
2.787252776141971644e+00
2.550761230444712258e+00
2.695926075831199142e+00
2.249052831169377598e+00
2.381956243832405562e+00
2.839030831315209724e+00
2.311355476500184913e+00
2.666078505289456224e+00
2.610833291585437532e+00
2.273126707052909534e+00
2.505702303939379760e+00
2.739713593756449850e+00
1.804911523606348434e+00
2.378435611510223868e+00
2.313768966033183716e+00
2.734545917152215289e+00
2.505696114444917022e+00
2.314538884134915264e+00
2.151376230036635917e+00
2.164261988643190637e+00
2.304198885679805908e+00
2.314870023583706971e+00
2.190853366720990181e+00
2.440386195529246738e+00
2.347292841545137065e+00
2.473662391779229974e+00
2.439022668281040751e+00
2.858959763547233024e+00
2.599448926839347251e+00
2.599063231681816077e+00
2.583174775905634046e+00
2.204611444479366078e+00
2.795049993839907820e+00
2.828736127434049230e+00
1.915020579011827762e+00
2.199548035271877922e+00
2.604109438007531807e+00
2.480714349459497647e+00
2.433990656375612183e+00
2.408675459985890388e+00
1.680568090363304012e+00
2.809040967484794482e+00
2.551659208054338990e+00
2.222432631251106905e+00
2.906912147918014444e+00
2.480719521011121032e+00
2.440355870440724217e+00
2.326638248971302225e+00
2.220392141747785875e+00
2.432585757641604118e+00
2.661752788166215744e+00
2.301300925597523861e+00
2.571770871777858236e+00
2.301049693495178960e+00
2.840074598768628444e+00
2.748740181625180412e+00
2.615778496746874016e+00
2.442640318529154086e+00
2.078563777755429332e+00
2.806442963737280749e+00
2.451039008596852753e+00
2.714198441961648278e+00
2.493398006703290370e+00
2.649316262983453463e+00
2.617796678102637387e+00
2.568758717471220088e+00
2.201139573056485332e+00
2.654739571384845398e+00
2.228837227868228688e+00
2.319913958183416280e+00
2.363729356530122505e+00
2.813769866491202976e+00
2.567401971508744385e+00
2.293597279368717601e+00
2.052688049569293405e+00
2.325080558981192702e+00
2.767467080668476243e+00
2.467408907743856794e+00
2.258774504595531418e+00
2.679060868610840362e+00
2.425627768247410110e+00
2.450276442183819015e+00
2.708604924266815761e+00
2.057752851068412880e+00
1.941425280491817063e+00
2.744613517005736636e+00
2.512139093950167990e+00
2.537432478477146258e+00
2.707865187489630010e+00
2.645475480402228907e+00
2.619809254065004644e+00
2.170985317970224315e+00
2.212438593649460827e+00
2.767656623495511781e+00
2.432697500309640937e+00
2.882365738324934590e+00
2.761360762990941353e+00
2.873971482345047068e+00
2.598396080179953493e+00
2.421980281853350458e+00
2.257528457631877927e+00
2.619492361561825966e+00
2.315003077411963872e+00
2.959018911519094353e+00
2.691353848350570566e+00
2.294420418251094329e+00
2.278923187068674139e+00
2.142633288136329472e+00
2.705274273346692127e+00
2.346766835112155114e+00
2.497832126821190712e+00
2.939883491076201061e+00
2.361930125308705719e+00
2.441317933129603546e+00
2.094466224711979407e+00
2.696359902665432351e+00
2.613711545521750779e+00
2.218814613661302282e+00
2.369745970433683624e+00
2.258670302451846190e+00
2.309899559812806480e+00
2.696476699547178502e+00
2.461887965313026783e+00
2.648696922550207944e+00
2.745300942245534337e+00
2.472405317230224053e+00
2.649958176467275273e+00
2.792667507274153138e+00
2.124626636475599462e+00
2.019296824018813830e+00
2.261699878772970074e+00
2.465306105372143897e+00
2.332262047794094517e+00
2.733337367301229115e+00
2.745051620620924560e+00
2.493972093910268750e+00
1.831482793839964263e+00
2.739273568684056581e+00
2.585875338091702336e+00
2.305578834945503530e+00
3.069247907631188710e+00
2.493763205369428082e+00
2.681297400583727786e+00
2.635132159779159267e+00
2.350434274944773083e+00
2.685958111873512966e+00
2.792950121474238045e+00
2.439046981242010581e+00
2.353937421968366195e+00
2.391225398843991101e+00
2.534221808306474699e+00
2.944997586712998494e+00
2.016339304034919344e+00
2.279805855935503001e+00
2.786406052062202487e+00
2.574312605611963622e+00
2.636243259999975663e+00
2.190233579068103786e+00
2.051517978994643165e+00
2.429832970195849207e+00
2.174054978680711514e+00
2.076574639846082260e+00
2.721879611355093154e+00
2.676841880060530254e+00
2.326923851559773215e+00
2.692403951288400599e+00
2.921660406387420306e+00
2.095862234216888442e+00
2.822873702462648904e+00
2.635800284088571921e+00
2.230764875352967636e+00
2.919651848535200322e+00
2.719377832446216114e+00
2.964823031573457168e+00
2.777017994833239634e+00
2.784421999849865159e+00
2.554075972631039804e+00
2.216770999269069176e+00
2.354742203143814105e+00
2.756211320859165870e+00
1.935864300624865475e+00
2.563634415016754264e+00
2.550484784712448327e+00
2.782922308607683970e+00
2.804930602582687893e+00
2.529151209764000541e+00
2.719711409181831741e+00
2.663394740156236562e+00
2.233426588841700866e+00
2.430007239440507227e+00
2.585378313359218527e+00
2.590184308969472493e+00
2.254748844137965502e+00
2.086741094552063025e+00
2.041792204323783722e+00
2.262304004277519986e+00
2.851402220362745155e+00
2.322071453427784427e+00
2.896364355621424469e+00
2.224575703455657916e+00
2.439174984322780126e+00
2.288069904333092985e+00
2.388942694332869099e+00
2.467053241084862236e+00
2.776915934469096570e+00
2.536288531412731029e+00
2.441402217121320994e+00
2.493559768435314794e+00
2.042138955054022542e+00
2.793365061653395376e+00
2.221245385123078009e+00
2.486792670097598634e+00
2.296614975876345000e+00
2.476165893294210996e+00
2.537452736654580043e+00
2.614432356857010475e+00
2.511281416962980018e+00
1.853648124621477100e+00
2.823302643584235661e+00
2.035794292645889847e+00
1.926650199991974510e+00
2.548794816381106720e+00
2.885921365219897172e+00
1.851986087496560129e+00
2.605739568274966889e+00
2.616024850439726546e+00
2.595300405087313855e+00
1.887503604901922927e+00
2.227649064749818386e+00
2.619055975823314952e+00
1.943870952366834048e+00
2.446910803531178846e+00
2.230169570921817890e+00
2.571769307718235531e+00
2.514802488668477665e+00
2.394975069431822590e+00
2.542134454019008061e+00
2.433773158850713436e+00
2.421852969829908275e+00
2.719842412772889073e+00
2.575981253285946515e+00
2.423249886939458975e+00
2.306201960963691899e+00
2.668031714288469303e+00
2.564638691019418104e+00
2.086188692572921610e+00
2.599098713422553164e+00
2.877013862422388435e+00
1.858375440444961946e+00
2.546433959871911235e+00
2.233327047067251048e+00
2.085022547290427575e+00
2.182893878662775400e+00
2.883511460990111352e+00
2.705777614907831641e+00
2.696272845695499853e+00
2.548847362974481445e+00
2.728409572100014557e+00
2.213802419548387856e+00
2.591160058302914404e+00
2.378403834408252315e+00
2.509220391866833655e+00
2.190023287720985312e+00
2.534634138609118459e+00
2.614568640441407243e+00
2.489572602566894943e+00
2.978656581134043968e+00
2.746477605470588390e+00
2.589326427095524519e+00
2.736416059772440068e+00
2.217209738549913656e+00
2.284197844954829026e+00
2.845429717541876347e+00
2.077622793430025538e+00
2.560691110798436032e+00
2.217476422749926179e+00
2.194674658367762987e+00
2.232642022734398157e+00
2.614573626847116916e+00
2.702983420508911827e+00
2.618328496423031115e+00
2.835296218572606275e+00
2.589377916570855476e+00
2.785207679096931344e+00
2.425261145571806942e+00
2.106007673677741998e+00
2.497381023590882876e+00
1.722273554981163413e+00
2.462537146503515739e+00
2.731605761928971088e+00
2.433096263811487248e+00
1.976938176885280063e+00
2.517439639298639786e+00
2.049078528793968346e+00
1.695690411020924548e+00
2.408986095371714153e+00
2.577282525533206581e+00
2.813289203386949211e+00
2.257095810723666940e+00
2.440124110078350395e+00
2.398482167174332602e+00
2.658827746554613292e+00
2.686790301560446181e+00
2.969431981154092348e+00
2.741195627291642456e+00
2.586435709068273248e+00
2.800891090826265639e+00
2.282285899075219504e+00
2.167609620428566419e+00
2.733995746513812275e+00
2.549069085189577866e+00
2.421693154742613707e+00
2.231910956820639669e+00
2.500471856792993997e+00
2.453566602552023745e+00
2.509193909903063791e+00
2.264654415584380853e+00
2.603186252337018836e+00
2.689594506046474542e+00
2.792734873886590918e+00
2.615192316045390264e+00
2.267406139813402000e+00
2.538544826638989171e+00
2.116833667697647137e+00
2.051516250880517589e+00
2.593326013162740917e+00
2.709907379102223235e+00
2.434412964597114648e+00
1.786100088909652550e+00
2.377232292745786069e+00
2.685289271851538206e+00
2.502501077267698548e+00
2.449286815433635134e+00
2.067309958952054494e+00
2.454225008851466772e+00
2.666265103736629616e+00
2.312797269990694016e+00
2.061112961010667988e+00
2.446574870460950013e+00
2.554486057750494421e+00
2.255430844073191388e+00
2.501091476949832693e+00
2.300452258616709322e+00
2.521871271891343635e+00
2.609619209035921372e+00
2.366896538754449608e+00
2.620173791444923239e+00
2.473886043894542031e+00
2.396699973192740529e+00
2.013193152831989519e+00
2.749127349853872193e+00
2.712040999140504116e+00
2.127071511776621016e+00
3.008381966979613686e+00
2.386600565151094866e+00
2.183711700246276699e+00
2.541815462285496263e+00
2.508100363897683316e+00
2.509863281507080046e+00
2.341013582010487593e+00
2.389836070405589652e+00
2.771622362424499109e+00
1.898134290915343803e+00
2.875121568175442732e+00
2.272635300273196268e+00
2.739336918192051940e+00
2.506386841171215796e+00
2.882973526268603592e+00
2.490428642206787835e+00
2.720125672745772327e+00
2.844310501914459444e+00
2.518083176663445055e+00
2.576709776446239886e+00
2.401470906894978441e+00
2.310769667143527162e+00
2.699392594425355174e+00
2.329253304190236129e+00
2.494505950057763766e+00
2.656944972681284156e+00
2.300396246151601432e+00
2.982949324254680512e+00
2.177201478744239971e+00
2.587943987635749288e+00
2.580667321648800971e+00
2.757700089756345729e+00
2.183499647844806546e+00
2.438201842010641496e+00
2.519056508381653181e+00
2.955627368964640844e+00
2.615210035361470009e+00
2.227902350693958589e+00
2.766190954075363972e+00
2.701513653131926596e+00
2.660616346369468310e+00
2.500214566825034623e+00
2.828217945847991466e+00
2.657938722110463114e+00
2.009630823778870479e+00
1.883915226725344949e+00
2.442189400770662822e+00
2.891911325989361181e+00
2.638628372258226662e+00
2.418464486918676215e+00
2.326576238423978094e+00
2.842312922497290284e+00
2.082002512458833721e+00
1.969329980990626394e+00
2.159282417042477586e+00
2.830868218296987315e+00
2.748460472339521843e+00
2.665506686257018920e+00
2.662633478122706787e+00
2.324360961320489860e+00
2.266495398173402176e+00
2.792823743662188996e+00
2.578419474188787586e+00
2.398361576951991481e+00
2.869993331388027702e+00
2.695976937483235858e+00
2.552911694416990951e+00
2.485906050739361550e+00
2.401932011400639499e+00
2.295199736158248349e+00
2.285408262793572121e+00
2.627844246097735592e+00
2.634167998440445579e+00
2.790176418089259425e+00
2.532520500657168050e+00
2.531326254521760521e+00
2.556063411663042295e+00
2.513326375167681537e+00
2.188565142731261126e+00
2.506727583005556870e+00
2.296702361828232064e+00
2.699027892325548184e+00
1.772338356408353244e+00
2.355140245991212744e+00
2.550307290960259543e+00
2.786634500400889447e+00
2.122875577221068788e+00
1.912061969557112606e+00
2.239883852185642787e+00
2.593205601141369776e+00
2.707476054015204081e+00
2.526329589426191902e+00
2.387330974524539684e+00
2.867188433242411794e+00
2.440084646969710391e+00
2.375245336288050790e+00
2.022513350067949300e+00
2.455138383220677234e+00
2.932054581096275925e+00
2.444179599205939635e+00
2.416459127424769093e+00
2.752668382440681683e+00
2.425971217944554059e+00
2.465029621914613500e+00
2.506700874473700491e+00
2.672334408081609602e+00
2.235435237381442786e+00
2.327727106012390301e+00
2.477008108168960554e+00
2.560228441907092645e+00
2.646936080377595868e+00
2.499236901789754661e+00
2.832449000782379489e+00
2.441819697819785695e+00
2.877964425685504590e+00
2.021824056806440062e+00
2.390111940481915109e+00
2.694268175518951036e+00
2.704662234837212687e+00
2.936557320954023886e+00
2.292428735712384036e+00
2.478437108535611166e+00
2.662116253722590642e+00
2.353138635805332779e+00
2.306812223247899585e+00
2.664791021683522665e+00
2.095337557759496150e+00
2.516253530062663391e+00
2.594121619181808391e+00
2.494599701657731927e+00
2.612591733783768078e+00
2.376019735929489674e+00
2.041584832773621905e+00
1.840587500953706046e+00
2.329957375274160469e+00
2.066922611253945163e+00
2.970522722540555716e+00
2.276054291601792734e+00
2.657958487738985021e+00
2.290691300726980906e+00
2.274996957969977807e+00
2.424350043778818797e+00
2.685973030460334865e+00
2.582435213690921216e+00
2.527140092145781836e+00
2.744478749747605750e+00
2.494005864319494670e+00
2.515499725889097427e+00
2.645563935494372743e+00
2.551823837938162143e+00
2.620354829032669031e+00
2.512164804844089439e+00
2.652423609006445471e+00
2.797681991199056917e+00
2.188099895947512419e+00
2.380917995054389724e+00
2.642239336056077192e+00
2.060519337451630406e+00
2.718524702990835262e+00
2.514803690731028052e+00
2.846674719031676570e+00
2.655880731924932459e+00
2.482222839989032703e+00
1.730876010247548002e+00
2.574449134373625991e+00
2.374518865875091311e+00
2.637743973320150204e+00
2.661552736464765534e+00
2.802464364689605691e+00
2.208936185937457886e+00
2.823703803191447204e+00
2.451371487105287628e+00
2.869484297802801009e+00
2.560556129759476551e+00
2.890216074682124159e+00
2.336837883881417888e+00
2.506519905454815067e+00
2.960106150863582641e+00
2.381117821614689767e+00
2.260707092839865595e+00
2.761683983448213198e+00
2.204145385672260815e+00
2.333464120753117488e+00
2.931570288065084906e+00
2.369578831286464293e+00
2.542630291419187838e+00
2.306663463070355302e+00
2.736255431007748928e+00
2.120665089901362599e+00
2.466413127868454680e+00
2.291043469639935104e+00
2.722155282065651605e+00
2.551979505314363905e+00
2.263364328025155192e+00
2.151873476457213386e+00
2.534447594757329725e+00
2.928253272978670108e+00
2.395863640537969186e+00
2.850264067019521175e+00
2.633371839634181200e+00
2.492832964054145783e+00
2.776617631485011284e+00
2.652381014334990628e+00
2.204271556480708050e+00
2.535553417280905109e+00
2.663694362208606226e+00
2.706892539719809587e+00
2.333837690438873569e+00
2.803467295480277954e+00
2.594357267988743221e+00
2.024795060908490818e+00
2.338483456755717782e+00
2.149911686932432175e+00
2.247321221705606220e+00
3.058471202885467477e+00
2.747154479941406269e+00
2.142881825294780551e+00
2.375160283508017223e+00
2.538704834660457710e+00
2.898333061600239624e+00
2.293303706348399196e+00
2.842497411046975397e+00
2.288678044100323383e+00
2.338763798152132090e+00
2.047603709925828852e+00
2.620217061212865239e+00
2.652936510449756646e+00
2.733740542212758751e+00
2.503049792183992928e+00
2.541176520503925840e+00
2.303639931192154933e+00
2.608331775607243941e+00
2.000496330555610491e+00
1.955547885376984985e+00
2.637862832303187854e+00
2.476166607535112085e+00
2.643230574705867753e+00
2.371660595843817276e+00
2.309473836288954196e+00
2.680749810997194782e+00
2.592027591827350985e+00
2.849937578846660102e+00
2.342099177730297743e+00
2.288675887854988655e+00
2.181634692522092855e+00
2.642967895610454754e+00
2.626976134964205123e+00
2.678849584301159936e+00
2.728878948097922752e+00
2.234541778728136308e+00
2.619377279231307476e+00
2.474938311181812622e+00
2.033718350395837593e+00
2.187227136279496165e+00
2.472819128469114780e+00
2.592322006748081886e+00
2.434280535114278443e+00
1.881573106073274326e+00
2.778168524053792332e+00
2.507744448597695630e+00
2.359719549766741142e+00
2.571258131721047224e+00
2.658252898948155529e+00
2.654606473944553180e+00
2.506737620609649664e+00
2.615305100798646532e+00
2.646596693569827963e+00
2.159843952734295858e+00
2.790541797224188603e+00
2.733380141311151146e+00
2.418943860045603245e+00
2.419321201983604119e+00
2.149509561045306327e+00
2.520082647764954054e+00
2.780669037955828315e+00
2.492469461905785888e+00
2.542857834739666423e+00
2.751263835068831654e+00
2.738519637834786469e+00
2.699442275018700599e+00
2.797275443769313252e+00
2.467032084600583097e+00
2.509677088769744380e+00
2.444097878274831714e+00
2.681023732421973449e+00
2.447184080212380763e+00
2.752751632551430294e+00
2.511684904477834657e+00
2.206662297425085573e+00
2.529770276233619164e+00
1.856145255035555941e+00
2.420447839280714497e+00
2.757343184400486980e+00
2.583797644478100342e+00
2.135855000997279873e+00
2.155889991804577299e+00
2.503467316119649233e+00
2.469300671772475031e+00
2.789229955699351837e+00
2.593105808193937545e+00
1.900791244183576367e+00
2.605507267606065103e+00
2.103223304430426488e+00
2.640669284007177264e+00
2.313828750657052513e+00
2.983901436814072827e+00
2.577315038695832783e+00
2.458233894447100720e+00
2.668153215465132178e+00
2.553347222497726055e+00
2.313099639874629077e+00
2.499743804502207123e+00
2.547464652715442757e+00
2.570237009427793318e+00
2.635413739627086471e+00
2.810024805185052266e+00
2.311960429211203483e+00
2.082409804895070771e+00
2.556699783157640571e+00
2.292104747509475349e+00
2.226463606468373602e+00
2.696811707480518017e+00
2.277713235923735979e+00
2.543051352708082913e+00
2.692064318915787791e+00
2.718784241433604087e+00
3.074803583565751453e+00
2.557852037834521752e+00
2.232534302804551007e+00
2.765246812328962633e+00
2.750960396645445893e+00
2.429788043560517696e+00
2.771741724615710556e+00
2.295712234739175628e+00
2.601100619997978480e+00
2.706982427783197753e+00
2.963457696283980258e+00
2.501562178137174630e+00
2.865245133483436124e+00
2.262277148075705568e+00
2.587426224039813150e+00
2.836308407000328380e+00
2.324754340731367108e+00
2.616409091922506036e+00
2.461502950115476374e+00
2.466559788970606348e+00
2.118721249279725605e+00
2.138024001704572186e+00
2.629972974266645558e+00
2.239780798715048427e+00
2.349092243398912316e+00
2.811087749504623368e+00
2.314324622515120389e+00
2.483541346438715269e+00
2.307962166277790494e+00
2.957600673851318973e+00
2.545836598056865796e+00
2.664436985035833594e+00
2.490826494549693848e+00
2.254247433882815788e+00
2.334006198091672424e+00
2.165656794995156176e+00
2.641093603285843638e+00
2.000431091054328814e+00
2.245546894409714334e+00
2.506381589872118010e+00
2.889133333650099278e+00
2.141043829450740787e+00
2.768091802315129524e+00
2.738584063069839480e+00
2.730127505880724392e+00
2.475044970286209178e+00
2.634591628668295993e+00
2.581248514828102802e+00
2.664177017386935020e+00
2.799272581308768437e+00
2.787488208751222718e+00
2.859496357672345557e+00
2.662767166411162290e+00
2.903066472981970403e+00
2.489784430663899428e+00
2.624655441799612188e+00
2.765427107633129378e+00
2.538148514070162509e+00
2.966054792158728137e+00
2.072880227894572158e+00
1.846894589133551090e+00
2.606573445202734263e+00
2.115334887254013641e+00
2.788522475938189249e+00
2.553826659142966360e+00
2.258496346830576318e+00
2.411450950886217637e+00
2.704151037427509952e+00
2.536261765751520514e+00
2.362989816380706820e+00
2.478520624183953025e+00
2.452075713505575294e+00
2.383216450142803922e+00
2.251852748671500759e+00
2.758223041851744384e+00
2.732534397680146387e+00
2.652915033935829836e+00
2.633030206537935847e+00
2.443638469465224006e+00
2.888200477366597685e+00
2.724177957222612800e+00
2.683483931609568884e+00
2.410748500334600752e+00
2.678680881387809798e+00
2.491888948420688976e+00
2.716721149882739716e+00
2.603620931070642186e+00
2.418000292193066336e+00
2.717959793851732364e+00
2.506556212230580893e+00
2.166047048274462927e+00
2.773836440489129362e+00
2.413434107081483759e+00
2.340335207195607392e+00
2.543883018781647909e+00
2.663394137122233829e+00
2.388140316372235006e+00
2.522135511249246953e+00
2.448316485055284097e+00
2.573850061345308582e+00
2.162807283297247807e+00
2.770814842971958569e+00
2.427796636249401452e+00
2.537970176107905651e+00
1.901430569392399406e+00
2.333687796644953849e+00
1.899459077288551345e+00
2.301641808584911075e+00
2.721915262519968959e+00
2.316853761775017784e+00
2.733454226847133572e+00
2.356081741034117272e+00
2.529548653798165070e+00
1.889279807725069871e+00
2.169857950527225299e+00
2.316310945646318231e+00
2.495732392688774670e+00
2.478865871329656301e+00
2.362113474695322068e+00
2.163159370340608234e+00
2.298839013429556211e+00
2.304612316757295609e+00
1.803512200231017326e+00
2.448292426335713312e+00
2.467727424419097204e+00
2.877768032286851074e+00
2.685499587741897010e+00
2.737789893992728985e+00
2.732902026154015118e+00
2.622868631703188402e+00
2.743111049288795567e+00
2.713918229050475084e+00
2.459608546708648369e+00
2.179347360831761726e+00
2.345847911490115401e+00
2.549422762662535202e+00
2.258124670116125277e+00
2.771993329241523085e+00
2.423256345172056125e+00
2.165886089722784291e+00
2.812719585344785944e+00
2.304496158489456548e+00
2.308464576197407858e+00
2.563469046910016758e+00
2.864500979820167270e+00
2.279895119661635050e+00
2.455433490667685348e+00
2.382054445906833795e+00
2.423748012019539377e+00
2.242867261396647383e+00
2.218433262907566483e+00
2.263897445001608943e+00
2.761024027670751391e+00
2.601991456039729922e+00
2.441281928022374093e+00
2.700866088054226122e+00
2.409328335153388956e+00
2.620082346832603548e+00
2.771698075416632712e+00
2.532698653759717367e+00
2.542801004607306403e+00
2.558539363999554173e+00
1.918461834414152634e+00
2.792219787358344973e+00
2.664428664113406953e+00
1.683634892616991952e+00
2.704650444448416291e+00
2.447385740706030877e+00
2.920326262932841921e+00
2.506390104787011630e+00
2.754617438816056030e+00
2.479412950397632098e+00
2.593018659426414629e+00
1.881315332900771908e+00
2.378218534420401209e+00
2.666697744901423306e+00
2.768345263188201066e+00
2.472262489771154481e+00
2.793687826837887744e+00
1.992199783149098735e+00
2.892625229036771994e+00
2.821503625723286834e+00
2.795143195321806218e+00
2.282068732557418045e+00
2.539981528528680865e+00
2.534158182929517000e+00
2.579276421037822065e+00
2.562359662884833522e+00
2.402432777802935071e+00
2.759410667219919233e+00
2.400806757604725394e+00
2.674322347352523721e+00
2.798965939609983966e+00
2.575618248446247094e+00
2.267685824313619314e+00
2.305198404765805176e+00
2.120958858492797638e+00
2.373250882121256566e+00
2.505855604735645947e+00
2.417691938689291664e+00
2.600150044390344917e+00
1.995309751255011310e+00
2.537653021775133855e+00
2.515350547489968669e+00
2.617112330391219377e+00
2.420502704360611546e+00
2.666068011576218311e+00
2.157406293272625231e+00
2.183757229327335292e+00
2.024042458427071089e+00
2.521191167768174868e+00
2.633256630964878831e+00
1.923611743568012900e+00
2.918697327925183771e+00
2.029168376863534462e+00
2.029334412202612015e+00
2.668144484717867471e+00
2.422857895105246850e+00
2.814233856407453160e+00
2.622992707224289788e+00
2.259256053006040599e+00
2.227462985439208509e+00
2.667101190034509184e+00
1.902232223396097543e+00
2.313750345144091725e+00
2.530454734908051062e+00
2.431331454514879198e+00
2.568167999667644530e+00
2.799763422379392797e+00
2.223610551600662788e+00
2.517641437707380803e+00
2.502964373200337711e+00
2.155976722017610037e+00
2.631864828909265874e+00
2.068152832351932258e+00
2.543995750221623720e+00
2.494427354648232065e+00
2.361449191351168153e+00
2.244996762816250158e+00
1.762749072005113549e+00
2.321036283507716735e+00
2.750721368896915653e+00
2.419045879164072321e+00
2.638889166336675807e+00
2.568998302075559792e+00
2.742530864819085146e+00
2.601616663094726611e+00
2.757546970348666804e+00
2.383305197694815192e+00
2.615395147965821288e+00
2.367068017137190505e+00
2.449393795993962897e+00
2.444550084274289770e+00
2.834787066481356810e+00
2.502743558689142223e+00
2.458683374627312013e+00
2.498218890129185077e+00
2.288120411090080353e+00
2.526988891299972728e+00
2.613990886627385546e+00
2.860142903721476948e+00
2.916555513096411367e+00
2.686216939246059088e+00
2.654976332143254680e+00
2.040888339761345982e+00
2.180470083209259169e+00
2.869333504615759534e+00
2.761616451643337911e+00
2.587633210105241055e+00
2.673993871684326340e+00
2.876487466046647512e+00
2.621470716989536598e+00
2.718596367912341272e+00
2.717880144516572560e+00
2.677502751607119702e+00
2.900995253519143446e+00
2.707839960263499712e+00
2.545236132547124441e+00
2.737815476985017149e+00
2.704944640645912557e+00
2.428834197407195639e+00
2.489960032529983991e+00
2.450447320292311382e+00
2.685933377744646577e+00
2.412551963600427118e+00
2.257933321891649303e+00
2.082624791682162524e+00
1.698652827682863631e+00
2.362593022838872514e+00
2.177466938425554943e+00
2.517067329033415124e+00
2.282590649353350987e+00
2.025500106122487765e+00
2.253495406367392206e+00
2.742737153902340630e+00
2.559222905053772479e+00
2.442171832116885266e+00
1.966285085679189359e+00
2.856842239078886792e+00
2.490373974505744936e+00
2.731311147936401618e+00
2.744858191779735890e+00
2.258980290116202827e+00
2.474913248050246484e+00
2.630519350174574278e+00
2.918540483051845769e+00
2.462387639348763813e+00
2.225189774464264580e+00
2.600754640315584343e+00
2.207979371467639673e+00
2.662133397441002636e+00
3.000918703984771785e+00
2.070302154422495988e+00
2.558920146716399557e+00
2.737707235398795902e+00
2.326964765475240782e+00
2.083700488215117552e+00
2.506313132988490899e+00
2.147888845627630161e+00
1.866982386740889233e+00
2.478702223132754234e+00
2.695714550008826205e+00
2.555540180235750025e+00
2.442361328404037302e+00
1.801250778139628306e+00
2.650346600696777521e+00
2.489158862635473479e+00
2.536567140467827386e+00
2.457678167603432051e+00
2.269199582867776233e+00
2.336623545818527603e+00
2.386823249731458763e+00
1.987736916344823745e+00
2.159301047715706634e+00
2.281941964938721590e+00
1.930701978518681194e+00
2.994752156305123147e+00
2.230219800255668794e+00
2.555807066620940482e+00
2.586901843440784887e+00
2.520270866162785950e+00
2.340950828877393697e+00
2.395335060963928342e+00
2.711947657098307651e+00
2.515000490302460978e+00
2.645183039454718887e+00
2.404248235519697907e+00
2.665796023306223450e+00
2.260098377915443546e+00
2.066049734540876148e+00
2.586063858824074746e+00
2.536555418572802090e+00
2.343699429633868903e+00
2.518073864726848576e+00
2.315657232189292980e+00
2.642126881711347242e+00
2.143800029781163907e+00
1.868125388574015000e+00
2.559254848381455005e+00
2.888075895384312197e+00
2.661376939435818212e+00
2.614948053179737109e+00
2.243149033928243163e+00
2.168518717618079794e+00
2.506719703527674703e+00
2.469763183468717038e+00
2.655833500826911830e+00
2.523157682032168392e+00
2.540219658562562710e+00
2.577218257899063669e+00
2.275999650239584060e+00
2.370876844234570680e+00
3.033274188562119278e+00
2.352693147767708659e+00
2.030819560239309762e+00
2.383287683669774282e+00
2.771774528524458603e+00
2.971685981721031045e+00
2.701245821750057008e+00
2.722421756583416563e+00
2.556646765795014709e+00
2.425781235644139500e+00
2.543374838197086873e+00
2.569949505245853860e+00
2.186743818383242832e+00
2.560556904318855409e+00
2.565563472001995748e+00
2.784731706850434030e+00
2.746452032527984866e+00
2.325713121128101246e+00
2.921859865589202965e+00
2.473339218946490004e+00
2.762016380854734443e+00
2.012553514686704403e+00
2.569729165580341146e+00
2.417858799309867024e+00
2.673490582010032757e+00
2.920625709662697744e+00
2.639926276640651714e+00
2.139527965760853245e+00
2.467890718825435314e+00
2.591247121165226819e+00
2.550765172484843024e+00
2.417245433147195310e+00
2.153814172172071828e+00
2.776647290432661563e+00
2.282126599307493731e+00
2.487105341468206721e+00
2.692924841355639920e+00
2.464882369491265379e+00
2.086689826971087403e+00
2.238118128345331748e+00
3.016465524181577873e+00
2.100509246070880742e+00
2.441270125203431895e+00
2.755607414418981271e+00
2.671211867261622075e+00
2.514580208921086690e+00
2.459038707697776882e+00
2.665911915277330735e+00
2.054894290460845596e+00
1.766733734405737888e+00
2.542962243263983346e+00
2.677329582335902902e+00
2.625259954329178136e+00
2.256430574471459671e+00
2.269293119160313843e+00
2.459681906628042647e+00
2.927440748573609586e+00
2.909144844833015053e+00
2.546824764745390546e+00
2.091004739439547677e+00
2.387922431241776167e+00
2.286955895666388905e+00
2.425323974794143744e+00
2.207658445882433984e+00
2.343458842419307686e+00
2.153147009598181505e+00
2.723908846610533452e+00
2.814720756052535577e+00
2.309020712757211768e+00
2.636322352563728266e+00
2.745937303680241026e+00
2.585805237422340142e+00
2.621927983819267283e+00
2.562403153431891845e+00
2.547880637288342243e+00
2.213904126900432257e+00
2.467819636834164498e+00
2.748427725216576967e+00
2.343933194278342569e+00
2.789488617887153854e+00
2.748203189781235345e+00
2.554093762290662539e+00
2.154195980411726552e+00
2.671894093753366839e+00
2.744530008447072955e+00
1.881532621657008075e+00
2.873439088565194588e+00
2.525470355277118273e+00
2.109487189989831535e+00
2.466935263906119058e+00
2.628893726751813986e+00
2.947018994758331623e+00
2.195577302030311984e+00
1.872920209665852598e+00
2.659975314553521208e+00
2.474650869637722295e+00
2.624983626851339569e+00
2.357215127199800975e+00
2.490063480532206608e+00
2.567510063764665507e+00
2.078291957843211968e+00
2.433669027337565183e+00
2.386521781579080681e+00
2.764094079993836495e+00
2.674232393709181199e+00
2.212948991812935251e+00
2.489986046917016083e+00
2.729006524918591303e+00
2.473470595829524221e+00
2.170130614573626104e+00
2.515656020016234784e+00
2.691128171714332495e+00
2.456460304276510076e+00
2.535979089809104803e+00
2.827515683825355897e+00
2.483393316735298839e+00
2.191353072803877922e+00
2.996868852351787460e+00
2.256115320219483689e+00
2.419660349736153293e+00
2.898072023471777392e+00
2.671364799295415704e+00
2.426753881131935575e+00
2.924647887964985760e+00
2.323375729895844621e+00
2.116896628759135091e+00
2.474716912478696962e+00
2.190276366001516095e+00
2.756553148965102285e+00
1.765423362369186622e+00
2.860456743832778592e+00
2.572049857157450603e+00
2.601135695885460564e+00
2.578846471625631409e+00
2.849386020543692943e+00
2.513765084586226273e+00
2.119337419959276048e+00
2.060872064404765780e+00
2.597432007823899269e+00
2.850825090879498092e+00
2.691878558533534971e+00
2.163991914748350176e+00
2.718072592114503028e+00
2.653928489367717969e+00
2.360439089003143920e+00
2.282285809520177899e+00
2.565959634332516170e+00
2.374227679609136832e+00
2.628450446739537316e+00
2.377759310434813589e+00
2.137173093656323353e+00
2.355368454909903431e+00
2.278712939189960096e+00
2.300333950457572385e+00
3.032014438791802213e+00
2.728021133861191938e+00
2.666154709767356135e+00
2.646908104656844785e+00
1.964967868751904323e+00
2.471414688262295822e+00
2.516198857101084041e+00
2.591003673548856856e+00
2.462969217118671672e+00
2.631312986288674161e+00
2.268421858451913575e+00
2.535335456653260877e+00
2.596266572256724636e+00
1.957594009607388275e+00
2.668591720088318020e+00
2.416921331213185198e+00
2.453358623787711856e+00
3.010459428274270710e+00
2.789639984277267892e+00
2.237604637463486146e+00
2.092723284314878640e+00
2.113589815425655605e+00
2.746049083362713805e+00
2.552818172951363707e+00
2.527416642922305723e+00
2.822069632924725902e+00
2.757113973010568930e+00
2.837886228324424831e+00
2.417342627262947463e+00
2.576947199475469574e+00
2.571481878783928643e+00
2.874495904935521207e+00
2.597075684925466366e+00
2.040145183939650053e+00
2.382881257868018743e+00
2.404602134914110234e+00
2.563342272610542594e+00
2.491512176028207293e+00
2.381627384553244298e+00
2.642531808050974984e+00
2.121859894648506106e+00
2.734797121809001919e+00
2.655729197216639470e+00
2.446117891417688206e+00
2.360342956211186838e+00
2.252017649039130376e+00
2.864717589054669666e+00
1.936652197863961478e+00
2.804923453833742197e+00
2.617329457728715170e+00
2.264221978174440153e+00
2.750238499884653187e+00
2.559309546195695617e+00
2.622929049775975407e+00
2.600311538978298032e+00
2.712794265708327046e+00
2.389221929401635691e+00
2.289373097867242191e+00
2.235890011439883640e+00
2.383596768032931301e+00
2.707294344431622424e+00
2.500485964202052269e+00
2.801058743475586255e+00
2.810844368235561053e+00
2.667517799579045779e+00
2.633619753134074593e+00
2.343862492582205803e+00
2.588195995429539931e+00
2.305484422515808873e+00
2.129535022558602719e+00
2.763770598219609020e+00
2.765944699053439315e+00
2.070625327172188612e+00
2.941624601873781941e+00
2.334137649003495518e+00
2.609365283212567554e+00
2.570071481412271375e+00
2.493746020974364264e+00
2.799264365190506254e+00
2.009387820646305389e+00
2.392717593314868996e+00
2.591963919406937489e+00
2.286617373197653347e+00
2.847728595081927327e+00
2.213590057246037190e+00
2.484803177011364550e+00
2.110351940740742727e+00
2.531888289071099862e+00
2.258685371575620771e+00
2.930363682213263044e+00
2.599152378842194189e+00
2.733278377123983915e+00
2.287193006537641793e+00
3.044648915228095554e+00
2.684917415553904618e+00
2.321512054913405176e+00
2.440669964889445431e+00
2.278815797524577302e+00
2.085469995513395070e+00
2.541512896220421869e+00
2.350385027610976785e+00
2.141346032911308761e+00
1.937248642192327841e+00
2.817331176622185129e+00
2.434739792205562914e+00
2.126150673618094622e+00
2.590968070954296820e+00
2.219961444804687378e+00
2.149748179104826740e+00
2.750461729101016051e+00
2.236596439160954741e+00
2.895928126450836526e+00
2.272838017793039178e+00
2.770623580818847742e+00
2.717656039307035698e+00
2.780734749612476797e+00
2.026130664677528781e+00
1.997599116598042679e+00
2.718042162651851612e+00
2.634851171798278102e+00
2.435948826001231193e+00
2.700897937058747367e+00
2.883885243837668533e+00
2.932991584478431335e+00
2.182726311027034516e+00
2.484272322811115430e+00
2.719172434325301868e+00
2.649738090004942759e+00
2.738293234685963640e+00
2.745575219238290732e+00
2.845042590495779677e+00
2.637551451142295278e+00
2.734356764513981464e+00
2.727695490845984061e+00
2.374885303244346879e+00
2.539603065904190604e+00
2.820226646193437769e+00
2.720237041700515057e+00
2.180604095097381734e+00
2.803383203437843196e+00
2.670932284396793754e+00
2.190537764334059556e+00
2.940030188546355117e+00
2.842912912041409168e+00
2.666758943311824392e+00
2.547815597469635485e+00
2.659448885426625608e+00
2.519060949207276856e+00
2.370968097610514747e+00
1.851887925305347959e+00
2.234289424586165751e+00
1.987632304723244037e+00
2.307356773474044331e+00
2.607368515315001467e+00
2.467956480819609055e+00
1.928461626552605113e+00
2.609660173857492271e+00
2.233355232289322423e+00
2.453093466011807333e+00
2.609939854578388285e+00
2.734445457232994592e+00
2.198103997966403433e+00
2.392267975668498803e+00
2.250907078054369848e+00
2.590729324794901700e+00
1.908441504904084374e+00
2.432445174681426625e+00
2.863342754996384354e+00
2.492442022618020836e+00
2.575995545903798423e+00
2.582402488655933581e+00
2.496477876646208127e+00
2.014706302582024655e+00
2.988715737279544538e+00
2.553597553661498321e+00
2.341739859579611061e+00
2.607908593799247221e+00
2.567565555858697834e+00
2.659784291940594958e+00
2.320989069465683396e+00
2.465527991055325607e+00
2.674868656931251643e+00
2.361706160474976279e+00
2.406415501952340552e+00
2.421592757138368412e+00
2.602163670189205469e+00
2.097466857683414343e+00
2.813979193982835803e+00
1.979970968552925648e+00
2.304852714875027520e+00
2.544885883732710408e+00
2.526912993752760794e+00
2.410482265053152329e+00
2.380043367174030422e+00
2.484439130048053723e+00
2.417913528593247818e+00
2.752731409445299704e+00
2.093331258445513043e+00
2.553760652917067109e+00
2.783766542515616838e+00
2.573109032354407688e+00
2.855663138262617640e+00
2.238807730424171805e+00
2.523968561413864720e+00
2.509597695454086175e+00
2.524688950032074164e+00
2.657808560653732499e+00
2.330554256890708054e+00
2.456295984965218171e+00
2.521093681216430404e+00
2.499941419762206074e+00
2.805133171382288459e+00
2.211598634492530024e+00
2.681387555841310721e+00
2.438022306446463450e+00
2.657917362162050434e+00
2.407722871394965214e+00
2.745948523681088993e+00
2.695639557799447861e+00
2.471892705391481648e+00
2.637426610501083513e+00
2.818796956988541158e+00
2.633500047775890085e+00
2.546715007533184583e+00
2.076496187893550172e+00
2.405977921463829716e+00
2.138646333143754852e+00
2.390105594942649514e+00
2.475870057507476130e+00
2.839435186339069883e+00
2.007342624506801343e+00
2.089115114469184409e+00
2.305381197002239535e+00
2.711480027639988855e+00
2.600339787608771935e+00
2.571025066839521145e+00
2.574799481508471821e+00
2.693075146759321914e+00
2.317674069029223460e+00
2.030591880898059642e+00
1.977885649664939072e+00
2.815553666815122202e+00
2.605373123805767577e+00
2.210111763314265509e+00
2.789059558560147423e+00
2.505376276031685112e+00
2.721715473703208321e+00
2.468332334403868789e+00
2.830313157911016564e+00
3.004322421623460304e+00
2.884862906600409893e+00
2.657917083155600491e+00
2.898384441459382899e+00
2.416491654311666792e+00
2.188856683150615989e+00
2.843960043835196849e+00
2.435304556109431307e+00
2.490998040931906576e+00
2.029411768500416269e+00
2.415408490051454304e+00
1.979987689651332206e+00
2.529597290036738499e+00
2.434239681613538764e+00
2.563977977001346886e+00
2.204452611688884733e+00
2.569698059663225731e+00
2.292452651706422095e+00
2.298146055016175637e+00
2.620712907829599203e+00
2.886817011626884977e+00
2.708630105361728990e+00
1.891040740542011545e+00
2.712843537529931126e+00
2.202440256539428098e+00
2.271238843886492553e+00
2.452905446119354682e+00
2.284042546550927977e+00
2.536749856546065995e+00
2.810804779680961207e+00
2.511327059839317144e+00
2.423249685412181442e+00
2.437202453061514618e+00
2.269994406803871545e+00
2.550563118247342942e+00
2.474974495660774654e+00
2.444189924979900841e+00
2.838023612697786913e+00
2.655758010086324283e+00
2.284091652371122994e+00
2.738572718731487221e+00
2.476304364481778819e+00
2.525090190260570466e+00
2.395355433361820108e+00
2.523627411384451236e+00
2.077977210021249022e+00
2.675016316383605375e+00
2.365667971721977292e+00
2.710401456391170250e+00
2.449374126196488977e+00
2.290079081639264658e+00
2.834133196731976057e+00
2.141246694810374773e+00
2.157935578994182979e+00
2.580876116415758759e+00
2.934394196011398392e+00
2.726496770176594531e+00
2.611127398977319380e+00
2.960414541387947462e+00
2.501415813880770500e+00
2.770051595973417324e+00
2.142346563613532595e+00
2.781971949292046720e+00
2.162312348133996753e+00
2.360416167089550488e+00
2.713986539713461710e+00
2.284795854117871450e+00
2.674437214853131906e+00
3.032916792516579196e+00
2.555849156303329650e+00
2.430516504831242486e+00
2.784935091702422483e+00
2.453877094368807743e+00
2.641148923145122840e+00
2.437630122532572052e+00
2.455005172933176105e+00
2.526954522045535168e+00
2.869743443931183968e+00
2.655605990726586096e+00
2.267246405713909674e+00
2.610268991621516044e+00
2.647645927212936456e+00
2.537739809162896432e+00
2.684072984123962780e+00
2.359382538941430241e+00
2.600545190444335741e+00
2.744649085678525502e+00
2.485116487484445802e+00
2.630812038629898097e+00
1.968357958915082362e+00
2.543854605585301076e+00
2.659809182628710023e+00
2.799398195059577876e+00
2.254903233135830742e+00
2.677100483726316593e+00
2.557919781244132995e+00
2.391072006652734228e+00
2.233810241683121589e+00
2.175031204066887547e+00
2.203807518416036615e+00
2.155775615165304249e+00
2.701496263001314180e+00
2.612257648332321214e+00
2.418606952759930984e+00
2.335359085283126745e+00
2.178652555802906399e+00
2.935359575138858812e+00
2.683582066159806878e+00
2.514930414178770501e+00
2.760550563742574681e+00
2.365394658890998869e+00
2.396982056988050225e+00
2.535410828553170681e+00
2.428458518798552124e+00
2.725900520648228298e+00
2.151107327635522370e+00
2.742279899412834787e+00
2.277707580259439091e+00
2.463784289930193161e+00
2.497249357961715877e+00
2.891349603403875257e+00
2.628123615951843295e+00
3.065543240020455418e+00
2.504085617926369078e+00
2.639377372374776431e+00
2.553608925564475829e+00
2.846131848388194996e+00
2.650310804160820322e+00
2.383165910143262511e+00
2.510069165237228450e+00
2.746294590876860564e+00
2.642613001935006256e+00
2.531671359616397332e+00
2.659115706957571934e+00
2.529314276447690357e+00
2.702565119390464066e+00
2.325157060588962210e+00
2.522230775627038568e+00
2.447027747928802288e+00
2.677364864077989903e+00
2.496012678263872964e+00
2.967233359123636394e+00
2.165776771357889707e+00
2.278554138068293433e+00
2.300296121472551913e+00
2.404178638225262343e+00
2.744677829796269286e+00
2.134493235322870497e+00
2.825499670875210256e+00
2.571045200889142457e+00
2.640618546192398775e+00
2.652920605429969658e+00
2.502689649750899470e+00
2.424253814268700236e+00
2.410963460425074700e+00
2.251952644303718998e+00
2.106473044227035629e+00
2.545873928800846731e+00
2.587414995210450375e+00
2.843125273339947245e+00
2.106930416187943855e+00
2.791027670884978384e+00
2.612662181339477474e+00
2.763682357730118166e+00
2.331423331969364021e+00
1.993516722551417208e+00
2.616795801932165766e+00
2.541815391970858151e+00
2.555493470689117252e+00
2.349674515879431436e+00
2.830529957993023871e+00
2.826568201518274037e+00
2.751822459502336393e+00
2.894105134950343050e+00
2.556641366451307462e+00
2.688912419691544375e+00
2.264719116924144515e+00
2.605182323548104861e+00
2.596430977163320719e+00
2.416659897502055010e+00
2.616424080062520474e+00
2.754011903451956123e+00
2.400057422727427614e+00
2.325663170061906371e+00
2.246209722064397507e+00
2.628264683312833583e+00
2.110359817584913866e+00
2.211691160057077443e+00
1.852189354112319108e+00
2.558875136744339418e+00
1.914428593169495763e+00
2.519262584013715944e+00
2.533227674334178836e+00
2.485934042098159047e+00
2.339038501408831294e+00
2.642165263333242642e+00
2.493102709793709515e+00
2.256856659850532854e+00
2.301782728879106621e+00
2.613070542168856925e+00
1.995355530315048975e+00
2.532242695952676037e+00
2.273081887001780821e+00
2.476329710986633792e+00
2.269210709686015903e+00
2.093336455141924901e+00
2.735673078724643492e+00
2.606247626289675878e+00
1.945112525313266394e+00
2.864899624089627395e+00
2.504911604351879983e+00
2.738466898312444719e+00
2.503021534212045207e+00
2.279834135261655348e+00
2.292201296668957333e+00
2.374768771755218388e+00
2.316587320058622890e+00
2.457841220161392393e+00
2.497928141712744576e+00
2.350657896427190696e+00
2.852118846802214058e+00
2.253949678297262338e+00
2.581876490181565842e+00
2.718225062545994497e+00
2.989986328810584126e+00
2.474341703804014969e+00
2.608478118298947823e+00
2.792633841004579676e+00
2.598377631569975144e+00
2.418088935176335053e+00
2.277139794855985944e+00
2.331209110641405235e+00
2.676359346672497086e+00
2.474614237902648117e+00
2.683921145741708258e+00
2.655544950811657756e+00
2.570616331683038602e+00
2.177260634147900831e+00
2.348021098720669109e+00
1.949309510814411839e+00
2.426291134823530093e+00
2.182389313359186733e+00
2.398401443106250142e+00
2.474784521143841953e+00
2.115664314749464481e+00
2.711569387381005392e+00
2.379921114790017889e+00
2.500279613704162518e+00
2.753498993755100432e+00
2.356066522022026710e+00
2.913961400864814699e+00
2.439168482257633830e+00
2.600646993456927181e+00
2.619970086106858886e+00
2.634083446533233452e+00
2.738917963618509699e+00
2.435098005531746157e+00
2.456940417255296882e+00
2.727464690712399609e+00
2.474558117240985844e+00
2.612753701707906551e+00
2.839857563535384433e+00
2.286808439345578314e+00
2.555513183219990214e+00
2.527162457087716252e+00
2.450194440142056784e+00
2.509395070553911644e+00
2.636614980194771807e+00
2.232904655398865845e+00
2.564925207053565082e+00
2.420278456942100753e+00
2.551768041658599273e+00
2.638534857295448344e+00
2.534272670859128329e+00
2.196990977141895396e+00
2.460304944713030295e+00
2.274388947093108904e+00
2.755041997560988776e+00
2.051133722360319656e+00
2.471752148212487565e+00
2.427607849171347532e+00
2.070375848680880093e+00
2.087809730033620248e+00
2.396378877031488663e+00
2.841774631704357290e+00
2.124070790634580597e+00
2.286560188017533246e+00
2.689945861496387813e+00
2.731315010118055220e+00
2.747634813022422406e+00
2.735689862668592376e+00
2.681068613826890878e+00
3.012251630850425688e+00
2.831048517725035296e+00
2.117436764506806401e+00
2.252074706548146565e+00
2.689178036263712990e+00
2.885984204224878003e+00
2.425157958282142090e+00
2.647364438505038997e+00
2.664047946603951722e+00
2.132366403312468517e+00
2.087419518375656757e+00
2.756954565775561861e+00
2.733404934017261478e+00
2.381275921664231632e+00
2.435881684046134144e+00
3.068013671470036563e+00
2.366072163660657868e+00
2.529389042743549254e+00
2.324027261582247039e+00
2.608292566422196757e+00
1.839562915689700651e+00
2.426991310510056010e+00
2.673565111162901076e+00
2.628194894276965510e+00
2.962897392107550765e+00
2.765607391322610464e+00
2.971761649774098846e+00
2.664523145293056228e+00
2.594782357439890941e+00
2.620138889910557989e+00
2.385717408912888970e+00
2.714720408142486718e+00
2.137232054775492607e+00
2.391429110687090187e+00
2.727893816373327951e+00
2.571801893461651112e+00
2.729248512608585475e+00
2.960318644495950391e+00
1.924306802887076673e+00
2.528288901969332425e+00
2.091121092244093482e+00
2.293266978782508403e+00
2.613579371927461370e+00
2.411898589124359837e+00
2.322488689384447635e+00
2.110303887065192008e+00
1.990439615210130020e+00
2.905715109475741187e+00
2.270611233641820714e+00
2.326008426672416807e+00
2.204291555243707901e+00
2.391978872775577969e+00
2.419414978348788825e+00
1.909846562560842287e+00
2.613537200082385770e+00
2.343981507589061763e+00
2.580429192765060886e+00
2.695070917741431593e+00
2.268645166947790948e+00
2.333687362170047130e+00
2.120378878190707361e+00
2.926945989406650295e+00
2.439341605785216860e+00
2.583353896480931944e+00
2.549354651243817216e+00
2.540063661279924112e+00
2.716296719897561385e+00
2.617566508505641210e+00
2.359674285665162685e+00
2.517552810143037334e+00
2.902004623714279585e+00
2.503674914867947798e+00
2.858576752692425060e+00
2.724295928186165838e+00
2.768864751217759768e+00
2.337403637920980159e+00
2.099553174929833510e+00
2.490751044654590185e+00
2.187244731057692348e+00
2.373663989019881626e+00
2.626691257231682286e+00
2.188920370072227950e+00
2.709544593450626593e+00
2.780053634446683741e+00
2.601596397785327142e+00
2.797127447256280153e+00
2.729304644768140165e+00
2.637261556994259237e+00
2.185400641048618198e+00
2.673838153314066268e+00
2.635539527329212817e+00
2.730126805122867761e+00
2.665797029897230441e+00
2.441303271795339569e+00
2.779900265657711422e+00
2.832543271969401921e+00
2.934220544990134627e+00
2.432181107504818751e+00
2.142714806897249247e+00
2.748067958662717913e+00
2.850883376823938331e+00
2.591460063916466439e+00
2.435264942249841802e+00
2.428158982717261605e+00
2.450420605518777162e+00
1.997242965899183487e+00
2.700070964144361874e+00
2.799383464315459591e+00
2.707608722288099123e+00
2.666879265502854146e+00
2.186638648046474120e+00
2.451236670604293622e+00
2.651175003568372990e+00
2.348646432832995679e+00
2.410155082066361310e+00
2.838380923491260255e+00
2.624389906436943143e+00
2.515910757839166401e+00
2.748389938692501921e+00
2.626038605471038956e+00
2.059962155222249791e+00
2.702948823634330644e+00
2.603813712259576363e+00
2.703487832084638054e+00
2.715966172715670979e+00
2.205298931509597882e+00
2.496811023358753268e+00
2.941648523486697364e+00
2.450776579796703825e+00
2.588804129890249772e+00
2.485454805379947452e+00
2.544768376277316335e+00
2.535353485561462783e+00
2.147679307469798182e+00
2.617977181828423205e+00
2.825212631888362580e+00
2.344822660533971703e+00
2.604359694319979379e+00
2.392603444147465730e+00
2.331385171590099503e+00
2.597587200632525128e+00
1.977733103718542385e+00
2.501613112864515820e+00
2.777369809922935140e+00
2.331769018264125304e+00
2.488682432977426640e+00
2.342681462078137766e+00
2.579962021248236592e+00
2.723560261200294264e+00
2.139810362915748332e+00
2.842426902324136417e+00
2.503309699170150893e+00
2.273708143053096542e+00
2.610676843753643617e+00
2.297560747242758161e+00
2.560020734275878951e+00
2.346829765509152121e+00
2.350460550614005939e+00
2.362253775378683862e+00
2.127487250589799928e+00
2.699689356010037233e+00
2.265850529608761210e+00
2.128540367564299984e+00
2.654336738999185652e+00
2.364818758207050120e+00
2.402393358684378644e+00
2.427356286854652989e+00
2.932803254942734750e+00
2.336870868970048143e+00
2.507046437068358724e+00
2.343773843379166166e+00
2.560044566950807621e+00
2.341575940619305296e+00
2.478782936559406291e+00
2.652423058321522475e+00
2.371934968165264834e+00
2.330101447972702022e+00
2.672051770584454644e+00
2.526217187082210103e+00
2.642731188183316871e+00
1.879714169682129565e+00
2.167961525832838632e+00
2.743020887786646878e+00
2.563394797886674237e+00
2.459569514637612642e+00
2.278512610075465794e+00
2.313280695483293403e+00
2.820750893467303566e+00
2.616096527162552920e+00
1.722427594186948019e+00
2.700999742501137835e+00
2.432999218338345315e+00
2.262943731291493510e+00
2.597491457026920081e+00
2.762478395124805974e+00
2.316600247363938880e+00
2.959245691704227355e+00
2.526051302045491553e+00
2.747624800288037239e+00
2.241055058906329833e+00
2.846455042073875674e+00
2.344253743648251564e+00
2.550768065789206673e+00
2.331260420131054723e+00
2.463500008083366666e+00
2.372530959948608853e+00
2.800625225044282463e+00
2.825400740324374826e+00
2.630406049553182690e+00
2.272496569427490343e+00
2.477614434783372399e+00
2.142286416701424390e+00
2.409869842030723408e+00
2.480882726306832708e+00
1.769655794741168853e+00
2.392740991168422759e+00
2.959646043682601757e+00
2.656266880489509319e+00
2.426988587791869989e+00
2.721636165721818656e+00
2.631604454020396222e+00
1.914403000153594325e+00
2.970798327291938268e+00
2.508482342486412886e+00
2.554450187440520104e+00
2.668503643146265869e+00
2.113427059074648451e+00
2.703683983051749617e+00
2.027567068338876233e+00
3.057312761505788679e+00
2.903147786821897114e+00
2.252429771175445072e+00
2.637092264698804200e+00
2.393798877397335545e+00
2.755243082773991325e+00
2.598709714126664849e+00
2.610882089968112219e+00
2.910620008037726691e+00
2.522345928747985244e+00
2.265456288537141649e+00
2.822655538409715170e+00
2.087682594144822268e+00
2.377368845106694106e+00
2.278829613009210497e+00
2.474668099057949266e+00
2.321334096251966184e+00
2.244015764099244414e+00
2.739285755068487038e+00
2.304101030346036971e+00
2.061823969114227939e+00
2.335138663318087282e+00
2.395875315985270149e+00
2.099985315701573541e+00
2.980380347109706118e+00
2.382632326491711972e+00
2.644717371940217276e+00
2.554072944307539395e+00
2.579020451980410744e+00
2.484400738763932637e+00
2.523193083088952626e+00
2.358460383055487330e+00
2.297094456547396302e+00
2.646382625085041518e+00
3.026475619228169656e+00
2.656958237331890516e+00
2.613464242485905586e+00
2.642573139305391727e+00
2.771688825840370907e+00
2.778930479280491195e+00
2.627982946442723566e+00
2.256478829035304390e+00
2.266581239242081658e+00
2.435214574937986320e+00
2.657870499929177566e+00
2.712983541269723631e+00
2.035156221662928200e+00
2.112776468554026454e+00
2.537007226622038036e+00
2.393482032997749975e+00
2.274134584178054030e+00
2.747319430210110713e+00
2.498669945011005478e+00
2.462035708145802193e+00
2.573422852027726915e+00
1.949934637248260216e+00
2.088433316275470908e+00
2.738841219813035632e+00
2.156577604894855060e+00
2.394718489791783256e+00
2.482945038567089036e+00
2.826758412455224079e+00
2.730294686588262021e+00
2.203383518518712059e+00
2.695653418490841169e+00
3.021097369620977968e+00
2.941939870163253534e+00
2.873639031351211681e+00
2.649738180986767500e+00
2.597589023693782195e+00
2.434574143765425802e+00
2.458225473474828782e+00
2.663685562023107245e+00
2.762148417205734230e+00
2.625174302331866549e+00
2.944471541965948624e+00
2.417387012713117844e+00
2.321365646364505597e+00
2.527337802780616816e+00
2.520555325864410001e+00
2.590894289740901080e+00
2.661567771088726886e+00
2.486313190492625225e+00
2.494952365325383337e+00
2.626172740050474630e+00
2.915919378863994549e+00
2.748440152858605767e+00
2.381842308801213282e+00
2.845965740721663195e+00
1.974678801011615636e+00
2.843421730764996269e+00
1.826433886749167623e+00
2.388612371045302218e+00
2.132532222125854027e+00
2.551923734143556999e+00
2.627512230146389349e+00
2.583670181112407871e+00
2.589854229253289120e+00
2.122900626516789124e+00
2.932334813069064072e+00
2.570323781256313111e+00
2.339964944551378156e+00
2.527681308803493287e+00
2.719487086351583649e+00
2.703946412297839164e+00
2.305858552296184971e+00
2.198101972076324184e+00
2.756514253636521694e+00
2.328124645756097344e+00
2.474140009479466329e+00
2.723801436318214808e+00
2.265224134436516934e+00
2.651558977130094252e+00
2.730346953836424451e+00
2.992301566394723888e+00
2.680442926160831352e+00
2.262803775694854913e+00
2.665054246853297393e+00
1.920549000127244277e+00
2.615043340458335308e+00
2.374917464295114300e+00
2.885148357509274675e+00
2.300293935459346795e+00
2.420285311598748823e+00
2.661695158068631883e+00
2.785329002052062908e+00
2.449148316721336371e+00
2.261984964112431662e+00
2.551509910111232848e+00
2.841949299213515800e+00
2.626843564867948011e+00
2.280950636439248669e+00
2.565577843782588019e+00
2.306150795243463669e+00
2.396282511518417202e+00
2.862239946134470081e+00
2.401419152982265270e+00
2.625869453349398253e+00
2.130627999769395764e+00
2.759691281954919084e+00
2.425477013659518732e+00
2.754155929781168410e+00
1.996151230811862742e+00
2.602781256981697044e+00
2.829428307717019475e+00
2.455889450019458131e+00
2.176079795999700917e+00
2.173114621676125235e+00
2.589995681768936020e+00
2.493341920018525837e+00
2.249576512604802847e+00
2.314779349349148418e+00
2.711658082440954853e+00
2.583080522068570861e+00
2.382920911524283536e+00
2.742984099368677597e+00
2.670256818273680999e+00
2.476788496991838340e+00
2.438007990098959077e+00
2.725148741669478625e+00
2.028825481121058427e+00
2.660942401195955487e+00
2.355887827936081091e+00
2.381862710771579295e+00
2.462878282410633890e+00
2.575644403828321050e+00
2.555679602078704704e+00
2.407565523440288402e+00
2.837511250644268124e+00
2.807079092382845253e+00
3.032506371255173860e+00
2.189807797694246272e+00
2.602426336839827492e+00
2.401170085226817630e+00
2.788572941676797701e+00
2.604324514809331248e+00
2.335487554994470472e+00
2.405371057094374265e+00
2.458491420031120533e+00
2.594951639292979895e+00
2.781367673397494578e+00
2.251226371521250158e+00
2.049973938323677913e+00
2.560288861036298158e+00
2.634359624367017982e+00
3.060422535176507974e+00
2.660413242704017467e+00
2.418796720378270315e+00
2.129318018419418479e+00
2.593506058159459560e+00
2.828999631477507659e+00
2.406674682849957669e+00
2.667830884171576766e+00
2.276828837883932977e+00
2.575805622204696554e+00
2.285141065947984274e+00
2.101543478319643388e+00
2.529759054962253284e+00
2.819875209988014220e+00
2.371901426289794834e+00
2.684752776794275153e+00
2.576025185859588174e+00
2.411565254543313053e+00
2.824954684983443709e+00
2.674059399331073283e+00
2.702535998755437152e+00
3.040061663023843064e+00
2.438698469854772011e+00
2.541510271970113699e+00
2.072506642852162795e+00
2.737145729866867772e+00
2.173057011614863754e+00
2.751002809006447336e+00
2.802574671390862804e+00
2.512990117340883955e+00
2.638006606130055776e+00
2.386289019928389710e+00
2.455327829927620442e+00
2.422704576175885194e+00
2.770529232551548038e+00
2.257334129123547584e+00
2.830278189813543399e+00
2.351971966338466391e+00
2.659087475259860334e+00
2.557571270455930801e+00
2.503666946635624058e+00
2.379418782799358478e+00
2.399826757064321470e+00
2.442924942012227429e+00
2.586615917824702127e+00
2.526838628641566942e+00
2.959365142561491080e+00
2.304181594273422284e+00
2.296603818985866852e+00
2.820816488575522918e+00
2.060061364310375787e+00
2.515456806612886620e+00
2.379864035928661803e+00
2.562845935135350750e+00
2.431392742130777940e+00
2.708278274478679748e+00
2.288287337128182219e+00
2.552159092559772802e+00
2.505300655543726496e+00
2.683531194030531530e+00
2.376255478217951023e+00
2.951695053528137436e+00
2.320419873155777246e+00
2.484838134905535068e+00
2.782290746530543757e+00
2.579803366899997563e+00
2.746920690286143163e+00
2.643420937863261155e+00
2.890225679636945877e+00
2.222704306203417968e+00
2.575860929009182509e+00
2.849914456239233562e+00
2.176128403701504510e+00
2.806063810027634720e+00
2.256078110563576100e+00
2.874300383838742423e+00
2.827144745692911076e+00
2.133286629737002116e+00
2.218122971237998620e+00
2.429095828122076028e+00
2.674410003243393508e+00
2.803302405577484890e+00
2.913148671626484720e+00
2.702461463789507246e+00
2.772154864187966083e+00
2.395476262507659992e+00
2.436998828828124353e+00
2.263804416881782799e+00
2.572549579008511333e+00
2.790091542026103877e+00
2.689639114335504733e+00
2.587818216326494891e+00
2.202957820240082576e+00
1.876285540854848000e+00
2.567982840820446810e+00
2.548418339892360329e+00
2.850777027459070467e+00
2.614544872712538215e+00
2.822947614686146967e+00
2.324919753663512445e+00
2.706343293844649889e+00
2.661266936905549940e+00
1.882256859989392961e+00
2.656415262944725519e+00
2.505722702421595116e+00
2.714226926234214687e+00
2.945829750330314134e+00
2.753438607487116663e+00
2.630962217251868296e+00
2.238527583627389461e+00
2.639149588802879975e+00
2.490349371323545835e+00
2.847022178549219351e+00
2.474766897506147867e+00
2.682173347814076791e+00
2.572455663885338417e+00
2.536593657426527315e+00
2.187789610048247013e+00
2.739093450741614699e+00
2.620442862288542507e+00
2.650579131768481034e+00
2.533939644069490349e+00
2.760393186389013653e+00
1.774781982134404634e+00
2.602538156878640319e+00
2.667431374843818759e+00
2.991188237828512175e+00
2.518970277504977595e+00
2.323783906973603930e+00
2.565048855328504462e+00
2.674989792205615391e+00
2.016749371608231201e+00
2.762503091355748452e+00
2.750653217930458805e+00
2.541409320628060353e+00
2.958929396900535025e+00
2.632071647064697650e+00
2.458224895479709904e+00
2.393409552066194657e+00
2.473623502051033540e+00
2.345675862516619414e+00
2.645188345076014080e+00
2.509971943969158126e+00
2.573696957385079642e+00
2.554366206682776141e+00
2.979613384775301022e+00
2.412416326574699177e+00
2.421304098369484237e+00
2.746984933660374217e+00
1.932343205354911220e+00
2.185040296365917900e+00
1.676258023970879529e+00
2.574201191763374919e+00
2.719932595136647979e+00
2.455671713590175109e+00
2.571593137499763593e+00
2.549824043249370398e+00
2.561121503450800141e+00
2.334746772496000933e+00
2.539337322640515815e+00
2.617156045758110672e+00
2.360396206266460073e+00
2.722826975986908593e+00
2.782536518108196688e+00
2.385511475153804906e+00
2.739456912464810934e+00
2.519355918161356733e+00
2.390820512826639543e+00
2.893947877868916940e+00
2.229871289334045770e+00
2.538109524111176185e+00
2.731034350223814577e+00
2.479229955264062646e+00
2.341177764313820298e+00
2.811873605770619733e+00
2.374281347540911913e+00
3.010834502138188373e+00
2.211040772520732833e+00
2.259939576213438439e+00
2.745886965060887253e+00
2.720916723109375823e+00
2.574702606482886402e+00
2.428350621277315380e+00
2.847532929408147950e+00
2.513122390000813056e+00
2.769263842210147430e+00
2.375441271190217307e+00
2.730880920889952712e+00
2.556068177363814531e+00
2.939457966884638118e+00
2.715651411151051242e+00
2.362291728012026137e+00
2.367822394901733851e+00
2.633932587440853901e+00
2.790568483147032097e+00
2.958719432062940413e+00
2.498592299491599888e+00
2.518468630445356293e+00
2.223735936711622063e+00
2.781400761092117868e+00
2.228409494990834627e+00
2.856867746754735204e+00
2.180670495467853964e+00
2.814799199999311607e+00
2.812809775476033280e+00
2.238037733754516978e+00
2.617076339917676187e+00
2.284319843524524885e+00
2.354739017117987387e+00
2.626580010312442148e+00
2.467367723366394205e+00
2.290774154674485530e+00
2.169879334514877911e+00
2.719522241662441608e+00
2.831563233728367379e+00
2.564785429108417780e+00
2.391807208885547098e+00
2.276206893141200727e+00
2.494112359717658656e+00
2.794687107761571809e+00
2.643697944400967614e+00
2.655604648846109583e+00
2.083548506245312737e+00
2.076845580898043053e+00
2.503492726942790014e+00
2.427217369238201972e+00
2.727782537079536329e+00
2.966005248454032905e+00
2.313343451369446857e+00
2.190549682817641397e+00
2.690023121846519594e+00
2.577010222700395481e+00
2.592503053267353863e+00
2.037136967707029900e+00
2.473726529964888066e+00
2.131476107716602897e+00
2.614729305027272854e+00
2.936596762479054323e+00
2.295512229523234193e+00
2.449843089849544242e+00
2.274458601369083066e+00
2.487722204106160184e+00
2.637529197808671455e+00
2.891977077774615434e+00
2.307081874602862737e+00
2.832011696775230458e+00
2.695198194437150363e+00
2.524909089484939972e+00
2.809059875081378443e+00
2.659952396019211740e+00
2.739459338363282814e+00
2.521172485504195926e+00
2.411110289928233730e+00
2.194436743900218811e+00
2.581571256765305300e+00
2.567463085529248179e+00
2.635291798477471747e+00
2.245207282863080689e+00
1.974505560497937795e+00
2.430039096110547803e+00
2.173662637968057254e+00
2.501499723496128702e+00
2.317992173862629013e+00
2.136284525975343129e+00
2.886228258315116868e+00
2.495147472432102553e+00
2.657422473407384356e+00
2.028008882890742992e+00
2.193253412503346489e+00
2.520274923559369107e+00
2.723138253856935087e+00
2.501152689783619820e+00
2.178939812260110465e+00
2.618093979586233910e+00
2.783538590893950726e+00
2.858319261317196158e+00
1.961154450153264506e+00
2.579136706409388857e+00
2.415970269693779926e+00
2.682564698208534271e+00
2.583829119740374658e+00
2.763884461079027410e+00
2.419604128936883924e+00
2.705308598748130233e+00
2.644915169495693164e+00
2.199802718657942080e+00
2.329202819819873316e+00
2.425532234064384340e+00
2.210146684964363395e+00
2.197060317416736908e+00
2.203321231985833073e+00
2.299347827939682620e+00
2.346806732990455835e+00
2.621925529954243217e+00
2.463664361653446377e+00
2.303278105388891106e+00
2.487623859164736828e+00
2.018104664062813747e+00
2.427163239238536718e+00
2.553475598014282255e+00
2.856417894736114516e+00
2.197184726446442138e+00
2.282203080410482254e+00
2.558832403031649605e+00
2.656686856507892269e+00
2.346683756698862755e+00
2.236426389810909132e+00
2.514920302637182914e+00
2.784779103811727552e+00
2.450639223580131976e+00
2.547352803726009807e+00
2.457687499946318077e+00
2.568330711081735274e+00
2.430886519724889450e+00
2.742583442130392513e+00
2.562079774941803834e+00
2.491338821215915544e+00
2.596180065560448114e+00
2.824599798188601962e+00
2.620476632285068774e+00
2.066316191446575523e+00
2.495167526603050856e+00
2.507340833549186243e+00
2.464173610534529324e+00
1.954600116924412934e+00
2.427716573384662624e+00
2.290558407191556789e+00
2.509145824777745393e+00
2.500522476805929095e+00
3.001956005437618646e+00
2.466439224714444656e+00
2.286405721426919335e+00
2.032834193427413894e+00
2.836876636974114962e+00
2.602911696421802201e+00
2.394662158814274466e+00
2.282526671965573684e+00
2.670268898481474196e+00
2.495982221976862370e+00
2.189612375579863102e+00
2.532463387612399863e+00
2.906345924074725140e+00
2.557194738057198435e+00
2.182751952462830936e+00
2.531998583270240299e+00
2.469123809227380839e+00
2.706659626536588092e+00
2.789632256348351103e+00
2.626311842458076029e+00
2.114928022350741621e+00
2.811935878789505683e+00
2.377153394793793506e+00
2.239793944384373958e+00
2.226706339122902278e+00
2.455313048044287960e+00
2.504626578825646543e+00
2.506936985920656280e+00
2.944148224403059011e+00
2.696397700762635630e+00
2.712318095623186043e+00
2.425174808383476321e+00
2.644756795647137615e+00
2.047316926508536472e+00
2.412877742671251546e+00
2.468924423830402670e+00
2.663500026905967211e+00
2.611868785233213419e+00
2.867575657773469899e+00
2.348465961223282328e+00
2.646155655191704703e+00
2.452958594172463869e+00
2.746454301763944450e+00
2.874147215686574164e+00
2.069657202564191945e+00
2.715497376463948509e+00
2.438130386384563586e+00
2.586361334616082530e+00
2.983425618203357388e+00
2.833259517810269301e+00
2.661859120362355391e+00
2.373785233050281107e+00
2.104726340898091408e+00
2.377121418517945450e+00
2.208624962241103606e+00
2.164700440687568506e+00
2.664256930280677782e+00
2.526384785266228672e+00
2.552021375110679280e+00
2.292879167200112089e+00
2.520887722404424824e+00
2.588169000214080029e+00
2.839859691272362596e+00
2.098777549556790412e+00
2.746877373853398474e+00
2.141997796731745396e+00
2.476476001832597973e+00
2.836210184666352774e+00
2.466178366922965992e+00
2.426841846616935250e+00
2.374545960717344695e+00
2.790793187215843574e+00
2.685101903942428425e+00
1.837205797583330247e+00
2.073844857680229303e+00
2.280412007260715690e+00
2.532460601983584247e+00
2.430055315210454037e+00
2.830196655686575191e+00
2.481170133320860227e+00
2.289225540291877969e+00
2.930949665255242920e+00
2.584252715853076143e+00
2.312292674540116444e+00
2.270410596906587752e+00
2.591643905707195383e+00
2.427224349419412341e+00
2.718180430514154811e+00
2.020184235542613393e+00
2.165287659881245386e+00
2.599300722939068997e+00
2.583117329519796002e+00
2.518145006614470383e+00
2.998788900541462965e+00
2.469945137304785820e+00
2.278411899037832811e+00
2.594816796831181271e+00
2.681891990335171894e+00
2.539978205135148492e+00
2.914329063516593710e+00
2.622722224219392828e+00
2.485726406315243331e+00
2.819325859428272629e+00
2.515374547009851636e+00
2.614609118058390802e+00
2.745652174048258676e+00
2.319165566413164292e+00
2.588511315389208089e+00
2.749065868654650746e+00
2.667370961648598549e+00
2.836903263191444147e+00
2.984908651146128467e+00
2.637090063964115494e+00
2.817760572376037942e+00
2.335736678225955654e+00
2.448280488621485951e+00
2.012719243047031092e+00
2.550042494317995789e+00
1.917898024484826935e+00
2.679546875013067542e+00
2.375896036749129969e+00
2.665078051221573485e+00
2.485362656598802733e+00
2.419175798472423367e+00
2.347087497900948172e+00
2.779153395691881467e+00
2.414467957572295820e+00
2.255833814598247500e+00
2.383106378888201426e+00
2.401250806957539119e+00
2.594258188257547282e+00
2.248860037040714133e+00
2.449814177618498068e+00
2.692436440565971090e+00
2.287873977335362685e+00
2.617523899076330984e+00
2.463038751736255527e+00
2.465490036064720059e+00
2.759571169862452322e+00
2.728370247882418997e+00
1.993820415073850993e+00
2.812607998435717960e+00
2.604649266221451320e+00
2.381479245727923910e+00
2.290611986788392507e+00
2.497929670377764477e+00
2.887977853011316931e+00
2.124981434850128359e+00
2.832806255080127400e+00
2.277131403708264390e+00
2.738411289964129303e+00
2.426310909529613369e+00
2.664551279416040419e+00
2.443246772030799541e+00
1.919039732851259394e+00
2.326837839045460488e+00
2.203119419354883313e+00
2.456342068225009889e+00
2.396161580211476405e+00
1.912371512173718147e+00
2.145569666165628497e+00
2.375276592647936447e+00
2.990243060061077873e+00
2.634780377816441366e+00
2.958310635359846508e+00
1.994692450523386729e+00
2.953924634607068445e+00
2.675258776522668747e+00
2.267698109833970133e+00
2.511450216145249215e+00
2.452908568133029821e+00
2.269148329086100979e+00
2.229237196473053295e+00
2.331374715211792292e+00
2.249923777387672352e+00
2.842100625434714534e+00
2.532808666934381225e+00
2.051112615046868815e+00
2.740549459095903195e+00
2.159112056266589086e+00
2.618287685686146560e+00
2.792150768331944199e+00
2.166307503483469787e+00
2.182079298926223210e+00
2.240467528178565537e+00
2.640094029931885800e+00
2.466104111239026508e+00
2.490922825176486111e+00
2.561257906833263487e+00
2.564939378977927564e+00
2.654898093014988358e+00
2.340403620829583531e+00
2.756203691441927894e+00
2.565880404276010385e+00
2.766142490146699995e+00
2.606459736403594185e+00
2.717132563930077183e+00
2.269897424063819003e+00
2.771036172428164690e+00
2.354391222119288862e+00
2.310752395570069950e+00
2.407809500303313310e+00
2.470228524625114552e+00
2.227961362682723490e+00
2.957545438031981444e+00
2.730804110013911767e+00
2.564011422378843719e+00
2.720330778843961017e+00
2.537329775399826293e+00
2.779263547353380215e+00
1.972573596576211452e+00
2.933966164311633928e+00
2.022256412169893380e+00
2.948727518533628800e+00
2.558500131727326377e+00
2.837811548820091900e+00
2.459215713717847418e+00
2.686675106700229243e+00
2.309569279386496365e+00
2.264377063582159622e+00
2.639452291262970540e+00
2.447426832836356869e+00
2.798614600629844684e+00
2.423277544241783765e+00
2.385915315867654041e+00
2.591142158749224045e+00
2.370240248545505413e+00
2.247008810982324079e+00
2.633542346409599499e+00
2.787690270177926255e+00
2.596009970105837894e+00
2.182368513334211446e+00
2.104619093651413753e+00
2.519885684434310047e+00
2.699586217970143309e+00
2.599996509501913522e+00
2.860104060905384049e+00
2.476990719899800464e+00
2.825687040258921812e+00
2.139821656799547611e+00
2.311021884177979491e+00
1.964730677664489944e+00
2.624138474325856230e+00
2.109891383302798573e+00
2.575066416631900612e+00
2.686860233474459125e+00
2.475676036226226451e+00
2.767886989632581507e+00
2.833243502275105019e+00
2.355877639724485828e+00
2.499784288910982699e+00
2.683818750984724666e+00
2.032108607372712150e+00
2.512173587122487284e+00
2.502568171467298264e+00
2.261531993249960237e+00
2.807176882288526798e+00
2.816344092463467952e+00
2.451862741026250347e+00
2.263784429199154680e+00
2.419386647058646922e+00
2.857893130108720481e+00
1.905462995923027592e+00
1.986142582532334000e+00
2.716074216825913989e+00
2.302730893402883616e+00
2.062833858175388890e+00
2.565514028487955400e+00
2.453364803897674307e+00
2.657397652999959003e+00
2.393296512481044580e+00
2.751411558410282510e+00
2.249986509234509491e+00
2.928846648898401739e+00
2.840882342378768577e+00
2.886415253507059742e+00
2.369885732166074899e+00
2.516447213931428895e+00
2.355979416086309897e+00
2.380930798494613310e+00
2.883276163245480639e+00
2.655510382477257458e+00
2.488164073799284726e+00
2.573229843795469929e+00
2.507545933933601923e+00
2.730286848173766323e+00
2.808787105252542382e+00
2.485389382741145070e+00
2.614194871280442367e+00
2.386393795204507562e+00
2.720886243538807037e+00
2.952940565567633513e+00
2.102926841159356464e+00
2.589854432886568247e+00
2.601375245879959941e+00
2.408276037537666170e+00
2.218621013989165114e+00
2.573452274593705624e+00
2.429336630463328817e+00
2.664088697690900176e+00
2.079035072856526334e+00
2.430151708496599561e+00
2.794174926813969506e+00
2.515498017075015191e+00
2.512568552984982606e+00
2.329329209865568906e+00
1.871217642004955550e+00
2.414934214414634628e+00
2.545996075067413322e+00
2.432771482722532408e+00
2.421032044288786711e+00
2.915398360508743014e+00
2.330292560602071461e+00
2.338727753892279715e+00
2.785684930495685219e+00
2.770679343011990703e+00
2.527409848740242104e+00
2.663156440435160199e+00
2.412510398606383610e+00
2.860214231447641531e+00
2.899557563926553172e+00
2.603669807143623949e+00
2.600722474290114050e+00
2.421935428152066194e+00
2.367069200282208019e+00
2.125320715359784174e+00
2.755045282186341371e+00
2.653831474030561743e+00
2.710930389243372929e+00
1.946318162736463409e+00
2.357325346349154582e+00
2.620062314496129918e+00
2.969059697752760574e+00
2.948192279905101021e+00
2.767808551326001343e+00
2.539715696281790613e+00
2.515834535359660507e+00
1.868097609421400129e+00
2.885287547628673455e+00
2.682579458125604166e+00
2.582939207525030589e+00
1.975680642106105056e+00
2.127911721730225914e+00
2.144186612893295152e+00
2.622237619234095263e+00
1.816603785055743048e+00
2.043915045095010541e+00
2.242821311434414877e+00
2.839799558395188050e+00
2.296691365200147050e+00
2.402143769218810565e+00
2.703964692968465755e+00
2.328883365813221751e+00
2.816881022013193903e+00
2.594516010450919730e+00
2.445692776799841095e+00
2.753755373405396778e+00
2.887819432158642119e+00
2.317991647328348837e+00
2.952667422319352752e+00
2.841439436712787092e+00
2.560706436822798970e+00
2.820656830967369633e+00
2.207601847365241010e+00
2.423789742338316344e+00
1.921172436368983272e+00
2.514800683933165804e+00
2.742561184202577440e+00
2.616798574600126770e+00
2.055725503702473311e+00
2.048758161507772790e+00
2.470702971615265753e+00
2.428434082989216591e+00
2.637633850958027271e+00
2.555708898961102538e+00
2.796079683354513179e+00
2.909611938870361403e+00
2.949503621833569511e+00
2.756420027034913733e+00
2.769587787529276479e+00
2.525946008352909278e+00
2.362821252158135987e+00
2.519416949820678653e+00
2.542008613156257368e+00
2.461056892721888545e+00
2.421510180872446405e+00
2.524340331900464918e+00
2.369836043706406770e+00
2.363145968980205680e+00
2.789202585732493134e+00
2.606281764620095753e+00
2.182114533712321780e+00
1.902503600175694531e+00
2.394343429557424408e+00
2.323213540363117779e+00
2.789949692886408705e+00
2.301185639377512082e+00
2.568991775659648535e+00
1.883333414583909127e+00
2.457912121947041229e+00
1.976228189613940645e+00
2.116973514738365925e+00
2.453572366639362734e+00
2.619902305030063161e+00
2.448802272909903710e+00
2.728719980421722369e+00
2.438959413056475789e+00
2.583407951322148399e+00
2.676977577961965338e+00
2.720000763406571487e+00
2.779346732634730088e+00
2.270100336042836897e+00
2.719228280848567270e+00
2.129529003782774765e+00
2.066436475870206735e+00
2.548084284087302365e+00
2.623515622747477405e+00
2.343962127081827163e+00
2.752358408567877390e+00
2.795206259342373656e+00
2.511303986803846922e+00
2.702682608904052763e+00
2.783657908920349033e+00
2.760572317925928942e+00
2.363602539902457167e+00
2.235030522255489593e+00
2.678438513243555974e+00
2.311668714332082430e+00
1.913011441936681267e+00
2.648151317890803824e+00
2.381120024733266671e+00
2.546333668859291244e+00
2.355986499090003683e+00
2.505859234730313023e+00
1.928670124724899182e+00
2.325736570375669832e+00
2.319749257404907006e+00
2.458802778479099338e+00
2.959936766229464666e+00
2.427587410296736969e+00
2.095812651363123891e+00
2.597681611310271421e+00
2.263578863035654809e+00
2.536793137420093824e+00
2.356920548768387302e+00
2.284898521490119627e+00
2.622126985230004870e+00
2.785535086533338589e+00
2.580645002425474566e+00
2.682172563339055404e+00
2.569518055532769907e+00
2.732033181460014060e+00
2.794554012206042160e+00
2.451007687940836011e+00
2.779251100596076274e+00
2.390265823826024594e+00
2.266758617831398759e+00
2.454195476383222996e+00
2.494210732024050081e+00
2.419032771171806928e+00
2.690425800888719632e+00
2.457374198245072972e+00
2.738958789243560954e+00
2.598507610739592355e+00
2.221223647077313679e+00
2.472560832302142408e+00
2.536569026366540136e+00
2.251930592122777242e+00
2.488246468787898458e+00
2.598684226122188967e+00
2.658224707981996726e+00
2.994224113379179375e+00
2.608932394141701749e+00
2.495478158894672394e+00
2.397186043038401326e+00
2.479056119455538720e+00
2.952391145170657705e+00
2.635306461081579510e+00
2.155598936090919349e+00
2.442223396676671321e+00
1.993000012960843392e+00
2.529200332746118995e+00
2.607123104857072882e+00
2.566436779507486499e+00
2.351897788180208337e+00
2.740050345565753442e+00
2.649966685644591813e+00
1.890070354501382166e+00
2.237153599937073967e+00
2.831471409387176230e+00
2.675370629776780973e+00
2.348516502956883301e+00
1.982584213311463728e+00
2.954377245653814210e+00
3.001332184705979955e+00
2.887900266191443688e+00
2.904783567748796980e+00
2.334379893363017100e+00
2.721361746550087002e+00
2.546574464878272437e+00
2.675086620742929355e+00
2.448470259871454058e+00
2.543439957668461648e+00
2.555857446686544687e+00
2.462978632642705890e+00
2.934207553179348782e+00
2.239550665565192666e+00
2.409595196568754982e+00
3.029988508635937272e+00
2.223007510047852797e+00
2.384915322692839901e+00
2.515590937883224854e+00
2.569762329636823495e+00
2.276308091363854036e+00
2.008608938629586671e+00
2.439408150554364330e+00
2.468520957612267086e+00
2.539568639969479236e+00
2.533894534817203059e+00
2.893901940333360123e+00
2.156997916100189094e+00
2.735272325402474003e+00
2.761678962691710204e+00
2.541986342845022673e+00
2.135672054412093956e+00
2.738445705690861320e+00
2.227417732710079257e+00
2.262815980671166294e+00
2.212489450475495723e+00
2.443606478592184494e+00
2.390345400306010060e+00
2.428755399692219541e+00
2.676008323831062796e+00
2.352459248587651430e+00
2.639135527906307566e+00
2.575685866373588873e+00
2.780940143755621818e+00
2.830584945225548044e+00
2.546043176362281724e+00
2.770663285318169411e+00
2.578206411000595999e+00
2.608687660385800022e+00
2.163580267506354460e+00
2.371390922101597631e+00
2.502639880654446980e+00
2.344513635730868906e+00
2.507822557192452617e+00
2.587081544833511160e+00
2.588179134155487837e+00
2.016986868540459277e+00
2.639307005767622449e+00
2.030191084776044264e+00
2.192231654602786683e+00
2.465162045769685673e+00
2.490563828640786070e+00
2.330943377549438367e+00
2.609081902768124017e+00
2.499087911934181783e+00
2.222658892888095039e+00
2.566022179486202148e+00
2.702489522436960723e+00
2.848182602705080058e+00
2.328919769048745980e+00
2.517105373289995285e+00
2.925079926814476039e+00
2.414778309134997691e+00
2.943234156647473121e+00
2.576409011973121999e+00
2.142747351979144899e+00
2.809557838290488441e+00
2.301811945260248571e+00
2.662793583895679550e+00
2.570527494709585969e+00
2.112392663121139602e+00
2.735976614021524700e+00
2.179741211528528400e+00
2.988562234438169707e+00
2.362505543955805365e+00
2.924021259930440486e+00
2.706956755435907525e+00
2.236030036824841805e+00
2.683467029520155034e+00
2.854790124777450533e+00
2.671983852603927456e+00
2.435007875185903004e+00
2.609046150079622706e+00
2.710612165616763658e+00
2.401719163621648612e+00
2.206173540085619944e+00
2.395238951788960069e+00
2.737471665305706292e+00
2.344117976076669940e+00
2.280941291204833909e+00
2.461738119319392126e+00
2.469179939209497299e+00
2.896183812703837290e+00
2.815350349978389843e+00
2.523528082251035087e+00
2.477105929496723036e+00
1.807082657453316976e+00
2.364826056694540934e+00
2.610473526241309905e+00
2.711158401770569881e+00
2.255041440524016672e+00
2.822440038216407654e+00
2.289368152283898450e+00
2.090165173050053227e+00
1.996890240588739207e+00
2.427118811074880700e+00
2.840252830139139206e+00
2.562763340586867500e+00
2.818592071270470178e+00
3.071800338537811648e+00
2.619173861884468213e+00
2.611304547269520437e+00
2.051151509759200575e+00
2.700936574955729697e+00
2.804877271472339118e+00
2.511656016495670052e+00
2.634472290488974799e+00
2.996084538645850781e+00
2.007863567206248590e+00
2.366987430440802953e+00
2.440449939886646824e+00
2.585428329642134759e+00
2.418732096558717792e+00
2.574619686681771658e+00
2.447290266589996932e+00
2.164313118439908923e+00
2.267847562609697221e+00
2.035292577750093201e+00
3.032259465983853541e+00
2.600151177233654298e+00
2.676248271282235525e+00
2.515175502350916581e+00
2.511824911111515846e+00
2.326953252875958889e+00
2.183812480679800938e+00
2.608317918020038650e+00
2.537219419131908182e+00
2.716160662722751251e+00
2.244595935064855663e+00
2.885267874344853212e+00
2.861858005920451919e+00
2.158428037942960565e+00
2.480572396607673369e+00
2.193970289745610369e+00
3.098668476177959707e+00
2.807327038653848028e+00
2.529513053072315110e+00
2.835430248256166408e+00
2.767933587793168559e+00
2.580918811021612580e+00
2.517866687630507805e+00
2.512674057432900732e+00
2.503395970581570484e+00
2.593895482081987502e+00
2.314047288215223208e+00
1.996403328006635336e+00
2.979928359360143109e+00
2.618062411474347595e+00
2.642366858882999825e+00
2.682574988169631247e+00
1.854384154547843222e+00
2.709428898992126911e+00
2.336485054147556806e+00
3.025602588168278650e+00
2.643296397476853521e+00
2.283661363375026454e+00
2.692683978445485238e+00
2.638442438184081418e+00
2.531293091217193592e+00
2.693420569651421737e+00
2.322396918979352076e+00
2.658862912944577772e+00
2.919997547892264844e+00
2.597618524973785981e+00
2.657306980901727567e+00
2.472812565980240684e+00
2.225379728641757815e+00
2.174871666883126498e+00
2.558667206595316657e+00
2.693680291488320222e+00
2.595694033090230057e+00
2.487274041438706007e+00
2.984410778839921008e+00
2.347761527364413681e+00
2.712453077476747687e+00
2.546963092680397001e+00
2.777902767006314555e+00
2.620237749206814737e+00
2.943883183796626390e+00
2.323154880059732807e+00
2.287401399810634839e+00
2.665802375867786900e+00
2.220624710543267710e+00
2.321546799928259741e+00
2.737726092342463335e+00
2.297219480287880256e+00
2.268171494488433027e+00
2.667077194798244566e+00
2.850292942742708835e+00
2.879279787581385364e+00
2.612714504804522608e+00
2.115608991041495024e+00
2.539614863590446081e+00
2.251231411681987371e+00
2.152933204963523472e+00
2.623918940554343937e+00
2.543203498161735965e+00
1.930827221088846413e+00
2.517885861939181513e+00
2.480360095660843811e+00
2.545920159587309328e+00
2.541141587294109883e+00
2.313472377954181702e+00
2.149033426590345908e+00
2.775381917577031121e+00
2.158730884336817368e+00
2.981021944621434994e+00
2.633197974400195207e+00
2.813580957814499239e+00
2.896886320880081467e+00
2.623087522513152692e+00
2.740079866221387661e+00
2.431594446739075543e+00
2.590206602079665910e+00
2.723814033690193703e+00
2.542716966343285367e+00
2.357950551106276826e+00
1.940878191290005939e+00
2.173278905177189468e+00
2.497852162692973721e+00
2.535090410496359858e+00
2.854277793915998895e+00
2.529111518191791141e+00
2.627615978099461014e+00
2.614948060441801836e+00
2.628184282748112555e+00
2.628321833014384268e+00
2.144405169480141815e+00
2.076740385063052585e+00
2.417391667787966547e+00
2.074261278962792332e+00
2.693057487947075224e+00
2.565559736121634238e+00
2.488241302724532034e+00
2.599250946623352210e+00
2.839507615748913860e+00
2.399770645809587322e+00
2.473889194518889223e+00
2.360236808203300285e+00
2.795832529118420950e+00
2.657434316328669333e+00
2.483303922855788048e+00
2.481474045161845332e+00
2.538177774080151217e+00
2.322328472256040222e+00
2.292505041306228453e+00
2.400726086938633319e+00
2.765165099237136381e+00
2.617054987197169780e+00
2.705608441927418450e+00
2.817554960398267916e+00
2.291340244208832200e+00
2.764204949709783143e+00
2.569903349784917079e+00
2.537732207297279885e+00
2.719611242372535820e+00
2.222699158062229952e+00
2.534094767108880930e+00
2.732965405512356671e+00
2.830124496917416188e+00
2.390675772356162909e+00
2.487227372790474789e+00
2.579621766251753989e+00
2.424556398320798056e+00
2.173581887112436384e+00
2.740439757471715421e+00
2.388965626192912417e+00
2.590462276350501636e+00
2.377241936835669645e+00
2.549986319502626220e+00
2.587898271010344864e+00
2.772223597194543032e+00
2.548763892541785925e+00
2.777846165263750944e+00
2.053275640007978353e+00
3.001580038525516692e+00
2.284836785698446171e+00
2.617799549056073705e+00
2.166940788194895884e+00
2.223568202803196669e+00
2.418247605788971910e+00
2.458438158198072543e+00
2.520680458739174234e+00
2.766331957020506049e+00
2.600919817435360937e+00
2.447090441582934872e+00
2.902131359720269810e+00
2.395725326684014167e+00
2.571822597853380188e+00
2.426275411978801699e+00
2.095299535977131811e+00
2.674458412807320773e+00
2.277907281481324819e+00
2.457344244780873765e+00
2.987494664031721925e+00
2.499811185134215741e+00
2.337408200268662917e+00
2.180383726716433213e+00
2.506828295487681046e+00
2.932477573588030406e+00
2.671892463933957185e+00
2.484075910783539509e+00
2.511664110563339491e+00
2.146438238388935105e+00
2.613707508707821869e+00
2.398242606568003588e+00
2.633719026571935018e+00
2.780482894601480570e+00
2.577981942979846952e+00
2.836308010912511612e+00
2.618813118996234479e+00
2.217333970466784265e+00
2.109656044349456749e+00
2.410468470337773894e+00
2.152439913613893196e+00
3.003412012668855713e+00
2.458544864432882893e+00
2.729405661856684873e+00
2.152528452606583542e+00
2.370403885394046561e+00
2.705852861093649864e+00
2.406871171758476091e+00
2.885159880644473596e+00
2.690843936210645992e+00
2.511987979671003401e+00
2.499063273842517141e+00
2.711257786554901461e+00
1.864528701196846550e+00
2.678035943398931806e+00
2.594835943608542195e+00
2.492475871218547301e+00
2.766339066247920364e+00
2.482192507741353360e+00
2.040724449299367027e+00
2.295004659994943630e+00
2.710679249269445812e+00
2.655032705371088042e+00
2.542561185207189212e+00
1.868539619527767259e+00
2.311799855539319104e+00
2.348885605853390679e+00
2.542823606229379862e+00
2.792849191793476127e+00
2.676681963142035325e+00
2.543500440593448708e+00
2.630699401733355369e+00
2.205048692761821805e+00
2.566337635803396022e+00
2.821721202968013209e+00
2.709202577979850091e+00
2.514735187884780565e+00
2.833411555865024134e+00
2.673064382254565885e+00
2.565431712744438375e+00
2.691718955652475209e+00
2.341985830111125821e+00
2.056534704904157351e+00
2.198739698262563991e+00
2.777064416122028145e+00
2.555684653796441275e+00
2.863313586538811517e+00
2.515567616768274117e+00
2.430890643539009410e+00
2.363078951291841534e+00
2.311920329891290038e+00
2.588238569467879557e+00
2.459890136390275650e+00
2.458599575697478112e+00
2.480044512773251775e+00
2.389295851060934783e+00
2.730885050408284886e+00
2.512037191957569693e+00
2.075849710669848136e+00
2.095162444590493500e+00
2.180465530530419915e+00
2.758751680040993026e+00
2.281662531987785680e+00
2.863552263331115011e+00
2.694893156740620910e+00
2.889068736009140714e+00
1.988969336807031141e+00
2.596179351794715373e+00
2.555573727936290229e+00
2.474705885789730164e+00
2.657158784299146426e+00
2.818420658108693022e+00
1.996472638626005214e+00
2.607205851453811007e+00
2.303954937557352256e+00
2.052678297425415188e+00
2.539764733784993123e+00
2.666439601786098290e+00
2.261623484140783180e+00
2.717717528136911920e+00
2.468392301665899513e+00
2.486646831605714425e+00
2.625477098631314732e+00
2.318548840139562195e+00
2.717087774592589433e+00
2.235795380091954332e+00
2.419639230266244390e+00
2.722151089133460378e+00
2.052831026156064720e+00
2.681476502826830810e+00
2.801350723849730162e+00
2.584224497016477606e+00
3.078986017010762133e+00
2.251747239335330608e+00
1.928360750767806664e+00
2.321455755750835070e+00
2.775519035574661508e+00
2.870270582003300319e+00
2.821487896546377439e+00
2.107067777118161178e+00
2.057423402765159892e+00
2.271873546085717788e+00
2.218955751900967055e+00
2.331529409054518887e+00
1.974213134294408922e+00
2.615202201863500608e+00
2.309831122161972505e+00
2.716814126562626441e+00
2.481062717255563932e+00
2.224344855869312632e+00
2.166604498577994420e+00
2.278285468510377498e+00
2.311941008929533581e+00
2.761214712750131195e+00
3.015509011287345942e+00
3.032511134604895187e+00
2.543177691892244408e+00
2.761670684909378615e+00
2.989527325821226267e+00
2.578403818244885404e+00
2.480718730192204458e+00
2.260892523033539270e+00
2.787335845358710706e+00
2.455556430190242168e+00
2.504777922736704188e+00
2.851245260764978529e+00
2.641294229243699831e+00
2.945276307529863580e+00
2.499652740466252077e+00
2.605670758988675395e+00
2.640522383423296482e+00
2.511718593619122863e+00
2.564203515072895900e+00
2.555555729127792830e+00
2.615383974568001868e+00
2.937073032319261756e+00
2.718293378674024652e+00
2.653189170324876667e+00
2.137836604226150961e+00
2.640511191984199701e+00
2.378611773011633623e+00
2.387128084122652094e+00
2.430814060338280846e+00
2.289894051452339152e+00
2.477575565726859885e+00
2.415609631191520723e+00
2.420132416020744692e+00
2.579876050970652201e+00
2.217539524828801234e+00
1.956404612634317086e+00
2.309030119218879129e+00
2.687492490234799192e+00
2.465814793062381938e+00
2.101822205939217092e+00
2.166159719474813450e+00
2.376044565745470738e+00
2.320968926246115949e+00
2.571632946238583628e+00
2.194277842048319993e+00
2.572973869570255090e+00
2.608988849537623000e+00
2.798551477976998214e+00
2.904425996261312370e+00
2.276532445760235390e+00
2.545824405682236780e+00
1.872388545989515096e+00
2.481317882142626718e+00
1.685031445879616951e+00
2.510094814375319672e+00
2.873894534231289821e+00
2.067679708117950099e+00
2.375612020222504839e+00
2.886348781588136791e+00
2.150262726136604741e+00
2.574714195857169763e+00
2.535139667484151094e+00
2.440026104806835683e+00
2.328465795151110296e+00
2.608375407825251013e+00
2.032056263058542367e+00
2.611841886905154730e+00
2.767727033613692988e+00
2.079803482153881777e+00
2.576062252186336554e+00
2.633190181649008643e+00
2.745993946792110840e+00
2.229006567529969285e+00
2.529806889794527613e+00
2.855003218531262821e+00
2.342057230268093981e+00
2.290139268943605533e+00
2.591572774039232030e+00
2.737081767196221094e+00
2.494183446254990777e+00
1.931373967723150953e+00
2.949153868137627477e+00
2.814276353491117266e+00
2.475296391315636502e+00
2.495693966051922175e+00
2.259706807520819538e+00
2.560531780043616035e+00
2.776035389317792479e+00
2.501992539462962739e+00
2.163725787922645694e+00
2.476903204401274206e+00
2.169580311794163663e+00
2.437833365293053500e+00
2.447552979088516878e+00
2.915525691351736448e+00
2.430167640801224493e+00
2.544072452753762814e+00
2.073951922878040754e+00
2.552944589216218141e+00
2.611387121847159598e+00
2.782537583456409003e+00
2.857869423356778960e+00
2.013320380538443644e+00
1.971255927342621561e+00
2.547124348494164803e+00
2.370426381028241991e+00
2.663154050982520005e+00
2.742978610544120510e+00
2.075232781164674911e+00
2.168288367523931726e+00
2.487856036709479746e+00
2.279362765806494551e+00
2.692907659963424294e+00
2.716872486299973577e+00
2.149360123486551810e+00
2.882568503459365772e+00
2.647137479502104984e+00
2.544735254369354660e+00
2.155534865377867870e+00
2.402895341650226335e+00
2.212363957923769053e+00
2.846270287261065679e+00
2.750821958524820143e+00
2.066183367894260492e+00
2.473247620072995367e+00
2.764853374906716788e+00
2.489212661392254944e+00
2.166273969042838310e+00
2.020737851255555384e+00
2.516071651186986724e+00
2.262728857492528611e+00
2.169896242300948686e+00
2.353241151453504099e+00
3.085028432635363860e+00
2.501036036314410183e+00
2.361409063578522982e+00
2.488557151731134454e+00
2.315381731542491828e+00
2.825638457918022706e+00
2.854270077820969753e+00
2.084775802718902504e+00
2.853728239277055323e+00
2.881834079856028463e+00
2.441082010722253948e+00
2.324439257475801934e+00
2.582773046254725813e+00
1.756989197033926420e+00
2.495192142117874656e+00
1.901611986209731597e+00
2.358751740479027248e+00
2.093451182425384083e+00
2.179344350015266496e+00
2.524958966219186252e+00
2.490189428729800536e+00
2.759693405944680933e+00
2.690413097203165460e+00
2.552030263595610027e+00
2.449670025935310136e+00
3.014769776054404105e+00
2.610303533497126516e+00
2.651331150842226592e+00
2.829440550309527236e+00
2.703307139553844607e+00
2.629390025889199123e+00
2.490226357606537544e+00
2.427955245795782258e+00
2.007446167558578409e+00
2.686088622461480391e+00
2.736582123777498765e+00
2.842039521140578007e+00
2.525557775045699671e+00
2.431281461088043994e+00
2.419821661096039023e+00
2.623416553408176810e+00
1.902143798838236144e+00
2.511674328457203842e+00
2.297764932312654551e+00
2.758771915503607453e+00
2.403119977302144328e+00
2.752367928500638605e+00
2.482335655831418020e+00
2.461105786790196426e+00
2.202803070731970791e+00
2.669871052964742919e+00
2.593084117557765911e+00
2.567489066966064382e+00
2.653888387091472900e+00
2.526526317628443596e+00
2.915560398075754733e+00
2.400722163870216530e+00
2.120356112178322316e+00
2.592191780604599316e+00
2.347665638845902514e+00
2.317973957338618884e+00
2.705199837441727428e+00
2.557490254128173657e+00
2.548898871258855614e+00
2.727324929284561605e+00
2.400748560350820515e+00
2.700749941912961472e+00
2.419609861272300488e+00
2.109149132285018879e+00
2.312103020829458622e+00
2.064748184041556911e+00
2.715017970726576024e+00
2.235933457253364232e+00
2.339052277935702584e+00
2.986362289463281083e+00
2.193628560680218609e+00
2.686329429192358731e+00
2.446525498512010621e+00
3.126920520586994545e+00
2.270283272082287862e+00
1.997945513204954837e+00
2.506745221888158959e+00
2.693854408918054055e+00
2.709760051637181810e+00
2.534585259354757092e+00
2.117708439645442198e+00
2.493122278103100609e+00
2.924976109756399989e+00
2.595369534115147481e+00
2.635076723423177114e+00
2.596018399406056165e+00
2.246085736262815047e+00
2.607710341644819074e+00
2.222489277663798113e+00
2.812142316941066422e+00
2.645932263785882199e+00
2.521759651858910711e+00
2.473086110328461817e+00
2.278452128156063683e+00
2.587374245767980696e+00
2.530298741975388843e+00
2.699625034847197291e+00
2.808398499492696931e+00
2.447261710921216249e+00
2.508459766171402983e+00
2.846953899936695009e+00
2.816562391461522985e+00
1.802010250346246956e+00
2.320739204248475573e+00
2.656360983121024422e+00
2.338519220696453349e+00
2.161817131830257921e+00
2.912027229235000014e+00
2.405190085041754244e+00
2.084953395501214946e+00
2.526560413115378267e+00
2.002680251514079579e+00
2.846474207156903802e+00
2.742588983347328480e+00
2.668077090619919378e+00
2.470224775381974602e+00
1.900112170491606189e+00
2.413507342947687651e+00
2.716742838126544601e+00
2.237354351007845743e+00
2.656882510023432786e+00
2.246803326230175646e+00
2.051152473508903729e+00
2.391176163336809601e+00
2.551440888421688147e+00
2.681342659628293656e+00
2.664015748884021928e+00
2.489674397348155654e+00
2.333336620623932323e+00
2.278885958433686021e+00
2.705012803221165996e+00
2.327525370300044916e+00
2.632534258704629426e+00
2.802937297805198291e+00
2.786073758788987664e+00
2.500854953353051968e+00
2.244939131308230529e+00
2.224438030994039917e+00
2.807111961760511143e+00
2.905810835705062711e+00
2.512303195308824844e+00
2.585805606785172905e+00
2.918013743420003525e+00
1.879272440109313269e+00
2.723298364952952966e+00
2.607503678040528072e+00
2.475551693609593151e+00
2.633166877323586341e+00
2.219772963324220694e+00
2.921686477437750007e+00
2.354396351046373681e+00
2.624519741880498636e+00
3.086145201084790735e+00
3.026857652751726580e+00
2.451195128374370924e+00
1.820493787416481490e+00
2.288280797116839960e+00
2.659244051877181825e+00
2.365886752357462264e+00
2.921960791543110947e+00
2.262260765295248000e+00
2.530548872482843770e+00
2.526150865040218019e+00
2.461411562376024875e+00
2.749224706586322231e+00
2.627901046381900141e+00
2.987339321000308967e+00
2.728855540541414104e+00
2.610012578568406294e+00
2.606855904860668094e+00
2.698078517270813936e+00
2.211742058144427148e+00
2.886310988104515474e+00
2.322370283085936293e+00
2.386462105349184792e+00
2.907728557046402429e+00
2.375645984998307814e+00
2.508103837797514668e+00
2.704234644334333471e+00
1.990026409884938285e+00
2.596428402787795520e+00
2.287538330216690952e+00
2.343182058488659347e+00
2.466070624870121630e+00
2.804851331102969247e+00
2.219929056766933417e+00
2.782639303274141440e+00
2.749217610788211807e+00
2.325009207833095282e+00
2.571105988764859518e+00
2.614176724217933234e+00
2.462590660317875546e+00
2.531548838575469418e+00
2.617371259301073394e+00
2.433549647861372733e+00
2.586757335405344360e+00
2.682424823557596483e+00
2.535343626471196821e+00
2.925627695474679602e+00
2.522848779053778134e+00
2.253331924137342845e+00
2.501929037975942016e+00
2.597006509764444360e+00
2.337651385264447601e+00
2.770441148528165254e+00
2.542626548196525782e+00
2.183267482031031825e+00
2.354007103307568016e+00
2.695196752471248125e+00
1.908027559622336389e+00
2.032942455268972992e+00
2.429911891844508620e+00
2.991352836868970577e+00
2.441027750977464716e+00
2.156361306096163055e+00
2.402695564488040780e+00
2.414964129092718181e+00
2.509912058366806420e+00
2.102078381544273178e+00
2.754551382741599497e+00
2.496355586642729385e+00
2.904029310597839864e+00
2.539597378877660461e+00
2.221239909711636429e+00
2.593016759237336544e+00
2.145151122636284935e+00
2.730095880360019933e+00
3.012661963840135737e+00
1.975371800680633783e+00
2.284331416798723424e+00
1.855432799342113137e+00
2.286999291812046753e+00
2.527816210655590368e+00
2.476392781827337686e+00
2.110048466204200501e+00
2.372613701782344542e+00
2.684573206923629662e+00
2.445716612251071620e+00
2.718075246655220489e+00
2.677617801248338036e+00
2.272773410407046057e+00
2.736794036921065931e+00
2.688503271795219085e+00
2.218115560680649079e+00
2.708852756708621801e+00
2.664810942181796705e+00
1.806737078527103080e+00
2.431481059299351877e+00
2.518795038385200691e+00
2.720777286258229566e+00
2.585310833941167896e+00
2.097327443056202334e+00
2.059129631097425417e+00
2.256674491756817780e+00
2.797542195433444956e+00
2.795856637129357836e+00
2.235077342953582402e+00
2.786096107811329770e+00
2.539754348796510186e+00
2.541537625820436297e+00
2.851963202762887839e+00
2.011538510366191801e+00
2.661800327677295464e+00
2.756922841552841508e+00
2.021086258499688704e+00
2.350604772003971554e+00
2.766490188539564521e+00
2.640905574882383533e+00
2.611899026522837453e+00
2.231196244264420425e+00
1.968577032609580613e+00
2.793190913311693890e+00
2.671133587675795784e+00
2.119147674447273477e+00
2.825032584465720920e+00
2.952080450992374150e+00
2.229592672461039093e+00
2.513449474355934576e+00
2.237834024361723628e+00
2.772448339285503049e+00
2.736907910365713015e+00
2.419116043276866801e+00
2.593562970810055823e+00
2.523508069746711602e+00
2.733503078844302436e+00
2.262168458437318286e+00
2.644990319791299171e+00
2.396339114283415839e+00
2.427550075230881177e+00
2.491121984986034654e+00
2.924765932340882557e+00
2.468284131211698984e+00
2.220541254258785013e+00
2.552330664816764738e+00
2.258350928611229325e+00
2.386350897207561772e+00
2.141594483478414634e+00
2.894857107418965292e+00
2.448813002401006855e+00
2.813516745694870202e+00
2.741650775777736637e+00
2.572699152868014760e+00
2.784968305848072756e+00
2.448006648170931943e+00
2.802860627035507868e+00
2.058192670394338286e+00
2.377343842505161398e+00
2.073297748211013314e+00
2.553591228631677978e+00
2.634508919385672776e+00
2.397986878218689721e+00
2.550706242617525099e+00
2.875603947692558116e+00
2.607465479070639081e+00
2.774116293315834980e+00
2.552745735157858853e+00
2.714926871875934733e+00
2.364627638960192346e+00
2.547048111058270337e+00
2.003480861288482018e+00
2.463028775534795045e+00
2.563293443528813054e+00
2.170992918209838418e+00
2.508189314920698187e+00
2.617349170006899151e+00
2.317379002288620704e+00
2.597112866202802017e+00
2.644204954854497913e+00
2.568208705316701757e+00
2.574205208753426621e+00
1.894828982889306568e+00
2.794812560828800585e+00
2.968995078873974069e+00
1.878002256647846924e+00
2.563153355383870569e+00
2.834466617263153410e+00
2.369221771254900410e+00
2.745928182994965550e+00
2.402517308941241048e+00
2.396910312433071510e+00
2.886549118648508827e+00
2.462962499344694578e+00
2.103545874489562095e+00
2.376565312338534852e+00
2.793255433906665086e+00
2.445358995265178415e+00
2.557671313500830212e+00
2.426185670174551667e+00
2.702461497739834240e+00
1.901902715606220484e+00
2.537469223871860358e+00
2.612078179831571756e+00
2.721084459585266124e+00
2.642568208679442865e+00
2.015544960320195145e+00
2.587126873833232477e+00
2.253289584779926358e+00
2.418971088736646902e+00
2.619154435496198641e+00
2.156811808911812012e+00
2.558787922661920788e+00
2.600954079645532602e+00
2.477489407641026098e+00
2.575318371088651581e+00
2.210352072116312794e+00
2.091352391721850168e+00
2.581166336256617733e+00
2.913673644466917345e+00
1.946956629313102871e+00
2.635932194682923502e+00
2.798257088893047140e+00
2.108756763411730351e+00
2.795712719536629809e+00
2.560241497393906940e+00
2.404163341152090627e+00
2.443628851180072559e+00
2.918346432322291850e+00
2.758233828445461722e+00
2.254677754372230503e+00
2.629067372154400228e+00
2.585729356023574788e+00
2.494743649452799250e+00
2.591094201010502029e+00
1.815165142916432606e+00
2.371566857433875519e+00
2.128938602274062397e+00
2.311775343525963144e+00
2.738545796762524187e+00
2.462447154402901184e+00
2.611993723730074990e+00
2.659126229560484056e+00
2.767841871923628627e+00
2.532211166666209490e+00
2.458195916519836821e+00
2.766878013121954361e+00
2.575186980083473465e+00
2.714461652360925292e+00
2.686366323791280486e+00
2.300687399086166263e+00
2.947557802517645875e+00
2.802435329993731461e+00
2.187540543900979184e+00
2.517273883835589920e+00
2.531937262117721854e+00
2.757899732518471314e+00
1.939826833558298214e+00
2.367704114090694034e+00
2.353671457010404033e+00
2.450642785225432441e+00
2.441080518618167883e+00
2.625922738831993897e+00
2.638237169729039877e+00
2.060453483272727038e+00
2.763484309000649120e+00
2.545078657941640454e+00
2.767188118460127910e+00
2.281044263418471107e+00
2.512327276063166526e+00
2.816307113396966599e+00
2.385546539768827579e+00
2.661125070031844508e+00
2.656583800906287873e+00
2.438128745278216769e+00
2.670294916621785308e+00
2.436052433348376400e+00
2.588141316358980593e+00
2.829914611452788442e+00
2.413844219070194530e+00
2.900631204233968585e+00
2.491680647822713368e+00
2.187234091549214554e+00
2.656808063269452624e+00
2.375439571389754700e+00
2.654775553657812370e+00
2.812541665174840055e+00
2.666649215324797595e+00
2.556798161305000150e+00
2.281916986922962298e+00
2.185195256719296264e+00
2.631133569851010101e+00
2.248240538413376122e+00
2.689750921266730987e+00
2.164098104093437058e+00
2.633611622369461891e+00
2.387882424536965864e+00
2.428985224439948798e+00
2.406655592093453144e+00
2.614351662818408695e+00
2.702320171282587058e+00
2.198342924630891204e+00
2.674083562418317239e+00
2.457278641915463524e+00
2.658468205515725380e+00
2.702453541642938273e+00
2.682089825886517787e+00
2.218235531881866951e+00
2.698761179778412789e+00
2.345762896721145019e+00
2.424432177952568601e+00
2.932170743595698070e+00
2.359618323743691626e+00
2.790345016548228863e+00
2.541313736296328507e+00
2.538676962322613750e+00
2.420213142487197988e+00
2.376949403985871179e+00
2.573746285580569726e+00
2.828333105280752324e+00
2.290767013184088707e+00
2.382463388471482979e+00
2.134503543428630579e+00
2.694294983897714157e+00
1.887019895282862292e+00
2.485793982891512321e+00
2.317856837541179882e+00
2.873942166350619942e+00
2.559374001180552582e+00
2.371953802907548869e+00
2.437902703674212468e+00
2.762461537002366185e+00
2.547189221258105984e+00
2.107981775803893232e+00
2.707871169991982185e+00
2.799555073642451930e+00
1.971971927591792628e+00
2.528878579066759613e+00
2.767496007620010801e+00
2.289033489994833026e+00
2.394967930089056729e+00
2.454408676397807465e+00
2.698407653541235796e+00
2.485555356098331004e+00
2.642054273977226586e+00
2.814078446726161697e+00
2.485595314982576021e+00
2.652770909712823588e+00
2.566817756442852705e+00
2.780602670060324133e+00
2.257158102315277581e+00
2.315030438195293527e+00
2.610938359517560148e+00
2.326330355011341666e+00
2.444433568470866902e+00
2.352639674828145289e+00
2.562179223819677887e+00
2.576090376977422824e+00
1.838271299460820796e+00
2.786619412052643074e+00
2.652427894002511000e+00
2.361562848236218315e+00
2.623396633878690043e+00
2.714117643632335319e+00
2.724320290020209256e+00
2.834261762198695855e+00
2.334055576551691491e+00
2.648222249719477173e+00
2.943337432042642199e+00
2.189381167937646921e+00
2.481637319267071096e+00
2.105440094348270286e+00
2.721602000721416559e+00
2.839901114651872671e+00
2.443098601197593922e+00
2.648314208598939512e+00
2.579800890014158909e+00
2.478089610793605235e+00
2.410364274864329026e+00
2.583544175834935341e+00
2.295269818261512995e+00
2.413661013201819028e+00
2.286028267767228783e+00
2.901410155026395543e+00
2.812336456294108888e+00
2.270614804659795372e+00
2.209986012813561107e+00
2.320067348561009268e+00
2.546507725250498844e+00
2.098440156302488369e+00
2.628262954834546861e+00
2.491001795402318031e+00
2.426851830215089656e+00
2.583719493689906610e+00
2.565376568671307478e+00
2.784155149867899137e+00
2.584790117721803782e+00
2.065133154374215074e+00
2.086500264228762447e+00
2.410141099515002328e+00
2.637913681382968889e+00
2.643039007243311200e+00
2.491964608376139978e+00
2.528015553557912742e+00
2.802538477059781208e+00
2.851100880274273663e+00
2.778932618055597104e+00
2.568430502408987071e+00
2.766531074336691098e+00
2.367150566025296499e+00
2.314013470167569420e+00
2.530627128332175957e+00
2.111701207749701048e+00
1.715254134139343689e+00
2.700531864477091037e+00
2.820536002275233933e+00
2.416273159050263519e+00
2.544318473689195947e+00
2.083983662259318415e+00
2.397912243933987053e+00
2.185507593544572025e+00
2.183549556618423537e+00
2.181547741354372238e+00
2.830111121125164164e+00
2.782338828528407415e+00
2.824556944960306293e+00
2.872424319751503585e+00
2.552945847513376609e+00
2.309873749440406243e+00
2.727131424093386158e+00
2.525102884648331880e+00
2.696371057688121908e+00
2.649388032080074673e+00
2.767125203267679634e+00
2.589634989382187058e+00
2.876257910602505241e+00
2.368564505006605980e+00
2.324282980879707861e+00
2.605790467965184209e+00
2.386747027679686717e+00
2.579902989842806083e+00
2.890807833423336692e+00
2.833361728933221801e+00
2.678135688238989509e+00
2.525512457420930001e+00
2.711366655868638897e+00
2.031867302986928969e+00
2.501784240971517193e+00
2.759213410502884045e+00
2.795308406777126997e+00
2.911726569421825950e+00
2.506922728687971613e+00
2.489238224145904343e+00
2.570126322635380767e+00
2.431128546122858225e+00
2.711842841487464018e+00
2.443322764549705983e+00
2.115648217673978593e+00
2.270009570497109497e+00
2.288637179294168433e+00
2.825927356756306352e+00
2.287058699678243379e+00
2.697202572007787680e+00
2.833582181717594128e+00
2.566901171904863332e+00
2.631921870745496328e+00
2.704873486432521457e+00
2.510489485150107836e+00
2.072053815277857147e+00
2.680343211775281453e+00
2.149608123875215604e+00
2.585739707950996724e+00
2.681924118550337965e+00
2.443866507752211703e+00
2.585215448985183517e+00
2.160245974726956675e+00
2.845394924234637024e+00
2.810351670646049183e+00
2.459189853839721440e+00
2.903647839331846559e+00
2.374494769905153291e+00
2.396177727784551514e+00
2.774801725043340106e+00
2.552657283475515460e+00
2.891779055296628265e+00
2.992394588451965820e+00
2.906957378535068415e+00
2.708789088203995554e+00
2.435477380895151533e+00
2.685784204203196079e+00
2.481585363467415206e+00
2.389832171611696587e+00
2.411698149204731578e+00
2.723136562615026790e+00
2.428648935533105568e+00
2.199184382261722970e+00
2.507114143163110320e+00
2.063501917453485213e+00
2.584731570142001278e+00
2.303459175637461165e+00
2.290608241993723482e+00
2.270780126462850212e+00
2.925958577085420842e+00
2.716768310807150311e+00
2.610039823986342267e+00
2.755028264603101462e+00
2.885110910369269366e+00
2.780952447249946946e+00
2.799383718552315159e+00
2.503709676167924059e+00
2.142451384292482164e+00
2.501124936911793828e+00
2.571665393850395720e+00
2.825193726210581957e+00
2.494542912706689819e+00
2.668973707406230300e+00
2.255061889236408046e+00
2.468381440671581828e+00
2.925255884712575138e+00
2.653993957115418745e+00
2.067979201997193428e+00
2.044980803401840852e+00
2.700119381573761412e+00
2.562725622390159774e+00
2.754088689067934581e+00
1.989836952593580843e+00
2.420996561178031747e+00
2.821359185224217025e+00
2.416096477363561590e+00
2.534566324023957762e+00
2.251839527778625616e+00
2.641371924503965296e+00
2.460644001714284546e+00
2.681136525632532575e+00
2.879988192771275379e+00
2.376938715267540747e+00
1.963727523836958699e+00
2.172048950628675978e+00
2.411096727674442608e+00
2.817941076908452747e+00
2.597818652617738699e+00
2.571217360164412824e+00
2.744064362340222996e+00
2.712931456762526228e+00
2.316846162157438993e+00
1.947698245077924328e+00
2.551979865281355675e+00
1.793536167816488947e+00
2.767228855748289362e+00
2.531445967656470231e+00
2.718137826319434680e+00
2.350660812668570188e+00
2.832608502314865273e+00
2.581953547413417205e+00
2.250515511062049612e+00
2.325606183107104652e+00
2.527366541069382855e+00
2.633148191715729780e+00
2.503165415077655886e+00
2.678778207113444054e+00
2.838822505847176547e+00
2.226042958612922007e+00
2.889760153482052729e+00
2.249714486821181580e+00
2.171222258283428186e+00
2.541534644287851030e+00
2.563938937463020373e+00
2.316540061374483983e+00
2.676340506821492049e+00
2.663365296404916371e+00
2.267037865436051902e+00
2.428462435438403677e+00
1.922399008276288512e+00
2.818107258006942395e+00
2.410630928874119228e+00
2.520472566938286363e+00
2.864240025262409173e+00
2.675855405318481317e+00
2.241439184577562305e+00
2.241421424098299031e+00
2.350359651635345770e+00
2.882206136378575589e+00
2.801373849646961567e+00
2.798480623218811747e+00
2.884941463967675812e+00
2.987251799904866889e+00
2.181370173889674913e+00
2.690842687609185546e+00
1.959849153770158781e+00
2.714342410102529080e+00
2.756894343849803253e+00
2.770162118561310116e+00
2.592097021122071077e+00
2.548770108820639368e+00
2.427081829579897043e+00
2.657969358665366322e+00
2.802620227318845636e+00
2.438883113693637750e+00
2.320943763050496766e+00
2.185760861497826557e+00
2.990604376924763663e+00
2.819608974220765951e+00
2.545639658740399547e+00
2.314165884126181627e+00
2.995041764179358967e+00
2.363987244130111076e+00
1.955133558281642481e+00
2.644343391806747601e+00
2.621045951796010076e+00
2.532429616151199880e+00
2.633633953991104448e+00
2.381431392259850899e+00
2.453770356927681640e+00
2.669127723758047743e+00
2.426713328903844058e+00
3.034757493889431057e+00
2.779499491511642884e+00
2.801378071192030639e+00
1.995698064144680428e+00
2.676278647182139370e+00
2.832086384487968900e+00
2.469381312697611186e+00
2.824422181660235953e+00
2.461358460260580472e+00
2.490932290455089237e+00
2.476555179242788896e+00
1.895647424307667528e+00
2.639601427729162175e+00
2.703023119173797895e+00
2.428424704644166709e+00
2.374743647095340471e+00
2.484560467363390757e+00
2.499249754989637751e+00
2.505782134551587603e+00
2.604229678834779627e+00
2.056079859947251620e+00
2.823424981797765465e+00
2.510203149578388082e+00
2.606315722594873208e+00
2.337537022316595881e+00
2.514766119630684749e+00
2.985715297078479491e+00
2.555682016501571230e+00
3.049580355145709021e+00
2.477822613650588313e+00
2.675275439799279287e+00
2.522919657287804984e+00
2.761130412883645135e+00
2.478705842443076790e+00
2.807769404103584332e+00
2.068470647482278046e+00
2.870425157729711962e+00
2.158596140257034612e+00
2.874205885009320394e+00
2.174731734885518186e+00
2.503295068528698764e+00
2.195983633948021208e+00
2.681737502922551641e+00
2.326949680600922221e+00
2.552010301191236508e+00
2.652756255083699166e+00
2.017539975351981596e+00
2.339666178722381140e+00
2.993753609611583766e+00
2.366339732629979764e+00
2.482804349762010254e+00
2.464421843515287591e+00
2.703544067585415434e+00
2.418651911171154190e+00
2.308774846027741301e+00
2.002054399795432094e+00
2.052718891361097864e+00
2.546314396012356429e+00
2.547727174710471498e+00
2.436895846654601794e+00
2.833612183398898754e+00
2.537771744615475722e+00
2.617176205633275021e+00
2.865618111882943353e+00
2.194252292369877289e+00
2.276749529500809999e+00
2.450866083489175562e+00
2.575776025595204022e+00
2.601594440225031057e+00
2.694899674249168875e+00
2.454182955675047850e+00
2.697893271497247003e+00
2.580198060273958927e+00
1.886703455017966657e+00
2.592938151566875238e+00
2.515273330732919810e+00
2.495446198953392258e+00
2.736849039930277172e+00
2.690312060362806346e+00
2.378693972751237951e+00
2.784376866547793483e+00
2.349321406032007786e+00
2.327145190288440801e+00
2.190528804197242607e+00
2.338074228440884195e+00
2.890396192118080521e+00
2.664253734525540374e+00
2.872349090694596541e+00
2.667673738579712239e+00
2.470640846376870314e+00
2.461738844296725404e+00
2.775236198938526577e+00
2.789519008347457696e+00
2.338474069955446488e+00
2.709951046135652852e+00
2.505527599109716785e+00
2.412053833201633246e+00
2.950496435199334577e+00
2.361172851004133655e+00
1.857589257648907699e+00
2.499619046886397022e+00
2.606868016544283684e+00
2.338242606305456217e+00
2.483281337402359235e+00
2.725711719645322439e+00
2.825200378595673634e+00
1.867788981255954495e+00
2.393966361729842340e+00
3.057863620579837072e+00
2.694116523497984250e+00
2.252458601542683070e+00
2.746488984228296903e+00
2.895404972123840626e+00
2.211694135140197304e+00
2.116660729354483905e+00
2.349817924805612801e+00
2.507768550243002714e+00
2.620645729124001289e+00
2.649358121867288141e+00
2.521253996666523278e+00
2.675096267248888271e+00
2.590730282668499473e+00
1.986100820793421207e+00
2.736667818336226521e+00
2.090526763632324592e+00
2.685481276211300283e+00
2.553583807449110843e+00
2.231555491018714754e+00
2.306894084772984410e+00
2.564954235407923555e+00
2.618054227325950833e+00
2.299434950733163063e+00
2.822597213968981666e+00
1.922489000177307394e+00
2.620287710746814547e+00
2.382454700959858673e+00
2.446181125088183528e+00
2.840371458357931367e+00
3.016882381345470154e+00
2.618241908846307808e+00
2.614673461849744918e+00
2.599629985825917977e+00
2.016667373900114413e+00
1.881321966274452251e+00
2.505631326537737458e+00
2.881291990747917975e+00
2.875000831111389488e+00
2.721940085398642850e+00
2.437205954771105354e+00
2.713124062714395102e+00
2.293612309244703162e+00
2.713774324956405692e+00
2.506198019880103267e+00
2.442633598637863557e+00
2.003898962475953116e+00
2.708578117380585848e+00
2.485657396954366938e+00
2.829787117788967521e+00
2.787042380923538509e+00
2.656148043148278681e+00
2.286337485703957562e+00
2.561056629990846378e+00
2.777614355872449092e+00
2.282318760243258637e+00
2.717466433847120832e+00
2.589987507049401838e+00
2.707496261922105685e+00
2.230714730234759191e+00
1.967251668983708957e+00
2.155691530255333443e+00
2.566709010069437635e+00
2.587049836903172029e+00
2.392669001627178549e+00
2.526022505158232789e+00
2.542455100393523182e+00
2.357462879430081149e+00
2.547419883139813379e+00
2.396127322050904063e+00
2.575451688153927332e+00
2.622309175702678630e+00
2.150601627044596675e+00
2.576607736676449711e+00
2.819945144350147537e+00
2.207698788242428378e+00
2.422672083410799981e+00
2.320848391703794533e+00
2.565126711839308626e+00
2.520379648443521248e+00
2.188831195668236695e+00
2.571411284546522680e+00
2.582760230129662382e+00
2.254437940847394906e+00
2.248011736730151977e+00
2.489653423446986036e+00
2.821594894046301150e+00
2.664793018213883258e+00
2.727655877126778705e+00
2.240514587698859028e+00
2.735975678228522057e+00
2.334116156151021748e+00
2.425509083552911616e+00
2.636693419424793294e+00
2.791561198285930079e+00
2.391862252063346794e+00
2.996120954360959487e+00
2.250369138468928831e+00
2.825298513905759368e+00
2.491661137218496691e+00
1.949634311006477105e+00
2.448659424761041592e+00
2.853892285838036891e+00
2.642873247616920551e+00
2.074951021446625354e+00
2.825776489269999026e+00
2.492170095026851939e+00
2.656877030812089480e+00
2.718644252088374902e+00
2.399140700567020001e+00
2.551799733701280548e+00
2.144528323726845542e+00
2.235239584140711777e+00
1.935431610249112921e+00
2.135806039263039136e+00
2.725317314277227343e+00
2.668443298429742594e+00
2.910157208675922202e+00
2.658748452202767343e+00
2.500024338803688906e+00
2.522827731138369334e+00
2.326663560724105739e+00
2.669950425111330183e+00
2.500345970399462825e+00
2.601792321552250264e+00
2.605743796289266445e+00
2.492084420664656630e+00
2.380459766826953594e+00
2.762891578755027666e+00
2.312815090435657250e+00
2.762995022761397745e+00
2.670541635951258819e+00
2.380491038419747962e+00
2.130578562325718295e+00
2.346226944591899510e+00
2.594172316051635008e+00
2.865735578032245101e+00
2.632725876472944204e+00
2.619974241137978943e+00
2.238817362537286915e+00
2.138222187915529204e+00
1.935788421408412230e+00
2.874380098833739350e+00
2.914032872135805530e+00
2.779502648902469453e+00
1.886288967759129021e+00
2.841199248485133833e+00
2.598699905743086624e+00
2.394228479724739067e+00
2.107751626182897908e+00
2.473387647817384405e+00
2.591607713433123017e+00
2.603380331753143206e+00
2.887262972330890687e+00
2.623921447821395248e+00
2.921814503051537670e+00
2.959984843429361412e+00
2.558085202123113078e+00
2.412986595515794974e+00
2.415992933086405170e+00
2.804254742723740979e+00
3.003460864623103799e+00
2.290857437265178653e+00
2.570222187531616242e+00
2.476194357013311809e+00
2.318513908876393970e+00
2.458164376138152196e+00
2.488377316538386896e+00
2.469205681466810187e+00
2.983063334192288973e+00
2.531962347208324360e+00
2.709330332586444179e+00
2.027785642877353744e+00
2.622026298103638631e+00
2.743284342638441231e+00
2.396041933690426173e+00
2.473661635726177810e+00
2.523254889853444816e+00
2.425222264459771626e+00
2.486454241312821445e+00
2.591833246597730955e+00
1.944350604865552112e+00
2.321194322613713723e+00
2.116763957701226939e+00
1.969687061936759687e+00
2.747285151094296385e+00
2.927402933882401470e+00
2.457828599823995930e+00
2.429095959227153045e+00
2.751645378708213130e+00
2.272243152257781951e+00
2.404716658820775343e+00
2.468983356891694569e+00
1.863264118175211870e+00
2.570602829634960340e+00
2.228857946235200060e+00
2.413444021414264729e+00
2.236400813532816390e+00
2.426778260106931207e+00
2.295986464193550791e+00
2.524427721124376411e+00
2.780580864620997961e+00
2.456352450555269407e+00
2.612737697273982640e+00
2.507099060958312808e+00
2.575962906470244285e+00
2.618520301617735413e+00
2.448653155575545526e+00
2.342732133169559638e+00
2.492357774203215026e+00
2.540166403348834478e+00
1.900790356920496693e+00
2.693123892569442734e+00
2.355580463524907575e+00
2.692758412049598427e+00
2.830554638820177882e+00
2.596535120539380515e+00
2.318129230046827249e+00
2.826071623150277379e+00
2.759457896029869239e+00
2.519643320516427476e+00
2.639981070206510960e+00
2.730756252199566081e+00
2.325618392176286520e+00
2.358134608178884317e+00
2.775616619420364639e+00
2.639865508754293266e+00
2.403926767800453668e+00
2.803810677446260335e+00
2.818395804298705176e+00
2.701256593400476191e+00
2.429298721545312567e+00
2.597944788889432033e+00
2.457274681615938317e+00
2.553274980065086908e+00
2.528047354487160447e+00
2.202183952072611639e+00
2.466543590842798839e+00
2.792566788677144807e+00
2.479503701247473657e+00
2.308367121616417883e+00
2.421088840892847927e+00
2.587887332671907181e+00
2.969072334553678250e+00
2.604665948288292121e+00
2.362630232716751877e+00
2.800645606072663441e+00
2.132554204216598581e+00
2.855726058868391704e+00
2.834968116096203694e+00
2.280185253948277424e+00
2.582408547008521182e+00
2.534617280943356032e+00
2.509176514265173186e+00
2.420465455330566229e+00
2.766436627702582474e+00
2.479883285156048167e+00
2.616251939639081758e+00
2.048653001499276982e+00
2.309169348712483139e+00
2.374687943506117893e+00
2.550008277463482020e+00
3.029338975204411977e+00
1.796847981209179990e+00
2.237836841230475216e+00
2.539029024360214049e+00
2.709086541127305292e+00
2.183220764454171459e+00
2.361689882196523538e+00
2.442810579253656300e+00
2.781851592977848675e+00
2.639220205315685241e+00
2.614720860594739626e+00
2.587537417263536810e+00
2.071368025567646320e+00
2.777592286891223061e+00
2.460618533727913615e+00
2.623747570375244198e+00
2.437852040505774642e+00
2.586485755699986289e+00
2.608734857882724967e+00
2.499893980161401963e+00
2.247635064601965826e+00
2.721048484957310887e+00
2.696614875474476314e+00
2.264388394684961892e+00
2.454390333606922603e+00
2.538979414146906421e+00
2.423841377982707712e+00
2.179676624579744093e+00
2.720859364126588353e+00
2.544373360554910590e+00
2.519285238539355820e+00
2.177446376304045472e+00
2.071145767083869327e+00
2.897127295304934069e+00
2.651822290648128799e+00
2.262194484835868380e+00
2.587728637923464969e+00
2.962213629975308571e+00
2.493180620127695590e+00
2.622512047611493369e+00
2.159365921388477716e+00
2.635532322105727410e+00
2.262768728370968763e+00
2.820205506301042497e+00
1.689462607594384602e+00
2.657900293149180637e+00
2.525430564045251458e+00
2.529804001955413106e+00
2.340851528490113687e+00
2.375383017588370560e+00
2.746514133571984040e+00
2.183818236016535685e+00
2.546935173849377954e+00
2.887512007549364323e+00
2.255862552288123268e+00
2.070136319245230005e+00
2.737049618599916023e+00
2.392004658573521958e+00
2.702485466649907853e+00
2.302056816160093611e+00
2.732329336189106339e+00
2.526985533469667367e+00
3.017701732216719446e+00
1.980204230087378114e+00
2.506040418642339951e+00
2.523447305263428309e+00
2.505297072040849393e+00
2.312819076835931575e+00
2.431042445675180019e+00
1.800170055526364221e+00
2.208494193177123144e+00
2.806244948454882149e+00
2.384707464095053187e+00
2.628350863437229012e+00
2.844823865065820190e+00
2.665770250427978105e+00
2.876364433881342553e+00
2.380735396533969261e+00
2.654514954558838458e+00
2.498710361275328307e+00
2.532520010437183000e+00
2.564733390105203625e+00
2.394020436980555999e+00
2.725274850835162077e+00
2.458673642944062099e+00
2.801272616512108460e+00
2.105775660031584451e+00
2.539702200296023449e+00
2.334256889569310989e+00
2.571873465499683764e+00
2.568804097338149628e+00
1.980140940016915652e+00
2.600839202425800245e+00
2.482597315691445150e+00
2.299453221852713725e+00
2.824159664610993214e+00
2.573042289932995441e+00
2.623668388560971287e+00
2.341917933777889260e+00
2.081348141434760546e+00
2.185773219346230256e+00
2.340830752272702764e+00
1.945818683371632885e+00
2.628767054136628811e+00
2.248357433664866623e+00
2.644967942174043962e+00
2.505071883918020603e+00
2.554681526927378155e+00
2.388593641043571303e+00
2.983692234813380750e+00
2.531827978172443316e+00
2.210888693247438308e+00
2.969798820470829881e+00
2.506236230782723950e+00
2.371747330790896058e+00
2.574433160453655223e+00
2.783463977734395467e+00
2.066806946332994332e+00
2.428809273809224401e+00
2.486941257106515479e+00
2.191509527446667605e+00
2.485127733068962286e+00
2.836261613289375649e+00
1.821908459090881172e+00
2.884767419765585483e+00
2.448387610359946898e+00
2.336150288380146822e+00
2.378160620131454905e+00
2.165449387414391857e+00
2.428099365259929865e+00
2.180011175014600067e+00
2.208885066183708723e+00
2.405307624834154279e+00
2.551096361986071592e+00
3.015676195956870309e+00
2.520482882118425749e+00
2.291914889283289458e+00
2.587089834246820708e+00
2.576057606936390076e+00
2.447096213531415376e+00
2.638978158188074019e+00
2.454526438588559678e+00
2.223182091434046104e+00
2.456111747859104355e+00
2.393470312547413492e+00
2.964368386800654953e+00
2.483522227494934231e+00
2.630229846693925566e+00
2.612692578955177147e+00
2.787905007512446964e+00
2.631536565378045367e+00
2.389884394625580999e+00
2.549040417359993427e+00
2.090313146258577337e+00
2.432801655355175008e+00
2.200105269637850913e+00
2.422496387747863800e+00
2.695914229138275164e+00
2.229530938033139176e+00
2.652761706064757252e+00
2.889524162077351299e+00
2.219451362513935155e+00
2.903652032783619497e+00
2.335769068448886099e+00
2.843333107426047501e+00
1.693624416850510350e+00
2.534346601078598216e+00
2.747574095523001247e+00
2.114773168342072296e+00
2.594870557210728457e+00
2.643317759114611754e+00
2.583564821389854327e+00
2.721960407554085748e+00
2.785933952065555275e+00
2.297398343847071978e+00
2.704677181640609440e+00
2.655720916055092307e+00
2.473983830483562407e+00
2.630917578755530783e+00
2.460524867106909319e+00
2.353227888834528159e+00
1.910437501949765915e+00
2.324497216275389633e+00
2.639137688577934959e+00
2.343098451473613508e+00
2.248274264269729095e+00
2.458862325640343904e+00
3.005645300160376898e+00
2.337187621834109219e+00
2.613319225199122187e+00
2.538805111167841133e+00
2.643502013258971495e+00
2.065586970275751888e+00
2.399524828485071204e+00
2.815185017211160545e+00
2.275508543200062128e+00
2.238536397259501598e+00
2.681277483270469109e+00
2.727487071572703314e+00
2.977795980893598760e+00
2.896172591772884441e+00
2.747040313557473912e+00
2.614647284556689932e+00
2.923113166835117127e+00
2.688270517200630483e+00
2.495689768635505956e+00
2.673579115994076272e+00
2.386619133203314203e+00
1.911623753232094547e+00
2.847359388493464483e+00
2.823151013126186548e+00
2.529935725410135561e+00
2.373036115014442338e+00
2.556370645490636306e+00
2.740747082211776764e+00
2.499128826810019355e+00
2.884215503768480460e+00
2.907013026562886182e+00
2.739103696766330920e+00
2.216137921101630770e+00
2.637280118888237546e+00
2.324684657105052565e+00
2.084626026254368547e+00
2.544718802413136416e+00
2.592565128273994102e+00
2.173977777563916636e+00
2.640438662301678452e+00
2.500924627205269424e+00
2.738338852849191873e+00
2.699471182415255299e+00
2.512708093861400371e+00
2.412772800139427964e+00
2.753895404423611470e+00
2.083489514819485855e+00
1.994741813839698397e+00
2.794897574058067047e+00
2.582307648091489938e+00
2.583950822028246552e+00
2.221719532313594314e+00
2.212658769924865432e+00
2.406404251062077115e+00
2.407045137324971940e+00
2.233495437144496165e+00
2.333428056875120227e+00
1.958912703354390716e+00
2.692306618724657152e+00
2.716331517488388414e+00
2.676167260701586503e+00
2.781010585564419824e+00
2.605798195224535263e+00
2.273719345056292696e+00
2.752594964759599083e+00
3.027039624869575896e+00
2.543174721037626096e+00
2.376636263813075356e+00
2.348066645400461727e+00
2.289395865019506093e+00
2.712797286178715073e+00
2.440857933273000935e+00
2.580305561214548682e+00
2.440022419803368425e+00
2.532425471527042227e+00
2.122796135254723993e+00
1.937389668827302458e+00
2.249232686159873484e+00
2.116816445944494696e+00
2.438782881945008807e+00
2.236789861693647019e+00
2.512470869326568934e+00
2.187269471436850132e+00
2.705828084999658767e+00
2.483935276277350557e+00
2.469464905523812703e+00
2.661312577362214604e+00
2.456504296373627660e+00
2.457218351897473063e+00
2.831439286197100280e+00
2.393384427200028863e+00
2.768146827739663696e+00
2.580135820366856958e+00
2.250931287304738682e+00
2.572860918249373352e+00
1.862596468876043021e+00
1.828956757302453662e+00
2.483202757332615640e+00
2.559646422503242036e+00
2.335784031404445127e+00
2.406841015944472417e+00
2.367352335756288451e+00
2.712793438112637290e+00
2.567674745549108906e+00
2.845696369043748231e+00
2.830980722948984951e+00
2.485236353826394406e+00
2.199339503251230177e+00
2.536606671318943462e+00
2.563542258683999986e+00
2.579855884524107079e+00
2.689682286324731830e+00
2.677970049278968645e+00
2.386065360004436364e+00
2.693644741261297604e+00
2.545581727790180881e+00
2.256285738879756142e+00
2.803393465678678531e+00
2.621986426405658488e+00
2.247684655950984656e+00
2.491494457989904987e+00
2.787159431608888571e+00
2.959236507181991271e+00
2.236750304372357778e+00
2.116401710471310871e+00
2.442567012660006309e+00
2.680150469872759622e+00
2.271690846340626457e+00
2.609504900624457946e+00
2.924427319385787261e+00
2.415614844808941619e+00
2.692274062517682420e+00
2.955368491921706031e+00
2.215032483184562029e+00
2.514439796267210703e+00
2.371036463813735562e+00
2.432265348008639805e+00
2.605134703456847944e+00
2.675435761086998543e+00
2.750914601232130607e+00
2.041899427763833152e+00
2.956188407193448775e+00
2.404122095710897966e+00
2.330646592761351776e+00
2.610006768525745979e+00
2.747564456233268615e+00
2.275698866507363860e+00
2.287824741921315574e+00
2.969339829530757147e+00
2.636124887220883117e+00
2.538252847678295510e+00
2.620671712540279863e+00
2.950482395492885157e+00
2.514107689815698432e+00
2.175689390443992011e+00
2.511592647411891477e+00
2.704324713746196096e+00
2.536616392183296043e+00
2.234915786873503674e+00
2.332340202262972451e+00
2.307094235087579825e+00
2.637082657544651099e+00
2.262540092585475726e+00
2.390243600256694023e+00
2.792802707050213495e+00
2.702608586956810388e+00
2.513267484426476628e+00
2.729464457978218128e+00
2.599044773123462271e+00
1.942472241514398679e+00
2.423522066618660098e+00
2.626755759596527184e+00
2.732202717934059777e+00
2.549594326585048254e+00
2.980304329762129001e+00
2.340010926688504966e+00
2.491349546841877149e+00
2.429293092514836161e+00
2.481313883905211348e+00
2.593780449506619679e+00
2.129429687748021216e+00
2.299205910399987118e+00
2.975731374705195886e+00
2.421961777608076627e+00
2.169786026662065659e+00
2.268991073478298759e+00
2.225468107872516477e+00
2.524771301063319040e+00
2.203128645962264098e+00
2.740961682206601857e+00
2.417365563032036313e+00
2.714333501341771537e+00
2.871862351018338089e+00
2.165890817357323250e+00
2.093341086477402690e+00
2.532749079070181430e+00
2.411233170035790963e+00
2.754058472747175301e+00
2.595471127464922922e+00
2.840097935624239067e+00
2.760801337795068200e+00
2.530154928764684286e+00
2.877377765883711191e+00
2.681910858912218032e+00
2.604643477585109501e+00
2.580117322358767673e+00
2.714411082658867880e+00
2.513523234825873143e+00
2.015407336822264028e+00
2.504929404700815709e+00
2.237046484529373380e+00
2.024388546071394845e+00
2.077931629644761635e+00
2.561721597500852265e+00
2.635643800796454883e+00
2.462117165166327837e+00
2.564941504265606298e+00
2.797158275529853633e+00
2.553634781195735393e+00
2.771791293297678482e+00
3.065013652498510766e+00
2.611960751415473680e+00
2.522389616143164481e+00
2.354538543233866577e+00
2.649135606772554219e+00
2.353732642790822727e+00
2.362387345184673304e+00
2.832381603212922538e+00
2.760759860386735376e+00
2.189581570931794285e+00
2.189261956389623176e+00
2.857488603021046458e+00
2.596471010133061696e+00
2.320337132536376856e+00
2.463284357012144543e+00
2.199622698520127706e+00
2.718414080039176728e+00
2.663607163976966952e+00
2.755618170879104323e+00
2.611519019411268072e+00
2.581263764230329105e+00
2.648765279874378376e+00
2.798718546953239628e+00
2.651864789650715259e+00
2.479219474483638663e+00
2.471297073015709778e+00
2.683901577203064548e+00
2.515411355885158518e+00
2.515740887621570554e+00
2.584891193809066845e+00
2.682550827332338184e+00
2.726240897100684180e+00
2.459082080012646720e+00
2.217894740155171629e+00
2.871742327637051506e+00
2.622699301000175343e+00
2.480072485900154167e+00
2.556150010045699528e+00
2.519419546883875594e+00
2.937669879164219733e+00
2.851940099940631246e+00
2.362918743950613631e+00
2.882406965511323804e+00
2.764749070956546539e+00
2.691740107134027227e+00
2.751217583692799895e+00
2.090665113731772884e+00
2.078289007466232796e+00
2.593151377827616955e+00
2.498671181627578619e+00
2.764897751512574331e+00
1.919585207003145166e+00
2.582443226356454957e+00
2.612471894421156904e+00
2.542295186795151540e+00
2.131857081594273673e+00
2.796471378355770199e+00
2.420392169602531229e+00
2.923553323277622518e+00
2.467170311329698329e+00
2.134378923647528126e+00
2.741260904400117049e+00
1.968085746695345639e+00
2.834142162244051022e+00
2.629932915105833047e+00
2.318953419348968481e+00
2.454095596607277940e+00
2.510328137233876156e+00
2.498792815429553560e+00
2.833802197466313011e+00
2.550582967217760011e+00
2.651789140576429560e+00
2.145595944383581699e+00
2.684216887997179946e+00
2.740311395154929830e+00
2.132230202853128809e+00
2.332300251056607543e+00
2.074740442181000066e+00
2.714283996648534369e+00
2.550886895359849138e+00
2.613092999643823244e+00
2.675260217109610483e+00
2.465657735022172670e+00
2.191940220964097019e+00
2.672826157489824439e+00
2.932499447424975703e+00
2.502020341903799405e+00
2.740720266202715472e+00
2.351923674027388333e+00
2.378704714411402854e+00
2.605660171922989932e+00
1.988982273262004163e+00
2.286856327619125828e+00
3.035600435113769979e+00
2.390260748934831536e+00
2.861139868226257654e+00
2.688320186588541105e+00
2.976205695098412374e+00
2.604431678694083097e+00
2.456351364395622738e+00
2.774527135546323020e+00
2.476094038675944908e+00
2.702985228494306558e+00
2.588730205148470631e+00
2.242383548210578947e+00
2.752988064212458674e+00
2.438455287372890190e+00
2.768022244293600664e+00
2.452407463887488870e+00
2.011817078488855159e+00
2.222945660250854161e+00
2.672100887486364318e+00
2.609625773309681041e+00
2.262160191277905685e+00
2.211138184828639108e+00
2.376832073120496158e+00
2.509554218055228603e+00
2.726646910508388810e+00
2.202521056686039813e+00
2.611302682317381496e+00
2.781325585299653014e+00
2.172166969846953233e+00
2.358324267411056940e+00
2.350286173866536821e+00
2.489030153695845016e+00
2.355046793077486100e+00
2.520255344312140267e+00
2.601680201519398494e+00
2.511463886020924186e+00
2.715555305871510061e+00
2.375411129924034803e+00
1.958774407935603534e+00
2.157177653467427625e+00
2.888190611163450772e+00
2.552194545932629399e+00
2.939257677954764336e+00
2.659187917610995378e+00
2.490866315142999721e+00
2.438742988622298657e+00
2.646247148293789486e+00
2.670396710390173567e+00
2.736538439493270136e+00
2.472895722385036965e+00
2.172882179226019339e+00
2.758923621519507652e+00
2.399209741672899465e+00
2.593632132605375951e+00
2.177199587759786059e+00
2.564913086230830697e+00
2.182192932681466857e+00
2.327389596192031451e+00
2.829079903223179926e+00
2.465235250991887561e+00
2.710067902993602118e+00
1.772517892261402883e+00
2.511662523482692144e+00
2.522228562667781837e+00
2.329766356960058182e+00
2.210940181861045239e+00
2.237544421171568487e+00
2.705567912328317171e+00
2.450172391781494596e+00
2.279274521980065416e+00
2.597400522569198067e+00
2.294057836677175111e+00
2.217507774903001661e+00
2.429079024329832137e+00
2.399125946645134455e+00
2.668770295525618508e+00
2.176716651376119138e+00
2.605707839379280522e+00
2.463626424464836706e+00
2.277101151150695557e+00
2.482990543476363943e+00
2.386862074087225061e+00
2.501819122786430150e+00
2.583348762577433178e+00
2.568137914811456035e+00
2.347292177761524545e+00
2.272098398626511973e+00
2.318240240842454725e+00
2.831716320773355555e+00
2.699435372633633534e+00
2.464494369128218842e+00
2.185663139005304956e+00
2.625085501572720581e+00
2.271697646398506798e+00
2.426637528734243432e+00
2.981934096966796233e+00
2.662480455412846059e+00
2.005389519551351363e+00
2.612855772624624429e+00
2.536068592800218457e+00
2.453005662612840698e+00
2.479644400824807970e+00
2.395363739628822763e+00
1.910307425781794910e+00
2.773114899306355685e+00
2.672696420460912048e+00
2.190107093408829808e+00
2.295978933427186952e+00
2.481132519081487242e+00
2.520864899217349020e+00
2.546162346798862330e+00
2.975379118937737655e+00
2.615945298116191253e+00
2.790287871067044012e+00
2.416001747591628224e+00
2.848608345044147949e+00
2.561668401212303436e+00
2.662451087955205242e+00
2.444777024014103350e+00
2.570110986425842903e+00
2.533582206574585882e+00
2.582760143111124229e+00
3.024625984569465409e+00
2.256976557422027518e+00
2.417765508557709886e+00
1.828805993417865761e+00
2.506978406364508416e+00
2.316050857523570095e+00
2.666801003783085378e+00
2.774236113283520488e+00
2.022035535579629340e+00
2.087960450587349470e+00
2.348659753774837711e+00
2.538715147321843002e+00
2.647158886021972801e+00
2.329565681701043722e+00
2.592701233567059838e+00
2.325109644091833516e+00
2.708387971066489097e+00
2.321036636075611170e+00
2.989359017828230769e+00
2.030314411023389276e+00
2.362438066605911047e+00
2.529324407974093081e+00
2.523532511200879291e+00
2.597191181075273914e+00
2.406541109204268114e+00
2.539745613452096595e+00
2.422763255665655979e+00
2.660439397342913015e+00
2.581239301201311065e+00
2.427920484603702356e+00
2.623816079308107341e+00
2.575836815619529041e+00
2.497417634467248959e+00
2.849667795841500872e+00
2.628206222104068956e+00
2.239825137843121539e+00
2.560446489655232138e+00
2.296666188650268836e+00
2.193054251477426497e+00
2.874822299601830444e+00
2.116546018682429420e+00
2.531153268543505863e+00
2.671517138687580228e+00
2.664877321604290916e+00
2.202400215933729921e+00
2.789246130838398230e+00
2.630965018824547474e+00
2.692494752519160262e+00
2.280655150369521156e+00
3.008248946990768502e+00
2.118149105963632373e+00
2.536758506766324750e+00
2.749167067939650710e+00
2.610947154501397360e+00
2.953701045113063639e+00
2.607218531253367999e+00
2.370802119052078272e+00
2.585512441419830498e+00
2.297207450790120564e+00
2.371234920315430372e+00
2.634511222380321094e+00
2.774002670925344471e+00
2.496634153455313587e+00
2.698421813984929862e+00
2.561238103998365379e+00
2.184614850363173488e+00
2.159614024772380958e+00
2.683652314005422479e+00
2.288798080992703987e+00
2.819784554446656433e+00
2.727616115884255787e+00
2.538086394836589044e+00
2.481900491917982787e+00
2.620131814701028183e+00
2.562246074733216972e+00
2.516034156358584184e+00
2.286995797445437795e+00
2.146321674866374263e+00
2.813511325441616862e+00
2.337951142115555214e+00
2.979182073710064493e+00
2.590730861500929461e+00
2.687245604249783870e+00
2.125948289934768809e+00
2.229504170970740162e+00
2.367384759834253671e+00
2.619450130244872277e+00
2.659847486062712818e+00
2.848610735099773361e+00
2.711043627557360391e+00
2.532853331343481340e+00
2.619995788361576761e+00
2.480537679066306289e+00
2.631707921079505130e+00
2.564644186345891530e+00
2.576208121565787046e+00
2.588999101311339146e+00
2.440676662001815433e+00
2.360220273943553604e+00
2.471693090767045575e+00
2.715945822770550411e+00
2.262531636453012140e+00
2.264850900204234740e+00
2.272433725261877591e+00
2.380370086798330398e+00
2.196543674600544005e+00
2.808472493001160863e+00
2.247285174181665734e+00
2.149432666455706187e+00
1.836692959799191005e+00
2.349165852307145030e+00
2.924365248573423059e+00
2.580905994597856079e+00
2.482442395483056785e+00
2.578110855137103030e+00
2.417118168670674638e+00
2.573990074473093248e+00
2.639748995595519343e+00
2.110222482137731781e+00
2.769269979815672134e+00
2.388140001720107097e+00
2.880484762531325238e+00
2.334273364328250722e+00
2.498887524529929571e+00
2.132290761388122569e+00
2.321246299963517501e+00
2.582670266207296450e+00
2.536580081382483254e+00
2.332602737103389945e+00
2.543581648966934949e+00
2.516839194346540243e+00
2.412466960849389164e+00
2.974019472047344070e+00
2.375576215766681543e+00
2.290333815167702181e+00
2.447927901497746639e+00
2.688075327961751970e+00
1.942092257963578206e+00
2.567046884489186276e+00
2.858945670579398968e+00
2.053808668745689126e+00
2.952368667388212575e+00
1.994040535123200231e+00
2.452600060343411492e+00
2.727624194498492027e+00
2.370705643404411589e+00
2.348202657100002533e+00
2.406131546525598797e+00
2.637587619243475068e+00
2.844119896283555438e+00
2.660549153147330870e+00
2.434080104764624330e+00
2.673717372069010612e+00
2.938127011662036381e+00
2.473010726639534695e+00
2.854621331950791596e+00
2.446231237745604581e+00
2.333004415286390909e+00
2.407314684129069349e+00
2.375920111415654290e+00
2.258568849857929273e+00
2.664321261795080886e+00
2.219406554905200224e+00
2.649582513556951291e+00
2.521425654033472519e+00
2.616658270669589115e+00
2.211395042357779950e+00
2.155527719450413660e+00
2.121625925265940182e+00
2.749469318553595443e+00
2.582395358942213726e+00
2.539831287482853472e+00
2.122796836696986489e+00
2.117609759026085836e+00
2.078296573946286863e+00
2.430146313508476652e+00
2.553792450039968465e+00
2.618688658514646939e+00
2.318912557686198639e+00
2.465255495987840995e+00
2.411946952483496887e+00
2.767899962408796100e+00
2.809377498585110100e+00
2.280279388488828385e+00
2.094488730461854686e+00
2.314694595020254653e+00
2.600290888629257058e+00
2.400527501555687504e+00
2.452476469406270176e+00
2.579319779145105240e+00
2.266654505761679150e+00
2.777451471721033460e+00
2.716561224169239619e+00
1.881856622100667842e+00
2.310972723282511687e+00
2.480275888752737856e+00
2.084951720246496443e+00
2.863243120697949173e+00
2.483751973223105036e+00
1.937517824284793022e+00
2.462404913713281740e+00
2.510476303297633827e+00
2.815296506795240461e+00
2.701669832243224434e+00
2.259355799022741085e+00
2.434256089644010856e+00
2.737207413332255257e+00
2.770080151574408678e+00
2.460750695272276634e+00
2.486225480521697229e+00
2.129963656378802028e+00
2.033801520369558524e+00
1.793768693370277667e+00
2.314903291102130556e+00
2.785338899131923007e+00
2.715744245971974280e+00
2.667186710095578395e+00
2.337476511586373373e+00
2.984589338172182416e+00
1.935278678651787487e+00
2.772202247910439787e+00
2.138592892202653140e+00
2.402456318175741679e+00
2.680763393620279711e+00
2.348732961293971133e+00
2.670156313016902150e+00
2.990264819907331173e+00
2.627667530036360333e+00
2.473610336055564130e+00
2.133520675015043722e+00
2.742105924724796306e+00
2.750222008246851146e+00
2.306014443150461446e+00
2.496431375921831286e+00
2.880338826591030799e+00
2.347673493305180159e+00
2.556290789627730042e+00
2.513817521062204463e+00
2.472330141417999450e+00
2.276985484917887881e+00
2.696018672021298190e+00
2.357450316222173825e+00
2.782414329297469457e+00
2.546450883983738755e+00
2.002249276708477410e+00
2.157599534099026162e+00
2.246510039014192994e+00
2.775258629822360046e+00
1.894788525783402289e+00
2.296644405963795599e+00
2.633300040412078324e+00
2.241799335430227469e+00
2.756487053285572308e+00
2.419712897136172547e+00
2.758720180925062326e+00
2.834567887676942011e+00
2.471329590131670528e+00
2.266441549410546763e+00
2.280276847763327286e+00
2.329504574321225263e+00
2.084331974269193033e+00
2.141718211466508315e+00
2.434752144888832959e+00
2.201368886527029556e+00
2.733322089399458754e+00
2.700399459642587097e+00
2.028883025782221239e+00
2.343171845050114221e+00
2.795611620629776972e+00
2.151936070040437521e+00
2.939665240163634508e+00
2.036128362841505446e+00
2.427024280707963833e+00
2.521791500619493753e+00
2.761510385521468436e+00
2.420152674161152984e+00
2.730547204351590818e+00
2.333214746358333258e+00
2.492247948804617863e+00
2.698785598553463672e+00
2.177075807891312831e+00
2.710465761422609088e+00
2.088303048017722929e+00
2.508768350491633825e+00
2.398796804979112629e+00
2.803838123034360752e+00
2.595570707167851765e+00
2.304932627075793050e+00
2.094820853034953245e+00
2.599412985695943590e+00
2.068319111115527242e+00
2.105033794508367251e+00
2.294939182082937901e+00
2.392831983299640086e+00
2.345903561169768725e+00
2.524168797077173121e+00
1.899725778889486349e+00
2.282690042732375524e+00
2.488560571101976482e+00
2.755769716174020001e+00
2.924084135862019096e+00
2.631229580027773185e+00
2.618638304306540654e+00
2.996235053630245559e+00
2.523060311705870085e+00
2.447157755243253519e+00
2.366623994674921239e+00
2.701386734011610447e+00
2.653281975904751011e+00
2.273288730126074242e+00
2.417723333306883049e+00
2.526164361846856554e+00
2.579101100744132680e+00
2.600193601340281546e+00
2.455802268076087369e+00
2.106502342968747499e+00
2.101287488994596053e+00
2.155254900776074845e+00
2.727791940639316515e+00
1.984258675798843630e+00
2.227674239414960233e+00
2.461626326012813948e+00
2.648893177694187528e+00
2.331015008317104620e+00
2.388809123065377182e+00
2.904129314321374000e+00
2.817644723951169272e+00
2.376276938417034579e+00
2.991567711308164235e+00
2.439166334808655190e+00
2.791213989699442344e+00
2.728942368375332883e+00
2.742585742396702830e+00
2.167279504899777720e+00
2.631240157675562852e+00
2.223173195777503608e+00
2.728116017622476797e+00
2.661454768602108611e+00
2.513563638031469427e+00
2.686529206830184258e+00
2.175648022626899269e+00
2.196975871835863625e+00
2.314685886748097943e+00
2.790356598081563000e+00
2.377338341104110686e+00
2.979285864798225880e+00
2.792186349804108403e+00
2.406095767566736043e+00
2.283307305226950135e+00
2.742697530971250686e+00
2.392245928309652214e+00
2.656901172475542250e+00
2.681943546783969179e+00
2.452565798201997715e+00
2.661195643464181693e+00
2.185204074054553303e+00
2.522422838249926080e+00
2.668652608872702725e+00
2.308456001529101353e+00
2.609704177435982597e+00
2.802586818159246373e+00
2.766525799815005460e+00
2.889238238165744210e+00
2.613235458388450283e+00
2.472346594874233361e+00
2.341567177842494019e+00
2.508767814223212156e+00
2.012270744809040224e+00
2.293131806944947559e+00
2.472849594873721024e+00
2.458054898854077130e+00
2.725926120348494575e+00
2.496349168857837864e+00
2.263158055395668278e+00
2.364291450158201080e+00
2.087311497974900121e+00
2.509211691036520087e+00
2.123486552433710095e+00
2.636330875679875341e+00
1.996581883561048265e+00
2.451292955547127228e+00
1.923399478267744600e+00
2.129266927183165237e+00
2.604147022154823965e+00
1.858502973675837167e+00
2.183218965659065702e+00
2.855615029944520877e+00
2.312732426376058914e+00
2.597307977464729412e+00
2.978831265759990465e+00
2.689581086664507570e+00
2.276431499046916329e+00
2.590689447460857942e+00
2.848343763942371876e+00
2.362251946213848264e+00
2.498168582663322645e+00
2.459190863361236268e+00
2.345321147882827528e+00
2.733306524060939768e+00
2.361407032039981591e+00
2.349504940199446779e+00
2.656175464091931726e+00
2.520125586695364461e+00
2.613085715846290569e+00
2.451160588424309061e+00
2.084406641493881551e+00
2.553043935087121685e+00
2.363814289558434201e+00
2.468678916626350528e+00
2.151200025461407428e+00
2.240689702968880148e+00
2.379001476072636567e+00
2.240725905358442294e+00
2.233571599938157348e+00
1.830073768022633107e+00
2.680608354626372147e+00
2.392862846559765444e+00
2.444161424580962638e+00
2.681714659277720347e+00
2.801915723650118206e+00
2.717971794787037876e+00
2.179587458973070380e+00
2.362147586587282966e+00
2.546772897802003222e+00
2.605160863257483861e+00
2.772580117809000821e+00
2.661261825403460790e+00
2.535079501581691375e+00
2.524026536672613563e+00
2.260941192128773203e+00
2.409741280157602805e+00
2.678594233349780751e+00
2.254465178405705039e+00
2.734864436100250096e+00
2.582847733165344106e+00
2.771594643287505821e+00
2.374744094436403330e+00
2.145294369286954161e+00
1.856420551182175194e+00
2.318074440372044798e+00
2.790016151076613937e+00
1.950122028483990189e+00
2.946303090405151703e+00
2.823085008060197243e+00
2.563652599575484192e+00
2.844148524420974766e+00
2.964050992056012301e+00
2.116460522861292048e+00
2.243728199647456734e+00
2.689692370703041568e+00
2.524890159371466325e+00
2.502889567994247333e+00
2.168003826947600299e+00
3.076004484122206506e+00
2.611515794160309767e+00
2.846052222753410188e+00
2.604170819466106401e+00
2.350144808050721679e+00
2.709889632329198328e+00
2.485590579805797784e+00
2.755316930015036636e+00
2.030119237034196722e+00
2.794598108626218824e+00
2.148224169968628416e+00
2.400486134507285207e+00
2.728418357419846174e+00
2.048012517294539148e+00
1.861409700053519911e+00
2.725755834575350089e+00
2.188780115040684482e+00
2.296709968015619108e+00
2.481282290925465261e+00
2.519905422655210003e+00
2.447668621647915543e+00
2.893089451642834931e+00
3.051922037200445637e+00
2.279865326257138669e+00
2.652635755047236810e+00
2.578259932524433307e+00
2.019527526479705237e+00
2.813011984656450526e+00
2.458000119685209928e+00
2.666856704823743929e+00
2.470049376171463251e+00
2.391990332327600388e+00
2.455427878866585978e+00
2.222685154790478457e+00
2.900433488084091405e+00
2.749280014807005124e+00
2.442909136218169852e+00
2.013130706981726803e+00
2.638548605658339152e+00
2.346506792778399575e+00
2.789483115086206944e+00
2.614787404511777602e+00
2.215695086489535282e+00
2.967921496557330840e+00
2.425293267541813069e+00
2.664420172917727037e+00
2.798730822566378951e+00
2.240590551852318590e+00
2.565771713400414544e+00
2.346735917956505268e+00
2.737147318974813448e+00
2.434691454956072310e+00
2.486263018863480667e+00
2.481844616904896217e+00
2.645827390406329638e+00
2.630091612580596205e+00
2.496944456304473370e+00
2.641222830440304925e+00
2.581698706773252194e+00
2.794670237724580453e+00
2.545253123832608821e+00
1.921987672991395169e+00
2.334354721141974842e+00
2.365016579511805883e+00
2.644651631323394092e+00
2.461258468694660806e+00
2.469648442385630638e+00
2.736742313201043331e+00
2.319303541985032080e+00
2.530703264932229413e+00
2.705240804273077782e+00
2.646891152262396574e+00
2.585473372961712535e+00
2.684847501547979576e+00
2.526799450538788516e+00
2.463405846590821291e+00
2.376725598364191949e+00
2.498076427942308886e+00
2.128976105002221342e+00
2.162749003986334628e+00
3.002965864038400934e+00
2.394186726313038971e+00
2.580865118594404706e+00
2.613841991013705623e+00
2.328151422394186376e+00
2.699745835168015251e+00
2.220355862383716072e+00
2.354725067494872093e+00
2.410918421057687944e+00
2.445787849516622092e+00
2.132615793465602039e+00
2.816869026140310872e+00
2.712219689622029861e+00
1.822887137464657137e+00
2.745067320301506797e+00
2.604123022384171815e+00
2.230932776402730688e+00
2.538764800816171174e+00
2.678796544414332015e+00
2.343141395761840329e+00
2.397003136983832938e+00
2.545956957151353173e+00
2.478401959459982429e+00
2.586921607284602853e+00
2.240640177401522770e+00
2.573872713824333580e+00
2.362202209332760816e+00
2.480310575490719316e+00
2.945291952738425589e+00
2.761421578687344169e+00
2.101807249125176469e+00
2.544987105126510052e+00
2.333775538836405872e+00
2.437593257746952791e+00
2.985896185270572989e+00
2.393717036404918730e+00
2.164441288843856004e+00
2.510709475597905360e+00
2.276100084246664323e+00
2.625187647153976567e+00
2.409192057490125549e+00
2.750078652082428743e+00
2.886464556969701167e+00
2.005579560640597059e+00
2.413935363707881976e+00
2.580082500058177075e+00
2.763747145272093864e+00
2.120518025678369334e+00
2.831360248175202265e+00
2.323360440505378044e+00
2.374435270563198586e+00
2.750525789308848612e+00
2.919277073293817804e+00
2.639795544981949238e+00
2.470452799418612067e+00
2.372807038192620066e+00
2.678651105198840643e+00
2.398937018206871663e+00
2.359783528730854840e+00
2.606483028485309106e+00
2.041533133696073143e+00
2.709347093496916159e+00
2.559118791008578420e+00
2.260258879201922255e+00
2.600594358429337838e+00
2.676155630029809274e+00
2.899666546652472476e+00
2.054863842701648124e+00
2.606565115710314906e+00
2.543157121908598661e+00
2.680609263214938309e+00
2.363234994547062318e+00
2.409778943189512024e+00
2.559003232069314571e+00
2.727962495844372004e+00
2.606261147811554491e+00
2.575883961515787135e+00
2.718611448269520281e+00
2.543760963173804512e+00
2.574269200340032704e+00
2.928096736242504772e+00
2.617544998971639725e+00
2.485803417593265952e+00
1.899372423065801341e+00
2.640783005390935578e+00
2.389940234087251092e+00
2.607125634304152229e+00
2.634080418938708590e+00
2.412914325318515907e+00
2.714944994918405019e+00
2.458503075816789618e+00
2.375471868522956775e+00
2.446451721524660616e+00
2.329073466251189828e+00
2.940754389937740854e+00
2.590179302719829213e+00
2.049497870140422506e+00
2.578733237199958062e+00
2.604181034755605140e+00
2.543845769418017433e+00
2.949579488014479889e+00
2.643893196327613992e+00
2.796828476730100377e+00
2.166556712142423180e+00
2.140921594510368120e+00
2.194717612542535612e+00
2.674519681868971155e+00
2.492106107343230903e+00
2.629783431066353039e+00
2.371410456436376268e+00
2.738417558816798714e+00
2.237505792549079775e+00
2.323721473798750381e+00
2.047634612557409639e+00
2.058917273490276312e+00
2.115826577969774469e+00
2.401053178232715801e+00
2.514742226389192759e+00
2.637307541484946061e+00
2.055893227345413354e+00
2.289649084413078128e+00
1.671362723114919069e+00
2.378200459351113238e+00
2.175399055958955774e+00
2.482838310199984910e+00
2.723431174483880390e+00
2.301022215615764033e+00
2.205242602702135457e+00
2.670418087413211961e+00
2.702377056961696056e+00
2.743218139674259870e+00
2.750957230326787961e+00
2.324501416921979313e+00
2.752062147708518758e+00
1.992972141714278278e+00
2.397341700401688147e+00
2.528675665288846908e+00
2.510954385699490921e+00
2.523105690005371660e+00
2.167470635815042179e+00
2.113377780665312677e+00
2.952716730976582937e+00
2.891453977685161103e+00
2.158204272818391445e+00
2.599892874975301638e+00
2.596537503618975506e+00
2.467384644993225518e+00
2.656032010125394471e+00
2.680395130712098783e+00
2.554847798321843833e+00
2.738627638148511956e+00
2.325798079687007025e+00
2.357919202440772022e+00
2.471320081509575495e+00
2.615489488560822640e+00
2.429013489600912568e+00
2.243812175297295930e+00
2.148193943059323985e+00
2.733883128132256424e+00
2.315529174061018214e+00
2.897894470626797503e+00
3.050330714766710916e+00
2.868027003498327954e+00
2.681735335735862868e+00
2.893422028213484154e+00
2.526807593467228052e+00
2.586872082213189650e+00
2.520475037895889336e+00
2.239918912583231059e+00
2.780647418473173538e+00
2.540935819249843242e+00
2.967568354503777872e+00
2.407769137927793679e+00
2.419162377274746145e+00
2.590009266454726067e+00
2.347650245749931752e+00
2.280746441377925926e+00
2.532208253273564136e+00
2.536515833093119010e+00
2.600669016982562365e+00
2.259506845096360461e+00
2.251854662430056830e+00
2.535992812044638889e+00
2.099906567925119205e+00
2.501033815455852238e+00
2.111034547900164426e+00
2.403602985348657572e+00
2.250010996258504203e+00
2.725608236385099303e+00
2.843484411083260444e+00
2.629650674734235416e+00
2.348245845726919967e+00
2.370059875215505318e+00
2.088284792239712306e+00
2.792296086377622277e+00
2.365433718932783869e+00
2.785662631623003538e+00
2.400747217610683215e+00
2.257762387095519241e+00
2.343842939913518997e+00
2.731180999335825810e+00
2.962035610978265510e+00
2.255399893254081967e+00
2.111901734193307067e+00
2.664456809334527332e+00
1.979618906511335208e+00
2.051198818335777219e+00
2.744596220279538645e+00
2.499257385345673210e+00
2.776036425773570127e+00
2.542498726393572106e+00
2.106472012597871313e+00
2.871607122699518566e+00
2.414170889216802340e+00
2.516720523917248098e+00
2.817753883301536977e+00
2.470723939165305083e+00
2.521245050128619880e+00
2.571434484354269578e+00
2.130591833803697988e+00
2.782121557567995396e+00
1.964989761675793645e+00
2.593804464807305976e+00
2.485755624329151647e+00
2.376539399319029577e+00
2.094045303663450319e+00
2.582362169396722695e+00
2.333460863423290732e+00
2.174707320020404122e+00
2.313329782013117786e+00
2.316650438127316303e+00
2.523923742145000038e+00
2.169813872614152039e+00
2.511909919923221768e+00
2.363195037860485126e+00
2.735630230103891503e+00
2.025625898323144103e+00
2.693833040370965826e+00
2.825914265844304829e+00
2.524886831254842257e+00
2.665145296943194353e+00
2.775490199476998932e+00
2.351527950980174086e+00
2.552205881506732332e+00
2.356860605831859523e+00
2.637974341935580558e+00
2.547790649010813979e+00
2.755761294079695389e+00
2.269659956478748519e+00
2.958111507663366613e+00
2.237374317970303395e+00
2.476946207454001403e+00
2.233183848145803729e+00
2.206171328982637014e+00
2.429215299908811243e+00
2.709366534192076958e+00
2.886484418532468066e+00
2.456218160795442529e+00
2.591349941293857206e+00
2.502215223084025553e+00
2.844407066143466167e+00
2.832003146058525100e+00
2.642729586474754200e+00
2.538735535682938860e+00
2.898947221650687744e+00
2.336651813119362764e+00
2.628469698529081633e+00
2.195922450025597605e+00
2.438822153442377072e+00
2.503649340851313632e+00
2.249800444437220825e+00
2.343593840585535659e+00
2.686872768941712675e+00
2.502924863090091545e+00
2.922264682372752720e+00
2.400267438647726514e+00
2.040816027725054660e+00
2.389957608180723003e+00
2.623527858433152282e+00
2.700047595594980088e+00
2.100666693402607699e+00
2.916106194446930200e+00
2.540822077625623621e+00
2.581220608850305354e+00
2.534694306614408976e+00
2.622095280075844137e+00
2.273477912669736867e+00
2.660173293462082977e+00
2.800533478923465047e+00
1.982240506402761060e+00
2.570100578308298189e+00
2.775209067258095796e+00
2.388477606608822690e+00
2.774173804388680331e+00
2.327972456085148245e+00
2.404785917573152076e+00
1.994007137091254434e+00
2.794405503582764183e+00
2.714348121166629380e+00
2.120503457208627651e+00
2.454888314164263008e+00
2.671963367031368275e+00
2.574866870703484079e+00
2.310533838550923758e+00
2.188419081010327005e+00
2.266016644842546057e+00
1.963685251157247569e+00
2.722542390753484476e+00
2.382521579635022313e+00
2.368631490644086401e+00
2.342613660549321963e+00
2.636922296421222445e+00
2.558981001143591616e+00
2.307205812462453487e+00
2.788320037660310113e+00
2.522512149948891391e+00
2.007198148920077863e+00
2.848169643975117182e+00
2.723957821014783676e+00
2.252436206020338005e+00
2.756240066847311265e+00
2.720501543825413648e+00
2.710740753908306377e+00
2.685782794715674715e+00
2.424273631017284103e+00
2.488083135672368051e+00
2.732834234751136293e+00
2.341866907433605149e+00
2.883567246675400764e+00
2.268513122204510513e+00
2.486513943046765540e+00
2.702441680897965437e+00
2.610526063881481562e+00
2.407970800139668022e+00
1.763860295774110298e+00
2.326050618798038094e+00
2.821526348115102500e+00
2.745952615364879890e+00
2.154080106535450678e+00
2.644562565139026322e+00
2.549156864593963512e+00
2.563046605548322532e+00
2.557862617029686092e+00
2.301426105315901083e+00
2.291376924038573293e+00
2.221573431714848113e+00
2.411664039430330142e+00
2.387146408385139029e+00
2.414303556419783892e+00
2.224121380082884514e+00
2.683710105068579210e+00
2.415336497449162234e+00
1.949109921343909368e+00
2.743907414488135910e+00
2.474783184552648230e+00
2.299836197731198517e+00
2.168607357293986126e+00
2.219543145877111989e+00
2.314922942423162766e+00
2.645537912055937468e+00
2.131296953921808068e+00
2.237647538656092561e+00
2.567587735836173390e+00
2.009506394278450347e+00
2.778792768417023940e+00
2.428461122128722671e+00
2.634965009226521993e+00
2.933759945607987252e+00
2.119980018160726232e+00
2.022721882989020337e+00
2.384974871682622233e+00
2.366814139115268834e+00
2.543092089956330071e+00
2.679130718271460765e+00
2.635082379211628467e+00
2.712270284510100105e+00
2.169289168321347105e+00
2.561540696998773292e+00
2.424195661903969956e+00
2.776744491800043235e+00
2.687748102714100806e+00
2.798282889623125769e+00
2.685944953022845194e+00
2.422481380464999390e+00
2.657619476193196384e+00
2.284748537721121409e+00
2.665070227313935280e+00
2.493979544519591141e+00
2.185910164745111128e+00
2.789698331187931313e+00
2.482862699778972448e+00
2.329452052410011742e+00
2.672348236721955317e+00
2.470039915415398024e+00
2.304155967567925956e+00
2.439983937368567446e+00
2.383333515528077484e+00
2.456887450958612273e+00
2.290986258627524030e+00
1.977136183882757692e+00
2.780246232969479703e+00
2.046319260661633166e+00
2.608159023436793955e+00
2.372550237217772029e+00
2.001726956526099332e+00
2.528041893039578270e+00
2.367796064572006642e+00
2.152095890819800683e+00
2.414718440935152977e+00
2.723442239811890708e+00
2.517615537435790252e+00
2.559404203038178061e+00
2.450185043681085695e+00
2.636842910912063243e+00
2.600964848565244569e+00
2.838461160547817386e+00
2.102548072780573207e+00
2.578103645838775826e+00
2.591800224267539754e+00
2.685071480125522658e+00
2.144429835673744122e+00
2.292966296862693376e+00
2.405545437383171947e+00
2.157956674357180749e+00
2.322407101403527907e+00
2.920811914431295175e+00
2.810923926668895234e+00
2.608652784490645526e+00
2.406345419986155143e+00
2.521721422468870433e+00
2.453636695968980597e+00
2.544546482610760663e+00
2.919564812537218224e+00
2.552545779184775654e+00
2.441975732965600443e+00
2.407329090007166883e+00
2.771617439305777530e+00
2.555168204930156062e+00
2.531088101280698943e+00
2.638039527837769072e+00
2.567062398923320998e+00
2.488243881701098115e+00
1.963109233846847212e+00
2.885726588804981674e+00
2.725270021297654388e+00
2.611700535013402824e+00
2.487928404668016569e+00
2.630712708288316826e+00
2.956294385059883290e+00
2.746943505183046419e+00
2.649470553255488525e+00
2.735180721460489295e+00
2.394344662065597262e+00
2.113869653256468695e+00
2.667380977145448639e+00
2.673488834053918239e+00
2.814488275616657820e+00
2.559634013678076858e+00
2.871324815040369849e+00
2.218970470695698971e+00
2.886174332115856611e+00
2.324192256266092382e+00
2.536257256254830228e+00
2.794446555116981479e+00
2.498298793811005059e+00
2.229605280970101244e+00
2.328970664618995379e+00
2.425762996375847358e+00
2.711790247831506129e+00
2.177094979126345198e+00
2.390835132395247697e+00
2.603772592749619363e+00
2.154457215529740122e+00
2.322337375970918494e+00
2.703477573090512731e+00
2.536880704672551001e+00
2.731754886281435812e+00
2.639601470008672290e+00
2.365030586689167880e+00
1.780705471246711635e+00
2.627329999255675563e+00
2.634234105462357700e+00
2.597990593661444692e+00
2.725953824643317702e+00
2.858270557920082666e+00
2.562300551440200636e+00
2.754180425748424810e+00
2.035673570538677701e+00
2.837235517327933998e+00
2.717298276788473022e+00
2.517631527683865666e+00
2.053551117507754320e+00
2.352771435486593177e+00
2.712949718751668904e+00
2.569620279405143926e+00
2.731588362159116379e+00
2.369187215103397914e+00
2.965176994196517590e+00
2.429776197590543418e+00
2.752812639541794226e+00
2.752757192724247570e+00
2.311530367905032080e+00
2.572133570017878235e+00
2.374585134050186230e+00
2.579541501341865217e+00
2.473029100537484481e+00
2.429888946749521494e+00
2.545296870385996613e+00
2.738893421959539776e+00
2.441711316440327018e+00
2.646106679126177141e+00
2.496452548072426669e+00
2.544230233369321414e+00
2.028589440529676935e+00
2.644234326559707693e+00
3.034320056003668942e+00
3.046919892826318588e+00
2.120808311748039188e+00
2.204102642550792801e+00
2.466917821445475223e+00
2.300604865399044296e+00
2.951513510863386092e+00
2.539604578726678774e+00
2.762828894597935570e+00
2.645704137753650098e+00
2.146605305737602887e+00
2.504659973438711607e+00
2.610557814661957465e+00
2.370109757208256784e+00
2.416507013050983588e+00
2.743078766286161763e+00
2.735366575438645143e+00
2.892627548809063143e+00
2.554665474350901633e+00
2.496823832532681031e+00
2.172027402664304496e+00
2.463461699833520147e+00
2.299215062658766850e+00
2.258545840752378631e+00
2.627041211123777309e+00
2.752036669567572424e+00
2.526874355801885130e+00
1.972146031154616619e+00
2.491097484536609397e+00
2.591739290830197273e+00
2.466542355579077306e+00
2.159895667697533828e+00
2.765314448521773549e+00
2.827022392230687409e+00
2.498291719213255213e+00
2.864960588997669255e+00
2.706290365397338249e+00
2.450313218823120476e+00
2.607214534636443481e+00
2.651551329510093424e+00
2.073988732791739231e+00
2.599719009801890746e+00
2.744010398042510790e+00
2.698302978855596113e+00
2.123486141825820628e+00
2.537240477007103756e+00
2.247879896544296763e+00
2.235127008851364394e+00
2.607396633503017203e+00
2.664942566082891595e+00
2.373126892396693499e+00
2.858296059711246784e+00
2.469786791133126158e+00
2.380577126908606900e+00
2.125042905254940884e+00
2.797705115652050267e+00
2.254459760509104349e+00
2.627624078153244724e+00
2.952765703466714520e+00
2.354161544452336940e+00
2.690303830604854340e+00
2.683572766619875871e+00
2.215920770382050264e+00
2.534201065976549039e+00
2.423136691657249209e+00
2.312359082166053792e+00
2.619184811147641234e+00
2.195320225663655478e+00
2.400823140945923750e+00
2.861144388804857552e+00
2.246377760243818855e+00
2.793239829449873479e+00
2.615244429717704211e+00
2.293794964076842913e+00
2.202984117840807610e+00
2.666770320951497020e+00
2.195743471666381286e+00
2.980547246070964995e+00
1.870628057778851439e+00
2.347048755929043828e+00
2.557931420374798925e+00
2.679672347231923268e+00
2.376345578584153628e+00
2.708433588786891999e+00
2.455079746344372982e+00
2.471779042949850513e+00
1.876699157184351430e+00
2.879974984608657085e+00
2.242550960195778487e+00
2.508473330486311159e+00
2.622492164655109814e+00
2.328488327526869295e+00
2.381956107526609578e+00
2.271622157721169266e+00
2.236324599368199717e+00
2.372323134179831872e+00
2.333854233716554205e+00
2.513744014920024306e+00
2.611752665126225281e+00
2.481752863232641548e+00
2.565880276408498695e+00
2.465019003685550825e+00
2.433968933645784816e+00
2.723312599596345418e+00
2.803395446939484170e+00
2.562636586670009819e+00
2.673230343493451233e+00
2.269268315656427504e+00
2.270151161095719239e+00
2.310607674647746634e+00
2.025125681579329040e+00
2.802989592184232492e+00
2.550291889018752034e+00
2.187617443705434983e+00
2.687332269277160623e+00
2.870563153059814798e+00
2.179045898028610040e+00
2.443238570180229274e+00
2.216930992765643982e+00
2.373888915216565643e+00
2.324061508985868940e+00
2.759494717769798822e+00
2.114711586916564023e+00
2.619893758843549136e+00
2.171442107567974400e+00
2.644545023477028245e+00
2.642565717240929590e+00
2.783515109066777793e+00
2.514133471501453609e+00
2.879836597467106074e+00
2.017910095254096703e+00
2.603978780357929956e+00
2.739375664165240032e+00
2.374271481779771431e+00
2.633062374403531081e+00
2.723592217188223863e+00
2.430646246851519088e+00
2.431691427870448674e+00
2.753692509454707338e+00
2.613089036266393439e+00
2.936393178386465408e+00
2.858089374224848100e+00
2.885662174665887925e+00
2.649575323590758202e+00
2.184621517225223020e+00
2.572244113810796762e+00
2.505137241796471681e+00
2.448894237974601484e+00
2.515352773639647932e+00
2.174511397676671898e+00
2.540814426495467515e+00
2.573034077599921421e+00
2.411354005828248326e+00
2.288169524966559010e+00
2.758706199799326519e+00
2.636113835192223753e+00
2.314094471671484410e+00
2.698033671977887682e+00
2.114999814244774790e+00
2.366344849322930433e+00
2.645495424865313971e+00
2.341575792887933716e+00
2.396402447049349682e+00
2.724018953416621258e+00
2.069614727527506304e+00
2.425053228594865828e+00
2.787884375196490350e+00
2.604931565605631327e+00
2.631653969384074809e+00
2.406366947404495082e+00
2.033249950870878564e+00
2.317232812216627025e+00
2.669241790456077457e+00
2.253064294440937587e+00
2.800248160490554472e+00
2.448850115463724553e+00
2.757353096927445346e+00
2.389626130938378612e+00
2.053075032723247428e+00
2.482706656754861907e+00
2.897406039088132435e+00
2.913068729165169124e+00
2.727367924275818201e+00
2.632819438609224516e+00
2.452162749663051589e+00
2.730163559349535252e+00
2.163819010252185926e+00
2.717185227351287757e+00
2.420444135844082023e+00
2.456559622136941456e+00
2.959460941525827060e+00
2.154645132374987782e+00
2.978277850033404839e+00
2.201804590766513137e+00
2.756104663367527685e+00
2.000857928117282469e+00
2.253598510094525054e+00
2.603497112702548133e+00
2.632968892158482177e+00
2.445412702465339372e+00
2.665075100718066192e+00
2.870220679968480848e+00
2.489291406748904922e+00
2.420815233342611172e+00
2.885377776872515287e+00
2.277157744600960321e+00
2.570243157657165156e+00
2.526960167312079619e+00
2.781925320693661163e+00
2.585355075831563987e+00
2.010668841927813588e+00
2.616249411129149216e+00
2.700266972114346409e+00
2.308159779374573617e+00
2.333473822473040027e+00
2.355235239261030955e+00
2.159279443939472465e+00
2.313176208859293315e+00
3.048398117331327040e+00
2.581200412439524250e+00
2.386249676170525191e+00
2.709183365807819044e+00
2.716097064617169821e+00
2.925000046610037430e+00
2.445933300152141054e+00
2.862880714148418271e+00
2.447145707246385360e+00
2.100306929340827189e+00
2.072851848827701460e+00
2.666787064357099002e+00
2.254864088443611525e+00
2.819788754682446275e+00
2.683576109525210196e+00
2.500404897197578968e+00
2.783880301937754265e+00
2.816891495681506541e+00
2.319224332259024024e+00
2.538890499552353575e+00
2.898071653994502395e+00
2.457712808827601680e+00
2.394735465984284328e+00
2.285581822957888143e+00
2.889781921360213168e+00
2.782152557595538145e+00
2.772549969692761351e+00
2.375215505919032744e+00
2.635700128591266456e+00
2.104923822947327494e+00
2.573911255004571963e+00
2.383557458525460859e+00
2.590313687970444256e+00
2.607682211807539563e+00
2.715503621964866721e+00
2.348136896379137806e+00
2.472171576142300875e+00
2.384766536760895672e+00
2.347316373212092078e+00
2.432464718840637197e+00
2.509652103838406312e+00
2.389471385160216066e+00
2.160999810640758856e+00
2.329662994889584837e+00
2.772724951148934469e+00
2.673518407842569111e+00
2.725643347321588195e+00
2.827640070520387905e+00
2.698858196910656648e+00
2.659838387024358042e+00
2.824226502726203236e+00
2.652528046761298608e+00
2.469951380591226986e+00
2.774221124120152648e+00
2.616355377892431555e+00
2.276095690768438207e+00
2.333204704910825988e+00
2.666024592264012227e+00
3.072756039098746506e+00
2.684512538639558521e+00
2.482350412693898001e+00
3.069135758954263160e+00
2.330048546493063366e+00
2.093293603085172983e+00
2.334875544462371000e+00
1.974642527000017189e+00
2.395047458535280782e+00
2.373820137417469667e+00
2.548058291614276438e+00
2.162830611638843159e+00
2.804138732298410819e+00
2.185496496719064208e+00
2.348905153064785090e+00
2.272639785494859677e+00
2.487943162015083587e+00
1.725655166193448720e+00
2.720219602778482848e+00
2.905572933012564807e+00
2.711372338025687334e+00
2.307827357641404120e+00
2.177925069339692321e+00
2.559141199965862867e+00
2.540310786429506695e+00
2.457892997651062394e+00
2.637661477097185792e+00
2.613720278317113177e+00
2.777446429335642453e+00
2.464736252715094444e+00
2.197496831268461737e+00
2.398506708847237157e+00
2.530318209395533202e+00
2.669256543020576355e+00
2.790684571388578394e+00
2.517899374808133750e+00
2.297530462036819543e+00
2.558151637250617227e+00
2.642704506653930530e+00
2.465317782002600211e+00
2.282467963931030575e+00
2.720903826584413654e+00
2.632008727484947297e+00
2.672788628386158383e+00
2.891600577782057702e+00
2.256457953619700252e+00
2.625559471161511116e+00
2.497777854396135311e+00
2.197895902079921804e+00
2.769357992993761286e+00
2.543498914453034221e+00
2.544688625260408177e+00
2.475939507005134210e+00
2.577887117824370744e+00
2.770646341703467463e+00
2.732535750908292371e+00
2.795878402504933025e+00
2.478114851201863367e+00
1.941358631074184604e+00
2.674342196237970093e+00
2.243719004589359578e+00
2.429133151971903715e+00
2.284847014436801604e+00
2.459013320607421171e+00
2.614477461030320526e+00
2.446612916926985903e+00
2.308227503484811649e+00
2.572310086797466422e+00
2.446088630231667338e+00
2.211017027344166941e+00
2.440873293861422599e+00
2.455678988325245449e+00
2.711883758416260726e+00
2.533224062763029139e+00
2.875952128999168966e+00
2.357731248482861197e+00
2.722065070007672283e+00
2.506072799910257665e+00
2.614741058052008515e+00
2.315651244333380987e+00
1.948802003660220494e+00
2.743463692157252165e+00
2.232162549032747023e+00
1.926851019865913006e+00
2.461557520078382133e+00
2.509330782355929212e+00
2.109418770663190390e+00
2.262838979034775821e+00
2.036102831532518920e+00
2.070024708574766947e+00
2.577671945563033695e+00
2.163195399200342983e+00
2.977922811041486817e+00
3.017003227269610122e+00
2.503167862912950792e+00
2.412523782571318609e+00
2.370966836271372280e+00
2.507465532033244848e+00
2.289697599273910811e+00
2.450170673268307731e+00
2.432895828428062845e+00
2.258764799399201717e+00
2.747522872079612988e+00
1.953641382252307546e+00
2.841071146373605139e+00
2.982432953216317628e+00
2.679030589329718381e+00
2.532720019256886168e+00
2.701018737903415179e+00
2.197152344915469513e+00
2.101753553596744872e+00
2.387574183339808975e+00
1.989912641305933150e+00
2.545882310066340359e+00
2.286770176216070816e+00
2.818050606660180701e+00
2.605176059102401354e+00
2.503091156377867499e+00
2.580749139531935299e+00
2.660556683586182025e+00
2.162612797450101709e+00
2.580341788329100439e+00
2.991786886695193992e+00
2.303097376058574675e+00
2.649817211932743000e+00
2.439210983615241801e+00
1.995687989647062954e+00
2.519765070019088782e+00
2.419039553959780875e+00
2.772120170333829847e+00
2.522754981391428064e+00
2.594432746176193127e+00
2.530914975373905307e+00
2.901934633495778293e+00
2.618186341413426099e+00
2.355120563560708202e+00
2.386954158608280530e+00
2.485682439607258321e+00
2.672522263984391966e+00
2.363607244339588576e+00
2.539770894670920320e+00
2.743344263096212821e+00
2.401843530718056563e+00
2.400282692829934117e+00
2.678992132432550299e+00
2.359169928261536597e+00
2.588066639183920881e+00
2.493862255950454188e+00
2.450988785034825312e+00
2.607660448464835579e+00
2.288773905187585278e+00
2.495798932119263291e+00
2.444139076925569309e+00
2.326793911775538959e+00
2.515971129468766776e+00
2.599639930343959016e+00
2.321247431546896056e+00
2.861100472363093505e+00
2.696644262061543618e+00
2.051309350895884176e+00
2.391454048779524388e+00
2.319167635534792993e+00
2.749666138372134583e+00
2.533764285681553208e+00
2.645961963272286166e+00
2.699332461755873158e+00
2.541552082133166746e+00
2.743496566404574288e+00
2.591794313766776270e+00
2.444772398734652352e+00
2.674978106665913291e+00
2.520963662040252018e+00
2.615176517672098910e+00
2.859860912409298628e+00
2.500199201595785681e+00
2.682128566752260745e+00
2.460557423837350655e+00
2.524961922886330701e+00
2.918696166548212734e+00
2.740150130101328241e+00
2.057518010606987247e+00
2.313248501038694283e+00
2.364067554176096930e+00
2.289387151359903338e+00
2.927106961714833755e+00
2.412074189612184671e+00
2.513823642472477360e+00
2.501429366678535438e+00
2.997761419228357482e+00
2.729968535035895982e+00
2.772746743530840163e+00
2.502680326907828601e+00
2.785049614353575453e+00
2.580524130521848036e+00
2.736328690322233470e+00
2.735923153013589015e+00
1.914113599011608047e+00
2.193963870752356549e+00
2.827347878179346186e+00
2.398175113912760725e+00
2.728918817786567974e+00
2.162731590075887667e+00
2.654797532058491338e+00
2.621970112846634393e+00
2.392984724871664248e+00
2.256183417168092120e+00
2.316106828110516602e+00
2.658734757163399021e+00
2.614900867178421962e+00
2.406429516464273721e+00
2.425897474892362737e+00
2.580506062237374554e+00
2.517760776258151978e+00
2.709116916409237685e+00
2.371913397735582407e+00
2.670261913264718512e+00
2.758776210498186554e+00
2.693617002214538481e+00
2.489816084668288187e+00
2.587185919947643686e+00
2.176893035213640637e+00
2.699710811256609055e+00
2.725281411396880404e+00
2.711235671029924799e+00
2.676274440872855820e+00
2.761617689162081390e+00
2.492975007226037043e+00
2.730944129784042662e+00
1.968142350659085604e+00
2.604772237220656983e+00
2.304637977291089879e+00
2.520893942434338175e+00
2.424199486483938237e+00
2.972519341214006516e+00
2.385464177299854605e+00
2.493613264600201163e+00
2.481143071577726289e+00
2.076007260543904387e+00
2.680457808943621512e+00
2.599159278959504604e+00
2.690525616336434833e+00
2.655730084677544678e+00
2.312074581825952713e+00
2.924597607513092168e+00
2.577249590805660517e+00
2.753050677297103732e+00
2.617664775585786696e+00
2.695022848538841220e+00
1.850547029690116752e+00
2.624221571806359954e+00
2.191468110797779811e+00
2.001018234480069324e+00
2.461061315292233598e+00
2.538764863369528335e+00
2.612049983433532230e+00
2.223665572253988643e+00
2.423506005690556186e+00
2.651327776649564871e+00
2.635448029453823615e+00
2.411351077871900284e+00
2.506260228003661883e+00
2.726361270228743638e+00
2.176549481611451231e+00
2.561303881370446511e+00
2.582880154299033837e+00
2.716291552120032371e+00
2.552046165189997939e+00
2.473650468322971641e+00
2.456513049611421362e+00
2.494615469556384024e+00
2.653254856422163410e+00
2.388265517437922369e+00
2.228615626078348733e+00
2.840370312702018563e+00
2.927418618838514952e+00
2.608376459018180160e+00
2.094763421178771345e+00
2.614890485542030518e+00
2.701733729691692343e+00
2.368703407273018868e+00
2.626129703051457653e+00
2.526073934473322513e+00
1.935569829074275328e+00
2.690547762892556705e+00
2.592187693162401718e+00
2.401433221823231712e+00
2.526397489627990822e+00
2.807545922546250239e+00
2.494094108135617383e+00
2.907567609903322747e+00
2.447678743043287142e+00
2.598313114194054307e+00
2.789877603144571339e+00
2.329878132749891861e+00
2.598866917959593792e+00
2.321664521512071921e+00
2.859811441774886553e+00
3.026991033742531201e+00
2.909982353292293933e+00
2.584437058173972179e+00
2.472423437673793245e+00
2.586193049061145999e+00
2.867361582265844255e+00
2.601827437963406986e+00
2.446198570320177623e+00
2.471665602696814457e+00
2.506539793205090572e+00
2.340609323736120295e+00
2.725595254909821463e+00
2.490715275850634569e+00
2.610230408092979904e+00
2.448922819661153216e+00
2.795876554777547707e+00
2.950398439802901951e+00
2.829691048065579473e+00
2.366738063397511027e+00
2.195240345703870943e+00
1.917435120438872653e+00
2.594581051267038418e+00
1.948411637081712167e+00
2.749888200678927586e+00
2.610700838481356811e+00
2.708488631981557759e+00
1.859152850915593236e+00
2.189527014836233132e+00
2.871020352855049751e+00
2.542025319649772186e+00
2.277498999677588287e+00
2.564587912377295886e+00
2.615551502647595061e+00
2.661644986281140657e+00
2.667389818355845321e+00
2.708494461127269659e+00
2.689516076098856345e+00
2.135791551428050106e+00
2.587458615404481410e+00
2.590376816587662390e+00
2.664137748719588306e+00
2.754166295240530360e+00
2.454054783296728992e+00
2.422627694775907337e+00
2.794403874309231206e+00
2.249199377879627537e+00
2.817085987772109945e+00
2.493962393045137116e+00
2.386564395320666776e+00
2.967779338234062259e+00
2.328664306132934403e+00
2.395649997148877830e+00
2.449773979582242411e+00
2.441962812033753760e+00
2.789660869311077374e+00
2.694211525143856090e+00
2.737612479519770048e+00
1.954964788159154532e+00
2.207116122168999439e+00
2.943568301687751632e+00
2.661639802811924582e+00
2.131566344229510523e+00
2.507606118877835577e+00
2.657666690915244434e+00
2.730055235377911949e+00
2.586174876869740125e+00
2.097747023384711973e+00
2.753283290423697682e+00
2.579145709194252678e+00
2.496709802946940560e+00
1.803927170600385432e+00
2.207696572349065800e+00
2.445789181558404302e+00
2.756382445666942349e+00
2.572067827532591444e+00
2.462644368226903246e+00
2.722475017678989584e+00
2.504150303936623523e+00
2.419566798873657110e+00
2.881844189661519007e+00
2.616547455530654709e+00
2.603222158443613043e+00
2.135207072489825109e+00
2.531954616114272305e+00
2.062206240601274665e+00
2.192934016996539448e+00
2.683730575665763673e+00
2.657040482327924558e+00
2.578521205903962610e+00
2.326932595158915262e+00
2.612653801561931388e+00
2.451484652513301832e+00
2.662394646698494682e+00
2.443071215965190390e+00
2.441320108739395423e+00
2.685223731651192658e+00
2.402957181543698528e+00
2.453594013651072991e+00
2.163419919752896714e+00
2.524380997689520179e+00
2.770812378294968958e+00
2.535841777373269768e+00
2.496533542732509936e+00
2.259047213391959907e+00
2.239227990335291185e+00
1.997192168054575001e+00
2.489973478132244011e+00
2.369846523585798614e+00
2.340450322830560204e+00
2.735456802425098033e+00
2.531051011633578707e+00
2.700084632453027211e+00
2.485367604856603130e+00
2.337890792100841608e+00
2.593171052844625457e+00
2.669807978036859097e+00
1.949467380610501399e+00
2.705874821955797316e+00
2.630308183769328956e+00
2.534262869545321539e+00
2.201405138097000780e+00
2.492025261784589052e+00
2.543509659110487320e+00
1.932991868394560386e+00
2.931787384532801966e+00
2.369473540816023238e+00
2.519040098067104161e+00
2.847958993946991590e+00
2.260365710022182562e+00
2.309220533989376545e+00
2.358255107675855555e+00
2.522421534901619911e+00
2.180264436540944040e+00
2.129662993506867164e+00
1.942921661558715707e+00
2.474645517074427481e+00
1.953368976262769730e+00
2.491961580442914048e+00
2.908244647756335510e+00
2.448807347192605732e+00
2.665043494297302029e+00
2.926862657409159851e+00
2.451998599484707331e+00
2.374745396488755489e+00
2.683547521934152247e+00
2.737873732513004477e+00
2.134836943174729385e+00
2.469308328721646184e+00
2.476190088105644005e+00
2.956566575082783199e+00
2.560280415042921032e+00
2.333971583665650051e+00
1.974973461493187088e+00
2.337585237581485842e+00
2.542329575198132741e+00
2.367151588575926890e+00
2.869116917379393783e+00
2.913773214646576459e+00
2.836225299000898037e+00
1.926040150955066199e+00
2.478480436544113985e+00
2.631741718513481043e+00
2.070368515679248844e+00
2.670571545518795720e+00
2.839622211778698002e+00
1.981763669723053845e+00
2.783726084456962457e+00
2.254318549089749268e+00
2.286619944485956513e+00
2.692207470053768148e+00
2.676505522489287969e+00
1.865023588498544660e+00
2.739749399309359124e+00
2.733898852580560757e+00
2.480938484518075082e+00
2.266535520974599205e+00
2.757334570708504184e+00
2.821368276574021561e+00
2.328336168404617545e+00
2.760371463546368531e+00
2.930448198866841381e+00
2.399381260943770577e+00
2.367826671164285912e+00
2.378955584910859233e+00
2.629762494203028655e+00
2.751304117389501425e+00
2.174425588286259980e+00
2.649095872416425301e+00
2.968847311315219173e+00
2.395751244196357099e+00
1.963442506703525270e+00
2.419071032683004496e+00
2.522356532751895308e+00
2.542045526089588225e+00
2.445756504249292806e+00
2.229142206370442914e+00
2.140861017826960477e+00
2.188077653113972953e+00
2.884951136296880048e+00
2.648545651135054690e+00
2.260216385774529435e+00
2.791756651385943755e+00
2.253544008462591730e+00
2.535385779155736152e+00
2.674865264350509531e+00
2.549219745812268290e+00
2.729720881639042140e+00
2.164891530487615512e+00
2.115473546539360594e+00
2.510447925552625748e+00
2.595946461717644649e+00
2.329955001978328610e+00
2.865673221088780309e+00
2.514086064126348052e+00
2.054172803555500693e+00
2.967157965909775541e+00
2.277700285333421171e+00
2.118292554386189686e+00
2.279367323743823448e+00
2.261777199564368512e+00
2.178552572245625818e+00
2.517293909376927097e+00
2.418640292365882516e+00
2.406980261978035607e+00
2.723972397713089411e+00
2.739208847775061795e+00
2.709069095966934348e+00
2.553874274793885402e+00
2.538950905030958438e+00
2.119429775074962663e+00
2.415579636917861706e+00
2.233738365972669726e+00
2.427828636678695418e+00
2.583645026070620077e+00
2.382710297713761083e+00
2.567300804813161363e+00
2.451505939804298428e+00
2.147841813074809814e+00
2.549521602999433867e+00
2.870918542257505202e+00
2.943928173909973189e+00
2.009137240820170422e+00
2.911558731412372758e+00
2.002450470269425242e+00
2.699110425926591894e+00
2.021652401072472127e+00
2.638622642532018503e+00
2.206821809692233849e+00
2.596007181928192242e+00
2.695704147757202129e+00
2.311315200195557917e+00
2.519476345198504497e+00
2.610492305953082237e+00
2.493321562998236818e+00
2.270442200202242411e+00
2.279777550105412054e+00
2.007218854966147603e+00
2.719619758068485549e+00
2.291993950657523538e+00
2.780324716958764597e+00
2.785461408947349948e+00
2.525327149000585525e+00
2.133416983301206660e+00
2.779216385994616623e+00
2.298046168860738536e+00
2.362340054379497900e+00
2.504937639628237012e+00
2.025220104713476132e+00
2.693429340316108700e+00
2.261045760937707705e+00
2.889106228141385735e+00
2.854324690794184161e+00
2.415357057679621278e+00
2.436821772823150045e+00
2.831821626766818145e+00
2.227656813812639580e+00
2.746831797872776981e+00
2.634844545629905443e+00
2.192635585800782216e+00
2.494043122282231018e+00
2.546981548916568361e+00
2.748690342096873351e+00
2.807322664464078521e+00
2.649836912835810576e+00
2.911437434266763713e+00
2.614290055887875663e+00
2.343610626443719092e+00
2.836484594515471969e+00
2.535798092274726745e+00
2.420878589879063014e+00
2.796963816569862260e+00
2.526804880859796931e+00
2.471516500929824556e+00
2.827812654086620192e+00
2.502186388215027257e+00
2.234273345262639765e+00
2.490965712765755846e+00
2.232601310514727988e+00
2.824453705376921864e+00
2.737989242619090824e+00
2.759572970083159937e+00
2.894920254023329864e+00
3.062319847429450625e+00
2.213631669193723006e+00
2.646405668500763309e+00
2.366549873742900711e+00
2.542843521527140105e+00
2.977075411472623223e+00
2.451508660523567862e+00
2.643942415414229696e+00
2.914961339605302015e+00
2.598780532818171007e+00
2.844459515743506195e+00
2.958392998565414267e+00
2.342878483163885583e+00
2.259431387325980811e+00
2.587737380296509571e+00
2.428184290452956695e+00
2.766881295286070852e+00
2.553408241485115138e+00
2.148836695110295292e+00
2.604224917142541340e+00
2.157318705572312645e+00
2.790590021101403639e+00
2.197206259792737093e+00
2.193787025094469545e+00
2.858124331544181107e+00
2.102354494013430219e+00
1.819117781107462806e+00
2.672625078514018426e+00
2.669728465155307262e+00
2.769049020899094771e+00
2.827564140494736922e+00
2.558981624947029410e+00
2.262088720262492636e+00
2.555306023796823034e+00
2.315562165238996162e+00
2.456622538522194699e+00
2.116144978242281205e+00
2.701166425909637958e+00
2.559096729408000037e+00
2.163740124935503495e+00
2.622190111939270540e+00
2.075739029058032870e+00
2.679093252798709912e+00
1.924811674601148326e+00
2.334409348668642803e+00
2.891911264142464688e+00
2.077229292455939458e+00
2.526453780032442697e+00
2.324583177984611559e+00
2.590021145506333333e+00
2.648005021291389927e+00
2.283292419272131113e+00
2.745177550028990332e+00
2.580347121773774344e+00
2.978628850225344404e+00
2.573579555195462554e+00
2.461491672877987646e+00
2.407610785618857996e+00
2.683906572338203844e+00
2.532060718876890881e+00
2.046073676313949541e+00
2.170533265106685761e+00
2.496339829062472759e+00
2.514579840973232727e+00
2.565266079179347347e+00
2.500611531651916852e+00
2.089584757243914126e+00
3.011840033683362616e+00
2.613357663657879915e+00
2.234243718540835921e+00
2.523072584042044042e+00
2.419020203593159835e+00
2.576548531315576263e+00
1.961211847520629714e+00
2.897590177808066159e+00
2.538207535896320088e+00
2.780729182111023157e+00
2.525020255258001889e+00
2.716189454378685753e+00
2.828073732544495567e+00
2.558475445729406772e+00
2.588557857444774957e+00
2.554973792406906696e+00
2.722496412658408360e+00
2.460483311208562895e+00
2.163209352823092235e+00
2.163754286450876307e+00
1.840401528220320326e+00
2.876494753935977311e+00
2.526836439466706885e+00
2.346539084534138286e+00
2.587619103378405061e+00
2.438326059622060615e+00
2.487175271120161568e+00
2.640808709514157027e+00
2.329273281810800622e+00
2.720801412314464152e+00
2.765256535023142170e+00
2.552973135595751231e+00
2.218374055063840444e+00
2.404021416752269324e+00
2.128949236753364449e+00
2.618458494705540041e+00
2.690223517542728260e+00
2.671042072924712407e+00
2.622180728796976279e+00
2.678662146366103780e+00
2.590897231913206422e+00
2.645421552611810334e+00
2.714809185248810763e+00
2.379431819704715068e+00
2.360169145764842824e+00
2.211394225350085119e+00
2.593091804603864681e+00
2.257896115080836985e+00
2.432235438751566114e+00
2.757152303518163539e+00
2.246269657514183837e+00
2.521497655067443056e+00
2.781187827548825098e+00
2.442254578519190478e+00
2.556079645508349873e+00
2.509340421802725096e+00
2.795894924257315228e+00
1.796161729757939529e+00
2.323458131791093173e+00
2.738689449469999815e+00
2.669879368316947943e+00
2.524048971305921096e+00
2.363870022732656118e+00
2.725035159365992943e+00
2.829822231770125374e+00
2.482506105085690251e+00
2.053941793151446316e+00
2.437124620564469435e+00
1.986887938812284204e+00
2.468862602985195664e+00
2.510980188592005558e+00
2.947147021434183944e+00
3.043432059921009181e+00
2.619179793606098094e+00
2.898659035311291543e+00
2.683539984842743920e+00
2.667132088003168811e+00
2.718878233393005495e+00
2.480805187861056638e+00
2.837178771833647417e+00
2.911819705712030526e+00
2.534022661734518955e+00
2.116844453967001272e+00
2.450255687606929467e+00
2.563992570256909964e+00
2.256230098156264852e+00
2.754442358956673331e+00
2.949451320422412870e+00
2.786732667997136037e+00
2.547175114765636295e+00
2.495428356702007910e+00
2.884096814943463372e+00
2.452629925269977917e+00
2.628758547579802762e+00
2.710965073676821380e+00
2.653125413426936419e+00
2.450231361534997099e+00
2.554466549492578231e+00
2.043149332213839209e+00
2.215337561935343924e+00
2.458070194812639109e+00
2.488915167962936437e+00
2.705812254178881382e+00
2.430818473059726870e+00
2.667004092209646071e+00
2.620031411542694144e+00
2.046138990453499673e+00
2.629171125073032300e+00
2.380570306390898949e+00
2.467666683719212717e+00
2.204293611839342582e+00
2.358130730111023254e+00
1.973895394091934374e+00
2.418993486240713420e+00
2.074682007624900848e+00
2.939254990696732683e+00
2.928701423378572866e+00
2.762908777178118669e+00
2.359080937201456063e+00
2.773384816023667376e+00
2.706002703386345409e+00
2.351876913601477437e+00
2.327348835012298167e+00
2.792232223368346311e+00
2.245624110717287625e+00
2.185418726784910337e+00
2.224587142972461073e+00
2.942784352061960540e+00
2.303133285831704402e+00
2.518264884077445309e+00
2.617414984592536520e+00
2.612317396282402449e+00
2.530155718028346712e+00
2.646623558672668963e+00
2.541729487855143521e+00
2.558031136940856598e+00
2.978897917928676087e+00
2.652067654512090922e+00
2.691768131224019811e+00
2.518698687138671399e+00
2.011039635709511053e+00
2.368237027265923000e+00
2.797375489080626831e+00
2.177653546528263817e+00
2.563121048543835823e+00
2.626105484188113515e+00
2.253613242142320949e+00
2.925092731830396087e+00
2.427510136818674891e+00
2.439293396627387089e+00
2.583172828114919994e+00
2.502266607506512308e+00
2.343125792440391209e+00
2.403721934152520667e+00
2.319535579063878306e+00
2.569306566134522463e+00
2.225229433380029320e+00
2.788979634912091665e+00
2.633338987396644626e+00
2.785669655211750584e+00
2.293383269965203475e+00
2.629087267142039330e+00
2.693444476069287497e+00
2.457862580517895967e+00
2.352242849054999585e+00
2.471689427979645526e+00
1.718174904143541459e+00
2.511152618921707713e+00
2.301861053405617419e+00
2.618966543444456452e+00
2.732876491624342652e+00
1.856823676240022314e+00
2.367380403254172094e+00
1.964012788219819283e+00
2.390683050509919028e+00
2.900176077510607797e+00
2.100099256749742072e+00
2.579484681763250631e+00
2.776045454338142537e+00
2.374499368419461742e+00
2.624467645018425443e+00
1.837407195015286154e+00
2.728522182326640788e+00
2.524845646622836171e+00
2.853506166653426046e+00
2.207038034578043373e+00
2.297292504271292390e+00
2.588248016476796920e+00
2.640797389648994020e+00
2.689892397049667760e+00
2.596153373446329127e+00
2.199756336864996165e+00
2.942796385821560889e+00
1.947470140715753306e+00
2.930508053905110266e+00
2.754209927482251796e+00
2.522514664399011064e+00
2.936406296856914011e+00
2.589155761775673081e+00
2.924225175191522474e+00
2.816552676617185114e+00
2.456186630815277550e+00
2.215098225594237746e+00
2.937987819396127076e+00
2.629160356434332879e+00
2.482881558242683528e+00
2.117290214780150226e+00
2.688207965745153416e+00
2.269518741481703294e+00
2.664659159556097112e+00
1.933899517318102612e+00
2.261355212756972932e+00
2.615251449400029848e+00
2.640038159844728227e+00
2.451695238329891779e+00
2.463468597794755244e+00
2.382144961347467671e+00
2.601125432500031476e+00
2.515383998743089045e+00
2.260602521406536169e+00
2.094135367405473680e+00
2.529521401529478908e+00
2.648258377101090133e+00
2.796746682206992851e+00
2.595950609064209935e+00
2.810322434863267382e+00
2.162951729567351045e+00
2.420603129353883887e+00
2.717710937844656449e+00
2.244670285132258858e+00
2.135859697989486605e+00
2.369875153110455823e+00
2.697470504086816767e+00
1.989912054043644796e+00
2.392860999131858790e+00
2.146203507290810997e+00
2.535769173609056182e+00
2.877311833120508311e+00
2.290171908335356665e+00
2.945432759465159922e+00
2.685679314398432105e+00
2.659326570900466091e+00
2.836254968295531143e+00
2.397172503262662957e+00
2.581303807428551256e+00
2.442820566458923537e+00
2.113188069977402606e+00
2.554918469908794787e+00
2.665171109247091330e+00
2.502668877759174570e+00
2.745352998125389021e+00
2.396469854699935009e+00
2.433648452296325981e+00
2.635042801814370339e+00
2.565381412757811397e+00
2.422954166269212006e+00
2.620829299909271271e+00
2.519820182016154320e+00
2.724494713148369662e+00
2.559432693154374938e+00
2.616376948750665843e+00
2.762524061238824657e+00
2.438532941567488344e+00
2.212768883922913155e+00
2.448680453734228379e+00
2.584095420949658717e+00
2.968626830138256789e+00
2.493317029273045993e+00
2.703784135639974107e+00
2.345515561243229463e+00
2.591445086051844982e+00
2.148132084160769839e+00
2.518649145212210616e+00
2.547233264352475324e+00
2.643039801193761917e+00
2.811408731487860635e+00
2.612250013681929772e+00
2.290606994659768247e+00
1.839982107075560425e+00
2.667140876143306194e+00
2.440853076992250514e+00
2.714413243051390978e+00
2.048730831095538107e+00
2.748979914907081490e+00
2.047531909927562843e+00
2.359232851627335315e+00
2.461421569797220155e+00
2.750625532391533401e+00
2.400169389525351971e+00
2.443344431535580785e+00
2.505404447023086512e+00
2.057060501457645518e+00
2.626677473829431619e+00
2.283690580411671611e+00
2.009507508535990361e+00
2.090152666538917181e+00
2.569232161917897272e+00
2.514899691675024584e+00
2.468057512806856924e+00
2.393853029510861319e+00
2.485918003650512631e+00
2.598903856526389777e+00
2.298264912147816474e+00
2.369778545651203050e+00
1.930599407958746072e+00
3.041450303216576945e+00
2.056565868913021067e+00
2.237797421041319623e+00
2.421777022283137626e+00
1.952769291568540400e+00
2.520495656090561365e+00
2.415091192667517817e+00
2.727577769279645903e+00
2.680555131245438982e+00
2.502977953968601899e+00
2.595898490188088825e+00
2.748398774402359912e+00
2.704429602706186486e+00
2.400055008501461806e+00
2.721987442439515181e+00
2.183704606186321673e+00
2.972512590620328687e+00
2.788138423034224544e+00
2.762132123366707326e+00
2.174232754763925968e+00
2.883485211709347684e+00
2.954241454310025272e+00
2.493684283571974358e+00
2.411356316302978087e+00
2.382847063605372462e+00
2.264104938757153462e+00
2.500577169655799459e+00
2.510630639458682367e+00
2.688869823962911632e+00
2.844015163043877248e+00
2.472320580635760656e+00
2.558860400555492909e+00
2.421663788351745783e+00
2.644355878685074046e+00
2.553226578290644699e+00
2.855054432753334925e+00
2.368245445536852678e+00
2.607893480080484494e+00
2.044770608009006452e+00
2.742273933167439726e+00
2.478686407494612443e+00
1.930787093001537391e+00
2.364390280433934066e+00
2.581241053306171374e+00
2.218577174849783340e+00
2.193076682747318706e+00
2.336074610243704441e+00
2.451074062909430751e+00
2.814322710873189415e+00
2.621662319676471231e+00
2.315836749095705915e+00
2.256808538050911750e+00
2.534427823743594210e+00
2.492864728667713692e+00
2.824299065398771180e+00
2.435241757782061089e+00
2.586993656603959302e+00
2.444164924836312647e+00
2.503544443440459233e+00
2.726830079262859474e+00
2.643865402162946854e+00
2.362144635284591843e+00
2.353610537496461763e+00
2.326015333204255686e+00
2.207088199495196079e+00
2.347216736720225239e+00
2.067640123857771073e+00
2.140202418189516287e+00
2.469065923447676170e+00
2.809404533036483187e+00
2.559828867126509699e+00
2.810128079826976766e+00
2.756823119264144140e+00
2.240036494957505120e+00
2.715898056703707653e+00
2.911149468962030085e+00
2.468412163470950382e+00
2.319232581336982513e+00
2.798334623941990174e+00
1.808457712862679756e+00
2.765173143596004302e+00
2.764655877526038807e+00
2.616885463202328399e+00
2.741173372548658449e+00
2.444978053153080921e+00
2.731450894215200265e+00
2.522652482546555941e+00
2.527288689393895282e+00
2.280831520560918424e+00
2.888133424323713339e+00
2.517432411081824029e+00
2.487349710194580510e+00
2.108056833536767094e+00
2.761375652788359059e+00
1.980130772882696677e+00
2.837004470039523607e+00
2.580138782078088333e+00
2.435521737123314434e+00
1.981095380130704076e+00
2.358163415324983969e+00
1.824756707196052874e+00
2.542313720630547724e+00
2.358119966310448845e+00
2.225809646641487394e+00
2.751005639027962690e+00
2.562363860827887141e+00
2.893686120010957374e+00
2.603549834825750864e+00
2.359198522313602719e+00
2.350823024048598331e+00
2.268820536985429737e+00
2.463945527853856454e+00
2.017920634542790026e+00
2.227273321602191380e+00
2.271352251342344530e+00
2.599828888791718473e+00
2.721263706428652007e+00
2.823591100442464530e+00
2.730136813988977451e+00
2.537455336159444741e+00
2.564522078538528760e+00
2.451334385267438964e+00
2.566447054440629039e+00
2.417438614278869302e+00
1.950420402310643064e+00
2.787605972230612572e+00
2.692527534331281114e+00
2.394713516387882102e+00
2.468979221013413827e+00
2.197864326095067433e+00
2.347793381168104432e+00
2.263164854194801734e+00
2.582105867163652313e+00
2.677761041041524237e+00
2.369244128038125563e+00
2.231806574968076440e+00
2.444976433599510557e+00
2.180817584087587413e+00
2.700906881863828879e+00
2.557792622563654916e+00
2.787055749607130650e+00
2.130659812456870306e+00
2.905736968521821506e+00
2.558807671599077516e+00
2.772327893740384130e+00
2.232508041440069313e+00
2.805227851469899392e+00
2.307285821245674828e+00
2.773099200873383019e+00
2.379737667146526015e+00
2.042431539350463510e+00
2.592709292176529789e+00
2.717991853606200880e+00
2.139319036998660550e+00
2.538095890171142344e+00
2.448313652370210036e+00
2.870480976016731134e+00
2.114766521154093581e+00
2.501159945787941652e+00
2.166325493688269876e+00
2.615679148633406115e+00
2.257324615414516344e+00
2.400198359788432878e+00
2.759528072138266452e+00
2.721417699926639067e+00
2.418107299093434026e+00
2.570720745732307577e+00
2.417583998697624637e+00
2.816058442100853654e+00
2.499336834202936064e+00
2.292930336724245954e+00
2.639154760897362895e+00
2.778154120630709212e+00
2.500862165654671898e+00
2.308601747606046750e+00
2.572331486304496373e+00
2.485880492520785356e+00
2.420095907216905928e+00
2.221000167209567167e+00
2.609031919499764651e+00
2.526481986750355624e+00
2.582409033747852689e+00
2.472985882252700218e+00
2.175527289719505042e+00
2.445985426481740888e+00
2.603012463342702976e+00
2.158740536899896867e+00
2.743028222308147690e+00
2.582103187314097603e+00
2.191316767962633527e+00
2.431640557822373871e+00
2.592712159282346107e+00
2.674803237167127090e+00
2.463522431457395800e+00
3.025961178627751380e+00
2.293982036340176833e+00
2.656649002431265227e+00
2.599336385191161281e+00
2.459062725774568747e+00
2.784112706406893345e+00
2.564215443032595854e+00
2.162412526402250457e+00
2.783416287907400033e+00
2.545279638770798769e+00
2.856271890889654497e+00
2.505661799753595709e+00
2.149191982167730774e+00
2.870007545201995303e+00
2.437208304401107029e+00
2.543624951449034999e+00
1.983442058613302361e+00
2.326373562810998052e+00
2.371234938505730305e+00
2.482126083367008906e+00
2.691726424895259928e+00
2.309533753331555417e+00
2.332261585021939254e+00
2.168240272293860293e+00
2.759898767992003066e+00
2.746429460624532748e+00
2.584243497270389600e+00
2.150190255021188435e+00
2.296772756001082438e+00
2.985951439245678962e+00
2.801639186939168802e+00
2.612961314859904238e+00
2.608926716555559189e+00
2.202992892292835236e+00
2.076316218493655441e+00
2.413925011535173137e+00
2.910264859241566526e+00
2.475673776016426686e+00
2.302534195048173693e+00
2.449019972368064124e+00
2.310009089534603266e+00
2.552381559646487830e+00
2.387600727321047778e+00
2.458068802835523314e+00
2.608698928255945404e+00
1.974407656648973886e+00
2.583074277158061705e+00
2.790181702474099357e+00
2.624040877428866381e+00
2.897772933498124814e+00
2.478339552810245205e+00
2.341167854032227602e+00
2.184880205794039743e+00
2.594808522635034365e+00
2.314354138639714620e+00
2.400472669721430918e+00
2.767983515504047975e+00
2.871423249260239619e+00
2.315310054416706009e+00
2.259236441626627290e+00
2.623772997115335404e+00
2.525466427148862270e+00
2.443579774648610314e+00
2.931382151029128913e+00
2.664520037373315553e+00
2.435944884127747567e+00
2.498406972041788521e+00
2.697665521754670781e+00
2.419676479003650460e+00
2.656597389707597845e+00
2.579948514419951877e+00
2.613059233693308947e+00
1.775870768838167857e+00
2.635778450024285569e+00
2.615108056504996004e+00
2.420409450413979702e+00
2.416429281658272199e+00
2.239429200365244288e+00
2.591526207714266228e+00
2.195142590846125508e+00
2.374595590348898888e+00
2.861454391801901309e+00
2.651745778034761969e+00
2.504499848845263443e+00
2.675996553701959435e+00
2.513800548822644032e+00
2.756071230025592289e+00
2.373234618765081017e+00
2.348618338136716943e+00
2.537161289995633950e+00
2.756747990398153991e+00
2.604929207322472351e+00
2.194153648068565943e+00
2.627911868668570072e+00
2.520334966389529363e+00
2.843117429428797305e+00
2.873823451040770749e+00
2.356136627254747928e+00
2.308140761870999924e+00
2.665319991739345085e+00
1.986081008898258116e+00
2.018743595210673369e+00
2.315980972586514142e+00
2.773340938473026984e+00
2.352762027855077598e+00
2.306254799584849025e+00
2.589050355476044007e+00
2.215507405235368488e+00
2.461766849714561722e+00
2.604269530144629474e+00
3.009867772119207086e+00
2.579492575260490472e+00
2.477852719646272295e+00
2.689874792563577088e+00
2.660424154338277170e+00
2.700303674547080313e+00
2.609916917136088088e+00
2.348197769732846663e+00
2.580984005386253610e+00
2.416738968370132579e+00
2.516939496363713946e+00
2.703181984631389145e+00
2.520524327709966705e+00
2.549673151022742168e+00
2.411676719361900645e+00
2.654844978577219017e+00
2.761926312872922562e+00
2.279411027869250539e+00
1.944859755598831619e+00
2.508197720418970267e+00
2.607056223286068786e+00
2.259194980991799717e+00
2.528660911015599755e+00
2.828223346656873360e+00
2.692799295720735397e+00
2.529840922844441842e+00
2.477872842308118440e+00
2.186453183283746160e+00
2.371273987055213084e+00
2.542740986952150006e+00
2.529272315362511403e+00
2.024297049429645057e+00
2.621302860349228325e+00
1.950107856055099065e+00
2.807994448252356001e+00
2.549829770633819770e+00
2.554564267201711480e+00
2.515379909237164036e+00
2.705186389086396304e+00
2.007549799779085209e+00
2.587442395651244453e+00
2.333234365434990298e+00
2.250989877446191834e+00
2.751605326664306350e+00
2.359486580642387477e+00
2.483836057907829797e+00
2.951528738615484482e+00
2.721268608440280623e+00
2.690078439078547046e+00
2.294235234072188323e+00
2.496767346455963654e+00
2.348188074007263815e+00
2.608175827744963371e+00
2.829291990146991953e+00
2.057754585414479198e+00
2.822829008930594963e+00
2.476785646033706989e+00
2.427979358280644817e+00
2.471771168025499232e+00
2.315196987388789207e+00
2.368339517818514040e+00
2.122360563424003921e+00
2.847535516603329597e+00
2.409141681426484549e+00
2.537732135101526065e+00
2.926257674289556299e+00
2.251991039197943412e+00
2.418826575503289611e+00
2.814788785490702328e+00
2.547283371209069003e+00
1.943761749050712861e+00
2.534474021018837675e+00
3.001211625605801903e+00
2.750426797519156530e+00
2.671554051366503479e+00
2.468277008281040352e+00
2.499907670336817489e+00
2.333746013741546221e+00
1.990292994484892164e+00
2.354578722161865034e+00
2.419331375909329118e+00
2.482329603893501879e+00
2.363529661283008565e+00
2.500434754178230357e+00
2.301184440347676663e+00
2.936039638163195686e+00
2.730280386070285115e+00
2.197523399497262719e+00
2.669978776753249683e+00
2.265138458024519075e+00
2.484648040962950777e+00
2.355908937042294315e+00
2.659013568610654854e+00
2.661732655754267096e+00
2.661105035206258851e+00
2.856399846767982975e+00
2.442240162558200645e+00
2.430397394440844572e+00
2.899647536045134810e+00
2.502658492971912896e+00
2.818508765783237724e+00
2.612768937069637420e+00
2.395010479556576755e+00
2.452068424063282404e+00
2.357265116636585667e+00
2.215564266565060336e+00
2.211152675126403011e+00
2.119762424341427476e+00
2.515961977928685478e+00
2.476813092850215448e+00
2.898883840443152504e+00
2.152150082893234284e+00
2.854737085378538097e+00
2.213839413912355614e+00
1.975574516759577293e+00
2.548738313370257913e+00
2.688827453917705945e+00
2.307555891286700245e+00
2.823871554689181718e+00
2.923555720162841265e+00
2.504973705349716528e+00
2.609499001267907126e+00
2.222924545692197551e+00
2.452775104472062928e+00
1.997998018800712927e+00
2.352272323153261624e+00
2.678020769535992773e+00
2.733852491202240831e+00
2.128100831170499418e+00
2.442779126188271199e+00
2.040304075040094922e+00
2.099963919975648352e+00
2.556946575067879479e+00
2.696127497419315233e+00
2.605250777744100965e+00
2.628868505785078025e+00
2.696705336893598925e+00
2.333168442933934550e+00
2.810335114771841614e+00
1.887673663077799047e+00
2.675102349408859048e+00
2.127413036744746577e+00
2.370722335144172632e+00
2.136678560990509013e+00
2.131939769141978136e+00
2.600606280352712574e+00
2.813667799016676518e+00
2.892917754147932730e+00
2.795729821403700299e+00
2.699340110085492128e+00
2.665838558883965703e+00
2.043042452834085587e+00
2.770837719889147621e+00
2.807388830883486897e+00
2.760615656299221676e+00
2.215794279197459637e+00
2.796278255554156988e+00
2.747795396897316778e+00
2.292031207649883662e+00
2.591173587104832698e+00
2.254252177743095942e+00
2.554989220725231824e+00
1.950739098703830221e+00
2.560467711662895329e+00
2.689140208863173065e+00
2.744912286123234235e+00
2.153863223615422484e+00
2.546697661372506083e+00
2.381286079227442176e+00
2.814812438636724146e+00
2.502532905640141969e+00
2.292699597259543420e+00
2.090149733541986077e+00
2.842016227765115310e+00
2.115587799986143214e+00
2.531595232569180176e+00
1.988241215715118138e+00
2.652923317463091735e+00
2.795394139005839218e+00
2.107052084841978257e+00
2.404073238722403527e+00
2.574241692362690070e+00
2.516736027440113155e+00
2.317949969844291136e+00
2.349957938045207584e+00
2.520702292935967037e+00
2.236121766003146050e+00
2.578457420785718934e+00
2.354740220057351507e+00
2.139151161980548999e+00
2.393426778530884924e+00
2.244883525013569248e+00
2.820836479335904201e+00
2.900822628028525862e+00
2.364511770684361469e+00
2.637298290166279813e+00
2.399243161437183414e+00
2.373439853864384386e+00
2.884098278473398835e+00
1.967515770952187326e+00
2.398502453148185332e+00
2.259688123673192273e+00
2.671423725007787020e+00
2.350000952505009622e+00
2.744765752013730076e+00
2.590106369567550804e+00
2.357191269305485282e+00
2.460703629115538860e+00
2.336415012178265638e+00
2.833095952581973886e+00
2.839041784273960811e+00
2.490164806362694883e+00
2.285775664650499195e+00
2.265367775116163163e+00
2.511177758036511776e+00
2.700855306585865812e+00
2.545118440864972076e+00
2.644720019800681499e+00
2.649977444000856774e+00
2.153015049036481443e+00
2.474059087301535342e+00
2.740711156120688941e+00
2.395124923468600286e+00
2.710189880426180586e+00
2.830219286163102588e+00
2.118018460237458989e+00
2.391625569158717379e+00
2.644407459452405185e+00
2.368548764671510209e+00
2.671543052893635473e+00
2.968115330370176608e+00
2.750388841148447394e+00
2.227548182418713552e+00
2.582851437861696908e+00
2.462490220811698105e+00
2.112033754786799555e+00
3.016899556333735521e+00
2.359145290071485768e+00
2.254826220662029979e+00
2.259642615698220780e+00
2.513175945043582438e+00
2.235994569554220934e+00
2.594291220380949614e+00
1.873774126435053811e+00
2.107887079752949866e+00
2.542114639639877272e+00
2.659460775646281139e+00
2.032486430540592082e+00
2.900057136037704542e+00
2.973291924444370071e+00
2.637956326175761479e+00
2.054899619189423099e+00
2.625291445922633304e+00
2.779607290223223615e+00
2.632336805591527273e+00
2.673730332451828673e+00
2.640878251699960710e+00
2.224947427325942861e+00
2.694990666301284588e+00
3.030792767856926861e+00
2.617800518814078714e+00
2.277734563806970591e+00
1.839967653688132421e+00
2.346533121819157408e+00
2.528729787843658539e+00
2.103898303913063650e+00
2.529286508971721581e+00
2.476006113172345646e+00
2.220302012838228478e+00
2.026075785219964676e+00
2.690789349124616425e+00
2.535948077681566382e+00
2.510851555745419184e+00
2.212246258865048887e+00
2.360500874498105972e+00
2.749181922093129948e+00
2.234794920395146711e+00
2.821900476306489658e+00
2.198844450401951978e+00
2.159800404403114271e+00
2.690782639996554870e+00
2.152203694382170518e+00
2.747182052643836414e+00
2.191705688354451897e+00
2.555640904664446822e+00
2.485246077240747198e+00
2.596959183158018991e+00
2.466284571924105329e+00
2.310648598461500836e+00
2.349301174553410476e+00
2.239105166876120823e+00
2.370689586193517329e+00
2.518008514482949156e+00
2.313030590557715094e+00
2.533830943694249882e+00
2.488252070573687469e+00
2.793351350633858754e+00
2.057030873066156840e+00
2.159263565576062582e+00
2.357759782156017891e+00
2.919768716148628318e+00
2.588745178873141928e+00
2.667546337054750971e+00
2.775794854440319259e+00
2.449793480068719997e+00
2.828930653391526828e+00
2.190521187902401579e+00
2.385236388595259882e+00
2.558064546165570885e+00
2.396845755548279389e+00
2.156552871890306200e+00
2.465321719755323215e+00
2.401379126562184219e+00
2.585451305296116331e+00
2.198420904026113121e+00
2.178904617112164210e+00
2.967803964912216763e+00
2.700176160109914569e+00
2.691104780382099548e+00
2.243618083880769554e+00
2.212955809448510003e+00
2.655235287002715605e+00
2.645757513876195066e+00
2.638319865639198181e+00
2.156124544326627035e+00
2.616196796450804829e+00
2.317714023001869350e+00
2.422651135143479628e+00
2.550004310137546693e+00
2.202400987375994212e+00
2.095409282640446236e+00
2.617787420369825035e+00
2.730250367339039475e+00
2.748778178189252852e+00
2.533075223656674702e+00
2.871396938567885471e+00
2.680233321512523581e+00
2.692796007177873818e+00
2.034327544991069381e+00
2.211231505280325749e+00
2.567740586363457034e+00
2.004206597223302300e+00
2.292715999348662770e+00
2.743689987824954990e+00
2.290307462148388762e+00
2.407466043632386921e+00
2.821355021187199164e+00
2.716509254032564158e+00
2.761475810425090049e+00
2.465747814668358906e+00
2.472966886358062055e+00
2.433350711528223798e+00
2.166037581146484037e+00
2.667911073308789849e+00
2.950405279687918547e+00
2.072342050774734101e+00
2.723403750006089030e+00
2.458449990923538664e+00
2.773798284753480559e+00
2.266318141089596949e+00
2.823674122760599481e+00
2.670889787039192331e+00
2.744586544638726977e+00
2.620079362393329614e+00
2.605448686700478245e+00
2.513699585517611634e+00
2.243750231183077037e+00
2.666084075088515526e+00
2.733056411321877821e+00
2.310866287774595573e+00
2.617929541419105277e+00
2.383511137753127063e+00
2.363761020096138310e+00
2.139508937591071636e+00
2.530386771011902791e+00
2.173926777470697402e+00
2.922428806785993594e+00
2.384158778178472549e+00
2.082057465787305439e+00
2.240800892261517685e+00
2.209127684152713655e+00
2.563541885596078096e+00
2.128018654044367963e+00
2.301590569800110231e+00
2.662389199431494990e+00
2.521559007506626759e+00
2.401653160900945494e+00
2.695461213820617541e+00
2.683016422875506457e+00
2.585550432773006335e+00
2.612544525161510034e+00
2.509898787410465459e+00
2.934790990610960826e+00
2.499603838650151566e+00
2.487560085032606505e+00
2.327287673083558328e+00
2.556999386835301813e+00
2.715862603210173809e+00
2.486255100993532530e+00
2.433107412447611750e+00
2.520838427452733566e+00
2.719573502299184042e+00
2.642212495102219894e+00
2.656711320295364054e+00
2.353322415915917620e+00
2.456663698136859253e+00
2.240684343194157435e+00
2.197501123703452741e+00
2.244598261121729443e+00
2.508730921361011834e+00
2.933270100897310773e+00
2.375394056927388142e+00
2.629831932077856038e+00
2.242230031460418882e+00
2.310562763945710252e+00
2.813354892174551480e+00
2.665814274574741294e+00
2.142724953148353428e+00
2.187643010122342968e+00
2.545830703757419933e+00
2.781305882938774232e+00
2.189526454931603361e+00
2.870001073121438484e+00
2.701232919831606960e+00
2.805901127057412570e+00
2.722471855918914940e+00
2.854748178646189238e+00
2.508911028889074135e+00
2.539029232123935387e+00
2.660917943718896339e+00
2.508913411009217498e+00
2.908685454745509436e+00
2.392537416314294951e+00
2.222985706964180963e+00
2.753651737691263257e+00
2.476387677863595371e+00
2.987489010286643154e+00
2.781279879412282163e+00
2.834742610116716133e+00
2.931489915224140486e+00
2.316173430756491847e+00
2.560632263167671230e+00
2.135970246805409367e+00
2.216880463385309863e+00
2.804207784297915396e+00
2.788381634794294239e+00
2.296427271902630629e+00
2.539893897021206381e+00
2.172453737310870991e+00
2.275211792232459285e+00
2.886522197474524098e+00
2.379429694959436681e+00
2.444345926516723111e+00
2.329124793218540823e+00
2.897353719594735644e+00
2.322309582694393804e+00
2.493722614207428023e+00
2.368870667991711532e+00
2.357764066138929415e+00
2.415017108530824075e+00
2.807372231637164095e+00
2.082220348141651023e+00
2.773234536269916894e+00
2.618919283333135173e+00
2.421530406468727303e+00
2.405451595950175658e+00
2.879105203640161648e+00
2.452122861121223352e+00
2.336698731560769016e+00
2.619481047595469292e+00
2.406370959316970204e+00
2.560257363313945156e+00
2.016170530404301608e+00
2.096767777059806548e+00
2.525357978630171640e+00
2.757399375516267792e+00
2.035176344445385865e+00
2.160850790675358013e+00
2.452719831458150423e+00
2.610387103831192768e+00
2.377283214549270163e+00
2.237348543295573755e+00
2.699780787633120127e+00
2.677827538137999230e+00
2.228624421678185197e+00
1.888101708905120413e+00
2.795725243746983946e+00
2.353311717601500597e+00
2.508822252102300254e+00
2.552929023213367454e+00
2.828296764995576584e+00
2.268090802206368828e+00
2.356645442883866792e+00
2.922138292305000107e+00
2.400504819749672780e+00
2.882663800120614184e+00
2.372727694536545862e+00
2.101313704285405759e+00
2.349357557272041319e+00
2.030699612490741934e+00
2.637886143823606311e+00
2.561185062375225030e+00
2.471130372968879385e+00
2.738893762812824484e+00
2.333212840739196547e+00
2.555380321198431837e+00
2.928288902732437027e+00
2.340608854940740002e+00
2.592729558553795499e+00
2.059805408801262949e+00
2.691487566873244308e+00
2.209012698026326493e+00
2.120322153729976122e+00
2.103779752292911809e+00
2.313296965570823982e+00
2.006382756961769598e+00
2.109233184489041957e+00
2.522225229825329151e+00
2.340721874188877116e+00
2.576062717539436164e+00
2.810181956227006950e+00
2.321806072529994935e+00
2.979786975862877441e+00
2.555468782887792223e+00
2.552911009044575685e+00
2.642768426153880856e+00
2.486720358587524160e+00
2.618998167585534276e+00
2.391710319564592790e+00
2.835092280196079173e+00
2.720298193223475103e+00
2.680914531207490459e+00
2.506399245475927628e+00
2.195774062633150336e+00
2.542235327706916959e+00
2.195094594516953546e+00
2.325539715192987966e+00
2.342985920238441100e+00
2.396669478488443250e+00
2.536482168990715991e+00
2.574892069065121802e+00
2.640775850652285150e+00
2.816797153162773348e+00
2.773969454207671603e+00
2.725972254112678073e+00
2.221812071426769286e+00
2.077822658668458722e+00
2.377300866489420628e+00
2.308766796147938116e+00
2.432513427642459369e+00
2.754859880167277453e+00
2.757085854725556118e+00
2.267939112656799150e+00
2.753000685875950815e+00
2.606735784145799872e+00
2.443223084920099986e+00
2.813388683007475244e+00
2.648213426504360868e+00
2.310073925623846947e+00
2.230268588243397243e+00
2.499756234908462549e+00
2.361916633082373096e+00
2.048699015189220596e+00
2.418759540267423347e+00
2.788923574606639644e+00
2.765792234726478505e+00
2.539507369908157397e+00
2.733635608764554803e+00
2.485547182173639236e+00
2.464810580726678246e+00
2.014137652116724908e+00
2.132919289329735513e+00
2.284449007001979393e+00
2.494286291771890429e+00
2.231707142637202157e+00
2.512229332226699974e+00
2.215783356469811505e+00
2.592575982465033402e+00
2.319390456365458153e+00
2.680072891318725503e+00
2.530325284139465669e+00
2.452130689299630184e+00
2.114910847376902492e+00
2.190267217946946676e+00
2.678886183969918733e+00
2.728591446579785362e+00
2.740995409161449459e+00
2.154706574054551460e+00
2.392297180955824665e+00
2.857682995361735312e+00
2.228345732970455462e+00
2.651323752932956079e+00
2.930608721706013942e+00
2.815370836644452535e+00
2.430805022547762206e+00
2.577819872027632186e+00
2.167903606227929991e+00
2.348642797696395945e+00
2.868609282210988098e+00
2.288406674661503271e+00
2.434249476184286554e+00
1.978505896904878769e+00
2.596102245544447573e+00
2.333422077563321650e+00
2.643755052058588184e+00
2.557633525212575698e+00
2.234344691116747050e+00
2.481185007089735439e+00
2.530966095084862033e+00
2.739522278143172063e+00
2.411346993757458090e+00
2.430058228711682755e+00
2.237484228385615115e+00
1.933825484967329977e+00
2.379667012520582325e+00
2.662052734964415635e+00
2.610613489451277580e+00
2.403413743193252294e+00
1.912989004855087716e+00
2.277097744857302430e+00
2.425861967428966537e+00
2.280791966901776657e+00
2.778817791198676446e+00
2.543485690295071766e+00
2.582072268544175042e+00
2.402095085778011452e+00
2.337544244333082499e+00
2.345454348401072142e+00
2.756872639420221649e+00
2.683007363751843677e+00
2.875930043381713652e+00
2.468014932558428409e+00
2.559118526500443913e+00
2.212307319063056887e+00
2.270460029001792890e+00
2.309234431144235877e+00
2.224864940513250122e+00
2.487487960785252028e+00
2.414918712249975563e+00
2.783249299759110951e+00
2.504898964239357984e+00
2.018956379200977924e+00
2.593109896827467065e+00
2.468285492046028651e+00
2.672891529498692798e+00
2.409184956433799041e+00
2.851496549240321698e+00
2.956438104670523259e+00
2.653054094564947896e+00
2.170117497592656708e+00
2.758736080098589838e+00
2.465626280302458007e+00
2.532547726857543147e+00
2.211458088159594659e+00
2.473916684123371290e+00
2.666146292128953377e+00
2.460032615418040969e+00
2.632699910055677162e+00
2.670443363466904252e+00
2.510470301888996225e+00
2.523763943765049866e+00
1.910724903826751087e+00
2.529766276766562960e+00
2.297598053099927373e+00
2.091230255639006330e+00
2.701457949709265449e+00
2.910205892344963186e+00
2.528749036354674740e+00
2.164440087726659634e+00
2.211377989918941633e+00
2.704362672596976047e+00
2.214152960343173326e+00
2.855844675141536282e+00
2.672267822845099783e+00
2.338708018182529713e+00
2.706204181800003550e+00
2.499058321214422840e+00
2.056520690448262467e+00
2.462641943361243868e+00
2.130814065432645066e+00
2.148124774233164835e+00
2.643501430747259295e+00
2.170778091808115207e+00
2.386304060897994184e+00
2.099870915464694399e+00
2.090040437915335225e+00
2.854486481847893220e+00
2.851715399401747675e+00
2.514453057782206180e+00
2.663437751084487104e+00
2.477005759835806398e+00
2.442708060407937865e+00
2.257666396937340281e+00
2.300229288536399963e+00
2.253132554440870461e+00
2.444762329989616401e+00
2.495577409132182733e+00
2.521945275897848671e+00
2.691776253648955120e+00
2.421748523350657489e+00
2.651998063989056131e+00
2.557657547273969989e+00
2.660771563373630411e+00
2.384714194834864021e+00
2.257394867293077034e+00
2.326677722016166960e+00
2.581689724334659708e+00
2.388805708965859864e+00
2.257071374083892579e+00
2.602382405718296710e+00
2.651440398503801088e+00
2.807346157320958824e+00
2.415418629554266783e+00
2.213147306063234065e+00
2.489888962778254111e+00
2.478319846085188072e+00
2.245879675403339437e+00
2.043979255028998132e+00
2.563646025256928862e+00
2.464513881630969738e+00
2.547911779050187508e+00
2.670545277447345267e+00
2.648343407209883704e+00
2.118995372458254423e+00
2.601805221898292331e+00
2.525255643132805261e+00
2.234490488915243045e+00
2.368367644150391804e+00
2.492317927115352383e+00
2.879738070007594075e+00
2.591814862806252950e+00
2.469634039533330494e+00
1.957990487889490483e+00
2.479738389537901710e+00
2.769116635179135422e+00
2.664777667428399610e+00
2.696279453779440782e+00
2.326016769540031781e+00
2.570624508577159517e+00
2.840243385051313130e+00
2.281695353763928402e+00
2.187345768965865744e+00
2.627348333439351258e+00
2.767455679579390093e+00
2.394550719366391967e+00
2.643304618817008844e+00
2.590935740658354192e+00
2.644328372091412582e+00
2.693896914858493030e+00
2.629002397608910524e+00
2.519132108158333327e+00
2.542871664630127260e+00
2.839634313783232056e+00
2.537729889906306990e+00
2.406431104790648146e+00
2.112443271703289938e+00
2.651784422592980306e+00
1.966439513755380952e+00
2.465618852851309661e+00
2.527425008337021772e+00
2.126955918266287604e+00
2.764635987366821812e+00
2.569986158454889313e+00
2.100228287203789179e+00
2.988219544819201268e+00
2.735711770422298184e+00
2.604160205695375652e+00
2.683706902378878656e+00
2.473256129387333857e+00
2.815612185533348466e+00
2.526611614262925354e+00
2.619186663567719897e+00
2.737942616083405056e+00
2.425392769139248283e+00
2.338592584859275014e+00
2.224720929783250423e+00
2.047311839802168798e+00
2.421248592729229543e+00
2.302273167266888354e+00
2.797162201330595899e+00
2.555581780256765079e+00
2.865703704996372725e+00
2.362626114824812440e+00
2.516604365755819028e+00
2.820916984786104198e+00
2.222203995419636868e+00
1.993228070721791090e+00
2.914366425930208671e+00
2.497507522411941405e+00
2.573079916603967732e+00
2.630483594576170869e+00
2.745665175319419671e+00
2.476199094597226757e+00
2.418130304677275522e+00
2.259059313571853522e+00
2.900488932811159604e+00
2.616271282728517722e+00
2.646459007255418161e+00
2.552378859813630996e+00
3.078773733266408907e+00
2.664502410862201298e+00
2.248721721572581433e+00
2.826911259843122082e+00
2.325347517034742850e+00
2.749645093992172828e+00
2.858017179198578006e+00
2.322955452650862451e+00
2.624025997465736726e+00
2.544478642848488015e+00
2.292118513510948752e+00
2.506083515775404003e+00
2.922284737766048579e+00
2.560100301204171203e+00
2.369888000234723346e+00
2.852267812555832283e+00
2.575916456327370874e+00
3.039151148105224465e+00
2.785268959745333284e+00
2.655784637358042488e+00
2.447867464337025734e+00
2.422337729613374346e+00
2.916212428664729295e+00
2.592063910720955544e+00
2.264357589663586801e+00
2.286189521511140743e+00
2.576746027315075072e+00
2.057444547803596535e+00
2.858268076805499991e+00
2.441256622762121964e+00
2.615306192766484017e+00
2.699781701322605976e+00
2.677235076561430560e+00
2.520069673624803830e+00
2.284979038331221624e+00
2.204400025002827945e+00
2.802770583920330072e+00
2.712155447963450872e+00
2.032464422641385937e+00
2.537255895395897021e+00
2.332936263198368110e+00
2.050733550504253433e+00
2.339540113973693547e+00
1.873938735073643835e+00
2.044778065860588967e+00
2.444556155332251457e+00
2.546922025023629743e+00
2.646233108360218633e+00
2.228536268262291564e+00
2.860984827729036173e+00
2.047971846164132081e+00
2.353474996081046378e+00
2.829117948872986066e+00
2.464716436569647673e+00
2.219436199830508549e+00
2.816483796507150750e+00
2.743156806443912021e+00
2.662516682529337597e+00
2.676497627199637908e+00
2.812655668408732712e+00
2.667217195986333778e+00
2.285229931911188395e+00
2.013766234215343509e+00
2.591184997721354577e+00
2.571004672186938844e+00
2.672858676887120755e+00
2.879627604641894489e+00
2.305498390299125955e+00
2.537890500962604268e+00
2.167534499360080247e+00
2.196799679391739701e+00
2.530834771643140968e+00
2.673447636339084443e+00
2.291763007406741437e+00
2.920118277494536674e+00
2.442508352113305747e+00
2.907912276449307942e+00
2.565590934876156304e+00
2.625131331687604153e+00
2.878744632186612584e+00
2.177605559600793494e+00
2.415380418313962441e+00
2.373821556258000065e+00
2.616358165016543502e+00
2.221332152011822991e+00
2.320658160225370636e+00
2.494244354460199098e+00
2.199448827424240971e+00
2.388443479347719389e+00
2.157283257083169925e+00
2.504502275315450888e+00
2.417240430336317747e+00
2.599985701398818794e+00
2.409751244272134496e+00
2.727491448494688164e+00
2.593172997184982176e+00
2.851623449397743038e+00
2.242298085144788455e+00
2.561590936687033082e+00
1.911875939246246103e+00
2.363315439219638492e+00
2.739988343085148159e+00
2.124809097207563724e+00
2.975411224795772913e+00
2.628245202776466893e+00
2.539854838039346863e+00
1.876682075160854613e+00
2.697997866959008562e+00
2.437895970622531827e+00
2.555407841987521689e+00
2.341061490434487524e+00
2.393827154584591721e+00
2.713499996501389067e+00
1.977190134319316561e+00
2.384085747595257487e+00
2.863313075273706598e+00
2.851837713234991245e+00
2.612767444318408128e+00
2.351083085138310658e+00
2.170948895164395154e+00
2.204620617878884303e+00
2.778255076127409851e+00
2.664534266801180440e+00
2.730926119646568839e+00
2.625475581805592817e+00
2.515795501458777395e+00
1.885584210489747115e+00
2.817841446844978393e+00
2.465020620695032694e+00
2.861389157279828677e+00
2.313503316927940201e+00
2.086251973486814570e+00
2.483091933016050579e+00
2.598503744189254228e+00
2.544937265440246232e+00
2.634050101361172569e+00
2.367672642548244610e+00
2.233604211778365212e+00
2.734405786748223655e+00
2.705282082650198205e+00
2.689980761603504522e+00
2.819983354750247528e+00
2.549488742328842594e+00
2.760800547949768813e+00
2.786776733824620322e+00
1.834632765063683113e+00
2.622881776661963649e+00
2.413477125996839057e+00
2.512281734072661088e+00
2.495841490663932571e+00
2.209196058379469640e+00
2.596531880168322370e+00
2.523433497244860213e+00
2.349551738874829709e+00
2.682960973402572780e+00
2.484065801991703903e+00
2.236574804352879475e+00
2.391792331120379700e+00
1.996755999802487747e+00
2.600242734744728779e+00
2.344028132421125399e+00
2.301466245062409932e+00
2.516524819391086076e+00
2.611940453648396332e+00
2.321729837211922387e+00
2.640995088906882504e+00
2.690871484185915374e+00
2.102679271329840560e+00
2.147674024492721490e+00
2.525978086872129325e+00
1.809560464451889672e+00
2.205655002419636190e+00
2.720153956788155636e+00
2.367481855460721096e+00
2.810783350205948050e+00
2.814188605879667460e+00
2.058419057520779472e+00
2.415869538162056962e+00
2.309030166553605046e+00
2.520290382720798750e+00
2.619007548619207704e+00
2.583700693102694679e+00
2.679709734941228216e+00
2.050756093670733193e+00
2.251942790598077337e+00
2.741545179535320287e+00
2.749123085389903576e+00
2.601525179109557495e+00
2.307142265301863393e+00
2.223620958022444860e+00
2.409641230614912644e+00
2.449074577270616615e+00
2.635556629062550726e+00
2.466088963148259872e+00
2.511928801617696827e+00
2.701011307660730054e+00
2.416477310699015391e+00
2.493229459748638632e+00
2.709704184588993758e+00
2.200018339511789378e+00
2.490795384816766767e+00
2.901606270156169565e+00
2.774706622859914429e+00
2.331900844564680941e+00
2.355754433250968560e+00
2.655716528428819778e+00
1.809549874007467141e+00
2.016134118988160751e+00
2.682645757194788594e+00
2.546710237171127211e+00
2.798901907086671415e+00
2.385318489468385206e+00
2.054173493140090123e+00
2.464669967363067649e+00
2.599473800571379112e+00
2.352183949508055871e+00
2.172081357994646744e+00
2.301511671192432384e+00
2.990001122408246559e+00
2.771866844702274957e+00
2.518322284933109945e+00
2.602145321610262130e+00
2.569675992893098559e+00
2.115103779845613374e+00
2.378332196073275284e+00
2.161472171955343136e+00
2.474120888325575862e+00
2.118328702321041312e+00
2.873011937606508859e+00
2.650374850920035996e+00
2.621795225676375463e+00
2.665829862756344149e+00
2.426003707821115185e+00
2.961855951547095689e+00
2.511977994397307512e+00
2.598789975136296615e+00
2.744901297822178510e+00
2.491878507401616538e+00
2.582191554425022240e+00
2.521433033292766801e+00
2.283851818836401648e+00
2.336262190156338292e+00
2.354939873867293976e+00
2.236158804433506564e+00
2.719334196213727406e+00
2.388182104430145891e+00
2.290140639440145343e+00
2.448744809194977723e+00
2.326602243307641871e+00
2.373672208263578831e+00
2.541436679400939536e+00
2.571123876994257262e+00
2.226541134137314693e+00
2.383213336161916107e+00
2.372075059719252366e+00
2.012290724040592060e+00
3.011160805012712327e+00
2.117269357797084695e+00
2.175714991834030609e+00
2.952380534518459942e+00
2.661439001581615393e+00
2.285197779595718348e+00
2.614422739019519160e+00
2.319531735820626661e+00
2.388702281705134656e+00
2.216065745207871363e+00
2.430176275514606132e+00
2.256949312903101301e+00
2.522578505855282316e+00
2.511743529942390474e+00
2.545814321470172281e+00
2.685141570607789685e+00
2.205391610867181384e+00
2.722302602241786218e+00
2.661386409540506648e+00
2.524307342981509716e+00
2.773857964274239585e+00
2.265372480420746903e+00
2.854252607387848695e+00
2.884606060964967966e+00
2.621175366436303555e+00
2.575076204290031257e+00
2.460139041507824587e+00
2.459734152799395446e+00
2.818829882208579107e+00
2.129916496100119794e+00
2.787151806821744238e+00
2.426662052812129211e+00
2.387888960420526452e+00
2.691476885576594480e+00
2.527482420703599075e+00
2.593985557589683744e+00
2.739071347828752945e+00
2.177611567331177334e+00
1.829863915209799963e+00
2.747201854904723461e+00
2.688239718555408775e+00
2.148424322540276599e+00
2.274192339394068618e+00
2.474747439206487876e+00
2.494921808442806199e+00
2.804958529790337884e+00
2.300416850951254588e+00
2.467062991310024600e+00
2.138044559857322113e+00
2.679779394292838290e+00
2.857415081868985407e+00
2.713019368725069214e+00
2.596251938965755457e+00
2.646198556060348928e+00
2.951521884339040724e+00
2.994142862745759803e+00
2.722958875001924461e+00
2.716634585674043034e+00
2.693092619566408441e+00
1.796997995551957716e+00
2.537821293068157402e+00
2.478986478124869830e+00
2.892334743267148678e+00
2.230295661414515074e+00
2.388485720832992154e+00
2.756431932036962351e+00
2.743441805683413559e+00
2.416385761074564709e+00
2.704702507388006882e+00
2.505039977735151080e+00
2.349077471972169651e+00
2.415710572932480371e+00
2.162486653162044359e+00
2.859790917309248393e+00
2.773284933018466791e+00
2.454000519958780657e+00
2.797890493903849141e+00
2.201866084637706500e+00
2.324550582689847378e+00
2.691853925213320231e+00
2.624352924970368317e+00
2.578908441457404166e+00
2.878315198754979765e+00
2.684148971402435357e+00
2.624312903628436722e+00
2.035516633968111222e+00
2.398892358741018249e+00
2.347041959959224933e+00
2.362914439954652224e+00
2.735043306700863930e+00
2.746698963065588028e+00
2.069141359210995290e+00
2.651565173524175645e+00
2.252727200075779201e+00
2.466428823216709088e+00
2.946260858846393216e+00
2.258129602185289020e+00
2.924308539716348854e+00
2.544044172577772489e+00
2.905534941963332063e+00
2.708948470543077747e+00
2.061057208378501038e+00
2.314617095713345396e+00
2.498445052655511756e+00
2.388010411651817044e+00
2.769478574393966497e+00
2.775642568650948494e+00
2.767169807210626331e+00
2.615967500617507380e+00
2.396355730827193664e+00
2.557716854836872500e+00
2.036243035688681147e+00
2.468299968849807957e+00
2.571265865076996615e+00
2.779755360138674192e+00
2.621283299376773179e+00
2.541728702776706594e+00
2.822161288545601554e+00
2.179648193777033782e+00
2.438551123914693974e+00
2.250393669025110732e+00
2.690925041612529878e+00
2.705099235629654153e+00
2.381835153302887864e+00
2.119368153740910810e+00
2.686966477160717570e+00
2.695361772554179858e+00
2.544223427633167223e+00
2.429512911141239240e+00
2.297837653313461459e+00
2.101269510583556155e+00
2.415529552319160445e+00
2.692971939582363916e+00
2.875774925682923033e+00
2.502872957579139968e+00
2.189419240160877855e+00
2.480903916326770986e+00
2.905721639868641404e+00
2.292126006402645633e+00
2.509266246893369967e+00
2.385572147349570571e+00
2.409323455795565394e+00
2.711899773902176847e+00
2.888880970559983830e+00
2.603484529623256272e+00
2.633718661661143656e+00
2.159893874699078342e+00
2.683290295117884749e+00
2.734424272066263040e+00
2.678283717586070090e+00
2.456803437496992260e+00
2.745994599678456716e+00
2.203685991622483353e+00
2.413570968411562490e+00
2.403540100325623374e+00
2.071351008149375339e+00
2.347265965148810807e+00
2.719494189431745479e+00
2.853461537659534031e+00
2.080740628728500852e+00
2.555908726146936427e+00
2.582214979650896858e+00
2.672137280910391599e+00
2.601045640762168265e+00
2.314522161423003599e+00
2.438081647211415515e+00
2.013173278674186495e+00
2.695019068904874082e+00
2.480765436878326291e+00
2.482961452808657210e+00
2.463246981832751370e+00
2.859551503322744104e+00
2.853009795581606056e+00
1.957744831872578528e+00
2.689057072693751493e+00
2.399020783689612024e+00
2.861007331573396595e+00
2.583134392337869123e+00
2.500060500603767721e+00
2.461013869696683010e+00
2.514814034525951758e+00
2.493742314762466883e+00
2.776457728952758774e+00
2.679978598304292969e+00
2.354050181708713829e+00
2.598490408196438839e+00
2.661800455008306088e+00
2.925806589434447158e+00
2.719090419346581022e+00
2.338527871913509415e+00
2.531990313172875595e+00
2.188807416729158017e+00
2.778837000113122624e+00
2.458237131772648354e+00
2.814403637730622076e+00
2.800059049599759931e+00
2.791748053574293564e+00
2.730622268604001590e+00
2.340695012896449878e+00
2.441754107742147628e+00
2.276522890071680738e+00
2.409454311110119207e+00
2.984349963208599910e+00
2.622118309464611663e+00
2.676034025989683762e+00
2.120467785803330063e+00
2.640310716948270020e+00
2.624809241365781531e+00
2.519270122963325864e+00
2.598106907140443234e+00
2.289765189703701243e+00
2.393995734426801913e+00
2.722836048923404917e+00
2.003250675576943696e+00
2.506233541420900934e+00
2.758973817731818823e+00
2.643934968871712421e+00
2.702261985772259401e+00
2.693808765692962570e+00
2.645684764626472063e+00
2.954025579570898952e+00
1.845669541853975248e+00
2.994171723604282853e+00
2.821300677317385652e+00
2.094609891761593623e+00
2.600558873459054343e+00
2.257319287464853108e+00
2.114385579962381190e+00
2.393012911178135749e+00
2.565094762406034956e+00
2.902974946237254272e+00
2.198350048123685063e+00
2.659797008826568998e+00
2.919520184750633796e+00
2.646771331672118865e+00
2.404956305925112670e+00
2.181009702130777050e+00
2.231920314225956936e+00
2.691301979728502047e+00
2.704380148283554774e+00
2.581000841910559007e+00
2.494610330270179421e+00
2.754910923046753446e+00
2.697830832617064800e+00
2.424136295603511293e+00
2.750089479269630210e+00
2.816727518345031545e+00
2.564805348269966867e+00
2.006175198912107493e+00
2.478160605259256410e+00
2.587389501264147018e+00
2.489440783583604322e+00
2.723083947141722305e+00
2.370277588982567796e+00
2.356239381204924932e+00
1.849902645669610379e+00
2.257894582838336106e+00
2.674232205717978150e+00
2.568850787841594929e+00
2.486247544814341737e+00
2.437354351312743805e+00
1.981102425357585295e+00
2.836638886124845715e+00
2.712294800830903796e+00
2.635776842647794993e+00
2.259171599125941565e+00
2.391859131607479316e+00
2.749600848489774041e+00
2.545499490113235730e+00
2.485765726383911911e+00
2.791481746077865367e+00
2.421629725170198810e+00
2.653926823673425694e+00
2.172176365623144534e+00
2.772229492496875558e+00
2.765008503807767415e+00
2.402830781683380046e+00
2.454020358245990963e+00
2.976669426991952694e+00
2.369216965070513936e+00
2.237183429320920069e+00
2.477504911292221834e+00
2.175851649093672791e+00
1.989638750289364211e+00
1.652451367461260201e+00
2.577523616192432421e+00
1.785922838554861336e+00
2.666442932177607528e+00
2.949791436153242685e+00
2.362794672502891657e+00
2.135927429340890971e+00
2.137872663933061190e+00
1.966308286308461994e+00
2.286499382678497394e+00
2.482033660208096570e+00
2.398459455629688097e+00
2.412734449003694159e+00
2.594814652619017004e+00
2.703193941986189675e+00
2.710311365409995510e+00
2.900725732183106143e+00
2.434944090432670460e+00
2.638739507967638787e+00
2.606721779424201024e+00
2.449091268519455245e+00
2.523311755736119544e+00
2.173626726538012033e+00
2.285541504181513250e+00
2.269118327139953983e+00
2.332653952323016977e+00
2.604008894738889968e+00
2.493330444285437153e+00
2.349130726606801556e+00
2.384465639722288977e+00
2.022952396207008174e+00
2.526287428012887304e+00
2.128463983715139562e+00
2.334350288525134598e+00
2.446083611288941917e+00
2.226968847444906974e+00
2.447607573078926180e+00
2.470639433182911127e+00
2.541137491632857959e+00
2.388822758645799738e+00
2.961112286336438970e+00
2.592648954806556993e+00
3.001181932071470104e+00
2.623819298815316170e+00
2.397796400435044717e+00
2.738347055563363774e+00
2.714790103077813654e+00
2.415906016425244829e+00
2.221668010264188808e+00
2.482190378159036204e+00
2.155656197171434751e+00
2.595824208301007019e+00
2.680667119057003500e+00
2.439633982489187058e+00
1.827269169171326091e+00
2.515910110593926330e+00
2.263225185223421754e+00
2.687695697757310320e+00
2.298472116342886729e+00
2.339745153245103904e+00
2.178409902136007048e+00
2.515097765977444055e+00
2.526372577661176511e+00
2.422441328670283500e+00
2.280502911089275386e+00
2.265653886045384979e+00
2.204208246280867201e+00
2.415910777460310577e+00
2.752078974565244973e+00
2.287859647731816715e+00
2.690329739522068220e+00
2.592175716570543020e+00
2.717089000142241417e+00
2.452369716912446762e+00
2.550611459445426554e+00
2.595540596811109157e+00
2.738766722045848034e+00
1.918064341337363699e+00
2.832453055328695513e+00
2.155998897304751249e+00
2.477002375590688477e+00
2.274722330681951288e+00
2.329813407305432627e+00
2.531208301755544010e+00
2.407443263635498987e+00
2.493049294919112757e+00
2.475856297038845355e+00
2.316163954342726594e+00
2.825347035146576147e+00
2.042638226125246703e+00
2.646680743474509434e+00
2.803159237338640253e+00
2.378924658447184370e+00
2.574381706601223563e+00
2.740128294028134626e+00
2.510965226215712942e+00
2.296348786350001170e+00
2.467182974072113844e+00
2.678583371465117491e+00
2.311414562814275708e+00
2.866241671402139701e+00
2.692907349380928128e+00
2.327287110624856492e+00
2.792373523656628720e+00
2.714514820106718407e+00
2.249306014379434338e+00
2.425744288106236546e+00
2.295178197423084043e+00
2.841744737807783139e+00
2.897119746557422104e+00
2.871477411397489909e+00
2.667679618716951140e+00
2.425295612599374095e+00
2.196735441496893149e+00
2.745147025904268734e+00
2.819418602075940417e+00
2.515161661618571909e+00
2.642922868509853362e+00
2.554140851904357135e+00
2.641187137277404950e+00
2.362579759506393984e+00
2.765954045516027193e+00
2.304941117876031953e+00
2.335251577486008756e+00
2.367182106537150332e+00
2.418939751309449271e+00
2.238099674959249885e+00
2.704655999237316699e+00
2.052447977216696362e+00
2.034520025458485204e+00
2.179631252737991964e+00
2.229141722190396635e+00
2.454337696184025752e+00
2.932566304239236032e+00
2.097252189465619310e+00
2.710772870435688375e+00
2.651112256978763515e+00
2.292638397464352273e+00
2.470507926487492512e+00
2.846025682337319118e+00
2.457316338511995824e+00
2.256914093258865606e+00
2.523609252962142335e+00
2.715189143881674205e+00
2.871264659517019258e+00
2.569215626600277691e+00
2.520373075785446559e+00
2.178654716069113206e+00
2.432762742319388050e+00
2.897590631989197529e+00
2.601037095440886571e+00
2.070949341679466649e+00
2.538747674166628165e+00
2.072751782729042702e+00
2.542124756809682751e+00
2.469348428477696977e+00
2.217593834076620585e+00
2.482700016989948466e+00
2.704943659077035267e+00
2.494885560479800368e+00
2.447686352842077362e+00
2.678162927086307654e+00
2.472855499810885149e+00
2.626249836520942793e+00
2.831450812142340734e+00
2.388202522674728101e+00
2.486999829252137584e+00
2.284482387395484704e+00
2.302011874152302795e+00
2.442942603869392215e+00
2.583417185672189476e+00
2.290164115940650280e+00
2.735434108342252646e+00
2.798886606697462032e+00
2.765321369661909223e+00
2.500745279698199042e+00
2.562068595637205348e+00
2.328709689454546261e+00
2.643477505496237612e+00
2.558936543555765386e+00
2.704339497028493966e+00
2.669005239773616811e+00
2.410710256305660160e+00
2.529064301662550474e+00
2.701377466670228156e+00
2.709034637817551161e+00
2.546678750924968870e+00
1.950165670148368058e+00
2.312380440355443323e+00
2.327486599993578764e+00
2.871132787222302252e+00
2.245240357718819357e+00
2.268814041887631028e+00
2.918063548361963910e+00
2.748241542294590278e+00
1.977130489524091539e+00
2.857890889860494443e+00
2.433089445962581809e+00
1.966093475232053134e+00
2.141180026480939080e+00
2.752166587744347304e+00
2.043557706242153493e+00
2.414915211423509955e+00
2.528335168215882778e+00
2.524088564049950190e+00
2.494758731745818636e+00
3.043741978825303729e+00
2.423419351981386249e+00
1.977044623984148819e+00
2.421004471871440078e+00
2.009466158845086170e+00
2.602897781818039213e+00
1.764882262219736653e+00
2.202895047617907665e+00
2.601204995155133481e+00
2.405039852642998799e+00
2.404809625720291333e+00
2.494434484814261221e+00
2.554550958641210290e+00
2.874947036989200733e+00
2.490619873046837185e+00
2.134686476260776899e+00
2.581546363626179286e+00
2.613046865514054407e+00
2.494054779752612028e+00
2.376264455506335693e+00
2.852615935875360886e+00
2.668576866747973231e+00
2.773390640712139366e+00
2.489570982146378508e+00
2.386124469829376871e+00
2.386174301978467582e+00
2.662735236033654029e+00
2.927165752748782879e+00
2.692583734270362683e+00
2.236127310406953228e+00
2.049720581399397279e+00
2.627792331607921028e+00
2.693054227076090434e+00
2.421804925627254690e+00
2.079239347724708420e+00
2.811214441239164419e+00
2.484037330826498913e+00
2.448396532414874649e+00
2.769571681122739548e+00
2.488795493791968294e+00
2.559294172796684474e+00
2.792755689220138393e+00
2.245616353282321676e+00
2.677399120556113399e+00
2.372833428499492747e+00
2.445149234600589416e+00
2.028993817226109719e+00
2.421617852567317986e+00
2.752906998360120205e+00
2.846351003549639547e+00
2.211185231451089805e+00
2.306236463617867827e+00
2.688130777756636558e+00
2.304330056061588472e+00
2.785409440744594178e+00
2.354099024572144039e+00
1.776915121465653780e+00
2.615719596399886271e+00
2.783588738609023672e+00
2.417560616344367475e+00
2.252682699324802140e+00
2.386303019919385981e+00
2.227008027320215078e+00
2.176414604177189460e+00
2.528487349155218666e+00
2.648620736783889651e+00
2.558228467076031798e+00
2.527737113247813028e+00
2.746520553600251713e+00
2.291556920405588560e+00
2.700570553702752008e+00
2.262871905697477537e+00
2.717735964287092187e+00
2.814054516402611394e+00
2.457074711980574477e+00
2.684484396432178510e+00
2.352905268391216165e+00
2.641194696937569475e+00
2.217004027337487582e+00
2.669346518638794130e+00
2.696920607032151196e+00
2.398720977634884566e+00
2.280298119711550608e+00
2.786013162144973521e+00
2.595757324788582121e+00
2.694686247621566277e+00
2.126872878379888476e+00
2.592479867176653574e+00
2.102054422472230399e+00
2.322854884899394179e+00
2.615770456078823969e+00
2.937969995959985869e+00
2.541725641903653798e+00
2.062220033985951773e+00
2.537990776126634263e+00
2.676643554129255254e+00
2.579928169933920046e+00
2.511006103585024629e+00
2.015440619412213863e+00
2.438543574535200431e+00
2.518047482026959383e+00
2.688032370203922383e+00
2.749850016087715510e+00
2.298051639071458929e+00
1.989510876071224788e+00
2.646071381513762866e+00
1.989691907948248684e+00
2.807240131022052054e+00
2.862902532223514207e+00
2.437422962608295052e+00
1.873276220117328306e+00
2.451900609957002874e+00
2.036577500163764931e+00
2.474083508680934962e+00
2.633696212632045786e+00
2.036650235193405933e+00
2.005547928730148755e+00
2.271557228461524858e+00
2.460449205337326362e+00
2.498005022464831804e+00
2.842343407999112337e+00
2.383601040973225338e+00
2.468326176316735676e+00
2.771035918140523968e+00
2.661358899177235227e+00
2.611876443489496324e+00
2.572603610273926478e+00
2.187834231602662882e+00
2.486948546991960107e+00
2.818473052422559633e+00
2.704609896890570298e+00
2.449205134618511970e+00
2.887665833238798108e+00
2.051112002939292633e+00
2.634878378246331643e+00
2.879108258536412279e+00
2.436116573516114769e+00
2.385636049029296490e+00
2.285636145675146835e+00
2.266796264991101317e+00
2.361279451012422648e+00
2.531046065905124820e+00
2.649391536274213976e+00
2.520924936740235101e+00
2.593687697697269812e+00
2.927122009911844014e+00
2.525958811194027653e+00
2.063930137826154088e+00
2.816780913892253935e+00
2.307272759283518937e+00
2.259620418536071540e+00
1.945007896662094504e+00
2.775321096934138421e+00
2.412955332750444271e+00
2.144222613074481476e+00
2.415822929154341381e+00
2.758990883989780762e+00
2.869561071388508466e+00
2.211924979621127552e+00
2.653140140418112747e+00
2.346446243474479942e+00
2.217264392372629622e+00
2.144521995725713115e+00
2.837756736959951009e+00
2.420558066340292580e+00
2.337263223733654360e+00
2.530292315327641095e+00
2.551365038570066801e+00
2.297882163277604306e+00
2.487135115853001732e+00
2.561447496575275373e+00
2.930026165026176521e+00
2.675366103110226490e+00
2.426200860444445162e+00
2.205052552503945940e+00
2.382918023339461122e+00
1.965660076392873545e+00
2.750314429730536858e+00
2.612453816469716639e+00
2.600999544158688170e+00
2.713174903252561609e+00
2.145849335788371892e+00
2.028444059465286387e+00
2.617625132169151048e+00
2.645527347597767864e+00
2.823221858995129008e+00
2.670094409734205865e+00
2.322236733173765000e+00
2.430507625070418953e+00
2.506731999015801460e+00
2.509127199549272547e+00
2.192212475247536929e+00
2.560325457871370336e+00
2.578833261203972160e+00
2.330958099342212542e+00
2.360182062157434757e+00
2.937521620449437432e+00
2.398121656180006056e+00
2.283137399583595517e+00
2.569959727140185279e+00
2.780072776085663389e+00
2.507694827742025012e+00
2.615416259707510349e+00
2.714006215980776737e+00
2.858685105444388252e+00
2.841693743633174840e+00
2.352467442848731327e+00
2.515281651927225859e+00
2.421578503037431496e+00
2.781573040738821057e+00
2.716068711353081255e+00
2.258814002836440515e+00
2.771437810960518888e+00
2.072176141932353666e+00
2.537255358533520688e+00
2.349231360351419440e+00
2.249832735664623939e+00
2.495655655897687897e+00
2.847493456153594504e+00
2.503634719611538273e+00
2.399447313408328064e+00
2.878276730877125544e+00
2.400005556255124795e+00
2.607913392823245413e+00
2.665466723934545534e+00
2.450516668638098583e+00
2.910057404602361508e+00
2.062062033056857757e+00
2.655293568887943323e+00
2.373106811081533429e+00
2.254556133684147312e+00
2.535099584614313173e+00
2.633920260541143143e+00
2.391007892911282351e+00
2.267390867610995731e+00
2.711802196832128864e+00
2.686386625553401242e+00
2.573806094060006266e+00
2.629622688231140870e+00
2.391189238435694975e+00
2.495446676938472219e+00
1.835035328204472460e+00
2.317098083032791855e+00
2.520954490641730050e+00
2.907715239811109686e+00
2.187605682121315009e+00
2.179667025936728564e+00
2.494579332297467644e+00
2.215356615202226376e+00
2.610521924483873324e+00
1.820286538026071543e+00
2.763177353223978727e+00
2.037725390957184857e+00
2.747438170200329655e+00
2.659453848267518516e+00
2.550443597683982322e+00
2.476998190168462788e+00
2.805088089695961795e+00
2.206022368652711396e+00
2.700592834145342014e+00
2.755573610412356267e+00
2.120488422209075630e+00
2.407260313700374077e+00
2.491651957634982040e+00
2.523053848483872930e+00
2.675632982942786953e+00
2.784565476060485878e+00
2.804422375266372391e+00
2.762358104383213497e+00
2.875519180976369160e+00
2.335244986454453553e+00
2.760965941427333536e+00
2.507451607488486278e+00
2.330522336206479750e+00
2.511506968258509165e+00
2.525951142159958085e+00
1.897347371169064489e+00
2.832466710346306371e+00
2.773569081416539017e+00
2.490454969667359020e+00
2.600442167729831500e+00
2.440208062412168033e+00
2.445231002489347105e+00
2.911359447750759166e+00
2.611558112121951769e+00
2.085027971468674579e+00
2.463076892474536983e+00
2.599230902292806178e+00
2.520708538880699567e+00
2.701203030525981319e+00
1.987960231313433690e+00
2.729325527912680460e+00
2.685945960977886848e+00
2.530158823356703834e+00
2.468999357506894032e+00
2.380381825088219383e+00
2.760727605144747354e+00
3.032218298599388628e+00
2.435378874121592041e+00
2.185758803783985016e+00
2.701577901325189490e+00
2.712417771689267898e+00
2.509195909361848997e+00
1.930359916409817522e+00
2.585157352227865690e+00
2.598850583741430409e+00
2.531232642794123411e+00
2.759444819982278307e+00
2.783029044239660799e+00
2.585763400023207925e+00
2.545290359173649541e+00
2.554263626659270425e+00
2.370025486708025930e+00
2.148140042478235312e+00
2.645860703239922174e+00
2.408352226955520869e+00
2.648202811071240337e+00
2.300185482115916891e+00
2.582148911920071566e+00
2.151286388699242380e+00
2.013828526677370334e+00
2.253046562121717500e+00
2.351548230378988968e+00
2.578065240682620995e+00
2.073698390770077893e+00
2.599653509125201101e+00
2.831339055241234526e+00
2.748827317224333822e+00
2.729213096239409886e+00
2.432400951125479160e+00
2.510126586169529883e+00
2.159138988743358745e+00
2.549574109496200336e+00
2.532924561658163487e+00
2.638341563055187411e+00
2.634876732842342584e+00
2.431645847145226913e+00
2.953047889484988531e+00
2.703192003417644873e+00
2.381468452977888894e+00
2.190939601877242016e+00
2.268698747301319152e+00
2.099438172965416793e+00
2.780432797629544428e+00
2.686826914969466795e+00
2.872015139244961102e+00
2.805392223937018148e+00
2.404585864486722180e+00
2.489387303847881761e+00
2.334043695260413553e+00
2.585790747758109465e+00
2.541721481179713304e+00
2.492908703248992275e+00
2.972657618794809498e+00
2.256002872418132021e+00
2.630766669376347178e+00
2.472363000382345355e+00
2.057041103744770005e+00
2.503904090097099466e+00
2.775781442296612500e+00
2.368103507948719599e+00
2.623659272165436374e+00
1.817096516646264703e+00
2.605512343343670434e+00
2.627924421693601520e+00
2.133971966750052296e+00
2.115193325505355659e+00
2.329320950471648999e+00
2.764870962297218071e+00
2.034378703229577035e+00
2.522413048396182411e+00
2.206842746128223176e+00
2.845822420942447639e+00
2.793504319143996995e+00
2.799769730972810233e+00
2.469822393403034333e+00
2.483988740628319647e+00
2.468567390998451128e+00
2.864039544151937289e+00
2.565143899859624987e+00
2.862599559104296087e+00
2.398343761461160462e+00
2.439871033728015615e+00
2.466360225736033751e+00
2.566139855606203390e+00
2.425504372287847765e+00
2.572801948318857335e+00
2.071435685893955103e+00
2.408721237526320280e+00
2.233862407539386030e+00
2.311456307545642019e+00
2.361951458568328110e+00
2.680863664690907200e+00
2.470393173366277395e+00
2.527567989655785219e+00
2.614815634003724298e+00
2.253003116688683249e+00
2.767171624044122424e+00
2.692156751316179264e+00
2.639588698204645034e+00
1.911560734165159037e+00
2.451291495775983265e+00
2.428741752859227887e+00
2.529743187026009643e+00
2.462921193443221135e+00
2.590392337857176930e+00
2.850966633256624139e+00
2.735019410089165603e+00
2.647183354434051950e+00
2.654432703797353188e+00
2.696670036714844620e+00
2.303901473306362746e+00
2.163237425413283344e+00
2.473688291616409796e+00
2.342605008552816948e+00
2.374999854476286032e+00
2.402172967431045247e+00
1.998340008583639360e+00
2.943181932872576567e+00
2.844750116648433025e+00
2.102118354158853286e+00
2.935783455485450499e+00
2.485689739647027441e+00
2.413124039411917998e+00
2.882623579386360380e+00
2.220132921202891296e+00
2.090204898291497138e+00
2.849324926058757868e+00
2.422514745597158736e+00
2.142283148359390488e+00
3.020793551981031388e+00
2.876534528077451913e+00
2.729797690452604009e+00
2.211620798913048080e+00
2.449714557577689078e+00
2.719178422420636565e+00
2.680192263311602208e+00
2.436238531207362890e+00
2.286063834420775098e+00
2.510329723278342584e+00
2.731194270321265716e+00
2.599055419149884472e+00
2.566713547208105961e+00
2.172299685172761841e+00
2.452627156735212477e+00
2.220848748651512494e+00
2.023076939210325609e+00
2.647427195491272922e+00
2.654123112390017081e+00
2.025833927132323353e+00
2.553796941455313885e+00
2.604280583527636139e+00
2.158104371182315795e+00
1.743711171290885709e+00
2.287555539632280421e+00
2.646262770698013966e+00
2.193729504969525124e+00
2.454286000231116205e+00
2.900031871814353845e+00
2.869470331356096970e+00
2.403847330213928046e+00
2.490441503026393111e+00
1.876475286353894267e+00
2.606422039338105900e+00
2.350659534974269604e+00
2.810571561050464240e+00
2.477124956103774700e+00
2.415607897543268656e+00
2.326640519461360412e+00
2.272776192339126311e+00
2.465012245246469114e+00
2.060903474673696500e+00
2.972871825771295384e+00
2.963275050127094801e+00
2.354606250129856360e+00
2.348803536319502783e+00
2.634509093771196575e+00
2.443441003213086660e+00
2.608727501208855770e+00
2.407073174936173121e+00
2.843558733946481620e+00
2.614257240974142249e+00
2.907559810015309498e+00
2.422700155325833382e+00
2.438245322854278641e+00
1.774943299769851990e+00
1.870213244682668474e+00
2.053505034991888856e+00
2.924720683083308792e+00
2.431417233490608787e+00
2.715884461884309875e+00
2.730919526022970611e+00
2.436334966853169526e+00
2.440280920018317090e+00
2.480922365331751589e+00
2.680913653119914475e+00
3.060779737745818796e+00
2.544990840737132665e+00
2.773003763177033676e+00
2.727269508087653893e+00
2.481737106837917928e+00
2.772479736640231174e+00
2.539018508621343706e+00
2.333124151261482648e+00
2.291857426408238751e+00
2.698586586452441871e+00
2.112801623609556145e+00
2.432417235599203753e+00
2.728025527158347785e+00
2.518629738061719525e+00
2.093793108055557184e+00
2.881194126197201388e+00
2.726854759412514984e+00
2.340529320579147310e+00
2.122451554475959234e+00
2.854482589531689651e+00
2.566953647256722260e+00
2.381326111798082845e+00
2.748975303726248320e+00
2.347945872402068979e+00
2.667058296577423882e+00
2.400355453888947110e+00
2.808438305401157464e+00
2.156304463347722855e+00
2.176689067156841073e+00
2.704278114516794229e+00
2.504572717175126417e+00
2.698290153574910644e+00
2.523217444574723523e+00
2.634156154777973491e+00
2.795896498443029010e+00
2.486827381890636346e+00
2.528449367769319167e+00
2.346796058226927606e+00
1.924194436856110357e+00
2.469782538608677580e+00
3.020036839133760420e+00
2.443544085913118558e+00
2.246068911873539520e+00
2.231774554183265646e+00
2.490906489298581050e+00
2.101981855340006256e+00
2.793028284492426572e+00
2.527791940145377225e+00
2.597912714649898369e+00
2.753494596399081118e+00
2.910981934849847796e+00
2.259385270340563245e+00
1.951147812576877083e+00
2.600578581081234297e+00
2.582487329939333609e+00
2.624405378292032243e+00
2.599717723358423882e+00
2.367655517315788494e+00
2.658307206536605793e+00
2.670566861251996382e+00
2.652367438282037249e+00
2.445248975535490477e+00
2.019071559487090273e+00
2.551955353332989507e+00
2.900354581644585927e+00
2.411156927241584036e+00
2.776793416240280532e+00
2.639751768813403565e+00
2.580596685931499934e+00
2.511242011829778686e+00
2.743435309968850433e+00
2.150971607241261019e+00
2.450170380764030043e+00
2.592382555518691678e+00
2.548134456623468935e+00
2.172538704841230572e+00
2.425618875436319488e+00
2.867389660837058152e+00
2.457930159975953988e+00
2.627537445785382175e+00
2.559519136175255838e+00
2.570235087886740821e+00
2.281837690974982458e+00
2.084303493741943569e+00
2.720291430424819801e+00
2.553398046039876856e+00
2.289233485113988387e+00
2.587225256308442578e+00
2.258304175959608529e+00
2.395322047816622391e+00
2.196544904645613805e+00
2.474048933199331390e+00
2.606700489991072178e+00
2.505528051811400481e+00
2.077730413483366956e+00
2.567244574194411655e+00
2.772353692361943178e+00
2.766884288226011623e+00
2.566718266975261287e+00
2.604378442877367306e+00
2.625979479621618484e+00
2.463716876080666029e+00
2.145374778749129074e+00
2.778148497195409128e+00
2.266293832271368380e+00
2.506916461351305969e+00
2.825571783242063262e+00
2.423525975167115654e+00
2.074827930997135805e+00
2.399887217016599461e+00
2.383474760207160870e+00
2.438499309377851532e+00
2.276648810862231365e+00
2.983284055656460154e+00
2.739003928025760537e+00
2.924598710160373649e+00
2.494182011566038248e+00
2.705071605434424598e+00
2.395546168843913470e+00
2.432538556961843845e+00
2.348663078182636088e+00
2.146572651508356078e+00
2.346738748674673580e+00
2.189216672653315321e+00
2.780339262061796379e+00
2.507250968997651874e+00
2.263628671704871032e+00
2.176726333999257967e+00
2.394928205166077628e+00
2.888868051611791277e+00
2.650165321410520303e+00
2.653652513039158833e+00
2.515550267502324022e+00
2.381796903473522242e+00
2.430576972808661029e+00
2.608679215246964667e+00
2.435494986246879989e+00
2.463604631031243386e+00
2.865559453176784732e+00
2.687083931446190288e+00
2.398331624377714633e+00
2.231268497354019331e+00
2.684418248407894225e+00
2.583456824584564160e+00
2.586818456864659499e+00
2.596219510960809274e+00
2.596587373820064215e+00
2.785120461515142587e+00
2.286344158433114337e+00
2.455844037935816626e+00
2.104269077769561846e+00
2.583352481896830088e+00
2.392411645923314012e+00
2.496061884718447921e+00
2.542542179978996675e+00
2.774904748785894881e+00
2.485460820502977342e+00
2.449049056543880276e+00
2.017697658440667396e+00
2.423147536798661683e+00
2.672163552543583620e+00
2.872495510261236618e+00
2.433997169836898511e+00
2.015645296413593357e+00
2.536498045848881944e+00
2.325779669383684745e+00
2.436081589275682635e+00
2.233471958301247007e+00
2.547409221951827618e+00
2.613133032511659959e+00
2.442366820406595362e+00
2.685838239459632515e+00
2.801207998996542603e+00
2.191995774640989492e+00
2.820912657990656491e+00
2.774350263437390218e+00
2.813538955138187081e+00
2.818363378796551189e+00
2.521194149684417241e+00
2.537615191911734680e+00
3.052617791948946557e+00
2.266768191627094087e+00
2.405065827314511573e+00
2.520726994811154587e+00
2.377578324664848086e+00
1.923887840909510816e+00
2.391289791792710062e+00
2.176792206392096585e+00
2.263418356798878595e+00
2.480433123308311671e+00
2.665772889918989641e+00
2.541880054153156099e+00
2.589832299189687603e+00
2.193871890028912475e+00
2.133332983317989040e+00
2.442086365072166032e+00
2.620288324846236083e+00
2.442036459711451002e+00
2.842450688095413458e+00
2.670096811048250807e+00
2.414677049538770603e+00
2.378663629618210873e+00
2.636111903679557500e+00
2.785838407724867238e+00
3.039004032205574468e+00
1.971358680279960973e+00
2.578532047844500852e+00
2.630251527295552005e+00
2.138060272130905659e+00
2.703585890279164961e+00
2.399262016721832591e+00
2.619128140897032608e+00
2.511750845015113143e+00
2.379539626000317654e+00
2.417432270712870146e+00
2.689983319756992675e+00
2.462538218258595091e+00
2.660610847554720326e+00
2.655142532701672220e+00
2.642395017134512081e+00
2.853601520175705453e+00
2.272762789128380145e+00
2.484670571198936528e+00
2.112973481109836182e+00
2.828331796365788797e+00
2.075053305328772968e+00
2.320447189778250596e+00
2.663304124980774290e+00
2.388823278266190453e+00
2.802173613137048935e+00
2.122014312227088695e+00
2.496601862550842377e+00
2.427418757119197412e+00
2.894212402968151299e+00
2.379409460250412778e+00
2.363387291877933727e+00
2.527443446168248897e+00
2.657907340418848907e+00
2.498652856585480642e+00
2.443722948015661256e+00
2.942711392780653856e+00
2.811981228150983725e+00
2.435653169212373292e+00
2.227767545553867024e+00
2.501612036176041887e+00
2.701641942915379957e+00
2.165096611700592977e+00
2.645748721184534524e+00
2.686150608992377897e+00
2.384069138919651110e+00
2.548171913622464757e+00
2.720732881409986703e+00
2.651419624874066905e+00
2.513153315063785698e+00
2.657263620014095551e+00
2.507901561761912479e+00
2.794781114956296442e+00
2.425317139125511723e+00
2.223118380852051601e+00
2.762112937963089987e+00
2.716913802288220658e+00
2.604380285849444032e+00
2.433226525708606758e+00
2.727124079849363447e+00
2.706511219970889393e+00
2.612193744515123317e+00
2.043682721886130871e+00
2.447812256061920433e+00
2.599661365105574440e+00
2.410748304202310344e+00
2.426055557798922013e+00
2.750823924209081728e+00
2.739580908368907330e+00
2.444077620606302403e+00
2.249247165596881537e+00
2.669426641638136477e+00
2.415964873872070484e+00
2.743192431911697149e+00
2.488024668804398765e+00
1.980306789335160911e+00
2.768687940770555578e+00
2.134154100166690160e+00
2.415957122341608976e+00
2.316532734545637240e+00
2.011538616034160398e+00
2.470365831893470698e+00
1.776486978592509258e+00
2.324311301265983509e+00
2.223940291332036967e+00
2.330021743927551459e+00
2.608748032258684901e+00
2.555857508801565370e+00
2.764462635371540689e+00
2.328957610664549094e+00
2.886553870446226799e+00
2.542061465605410575e+00
2.541087649562954187e+00
2.709067684970436041e+00
2.488829872593657733e+00
2.652347219886634022e+00
2.257081115613144284e+00
2.181938620789359629e+00
2.753434655256625785e+00
2.206422147223447539e+00
2.483899877972483683e+00
2.625079278500011881e+00
2.587673785306114027e+00
2.634489096893263493e+00
2.615736461990095574e+00
2.823110752906679011e+00
2.571878122955036705e+00
2.689012242445092404e+00
2.618015102619217771e+00
2.647226304200153812e+00
2.482787242654673321e+00
2.613965339837218682e+00
2.836628628188452961e+00
2.858666197949538912e+00
2.790875967372691502e+00
2.175194689305565809e+00
2.302704998150075788e+00
2.662868640630881689e+00
2.394690880017074086e+00
2.816268208062200351e+00
2.744188590596774446e+00
2.599262508493489054e+00
2.803407122717767486e+00
2.018583044980377661e+00
2.844570230610088846e+00
2.739419284687852674e+00
2.455198207964594648e+00
2.060410888459181411e+00
2.410075203556668377e+00
2.235936974172081815e+00
2.507971606582856339e+00
2.768967494728391099e+00
2.471640179722425223e+00
2.724440050992741114e+00
2.245147169826291478e+00
2.337800350320737408e+00
2.930896928406069524e+00
2.530174202562806229e+00
2.631819915190581227e+00
2.809661792236501476e+00
2.237968381355081249e+00
2.323811764777267364e+00
2.554226807490278084e+00
2.395684864179510765e+00
2.324501273109180755e+00
2.819604145581123600e+00
2.849688885014264095e+00
2.654726469563814639e+00
2.545818155430764840e+00
3.016057223307716750e+00
2.717283558162374213e+00
2.560982095490994315e+00
2.724753542147127838e+00
2.580436645837840715e+00
2.655469279376791558e+00
2.372912248826374082e+00
2.481596176638547036e+00
2.673159972615690272e+00
2.726313470044393839e+00
2.850910352923181179e+00
2.891944635729699176e+00
3.043449660050967509e+00
2.040633457482740276e+00
2.732456467257625921e+00
2.891359875530665757e+00
2.508489801973241562e+00
2.367767447578442486e+00
2.858378878023120961e+00
2.785895930407949805e+00
1.924080306825337150e+00
2.504447666315244625e+00
2.866281997200330167e+00
2.360561573991174278e+00
2.751062201986621325e+00
2.475792379258436871e+00
2.528539142648608795e+00
2.204741785226492112e+00
2.347528153969280940e+00
2.324840121235021151e+00
2.544960312619175991e+00
2.513041448288263702e+00
2.585574148311630349e+00
2.119057825405548101e+00
1.863239605018645273e+00
2.494600497544957385e+00
1.998817053774101016e+00
2.501520139432290790e+00
2.167169422818572944e+00
2.466559788348464455e+00
2.704871100784906890e+00
2.726418796475270856e+00
2.845254104980822429e+00
2.177170398036734511e+00
2.742867967583359601e+00
2.572585318730701509e+00
2.648247686598318218e+00
2.867379099260824571e+00
2.687087747656324854e+00
2.594650689306038593e+00
2.631710608579477473e+00
2.331581334899073266e+00
2.923023859798601798e+00
3.075141623280154057e+00
2.321372694388830205e+00
2.349298136946132320e+00
2.297023355689649105e+00
2.817529692284598042e+00
2.499637270134948519e+00
3.022189575994267408e+00
1.935918672694962428e+00
2.201042648798714918e+00
2.042429188889865355e+00
2.690713876488283418e+00
2.886188271004039407e+00
2.645521126593446848e+00
2.088659910039591505e+00
2.119329725835824352e+00
2.623215130263971684e+00
2.474519257121876148e+00
2.287651566119892177e+00
2.631583222775264908e+00
2.833305169087648068e+00
2.511964109305774073e+00
2.272476359945578839e+00
2.036375530571373105e+00
2.541709895946656417e+00
2.082843899362524009e+00
2.397298813859101152e+00
2.760212849029321625e+00
2.629962630392177925e+00
2.301561312187188513e+00
2.753834458254494244e+00
2.601754234403492738e+00
2.404614872123134184e+00
2.097446392654712000e+00
2.215277344210437871e+00
2.725972947580775685e+00
2.622187468245174014e+00
2.847937566799526365e+00
2.505443571023137750e+00
2.446945122495968850e+00
2.497165242625796644e+00
2.635515536882758081e+00
2.677207431405992377e+00
2.626950174334417021e+00
2.213224803372836114e+00
2.553955434594512131e+00
2.672761895351139838e+00
2.620856364172948538e+00
2.516576197687147687e+00
2.561922061347599922e+00
2.275355120420155419e+00
2.656720087212887549e+00
2.217702760943812912e+00
3.057445289211697226e+00
2.990748667477059364e+00
1.876785094703799395e+00
2.966050267299345844e+00
2.660431583363114250e+00
2.457309488870740299e+00
2.176521601705502462e+00
2.706458398854030278e+00
2.428033662225698386e+00
2.536709074101054728e+00
2.493269051367544620e+00
2.268208241915114165e+00
2.044229026807252936e+00
2.264888515549334791e+00
2.702998511820184913e+00
2.616448005954577383e+00
2.630544330851874335e+00
2.633651784565469889e+00
2.528403332730829511e+00
2.301036632485074840e+00
2.710423456471566794e+00
2.901289653123977352e+00
2.183348740541223965e+00
2.439750615211652818e+00
2.246571673561422067e+00
2.965933508514249528e+00
2.522852912175203688e+00
2.985454500683629497e+00
2.567347082880181652e+00
2.634428129375104177e+00
2.543765930901350725e+00
2.508985153043221672e+00
2.490809582781118525e+00
2.450820415447216405e+00
2.432480351172563893e+00
2.798928343639822014e+00
2.267805291701115333e+00
2.100264410834068229e+00
2.191955595972455928e+00
2.533116118240371861e+00
2.978325113265349877e+00
2.983352464464291920e+00
2.299138055811165149e+00
2.526921552229371759e+00
2.446228972326469631e+00
2.757728593163101927e+00
2.606750379203564894e+00
2.651931553382098183e+00
2.803341927033346170e+00
2.406769514748325900e+00
2.015096652688943557e+00
2.560961153575549432e+00
2.559201608733185029e+00
2.876131011542272908e+00
2.816399484941861875e+00
2.781002672502334239e+00
2.442469919493005293e+00
2.449682759338823512e+00
2.744611075054088634e+00
2.554712947181448257e+00
1.982619654719366631e+00
2.542355535524372989e+00
2.546009190854613635e+00
2.297126635177310749e+00
2.727757123098624170e+00
2.753081075950645662e+00
2.289346693292078516e+00
2.766373611838612412e+00
2.479588948361848733e+00
2.337860611870449468e+00
2.764042299751674925e+00
2.814384022019641662e+00
2.381979533576604080e+00
2.723606060641925453e+00
2.713448266647269680e+00
2.392699108096052463e+00
2.755947464061605068e+00
2.463935278144134156e+00
2.634560222546034502e+00
2.597995612221263073e+00
2.706372982708217911e+00
2.752815140956070827e+00
2.423590108374130470e+00
2.200393295118408421e+00
2.819516053881276463e+00
2.252079884935252352e+00
2.322042821607230412e+00
2.670874261659899052e+00
2.086359006503211155e+00
2.425958834057416080e+00
2.686261223538138676e+00
2.822305976175799813e+00
2.273286400350314373e+00
2.264361834600285839e+00
2.539274604731515339e+00
2.370528564113430381e+00
2.963928054944016122e+00
2.652942122703116468e+00
2.500598522223480558e+00
2.493138873778081521e+00
2.059595259975025794e+00
2.715424215911096617e+00
2.320430599188020970e+00
2.446848444137338596e+00
2.498055963472801011e+00
3.071321542649962932e+00
2.551330529718382589e+00
2.716749206187107468e+00
2.889150763328995897e+00
2.640609598679519721e+00
2.892307991139283718e+00
2.378797423600755856e+00
2.604729402983041453e+00
2.360829455244328745e+00
2.206841928564603705e+00
2.642189326257069482e+00
2.505278263261094818e+00
2.789557339818760529e+00
2.760233398496836354e+00
2.677023523611137268e+00
2.165894178045942642e+00
2.753385148773340507e+00
2.335894781064734360e+00
2.812202219953136684e+00
2.051041797209248063e+00
1.862458519407077073e+00
2.613766699014147488e+00
2.616191903447623979e+00
2.410740350622559536e+00
2.412439427071079390e+00
2.779770396581712433e+00
2.501939984035283171e+00
2.696323047871788781e+00
2.560879244997418258e+00
2.565707814307720991e+00
2.616874192337551364e+00
2.165766604238180459e+00
1.916963899650450553e+00
2.749207862987154360e+00
2.502792301570243794e+00
2.475328133896150806e+00
2.675105253535444039e+00
2.856183004869452979e+00
2.553357267073079306e+00
2.396496074369968809e+00
2.215828321291131164e+00
2.628351679833124344e+00
2.639008811058526582e+00
2.040695721332629109e+00
2.493876129209569470e+00
2.207893663635045911e+00
2.635923020505393399e+00
2.895170688209530052e+00
2.265882036310940872e+00
2.464943714043393186e+00
2.478663246913200169e+00
2.828838592154006903e+00
2.554572946640279785e+00
2.846961328296721216e+00
2.397513674253093363e+00
2.580254413013569170e+00
2.075153643212282795e+00
2.537348777965262592e+00
2.541082473691631982e+00
2.520490139249823347e+00
2.746335542184514367e+00
2.439006806718635456e+00
2.074867991034109682e+00
2.777344203642876153e+00
2.755114439591049180e+00
2.011278746444969734e+00
2.394904965943460251e+00
2.548052887071043049e+00
2.622748934778738494e+00
2.371240867713368061e+00
2.443661678446088281e+00
2.373483915521858556e+00
2.775969706678633742e+00
2.667793254097010180e+00
2.659569880770903616e+00
2.761927806031683641e+00
2.423090378427121827e+00
2.624784149556248281e+00
2.774659061378105473e+00
2.190663519400874559e+00
2.478534584071104607e+00
2.332924087961627535e+00
1.961548406243798448e+00
2.430210376444148945e+00
2.460258106118459853e+00
2.211436672781105894e+00
2.634487150027809754e+00
2.633370555675385472e+00
2.574085332892685152e+00
2.585629826776898454e+00
2.598211565980657500e+00
2.334140866746864162e+00
2.391087694467373570e+00
2.045545390583537237e+00
2.488114154699554881e+00
2.084809485540652929e+00
1.937757738471438396e+00
2.700390633706157395e+00
2.177588697700757692e+00
2.453989983822612686e+00
2.626582357398453915e+00
2.553381609271583308e+00
2.438747639865291195e+00
2.213846512906895825e+00
2.433033235610634115e+00
2.156122543933449709e+00
2.355449145341961703e+00
2.573877801566035739e+00
2.532825805242082673e+00
2.343216298154791488e+00
2.093833049474910002e+00
2.243335329434957170e+00
2.102033201295353315e+00
2.644384410217953452e+00
2.502855780425849552e+00
2.601086707742558790e+00
2.184517369962814648e+00
2.930376849017618746e+00
2.721496427317910083e+00
2.882768499177362109e+00
2.320435043493329630e+00
2.550926078576120304e+00
2.658926293201875346e+00
2.538080333053946092e+00
2.255135986863547437e+00
2.816912269836185700e+00
2.604319868153263773e+00
2.576571460043682649e+00
2.345184794356513613e+00
2.609729580622206502e+00
2.690159547359458170e+00
1.961102311824333810e+00
2.326106247088114642e+00
2.764495592960868109e+00
2.498933094569923075e+00
2.885134767667877131e+00
2.235452517113844184e+00
2.487090358811951951e+00
2.604281027206543531e+00
2.488871703920635614e+00
2.436334110804251996e+00
2.126237565775022542e+00
2.558621887007880069e+00
2.844427599280605179e+00
2.395508761677207055e+00
2.671690059891138169e+00
2.799905772712549368e+00
2.147047375006436720e+00
2.624733984222026084e+00
2.523080146136341018e+00
2.720075745671479250e+00
2.849877741008546295e+00
2.669783052787079392e+00
2.315444879223957919e+00
2.621842509902962082e+00
2.776939349616058816e+00
2.022524081747235414e+00
2.710413558955049762e+00
2.271375645534676302e+00
2.436137171357746656e+00
2.352279897253131136e+00
1.961439826589260527e+00
2.353464088916737751e+00
2.272959492911252433e+00
2.685039509803998747e+00
2.543856952869362864e+00
2.561443872963017565e+00
2.128163315517886733e+00
2.603931914635190026e+00
1.844245625236712760e+00
2.354558203568499319e+00
2.353891915380696531e+00
2.192615761309121947e+00
2.727575378622414615e+00
2.688379638809734296e+00
2.921952576739126783e+00
2.215879233378838187e+00
2.302171716591279171e+00
2.056378363304089518e+00
2.724754610660668153e+00
1.941526882164722023e+00
2.417496637588108399e+00
2.390104034218566209e+00
2.097564790995047446e+00
2.679841673015396886e+00
2.791518204990909080e+00
2.734843982457948020e+00
2.848309972110203425e+00
2.713897313635851738e+00
2.711970215702359521e+00
2.725012415146894629e+00
2.567704066582378264e+00
2.449093883835370633e+00
2.812606037786929747e+00
2.665533657515721799e+00
2.563729476278154618e+00
2.229595257631932004e+00
2.612612076921750237e+00
2.554569025355839518e+00
2.490908356678458890e+00
2.371212872448677622e+00
2.298858360646518939e+00
2.796946382689337263e+00
2.774739395587726420e+00
2.545503663156152729e+00
2.597387565416515720e+00
2.863691406370830084e+00
2.466071659414756923e+00
2.490365419717171847e+00
2.909603957740399149e+00
2.463423900467300420e+00
2.552843100547059318e+00
2.630987394877725372e+00
2.865541041703131953e+00
2.591463549162762448e+00
2.270188252795199979e+00
2.996556251493723178e+00
2.786249710151533776e+00
2.550118666099787212e+00
2.246642556092576459e+00
2.341857552748038529e+00
2.540302225275666181e+00
2.609924303609115537e+00
2.604637531237884662e+00
2.419366407839769195e+00
2.390342727617615015e+00
1.923889254377997071e+00
1.941171093324206565e+00
2.269984602176238653e+00
2.209043641930118262e+00
2.372753364145911537e+00
2.369657699674491802e+00
2.585544327167340839e+00
2.506881773544009206e+00
2.390507878713192369e+00
2.459241038858174466e+00
2.078924655666687382e+00
2.961153010896291349e+00
2.550368684064741043e+00
2.507754033935218896e+00
2.170241217522704158e+00
2.558034719366653498e+00
2.424296184567078960e+00
2.498948954338119588e+00
2.724591514699814976e+00
2.335174426337107256e+00
2.362810946991264593e+00
2.785820073486805271e+00
3.077542230352406705e+00
2.230115966038806796e+00
2.114385609880235606e+00
2.639732636030171165e+00
2.391054598991938729e+00
2.297200407025806523e+00
2.400330966332014260e+00
2.686643683046082920e+00
2.740366299896054070e+00
2.681258186968062063e+00
2.461509491627773993e+00
2.152709603897595692e+00
2.868840622893461312e+00
2.845533195467855769e+00
2.544630254395123359e+00
2.474831525330048354e+00
2.632188747098414439e+00
2.649756975046322349e+00
1.945022817306756746e+00
2.578333261916051278e+00
2.639319894662639054e+00
2.767695621854746602e+00
2.484869463432624492e+00
2.592813973329215482e+00
2.672263383779891921e+00
2.408430716417593320e+00
2.732877407868029795e+00
2.738957235711199978e+00
2.664186220489229484e+00
2.630263497335977529e+00
2.656039876837917202e+00
2.660962826833410233e+00
2.398637143579441133e+00
2.620402472919302728e+00
2.553755070019268825e+00
2.361947493119393116e+00
2.036045595634110583e+00
2.444284504069971664e+00
2.609183412611747244e+00
2.556064118407915142e+00
2.423187846175337778e+00
2.683726796557106997e+00
2.445092253587437536e+00
2.003962676776437579e+00
2.550785629860602644e+00
2.331489972743460370e+00
2.371437017712298090e+00
2.259777568463037234e+00
2.617808937506768352e+00
2.208159593378512309e+00
2.483451429711974967e+00
2.809815775939514371e+00
2.578220146809647506e+00
2.378277802201026248e+00
2.634682281962853256e+00
1.857375918598168418e+00
2.814760921788298731e+00
2.718477883461979161e+00
2.213679117041777999e+00
2.339723641604082083e+00
1.933299659247838642e+00
2.694553773852639278e+00
2.139290513046225861e+00
2.828363508769342172e+00
2.037211888486312183e+00
2.659587040521274481e+00
2.404993829410245532e+00
2.268805843702253355e+00
2.805596299917129777e+00
2.596495907726096952e+00
1.928604935682859400e+00
2.602586430582504384e+00
2.764129519621307818e+00
2.461950676556617701e+00
2.691284679262413881e+00
2.165798120237768742e+00
1.707356923581155428e+00
2.327317741393130746e+00
2.472782125018504473e+00
3.083395856726087292e+00
2.007203338911473178e+00
2.683565789896500409e+00
2.296430777550569680e+00
2.724529389809761781e+00
2.305975596972870356e+00
2.603862390829397189e+00
2.161729984478463873e+00
2.714489109897535446e+00
2.254819481101427936e+00
2.107908702867071327e+00
2.663068852504691275e+00
2.410072207142903267e+00
2.239070026181529283e+00
2.233492899959367950e+00
2.732126606187579743e+00
2.359938303989301378e+00
2.399228318487420797e+00
2.473594241247795367e+00
2.187733425796197562e+00
2.721558055077091698e+00
2.654395468939469982e+00
2.796279724672626532e+00
2.542083220848663228e+00
2.129210434130154539e+00
2.371296124653463178e+00
2.544311390821635932e+00
1.992722437792618706e+00
2.312821566086654457e+00
2.328784496996991749e+00
2.453150268050241056e+00
2.289848264217389406e+00
2.046398613468637162e+00
2.687479098220602491e+00
2.313764775948349062e+00
2.607262907236160832e+00
2.275463866786690215e+00
2.951395843019016585e+00
2.626400341814972172e+00
2.049070163348992502e+00
2.608354643400754291e+00
2.589568055539565261e+00
2.551295279017304019e+00
2.121006632189931018e+00
2.580629236788878345e+00
2.471466295989193540e+00
2.272868095140764044e+00
2.504214886581372035e+00
2.411518706946401025e+00
2.231605396501492145e+00
2.621949155190844927e+00
2.582423673616085935e+00
2.633426533062089625e+00
2.730274201135449719e+00
2.689583177210879139e+00
2.232964976812200408e+00
2.743735507046592748e+00
2.344294690631754996e+00
2.385363917094354580e+00
2.444579862868193842e+00
2.659122575924804721e+00
2.841242271162863986e+00
2.136643866918417789e+00
2.073258657232735835e+00
2.558473191704611072e+00
2.780804384502717497e+00
2.053834818420180230e+00
2.110594404459707363e+00
2.455056500767802685e+00
2.372837024394582883e+00
2.680086642517602424e+00
1.817629964592295533e+00
2.350276540105876499e+00
2.733119651030936570e+00
2.144328538504215231e+00
2.188770224944339482e+00
2.551195268272983263e+00
2.582291737194336356e+00
1.982485943866225231e+00
2.703519276040714292e+00
2.809484811631221213e+00
2.079177302663466342e+00
2.719008065469103119e+00
1.950420742563674148e+00
2.611327511875549234e+00
2.968341099652183956e+00
2.440341638176345196e+00
2.472082245682376112e+00
2.383882781366716941e+00
2.732148454833307039e+00
2.668521212163186718e+00
2.925190416741973110e+00
2.979487408258985059e+00
2.475551499919315557e+00
2.729365605237517922e+00
2.510197480432421635e+00
2.205673924785928719e+00
2.363649429982188188e+00
2.352399456249613330e+00
2.802039866578480254e+00
2.217089432633977619e+00
2.654822447015297460e+00
2.348776238675730710e+00
2.300477181056676201e+00
2.699610116692181983e+00
2.980207256865129217e+00
2.076176507163902230e+00
2.289015663077365037e+00
2.606172716084013352e+00
2.594818809048036634e+00
2.182329214931846728e+00
2.863320024125747043e+00
2.568349779959604007e+00
2.829400996986743966e+00
2.817543859534915374e+00
2.426683517518650746e+00
2.521055823370244031e+00
2.408676759791811062e+00
2.505560454471492449e+00
2.521090870386334171e+00
2.296312859790906380e+00
2.618123572692694356e+00
2.686463012471036027e+00
2.547479815330627506e+00
2.709285546912942877e+00
2.722040861786570787e+00
2.272130490531545810e+00
2.673420772328004347e+00
2.710330001805075995e+00
2.664152762196403845e+00
2.175966119767446916e+00
2.583187800163154080e+00
2.336362697606438665e+00
2.821341112744399027e+00
2.889672337447382500e+00
2.574791093133080189e+00
2.501791397467987732e+00
2.816459782629221920e+00
2.731168687764507830e+00
2.743433407091264709e+00
2.394313403960172337e+00
2.802346899033707039e+00
2.749831172446574268e+00
2.645621915185003559e+00
2.239643345359993098e+00
2.665977461696130035e+00
2.418681632089785705e+00
2.459521879843891146e+00
2.619251160925665456e+00
2.542911269003234942e+00
2.359510907034092497e+00
2.712540970192879985e+00
2.799965082283077944e+00
2.466901437361581628e+00
2.352662905440442209e+00
2.633972584992112509e+00
2.944075730094686705e+00
2.127972846995283440e+00
2.582180675703341866e+00
2.313372204255023767e+00
2.690561815847097638e+00
2.747057802572606899e+00
2.893284058343136067e+00
2.350935534103606450e+00
2.545593347361690739e+00
2.277406000010287812e+00
2.682652671569863756e+00
2.506875000943425746e+00
2.353935709186234071e+00
2.192597607422394734e+00
2.621102001240293689e+00
2.701689219627509964e+00
2.769548413510177998e+00
2.664411881167599638e+00
2.111888077218647908e+00
2.042785113094577554e+00
2.313810576454186307e+00
2.639700712504300384e+00
2.653886784544107424e+00
2.023840482592640377e+00
2.625376289145340714e+00
2.634330637930370145e+00
2.347842640106398093e+00
2.258331449547982039e+00
2.329453430213901832e+00
2.377089709487245184e+00
2.370407034719522965e+00
2.805352649652348429e+00
2.221646538855064357e+00
2.375791073769049966e+00
2.425197901457817551e+00
2.500244633311002218e+00
2.465025722947462583e+00
2.447880933384918301e+00
2.535381501104081892e+00
2.309854046601790500e+00
2.409535071791403027e+00
2.862885471522653269e+00
1.977047958301957342e+00
2.377903682476396163e+00
2.907803224093679972e+00
2.503319221163992303e+00
2.089180516577569424e+00
2.474636947934233611e+00
2.284301257877699332e+00
2.415265885591737494e+00
2.749320648024745406e+00
2.635446408994699397e+00
2.422131725788041035e+00
2.664461406397609977e+00
2.556449156823082269e+00
2.581447050369404472e+00
2.295455336342843822e+00
2.617505204659440921e+00
2.685286773206204902e+00
2.338307673531116571e+00
2.623557526255550165e+00
2.583827279075872507e+00
2.082584828031946333e+00
2.190359596610034654e+00
2.701736464878675470e+00
2.244732102036286925e+00
2.590063048981670946e+00
1.914493232112891130e+00
2.095619574786870665e+00
2.701350648118329367e+00
2.410430106270574413e+00
2.513582565397232571e+00
2.554152621260218581e+00
2.515196897972302725e+00
2.077951527403901544e+00
2.332723106829479143e+00
2.378937151495719160e+00
2.396036597314162186e+00
2.970342902384193184e+00
2.563106594152364526e+00
2.546696758610362821e+00
2.572085733678945996e+00
2.295003393562383032e+00
2.667886913097099466e+00
2.643325427761281432e+00
2.890022154913957309e+00
2.625841438176615306e+00
2.452564176524329564e+00
2.095020228381930139e+00
1.797382460689632921e+00
2.506449128222105305e+00
2.593132099208779628e+00
2.415916460663433796e+00
2.429149570676482739e+00
2.504088204113370963e+00
2.265050920502152731e+00
2.180697327208293679e+00
2.683635169293377754e+00
2.640865564068639593e+00
2.648227579169176948e+00
2.056224461656085190e+00
2.842020470571696933e+00
2.715579088671824515e+00
2.255620261176598973e+00
2.687409260572664493e+00
2.333052828397159217e+00
1.999811918768722663e+00
2.211113495090703207e+00
2.228801634176672319e+00
2.726773668622887392e+00
2.244489264504728077e+00
2.646256565600345390e+00
2.196770655284780993e+00
2.287789362593303455e+00
2.450746029659085945e+00
2.556911545080301273e+00
2.879124043840473046e+00
2.574701981456086752e+00
2.624716921733894814e+00
2.166669251407895125e+00
2.613338527115578458e+00
2.487294451567916287e+00
2.797183650081535689e+00
2.444376916693765001e+00
2.330252445120729821e+00
2.575416480298582389e+00
3.017509639202436311e+00
2.343445807990829355e+00
2.062399450316458882e+00
2.317792602194805429e+00
2.744640808348907335e+00
2.586530253354245357e+00
2.225674593480874819e+00
2.533277026116206088e+00
2.312804348567184753e+00
2.292012367787886973e+00
2.517381986853719944e+00
2.330685496541557544e+00
2.521849578091816202e+00
2.416619337620462993e+00
2.233234015417947749e+00
2.172639521064303914e+00
1.927805067332481359e+00
2.374419793490543107e+00
2.593923142762678768e+00
2.562801575071667060e+00
2.135232430236486678e+00
2.294091854539265452e+00
2.294444997479033077e+00
2.676647067237022615e+00
2.408726759850156718e+00
2.357566877046246567e+00
2.289329629833088298e+00
2.766174066744904181e+00
2.589658434127235953e+00
2.537908110018163299e+00
1.914900006051518888e+00
2.514092921888502197e+00
2.153125060030441684e+00
2.308478477826789721e+00
2.676288736383528821e+00
2.651905579154161696e+00
2.843220950789919765e+00
2.590153342845529671e+00
2.441025484833063697e+00
2.660485100828688498e+00
1.791507033161884532e+00
2.434469157294835817e+00
2.042510448167376147e+00
2.295723415168047232e+00
2.795115892938791813e+00
2.325604356157344732e+00
2.270151926483573668e+00
2.260625896934338463e+00
2.513832381288908735e+00
2.430780232409988972e+00
2.222104864476165620e+00
2.406900166750691739e+00
2.425044767264563639e+00
2.453470071743402592e+00
2.506181788134966837e+00
2.772660434114652794e+00
2.631979711380635578e+00
2.382452467744863078e+00
2.297524033593788317e+00
2.475889564449410329e+00
2.607809923769266902e+00
2.628006673751588806e+00
2.303524169317856085e+00
2.699755700468210673e+00
2.552825643935056288e+00
2.583435507564847633e+00
2.665294947984684359e+00
2.415494484015073162e+00
2.585705279802162693e+00
2.387184393651662795e+00
2.661904343922631089e+00
2.620720931348791360e+00
2.117328104566776226e+00
2.705169693332563519e+00
2.404516622300948647e+00
2.312776410499251423e+00
2.739347553776420696e+00
3.019342749534232873e+00
2.565777789217420057e+00
2.809628379489922168e+00
2.447282701000135674e+00
2.394608077218812525e+00
2.700059698122595719e+00
2.629257653753454438e+00
2.468241137375063676e+00
2.400865243958860695e+00
2.313275325618674660e+00
2.395295035441512344e+00
2.549102897973428927e+00
2.599911707733519428e+00
2.732158790173040863e+00
2.853377527224970400e+00
2.666654383314966292e+00
2.526120662350249013e+00
2.710473691207954783e+00
2.384492086180322712e+00
2.740859781213943691e+00
2.540148515772073345e+00
2.573074767138776586e+00
2.246881580352613206e+00
2.541187677580834414e+00
2.481564016758473823e+00
2.738361349980804604e+00
2.738465594972292472e+00
2.688260041584229043e+00
2.564035376445863434e+00
2.435619870635687967e+00
2.385640592846190344e+00
2.492146921825475037e+00
2.251478999389565416e+00
2.602304684347496622e+00
2.506874112376066499e+00
2.856512382733820576e+00
2.963021629122890577e+00
2.721309799805384344e+00
2.494359279214915404e+00
2.766200608130690242e+00
2.573004563574176284e+00
3.021112184597364969e+00
2.938949554407042530e+00
2.452520408027039966e+00
2.071246264877812049e+00
2.679823785933987956e+00
2.756778674122775108e+00
2.239707929106452333e+00
2.198484205089247912e+00
2.190395126501953449e+00
2.666557191345680700e+00
2.666237497076183516e+00
1.977219003451930135e+00
2.680035565481224680e+00
2.090365387601717195e+00
2.436524230700805482e+00
2.583828467545358443e+00
2.327845096301460082e+00
2.671481482261807372e+00
2.125740138053553885e+00
2.688564266798073366e+00
2.489598717447422782e+00
2.377818829189994432e+00
2.169699141294449962e+00
2.763573098597602584e+00
2.431594292153825165e+00
2.873143957115875669e+00
2.428598820541300274e+00
2.156237905252145204e+00
2.638712318508388499e+00
2.092236162545893841e+00
2.733336507479125821e+00
2.749771480624567221e+00
2.269351818254230935e+00
2.791931152689506312e+00
2.289222419784682216e+00
2.327230912486300873e+00
2.573384442272131256e+00
2.751373895468302244e+00
2.814239655020273734e+00
2.887545721646444630e+00
2.953349899843097148e+00
2.672815466026660758e+00
1.865857236320697110e+00
2.743958828938509065e+00
2.396773937788545972e+00
2.923082362008469826e+00
2.525275759747586779e+00
2.811738734438423482e+00
2.030041164123658870e+00
2.159559578359158571e+00
2.426231302721987504e+00
2.623632617930959476e+00
2.816284988478912066e+00
2.054692713108442703e+00
2.808494237939286986e+00
2.864151826851918603e+00
2.528921300929025229e+00
2.148630339964702429e+00
2.800550788709724959e+00
2.073886399257664159e+00
2.850847126412352939e+00
2.218277112012904340e+00
2.567595569573343006e+00
2.020686465780559438e+00
2.618204004649128169e+00
2.565539224704557864e+00
2.112122371656880659e+00
2.451334528794668177e+00
2.204634916181485327e+00
2.544631738418510203e+00
2.549183716439960001e+00
1.845346930316273282e+00
2.809891475041804920e+00
2.675626958334546668e+00
2.704120835437266557e+00
2.029198033250029898e+00
2.800494428593507390e+00
1.923913791355612135e+00
2.951372420922965034e+00
2.454312413696135398e+00
2.186448557612077348e+00
2.533330810101634079e+00
2.307527485408162882e+00
2.580655628647084754e+00
2.409491342112486834e+00
2.609377851059806908e+00
2.626938952301344443e+00
2.124062882987428402e+00
2.567210543439037984e+00
2.881704693568349018e+00
2.412330702006927119e+00
2.856522327416252782e+00
2.776468666874699398e+00
2.437263816779992709e+00
2.151589683629071104e+00
1.984399727134509073e+00
2.483932479769819679e+00
2.538787441663256317e+00
2.663734631624044891e+00
2.266111481657419713e+00
2.832333790883322155e+00
2.961302350792416327e+00
2.144310263928725924e+00
2.337704607583061200e+00
2.659739235141581393e+00
2.196522554085557744e+00
2.733637630306063215e+00
2.149058285378345090e+00
2.542430319109717285e+00
2.063335767682845656e+00
2.456458141441113963e+00
2.672388578194929476e+00
2.718625652652864488e+00
2.674538057040558581e+00
2.313537905756785307e+00
2.539524249310065152e+00
2.721730806685735082e+00
2.577439424466430040e+00
2.482561707792267480e+00
2.462117940787680315e+00
2.931146123328332909e+00
2.387195407176780471e+00
2.117140962897195777e+00
2.560078150740765945e+00
2.753865482232484840e+00
2.016530846519420717e+00
2.289905071598690611e+00
2.117878747377690551e+00
2.529057986758923349e+00
2.588858329746105635e+00
2.896341461784382343e+00
2.074681306458744601e+00
2.638690526043180995e+00
2.624597406012355805e+00
2.891162264324532938e+00
2.372350252515072366e+00
2.534785346952924012e+00
2.397166770746436359e+00
2.763702457128775158e+00
2.115469815233674389e+00
2.382908249225519803e+00
2.408262314301515605e+00
2.531027380105864033e+00
2.668662603605097328e+00
2.789300141618591855e+00
2.103049837675347256e+00
2.658181529642847263e+00
2.484232068356992951e+00
2.164014385946383623e+00
2.405708643057446139e+00
2.289675968874024470e+00
2.098240886723276688e+00
2.080852248726654530e+00
2.101367137457990530e+00
2.243795453594604083e+00
2.655786409170847406e+00
2.789025841387798632e+00
3.017903441135882936e+00
2.396790554514286242e+00
2.520074033629449151e+00
2.675821939375674141e+00
2.887096466057837318e+00
2.990043343535838449e+00
2.136829511638846490e+00
2.619364500754548963e+00
2.435788743043020510e+00
2.407197014217369091e+00
2.467303999072514298e+00
2.678058849149306031e+00
2.706454614519888668e+00
2.462171283033368407e+00
2.692862036647268198e+00
2.410785467840979024e+00
2.935097425132382920e+00
2.534522422317306400e+00
2.467559103415128519e+00
2.518312292559377497e+00
2.520091090510501175e+00
2.388459142080299191e+00
2.742161907793212006e+00
2.887153053640076017e+00
2.278438469685981183e+00
2.580382899584091394e+00
2.754350144998304994e+00
3.072323192919181434e+00
2.397621585812109046e+00
2.278593454296597542e+00
2.979241686623334662e+00
2.563881249760916248e+00
2.330402269129944415e+00
2.366830986465570330e+00
2.909779162498864480e+00
2.776441131590563050e+00
2.547412106843917279e+00
2.482331876853924868e+00
2.574823599077767255e+00
2.116553271780260204e+00
2.150135756370303408e+00
2.451868722971013881e+00
2.463955903751658738e+00
2.787457352876984817e+00
2.586944161000279241e+00
2.410508824249879112e+00
2.279233256602199997e+00
2.587528490973320938e+00
2.703355125040515894e+00
2.232340387538045867e+00
2.145059133129386897e+00
2.613362468277804496e+00
2.419329457992691168e+00
2.253928577900038199e+00
2.330594530304697543e+00
2.477672433773398630e+00
2.516982955250598231e+00
2.424238384120478873e+00
1.879816954670772589e+00
2.376007135575461060e+00
2.313273588045381857e+00
2.127720192747747596e+00
2.987721954361069354e+00
2.608957732128369233e+00
2.318206673399001883e+00
2.327145302453542897e+00
2.725755116664716926e+00
2.863493313022241971e+00
2.445555103490785420e+00
2.684081038632302629e+00
2.128229848920736522e+00
2.193757203620115614e+00
2.422057735325677807e+00
2.403644643729531793e+00
3.003918080761089460e+00
2.088819914810841727e+00
2.341849113982229724e+00
2.165073152222614095e+00
2.022928924844656251e+00
2.396749551549686164e+00
2.429989042408842170e+00
2.349534668209000809e+00
2.700794932622627709e+00
2.525722212732464556e+00
2.747688708870479335e+00
2.408639272366257522e+00
2.267617717879891970e+00
2.713072368488472108e+00
2.593111922904440370e+00
2.695115743207274317e+00
2.297735820937410356e+00
2.694715598004689738e+00
2.078442430251711492e+00
1.992294671960614272e+00
2.388931085023411782e+00
2.027986777133940599e+00
2.595981169260866306e+00
2.689806166400826370e+00
1.981079718862193140e+00
2.167444659600299417e+00
2.092323776101498556e+00
1.918096328954788765e+00
2.251580209706259161e+00
2.594383833793366012e+00
2.669009555684749735e+00
2.435731839720004288e+00
2.458200658255498272e+00
2.648976503295970453e+00
2.112119235165140996e+00
2.597531955812793836e+00
2.670413319794509022e+00
2.456123037536309450e+00
2.940801653823879924e+00
2.138805388931130924e+00
2.729433819987305831e+00
2.500483593332092802e+00
2.852370575265191111e+00
2.420811749815392488e+00
2.507698178032653935e+00
2.881978512271599957e+00
2.453637132907707574e+00
2.738939947439918310e+00
2.345567920352816138e+00
2.595084459362934304e+00
2.653636751994155496e+00
2.771773359320354846e+00
1.951270341489770743e+00
2.052813447219375753e+00
2.622232975107783748e+00
2.675513035676536866e+00
1.986586651794783887e+00
2.694937041913028519e+00
2.739588343584877350e+00
2.589944599124527791e+00
2.403238575683986689e+00
2.520976896819364210e+00
2.409283037570240538e+00
2.479443128437710975e+00
2.607149122098275207e+00
2.541701416925054247e+00
2.225953305420039108e+00
2.250277031110641701e+00
2.047312444431909295e+00
2.392211894000054073e+00
2.517617652647177184e+00
2.071842919362102631e+00
2.499241783946106743e+00
2.336895210668237688e+00
2.362125067464360129e+00
2.480629697582967808e+00
2.774451516397638429e+00
2.618225892223212004e+00
2.259258400310007353e+00
2.703425399680640773e+00
2.472412645997974057e+00
2.287492671454038451e+00
2.227340272666080701e+00
2.252579937481990147e+00
2.744448194216032366e+00
2.458099919743918171e+00
2.630240275285895102e+00
2.253733907767687672e+00
2.590730942808348480e+00
2.643143673450502718e+00
2.496453809109005384e+00
2.237258070522591957e+00
2.686537063770561673e+00
2.580197437878501976e+00
2.233757404758968335e+00
2.850382680055674189e+00
2.463317782141347223e+00
2.459088804698505548e+00
2.236906081478154729e+00
2.137884710488294537e+00
2.104833737189472309e+00
2.695174089702364384e+00
2.157523820377225121e+00
2.369183013488592060e+00
2.074171787195708827e+00
2.505658790671104086e+00
2.469242873476417355e+00
2.429909032857905604e+00
2.420641755388126093e+00
2.948297022891005703e+00
2.553982559019766896e+00
2.952516498522675281e+00
2.016147685981279025e+00
2.257017332430075296e+00
2.704127811484572153e+00
2.342218886634798380e+00
2.312852835054383327e+00
2.563944026977923230e+00
2.463405080863655172e+00
2.528695294441275276e+00
2.277296546132149935e+00
2.737629684565761057e+00
2.209229225115910911e+00
2.602622023815304608e+00
2.339229629714042691e+00
2.723568105726307920e+00
2.489937722381602381e+00
2.389821483445548456e+00
2.062007538354571956e+00
2.622475546486351838e+00
2.563397003673281827e+00
2.148223632789865611e+00
2.570665243868811345e+00
2.201665821729146266e+00
2.328585184036065403e+00
2.952840840498627273e+00
2.774110810518070291e+00
2.517218304115765637e+00
2.305471391966140260e+00
2.187814660776659093e+00
2.679943759434388895e+00
2.247164839405626058e+00
2.843333301129464807e+00
2.637057175705169509e+00
1.804139129552305043e+00
2.434589984464396561e+00
2.341688622969681610e+00
1.967826297828108917e+00
2.647891231392756506e+00
2.423909363135778428e+00
2.102589123184263720e+00
2.746096247861883555e+00
2.929041856698822333e+00
2.501945327874640412e+00
2.547729408164648213e+00
2.281080003913848131e+00
2.627776656674417843e+00
2.623535579766659076e+00
2.394465575595910778e+00
2.515644563555458291e+00
2.376100317769206605e+00
2.351453410045853509e+00
2.941099453281435405e+00
2.253812005028037024e+00
2.742582412734201114e+00
2.171587344432144739e+00
2.278012705189745635e+00
2.193108876553782061e+00
2.404182916172695972e+00
2.051310196880823611e+00
2.491401734400383372e+00
2.723160692525489868e+00
2.204818452790188843e+00
2.636154453099106121e+00
2.845497411347993832e+00
2.057650595390252857e+00
2.132390850980468322e+00
2.608866227904858892e+00
2.464030400336827853e+00
2.585485151988213381e+00
2.550142562840446381e+00
2.677249971183808253e+00
2.203350211641906586e+00
2.324911804324081288e+00
2.513726309167011230e+00
2.252831139753122436e+00
2.266995157564593910e+00
2.698132591207103470e+00
2.595891890605002139e+00
2.731725594301328996e+00
1.784915410665517177e+00
2.940957086282079302e+00
2.458619274263652787e+00
2.811975527757409221e+00
2.601811509054049676e+00
2.596515155461001534e+00
2.243839662405620050e+00
2.181893219541117368e+00
2.581464171938055774e+00
2.663914170242373647e+00
1.969540840861511377e+00
2.022091605762202704e+00
1.898875492436261414e+00
2.268092740224277648e+00
2.219262248108263336e+00
2.604581778121957569e+00
2.010522317345161181e+00
2.823829736638818311e+00
1.997600184080751573e+00
2.727277990699647603e+00
2.813101329953087149e+00
2.431618060911540979e+00
1.982721864130492007e+00
2.178290443879386196e+00
2.823437923589418030e+00
2.549800230428920678e+00
2.680421566066688133e+00
1.852490245568280125e+00
2.448600485460695531e+00
2.177344528409472790e+00
2.536725142634128627e+00
2.977499172110060321e+00
2.454886480169875540e+00
2.516264645760478036e+00
2.076044731156932777e+00
2.710666409211849093e+00
2.723189502979626475e+00
2.674065634884820852e+00
2.626036660027843084e+00
2.419750806239609808e+00
2.837985896049927792e+00
2.919410958694004243e+00
1.792120320608820760e+00
2.517079612820230405e+00
2.413712342556808554e+00
2.323095833389708265e+00
2.223429707151922674e+00
2.831764609005182898e+00
2.399289449469045099e+00
2.428090524713740095e+00
2.591824637286483934e+00
2.549831547352491956e+00
3.019206979368064037e+00
2.356364245259340962e+00
2.380597647854041821e+00
2.842123136288426721e+00
2.857583495711832455e+00
2.097006561817058135e+00
2.732601164424177664e+00
2.557520193081209925e+00
2.815386748972546371e+00
2.593048020295352085e+00
2.629843170137988295e+00
2.604238683681129096e+00
2.394945351446052584e+00
2.716419066928328796e+00
2.525905868497368090e+00
2.526714397582199734e+00
2.439999246560040191e+00
2.953241212547474515e+00
2.560437104188297397e+00
2.018522386460298357e+00
2.843936719113444589e+00
2.378091132789395434e+00
2.244638488622324513e+00
2.523811937945657391e+00
2.266830203144123423e+00
2.744612779305566352e+00
2.334548529923137217e+00
2.840593420657044010e+00
1.971745655595189772e+00
2.285114612890268404e+00
2.885764586694971712e+00
2.528159592615398576e+00
2.209457531544247288e+00
2.570576242528368471e+00
2.154667797215756853e+00
2.094935092719884651e+00
2.521884281602761568e+00
2.865758473236688975e+00
2.855752560606791057e+00
2.737196060480776794e+00
2.174056027972374849e+00
2.351984218743735866e+00
2.514724651181929005e+00
2.594480930054813506e+00
2.843694801661370786e+00
2.340974786492167503e+00
2.288577037738540376e+00
1.993692591422850713e+00
2.722442454813390089e+00
2.546118425824308140e+00
2.677714968249839789e+00
2.418329711051394604e+00
1.995053589237994363e+00
2.447236468807112431e+00
2.161412184642422130e+00
2.346396592520470392e+00
2.913378952055026172e+00
2.309681888646810677e+00
2.592208260266058772e+00
2.687349146952693779e+00
2.478944837231387144e+00
2.339494026280773742e+00
2.581464760004632097e+00
2.790244450389554487e+00
2.787844089330154596e+00
2.636347416445114167e+00
2.326497484930156290e+00
2.889613969641973590e+00
2.296963499553409171e+00
2.505983575233526661e+00
2.605805743209065994e+00
2.450903852314014308e+00
2.096011408011066557e+00
2.385325776860932834e+00
2.623796599291110976e+00
2.392418292540662073e+00
2.626693588332829954e+00
2.975305659213109521e+00
3.013116655654822118e+00
2.384647494839928328e+00
2.524622612150024814e+00
2.642283812993848180e+00
2.813254475723871995e+00
2.742224664707585635e+00
2.305250909920891100e+00
2.291456416882436287e+00
2.842382937573842305e+00
2.415100504014926042e+00
2.940635802538938304e+00
2.619856023468867257e+00
2.571250498975045318e+00
2.500020487312404782e+00
2.473810806844210397e+00
2.889018666555118298e+00
2.782556097579513832e+00
2.359964847912408459e+00
2.449288573643148226e+00
2.199255095411814409e+00
2.851430759795171355e+00
2.284391453395306026e+00
2.433902669058164214e+00
2.476004250906462367e+00
2.469713800540626281e+00
3.001019996511930188e+00
2.496510073920483741e+00
2.366812962609625259e+00
2.957105865124121991e+00
2.740385434501232620e+00
2.750813223336683766e+00
2.543867347105411625e+00
2.779870355096643930e+00
2.548353263948017755e+00
2.448062196356842968e+00
2.652445186299997815e+00
2.341757209062532041e+00
2.599808211557996795e+00
2.509814407894332966e+00
2.567897497514372240e+00
2.307156968417710008e+00
2.064545693939517701e+00
2.927382968357284732e+00
2.662101639651853979e+00
2.792912792333051453e+00
2.828930540410676819e+00
2.644845469047276243e+00
2.622159325847979172e+00
2.385072761700002708e+00
2.696218331404224955e+00
2.161984933708900769e+00
2.034768641988172533e+00
2.115792312886436655e+00
2.405396182137331085e+00
2.763980021487715710e+00
2.452337293330389745e+00
2.417716018881891582e+00
2.558192245418996258e+00
2.711872007995729472e+00
2.068456283447170030e+00
2.471819689631253425e+00
2.542933435512020335e+00
2.388348744012204872e+00
2.489210496487119784e+00
2.624080632255616941e+00
2.824620843961322070e+00
2.087218740271946871e+00
2.068438839336954160e+00
2.366788346416071942e+00
2.588748239627403969e+00
2.632247216669843848e+00
2.825823705001763386e+00
2.415050316535197972e+00
2.572940915481657598e+00
2.829340052778825942e+00
2.145525303189024680e+00
2.659354984202423999e+00
2.292455893105306952e+00
2.147411180660129926e+00
2.499627205554983522e+00
2.511953758501246803e+00
2.015375280540848912e+00
2.842783729980113527e+00
2.302190360522891499e+00
2.534477699373691273e+00
2.644820973931338859e+00
2.677239453019496729e+00
2.373211018189298471e+00
2.506555046828136568e+00
2.334424226450400930e+00
2.161974696322615408e+00
2.089805754561447237e+00
1.933405353725006215e+00
2.482402584283072144e+00
2.498526408861374559e+00
2.288547020126955989e+00
2.545216805688542472e+00
2.756374263262899582e+00
2.486877055275792170e+00
2.274715358639715745e+00
3.063034239345918230e+00
2.508512317794593827e+00
2.605869175534365922e+00
1.959704934722475089e+00
2.342899257364540411e+00
2.622732889443194271e+00
2.823648102075376531e+00
1.808431127911793501e+00
2.636094355261917155e+00
2.573410599674056165e+00
2.677381159311002623e+00
2.457741929824540872e+00
2.151388725554402193e+00
2.906389370248387394e+00
2.515247967032398613e+00
2.487621007490131930e+00
2.080045274644520603e+00
2.457427094831443171e+00
1.974875047678950946e+00
2.082311447473694344e+00
2.383454441656541523e+00
2.665047696685031831e+00
2.730598733540685608e+00
2.692517923975893623e+00
2.230341543395369719e+00
2.495599485496368786e+00
2.129177575446442816e+00
2.683543860806987258e+00
2.622620756530372077e+00
2.736139795090554827e+00
1.946244110592331156e+00
2.587771350828390382e+00
2.384201550993327423e+00
2.245720017555026260e+00
2.308926941678767886e+00
2.572405196812038941e+00
2.394647755141172230e+00
2.556815959189291387e+00
2.609378054634008848e+00
2.375934221497877363e+00
2.145114614021375932e+00
2.080435550670975964e+00
2.461161589863996024e+00
2.036038188077297750e+00
2.377211784186331833e+00
2.329093085254786644e+00
2.396705275895585352e+00
1.808736921016852239e+00
2.589135671329568567e+00
2.720555218179987911e+00
2.878248790688748837e+00
2.462851819556184374e+00
2.020676126762283253e+00
2.085717347466644611e+00
2.325294135064699397e+00
2.603842019536131147e+00
2.720620259176089739e+00
2.508463476895116173e+00
2.706126948983604841e+00
2.084900044503086303e+00
2.234342400211350110e+00
2.697040464102148594e+00
2.497875610612750208e+00
2.371555706081027282e+00
2.375986868796509999e+00
2.509905911800029976e+00
2.549681844154580990e+00
2.119798728910111230e+00
2.648353093579219664e+00
2.239755448018875050e+00
2.623743585170679626e+00
2.421272710172047482e+00
2.657555474252614403e+00
2.440452769015400758e+00
2.600245617366576223e+00
2.732474709426348625e+00
2.260609350580701005e+00
2.856667129238889657e+00
2.785365717868656610e+00
2.269988618901646049e+00
2.694074554603389071e+00
2.431207236334524513e+00
2.707056025240710539e+00
2.792773758523995564e+00
2.801949153275327120e+00
2.492501538496256330e+00
2.771212102429986501e+00
2.502090373210573926e+00
2.548655124882064804e+00
2.733469903096537479e+00
2.749866876694619489e+00
2.430773675712073700e+00
2.271454278312063035e+00
2.083587799057107226e+00
2.552695601007589410e+00
2.320401139172572069e+00
2.244890428384776815e+00
2.168166213266023767e+00
2.630560848173658428e+00
2.732262944660402759e+00
2.690085846400778635e+00
1.935258383311190933e+00
2.306771711570496652e+00
2.598693682507271951e+00
2.542235875431904546e+00
2.439745392050144179e+00
2.907797790411869254e+00
2.230181862487022215e+00
2.825184870404670701e+00
2.585483532157256015e+00
2.369485263868284619e+00
2.081688130790983138e+00
2.295986786090692178e+00
2.876455166638793859e+00
1.985420679085754925e+00
2.836602480264005077e+00
2.531228722443616075e+00
2.370979856607731584e+00
2.781699786927292806e+00
2.262866591284026008e+00
2.485834881774454441e+00
2.781983427937008369e+00
2.578150739875269437e+00
2.816035109584741125e+00
2.247035244149006239e+00
2.821009363127712888e+00
2.700771029589741357e+00
2.025436603665593971e+00
2.633148896229189351e+00
1.937338752148275889e+00
2.450094220082860819e+00
2.518181373767513609e+00
2.601880916830719315e+00
2.582919014028464577e+00
2.760736204905039681e+00
2.446843854923574924e+00
2.526362130410228168e+00
2.268532780496550938e+00
2.705362057077683957e+00
2.341891869413400329e+00
2.429615531536614803e+00
2.594767790048729594e+00
2.849957984074031003e+00
2.675728457760935264e+00
1.724988460448984240e+00
2.569597871794797594e+00
2.461428375666474544e+00
2.614064231310428532e+00
2.823521085908465622e+00
2.853693570281503167e+00
2.386847602059908091e+00
2.713397015391133316e+00
2.875380698601581742e+00
2.247359847206633621e+00
2.812979991457221551e+00
1.990323706751431887e+00
2.694323194577166181e+00
2.122988215569626025e+00
2.699991146331025327e+00
2.319055206764025101e+00
2.525878133803447501e+00
2.728363635053629110e+00
2.765466165374653507e+00
2.356771144529103967e+00
2.638734247422232837e+00
2.775882213780667573e+00
2.382755491849895435e+00
2.740775696746756029e+00
2.494539491259723185e+00
2.724239547323856758e+00
2.546522692898347984e+00
2.520205062993540857e+00
2.293224412047740746e+00
2.475138168112307469e+00
2.526217061846345757e+00
2.623246093742428009e+00
2.533257734779846615e+00
2.584176334376236284e+00
2.780317655647184250e+00
2.462316270014653252e+00
2.815219473581542786e+00
2.595793083002845947e+00
2.137552926343181614e+00
2.543879230543224068e+00
2.492706983427300571e+00
2.832643258542663300e+00
2.968628749574412140e+00
2.924881025138427404e+00
2.729796159382115395e+00
2.619717361710490522e+00
1.928195609402983735e+00
2.457038749940659184e+00
2.254341684717200422e+00
2.758021148850170245e+00
2.258074878176103528e+00
2.375825367073748140e+00
2.535487136239829464e+00
2.324447790610064679e+00
2.669500021945828472e+00
2.682848248015003545e+00
2.397706278232806021e+00
2.394509251329651534e+00
2.124622029728483241e+00
1.728107457412261461e+00
2.613750703009334764e+00
2.588760564816969367e+00
2.467278156391844668e+00
2.267530172781852205e+00
2.679558786797392678e+00
2.410213078092342975e+00
2.323344304640096780e+00
2.415027890909736463e+00
2.697209063896097714e+00
2.196736981511225650e+00
2.495770097373862573e+00
2.523681205000078531e+00
2.642834171703301926e+00
2.341782468622779501e+00
2.356351493345365089e+00
2.102015467026688178e+00
2.289540256948813024e+00
2.127739407518339121e+00
2.665007637591366496e+00
2.769137972506166445e+00
2.869898723774756633e+00
2.307367035001727906e+00
2.445787863936355944e+00
2.341312297326493486e+00
2.410074203122965830e+00
2.755724283826833432e+00
2.759754274897660675e+00
2.906463921548331442e+00
2.566138777134095772e+00
2.679987948555750510e+00
2.590738002216097513e+00
2.164447734844118010e+00
2.743198560220785787e+00
2.352394894548234472e+00
2.503666574222035202e+00
2.640224982095912942e+00
2.298783246950755199e+00
2.576801631191621311e+00
2.643526644148480820e+00
2.606326618659164041e+00
2.636412551382336211e+00
2.691843235667693790e+00
2.514155253032185122e+00
2.555627092249819654e+00
1.922912476436432927e+00
2.434966917315411816e+00
2.157150067137555638e+00
2.751059731328157287e+00
2.958736387423099412e+00
2.279262011657512410e+00
2.533447751759510425e+00
2.923552068550487881e+00
2.760035817574828521e+00
2.466679060602821938e+00
2.471894705394358738e+00
2.247896987675535918e+00
2.570229528003561192e+00
2.538372376164343081e+00
2.569069177972651552e+00
2.383432991005336010e+00
2.391509254371282811e+00
2.092354934670388467e+00
2.182260223021053935e+00
2.724523632436926857e+00
2.567434623979032882e+00
2.674967089634617601e+00
2.585473357625585056e+00
2.642842764324520921e+00
2.372879877859415121e+00
2.688595513354011590e+00
1.928305077275541457e+00
2.410155297865276491e+00
2.347619884108411270e+00
2.086961732723078278e+00
2.863400993926184857e+00
2.683698791444320886e+00
2.482593056274807086e+00
1.912043118219631355e+00
2.114449900900475576e+00
2.179264230292766946e+00
2.851708413180949364e+00
2.378816606411208845e+00
2.971529914066983746e+00
1.984765394422051132e+00
2.726340601886935389e+00
2.261667183460789321e+00
2.202467382148257435e+00
2.566603327760708542e+00
2.180847356411652616e+00
2.543022649057817830e+00
2.947973971620930111e+00
2.464129628094260838e+00
2.745031530229547378e+00
2.508178822039540012e+00
2.846582593411838058e+00
1.924425592937233587e+00
2.446032097233217240e+00
2.541553463111378974e+00
2.295925547301796321e+00
2.532835309123228740e+00
2.558774544950987551e+00
2.519525975317145949e+00
2.324921827299442523e+00
2.096322742507809256e+00
2.546104535874252228e+00
2.598424810415933983e+00
2.541867121293862830e+00
2.631259090755396990e+00
2.794221844776468622e+00
2.440076393185332648e+00
2.277180457500279864e+00
2.752683468009421652e+00
2.437938249675493552e+00
2.592726993621403686e+00
2.420026346492717195e+00
2.880022049478673019e+00
3.029113964322979857e+00
2.228503849993944907e+00
2.662690999735193742e+00
2.151917509658496819e+00
2.470812471704365798e+00
2.492755136036343355e+00
2.315343571190642269e+00
2.888774569574462880e+00
2.242757399369733839e+00
1.917703203026976944e+00
2.258215508232341850e+00
2.781779002326377093e+00
2.646323188537864635e+00
2.460977440435819563e+00
2.563067640443216888e+00
2.242286709833904990e+00
2.326029076156187259e+00
2.211121479803979550e+00
2.422490700618769033e+00
2.025900669066758031e+00
2.463096849372522712e+00
2.494305446380692182e+00
1.936758333246553665e+00
2.419922967465337305e+00
2.126276483254606831e+00
2.851489600350558984e+00
2.525506070360080457e+00
2.519810268009313070e+00
2.657177752435024409e+00
2.374129152251879482e+00
2.860099558310720713e+00
2.841638434191803508e+00
2.434558635395490445e+00
2.669801723830778517e+00
2.706142863684139588e+00
2.891343751958951547e+00
2.257148038529665612e+00
1.760779796650575602e+00
2.610394097365837052e+00
1.942432979917263269e+00
2.082239730120336141e+00
2.795403658518441858e+00
2.719294521866014058e+00
2.726404307288167406e+00
2.308182545002389396e+00
2.667609400792580576e+00
2.171910794560817148e+00
2.566691607677317855e+00
2.389657091563332614e+00
2.646206472305256074e+00
2.474972836878096327e+00
2.747309606060828635e+00
2.649594887996822745e+00
2.719827218160233429e+00
2.326994052056071460e+00
2.936858115837632344e+00
2.829161182915062689e+00
2.356940559481171427e+00
2.386135132443683915e+00
2.457685678538744867e+00
2.562905128174242542e+00
2.441614096122940225e+00
2.519252895305714279e+00
2.514450210248034612e+00
2.639140958147391469e+00
2.098572342443222993e+00
2.816065882329787939e+00
2.052041260623337582e+00
2.607309683535925515e+00
2.203888606933848138e+00
2.662223369759914249e+00
2.101432454421078511e+00
1.996132977581994261e+00
2.932190932239466807e+00
2.946008840294358500e+00
2.700059370845678153e+00
2.887016560496310280e+00
2.196951755368949932e+00
2.849569953051225735e+00
2.555618792060558420e+00
2.702306517589863510e+00
2.196572934224582774e+00
2.061256973544509208e+00
2.754921773072557478e+00
2.475502158684201426e+00
2.606785976728158705e+00
2.837818348795189571e+00
1.735501284897055463e+00
2.057013454670677532e+00
2.633021503191117496e+00
2.809012301213060336e+00
2.388426664902374430e+00
2.510720576794240877e+00
2.483943619312773965e+00
2.584276475754894609e+00
2.569887704203953405e+00
2.290056280210412964e+00
2.661849410291505347e+00
1.951710018681880765e+00
2.400322562251085312e+00
2.778789374372818699e+00
2.092440517132305722e+00
2.394126020037566249e+00
2.038229317669025598e+00
2.802273100653840388e+00
2.823973563522962582e+00
2.248908300576188513e+00
2.259933054080138337e+00
1.964937301131174818e+00
2.320546054888649845e+00
2.327996158198336829e+00
2.877244257028219288e+00
2.915546570045872699e+00
2.650514111754888269e+00
2.488591891297465608e+00
2.273197079018270284e+00
2.713052713390411874e+00
2.320431199677063461e+00
2.822370308481765733e+00
2.373122063558998462e+00
2.553418695253809823e+00
2.782030852725213776e+00
2.503293119207793183e+00
2.555507432572138526e+00
2.540746918312033920e+00
2.202688884836969230e+00
2.732588646395797571e+00
2.083812589623770251e+00
2.697670784335100436e+00
2.067110349278072690e+00
2.431634212061929201e+00
2.572869190755556534e+00
2.732207326689492621e+00
2.909361647221209601e+00
2.726047042762981487e+00
2.510064389274533347e+00
2.604390163186990126e+00
2.598220416358044460e+00
2.609261893566142465e+00
2.393941100788215870e+00
2.142876948365742162e+00
2.630881778447632158e+00
2.152341989931296329e+00
2.476863213978535150e+00
2.584352093932346772e+00
2.535069674806966322e+00
2.486383462489899721e+00
2.378364856458040411e+00
2.258876829353062110e+00
2.604754178272418397e+00
2.475205182809948390e+00
1.685608709062051291e+00
2.530988017333946072e+00
2.289322362170786107e+00
2.408350736871343489e+00
2.742298360397845691e+00
2.708648980256999739e+00
2.766387669759752033e+00
2.165520813181265769e+00
2.190290134831726743e+00
2.030027706373544572e+00
2.684447772445690106e+00
2.724185902436462303e+00
2.401581112258451611e+00
2.921549306001140156e+00
2.816138547398492786e+00
2.507889270373360180e+00
2.639620274151510237e+00
2.895741262795353155e+00
2.723196274263811834e+00
2.449684177345054614e+00
2.030213265336213713e+00
2.664140520936522094e+00
2.246868673049918108e+00
2.027722457277375767e+00
2.321782211767968285e+00
2.784899509032201070e+00
2.257158713444626041e+00
3.040710632210094300e+00
1.983888519009234130e+00
2.536013783829011548e+00
2.156210256449739404e+00
2.299193231897947776e+00
2.414488978755585435e+00
2.308017592956034925e+00
1.856891091055368870e+00
2.885446240112450766e+00
2.604497447350496042e+00
2.788057809592834335e+00
2.256327418380213778e+00
2.521834467532643398e+00
2.110766778592186199e+00
2.575119432908042683e+00
2.386733946020012098e+00
2.532740187977816859e+00
2.390456351496434095e+00
2.959172977030323892e+00
2.171750388195059944e+00
2.668025910564370218e+00
2.805123002249950481e+00
2.514041336116952685e+00
2.527868436772221283e+00
2.129339265264864611e+00
2.201161459092161543e+00
2.543342120186529165e+00
2.156994621776639587e+00
2.557454166537813656e+00
2.663391147557395033e+00
2.384596895296074326e+00
2.367264084399675728e+00
2.882766807559300482e+00
1.911288049733017136e+00
2.671083714140840115e+00
2.393353600197060338e+00
2.214876823131584960e+00
2.212343866591219399e+00
2.749541981688840675e+00
2.858402117332817127e+00
2.510617420605144368e+00
2.212972645804746286e+00
2.285313231276995261e+00
2.550017946183233519e+00
2.432140441994368629e+00
2.289955757415513382e+00
2.393340986433686979e+00
1.876276889171974993e+00
2.635520439075378363e+00
2.282527193373512731e+00
2.268330696046245265e+00
2.351297035531355828e+00
2.708921322286226285e+00
2.863078729882708728e+00
2.461775708091904047e+00
2.013873488294686709e+00
2.644751855218424375e+00
2.032655827380377644e+00
2.263236430709335778e+00
2.499237120937142898e+00
2.333148824860505233e+00
2.556127983120959790e+00
2.603756874220839013e+00
2.494096178547938525e+00
2.399544897414504607e+00
2.365728048820936014e+00
2.548524952797365462e+00
2.896800906007980014e+00
2.731552556944801591e+00
2.789785152565296134e+00
2.941592052085204134e+00
2.605425373470522832e+00
2.598786431760309323e+00
2.165359490879688931e+00
2.801159957984744597e+00
2.566987089574090497e+00
2.763608211499807066e+00
2.378875055089687329e+00
2.206997169162933314e+00
2.119819165555232754e+00
2.712871619167241288e+00
2.441354173775694747e+00
2.382766135327123891e+00
2.696602094640627278e+00
2.805982248965676273e+00
2.162034765656769331e+00
2.946507151794708346e+00
2.106832003957707755e+00
2.523177566783824766e+00
2.225528186979540912e+00
2.656199952800306185e+00
2.104971248507586878e+00
2.480694674607270223e+00
2.343277221628715434e+00
2.292371063585829205e+00
2.675134933257901082e+00
2.271955781817399433e+00
2.389795610064613385e+00
2.468244382682647675e+00
2.605171891933044659e+00
2.419927264628935148e+00
2.428249510054827809e+00
2.722316414372219384e+00
2.400877601493510483e+00
2.357414362028617205e+00
2.813700441041375733e+00
2.358630389252848403e+00
1.960454992895714899e+00
2.712810428151509079e+00
2.600634680319438452e+00
2.691668441246771959e+00
2.593428202067993293e+00
1.960141186671449987e+00
2.466677111963203384e+00
2.696905983509137350e+00
2.795739467716818361e+00
2.185414930477538764e+00
2.773011634566546313e+00
2.303886740180348447e+00
2.541560296414477005e+00
2.736973663294393067e+00
2.585764408560702332e+00
2.843681691282849755e+00
2.492863823750761654e+00
2.757555239495031341e+00
2.887398407154605717e+00
2.728629853735276001e+00
2.445449851555364429e+00
2.734074504784471227e+00
2.137504520567742983e+00
2.579635601749431295e+00
2.901700208838285278e+00
2.060002127112175341e+00
2.612219154868087312e+00
2.437049115049956249e+00
2.061954079856422872e+00
2.489210299203600485e+00
2.770444528346441615e+00
2.276852981791204655e+00
2.377902410804689115e+00
2.780461059786675015e+00
2.165451846194722751e+00
2.543371006290370495e+00
2.739559659603206132e+00
2.712775770915490270e+00
2.610507463731696731e+00
2.636461028031407583e+00
2.853168277702981204e+00
2.845824771206663328e+00
2.951134992037945715e+00
2.205714648316899673e+00
2.828684422436735346e+00
1.937568609055076108e+00
2.781235647165871239e+00
2.600163312731324172e+00
2.583621387086592058e+00
2.868459941192980533e+00
2.507753900467756480e+00
2.560205894429035567e+00
2.814033181420589003e+00
2.818834111116354624e+00
2.177359917908535003e+00
2.831495437251114744e+00
2.721940198121228782e+00
2.611556201380873077e+00
2.637034231002161278e+00
2.219606223385199861e+00
2.462819260652466813e+00
2.514375884404068451e+00
2.756167799979035049e+00
2.296690296995969494e+00
2.768710661782110005e+00
2.415731606880311411e+00
2.465550955954593171e+00
2.421474062626065127e+00
2.463593905694005937e+00
2.340700233688856713e+00
1.855100345144578222e+00
2.642286711602851224e+00
2.589815624190704657e+00
2.664008964397104773e+00
2.570345542695594343e+00
2.444644046569177220e+00
2.092102125218669784e+00
2.400463288609999246e+00
2.300485144677015814e+00
2.515321943031419760e+00
2.942649649842944637e+00
2.075305279279772375e+00
2.110525681893918204e+00
3.019394366378692851e+00
1.930750730127410053e+00
2.598310282424132200e+00
2.220905499136414107e+00
2.722849597733701277e+00
2.646299576143013699e+00
2.454174899738448712e+00
2.292720642975942358e+00
2.814582158763283992e+00
2.725340278726315013e+00
2.404036469335805393e+00
2.877297262954343182e+00
2.271222474733889385e+00
2.346896257585751044e+00
2.231886592883969289e+00
2.618137686866702118e+00
2.489972518789398848e+00
2.278310264744010105e+00
2.540781979401776525e+00
2.796345459644590914e+00
2.016204045695446645e+00
2.588009812227281436e+00
2.654163857981863828e+00
2.563724310415566698e+00
2.460542735396678893e+00
2.375603396273611612e+00
2.541967473139276734e+00
2.387338393389914604e+00
2.473248319869403300e+00
2.466973148525713366e+00
2.642628431479216555e+00
2.956794114819440988e+00
2.630012177677081731e+00
2.321333051591431218e+00
1.918596871655034786e+00
2.297057565567960147e+00
1.841721425484050156e+00
2.665355546664652131e+00
2.805098871396888960e+00
2.217001239459449380e+00
2.681956308095766239e+00
2.591121522790900578e+00
2.295532516233923737e+00
2.576032470417190190e+00
2.565148780180535937e+00
2.351844477576087833e+00
2.606099647973850963e+00
2.489080910379198208e+00
2.470796878624900828e+00
2.665329107670777908e+00
2.827847023509059809e+00
2.568230136281276721e+00
2.541340921001259190e+00
2.660361177555785606e+00
2.543396929937824957e+00
2.853732058476778910e+00
2.671153888636523810e+00
2.341423531234341215e+00
2.692195303756864444e+00
2.492240053660017551e+00
2.209806990388003545e+00
2.389793541998668225e+00
3.067772338920291553e+00
2.246173066130634055e+00
2.695952325772177804e+00
2.608430664988399261e+00
2.108893641378462469e+00
2.355811801006289397e+00
1.983133886811156099e+00
2.376866330557800389e+00
2.160275220716134204e+00
2.242646168385703298e+00
2.693507087618803197e+00
2.683520535629219772e+00
2.768296881029375101e+00
2.754364832227474302e+00
2.483085560923993906e+00
2.172070229880533443e+00
2.235076508345551272e+00
2.172238760423478965e+00
2.612448937219322698e+00
2.632685764051716504e+00
2.333988587225797939e+00
2.187983453268205647e+00
2.678881710712601283e+00
2.690407003399152508e+00
2.707572469817893346e+00
2.773752371273973782e+00
2.520379419292917422e+00
2.275521447086124915e+00
2.684908883018140457e+00
2.249804798513392878e+00
2.617374577619076881e+00
2.089586906350620499e+00
2.248377841659884080e+00
2.581244121938073288e+00
2.441758775707019158e+00
2.836616063876586047e+00
2.410464997529537357e+00
2.638927342460858139e+00
2.156132848693198323e+00
2.738202905652360020e+00
2.715740223016009480e+00
2.824347527814549785e+00
2.511547283749153703e+00
2.775604526259586091e+00
2.498796758094295800e+00
2.620508160642308404e+00
2.027216767047258283e+00
2.391661208350835288e+00
2.171995091754765461e+00
2.535825736226889227e+00
2.201017141668225374e+00
2.702480458260648977e+00
2.038335329411667285e+00
2.684515443925850509e+00
2.501044001237498371e+00
2.236042488203966005e+00
2.198329079781584205e+00
2.694916944298300976e+00
2.997007796821769876e+00
2.037688614871818071e+00
2.747288234633710857e+00
2.682505525331658092e+00
2.520956740326778522e+00
2.093025144622544076e+00
2.533042822098214852e+00
2.596243132536310672e+00
3.031678302427412319e+00
2.783589807789929260e+00
2.603682344991625541e+00
2.271058640145543706e+00
2.452628369112502149e+00
2.449332213212888743e+00
2.658389443191034651e+00
2.721835499366561884e+00
2.012127692953471048e+00
2.456346975190037973e+00
2.514890659792368144e+00
2.056049714279036600e+00
2.656374761402402918e+00
1.933263842582988890e+00
2.009881981477453117e+00
2.745719312757868735e+00
2.732986002127508307e+00
2.495416099085937756e+00
2.844499967502914561e+00
2.465149622298446364e+00
2.688396013335799584e+00
2.767338234100901406e+00
2.689323982598983864e+00
2.424001842772341320e+00
2.751943344023840776e+00
2.472169400157336661e+00
2.435070824865545269e+00
2.443198593217362102e+00
2.917323542231043731e+00
2.529629145277212388e+00
2.006711851506501443e+00
2.842117436515457118e+00
2.392369717916157601e+00
2.670751123925893644e+00
2.432993929569387426e+00
2.796290429994563453e+00
2.561259279417717583e+00
2.616253909261644139e+00
1.977327823987234945e+00
2.837180234187607120e+00
2.244355664551407337e+00
2.458058997173516058e+00
2.276882577615236602e+00
2.544939620845583672e+00
2.563206137449508759e+00
2.711641658779711417e+00
2.787852030550911575e+00
2.325188738342433670e+00
2.499118971042602055e+00
2.302210779875841329e+00
2.562652181772568483e+00
2.094621755452112488e+00
2.874905502227574239e+00
2.852383464697410886e+00
2.312744344041878453e+00
2.297851462148051027e+00
2.179742887967930365e+00
2.708416710258373605e+00
2.240190342472101470e+00
2.948701827392873565e+00
2.121874099851291273e+00
2.761898902941720024e+00
3.044505272014233821e+00
2.199261672364360543e+00
2.581479123376608342e+00
2.332263750753542197e+00
2.532419773418345343e+00
2.652924854894210149e+00
1.995631536008795504e+00
2.323986422370484028e+00
2.425899751233364654e+00
2.401348295158551416e+00
2.263416628570511069e+00
2.554979422180075677e+00
2.595146020684820698e+00
2.189686525720718535e+00
2.895748185956653842e+00
2.451400359585902855e+00
2.502328846154091568e+00
2.370974700257478585e+00
1.920255295990011879e+00
2.634235580822041900e+00
2.109370285772816267e+00
2.706170406954702568e+00
2.882504085944042060e+00
2.738397192088282583e+00
2.544554395670824753e+00
2.376880190518793512e+00
2.699917592196547922e+00
2.741691674489919794e+00
2.786124843179497823e+00
2.655263534855356156e+00
2.516528164026371694e+00
2.628262057589660472e+00
2.443346108365128444e+00
2.584572081291276913e+00
2.581167391066873762e+00
2.581506429264541325e+00
2.248446307348192619e+00
2.445173908118648320e+00
2.353825110189879055e+00
2.908179272296044449e+00
2.261870798241223390e+00
2.618599334615085539e+00
2.231506991320505673e+00
2.959057529671206943e+00
2.218374476677117180e+00
2.607463028395712090e+00
2.718697408441356878e+00
2.355665230621764916e+00
2.630640821778329030e+00
2.433224587907301562e+00
2.518907307334758094e+00
2.196258107085399480e+00
2.397253816873108789e+00
2.684357167277333200e+00
2.393960562444342521e+00
2.983198765244556405e+00
2.445997118358493427e+00
2.351781791718205117e+00
2.707542448950790881e+00
2.145963566346063889e+00
3.014451612872354858e+00
2.602098480342542430e+00
2.494786138215428384e+00
2.456935849643689718e+00
2.674151657371348190e+00
2.227947780563106939e+00
2.433034659239805109e+00
2.581165924803455081e+00
2.055118354336293862e+00
2.749272748904732833e+00
2.256854984686626153e+00
2.653010665710521021e+00
2.722533543385136312e+00
2.364162552546834384e+00
2.973867458584948054e+00
2.852475198684253144e+00
2.395561610286144560e+00
2.957510298601313981e+00
2.802260851840642886e+00
2.461638123117945831e+00
2.839294664370345167e+00
2.843544905544745482e+00
2.317993334525777716e+00
2.408031295633104030e+00
2.788754977536754609e+00
2.448316606271459861e+00
2.440577310500468666e+00
1.955793131439083732e+00
2.354002996114812341e+00
2.369261590260900885e+00
2.567399627911361115e+00
2.394979936031183421e+00
2.542078837359821541e+00
2.821617488028597798e+00
2.292453811639039607e+00
2.350881447003973168e+00
2.552952181520964814e+00
2.522768051145873436e+00
2.552546232450856767e+00
2.545289889982079501e+00
2.656734850601684350e+00
2.520795367864566039e+00
2.608344821680970149e+00
2.302939080205164579e+00
2.620774541118695566e+00
2.616196152115498386e+00
2.259607000308366143e+00
2.055743043375358958e+00
2.801679834598736818e+00
2.082065439008337293e+00
2.543666009160352015e+00
2.134748817331900028e+00
2.186831438258456828e+00
2.519112784536462701e+00
2.553830870737125558e+00
2.953147544037928451e+00
2.430459924918781933e+00
2.692159889009184681e+00
2.446483056844346748e+00
2.789723903989520526e+00
2.627415054018148677e+00
2.498192655935456585e+00
2.476548414439173840e+00
2.850550087140177435e+00
2.411760181643208600e+00
2.465756138314748380e+00
2.663413191568666960e+00
2.578235251310150300e+00
3.032091253321987256e+00
2.101657800869409343e+00
2.437265900193873236e+00
2.607187271630641234e+00
2.256119721828569347e+00
2.336576715781646829e+00
2.648988075738103909e+00
2.395843524718163309e+00
3.026589729709995513e+00
2.649871735610934920e+00
2.909078635823650671e+00
2.589690857355409381e+00
2.315619910375894097e+00
2.365239621657142521e+00
2.661389904672862183e+00
2.062702818747187195e+00
2.528214072692809289e+00
2.444099429622119679e+00
2.396294153189590492e+00
2.707081246590294032e+00
2.262898375233254988e+00
2.362223453348209379e+00
2.675882506290815144e+00
2.759273753650109295e+00
2.806026728952228488e+00
2.567768621353531344e+00
2.674482716816367844e+00
3.040675662866374473e+00
2.496805259034752922e+00
2.377622023007166518e+00
2.586442205204577682e+00
2.128246347463042198e+00
2.166174447465837094e+00
2.364659728721401066e+00
2.721605360520415573e+00
2.862525199870603831e+00
2.824342912103357861e+00
2.365469862591464967e+00
2.252225372940965364e+00
2.453397951715524883e+00
2.527621887501613429e+00
2.375355809394199991e+00
1.997561589477025112e+00
2.607245107392091477e+00
2.519038197262293277e+00
2.671648592443555792e+00
2.527892075469176270e+00
2.626653366155390579e+00
2.740895593919060236e+00
2.071581644950481138e+00
2.040647230930843214e+00
2.586406802816488160e+00
2.775149751986915270e+00
2.314767940293866566e+00
2.667723484543179424e+00
2.579548872066211196e+00
2.909307286489740019e+00
2.638705051148865000e+00
2.155981580367186456e+00
2.797284679258433826e+00
2.459926638304394952e+00
2.594099916405010031e+00
2.738345390678632363e+00
2.030833220164349306e+00
2.807731962125927794e+00
2.544198026200115148e+00
2.708153601841073232e+00
2.404654815732640394e+00
2.598992010991878931e+00
2.601417009834639416e+00
2.609104018810425529e+00
2.211644382513463292e+00
2.513676513402578472e+00
2.170394068755327588e+00
2.808570814655314773e+00
2.317972526221318663e+00
2.381791931206884261e+00
2.475152012264810075e+00
2.163545523172336615e+00
2.364258673578916170e+00
2.917423572214165262e+00
2.369760823455249632e+00
1.978915583209236440e+00
2.264430796803711843e+00
2.523213342985017427e+00
2.362912912475785721e+00
2.760675879667795485e+00
2.369133280885653559e+00
3.019555952273516031e+00
2.620455853469363383e+00
2.951955398424124688e+00
2.319761428644343759e+00
2.713502869773730897e+00
2.737101098242746833e+00
2.346950720272458657e+00
2.660530089734765902e+00
2.594174631194118064e+00
2.471185708010579685e+00
2.360180886245917264e+00
2.423178891475782137e+00
2.398545204544540344e+00
2.303814394983733305e+00
2.708967238212518058e+00
2.453093788946437481e+00
2.088421685878805611e+00
2.934960957988727692e+00
2.607950526422480042e+00
2.686750364907348310e+00
2.549131274234404110e+00
2.650871529038832719e+00
2.455129952885146682e+00
2.581353965105813941e+00
2.670316315580727018e+00
2.149829652819107650e+00
2.298570365402231364e+00
2.892527085574268852e+00
2.772647735644031997e+00
2.025116658623069554e+00
2.906402210733389779e+00
2.808849781544294988e+00
2.335359824819779551e+00
2.714929154914640375e+00
2.694836450019656660e+00
2.293296351900013796e+00
2.676324511631082537e+00
2.685376042555368770e+00
2.363753949490985828e+00
2.290715423612565971e+00
2.453279399847845266e+00
2.485931577940447834e+00
2.566668763089279270e+00
2.628099344749459831e+00
2.847294741824577979e+00
2.334976644857924555e+00
2.668911920888338951e+00
2.251691286138703951e+00
2.535680480226260247e+00
2.315592714638206928e+00
2.886636083769846817e+00
2.653585835337401555e+00
2.525170860811937423e+00
2.622147479843391249e+00
2.479106063917911662e+00
2.550982443777089603e+00
2.700341335206641435e+00
2.806063116380515421e+00
2.986036734777977930e+00
1.914446304235493335e+00
2.624634522712624651e+00
2.622532877364466941e+00
2.641529029631365599e+00
2.521455771263279910e+00
2.042362628026615390e+00
3.025250205671673243e+00
2.420989062058942043e+00
2.608007037815978979e+00
2.287482481568122950e+00
2.188630978274981764e+00
2.594464348861289071e+00
2.577430849859970508e+00
2.470066992457865762e+00
2.375601773132494099e+00
2.275285972609195628e+00
2.717143794672437718e+00
2.451747966370980247e+00
2.389237663587250093e+00
2.576003439275297513e+00
2.642322023102390283e+00
2.201332298111955410e+00
2.227474946893730490e+00
2.864672709543387263e+00
2.654457043690129581e+00
2.674862124447640710e+00
2.461705734389684430e+00
2.666688618717826920e+00
1.960045795280434655e+00
2.768658353160554420e+00
2.772124087584803220e+00
2.058124043630923161e+00
2.522725758982383937e+00
2.604236231198725271e+00
2.779916021781214663e+00
2.889289807731564519e+00
2.665170840843693156e+00
2.667390735156490944e+00
2.691241994748148958e+00
2.434630665431803731e+00
2.445225701406569918e+00
2.369001071403403103e+00
2.288378853250757849e+00
2.315423944747198703e+00
2.668596605386498677e+00
2.683564621762819513e+00
2.645023741343493828e+00
2.357704666940489968e+00
2.336539511422424997e+00
2.684430177677588070e+00
2.645580194007508101e+00
2.577826107216159457e+00
2.169978307941637041e+00
2.752146000522766034e+00
2.695220968606233392e+00
2.202823026428757380e+00
2.687705433472601158e+00
2.339750102564417844e+00
2.321606827181241339e+00
2.385280088379780672e+00
2.241404041538861858e+00
2.255887063917967783e+00
2.582976819265773383e+00
2.308762022069550390e+00
2.187449819536941842e+00
2.009816335042065027e+00
2.820965314305191818e+00
2.139564903190736000e+00
2.629723339882106714e+00
2.518892661760633533e+00
2.840395951929279850e+00
2.754152214800171805e+00
2.185011100681546470e+00
2.799230423246589439e+00
2.091335041155645946e+00
2.791237668828669971e+00
2.922856830061366207e+00
2.468315776116914773e+00
2.619390527629065435e+00
2.800402187563623801e+00
2.641817021076802163e+00
2.475257710382131826e+00
2.613979409610746707e+00
2.461365434362906335e+00
2.698320577121311015e+00
2.711700317187590858e+00
2.634130010436088298e+00
2.692423880827420124e+00
2.381759640885549700e+00
2.655379555153404958e+00
2.752139751626622832e+00
2.282905932740610933e+00
1.841551123910472709e+00
2.388140547532686675e+00
2.115083031572262406e+00
2.612127407781611232e+00
2.602454991913677240e+00
2.215969951389027415e+00
2.541017789536330618e+00
2.398128119041935236e+00
2.596367920379623051e+00
2.231870844755420524e+00
2.709987162682450990e+00
2.001532585500251926e+00
2.333165555845730044e+00
2.132070217241248677e+00
2.269595727623969328e+00
2.710434185036243449e+00
2.317521913570740555e+00
2.726551136321297530e+00
2.389902787481728907e+00
2.120919452966131047e+00
2.490126048746840848e+00
2.842412868638119594e+00
2.462899986129131413e+00
2.292611014240938161e+00
2.546461997557118107e+00
2.160094848887082364e+00
2.459094973715064469e+00
2.945930871023668463e+00
2.457622498440882541e+00
2.397292405869442256e+00
2.250459049807697731e+00
2.858776236484719568e+00
2.450420595737586638e+00
2.273252434421974222e+00
2.257806773564991154e+00
2.313116540319201775e+00
2.624820104241335716e+00
2.242830201628625897e+00
2.201759188327824468e+00
3.055309718157563470e+00
2.162832354578582361e+00
2.580297500268993183e+00
2.814751080182329890e+00
2.691579950270191368e+00
2.383068039746213618e+00
2.217400569778749553e+00
2.566268118538623799e+00
2.570073112902967694e+00
2.475693725073743412e+00
2.885838949919416585e+00
2.579454065956664266e+00
2.239104901878635090e+00
2.447267280502766429e+00
2.598584559624200541e+00
2.702088912475065552e+00
2.233630700294893856e+00
2.674401600578558469e+00
2.851683115634233712e+00
2.059528350527386920e+00
2.570171145080704989e+00
2.652057427774237031e+00
2.529392551258702326e+00
2.933404585604901804e+00
2.433935519767484124e+00
2.219038646458203257e+00
2.552726777917420087e+00
2.633137138646162168e+00
2.776656430912012308e+00
2.668285961413055407e+00
2.448626153691083829e+00
2.623922239141057045e+00
2.064144110438021595e+00
2.650018564002565302e+00
2.873125918609392038e+00
2.431796022498692089e+00
2.056801448137308697e+00
2.992103167985018519e+00
2.757775346692470375e+00
2.269640319041521970e+00
2.489610199511281152e+00
2.780524264806890855e+00
2.190264682674026631e+00
2.595858288866194297e+00
2.275502652548343718e+00
2.886390395011661170e+00
2.326861680721159953e+00
2.195823247097645758e+00
2.611686746157009686e+00
2.651718052039686579e+00
2.421041083033130370e+00
2.242105152376671739e+00
2.148046165354628556e+00
2.097135004215468612e+00
2.408448294287164337e+00
2.664677886540749441e+00
2.341240088295274191e+00
2.507134230564323385e+00
2.544440320344913964e+00
2.738996050043887909e+00
2.668499632742381777e+00
2.775385935489186551e+00
2.706720375140826196e+00
2.838170491302565157e+00
2.201254389329425187e+00
2.605222438722959222e+00
2.868423073594764006e+00
2.704583172458423945e+00
2.696972842421747174e+00
1.706468406341650645e+00
2.537548420958588125e+00
2.579318537259494448e+00
2.242238116814074811e+00
2.808008074693429279e+00
2.408650845112503269e+00
2.831611099761874861e+00
2.913749956058459656e+00
2.384384775457258687e+00
2.291438449495123209e+00
2.668192990845313695e+00
2.495099641691745251e+00
2.750539219102815736e+00
2.595778076627056397e+00
2.378265647241914138e+00
2.743804981194267079e+00
2.936288200862029463e+00
2.677660942416340006e+00
2.699379044514127912e+00
2.700867786436739415e+00
2.467009208898354622e+00
2.190282528742188983e+00
2.360962831859874989e+00
2.580371052931826004e+00
2.574080190562567871e+00
2.329766733855330507e+00
2.345213009196871923e+00
2.435220455529549799e+00
2.699918670415056621e+00
2.537636345226517598e+00
2.669696089995162502e+00
2.161883072896316538e+00
2.608664494074877993e+00
2.241186049844675843e+00
2.706604008200566902e+00
2.696235436910016325e+00
2.390494498061076278e+00
2.651283346180572043e+00
2.272176590866909152e+00
2.711116032971427003e+00
1.923290684688406360e+00
2.432158810275106831e+00
2.810955272843666641e+00
2.512006316668160544e+00
2.737736962716463385e+00
2.259542499989465547e+00
2.459307735265087835e+00
2.902970537328410927e+00
2.603220598476745362e+00
2.422103647235733348e+00
2.194019950865634172e+00
2.523589559132341620e+00
2.146822356118931907e+00
2.513172829408388154e+00
2.335469887946534318e+00
2.657982361374269242e+00
2.675617141173797009e+00
2.186068566414046899e+00
2.708641297074238175e+00
2.579847310353835077e+00
2.799640870549555238e+00
2.668019591204624952e+00
2.149262257772590168e+00
2.542648574276667794e+00
2.181524566931684284e+00
2.540057987213307999e+00
2.706463084399667984e+00
2.547465702097784224e+00
2.546828522333682177e+00
2.365442744037327127e+00
2.690313644738277166e+00
2.494659825340487913e+00
2.501035868076419977e+00
2.546865537970068871e+00
2.892522469656940043e+00
2.673664421893799048e+00
2.013955961436254327e+00
2.297504473546536641e+00
2.353116438164444268e+00
2.805609621759815209e+00
2.427615153195921582e+00
2.585302558776061410e+00
2.535441980369646853e+00
2.780838306732544840e+00
2.499797981251227430e+00
2.631133181750951788e+00
2.024750571914795572e+00
2.643225603379646849e+00
2.477627717136537289e+00
2.290719141044106344e+00
2.628529528856440756e+00
2.460876832905879663e+00
2.379149451083374167e+00
2.533916025458813337e+00
2.732692146159209745e+00
2.251475090498086917e+00
2.573193154653724335e+00
2.425693530097055461e+00
2.100791056714379046e+00
2.559541096316971576e+00
2.489054895917996113e+00
2.432391494284770861e+00
2.615903480326414510e+00
2.256798380764538869e+00
2.175731173180562195e+00
2.299269006125818748e+00
2.291931282743084886e+00
2.498609365983101682e+00
2.753597976276146664e+00
2.007031723273354995e+00
2.775574014594836214e+00
2.691638704026540374e+00
2.721351100202118900e+00
2.571364919951094841e+00
2.679296223119303821e+00
2.422681777373849155e+00
2.607640907274585196e+00
2.277130402605619608e+00
2.568892647486075820e+00
2.399818014762895579e+00
2.862130436454315419e+00
2.248632336469171378e+00
2.455704471842701242e+00
2.734053169846754727e+00
2.617748570223749738e+00
2.409524672461035522e+00
2.722901508955947403e+00
2.564786694961329161e+00
2.819040827149076112e+00
2.682216045006619698e+00
2.395475471128597711e+00
2.913145926826133714e+00
2.766031952741760946e+00
2.650470539178300555e+00
2.084666560616262210e+00
2.824745791847802501e+00
2.658757102338434652e+00
2.613715607484009329e+00
2.742409476070739149e+00
2.821747310315820378e+00
2.946680393046807289e+00
2.462325098162530868e+00
1.999480192201819495e+00
2.734868197885598651e+00
2.673146910337902860e+00
2.490701536645520964e+00
2.729478312458351486e+00
2.011388866455034563e+00
2.565299249722460484e+00
2.263667086418162278e+00
2.782731773556138322e+00
2.840021047272479393e+00
2.649421347811739658e+00
2.689335023111001810e+00
2.763327011477429984e+00
2.191106239820633128e+00
2.706784453191080964e+00
2.641993525445863522e+00
2.564354471369238109e+00
2.365166718249839484e+00
2.809568002539436282e+00
2.591018308431759287e+00
2.467649648144956132e+00
2.461685609889808113e+00
2.682552149092723326e+00
2.251476205372125339e+00
2.665569229533323092e+00
2.339393277601629517e+00
2.318798472407164191e+00
2.628125873892519504e+00
2.257062651490834515e+00
2.474421908984713703e+00
2.651147637799989187e+00
2.454817496856727121e+00
2.634306186902359848e+00
2.493716512089335424e+00
2.730706063589142030e+00
2.288704674606542255e+00
2.283941812906099322e+00
1.931309897619001514e+00
2.265745408908926173e+00
2.117896053572949189e+00
2.296307607925688998e+00
2.296445420695341078e+00
2.815622945351027528e+00
2.554827772868850211e+00
2.716620686677551966e+00
2.354126326968917660e+00
2.582311347219904185e+00
2.577067333252704096e+00
2.290904283133987640e+00
2.413053028947631518e+00
1.834592816239500213e+00
2.627594063062505203e+00
2.273817639864240014e+00
2.570150727700053039e+00
2.082205218584079809e+00
2.733398656641329083e+00
2.306425893754390888e+00
2.720378389358481641e+00
2.620218334416057893e+00
1.887635659002327104e+00
2.388461033634535990e+00
2.786105639311857285e+00
2.759889592357817278e+00
2.285421433863995322e+00
2.705707628395564335e+00
2.059660502085350675e+00
2.285885028191438462e+00
2.021779203619681553e+00
2.565386931648435453e+00
2.281027487636611895e+00
2.540738290207156691e+00
2.209000384027636432e+00
2.964521201697508435e+00
1.963387034745495807e+00
2.593529983300438602e+00
2.462220058997631522e+00
2.400281405491933917e+00
2.481218567977836909e+00
2.755973255532014221e+00
2.284197967301421439e+00
1.996753318729860283e+00
2.258198942779656715e+00
2.605932380235035151e+00
2.588444419865211454e+00
2.495810611307834215e+00
2.707466928794798999e+00
2.312559260327240906e+00
2.218539609135606216e+00
2.536206437394076474e+00
1.950541016569095953e+00
2.749969383226169128e+00
2.412183613415183725e+00
2.092704548930406361e+00
2.338219855392034141e+00
2.713491698739548763e+00
2.465445988563861324e+00
2.142911319963867633e+00
2.324396071974126787e+00
2.315259445093862389e+00
2.260311687524721336e+00
2.454571117662087687e+00
2.722204074537482033e+00
2.043497353194385191e+00
2.495601442176500484e+00
2.324982083563880586e+00
2.179213174440286060e+00
2.491072874447864294e+00
2.817507630785593520e+00
1.952836150922192315e+00
2.779102360094223734e+00
2.930775142497831443e+00
2.029832998315561632e+00
2.477807651275340195e+00
1.952861139144591585e+00
2.765977207602545285e+00
2.202729355496494623e+00
2.330082969818572991e+00
1.929147402686652413e+00
2.776642279383271905e+00
2.213876229356711356e+00
2.598259638748589673e+00
2.438082965195861984e+00
2.352318762105512384e+00
2.349092314879292598e+00
2.222307528820967715e+00
2.760441505558325126e+00
2.784893540330461548e+00
2.102679960512293444e+00
1.825524581326483764e+00
2.646990009316795511e+00
2.506298726927026266e+00
2.701100924185922736e+00
2.326180516887177863e+00
2.566765048124494797e+00
2.277275964795108187e+00
2.559650241922439395e+00
2.390077411060246959e+00
2.819428559564161496e+00
2.778369816867475972e+00
1.885887777600224968e+00
2.590254756424324345e+00
2.742439705702699015e+00
2.057115215363042537e+00
2.778281581822500623e+00
2.549089408737222229e+00
2.570683959181497613e+00
2.585214131543867033e+00
2.523613113111533579e+00
2.479487814358443121e+00
2.310400040256034959e+00
2.373341868382849551e+00
2.341182990921782725e+00
2.705925373099756559e+00
2.395751236937905926e+00
2.557730744995845740e+00
2.240330489004514813e+00
2.825685287713610716e+00
2.531978273545315794e+00
1.937193527316334540e+00
2.167071302649571596e+00
2.675015446154868304e+00
2.801340593204773466e+00
2.679276133589965969e+00
2.730485410966377202e+00
2.337987159705908091e+00
2.750531523162173642e+00
2.584312952224208093e+00
2.318794770648774595e+00
2.602304762004830518e+00
1.945536955929733081e+00
2.923340735285386849e+00
1.892420107030830634e+00
2.271475236416612198e+00
2.812852873336298742e+00
2.403682580271061742e+00
2.756836661501020025e+00
1.859415641821552390e+00
2.801019570565321359e+00
2.417934645940153615e+00
2.623552043212885376e+00
2.397496038353921666e+00
2.214083175235441292e+00
2.862510740679857779e+00
2.241458076649720077e+00
2.303270547564592707e+00
2.443256482935399987e+00
2.260975116679301067e+00
2.501724652174513341e+00
2.125301426460523668e+00
2.636832710488044462e+00
2.176029068976635727e+00
2.955248003398928347e+00
2.570544162971192925e+00
2.460222689191139622e+00
2.580031988186074710e+00
2.247297658693541145e+00
2.219345889518677950e+00
2.804742257867985256e+00
2.637928246572139201e+00
2.860982823535161312e+00
2.794684669622435447e+00
2.285508718810585815e+00
2.583132455684699291e+00
2.138720648800795487e+00
2.804300165510913878e+00
2.232423553118110249e+00
2.479913100977858331e+00
2.535512378924808186e+00
2.451244021335582168e+00
2.593394879360186867e+00
2.787212983886168338e+00
2.812532625765204131e+00
2.835979324618506325e+00
2.519715540490782058e+00
2.340277483029856942e+00
2.376176569599596444e+00
2.365411812360382449e+00
2.673744790524548609e+00
2.532483447028866408e+00
2.431872338083338470e+00
2.559488275832173976e+00
3.075720433828245781e+00
2.428929418836932363e+00
2.215261719804258789e+00
2.723536008767695193e+00
2.297433737733805881e+00
2.731352049633860357e+00
2.862228685797931327e+00
1.902103888534247167e+00
2.471114638831874544e+00
