2.324716571343385496e+00
2.441389698069515557e+00
2.003868835034340989e+00
2.235324979523458211e+00
2.469088271701644466e+00
2.593164555022568596e+00
2.395699662712454270e+00
2.004422653637067064e+00
2.227911800752982785e+00
2.583409829149178716e+00
2.948162040505516224e+00
2.362194027075222635e+00
2.484357845245636298e+00
2.617354262908144324e+00
2.261708700998656507e+00
2.391661446191358120e+00
2.154463421648749488e+00
2.369419931346963715e+00
2.301627792734538769e+00
2.402338194356738121e+00
2.397376717825578929e+00
2.868482224683869042e+00
2.549337679776310317e+00
2.075805369607861550e+00
2.282383855247521520e+00
2.510668272843745719e+00
2.482370837515090578e+00
2.405516710901618893e+00
2.461722887047113062e+00
2.333779997536737483e+00
2.220904864677325286e+00
2.352721243255351702e+00
2.425787308035778356e+00
2.586889557295259490e+00
2.343492974845869714e+00
2.893661690078690452e+00
2.259634100992938155e+00
2.488346546648656066e+00
2.516605586562877139e+00
2.489681236399091890e+00
2.338986010775147228e+00
2.351516555427176414e+00
2.317263747874383384e+00
2.033362968402785853e+00
2.936322365923875743e+00
2.533773564161826641e+00
1.976065161525460079e+00
2.434825962621784079e+00
2.255641457377020043e+00
2.523381475113969152e+00
2.365054133543449399e+00
2.796990946316716187e+00
2.021139875156414689e+00
1.889283503425838173e+00
2.435784071170529863e+00
2.109912632240873887e+00
2.983500314361799965e+00
2.126479371353564574e+00
2.379087350360997721e+00
2.233363572654538665e+00
2.568075675918891854e+00
2.308911429363479151e+00
2.831830629928406395e+00
2.716680725430962617e+00
2.718659924225766744e+00
2.495348467563586858e+00
2.693798736468934862e+00
2.569412906619868320e+00
2.167343030505983315e+00
2.361926063130776576e+00
2.680771733337487195e+00
2.409772904185247366e+00
2.330241720741579758e+00
2.298398251084038613e+00
1.991123427973256810e+00
2.461429943812939669e+00
2.584545335015529854e+00
2.568909545685964524e+00
2.524234528457724114e+00
2.357709169603365407e+00
2.094836949332171905e+00
2.121730044648566071e+00
2.416837796191311227e+00
2.219189915687918457e+00
2.606052771978668581e+00
2.691799216863908661e+00
2.704792122406295185e+00
1.854524227302968065e+00
2.671532676989680333e+00
2.776157000707828448e+00
2.410800823216290745e+00
2.258653005670340441e+00
2.766302391575143904e+00
2.197133115050404317e+00
2.301852932982774380e+00
2.511462304420889247e+00
2.500359252423958178e+00
2.408163941562197152e+00
2.315556750969309352e+00
2.728454003180762033e+00
2.335851148543093281e+00
2.787988790121289640e+00
2.467500737780246034e+00
2.331460555593150463e+00
2.304559476425840359e+00
2.694350446956249368e+00
2.187565086354501531e+00
2.920616905092269455e+00
2.297973552286533661e+00
2.195064751868460728e+00
2.442765323694869206e+00
2.588359032024377004e+00
2.631736414051145445e+00
2.445519173812225944e+00
2.516706096876672127e+00
2.212986902535328593e+00
2.629719321183167313e+00
2.330614689055396482e+00
2.704317365963615050e+00
2.594710684947652002e+00
2.252757474281715577e+00
2.356122524278200459e+00
2.010861058248149646e+00
2.446254280217543986e+00
2.404082883288868544e+00
2.519915463993063653e+00
2.390057452852417441e+00
2.283292277461097530e+00
2.208113046442946370e+00
2.918697663361859096e+00
2.451740972016224429e+00
2.672074253932253729e+00
2.853523815805246944e+00
2.337516642160379021e+00
2.498954100471734829e+00
2.491492615306025282e+00
1.753239126987869101e+00
2.170041120110044019e+00
2.415608451263026701e+00
2.352996776088978503e+00
2.306514320531269480e+00
2.582904391845989078e+00
2.362662571327329264e+00
2.747018809362285374e+00
2.680833923620969728e+00
2.473865782422191462e+00
2.663015609419417729e+00
2.793586768915688801e+00
2.307891554802303347e+00
1.911699676730166386e+00
2.544094684411643215e+00
2.903956058721194999e+00
2.691729683111461213e+00
2.171482620143645459e+00
2.274485319207227185e+00
2.595979244363955551e+00
2.088591841117553916e+00
2.439438708747134310e+00
2.009981660713617835e+00
2.829812499929640346e+00
2.035533840053466381e+00
2.177952220293275953e+00
2.519401037472985827e+00
2.220239397342119503e+00
2.656320910322376605e+00
2.384261749822996101e+00
2.371107764504710502e+00
2.125303774246716237e+00
2.708172215012774942e+00
2.338261597859659702e+00
2.437593125307631059e+00
3.078705740205305297e+00
2.375564947100490265e+00
2.459987101247529395e+00
2.506652618042885194e+00
2.585272819445998849e+00
2.402911556010325800e+00
2.735960698232828392e+00
2.603385951118325270e+00
2.888504117581901731e+00
2.490977537481274595e+00
2.391634209880949768e+00
2.616715730771989712e+00
2.223209857743251749e+00
2.392282570766416150e+00
2.232633907872428658e+00
2.283740289580895588e+00
2.709403436745746241e+00
2.562579696112663896e+00
2.603352178802954775e+00
2.827377918111929400e+00
2.538058053206814435e+00
2.456257770723884182e+00
2.237223296479338153e+00
2.597551360355129013e+00
2.429887680060733413e+00
1.870358125840188457e+00
2.238531784834360217e+00
2.833045769803038016e+00
2.411659976372050984e+00
2.817929617961055566e+00
2.196743941890037632e+00
2.576797433275426208e+00
2.542983223867220754e+00
2.073754497532020569e+00
2.051119762864613172e+00
2.477595502945244110e+00
2.192883104534485206e+00
2.268749313385113986e+00
2.258392286606533794e+00
2.258159812002090483e+00
2.312273565226113270e+00
2.629205536527285503e+00
2.633244997225614004e+00
2.589027557916142808e+00
2.847764112976303164e+00
2.533913982267254728e+00
2.565524013134722559e+00
2.503810759544289333e+00
2.155787559423194999e+00
2.519130603416272596e+00
2.192932966928697880e+00
2.332258644138590409e+00
2.756909148671836896e+00
2.839335604237540167e+00
2.132730866609881648e+00
2.836529339339448619e+00
2.252356611795028662e+00
2.183444826752877876e+00
2.677876279957868810e+00
1.986751881992382840e+00
2.506675959979575374e+00
2.532820310335210934e+00
2.338851152140302592e+00
2.647683234810532138e+00
2.541984451233242126e+00
2.784540164932395090e+00
2.806548332739872809e+00
2.585080446046248426e+00
2.138717933992590581e+00
2.940924030081586427e+00
2.465630764281798282e+00
2.324327130419982623e+00
2.351903466771331441e+00
2.571302526937955690e+00
2.765529327930566605e+00
2.126398947546897844e+00
2.050883316781604293e+00
2.705436589433953820e+00
2.204402855533380112e+00
2.207745154621347794e+00
2.330173357380989518e+00
2.314642332700128868e+00
2.700653094258996578e+00
2.642765387657534326e+00
2.112111600606130679e+00
2.025140727497315662e+00
1.917382749026141031e+00
2.752770593396786314e+00
2.327996030071852296e+00
2.328415030325334811e+00
2.622134434593339058e+00
2.688701943987322984e+00
2.322297396993361573e+00
2.822232059900353640e+00
2.194989971197422118e+00
2.653648011117901273e+00
2.440594387063381276e+00
2.394616246454325914e+00
2.504733208171080250e+00
2.731508849123869709e+00
2.735743774084629543e+00
2.373196475850110509e+00
2.290080811368088831e+00
2.825708797690879237e+00
2.325462516962272019e+00
2.117098803260971884e+00
2.303360570765430104e+00
2.674383373249206386e+00
2.306318635444071674e+00
2.424481242929285241e+00
2.522640890225795296e+00
2.389874378772153918e+00
3.046706591842905709e+00
2.322973014037434059e+00
2.789479671111743109e+00
2.357802882032957292e+00
2.295522593047108817e+00
2.763378675803839446e+00
2.632020543662519252e+00
2.033558114499640634e+00
2.464409573710645507e+00
2.473140651208518115e+00
2.364032579293323444e+00
2.685902760676145640e+00
2.678190445589441193e+00
2.245973182566423088e+00
2.674645472122471279e+00
2.913014588919196513e+00
2.754678673369248099e+00
2.295824909097476940e+00
2.302707874852480074e+00
2.285150039110266817e+00
2.463992773915218315e+00
2.344840834208500091e+00
2.191216643309061407e+00
2.036060331242519617e+00
2.612130131326339644e+00
2.420170402601469206e+00
2.361843969691471479e+00
1.967333132195105083e+00
2.543692116431883310e+00
2.342244607543471524e+00
2.476645157503171379e+00
2.413719724296483626e+00
2.406686838949897655e+00
2.422549051630356942e+00
2.692942412828945642e+00
2.464257166135852550e+00
2.027062496185412677e+00
2.378302501544519387e+00
2.717354551918282013e+00
2.302249129184273269e+00
1.762211226021327182e+00
2.815715185855460767e+00
2.441952851443460748e+00
2.580471253658320752e+00
1.888619161735695995e+00
2.819940981045356398e+00
2.699360975806155416e+00
2.045961251610404208e+00
2.644836395262508688e+00
2.217097139792752358e+00
2.332799368535931173e+00
2.557768600137055426e+00
2.653917522493393744e+00
2.724603727130634923e+00
2.225592831817371664e+00
2.606791357399766973e+00
2.686533119121770952e+00
2.563784348740649310e+00
2.452943597402142739e+00
2.198436807823077821e+00
2.580471003319053214e+00
2.335951722711281597e+00
2.340402116452422465e+00
2.006991720631609688e+00
2.457609725357471575e+00
2.686380542388652426e+00
2.355746646995520166e+00
2.519183585667509551e+00
2.309393895575643896e+00
2.306863474920414880e+00
2.510556264587028963e+00
2.403423889514151313e+00
2.109646672785585153e+00
2.692166072119202447e+00
2.487576414209942133e+00
2.652150414277738566e+00
2.481565500205791253e+00
2.668306377012580999e+00
2.374679228414733334e+00
2.415476515674783276e+00
2.290416011328982648e+00
2.441763397349805409e+00
2.464675912058938323e+00
2.681257019730896918e+00
2.151387711605691422e+00
2.729860564790149269e+00
2.502759721794380887e+00
2.083953714999694284e+00
2.307373313135291149e+00
1.832131191076590282e+00
2.487975758117785485e+00
2.477041148277840943e+00
2.396808012501613572e+00
2.154959816371690540e+00
2.299910256214374282e+00
2.484310318148609475e+00
2.398269068167173224e+00
2.327337267328933201e+00
2.041404749099140048e+00
2.027540890348543012e+00
2.412129475741586759e+00
2.454379831349911889e+00
2.497680363061836495e+00
2.391265951357441022e+00
2.563595077686509072e+00
2.376941637680099362e+00
2.198706303481212210e+00
2.917824694004000907e+00
2.651908034365033640e+00
2.292210777090128992e+00
2.147184272516894588e+00
2.793978934877704212e+00
2.149653027742427724e+00
2.511227866280047127e+00
2.509524479113551365e+00
2.741689048323672218e+00
2.850947680800995698e+00
2.295488115094201920e+00
2.271413405503363681e+00
2.404900059705735504e+00
2.444647109320372547e+00
2.698500350297471151e+00
2.674049368711062247e+00
2.554757008186286260e+00
2.371913183381045620e+00
2.639951822006901594e+00
2.091761952768230515e+00
2.106247502308864483e+00
2.381336207627587687e+00
2.806911952818817557e+00
2.684117648307697834e+00
2.422144633071825481e+00
2.265482257120960519e+00
2.337316568281328166e+00
2.673445368505881881e+00
2.825487828643563848e+00
2.390448085158635827e+00
2.574024757235158667e+00
2.768356522734622072e+00
2.617160993344136877e+00
2.497874681067936198e+00
2.154953960901718091e+00
2.108733333992642844e+00
1.632327277981910907e+00
2.602739880517403570e+00
2.269190397984706120e+00
3.060117184550559699e+00
2.556294856730887410e+00
2.547309113243330980e+00
2.328464062473881491e+00
2.678150778668796583e+00
2.559912090550515718e+00
2.121254269225161693e+00
2.037194259142731667e+00
2.283855837692605917e+00
1.927166152897094475e+00
2.378657214086035587e+00
3.015051576718085435e+00
2.981814316942168031e+00
2.360754730120047995e+00
2.897471781111001121e+00
2.935548905101552641e+00
2.744539688639922481e+00
2.549543561028940086e+00
2.274695103056506351e+00
2.627571262168753474e+00
2.455321978859400289e+00
2.323198272720295332e+00
2.497423409240494330e+00
2.310429967789388250e+00
2.448300192376709816e+00
1.946039096474356134e+00
2.479703105492705006e+00
2.431892769341154725e+00
2.152506468270443118e+00
2.295633426739347449e+00
2.405670121542843543e+00
2.678345784625014048e+00
1.966465948420751619e+00
2.388383601572455106e+00
2.524207413483411155e+00
2.328387840978307199e+00
2.403747942548337679e+00
2.075355032591756022e+00
2.052078955759897738e+00
2.539398241998219508e+00
2.348976943965839670e+00
2.710739213481607290e+00
2.357943651292145226e+00
2.660134504788981058e+00
2.631379486734857220e+00
2.417557752107875491e+00
2.068990349148563723e+00
2.297737448715144293e+00
2.786327300412759556e+00
2.530773765022439115e+00
2.535173094496112611e+00
2.482143469613051323e+00
2.396443143124829422e+00
2.296951662716873344e+00
2.009692419783351447e+00
2.613545248211244676e+00
2.813241431820911576e+00
2.309571427143341182e+00
2.600451498054154875e+00
2.428817256379667278e+00
2.046664428645690315e+00
2.748711835585790464e+00
2.341507533135740893e+00
1.799401393821027595e+00
2.333935306450136693e+00
2.462747893973087798e+00
2.118026607741202216e+00
2.611581168716790025e+00
2.084127496866223339e+00
2.313029268550197415e+00
2.093997865707011741e+00
2.597828748825424139e+00
2.803079205256312267e+00
2.374263163590080605e+00
2.010525829902008788e+00
2.571308654561752949e+00
2.505767549996629651e+00
2.589316293228326682e+00
2.436894434543514620e+00
2.463804955618988490e+00
2.945068974161176634e+00
1.979124540152656264e+00
2.575085549633421955e+00
2.120466312617788951e+00
2.435515894789835212e+00
2.416942890121821730e+00
2.059219243210340888e+00
2.859303612213643486e+00
2.442728125376897541e+00
2.549342334653604603e+00
2.244709638878027214e+00
2.555886381219755421e+00
2.409387821051380829e+00
2.578778635792754681e+00
2.142187505237395762e+00
2.314828343656172294e+00
2.181288034982997726e+00
2.462319419027160450e+00
2.706008366157209633e+00
2.519965820784399568e+00
2.218326238448407040e+00
2.402626386130839009e+00
2.569371642316315096e+00
2.521985585807086760e+00
2.334380055742008686e+00
2.806317804079906608e+00
2.435971935803821431e+00
2.589873910711798732e+00
2.276601874190674835e+00
2.609703088564246265e+00
2.152852178911663472e+00
3.026130574279189300e+00
2.420576277460219750e+00
2.243521836142374326e+00
2.930043965763547753e+00
2.448393064157428967e+00
2.778252053234925967e+00
2.611885267752568129e+00
2.350418809181462620e+00
2.305965999310119585e+00
2.882129832982532669e+00
2.366987019030769801e+00
2.951764345682494906e+00
2.748749198202570909e+00
2.218086246192247479e+00
2.425122865472121969e+00
2.234539900301695692e+00
2.453437029621953425e+00
2.103517114197819726e+00
2.460804191033878929e+00
2.580330114650196016e+00
2.367515744454840920e+00
2.436554333216455870e+00
2.437444734061594342e+00
2.742643657415719805e+00
2.772683666030135718e+00
2.401312919389670508e+00
2.142864726719920121e+00
2.301936438884173874e+00
2.487024612222641817e+00
1.878439233444232803e+00
2.414795278670022416e+00
2.215853916285698499e+00
1.986324668883856948e+00
2.658158193992287366e+00
2.319737817015460557e+00
2.669966063723241412e+00
2.732595743898294849e+00
2.757593647240681900e+00
2.285193837893555013e+00
2.070064349354263644e+00
2.367968675118675037e+00
2.300723511495169404e+00
2.404414147314778649e+00
2.634568567922650928e+00
2.785098280849277685e+00
2.545674809526004445e+00
2.612951150629374553e+00
2.482822119993112420e+00
2.770383296971853149e+00
2.627018645538067076e+00
2.550589564012685440e+00
2.433738642326944479e+00
2.635259432987291817e+00
2.785499818282526352e+00
2.907117240046033668e+00
2.604989787198145557e+00
2.303659509422548268e+00
2.416430775392756303e+00
2.907052345886715905e+00
2.368640799857455903e+00
2.406953122964749614e+00
2.606367610618036679e+00
2.816378826786802403e+00
1.969746545615353339e+00
2.477559907374891957e+00
2.357135731251799537e+00
2.413632508675242594e+00
2.132812175703866941e+00
2.665772021696590777e+00
2.384823536505688679e+00
2.723439452836669883e+00
2.314140432689965277e+00
2.569854919759660739e+00
2.502466331043622816e+00
2.259884863974837899e+00
1.948602065765185021e+00
2.421779806119444878e+00
2.037482199032020880e+00
1.946105304677217207e+00
2.077956692536159000e+00
2.424534095237163012e+00
2.717299637416988656e+00
2.344574062762886157e+00
2.053320343451337848e+00
2.518656679199319903e+00
2.710744291255104965e+00
2.046291803345396509e+00
2.173683987816573016e+00
2.609408604476405991e+00
2.583947022280260963e+00
2.418685776164541057e+00
2.540300820048769559e+00
2.160158858172931851e+00
2.873051301630495491e+00
2.703912977203582368e+00
2.449570684296328515e+00
2.735135461931168077e+00
2.847670658403217647e+00
2.740658480305395717e+00
2.071424686622305167e+00
2.170026463041876852e+00
2.026405038815020987e+00
2.400647974713091770e+00
2.379598572268295964e+00
2.551599683944810959e+00
2.642399716502965568e+00
1.899128313562777004e+00
2.797213691094190047e+00
2.554828905172714215e+00
2.372443802671370339e+00
2.119410230068324630e+00
2.587198364044230203e+00
2.787824286290716547e+00
2.343864469256853322e+00
2.034934440096701991e+00
2.411140929589979720e+00
2.650189831748234859e+00
2.580989463873804901e+00
2.656492176827737417e+00
2.583484846210433172e+00
2.675496382334386247e+00
2.238065608145130003e+00
2.171727203839475706e+00
2.428931714456584956e+00
3.006326405595574514e+00
2.185508136754343411e+00
2.465313811952750012e+00
1.990773127910405060e+00
2.669688008493215747e+00
2.751337486351858264e+00
2.516202286189840542e+00
2.286761563346040305e+00
2.718859803983376011e+00
2.431471482757086910e+00
2.843424137582743150e+00
2.217754880232891690e+00
3.064289526384946782e+00
1.910528724005231771e+00
2.278037068063631487e+00
2.792298338974958050e+00
2.018937120627841253e+00
1.980806909576308561e+00
2.622675908291516311e+00
2.622407104165513925e+00
2.201609134717309235e+00
2.307117515122240281e+00
2.151148396915944616e+00
2.319524772764146370e+00
2.714292726411501988e+00
2.431728703049392593e+00
2.552421312881228310e+00
2.303898687665335565e+00
2.550864983319848456e+00
2.328723376811440371e+00
2.317859107373445138e+00
2.476610480750223608e+00
2.166661055884808285e+00
2.494329993971752035e+00
2.391756532471283059e+00
2.322716841640743546e+00
2.746386578830631642e+00
2.532234994488262281e+00
2.773817730126777015e+00
2.606336576157591622e+00
2.803937168911786681e+00
2.742093754487484158e+00
2.305891469540849670e+00
2.494140479256714116e+00
2.402263187922260013e+00
2.171880247365627792e+00
2.570556746942146642e+00
2.665569236651223584e+00
2.553318658237343275e+00
2.142984029450641703e+00
2.052140643924111885e+00
2.807588442572990672e+00
2.304734020962483143e+00
2.648094799807302113e+00
2.458693616367300994e+00
2.446819667773260765e+00
2.798487921868932915e+00
2.486772647784627921e+00
2.028427881839828473e+00
2.846697320305325185e+00
2.437465574820417036e+00
2.097149890969978614e+00
2.312669020521616936e+00
2.291411939279164312e+00
2.336362437632771627e+00
3.091485656427164663e+00
2.185244386499187286e+00
3.049505635386128954e+00
2.855160167659691162e+00
2.251587686197074056e+00
2.306275658873862877e+00
2.147190675217020228e+00
2.325971904436986648e+00
2.513836551630338700e+00
2.638089473083708114e+00
2.929271991017444954e+00
2.060899694825703676e+00
2.782014207475143941e+00
2.678117166125249415e+00
2.643170246465067930e+00
2.564315920155535000e+00
2.748462836067161241e+00
2.546513767155389907e+00
2.590427553110524528e+00
3.008338440190402530e+00
2.458437572373653346e+00
2.444085688012008539e+00
2.606030202013770669e+00
2.687162745282192233e+00
2.495095802278290975e+00
2.438469921083631142e+00
2.145864187020580349e+00
2.549566045220226229e+00
2.874762114368359711e+00
2.102833726431059702e+00
2.796121035039971225e+00
2.449072780147163453e+00
2.255680073576770361e+00
2.872914046893641604e+00
2.372963565349851311e+00
2.638474604466948925e+00
1.911075152763404006e+00
2.497193876568211568e+00
2.596509713956530963e+00
2.620113330391413697e+00
2.415194434000395241e+00
2.365602973773879292e+00
2.617929612733185252e+00
2.276875006863265050e+00
2.233763678168061872e+00
2.665243870308158236e+00
2.025664725747092554e+00
2.726545513041530366e+00
2.772389366898577734e+00
2.253288110090217788e+00
2.479414994650232629e+00
2.295820299982306523e+00
2.824365102351749979e+00
2.550129216362855278e+00
2.688481582623268640e+00
2.148991121734083798e+00
2.301438102889760362e+00
2.439928892305069041e+00
2.741350999176301428e+00
1.875589344872907294e+00
2.791819941191427734e+00
2.440573256628884025e+00
2.173107186846257921e+00
2.347087628882245980e+00
2.855433432789951986e+00
2.514149256283317424e+00
2.643391882988384900e+00
2.551441609727805204e+00
1.988489286024828218e+00
2.807504210120022492e+00
2.271342254856552501e+00
2.553354548839827931e+00
2.659994633032451539e+00
2.254180295947111112e+00
2.215498250484501330e+00
2.119069628556404350e+00
2.196168945172044307e+00
2.810495367159571156e+00
2.516312190550944017e+00
2.561203204807831924e+00
2.235075232509523779e+00
2.477551272050719344e+00
2.409645415869402729e+00
2.014977091547613952e+00
2.414309864670916461e+00
2.059816226479304291e+00
2.272276748606185226e+00
2.493856927363608644e+00
2.471010884901745364e+00
2.144720352287142529e+00
2.290688679460572974e+00
2.267150437543761221e+00
2.820513244809886189e+00
1.735885509743118726e+00
2.440930896842820275e+00
2.507171089976781619e+00
2.677829552789674050e+00
2.497753442000649304e+00
2.506493895436170849e+00
2.853246562664714325e+00
2.874765546574049591e+00
2.562737011686657684e+00
2.337473488795687171e+00
2.226449188710220906e+00
2.649898066724512447e+00
2.135050354453704280e+00
2.658024735155971818e+00
2.325950493241837336e+00
2.640457753249422890e+00
2.300349300850533130e+00
2.714678592516035938e+00
2.442995817725864605e+00
2.274151613770587499e+00
2.332472624924199600e+00
2.401548370817871092e+00
2.277331401987319204e+00
2.663528714231401473e+00
2.452069911149196368e+00
1.753999683758400652e+00
2.486495901853500889e+00
2.163202480977433062e+00
2.497460692371289426e+00
2.645879299096562054e+00
2.892208006703731904e+00
2.640797530051877562e+00
2.829617502974016041e+00
2.238155637141321819e+00
2.551224045870711610e+00
2.178905970805399051e+00
2.425800749448543847e+00
2.542071611097733719e+00
2.223878114426913744e+00
2.789119112669264045e+00
2.644224473282989152e+00
2.798483218149535823e+00
2.583962688748612901e+00
2.137830740369198512e+00
2.829222356311507536e+00
2.413674058371606090e+00
2.427405195903349799e+00
2.608915771699048314e+00
2.943751703544911891e+00
2.089580996255471668e+00
2.755543254456625846e+00
2.399330792370321319e+00
2.579801169812263151e+00
2.812339099823500277e+00
2.253312455544254078e+00
2.221574937158634633e+00
2.342701634596631166e+00
2.449269929792879719e+00
2.594402213929308143e+00
2.487815107557107996e+00
2.541438065479525665e+00
2.753665513515691110e+00
2.477897803659832476e+00
2.109731791546270330e+00
2.551994250037949108e+00
1.923732337717563468e+00
2.442795063360044594e+00
2.789598300328830049e+00
1.976180169716271307e+00
2.742249860488667590e+00
2.338270352722894074e+00
2.520596137685727101e+00
2.189180184047725852e+00
2.455765025829315995e+00
2.190781026056312086e+00
2.330141437767326629e+00
2.147277812895712401e+00
2.658866719589155103e+00
2.357789651210694615e+00
2.731429699639601694e+00
2.435074840934896123e+00
2.395501004199038775e+00
1.991478544324587041e+00
2.363773098852800736e+00
1.900958328896380056e+00
1.901821038330012481e+00
2.377848662385972034e+00
2.527815113386940649e+00
2.658698750186642812e+00
2.808735412897313211e+00
2.232815804025519490e+00
2.571487989894693627e+00
2.402928817106195769e+00
2.700106146654098982e+00
2.386308012142053236e+00
2.713970059877055974e+00
2.392368152901576117e+00
2.448199197216549550e+00
2.455038687098639372e+00
3.093636895775543572e+00
2.299845419934980484e+00
2.435157579673766559e+00
2.423952376533639708e+00
2.275621030907346132e+00
2.274362346610468766e+00
2.331302864794897012e+00
2.338757984095220177e+00
2.561877638034762317e+00
2.150913667873743940e+00
2.672277334401473414e+00
2.322843552117983990e+00
2.106348052908134427e+00
2.141626896577519368e+00
2.621392628211994591e+00
2.306849031224044833e+00
2.016960383145062430e+00
2.595522439781695390e+00
2.428036061819912828e+00
2.307998411783255488e+00
2.408689252753529964e+00
2.226497408773967734e+00
2.163772642500870536e+00
2.745489363524092230e+00
2.249056745902190180e+00
2.818755762301449863e+00
1.990799446253489924e+00
2.313316251623639630e+00
2.502937946727838980e+00
2.324710684491651858e+00
2.373406429269428131e+00
2.597080474773112435e+00
2.318315274433039086e+00
2.345219474217822064e+00
2.562285601386574463e+00
2.509647996024088723e+00
2.198247764631503731e+00
2.791922112182643634e+00
2.264972607502530266e+00
2.032099054776671743e+00
2.678853038901138017e+00
1.830732035131743762e+00
2.012886878082237985e+00
2.301730919229451722e+00
2.424126362249699351e+00
2.305524545829464422e+00
2.482412650048834823e+00
2.628480676501720126e+00
2.450884762731649680e+00
2.455415336045182695e+00
2.119028102610084119e+00
2.958282899574941283e+00
2.316933628318668337e+00
2.486366949323986830e+00
2.212009362768469156e+00
2.050308654091723248e+00
2.609265761668729589e+00
2.159456245046396106e+00
2.289385899096986421e+00
2.407810195866536329e+00
2.104379959338187334e+00
2.549933216696752325e+00
2.397899436314058885e+00
2.739577172163205621e+00
2.501360952084294098e+00
2.597165828324128345e+00
2.451881162247300239e+00
2.172332687065519075e+00
2.608582827995839182e+00
2.222489702165938219e+00
2.347373847325494367e+00
2.485789341628453997e+00
2.178705912058347849e+00
2.337853260889439344e+00
2.271518874257195009e+00
2.445075357396527593e+00
2.659829837525756080e+00
2.445264115280752826e+00
2.455926109239862321e+00
2.351176870108365513e+00
2.000320588297701985e+00
2.493851415676700434e+00
2.540233288028612701e+00
2.718040534193314262e+00
2.470405561283402829e+00
2.315239980409018905e+00
2.862074865305070936e+00
2.330515854075664528e+00
2.334150323331477761e+00
2.841298153371858870e+00
2.351268428117059273e+00
2.817294406109920768e+00
2.423971918111383683e+00
2.369347672007040551e+00
2.486705608583707150e+00
2.326722290783706626e+00
2.334503762542263772e+00
2.671788166045047763e+00
2.578567270389133803e+00
2.597362794817795528e+00
2.334339103876680532e+00
2.266088834640939353e+00
2.668636910537577567e+00
2.515165156966886251e+00
2.342427742773236066e+00
2.334579509518207363e+00
2.316577017045345688e+00
2.716428499844968592e+00
2.422784060056426547e+00
2.544119406515785276e+00
2.038689754265472942e+00
2.374599971498343454e+00
2.307553348947117833e+00
2.389493090252352570e+00
2.458443075591024929e+00
2.236104451481853772e+00
2.084854866934756856e+00
2.785322724909953696e+00
2.650544198860297129e+00
2.027807806112506661e+00
2.010005782152259446e+00
2.265858110528055303e+00
2.570668923720110577e+00
2.475323453048463129e+00
2.579470818481741645e+00
2.750919812931752695e+00
2.571225278227186273e+00
2.172648353059506210e+00
2.302215123989721501e+00
2.823383888004390663e+00
2.167087399714795914e+00
2.877820070074462055e+00
2.532044837511254531e+00
2.468292168440254564e+00
2.504478365375537585e+00
2.154039389453286546e+00
2.113377721049962688e+00
2.978052195922262335e+00
3.013881362518567641e+00
1.770899539445869975e+00
2.147149648761744078e+00
2.499827419867338918e+00
2.190275209495992748e+00
2.658818211035017143e+00
2.563781169391735837e+00
2.630235901182068403e+00
2.432113056536046258e+00
2.111310226284756730e+00
2.566374437788058849e+00
2.263096891082727158e+00
2.605982890518205419e+00
3.019365490603334923e+00
2.208764588134655149e+00
2.698992331493196062e+00
2.851350133710150558e+00
2.873446537949390311e+00
2.213599677721211023e+00
2.370060176203846236e+00
2.429274883618651071e+00
2.315547894711120769e+00
2.438057575419406042e+00
2.268103891492823099e+00
2.405679883244724149e+00
2.606159741809959574e+00
2.723627815665701224e+00
2.303374210010841860e+00
2.488708357769878088e+00
2.717493819482955875e+00
1.945188503133926661e+00
2.688444196207560033e+00
2.921182724365467553e+00
2.747694843031875500e+00
2.777570742084005673e+00
2.360915818456690296e+00
2.458175973576892659e+00
2.972407693772016302e+00
2.559747103479239172e+00
2.311149613713765483e+00
2.016804305052362523e+00
2.335491428281474491e+00
2.423803437129810945e+00
2.777852150013596422e+00
2.691909652330606306e+00
2.471492399198308210e+00
2.500275975081819979e+00
2.583012859217106438e+00
2.330576177680850236e+00
2.650670054897277250e+00
2.380160583390449336e+00
2.444741753901110037e+00
2.788240538601547414e+00
2.418847381814416941e+00
2.181454836814812559e+00
2.287003622839301809e+00
2.883000743774280838e+00
2.813628716307308153e+00
2.313114509317136136e+00
2.775509813610801846e+00
2.290312905924931197e+00
2.453985352170701795e+00
2.994052888733226947e+00
2.014490302617198303e+00
2.326504318798485738e+00
2.279037132609901484e+00
2.326429483243503959e+00
2.371071264279935420e+00
2.736008714046229251e+00
2.667879059148098531e+00
2.887652112545693761e+00
2.371546301342372320e+00
2.665465402804344297e+00
2.640574179188286408e+00
2.077577380718381050e+00
2.367338789757509776e+00
2.046050186125785153e+00
2.445994726678348385e+00
2.528179201647783536e+00
2.850624448234114094e+00
2.242986583577237347e+00
2.731896030376081974e+00
2.256495354737452441e+00
2.636988715125776928e+00
2.852766547367787009e+00
2.473145407609746549e+00
3.000748552399995717e+00
2.394486210844356755e+00
2.030620558809689946e+00
2.322517975624438957e+00
2.832156348262191425e+00
2.352873809293589247e+00
2.951625552358728033e+00
2.438580925824211487e+00
2.307181607938201928e+00
2.529139404743865782e+00
2.803572085225897403e+00
2.371935035192022756e+00
2.730197161704441822e+00
2.528079079374857763e+00
2.613485498502980064e+00
2.831738215831184124e+00
2.425790662477780302e+00
2.589029986609657552e+00
2.653188891924673776e+00
2.309961166332988203e+00
2.490362969728937781e+00
2.684425396730185653e+00
2.777338982829896441e+00
2.590765983562881125e+00
2.582377177701690840e+00
2.536533724699714831e+00
2.599148562251270889e+00
2.551004976749564168e+00
2.354086662724999890e+00
2.245744529806729339e+00
2.381741573995572736e+00
2.462503518518469381e+00
2.294637849773411009e+00
2.425823595439249303e+00
2.210064073894726810e+00
2.383017926421608923e+00
2.895537068973342620e+00
2.349478073328393091e+00
2.317994654272855115e+00
2.391241342022388139e+00
2.511193989442275676e+00
2.594843653931800276e+00
2.223621638376151122e+00
2.494042846375015721e+00
2.465863985685269544e+00
2.348177340404406621e+00
2.130640173334768406e+00
1.919268232773389427e+00
2.635206647754404496e+00
2.311589194992596852e+00
2.374534507614559864e+00
2.622190555474011475e+00
2.171865426178989367e+00
2.442986204988439436e+00
2.768403432632482009e+00
2.346841399569902009e+00
2.037411056096871231e+00
2.650897550552502757e+00
2.522501215198217572e+00
2.202137874389687777e+00
2.365411551896028808e+00
2.114700405038713260e+00
2.335274073103295489e+00
2.086611456633501671e+00
2.596891430669316048e+00
2.251058450594433324e+00
2.258126239225008103e+00
2.614256747097016387e+00
2.708208468475000963e+00
1.896738251477085635e+00
2.519878735443719098e+00
2.332648066526383790e+00
2.533121986296596795e+00
1.700255881423762050e+00
2.409497943753822646e+00
2.495410718915393566e+00
2.308424450752628143e+00
2.754281467126441285e+00
2.531371147283213663e+00
2.372982774098270298e+00
2.983306274294919458e+00
2.514911566028858125e+00
2.622090583656372154e+00
2.008211792682867092e+00
2.712212330518758208e+00
2.432606209748712889e+00
2.286926695081425986e+00
2.277144296752406483e+00
2.555247004114328035e+00
2.534305346392934588e+00
2.024264227032923191e+00
2.774003193931258160e+00
2.754363052937267575e+00
2.636798789686324529e+00
2.734683409368979579e+00
2.159577897705839078e+00
2.322065334150944071e+00
2.317169507429208686e+00
2.293236317602895813e+00
2.478483172086712205e+00
2.687132459774584259e+00
2.254262305952570600e+00
2.376894871842570200e+00
1.998481183003645967e+00
2.464142383208923981e+00
2.260010468503626413e+00
2.620909393195527848e+00
2.611510946414094647e+00
2.450008380304345756e+00
2.158132220229566300e+00
2.649499795769727051e+00
2.326853517768795232e+00
1.878939446967707205e+00
2.143679905263836005e+00
2.390078360551583181e+00
2.739752701187291084e+00
2.405154788775966779e+00
2.477965590338736313e+00
2.114888320168631708e+00
2.717417908334534005e+00
2.660425494466092999e+00
2.029489896585719322e+00
2.328796833624855900e+00
2.282240913861885545e+00
2.530274081361357563e+00
2.156078699338903615e+00
2.295754384153744443e+00
2.376967995987891324e+00
2.900118897072945678e+00
2.564172863587643736e+00
2.430140660654080520e+00
2.236771023655653057e+00
2.610842719466613282e+00
2.311301972258575699e+00
2.273387147862498736e+00
2.379810777728771587e+00
2.466291695556347641e+00
2.237415163725204881e+00
2.568448831680949507e+00
2.282802380556764543e+00
2.144802203800954210e+00
2.202206137224179905e+00
2.436963994249452092e+00
2.619695974389760984e+00
2.641101853855557735e+00
2.420611352758583301e+00
2.730481791264537161e+00
2.800472449776471251e+00
2.698186122233748652e+00
2.491847994089178453e+00
2.282044134849760653e+00
2.475312247886634065e+00
1.998602526595038453e+00
2.264449539296095271e+00
2.640160424103649817e+00
2.346655253983655154e+00
2.632912567778779245e+00
2.145659843961158497e+00
2.043088210516493142e+00
2.448766568183765813e+00
2.583198543439747752e+00
2.536382939325776853e+00
2.620198961326402731e+00
2.693200143407140867e+00
2.533451463955744387e+00
2.311550579638785852e+00
2.584362125506286745e+00
2.324200030204937484e+00
2.574922658099192851e+00
2.808203052147253409e+00
2.460191277264809795e+00
2.395668099646575122e+00
2.360830107079769480e+00
2.429234007757524516e+00
1.963867074738890661e+00
2.175493497149601385e+00
2.975124707503980837e+00
2.359776841326690189e+00
2.388355553288266986e+00
2.082492771835663614e+00
2.222615004308678088e+00
2.242744221371343105e+00
2.342447356395416680e+00
2.595804179455971195e+00
2.340953944188878921e+00
2.614267630028040301e+00
2.217889836818232929e+00
2.460417481658994987e+00
2.709804072333591218e+00
2.831866309240849144e+00
2.726586143296795939e+00
1.898086157488110715e+00
2.392418138556072993e+00
2.708461551611503371e+00
2.342965975691698954e+00
2.718361386292914350e+00
2.032459430318269256e+00
2.768724473299144062e+00
2.058300393377231696e+00
1.978749125303534306e+00
2.733118128218053222e+00
2.620924914972663888e+00
2.398801023835147816e+00
2.648135183135456039e+00
2.241160527520837498e+00
2.308817592134853935e+00
2.712395632454524197e+00
2.952796704605174405e+00
2.651863651264705801e+00
2.524467077846466179e+00
2.317911180361615919e+00
2.484827737636880585e+00
2.446320543149057336e+00
2.421248552638243012e+00
2.114259505829355845e+00
2.257533023484927792e+00
2.305677902816491098e+00
2.307626345075188823e+00
2.200733186274042019e+00
2.295609510484168059e+00
1.892827254780804491e+00
2.524855492063391438e+00
2.460527277636598065e+00
2.209461712642331488e+00
2.392999947959549623e+00
2.361337949441704609e+00
2.354838760113177720e+00
2.659719978779710559e+00
1.907451000767323102e+00
2.386018549540723566e+00
2.086392726396915975e+00
2.383517978587372355e+00
2.208835457903382427e+00
2.220746641530969345e+00
2.342974150126778454e+00
2.171838940546016339e+00
2.437258371663740597e+00
2.761376323958160572e+00
2.066127438552088691e+00
2.593665136246415592e+00
2.384982011782627254e+00
2.992462773267690501e+00
2.298449714862302429e+00
2.631671126356220469e+00
2.387238018586013144e+00
2.556813654510802891e+00
2.408761741410722301e+00
2.841038242452850859e+00
2.503249905851815615e+00
2.699603353800409167e+00
2.601682417930686331e+00
2.231598834095480210e+00
2.424948463111570085e+00
2.395816282495462080e+00
2.240562956106934234e+00
2.779188016830520080e+00
2.371909036114316471e+00
2.675015004898839255e+00
2.787818430759821720e+00
2.466699030004094961e+00
2.308152709395874691e+00
2.074261132964632548e+00
2.318515201237755896e+00
2.637908825629907916e+00
2.572609914033791689e+00
2.357050564287614947e+00
2.629513879082733929e+00
2.200488479932753982e+00
2.409781831056846624e+00
2.311504251518515130e+00
2.461232125269044335e+00
2.556500424958950468e+00
2.333448181198434668e+00
2.636594429994654654e+00
2.479821820894772433e+00
2.527053018342478197e+00
2.291059759825375242e+00
2.346901340026008587e+00
2.468421205619646841e+00
2.143190786366190093e+00
1.978809619949950083e+00
2.848382802063769148e+00
2.326071738543025180e+00
2.506648428701241382e+00
2.579904877431873800e+00
2.731676694324546961e+00
2.325880358381628099e+00
2.712049544417391989e+00
2.376776270646010936e+00
2.132804111941736913e+00
2.658818064266371906e+00
2.685973850148995368e+00
2.681962891439082064e+00
2.247622679520656863e+00
2.630696842704294713e+00
2.371962557390990156e+00
2.292894431965252000e+00
2.534356909204277031e+00
2.296741784366874484e+00
2.505454004350500696e+00
2.810709236949383349e+00
2.405457243734446138e+00
2.654315326222190574e+00
2.577985239168484988e+00
2.225674961271892904e+00
2.572612735602309630e+00
2.419971148901914670e+00
1.901767748322677587e+00
2.214983275225823611e+00
2.006447756878611877e+00
2.558415284014221580e+00
2.591165471180419289e+00
2.822419950738788152e+00
2.658190992608012504e+00
2.894771008449840810e+00
1.995687022606921657e+00
2.384463919680641641e+00
2.336871171348763099e+00
1.847175051274404067e+00
2.483962945938379629e+00
2.509791072122161459e+00
2.490546543343268304e+00
2.613230896992757568e+00
2.566647969131966800e+00
2.439499914242560852e+00
2.007124489310731619e+00
2.490729145763983965e+00
2.004559467521945582e+00
2.317489190346658567e+00
2.207773226409748712e+00
2.724256462246611665e+00
2.646692225582047975e+00
2.705221805397078683e+00
2.498451443348509660e+00
2.257546136520332869e+00
2.674215064941908970e+00
2.539683257277381756e+00
2.119811039240754535e+00
2.481356385855691737e+00
2.309478730055113171e+00
1.871518741400058472e+00
2.396066546119144824e+00
1.844528986116083624e+00
2.563119384889535279e+00
2.834907510660615859e+00
2.502813836987180629e+00
2.340997831140224861e+00
2.458361259174772329e+00
2.591539715727097182e+00
2.080407356240950634e+00
2.318888105063226845e+00
2.276547403031101258e+00
2.497232620937069214e+00
2.224564099243263371e+00
2.827455763421008683e+00
2.689712674618629951e+00
2.253163862786830673e+00
2.611238129522646112e+00
2.360653573852927956e+00
2.917647257168209496e+00
2.956461550268415728e+00
2.631235281990045749e+00
2.883314252481140816e+00
2.557148890072461711e+00
2.371864384977327767e+00
2.207175368961676654e+00
2.796935297371982099e+00
2.328700615326682044e+00
1.863196181327201550e+00
2.879381454104894544e+00
2.656895059433185491e+00
1.989343680816248572e+00
2.386793091246620424e+00
2.287234006217730542e+00
2.420726693325824463e+00
2.400853648486820369e+00
2.603306283021951106e+00
2.183637360573879249e+00
2.337962031831783083e+00
2.486956404745374272e+00
2.645934539336251667e+00
2.366779371742859794e+00
2.827144402962881387e+00
2.193499138213417687e+00
2.230147562543395523e+00
2.388068996496064855e+00
2.652061649421916911e+00
2.551731393204536236e+00
2.620904467860788678e+00
2.753914217879652515e+00
1.971519097606921012e+00
2.545322359405754575e+00
2.737430889167825399e+00
2.509001245446740302e+00
2.218751762578357489e+00
2.170551781469682862e+00
2.277451197116568515e+00
2.904317371992389596e+00
2.600493381086521172e+00
2.490438285952715880e+00
2.519353197070678174e+00
2.683179053121271362e+00
2.797358877380854203e+00
2.719730741098724369e+00
2.185270069117107639e+00
2.732826967468008128e+00
1.999970276373415734e+00
2.439514322631168852e+00
2.622305978641048529e+00
2.443568286747441309e+00
2.570222769936219454e+00
2.737718704573191442e+00
2.921618685348967404e+00
2.484748365605233822e+00
2.169722207696104910e+00
2.247392062359983900e+00
2.591048524201544190e+00
2.680195153627662918e+00
2.872505555000624433e+00
2.423471926767465590e+00
2.894128486150747470e+00
2.040524666596033931e+00
2.649474464954855168e+00
2.337737043032040773e+00
2.470489217695049700e+00
2.744943277477312815e+00
2.312177094068639249e+00
2.788064940161788741e+00
2.511341052417312092e+00
2.615024732697648346e+00
2.186076932688744812e+00
2.588659928980793001e+00
2.401044728177074816e+00
2.204585104220976532e+00
2.281471797210535168e+00
2.502578425297071085e+00
2.936102267443941205e+00
2.231797001691492532e+00
2.248199111971071140e+00
2.229408496081446867e+00
2.761806864186458821e+00
2.443140800579207461e+00
2.207481455047973995e+00
2.152522222060199830e+00
2.316207493350730839e+00
2.190386273881590462e+00
2.339336224107612328e+00
2.452705586755683953e+00
2.300567144604427572e+00
2.473021744358199658e+00
2.462835374723066906e+00
2.600994189188805095e+00
2.536029435632999984e+00
2.331824177882399152e+00
1.910450928202042764e+00
2.526743801235019848e+00
2.176182927500722730e+00
2.552654463205998869e+00
2.561205138971235140e+00
2.227787870543147086e+00
2.146318655583344448e+00
2.923330614873156819e+00
2.188806931343413087e+00
2.328060642556642357e+00
2.801702140012451103e+00
2.605435541317774550e+00
2.485778653046657016e+00
2.389207277781713046e+00
2.310994607704881076e+00
3.088522034682328332e+00
2.425134762227971308e+00
2.750548086024277250e+00
2.689036346620194529e+00
2.299830657041676218e+00
2.760723875485621814e+00
2.498945183635888689e+00
2.564284220476076293e+00
2.796090409122795162e+00
2.491332840562102913e+00
2.030334676745117584e+00
2.205190225739463106e+00
2.983515511208116866e+00
2.489404110737987175e+00
2.416138826139562656e+00
2.463233449470066727e+00
2.661991549428412096e+00
2.573257332377297590e+00
2.439139460130383963e+00
2.155106520056086161e+00
2.481340160763966463e+00
2.686971340035959610e+00
2.294395149372108200e+00
2.667992428268185723e+00
2.347747118785777243e+00
2.547633137579803364e+00
2.301087900222110516e+00
2.623030379705881820e+00
2.379631358814463304e+00
2.619637909762457362e+00
2.402319556587446669e+00
2.303825367019390669e+00
2.745125890470670793e+00
2.006775326164460971e+00
2.278266059819872513e+00
2.530126531402087320e+00
2.781956695151927228e+00
2.507715229326475281e+00
2.616266690730735256e+00
2.392774041882684166e+00
2.276476340918069940e+00
2.555081143547534239e+00
2.155144943754457199e+00
2.439519845102210649e+00
2.449851298670039146e+00
2.331782390324032672e+00
1.981769898533590091e+00
2.470706296441131933e+00
2.299271094060031828e+00
2.302373189060145542e+00
2.733676377033826377e+00
2.589525918767082047e+00
2.337836555164562569e+00
2.236526257502596593e+00
2.657589981970277293e+00
2.345011192089322627e+00
2.358598537815655316e+00
2.521382313131401265e+00
2.352316175933949260e+00
2.686886402395273876e+00
2.230726896179944685e+00
2.399003538775265731e+00
2.363972286730335881e+00
2.422778893027079050e+00
2.331853917133300591e+00
2.693589256708875279e+00
2.617894597360256981e+00
2.374769397399999704e+00
2.357330759866578251e+00
2.382701487266931650e+00
2.671789802115133394e+00
2.272030238119653323e+00
2.651720078620429355e+00
2.285806003909470085e+00
2.568387775486149494e+00
1.854347065675357120e+00
2.335542138063162465e+00
2.167272979658103615e+00
2.396208555100070470e+00
2.648208216475159915e+00
2.394479393471828033e+00
2.720663824437582701e+00
2.211623958000907386e+00
2.248092286337745715e+00
2.116046557083839375e+00
2.079082799641606805e+00
2.626641078329005730e+00
2.652382175564156341e+00
2.257521382061982607e+00
2.591489922702606030e+00
2.790877680991736387e+00
2.393333788894461023e+00
2.270085611847130203e+00
2.669968884806973808e+00
2.321570607101506312e+00
2.712500654577107539e+00
2.347793846757383562e+00
2.176692207739435059e+00
2.648785834010332074e+00
1.825253588618950262e+00
2.150845153625386530e+00
2.185958303157718774e+00
2.318852667547545376e+00
2.074548686034574541e+00
2.368292644852270534e+00
2.412723779656147371e+00
2.371895264432634765e+00
2.472826228918290958e+00
2.627141869398120999e+00
2.250642898908803424e+00
2.537929009517288392e+00
2.358218728270400355e+00
2.344335911633233849e+00
2.381204980388196280e+00
2.069977101466765390e+00
2.416526959620368231e+00
2.519773666142628876e+00
2.340898450132705477e+00
2.563517661192392438e+00
2.652448592956655027e+00
2.609008212978521257e+00
2.611066534975688747e+00
2.191875122999192183e+00
2.342435507219890578e+00
2.629107788733484163e+00
2.558331021592912258e+00
2.599823596351211741e+00
2.627524083386594267e+00
2.621684520260601392e+00
2.449957735708183204e+00
2.646839381288819570e+00
1.898541731137052491e+00
2.744120194142025682e+00
2.367474947936861973e+00
2.514228844081185965e+00
2.655546515312119826e+00
2.628861383954047781e+00
2.482491946379725700e+00
2.603871431482530419e+00
2.095372270505206469e+00
2.501835712433236658e+00
2.324738520125519958e+00
2.574606890675978033e+00
2.599305133078662511e+00
2.506790018077567073e+00
2.551113243533794872e+00
2.569760446209353510e+00
2.584180856138613258e+00
2.805792953495627629e+00
2.261322801544451977e+00
2.410737148687248421e+00
1.957999026582075031e+00
2.365146177432361885e+00
2.110894301320459743e+00
1.977897035144471127e+00
2.545379495454443752e+00
1.894022320043895702e+00
2.536518975132912690e+00
2.519823988705604201e+00
2.428305870960675961e+00
2.526705578461289292e+00
2.645221188615692665e+00
2.350221854055689175e+00
2.207323710038389120e+00
2.850118722661343362e+00
2.310695886017153367e+00
2.709389649246217946e+00
2.110772305725242326e+00
2.542290623131180816e+00
2.182511124742660513e+00
2.613441761453104029e+00
1.988016048507624811e+00
2.775595839590163649e+00
2.594560826465377446e+00
2.119503637024896303e+00
2.668718280995988401e+00
2.095376943623405097e+00
2.581283880436007649e+00
2.659283460828359313e+00
2.798608946771152794e+00
2.457825748076149175e+00
2.780971312197058509e+00
2.649028864651971737e+00
2.756844317124827359e+00
2.393481569047564594e+00
2.411769648645738950e+00
2.695877747634408017e+00
2.377726385266318854e+00
2.512807230060287278e+00
2.261646678245927689e+00
2.538403590851168623e+00
2.754661949720702996e+00
2.120120430719381055e+00
2.076583203658310950e+00
2.533157313948773748e+00
2.202587526520865424e+00
2.130324174047037999e+00
2.673062940462249237e+00
2.500516900722088209e+00
2.111501813549313766e+00
2.483717846588459288e+00
2.677283977127596692e+00
2.363060896546636425e+00
2.389180576617693674e+00
2.481813533632831525e+00
2.803332976493497775e+00
2.445210132152484395e+00
2.408646946462671856e+00
2.501704165146665382e+00
2.454103841837508515e+00
2.804427712615799706e+00
2.584307270993105643e+00
2.647958753818370425e+00
2.049243667835631388e+00
2.590018518751614707e+00
2.277628727572420075e+00
2.820987878568584684e+00
2.356097312683743894e+00
2.719992125719465470e+00
2.521806825404296681e+00
2.135899937004511973e+00
2.568224040303420441e+00
2.608996214042365924e+00
2.321495870941974182e+00
2.554088135579090313e+00
1.996908516876088280e+00
2.154656273448199766e+00
2.182677311303655721e+00
2.591750627412169550e+00
2.418517898629079177e+00
2.900119643801204461e+00
2.380245454672101246e+00
1.845190573213735030e+00
2.462134531827187001e+00
1.831889485146731555e+00
2.502522185502862762e+00
2.795022427400332354e+00
2.296335342040360938e+00
2.336135107758863239e+00
2.527683620238708073e+00
2.675392020707708429e+00
2.192676709911346222e+00
2.342065016977684877e+00
2.209883483018658001e+00
2.477463149775753770e+00
2.093383761775228002e+00
2.237164523963294904e+00
2.577606478724185912e+00
2.304355702360965541e+00
2.072348751649765841e+00
2.446349960976124116e+00
2.261563728001734219e+00
2.418526827516887856e+00
2.087088605572728461e+00
2.203953555720294055e+00
2.563132858043678297e+00
2.489189178788650647e+00
3.087397035102933618e+00
2.440635291473171709e+00
2.315919834394890131e+00
2.717524178418190051e+00
2.135269411390063432e+00
2.236341320004460620e+00
2.882846115845213220e+00
2.065321478218224982e+00
2.388530065325738860e+00
2.867997212912707816e+00
2.356954981755505329e+00
2.557763793604562075e+00
2.693111585265199892e+00
2.444693645997300546e+00
2.424583115929423549e+00
2.232019217036230518e+00
2.766323832721613751e+00
2.248325270660145758e+00
2.225729122833854046e+00
2.480739279036903611e+00
2.893820609428412460e+00
2.749456198157129716e+00
2.415477079574288144e+00
2.432654593754705274e+00
2.289963434830090350e+00
2.786610549127898295e+00
2.204688916678854582e+00
2.438440329880949164e+00
2.466366600165677880e+00
2.533872466301887449e+00
2.593671157781195724e+00
2.529766084790081582e+00
2.598677424976812755e+00
2.065261547681114696e+00
2.390079806828761200e+00
2.526031276717481067e+00
2.213251311820478406e+00
1.763255579530072392e+00
2.429900867560254696e+00
2.077800317715857492e+00
2.284296746442073811e+00
2.543727220581962101e+00
1.998089011068956644e+00
2.693079207348680448e+00
2.339804566417498233e+00
2.161399670354218649e+00
2.725430943970596154e+00
2.088290924526668313e+00
2.518581156682651923e+00
2.133058921212425130e+00
2.498209211107496941e+00
2.189317072675693865e+00
2.311389960468480442e+00
2.189716630687019716e+00
2.802872468735133626e+00
2.570279701630938440e+00
2.453468758825517959e+00
2.757056852454978113e+00
2.361539748800113969e+00
2.716419884550826946e+00
2.434815888209378443e+00
2.481495581322449517e+00
2.022678817523936523e+00
2.520976880008756194e+00
2.177445549168187888e+00
2.569959712010795094e+00
2.538060968570863274e+00
1.943573067957425904e+00
2.769445440044768780e+00
2.206634126494258386e+00
2.623681796716923920e+00
1.756102154450124520e+00
2.543017387864078493e+00
2.535759904168877199e+00
2.221695259439156800e+00
2.682081842439863806e+00
2.286885225292253132e+00
2.308995972831239030e+00
2.760726870010985046e+00
2.435161803229846988e+00
2.236460487951850151e+00
2.399533609115927391e+00
2.721802926594952599e+00
2.820325634126401138e+00
2.460679886444923525e+00
2.073789132649078049e+00
2.426933498362750630e+00
2.253494518900998944e+00
2.075542512018359265e+00
2.933391555081233282e+00
2.365311007996226067e+00
2.683717798609494221e+00
2.280230735517293716e+00
2.297109386343153314e+00
2.409933800329079556e+00
2.915225073806779754e+00
2.473665794752233360e+00
2.375832464530581944e+00
2.558781315990964700e+00
2.868830173419291807e+00
2.645956365735373961e+00
2.850960634070899502e+00
2.308570586449329554e+00
2.487103162506052456e+00
2.202057464524306063e+00
2.382680720102718475e+00
2.055034384058369579e+00
2.569760852208218704e+00
2.348417224443901219e+00
2.562155458570676281e+00
2.435048304536561403e+00
2.232494850214544968e+00
2.108662865672206177e+00
2.760836458314133157e+00
2.618121209191051957e+00
2.438437737021564189e+00
2.113109126165088725e+00
2.397753293605612512e+00
2.941532130215358976e+00
2.818205706469703031e+00
2.517809645457552925e+00
2.194933985376273711e+00
2.155540098078617017e+00
2.926485628107263093e+00
1.714097837220492027e+00
2.947913553234237760e+00
2.145577301045749952e+00
2.586012413400899490e+00
2.031150843031123365e+00
2.846182272201700947e+00
2.601076171026736272e+00
2.298342880857057846e+00
2.138618764298955810e+00
2.677127206984983410e+00
2.799232497728477043e+00
2.759427521596778732e+00
2.376854676071504358e+00
2.615267600829311867e+00
2.166128195466384021e+00
2.224752952115604643e+00
2.650026659228492232e+00
2.375837438475451258e+00
2.905639602688699252e+00
2.201206652410176989e+00
2.662154565572959264e+00
2.791855632788740493e+00
2.037573040386689627e+00
1.976216945760142174e+00
2.468500357329120209e+00
2.722674734985421896e+00
2.747803632991602019e+00
2.451642762875717363e+00
2.151411192608771117e+00
2.221250925689218114e+00
2.050069538618800813e+00
2.494619914324949228e+00
2.642279033497767937e+00
2.144785342983477339e+00
2.363073506340264363e+00
2.250269874224168021e+00
2.655286465257285400e+00
2.842443564286925017e+00
2.234844296126805574e+00
2.379542185456569925e+00
2.295140778521935765e+00
2.102930804359097294e+00
2.462596499158930641e+00
2.469027631652485510e+00
2.385883084772311147e+00
2.153799052248550616e+00
2.630282751710161460e+00
2.819482704180980903e+00
2.253670495427412934e+00
2.362860028272660617e+00
2.478020360279415968e+00
2.368206011523140031e+00
2.756951063021105153e+00
2.406544800491225988e+00
2.691512038316062672e+00
2.152577326891586651e+00
2.672779209252272636e+00
2.179182314674446452e+00
2.177937530279129064e+00
2.468429807863725678e+00
2.899909610134874249e+00
2.531878312243237339e+00
2.625386437389312988e+00
2.606954221037951491e+00
2.362217090467377822e+00
2.907820392900019701e+00
2.759679181646214285e+00
2.230545475715549841e+00
2.420837475801199012e+00
2.801735201405580522e+00
2.512310914886290103e+00
2.658580405252552570e+00
2.640109647928687409e+00
2.094412861605090548e+00
1.705686826970798098e+00
2.487831616379730715e+00
2.634263378886159579e+00
2.790590160939786291e+00
2.807794764997448844e+00
2.238214519158458593e+00
2.728913448056490498e+00
2.721984649714247695e+00
1.965583355540216681e+00
2.253475166319283129e+00
2.077532052507494065e+00
2.998271021972493511e+00
2.554258403471679539e+00
2.918201544163311123e+00
2.448022207417499096e+00
2.270229238899997171e+00
2.268047306013866393e+00
2.580495309593027642e+00
2.263153147842579926e+00
2.698597727797129586e+00
2.515772478968463677e+00
3.045940688132946494e+00
2.125627651623389625e+00
2.863315880989905970e+00
2.171831889934718873e+00
2.320382047691132321e+00
2.107859564030243327e+00
2.339896131521410627e+00
2.438077468528109470e+00
2.598324115776557974e+00
2.086013978924661671e+00
2.339013989859540121e+00
2.461771507874422671e+00
2.244082758587496951e+00
2.774925273912740131e+00
2.228883541278086966e+00
2.764463126172876706e+00
2.263471423269971972e+00
2.566380474404785783e+00
2.280864376583271458e+00
2.339371832748399438e+00
1.955273273759573271e+00
1.782837957093746706e+00
2.815711176380850667e+00
2.396760260851338753e+00
2.458232084483723767e+00
2.497822818261313582e+00
2.732109206160942882e+00
2.397335487680892552e+00
2.275858211250542329e+00
2.261108288257161369e+00
2.617613536868717894e+00
2.538658475594516073e+00
2.807230025999386314e+00
2.737324163152357048e+00
2.602781836992511533e+00
2.118824291592160236e+00
2.011252054919770771e+00
2.416424228240036776e+00
2.277770720288310180e+00
2.753993655453765399e+00
2.779409033278506858e+00
2.311032489303850301e+00
2.364659127825935681e+00
2.244199546751086238e+00
2.418295438610870374e+00
2.384228538695702948e+00
2.335542161877272704e+00
2.360885852427104137e+00
2.671912654990416414e+00
2.500258673677386412e+00
2.257686552768118471e+00
2.931808843705429712e+00
2.445116995367226043e+00
2.102559318457712045e+00
2.857894162870854071e+00
2.625818644815982594e+00
2.334884524295580910e+00
2.565956882724985455e+00
2.083534137642084616e+00
2.021910488080163937e+00
2.677782084936997986e+00
2.105604646859349227e+00
2.500457502848826508e+00
2.540058388536028833e+00
2.643143441840557717e+00
2.637625293479420208e+00
2.787360770077537353e+00
2.217085263653674865e+00
2.178958628899719585e+00
2.790205787486404798e+00
2.356916772449879627e+00
2.335242372499039210e+00
2.717993050507993225e+00
2.709170991915765381e+00
2.530342328916781014e+00
2.554866903327756233e+00
2.830813710262481742e+00
2.582442357704402447e+00
2.657716239895646204e+00
2.921599854799180385e+00
2.398378398882270446e+00
2.199942911955278468e+00
2.538192679555153486e+00
2.585220057515853043e+00
2.370335424327684848e+00
2.593099352450307649e+00
2.429251470559392612e+00
2.404783200671945398e+00
2.333360308258157545e+00
2.375630866018716869e+00
2.659423850093395103e+00
1.766803293593285584e+00
2.335872428427265834e+00
2.634883493794696996e+00
2.492849626720062606e+00
2.335680162155068018e+00
2.591049135219592348e+00
2.361292149381423844e+00
2.423896975889420435e+00
2.417826769345227333e+00
2.552792290340651249e+00
2.602026169329260341e+00
2.572085907316917552e+00
2.255143339627730281e+00
2.320252386485517349e+00
2.355148199307149248e+00
2.195929011397667718e+00
2.539760385469009396e+00
2.557887922993046903e+00
2.554295003239207773e+00
2.326751510865556760e+00
2.622668045158969008e+00
2.266399536161337824e+00
2.375078759589233535e+00
2.494970355566292763e+00
2.364525384044569467e+00
2.403440628543683566e+00
2.507607017468176380e+00
2.615398907124521610e+00
2.467518547605395796e+00
2.427814960601730299e+00
2.071119548435523150e+00
2.317615966671040528e+00
2.506199415556535470e+00
2.354576392148269637e+00
2.808611442501398603e+00
2.181231549907193035e+00
3.050870782407063331e+00
2.350305436036775664e+00
2.793759939893613264e+00
2.443119574128240323e+00
2.959609886796013445e+00
2.218381467624371162e+00
1.696486067735952785e+00
2.827631718020894969e+00
1.975331696022955885e+00
2.620874235771771588e+00
2.711823171265661081e+00
2.844049033301509599e+00
2.549234342318042579e+00
1.942881877461781981e+00
2.990058396711655408e+00
2.118792831978582036e+00
2.271073513659878085e+00
2.279618210544254620e+00
2.320808707385861869e+00
2.097099405872591582e+00
2.343570401123472369e+00
2.770248915071175766e+00
2.690989387589860726e+00
2.523591300757871636e+00
2.181286074849321466e+00
2.429030372476337796e+00
2.709091183191883356e+00
2.504857218084651116e+00
2.351452848889513891e+00
2.234739385172260118e+00
2.247049143721635556e+00
2.239643566723516166e+00
2.325006937237564131e+00
2.542499417378131454e+00
2.297856294305947067e+00
2.516885031589264354e+00
2.450903129086844601e+00
2.743470111149631130e+00
2.447781685384383010e+00
2.582936318694140532e+00
2.430315590689311467e+00
2.569456622741058904e+00
2.326726857771231227e+00
2.755339058042543421e+00
2.598254550715817679e+00
1.988642037046034927e+00
2.295350181515627863e+00
1.991815741472557688e+00
2.044324127264328439e+00
2.651859286081417633e+00
2.779087879062116961e+00
2.800809562719197565e+00
2.522889998020412694e+00
2.316357285293529245e+00
2.515907160866161618e+00
2.378033461537648385e+00
2.108875662147561059e+00
2.205925008808344856e+00
2.387688614132994047e+00
2.029573630746491997e+00
2.457767870260539667e+00
2.179797785053426029e+00
2.205748506887201366e+00
1.905135263356257935e+00
1.820643685310847859e+00
2.658870385677304160e+00
2.518855681908101829e+00
2.623636079189119119e+00
2.129009438531911158e+00
2.298243083480196347e+00
2.390628625258199413e+00
1.857530405684898689e+00
2.265976270037612039e+00
2.559293563547849093e+00
2.786472926188414245e+00
2.466439870689746350e+00
2.217155508550868070e+00
2.411609916797812225e+00
2.359317602914706935e+00
2.436813264766163556e+00
2.541389146894698747e+00
2.573285468533628606e+00
2.853359791604269002e+00
2.472714634991177274e+00
2.441302182845641600e+00
2.734158825305047280e+00
2.116874616890385141e+00
2.901331953249906004e+00
2.672749930118707429e+00
2.498718595209644011e+00
2.504710657240421856e+00
2.268223203592859782e+00
2.919982675932065952e+00
2.299224784088005791e+00
2.807633079055116276e+00
2.197301917783666347e+00
2.634189469759411484e+00
2.554566025252790862e+00
2.013840561801228723e+00
2.190909775030799977e+00
2.513255137521949401e+00
2.849177619201332057e+00
2.665465512976008089e+00
2.582941764661486950e+00
2.355420447939383433e+00
2.104324742500291556e+00
2.703433657733875783e+00
2.730107733458844166e+00
2.794592550743267623e+00
2.516145023708632245e+00
2.180448310721258665e+00
2.779608816125126225e+00
2.561295879874779136e+00
2.452685548767713719e+00
2.150641435160822734e+00
2.278839923577515414e+00
2.526176046072556858e+00
2.199437407995994853e+00
2.515480999439402510e+00
2.355775441537443005e+00
2.676845715558071603e+00
2.465300878392398420e+00
2.633731304806618212e+00
2.610991916143782454e+00
2.323339166383102228e+00
2.512620574365614257e+00
2.575559188638655517e+00
2.750578135777371536e+00
2.425556564758366562e+00
2.421877146748880438e+00
2.464985555340922119e+00
2.369953108368114236e+00
2.422328361619571879e+00
2.790148038819922682e+00
2.613549770098957392e+00
2.392329019542060564e+00
2.608917704838525253e+00
2.813641168380720092e+00
2.406665971730916453e+00
2.587624124369685141e+00
2.322598386308222906e+00
2.206747110607860662e+00
1.708623889577719490e+00
2.350605735209569058e+00
2.383191505072653982e+00
2.462157065782409671e+00
2.222705676072759928e+00
2.384355520369708437e+00
2.547063494686119256e+00
2.422225363010898747e+00
2.319510523734505725e+00
2.662618213862916416e+00
2.845832759319443905e+00
2.368739894507328358e+00
2.547684818501819048e+00
2.865051456594098322e+00
2.920186366484448293e+00
2.527970542082053296e+00
2.958001556411390176e+00
2.671489284128972574e+00
2.689588095816564994e+00
2.152585289792182444e+00
2.441572951029872929e+00
2.549409707532857894e+00
2.591415509258515826e+00
2.615216785635186003e+00
2.263762416898091878e+00
2.032814587393204420e+00
2.540692075091738111e+00
2.184711253756294269e+00
2.657872232136590185e+00
2.422226344383688001e+00
2.667868128837508124e+00
2.404579764752557303e+00
2.514302909031787436e+00
2.631827913300123001e+00
2.671556111411458989e+00
2.426559343519271383e+00
2.138844581294209402e+00
2.315756458354085723e+00
2.510656341046696660e+00
2.703470732064818360e+00
2.112123972318445730e+00
2.174695016609963005e+00
2.370782481701962485e+00
2.382737124187766398e+00
2.784648955971590567e+00
2.491252303211318520e+00
2.719710113914135974e+00
2.626400312930381897e+00
2.669672666908743164e+00
2.117429410543274493e+00
2.461438674558603878e+00
2.767896701647176716e+00
2.174170522745006107e+00
2.341520322586356784e+00
2.065170682912677691e+00
2.500373074160459730e+00
2.530403161816382251e+00
2.597686253260318878e+00
1.991778289622462506e+00
2.270080092802348570e+00
2.237940669996443699e+00
2.186329374683388060e+00
2.624235615415220657e+00
2.626770611748793005e+00
2.360771376679605904e+00
2.521616072911490480e+00
2.382050657604168897e+00
2.527847821942977635e+00
2.252964439133902541e+00
2.583813836534291752e+00
2.354471081366276142e+00
2.184159830287819126e+00
2.252172831874257319e+00
2.183658321581886774e+00
2.567649758805978344e+00
2.167674404250613307e+00
2.307494747631015475e+00
2.529087431346160209e+00
2.480772731353075855e+00
2.698752387447103995e+00
2.332265986128557955e+00
2.371831164452497198e+00
2.458159787861472712e+00
2.751881293376390758e+00
2.349291961149949870e+00
2.281202144593468262e+00
2.212154397254575411e+00
2.379524123080948961e+00
2.317385662184345829e+00
2.458314934125366058e+00
2.482790520046256777e+00
2.586811423303065904e+00
2.264115795685611943e+00
2.132678555715128432e+00
2.356086956692658774e+00
2.119984629219818117e+00
2.521548022870728545e+00
2.885904291672267252e+00
2.655113681122767133e+00
1.741107851280101704e+00
2.398814264665532381e+00
2.699854491639098075e+00
2.592633951659938152e+00
2.027662026161327624e+00
2.381921628688239867e+00
2.878522035576839500e+00
2.743029803095111685e+00
2.701802805640236560e+00
2.258051778319569713e+00
2.612555664581958759e+00
2.282611172697667890e+00
2.478468108901044964e+00
2.344559706956233391e+00
2.583645619600310805e+00
2.493786420499092937e+00
1.974944824984181668e+00
2.301738627159801709e+00
2.345354813248605730e+00
2.403424040450305554e+00
2.834632634943867302e+00
2.059425705355844016e+00
2.606449426011742787e+00
2.887463129062834977e+00
2.117969149660364536e+00
2.403553546665959662e+00
2.339759672823463088e+00
2.700168625025309410e+00
2.276004996828425053e+00
2.395961272577660228e+00
2.465201807632255271e+00
2.621561999584078873e+00
2.521517955899224006e+00
2.490413026669183072e+00
1.901251494956755828e+00
2.799715469754865182e+00
2.418420420681556937e+00
2.673559218473493537e+00
2.202985494618407980e+00
2.707107760883125103e+00
2.489743300086810773e+00
2.344852471352831813e+00
2.346499669054159298e+00
2.438996111812526735e+00
2.792541174352843214e+00
2.356458700813964136e+00
2.209834920347845788e+00
2.609431746995051871e+00
2.374876494455905096e+00
2.821200146649959883e+00
2.205686344756014439e+00
2.130768720743826616e+00
2.145078901698191487e+00
2.838146064705306948e+00
2.531528462105113952e+00
2.552596866139570153e+00
2.316974509328632692e+00
2.563955597105010753e+00
2.191519264898454722e+00
2.222121222875770741e+00
2.397417230124333720e+00
2.418211600260150806e+00
2.585817392619208288e+00
2.429150989610467715e+00
2.526532656563999168e+00
2.862565457591052631e+00
2.638170824449360907e+00
2.478184432403629955e+00
1.849645251029906179e+00
2.514573478161481024e+00
2.219935599653996672e+00
2.977442116183200760e+00
2.633146709196051649e+00
2.570553382867001968e+00
2.509905395046494903e+00
2.199975715404155263e+00
2.699461785707188533e+00
1.930220067120168137e+00
2.245961190244408545e+00
2.427299306507743726e+00
2.768400533274061992e+00
2.680971207868554362e+00
2.343448317984267337e+00
2.537207512098074158e+00
2.533472844791290868e+00
1.941653651208378628e+00
2.642231935501039075e+00
2.522032263965269916e+00
2.181114310456861993e+00
2.185541765794981828e+00
2.070756021510666844e+00
2.673823955994723001e+00
2.619595168934371721e+00
2.359128521194992167e+00
2.866827647715369576e+00
2.473979615979292390e+00
2.723640368693576175e+00
2.532606574573080582e+00
2.366905289207382523e+00
2.486106085190315174e+00
2.335092990978437477e+00
2.345965122441773243e+00
2.837777880376029849e+00
2.512191049345124050e+00
2.615012974772156440e+00
2.373229166039472204e+00
2.197664956530329228e+00
2.540202862269913986e+00
2.014036803871797510e+00
2.362975624659091167e+00
2.648892858886401136e+00
2.635561139676674713e+00
2.327496554616721891e+00
2.594041884165551259e+00
2.135092938978240706e+00
2.453131511439992529e+00
2.395480045779123657e+00
3.075631323411635698e+00
2.636504292957340123e+00
2.664031410354417595e+00
2.053034219015898998e+00
2.083492979476600837e+00
2.045580039907896275e+00
2.147072352092298519e+00
2.493103167370759099e+00
2.098826458171528131e+00
2.787090266910423608e+00
2.499332010979929741e+00
2.737369729748243330e+00
2.580368503474416819e+00
2.381235625180685656e+00
2.805413527448042732e+00
2.144671168780835746e+00
2.820623149921620332e+00
2.192333811261369725e+00
2.527355807248497399e+00
2.373785569990500388e+00
2.639020535005764501e+00
2.175850303386235751e+00
2.122281936600882268e+00
2.513797544783304527e+00
2.292177243107873075e+00
2.425331868074657837e+00
2.632242721890679427e+00
2.548003987221962419e+00
2.245500410964545779e+00
1.856696712463208554e+00
2.683478045330279116e+00
2.505621309982372757e+00
2.804176615109628123e+00
2.149161949377031533e+00
2.281850875901371367e+00
2.515438428916019209e+00
1.942280125316428130e+00
2.314847279955927206e+00
2.468377204590272100e+00
2.583344066424288599e+00
2.979131661296301470e+00
2.752432672889385312e+00
2.213579531452786409e+00
2.666567989673213290e+00
2.626990370343182057e+00
2.312955469694923938e+00
2.660193329097908954e+00
2.173664052464583385e+00
2.430183867581028778e+00
2.771120024113414182e+00
2.535942926635653905e+00
2.355300239318207645e+00
2.278728814438552241e+00
2.622708165839712002e+00
2.245704871687272508e+00
2.942439495325324117e+00
2.739468226996132572e+00
2.658479272502910273e+00
2.276343967022077752e+00
2.515102710898799110e+00
2.136073591239364688e+00
2.463472967779378742e+00
2.771023947663958431e+00
2.653697896756338270e+00
2.341877227908192083e+00
2.892286534733819359e+00
2.549554016677286761e+00
2.811967883911103971e+00
2.285437587505156021e+00
2.439907123514983400e+00
2.384375072580771970e+00
2.122393237571453373e+00
2.605160645943990883e+00
2.727669499231817785e+00
2.834638727623329135e+00
2.202058495572314811e+00
2.604209031484480796e+00
1.672231814600431354e+00
2.365364748273092843e+00
2.687301864597785084e+00
2.803299596534165605e+00
2.362097213814799979e+00
2.075355091601605473e+00
2.692870660632104673e+00
2.642182377795099679e+00
3.021162860443699305e+00
2.321323108408479552e+00
2.788757612132303443e+00
2.237444268384757073e+00
2.913339376230148936e+00
2.769948399907027348e+00
2.621336337761025259e+00
2.669969616236222532e+00
2.505232998660644750e+00
3.009132554645773894e+00
2.622916718596292718e+00
1.986391128443094845e+00
2.616801079240854477e+00
2.249326582618077275e+00
2.620079301346817768e+00
2.432549929620209994e+00
2.269785371861369416e+00
2.287605529236000024e+00
2.754055258093339287e+00
3.018651330455088821e+00
2.603277194671177686e+00
2.434411858965528808e+00
2.597708045999504112e+00
2.338789244735870465e+00
2.331461237298812605e+00
2.790529058219997971e+00
1.836739668847694684e+00
2.312859057430324050e+00
2.621664381314306347e+00
2.920076721485388216e+00
2.412756479514434726e+00
2.495075229736692712e+00
2.242059666241656757e+00
2.647477477125432799e+00
2.385610109403329293e+00
2.379730339572410092e+00
2.651600264474843982e+00
2.358159655589531223e+00
2.353835073960080848e+00
2.218720055672537939e+00
2.313282021304931213e+00
2.511304996761575481e+00
2.975045177456337342e+00
2.137414982285562814e+00
2.308046724479606127e+00
2.134804147550673825e+00
2.432898394024543443e+00
2.639689558274468162e+00
2.188187144046361610e+00
2.784381958782894628e+00
2.082701395222648522e+00
2.158393733663962699e+00
2.366033499400780116e+00
2.598805447364803456e+00
2.011786871603705507e+00
2.694263555408795696e+00
2.138923362838357711e+00
1.909580308928964909e+00
2.563908764664096118e+00
2.710733330700833221e+00
2.335892877169629234e+00
2.235452914178537309e+00
2.398153168016459169e+00
2.179760106049304369e+00
2.814485429780007486e+00
2.375922127963200126e+00
2.498300774280044934e+00
2.668359013266028867e+00
1.955074853977113669e+00
2.403705181579839589e+00
2.219432194899404021e+00
2.827151685467278242e+00
2.576427509637390756e+00
2.564044095102600451e+00
1.917661921062908226e+00
2.372695219727920524e+00
2.773470050446529722e+00
2.588966741443070596e+00
2.684971986977962466e+00
2.422077644239643668e+00
2.167792561783680405e+00
2.510767582858529856e+00
2.797974481619269760e+00
2.239792061334211937e+00
2.584524628934282475e+00
2.669895928597631141e+00
2.658928382505936661e+00
2.145679751953275982e+00
2.565265930664283545e+00
2.500779813655247708e+00
2.424592889484504354e+00
2.405857013565462665e+00
2.456296915582993456e+00
2.039815760307349457e+00
2.317063327460699540e+00
2.859455764400361311e+00
2.038893702552244225e+00
2.649426030192208792e+00
2.781114850801102101e+00
2.569322619946132757e+00
2.355777051389933430e+00
2.498573238859517875e+00
3.085082565169048330e+00
2.442334506928619753e+00
2.562631296842599493e+00
2.826982295703212689e+00
2.297922739306110351e+00
2.444171850203357810e+00
2.439530029326321348e+00
1.797538529184250722e+00
2.434909303741809250e+00
2.351500035425421409e+00
2.700405095417882873e+00
2.759174598255581756e+00
2.371672339677942443e+00
2.263819081560953350e+00
2.311029997854450624e+00
2.477283543926545928e+00
2.922353495951622193e+00
2.614738827039368108e+00
2.473107965222229865e+00
2.713312935282075067e+00
2.435915155291331402e+00
2.268626774603628160e+00
2.238608838440832027e+00
2.270489543245436614e+00
2.375848643356801126e+00
2.596085881318797917e+00
2.638198465141185167e+00
2.287310397533501849e+00
2.316067806025543074e+00
2.584526506677752522e+00
2.591132982652472716e+00
2.257344910465943322e+00
2.220376207534584534e+00
2.364739409167217588e+00
2.751090679330599809e+00
2.534829991325823872e+00
2.915425113949982716e+00
1.972104623955629465e+00
2.587135199183181022e+00
2.556390442534132390e+00
2.322290337715719577e+00
2.223759433567437327e+00
2.359394814928684525e+00
2.321253977702854243e+00
2.167594242161209106e+00
2.185667375768562515e+00
2.526314079417856018e+00
2.198514101974494928e+00
2.315100698364552123e+00
2.536217948007043255e+00
2.501200854114649985e+00
2.308666846467296363e+00
2.586935999885912274e+00
2.444790903541546712e+00
2.745971702430264560e+00
2.250493402587894654e+00
1.917310546953207240e+00
2.385883349510730778e+00
2.386472094375921227e+00
2.454123303014415391e+00
2.395959615734811532e+00
2.443496985755603035e+00
2.338677221330066835e+00
2.552706965510911807e+00
2.726684365952305900e+00
2.752020722855663681e+00
2.735826805933841310e+00
2.410073732128402479e+00
2.828612234562475791e+00
2.553964401765174586e+00
2.892925297470323898e+00
2.324458059219702832e+00
2.838939435309469239e+00
2.653754577112689805e+00
2.033080410210367894e+00
2.087047386412319128e+00
2.369993181681898875e+00
2.883813891293725895e+00
2.057275552181671685e+00
2.796565770730246481e+00
2.173937402519787288e+00
1.989385912953864022e+00
2.393238797640877547e+00
2.482478267460558996e+00
2.162696793458405153e+00
2.291922671007867951e+00
1.999861519365907947e+00
2.355968697858486394e+00
2.340432491266658310e+00
2.412062084133547835e+00
2.109885452525374294e+00
2.635069330859241443e+00
2.283522462779357554e+00
2.541747368858765732e+00
2.653804338463185086e+00
2.260530548651134453e+00
2.762576382744708514e+00
2.618948919335255532e+00
1.871922454172741279e+00
2.775802711258809730e+00
2.531910453171900777e+00
2.218261619670599316e+00
2.770268922777316956e+00
2.539384659828368473e+00
2.519825370036933521e+00
2.399236228465453813e+00
2.426300250075295040e+00
2.232794213924055526e+00
2.435520319665827049e+00
2.662345623085260460e+00
2.763492057380902089e+00
2.499140100476172410e+00
2.429950853225224527e+00
2.355119391607003898e+00
2.939666474216009906e+00
2.243955652420625668e+00
2.272627617302994452e+00
2.522561023571576300e+00
2.555884920633501700e+00
2.489592467487920846e+00
2.466460178181174800e+00
2.570957278241719823e+00
2.581756798538428654e+00
2.838092743191997780e+00
2.455527959318590359e+00
2.012607235779064752e+00
2.467173313624808628e+00
2.114110672896760690e+00
2.279947718041512861e+00
2.721594583620756680e+00
2.373318925848175276e+00
2.691891510735833659e+00
2.093839491941156705e+00
2.570029420532268460e+00
2.695139552444398845e+00
2.667145195131698010e+00
2.015177935535403364e+00
1.992481315732069769e+00
1.968055944584532702e+00
2.831960497854385750e+00
2.515530168911999542e+00
2.684879865608402749e+00
2.581780501249782311e+00
2.234824954163218358e+00
2.298133445761688431e+00
2.128582992978953925e+00
2.137555553429017596e+00
2.254442905203397185e+00
2.384581052874523266e+00
2.724222108879313708e+00
2.440023561314890621e+00
2.556244222014833589e+00
2.867938031226010764e+00
2.677744302142675892e+00
2.816070177319848433e+00
2.605891289149063539e+00
2.392091208379243383e+00
2.044905091470344161e+00
2.460392586375567348e+00
2.384609947860811818e+00
2.208680936988364429e+00
2.750399225309827500e+00
2.751542791431378809e+00
2.593992844079868743e+00
1.994953557003112721e+00
2.385618659901956651e+00
2.395126920640036072e+00
2.729518793941119625e+00
2.613417727110587840e+00
2.299468422544043378e+00
2.220514271563764019e+00
2.695326817195539792e+00
2.634186061875741558e+00
2.925346967809516308e+00
2.740072742672958750e+00
2.193477250927257316e+00
2.976631480014794828e+00
2.358133331628695650e+00
2.898192673887999504e+00
2.824895832256667738e+00
2.443616811849306902e+00
2.393310862056558630e+00
2.150944971859071853e+00
2.078127153176964281e+00
2.708932138130249800e+00
2.301470260088919417e+00
2.589020951018784711e+00
2.209252182155058364e+00
2.223032555164599078e+00
2.798548083294417843e+00
2.506543023152322469e+00
2.612819140386767991e+00
2.117140887064817178e+00
2.292977004721324263e+00
2.692761503734102391e+00
2.632635846190099826e+00
2.407570824606791060e+00
2.695914043003568850e+00
2.740614355615259790e+00
2.546772995445230503e+00
2.056203696183862561e+00
2.540874690245202405e+00
2.428886941929297105e+00
2.409165097547225187e+00
2.304134160797056907e+00
2.112954159547173028e+00
2.181994541924264563e+00
2.618132420443659569e+00
2.700867948470614177e+00
2.235583474997785203e+00
2.400116581401426252e+00
2.761978787145068726e+00
2.606231964792069977e+00
2.168092532744678724e+00
2.879322685057759124e+00
1.828102704804285494e+00
2.659579806553628689e+00
2.337958177236070689e+00
2.618119442111716211e+00
2.265836122001811503e+00
2.722516793508238830e+00
1.866044018554849471e+00
2.357679517614801323e+00
2.510031988823214100e+00
2.592922827379954498e+00
2.110310984523724898e+00
2.080133661935260836e+00
2.642323700797950092e+00
2.230228112827230547e+00
2.012904146033970942e+00
2.220465500564917427e+00
2.440947782783291498e+00
2.281761348825346758e+00
1.989775859734659091e+00
2.462646482318060936e+00
2.738406659432542689e+00
2.497485036900886524e+00
2.660840112599623719e+00
2.742485659667941889e+00
2.532736987278092933e+00
2.962038965731208506e+00
2.543521441473098665e+00
2.637552990882331638e+00
2.229455807944220158e+00
2.253435750375293978e+00
2.164937749633059294e+00
2.859477494730872316e+00
2.130130964161216944e+00
2.671764376952718401e+00
2.746173278245449989e+00
2.399772609062125639e+00
2.418222339346777439e+00
2.291399028099163182e+00
2.374406900350414240e+00
2.252000355565998646e+00
2.657331520394967672e+00
2.475739889321302734e+00
2.122764164617865212e+00
2.376051044619035935e+00
2.361713026577106689e+00
2.631054366871281136e+00
3.008701342152168223e+00
2.337178947906588533e+00
2.362224540183231802e+00
2.627512557216546973e+00
2.746679865607765780e+00
2.784591269817066284e+00
2.260765351988977656e+00
2.515645744341296286e+00
2.671289480962369733e+00
2.435798568219964544e+00
2.553811602580053464e+00
2.463686553708687388e+00
2.640475725544748631e+00
2.016794846539625929e+00
2.251138825177307901e+00
2.645501043625440474e+00
2.685903563761665502e+00
2.321995444746320914e+00
2.406322664509832343e+00
2.377875970874098410e+00
2.306174964166596286e+00
2.497136886460390226e+00
2.021420700757741606e+00
2.289896341706371352e+00
2.780561157189500587e+00
2.321845686240150641e+00
2.503161145079128236e+00
2.287133264961224377e+00
2.779896795434781964e+00
2.460530013129883287e+00
2.635966706430100892e+00
2.442048118254084521e+00
2.539227329464073257e+00
2.404902139175392417e+00
2.695522990979128952e+00
2.243817115159981501e+00
2.726743946191521051e+00
2.563818803827319304e+00
2.289404568284667985e+00
2.203741377208072727e+00
2.868213748423297904e+00
2.539416197970584932e+00
2.194253484034792034e+00
1.799217327616735140e+00
1.970019617936122014e+00
2.192745440572894111e+00
2.540377040412009624e+00
2.839890653107055130e+00
2.294399322521675000e+00
3.078335866922441433e+00
2.401018639038361879e+00
2.428521400583258938e+00
2.194433779479717295e+00
2.012349744349836378e+00
2.183768044210337766e+00
2.582616479676766996e+00
2.593869007320054543e+00
2.414807452779832886e+00
3.053975422910796489e+00
2.213783435388115617e+00
1.960916762089205179e+00
2.336615599084368000e+00
2.174353559378403133e+00
2.422841662938604479e+00
2.143348159347700399e+00
2.437203697424764837e+00
2.248274577434970389e+00
2.376184424664673500e+00
2.827834505745738802e+00
2.670817573793381250e+00
2.476917047250827064e+00
2.193796034596193323e+00
2.157706286954409691e+00
2.347390708584261354e+00
2.847814973240510028e+00
2.637226621083792466e+00
2.670558895290502388e+00
2.671944463607308418e+00
2.136614693033393131e+00
2.420047158221274586e+00
2.196496713054180816e+00
2.290874114349925161e+00
3.003697317658698296e+00
2.837655352224182081e+00
2.221326947762612303e+00
2.455845614829235135e+00
2.464949791909310850e+00
2.182387441121700355e+00
2.702042390987699605e+00
3.012458740256744871e+00
2.354187990913567230e+00
2.494633497865296423e+00
2.829435059331143254e+00
2.192721440242951569e+00
2.768943425381184653e+00
2.474795546428492532e+00
2.420032113935731033e+00
2.573475278794375321e+00
2.959703427173457690e+00
2.256822184455781422e+00
2.505564325536802528e+00
2.306275806281772756e+00
2.064483175317080033e+00
2.756819937100014162e+00
2.644634703536926423e+00
2.709048571753033485e+00
2.678907674982504261e+00
2.418633367813050050e+00
2.535722225325273804e+00
2.551843138915725451e+00
2.315661855487189058e+00
2.780035931498769930e+00
2.962787496051699332e+00
2.651606418337917326e+00
1.999188447877008556e+00
2.165577105168092320e+00
2.936313388922293210e+00
2.626995146204262888e+00
2.282937235992833713e+00
2.370455716583333761e+00
2.974543137848888019e+00
2.101467609814314574e+00
2.505830328830784381e+00
2.489329351811471192e+00
2.383489309891033692e+00
2.669070996671871310e+00
2.391072622795830327e+00
2.678508685300220016e+00
2.618858011619555448e+00
2.307178498646969445e+00
2.276245225765377356e+00
2.934625855036498532e+00
2.437339945383424578e+00
2.772966498210028163e+00
2.291649045083635094e+00
2.666491116926338112e+00
2.149229508172081360e+00
2.033941876368448476e+00
2.475400100837254591e+00
2.620702949203303600e+00
2.412385643912914546e+00
2.220059288656138996e+00
2.180310451737137445e+00
2.628248801393581413e+00
2.800295565844380441e+00
2.756244434718368108e+00
2.329854294826435801e+00
2.482676652918556659e+00
2.309459613952462131e+00
2.220289448235689633e+00
2.653139337974054435e+00
1.942887732499672504e+00
2.652544424860872052e+00
2.351444630255342449e+00
2.852178514124643627e+00
2.550718599724957514e+00
2.632324464618255977e+00
2.049072355952587188e+00
2.145049614344082478e+00
2.651437776551268666e+00
2.275673780918296529e+00
2.771705876114791245e+00
2.127080052673931299e+00
2.319284993693692787e+00
2.902964795009720156e+00
2.182536003757167276e+00
1.794355223819867451e+00
2.780450298818234689e+00
2.380514196418920037e+00
2.097072950323787932e+00
2.470669689171513195e+00
2.512139997408519676e+00
2.534973107562725758e+00
2.571184195044720955e+00
2.452337698084206874e+00
2.651904401950030188e+00
1.966783550242722889e+00
2.069992104702032876e+00
2.377821504583574441e+00
2.516071688901786452e+00
2.335007178952000828e+00
2.462262696751835289e+00
2.696573907801130154e+00
2.265840307230397421e+00
2.967549595430237108e+00
2.373085652184712124e+00
2.554810675321610880e+00
2.287664971846273154e+00
1.991581241264579027e+00
2.410135979317210797e+00
2.361788836146716974e+00
2.396695803131850155e+00
2.596592105739186973e+00
2.333309334742700525e+00
2.086457412230695141e+00
2.518177848953505382e+00
2.537893151122646351e+00
2.888216670341944070e+00
2.289789324480982824e+00
2.615846441687935453e+00
2.402749783311429077e+00
2.198367056707148937e+00
2.443426661411447043e+00
2.503338711565743058e+00
2.750127760895319184e+00
2.195392076748771792e+00
2.080440641911263100e+00
2.737155551226610140e+00
2.451638606018172073e+00
2.223934495659038113e+00
2.626523307569120114e+00
2.255789828186970603e+00
2.676607472323524028e+00
2.598960634132026826e+00
2.517577686523620351e+00
1.948548317304481747e+00
2.161643489715264099e+00
2.451682059859277896e+00
2.233567937811554049e+00
2.311745569268592870e+00
2.202049528760611885e+00
2.821350178315185087e+00
2.887299232455317721e+00
1.984542477010468930e+00
2.733344307880847257e+00
2.435615205413419027e+00
2.521931232715111548e+00
2.618606019753992875e+00
2.486734910494743822e+00
2.546754436462572713e+00
2.201363479504170773e+00
2.106194482511294375e+00
2.001392440160446373e+00
2.726856678751573337e+00
2.124000773716582913e+00
2.222035656135982862e+00
1.980973498669320376e+00
2.024938996547036574e+00
2.812668968896083310e+00
2.597223674332123089e+00
2.127407363278145169e+00
1.956415178376987418e+00
2.545724040455757731e+00
2.085074970706759956e+00
2.293613478222788604e+00
2.656233668497766320e+00
2.270897002589398639e+00
2.545674857160815652e+00
2.807219249664059113e+00
2.140818604264857150e+00
2.690380513631438930e+00
2.073452523961295313e+00
2.365212256499557686e+00
2.695186094372223895e+00
2.280636890336450673e+00
2.478906841522190874e+00
2.513288287078120575e+00
2.351601894744600241e+00
2.699949936695735797e+00
2.284732185379064084e+00
2.608230063279131095e+00
2.346433873260294067e+00
2.160888638114581983e+00
2.304184373035729649e+00
2.333495771215058134e+00
2.737565246967114785e+00
2.691885614097246915e+00
2.406750751723355286e+00
2.490584506308743062e+00
2.701730278489232973e+00
1.910608801809124735e+00
1.951834010896303262e+00
2.237401870209893673e+00
2.572029480153704029e+00
2.677815338416987601e+00
2.765904267285951512e+00
2.325986954661560802e+00
2.503060726869818176e+00
2.596571869115320563e+00
2.549638276656477132e+00
2.041695580842907365e+00
2.449105870588677458e+00
2.423502180443946497e+00
2.424450214720727637e+00
2.332706624917109561e+00
2.291622534332388383e+00
2.467857461989964030e+00
2.127881622759151714e+00
2.903513653918173620e+00
2.252168977518496096e+00
2.428343960050365791e+00
2.213739748743598135e+00
2.693761129017097300e+00
2.584278894796268045e+00
2.761092546523508773e+00
2.553907982463439641e+00
2.570546402484015669e+00
2.136151402097195451e+00
1.978554032482263469e+00
2.022509960396444040e+00
2.533722918976578864e+00
2.410071193114526000e+00
2.392151057325658137e+00
2.661777922629611659e+00
2.207702275001051540e+00
2.082856831291230559e+00
1.955969008137760090e+00
2.527500394349326385e+00
2.241397350575923930e+00
2.436087997795914006e+00
2.223118624554378364e+00
2.409117401735828334e+00
2.818975659604269879e+00
2.721536538473878331e+00
2.693055549090022538e+00
2.710794986276971130e+00
2.278911437513952531e+00
2.888313740945453123e+00
3.102955845039715665e+00
2.548421394687354624e+00
2.547164983660306081e+00
1.886960351149868043e+00
2.161235820256163453e+00
2.072337113227764149e+00
2.815569329616586458e+00
2.896218959724538689e+00
2.596073966304899283e+00
2.341817177868508626e+00
2.315585562357481031e+00
2.381980995429580084e+00
2.623159918902581378e+00
2.378706285249968300e+00
2.821837199104755722e+00
2.464450733252539383e+00
2.862696974304863140e+00
2.796432863951078041e+00
2.601278379288948450e+00
2.685464711085860490e+00
2.481590936820132764e+00
2.563608260874478351e+00
2.191517581400366232e+00
2.485539426891429926e+00
2.997989678010006820e+00
2.144150885960297348e+00
2.603386859943625176e+00
2.655969130775599929e+00
2.359391861384273703e+00
2.733869547425730850e+00
2.852316922020549317e+00
2.257906361291368569e+00
1.877547025225581034e+00
2.352956401827372979e+00
2.429359865469311153e+00
2.776367995207236206e+00
2.154218105687947027e+00
2.508761318773548243e+00
2.431242608759369261e+00
2.167842451747912680e+00
2.137830464615271264e+00
2.068710566256431349e+00
2.770621514105165328e+00
2.310558472548882136e+00
2.217183318096377143e+00
2.070429847584577043e+00
2.565371405281712480e+00
2.295484013239210253e+00
2.667517120720441781e+00
2.801844785184072428e+00
2.738437897574200974e+00
2.508826243429159053e+00
2.315922679740864520e+00
2.726121229408827062e+00
2.296761232934884767e+00
2.244081495818529337e+00
2.373802673047492817e+00
2.407362763436577513e+00
2.481584952435926361e+00
2.561835368529123080e+00
2.060359070756087263e+00
2.500903735575784381e+00
2.175666057051487634e+00
2.431982013681366350e+00
2.878050180504896804e+00
2.499702477201631634e+00
1.761316456052797852e+00
2.025927794023396178e+00
2.257685849836432723e+00
2.338899203932101045e+00
2.271971428493434697e+00
2.307643662778679605e+00
2.671980625162281964e+00
2.545607743918989918e+00
2.680370900710146831e+00
2.450057155052894675e+00
2.534743457151818369e+00
2.297577798412916650e+00
2.023819465591846889e+00
2.488653435307790485e+00
2.598092098233498071e+00
2.701334273084030624e+00
2.399681197047152104e+00
2.817032814528528384e+00
2.283119078721602691e+00
2.643624396286261558e+00
2.830518190248213273e+00
2.115399708806295020e+00
2.449135350757219776e+00
2.569073286874183015e+00
2.686690393993702575e+00
2.225986937898077223e+00
2.467399055817415920e+00
2.429289976119880734e+00
2.225429412074306779e+00
2.615764625567090107e+00
2.834223321814886010e+00
2.405744824667230830e+00
2.426495233054122735e+00
2.850230649997996135e+00
2.938802381355318349e+00
2.531454897355359890e+00
2.488396287132517593e+00
2.334132562819325685e+00
2.314808532919056638e+00
1.801029152126166100e+00
2.071804680734405935e+00
2.473568604830616913e+00
2.195752679750127889e+00
2.296359476206425221e+00
2.601027646602864785e+00
2.498970092411363364e+00
2.135049952806580720e+00
2.937299196770508658e+00
2.640206785204315842e+00
2.222336605710680590e+00
2.299936863560650746e+00
2.423046301767476152e+00
2.514808145450146970e+00
2.494208424136184377e+00
2.688422397692203702e+00
2.525275241016705419e+00
2.711187986753206491e+00
2.457048307191866066e+00
2.051343235772825402e+00
2.137363323260802694e+00
2.465802216888897558e+00
2.668144667020716732e+00
2.769342589178833691e+00
2.442309934200387112e+00
2.187131780758982735e+00
2.331140200743976543e+00
2.039393991792359806e+00
2.333861587765473811e+00
2.333249738509356241e+00
1.834946469184601137e+00
2.530476186609180278e+00
2.090313002220604233e+00
2.907756646520569088e+00
2.249743980690810830e+00
2.456109416718754268e+00
2.408302493019393253e+00
2.674129423546273365e+00
2.194888755081856768e+00
2.253000239398717852e+00
2.681149895675872585e+00
2.543832418483245039e+00
2.688434934235393037e+00
2.001168444790857759e+00
2.251552598825840690e+00
2.566120383682498396e+00
2.488682902323668955e+00
2.685621903543466082e+00
1.960706332846327671e+00
2.593599630926421540e+00
2.227675078549489207e+00
1.932207531043537152e+00
2.493262598648071204e+00
2.782442994533423697e+00
2.138869222739585130e+00
2.487903048658473892e+00
2.355660709315985812e+00
2.223427657510924860e+00
2.780671066648223722e+00
2.533007892639001390e+00
2.290799059430088214e+00
2.481779573960759322e+00
2.753745869176559058e+00
2.233832010747968333e+00
2.649216732539903862e+00
2.292980867697190561e+00
2.337515263529247100e+00
2.273765111836028474e+00
2.806062805542780758e+00
2.127799152992343679e+00
2.703344523315800441e+00
2.526082747210024682e+00
2.109963108123856124e+00
2.095322632911670535e+00
2.778164965714842616e+00
2.078862374202465446e+00
2.228695999317509724e+00
2.418129340953662165e+00
1.946572062991189123e+00
2.521075598893645520e+00
2.572999980937356046e+00
1.940199707395003026e+00
2.724276307525330676e+00
2.513595443954023789e+00
2.829607090528329039e+00
2.313640068833970886e+00
2.536481409091211336e+00
2.858791012497704287e+00
2.060403976386471214e+00
2.620784780821267201e+00
2.751887601145421858e+00
2.977022020462992913e+00
2.031319103321039599e+00
2.944215836912769113e+00
2.696063906445658631e+00
2.038130705740578197e+00
2.644875084966396006e+00
2.577175112712225769e+00
2.402859580658205374e+00
2.432763686392124036e+00
2.347042269892398281e+00
2.664257181565933053e+00
2.641482358069096925e+00
1.959389073293168027e+00
2.629230916481352764e+00
2.320787601821675317e+00
2.595330660898457875e+00
2.458987502774985678e+00
2.266898788934044173e+00
2.462010516947506389e+00
2.316943002114162820e+00
2.555443246566891702e+00
1.812949865462686772e+00
1.979950568008508327e+00
2.541007378492429858e+00
2.877738277462893013e+00
2.282125106647681534e+00
2.080438382586702772e+00
2.196317668500090470e+00
2.860807511384929391e+00
2.360320060133848319e+00
1.916631188459280821e+00
2.626711785916650665e+00
2.328554832691875465e+00
2.478727869665513950e+00
2.660193020395212660e+00
2.116032794715600573e+00
2.011626181288979520e+00
2.149028294819854690e+00
2.319473458729836679e+00
2.680310488052347395e+00
2.216092863732783691e+00
2.284814533556933647e+00
2.740354672554293547e+00
2.196813854245834641e+00
2.333833997402456006e+00
2.950287000414478999e+00
2.663425587763164515e+00
2.440430510984210599e+00
2.641109656173906473e+00
2.670147778818871664e+00
2.741341805743804372e+00
2.194686647817224667e+00
2.852730751878884252e+00
2.666495681339632551e+00
2.411381742703409881e+00
2.633637948929169692e+00
2.448935037594793585e+00
2.500025388942458626e+00
2.392248834837530591e+00
2.507849967440941796e+00
2.947184734743526935e+00
2.976750823533306001e+00
2.932827099478534816e+00
2.318855190149332834e+00
2.766885100814384657e+00
2.719270850680555629e+00
1.927624806700346083e+00
2.466319860616998927e+00
2.166376331198129446e+00
2.037015713943191919e+00
2.468978165461747309e+00
2.188231636874064634e+00
2.506709976038047571e+00
2.280199745106676890e+00
2.290546015167419291e+00
2.528569712026960126e+00
2.521408136797470778e+00
2.141529396650369232e+00
2.557508764381045907e+00
2.435148460891393363e+00
3.024575039775180496e+00
2.534361631085190414e+00
2.135544293876334709e+00
1.958658438307374849e+00
2.768690211288403535e+00
2.665425771989939907e+00
2.020934417654683735e+00
2.314175709149800753e+00
2.562607127577903654e+00
2.021285649899795089e+00
2.702949058159747953e+00
2.498738862900180990e+00
2.600930665162301203e+00
2.825133959596272337e+00
2.660998163424776575e+00
2.490631520984613267e+00
2.771641026444430889e+00
2.158578512760873203e+00
2.442930398755118304e+00
2.913088760243252029e+00
2.216710764789251442e+00
2.283639676399548790e+00
2.838467952516857018e+00
2.755903422542552050e+00
2.768472492047122202e+00
2.526924401325940206e+00
2.647977458162253050e+00
2.638879979840988099e+00
2.032147839140491019e+00
2.257421134424438591e+00
1.932848770345303446e+00
2.718383543627911347e+00
2.100180295420623011e+00
1.777157996900216919e+00
2.405413832161894305e+00
2.434262773457377182e+00
2.683024170034885358e+00
2.517513147329068168e+00
2.763075828197007588e+00
2.183615261520122086e+00
2.293768784816235140e+00
2.482596257852593968e+00
2.349827443673126570e+00
2.453653895457842182e+00
2.224993002325793778e+00
2.434502936793051742e+00
2.518408569741984682e+00
2.013172125539128832e+00
2.497520182211129480e+00
2.800410811709214798e+00
2.447719649424846544e+00
2.579724914444462058e+00
2.833561091781785279e+00
2.347537785436748514e+00
2.469764831430157237e+00
2.148855441665124211e+00
2.468992980918002456e+00
2.234631578118118966e+00
2.778555885645191736e+00
2.839014418894706626e+00
2.371519538620042944e+00
2.579150525580772069e+00
2.897823939956257977e+00
2.288230528058365465e+00
2.532277973761137613e+00
2.256617656188392829e+00
2.547415145532902603e+00
2.442209128789436967e+00
2.563332094079438406e+00
2.447543278893792085e+00
2.800185691434357249e+00
2.048431785101280322e+00
2.533972247294946190e+00
2.136130812401305867e+00
2.549830104036848510e+00
2.803544891538358730e+00
2.266347798304638506e+00
1.962141080039272234e+00
2.784066377076307219e+00
2.433594160967291753e+00
2.314140150364868198e+00
2.362299902231951521e+00
2.579168920162378420e+00
2.455070511458906424e+00
2.509176761534257061e+00
2.651050691534437398e+00
2.824440769954292385e+00
2.153342228280588966e+00
2.979775363413534439e+00
2.268243514034560260e+00
1.996587838130316594e+00
2.905365180652235590e+00
2.221759403087401274e+00
2.477418787389101595e+00
2.666596307443938496e+00
2.505153354460206039e+00
2.954374519335514204e+00
2.202529620993008308e+00
2.460608113959039223e+00
2.824659958361323220e+00
2.761333036663651708e+00
2.485120120481899786e+00
2.301443500352164495e+00
2.156983728135492218e+00
2.278663202256824505e+00
2.347509578304598055e+00
2.615945822625435291e+00
2.443234437031437611e+00
2.084796042201843669e+00
2.675431555012771412e+00
2.251405759028493492e+00
1.979273571801805520e+00
2.013321266914760876e+00
2.277134910845073357e+00
2.898835216237935164e+00
2.202022228065281695e+00
2.364913194054708789e+00
2.381752153772741742e+00
2.593627637618848514e+00
2.468533026769866190e+00
2.520605833936371276e+00
2.541094664055196795e+00
2.627730936904905334e+00
2.416054327656418366e+00
2.436127116537499138e+00
2.380659971988303703e+00
2.671390410925180703e+00
2.528204532181704600e+00
2.317055706274051108e+00
2.357650700792552456e+00
2.025739970095672859e+00
2.544013751468400031e+00
2.776804447082994898e+00
2.381860889816839855e+00
2.290276581798858846e+00
2.277172484913948303e+00
2.092672950810325894e+00
2.729460829615766748e+00
1.942226127286610371e+00
2.611993739457661334e+00
2.285134974544694941e+00
2.391063047914551376e+00
1.895799720725720228e+00
2.652543867992655180e+00
2.413518033433029952e+00
2.393116001262148185e+00
2.368160668740558084e+00
2.393755882569354121e+00
2.321386350385254982e+00
2.176833515378424622e+00
2.206570644350006827e+00
2.569503912670709322e+00
2.879906703481307062e+00
2.581017796725442182e+00
2.661813861930192093e+00
2.412498839291318475e+00
2.495917635978724736e+00
2.281264880239375792e+00
2.746611303843213836e+00
2.374439041253936011e+00
2.372638930705138538e+00
2.792237616669596800e+00
2.321758202707524088e+00
2.410638785001873785e+00
2.540930937427247294e+00
2.085866734407309409e+00
2.421737891052422320e+00
2.379352023537553151e+00
2.264360556481031850e+00
2.578237429871941711e+00
2.724373181891679874e+00
2.498998882997595761e+00
2.408328625192047934e+00
2.572517542678098845e+00
2.611014196044353142e+00
2.781645239079387100e+00
2.083104989210713853e+00
3.021953412593168853e+00
2.441936444314105614e+00
2.683375682354856018e+00
2.592920677252600559e+00
2.599303846857412559e+00
2.543862015915220987e+00
2.442104991238447376e+00
2.564617636640802001e+00
2.543308007417441452e+00
2.369815256924234337e+00
2.366146899190917807e+00
2.415133238994086273e+00
2.319814271200696609e+00
2.763157173198282024e+00
2.455887500733915818e+00
3.064497927376493625e+00
2.194734727470729396e+00
2.403852633030963748e+00
2.582121819109810978e+00
2.457938298322792203e+00
2.535901186279235553e+00
2.651987593081601258e+00
2.342316278375885297e+00
2.558837690964976375e+00
2.292419835066183076e+00
2.119093650386553840e+00
2.566664904729341057e+00
2.289440090787075111e+00
1.901094231145046498e+00
2.166785086077577915e+00
2.473582828208978679e+00
2.488360382275776495e+00
2.850615851995280892e+00
2.232893805903602313e+00
2.831261603513475222e+00
2.034499265193160600e+00
2.226138002428779572e+00
2.879683017203185091e+00
2.874444053166920643e+00
2.777548604503266461e+00
3.011921490112990263e+00
2.359943528667224122e+00
2.302649007140547432e+00
2.731073887637332387e+00
2.291156059188933725e+00
2.222588891852730786e+00
2.748487680935426614e+00
2.624917465271045636e+00
2.261893297129827118e+00
2.277688046427375212e+00
2.214173595565076980e+00
2.483954961673688011e+00
2.338942586285761571e+00
2.377246140982727240e+00
2.267981490695169633e+00
2.465900913749289991e+00
2.625877164144826192e+00
2.550028487431354129e+00
2.514492554084873710e+00
1.919796822229932420e+00
2.550943866964012319e+00
2.175684999337341274e+00
2.873689194771442690e+00
2.371391418969128306e+00
2.876118709507210269e+00
2.870173582302924409e+00
2.215360009608753344e+00
2.489450434436121018e+00
2.410788408826471496e+00
2.437022758148670309e+00
2.022184437907326604e+00
2.661342617899890683e+00
2.305375400459702018e+00
2.322440644772051588e+00
2.587916985737116704e+00
2.562695205952774113e+00
2.782009687881545901e+00
2.087092475088856869e+00
2.525699821386442334e+00
2.255285027360335093e+00
2.723032794830242409e+00
2.435104101097244289e+00
2.562663102263378345e+00
2.849255176348922447e+00
2.905204411356665517e+00
2.183027031342071655e+00
2.499928730248416109e+00
2.398451515703185599e+00
2.016273694963373053e+00
2.960856156465615285e+00
2.706015265510939294e+00
2.847375016380218948e+00
2.749443335231210206e+00
2.320262010801517505e+00
2.384313544987211930e+00
2.058944762461950795e+00
2.404345549620057199e+00
2.231788569297332270e+00
2.439586915033457259e+00
2.664478549034267729e+00
2.846187016639925016e+00
2.615326781202607087e+00
2.702508148994892334e+00
2.582479860289363938e+00
2.335150878950353004e+00
2.583812045236748567e+00
2.525132076844819551e+00
2.483561030554019666e+00
2.163440801515328360e+00
2.642237931838762766e+00
2.493280821680347259e+00
2.259357150088223243e+00
2.254034745142141638e+00
2.564010105582243515e+00
2.713868685408425740e+00
2.753244510243652687e+00
2.430982654938426801e+00
1.985012506952087863e+00
2.437025814759816278e+00
2.523248433851064121e+00
2.303903569624051517e+00
2.764564910262338415e+00
2.247659554180144070e+00
2.433327778254990914e+00
2.023323310435272138e+00
2.341832302091087392e+00
2.084182833769287591e+00
2.709139725365524942e+00
2.408184513536558935e+00
2.651677251637481803e+00
2.562689604518147313e+00
2.940301447319880523e+00
2.951751201105239364e+00
2.361931265206756780e+00
2.337009920634070426e+00
2.392998838108491011e+00
2.171754848935770532e+00
2.589255907581271110e+00
2.643911509214520894e+00
2.712427189498182845e+00
2.634656199740862181e+00
2.426524868247544653e+00
2.441472932012364261e+00
2.392597180146025515e+00
2.357448635932200887e+00
2.659677277522918271e+00
1.824755866739297128e+00
2.676252729408779008e+00
2.329164435601677408e+00
2.279849978549314038e+00
2.617416123046686138e+00
2.452388736720733320e+00
2.602624367845586928e+00
2.333702175574511983e+00
2.452967238786752269e+00
2.222797492356623383e+00
2.765908403378774860e+00
2.363480389774384793e+00
2.620635855562146510e+00
2.800143355871454798e+00
2.389546608722584509e+00
2.719189900017044081e+00
2.271274321677899444e+00
2.414337852575090704e+00
2.073999400297367846e+00
2.511970955217789125e+00
2.788642993818951865e+00
2.353231027415969567e+00
2.800012786611029814e+00
2.320240146213017329e+00
2.633514401219584133e+00
1.990433990784721940e+00
2.554783036001460506e+00
2.375107217850651153e+00
2.538680780354522160e+00
2.539700682655493758e+00
2.441421631755534172e+00
1.881205466357052325e+00
2.678297922826292865e+00
2.504576309339551443e+00
2.622570270306885831e+00
2.576612203337342422e+00
3.007704074379668580e+00
2.385479129696812528e+00
2.131814007305052883e+00
2.663709389162684626e+00
2.074331141708769977e+00
2.649677816521576634e+00
1.834081638118417734e+00
2.294681296297188311e+00
2.240807426966391347e+00
2.861787313105044639e+00
2.088886751396908714e+00
2.193612028711591222e+00
1.962971714980506821e+00
1.926104348883746153e+00
2.386812014575473206e+00
2.095552864276424287e+00
2.365242678704741142e+00
2.352005677559122265e+00
2.494369503256337772e+00
2.826163392127866381e+00
2.494293857383587998e+00
2.602292720859348041e+00
2.577772008350224020e+00
2.715426302736921649e+00
2.866002449903785276e+00
2.351282811401693262e+00
3.024391848492591350e+00
2.069540585028718738e+00
2.101309932269031844e+00
2.702329869232344084e+00
2.513473375214413608e+00
2.060986289344058253e+00
2.375966364265890363e+00
2.068701207163594624e+00
2.356442688542874198e+00
2.412116426332537422e+00
2.293419756377972796e+00
2.543266892555924308e+00
2.742482506950887799e+00
2.346714738848091564e+00
2.204482045048041794e+00
2.776334053916807321e+00
2.495196360279826830e+00
2.448662189722865090e+00
2.464777109353649021e+00
2.135248616736155292e+00
2.498492618493367790e+00
2.367031924267270160e+00
3.003674824081923322e+00
2.415808624224355938e+00
2.763269459350617296e+00
2.718039841700588433e+00
2.288475507830340927e+00
2.627773370887479754e+00
2.703244844372765243e+00
2.631869320633856368e+00
2.394700790957660974e+00
1.948739382322126179e+00
2.564272766892309985e+00
2.693106854064694300e+00
2.291227395233502495e+00
2.848427795348142499e+00
2.292552081701530575e+00
2.624356692550373182e+00
2.604116045115853151e+00
2.696124625180258860e+00
2.405515393146313130e+00
2.742067116510876090e+00
2.212034440016867443e+00
2.385062531152278176e+00
2.151343945874752084e+00
2.595583025208706651e+00
2.366463844284788287e+00
2.826656940199787194e+00
2.145175572091136740e+00
2.690677014954962143e+00
2.683385054064293840e+00
2.574710491421833503e+00
2.343117845383429820e+00
2.312880373531002842e+00
1.976910138338855205e+00
2.850350479734343079e+00
2.609571486468274415e+00
2.417962174732460223e+00
2.810975434238025095e+00
2.367143312118710874e+00
2.477476665228701247e+00
2.522019371314716985e+00
2.544332193667873554e+00
2.582856540085161079e+00
2.290019971432411872e+00
2.416777710041026150e+00
2.464929286309219147e+00
2.375044980275545115e+00
2.197512460736130269e+00
2.072391463700180125e+00
2.559630273992910876e+00
2.596274157361281976e+00
2.899733610493528069e+00
2.290708521234064321e+00
2.530691502470853393e+00
1.996701312928447880e+00
2.029076664019162646e+00
2.356963580394737079e+00
2.703835799836332932e+00
2.749185506893515374e+00
2.549920326207030019e+00
2.845290815817960173e+00
2.678888962548004127e+00
2.518678514935913881e+00
2.641292918820545843e+00
2.622243891336702770e+00
2.354195957584738874e+00
1.818969825473844892e+00
2.262056565661008101e+00
1.747512979104013153e+00
2.230643244874249476e+00
2.276243191425729950e+00
2.806711160666894411e+00
2.360456959682919909e+00
2.591416592342691061e+00
2.711796912859171016e+00
2.229701610720379090e+00
2.143246832870669749e+00
2.238583256350784367e+00
2.464325353412532227e+00
2.420128537640229283e+00
2.335745234423178829e+00
2.276217369961084369e+00
2.239356727985190254e+00
2.511023176213135866e+00
2.630495953887960425e+00
2.492562146482226737e+00
2.280289990342653894e+00
2.659756016703606729e+00
2.682641781298693129e+00
2.623598762969762355e+00
2.065312516369413043e+00
2.135135927634005171e+00
2.466731396152818334e+00
2.585707974288187216e+00
2.113609793587323260e+00
2.602486581532438947e+00
2.337539029681316549e+00
2.583956431870141124e+00
2.400944181534557575e+00
2.385000782445312772e+00
2.729964322829659729e+00
2.368812195619886207e+00
2.267400364850678862e+00
2.665055035478697043e+00
2.277286374580012485e+00
2.306820157466752619e+00
2.444607846425555397e+00
2.551152554064333167e+00
2.226665468845241413e+00
2.389644451833647487e+00
2.609496328199124804e+00
2.347532990667895447e+00
2.524590296679162904e+00
2.313554575797580171e+00
2.109694979127000103e+00
2.560250344930912192e+00
2.255671944272136908e+00
2.847924784927390984e+00
2.086096210812128149e+00
2.783552422825314565e+00
2.559705022799073859e+00
2.286123728322106530e+00
2.668510685651924952e+00
2.664730613032093132e+00
2.038772598454795304e+00
1.982493891131956287e+00
2.672336835337848271e+00
2.441620686652631544e+00
2.710938998778548381e+00
2.115979142967183257e+00
2.532061364633795719e+00
2.320448546626866282e+00
2.997866699202588858e+00
2.050795092847873313e+00
2.407352599958594297e+00
2.321632017667406789e+00
2.483299291492815808e+00
2.810814787974333040e+00
2.434392890117916153e+00
2.729984311607861702e+00
2.474836975231530012e+00
2.501668005588634891e+00
2.614503820944048318e+00
2.807882135157323322e+00
2.796669641161140696e+00
2.728070655631784192e+00
2.397044316487963567e+00
2.240561293372913543e+00
2.244330085206931003e+00
2.647404643396517265e+00
2.267597655601879758e+00
2.379149010293278188e+00
2.580685603663302352e+00
2.307855019953113818e+00
2.352921004769306101e+00
2.541488574984976268e+00
2.419613342041763815e+00
2.249076795045525046e+00
2.392176688746009638e+00
2.439417805007138895e+00
2.857790460659913379e+00
2.500819161931330914e+00
2.849067808560451720e+00
2.527411103984236629e+00
2.648209161498345399e+00
2.455935538897627168e+00
2.348842324703822371e+00
2.109887817792961862e+00
2.950633829826980747e+00
2.062421668703460220e+00
2.580015581541959424e+00
2.035089746428391688e+00
2.446718073494870360e+00
2.497694050553517453e+00
2.613116660997271357e+00
2.353750141254533634e+00
2.328570134484444498e+00
2.201002591017486854e+00
2.712225457005646767e+00
2.578798569050242406e+00
2.644017165070616127e+00
2.498738610299410023e+00
2.914258645831564909e+00
2.227835312842656457e+00
2.487490454805652451e+00
2.008449766459116326e+00
2.312461352098663880e+00
2.484993331983998743e+00
2.383432415298271323e+00
2.736540611163749137e+00
2.297809834839901200e+00
2.487785723319987152e+00
2.281536513072360606e+00
2.207711419726773094e+00
2.442953134717236630e+00
2.236915890357480841e+00
2.379865372885604735e+00
2.265968075796459313e+00
2.382977638061186010e+00
2.648237501298594587e+00
1.990591767556238345e+00
2.726948194623201704e+00
2.739253483041266701e+00
2.479758644275625201e+00
2.403044092484682981e+00
2.308004937086475472e+00
2.240468884162436503e+00
2.532755953419713268e+00
2.253155329125908768e+00
2.653720854440881904e+00
2.426341489041971222e+00
2.300301447857308723e+00
2.418567174864119096e+00
1.879557856406246730e+00
2.415855717128434499e+00
2.423127535098620555e+00
2.215678618615242179e+00
2.365615368944078423e+00
2.695500912568325358e+00
2.465166476958485564e+00
2.730324558654210865e+00
2.518220590160568761e+00
2.705991871166309348e+00
2.165198871873869724e+00
2.333143760760444163e+00
2.630834053379381032e+00
2.671822288945390866e+00
2.430467866417089340e+00
2.127192146884832269e+00
2.450152820962225420e+00
2.544269688884130520e+00
2.314723642991453723e+00
2.334580513289003179e+00
2.524333222628251328e+00
2.631094030268124051e+00
2.446541948475312811e+00
2.596902396757137410e+00
2.560534343853626549e+00
2.970088308470856475e+00
2.572966895841203527e+00
2.753249237357367374e+00
2.307206385740260490e+00
2.226191236457315092e+00
2.057991166226072366e+00
2.279793716686339344e+00
2.219321912948629461e+00
2.883580869916369416e+00
2.145902803829701888e+00
2.621305124851984747e+00
2.684242848297420547e+00
2.849275557663434544e+00
1.977267677459952244e+00
2.029017961569692829e+00
2.527359952771481399e+00
2.528131868466023224e+00
2.314220356952406465e+00
2.109403165713573891e+00
2.211902764188004689e+00
2.840090299823153863e+00
2.468645516084913893e+00
2.501406336848633671e+00
2.625196757680311244e+00
2.546081199747020740e+00
2.508486972009070115e+00
2.443191753601252181e+00
2.114958277251337559e+00
2.695904983730698312e+00
2.581614582494752064e+00
2.470757795291692371e+00
2.668918663243650791e+00
2.309117494063167797e+00
2.121216284300447619e+00
2.225168295802184559e+00
2.521490022050981938e+00
2.240091472888386726e+00
2.951029882836970319e+00
2.466898626428840391e+00
2.184271474576964689e+00
2.449615540839249483e+00
2.342505916649914699e+00
2.639257496043610818e+00
2.213269430863802789e+00
2.880967735157577536e+00
2.072402431363703279e+00
2.364753140851017843e+00
2.403067764059743983e+00
2.103399988386398967e+00
2.886163407745218734e+00
2.299621256251378920e+00
2.369755738038661352e+00
2.584144913078548100e+00
2.855261584667205810e+00
2.640678726064762394e+00
2.481444215625755678e+00
2.300181678102282135e+00
2.546142852348038499e+00
2.347629352650591361e+00
2.256512474737565555e+00
1.765593487758066793e+00
2.722847398498415394e+00
2.473263585621818361e+00
2.100925658334142909e+00
2.410878467665752645e+00
2.777783630855511721e+00
2.610500295609529786e+00
2.458483152831385077e+00
2.678002452197881578e+00
2.735987240000262499e+00
2.325720061640604630e+00
2.604390361993868641e+00
2.336371342355993974e+00
2.375491572463848566e+00
2.355426114313294850e+00
2.775462587976951223e+00
2.405395934545816239e+00
2.748913317325800243e+00
2.534481821955742564e+00
2.466356525213090123e+00
2.119105366436851767e+00
2.027917569678987064e+00
2.318198126869913445e+00
2.466554519288929548e+00
2.208654815502606450e+00
2.204389467247381162e+00
2.334794422184196971e+00
2.057232147079373963e+00
2.862238998062891060e+00
2.302137778006763114e+00
2.289008571444388185e+00
1.966013140851542440e+00
2.165343899735761468e+00
2.448070899776912057e+00
2.299431246655071259e+00
2.515303744584884260e+00
2.409297673064930478e+00
2.371639130760546443e+00
2.475230373820128893e+00
2.321137361380237518e+00
2.604582440117661157e+00
2.581902675298432648e+00
2.651370224903282224e+00
2.382164112249739674e+00
2.832185029974755963e+00
2.948469708819475787e+00
2.409128686344093495e+00
2.422293932332045152e+00
2.342503151136855255e+00
2.537399043089319850e+00
2.289089944703854407e+00
2.436616709093789801e+00
2.602644708134565388e+00
2.713208673250933067e+00
2.355937859969787773e+00
2.373810308032791472e+00
1.754058794830089862e+00
2.750760489259577835e+00
2.645701466804420310e+00
2.345241394480593211e+00
1.901840371821182929e+00
2.634832475479347735e+00
2.184108219081325242e+00
2.407017010441578897e+00
2.899285435068984729e+00
1.957951418176205216e+00
2.850676225942165853e+00
2.313987465137428146e+00
2.238974028165665153e+00
2.470859893579708810e+00
2.604239678357809229e+00
2.744240491118967284e+00
2.495367950391781164e+00
2.477196344513326931e+00
2.417993637986075584e+00
2.299446290028884121e+00
2.595844683605074366e+00
2.871924410391208049e+00
2.524453645041992544e+00
2.276028724960681426e+00
2.563401171259769296e+00
2.373115832391939239e+00
2.462164602686865766e+00
2.397336346108459804e+00
2.530260018212865170e+00
2.534736382631334273e+00
2.392766862476125134e+00
2.527856347598840259e+00
2.583316634942173451e+00
2.154019921195177378e+00
2.500868830225613237e+00
2.600333642115590038e+00
2.308945411599196973e+00
2.370978476087747477e+00
2.364307235243156224e+00
1.798401557014215557e+00
2.626150337412038738e+00
2.427205288093386759e+00
2.421027910611629252e+00
2.557664647633056454e+00
2.457280692570757097e+00
2.483508436250661866e+00
2.438196712592250126e+00
2.514469546218403906e+00
2.230864891434338748e+00
2.318443895411574918e+00
2.699177925081375218e+00
2.704966606651494576e+00
2.633353250450042982e+00
2.682458457597627355e+00
2.329063766274690472e+00
2.079768791928845673e+00
2.322917606554319114e+00
2.302372685849797040e+00
2.251780297645624707e+00
2.752373778231875789e+00
2.491944374119845929e+00
2.266653143966276041e+00
2.174616626268647490e+00
2.592373590674378558e+00
2.479207283762729030e+00
2.332196127606677383e+00
2.839751810517406660e+00
2.448897880897312529e+00
2.167972154000667562e+00
2.254256687894475863e+00
2.297635541011592508e+00
2.716126319384169818e+00
2.531710111674355002e+00
2.635275565845615731e+00
2.436421834022278077e+00
2.507617071518531304e+00
2.407721416800520320e+00
2.401059180898054368e+00
1.921356538828591587e+00
2.303596988257574196e+00
2.158858175335032215e+00
2.592408647346159167e+00
2.245996465950725884e+00
2.694220369910079516e+00
2.388684274584658596e+00
2.390195574463258588e+00
2.762137548870468251e+00
2.015789183382351801e+00
2.701212290804572369e+00
2.613370926499495539e+00
2.089049148471851858e+00
1.965743070247393920e+00
2.804889884305219017e+00
2.408758857455563618e+00
2.995226609119229888e+00
2.873684536659526056e+00
2.604252849968196948e+00
2.072111407698089991e+00
2.636931173650000293e+00
2.608107021013357230e+00
2.251767103321843155e+00
2.451851842994944075e+00
2.385092472560167209e+00
2.240313846431625677e+00
2.405056939154045281e+00
2.517417916846603543e+00
2.178594879582605337e+00
2.411657947442160221e+00
2.407344168505409776e+00
2.791894570131887132e+00
2.323640022388874460e+00
2.745928909692471276e+00
2.821065464751417728e+00
2.055346887470567374e+00
2.286126281660283865e+00
2.756699547297512431e+00
2.105968011783243554e+00
2.539982500206581673e+00
2.296899400380707057e+00
2.830814079325855825e+00
2.594171710585039037e+00
2.542720809136755022e+00
2.363767290146911115e+00
2.097914016122603531e+00
2.878377992571597321e+00
2.337639287806378974e+00
2.956225180116438978e+00
2.711090952180611247e+00
2.852126471760116022e+00
2.380739939808993455e+00
2.306490125405992409e+00
2.734206438741314749e+00
2.143070338680108655e+00
2.213187201035682783e+00
2.402455353624854517e+00
1.976077476935036881e+00
2.614917520417145980e+00
2.780828474211593182e+00
2.062538112250602573e+00
3.059376557664357676e+00
2.940558687743950017e+00
2.085606630801343009e+00
1.956899301106317379e+00
2.321495231503935663e+00
2.691837250824480776e+00
2.527048442684410645e+00
2.119665101922445505e+00
2.377603193681690374e+00
2.388736217206668400e+00
2.549771527495570567e+00
2.342423044610279614e+00
2.237526609656387500e+00
2.424014688688894026e+00
2.885361955543046530e+00
2.914270314110453342e+00
2.630125856542450347e+00
2.002948604184055181e+00
2.381434868343514033e+00
2.481053611859587615e+00
2.484945092530109978e+00
2.555478250622493341e+00
2.228266215197769018e+00
2.460363449968162808e+00
2.858892887704923336e+00
2.910492359121128469e+00
2.317254481980717706e+00
2.748900160724211172e+00
2.409004268149703698e+00
2.235705266664392177e+00
2.328410816620750889e+00
2.769414660991507127e+00
2.151168410945479170e+00
1.891402475404191597e+00
2.219597460699800351e+00
2.652718541416371867e+00
2.083556224287458125e+00
2.001444449384141677e+00
2.433224729700634192e+00
2.107219217380488896e+00
2.087404313274663359e+00
1.947359464854666156e+00
2.322320459271635329e+00
2.516197815492436263e+00
2.165013147615392430e+00
2.250878675867333811e+00
2.022545238013826907e+00
1.811299160422235932e+00
2.206903548211982979e+00
2.052456309195593853e+00
2.645643721113475788e+00
2.538909132342522579e+00
2.320205727258666251e+00
2.235252069932275543e+00
1.891089630670726773e+00
2.399525693741218824e+00
2.620641864346084482e+00
2.629095005182270128e+00
2.199945615031956070e+00
2.460017911658444856e+00
2.848151442256560806e+00
3.053296453618575601e+00
2.431786101813832701e+00
2.191827278482525010e+00
2.598094926698842233e+00
2.531940392326463840e+00
2.302477310781754660e+00
2.427850249446894093e+00
1.903288947232687045e+00
2.317621537819201549e+00
2.528906751706945233e+00
2.690248275170014747e+00
2.377931299328237102e+00
2.311097732729650023e+00
2.665636873246533867e+00
2.211842658744028078e+00
2.583977933852530384e+00
2.115003398542896207e+00
2.747166770758425969e+00
2.433946471711522008e+00
2.529136400378290350e+00
2.137477423936798626e+00
2.722307116589019582e+00
2.114275252605084532e+00
2.252300500546131179e+00
2.353559039439687695e+00
2.320931899333760207e+00
2.646484471039030506e+00
2.485546298322436787e+00
2.696060254538207079e+00
2.725432807236499944e+00
2.428957799764219327e+00
2.476449703636876887e+00
2.391739489269306240e+00
2.319882124331277051e+00
2.598138433315642981e+00
2.417271504911462365e+00
2.879254250502754076e+00
2.222990629731358858e+00
2.392796578077137859e+00
2.294678207036006334e+00
2.329729607662393231e+00
2.343159092931508702e+00
2.016312630054323929e+00
2.164193417850413859e+00
1.917671743517145977e+00
2.375957180448850181e+00
2.664043455795609194e+00
2.444529668282232393e+00
2.529360511094305153e+00
2.756925368653639907e+00
2.939398353484771409e+00
2.378865788597382291e+00
2.417603062079434206e+00
2.693146244724045957e+00
2.698775250360160971e+00
2.619963488658949569e+00
2.507844292718752754e+00
2.310758594384124898e+00
2.371290910588811585e+00
2.366438123375387281e+00
2.497750200226705797e+00
2.408023261028033879e+00
2.855585711917451697e+00
2.325352856804796087e+00
2.206504366571367726e+00
2.753038111218255590e+00
2.577749867699284714e+00
2.145567144276513183e+00
2.625838552000390624e+00
2.183254792785361609e+00
2.213978772657146710e+00
2.612582968990158516e+00
2.339143404490436229e+00
2.046630410947793521e+00
2.318515533749232027e+00
2.127578876924012263e+00
2.611641514003498976e+00
2.602757639337354156e+00
2.303022057332963612e+00
2.210661618633668724e+00
2.421939951182147333e+00
2.395907897994037139e+00
2.222564604165675473e+00
2.209306213302203226e+00
2.664267650633700413e+00
2.684626613790330740e+00
2.104290605353258847e+00
2.573387578203981008e+00
2.405308527488482895e+00
2.581964213546667608e+00
2.435824576370755778e+00
2.532792451335050821e+00
2.062052139124461725e+00
2.821500205987423460e+00
2.356959088392817758e+00
2.924498371039564670e+00
2.117038789802738741e+00
1.923484370075508432e+00
2.188434013396898692e+00
2.163694493435214028e+00
2.285647440645969475e+00
2.707189221848715466e+00
2.403717186918731485e+00
2.414766655712297982e+00
2.730454424922037493e+00
2.598233702033918568e+00
2.301745217628125673e+00
2.821197435157582589e+00
2.342897390572444394e+00
2.431091876079871206e+00
2.380153098715416249e+00
2.684097142803703484e+00
2.764712451826658590e+00
2.482409267151788779e+00
2.232379679300091180e+00
2.226442454541542659e+00
2.185047099717092323e+00
2.876297190264843984e+00
2.029856616091270105e+00
2.478437141306910618e+00
2.437027948701721236e+00
2.511238744053930994e+00
2.563470211035155266e+00
2.441899820314097802e+00
2.664235416261405032e+00
2.434303895769033943e+00
2.422285934027779142e+00
2.364163087384197226e+00
2.607208460535944905e+00
1.897943442086034160e+00
2.526390459757396734e+00
2.040122354065087684e+00
2.764847037753774828e+00
2.227846776890353375e+00
2.378831870121115966e+00
2.144761634493792979e+00
2.528062770095418799e+00
2.426310444347102191e+00
2.797721238422862022e+00
2.428150298352754533e+00
2.138263503916967956e+00
2.843697514831298179e+00
2.727092525499491327e+00
2.616468464814064809e+00
2.448321668933481021e+00
2.031015068214635733e+00
2.825550189283364766e+00
2.180416755595832257e+00
2.344202746367638035e+00
2.563138819136565605e+00
2.851241416785961658e+00
2.443383596699105098e+00
2.563389717124550771e+00
2.618876627747215302e+00
2.936351355048028022e+00
2.028505313223157192e+00
2.841933998793137128e+00
2.136313005370070961e+00
2.318266813365008172e+00
2.256775422365412176e+00
2.177336942145105425e+00
1.995243565924275542e+00
2.385070757925553231e+00
2.199638265664694892e+00
2.253801988298246517e+00
2.508539276395682194e+00
2.520034467350396490e+00
2.338775779197739713e+00
2.237845136473303853e+00
2.283899341478188738e+00
2.270386800983761333e+00
2.475383974149478750e+00
2.484370598342184433e+00
2.626255202445973325e+00
2.224629906449527184e+00
2.361122831473688510e+00
2.522546080763091059e+00
2.666862084574646463e+00
2.323148852762715322e+00
2.471779966251220095e+00
2.302627998088251804e+00
2.428017939467158826e+00
2.311854641197310212e+00
2.784856441157602003e+00
2.645160287390000864e+00
2.642614619438133250e+00
2.344913793287146664e+00
2.593989340785458619e+00
2.086667747102351811e+00
2.505952388897148442e+00
2.759968339263410009e+00
2.339083663457463214e+00
2.168642754794770422e+00
2.322588725200939397e+00
2.724314357600972514e+00
2.732650783279511053e+00
2.319183374697787681e+00
2.799436448301981351e+00
2.483839887291714899e+00
2.484724390830113983e+00
2.511965389071828980e+00
2.214916697071159124e+00
2.363907332288074148e+00
1.907551887645393629e+00
2.214982262800556434e+00
2.530387357050893904e+00
2.700872646910968733e+00
2.817493257427578612e+00
2.227832797873856574e+00
2.522910910114215088e+00
2.362671586082344177e+00
1.816323306677312566e+00
2.815559835281522982e+00
2.455914585804883643e+00
2.191886616973523161e+00
2.222876292391870567e+00
2.821239040531323905e+00
2.425074118142999779e+00
2.547462363933888696e+00
2.339783354877541299e+00
2.739933134879082299e+00
2.108172010815716035e+00
2.336918137556279529e+00
2.025049809932240485e+00
2.854627437925413513e+00
2.655905393683233306e+00
2.959936566954403325e+00
2.733127086523816196e+00
2.416589923065066259e+00
2.322907403273687166e+00
2.631097058714833903e+00
2.363195464877181351e+00
2.516051511436495858e+00
2.360903348188688078e+00
2.755730600111728545e+00
2.822996446719467034e+00
2.489519965092805265e+00
2.238218654002390728e+00
2.483656327942678654e+00
1.986068087082145883e+00
2.492617538083766071e+00
2.320238906972119874e+00
2.180407503380187073e+00
2.792329467000559173e+00
2.392436426750822687e+00
2.803209264582397608e+00
2.903786420343540620e+00
2.187037274721216118e+00
2.168554580436768742e+00
2.245099750358328983e+00
1.914654263800164458e+00
2.481903009011019456e+00
2.294983869836409784e+00
2.570053941657816310e+00
2.398565256257787937e+00
2.406491795216763929e+00
2.372897147885880909e+00
2.141814054218187380e+00
2.121301055690524962e+00
2.325172148051428245e+00
2.242683980342580430e+00
2.284790002080929305e+00
2.932613153188086574e+00
1.985120850915071511e+00
2.301614472715451942e+00
2.997916088773330046e+00
2.903216944429576341e+00
2.372462030542638267e+00
2.285651576411834807e+00
2.643611599775811616e+00
2.547314161121761344e+00
2.293920878358888693e+00
2.059049505945910408e+00
2.389534752677906493e+00
2.668910508282163363e+00
2.380228731535836140e+00
2.462176568615992878e+00
2.572135003810196885e+00
2.451279987587811959e+00
2.491078584801408535e+00
2.356635383043969245e+00
2.537037544257795929e+00
2.293347617514424730e+00
2.434950680828252167e+00
2.366229477733577280e+00
2.955848318146915510e+00
2.128508007433341565e+00
2.348231569534713792e+00
2.467224629206127062e+00
2.468117627934495406e+00
2.209338372165891240e+00
2.208957991870891924e+00
2.822420724994094687e+00
2.221472252863047281e+00
2.220674876938282249e+00
2.424654741532631608e+00
2.312872884794825445e+00
2.260023443909745744e+00
2.477614945839455629e+00
2.351711552665943117e+00
2.382769515638523572e+00
2.373386222586965744e+00
2.643977895722066762e+00
2.548690338243483566e+00
2.065451314149590267e+00
2.218671052393059728e+00
2.302642138906259017e+00
2.072307335768216685e+00
2.626859714754708364e+00
2.722221411209264197e+00
2.749878024956872835e+00
2.261149975199073570e+00
2.286725216919387904e+00
2.672276763934968269e+00
2.380970368175214347e+00
2.326217407319808750e+00
2.558525195185026302e+00
2.550708854906640788e+00
2.411285744904665851e+00
2.276745058423963020e+00
2.514183036918987035e+00
2.354261669516870992e+00
2.470664475267629445e+00
2.495841205157235621e+00
2.410940977720378520e+00
2.468043642164975626e+00
2.382798062184668719e+00
2.632006808248996244e+00
2.606793211010146383e+00
2.063080107374658745e+00
2.289558988078010948e+00
1.922980963256927245e+00
2.647516738095931021e+00
2.489260145341710029e+00
2.411860015963557036e+00
1.984017208351476214e+00
2.674370178189761305e+00
2.393224777303900375e+00
2.338516633399194244e+00
2.382519071451055570e+00
2.129744532863293127e+00
2.355301822434149539e+00
2.304411125521878656e+00
1.858844729451621047e+00
2.493832519371872891e+00
2.538529413552875980e+00
2.294149330582393453e+00
2.060860799155268097e+00
2.287114204535609208e+00
2.617660891471178086e+00
2.728518100387752554e+00
2.017367479233014294e+00
2.181389903928865337e+00
2.603523210098017682e+00
2.458850739015955522e+00
2.659702588109640331e+00
2.406359261436013419e+00
2.730259877347340325e+00
2.225806184408655852e+00
2.204216686488415178e+00
2.146425965097031430e+00
2.585519226445338603e+00
2.896182182507457625e+00
2.741774249142200581e+00
2.397514045514041126e+00
2.310051390942944316e+00
2.556311988966538884e+00
2.150163492662496623e+00
2.371400880163424763e+00
2.336364509346646301e+00
2.731696184335635991e+00
2.641882750313732320e+00
2.417582978764284185e+00
2.647357023858936564e+00
2.658686732541688080e+00
2.264677806210543043e+00
2.825727522733821662e+00
2.348837738859471891e+00
2.710545227490749109e+00
2.421839754161642766e+00
2.330516443830251472e+00
2.067988971963487188e+00
2.872370974208210193e+00
2.415495842105425783e+00
2.206207298054961630e+00
2.255529077356766443e+00
2.226172856927759458e+00
2.470163094304060447e+00
1.992163847922919562e+00
1.964137205039668377e+00
2.624226972524708046e+00
2.489040644472470198e+00
2.365182647194089327e+00
2.232183872332416108e+00
2.082909522263124202e+00
2.543198817180261528e+00
2.126450952729041610e+00
2.132053891299612314e+00
1.962724732546858641e+00
2.686717043678497507e+00
2.761660443965888945e+00
2.321988382449927002e+00
2.207501755569410751e+00
2.401636932974572591e+00
2.637713937270716347e+00
2.481295107605325789e+00
2.101212713703581869e+00
2.787046422674712254e+00
2.323759932311171283e+00
2.745335514067037685e+00
2.051199481868661856e+00
2.645304284664405703e+00
2.891683373513115107e+00
2.520521159739681938e+00
2.169768727708420553e+00
2.555910607936366485e+00
2.297601084910128044e+00
2.486041377238047190e+00
2.785523724754050523e+00
2.587135458924787024e+00
2.608255015648976993e+00
2.263633143612122200e+00
2.354676616392182176e+00
2.548582674028361694e+00
2.277135440994388471e+00
2.085093985965073671e+00
2.670180303304990233e+00
2.571618445398463848e+00
2.342198454273664687e+00
2.591001590854975944e+00
2.722583041498193079e+00
2.333801738137915915e+00
2.430473383141701582e+00
2.477611308373333099e+00
2.644369301495841817e+00
2.484813810058063233e+00
2.791921610617737137e+00
2.424365045229959215e+00
2.210097381203344202e+00
2.407302462419572464e+00
2.692189754394197276e+00
2.347932294368810346e+00
2.179481450196051107e+00
2.400273384194161252e+00
2.390858002146520001e+00
3.063985008484058081e+00
2.568327812539578758e+00
2.934465926024504956e+00
2.233949169738679963e+00
1.978657573492213384e+00
1.897786589173399818e+00
2.742961337181688553e+00
2.526458740299264427e+00
2.655848548510811646e+00
2.534310009158757815e+00
2.676264194270717045e+00
2.705837827606472512e+00
2.642667567307864118e+00
2.683842653799686229e+00
2.120106838411434769e+00
2.234529371543068521e+00
2.131152906116201784e+00
2.123074172851411312e+00
2.749494876888749051e+00
2.377349417502172990e+00
2.552365108398846338e+00
2.231910288600864156e+00
2.769524434739461416e+00
2.764262871593468063e+00
2.530800333031233418e+00
2.589128130274785278e+00
2.369374913958437467e+00
2.170539833035461719e+00
2.005076387245474212e+00
2.344647956875192563e+00
2.531293778306362263e+00
2.616378438044920873e+00
2.876845931851131688e+00
2.522782135308720974e+00
2.215962423459428177e+00
2.665102249957269631e+00
2.623594127980439783e+00
2.930783508150330174e+00
2.645244569033677884e+00
2.588629083226611449e+00
2.262427098057465447e+00
2.988621788798530687e+00
2.182798730344760241e+00
2.804531883878537801e+00
2.678468115650593617e+00
2.137186851398409360e+00
2.572450438440461618e+00
2.589232488400863730e+00
2.473915318292874588e+00
2.604970354378012942e+00
2.307777453743995011e+00
2.471390773741704905e+00
2.710201751981610396e+00
2.611136401006287855e+00
2.484909078748537947e+00
2.221869494389554056e+00
2.683696485507012675e+00
2.556554195273556207e+00
2.499073142402663983e+00
2.551835395987871014e+00
2.689820158235067815e+00
2.780571179527968173e+00
2.220587609085255210e+00
2.250379384978501207e+00
2.661258378989807216e+00
2.655753984510472510e+00
2.438923840062341419e+00
2.560440392836122125e+00
2.651109338526972614e+00
2.108910198854746731e+00
2.004020655078235791e+00
2.224449177002161271e+00
1.864509251853990301e+00
2.654073095812884642e+00
2.353050424616360825e+00
2.558211024715324022e+00
2.795326637049439622e+00
2.191608632980627913e+00
2.661849422419911626e+00
2.881860749570423597e+00
2.290364147280302021e+00
2.345363247815941854e+00
2.524139819670978557e+00
2.256583530059036669e+00
2.609774196754813591e+00
2.451887908412890393e+00
2.457070608525519617e+00
2.764095319929274375e+00
2.486738449112767313e+00
2.220244855042449839e+00
2.464445261255605590e+00
2.434417496718376483e+00
2.399635677921554411e+00
2.420810188980794031e+00
2.238271096157008699e+00
2.271591728043976133e+00
2.030841940530571765e+00
2.677453846405397631e+00
2.331547971970301614e+00
2.378757011095327556e+00
2.398322786469590628e+00
2.154596193391196568e+00
2.383027067930057807e+00
2.854243201882798786e+00
2.245487748939872574e+00
2.252706028486693324e+00
2.658316161065063188e+00
2.732726700434563671e+00
2.861812565497430683e+00
2.212948329864135477e+00
2.625533171016479983e+00
2.633874018934467820e+00
2.453881005226004941e+00
2.635708654582300081e+00
2.067500001109215724e+00
2.088021043164157042e+00
2.402509181187170828e+00
2.440541854610249750e+00
2.732987036040314788e+00
2.611300228935345302e+00
2.351488852895938564e+00
2.190932415828879876e+00
2.649225211118029222e+00
2.755488299090042226e+00
2.111578415044257362e+00
2.358103749467969301e+00
1.962011844914149705e+00
2.428206408908574865e+00
2.135964335656937774e+00
2.615523208267175992e+00
2.653665678404751649e+00
2.491898533018740647e+00
2.410756005429800730e+00
2.464275132484867736e+00
2.391521822672129094e+00
2.591324972431569229e+00
2.591022340737797691e+00
2.005753730865481366e+00
2.764997920392459729e+00
2.479839662319568205e+00
2.700063911888787249e+00
2.938619490775411514e+00
2.300548754608540136e+00
2.065761433013364012e+00
2.302211685077677927e+00
2.381262966455356178e+00
2.725842454452532149e+00
2.523348225585632765e+00
2.351630211112628377e+00
2.547568919686203248e+00
2.412433594451989904e+00
2.094752444448321427e+00
2.768275285512746375e+00
2.655715272714641806e+00
2.755230480658441117e+00
2.918325096332573310e+00
2.407751739203792596e+00
3.054530565926503627e+00
2.969415804263162872e+00
2.850247415726956834e+00
2.960128099315293415e+00
2.825278759305815512e+00
2.554274698443591340e+00
2.229104718762565884e+00
2.521047446456120777e+00
2.396831969900220294e+00
2.591406672111474574e+00
2.546814320696804579e+00
2.339355522573905777e+00
2.250631894459317994e+00
2.166484573304574557e+00
2.236266078943697000e+00
2.498588192125598351e+00
2.481621113530251055e+00
2.070772799131125552e+00
1.925835416078926388e+00
2.362573396884287913e+00
2.492439350756872951e+00
2.232257428222273798e+00
2.525799001698818103e+00
2.130292920255993039e+00
2.242517529469390869e+00
2.453067038825904156e+00
1.973504365051584442e+00
2.239351421442137724e+00
2.785272234084436693e+00
2.381389597771473632e+00
2.161497546992817931e+00
2.591047829596043073e+00
2.011722314816979384e+00
2.646048992306210934e+00
2.578281825644289871e+00
2.224414536425148636e+00
2.424523837934087211e+00
2.774072444732737619e+00
2.654944730644325457e+00
2.488877095032900666e+00
2.303914258582601793e+00
2.471504719890196267e+00
2.207401106338280350e+00
2.258861083591732655e+00
2.168289520457150399e+00
2.327866499288713698e+00
2.029102013006469640e+00
2.238412707004256763e+00
2.254048330818240853e+00
2.447756514946775486e+00
2.697327505770645839e+00
2.426099953973391621e+00
2.487999201891499368e+00
2.438502068196866546e+00
2.934461568935736508e+00
2.304614631223714127e+00
2.346423739258163721e+00
1.937377287217338928e+00
1.888026322530712564e+00
2.655674830682161591e+00
2.703718545855382516e+00
2.708782823943618467e+00
2.237887158996603176e+00
2.388323950289344744e+00
2.088559520784186496e+00
2.267900115922103943e+00
2.042645890144088483e+00
2.576376677694250716e+00
2.064195748413172993e+00
2.248426182881543056e+00
2.712542075414122955e+00
2.768445380791088262e+00
2.612769603830789045e+00
2.653290485333669846e+00
2.499643539854079943e+00
2.276744220565036336e+00
2.237423680379174495e+00
2.143294901155757159e+00
2.784134821082168365e+00
2.066254275400574159e+00
2.155733357696634211e+00
2.076414570264570436e+00
2.746692125302357290e+00
2.606997955050416760e+00
2.172068108719774404e+00
2.410845192157706318e+00
2.320739660854890030e+00
2.620155895762092957e+00
2.332257242306142953e+00
2.396743447761289225e+00
2.322598595185086712e+00
2.310851609233710580e+00
2.659293057261066462e+00
2.350699549095543350e+00
2.136993883360399860e+00
2.717718492460984070e+00
2.546292381302378338e+00
2.275941183237081500e+00
2.767622423730643266e+00
2.586999689532441415e+00
2.587745368731313000e+00
2.140070085573836600e+00
2.568094328394800563e+00
2.540589238082087586e+00
2.564022822098729115e+00
2.527980498787832264e+00
2.404982569553308913e+00
2.435885046070743520e+00
2.033073202840553595e+00
2.101038133484433246e+00
2.793346179325956857e+00
2.071734386197833899e+00
2.549110557058686055e+00
2.479394399966690088e+00
2.509983158689531368e+00
2.154766550250833745e+00
2.821020459208776643e+00
2.504298559368856480e+00
2.346382040964583915e+00
2.914872474212898190e+00
2.213532753487614357e+00
2.448261518570163719e+00
2.677791739547286554e+00
2.712504202088346084e+00
2.410704658347402329e+00
2.057337612532896376e+00
2.573809670631266311e+00
2.219012700217152467e+00
2.556249568591517640e+00
2.827258305782422543e+00
1.981888790668593803e+00
2.839306702302751173e+00
2.272169026829470972e+00
2.201689164999659276e+00
2.248630404423756168e+00
2.688050420013091912e+00
2.737148906423866546e+00
2.248631925333524073e+00
2.344160958799736516e+00
2.246793364240697866e+00
2.668809350713329920e+00
2.313892434561772404e+00
2.603880545062600582e+00
2.465917737668620546e+00
2.861296783279042799e+00
2.447231297096778668e+00
2.386331458061142552e+00
2.501370124885856860e+00
2.372545176076761742e+00
2.570628515552764171e+00
2.258672539836118265e+00
2.379388508797084967e+00
2.620805824678359208e+00
2.692898457475626284e+00
2.197823965974423643e+00
2.185853237212722622e+00
2.331527986840248534e+00
2.645319149270012105e+00
2.300156465237708669e+00
2.541601666396151149e+00
1.940200666564621201e+00
2.057283195326326197e+00
2.781826704688350471e+00
2.808012154160145268e+00
2.822319304721272459e+00
2.394662089453514664e+00
2.073975930968277481e+00
2.293186529300617504e+00
2.854374748141991436e+00
2.333254555744153969e+00
1.819635339639002813e+00
2.911935100962809830e+00
2.519540247760676088e+00
2.430070211210002995e+00
2.528578447736321344e+00
2.728651170305020468e+00
2.265119443479244321e+00
2.456084829282201731e+00
2.743596284942356078e+00
2.118105673605966022e+00
2.281484344550534615e+00
2.533020537804611116e+00
2.530896700310357073e+00
2.235634092040390541e+00
2.685336450732781266e+00
2.415788474958261656e+00
2.859566768335817244e+00
2.414785554783197341e+00
2.261780682794511499e+00
2.539548532565939709e+00
2.856852705352611821e+00
2.630743386588618282e+00
1.979730838379783586e+00
2.774571683953261925e+00
1.933158804061599900e+00
2.394040062255465173e+00
2.413777348852383930e+00
2.434355223524924838e+00
2.373641656142161604e+00
2.256245761287376084e+00
2.632362425597512434e+00
2.428987379051669393e+00
2.433286635746510385e+00
2.791441263288906960e+00
2.241565351239195536e+00
2.345148977101714216e+00
2.815378644846024958e+00
2.453976525461063041e+00
2.350261933902471512e+00
2.478588239128014070e+00
2.384447851831760445e+00
2.735997114300986688e+00
2.417398768386049834e+00
2.281466398276637442e+00
2.467193578498412698e+00
2.698783194732871760e+00
2.639764644648854741e+00
2.339043594373586998e+00
2.495578700389954996e+00
2.217136630382396500e+00
2.561645423878236905e+00
2.190023281352210027e+00
1.989081354784881128e+00
2.529332668950889929e+00
1.808131396427505422e+00
2.588477276634725044e+00
2.356687321807612978e+00
2.607520039548505864e+00
2.607329359314061179e+00
2.086942161130070694e+00
1.831848873411875189e+00
2.288670794693176802e+00
2.507524458039825266e+00
2.982062309219560170e+00
2.766334619323990385e+00
2.798741381611318246e+00
2.605901279098519208e+00
2.727413069502115484e+00
2.368877042017889067e+00
2.268131606713660986e+00
2.887058040477350485e+00
2.319316475343919493e+00
2.405882909229640099e+00
2.581296326421473886e+00
2.258149135708488853e+00
2.478201398047860327e+00
2.300815804501469053e+00
2.251431948076553002e+00
2.669738428253825013e+00
2.736800462089618247e+00
2.300120014609031482e+00
2.009888720819295038e+00
2.567618980580343546e+00
2.603790093953628038e+00
2.545873178226105260e+00
2.610949517022262079e+00
2.604582967783899861e+00
2.052742268229114764e+00
2.461815693806271188e+00
2.542070889412928913e+00
2.540343368388115586e+00
2.387826325451942733e+00
2.045371686237854369e+00
2.023461189065334231e+00
2.648913657261131149e+00
2.060446013365107909e+00
2.306303234670191049e+00
1.893729235743799366e+00
2.353822516488085714e+00
2.608056677624379649e+00
2.237764229901247237e+00
2.312472048689373505e+00
2.402786992550759670e+00
2.456946887212078323e+00
2.607523051397548475e+00
2.359031464274473855e+00
2.752103097994420100e+00
2.715071718604796569e+00
2.766770896674213276e+00
2.532742958221447349e+00
2.903936516895600839e+00
2.400249914832602194e+00
2.002571146581439088e+00
2.766449889733617162e+00
2.248122998047248799e+00
2.536487351613932795e+00
2.845434598757878852e+00
2.791317023697148514e+00
2.354713532054774294e+00
2.097093621236312710e+00
2.488920221514374198e+00
2.399191566151467114e+00
2.746130036439740518e+00
3.019399509742540566e+00
2.513340556051998576e+00
2.334378994475935443e+00
2.237908192381240724e+00
2.436009365011034600e+00
2.605025835098485842e+00
2.562027514113530913e+00
2.447153380419632818e+00
2.375642303844075265e+00
2.731891670598213917e+00
2.568209027867000671e+00
2.382827689640230950e+00
2.448510760936731145e+00
2.560064964532439369e+00
2.539145172104224635e+00
2.710425162055686066e+00
2.215262850661094074e+00
2.753562555719434535e+00
2.123178883447367493e+00
1.997099469251498061e+00
2.406356714712956535e+00
2.062229985869373117e+00
1.771128143001170496e+00
2.345273724848004893e+00
2.132397340671329466e+00
2.334327924559056910e+00
2.512595249181464041e+00
2.459540543780344812e+00
1.930957472778072725e+00
2.765359890544368149e+00
2.516394586670184896e+00
2.603154186225664635e+00
2.365502965500128951e+00
2.265314235540404120e+00
2.437819312505919989e+00
2.113795278631673380e+00
2.490787738064326184e+00
2.256911069784891755e+00
2.585435738986938237e+00
2.481240597760882238e+00
2.445176626326706071e+00
2.404042745559636707e+00
2.245837763915322860e+00
2.334910208589502822e+00
2.800424074315084777e+00
2.461901355983807438e+00
2.385946755245794915e+00
2.015629966772188197e+00
2.540073854101881246e+00
2.329566234956740534e+00
2.781296988258394443e+00
2.326011579636078963e+00
2.642743612795766417e+00
2.092412508460287146e+00
2.201565015848436779e+00
2.026882203074029221e+00
2.224418982442327941e+00
2.581655744771284233e+00
2.802873036567453457e+00
1.898728402837789320e+00
1.858863264790163727e+00
2.112312901771529638e+00
2.630185329988236287e+00
2.517121543833962694e+00
2.803332156112887663e+00
2.657670697061252696e+00
2.832162949394220863e+00
1.676974293756078094e+00
2.863030487244428102e+00
2.439127722552405064e+00
2.558004264892202784e+00
2.682948981766358987e+00
2.267238928101178885e+00
2.710904838811019069e+00
2.879790078815004151e+00
2.763091507228149446e+00
2.324830618601637866e+00
2.726485120722357269e+00
2.401844599877098307e+00
2.551342578193851907e+00
2.428717742804937796e+00
2.608954212734872158e+00
2.402799487020382152e+00
1.897294001765136073e+00
2.681775815982497591e+00
2.212081937492177186e+00
2.340928833352780902e+00
2.550986970099888396e+00
2.133522809725959313e+00
2.706528094837385545e+00
2.714063863711448921e+00
2.562678203540188715e+00
2.514174323627285546e+00
2.512749301557352322e+00
2.592594575259700385e+00
2.135467569692639955e+00
2.562061179935480659e+00
2.494213840308034946e+00
2.208252067784051142e+00
2.579758585006248328e+00
1.884686006895051058e+00
2.832956964007542489e+00
2.083279440974961538e+00
2.437992607604430262e+00
2.214827506328275408e+00
2.260493592573952881e+00
2.575217999953729908e+00
2.942059857229281317e+00
2.470938678678290756e+00
2.610167582066971192e+00
2.079757002191026771e+00
2.292495943072752507e+00
2.135137591807641400e+00
2.341734300952201586e+00
2.690886169140957573e+00
2.469426012206756393e+00
1.923319226541731819e+00
2.800100071407382707e+00
2.388968555424740625e+00
1.990184845856892704e+00
2.228407479233483812e+00
2.628830422508718456e+00
2.464573443645497353e+00
2.466737091145398963e+00
2.311133360514926238e+00
2.499305881141329788e+00
2.837959197505226960e+00
2.259848255281616591e+00
2.217320561621180630e+00
2.688156694318416751e+00
2.523287985663340116e+00
2.724913091184115288e+00
2.471451732987161254e+00
2.835291759308988357e+00
2.545957596082255581e+00
2.800213021860467499e+00
2.180149535631708435e+00
2.157674106760481436e+00
2.609169824024441642e+00
2.399623319723033887e+00
2.679175968752441683e+00
2.571041947293976726e+00
2.366460731035638254e+00
2.118092152158491448e+00
2.658132688789898168e+00
2.285914591837443055e+00
2.808019850884492019e+00
2.684892130608506733e+00
2.730584614983350811e+00
2.616574714935694601e+00
2.155576338372819034e+00
2.697520326220204101e+00
2.523381189568362437e+00
2.307958811055458526e+00
2.598897886816080138e+00
2.380167970411173783e+00
2.278382390928106904e+00
2.714612024119904099e+00
2.365557297202165010e+00
2.121053993782580083e+00
2.782300458670682985e+00
2.429449222226331528e+00
2.016056301313538413e+00
2.695871309053835319e+00
2.359051136167587437e+00
2.739848179526811478e+00
2.391147923774698203e+00
2.474885813289435355e+00
2.243613624955918873e+00
2.576655476673667344e+00
2.444950936028946309e+00
2.681391220387979946e+00
2.578181508565427382e+00
2.676798478367582224e+00
2.365529851322053290e+00
2.106432051381855963e+00
2.102094484239974914e+00
2.309704246134320904e+00
2.483114962021607308e+00
1.923030735995268081e+00
2.211636997753230194e+00
2.829191121815323395e+00
2.215301210956560851e+00
2.240353430137556057e+00
2.183100226395493060e+00
2.273098349178400035e+00
2.842267600290263818e+00
2.547209613150330121e+00
2.376103032269916149e+00
2.260122242633340939e+00
2.458924060429960701e+00
2.364743774597983794e+00
2.267538796032523951e+00
2.842758491130417564e+00
2.548551201973122460e+00
2.122703901730099929e+00
2.425670926407226702e+00
1.961071108324707657e+00
2.191340564381542677e+00
2.049141010523100270e+00
2.514402254706977313e+00
2.567391343072703780e+00
1.955022063886870942e+00
2.437968520121076121e+00
2.667567172598503955e+00
2.608160096962386376e+00
2.208722666193455808e+00
2.171079955549818141e+00
2.176381858739113717e+00
2.806762052213846559e+00
2.865222814900222126e+00
2.557259558806550093e+00
2.169627570586079468e+00
2.480291101599197745e+00
2.274523333996365970e+00
2.677188033531512357e+00
2.887092435099567034e+00
2.519580542790404110e+00
2.696882813206927132e+00
1.983123785806613082e+00
2.026497718934319181e+00
2.394115662713048209e+00
2.375704352920291917e+00
1.894561687669281458e+00
2.276332749674291112e+00
2.065424771832987894e+00
2.093444960776906338e+00
2.701385731524989176e+00
2.584761747559810807e+00
2.930814536030753814e+00
2.702422833160006643e+00
2.332430029262559490e+00
2.145349860715227930e+00
2.194801466552936287e+00
2.860414235764398239e+00
2.596794341719782295e+00
2.798731440923274860e+00
2.411808717649517764e+00
2.956793399533431899e+00
2.176996636815605957e+00
2.574174422915896265e+00
2.269653920204708797e+00
2.486902338837754467e+00
2.572062317456270009e+00
2.821941978146443653e+00
2.544144445592560810e+00
2.551909057786362567e+00
2.375346907032489518e+00
2.341140576291011133e+00
2.582009799283745632e+00
2.718452660192835157e+00
2.420251764762437308e+00
2.395276830418369141e+00
2.543318084138537660e+00
2.556916309563967538e+00
2.143027272225942692e+00
2.594862634139484037e+00
2.467797683280930077e+00
2.375079873047964085e+00
2.614214282542238532e+00
2.199119102608946719e+00
2.484537343221409067e+00
2.487106935497579219e+00
2.652205871913985380e+00
2.019535342209267892e+00
2.261469833912833849e+00
2.278012984513194894e+00
2.126906378818874011e+00
2.471576352797892007e+00
2.361273549346084355e+00
2.615674042877671468e+00
2.332664034268494113e+00
2.133141026940184037e+00
3.057566875468378242e+00
2.740273839208198670e+00
2.479817475821210149e+00
2.423952351087006463e+00
2.387225664953952720e+00
2.191114606374082729e+00
1.896374237776331739e+00
2.704960682280671769e+00
2.548069763005661237e+00
2.708119234971842815e+00
2.637100568338829110e+00
2.661759969975587836e+00
2.569768992743497016e+00
2.569245212742268691e+00
2.720552946048807819e+00
2.729757963840345525e+00
2.518512365796329089e+00
2.348068662741259693e+00
2.081210560692339229e+00
2.586960043444614055e+00
2.317143452741801113e+00
2.236928231819616641e+00
2.651283372485873091e+00
2.411265953158015396e+00
2.778598443436414378e+00
2.553765333202215437e+00
2.838201204772957009e+00
2.358607887859590857e+00
2.316637453647188316e+00
2.385807686379402437e+00
2.162518962874335315e+00
2.509950266768024019e+00
2.628027792359533432e+00
2.608061157051456025e+00
2.142326353441294184e+00
2.565652981351768336e+00
2.606241477492631020e+00
2.510794996076306962e+00
3.012027927475597444e+00
2.814452750892309396e+00
2.926204087075273019e+00
2.013977210580137012e+00
2.599387253873959303e+00
2.181132425543419018e+00
2.609167536613687943e+00
2.468688698639840862e+00
2.839887824157424578e+00
2.769123406439325752e+00
2.168327634561570960e+00
2.665325198720740474e+00
2.169406238651814256e+00
2.551188849595634522e+00
2.251972639255946262e+00
2.573644093597652116e+00
2.571288594237189695e+00
1.814444079419219147e+00
2.827195233037435695e+00
1.941814788954332016e+00
2.475432010720821197e+00
2.161562440092402504e+00
2.554468531698856459e+00
2.578686088434176238e+00
2.249887840067691158e+00
1.906238127333433008e+00
2.501158877894776644e+00
2.601803690400491753e+00
2.389394848191140230e+00
2.490587083263584578e+00
2.703335175296349480e+00
2.808794694734472408e+00
2.161242286496575460e+00
2.695228486613697072e+00
2.354179226949787651e+00
2.167013867880227984e+00
2.833595689900981540e+00
2.489629747885265587e+00
2.398204287017537517e+00
2.314035563029309461e+00
2.539779379159054606e+00
2.212020129234033128e+00
2.526639425932015737e+00
2.727967606763160635e+00
2.263526855461464926e+00
2.238520521529262730e+00
2.370729186172549241e+00
2.270499740314588344e+00
2.638779573428803094e+00
2.037933491819824638e+00
2.820856649642013103e+00
1.893267890277634313e+00
2.016278204277328623e+00
1.994974079710603254e+00
2.389064397869334222e+00
2.631863236018586072e+00
2.354156340808966963e+00
2.958582419820948939e+00
2.511312060991949036e+00
2.473699636128532386e+00
2.698076733120344350e+00
2.378404342618737566e+00
2.455031200523336121e+00
2.346095195548287826e+00
2.226484078577881220e+00
2.424866480942099223e+00
2.650802640606317429e+00
2.749734763288180783e+00
2.634744458117395993e+00
2.152130158471040389e+00
2.290620688166382202e+00
2.585756938535446636e+00
2.345824503282525342e+00
2.504180319285102208e+00
2.378286391231577035e+00
2.140892064959122543e+00
2.217966220816166789e+00
2.035466128001143460e+00
2.268977654843970626e+00
2.586889916196043693e+00
2.457441674901972739e+00
2.688724413603862384e+00
2.392744716661705962e+00
2.071089488780037069e+00
2.423145665161963613e+00
2.459802101339448654e+00
2.593810498919387086e+00
2.262257037924925829e+00
2.939208386969574871e+00
2.729723716145009860e+00
1.949075427471962607e+00
2.482895525339805953e+00
2.447030638249473533e+00
2.007542930313376939e+00
2.852618386236660974e+00
2.354342172569594105e+00
2.488102842982924834e+00
2.456075668337369677e+00
2.031918858931783589e+00
2.588116303503110061e+00
2.956966228266579400e+00
2.079890044036754482e+00
2.372836936736455016e+00
2.627205939694279291e+00
2.442095764301136285e+00
2.552242750474846833e+00
2.622189641738598809e+00
2.674374838812806576e+00
2.713869856639300249e+00
2.407780647422608666e+00
2.095843676146591061e+00
2.263486849564751768e+00
2.366474389649126930e+00
2.005705136707847558e+00
2.375125014300743409e+00
2.590135014430901883e+00
2.442242289122551036e+00
2.812318725314183698e+00
2.878807415221499078e+00
2.351016112791313617e+00
2.409359622727667460e+00
2.232379332274458505e+00
2.447554888468346679e+00
2.444444436469322746e+00
2.775028852196490092e+00
2.570074538189037305e+00
2.252614897287921636e+00
2.637809973005407205e+00
2.322502506920646859e+00
2.347560956050014358e+00
2.650506979601909396e+00
2.381148904930272536e+00
2.223364186004860965e+00
2.559803191345274787e+00
2.556369571799077978e+00
2.621438724227148853e+00
2.150734901450205072e+00
2.488038198352618302e+00
2.838250622847093396e+00
2.699755178968195946e+00
2.437314361221913028e+00
2.433394151578468279e+00
2.196186265433937468e+00
2.877146796370399162e+00
2.408437019365472498e+00
2.739883262334217306e+00
2.501483556546780118e+00
2.599455755941684210e+00
2.480498592000166980e+00
2.059091052716139458e+00
2.158104545642527405e+00
2.163144946460942464e+00
2.072303272921032224e+00
2.071653960294966623e+00
2.365990276821009264e+00
2.408097529439231277e+00
2.565183046926795996e+00
2.338235289362422975e+00
2.281678407849966561e+00
2.295897568090611962e+00
2.721644052018474813e+00
2.112889569371687593e+00
2.272096756744149459e+00
2.265787154702658235e+00
2.611810331283657138e+00
2.989394164351249827e+00
2.940990820175969134e+00
2.736568692548712267e+00
2.906706553475989718e+00
2.725930170824205412e+00
2.646651819161617070e+00
2.335005082046000435e+00
2.389094658257045367e+00
2.523166538542508164e+00
2.502766598365769202e+00
2.283799242174485933e+00
2.551474208900545992e+00
2.427064562247275070e+00
2.343488652669362793e+00
2.377059577268227031e+00
2.326427307606307338e+00
2.423398460786954978e+00
2.444769067162311238e+00
1.784979919739805521e+00
2.719897773875777247e+00
2.544598070788806954e+00
2.583971270466494552e+00
2.805018615165118412e+00
2.471134978146818373e+00
2.832797353368739834e+00
2.408304381139411809e+00
2.378540365927891642e+00
2.220351619239398389e+00
2.605220215798826899e+00
2.627082311691948835e+00
2.454306465413358396e+00
2.489058181145193949e+00
2.620474957356775381e+00
2.975660862077213586e+00
2.669520673894900220e+00
2.299357508814773965e+00
2.730379372915042069e+00
2.312086179311840350e+00
2.428938106874968472e+00
2.061992175498673863e+00
2.706288839502457577e+00
2.320459399331141981e+00
2.241067126016782041e+00
2.474639887832459806e+00
2.421200685733689184e+00
2.368593943427368398e+00
2.250902865782420381e+00
2.611575050684833865e+00
2.838885848009119250e+00
2.189421557237817062e+00
2.226297580206245907e+00
2.601139224024647145e+00
2.233193650729261570e+00
2.168313881183489222e+00
2.505352238841825674e+00
2.442411777051628263e+00
2.344186043242310724e+00
2.356979013642424015e+00
2.876824054590787494e+00
2.080039741363635564e+00
2.367804721434072057e+00
2.710144862783148145e+00
2.270345038501348167e+00
2.522000796431392633e+00
2.644415987162279880e+00
2.390494992948437591e+00
2.267350561831787292e+00
2.412176055292867272e+00
2.015815498797056904e+00
2.314333506198785528e+00
2.417992991875719699e+00
2.486999673624555207e+00
2.118270582305382455e+00
2.687698138802633974e+00
2.349355647725512419e+00
2.064824029353789392e+00
2.288598894040196896e+00
2.174086139170960941e+00
1.970086717487087746e+00
2.658984370226386673e+00
2.784968170587297287e+00
2.892370692802767262e+00
2.588960473318253630e+00
2.002857236120758166e+00
2.588281889522158874e+00
2.632119168755058691e+00
2.870311541650927722e+00
3.047356671138664375e+00
2.453702169705289649e+00
2.169665461376773852e+00
2.392025169682287622e+00
2.399801792899505681e+00
2.764781199480792484e+00
2.501780236771214305e+00
2.370476187297607229e+00
2.546697564704323291e+00
2.466872704592891541e+00
2.762512523724562019e+00
2.449362190293343566e+00
2.592537574531412758e+00
2.280556453897628177e+00
2.563275420274827354e+00
2.137602629373963836e+00
2.496468212344951532e+00
2.436482837856873473e+00
2.589710340077948647e+00
2.590453699646730445e+00
2.391006016139188617e+00
2.346821199353345655e+00
1.904277895702916945e+00
2.315004675087221742e+00
2.443887827125594825e+00
2.282083447182810865e+00
2.441891483350309144e+00
2.507498660081205699e+00
2.662447018769097618e+00
2.036153213402302153e+00
2.021450890697890301e+00
2.801255574803227066e+00
2.364662473771654838e+00
2.282614530687534948e+00
2.359999894895340233e+00
2.796367529976123034e+00
2.504171176059518000e+00
2.473117835977527879e+00
2.335649031634345896e+00
2.390302982628424111e+00
2.527915715573431754e+00
2.363737493439618031e+00
2.508338782201557482e+00
2.729105394327161704e+00
2.696715656719889331e+00
2.401057213684244740e+00
2.387976509505017830e+00
2.022866418572887959e+00
2.375807448886072315e+00
2.150113634553218134e+00
2.363669313366180802e+00
2.501275063996209802e+00
2.786089427267084861e+00
2.323982030633662710e+00
2.878424805977409573e+00
2.679877245442655376e+00
2.860827635066851116e+00
2.676086054839400319e+00
3.002139427738555355e+00
2.688376573108360645e+00
2.399375284316479284e+00
2.482617148630845261e+00
2.279883498997944624e+00
2.099637309515856920e+00
2.525423207393396652e+00
2.666774095366970521e+00
2.507393815196908626e+00
2.151242411496701035e+00
2.554314888754208202e+00
2.749776225588498768e+00
2.171085772807276548e+00
2.597001538936269505e+00
2.256840490455424675e+00
2.069628553160709927e+00
2.875613079559622420e+00
2.579502131155865907e+00
2.817021167063867182e+00
2.159923983659106206e+00
2.215769022081635065e+00
2.453927436522968186e+00
2.359228249830347401e+00
2.668568084199717028e+00
2.205079612759299312e+00
2.354410771916331413e+00
1.869168158259653767e+00
2.265371036242215474e+00
1.841303502761373556e+00
2.686757831838490151e+00
2.539488994590022308e+00
2.800153815846833538e+00
2.176524671219723928e+00
2.336244270065996886e+00
2.504379526829974445e+00
2.353189614918162142e+00
2.336966136396987359e+00
2.873870900525742123e+00
1.988445680490543488e+00
2.787220480450821825e+00
2.689135520170396365e+00
2.106872598271967156e+00
2.709447132926532387e+00
2.547947829444596746e+00
2.707169356992777054e+00
2.367191725399294011e+00
2.344496295856077772e+00
2.688556985661708421e+00
2.359717394337767171e+00
2.540692155279508313e+00
2.675877899734846022e+00
2.558628360362056320e+00
2.307570492070980528e+00
2.322468942740564479e+00
2.214996345594193450e+00
2.224687573998672896e+00
2.768050053349837558e+00
2.479063593895643347e+00
2.363759694972217940e+00
1.931960111326140428e+00
2.189842761453062447e+00
2.552341596585148586e+00
2.551478964384674697e+00
2.248745478605967740e+00
2.722967754106098148e+00
2.829575100259901888e+00
2.425434827982315689e+00
2.604146154732381202e+00
2.718750112584547907e+00
2.407997947397765071e+00
2.356499409960406410e+00
2.837683748238121417e+00
2.723626729069460239e+00
2.753832783276236817e+00
2.651118233212885311e+00
2.885045696185204900e+00
2.667363698003145878e+00
2.478810866216315745e+00
2.233984770627315708e+00
2.516393099610588546e+00
1.743693821118817100e+00
2.257171231273428447e+00
2.807478476910358900e+00
2.192420189640115424e+00
2.718144712165621701e+00
2.235261507717495988e+00
2.363325637081893138e+00
1.880224959868176393e+00
2.677105675886594316e+00
2.553497256143986149e+00
2.837818655795231848e+00
2.011337420998755121e+00
2.230476258684331192e+00
2.678677515322613445e+00
2.337895880525519221e+00
2.490616382480775215e+00
2.168379396430115680e+00
2.293368528960272101e+00
2.780081652693610295e+00
2.522381885565859516e+00
2.121092485099513425e+00
2.405174827113328195e+00
2.240513360625096873e+00
2.641048210127231233e+00
2.420021854470173039e+00
2.748559611439035599e+00
2.225338529648049679e+00
2.307248809174557103e+00
2.312529196034886159e+00
2.638918783216422703e+00
2.005075473226149541e+00
1.865405892247506747e+00
2.211150554221449127e+00
2.864163987166193692e+00
2.345455787293551975e+00
2.260376924723007885e+00
2.640420412239669723e+00
2.409252097548331584e+00
2.444019107639576305e+00
2.690594637805700184e+00
2.632707219030447021e+00
2.399250904716021093e+00
2.377102365488078295e+00
2.205629019048407358e+00
2.485019311586727397e+00
2.385123021811478949e+00
2.015501049646318599e+00
2.159106121300685466e+00
2.008006066837962678e+00
2.392487573973872017e+00
2.244642317686175392e+00
2.419969116961325994e+00
2.174721716564381957e+00
2.568776662945631895e+00
2.662880908232269750e+00
2.260922225908682748e+00
2.075798099567178312e+00
2.516335268112517287e+00
2.739191776791694011e+00
2.541665544976600799e+00
2.758064862032027609e+00
2.690029246699126464e+00
2.822547948556886954e+00
2.222107451858540195e+00
2.356872850200787184e+00
2.598684932736645248e+00
1.957276820783848459e+00
2.531190222750785868e+00
2.417481229734057102e+00
2.363591852789640235e+00
2.615420575024790306e+00
2.450725409331225624e+00
2.491351841734386063e+00
2.351186592156543576e+00
2.876766704277313735e+00
2.122317688399829372e+00
1.917838654044607960e+00
2.683598369234952763e+00
2.253881642745145797e+00
2.072239633748930387e+00
2.280626464602121040e+00
2.541446243683861628e+00
2.653191036368142353e+00
2.205072639560944570e+00
2.066049823269892727e+00
2.571378648987692639e+00
1.901871414653949710e+00
2.456966427621469329e+00
2.514314868095354871e+00
2.755670046338897894e+00
2.103713964177422735e+00
1.946269392733832593e+00
2.224961393503627871e+00
2.145947661963159003e+00
2.430120609941945453e+00
2.962553153906890113e+00
2.607935862424775042e+00
2.944606672254702850e+00
2.589066677616974399e+00
2.585141728474448453e+00
2.256215092784092491e+00
2.104210230240973090e+00
2.705575828451777021e+00
1.978396429149572588e+00
2.789421347445713462e+00
2.158260433223603059e+00
2.423834668068193920e+00
2.411592355298931345e+00
2.156012523953494853e+00
1.958939445120946532e+00
2.317764442682998638e+00
2.659220266215641892e+00
2.367852068557054768e+00
2.708331200433518937e+00
2.361021053939400982e+00
2.403877236870223921e+00
2.039825565151961673e+00
2.376779262078331900e+00
2.393392395516038551e+00
2.627803472089663028e+00
2.792532484083849909e+00
2.647508577215285541e+00
2.136178260429004716e+00
2.757746170980587941e+00
2.196113237932298734e+00
2.035663199668752199e+00
2.923441479448255720e+00
2.505682949248734026e+00
2.518122439277208358e+00
2.820497074792462033e+00
2.383320407595240997e+00
2.569515402226865142e+00
2.599221992586965513e+00
2.507854911441032453e+00
2.651633792113533783e+00
2.301893889533455528e+00
2.251077340806403981e+00
2.728055578007103410e+00
2.542129358008319073e+00
2.492187089570951919e+00
2.281530657452051081e+00
2.638689451057206092e+00
2.142950347813759926e+00
2.457535246861715095e+00
2.542436757257451330e+00
2.234572649862994975e+00
2.181750771740714967e+00
2.874375809768908052e+00
2.823939293219300595e+00
2.583957163388108658e+00
2.202581682442077415e+00
2.564443762008458805e+00
2.557795219223303551e+00
2.631365877890131433e+00
2.282099078874476383e+00
2.229588672878254574e+00
1.790537129505822778e+00
2.099859865177824858e+00
2.881909009314377990e+00
2.474947096129503255e+00
2.563358115188060449e+00
2.633198676445423381e+00
2.124229258575514034e+00
1.952191498973809836e+00
2.584131517674150391e+00
2.395054474442591452e+00
2.666249002667765211e+00
2.430575651193617404e+00
2.810392099795751886e+00
2.390430165669205742e+00
2.248741943505176533e+00
2.226215318878050464e+00
2.385441976007205422e+00
2.447114052221083469e+00
2.572219610875249529e+00
2.869802393218418679e+00
2.354822839002880031e+00
2.376471320015158817e+00
2.650247330496749321e+00
2.660256762204761483e+00
2.440570810743830865e+00
2.496522138078477226e+00
2.150980986798022521e+00
2.427241520479087811e+00
2.700954603217092576e+00
2.651876428366743088e+00
2.674154650677866840e+00
2.401891237600805695e+00
1.990596167730686483e+00
2.984680733552958820e+00
2.537192097970031313e+00
2.398749367016203671e+00
2.488774503999902965e+00
2.393452803593352662e+00
2.408809976381937279e+00
1.896793098406619027e+00
2.740814573677730515e+00
2.203150968295565448e+00
2.537325287632806070e+00
2.554820629298937718e+00
2.824441880361087343e+00
1.902144941143067980e+00
2.515206879925198535e+00
2.031761925843697636e+00
2.266687246588559912e+00
2.764614816833645961e+00
2.775434519308002557e+00
2.570844861415949367e+00
2.438639852323367219e+00
2.514830140361795863e+00
2.562642366445692765e+00
2.475864025511663513e+00
2.032275040593542581e+00
2.604716404216702585e+00
2.870556946667187859e+00
2.244276227130985291e+00
1.915160258264562598e+00
2.647722744869139611e+00
2.430974602899968584e+00
2.037090866578411763e+00
2.798840080410974096e+00
1.950949265802010446e+00
2.109439921599054912e+00
2.860016626911662474e+00
2.576399753561472217e+00
2.108019830141475204e+00
2.261713770750305219e+00
2.242067908783982766e+00
2.574151633505854964e+00
2.419124524947662724e+00
2.672234474223909029e+00
2.053745523669268991e+00
2.121443643970842619e+00
2.313926412122649712e+00
2.630113305446957206e+00
2.164803735698119347e+00
2.596226011269910927e+00
2.620228030853825274e+00
2.658395328009348635e+00
2.052161005246681214e+00
2.871139612907970040e+00
2.558247869338886371e+00
2.412056458229595357e+00
2.257177155267545032e+00
2.304956988187818023e+00
2.225915834763539269e+00
2.489575654538042748e+00
2.673610198874196264e+00
2.436842856948240765e+00
2.298903041908660683e+00
2.709182080679589877e+00
2.686734506897503927e+00
2.441528822338995930e+00
2.100563590612591014e+00
2.366996486306897296e+00
2.309472825875414248e+00
2.500246541381319965e+00
2.726819039371136455e+00
2.297573387983110393e+00
1.995470219989823546e+00
2.241650060423760138e+00
2.201256158806201402e+00
2.091199692446885638e+00
2.160569679476950444e+00
2.571269779087536289e+00
2.152255211589474193e+00
2.199013722988871322e+00
2.433435080565367947e+00
2.877196553016573954e+00
2.479509384465789168e+00
2.632598461529772393e+00
1.982363813056375212e+00
2.388692621687175333e+00
2.458379444953602277e+00
2.598273170771592255e+00
2.648913936749543563e+00
2.864993714467514607e+00
2.084404511441211305e+00
1.864094556937287539e+00
2.515674443829478690e+00
2.075640475316412825e+00
2.533125539564225814e+00
1.708526952432700918e+00
2.465619954404289604e+00
2.875014298908487476e+00
2.642643658291389031e+00
2.432763299603867502e+00
2.596995694207593797e+00
2.657075520855556761e+00
2.190057133937394873e+00
2.703332924743015564e+00
2.598280672360592902e+00
2.473147284954011038e+00
2.075156583243563446e+00
2.500482467793299524e+00
2.345816262620630699e+00
2.544489826511072472e+00
2.380684550926536414e+00
2.617532573715366961e+00
2.947687641768358180e+00
1.712212969140052277e+00
2.222942210126710449e+00
2.418394936400702022e+00
2.542714873109396478e+00
2.409933337952298249e+00
2.634570969664171702e+00
2.587761360138688183e+00
2.298706998553496916e+00
2.350245095563670894e+00
2.538885850381195741e+00
2.275005785284752058e+00
2.534138778924903690e+00
2.220473429775402074e+00
1.913856433727079365e+00
2.440949513668669635e+00
2.538550895909393201e+00
2.011163067054388076e+00
2.641955066711292766e+00
2.165315752231939062e+00
1.934875093125788315e+00
2.731841630522084952e+00
2.392042248397469706e+00
2.818097136017238213e+00
2.698007220184981847e+00
2.400333155182949874e+00
2.263964180415818817e+00
2.114091845672649850e+00
2.545288099803875603e+00
2.017658452160256743e+00
1.737701542893611562e+00
2.346459756818658704e+00
2.277316138913408228e+00
2.895078032401015911e+00
2.869421232395745314e+00
2.489937972728207605e+00
2.717513032584054411e+00
2.236852272564469057e+00
2.743450240252654382e+00
2.166805721817193220e+00
2.705728865662893057e+00
1.912542166794191978e+00
1.872624185210683079e+00
2.409446971512411384e+00
2.293958882756344408e+00
2.835704657055027500e+00
2.515312908540098924e+00
2.416452284474321033e+00
2.075634920735112576e+00
2.783248125981108601e+00
2.061383120944217495e+00
2.753411751340467006e+00
2.145165906086038632e+00
2.644442320359272180e+00
2.324701570917630633e+00
2.657387620985481647e+00
2.835625805866659022e+00
2.476008978657104898e+00
2.458044859676075333e+00
2.612746742920439402e+00
2.449868299948424699e+00
2.351155333894878741e+00
2.882155028761894222e+00
2.233957435592538676e+00
2.303893964045905740e+00
1.902350248057740778e+00
2.472610360408001196e+00
2.358333723622659583e+00
2.402078020632557820e+00
2.634291913230958571e+00
2.222949336628082140e+00
2.462675938934764996e+00
2.452402533718017086e+00
2.329237682300648871e+00
2.314677442113692862e+00
2.096710130349495493e+00
2.786615092794569204e+00
2.517659223197846075e+00
2.150631447698009513e+00
2.187300577872439256e+00
2.342750973456244612e+00
2.690198646851360564e+00
2.634886433812607009e+00
2.282258895636590346e+00
2.218163843960357262e+00
2.295319028894840852e+00
2.319422169329404149e+00
2.813088510543374721e+00
2.542329788068827146e+00
2.900643713561664061e+00
2.460994025645413696e+00
2.456436811441007784e+00
2.472251486279843924e+00
2.731236781269199554e+00
2.749941626728501287e+00
2.358936345424770487e+00
2.878349536325042202e+00
2.319519302701348096e+00
2.668920197681230899e+00
2.445293109646694774e+00
2.449490504231392141e+00
2.486626927616385263e+00
2.977205826015492107e+00
1.846546529259691649e+00
2.036583806931664409e+00
2.634069754100046623e+00
2.689215150922751985e+00
2.324751567684989695e+00
2.265411307151439235e+00
2.830421352904179066e+00
2.900497492322175574e+00
2.473746300414647159e+00
2.025655825968284862e+00
2.744508659466943001e+00
2.249558883559473532e+00
2.295103130788379797e+00
2.630238562441089112e+00
2.806403244413044895e+00
2.571109655768216040e+00
1.996901853719298181e+00
2.840152042333767834e+00
2.401320415134594821e+00
2.286767720759593558e+00
1.955671501956963487e+00
2.243561003181968605e+00
2.401009109152567600e+00
2.017516922390767409e+00
2.887163721766261570e+00
2.748033251161549728e+00
2.320899432028867615e+00
2.397651980915851411e+00
2.119697002310985123e+00
2.387667308351884010e+00
3.092395302200990237e+00
2.125657951877387930e+00
2.246494870285237422e+00
2.497860942010595053e+00
2.683643621797564549e+00
2.224924119953698654e+00
2.862750515020048070e+00
2.544493073831593399e+00
2.483619562015703330e+00
2.485050036893782455e+00
2.383663574812700858e+00
2.135420238326628972e+00
2.719144518168298941e+00
2.894969287140143344e+00
2.963229868675804735e+00
2.342342173216808376e+00
2.383139831880145110e+00
1.991042608521347734e+00
2.566669320659264564e+00
2.714602659733451606e+00
2.481280537573466560e+00
2.660257602719914960e+00
2.475535583684624896e+00
2.576229389223897215e+00
2.606314771712451517e+00
2.223906427480366599e+00
2.699601701134144438e+00
2.636476949884544840e+00
2.292500942949061038e+00
2.239704821970519788e+00
2.829193158872286507e+00
2.519978985114850634e+00
2.500669829524870380e+00
2.440644548409122372e+00
2.291764623839254167e+00
2.443544849615537196e+00
2.465039230888433686e+00
2.176014878859887425e+00
2.601717102070976839e+00
2.478661600632414252e+00
2.229894859784745442e+00
2.712946586492696710e+00
2.021901318608659182e+00
2.461444321709056027e+00
2.698235878483250083e+00
2.168504742862749524e+00
2.959272619716748487e+00
2.767304642727504316e+00
2.135717351826159405e+00
2.524920855333819603e+00
2.197712026086774628e+00
2.662651650199101105e+00
2.321652729824067674e+00
2.062223130617794276e+00
2.462771259126591339e+00
2.072091855657632209e+00
2.731230057659574495e+00
2.734627428502431901e+00
2.798654697508939027e+00
2.553422386236159802e+00
2.052239629977979707e+00
2.881670757207024813e+00
2.696695496641354772e+00
2.435058249005351172e+00
2.400798611640342362e+00
2.347770038267875226e+00
2.147851445427597650e+00
2.384890266101126866e+00
2.635361401489364042e+00
2.446263985958710308e+00
2.132653179178750413e+00
2.574681878306384508e+00
2.059096264253438058e+00
2.482116436380754187e+00
2.682262487281259933e+00
2.805344644923688513e+00
2.223569391199643697e+00
2.370741102821551927e+00
2.361358049803996551e+00
1.953102078647412254e+00
2.251772578827262894e+00
2.553509357002074154e+00
2.530025979977664541e+00
2.627858758419503005e+00
2.667483091106600313e+00
2.770889961863239659e+00
2.349344234125736453e+00
2.562002610865696806e+00
2.113894728577257354e+00
2.500121306741805771e+00
2.370152889854737932e+00
2.600219148202155051e+00
2.873654635876325081e+00
2.962954825010940763e+00
2.492666323672779960e+00
2.323267258515355316e+00
2.546263372550068294e+00
2.838171835139957189e+00
2.418826617228662101e+00
2.600469724728119658e+00
2.627106080488027295e+00
2.355949536216053186e+00
2.324929519992486426e+00
2.558593319082595130e+00
1.967456982289184753e+00
1.964295346672963793e+00
2.829418531654452007e+00
2.654989597312769956e+00
2.820383022532245487e+00
2.597153433357467733e+00
2.540652319961282046e+00
2.648157567270468693e+00
2.810571705478608351e+00
2.364530893332140060e+00
2.123297406438343415e+00
2.711585470296554501e+00
2.528080317142901823e+00
2.220947880299321220e+00
2.351269130973216104e+00
2.343912076135922007e+00
2.435333679278157248e+00
2.172960023250420925e+00
2.265574665009949307e+00
2.800537807924967204e+00
2.865869080927391011e+00
2.086212313427162623e+00
2.851444591735320166e+00
2.288886239006158618e+00
2.349889188729447742e+00
2.782592552785856821e+00
1.963309467108135253e+00
2.525957359462358109e+00
2.627469031818207679e+00
2.417233217339059159e+00
2.267215424815125946e+00
2.245656902618386574e+00
2.220567196530593090e+00
2.217330099494899009e+00
2.395681572183426145e+00
2.678050208381573150e+00
2.722471657632602682e+00
2.475760867774140728e+00
2.500241453102270750e+00
2.533757971132958531e+00
2.700054971357681577e+00
2.115310515375624423e+00
2.222182130846787729e+00
2.676013313190433340e+00
2.538901902651647280e+00
2.627990978101261810e+00
2.454306987571214016e+00
2.459204571305879661e+00
2.397126184519522418e+00
2.550202644314286449e+00
2.288656557620457832e+00
2.009122242966446592e+00
2.588908430468472410e+00
2.389482176607967467e+00
2.744685538297193084e+00
2.537253717903496408e+00
2.407197118063503893e+00
2.263039306953087859e+00
2.381435563499029850e+00
2.415402604992013647e+00
2.618353273862163988e+00
2.316754838360719493e+00
2.732407600739812370e+00
2.056512870642484003e+00
2.657584474411847530e+00
2.674269400625687076e+00
2.215911631235236268e+00
2.386649352278536362e+00
2.457311808480482807e+00
1.990805292137833638e+00
2.969818669516821608e+00
2.548822085458497089e+00
2.344516361428286899e+00
2.583451043769429134e+00
2.188316442178065646e+00
2.667040577569552262e+00
2.920787674701620151e+00
1.983803955606878500e+00
2.384410002030715514e+00
2.422225806108512458e+00
2.364987562656081010e+00
2.621768912513959826e+00
2.175148896847564295e+00
2.831389460240284262e+00
2.435645480741225555e+00
2.417392871776768981e+00
2.410566021745117915e+00
2.586654722474780677e+00
2.550016471688479225e+00
1.789853818418269071e+00
2.941090667801447900e+00
2.773268887930745219e+00
2.444102054803824142e+00
2.395071204084246119e+00
2.444673770150962433e+00
2.107034442120620632e+00
2.443126131871795170e+00
2.779569582131196537e+00
2.631937290220464298e+00
2.980243900347919084e+00
2.369801656394874723e+00
2.223157493062430490e+00
2.345525862847432474e+00
2.705932759508922647e+00
2.287008278477570045e+00
2.914172366254108137e+00
2.350237769384020403e+00
2.428114389226131209e+00
2.417714757069572507e+00
2.255763038059042547e+00
2.616894761814475778e+00
2.860181782235048598e+00
2.568966441884270591e+00
2.757713751589385698e+00
2.508795955097249397e+00
2.460617145790316318e+00
2.424933011639156533e+00
2.056483536836551274e+00
3.071297130672511866e+00
2.496124559825438460e+00
2.287086464668821151e+00
2.748761825504257850e+00
2.382085702080841472e+00
2.487283171578884566e+00
2.197620169867714690e+00
2.433491658006893488e+00
2.841963466673741223e+00
2.783910805885039252e+00
2.833067981207149089e+00
2.120261757156006510e+00
2.869646518855739625e+00
2.454324403523210130e+00
2.232696665199147557e+00
2.379819762160323648e+00
1.766895125274774214e+00
2.587324854720335132e+00
1.610371213168601656e+00
2.787351055006421774e+00
2.022088078093728925e+00
2.569460106219410900e+00
2.361165346994109182e+00
2.589005716129590962e+00
2.692473917840559672e+00
2.371985801980152075e+00
2.318398072826556078e+00
2.225683577872622276e+00
1.881015822068002663e+00
2.600222420800884393e+00
2.708286928259288295e+00
2.379416115837595935e+00
2.330979476267629469e+00
2.838479730611162211e+00
2.490024686706998835e+00
2.629599436283583724e+00
2.735278849130089451e+00
2.892681184792517346e+00
2.420270613075735877e+00
2.760305060013293232e+00
2.589766676497320397e+00
2.304222327646784141e+00
2.621090443646483692e+00
1.957297708283010973e+00
2.114743001648303977e+00
2.357003282413584255e+00
2.586308605552606554e+00
2.457267067869475241e+00
2.527757568381419517e+00
2.186883111483709285e+00
2.747361450779731484e+00
2.187377623932372117e+00
2.309042621077957769e+00
2.172172904793317372e+00
2.644467901581900815e+00
2.433951987465934330e+00
2.251809331258908475e+00
2.053912595797143581e+00
2.308585740412907761e+00
2.546602596542924424e+00
2.297272856551283660e+00
1.979661438887536873e+00
2.135315808982931607e+00
2.204812813256120219e+00
2.643161873164863174e+00
2.459059932387832603e+00
2.762517240530826701e+00
2.567031717761644405e+00
2.318589642289301977e+00
2.524374213075143203e+00
2.709137758909097471e+00
2.559569075496466617e+00
1.995572973278895601e+00
2.093830292972229223e+00
2.815226053778578930e+00
1.918260359804522475e+00
2.902004259520086560e+00
2.365762162233775889e+00
2.487889085057763072e+00
2.060941719168337016e+00
2.918694164925685008e+00
2.840508103466987233e+00
2.561499604543246100e+00
2.161465934556703772e+00
2.202111268362756391e+00
2.661788203216018278e+00
2.112128707339531619e+00
2.383704458414836580e+00
2.297602284031841968e+00
2.691025619487437570e+00
2.548521803410966236e+00
2.860846253756494484e+00
2.871003980931326360e+00
2.321933610115224589e+00
2.674877615566880529e+00
2.431379309068860017e+00
2.234008828390270818e+00
3.016653136602033491e+00
2.640562426016766828e+00
2.527944910056771910e+00
2.839917110448815230e+00
2.248322949879483001e+00
2.637191171439158488e+00
2.540748661169691225e+00
2.288662950903552318e+00
2.613612774179678855e+00
2.200285361253807359e+00
2.602639518210517977e+00
2.295213044832717042e+00
2.501114434049699575e+00
2.844292253125466186e+00
2.306279081432515810e+00
2.447573625741139569e+00
2.061792084543808024e+00
2.612418961032767939e+00
2.603982831119930008e+00
2.575827695208265489e+00
1.817800242372885844e+00
2.738327740567821245e+00
2.574714452335454595e+00
2.544670494631060098e+00
2.206753716817773103e+00
2.348492369373323729e+00
2.765873596830333625e+00
2.631779035752906726e+00
2.400611226900838613e+00
2.358868842765165397e+00
2.091308439866018443e+00
2.574655423050822733e+00
2.904833076410242576e+00
3.008480068826088871e+00
2.290569559573774505e+00
2.587893942509611467e+00
2.329655053115242680e+00
2.373980123150525756e+00
2.574152380410211105e+00
2.553982860559754098e+00
2.607966624280422696e+00
1.952633480772840269e+00
2.456893176157468162e+00
2.731955916309488419e+00
2.126183162426809936e+00
2.834100179888094928e+00
2.071018641125560222e+00
2.356732320301857087e+00
2.477037490748931869e+00
2.215319433086416989e+00
2.561198831700944201e+00
2.427500248766567115e+00
2.731404469150500169e+00
2.421351585522139693e+00
2.801016388012163905e+00
2.625789182675617894e+00
2.681294924162284321e+00
2.428148102957933929e+00
2.597927376264363986e+00
2.026115648339420261e+00
2.328141146754519220e+00
2.790002159423200734e+00
2.140668754324217993e+00
2.639639012956432662e+00
2.671611659496770486e+00
2.849318181667589212e+00
2.459106269253809263e+00
2.039048996780485901e+00
2.412535615682797729e+00
2.488158677087595638e+00
2.765258330943345388e+00
1.979677127520031998e+00
2.494572834574574127e+00
2.647943403571990650e+00
2.360815601788909923e+00
2.690639565547355172e+00
2.540596593463103403e+00
2.959803030278199909e+00
2.303232311360787765e+00
2.403020614192852289e+00
2.253960776220867324e+00
2.531104383362812627e+00
2.313116720484481803e+00
2.349056213977307905e+00
2.174465157336446630e+00
2.653517238822922675e+00
2.477195807391706417e+00
2.189813417528783113e+00
1.998267360306534179e+00
2.753978525822889711e+00
2.547259363724711179e+00
2.600844893129230062e+00
2.997506494224528861e+00
2.472758773351384498e+00
1.892426832019884042e+00
2.135410071767273710e+00
2.722771955069539285e+00
2.441343934729870213e+00
2.787145863376689015e+00
2.173908942726829885e+00
2.876775311913253752e+00
2.653783299087839165e+00
2.454306270040013338e+00
2.900501178676508474e+00
2.428609798603373449e+00
2.173391508878830258e+00
2.495807430310222674e+00
2.233838852153711141e+00
2.572135685763980106e+00
2.316853081153346761e+00
2.779348488581041110e+00
2.308409142565937877e+00
2.596011270722699216e+00
2.477484060076164063e+00
2.144259161197993979e+00
2.550300315453866151e+00
2.613580971200038405e+00
2.633863321783031175e+00
2.801029328698329657e+00
2.384741058945133219e+00
2.802006146068234393e+00
2.237384676479572398e+00
2.132965872746446223e+00
2.666328404637122951e+00
1.984901397274000834e+00
2.535404853149097804e+00
2.243879677425518082e+00
2.088712606354239831e+00
2.175064570852978107e+00
2.599877583509538681e+00
2.007739825472396156e+00
2.782493989029336756e+00
2.251612317781054529e+00
2.125032165363840875e+00
2.865047255959873862e+00
2.241324982285225254e+00
2.708596669886026209e+00
2.492537800783121149e+00
2.592242761871679235e+00
2.948660829854915288e+00
2.549999242097528374e+00
2.047483309970146159e+00
2.502100325709870177e+00
2.201038212956614615e+00
2.423318025118581964e+00
2.285013943112323975e+00
2.238844870926052444e+00
2.278621010729210639e+00
2.689464226415793746e+00
2.744819577073478900e+00
2.406904744128002260e+00
2.038189165205626985e+00
3.037670531817130204e+00
2.221428523532954280e+00
2.121709684015618436e+00
2.339900210622078092e+00
2.390491162593559871e+00
2.665939536986906333e+00
2.318614991020583549e+00
2.707673038044158265e+00
2.408227241725644507e+00
2.012824885176470069e+00
2.407008176976796143e+00
2.548481040632750272e+00
2.609587596201555115e+00
2.008451333276987327e+00
2.152589007077243544e+00
2.243200705673788597e+00
2.350739994128867139e+00
2.153523209847907349e+00
2.250868638811213795e+00
2.969859773710663564e+00
2.333096104349142941e+00
2.529965380921717077e+00
2.154260482714595692e+00
2.472642269964543615e+00
2.071304419463679380e+00
2.767116469397233658e+00
2.509430172470998421e+00
2.895304885737375766e+00
2.307894219934764735e+00
2.648209369545507119e+00
2.417078162083677650e+00
2.637292562538716911e+00
2.424101323429136201e+00
2.712212191368363445e+00
2.401535822428388478e+00
2.307511745532927261e+00
2.250054661927239685e+00
2.603510307820609881e+00
2.743845021072165657e+00
2.559063095956963796e+00
2.352066147104916016e+00
1.971555748730189572e+00
2.053131347530861461e+00
2.340973800498605151e+00
2.428644453436359818e+00
2.384567835568295546e+00
2.161414435251476363e+00
2.390871038850994168e+00
2.003335394677543846e+00
2.427475332278863362e+00
2.745614174912409222e+00
2.605513921204209105e+00
2.371922908562591914e+00
2.478911769628456607e+00
2.625835527460780749e+00
2.126910527013421426e+00
2.430161278813361303e+00
2.294554320537026015e+00
1.958331449725938311e+00
2.606143489132822566e+00
2.581581825741663838e+00
2.410120036310051006e+00
2.280925767989192554e+00
2.462326102146430884e+00
2.277153508033656681e+00
2.659914069109241108e+00
2.275984430553414040e+00
2.221847472370056753e+00
2.878805929933244023e+00
2.488412926256795110e+00
2.465322703661117831e+00
2.463268105247319983e+00
1.981660271711364274e+00
2.285869292519634666e+00
2.311078183945220133e+00
1.925968496858072587e+00
2.263607861382012310e+00
2.256144768250771815e+00
2.308552556721439331e+00
2.445600259821568478e+00
2.535641934332256486e+00
2.462459720210744774e+00
2.331659255713288470e+00
2.332395927217014719e+00
2.589961063838815747e+00
2.542198481863883863e+00
2.551579027812459710e+00
2.502824473521610749e+00
2.487591275676216185e+00
2.955767744968646582e+00
2.732939505306995365e+00
2.620064518611051163e+00
2.213074286933977231e+00
2.231020811615626265e+00
2.811034839317188450e+00
1.753784793791273833e+00
2.068757805507251302e+00
2.540382280458163500e+00
2.744682587946196684e+00
2.300240659247331010e+00
2.450244317419724371e+00
2.282914537676788758e+00
2.126817948837646188e+00
2.476320581052549485e+00
2.203447744694029264e+00
2.549532468608679547e+00
2.964912038523506155e+00
2.478400118569236366e+00
2.893905254231791790e+00
2.146835464915476166e+00
1.927591681973255477e+00
2.469573968633718586e+00
2.464073384484556595e+00
2.170631681098278865e+00
2.620138497003780209e+00
2.198091209567303750e+00
2.220569231889131245e+00
2.234352315755093077e+00
2.502954950853444771e+00
2.311577680148082070e+00
2.580537076842698507e+00
2.554142765330236653e+00
2.757466082142571828e+00
1.889037481184943523e+00
2.690395298078194664e+00
2.318949134255649192e+00
2.333517029403738618e+00
2.456086997970101216e+00
2.626969880347473918e+00
1.999491005867942262e+00
2.391655502863834659e+00
2.581812139300074804e+00
2.358227401647597254e+00
2.339054373444725332e+00
2.571340883126018717e+00
2.521219550785909203e+00
2.163958765596590172e+00
2.022092492079389459e+00
2.367923234187925274e+00
2.157969623068432874e+00
2.360287797547663491e+00
2.246953547321684397e+00
2.297817938567743301e+00
2.458669613454193659e+00
2.436389587378491761e+00
2.320206131101878899e+00
2.251891317778066615e+00
2.399640532995747755e+00
2.470262327213299969e+00
2.418573556419514325e+00
2.151592525164804481e+00
2.671460949539941510e+00
2.249246128688302537e+00
2.354184055458643954e+00
2.462155557857650390e+00
2.568240545203837044e+00
2.893398035215868802e+00
2.658174895974073859e+00
2.776855041131420343e+00
2.280823099881916782e+00
2.411614269614812400e+00
2.491242277115699011e+00
2.513997645377916257e+00
2.744735269399174005e+00
2.251647167687388595e+00
2.440461325584316388e+00
2.824225935142060884e+00
2.272371352155472035e+00
2.420669857797465241e+00
2.279505480838820208e+00
2.354379010475998069e+00
2.556140050662986773e+00
2.219493048340382302e+00
1.881647978308483626e+00
1.851204007044160882e+00
2.175553529643734940e+00
2.766535278120958896e+00
2.509066481323891651e+00
2.528178363398340789e+00
2.510686856250585297e+00
2.289547821222920554e+00
2.312095169362790248e+00
2.198009905879734660e+00
2.352999547867478114e+00
2.295314192068675485e+00
2.753137670058419140e+00
2.828183002724841799e+00
2.490611073906359607e+00
2.531597165547490924e+00
2.282665003815845139e+00
2.878281470427669131e+00
2.143638421260722460e+00
2.148532511726136907e+00
2.460488078500038256e+00
2.808144257672344768e+00
2.657578860509613339e+00
2.676348599028965047e+00
2.068323085194089028e+00
2.535779824048034037e+00
2.214195776485530232e+00
1.822306605752329167e+00
2.524698949206986232e+00
2.753436037681550097e+00
2.989519972084466737e+00
2.439179203334196799e+00
2.926203089513578437e+00
2.555616812774055280e+00
2.718127247915122613e+00
2.511413803534237488e+00
2.337271602230452050e+00
2.457063171831918247e+00
2.563464903076167811e+00
2.231027809910565374e+00
2.599655526424411001e+00
2.375029957731088714e+00
2.242894210303424174e+00
2.846347246619533866e+00
2.519265389130524113e+00
2.465381603682345268e+00
2.433185459880475410e+00
2.484503668371300655e+00
2.419445706568946530e+00
2.604457105551883256e+00
2.152326675565942260e+00
2.414043196450117890e+00
2.764288444199627381e+00
2.037649751242325280e+00
2.667350045028357375e+00
2.400663892976248270e+00
2.775714451056102039e+00
2.290152270263005718e+00
2.115273982346399073e+00
2.102587869492162920e+00
2.322193065047078786e+00
3.017195407750149716e+00
2.746716121830850899e+00
2.751890860668901873e+00
1.933634739383542689e+00
2.165946303848131915e+00
2.622358254487724416e+00
2.236935106306379595e+00
2.085873478094843136e+00
2.349553575004926564e+00
2.165916559024153365e+00
1.791733048800487005e+00
2.394011742332359027e+00
2.420261899799489136e+00
2.537720295812484927e+00
2.695262042340743847e+00
2.146793343423363698e+00
2.511084204972005463e+00
2.341858056343768535e+00
2.376640916419322735e+00
2.550547992183387347e+00
2.439820901177686796e+00
2.001645818217077988e+00
2.438740024377656912e+00
2.770925004206659104e+00
2.570329985110524795e+00
2.463658761609382353e+00
2.956815573060335378e+00
2.979726806359719316e+00
2.426836017576222915e+00
2.181172825319663389e+00
2.344452157103948053e+00
2.432448239828600034e+00
2.257317172689378815e+00
2.595273292443985635e+00
2.184420296311363696e+00
2.631985066864345413e+00
2.752460782858814792e+00
2.070121381167893126e+00
2.167288447726793521e+00
2.245775775752615999e+00
2.022546032423505391e+00
1.975069938128598324e+00
2.570069342704315307e+00
2.575848124244653370e+00
2.263519567290023904e+00
2.564781137289366963e+00
2.486950203759831446e+00
2.466194134823370909e+00
2.534254063392737066e+00
2.590130633008985939e+00
2.629870023219006647e+00
2.662488168210687789e+00
2.808071316048392774e+00
2.635916719723684576e+00
2.140133127516072431e+00
2.614430790208229105e+00
2.479087204433579661e+00
2.336333326095473062e+00
2.516492123766870925e+00
2.476766916224584669e+00
2.858729831466993332e+00
2.204999025828501935e+00
2.498444926183214676e+00
2.489090171786256356e+00
1.848860101284151458e+00
2.633308213648124507e+00
2.688662639297546786e+00
2.700029367535121239e+00
2.166441436677145838e+00
2.447091940153428347e+00
2.458848678366272189e+00
2.121314484682531365e+00
2.563758616211354369e+00
2.552283823891180692e+00
2.469056855031076747e+00
2.664685542239182858e+00
2.695489584173741626e+00
2.122507331873110914e+00
2.403670397117460666e+00
2.347524850759466819e+00
2.857270252758326912e+00
2.693164033561920689e+00
2.311101432653537735e+00
2.398453307950446423e+00
2.204327098665772589e+00
2.753183419573190349e+00
2.303109350098794472e+00
2.823583895619333539e+00
2.981870530230033900e+00
2.385457870460862217e+00
2.457115602059626092e+00
2.850850457953085115e+00
1.965359159045370729e+00
2.256371426571058159e+00
2.980775768925030711e+00
2.323403762361957892e+00
2.336870042025581462e+00
2.145382490481338333e+00
2.791763738821746887e+00
2.326669917446019920e+00
2.780299626059258955e+00
2.018354851618570311e+00
2.081795625576712716e+00
2.713479418484245898e+00
2.466824393613134880e+00
2.254141718069873512e+00
2.246628313865689730e+00
2.406568047441541847e+00
2.278206316060940484e+00
2.033185092175760822e+00
2.636567182383854124e+00
2.457573628270809607e+00
2.983353372185864494e+00
2.169624716961631172e+00
2.673771383543906310e+00
2.214429314905681956e+00
3.031187333954123542e+00
2.398259634234987558e+00
2.547541804815539823e+00
1.954930546254012969e+00
2.658677232473269481e+00
2.694741497381055506e+00
2.528212947658239784e+00
2.518851167271496383e+00
2.153278274241334778e+00
2.602630198859253952e+00
2.456636288797023226e+00
2.021302548542606381e+00
2.254380124593375445e+00
2.882864215021106347e+00
2.410323117812428251e+00
2.155690081474086028e+00
2.177923705708827207e+00
2.487402962384855698e+00
2.080929101019429517e+00
2.742625731454380933e+00
2.570408087333461378e+00
2.461754686498665912e+00
2.623293848963462516e+00
2.756666383177950763e+00
2.312887090191382278e+00
2.397891857040082897e+00
2.370942098857574898e+00
2.532235608764481505e+00
2.594832917139137329e+00
2.481971371465756082e+00
2.970191190392491798e+00
2.251678805209233136e+00
2.501545475002199481e+00
2.355203503689230260e+00
2.472987908390227751e+00
2.444514131296733783e+00
2.229228775356995040e+00
2.300614741620270465e+00
2.746698446430536400e+00
2.806869981424148897e+00
2.573120452309880957e+00
2.427988131377040837e+00
2.493223112050880985e+00
2.730301744251799168e+00
2.430237653442923751e+00
2.384193466533488959e+00
2.600608850484621648e+00
2.527691878661419977e+00
2.396954336830360077e+00
1.963487110963775928e+00
2.320466510435605478e+00
2.266868313032900151e+00
2.066334130143884451e+00
2.090296920608448961e+00
2.098034430053111521e+00
2.647250034378267447e+00
2.537156413845030656e+00
2.508916236633644825e+00
2.581545094581849664e+00
2.379269435013097400e+00
2.583861398765674444e+00
2.330822947036088166e+00
2.644518087074983370e+00
2.779374728256052585e+00
2.149126321232479597e+00
2.015932653698420118e+00
2.189568440121747450e+00
2.490013107835448380e+00
2.209763359873101685e+00
2.728600528914407963e+00
2.320606972829102332e+00
2.000465927920764830e+00
2.496094729424144454e+00
2.601691623279434928e+00
2.372926724400155951e+00
2.409564290012592203e+00
2.536367991691872881e+00
2.399243018378219183e+00
2.430595970401524752e+00
2.024130009071120728e+00
3.021973557835344160e+00
2.382902606237693011e+00
2.871498319155325163e+00
2.387699743811551034e+00
2.686275238022698630e+00
1.884572678310972194e+00
2.717368866233772717e+00
2.159897922084197397e+00
2.404555949992541741e+00
2.496630423905063623e+00
1.749262227560371530e+00
2.362862086640597603e+00
2.612483122445163453e+00
2.085216628128980787e+00
2.303156817654948174e+00
2.288232055730497372e+00
2.746171311196705211e+00
2.452004965852711216e+00
2.243641667565907216e+00
2.145958734826712622e+00
2.707154051296075892e+00
2.352557159443176893e+00
2.624279761568339531e+00
2.972210341271520839e+00
2.056786433535815917e+00
2.481279156755663351e+00
2.404851078929999275e+00
2.058755119098682140e+00
2.098302137553736735e+00
2.565841092381744737e+00
2.435537282652170177e+00
1.976354040647083643e+00
2.305318866669593625e+00
2.404349368918200280e+00
2.492513314717049067e+00
2.471596093077157441e+00
2.556387043213113941e+00
2.150669063976452300e+00
2.191867398141718049e+00
2.443038896196318532e+00
2.118596863423860999e+00
2.644653826869838742e+00
2.417487058863694305e+00
2.340213373655675611e+00
2.778817761654212681e+00
2.052371565975103174e+00
2.538921755591532214e+00
2.414828046719562415e+00
2.817718616984660418e+00
2.444057656545936208e+00
2.359837946503797745e+00
2.655210847495742321e+00
2.763607813388506695e+00
2.362233222760755424e+00
2.469282195126578650e+00
2.711801542044328883e+00
3.022973183065524427e+00
2.543466639067874624e+00
2.879685148590134247e+00
2.147364034231854735e+00
2.464358601585848074e+00
2.752165068194381448e+00
2.414510002712436876e+00
2.056932305802095851e+00
2.734213791253256254e+00
2.402908065000027626e+00
1.641500554738462014e+00
2.618380209723258023e+00
2.618543770385673319e+00
2.311424464674637580e+00
2.556269305486901455e+00
2.428423288354644161e+00
2.560484570522362446e+00
2.788673249522822140e+00
2.726484193580882565e+00
2.325745415151752038e+00
2.556451311069614096e+00
2.339285491571120978e+00
2.860108039532581081e+00
2.368593703273242479e+00
2.641755175722762417e+00
2.571849820426957756e+00
2.287309534086803264e+00
2.762707195884677613e+00
2.371039167268204295e+00
2.465008531121200885e+00
2.282850589907056360e+00
2.285026975117754766e+00
2.293250034118093694e+00
2.432054436760310967e+00
2.541011995730866779e+00
2.849981319595612739e+00
2.857748063102126590e+00
2.453665228342170490e+00
2.011438940363361016e+00
2.074871177445146042e+00
2.069483910880595356e+00
2.392081187440664003e+00
2.652050116658573486e+00
2.240694794173209381e+00
2.288993866044482850e+00
2.438929864000985326e+00
2.704010095679291403e+00
2.297665944316091391e+00
2.206828663423387127e+00
2.373216893628043778e+00
2.526195728862768775e+00
2.006748811657756981e+00
2.379365837383192517e+00
2.611604876868406144e+00
2.124884788217177523e+00
2.102027994067493744e+00
2.418311516557410279e+00
2.614095104101866962e+00
2.216458721858721503e+00
2.032700030053229412e+00
2.514597154658547495e+00
2.529772856021129002e+00
2.388524099251391419e+00
2.428037964999735010e+00
2.686307213013588324e+00
2.192286632338617647e+00
2.822631952679633294e+00
2.624513967477190679e+00
2.406512140538970890e+00
2.200978624574524645e+00
2.440607805130960983e+00
2.357174177632717083e+00
2.809784425557535492e+00
2.287620483752899059e+00
2.442878279432113331e+00
2.344232527772788011e+00
2.605640603576221181e+00
2.678248891245882390e+00
2.028340129617896892e+00
2.343808314621116828e+00
2.139914101130889978e+00
2.451375319019262644e+00
2.231946645070952862e+00
2.553237153488804090e+00
2.564233232068516610e+00
2.864593648597494990e+00
2.558206320768766862e+00
2.871739965337620770e+00
2.392829522139777954e+00
2.527931305317102861e+00
2.496838624582648158e+00
2.562523560974535819e+00
2.214513593986168871e+00
2.534559926902611338e+00
2.075533886788559546e+00
2.137921454838770607e+00
2.662662179533454410e+00
1.985776419188476138e+00
2.970245099367186725e+00
2.398707436748917399e+00
2.622749187008594163e+00
2.490120112171755995e+00
2.103445689960909082e+00
2.496002606513508137e+00
1.854239146861161647e+00
2.366473317573002610e+00
2.553416685549851906e+00
2.851476441446157306e+00
2.463201181263499073e+00
2.407668027581018944e+00
2.221919891153826043e+00
2.345481713420162428e+00
2.309464506476147427e+00
2.494998028878909757e+00
2.623926891195430766e+00
2.453860685916315010e+00
2.933214477909635409e+00
2.832906421907834371e+00
2.449662738851932975e+00
2.247749602357461907e+00
2.859259477281071327e+00
2.444095784845972563e+00
2.442651343121099661e+00
2.621729400743225469e+00
2.425657236762225999e+00
2.471696157864896826e+00
2.720076617366933736e+00
2.339916137560962728e+00
2.548231766980555868e+00
2.105548429677337907e+00
2.362420667702030297e+00
2.565252180373938096e+00
2.056568094151434600e+00
2.287774293157049943e+00
2.637031829283043471e+00
2.449531915918336189e+00
2.142430180420468844e+00
2.341298832268455143e+00
2.442184582194340869e+00
2.646407347709479829e+00
2.662833913745835446e+00
2.608917452459324160e+00
2.342542853085971988e+00
2.933929757322973231e+00
2.493179833710776450e+00
2.632927426441304952e+00
1.881419210737941050e+00
2.822657205428997784e+00
2.684289826456596195e+00
1.896258867872026688e+00
2.759649729074387547e+00
2.022859020672642671e+00
2.512880205653895249e+00
2.332662501474227490e+00
2.447015838471270577e+00
2.629565637281956469e+00
2.317446977040829026e+00
2.256544899403828630e+00
1.960457196222589626e+00
2.264390490405268963e+00
2.269466039730006379e+00
1.926623130771440762e+00
2.313171149262607251e+00
2.157960350151040263e+00
2.477861963738190454e+00
2.051947722252344342e+00
2.445455867514624515e+00
2.657617777788616298e+00
2.919760599572660986e+00
2.485299203106789090e+00
2.456515281376017157e+00
2.577255562118986987e+00
2.611555607826385739e+00
2.466250670838034509e+00
2.652226768413705749e+00
2.249172903441493787e+00
2.567386295541759456e+00
2.810307731088622418e+00
1.782557841453949354e+00
2.376869239067141315e+00
2.394504582492296585e+00
2.379372424290093324e+00
2.371995254133437037e+00
2.330582725125324828e+00
2.277053866171819596e+00
2.344647762844934036e+00
2.319361063372528342e+00
2.447622498808455394e+00
1.842270249304940988e+00
2.288178237798258241e+00
2.379807710176534030e+00
2.005605685866275412e+00
2.184995429556850333e+00
2.783336428365012161e+00
2.403850921025801668e+00
2.660919714381871248e+00
2.146229870789738037e+00
2.323210970841235401e+00
2.504548027065486959e+00
2.320473869087459562e+00
2.507025473028924090e+00
2.665867251668851079e+00
2.549775757944959143e+00
2.325192316899167722e+00
2.485676676197013713e+00
2.259504608187024921e+00
2.439300319192965194e+00
2.566463392805985677e+00
2.400550460489216498e+00
2.517548903687688799e+00
2.500282702839352389e+00
2.202791440178423876e+00
2.371479975502084336e+00
2.382427091235790328e+00
2.107073309041964215e+00
2.038298592294308875e+00
2.276782342571539886e+00
2.121411110061220739e+00
2.745783874110059752e+00
2.435568077826639311e+00
2.097515701558167578e+00
2.595072804106441478e+00
2.571851955039670123e+00
2.428026269564349970e+00
2.601880406303435755e+00
2.109627328889221332e+00
2.577076073797489819e+00
2.242117494244516340e+00
2.521658519090094863e+00
2.433015639022055865e+00
2.296014374026433380e+00
2.362125191604076857e+00
2.450390159947839042e+00
2.588952069398841260e+00
2.543790822493122938e+00
2.590365670947463173e+00
1.707321516852239540e+00
2.325749296475707606e+00
2.201059999455132754e+00
2.944750546493306587e+00
2.303942239169888495e+00
2.389095296366080756e+00
2.391143807557085665e+00
2.136047313182455998e+00
2.256872154567250544e+00
2.038125013535311059e+00
2.460199196610393102e+00
2.404171265399527968e+00
2.814931480321071877e+00
2.602275546096542769e+00
2.601858749247483615e+00
2.164972573079902762e+00
2.270144698232286373e+00
2.453251806039426164e+00
2.286507953126342585e+00
2.422249845749882891e+00
2.556297199693940314e+00
2.235099377044130975e+00
2.518661235920592212e+00
2.341885830929042900e+00
2.517790241217142899e+00
2.691040874220855805e+00
2.021503497236684765e+00
2.925273285174400772e+00
2.536585622323470179e+00
2.706728926864291562e+00
2.751374226791797550e+00
2.515202804695875649e+00
2.620500886839023824e+00
2.865247974086067018e+00
2.001912129800684781e+00
2.436538235600836266e+00
2.571168747538872701e+00
2.328853302239163536e+00
2.925533773293217177e+00
2.431968710950162205e+00
2.593776186723331989e+00
2.332081986586018729e+00
2.292896033334915540e+00
2.528186094947876938e+00
2.560291255494010265e+00
2.652125184826064519e+00
2.395802260704414710e+00
2.828433281369818086e+00
2.718432527503408469e+00
2.209906147422064038e+00
2.206235479217186324e+00
2.634460025254040438e+00
2.690830504163412851e+00
1.979303775315542024e+00
2.334273757688154483e+00
2.566397999381776707e+00
2.659750672200427157e+00
2.595034526042472756e+00
2.661916266382894136e+00
2.607643558970426767e+00
2.538031886260834202e+00
2.616351137810549510e+00
2.458193814224504337e+00
2.132370741600272623e+00
2.475626705212157663e+00
2.367961407109877126e+00
2.653159252146446434e+00
2.362960120709813872e+00
2.772549965601278643e+00
2.868612576357924215e+00
2.891091745810299152e+00
2.292280077548943140e+00
2.647054838611927696e+00
2.380067166387800803e+00
2.473687738648202572e+00
2.627176196029864741e+00
2.455115269639481568e+00
2.218480041846138118e+00
2.096856445573839878e+00
2.610997560914010140e+00
2.610721389741538889e+00
2.409731904031967353e+00
2.775813307507411842e+00
2.351619236180849892e+00
2.492320798284308747e+00
2.614378258763701446e+00
2.476061081121187613e+00
2.627469309743063253e+00
2.456037133232660707e+00
2.444628538558655251e+00
2.168651107875478434e+00
2.679788262671312982e+00
2.197363683498324338e+00
2.540738540480576901e+00
2.227844401674838437e+00
2.144152449358956325e+00
2.394418787193610232e+00
2.371723988066308131e+00
2.586780303126797520e+00
2.816775108636520475e+00
2.316928146684256173e+00
2.794561504018560072e+00
2.473375055895504993e+00
1.963881225140742259e+00
2.373963566888780186e+00
2.254801995119634306e+00
2.864562792405207947e+00
2.657904432120980154e+00
2.346871827516196607e+00
2.539800169171053223e+00
2.735929667957951228e+00
2.380226964321568328e+00
2.691910242747426629e+00
2.550746072303444301e+00
2.386618847964486978e+00
2.616884194846746059e+00
2.334710132111984748e+00
2.270891342581492722e+00
2.192869328700732812e+00
2.874483185362191051e+00
2.372042677603503069e+00
2.269228968459194640e+00
2.709043950136072798e+00
2.783177605027476353e+00
2.430602317303476312e+00
2.437201269267735171e+00
2.412296104158583088e+00
1.941655040150566114e+00
2.109805362914229931e+00
2.214200234673058709e+00
2.592847531433257302e+00
2.077941183864763453e+00
2.400921907292757229e+00
2.344807170634868765e+00
2.274004012236482630e+00
2.759025196930856350e+00
2.897282468446082060e+00
2.700398559761047146e+00
2.580441488433971031e+00
1.853030183790207008e+00
2.733043401824119201e+00
2.707546382404009133e+00
2.648629569646730797e+00
2.490173478068724577e+00
2.767310351046051942e+00
2.736964187479746347e+00
2.520260765917571977e+00
2.666008079514764706e+00
2.616154666387571659e+00
2.474330339892881980e+00
2.264303917973385261e+00
2.960111561373940603e+00
2.435587415276030399e+00
2.737655688470574500e+00
2.873271683755384220e+00
2.341764095434039739e+00
2.093411944917839662e+00
2.378299268154464574e+00
2.774353644377597128e+00
2.462761364453901258e+00
2.462910689587602064e+00
2.525025021771114542e+00
2.430900615946374632e+00
2.274873039022803134e+00
2.917515609746558880e+00
2.009800009229389062e+00
2.915299619210172999e+00
2.534508639112184269e+00
2.495705116757225284e+00
2.223146392712834984e+00
1.924403320305046128e+00
2.844768784542054618e+00
2.015961420819447625e+00
2.693058090951445660e+00
2.579756384027829252e+00
2.521358813117985154e+00
2.482338372765019674e+00
2.490082507464908002e+00
2.100603041881052846e+00
2.071327837770390090e+00
2.429728613475413912e+00
2.370967786866839511e+00
2.544612747246114193e+00
2.131109316551304200e+00
2.302473695149932720e+00
2.113123036647088782e+00
2.430905546674116735e+00
2.474339479741360037e+00
2.249944482285766600e+00
2.658162155897353607e+00
2.206698278006592240e+00
2.473297895715819372e+00
2.593739867488171758e+00
2.646595812224991295e+00
2.388211029154289733e+00
2.543245504689914949e+00
2.500883119982260094e+00
2.571617245761773418e+00
2.504635080480994702e+00
2.703034646882188863e+00
2.045747508012766058e+00
2.524266614615688464e+00
2.553920052091990467e+00
2.697100228173380021e+00
2.413013834564719851e+00
2.211680800042139516e+00
2.167822156972260217e+00
2.822626184587017750e+00
2.446171330857056514e+00
2.358829792847265239e+00
2.111202874354589643e+00
2.287558682135303556e+00
2.254559699556464292e+00
2.584235066165130768e+00
1.960722386295540298e+00
2.821895254476153525e+00
1.935580339433444985e+00
2.075940949110099965e+00
2.085934908496118290e+00
2.399143544075171164e+00
2.731925399458648762e+00
2.339706582887860264e+00
2.269693139597908527e+00
2.270530613890018756e+00
2.461046219116342471e+00
2.508406642009369580e+00
2.591295509824686594e+00
1.941226259276439992e+00
2.113137192555744726e+00
2.263690570401669877e+00
2.868998816469476854e+00
2.180929423829320868e+00
2.624501545894271537e+00
2.326004346170448933e+00
2.741357634224816042e+00
2.512713866500476012e+00
2.702507096780740969e+00
2.374878659931145997e+00
2.636381063480798925e+00
2.472458395236152739e+00
2.144494417894007299e+00
1.962806841306722117e+00
2.584694835988511574e+00
2.101705746576012501e+00
2.212442093994801073e+00
2.142204285015432141e+00
2.435659317326031470e+00
2.069008082130659787e+00
2.096358978166602771e+00
2.482041807491721208e+00
2.620968917646880669e+00
2.576174218878040545e+00
2.878889786928783501e+00
2.244810928164384656e+00
2.425855547860532813e+00
2.083626083310123001e+00
2.491127258668671907e+00
2.467713052995180956e+00
2.137899555600821344e+00
2.407911864696689719e+00
2.618386039736905868e+00
2.575358794939779372e+00
2.790604250471481862e+00
2.630361145020568170e+00
2.140766258606176642e+00
1.876523352046049142e+00
2.015815922305457253e+00
2.219842856737967551e+00
2.562640530041271347e+00
2.319432704522751187e+00
2.402655940396650536e+00
2.182477624095426449e+00
2.286032545428096974e+00
2.475344838849115714e+00
2.471785245752473159e+00
2.587330127652174738e+00
2.417111790035078922e+00
2.600595662226353522e+00
2.526549269002726916e+00
2.367060798989303994e+00
2.459359573105628805e+00
2.230762382387268428e+00
1.981601652583414142e+00
2.514042961716433933e+00
2.938786522676638757e+00
2.504389408663847405e+00
2.314653375038621341e+00
2.560878057665860297e+00
2.325839013892478491e+00
2.641613066214757222e+00
2.439990458984720334e+00
2.533865193722250275e+00
2.993442765954342111e+00
2.603583913756557511e+00
2.577969059526954432e+00
2.400369223213687064e+00
2.814143452018469826e+00
2.328370702937199610e+00
2.459490839164969245e+00
2.350689219381548511e+00
2.635002345382447153e+00
2.363551249317313641e+00
2.289427133671407155e+00
2.815349512450486813e+00
2.592851529190107307e+00
2.645925135944574791e+00
2.374292316456396712e+00
2.355286792382901062e+00
2.831233735047657518e+00
2.359627556060212683e+00
2.358507552196030588e+00
2.660064011953360286e+00
2.672905231845981611e+00
1.945766046807120508e+00
2.302488333228125406e+00
2.715038812300041737e+00
2.551899175685711452e+00
2.013699744316182816e+00
2.640917429771626246e+00
2.635906842156912511e+00
2.570393318604924815e+00
2.241919238169675754e+00
1.856791658552025659e+00
2.418118471666686808e+00
2.741874066794038889e+00
2.513723911617772977e+00
2.930521802870711401e+00
2.721799298204724327e+00
2.388736159580172824e+00
2.371404673573374033e+00
2.453648334627965610e+00
2.321072906771249222e+00
2.688368667181423532e+00
2.698778882550287861e+00
2.408172869286117734e+00
2.205891630637997647e+00
2.271750061193528847e+00
2.576287985039757533e+00
2.273443992346761977e+00
2.249656908648995479e+00
2.756733483889479253e+00
2.333071004238346458e+00
2.867653754928388032e+00
2.681557926781186652e+00
2.383488245599874489e+00
2.597582711926186505e+00
2.494140004929041421e+00
2.184563515703553449e+00
2.317173305512851833e+00
2.816787503672927073e+00
2.699028581369667279e+00
2.206128191584990628e+00
2.328477101662168813e+00
2.256742755395178879e+00
2.589754851562060978e+00
2.166424926807120066e+00
2.528663872369857568e+00
2.316880127899943353e+00
2.895293875635702729e+00
2.331886161951675085e+00
2.487664527091952404e+00
2.448426141338648776e+00
2.326537188823905034e+00
2.375454356271388789e+00
2.160729157869132333e+00
2.364198545551346786e+00
1.798665497630874910e+00
1.990992625452688403e+00
2.528004462976930711e+00
2.222065885529097340e+00
2.098597082340795339e+00
2.418602750535120194e+00
2.570732022188057631e+00
1.944114323753911355e+00
2.415247675107491609e+00
2.498380804114953779e+00
2.065545917161409228e+00
2.872404985921162002e+00
2.602474132792945039e+00
1.962390365832237249e+00
2.360138542281323470e+00
2.556934370063526973e+00
2.383068330095645670e+00
2.529510097224191068e+00
2.380854579407298388e+00
2.831914013526517948e+00
2.837649284443694686e+00
2.682904380098094510e+00
2.424038686842694190e+00
2.022960939931924607e+00
2.373669774645078334e+00
2.655292390025249194e+00
2.370027512759015575e+00
2.362502899635066100e+00
2.621745348386553154e+00
2.360881794389450228e+00
2.676297316040812113e+00
2.127674003921749879e+00
2.608775959857634330e+00
2.858573529771437638e+00
2.566987319873572648e+00
2.423955776419622676e+00
2.555171573624779313e+00
2.721834312591511651e+00
2.398749676172744483e+00
1.799597582317120192e+00
2.239152885680110394e+00
1.996090667570400878e+00
2.737417206878441700e+00
2.610108459718578633e+00
2.143034664599249073e+00
2.421472515948690507e+00
2.433219388741773681e+00
2.072208331543396120e+00
2.043982999674832435e+00
2.630696167693863163e+00
2.515500990622081989e+00
1.995728785580451525e+00
2.508002236314669009e+00
2.310885854267268336e+00
2.765929585357800313e+00
2.691653832223291243e+00
2.295852319039762168e+00
2.205978944843893341e+00
2.627530376376667753e+00
2.559717358721183000e+00
2.587427208846734938e+00
2.460061404763335347e+00
2.578430091561357163e+00
2.338625100548199054e+00
2.745570685716056225e+00
2.765086229938942708e+00
2.495139078492345508e+00
2.039984556349223599e+00
2.088965263106538295e+00
1.764227556198179503e+00
2.656212394091792994e+00
2.524839542642997703e+00
2.564399688304803249e+00
2.552719803143032706e+00
2.618012577419368547e+00
2.464673167901254125e+00
2.358750789667525272e+00
2.800994444515313209e+00
1.993318319708970110e+00
2.269774129858460832e+00
2.642477291020103536e+00
2.380476572293531046e+00
2.594861939428952269e+00
2.345369353706960869e+00
2.196011153337451560e+00
2.163209127767104167e+00
2.547639178617389533e+00
2.341000703215508238e+00
2.568527102022629460e+00
2.342952112978901269e+00
2.690074076089829624e+00
2.223943071044086839e+00
2.418568584146392197e+00
2.720135834748274029e+00
2.466683494474844363e+00
2.415171291355312722e+00
2.643640734653438074e+00
2.083494809696222472e+00
2.346907679278466219e+00
2.555657621469529239e+00
2.755957471443872819e+00
2.680954452229791674e+00
2.559546066034100509e+00
2.668919493176472368e+00
2.350929981755427889e+00
2.267046556290182480e+00
2.244570957979043602e+00
2.447786967535773961e+00
2.057099191353981560e+00
2.229083460839108355e+00
2.505736836589428584e+00
2.065697790693354463e+00
2.867746706761420405e+00
2.400313495958077858e+00
2.760305737305941420e+00
2.356134164244063633e+00
1.973804661918027836e+00
2.820451090389046733e+00
2.039364975000230729e+00
2.467094548764612760e+00
2.404120423002297002e+00
2.146215057798984027e+00
2.523643317861351321e+00
2.435685168129475553e+00
2.403809811601559154e+00
2.344380783995648976e+00
2.595835517509695656e+00
2.866871675493695815e+00
2.229493366524032627e+00
2.018788000516767323e+00
2.324066426615005732e+00
2.265431727504037873e+00
2.515096773015332410e+00
2.666311842055329784e+00
2.657725003514787243e+00
2.520387895675680667e+00
2.907232723190585233e+00
2.322665777189209635e+00
2.708390302955220985e+00
3.021866248806603483e+00
2.823297333085749372e+00
2.077801642470590515e+00
2.677773337645159124e+00
2.418455893304321869e+00
2.830212642783644927e+00
2.295500708291571712e+00
2.705511463528170513e+00
2.693667840119437606e+00
2.469502448565837227e+00
1.988023776673801812e+00
2.371563485522418802e+00
2.771913824288160910e+00
2.379577253949856086e+00
2.439948114688768488e+00
2.458105029535679442e+00
2.438172842401761908e+00
2.734186367088601077e+00
2.864105784880102590e+00
2.456141348274648806e+00
2.566231471981262668e+00
2.788059456622827170e+00
2.484658371627395113e+00
2.516498415402875111e+00
2.053130026953335019e+00
2.547834793217965910e+00
2.666216598687455086e+00
2.568723150040604253e+00
2.141327997448557063e+00
2.449645231716381044e+00
1.969547841040526936e+00
2.981710597308234512e+00
2.718221156930800575e+00
2.559409332644888124e+00
2.085651113773729914e+00
2.769514857051557755e+00
2.772664583387914661e+00
1.988228191517991350e+00
2.600199782448554764e+00
2.734624047072174768e+00
1.836970052974022272e+00
2.536263815774288943e+00
2.084790570603305859e+00
2.490897553414692212e+00
2.852062408032693064e+00
1.945541022946383869e+00
2.211861169155001416e+00
2.050263679581469489e+00
2.714663533727958100e+00
2.871388438197192805e+00
2.316308795915717589e+00
2.369452561782195321e+00
1.853468329070422804e+00
2.385206942300493793e+00
2.526300092295963751e+00
2.195489643023304627e+00
2.638185446468767736e+00
2.476301950479283143e+00
2.446227334120241181e+00
2.558956704245285430e+00
2.128802385062519065e+00
2.415769689116060270e+00
2.503211539224892590e+00
2.111613330818936873e+00
2.368297500639364284e+00
2.256660855825493250e+00
2.550933327816174323e+00
2.592268071115727324e+00
2.012234420012148917e+00
2.572632382945414964e+00
2.430624665305180621e+00
2.719686108552667569e+00
2.467353047383233466e+00
2.438306078939573407e+00
2.268021073355538153e+00
2.406791961293202498e+00
2.349700065232409152e+00
2.718545996710538315e+00
2.604825617072897614e+00
2.311293938259709080e+00
2.897239283268274512e+00
2.295629356395666232e+00
2.513395176558351984e+00
2.497292677841953523e+00
2.951167897679960017e+00
2.601767454869488461e+00
2.293585443763654030e+00
2.067157624785538328e+00
2.190466037545556688e+00
2.441648337114506795e+00
2.151332710774878976e+00
2.241942609697562983e+00
2.738421437910951717e+00
2.634043752037552810e+00
2.000736338073007214e+00
2.614866186870279385e+00
2.352109671185202533e+00
2.740970294666201568e+00
2.557858165351782453e+00
2.133805514259888181e+00
2.534139389833259592e+00
2.746593463394807699e+00
2.677352219399828925e+00
1.959852073086584712e+00
2.161525529648283594e+00
2.016453137956266684e+00
2.720136229947123674e+00
2.307132862219958724e+00
2.338402874563297651e+00
2.821600158011956516e+00
2.267955619998815564e+00
2.467762249703131960e+00
2.188450924855227075e+00
2.605805013977031681e+00
2.532685063929511315e+00
2.194218304804569364e+00
2.094051996678640393e+00
2.104102582172750147e+00
2.455294492048745170e+00
2.615506022130681174e+00
2.582381689532176949e+00
2.225013695173879036e+00
2.743590606181309788e+00
2.209507149459882136e+00
2.359867437136762724e+00
2.627588269603307047e+00
2.323233531065875823e+00
2.533746307506768769e+00
2.764610284864505552e+00
2.807822077609223310e+00
2.796141061061198307e+00
2.616017182527599960e+00
2.481449438121183348e+00
2.344521995833298345e+00
2.257564679524983742e+00
2.127886029470173135e+00
2.393771253000552601e+00
2.348534843462227073e+00
2.420843242787203753e+00
2.880534039837012728e+00
2.809540421445278824e+00
2.699491384463298171e+00
2.414392211333445282e+00
2.654003752321847376e+00
2.537740488594850241e+00
2.298298275169652793e+00
2.415716263391838758e+00
2.246850905541916354e+00
2.707878185602676346e+00
2.510631150282691237e+00
2.428064495346882179e+00
2.498935640419899684e+00
1.862783303996911499e+00
2.646003487243357988e+00
2.636440969387612743e+00
2.478000875524252855e+00
2.056381167033965784e+00
2.545775646029691863e+00
2.783591685616746414e+00
2.198268118918976999e+00
2.207147041233376683e+00
2.820831531722022945e+00
2.133716947233529559e+00
2.375415104644101660e+00
2.252659246446645724e+00
2.510501618020446024e+00
2.404447826440427427e+00
2.762297212682886194e+00
2.736619780796066159e+00
2.753194812686321935e+00
2.076611267650871895e+00
2.434507498877362064e+00
2.198924233610102252e+00
2.710571821099197365e+00
2.733177111948646321e+00
2.894228149556544505e+00
2.353409194413051519e+00
2.781967089406379934e+00
1.713147329340623637e+00
2.524355155325188615e+00
2.380805494853302839e+00
2.361860455807067716e+00
2.332127967166349958e+00
2.286348805457266486e+00
2.303468182365325134e+00
2.489586363999716223e+00
2.265380722689640969e+00
2.800640298702045783e+00
2.444073596921664482e+00
2.483522015084223433e+00
2.161589906643855308e+00
2.324251892317122703e+00
2.469507422117199091e+00
2.586902376576357909e+00
2.860492301984294272e+00
2.170199848414807509e+00
2.460008918235678799e+00
2.241264302928132945e+00
2.124348774717882637e+00
2.243133680024131937e+00
2.392082208697714485e+00
2.330860779250846893e+00
2.570472529576588894e+00
2.836051389104185638e+00
1.989637774773482359e+00
2.739049577299978111e+00
2.803968877959917005e+00
2.403544357328684988e+00
2.680694791882706429e+00
2.405194056779981882e+00
2.529567629112463578e+00
2.488592459944607871e+00
2.548524011803568357e+00
2.151052519255549633e+00
2.194152103431008971e+00
2.044795028002683424e+00
2.746368929998324937e+00
2.723213158268033673e+00
2.565691783381154778e+00
2.085631640462360270e+00
2.296741946156177328e+00
2.254246334122520068e+00
2.982462204522534410e+00
2.424260594826947113e+00
2.311009732545874940e+00
2.686961245829108780e+00
2.496098829735400315e+00
2.346904043210538582e+00
2.495130240510641251e+00
2.050595505652404782e+00
2.354501272373009435e+00
2.646564363593547409e+00
1.828774769276821921e+00
2.360246949519198001e+00
2.042218247289913968e+00
2.645730057779920763e+00
2.461085653218809011e+00
2.565255054846763638e+00
2.778830981900504593e+00
2.625892681569870657e+00
2.789854625446765990e+00
2.594674319912883220e+00
2.107831048679075003e+00
2.788012276351666152e+00
2.851169185557308250e+00
1.949296653074824137e+00
2.422668858695471439e+00
2.043089775272133757e+00
2.468480197831156797e+00
2.572253231746445046e+00
2.524713267041595710e+00
2.231195297314035209e+00
2.008153304353636592e+00
2.793321747723814585e+00
2.006498432876683946e+00
2.326561606123897619e+00
2.546909470561512734e+00
2.221894781657631324e+00
2.402693249173692092e+00
2.741753554207901900e+00
2.865400291534137889e+00
2.648883951349261690e+00
2.822092587040070821e+00
2.229191799983467615e+00
2.253425665848603821e+00
2.252109797539234570e+00
2.120786871262023698e+00
2.316734197926995975e+00
2.396105708471981011e+00
2.612385940975352483e+00
2.882847656886044607e+00
2.648145481272576429e+00
2.583431731257290753e+00
2.818434454620730278e+00
2.656075268595965433e+00
2.806059953593193157e+00
2.241656649946015989e+00
2.300346018693813388e+00
2.308644102346700144e+00
2.516591178918488936e+00
2.607237572896576427e+00
2.155829264245657129e+00
2.047693189851847784e+00
2.408729789479439276e+00
2.371202486517591357e+00
1.810228615101222793e+00
2.225255781543972411e+00
1.771622450629378953e+00
2.739422486329001760e+00
2.638808588506919683e+00
2.440433934052338216e+00
2.063765512983186667e+00
2.131734629725967167e+00
2.830488861786305321e+00
2.949455872803920187e+00
2.272595292293082103e+00
3.028132589508417905e+00
2.484176917773698534e+00
2.823044063085350164e+00
2.662732333122820538e+00
2.766861276321753049e+00
2.118457500129792059e+00
2.428741591250460630e+00
2.399943117285741945e+00
2.451399377427306625e+00
2.943663907523677459e+00
2.398289126699258311e+00
1.799854773867757274e+00
2.056695594624351031e+00
2.252311185499246804e+00
2.713872552604531752e+00
2.684296766545896329e+00
2.171508396906770333e+00
2.506900780764959258e+00
2.338247135368756169e+00
2.756564078110469218e+00
2.398002433349953222e+00
2.257046643645077122e+00
2.679669422093906128e+00
2.384611629567459090e+00
2.427535479673816887e+00
2.691601306084208112e+00
2.126683954355809814e+00
2.102089837848072129e+00
2.606762915560855820e+00
2.541600427797749973e+00
2.916442239963519700e+00
2.369228918203848178e+00
2.555156465927576726e+00
2.146583417844269093e+00
2.650260747110872561e+00
2.427147633115329661e+00
2.763730880704232895e+00
2.091963527892124475e+00
2.963353477183102047e+00
2.552825053474465200e+00
2.691742316153117542e+00
2.764691683251576215e+00
2.300468541767162201e+00
2.819422641078451086e+00
2.493082604218945342e+00
2.219656184890731243e+00
2.768475642853362562e+00
2.560394463441799662e+00
2.494406327417419966e+00
1.927944936064409642e+00
1.829606630871815742e+00
2.423093563518037286e+00
2.421115569499421749e+00
2.260935921658532077e+00
2.374933139889310318e+00
2.520966032245822497e+00
2.429119280173421380e+00
1.957637208094607173e+00
2.891900937360611490e+00
2.506097918505284294e+00
2.323161120120261103e+00
2.117651427121530983e+00
2.694504869293796734e+00
2.422834464272289878e+00
2.393977280989252776e+00
2.918451331503595814e+00
2.703804615715276860e+00
2.574888606553895176e+00
2.277685630438129216e+00
2.332475364796922968e+00
2.553520265088970120e+00
2.824908381864201345e+00
2.889635641901348695e+00
2.402073313122627507e+00
2.803704811305389288e+00
2.468177844642434060e+00
2.020748433277001599e+00
2.253342924917707712e+00
2.588845484973523625e+00
2.510214432360964310e+00
2.351659251905581005e+00
2.054310392683872166e+00
2.295545975746122735e+00
2.386965782310751294e+00
2.027703866033200519e+00
1.938982004801087733e+00
2.356270066199399604e+00
2.284369939310000763e+00
2.423156768477173095e+00
2.243484315906359328e+00
2.479716363320025430e+00
2.026340526587871338e+00
2.330201629875233937e+00
2.772776794361836217e+00
2.626452699030336291e+00
2.767013657277214378e+00
2.155690259349154925e+00
1.981383373998838238e+00
2.119461654268704809e+00
2.358372152063245686e+00
1.998863322926620834e+00
2.364485108665559387e+00
2.281643182163246575e+00
1.842753355145948957e+00
2.144716553998679665e+00
2.429553422285514408e+00
2.332631587753548619e+00
2.311136017541502774e+00
2.422819367766776200e+00
2.133047171721147883e+00
2.235568194916941476e+00
2.318478404457228415e+00
2.230011215124442447e+00
2.449796683885297366e+00
2.451786649198081758e+00
2.389457406109556814e+00
2.253029235796202290e+00
2.248601255551328837e+00
2.677800845240704497e+00
2.307357462300087203e+00
2.108334755405777194e+00
2.773513972438509612e+00
2.168701411831716275e+00
2.336754930337187286e+00
2.357497937200875082e+00
2.412564013739058488e+00
2.356840724979636370e+00
2.813036934695668290e+00
2.489490786085191587e+00
2.728417194809370727e+00
2.793331439659068050e+00
2.679241774832373135e+00
2.483690377889895551e+00
2.021176645435919017e+00
2.452606504622822925e+00
2.784446316749443096e+00
2.425356233360783875e+00
2.830455458995522644e+00
2.681733269245991202e+00
2.778213048734449853e+00
2.682740561669011203e+00
2.602689856428021198e+00
2.759547585747986087e+00
2.527020326700206709e+00
2.412558925142900712e+00
2.910890367050448457e+00
2.471839523557020080e+00
2.344804846626998174e+00
2.212827004530051767e+00
2.646056569273660841e+00
2.619059948491679446e+00
2.423891189163219551e+00
2.116868402538806926e+00
2.431943914847467969e+00
2.564646702841423487e+00
2.243761328912603048e+00
2.175396521249374437e+00
2.295098250609232338e+00
2.306367332054928276e+00
2.407933906117003975e+00
2.339446309025884130e+00
2.244379906112470291e+00
2.674514221318155638e+00
2.575157662587009622e+00
2.585601123430837589e+00
2.317009328055505968e+00
2.124747599908996420e+00
2.297965438162487661e+00
2.563291102215118578e+00
2.648909303887758249e+00
2.712356108529740961e+00
2.121368820968749347e+00
2.716960069841720671e+00
2.659097496928844784e+00
2.159076397055181396e+00
2.151299572040551666e+00
2.497843320197691952e+00
2.539600968295895989e+00
2.220804308640055069e+00
2.164061509718702148e+00
2.766824650254529505e+00
2.119923643110384948e+00
2.511305897645375040e+00
2.185172579835950479e+00
2.613256294626724152e+00
2.349600265347529415e+00
2.019703916366164975e+00
2.006443912999003931e+00
2.435836177732045194e+00
2.462178311234158201e+00
2.130891084413974568e+00
2.519333933570875761e+00
2.296367875960792837e+00
2.333238834188760435e+00
2.147072849046293364e+00
2.641670048096438350e+00
2.421521937236791100e+00
2.231541843916974077e+00
2.920464362644903389e+00
2.784893597249198383e+00
2.783945055063962393e+00
2.185115313061487097e+00
2.290779276690391164e+00
2.322432473706890654e+00
2.851274043381406553e+00
2.485749706156038297e+00
1.822790745562019143e+00
2.260313814666418786e+00
2.283313174995788675e+00
2.744676610765467206e+00
2.606984634773721776e+00
2.257083258386723301e+00
2.704280407848814960e+00
2.221201782190681762e+00
2.695175048486232239e+00
2.528661766026727875e+00
2.176984102832566936e+00
2.322359709201428757e+00
2.752468446123108148e+00
2.575249738469078675e+00
2.279689449447771743e+00
2.196145797368262986e+00
2.696410901746460809e+00
2.657287872879432022e+00
2.431350564384340274e+00
2.798266401688328298e+00
2.310337425797495570e+00
2.623689275999474990e+00
2.806186499450536331e+00
2.350934929457626055e+00
2.409470122268668746e+00
2.025937188479887574e+00
2.296320176292824478e+00
2.438154600481184708e+00
2.917886324309237001e+00
2.286165342346807794e+00
2.559083604834861969e+00
2.303707298821896732e+00
2.325907532787195642e+00
2.322315560386100763e+00
2.501310953992180952e+00
1.945604754439674844e+00
2.498702993816229956e+00
2.330197362262654170e+00
1.981591101957400847e+00
2.517652264098444448e+00
2.752470325612002888e+00
2.835540662990205796e+00
2.591463848788952529e+00
2.658801430155139478e+00
2.172201137320268316e+00
2.361305897242227392e+00
2.217121824153443388e+00
1.930115429427589735e+00
2.492942918222319726e+00
2.559975348052199617e+00
2.275277143493827481e+00
2.587494683691016206e+00
2.600564432138289472e+00
2.373385490826064537e+00
2.479557958488405767e+00
2.639638593540253098e+00
2.445390638024804719e+00
2.703764286232722469e+00
2.845956997309349923e+00
2.389949733443265778e+00
2.445363242513559410e+00
2.522918576829820569e+00
1.982421761886144607e+00
2.637463824320933625e+00
2.667907772622433171e+00
2.808877975193936560e+00
2.650030310677045531e+00
2.469026917493188034e+00
2.502667493031329293e+00
2.367872325131735955e+00
2.834837529175353588e+00
2.531869073009945126e+00
2.635541129122342952e+00
2.309246271010040985e+00
2.490594499810490525e+00
2.413160381838788116e+00
2.590963099643075918e+00
2.606918626476384393e+00
2.311368671858069490e+00
2.792253191539008306e+00
2.311156265501991491e+00
2.615309236213925193e+00
2.762617012915161485e+00
2.659286668701381195e+00
2.613132337138519112e+00
2.850040237506635155e+00
2.792742312361113477e+00
2.620308867068810610e+00
2.753592353115740021e+00
2.543885576540445559e+00
2.203102503951988922e+00
2.566912342056824947e+00
2.555473899358796430e+00
2.178008770600140309e+00
2.139474804721111401e+00
2.513673757220442173e+00
2.457378976030238249e+00
1.897759324270094083e+00
2.545124127553314075e+00
2.792195054325766534e+00
2.486114947295678501e+00
2.160180361131654792e+00
2.260250711169296878e+00
2.363917248295968054e+00
2.555079135027183312e+00
2.305736490244473913e+00
2.155102968133433272e+00
2.230666658223078525e+00
2.857763298112790729e+00
2.390023655367781164e+00
2.357671958286066349e+00
1.767899059134303341e+00
2.902892604309142310e+00
2.340022543928963916e+00
2.114149031546798341e+00
2.426008813521584706e+00
2.135932105128829583e+00
2.267996452505117055e+00
2.668808036341634438e+00
2.741294414115007072e+00
2.090522343732734711e+00
2.255919679282368140e+00
2.659242536020038905e+00
2.458974007931075345e+00
2.478863258982088702e+00
2.731716944640294464e+00
2.268935350074429813e+00
3.060319967990713597e+00
2.333525598865326067e+00
2.306058117010318487e+00
2.474003027533668408e+00
2.513434965153258815e+00
2.100634609009505827e+00
2.655264440551216243e+00
2.254435592522161524e+00
2.331022892953647396e+00
2.312207814397518213e+00
2.674411877797997494e+00
2.735326206634150381e+00
2.393786462894949452e+00
1.875573474217348879e+00
2.859300561049302747e+00
2.498831907587836909e+00
2.035199435816391844e+00
2.332943484671988088e+00
2.363563669864968020e+00
2.815742654155400260e+00
2.382962687543575431e+00
2.512769476282321612e+00
2.620547772898672800e+00
2.829682445317755146e+00
2.309462906781821090e+00
2.389382431710097343e+00
2.536764528313508293e+00
2.531895218131188230e+00
2.435760597677739447e+00
2.461092114051977475e+00
2.476712614397938328e+00
2.380886741677341600e+00
2.191298425567415720e+00
2.381264613501673288e+00
2.740544160471883206e+00
2.467776335892784889e+00
2.294683715184216766e+00
2.298673285228223673e+00
2.267477890050059397e+00
2.077466539054235284e+00
2.347625075420352037e+00
2.161448005812010464e+00
2.338390835707812698e+00
2.303069365120181011e+00
2.203561944798251293e+00
2.428954314069396325e+00
2.300041992010305236e+00
2.752917275008316622e+00
2.674075098904429293e+00
2.717638070971348352e+00
2.152510328353692159e+00
2.169645124500757749e+00
2.488881476526367820e+00
2.616283211129704078e+00
2.112344150421181510e+00
3.072610617753062545e+00
2.345150095015867020e+00
2.414843324508331168e+00
2.758499968762953891e+00
2.319274218240964469e+00
2.902149309620641215e+00
2.263224022821848980e+00
2.244818999868820608e+00
2.130971588715178999e+00
2.385005715394727055e+00
2.075021693285367341e+00
2.327120129600540377e+00
2.088944738835971648e+00
2.381094875225381546e+00
2.562713476345896080e+00
2.245760470396850117e+00
2.612712595938211368e+00
2.610741880582578833e+00
2.517796334807110181e+00
2.429908842997525298e+00
2.020569649443480387e+00
2.307748403310929675e+00
2.500854856528476944e+00
2.521471938833524717e+00
2.395786923808980173e+00
2.254766751467249364e+00
2.445633063578555699e+00
2.439045182694201230e+00
2.193965924479250429e+00
2.447478123744359912e+00
2.400219095511575418e+00
2.256870779098561375e+00
2.595638405883721411e+00
2.626589566175052237e+00
2.383402890959404274e+00
2.354533861713344223e+00
2.650696886550892195e+00
2.280109379112064794e+00
2.562025137477381254e+00
2.717718866509543307e+00
2.287421987442814775e+00
2.745555580566108933e+00
2.066461004499207998e+00
2.764880492183714900e+00
2.516897020509252680e+00
2.470136051943279565e+00
2.784159024525831416e+00
2.398291426542440430e+00
2.470587607882669623e+00
2.288566586887408327e+00
2.518415965463516315e+00
2.748083566490449048e+00
2.451156514787366625e+00
2.539107045106946625e+00
2.800486301732274974e+00
2.284536180724703325e+00
1.835974132201356079e+00
2.413157737003400527e+00
2.479292447079411765e+00
2.287758581496623478e+00
2.580120463412227227e+00
2.526900339205525370e+00
2.588792368681152478e+00
2.169793483808139634e+00
2.472610117263679186e+00
2.648918824149775197e+00
2.886609022391635193e+00
2.800513703968054990e+00
2.226001522656952059e+00
2.127682456281574819e+00
2.391457038005996516e+00
2.287356219842299865e+00
2.143699776716528227e+00
2.176776366431791843e+00
2.750658631593705827e+00
2.458775129378735436e+00
2.184601461667856626e+00
2.230613027188461217e+00
2.730716714662503541e+00
2.570129037351118750e+00
2.454035305756428365e+00
2.582071118450144365e+00
2.469438911635622347e+00
2.763523858998333083e+00
2.282503800697827323e+00
2.360849988701233748e+00
2.420434867113968824e+00
1.995655178337798707e+00
1.890825521628733075e+00
2.764355913257784625e+00
2.889356629994625170e+00
2.939486269885039249e+00
2.222764839530714021e+00
2.515625641958464165e+00
2.621085378698203794e+00
2.806959685858675613e+00
2.699536685862551355e+00
2.563806605901235436e+00
2.451179503963149209e+00
2.891387363613786121e+00
2.429435400599967654e+00
2.418433971708559227e+00
2.690771600028877053e+00
2.146991571535249221e+00
2.347981588939536124e+00
2.841662343040141092e+00
2.231284333634073747e+00
2.446911298434543802e+00
2.114200311395720178e+00
1.879921392431521676e+00
2.577287947567638682e+00
2.714847035320360202e+00
2.639475864934048843e+00
2.411648150311904271e+00
2.337234207289967447e+00
2.333435882138954032e+00
2.943072897293629975e+00
2.702985095802717286e+00
2.823832549021588534e+00
2.681849775958555782e+00
2.365512509579177802e+00
2.536865391556356819e+00
2.355022114364147434e+00
2.623332470763327429e+00
2.979621410631458911e+00
2.443526959623659067e+00
2.566494576337502664e+00
2.010742525651490809e+00
3.001567902092597162e+00
2.605689518713680375e+00
2.406612597516385676e+00
2.273828247919130963e+00
2.820282392527977411e+00
2.657190508563782139e+00
2.721423368563141487e+00
2.331565031454139181e+00
2.784552828160072213e+00
1.722790833417351397e+00
2.126400933650531400e+00
2.059596615953036114e+00
1.996563182198616948e+00
2.447904527946020981e+00
2.371660149750792090e+00
2.401261074920764127e+00
2.724297533678250893e+00
2.143321386457761157e+00
2.713394117136604056e+00
2.370123819566142487e+00
2.331349453297526964e+00
2.230739689459448449e+00
2.424152389361974969e+00
2.074724942489034163e+00
2.707739110808651262e+00
2.586584726300342751e+00
1.832734402410943098e+00
2.700216882916246064e+00
2.583544117503172366e+00
2.880087618946571837e+00
2.390738434631558995e+00
2.356159122763690661e+00
2.670080604674238245e+00
2.366220326188957834e+00
2.481465773186489532e+00
2.827986494523743843e+00
2.676870481618160102e+00
2.289145741095846454e+00
2.459562213732148006e+00
2.691192734948389731e+00
2.270442680686532100e+00
2.008446761713887252e+00
2.572183726468778353e+00
2.247997460711710360e+00
2.074193096878208298e+00
2.440416256299575704e+00
2.617587650541704392e+00
2.388531714497251990e+00
2.635542630365577121e+00
2.924348446631265475e+00
2.591352798716620054e+00
2.531350557495533060e+00
2.589090118643107452e+00
2.328474927126192640e+00
2.262633205843614270e+00
2.300117266734660326e+00
2.652735486710086299e+00
2.556838988806765300e+00
2.528237122555096139e+00
2.954182271437194807e+00
2.435427884275485955e+00
2.072500541326882662e+00
2.599223712013627452e+00
2.091701565233478277e+00
2.799783077856165203e+00
2.726388911751174149e+00
2.447757541482229904e+00
3.059747458642813722e+00
2.337805460675105973e+00
2.588082346092012820e+00
2.896919921083460636e+00
2.798307529870323940e+00
2.762473240303125799e+00
2.012665753366225996e+00
2.282207157446751733e+00
1.913424547811081178e+00
2.824616208161163655e+00
2.672816869974389942e+00
2.432146510473754297e+00
2.532070525063693900e+00
2.559186257179798751e+00
2.362442816386686850e+00
2.238916591644109388e+00
2.508233232130851142e+00
2.446315182371885832e+00
2.539796811679868149e+00
2.646861696622622606e+00
2.491554967119018471e+00
2.290996256122749486e+00
2.476391403921988754e+00
2.770758699987123208e+00
2.931393913731532130e+00
2.485017135875615235e+00
1.775920843542316385e+00
2.187493061330121336e+00
2.169143612093392459e+00
2.629938344306818720e+00
2.669170459008819662e+00
2.172211478484705971e+00
2.605708822927884860e+00
2.645966775935453263e+00
2.875206428029147609e+00
2.479637120107053061e+00
2.493294315459642085e+00
2.893693751762423272e+00
2.483497060759030539e+00
2.651694673834709803e+00
2.991911803510126866e+00
2.483624126517125941e+00
2.522563302311453981e+00
2.396161951502896681e+00
2.424124779220140358e+00
2.486961381010491134e+00
2.622485597195654439e+00
2.758965080213502397e+00
2.033408889545287312e+00
2.714069416169378357e+00
2.257072435901779084e+00
2.447818306038493485e+00
2.439541907855575342e+00
2.495811966902102164e+00
2.706267138663212002e+00
2.280520873327215536e+00
2.289313400665627718e+00
2.509028707503192734e+00
2.212671140195089592e+00
2.646016280664235332e+00
2.227008400110725539e+00
2.684003883816535208e+00
2.519678656660493399e+00
2.533596903225579844e+00
2.529962837248818541e+00
2.552629223073248799e+00
2.816248551071455442e+00
2.260314615050786458e+00
2.058202431545034017e+00
2.315860614951086749e+00
2.134911854277670606e+00
2.823368641693377867e+00
2.688536473471768495e+00
2.310668948423881375e+00
2.581334526528517248e+00
2.396962230629648971e+00
2.894910966763987847e+00
1.825913208484164052e+00
2.102186432132739924e+00
2.470721056440499552e+00
2.377518907429986506e+00
2.294472393270194921e+00
2.909659997847342527e+00
2.410165174697926904e+00
1.868796395944458899e+00
2.285734326611192913e+00
2.842157481573019506e+00
2.877893874073133684e+00
2.725871760533467913e+00
2.086805734973022020e+00
2.405264488869896411e+00
2.178526443453403516e+00
2.969752507134534980e+00
2.033243644876220557e+00
2.664281906160097080e+00
2.390172616544493867e+00
2.510890091503942045e+00
1.976632805822423844e+00
2.500004951785009588e+00
2.412755684430639924e+00
2.622117067943411151e+00
1.871443231662473616e+00
2.355023056057949482e+00
2.207801719364461235e+00
2.698918385852449475e+00
2.143266724117340427e+00
2.275322224372058777e+00
3.034368290403604451e+00
2.237856861483566107e+00
2.323750155183530453e+00
2.763563744200028260e+00
3.002874596796445861e+00
2.662590052967037213e+00
2.273891038853784963e+00
2.462266522785593104e+00
2.737674847992438210e+00
2.522496914794752243e+00
2.298610875153497712e+00
2.750795785775631330e+00
3.053764655517985371e+00
2.458497313727464828e+00
1.949004768304255952e+00
2.256904433440522606e+00
2.253819967842767724e+00
2.608259432118341437e+00
1.999136317320982847e+00
2.583233298023976054e+00
2.390821869765328955e+00
2.747526132483474548e+00
2.335642942397091915e+00
2.368495430264923485e+00
2.321319562714810214e+00
2.448646981547336843e+00
2.195162292202593513e+00
2.687429126391897682e+00
2.755934955916699014e+00
2.484018336204254940e+00
2.333757652479387268e+00
2.406869790901583261e+00
2.335027771692967935e+00
2.227486130228950145e+00
2.595965152509375873e+00
2.336476333536872563e+00
2.266443428320831011e+00
1.995225640699736402e+00
2.545571974947118399e+00
2.218988291678297031e+00
2.376991289801702045e+00
2.444980294212414140e+00
1.866141283234540538e+00
2.362301319398239396e+00
2.588745936406241288e+00
2.484678377216539058e+00
2.582235015200345263e+00
2.331391015192785687e+00
2.573457896075214801e+00
2.197358002049630610e+00
1.866842182688899232e+00
2.465648806676904670e+00
2.276007355522398079e+00
2.757170371720926383e+00
2.067210811996238018e+00
2.598876437162182640e+00
2.864107858999765721e+00
2.043259616989012262e+00
2.438194932937966630e+00
2.398304646512147364e+00
1.955858593071951868e+00
2.183975639701922322e+00
2.198089892711976301e+00
2.608421432978957455e+00
2.319037231389778686e+00
2.168406328683922801e+00
2.451360005821760613e+00
2.728406508766512140e+00
2.572493758949534914e+00
2.660987191360770332e+00
1.849369000536129848e+00
2.644173857077685152e+00
1.960774414236517993e+00
2.304314696657531414e+00
2.245570207927157114e+00
2.263818665056007706e+00
2.100718460215488470e+00
1.776650253415707592e+00
2.452527956732366565e+00
2.462288093940746325e+00
2.490589768853241903e+00
2.662086828228757973e+00
2.599899045665115871e+00
2.219238131538285419e+00
2.733117583324557121e+00
2.717174998397725361e+00
2.020930370152737687e+00
2.465137386277263865e+00
2.150777623521883619e+00
2.197980588577721495e+00
1.826059312244262323e+00
2.526293339187521525e+00
2.576350135218941961e+00
2.805859570265947234e+00
2.646937950477668888e+00
2.453549266157377673e+00
2.504223128830226131e+00
2.369419455248038098e+00
2.689230811383938047e+00
2.759904633992324108e+00
2.530667740757595041e+00
2.302676656244889042e+00
2.327511667390083083e+00
2.718802526244901596e+00
2.240780781350816042e+00
2.384865284160331278e+00
2.391208492620050308e+00
2.328972397331161570e+00
2.611644094839839170e+00
1.990934506092525647e+00
2.150927238869674962e+00
2.507867794357391489e+00
3.022788002937874197e+00
2.413476570759438111e+00
2.318933025598258979e+00
2.225102110351807827e+00
2.419366869563095879e+00
2.702882785439733926e+00
2.424487166779318414e+00
2.452178526783364010e+00
2.331182597039414439e+00
2.316952891662283243e+00
2.350169412351241771e+00
2.553427259656165571e+00
2.482674982345510095e+00
2.159943038718533881e+00
2.715508771226684992e+00
2.444599000056827620e+00
2.478890233689724276e+00
2.445729139385538708e+00
2.113151423484687985e+00
2.368437215533878870e+00
2.361885649680923294e+00
2.920161635397632072e+00
2.317522673083662887e+00
2.694937998227938891e+00
2.188517804005742473e+00
2.277907321982557409e+00
2.353429459040483174e+00
2.329287009982588863e+00
2.354332657588280586e+00
2.416709587063299747e+00
2.049892212655489487e+00
2.197529791396951371e+00
2.473419847963311380e+00
2.225421440229751635e+00
2.853577040948900301e+00
2.294727914054574214e+00
2.371412936232657476e+00
2.398731891738514754e+00
2.357674232041172768e+00
2.666183698506449318e+00
2.206814634894215921e+00
2.636116916253893994e+00
2.452637772083225975e+00
2.652430838663835999e+00
2.246680024851166024e+00
2.288954463396569494e+00
2.519438093712222493e+00
2.514280563085560694e+00
2.173803947079277599e+00
2.506596156516657459e+00
2.360815414577762894e+00
2.500556367902787347e+00
2.384816447852898147e+00
2.613070745142310081e+00
2.776409285343430788e+00
2.203770357128179480e+00
2.491222935889389589e+00
2.410381952724014454e+00
2.286490590364222530e+00
2.126453025527742291e+00
2.225733078073902416e+00
2.361568453678056123e+00
2.758217991190500928e+00
2.582162950206699392e+00
2.364426982586277148e+00
2.920900533144056510e+00
2.506011011530034249e+00
2.396369117134661053e+00
2.589664367797294808e+00
2.885471445404250268e+00
1.820299899608692984e+00
2.781587506715433200e+00
2.147181087636471197e+00
2.706185664978409733e+00
1.892723968411336388e+00
2.187850905863575335e+00
2.467121463987173691e+00
2.276049037439451084e+00
2.184523290356121361e+00
2.416731181310005194e+00
2.620749299204078397e+00
2.723023506578773123e+00
2.541526628643156371e+00
2.767028192624295890e+00
2.399483243149461931e+00
2.493918171926318816e+00
2.286100193204319453e+00
2.588086946479605022e+00
2.391245302432192688e+00
2.001055776847749712e+00
2.639982377290805093e+00
1.944297687980937495e+00
2.816678098093473359e+00
2.199028891116832085e+00
2.419690408508726076e+00
2.521137681216310433e+00
2.477195803497331372e+00
2.054814440726719482e+00
2.628522365904450986e+00
2.471433946636135914e+00
2.147121147917890660e+00
2.767964109617443214e+00
2.127908252332987082e+00
2.329855240879718181e+00
2.894973905513273049e+00
2.363563519351291831e+00
2.482235051336437515e+00
2.315125627868868996e+00
2.660100998073234191e+00
2.932058234226212257e+00
2.386711163000413194e+00
2.673307905537502194e+00
2.547959247172191688e+00
2.323889200291441970e+00
1.742731484565368971e+00
2.548897674637247590e+00
2.760931402699639214e+00
2.144897440306794412e+00
2.275373901005723898e+00
2.067422336649957337e+00
2.820723724308985769e+00
2.503345092252571291e+00
2.664581356318407757e+00
2.038803602587010211e+00
2.698021110775777665e+00
2.707617193543521150e+00
2.475736046827919257e+00
2.336957370241221188e+00
2.524209061998186066e+00
2.636816378148915785e+00
2.745675639214069097e+00
2.695904881671439046e+00
2.450320646041284078e+00
2.289431884442924670e+00
2.262338839856310457e+00
2.400197186094761737e+00
2.278256188554768524e+00
1.992151106540146266e+00
2.123174346244334210e+00
2.290329972580979145e+00
2.718265689715272160e+00
2.250388790971505237e+00
2.112498883503547198e+00
2.539160130584634523e+00
2.101982636745912458e+00
2.457171146455192190e+00
2.228126866088989910e+00
2.675379617411635103e+00
2.152060297326840121e+00
1.817417005044475786e+00
2.603578107270399844e+00
2.116116298062930223e+00
2.151246175149766238e+00
2.868489736044843585e+00
2.827159076471067678e+00
2.675266274873807415e+00
2.144600249729815555e+00
2.175123565386836599e+00
2.629354334171679852e+00
2.656787828396391493e+00
2.231066954983341510e+00
2.350575904005855143e+00
2.070103420783174997e+00
2.932883260219862898e+00
2.055805954937469870e+00
2.881276926227768431e+00
1.868815989751587470e+00
2.469023225769704233e+00
2.619831530346805160e+00
2.377681259951829773e+00
2.566164110245152230e+00
2.324821850920402166e+00
2.124879602439451176e+00
2.265745192932612007e+00
2.533423180067164715e+00
2.406020726863412840e+00
2.449058214092336705e+00
2.343310111433314358e+00
2.293178412620313633e+00
2.553629564309549682e+00
2.720152801627106154e+00
2.726852219311075576e+00
2.333775261126030287e+00
2.328702940487810569e+00
2.645382403303489394e+00
2.163907787472765687e+00
2.263851229874979332e+00
2.665035018185222704e+00
2.496594198960593314e+00
2.025993099264289832e+00
2.462906180581277749e+00
2.447756134548118023e+00
2.149235762734146959e+00
1.995708685214894862e+00
2.444792236469032876e+00
2.298041109545314153e+00
2.927766147766506233e+00
2.521012201834481381e+00
2.507867115243541889e+00
2.654070515037035616e+00
2.261611732248845374e+00
2.542753675497828159e+00
2.003976373249949816e+00
2.598058767634527477e+00
2.330902435754492075e+00
2.023435178353460984e+00
2.560659797097503354e+00
2.361534648216307097e+00
2.506308360000049973e+00
2.708711232166052696e+00
2.597892863700236532e+00
2.232452984823528830e+00
2.306286831995305153e+00
2.413671913832123650e+00
2.357875193524891166e+00
2.262264996939618911e+00
2.404312256323063224e+00
2.729930499725962356e+00
2.406891984343912494e+00
2.186047263708081445e+00
2.691059581072156703e+00
2.685416841265902743e+00
2.523090022309208535e+00
2.244442505884864048e+00
2.561188878711872619e+00
2.050195670145492421e+00
2.390389362634560477e+00
2.261435077064748000e+00
2.192409592286749476e+00
2.117353541872204925e+00
2.267393106230144895e+00
2.246272101672520449e+00
2.361013439670355929e+00
2.352825886974724501e+00
2.734571086785964944e+00
2.732945803858189748e+00
2.270176683078122259e+00
2.169137059053314331e+00
2.212317026228199257e+00
2.125599836227402673e+00
2.260791286082456608e+00
2.321756407556338608e+00
2.173593837897520142e+00
2.479172776490397911e+00
2.078395773747444331e+00
2.509499914863734027e+00
2.254669505573139610e+00
2.153525036947617544e+00
2.829917026419307646e+00
2.214158576739587492e+00
1.844943935017575809e+00
2.512639828285767152e+00
2.372687926742704789e+00
1.906236195019319180e+00
2.737468939273294488e+00
2.828729351283269633e+00
2.680163561736565114e+00
2.311675443335472480e+00
2.390355895369404848e+00
2.603244673908053031e+00
2.327409051338261481e+00
2.538583725509684363e+00
2.389841044938572523e+00
2.838380378895747125e+00
2.244888076479643946e+00
2.446175068942294750e+00
2.480188860028357922e+00
2.112055380010616101e+00
2.742021434447682093e+00
2.717530478185812726e+00
2.638399457464934983e+00
2.554360614090745329e+00
2.751241911256285366e+00
2.928031144579914535e+00
2.663057972568904308e+00
2.413453899024551319e+00
2.688192916559520196e+00
2.063783401898330538e+00
2.792869307219320696e+00
2.338389627661748182e+00
2.098410387629866758e+00
2.107290587515961100e+00
2.199859152930505601e+00
2.436832956350705182e+00
2.417149172867067541e+00
2.509263222189925813e+00
2.646604523905584205e+00
2.626271433085353380e+00
2.684757057384466350e+00
2.492071464427977112e+00
2.837403543747576862e+00
2.688504768228855202e+00
2.269652762154929615e+00
2.343089613044659014e+00
2.260845437408511849e+00
2.442451151439673840e+00
2.518820870164780512e+00
2.775957018563684819e+00
2.480164054822375341e+00
2.323440112293455151e+00
2.377529293140757893e+00
2.118569392571652443e+00
2.104960550359356031e+00
2.585167944977665222e+00
2.580997416121007859e+00
2.331745819810756348e+00
2.371489483850246494e+00
2.822281139954488260e+00
2.469934217163214374e+00
2.595053103499191494e+00
2.777734518084620241e+00
1.896599616395263865e+00
2.282892968521318178e+00
2.017196224136247551e+00
2.523596660071810049e+00
2.571152295894795436e+00
2.441903112908086815e+00
2.065383239869843734e+00
2.289621003288469403e+00
2.294717063280890201e+00
2.785488016636343822e+00
2.450395155109936329e+00
2.563214199954710892e+00
2.577207189032365342e+00
2.585568330062061104e+00
2.592761483774120634e+00
2.431910938289022717e+00
2.656695458095184037e+00
2.831302477753513180e+00
2.386117056847294027e+00
2.431528416076191412e+00
2.282773480542796385e+00
2.606956067392513621e+00
2.796628837041438942e+00
2.489516725242507444e+00
2.398068405820030780e+00
2.387287218542420320e+00
2.294004068644844629e+00
2.325646987490657569e+00
2.115463383367452543e+00
2.364485916041485059e+00
2.562514176832072277e+00
2.166838039204179722e+00
2.201624922481185465e+00
2.291779787425200166e+00
2.738463629239640706e+00
2.327207993423958676e+00
2.468952689269418244e+00
2.589781424609731708e+00
2.191929251297223935e+00
2.869821030260848893e+00
1.947830812737640915e+00
2.266262823633361734e+00
2.542756503824519676e+00
2.223699755644905185e+00
2.453411820823933276e+00
2.366220709015370183e+00
3.025835608171795865e+00
2.473352755783254864e+00
2.621499677811933271e+00
2.280001316872526829e+00
2.210654892583635345e+00
2.266603298239456610e+00
2.361941779822974041e+00
2.818777497291045542e+00
2.605513944100205315e+00
1.962357094384056921e+00
2.063736309458492180e+00
2.214663357622316919e+00
2.320858592911719143e+00
2.571348750947858086e+00
2.561563811842103799e+00
2.521791844831825280e+00
2.663261493453148887e+00
2.191360681246576902e+00
2.673886971505814447e+00
2.254871330397709706e+00
2.409952737890641128e+00
2.620652258363717735e+00
2.601223671316628128e+00
1.992523841049597566e+00
2.426976315970933218e+00
2.730873287755437140e+00
2.364572257401093669e+00
2.665735792612105470e+00
2.511909570918289702e+00
2.139197257496909366e+00
2.223538436828048415e+00
1.963927612837785386e+00
2.166611701941285606e+00
2.273677196267065881e+00
2.290541470363326226e+00
2.786992085642751249e+00
2.933176639399095453e+00
2.545615095006424689e+00
2.769226337864856724e+00
2.711399401308636214e+00
2.390421243774382365e+00
2.332780990286829503e+00
2.380072319412359416e+00
2.321877824431954451e+00
2.881532941600989606e+00
2.551807307563624949e+00
2.260293720104972870e+00
2.800959834523404357e+00
2.410375920679507900e+00
1.911330803910627152e+00
2.276374643845257673e+00
2.412883313763949822e+00
2.220188296854652243e+00
1.931058223357964954e+00
2.336196752108661734e+00
2.300224551428914577e+00
2.537294750543816590e+00
2.632982826061236459e+00
2.303732189087865478e+00
2.102958110953208504e+00
2.109288682962265238e+00
2.289368162096914627e+00
2.455422032721986447e+00
2.369559533542943797e+00
2.582636492366772618e+00
2.367072190531400722e+00
2.186270516427421651e+00
2.440424465157314593e+00
2.338480028089177321e+00
2.618178663196809808e+00
2.469569169569971745e+00
2.543869388663400066e+00
2.536831512759392560e+00
1.894275519684474052e+00
2.516662349071527416e+00
2.268867124184739126e+00
2.229234827172092537e+00
2.449348194024606240e+00
2.157723422571584670e+00
2.693488706998835358e+00
2.637319632391290192e+00
2.491374203933005571e+00
2.343629384152690953e+00
2.126947306624978662e+00
2.515291395452432077e+00
2.715070065529082477e+00
2.513655742618047029e+00
2.146835778293069374e+00
2.864453164379289873e+00
2.706481076339732894e+00
2.797168292325868943e+00
2.117818590608700369e+00
2.102679581659749886e+00
2.510282188453314856e+00
2.057435155349605083e+00
2.719220163073409413e+00
2.305898698101483291e+00
2.166832774591208821e+00
2.620262289013520984e+00
2.568618089121638359e+00
2.641347893656890822e+00
2.243762051617810727e+00
2.541565916040873230e+00
2.652484871137349209e+00
2.536195085453471165e+00
2.154698153809961880e+00
2.552617744780062647e+00
2.218517895476350699e+00
2.451814211945283706e+00
2.542137493001833448e+00
2.783187833724116711e+00
1.926923536530442016e+00
2.571026123192770907e+00
2.412131477223678822e+00
2.528820421917616024e+00
2.541015497931066847e+00
2.305683095846028152e+00
2.483633294000334946e+00
2.497967308235993222e+00
2.260515184087134699e+00
2.527309150990247666e+00
2.403827152288966040e+00
2.189313855386243901e+00
2.442388082221944146e+00
2.605109559800056207e+00
2.321339770088857613e+00
2.228714997346597393e+00
2.712785372937976724e+00
2.143653384280031826e+00
2.558626060047173301e+00
2.520712173430359915e+00
2.331471077677301551e+00
2.339112904678961602e+00
2.379927369751112742e+00
2.316987395698170804e+00
2.550014438035392850e+00
1.801757309678739594e+00
2.037050564402529407e+00
2.608222666067384843e+00
2.557122631686433056e+00
2.533865613696581143e+00
2.092869501086846107e+00
2.422012962246697043e+00
2.118878610784346250e+00
2.422643766210542449e+00
2.100194674149614471e+00
2.351955730723280791e+00
2.541684395466869084e+00
2.683307291229858560e+00
2.615943518856145289e+00
2.357427240089188025e+00
2.973346393809534138e+00
2.632582591747844702e+00
2.373123648003094832e+00
2.520244331091089141e+00
2.135990768938068385e+00
2.422558268440834883e+00
2.951732243260755784e+00
2.577014981651065462e+00
2.480664671432619706e+00
2.655710216546975921e+00
2.766479203425816102e+00
2.966086649273834031e+00
2.397307504327825800e+00
2.436211737038876279e+00
2.466183398308213981e+00
2.559840803695911937e+00
2.743928129966710650e+00
2.616018692309721949e+00
2.645014711394488405e+00
2.315166811465143581e+00
1.976169458912619969e+00
2.476755661637493056e+00
2.565470226130710074e+00
2.722910255944078539e+00
2.617199539942278275e+00
1.974150007245691674e+00
2.474461296342143513e+00
2.255361781890946382e+00
1.838104744729008422e+00
2.215845856716408768e+00
2.761994809858530964e+00
2.563250346742341534e+00
2.468528715817467578e+00
2.434804536660926999e+00
2.272449962098971987e+00
2.521190803886612208e+00
2.477013821928946591e+00
2.008794062596650498e+00
2.525505422323055971e+00
2.172454906389503115e+00
2.493103003409563811e+00
2.626786192774155815e+00
2.749106161588046771e+00
2.195381960606173966e+00
2.127163789803938165e+00
2.458359549553009948e+00
2.254762668485620125e+00
2.154370518024962600e+00
2.321055340566116065e+00
2.431695440700100352e+00
2.872216851719631148e+00
2.615664593857571774e+00
2.869754965461377871e+00
2.862285640099787365e+00
2.496732073020814457e+00
2.602149006757727090e+00
2.240006104169000256e+00
2.469574327464957531e+00
2.194702554366845249e+00
2.258870902872006425e+00
2.239945224808271185e+00
2.371658677292648232e+00
2.522964164441178436e+00
2.782674948353641931e+00
2.627989917178640056e+00
2.432689091004744064e+00
2.839305684944998021e+00
2.505637106785890467e+00
2.672853339509555504e+00
2.672273514957524299e+00
2.237951050504488837e+00
2.613426503673729862e+00
2.300085265497542331e+00
2.002043826307246199e+00
2.131022543266725133e+00
2.118318685427774017e+00
2.488472458682383426e+00
2.895444614883484036e+00
2.254830677364163094e+00
2.633403114757451924e+00
2.863023597321782354e+00
2.420898315803409417e+00
2.542539759017999224e+00
2.578720009109079836e+00
2.826276624761561607e+00
2.816598565448234837e+00
2.611918296254028160e+00
2.288544080441206496e+00
2.197446430065792544e+00
2.234008626827942656e+00
2.306199981049918968e+00
2.585286012076088547e+00
2.597572620522194953e+00
2.883532337629606257e+00
2.318753824312724809e+00
1.960697992455508798e+00
2.208549358139509700e+00
2.621481904552087183e+00
2.869128155944552727e+00
1.919892819004523687e+00
2.615097765080812042e+00
2.402378301820635720e+00
2.423334351368964690e+00
2.563919876879936943e+00
2.637374071144189092e+00
2.634991357933652800e+00
2.476914459088268128e+00
2.890699637119045207e+00
2.242392440825128119e+00
2.398780363264359394e+00
2.495521491344518950e+00
2.583199239824607751e+00
2.259702485519681670e+00
2.346944083913249379e+00
2.506893633361709561e+00
2.336812328150029927e+00
2.332720077331425390e+00
2.670005658528888937e+00
1.856179501884362537e+00
2.502452706639910485e+00
2.402435571333428221e+00
2.487756692246534840e+00
2.534750796025428965e+00
2.476780493170777753e+00
2.439534948749577659e+00
2.875227041345339796e+00
2.379563499942703775e+00
2.799967538279832802e+00
2.046545175216350376e+00
2.575384099182542741e+00
2.625656762488146612e+00
2.393398372914180783e+00
2.407698951961783962e+00
2.543700740042334818e+00
2.307423038426503314e+00
2.394965380433054847e+00
2.345620895890381696e+00
2.254039682321703264e+00
2.641464050757115878e+00
2.760015103407644776e+00
2.602822953567453190e+00
1.984054730235647934e+00
2.025210008688360208e+00
2.420205783054953486e+00
2.288053301812263740e+00
2.588584640493428513e+00
1.973885425146131967e+00
2.345481348673173372e+00
2.370161828647157520e+00
2.173116023060299273e+00
2.169027227061560037e+00
2.375521136871273864e+00
2.377472304841153239e+00
2.358500939740520330e+00
2.246415260029671401e+00
2.457985895088685702e+00
2.407107868824291508e+00
2.290531825119865417e+00
2.472350351530413270e+00
2.514975844521434745e+00
2.340497539072349475e+00
2.451807962932465834e+00
2.150343419202894069e+00
2.485499796762620672e+00
2.323387472097670603e+00
2.544039201059571376e+00
2.928551241781188530e+00
2.572715144268158394e+00
2.553379324572094156e+00
2.217285019545511382e+00
2.327635929112426005e+00
2.834457302033511983e+00
2.296028150023167846e+00
2.350370851598202471e+00
2.583542652786981364e+00
2.213622220855505418e+00
2.512748488110703171e+00
2.290470391158252017e+00
2.550158337839405487e+00
2.763056880648393943e+00
2.407632528477751777e+00
2.459340532188344142e+00
2.535553118342952938e+00
2.426890920557293718e+00
2.632280851938657573e+00
2.337962330673415856e+00
2.665362776781400100e+00
2.484115414078490680e+00
2.391560953396920208e+00
2.489835646031827388e+00
2.359790641337315087e+00
2.693697625340576440e+00
2.129513944449293206e+00
2.263488968526991663e+00
2.811606441892625430e+00
2.267793186519285076e+00
2.967990595640623841e+00
2.291406925269684258e+00
2.540999274763211080e+00
2.446509604912642910e+00
2.371578253158039828e+00
2.452544018599059683e+00
2.288188471935554080e+00
2.580352272933234659e+00
2.849301629569477079e+00
2.091884997282639436e+00
2.192631469616635354e+00
1.846176599545965802e+00
2.656520964212712776e+00
2.138659204741530484e+00
2.344044339858164072e+00
2.677193127049995347e+00
2.030800550562252837e+00
2.361693209110290681e+00
2.224126523545775669e+00
2.664340691064370326e+00
2.760507162305454010e+00
2.397214781412098983e+00
2.713766321150335337e+00
2.735932072830124184e+00
2.788021146418829588e+00
2.786517910826739275e+00
2.384449008919319546e+00
2.394479954576376191e+00
2.338159922428298287e+00
2.151255057045002417e+00
2.586804807904994341e+00
2.073720802669569707e+00
2.814426996337822562e+00
2.447450945644213505e+00
2.396044653120225743e+00
2.679935504205939178e+00
2.255327627239200439e+00
2.967788718399493764e+00
2.716406334600091732e+00
2.242904004903281567e+00
2.455006476703460727e+00
2.850704719519800090e+00
2.536283074509896096e+00
2.661026887100574001e+00
2.529519172384054659e+00
2.361259414572982607e+00
2.857197660227384972e+00
2.617626460092415286e+00
2.477749052278110042e+00
2.556476442167601171e+00
2.367435478415405026e+00
1.963763042024185612e+00
2.032945065139385221e+00
2.457000982604931938e+00
2.365259054671376759e+00
2.848263016241092238e+00
2.264512385231836067e+00
2.365954086237172405e+00
2.625184493787414475e+00
2.500145945274343973e+00
2.228114064011283091e+00
2.432503169413674282e+00
2.296243968080283970e+00
2.468483309629943889e+00
2.341061899042541583e+00
1.924413730996583416e+00
2.514571507926183003e+00
1.966086076055609366e+00
2.466182404150408125e+00
2.407153186009735713e+00
2.474470105202770220e+00
2.146575869295471062e+00
2.773266699852380057e+00
2.306231746524574522e+00
2.653067290052182337e+00
2.498886467045924320e+00
2.586176384002012441e+00
2.560513864803815043e+00
2.521601415921417289e+00
2.557436667518603990e+00
1.841121024689710950e+00
2.476367242347069730e+00
2.424400785254351209e+00
2.170667193942090734e+00
2.013371701550696891e+00
2.394218348774426186e+00
1.984832140862612393e+00
2.808759974978078056e+00
2.476334046691218926e+00
2.561720500052031113e+00
2.496436103782469829e+00
2.395990148994538771e+00
2.336948393864263895e+00
2.448400819774893655e+00
2.728896380463842419e+00
2.578388154272149180e+00
2.358372546488757493e+00
2.399886906817949139e+00
2.595506520490150404e+00
2.160160151770974313e+00
2.646297697720046749e+00
1.892480546533484853e+00
2.593249077312819839e+00
2.228602225003797344e+00
2.467880372352441398e+00
2.079570873679111198e+00
1.883786014082848848e+00
2.050538603072082910e+00
2.227396386836959064e+00
2.152424600203014293e+00
2.634640850807934420e+00
2.406883296218110146e+00
2.876371910451441583e+00
2.493622167523548150e+00
2.630754168160738704e+00
2.221620939867044342e+00
2.554236757300840654e+00
2.464834826168250892e+00
2.470929298162224619e+00
1.924183621885731776e+00
2.539328483347834453e+00
2.343448929827348870e+00
2.494348517954888322e+00
2.572943964209103207e+00
2.561738023247401408e+00
2.375265031248796621e+00
2.256732684771636688e+00
2.965175816736835390e+00
2.951108450850871812e+00
2.576351955689284434e+00
2.698157661726567458e+00
2.290285249643542187e+00
2.261460706457163461e+00
2.011192598686093902e+00
2.604612001767018903e+00
1.974082266011309761e+00
2.236333452287357471e+00
2.583782068061990067e+00
2.320413216405804224e+00
2.822675234441223591e+00
2.245472279285321004e+00
2.255209779159442540e+00
2.554868785357765404e+00
2.256249411489621437e+00
2.618801643655061184e+00
2.800923937873179170e+00
2.681136615750083330e+00
2.681728057695148326e+00
2.323900040998473138e+00
2.425007900871415600e+00
2.662152359773967802e+00
2.518357005182618735e+00
2.354268164974291366e+00
2.649904872599716299e+00
3.055796981999191253e+00
2.090323918097593214e+00
2.293424349972147169e+00
2.216034237935778251e+00
2.474687639799662442e+00
2.296318174193512363e+00
2.730417413389593317e+00
2.607975406335642177e+00
2.471787309137047028e+00
2.711082035632853326e+00
2.405167226974631145e+00
2.567452413014434498e+00
2.723204025200330669e+00
2.388083637035435469e+00
2.863254564187591278e+00
2.363443922492661109e+00
2.534416579766453737e+00
2.316083210212643184e+00
2.300514825994945944e+00
2.002823794668540103e+00
2.670677727660046852e+00
2.551405582390728455e+00
2.463750549423556091e+00
2.766560073982799572e+00
2.795185840456881010e+00
2.076638647531826365e+00
2.107806940152958219e+00
2.320654043790682408e+00
2.422524367363611209e+00
2.252343209969803972e+00
2.747255765188163057e+00
2.193446354112216223e+00
2.018899675152084683e+00
2.746416875678343583e+00
2.332726024363687589e+00
2.265851959856319819e+00
2.668341594572546605e+00
2.657377419567661381e+00
2.157630559290570016e+00
2.354518305724860650e+00
2.409753807913249446e+00
2.630288420144751615e+00
2.383253507470253663e+00
2.513903984397076741e+00
2.252945802579536139e+00
2.784315067665358079e+00
2.689132880371809087e+00
2.538123757725398999e+00
2.470839943182395526e+00
2.454493483248265662e+00
2.620363316859449121e+00
2.582349847510457597e+00
2.702519603761646572e+00
2.026146919677200842e+00
2.448283432227852163e+00
2.456446665002682384e+00
2.402281697960098050e+00
2.316749317090600169e+00
1.779550565009844432e+00
2.292293572857015072e+00
2.082266842564261644e+00
2.516561354534997186e+00
2.702003797001302665e+00
2.058929502869923045e+00
2.542572927534965999e+00
2.419158479312469190e+00
2.832972186953167881e+00
2.327166099359538887e+00
2.385291377590194273e+00
2.301772654800095186e+00
2.624367563636949452e+00
2.546867848729896799e+00
2.680017360743689459e+00
2.119738176910384020e+00
2.696128849941424654e+00
2.396349439746578991e+00
2.951118219223864525e+00
2.723743881774881359e+00
2.156557119584058935e+00
2.399027449223661623e+00
2.596333605768076591e+00
2.371102094005063776e+00
2.748945582411823629e+00
2.556198885944171995e+00
2.684715121731577891e+00
2.678529950073509802e+00
2.420562008038491975e+00
2.400799703052996836e+00
2.132736770895665934e+00
2.307660740146705969e+00
2.068842974689526937e+00
3.097323171916631424e+00
2.285741145482781178e+00
2.256933137623963859e+00
2.303329766304450299e+00
2.438293893453916894e+00
2.353103497290848001e+00
2.459110305625184623e+00
2.437357886400633333e+00
2.974103061828209604e+00
2.634977551457764466e+00
2.675707265893195963e+00
2.688029202292783637e+00
2.302013209829327334e+00
2.714069999253927001e+00
2.668526697285806382e+00
2.335100439114693671e+00
2.266560646387550726e+00
2.520378359290031511e+00
2.419781557500916058e+00
2.314223949855135132e+00
2.362110856627083422e+00
2.943371736558868079e+00
2.183949987937134019e+00
2.547394546034079887e+00
2.231866792265273958e+00
2.200563386077240224e+00
2.792388451019779616e+00
2.657007915997797287e+00
2.580210407876859069e+00
2.299335130089861234e+00
2.710890168154036939e+00
2.382463401269220959e+00
2.162422776140743963e+00
2.631597583752925296e+00
2.085688350598498442e+00
2.559264037985098383e+00
2.828021258733720344e+00
2.857364641930795202e+00
2.812696523316683184e+00
2.620193614180342578e+00
2.470471911541658905e+00
2.516590812789892606e+00
2.358709156069608959e+00
2.369153138665523350e+00
2.445786557368624159e+00
2.110138647916505406e+00
2.021505849982303538e+00
2.692751977350844150e+00
2.388991897481257620e+00
1.886355437597919682e+00
2.398179877714509356e+00
2.512727574890054605e+00
2.314895015217273588e+00
2.518500608715998013e+00
2.476536159491836919e+00
2.771175592853991176e+00
2.166267203889627346e+00
2.472656974457327017e+00
2.534192496963056485e+00
2.464495332112180748e+00
2.341431112931297687e+00
1.971135504969158792e+00
2.491734239607366508e+00
2.129019278901512990e+00
1.850573227571082668e+00
2.064350856006411217e+00
2.449748306530545428e+00
2.319331095120989339e+00
2.146113437562892745e+00
2.579437575798573690e+00
2.626356214102185227e+00
2.617034809652686977e+00
2.649116428439614257e+00
2.443613108004868195e+00
2.249909606503107451e+00
2.613732874382333371e+00
2.109122667578434029e+00
2.693996130349140650e+00
2.361653832087593052e+00
2.492805523957651204e+00
2.166046130949936366e+00
2.239807806034271653e+00
2.845153341859732343e+00
2.299030977367795270e+00
1.967013122546218851e+00
2.496708512782533251e+00
2.715052462855658266e+00
2.205224465444541870e+00
2.300008097822467512e+00
2.207173168871871205e+00
2.867969880241070690e+00
2.303121784341117362e+00
1.964728271061277454e+00
2.179082166154789668e+00
2.494071729280646466e+00
2.359293059548305482e+00
2.416040849503159116e+00
2.328476940266398731e+00
1.856003641030665952e+00
2.386238974291510218e+00
2.729028206967951231e+00
2.141348057645994896e+00
2.179816378482326122e+00
2.525347455670652330e+00
2.297145268654663841e+00
2.459417794618192765e+00
2.412018215545244537e+00
2.635119252662034839e+00
2.785022284406730719e+00
2.416895177513020521e+00
2.456369272529983938e+00
2.618603887076451198e+00
2.269053590647985175e+00
2.251876381011828521e+00
2.704509315460417174e+00
2.517725708838510990e+00
2.341250651466589172e+00
2.865934443701503298e+00
2.650065092874578809e+00
2.074059657951942359e+00
2.626980005901863535e+00
2.612574048413300432e+00
2.530560639915540921e+00
2.799907161849701343e+00
2.876623364705796604e+00
1.894295549438570259e+00
2.575684903565149231e+00
2.427027825665974081e+00
2.547215203313716536e+00
2.585063287878727412e+00
2.336432254885652871e+00
2.424174296956631114e+00
2.570409367868999428e+00
2.202747052715997356e+00
2.680062003449833252e+00
2.569511856330676469e+00
2.784190076177158524e+00
2.231116892943637353e+00
2.465626149621761520e+00
2.156529109288002122e+00
2.265673029760736146e+00
2.503843004805612171e+00
2.496882680177852532e+00
2.527136172249316637e+00
2.743188814366484429e+00
2.720624849975470383e+00
2.211154960178217443e+00
2.735473111513365918e+00
2.557775770586767194e+00
2.284571513746049387e+00
2.226067419514616397e+00
2.122824774736646880e+00
2.165428838627297292e+00
2.890590277290943533e+00
2.456016368928190641e+00
2.117700890243965794e+00
2.256122900388790598e+00
2.352299613348161067e+00
2.317285882413661735e+00
2.648421953542109186e+00
2.301697728560526901e+00
2.613355660090828092e+00
2.392564183622681195e+00
2.239368003979483213e+00
2.764805654132330481e+00
2.680746918436593074e+00
2.236048043471273949e+00
2.623377936491658957e+00
2.494737216441025751e+00
2.138575625351814224e+00
2.691902386785346657e+00
2.634988507845006822e+00
2.449109184627273006e+00
2.328704410977241235e+00
2.644645860685670424e+00
2.509082700750918882e+00
2.530557535533210167e+00
2.337472968294509457e+00
2.171863884063109928e+00
2.332190856502085907e+00
2.641076525538408326e+00
2.544641302490119106e+00
2.347563124075638719e+00
2.880074971125899275e+00
2.752608662468444489e+00
2.269353760521695573e+00
2.132774280282940360e+00
2.427634108772406929e+00
2.625638657284967259e+00
2.493568283735094315e+00
2.760670807235202862e+00
2.190029022857448826e+00
2.765680486583800501e+00
2.672742782100562930e+00
2.425383077603859405e+00
2.288580467611210700e+00
2.386157742870168352e+00
1.839679125835173235e+00
2.748734405226743505e+00
2.995045633966981757e+00
2.222449460389114506e+00
2.752562863758426737e+00
2.496250575667873672e+00
2.403953299603081462e+00
2.085288007408369282e+00
2.446316025867739441e+00
2.841925803371319059e+00
2.333270889304207785e+00
2.251490316390850843e+00
2.260257116980436187e+00
2.497208065109449038e+00
2.529262046793486096e+00
1.879294266894796284e+00
2.369519973544328195e+00
2.416608048777641571e+00
1.999742640176184860e+00
2.253772708042158346e+00
2.644779417885367412e+00
1.958806856779550021e+00
2.282383331028757567e+00
2.330006513220806319e+00
1.996044691721024389e+00
2.599380345380259527e+00
2.492441372524386800e+00
2.171264170205989608e+00
1.970154773571354934e+00
2.720753421755627954e+00
2.939835524233986863e+00
2.487509402805664571e+00
1.897406977341098644e+00
2.065842948988226180e+00
2.524038476258178676e+00
2.220885839340904777e+00
2.412039235078765387e+00
2.437209841790466847e+00
2.850482543517572687e+00
2.153163968701778508e+00
2.571927919884508196e+00
2.566932535948896366e+00
2.556907454179651040e+00
2.719933421510375204e+00
2.839837182045463759e+00
2.566730422221132457e+00
2.408474737684160427e+00
2.838416102492478998e+00
2.876902423943672460e+00
2.590584044182842050e+00
2.314946214991927764e+00
2.857929496093501331e+00
1.968689978469650992e+00
2.339890755757188856e+00
1.871342377036998572e+00
2.403838341795207612e+00
2.336809364592001614e+00
2.514599286971614056e+00
2.497682177868508546e+00
2.356721542475454179e+00
2.831055685942001965e+00
2.593018311103178597e+00
2.863676772266761095e+00
2.558150906331867258e+00
2.651277662781532207e+00
2.265276792768950997e+00
2.170408819261990807e+00
2.200240822421590359e+00
2.621515188199642132e+00
2.460487802347198105e+00
2.114771134442618106e+00
1.992350664906099578e+00
2.440701282949981010e+00
2.863973470722923409e+00
2.294960943922573549e+00
2.473885067180689568e+00
2.299314286746533931e+00
2.655560641015286105e+00
2.573077700996756256e+00
2.587328956297775040e+00
2.001003057242380478e+00
2.841607261521730710e+00
2.301129578524202302e+00
2.596665143919393071e+00
2.277695748339240822e+00
2.367970510256315109e+00
2.473853062420398707e+00
2.524468452854253364e+00
2.502047091076907481e+00
2.873773383077260934e+00
2.512324256502109776e+00
2.434834992970691392e+00
2.366018824880451454e+00
2.357808783671333508e+00
2.742507455138377015e+00
2.214171745014537507e+00
2.314029605501370490e+00
2.642374848695945744e+00
2.154926551113872435e+00
2.697147846212028632e+00
1.818173631235529442e+00
2.881654573505627148e+00
2.673378871366055787e+00
2.815718377502847147e+00
2.247791736625513792e+00
1.873902339515901572e+00
2.518955906205583517e+00
2.342407909603525962e+00
2.348747268664191701e+00
2.291567579041227987e+00
2.327558283708894393e+00
2.572735834190928550e+00
2.347011950067392050e+00
3.039571689954140954e+00
2.148130666977739356e+00
2.797798531969834190e+00
2.390510053815631863e+00
2.781156294006970953e+00
2.634788459905847091e+00
2.581769914425648516e+00
2.225567982409591306e+00
3.075231959551117722e+00
2.106234432002343837e+00
2.869382182916970780e+00
2.772639199040150437e+00
2.554033064849809076e+00
2.533865513193644503e+00
2.392007541420820171e+00
2.192428883329750722e+00
2.067978599653307548e+00
2.432698592121291803e+00
2.506371771521224812e+00
2.714503190495871188e+00
2.367912572685174410e+00
2.468888172624518429e+00
2.669952837356783348e+00
2.468265371003423247e+00
2.082201747188969776e+00
2.431194466707597979e+00
2.610758501211067450e+00
2.333695553540220846e+00
2.941495801138886979e+00
2.720662357691544742e+00
2.348682000926781477e+00
2.787166935401750312e+00
1.898608356503593830e+00
2.962632507902164924e+00
2.803975316410790342e+00
2.355656284258959676e+00
2.210208364293838379e+00
2.561102129390682158e+00
2.688534178490684656e+00
2.622579293032002212e+00
2.598702531824148121e+00
2.320696429459179200e+00
2.411232623488249072e+00
2.512602517273293756e+00
2.786255783456994095e+00
2.609344678479659230e+00
2.714136917961882833e+00
2.927808684242314108e+00
2.679853013210660606e+00
2.402222515720928708e+00
1.845367027556503503e+00
2.343433047597920371e+00
2.482180260698588548e+00
2.763147139544035902e+00
2.365740403182902352e+00
2.635984489926488816e+00
2.296225532141893400e+00
2.474030389298068400e+00
2.049652924438877033e+00
2.590129543968988202e+00
2.072978438398069834e+00
2.179278945224137232e+00
2.432591447092141923e+00
2.267653998366385260e+00
2.663696308370305132e+00
2.169838925228745996e+00
2.219605135669517448e+00
2.328323764845636301e+00
2.541218918101193935e+00
2.666914276049065169e+00
2.432384659752096834e+00
2.505229465332253547e+00
2.743665158502639478e+00
2.374277878685528975e+00
2.262659484349799133e+00
2.108714829938900692e+00
2.163929519025214798e+00
2.613853004458710938e+00
2.239067070204243670e+00
2.028516437378711679e+00
1.831337830856150317e+00
2.119344966847720890e+00
2.241742564020677619e+00
2.336402421662060913e+00
2.488735438628060237e+00
2.583131924322866535e+00
2.510718663475954848e+00
2.461092116956656639e+00
1.890540325088443607e+00
2.462524342697200996e+00
1.854403337404276986e+00
2.575419467728447653e+00
2.195968666777727396e+00
2.450441983601738816e+00
2.447608254628323099e+00
2.786695678638267726e+00
2.500373494338450797e+00
2.471808514876746798e+00
2.523116151488434156e+00
2.112822204256520564e+00
1.908741323768348375e+00
2.924835516274208125e+00
2.081502237678988898e+00
2.252399094493877207e+00
2.905985041855587259e+00
2.493349789445811648e+00
2.007701826351929952e+00
2.468844017212693309e+00
2.693678623961424545e+00
2.940832318585028915e+00
2.435362138635775331e+00
2.368244886037531582e+00
2.045896174364658648e+00
2.708368318223767446e+00
2.432790692533588484e+00
1.921095345871304039e+00
2.809875657509789182e+00
2.473255508546096326e+00
2.795318086902304877e+00
2.355414964472327455e+00
2.513745267820491236e+00
1.972248428030130674e+00
2.374250330113993446e+00
2.885740774625105143e+00
2.858025247203628716e+00
1.961882576639409237e+00
2.566352353803863728e+00
2.189346056676308994e+00
2.364989220185947261e+00
2.099257747568812782e+00
2.643184741750358668e+00
2.336653706571832689e+00
2.130168892866413977e+00
2.874443095740602416e+00
2.830852430484980253e+00
2.185564491457520742e+00
2.415877249680003391e+00
1.972475484973357229e+00
1.719572835046432768e+00
2.387114321132345118e+00
2.644440021267490781e+00
2.720704224051480047e+00
2.499670396736637379e+00
2.552073272823660144e+00
2.399056047162993366e+00
2.301377496338317563e+00
2.709656075726913915e+00
2.351487688762025297e+00
2.663124440538489068e+00
2.718851704801628522e+00
3.028433318323038748e+00
2.481044208148643904e+00
2.848306141697248606e+00
2.161617873630252262e+00
1.945132537924257887e+00
1.679934643847935893e+00
2.402943306761316400e+00
2.594617248898373862e+00
2.426464130000119734e+00
2.451077075467201549e+00
2.553619970237018144e+00
2.028105300120658150e+00
2.516295488743238273e+00
2.705628717468810951e+00
2.159831640263870423e+00
2.722638675346112258e+00
2.185307141442748957e+00
1.952944979095295519e+00
2.131221541220362337e+00
2.699800387083274966e+00
2.135494225672929680e+00
2.391108521944763865e+00
2.564576683267906887e+00
2.557286905470147254e+00
2.343919549154259485e+00
2.645042854475804894e+00
2.499489003128418929e+00
2.684198854958144587e+00
2.784165882654121571e+00
2.418461438548118903e+00
2.088355727178636378e+00
2.256310402774379220e+00
2.375115986054088690e+00
2.023523104050778620e+00
2.839556757986229307e+00
2.729261626752650383e+00
2.753680827417068766e+00
2.755277327953858713e+00
2.730074418429991212e+00
2.773211407651078542e+00
2.399672232004355088e+00
2.341027763846192933e+00
2.557335190201789121e+00
2.439434074740249425e+00
2.127857085325894460e+00
2.062349989129829808e+00
2.501223632690281473e+00
2.320156704452282170e+00
2.459920633121451150e+00
2.294079750757811453e+00
2.494913983645004052e+00
2.317804916226369194e+00
2.835404253227248095e+00
2.212327086273700338e+00
2.641552742145587551e+00
2.126606516047014672e+00
2.701715928344428086e+00
2.674479659959498878e+00
2.542951911400048282e+00
2.418459035870957674e+00
2.439179075625966142e+00
2.030797378840482281e+00
2.544219651698145235e+00
2.132998988418018271e+00
2.645340068889089125e+00
2.456646276349072622e+00
2.433235103968707236e+00
2.809015630582366363e+00
2.655500531176290036e+00
2.300580122427944740e+00
2.407545674817860970e+00
2.778213501345904390e+00
2.782365310577484596e+00
2.413852319841043759e+00
2.764857601548883714e+00
2.572516019082391914e+00
2.479153267004284622e+00
2.356440334204886078e+00
2.836006692555501196e+00
1.908461974861086041e+00
2.486044380489841110e+00
2.510693141721346944e+00
2.651627190008605695e+00
2.813898222237511071e+00
2.497594727069630594e+00
2.366652833521286858e+00
2.686382392703798416e+00
2.310786021625064190e+00
2.589010785403336179e+00
2.219095573792089660e+00
1.834282401993554634e+00
2.426473278813442658e+00
2.529790790124879951e+00
2.728771012934998019e+00
2.297823207519684718e+00
2.090093286963910391e+00
2.621557003110648321e+00
2.392274172427776513e+00
2.531843919078037963e+00
2.545953277576144647e+00
2.620966296741881862e+00
2.319165190977471536e+00
2.673444471963228875e+00
2.167121632959537969e+00
2.489203673593662014e+00
2.202136067670148911e+00
2.717143082173004043e+00
2.423275919483189877e+00
2.790870507108393017e+00
2.705696281496615452e+00
2.466279032662935577e+00
2.742631260615225663e+00
2.228342245514602915e+00
2.246652680053145446e+00
2.480104901319058364e+00
2.185317534918169713e+00
2.673398246771993669e+00
2.338232727722168391e+00
2.337027369030469703e+00
2.676538675661864985e+00
2.678905185488312135e+00
2.593809129654819579e+00
2.898175564132998705e+00
2.467643500045363147e+00
2.348477352502507109e+00
2.096307197082496465e+00
2.354423271631009840e+00
2.424930052910894140e+00
2.199550573896038586e+00
2.356301840175928586e+00
2.420903055954086280e+00
2.382516093979903271e+00
2.181235095059383955e+00
1.926354694934578227e+00
2.335186116469168294e+00
2.639091112630025826e+00
2.834740222975950630e+00
2.569537977014279662e+00
2.778332087658356819e+00
1.821549524871449499e+00
2.329292422009195285e+00
2.432451772595629613e+00
2.251335706120020763e+00
2.523384175532064511e+00
2.259694476711485489e+00
2.292182735308908370e+00
2.482468494825486705e+00
2.569839641465123670e+00
2.781003541248379118e+00
2.389553168686306517e+00
2.643993077613025378e+00
2.515581456947232564e+00
2.472920715661925950e+00
1.944743050458567213e+00
2.501778284841326805e+00
2.789860726028243310e+00
2.248225769882120861e+00
2.063815215671344738e+00
2.371549913925822928e+00
2.327063481663799394e+00
2.610772833881336297e+00
2.139164358831235901e+00
2.435603665846675092e+00
2.185663692262929558e+00
2.559861782467009572e+00
2.903409013537753935e+00
2.893564120689939845e+00
2.045950100147043482e+00
2.776067802954494734e+00
2.513923877866126144e+00
2.798577852075013084e+00
2.442518622922436489e+00
2.549528228640507432e+00
2.602135659786048993e+00
2.367423527601493660e+00
2.397367864396015236e+00
2.523905235389519497e+00
2.033176468364644496e+00
1.940282089788293085e+00
2.850500980028260134e+00
2.433900912517116488e+00
2.604625741766382507e+00
2.442686427699444884e+00
2.572841974531286269e+00
2.438363866214375619e+00
2.484330670014209819e+00
3.045609519491526918e+00
2.455834437116775071e+00
2.140640782626530569e+00
2.648366116288134009e+00
2.402655484011761544e+00
2.301873256955562219e+00
3.020395158507568567e+00
2.263537410295120456e+00
2.721629383258139967e+00
2.477334440187076048e+00
2.682625660484384333e+00
2.179980131982833136e+00
2.831990215912242093e+00
2.686721799245807230e+00
2.708054035662384784e+00
2.715802098258858432e+00
2.634138971863539957e+00
3.034535694436322650e+00
2.189862576945690975e+00
2.412945691471085397e+00
2.751843846559362206e+00
3.117540397475105252e+00
2.791991560251061433e+00
2.237478088012787580e+00
2.972394491899590374e+00
2.758111581390799039e+00
2.893255134321693678e+00
2.327021167183176864e+00
1.995882425107081248e+00
2.628510211589821566e+00
2.427519038376773075e+00
2.290772306620267429e+00
2.425971850002051955e+00
2.406822288516992536e+00
2.348283628976344239e+00
2.344381870850015481e+00
2.402872900411395563e+00
2.056161251647944610e+00
2.515365278131370896e+00
2.784830250437195343e+00
2.731678128893678448e+00
2.617790134323404239e+00
2.647115556191856456e+00
2.203812207320078098e+00
2.565838410217545995e+00
2.543526916366467994e+00
2.741065152098603352e+00
1.948704338171289629e+00
2.751708530089473470e+00
2.366469611447052479e+00
2.836180215617857936e+00
2.824594433966157503e+00
2.163981970951429634e+00
2.633132678257598336e+00
2.275819754267069506e+00
2.174471738286190448e+00
2.764023974451940813e+00
2.355016578486253120e+00
2.173204535829004413e+00
2.537473790462834167e+00
2.444693912994924112e+00
2.811881459491856639e+00
2.301140491934817511e+00
2.540781131140597893e+00
2.025270309780282219e+00
2.587900364326984004e+00
2.907759488903784106e+00
2.719210732269394803e+00
2.020028910662009292e+00
2.535324629743000102e+00
2.069400229445962580e+00
2.593560294203680172e+00
2.286487369442281370e+00
2.329517200328783399e+00
2.374037224934264056e+00
2.430085423318188553e+00
2.791405409340976362e+00
2.176387006874967778e+00
2.054058127018317137e+00
2.628705672663059989e+00
2.541984710049101093e+00
2.767066956331462713e+00
2.096112354832761593e+00
2.360755938957609157e+00
2.779524415994815811e+00
2.731517047573997825e+00
2.505767852496508574e+00
2.229094619869390392e+00
2.606782330564336725e+00
2.362386028568562502e+00
2.341135612226361129e+00
2.569226351141808085e+00
2.138353128537304304e+00
2.502368245787685463e+00
2.631087389203097260e+00
2.248395273936793171e+00
2.569669153863432420e+00
2.468358863909866585e+00
2.314376530436444312e+00
2.112344593573117990e+00
2.634199131779277447e+00
2.412914913472409495e+00
2.391151660634709852e+00
2.947740033416063721e+00
2.221320374676932552e+00
2.495942239511173888e+00
2.553947951554265572e+00
2.651278604258380245e+00
2.516317823967613165e+00
2.334250459100034369e+00
2.197118139604956610e+00
2.451380231416356636e+00
2.715743170561820019e+00
2.479249575356704760e+00
1.999621177046346343e+00
2.437384085790211152e+00
2.478417831368752378e+00
2.707866213658699284e+00
2.860267876768895601e+00
2.407498498641862383e+00
2.664358250630734837e+00
1.911731935612990707e+00
2.139153250227662895e+00
3.003037551779701886e+00
2.579443021929245461e+00
2.499117614637532458e+00
2.363461586954865190e+00
2.510422596584889643e+00
2.895748163456534297e+00
2.342419304227793653e+00
2.723667767878172441e+00
1.880198106556846049e+00
2.290028921628361580e+00
2.573636142007267313e+00
2.241034941374378864e+00
2.558971371162626074e+00
2.699078890430807398e+00
2.569554730945714738e+00
2.559734880963850490e+00
2.818742200541021425e+00
2.420866424798009398e+00
2.079244745145248263e+00
2.850470667087567911e+00
2.688108694742630256e+00
2.487361100864236896e+00
2.743698647359055443e+00
2.176205087203033628e+00
2.935502086766629937e+00
2.638799515794757244e+00
2.123470000385314194e+00
2.209109776209369880e+00
2.000886417943812390e+00
2.486573974815387000e+00
2.593140212108125287e+00
2.383683244591700223e+00
2.854461966972952514e+00
2.797801404037409512e+00
2.862418980545865743e+00
2.318293657999571433e+00
2.143076496686200816e+00
2.984463812012948303e+00
2.326059541143860709e+00
2.145953057056481761e+00
2.660799834385162654e+00
2.280640053860434779e+00
2.571295125659551317e+00
2.326638997187269631e+00
2.171158649857229506e+00
2.610140889026244082e+00
2.517057999832182258e+00
2.277051357474420445e+00
2.204032418797569726e+00
2.520597382739531156e+00
2.555778840578844857e+00
2.316671669320227167e+00
2.596498612069829903e+00
2.083155250866859376e+00
2.037534176765414706e+00
2.113160557005837603e+00
2.412982122400547880e+00
2.834589012943223629e+00
2.754127006161321667e+00
2.563106394794292253e+00
2.136619502948556626e+00
2.599833214949422988e+00
2.197393041114234169e+00
2.442049822821650729e+00
2.429816829020924995e+00
2.339455703357532723e+00
2.343474431615879539e+00
2.484934963006596664e+00
2.367660698476113712e+00
2.266181721781494574e+00
2.163883322214596561e+00
2.812678599108213273e+00
2.981126109103257260e+00
2.884643080925796799e+00
2.938548718434862650e+00
2.326229934997981807e+00
2.630081896892269899e+00
2.698527150976091527e+00
2.504774385864660502e+00
2.492584863494118341e+00
2.236208071235001427e+00
2.410860282940958665e+00
2.780609426443906962e+00
2.587085671639774542e+00
2.557593927037416837e+00
2.072747730367796137e+00
2.409545045136046504e+00
2.649032907798465786e+00
2.027328743321391791e+00
2.302940344450837618e+00
2.007942727733905919e+00
2.776021844166177921e+00
2.671470659480088994e+00
2.265039916598141190e+00
2.333862093133917348e+00
1.963692954947287239e+00
2.609042303450463951e+00
2.879900418206212453e+00
2.742655246069620301e+00
2.457175854352925182e+00
2.411780359451340949e+00
2.604286261876582742e+00
2.249680272783566526e+00
2.129622160256205543e+00
2.744365422480403272e+00
2.529962078615237253e+00
2.303900154378986542e+00
2.422886741568565760e+00
2.532236555700637215e+00
2.077555972815391172e+00
2.001920968659486544e+00
2.407615772655526953e+00
2.692191037702205136e+00
2.422003574542868520e+00
2.199783671244738059e+00
2.597212287199331282e+00
2.293719858614740037e+00
2.525697479605125473e+00
2.687448655311764245e+00
2.498189086542885740e+00
2.710841288866479459e+00
2.357649221934587036e+00
2.262950250856264667e+00
2.750560359964501878e+00
2.354209349980881161e+00
1.903211616028503306e+00
1.878508900120287484e+00
2.223475187308996848e+00
2.897451596506777971e+00
2.897202014984063378e+00
2.334261809853229508e+00
2.480279289828911882e+00
2.248684420321370503e+00
2.924599384626901610e+00
2.913247530680828756e+00
2.479145480612849894e+00
2.073270381377423810e+00
2.027127506157993864e+00
2.512498121478500490e+00
2.180375849192815796e+00
2.508226469464942987e+00
2.792719921251180626e+00
2.597423255623467764e+00
2.639199982608209538e+00
1.974006159456936027e+00
2.190480005499904070e+00
2.416467939037193702e+00
2.687408966900866947e+00
2.101196859335590084e+00
2.172273012344619225e+00
2.768835759203896796e+00
2.636775865348163883e+00
2.160509119575292125e+00
2.600409837580779815e+00
2.701735090789262106e+00
2.412988464363886365e+00
2.498422488974662681e+00
2.689710797242015339e+00
2.090732554320432257e+00
2.316341669282290905e+00
2.336230654956940711e+00
2.378901620439728859e+00
2.430473561283400308e+00
2.083103613159441814e+00
2.778605571992244450e+00
2.580666438080108982e+00
2.621864575019030585e+00
2.740515114340992930e+00
2.760424195646721923e+00
2.612471858951439518e+00
2.081955590229282116e+00
2.764324376613416234e+00
2.813800334432651429e+00
2.523152227042929407e+00
2.206079438125372771e+00
2.296363636957028387e+00
2.548557703610201841e+00
2.669013002434893256e+00
2.878018211990078790e+00
2.643379839362990147e+00
2.584195286152710214e+00
2.771778333770616776e+00
2.676613632048975955e+00
2.335686059759590094e+00
2.328728519802178099e+00
2.650348304414888112e+00
2.600526442516696068e+00
2.401862655838904903e+00
2.374576854422947747e+00
1.788307588710449370e+00
2.577276742845043600e+00
2.397931397756815297e+00
2.310153721003633809e+00
2.012879825166244530e+00
2.753135368264329585e+00
2.132102711909310333e+00
2.385898305942907083e+00
2.091837473985277640e+00
2.438343115619289403e+00
2.054723367194132955e+00
2.940752027871599061e+00
2.762441849527909277e+00
2.611190249602254987e+00
2.633032070911598410e+00
2.546004123805673203e+00
2.016434412846215274e+00
2.897718172068547204e+00
2.329415619523003134e+00
2.546968974821853138e+00
2.258361274970806409e+00
2.569302778343036220e+00
2.057879955576070508e+00
2.946225444732462062e+00
2.254605380113531954e+00
2.445124512470887801e+00
2.131464904602467403e+00
2.536298125582660656e+00
2.179458946534366781e+00
2.091963695665508993e+00
2.616758729481330370e+00
2.413190260004304477e+00
2.701411355689003813e+00
2.628793018444036456e+00
2.345038275045929321e+00
2.772048346357794735e+00
2.468099583052552948e+00
2.424569607484559075e+00
2.597724516390741201e+00
2.563028446802509741e+00
2.637827481829250864e+00
2.348394979498217960e+00
2.503525894601032142e+00
2.269201700530706134e+00
2.133011390924799855e+00
2.778863799043899352e+00
1.865524212661374692e+00
2.621608721189021995e+00
2.430840019475519753e+00
2.322318456152144162e+00
2.396340275869556002e+00
2.184644327106728845e+00
2.122744531180833505e+00
2.560897064732186035e+00
2.428463696217324053e+00
2.742283116419754752e+00
2.726901598195887733e+00
2.741200380319559926e+00
2.516273905237117692e+00
2.249950384663709002e+00
2.340835464457596160e+00
2.518692812722277630e+00
2.567928111140126202e+00
2.222339423865969277e+00
2.845664602528811038e+00
2.734750465348204873e+00
2.441003899735835425e+00
2.346040667202511809e+00
2.372710436760971042e+00
2.644398559265108251e+00
2.359482087927066374e+00
1.914378336517004398e+00
2.435483572199656166e+00
2.734160487984617305e+00
2.392846986120447550e+00
2.497422347897541250e+00
2.675482310283591847e+00
2.410264548650706384e+00
1.921541691082454095e+00
2.817519569938271573e+00
2.446419532740628178e+00
2.323405790730281417e+00
2.633178672388387653e+00
2.220998539889594614e+00
2.392473193593668501e+00
2.406351342238343349e+00
2.389802264550489053e+00
2.269691697583628986e+00
2.301057331176250553e+00
2.552663542654188600e+00
2.547376075213702240e+00
2.578473635393687680e+00
2.125712757062687253e+00
2.424279340666996241e+00
2.022733638373257481e+00
2.415135360680950249e+00
2.349987034881952042e+00
2.392323962552670213e+00
2.453162149963869165e+00
2.222733379217671335e+00
2.545866355986975194e+00
2.352487782273829264e+00
2.443024947026936733e+00
2.615000353572716651e+00
2.318854634690766581e+00
2.156152276027953452e+00
2.571171128446024579e+00
2.430098884033909279e+00
2.419289040063893559e+00
2.530608973019998764e+00
2.796750823376034756e+00
1.970486488180550610e+00
2.498728359866952964e+00
2.550122306305771858e+00
2.652421183850035113e+00
1.737270774313107946e+00
2.673224525954796427e+00
2.210489235033850530e+00
2.999589864694492292e+00
2.158012255007007774e+00
2.692812654382936266e+00
1.948009101997664860e+00
2.174157078229328022e+00
2.754756731000169268e+00
2.645242984719033075e+00
2.342862759326876709e+00
2.475129519980698412e+00
2.668468310376362229e+00
2.650246600283353793e+00
2.314304674220236890e+00
2.444099289893246318e+00
2.371122080520584596e+00
2.519667371496530972e+00
2.433607139686813081e+00
2.201928368875292197e+00
2.522218414171244483e+00
2.877314802291680351e+00
2.504170803765305209e+00
2.843244087609390292e+00
1.718735410738626568e+00
2.669894746119011231e+00
1.941496133840554084e+00
2.700455420084706848e+00
2.592740558448678456e+00
2.215422702683025769e+00
2.738204680986031647e+00
2.229496421345592339e+00
2.285387891455312737e+00
2.611094110819098812e+00
2.356841090455659593e+00
2.478653438086142025e+00
2.034110238901885026e+00
2.240339552385265609e+00
2.216648033974973231e+00
2.671990175637470877e+00
2.475294326626451991e+00
2.340868818567062082e+00
2.886045958775705245e+00
2.851336100427895204e+00
2.416499508724829770e+00
2.553129732512003702e+00
2.601631587771775500e+00
2.192760925297551289e+00
2.449171735869138722e+00
2.150107863610617009e+00
2.707372294559061476e+00
2.300994929233223907e+00
2.022868249737574509e+00
2.732456175499489159e+00
2.642263358576604215e+00
2.468257463372758309e+00
2.556879334318626018e+00
2.745671898783672127e+00
2.535248618064491311e+00
2.265987556034144923e+00
2.470788276171536957e+00
2.328122223490508347e+00
2.779213354071340181e+00
2.528098787504963862e+00
2.448318889405737053e+00
2.249667250627138682e+00
2.447760575269165795e+00
2.610963472760011506e+00
2.355434046808138948e+00
2.342959176854027881e+00
2.375418488208688395e+00
1.773786996901209889e+00
2.214551408979800406e+00
2.177813950350773631e+00
2.573726937899277978e+00
2.007774903723871240e+00
2.303028574203717760e+00
2.561116789158953466e+00
2.454158073809643792e+00
2.957410170553275819e+00
2.179575631566212923e+00
2.518401575415702531e+00
2.439190831899731293e+00
3.071712655472402798e+00
2.269738844307303882e+00
2.593274776158447814e+00
2.346574700780320377e+00
2.139088329834218705e+00
2.334700100361883024e+00
2.678724711312394646e+00
2.887643712708586108e+00
2.593835606896345958e+00
2.521664920326339931e+00
2.722729882836143034e+00
2.516633593088035248e+00
2.386222632109157527e+00
2.299324263641388644e+00
2.748989256940750803e+00
2.448906794882212079e+00
2.334410746518647883e+00
2.332920559221561163e+00
2.535572444402838688e+00
2.469343190697550927e+00
2.670677262072348679e+00
2.656327682002684654e+00
2.355866246746848525e+00
2.849954730527156421e+00
2.605998675422482425e+00
2.247848780668234792e+00
2.079984969926187865e+00
2.837455109914951201e+00
2.401301403300319937e+00
2.204704328991442086e+00
2.392959455307218875e+00
2.185060943661830013e+00
2.568367280096338856e+00
2.568562052114327976e+00
2.608709124912324206e+00
2.336410232257873254e+00
2.881601838564205487e+00
2.586322351770515837e+00
2.622367792503037531e+00
2.017627086666574421e+00
2.233569134579459714e+00
2.159549340695191333e+00
2.474458483163469502e+00
2.567376320845583759e+00
2.295001939882116204e+00
2.273818923166055050e+00
2.461166374484642816e+00
2.640309668443360458e+00
2.223671475643828277e+00
2.213028869999887238e+00
2.798900161579439327e+00
2.437199413233544387e+00
2.523670920452637745e+00
2.397094489338129186e+00
2.243686866937945279e+00
2.005116519478399972e+00
2.238548014997592261e+00
1.940388615865973110e+00
2.146109776512129308e+00
2.408256997232402163e+00
2.545717209443339790e+00
2.789734361706956545e+00
2.685842272797717811e+00
2.073991892827192096e+00
2.437787729018425775e+00
2.054685907608821083e+00
2.950039210970349490e+00
2.563509753836693772e+00
2.718155670476225083e+00
2.594973218400411508e+00
2.428213773804542619e+00
2.253773014916736983e+00
2.328814689255557902e+00
2.160034305869025228e+00
2.574593949298615847e+00
2.115950717577930185e+00
2.182319526798452536e+00
2.467899500242533239e+00
2.168812836069736072e+00
2.392803561801338130e+00
2.227444672626698097e+00
2.592291544521695190e+00
2.629116255933227730e+00
2.178999193445528171e+00
2.633728082720681485e+00
2.416221501766528501e+00
1.945279263730296915e+00
2.338192256802823721e+00
2.450106586501083150e+00
2.655612471851600986e+00
2.246416718858183614e+00
2.483208602898042017e+00
1.901024763387988648e+00
2.424644982550278716e+00
2.720977130182769432e+00
2.274628887068125049e+00
2.432591318949882453e+00
2.497845376355224634e+00
2.153378975620835689e+00
2.324595776537113245e+00
2.574188569192827902e+00
2.321215521488944944e+00
2.249060877417991211e+00
2.650209782231167210e+00
2.699924893642906554e+00
2.165736391929961258e+00
1.966218722944595543e+00
2.451244702433045042e+00
2.696363393563345756e+00
2.476146168758273092e+00
2.222898667852831966e+00
2.559814050684148690e+00
2.103616348790552593e+00
2.352028646006024459e+00
2.472726934035590851e+00
2.275438321235634831e+00
2.154145047733420526e+00
2.538747706711497187e+00
2.457857912151919511e+00
2.520848326150058938e+00
2.931198922484459679e+00
2.285912392960572248e+00
2.832869299311777667e+00
2.342482410671380411e+00
2.223989794130331710e+00
2.239008048179220722e+00
2.471667209557561584e+00
2.234237377925212709e+00
2.738672450305874584e+00
2.386659758609071424e+00
2.259274403825384248e+00
2.699262508364284052e+00
2.518662768666251939e+00
2.310529910952432431e+00
1.948135948430547382e+00
2.025672962425055790e+00
2.419941536336609467e+00
2.153176876416921903e+00
2.163680144356298740e+00
2.097298280324632280e+00
2.149074125440603833e+00
2.851568198813354993e+00
1.832302741709538108e+00
1.958245776955913175e+00
2.577639662805443876e+00
2.644391157784798274e+00
2.289273712018582430e+00
2.848777469773483340e+00
2.666923286156557271e+00
2.647092512870511172e+00
2.119270030453312970e+00
2.881038702774416649e+00
2.230316808254391159e+00
2.262595317246086424e+00
2.403761518224215354e+00
2.486032171014927794e+00
2.344829951136078172e+00
2.383809784810492438e+00
2.475202342840683301e+00
2.382968643430908529e+00
2.508940668677160701e+00
2.743544356658949912e+00
2.392071036431714148e+00
1.917573472723549610e+00
2.335749369589970037e+00
2.051116145137564573e+00
2.442657647779155727e+00
2.682191888182480888e+00
2.725853377088292007e+00
2.644998086408394400e+00
2.528880261861391254e+00
2.613912896626664484e+00
2.158724352997721585e+00
2.456036517136166886e+00
2.202732923033075885e+00
2.519241892269859839e+00
2.721656657880681784e+00
2.488376462299597858e+00
2.099630392065725104e+00
2.057783549141928958e+00
2.437750188542838536e+00
2.553601986862761741e+00
2.636512930603467808e+00
2.439135006327393551e+00
2.755348230243113150e+00
2.390317563149575442e+00
2.111578274706412905e+00
2.188112752062478350e+00
2.687204431723450693e+00
2.443891635698290266e+00
2.793037635814374475e+00
1.878885678823930538e+00
2.455752564640415248e+00
2.899716894187135630e+00
2.116327560144138253e+00
2.560904942925877670e+00
2.665794925316598007e+00
2.326464681957694847e+00
2.454532597481228429e+00
2.432992626292763028e+00
2.191630835740835614e+00
2.576267942154673474e+00
2.393660431658855003e+00
2.656410518580042179e+00
2.616373220252471654e+00
2.818201800723910466e+00
2.051375459121871359e+00
2.373093528914197670e+00
2.136184880877415981e+00
1.881894445946352912e+00
2.586786121871957445e+00
2.509888958390827707e+00
1.837582845261685582e+00
2.010343971500840432e+00
2.248033704253092679e+00
2.191525875266693735e+00
2.410455758895838407e+00
2.309776819142946191e+00
2.154826098402209844e+00
2.185684941275509274e+00
2.707504215052998209e+00
2.395881942352549920e+00
2.662279051765723104e+00
2.115994062038315526e+00
2.570458728867265563e+00
2.566211112171781217e+00
2.734803825427828183e+00
2.049213870191724851e+00
2.367488311767072418e+00
1.965536458248887675e+00
2.468093026251207078e+00
2.871618228721739996e+00
2.425322920163338836e+00
2.759271508655668281e+00
2.221979411329084719e+00
2.591000993187344559e+00
2.563168419470293724e+00
2.510472147174507285e+00
1.912094774270756137e+00
2.605324754977992097e+00
2.077617082680544236e+00
2.656662679986263598e+00
2.572699782269497248e+00
2.171925631796026934e+00
2.517270537621786985e+00
2.385138422528715996e+00
2.248116904339779509e+00
2.335069629888077536e+00
2.501430886800909636e+00
2.588628635317993254e+00
2.706597683174543523e+00
2.327857984064089614e+00
2.297315552619781265e+00
2.221804496982423771e+00
2.224133219705855424e+00
2.597355685232502154e+00
2.310947289179745567e+00
2.557967302166686441e+00
2.752224204065743862e+00
2.349068221630956188e+00
2.291771086516827260e+00
2.818908715019230460e+00
2.345730506006328486e+00
2.452764284510808412e+00
2.959428241314167263e+00
2.316856786882355745e+00
2.852758522377583095e+00
2.475281021103231893e+00
2.812824867945249885e+00
2.180179507492600255e+00
2.400536598814631439e+00
2.631535027875788746e+00
2.425372395220423805e+00
2.187081157733609782e+00
2.529738438746559126e+00
2.587683217301316674e+00
2.002570699629803386e+00
2.541725108535113797e+00
2.448898115458089109e+00
2.650491696685433496e+00
2.037956992335085982e+00
2.275457733943983651e+00
2.348542463626831278e+00
2.454084993575270879e+00
2.445876917092224545e+00
2.785163055288896850e+00
2.204309148566653054e+00
2.222958989895805981e+00
1.929763133161388255e+00
2.191441150890270251e+00
2.515493541507284103e+00
2.340833629745630695e+00
2.294704456471405418e+00
2.692092488770546854e+00
2.727294428681444671e+00
2.434995623910580331e+00
1.949451894023759957e+00
2.479296619591222495e+00
2.414879274342466076e+00
2.660959365702862733e+00
2.966341632879070822e+00
2.527712849493757297e+00
3.003723434963339489e+00
2.259887527724901979e+00
2.766906277607516174e+00
2.675234570045292859e+00
2.061453042138863712e+00
2.612975128359653620e+00
2.413871465779583669e+00
2.763300254106388465e+00
2.730626807357665609e+00
2.467966319163203526e+00
2.527698025504800050e+00
2.544456809322126922e+00
2.322328279219648461e+00
2.508808609359920894e+00
2.485071348282753334e+00
2.397744487015975423e+00
2.777666896081357084e+00
2.466766049309279119e+00
2.591029552449330087e+00
2.337994857233460344e+00
2.073623726142129087e+00
2.422004522493311107e+00
2.911710792831923023e+00
2.168990920357262375e+00
1.999629862470833963e+00
2.322350191225982741e+00
2.240512612485983546e+00
2.173950681914159411e+00
2.731747911074905666e+00
2.812048467997220413e+00
2.240771196789069553e+00
2.390761784028526460e+00
2.567470345801534659e+00
2.369749863953026114e+00
2.544192397304532616e+00
2.315986445874294475e+00
2.333671803717558557e+00
2.759891789414287366e+00
2.325620489665479074e+00
2.433495962682195923e+00
2.496617408772873414e+00
2.388250944196579351e+00
2.392743622301103823e+00
2.925892117668511982e+00
2.553671598535474985e+00
2.422495360586324864e+00
2.609026604081355227e+00
2.073622177359222718e+00
2.944375957427751711e+00
2.114489000975570576e+00
2.382977951325972565e+00
2.331459879956685910e+00
2.628271754591041454e+00
2.456648783337515685e+00
2.317851499775256396e+00
2.450442580395579828e+00
2.927051300962826286e+00
2.756165402728929958e+00
2.115999292018558187e+00
2.432887538208952094e+00
1.873719956675387266e+00
2.876379571778401090e+00
2.446952677116168040e+00
2.025363622570527156e+00
2.122075771917694809e+00
2.553013077136440767e+00
1.924853565935811917e+00
1.851565029152929087e+00
2.319523473836050620e+00
2.056415870523433664e+00
2.479040187076753554e+00
2.289464375026416754e+00
2.109904111661420778e+00
2.759168324779685211e+00
2.374429079993974234e+00
2.682740905115915009e+00
2.401855869250785425e+00
2.844247204431110010e+00
2.407995225733953859e+00
2.399688340287038368e+00
2.802516750679326041e+00
2.127104899883714317e+00
2.018578214913924640e+00
2.388129749386491696e+00
2.497340147827680212e+00
2.624564353109747561e+00
2.689743467566807933e+00
2.673774679345747973e+00
2.195739420212140747e+00
2.515574241605933459e+00
2.691223167180908149e+00
2.389826441054274220e+00
2.804637077915776544e+00
2.987838373742076392e+00
2.539647513334545526e+00
2.576433135865129564e+00
2.748851558864870093e+00
2.702614046377436630e+00
2.940658769364383751e+00
2.389358925830309399e+00
2.300119617402233807e+00
2.481200576543568292e+00
2.300378905228149584e+00
2.140661230705884321e+00
2.561834304121853201e+00
2.725875527757172900e+00
2.449651977818983806e+00
2.016237438280491290e+00
2.609436837768310369e+00
2.866044438146264639e+00
2.366544270735587041e+00
2.532292316606193694e+00
2.506016166074457097e+00
2.249478248259861868e+00
1.900069162790735122e+00
2.368702031295089938e+00
2.556108657007759355e+00
2.722395004557672138e+00
2.855000232252711712e+00
2.439608585874335933e+00
2.546723033027856964e+00
2.574200620964901987e+00
2.253596408667421613e+00
2.566087500526029075e+00
2.648156099405418296e+00
2.433530355555824531e+00
2.726343620815834257e+00
3.079896197884209652e+00
2.782192815858183899e+00
2.251737520738497977e+00
2.499057519360549318e+00
2.211999529201498671e+00
2.762130597487675310e+00
2.015211457202771506e+00
2.571049321165017609e+00
2.435595483768921987e+00
2.186274554945584647e+00
2.204007571002755128e+00
2.609619074727236310e+00
1.925355936045974437e+00
2.690568540168462697e+00
1.865386171427149575e+00
2.127491566216846319e+00
2.291484297299611228e+00
1.959175203716495339e+00
2.530068763573317892e+00
2.530838118891143740e+00
2.640034538661701013e+00
2.018829197803809983e+00
1.909285804699730305e+00
2.720689980214924919e+00
2.671768142552964242e+00
2.509834164841859394e+00
2.456305181624956813e+00
2.474743350656829044e+00
2.250233688688425104e+00
2.846714470492058613e+00
2.646756066100528049e+00
2.417048170480011748e+00
2.539203151685156534e+00
2.193150710278961579e+00
2.712985631999266900e+00
2.507405473625551551e+00
2.391466459296376357e+00
2.124481577816746292e+00
2.300715895095896357e+00
2.491007461671082446e+00
2.672132294964774779e+00
2.492015000622310517e+00
2.364148031322397703e+00
2.731510396846555722e+00
2.789396426835596632e+00
2.429244505307759372e+00
2.676275017916787569e+00
2.311059885972560402e+00
2.467068522788248064e+00
2.145808517139003779e+00
2.049672213715953983e+00
2.303705608197370136e+00
2.574957346656378210e+00
2.014974120547435188e+00
2.341204155057483138e+00
2.342039678344536302e+00
2.526387419693187475e+00
2.706074974697095126e+00
2.523006814066778514e+00
2.679527508476044595e+00
1.975562894741032638e+00
2.503554302422084987e+00
2.781909252667716714e+00
2.365743784053738974e+00
2.191780920584208037e+00
1.943939208670642627e+00
2.526727735334305613e+00
2.373661748227194224e+00
2.117634559945886785e+00
2.877585107584767155e+00
2.772454751277992901e+00
1.986863408739708792e+00
2.946889875995098329e+00
2.599377002866302355e+00
2.619365762175991819e+00
2.505522242261832400e+00
2.791469088557335887e+00
2.284744192869361257e+00
2.778788958382031105e+00
2.316891155412422520e+00
3.013986315437502839e+00
2.976384762411451224e+00
2.535130255430915192e+00
2.126978078038165076e+00
2.921834614030197841e+00
2.409650681231582769e+00
2.571169870187870021e+00
2.363791439864691313e+00
2.811792658727182204e+00
2.192378593998718372e+00
2.732139417287978045e+00
2.635031908320751182e+00
2.869031883290507956e+00
2.307429127714879957e+00
2.365622144039414732e+00
2.500819557649883063e+00
2.529810604992777101e+00
1.960657593097475671e+00
2.591125000488839980e+00
2.389712484037316287e+00
2.759535243922771386e+00
2.221679251833327484e+00
2.314869782913497431e+00
2.773830169182553540e+00
2.721265168266180368e+00
2.492557236671809839e+00
2.442051485486092854e+00
2.253621602627253306e+00
2.404608460729935171e+00
2.393911240148610453e+00
2.863495455506796628e+00
2.261498334616572681e+00
2.212473683301885430e+00
2.246319135210426143e+00
2.081162158262009676e+00
2.414784313340043731e+00
2.473108781132090428e+00
2.196014867839876317e+00
2.529108036026124218e+00
2.500382390147379841e+00
2.729977882345608453e+00
2.331437825047053991e+00
2.638650467956225487e+00
2.320577483438105215e+00
2.521840772243939099e+00
1.825632713088163994e+00
2.526650310917645026e+00
2.519503334511896675e+00
2.384943883999246950e+00
2.205554876351012883e+00
2.528880476237709285e+00
2.411194215923756268e+00
2.293638610646415277e+00
2.489555770522776434e+00
2.074459326728989694e+00
2.502592396306889899e+00
2.051639778075023290e+00
2.402488066668836186e+00
2.110880713611349435e+00
2.648081543283369310e+00
1.894389314503760247e+00
2.561908453611922543e+00
1.795998301489181159e+00
2.182257936600424664e+00
2.484505625607225987e+00
2.242323130257243946e+00
2.288447600029921425e+00
2.711665753909814569e+00
2.859151464134314757e+00
2.208255025300913665e+00
2.493512839012212545e+00
2.697996183040658913e+00
2.076683756775433487e+00
2.551669065197682329e+00
2.420625577461968270e+00
2.296493197123148367e+00
2.500821890730236863e+00
2.585180534488664250e+00
2.502761307152668202e+00
2.439717629286431766e+00
2.203007713731310879e+00
2.646372940630624448e+00
2.282630884171232388e+00
2.475474251965321226e+00
2.358218713769360431e+00
2.279931130281767970e+00
2.493035880563789330e+00
2.402947447278739546e+00
2.166832500899811720e+00
2.500623959730850387e+00
2.442120757231585948e+00
2.787775764676329260e+00
2.425134697873221334e+00
2.331432154144213786e+00
2.071989290944903139e+00
2.077462510699026321e+00
2.248642867187852890e+00
2.582396309391902900e+00
2.272747781002982581e+00
2.273475291691425593e+00
2.374612285762984332e+00
2.503215432191951972e+00
2.391974934917615592e+00
2.131287824379653806e+00
2.483808852842532833e+00
2.614472409560415933e+00
2.494636059745474199e+00
2.253269827250945045e+00
2.767826906180582913e+00
2.498616038583045373e+00
2.735862942154256405e+00
2.835478359806928861e+00
2.673029247380588114e+00
2.525127907185712228e+00
2.185298934512643676e+00
2.348865968583325081e+00
2.197885367225743014e+00
2.165686589169051324e+00
2.588653420375002234e+00
2.731309178102324431e+00
2.507124645916118943e+00
2.342336327590110123e+00
2.951499938962330205e+00
2.508078342445990483e+00
2.047738790330125624e+00
2.454341447813464416e+00
2.848640472601468687e+00
2.303696175359295051e+00
2.111529692881294551e+00
2.590009083832608638e+00
1.890414032710397318e+00
2.581148814168551464e+00
2.539600475441629257e+00
2.801372763967076462e+00
2.696468860790385946e+00
2.011082856413151987e+00
2.901314131598714319e+00
2.501954818909169820e+00
2.307177257799377212e+00
2.506197106063255298e+00
2.326080776756034751e+00
2.765243737031096494e+00
2.414881953573200679e+00
2.275314455829679616e+00
2.471092303192297557e+00
2.531016974555550192e+00
2.675054606178854932e+00
2.332322292068027103e+00
2.561684925891783315e+00
2.823220908779566773e+00
2.613887505210255924e+00
2.552063954143087177e+00
2.132592340731599201e+00
2.135562405234280536e+00
2.422322238366943825e+00
2.189762276794132045e+00
2.483932369933497419e+00
2.626155676645962167e+00
2.647572855851698659e+00
2.063566156240744576e+00
2.494020900444965161e+00
2.297950303156443219e+00
2.553415685588217077e+00
2.787327768448230714e+00
2.390602853257550287e+00
2.724569601272849972e+00
2.388623929629179354e+00
2.149609031594462927e+00
2.781711464982133286e+00
2.468773613077130058e+00
2.468790294707776223e+00
2.449158456501685954e+00
2.665466974652705101e+00
2.359614556001413899e+00
2.399232882001100631e+00
1.979039552360261967e+00
2.169042802666305114e+00
2.389208116417729677e+00
2.892878392148930722e+00
2.364039060548820181e+00
2.693061875161753438e+00
2.437568353905842589e+00
2.655984390798127315e+00
2.455679949952623620e+00
2.186400135103747644e+00
2.216015560381507488e+00
2.578972604602371543e+00
3.113672227504904466e+00
1.960778520038658934e+00
2.262383710096319334e+00
2.440255890008710793e+00
2.136018760648902948e+00
2.580353664932343527e+00
2.054570207085292921e+00
2.176806973028164283e+00
2.001297118613616810e+00
1.932289440851387319e+00
2.752148917695608432e+00
2.476748000313627962e+00
2.471549511061641002e+00
2.117993672981217657e+00
2.433392394043725204e+00
2.292930351108004583e+00
2.662083136656002491e+00
2.586262880162065514e+00
2.164777369822501907e+00
1.988301107157762981e+00
2.591588289987910798e+00
2.589260901932504133e+00
2.341645607571111842e+00
2.896305459479093791e+00
2.481272373466178127e+00
2.514348311653196610e+00
2.645234901867836275e+00
2.175752007279201372e+00
2.895528744065216653e+00
2.793498502758947399e+00
1.966654888914580512e+00
2.634708495763171232e+00
2.270986056735845082e+00
1.954924089242692009e+00
2.196906116158067412e+00
2.635244394678131208e+00
2.335406378291543739e+00
1.864252553306818605e+00
2.279785953011528754e+00
2.673114099868087123e+00
2.666210869001499617e+00
2.357291102146564565e+00
2.661318552427284878e+00
2.163255317141167033e+00
2.475868775441524949e+00
2.653836540294523871e+00
2.370607526425810629e+00
1.892785402908328862e+00
1.979401177454387373e+00
2.186362789697048559e+00
2.934402696688367840e+00
2.865755559217486592e+00
2.286415672426399315e+00
2.424868973954531270e+00
2.704135535485781894e+00
2.195663767450697357e+00
2.259518593893956151e+00
2.771141837133754393e+00
2.167259805483976898e+00
2.509666743567620983e+00
2.765969270208632924e+00
2.761159785993557492e+00
2.553026350802933386e+00
2.798991659485085659e+00
2.717105081236300901e+00
2.212181505325676589e+00
2.480584763198667275e+00
2.441888160341727509e+00
3.050349467863971320e+00
2.294354039263370115e+00
1.809312414528108093e+00
2.370592643007772615e+00
2.374612636991530579e+00
2.438384250238778250e+00
2.438515133217276531e+00
2.336774643661149398e+00
2.683497582048903762e+00
2.274317583714512647e+00
2.341809163161556739e+00
2.307196001081762482e+00
2.777229689108539734e+00
2.155783517423793150e+00
2.386955333562764459e+00
2.479525791894275244e+00
2.595974777724558979e+00
2.254851484855321608e+00
2.625457126955933251e+00
2.463009474505659657e+00
2.167542419492495043e+00
2.426201173498006902e+00
2.128721770272044456e+00
1.935000803692423998e+00
2.317158212098675563e+00
2.306406921883996208e+00
1.935591197853969714e+00
2.341378305736936838e+00
2.148204494062135872e+00
2.282508270429588038e+00
2.399363273388383178e+00
2.475296628958076006e+00
2.196895882162997804e+00
2.448001647054774743e+00
2.741192908792558391e+00
2.018692640972398422e+00
2.491635923226731997e+00
2.420932892311529194e+00
2.197199433822168757e+00
2.470944556519929947e+00
2.219951452673642578e+00
2.495526761833887441e+00
2.497972324210487205e+00
2.340095549689067411e+00
2.393759337445028557e+00
2.991854482118847525e+00
2.528687879726120080e+00
2.358670593942529869e+00
2.693578745026724786e+00
2.607285339049570716e+00
2.483182215437501839e+00
2.632141533003530931e+00
2.243848788411668682e+00
2.233369050985491544e+00
2.210864756160495936e+00
2.523887113834616613e+00
2.413498457474486880e+00
2.215378680618539597e+00
2.917335461569581234e+00
2.619394696363381403e+00
2.135173501759069836e+00
2.425771761709670571e+00
2.620481768097732367e+00
2.425206643480845692e+00
2.433008356772262459e+00
2.638728828719597796e+00
2.122843995519581028e+00
2.629957686833209518e+00
2.399592755750306949e+00
1.971854542187036818e+00
2.293265048351130986e+00
2.547231850241414630e+00
2.675361310803467063e+00
2.726829162999789613e+00
2.367629343071581349e+00
1.905734301582380663e+00
2.512707460274045790e+00
2.619422691210406384e+00
2.293876807601912482e+00
2.392771938700224421e+00
2.413505179788598021e+00
2.600849011175360381e+00
2.323094079186118766e+00
2.799763580632739668e+00
2.280431623717829925e+00
2.549673012568519859e+00
2.650627253125670268e+00
2.234508872272978675e+00
2.685287848900048235e+00
2.177499194870757382e+00
2.504379142859515461e+00
2.238733527701812331e+00
2.678272626830093373e+00
2.557042296467449294e+00
2.497669385568746847e+00
2.347235564860581380e+00
2.541803632752192676e+00
2.132084720984123383e+00
2.277099391365129843e+00
2.672101939971804896e+00
2.726519066647167033e+00
2.335600153013653646e+00
2.504227986481319057e+00
2.498782532741822049e+00
2.463773542636478631e+00
2.545169526831459805e+00
2.564934351195061524e+00
2.767534314244850968e+00
2.034857228355165581e+00
2.669690564938530741e+00
2.577030729901976791e+00
2.361977536360191809e+00
2.296532121202384591e+00
2.150630105177064433e+00
2.596245015149469815e+00
2.089856881398114208e+00
2.297836743970690598e+00
2.596151797162902231e+00
2.098808492404363513e+00
2.745310228077610937e+00
2.087286448582572618e+00
2.331537574666775914e+00
2.301687825846412849e+00
2.484914133872308639e+00
2.093651191075293738e+00
2.527705534813957211e+00
2.530984479772756757e+00
2.390826824320029687e+00
2.470835895193061127e+00
2.064671906322375072e+00
2.666149549374246863e+00
2.152915852018705500e+00
2.295780832121878667e+00
2.737272133862997503e+00
2.008930975160475363e+00
2.065642756671960178e+00
2.752121550988996468e+00
2.814463332998152101e+00
2.364313262086479739e+00
2.811804994620590747e+00
2.507823205450496307e+00
2.816304545199637133e+00
1.994863779144034233e+00
2.278752995009277527e+00
2.352405204556821339e+00
2.675417806663594966e+00
2.000609115266381188e+00
2.510103319304744840e+00
1.945056599296657085e+00
2.512529786336275883e+00
2.579369195027480632e+00
2.578068770814135213e+00
2.741089373051997402e+00
2.586278596214740322e+00
2.484840472802989808e+00
2.371750349031222616e+00
2.673977683650879289e+00
2.507490506080951587e+00
2.123128358954815997e+00
2.182966370156882441e+00
2.597549937446447910e+00
2.558699491123769043e+00
2.234735676443212249e+00
2.676316760836511932e+00
2.667325114653666063e+00
1.983626271818578202e+00
2.063092972907327738e+00
2.232179575845700814e+00
2.829276740746995866e+00
2.724759883923816073e+00
2.005830661564087514e+00
2.709461277801021861e+00
1.861339131098260546e+00
2.407713009406006410e+00
2.493877342369763106e+00
2.301065771764159162e+00
2.982363294782425456e+00
2.444024306797574209e+00
2.694681125628893170e+00
2.452733390391234281e+00
3.028423294791137810e+00
2.524327292572763781e+00
2.721896531154083476e+00
2.612466683451555305e+00
2.507162318336018991e+00
2.672659555238739326e+00
2.183333711811539679e+00
2.822866420568805434e+00
2.795178557914413275e+00
2.405401714344550079e+00
2.450096582196736428e+00
2.327819036219834992e+00
2.303161986122967519e+00
2.649264568298432820e+00
2.563868778687297123e+00
2.061815590821521216e+00
2.636098763360723574e+00
2.017405576763151576e+00
2.494744293936005164e+00
2.579428795331682789e+00
2.353618273113166737e+00
2.484354306853434391e+00
2.514289801964308513e+00
2.230282451660645648e+00
2.642823512520649842e+00
2.346537343994359759e+00
2.715433231770189693e+00
2.416715462682658355e+00
2.312577335394532252e+00
2.079683561951146231e+00
2.200965582019547284e+00
2.816601940212408728e+00
2.694483115987315269e+00
2.487741880105783565e+00
2.349171690719059846e+00
2.517980939780444238e+00
2.910080259587449980e+00
2.654119889969491108e+00
2.433401651267360855e+00
2.176890997040809239e+00
2.829578035756552978e+00
2.677929038120206329e+00
2.619086551529122175e+00
2.715640370597621533e+00
2.383350797031032364e+00
2.079789574061359225e+00
1.896079481747926954e+00
2.740514753784285773e+00
2.268487576511960313e+00
2.354836344116480795e+00
2.972234213540734693e+00
2.367750844997794868e+00
2.466252461011631425e+00
2.469352069978935305e+00
2.374769020574179823e+00
2.811901992335763101e+00
2.623932843368018020e+00
2.094349888933841886e+00
2.789409347879926671e+00
2.532688744689403304e+00
2.294765133942948232e+00
2.668614194665670070e+00
2.528087218636006828e+00
2.161537061131226345e+00
2.396057741395841933e+00
2.926701790799896674e+00
2.783089338060869000e+00
2.209015400025566400e+00
2.773671211535601699e+00
1.941403091696976002e+00
2.816416436062102679e+00
2.601355501394634118e+00
1.946836497747739037e+00
2.589656968097431289e+00
2.336801366806848801e+00
2.518988884444679943e+00
2.044697270663866639e+00
2.210897391024684744e+00
2.271358954440302114e+00
2.217562743847923734e+00
2.469441786638093994e+00
2.301075271093773189e+00
2.635295522149127656e+00
2.416341486697813679e+00
2.493808324993974868e+00
2.278663874506253073e+00
2.454138367712818791e+00
2.433751933991256333e+00
2.724804853045750264e+00
2.105798449784518134e+00
2.321398635893449747e+00
2.120773281387168474e+00
2.178812037811216129e+00
2.227035474572830687e+00
2.751526623144466388e+00
2.589989134463946741e+00
2.211879722256627545e+00
2.491118159740442817e+00
2.807873825176661509e+00
2.455993948646303604e+00
2.802692706459411376e+00
2.604714276727163380e+00
2.754871991378556650e+00
2.318928318553416634e+00
2.508297929079668087e+00
2.832525362883327791e+00
2.236635957239409223e+00
2.828826353121621118e+00
2.043446871348209015e+00
2.269487028403139206e+00
2.546802908949333144e+00
2.384710766430361950e+00
2.649168853314012306e+00
2.417918687198188366e+00
2.544249982064281657e+00
2.486164521696260454e+00
2.148567058724679235e+00
2.622612819579069665e+00
2.182928593168753650e+00
2.904857084811435008e+00
2.583847777409014501e+00
2.397010440277642207e+00
2.585414546526578761e+00
2.517496345491768039e+00
2.642641843318009887e+00
2.094094313023739495e+00
1.666830654470828454e+00
2.255048915449079594e+00
2.614520395787812479e+00
2.171832200408558400e+00
2.445874770340878079e+00
2.791930916518401418e+00
2.543022908008738980e+00
2.647691651341206764e+00
2.630662432044394095e+00
2.778757180712573938e+00
2.706035425079240664e+00
2.237574560911879562e+00
2.087223265110527137e+00
2.556722341419699340e+00
2.552376431692673364e+00
2.809580421620314628e+00
2.674409401927930308e+00
2.623130835668369354e+00
2.340381076871783872e+00
2.601364967389880878e+00
2.176312675609366032e+00
2.067172345846785220e+00
2.253828212073650583e+00
2.490913697673078353e+00
2.160154029471840431e+00
2.120833766680889187e+00
2.218628942133650916e+00
2.782081620219063911e+00
1.984097772475363897e+00
2.724278752533217052e+00
2.379434449532504381e+00
2.533405918454676886e+00
2.579870323159840328e+00
2.452975994544138949e+00
2.259161612883876735e+00
2.438755945285274951e+00
2.537262837617191735e+00
2.809405783085146435e+00
2.431867359708270726e+00
2.693854469561683729e+00
2.420470325719032978e+00
2.493189639811844938e+00
2.271311809142518623e+00
2.693077205530422180e+00
2.651567081985916285e+00
2.311319836947175688e+00
2.327921304171166383e+00
2.527171066511421316e+00
2.052482884410093966e+00
2.630271191759087301e+00
2.534378877685769194e+00
2.481829515158595179e+00
2.299987552586834294e+00
2.667061237873252555e+00
2.407562212734318585e+00
2.822085863051239318e+00
2.276525879373309635e+00
2.307292420027899027e+00
2.296194352201723188e+00
2.262052479949453243e+00
2.764769574632892635e+00
2.322432612987161527e+00
2.152156759581958845e+00
2.468608425200535805e+00
2.141740166748537177e+00
2.034149690262553989e+00
2.354312055605392917e+00
2.171983299840985371e+00
1.992221582615884001e+00
2.277014937995755162e+00
2.695874086437221706e+00
2.769934955762562989e+00
2.430436346819922377e+00
2.107209602128846448e+00
2.103346221488259005e+00
2.161863414445926779e+00
1.982924328579625195e+00
2.410960601756595434e+00
2.694204178930155180e+00
2.214831660069564556e+00
2.125510636501317663e+00
2.473678871531068690e+00
2.408578868236534554e+00
1.886509713299243884e+00
2.706172071027179715e+00
2.223299018553580808e+00
2.659438989979126866e+00
2.783458456759996924e+00
2.710639285240355800e+00
2.510700138999414577e+00
2.771946229175330068e+00
2.468999210403405087e+00
1.768457736069504849e+00
2.258785881072625568e+00
2.217546887339953088e+00
2.643824409908494211e+00
2.697594305781167101e+00
2.214083924816607762e+00
2.457824882896789020e+00
1.859105473250599161e+00
2.544403122828374553e+00
2.300745059947226778e+00
2.236045527457637405e+00
2.474665275749598603e+00
2.800344928428232905e+00
2.473752136087798981e+00
2.158250613454753886e+00
2.341173305198270160e+00
2.475927194270407306e+00
2.309449734122112297e+00
2.210591364142767024e+00
2.477787101490477095e+00
1.881741003394636902e+00
2.506838971713629682e+00
2.464385091008955975e+00
1.960391399341598673e+00
2.360568134579126287e+00
2.109731708390311766e+00
2.227223020123395347e+00
2.681531504957084255e+00
2.288390690389027426e+00
2.430822263748093626e+00
2.792704475677688869e+00
2.646728180528373109e+00
2.526945082606012694e+00
2.560349803188937567e+00
2.555789475318214876e+00
2.389646088809305624e+00
1.694902198739941745e+00
2.731382943367740346e+00
2.377875636309323415e+00
2.274328458931459629e+00
2.813216434351878181e+00
2.079965388227865475e+00
2.755905559648654357e+00
2.566826000286523524e+00
2.553682458475288186e+00
2.411555086944506598e+00
2.326657602021802163e+00
2.752623585592905986e+00
2.119665184713377393e+00
2.422290150349540649e+00
2.490781776828968841e+00
2.152626336752058833e+00
2.787010207863547695e+00
2.694145226802703075e+00
2.206001657279525574e+00
2.760863169258343852e+00
2.581498935301184794e+00
2.555794446526034047e+00
2.367284989294544228e+00
2.049349914505627979e+00
2.475552270262407539e+00
2.409801585954512326e+00
2.930460089088281705e+00
2.247106377110444697e+00
2.474272585763325871e+00
2.341340745818209612e+00
2.772242316932930439e+00
2.317124425350769013e+00
2.174911839771099586e+00
2.738862688926005706e+00
2.186309389575902706e+00
2.342664610452580121e+00
2.645337089002608444e+00
2.530286704755164706e+00
2.755487743397768252e+00
2.737314000951107662e+00
2.349988104198999395e+00
2.319955801229833359e+00
2.426529374330163247e+00
2.683410135047077816e+00
2.443806058783839497e+00
2.614195139653600286e+00
2.301722029806306136e+00
2.353459146188598972e+00
2.537372840162499088e+00
2.480620217950491480e+00
2.319741496985439966e+00
2.380925655877018432e+00
2.015764551971457319e+00
2.616997342209771649e+00
2.669189533224657573e+00
2.388625274234048135e+00
2.588567275327783079e+00
2.386655350927737729e+00
2.799129710856965492e+00
2.370605657780525455e+00
2.535146309146797172e+00
2.201360520571006063e+00
2.331634271338261843e+00
2.437173268554282402e+00
2.141750842699047919e+00
2.587954023792397695e+00
2.561001482399978713e+00
2.335279424783179181e+00
2.296883205813073037e+00
2.001381889083370780e+00
2.376438620346520203e+00
2.460969557716811806e+00
2.505364681262581161e+00
2.395448546123920774e+00
2.324121525638482844e+00
2.336585268896255840e+00
2.222994451079843614e+00
2.658564322038997396e+00
2.867749772953190224e+00
2.363349762624512795e+00
2.601609677465933856e+00
1.971435956668549094e+00
2.588956124836840456e+00
2.296599999923168767e+00
2.745018365492061019e+00
2.898965068693128089e+00
2.095402915452272197e+00
2.229985290505940743e+00
2.505287109316357341e+00
2.038238604136201282e+00
2.515309700579053676e+00
1.962631030520352704e+00
2.454410588212825761e+00
2.713215871824759429e+00
2.283464481838052951e+00
2.543136017281407035e+00
2.540694410994024821e+00
2.732931606153726989e+00
2.318443436547108938e+00
2.253142605550963573e+00
2.752775823570417835e+00
2.744175608026916624e+00
2.425595216576364344e+00
2.480234966941565311e+00
2.366865287085709646e+00
2.440635156414551865e+00
2.598035114001555179e+00
2.472435564702223587e+00
2.394245382617430362e+00
2.394783852906774868e+00
2.454414910070245703e+00
2.321682149759138447e+00
2.709106821691313893e+00
2.037027784950383058e+00
2.445355551164004382e+00
2.547825486405245421e+00
2.283895017563958962e+00
2.710615900886287566e+00
2.027439598331100434e+00
2.734661675378395440e+00
2.135953869342714917e+00
2.476997578338564487e+00
2.619121207749681712e+00
2.592596235932554727e+00
2.121872691138370293e+00
2.687560921118319346e+00
2.045858169436207685e+00
1.935511823648107921e+00
2.394362188578142092e+00
2.884336700465133685e+00
2.397044764401360606e+00
2.343080073676488517e+00
2.375440398529018449e+00
2.403476868391040355e+00
2.208772106290855852e+00
2.269763191548346271e+00
2.130010158786380892e+00
2.902246277560348808e+00
2.387796013190200739e+00
2.718402160658605737e+00
2.216893140727504541e+00
2.469855203319407444e+00
2.579538662927233439e+00
2.146004740752107676e+00
2.455189721902862665e+00
2.603513071118424005e+00
2.370283533817172383e+00
2.284577797098882534e+00
2.178926533929268050e+00
2.453891451465410434e+00
2.663227378528328249e+00
2.311878480448805284e+00
2.564891927812233963e+00
2.491118394882182674e+00
2.387993937823392088e+00
2.788094824407949535e+00
2.652558652950613993e+00
2.217223480499264099e+00
2.318723344136723430e+00
2.296608600534376876e+00
2.555143293156866058e+00
2.962288642734002497e+00
2.343092576887034983e+00
2.413701346116293500e+00
2.353972258019560115e+00
2.721589404082457087e+00
2.569163169957941140e+00
2.518192010243709866e+00
2.092563704992262519e+00
2.830863869603012173e+00
2.386421994367935451e+00
2.355784093471598339e+00
2.743895386157795713e+00
2.460306243066533671e+00
2.452145749758067428e+00
2.784567563556529457e+00
2.818519821140244019e+00
2.277383105957566212e+00
2.503989007778959497e+00
2.804718840936490043e+00
2.312783956479274483e+00
2.694299064214124240e+00
2.856944789388908834e+00
2.002822026864762961e+00
2.567785411608229929e+00
2.498091205111090840e+00
2.976931827554421428e+00
1.867295173787888896e+00
2.481447813227581900e+00
2.772717111175009741e+00
2.537055586322629619e+00
2.447680894525646966e+00
1.974535439259397895e+00
2.889223193860503081e+00
2.302949250304698658e+00
2.209827304901707201e+00
2.573374292593859192e+00
2.441985750680662370e+00
2.114776785267468817e+00
2.287647366702048490e+00
2.968632671131236300e+00
2.785009811570738680e+00
2.436010319792738521e+00
2.359322544404562461e+00
2.419832123950112823e+00
2.366041271073954899e+00
2.581943933187739848e+00
2.172024662437093134e+00
2.855556403511144925e+00
2.450066292237163879e+00
2.626498699299820494e+00
2.472072801144169940e+00
2.392212490566086203e+00
2.713673134105564877e+00
2.347094542219770208e+00
2.639617010547131493e+00
2.512196871413827637e+00
2.735083550619625825e+00
2.037637858284541359e+00
2.351713074928185598e+00
2.479302183551091332e+00
2.824063292087389598e+00
2.493641926603956449e+00
2.542915398209762312e+00
2.265294342732970367e+00
2.132578124091701888e+00
2.518712109343971939e+00
2.567390367649124094e+00
2.496771351233329383e+00
2.253804134233629686e+00
2.178346759057672610e+00
2.298862674730845601e+00
2.972265617613919719e+00
2.749366842205005046e+00
2.412984589943141689e+00
2.029773503406067992e+00
2.608449265207641421e+00
2.160243215386652427e+00
2.453471866478923680e+00
2.070404653226481706e+00
2.439856530218957875e+00
2.717645060594662709e+00
2.869622174741655485e+00
2.499745497001043315e+00
2.654699057541453300e+00
2.488242968344001049e+00
2.559288636733011213e+00
2.168991316329038188e+00
2.282867107184940014e+00
2.475624751250925293e+00
2.142678689255288482e+00
2.357806758353019561e+00
2.430384197946406921e+00
2.070104525545652496e+00
2.393712730156280166e+00
2.799932016283067870e+00
2.650600856297943508e+00
2.206346148521289852e+00
2.324720242616028720e+00
2.567963886691138065e+00
2.349168048012035825e+00
2.664428004401847794e+00
2.288296572819816799e+00
2.401412780626263732e+00
2.599638591341998595e+00
2.489365746899130372e+00
2.136679485587634986e+00
2.259523880357519943e+00
2.941105901902289155e+00
2.088765548156007679e+00
2.744536161415153330e+00
2.206974299296826203e+00
2.032392609809762440e+00
2.497583736181154812e+00
2.551592159908893098e+00
2.210264134848772599e+00
2.700935660198166666e+00
2.067985195698331502e+00
1.968556859061209030e+00
2.485228664829675527e+00
2.364596695899766399e+00
2.736658630500733658e+00
1.947973869205012365e+00
2.677037251898893189e+00
2.143197991160259885e+00
2.456528064755587160e+00
2.436397174554247425e+00
2.289051957569515849e+00
2.631859753114563993e+00
2.392051608672931984e+00
2.659852138571358715e+00
2.777580663239906933e+00
2.690982343932163179e+00
2.488183827008541016e+00
2.139810658817665079e+00
2.441687683019667876e+00
2.408609508522003839e+00
2.859964505373539634e+00
2.317525309818803780e+00
2.089164175309933924e+00
2.468974110041389114e+00
2.519766955787281937e+00
2.414209351400590453e+00
2.433585889454459750e+00
2.755529255676771427e+00
2.706177138623622636e+00
2.650804649654242340e+00
2.416883048372996168e+00
2.360416553967791931e+00
2.611138317549654086e+00
2.835765604883820235e+00
2.319718048989075854e+00
2.436103167879666742e+00
2.934116004222480534e+00
2.715366093994573848e+00
2.233864354343201519e+00
2.516674820922268019e+00
2.399199473302366048e+00
2.684097317569244634e+00
2.794137327098253465e+00
2.562679602594827966e+00
2.033389756853686059e+00
2.463220486584027924e+00
2.343606539197129468e+00
2.144321226885459897e+00
2.426361463301912380e+00
2.412158683094994149e+00
2.621476328506896269e+00
1.988321997655429163e+00
2.597125266660573306e+00
1.835481424497725333e+00
2.232998240736710827e+00
2.835988253519195368e+00
2.567179983957227574e+00
2.315957980016133622e+00
2.711188063133349146e+00
2.247942123246081891e+00
2.714357653830838935e+00
2.098431165929301123e+00
2.520908750455350678e+00
2.579286536623519588e+00
2.928771706681931430e+00
2.468380956900109613e+00
2.231565908707563661e+00
2.052774170814983812e+00
2.503164112351623949e+00
1.963193281791717038e+00
2.674159876551895909e+00
2.929368632605700906e+00
2.473893532193744083e+00
2.348775138114138628e+00
2.722510124857364211e+00
2.611944675353309542e+00
1.910668857820047251e+00
2.495617120626260288e+00
2.624064708315521521e+00
2.436060213152358767e+00
2.106955041154397801e+00
2.643479828914515384e+00
2.641253168900739912e+00
2.885147017688496796e+00
2.441105361619902769e+00
2.606512404834093299e+00
2.980539740402852633e+00
2.720556388093157363e+00
2.231960903006388275e+00
2.425594629245636291e+00
2.401647525222871948e+00
2.789286023633561484e+00
2.369265212964475342e+00
2.194840668698808006e+00
2.354656121137504332e+00
2.115772470170011132e+00
2.924894260467649332e+00
2.105712733820892080e+00
2.775082076369746797e+00
2.613774678811110697e+00
2.529408805628784673e+00
2.576897533969433773e+00
2.593694070254844775e+00
2.033092137593120796e+00
2.544932758920705140e+00
2.291474836573984764e+00
2.978359807458876851e+00
2.373995768256471184e+00
2.000320064618344329e+00
2.173582907103862816e+00
1.960769080456134184e+00
2.557666539473635314e+00
2.351391635710871508e+00
2.406684124217900678e+00
2.429211580931102787e+00
2.371936937429908632e+00
2.811549040494800700e+00
2.627571004426807466e+00
2.363176721051737594e+00
2.667644499635082767e+00
2.376495056304207765e+00
2.417072049325218241e+00
2.686848545238455177e+00
2.231472268388526192e+00
2.583707617043170757e+00
2.565636802434315911e+00
2.230711472870395617e+00
2.090947986434809280e+00
2.212355218826502323e+00
2.236587293909877872e+00
2.039379771866261848e+00
2.534118223825797322e+00
2.325763434436475485e+00
2.744246322813275185e+00
2.316921355635181090e+00
2.248384923745228470e+00
2.415280686607971017e+00
2.191213336874198614e+00
2.560539580169925333e+00
2.349847133559334722e+00
2.345512827547436174e+00
2.619050897394452626e+00
2.475865757203761675e+00
1.887242174948125628e+00
2.192717164480814773e+00
2.321019526357154028e+00
2.292888734678363960e+00
2.133955278988987736e+00
2.229501093933559996e+00
2.303952491758542998e+00
2.089314996523836232e+00
2.247341074544949358e+00
2.276395860036381169e+00
2.725936919566995353e+00
2.169815026912850442e+00
2.473845011078285250e+00
2.532654501508903255e+00
2.369621350626882172e+00
2.670510403128536936e+00
2.665514916960640690e+00
2.541810288984648558e+00
2.672936305563121007e+00
2.348514924011889438e+00
2.486832714782499121e+00
2.490267003757293374e+00
1.847775957340480391e+00
2.193148680111308479e+00
2.431147852477909321e+00
2.509166859728698462e+00
2.275764462177053638e+00
2.380804780418876110e+00
2.490078141679891388e+00
2.507197084070930782e+00
2.746049019862118357e+00
2.866764492233526251e+00
2.693457367508302447e+00
2.393627977460484502e+00
2.402785344901921860e+00
2.543487053457972547e+00
2.523393136598171438e+00
2.127158863216681350e+00
2.552368778978865382e+00
2.900013424287344321e+00
2.489876914169163236e+00
2.745915511788610708e+00
2.261581656605856416e+00
2.488781013963468958e+00
2.577697086866094889e+00
2.840937002339814388e+00
2.192816658811290065e+00
2.152999234124545858e+00
2.776793290444450335e+00
2.726597668089069337e+00
2.349596195248021324e+00
2.372050536286156142e+00
2.818348547964200979e+00
2.312896817748301359e+00
2.512350561307700847e+00
2.298931363470885447e+00
2.365800155849810515e+00
2.550764427961396130e+00
2.217191295415141372e+00
2.376286298585897239e+00
2.190134788901115570e+00
2.162273199718867556e+00
2.372806021169511670e+00
1.801235394448087668e+00
2.186567484358409974e+00
2.568286629974390500e+00
2.366203756175331296e+00
2.879409999974200662e+00
2.454511750875484566e+00
2.556641225601975265e+00
2.463513404859270395e+00
2.605895765929189700e+00
2.733427556698460492e+00
2.435143017679521904e+00
2.219399649603525759e+00
2.746614309802529075e+00
1.974626134607312400e+00
2.800658080597306920e+00
2.801388626051382502e+00
2.669573564392748288e+00
2.630602009577770239e+00
2.401568256324042583e+00
2.765043331219287470e+00
2.221048928957086055e+00
2.594903694983527132e+00
2.534468904731669525e+00
2.694445626125002935e+00
2.365927005524083526e+00
2.874214394587940369e+00
2.799995644207545986e+00
2.492471121541107948e+00
2.324659472830598261e+00
2.346893667999189859e+00
2.403295845172432887e+00
2.449166828162406606e+00
2.210518830021066083e+00
2.037520027485406615e+00
2.448935096360624453e+00
2.939134460776152924e+00
2.355974285303334081e+00
2.887039514159698950e+00
2.500036786439927994e+00
2.842128526939537547e+00
2.262543287932243352e+00
2.582087953449556661e+00
2.223821567708970548e+00
2.810790292600800822e+00
2.448373677242435598e+00
2.567488832254386288e+00
2.175192797903786612e+00
2.539129263732244013e+00
2.536818982990955540e+00
2.382454624478074212e+00
2.529328221297112655e+00
2.319393558002821543e+00
2.742105971636813244e+00
2.624550415181740703e+00
2.938314371702914762e+00
2.714701313635271340e+00
2.322820333784759050e+00
2.113644792037039366e+00
2.147746667820780164e+00
2.525274224072826534e+00
2.050472491637766126e+00
2.256824700176732978e+00
2.087780356136310189e+00
2.418911077544935395e+00
2.692971727556031869e+00
2.436104933824418950e+00
2.858366878633713526e+00
2.678813582115327829e+00
2.634305782166415533e+00
2.510726209292240885e+00
2.584227251990052654e+00
2.466778859437421367e+00
2.196817701874888229e+00
2.317142833806302260e+00
2.532351338174531286e+00
2.242017154776662302e+00
2.228812216025095605e+00
2.607897813646428808e+00
2.309373131110202149e+00
2.678092841920700629e+00
2.653926627232633617e+00
1.898585805681868743e+00
2.231695730652036413e+00
2.307426236555381482e+00
2.597142237498027306e+00
2.549012815086992845e+00
2.640388335418980770e+00
2.517500948068809752e+00
2.102893614755427798e+00
2.537462176733609187e+00
2.546339454947155190e+00
2.881083855597260435e+00
2.277082974163729734e+00
2.670810008929707546e+00
2.659583320621404567e+00
2.378230570916445519e+00
2.518796829762607992e+00
2.509523572150988091e+00
2.575159888484387594e+00
2.609416341960001162e+00
2.304503548510971278e+00
2.526413716655847352e+00
2.703995194809666547e+00
2.374421069625625602e+00
2.475109771401758252e+00
2.223732394782286015e+00
2.577550733503044533e+00
2.721104194756455819e+00
2.592802338031376053e+00
2.683020882936764551e+00
2.695856292028934398e+00
2.608993738993901079e+00
2.502934749823203742e+00
2.375169192014930264e+00
2.652654572551334855e+00
1.987285793906251596e+00
2.687554015932547280e+00
2.750571957770115539e+00
2.145296083654564256e+00
2.583163349335778403e+00
2.177397167166706726e+00
2.466739441094094598e+00
2.549051797358327764e+00
2.253361335382153996e+00
2.035327853370726636e+00
2.449767329874146249e+00
2.692949128001951298e+00
2.952927436568256514e+00
1.845549137839346709e+00
2.132713998727701288e+00
2.365732791324623552e+00
2.019478851483159421e+00
2.313179243863586976e+00
2.352281859064294434e+00
1.718232136134432375e+00
2.733496406965275849e+00
2.487896040055440405e+00
2.393089255996251996e+00
2.620789917263104840e+00
2.265077732642869268e+00
2.452577851935300757e+00
2.212164545517003589e+00
2.353864327317782390e+00
2.411808949631255583e+00
2.829744739299094647e+00
2.640855639738036942e+00
2.030555565529761353e+00
2.345734551890290565e+00
2.463516056896359885e+00
2.647435133472847646e+00
2.770508504957201357e+00
2.412958940760560722e+00
2.771300944703907643e+00
1.990432587606271841e+00
2.765489269661579819e+00
2.452904825480162643e+00
2.267038576926852400e+00
2.591592480270731080e+00
2.836158235096979396e+00
2.245478709320972932e+00
2.618729868762028623e+00
1.823294765431317854e+00
1.696966744904325530e+00
3.038258162434915644e+00
2.531792062627239659e+00
1.968348887924568968e+00
2.729035178776582971e+00
2.509792275155585894e+00
2.288350098835745250e+00
2.171697922776588463e+00
2.680459808611105110e+00
2.476485384002742762e+00
2.057336495221118611e+00
3.050836096735377811e+00
2.235797591861113265e+00
2.811897129841734344e+00
2.540616779967789451e+00
2.171088357857693385e+00
2.528122681095420266e+00
1.962731606853304722e+00
2.056314024881232605e+00
2.652456669763723518e+00
2.264573260155367862e+00
2.755034793382208136e+00
2.436167012597179937e+00
2.850214914868379079e+00
2.601753620734526873e+00
2.658001874812721876e+00
2.072128685315507646e+00
2.734745940486127402e+00
2.087119082146027260e+00
1.742671431688441963e+00
2.280558918676126812e+00
2.084987656176392257e+00
2.428417383437301069e+00
2.478971431949357651e+00
1.866958835218615720e+00
3.027043412862131078e+00
2.463648660241940291e+00
1.949538402415858851e+00
2.179154664977731581e+00
2.675182657977117628e+00
2.825052682268772486e+00
2.946370855985380288e+00
2.257818729341201980e+00
2.423473271947005792e+00
2.915778873861933462e+00
2.676124855708828409e+00
2.079081024561228119e+00
2.616845724158851638e+00
2.320500889508319009e+00
1.958798956344654618e+00
2.669570875742845573e+00
2.466445006662442374e+00
2.698397936498573291e+00
2.841735312148884418e+00
2.434502400818985723e+00
2.624015870334845957e+00
2.452463822043075670e+00
2.474698944606191553e+00
2.241651535210227753e+00
2.474076712593893390e+00
2.423911394155335408e+00
2.432157889850954824e+00
2.504109085348870778e+00
2.354533019300578012e+00
2.183873126678904875e+00
2.864200551923415716e+00
2.598220233905126353e+00
2.024894683062950840e+00
2.468085271359218069e+00
2.452802606923587536e+00
2.349906910742275645e+00
2.087314778330278564e+00
2.445111504712955242e+00
2.321091619504571657e+00
2.214832046950296451e+00
2.220412029108843832e+00
2.171518511597683609e+00
2.377208885728021581e+00
2.401995955598700938e+00
2.267340080541860647e+00
2.505323113033136817e+00
2.347214790779438953e+00
2.518007862823357090e+00
2.606995868981369036e+00
1.905981611321865943e+00
2.816854914873619720e+00
2.312934372236571612e+00
1.719767736226126997e+00
2.546945226414953911e+00
2.335062984044447898e+00
2.371570638348603044e+00
2.389558859267766788e+00
2.304279018506019128e+00
2.278278141043430516e+00
2.289120427939774771e+00
2.604960064955354149e+00
2.773921320410940972e+00
2.178860356411318477e+00
2.401994982315319938e+00
2.226394604305237834e+00
2.539506806638417657e+00
2.013646264208662551e+00
2.209074610256232418e+00
2.495836369513050546e+00
2.867384076038611340e+00
2.144763353013054541e+00
2.136403397880929589e+00
2.042570367373414797e+00
2.145335332111250715e+00
2.292153884875681058e+00
2.679615076051861333e+00
2.237271213372411527e+00
2.661214703452685182e+00
1.953595987686017166e+00
2.164143448877454468e+00
2.353730397527912466e+00
2.688428932103384295e+00
2.653841795238091272e+00
2.698823639173958178e+00
2.452889793625891102e+00
2.409390721078242592e+00
2.374904079354456243e+00
2.369716856470641453e+00
2.879235496189170629e+00
3.001552850434634045e+00
2.174694798914159399e+00
2.112714558243808938e+00
2.308309677460024023e+00
2.611364600114284062e+00
2.138875322614962826e+00
2.569778400909601856e+00
2.946142821726664973e+00
2.198527115922203734e+00
2.253177073213732839e+00
2.568796765834295392e+00
2.908277400956230441e+00
2.638887817443071881e+00
2.312510189475797784e+00
2.091980366962879145e+00
2.342596486755367469e+00
2.698677543992859640e+00
2.358315972515075742e+00
2.731704160645933133e+00
2.341228097491700577e+00
2.103514039689807547e+00
2.729235474047152721e+00
2.937801293410319925e+00
2.724265587495529495e+00
2.557554984533875420e+00
2.422095669409122465e+00
2.457416942534687898e+00
2.497021792334789936e+00
2.364727396226009581e+00
2.327300952117145272e+00
2.202147907871006005e+00
2.544589675341280000e+00
2.308059646902035134e+00
2.147317485922116465e+00
2.412236138683325315e+00
2.378697713294699145e+00
2.469279803060424605e+00
2.600833931015620326e+00
2.379763494725158690e+00
2.950487423904747164e+00
2.426897792711668167e+00
2.612180264543607855e+00
2.653934384399704083e+00
2.340145073478543836e+00
2.583680792544938321e+00
2.738752060649682907e+00
2.811824893055693941e+00
2.806633892471618985e+00
2.871710452938008640e+00
2.692903239803754012e+00
2.494040570278228675e+00
2.525353624128486629e+00
2.755600456193513459e+00
2.351675751344571630e+00
2.166768554825643456e+00
2.885312603149306820e+00
2.495078853413752018e+00
2.433913100439442978e+00
2.244109129616568499e+00
2.381362506081887709e+00
2.716231323604311410e+00
2.282303245405052028e+00
2.230854966441750520e+00
1.962834143053766578e+00
2.380363737649224376e+00
2.719357334111998981e+00
2.194382700492948146e+00
2.237955674196096645e+00
2.105247517810157731e+00
2.738790644681471154e+00
2.111276199994270186e+00
2.411424875023677306e+00
2.519142487118615215e+00
2.171889264225234761e+00
2.746679287924605806e+00
2.489699380044536614e+00
2.310117493290343660e+00
2.262822441051688394e+00
2.683156364073762123e+00
2.462179266122415999e+00
2.093648443620132138e+00
2.298126061366771999e+00
2.316913476593133403e+00
2.812621221072299171e+00
2.619212783084517326e+00
2.852964156137216989e+00
2.349257281134373265e+00
2.003712694275650907e+00
2.807219463880644472e+00
2.596563136525787296e+00
2.107053928840061818e+00
2.496324374618415831e+00
2.344906303065678266e+00
2.642106733219300452e+00
2.526121905320976690e+00
2.606491266249694405e+00
2.800263440893918432e+00
2.372212230264167054e+00
2.182267245850857851e+00
2.516151489925354756e+00
2.287317996387620234e+00
2.410258641626645826e+00
2.297013245940746184e+00
2.449569255488294850e+00
2.470789706625695192e+00
2.286426069957185447e+00
2.407779388978483315e+00
2.569595191827402481e+00
2.330312106725748400e+00
2.685187528683919300e+00
2.172028223810297920e+00
2.512652613370882637e+00
2.311281558710162720e+00
2.361720938281552051e+00
2.196393570929326078e+00
2.647206077459460349e+00
2.596085953406794822e+00
2.678135872953235630e+00
2.341245907740845400e+00
1.725400725692899595e+00
2.432655332269739734e+00
2.550106180349863916e+00
2.288389009848167621e+00
2.772373834205317245e+00
2.164565894867877649e+00
2.268585857881523893e+00
2.539996767992399374e+00
2.453950370870014552e+00
2.465313578299309416e+00
2.526976682980683009e+00
2.421226032624069102e+00
2.399198712581857684e+00
2.127376667248534581e+00
2.671068927418246197e+00
2.485872498972516276e+00
2.114243687725782195e+00
2.370861037471406974e+00
2.178557087592178920e+00
2.441046270814155150e+00
2.567330239408535775e+00
2.127616477368052372e+00
2.607037870876758312e+00
2.899203855899822546e+00
2.222870766285390154e+00
2.230793934207315754e+00
2.784224951557717986e+00
2.668382532223903425e+00
2.533099474548492047e+00
2.651041990281207905e+00
2.592291634649458221e+00
2.612200547301230191e+00
2.416900761690046195e+00
2.770615320837181983e+00
2.279584300266324526e+00
2.843595439706123607e+00
2.423914283365342648e+00
2.157186730692997934e+00
2.319794103864792234e+00
2.258991471473294155e+00
2.068644770956507450e+00
2.682491730481942671e+00
2.926231119938124792e+00
2.464832967189037216e+00
2.605809138017080251e+00
1.906391501107407072e+00
2.468129141055122044e+00
2.401796543326369715e+00
2.576007083051541802e+00
2.522034321620039155e+00
2.592602266000768818e+00
3.079648856431002724e+00
2.439193027156453031e+00
2.342148691589248433e+00
2.948442545990319630e+00
2.522136588560368153e+00
2.466228814331487218e+00
2.483448447100736534e+00
2.627039668105036085e+00
2.488501324145941052e+00
2.076485871907142400e+00
2.531420225480678354e+00
2.762934287825136614e+00
2.689284924267785204e+00
2.369547783085536707e+00
2.644374830680439104e+00
2.824236279683379536e+00
3.010532538775343880e+00
1.818862264778361437e+00
2.636609175038042263e+00
2.494944031943627571e+00
2.020304008551647268e+00
2.802009923020087001e+00
2.786723576749455589e+00
2.057165844385249187e+00
2.423161480445475746e+00
2.437918543379900882e+00
2.554041169303494563e+00
2.868506066907848151e+00
2.114726341477409566e+00
2.731073242703636161e+00
2.384465552010523126e+00
2.434875319292977291e+00
2.577200792145739605e+00
2.477556812145801146e+00
2.074452836766953023e+00
2.928150985197096379e+00
2.307268469967962865e+00
2.345854692325154645e+00
2.716111056212394459e+00
2.265957127074062161e+00
2.264346513738477285e+00
2.383736592689376099e+00
2.511583473239088704e+00
1.762760721966337041e+00
2.998546617255593905e+00
2.239411066560955899e+00
2.744978399966508498e+00
2.584370717685425589e+00
2.427691089263996460e+00
2.344007811658940454e+00
2.416189560967615169e+00
2.096801603464828467e+00
2.094025460915855064e+00
2.306351138610311491e+00
2.587793208032752812e+00
2.501305201975048575e+00
2.603961192528295054e+00
2.762924763202480261e+00
2.162692469397732520e+00
2.149087727636618705e+00
1.937150574772483536e+00
2.799365312886697321e+00
2.043276930243475675e+00
2.435334486117805231e+00
2.433245587509462293e+00
2.909099721737727684e+00
2.515933428588522425e+00
2.244824723748707562e+00
2.302651260965826729e+00
2.258517452357105881e+00
2.651787489202622972e+00
2.172517597438795356e+00
1.930462165970994626e+00
2.432842089179946488e+00
2.914678374153438778e+00
2.539701414045627992e+00
2.400306376345787029e+00
2.940785478733284997e+00
2.521632837561173179e+00
1.936855782754081767e+00
2.198725459871799348e+00
2.427204270580024748e+00
2.825764308894989973e+00
2.153755700273524809e+00
2.441096965004497577e+00
1.953342102437528593e+00
2.628878115226298551e+00
2.578494913125031651e+00
2.120474488515249334e+00
2.567933884612735973e+00
2.604894822484132622e+00
2.332497703812486556e+00
2.516919314219441262e+00
2.382293059571103822e+00
2.224851745138908932e+00
2.835373956438453025e+00
2.579913976501661210e+00
1.986037921569077325e+00
2.446434792849741413e+00
2.750094982003608024e+00
2.779595708993491510e+00
2.129768863723625394e+00
2.605812315344404162e+00
2.520212509861485373e+00
2.249333806424405502e+00
2.206752271825640044e+00
2.614728107894555009e+00
2.177933381332661344e+00
2.023352244719778703e+00
2.478245225167400978e+00
2.279937050478474614e+00
2.357527777474899722e+00
2.061458070603460868e+00
2.371379580818600452e+00
2.276681025120030455e+00
2.193884188246571387e+00
2.553657007699567494e+00
2.527967433697160260e+00
2.697782075735259522e+00
2.562023077346529121e+00
2.538811483763474097e+00
2.239515772224810242e+00
2.470070455416648603e+00
2.100611251136702329e+00
2.410671986115221710e+00
2.208998285973361231e+00
2.053486445821128825e+00
1.879823007149301395e+00
2.407341586675539880e+00
2.742398324174880386e+00
1.923728101524663225e+00
2.846364458645918027e+00
2.249357584150111222e+00
2.092369092583836299e+00
2.499569629800212578e+00
2.308789978755939387e+00
2.556126833415803379e+00
2.600666582796616222e+00
2.784311164697871543e+00
2.526409393018052896e+00
2.385597092520703733e+00
2.480645370459183319e+00
2.539708224407510873e+00
2.254907873020728371e+00
2.423065284866974700e+00
2.385126985829856050e+00
2.308766107042897087e+00
2.372122674901637307e+00
2.395151798870509552e+00
2.647814141595775883e+00
1.837672012138604538e+00
2.268816367296652814e+00
2.500158288077792168e+00
2.658669647763829413e+00
2.144290723931793874e+00
2.414465032524470978e+00
2.323102597340039210e+00
2.200148083427029277e+00
2.432321628527608137e+00
2.467014680225750656e+00
2.621041701246900502e+00
2.899523640929098978e+00
2.770460492851237966e+00
1.991347639265501179e+00
2.746475780771593378e+00
2.424194594587394391e+00
2.390900071519396874e+00
2.795010248320673352e+00
2.845309901135687713e+00
2.437987627253593192e+00
2.213439599101636901e+00
2.759844476331615226e+00
2.495628170092133225e+00
2.572023027602576839e+00
2.241696883300428045e+00
2.641181317845902043e+00
2.507761667233014524e+00
2.122124098549232230e+00
2.414708092992467137e+00
2.950254588822948332e+00
2.332466572101035140e+00
2.420541399771830804e+00
2.400092036580094845e+00
2.265620811118785660e+00
2.117448754645974596e+00
2.405185370981317128e+00
2.873159632793465423e+00
2.474783084483525020e+00
2.216255322339097500e+00
2.811724442921290201e+00
2.387291007800594667e+00
2.499966743906429478e+00
2.565584814709686245e+00
2.865887268209930561e+00
2.652626302050796081e+00
1.987832707485090999e+00
2.161562838467737002e+00
2.184334647637438120e+00
2.738816093191940748e+00
2.612316899088641176e+00
2.614906618916807535e+00
2.063965244379730279e+00
2.470668265329364566e+00
2.638021495039253317e+00
2.393215198310193692e+00
2.335609290980149133e+00
2.945197236678276376e+00
2.480555804679615672e+00
2.932184819662817077e+00
2.877162930038662303e+00
2.322178555223780805e+00
2.900113833148019182e+00
2.550178056372448765e+00
2.647360374352390799e+00
2.334013839403474400e+00
2.783854204444577540e+00
2.399915173332462626e+00
2.589639247918986253e+00
2.790010810826479837e+00
2.368427096478951555e+00
2.510670738324160212e+00
2.797283450182085129e+00
2.434605055693501718e+00
2.551025793417235565e+00
2.671244956630079770e+00
2.030095722954500914e+00
2.478709979834801125e+00
2.500760618364249233e+00
1.946847548764118807e+00
2.592565750543339043e+00
2.525040415267271410e+00
2.719173899267111949e+00
2.802097589592020377e+00
2.241207904421222086e+00
2.439969174475774771e+00
2.561512474999930067e+00
2.742062272139993429e+00
2.353692565803513492e+00
2.412144879080392101e+00
2.848787617454868748e+00
2.516489461441079989e+00
2.636037348453246221e+00
2.490652090872730540e+00
2.664408178694804619e+00
2.233318341236475213e+00
2.403041773819977855e+00
2.465184401819216831e+00
2.165314189950724444e+00
2.327821118944807921e+00
2.268349077912312328e+00
2.591814053848128907e+00
2.219225444955127635e+00
2.203623283764740926e+00
2.681154042154217709e+00
2.661797380755613673e+00
1.993638217255861544e+00
2.824406199133479678e+00
2.155244704590110416e+00
2.454730633166409159e+00
1.868228890468085046e+00
2.519558653227778056e+00
2.274926815617800635e+00
2.505765520216645115e+00
2.537720815098569282e+00
2.926477172711364094e+00
2.938359950195308379e+00
2.296249015289646422e+00
2.535464332496649487e+00
3.032271416367576133e+00
2.655043556703367447e+00
2.432206956933064212e+00
2.373540011414641437e+00
1.994826075966523060e+00
2.192027408198982119e+00
2.649634755726562929e+00
2.799978951322018794e+00
2.070254479317602758e+00
2.618143661295649682e+00
2.322806599603599143e+00
2.754244920500337201e+00
2.408669159601876775e+00
2.343100786535423641e+00
2.619733084665760270e+00
2.008548643420782653e+00
1.945737555044265710e+00
2.461591001323832462e+00
2.542464378953964044e+00
2.651192532570185723e+00
2.216503807360601375e+00
2.510541208615961306e+00
2.209209465172654596e+00
1.985976724160368967e+00
2.592796476755097501e+00
2.453878188824635487e+00
2.178400806622561081e+00
2.518870445482597642e+00
2.876021308556177658e+00
1.884906881823979807e+00
2.398852977493034722e+00
2.343589130502015117e+00
2.373253250188500196e+00
2.662993012446974728e+00
2.715245786404142603e+00
1.951497836672363873e+00
2.150660703448534772e+00
2.616041304141050183e+00
2.797577620862984560e+00
2.900588584547803439e+00
2.117847089468373412e+00
2.435461843309014718e+00
1.992393562547380315e+00
2.950087748524697684e+00
2.152088265875939044e+00
1.898680893115406665e+00
2.604820216944757405e+00
2.547465143543905075e+00
2.316651922145898101e+00
2.474348701270253414e+00
2.260311957727088927e+00
2.019586344461939742e+00
2.735948787809554528e+00
2.806858550715246814e+00
2.440841755063424490e+00
2.333274507385316276e+00
2.229974915803590640e+00
2.536392971898781656e+00
2.885943440494117773e+00
2.217237732616443857e+00
2.255509979484574767e+00
2.276188194254508801e+00
1.684890450935525807e+00
2.043382902001435575e+00
2.354931195515614917e+00
2.263017653557551689e+00
2.816325357165242238e+00
2.165531994051145492e+00
2.268667697102396463e+00
2.247790754799746882e+00
2.513520110709934752e+00
2.437562451954330189e+00
2.663939386543142440e+00
2.456189966755006893e+00
2.950100087134789550e+00
2.140538578210775089e+00
1.975210333599344281e+00
2.534200593675199897e+00
2.780093678853551964e+00
2.059900388833239226e+00
2.357151355599412579e+00
2.616566680967643332e+00
2.888715795503777883e+00
2.103153323744960446e+00
2.254463460460140567e+00
2.456570826321503809e+00
2.677382853622328085e+00
2.190058499682816517e+00
2.164668157913919533e+00
2.645806671548781797e+00
2.628308898997145704e+00
2.387164138991663798e+00
2.431938200322260712e+00
2.265660293502614664e+00
2.406819642003684923e+00
2.794392532399618378e+00
2.397383546609700211e+00
2.349403682818658190e+00
2.665487462993353152e+00
2.460900585503573268e+00
2.461312034095776369e+00
1.941494481558289298e+00
2.163000689270401011e+00
2.515182749733925416e+00
2.165029609311746484e+00
2.561882376057410760e+00
2.897890970925090848e+00
2.358116653138051966e+00
2.498699148810155091e+00
2.827106509104818421e+00
2.655778469569608280e+00
2.267802275703228787e+00
2.197560328189046341e+00
2.182587328547179517e+00
2.201085330946837448e+00
2.758776778755200443e+00
2.431589471999578311e+00
2.915451153403854079e+00
2.259116101811970090e+00
2.240450680769884961e+00
2.463098642825560347e+00
2.590915136866077884e+00
2.278549995959794572e+00
2.951739460958681782e+00
2.454096089023840133e+00
2.747630335973854532e+00
2.611522295223849710e+00
2.773663737972415610e+00
2.720866625629297708e+00
2.477409892268604086e+00
2.746298304040156513e+00
2.252436343260384000e+00
2.723550875965143003e+00
2.023118512203541552e+00
2.513831551412518017e+00
2.506981979694742790e+00
2.651740473882059579e+00
2.655505328437125279e+00
2.808222702221131684e+00
2.702203327811944167e+00
1.859898332437694979e+00
2.396542537695371067e+00
2.489994874700991900e+00
2.387350514606772833e+00
2.483120333177180061e+00
2.998830613978128667e+00
2.190201744904698877e+00
2.736328896316777115e+00
2.136638331286232262e+00
2.447541116869623501e+00
1.982273477207679990e+00
1.980216875208615779e+00
2.292125220093146787e+00
2.778857470065795976e+00
2.658110576206075493e+00
2.101194873550685571e+00
2.107005395750690457e+00
2.407002925923221959e+00
2.702833389696476907e+00
2.280189654514163777e+00
2.857036991878137755e+00
2.410396547130949862e+00
1.938981115120419929e+00
2.723490062221339159e+00
2.318634844602633027e+00
2.490765380496574366e+00
2.206679978539387577e+00
2.919136080853012238e+00
2.868845035082025152e+00
2.353334123435340874e+00
2.482552365358386304e+00
1.887182351357535204e+00
2.526828727128930474e+00
2.459716320016866575e+00
2.551876822638286413e+00
2.138839866148600777e+00
1.806245129386253367e+00
2.843160098383538337e+00
2.489784562646025545e+00
2.396053749827816493e+00
2.280193824198422092e+00
2.264350808176075702e+00
2.867455534794636218e+00
2.317957287368059838e+00
2.505347559930227064e+00
2.183557616452494798e+00
2.578409557190568524e+00
2.548213067573617874e+00
2.683407763178159655e+00
2.236569542198514782e+00
2.094396175491743506e+00
1.879802001073622719e+00
2.315741253296989655e+00
2.188056741244545744e+00
1.855986097322475104e+00
2.496246481303276976e+00
1.976027599159077663e+00
2.811347685656249151e+00
2.389303442941856481e+00
2.619886033929178293e+00
2.130810857318992113e+00
2.893119580319915229e+00
2.218383529206619631e+00
2.734567723175795440e+00
3.017550350852528318e+00
2.397503780493118075e+00
2.550990011298897020e+00
2.243895377232719923e+00
2.217074756944015235e+00
2.453599818846084357e+00
2.589416847597575622e+00
2.899568769330906903e+00
2.505125861390142816e+00
2.520872868480807050e+00
1.796607817951868968e+00
2.413839615654938431e+00
2.697306494344353212e+00
2.085511417090063269e+00
2.828833092797835125e+00
2.764656041287469890e+00
1.999450503311048344e+00
2.475681548518692487e+00
2.678789989089144452e+00
2.379281039828416766e+00
2.335529198670510898e+00
2.390561189795411767e+00
2.873907515393853807e+00
2.345609234680975597e+00
2.230285537197291834e+00
2.451771302305287392e+00
2.643530906551536219e+00
2.456344886826785867e+00
2.770835007205145306e+00
2.183310560794505140e+00
2.280976154271006973e+00
2.386913884470423852e+00
2.344571850120571455e+00
2.130063952874564848e+00
2.614519462693420504e+00
2.433858670723126227e+00
2.099092151315206323e+00
2.677662585333258960e+00
2.501161021054470357e+00
2.018560597580068006e+00
2.298717034853195784e+00
2.787308708373529065e+00
2.755762424112130571e+00
1.998564067748729967e+00
2.779139248771088422e+00
2.357465733166065114e+00
2.412421988118775396e+00
2.348072213048955970e+00
2.666430638248892926e+00
2.644387032381705360e+00
2.831049046445732298e+00
2.748373765754180909e+00
2.297035236901719291e+00
2.055064942879786472e+00
2.828779061326294197e+00
2.573756097400637266e+00
2.389611079113819425e+00
2.314909426445171281e+00
2.365934307537312264e+00
2.416410194551961599e+00
2.368245575315363727e+00
2.466811695789710157e+00
2.178276917073323382e+00
2.813444664890633273e+00
2.397567777105918729e+00
2.410388985806153794e+00
2.758801083343451754e+00
2.143280996198577704e+00
2.694566040824815989e+00
2.472733222442110801e+00
2.203699222732582008e+00
2.594216203024926060e+00
2.343065480257636501e+00
2.545562359409161424e+00
2.300747055440278022e+00
2.255463435589438514e+00
2.344160026679917852e+00
2.166507672913859484e+00
2.295711964776692593e+00
2.606263232996404167e+00
2.025379427292650636e+00
2.573047139981570197e+00
2.261865778894689871e+00
2.665124974257809587e+00
2.322823825093272010e+00
2.880303444854192652e+00
2.091150029620989503e+00
2.433738048263308418e+00
2.403051600609172667e+00
2.519220868868011109e+00
2.622730701009329479e+00
2.127140901201136636e+00
2.170517938228438304e+00
2.749757696504417481e+00
2.303111087373893362e+00
2.338742767660168642e+00
2.710973919754599670e+00
2.273392343791170944e+00
2.420082685609811879e+00
2.224510642473923827e+00
2.605312953591994329e+00
2.637457409428894728e+00
2.712288155660465883e+00
2.769981388601909345e+00
2.098583714211403439e+00
2.938044666481036682e+00
2.659888721863599592e+00
2.636040304547495161e+00
2.632168308191503936e+00
2.282739635815793644e+00
2.384707113077618512e+00
2.881576547447142200e+00
2.974233069684076636e+00
2.885033863314194758e+00
2.406331776605305173e+00
2.313823911025376212e+00
2.065102622907037055e+00
2.374875169259776264e+00
2.379967495280773893e+00
2.414664092252628791e+00
2.696712571195076791e+00
2.742763541492669876e+00
2.730672584100189759e+00
2.564578064827953696e+00
2.232515799464320772e+00
2.302372352350661622e+00
2.127909246403015153e+00
2.908385237201137841e+00
2.153562051446079373e+00
2.947845703089251312e+00
2.453937238398740561e+00
2.455802720880149170e+00
2.506864749078112631e+00
2.433224772974577288e+00
2.289889561155791231e+00
2.146021505169506405e+00
2.644270479897230963e+00
2.522805781460600194e+00
2.419632592670844851e+00
2.588459678908836104e+00
2.505971060365583369e+00
2.884168182845480821e+00
2.562233349472556210e+00
2.886269740515682525e+00
2.197749717896583910e+00
2.157477814539707328e+00
2.404405620329411075e+00
2.440272660901396939e+00
2.606072277039463536e+00
2.682014689398992235e+00
2.519926532012605414e+00
2.729618246017954331e+00
2.285312573465416275e+00
2.457362966941417426e+00
2.006271360600505815e+00
2.722418562160315858e+00
2.288668074236361871e+00
2.311277680032754134e+00
2.259790006814108576e+00
2.717981240529206310e+00
2.513131363493547710e+00
2.151646755148273638e+00
2.825047830238636593e+00
2.898660567108406028e+00
2.468937300870433837e+00
2.460103682846353390e+00
2.260904809010883199e+00
2.310112566329341810e+00
2.692736197910537310e+00
2.269197280773554759e+00
1.849621405803173912e+00
2.391078073891913292e+00
2.696199974403715505e+00
2.291923800446470594e+00
2.164017936712557599e+00
2.223107251368739767e+00
2.278525857780040909e+00
2.337971810303361320e+00
2.443001600811752549e+00
2.322859613642354937e+00
2.807920396091665882e+00
2.466536491300347134e+00
2.351904902409450493e+00
2.112475352841507004e+00
2.085365749716134420e+00
2.803805577811221639e+00
2.353104421138827895e+00
2.397837225152828822e+00
2.737672720662219561e+00
2.140431308240978936e+00
2.509903017417562943e+00
2.482185684926310199e+00
2.757363313035933405e+00
2.586746788357189519e+00
2.454252183338084592e+00
2.383422083354797216e+00
2.316208348198131706e+00
2.400983437982634250e+00
2.489208291257023031e+00
2.506789381525800664e+00
2.065285855252110281e+00
2.159435336567961272e+00
2.200299911361399019e+00
2.552878142916979787e+00
2.483064603656684799e+00
2.576853584105885275e+00
2.196069250772100023e+00
3.012826769635036150e+00
2.967939452802247580e+00
2.289566319633736136e+00
1.965333019124841041e+00
2.552858246235123474e+00
2.486555730523805074e+00
2.413962166666268949e+00
2.985946538208861689e+00
2.284152198040566795e+00
2.400056292815547110e+00
2.394529043969068738e+00
2.441800394358406123e+00
2.318379755070830939e+00
2.285208814752242468e+00
2.482376408659191291e+00
2.847545828710593252e+00
2.087844074058695654e+00
2.970923646074011160e+00
2.989656320257841671e+00
2.181589017737150193e+00
2.455616665069822790e+00
2.245065119215932103e+00
2.610725368966715809e+00
2.336207908928618959e+00
2.768251696582798793e+00
2.655883445233595097e+00
2.820571370816755685e+00
2.445674118977488654e+00
2.695562864343050702e+00
2.414719278418343773e+00
2.533083840805752551e+00
2.578417094404689802e+00
2.555618117813330148e+00
2.803695428041988791e+00
2.593088766929807054e+00
2.080140709354866502e+00
2.392543608431838997e+00
2.385993056252264211e+00
2.869300083706745941e+00
2.649881118679357606e+00
2.427626692670870945e+00
2.278579313528507289e+00
2.370343863228526970e+00
2.829795854236632380e+00
2.476651505070987191e+00
2.489761247621253837e+00
2.444804340237780149e+00
2.628210231399519259e+00
2.548350245246913115e+00
2.909403733548810767e+00
2.649135320277516747e+00
2.597182610961060067e+00
2.328670666550529234e+00
2.932307368287519811e+00
2.558635263674766236e+00
2.275820665990194502e+00
2.807787899318644254e+00
2.331999201765321938e+00
2.455099470499488845e+00
2.432760568366417075e+00
2.408704879017671718e+00
2.112421378759369972e+00
2.503091499868909331e+00
2.446145148249883938e+00
2.530043671150636442e+00
2.794485404433993292e+00
2.109464787064986080e+00
2.749681407268377065e+00
2.965553160880359584e+00
3.050459143988712984e+00
2.464381204488416799e+00
2.928997982606951211e+00
2.198605720445975464e+00
2.375874991651659496e+00
2.218784894270957597e+00
2.304522682051882487e+00
2.233674137510409885e+00
1.826928288173965242e+00
1.909150671006741407e+00
2.088795690913538117e+00
2.522137040648265494e+00
1.935958887710519605e+00
2.478725245107206376e+00
2.015862127648400559e+00
2.547087953041542008e+00
2.304535206542671411e+00
2.481228732794408476e+00
2.129871507223719984e+00
2.214101283619962501e+00
2.441717344495981656e+00
2.645112966684370903e+00
2.296116022260644485e+00
2.225951336618846810e+00
2.513539202807503870e+00
1.802603508496092966e+00
2.857291774535393625e+00
2.320214752646625023e+00
2.592568523021381299e+00
2.679110187554874845e+00
2.493522856937732346e+00
2.431260149135806792e+00
1.995517871445680047e+00
2.613691584584351801e+00
2.469060370487943246e+00
2.282700529182146720e+00
2.839900469052058174e+00
2.220219155717098047e+00
2.446589295793882179e+00
2.667792907719370277e+00
2.277729421280168420e+00
2.277982438197487358e+00
2.528139929698404842e+00
2.483325980540330935e+00
2.592208764416324751e+00
1.864384335570523632e+00
2.272674683253109507e+00
2.762764411634864636e+00
2.152690291202123962e+00
2.499401206040842816e+00
2.601547217362422337e+00
2.481303459370383990e+00
2.085739563801558116e+00
2.176077331773604850e+00
2.859409547507158589e+00
2.114083222572953336e+00
2.474080733001666754e+00
2.413614138869134340e+00
2.578128995177340954e+00
2.304454373992089078e+00
2.011310259620864294e+00
2.637375686263198737e+00
1.768659171652038564e+00
2.321091098116065510e+00
3.029411551270077219e+00
2.403539876328654845e+00
2.139106087178713533e+00
2.827720786698143307e+00
2.271646664592938514e+00
2.943908253969222955e+00
2.014120068261217256e+00
2.092411913423803060e+00
2.307795738359748050e+00
2.435212158972140717e+00
2.711137658743659973e+00
2.373598958948410775e+00
2.548472274890798417e+00
1.959615437086961842e+00
2.019438394374289736e+00
2.604944279172149102e+00
2.239049142692826067e+00
2.006636976099711589e+00
2.281430499238507270e+00
2.582153639673954615e+00
2.389538369908706272e+00
1.975926722659546275e+00
2.549359948021382660e+00
2.627456850455220927e+00
2.511024020339463814e+00
2.075519038065227306e+00
2.234207342142619623e+00
2.383663103708447029e+00
2.886213000134046691e+00
2.335072079316429239e+00
2.760371691392802695e+00
2.611456899875808091e+00
2.480205312716783350e+00
2.449560772276574205e+00
2.126125595597943896e+00
2.436226823395529095e+00
2.655145864473503980e+00
2.792986487117533834e+00
2.432154043436399959e+00
2.319040915470925057e+00
1.875656546020747717e+00
2.453637825374944459e+00
2.688703580658978076e+00
2.465994143356328827e+00
2.349027720779740314e+00
2.663820717495215984e+00
2.665837112749673832e+00
2.733697021590512310e+00
2.102879871455201943e+00
2.487446140315925369e+00
2.049171511543258273e+00
2.414135295289991934e+00
2.385361137509709017e+00
2.549735067497479246e+00
2.811177304812679356e+00
2.657217117081157376e+00
2.468088268900647808e+00
2.686922943087103111e+00
2.758203271644243504e+00
2.273513016068474890e+00
2.779994915671067712e+00
1.933899401296453213e+00
2.675387731982203476e+00
2.812603955491612684e+00
2.530807897789799199e+00
2.863576462651133525e+00
2.727829684033855617e+00
2.726879487737696284e+00
2.575983835153910384e+00
2.509702154720520273e+00
2.433400294270499309e+00
2.338561624337439859e+00
2.344872292447850448e+00
2.541561836038416899e+00
2.415918600139710826e+00
2.234945414969262245e+00
2.698099677851646838e+00
2.063846199070650478e+00
2.239267694115862017e+00
2.656474518221600967e+00
2.369071921048643059e+00
2.647201009972268260e+00
2.612003404023073294e+00
2.410815503441433361e+00
2.709373617729424755e+00
2.214812846819025793e+00
2.700811647188808617e+00
2.938410678499848494e+00
2.772539267499095406e+00
2.339218387123550791e+00
2.956267504473376384e+00
2.331620050164380231e+00
2.604650034319127450e+00
2.481466310736808900e+00
2.983827947106815870e+00
2.462785402905572685e+00
1.864144600824114928e+00
2.347859103257582625e+00
2.625407429621276822e+00
2.692999041640519842e+00
2.547345911543915431e+00
2.272293753337512712e+00
2.079841353207575683e+00
2.401134547960648735e+00
2.002403858043162010e+00
2.903002777377414301e+00
2.524636409809243087e+00
2.625062141547449102e+00
2.436810373593466750e+00
2.395901385166895992e+00
2.418726865184264163e+00
2.515690997105914928e+00
2.621960369387758227e+00
2.462386600252600477e+00
2.475650387639019012e+00
2.473504140832869069e+00
2.875681705510017228e+00
2.734346156267429606e+00
2.023572763817075071e+00
2.561010136019440608e+00
2.310890649888479587e+00
2.219611183808346322e+00
2.273422182932187674e+00
1.912780115114427915e+00
2.785330471967677024e+00
2.097523927882282813e+00
2.653633992392572694e+00
2.279845138579105868e+00
2.700155009982811549e+00
2.450058961951151026e+00
2.334956656606589132e+00
2.910875560183338706e+00
2.938119420780842983e+00
2.578646352737183012e+00
2.924551423308191733e+00
2.587521598113384336e+00
2.238196211940845615e+00
2.178125422176888648e+00
2.735382280094299290e+00
2.620786995774180728e+00
2.318416647501958305e+00
2.883248898551007411e+00
2.501951192124372003e+00
2.459226737721203371e+00
2.528402917351301404e+00
2.562221072829287571e+00
2.723688683705833835e+00
2.648306252949474526e+00
2.161889734430044285e+00
2.444214648449050564e+00
2.997395083016090922e+00
2.646358488845192980e+00
2.461689536723987715e+00
2.714369993666485126e+00
2.263961509438859210e+00
2.339934560850349676e+00
2.823581270620810546e+00
2.467012856001326249e+00
2.497412031683244216e+00
2.374750442540970674e+00
2.620187275346054445e+00
2.747881464303285171e+00
2.087530807136316113e+00
2.294002805597179506e+00
2.221769055522019976e+00
2.395571337557035552e+00
2.128605490344613216e+00
2.661056175081109476e+00
2.761764856097529197e+00
2.582631224446502394e+00
2.856974439067530458e+00
2.589901549918485202e+00
2.722161894706990104e+00
2.522724436333800391e+00
2.239045193263589528e+00
1.850297595355588465e+00
2.717717188060424949e+00
1.995702905404270755e+00
2.287375116125665464e+00
2.473773816628488831e+00
2.617507230768639115e+00
2.752477667748052692e+00
2.236652879160477170e+00
2.473089687741765630e+00
2.413182232823500417e+00
2.624982476558249012e+00
2.451731705876855738e+00
2.602687533550507304e+00
2.841354524180748964e+00
2.838492601162039275e+00
2.602071685260353373e+00
2.627128494718570906e+00
2.270043534836738708e+00
1.810073124259130584e+00
2.584547894603218765e+00
2.358244428036986307e+00
1.938075191598986668e+00
2.321022442670285013e+00
2.687679899420365004e+00
2.671110184547420108e+00
2.610371782707544774e+00
2.511165988432141560e+00
2.915559482508482070e+00
2.355683819964577985e+00
2.704937864117436419e+00
2.539599484390499651e+00
2.587976593207198750e+00
2.784260420126619451e+00
2.257355835438604963e+00
2.235248897710103932e+00
2.488681025264055435e+00
2.368345654817670454e+00
2.715751351505840017e+00
2.249812350830101337e+00
2.394494050265001839e+00
2.337258007424618977e+00
2.245989124810256143e+00
2.482798261553600838e+00
2.488604861771256616e+00
2.404992093186166802e+00
1.933167498384944283e+00
2.478193898718497046e+00
2.873237463971296535e+00
2.625794112624167287e+00
2.572833125877803440e+00
2.514448915304269505e+00
2.407784554628653595e+00
2.561545363118488794e+00
2.700532458190833651e+00
2.816925180599851419e+00
2.450488589596908628e+00
2.322324232307215741e+00
2.494508724920830645e+00
2.850725728996759134e+00
2.800219829939531113e+00
2.706501251202882763e+00
2.569646410832830963e+00
2.687998370329042874e+00
2.178493000260980139e+00
2.218003262524951946e+00
2.641375222524351862e+00
2.415165227125846137e+00
2.567546819068335484e+00
2.399248791709015283e+00
2.510837810051012475e+00
2.359197855704885161e+00
2.532478893778784990e+00
2.660400272638155705e+00
2.536159023016906211e+00
2.026322219433573046e+00
2.420517262549315873e+00
2.410718618907170097e+00
2.322129132911604277e+00
2.161255196390094113e+00
2.366279543205766167e+00
2.129880686228080133e+00
2.174509073812092019e+00
2.648469813700651709e+00
2.394961292128266805e+00
2.131854392592189562e+00
2.420689991305505551e+00
2.776695362784600274e+00
2.693627587525036393e+00
2.630380529445089710e+00
2.583753807571204764e+00
2.121777511895450274e+00
2.963831131701798238e+00
2.242876151406877572e+00
2.411923109820051536e+00
2.560456614778170881e+00
2.379250130443772537e+00
2.175088842292732583e+00
2.466744308269630981e+00
2.602665645140016970e+00
2.532579897544341652e+00
2.884981719550738344e+00
2.420124319063154950e+00
2.660721842218017663e+00
2.087169083143241899e+00
2.337459603238778882e+00
2.337009543925273825e+00
2.628688919866033480e+00
1.959400135220787487e+00
2.327337133813803138e+00
2.101765806189664687e+00
2.614997124474889745e+00
2.950791958190578157e+00
2.168353227129982130e+00
2.064338022953118301e+00
2.620605187659163171e+00
2.559643003810185391e+00
2.342695884303711118e+00
2.501531742305805661e+00
2.288174777925908288e+00
2.412308309670644135e+00
2.343235257358724954e+00
2.598065415760656194e+00
2.368936961467690949e+00
2.392328166410089718e+00
2.505286001853238353e+00
2.234782642398967845e+00
2.225991268894907726e+00
2.626117034061995703e+00
2.572330807373495176e+00
3.039771215719899722e+00
2.827246235462374635e+00
2.414483621736163599e+00
2.463150499791480375e+00
2.721870262380315708e+00
1.932142717655155773e+00
2.876670211361638696e+00
2.281223597496938815e+00
2.475377763712516277e+00
2.528265204223364204e+00
2.407659561650241642e+00
2.126189422575172738e+00
2.244499274380447940e+00
2.110975731287170198e+00
2.260383129238760169e+00
2.274303518013081948e+00
2.399131525929562692e+00
2.155211140009191784e+00
1.701900133472043386e+00
2.525764260570903197e+00
2.500075804386306277e+00
2.073883487301450224e+00
2.920782288933301718e+00
2.323757940903704355e+00
2.845866040001293840e+00
2.312280338628467824e+00
2.196227031465855184e+00
2.318060137571398727e+00
2.209838138560892506e+00
2.405763442636635219e+00
2.598643864432613970e+00
2.601805863928627893e+00
2.091643744618064460e+00
2.523341849606069331e+00
2.415986490560200206e+00
1.907375047609228602e+00
2.359047400251808924e+00
2.715142982856785014e+00
2.372624383276803695e+00
2.540895104960338990e+00
2.368855008895847547e+00
2.508020158789330267e+00
2.052204402179837572e+00
2.671143855091378416e+00
2.269102695527595692e+00
2.858733527879868674e+00
2.025659230290477453e+00
2.245338803023130492e+00
2.285038354856639309e+00
2.474158530461406436e+00
2.581535111316846987e+00
2.293029660104768830e+00
2.521061873541035503e+00
2.606173542566446510e+00
2.270337965542590375e+00
2.596025659980845113e+00
2.846787416988656894e+00
2.361360757007607614e+00
2.879310451241302804e+00
2.292712374585926582e+00
1.834781377193178908e+00
2.589490001115174245e+00
2.464887412801494371e+00
2.186078802355037265e+00
2.345200504697166899e+00
3.015936329103588331e+00
2.023245245015655946e+00
2.538505728992096699e+00
2.287060723292511089e+00
2.567435668728561993e+00
2.059245749728183306e+00
2.726238911973472678e+00
2.509921162209698853e+00
2.444401366723024882e+00
2.439250916767435662e+00
2.629814697539054613e+00
2.584429836958876958e+00
2.422499825805609852e+00
2.275734602488752145e+00
2.452585770982024904e+00
2.301879229237513425e+00
2.580006769545208911e+00
2.692212364110429412e+00
2.594734662133409309e+00
2.341249759606366165e+00
2.602787290293452571e+00
2.543946304256497815e+00
2.629166678173359806e+00
2.760984484294150665e+00
2.777839267928943201e+00
2.453373183757829423e+00
2.912832022350526184e+00
2.939981611507157755e+00
2.809757950919329339e+00
2.388697188968309959e+00
2.089069667555574661e+00
2.489298387555291647e+00
2.381833160631035007e+00
2.749392866368965738e+00
2.388596925520153125e+00
2.762241852727621350e+00
2.481405668576634138e+00
2.087759015161038345e+00
2.665478797512907949e+00
2.370011473028210691e+00
2.924106231435944725e+00
2.485715286188767692e+00
2.378105229198970605e+00
2.127833727949822062e+00
2.149847011364725446e+00
2.183460530125715060e+00
2.472935683730054013e+00
2.231787500752176800e+00
2.360860477726612228e+00
2.540053564925200735e+00
2.601765293018142522e+00
2.435038334543351723e+00
2.771918534193130945e+00
2.362841878718594302e+00
2.551998566254591871e+00
2.605095410844396220e+00
2.648327182611308395e+00
2.788255659193191960e+00
2.410786216673482141e+00
2.346676622590548877e+00
2.526578151921194504e+00
2.238170606153779829e+00
2.609630674104175263e+00
2.026951245397003110e+00
2.188936908758388533e+00
2.125721591832149038e+00
2.691608290949495164e+00
2.562506204960703471e+00
2.761368947000532703e+00
2.411529778300896876e+00
2.869024546479146842e+00
2.394033500397826586e+00
2.481132192454441832e+00
2.780383271775582976e+00
2.357266701276441445e+00
2.197598220989430917e+00
2.590202263883748302e+00
2.190979806193780188e+00
2.598768493024447679e+00
2.708355998044619017e+00
2.198517198042809095e+00
2.436773578857843514e+00
2.071662814714430034e+00
2.572577071733114451e+00
2.702100919113915811e+00
2.216830706409390395e+00
2.494435332628252677e+00
2.386147530015029439e+00
2.788654488228976547e+00
1.817832203071061858e+00
2.833613456137796582e+00
2.075612656751335994e+00
2.700094246347441107e+00
2.532956657441891135e+00
2.679319185905421286e+00
2.730175760520402672e+00
2.350822463896156123e+00
2.353749739181994372e+00
2.504339923156443160e+00
2.477959416940315407e+00
2.335621393890521258e+00
2.161111324373059084e+00
2.426443346257026068e+00
2.577715155416939297e+00
2.437654343819536606e+00
2.011399390667868659e+00
2.055399021585122554e+00
2.425319592097437305e+00
2.934125020870052225e+00
2.762752792362206833e+00
2.435818833378328385e+00
2.594299131844854944e+00
2.888253566089496349e+00
2.809235298922005519e+00
2.370982455675902489e+00
2.857617785410587530e+00
2.266328388252324633e+00
2.221745763094563841e+00
2.495204252964887459e+00
2.166819307584844978e+00
2.306703706035286405e+00
2.566374613914498504e+00
2.710107370059779086e+00
2.479197110823329719e+00
2.405742915158293194e+00
2.407269737508286767e+00
2.610469663369409332e+00
2.657392401701425211e+00
2.325730558132022008e+00
1.855075660024596562e+00
2.215085611463507131e+00
2.218017284929795885e+00
2.057322888705694464e+00
2.534344607223234291e+00
2.304262004599898717e+00
2.391616783299504334e+00
2.399602155058506270e+00
2.228733527391129066e+00
2.997694519456628903e+00
2.302765732972873458e+00
2.342881844365786392e+00
2.721230161004961179e+00
2.674302244280354568e+00
2.927854783275702921e+00
2.593518869181780317e+00
2.675319483455549818e+00
2.544124051502634209e+00
2.778340229700573261e+00
2.743213472084787163e+00
2.788123656138655981e+00
2.480979049365902522e+00
2.412873639229474065e+00
2.322546690996264651e+00
2.600053690376685989e+00
2.962330668260690025e+00
2.363502282764388340e+00
2.234919952338063176e+00
2.876208709005575681e+00
2.254205409467969545e+00
2.498071179353242854e+00
1.911706313686299064e+00
2.025119266398008655e+00
2.666458105037353921e+00
2.420171640245225575e+00
2.694514454086842647e+00
2.440975591339780593e+00
2.858210937736782142e+00
2.235038692360046042e+00
2.595806158128254992e+00
2.684480203811951515e+00
2.281828193995292686e+00
2.922292275298097319e+00
2.277920334504502264e+00
2.856705969553162028e+00
2.439883091736855025e+00
2.191078180383027707e+00
2.121280216473869107e+00
2.334750689163232362e+00
2.351992150475186172e+00
2.460904259304224517e+00
2.712452510245350723e+00
2.079074108257204401e+00
2.125017069176029061e+00
2.546007184512332877e+00
2.452548990621957525e+00
2.351022264088222347e+00
2.243580753849141463e+00
2.524719454357802206e+00
2.595178668800245170e+00
2.456401380309526150e+00
2.472367212775933076e+00
2.241431012443022563e+00
2.313976623043350500e+00
2.272114989449457667e+00
2.349626063747705551e+00
2.268293289788944733e+00
2.460466291963277374e+00
2.470827430051359741e+00
2.462381463574267570e+00
2.276901283700203393e+00
2.521174423139791454e+00
2.185143933212225775e+00
2.314032218745581737e+00
2.569472638654239027e+00
2.040206348157012961e+00
2.487317132935387587e+00
2.112099332292659337e+00
2.300811521402887916e+00
2.750625366088120582e+00
2.200420788567216235e+00
2.595264008777795617e+00
2.379758248894767725e+00
2.534916466934982182e+00
2.681983751217272172e+00
2.349325915752468852e+00
2.702329758439036222e+00
2.238930688675530689e+00
2.586960723144416274e+00
2.558395110063106603e+00
2.492586937175279793e+00
2.920174673258179254e+00
2.779909724587653841e+00
2.361664046750009849e+00
2.050489229232773880e+00
2.707074950849008843e+00
2.405456322773307232e+00
2.029584872951417207e+00
2.671745185512525822e+00
2.180511367489519348e+00
2.624458934493260731e+00
2.666938410579285268e+00
2.593427740492066036e+00
2.794890606015258516e+00
2.395747988738402778e+00
2.413224555187131415e+00
2.132792540788379654e+00
2.486577344325347383e+00
2.321510840331168168e+00
2.476403894971048292e+00
2.329278526194195731e+00
2.347148170400550349e+00
2.394412846721601262e+00
2.757676190266586502e+00
2.193990987100880030e+00
2.490398472051339240e+00
3.035275169144975749e+00
2.299432843156460571e+00
2.661754955452687810e+00
2.674196401607225493e+00
2.227959115893184183e+00
2.401231679631747440e+00
2.520964612680654415e+00
1.945519889246179135e+00
2.301220637705919891e+00
2.993417869760192751e+00
2.914423841661533565e+00
2.370608538018752043e+00
2.692131758303557554e+00
2.719778724175082818e+00
2.455968645223810753e+00
2.297091650146099173e+00
2.567493780070132736e+00
2.444092267272591990e+00
2.016729363482908433e+00
2.701210815990566783e+00
2.676368959060065222e+00
2.095143822762025376e+00
2.045290631333584130e+00
2.225278992503472608e+00
2.413992397402095147e+00
2.322520306279034052e+00
2.520337755262652024e+00
2.088186683118419928e+00
2.565812788894863417e+00
2.623202673577733623e+00
2.084039345318374092e+00
2.107419809342764516e+00
2.763032693593086897e+00
2.580817397852435580e+00
2.138305120983200247e+00
1.978462265977132706e+00
2.326155037770239797e+00
2.604622714427883956e+00
2.536202436754394718e+00
2.384623540075423431e+00
2.813965070596653018e+00
2.103251396475555257e+00
1.982941844980178336e+00
2.047396035995753483e+00
2.515229839758488684e+00
2.404266970117696189e+00
2.476307222886823922e+00
2.480739951597455750e+00
2.562477675977697267e+00
2.604005314563419660e+00
2.394021544730064122e+00
2.435107248137307057e+00
2.169894726362961990e+00
2.919017143723342311e+00
2.311615332944068513e+00
2.794315675208725924e+00
2.521630643176382414e+00
2.656147978181174540e+00
2.229049038804837846e+00
2.273744667709892475e+00
2.402099126263681050e+00
2.734576559270310625e+00
2.450933874264073609e+00
2.570630079783463806e+00
2.196325557430690800e+00
2.627905258874828398e+00
2.626659003882092058e+00
2.646304235140754635e+00
2.672661141161415621e+00
2.186253260044915603e+00
1.964524282749199324e+00
2.602914731809819582e+00
2.932546646926911915e+00
2.160805972395775765e+00
2.681282234271004761e+00
2.865036883393957456e+00
2.209086498148346234e+00
2.597069179434744690e+00
2.407420201398636106e+00
2.382939023512017584e+00
2.253658816420169853e+00
2.826440202338429408e+00
2.480717293348627450e+00
2.721572073371799405e+00
2.352065431568303833e+00
2.398219108548724776e+00
2.481906407924767244e+00
2.728356469048769828e+00
2.355496384101480878e+00
2.212970717451485658e+00
2.184694253593127744e+00
2.150299870383783674e+00
1.946286378857475574e+00
2.712283746949772478e+00
2.601455367559063259e+00
2.630547522108690917e+00
2.151421075558155316e+00
2.753510672594901454e+00
2.239442279158361249e+00
2.522513497747035593e+00
2.527634146489160738e+00
2.614242324335689371e+00
2.352406785282626700e+00
2.738264155043596215e+00
2.725915973636486189e+00
2.491757247627511607e+00
2.535972054918901986e+00
2.712816503258868472e+00
2.231131450197343824e+00
2.188324717438806744e+00
2.098669888720358312e+00
2.380972587265135054e+00
2.179207436810366438e+00
2.029977176766427860e+00
2.515170696462222022e+00
2.192259265068997820e+00
2.696287827068736043e+00
2.866377330256283607e+00
2.553757647086163374e+00
2.299418901392709991e+00
2.402584607094422342e+00
2.145130025855805478e+00
2.132842289304015537e+00
2.870764881811965097e+00
2.668690220099660948e+00
2.194653842518516917e+00
2.504992587755459077e+00
1.766490172631110855e+00
2.674143989998773119e+00
2.127619747250197868e+00
2.800342854732161602e+00
2.505179138666627114e+00
2.940533969103569234e+00
2.740461593720582290e+00
2.863506873551452614e+00
2.335548521839752034e+00
2.043429806782168789e+00
2.266608528790257093e+00
2.171133140645197912e+00
2.405267219426656666e+00
2.486255146938979088e+00
2.103667074077078425e+00
2.452186286101356583e+00
2.558474338444089113e+00
2.396175993502196455e+00
2.767833124720729288e+00
2.477612416632415826e+00
2.191567279821155623e+00
2.284263494201606015e+00
2.289041547507770336e+00
2.364652903316017518e+00
2.845367465565785903e+00
2.548626491463353183e+00
2.551946435212189002e+00
2.460746376648967448e+00
2.610229327331181182e+00
2.823552673243383104e+00
2.448787446968173409e+00
2.397427264212191211e+00
2.415195781907218731e+00
2.591201116094208778e+00
2.507082252475441475e+00
2.294846510620571323e+00
2.618175788478550370e+00
2.008422834316372807e+00
2.102077326843561522e+00
2.562515076551514781e+00
2.652357065754728627e+00
2.248239008606335521e+00
2.715046551211222958e+00
2.035640678823079863e+00
2.472916112022344848e+00
2.303998208206606613e+00
2.416165117557013353e+00
2.591131947019817083e+00
2.576393990202289430e+00
2.283360043279573315e+00
2.092401398286674485e+00
2.630000796576029032e+00
2.318583285878991873e+00
2.314360359093965869e+00
2.234765411641467026e+00
2.325602966349184619e+00
2.176230711423749575e+00
2.495694854511472993e+00
2.282280508159236554e+00
2.683226719427736384e+00
2.508623692007307948e+00
2.354032613630211213e+00
2.516812708041065161e+00
2.349330896290874549e+00
2.192599287763398408e+00
2.515565291150227978e+00
2.407704858238568946e+00
2.340359827208657872e+00
2.571083871087046280e+00
2.636009996222127505e+00
2.504338272007011312e+00
2.232022051802912799e+00
2.915976882195580711e+00
2.277308875187471493e+00
2.199204986177947685e+00
2.525084451594761248e+00
2.420591943537761637e+00
2.666681848713340575e+00
1.946485083498948665e+00
2.683304507814109119e+00
2.586599475719705943e+00
2.140423238725569277e+00
2.780213899456174698e+00
2.290769549479503731e+00
2.494245246557763807e+00
2.162826178686729328e+00
2.753667520340851826e+00
2.050320347170849988e+00
2.233714913658925383e+00
2.196450281418480976e+00
2.575443639946983332e+00
2.255501494378047589e+00
2.022856677378558565e+00
2.199670283201522469e+00
2.302728003933923073e+00
2.832766032004612189e+00
2.519105425452028868e+00
2.362874357250297486e+00
2.224401731196868237e+00
2.049087302412218925e+00
2.751413932202597667e+00
2.216637685781320588e+00
2.657973887633568566e+00
2.703912317501913964e+00
2.025593975693759319e+00
2.254764048263815823e+00
2.562691712575121183e+00
2.906779675924354933e+00
1.652911887298484928e+00
2.449966575595853957e+00
2.910381712063919490e+00
2.643211655188321352e+00
2.619354414984642609e+00
2.422582291050934256e+00
2.646743442281976222e+00
2.443019446630746216e+00
2.186473586372326583e+00
2.542799382505054773e+00
2.307407458414601820e+00
2.525566920416039807e+00
3.051156597546427207e+00
2.527167084066795688e+00
2.151547888320345159e+00
2.479337878536199913e+00
2.189868783089605309e+00
2.226484560164746718e+00
2.396906577793409099e+00
2.416780357681735047e+00
2.066831890132892369e+00
2.404933087028177319e+00
2.170722445413677981e+00
2.760203997245796792e+00
2.747774507126438337e+00
1.951156413896778297e+00
2.797054216168992191e+00
2.471818511012897623e+00
2.400014723725869992e+00
2.510140331740961184e+00
2.629365226420466328e+00
2.324353566020624040e+00
2.528395648791465611e+00
2.427496653463587784e+00
2.369178876650400944e+00
2.619656717958304348e+00
2.722832366743334287e+00
2.566241870382262036e+00
2.271399906243253053e+00
2.851144079303415513e+00
2.325600860013147919e+00
2.152229888597500196e+00
2.671259306274535117e+00
2.048830152969106866e+00
2.610460589962572797e+00
2.141384425497595778e+00
2.597103074407753454e+00
2.389510063158414077e+00
2.323678218020032826e+00
2.306195124257149232e+00
2.582980298926523588e+00
2.877595374018388608e+00
2.280912591982422466e+00
2.305606743794576197e+00
2.383426501915219209e+00
2.402513769490195461e+00
2.331866346314215299e+00
2.508558017662417150e+00
2.581366518656821096e+00
2.373588384508861004e+00
2.731592460301130121e+00
2.500826915601130906e+00
2.603794047058423100e+00
2.564841619569542264e+00
2.579539747889800338e+00
2.616927282576370306e+00
2.348854509783942390e+00
2.215603620035650589e+00
2.197804246137427420e+00
2.362474264775957344e+00
2.357664872577633908e+00
2.414006323281536304e+00
2.302035967348842416e+00
2.333059178670497946e+00
2.468581836000014018e+00
2.494289346278274699e+00
2.904652100688111194e+00
2.382022387148358344e+00
2.408775737538087380e+00
2.085351227540826358e+00
2.591194193103492083e+00
2.689847666972989604e+00
2.922996772845655400e+00
2.165174545445153420e+00
2.892274574555032451e+00
2.576666354456627950e+00
2.620993748640247478e+00
2.415206436175916682e+00
2.300012664853057665e+00
2.910647938461789597e+00
2.288801448736639266e+00
1.913505226706809337e+00
2.503875723947166509e+00
2.306748366462579192e+00
2.817850826461354430e+00
2.541080171332487758e+00
2.505941205671953220e+00
2.415813996559477150e+00
2.710420632645898831e+00
2.241956864741355027e+00
2.756996131484107160e+00
2.549983773653241137e+00
2.210232831237964213e+00
2.450211552263030779e+00
2.447916742900724252e+00
2.479498812501643279e+00
2.503101015184896916e+00
2.639284532011900719e+00
2.166195020205695876e+00
3.017325178294151033e+00
2.353202429227478909e+00
2.883303317369452223e+00
2.992012946082314606e+00
2.593418009777949784e+00
2.058325663996156685e+00
2.522795192089859473e+00
2.468362388367458582e+00
2.473630991568475768e+00
2.785906992326018017e+00
2.279022946699436503e+00
1.725889697129432410e+00
2.373950282837344439e+00
2.886204197367059798e+00
2.880437143232777775e+00
2.276225606304286053e+00
2.745688142331138337e+00
2.731412253090217401e+00
2.283985061083806833e+00
2.371352994020723859e+00
2.365393087405192940e+00
2.179652277965435481e+00
1.929542473870667907e+00
2.154952975115600911e+00
2.728866362963901615e+00
2.495054410474869311e+00
2.697113246356378724e+00
2.300879301307468872e+00
2.339954969363060577e+00
2.576508611713895558e+00
2.552552991219614320e+00
2.111729241035991578e+00
2.274949861710561905e+00
1.769463277258616518e+00
2.883324721246536715e+00
2.493782192691045285e+00
2.750171935412998980e+00
2.798833049278734553e+00
2.236725861302666818e+00
2.089807406654714761e+00
2.222002583178466661e+00
2.667184859670803654e+00
2.495994281690594008e+00
2.327493042197528617e+00
2.905197435547682616e+00
2.393271144870282363e+00
2.460121320058800354e+00
2.260007848009259135e+00
2.278414796062057768e+00
2.427229375873007022e+00
2.148981001052590933e+00
2.568094559155731815e+00
2.752697344855844275e+00
2.450790460194492315e+00
2.656332333076326435e+00
2.247318405416061093e+00
2.384214164446153195e+00
2.291168826959292470e+00
2.602860899159968877e+00
2.405649118232466854e+00
1.912004138463919922e+00
2.452862460204392470e+00
2.474164565412294792e+00
2.431022504053299116e+00
2.785357256473833587e+00
2.949886821417640803e+00
2.121332302878088161e+00
2.347671155964918377e+00
2.782089060896993260e+00
2.700945615576981318e+00
2.238670346174829184e+00
1.930880652134004949e+00
2.551615063038910058e+00
2.499399973779504958e+00
2.446876621658236939e+00
2.898614400231792843e+00
2.784169458651978957e+00
2.349649425371767908e+00
2.628837108545452939e+00
1.976978592079203123e+00
2.537050774347073379e+00
1.771507442969878277e+00
2.157668990538715637e+00
2.313855766268474667e+00
2.643525475875030395e+00
2.358518743071110091e+00
2.213893667221091377e+00
2.106068958112593315e+00
2.711335632901435311e+00
2.780982584571435545e+00
2.547713862443480970e+00
2.565673380356983113e+00
2.754201929311913322e+00
1.994094543265446884e+00
2.820211248272485705e+00
2.614681746379852179e+00
2.045490499981502452e+00
2.247276741751675910e+00
2.448318437390453628e+00
2.303090339356269833e+00
2.584289863710160784e+00
2.242125492888118465e+00
1.966057110042294553e+00
2.345822223538693407e+00
2.656659165335558459e+00
2.525870504118356230e+00
2.344976177495268210e+00
2.047975857643959063e+00
2.386921696561608464e+00
2.616200636753973185e+00
2.682629897616839010e+00
2.044768031404286646e+00
2.434000561980061761e+00
2.396829570129327180e+00
2.351955729839219078e+00
2.465456204258110073e+00
2.500329472219007254e+00
2.111555564026844856e+00
2.331671203475939258e+00
2.396845290004755213e+00
2.661493816298907689e+00
2.540279712489039721e+00
2.569027126282754203e+00
2.183256050133421056e+00
2.420041485774138579e+00
2.315535747803664446e+00
2.166705890029689385e+00
2.425354707282765254e+00
2.186161335939766026e+00
2.640352007746534113e+00
2.454267264312122609e+00
2.517402964557540646e+00
2.308536557627523855e+00
2.321642504194013412e+00
2.580240068518613761e+00
2.796968404612838022e+00
2.535469198657692047e+00
1.960944758270918964e+00
2.785595544522136535e+00
2.539085327943493731e+00
2.148799085730858760e+00
2.524459058964751090e+00
2.912197842747144438e+00
2.172804583911276843e+00
2.244512397893579703e+00
2.346024738226902162e+00
2.518209830891191991e+00
2.431040774518234304e+00
2.251139046554161194e+00
2.771375620603758971e+00
2.707717098364767594e+00
2.983695336094285278e+00
2.130440241094854414e+00
2.503944823598172498e+00
2.576588832241951899e+00
2.362877282043523319e+00
2.382550156799375873e+00
2.395493336237937587e+00
2.240879806385241757e+00
2.720667308505400062e+00
2.855230903436857037e+00
2.260200681067369377e+00
2.469115703712493115e+00
2.068028328363034518e+00
2.469341490928581351e+00
2.590606481725533428e+00
2.628227440337949083e+00
2.280830610422760252e+00
2.215179257038493166e+00
2.305200357661155497e+00
2.464206204668271116e+00
2.485622976393310424e+00
2.845240870562260493e+00
2.598194333549363577e+00
1.984428307966513705e+00
2.505044074849587687e+00
2.195387746093675929e+00
2.614038360619414192e+00
2.275594401416627388e+00
2.253759040511014167e+00
2.441289185570092890e+00
2.804636269957951011e+00
2.460653256975040115e+00
2.421696617402340657e+00
2.350255957901667525e+00
2.356900055096892821e+00
2.209427543752329193e+00
2.534130056363999905e+00
2.422729365155805503e+00
2.554615648704883224e+00
2.665141403604417203e+00
2.246804321573726781e+00
2.661887951217605242e+00
2.362524646942346429e+00
2.212862511525093723e+00
2.054872657518659551e+00
2.098719436427885832e+00
2.680887333812951745e+00
2.411529650635444000e+00
2.422201909305791823e+00
1.763482763545873633e+00
2.421952724360166176e+00
1.950583330105990720e+00
2.518340292683475035e+00
2.319358047316100180e+00
2.437642309791840489e+00
2.863252665238730454e+00
1.959019328857055431e+00
2.788072913045859469e+00
2.293545673630199566e+00
2.292321497188355650e+00
1.999651897326435446e+00
2.153262923519928318e+00
2.763098135272819889e+00
2.282432865484250506e+00
2.812545699389774168e+00
2.645373059654661407e+00
2.911695708544171257e+00
2.617575466058876366e+00
2.544612687277084451e+00
2.249074624362751518e+00
2.521321255723447230e+00
2.542008194390694698e+00
2.388906446544154960e+00
2.258528259752920153e+00
2.301021579683720564e+00
2.422538564245028780e+00
2.440258787675867680e+00
2.271558544113809308e+00
1.951928473465075253e+00
2.598315169783714129e+00
2.532969824412516946e+00
2.805317958923483790e+00
2.592567708875879173e+00
2.357253592516175722e+00
1.950055015028194783e+00
2.798683554613058178e+00
1.919422000773703063e+00
2.616448298741596457e+00
2.370384128393088208e+00
2.716444006950161416e+00
2.751409905586872817e+00
2.753513494474431056e+00
2.586653214424513347e+00
2.268435745535044123e+00
2.189406312432436774e+00
2.972695781639624890e+00
2.267599139887223281e+00
2.192297089886431571e+00
2.655180418218667793e+00
2.767125401875075497e+00
2.909105283780418549e+00
2.869534974604267319e+00
2.486870684924912034e+00
2.529845222944890892e+00
2.324786508774729477e+00
2.927085216044393423e+00
2.356806700746277627e+00
3.064949823142126828e+00
2.493700963788632041e+00
2.914701113637554464e+00
2.403463893549634633e+00
2.303762937381831577e+00
1.686744857929231900e+00
2.312897898941700614e+00
2.184534205397507201e+00
2.203748146702718014e+00
2.662005784747884629e+00
1.915914549556094082e+00
2.820423787155177386e+00
2.214810824278702128e+00
2.486719439102587970e+00
2.673217531821864501e+00
2.347133683432571338e+00
2.450691124161210599e+00
2.508726711376188856e+00
2.108768740948776532e+00
2.997201676047770658e+00
2.628550462024190626e+00
2.426240526564466649e+00
2.811388773035503608e+00
2.691499017838922647e+00
2.670985110421321362e+00
2.271093295517436328e+00
2.369612725817310750e+00
2.279169013820713463e+00
2.640485522314031996e+00
2.314778720666985201e+00
2.695188868353476597e+00
2.360046157714726700e+00
2.164283132524936537e+00
2.547152599857308353e+00
2.834394540000022999e+00
2.132599477279304878e+00
2.717018063295970176e+00
2.670178353134356364e+00
2.564560406699318840e+00
1.696635575953176378e+00
2.449780114000928766e+00
2.563957807796354960e+00
2.708546508919737139e+00
2.540558474039114056e+00
2.541438283981812152e+00
2.356229420417331966e+00
2.256501397332614900e+00
2.616435845286877893e+00
2.527587598403382430e+00
2.485048893617260113e+00
2.649152058421855305e+00
2.283414317155065376e+00
2.400253693807063549e+00
2.433713699046677448e+00
2.312985272828061767e+00
2.643059326080815730e+00
2.529988987202106188e+00
2.183064226732402080e+00
2.475913635791166634e+00
2.019364565346965179e+00
2.199810730019943872e+00
2.482607646746271435e+00
2.412034030444920596e+00
2.274298766047097686e+00
2.592334698406292048e+00
2.348025238793316483e+00
2.657122897123741279e+00
2.301152859073739787e+00
2.663923178616621534e+00
2.817427576626505115e+00
2.421638639572408103e+00
2.465789505695547668e+00
2.110283129267494839e+00
2.086498424111610461e+00
2.941954538850650280e+00
2.729479367102163767e+00
2.242474279643711377e+00
2.103385469298971966e+00
2.231535019449676582e+00
2.840490615555584686e+00
2.523065062477741094e+00
2.035983301254232991e+00
2.499689595513526985e+00
2.192413430280323094e+00
2.318056926612882318e+00
1.904342243546198521e+00
2.230705594372311751e+00
2.192707313594204788e+00
2.583141508633832295e+00
2.665047398018760116e+00
2.506051213457320070e+00
2.264111075479813273e+00
2.752151115607712306e+00
1.993629470501503853e+00
2.245853183131965025e+00
2.315822122574035635e+00
2.583493821181674921e+00
2.103540186977992388e+00
2.673015204396457456e+00
2.141949613074109138e+00
2.629885866626822555e+00
2.325183026180114521e+00
2.291031713175875062e+00
2.405747944264143179e+00
2.147138186371539526e+00
1.909740485007363375e+00
2.636679418461979729e+00
2.289523170463203527e+00
2.248233500126155970e+00
2.109062766859487681e+00
2.557207088923054261e+00
2.498806073555844165e+00
2.177000242826334198e+00
2.355769655271865659e+00
2.660533690836773602e+00
2.496369977103749527e+00
2.524830712683975520e+00
2.421768487861474917e+00
2.403540479038915212e+00
2.173674954539440041e+00
2.191936827732782866e+00
2.383464876020319423e+00
1.897708510463612885e+00
2.621732091741795667e+00
2.161044050372542991e+00
2.327090220939425080e+00
2.193240026514727159e+00
2.410307911373146705e+00
2.657942685449110165e+00
2.335967042232801827e+00
3.003932021751511527e+00
2.470315253512269216e+00
2.331086351896288100e+00
2.957907473125578779e+00
2.880359601202617359e+00
2.324785504351071896e+00
2.349014388033320078e+00
2.319176068417297287e+00
2.760211934687729851e+00
2.398448379860060875e+00
2.750851615266135308e+00
2.251937675045637910e+00
2.446824404753160209e+00
2.828814744005922588e+00
2.346106214420389691e+00
2.274898632830145484e+00
2.593914149178930817e+00
2.168323341951764682e+00
2.499626327812596305e+00
2.582201224934074890e+00
2.695423256450878213e+00
2.039293860196731867e+00
2.523524701275663418e+00
2.406203675345098603e+00
2.504026561450736210e+00
2.552129125087173378e+00
2.154596043438356645e+00
1.984113293681922130e+00
2.499809931185076550e+00
2.450531328310203705e+00
2.545716914090087712e+00
2.332112671366652901e+00
2.368268178986189909e+00
2.463080083558045974e+00
1.969721470779182138e+00
2.455482565782026949e+00
2.559555221986710816e+00
2.181599475024887269e+00
2.300858259888442614e+00
2.438615066117504782e+00
2.708488040789257756e+00
2.890381980969659370e+00
2.687750694261682227e+00
2.682777683992109363e+00
2.572029944424378378e+00
2.683089860362914969e+00
2.241846826185685426e+00
2.663970489218636217e+00
2.581186649763460128e+00
2.435279713249756117e+00
2.441037416429989726e+00
2.234360310522407911e+00
2.081963711889293300e+00
2.675263432691195931e+00
2.234260610860652196e+00
2.673411068483238839e+00
2.377927252298392524e+00
1.968515885804885901e+00
2.278561867628556836e+00
1.900604096121807141e+00
2.190953935288861398e+00
2.235207353593631652e+00
2.274240963663872517e+00
1.916197807121271746e+00
2.156897547163704854e+00
2.173082230235794832e+00
2.808154894700244153e+00
2.784373863636339319e+00
2.340041935638648152e+00
2.919956076191496663e+00
2.424177994565235306e+00
2.204747683760163390e+00
2.496535070906176657e+00
2.765203170847411407e+00
2.200811255470332739e+00
2.546982501273314270e+00
2.532042048124194089e+00
2.532607511345275064e+00
2.662464194183984834e+00
2.217292032632979026e+00
2.741776084074080355e+00
2.176832722846601786e+00
2.934946571884937239e+00
2.180292304710698126e+00
2.823672723141605889e+00
2.160370282658987229e+00
2.562021181717602403e+00
2.576352039442398656e+00
2.617882351626922510e+00
1.930134568479480395e+00
2.367493921459572270e+00
1.966410675009272913e+00
2.745408153852848532e+00
2.324219338041064287e+00
2.371454262937339852e+00
2.811962381830122926e+00
2.751208032431756045e+00
2.645725972515764468e+00
2.118225453282144954e+00
2.336600577883924501e+00
2.173807348129835226e+00
2.147227489889778518e+00
2.503400324630304929e+00
2.378492457268094551e+00
2.239569501607590940e+00
2.680432333181113513e+00
2.620880518204145471e+00
2.368480553396714150e+00
2.586571189805497273e+00
2.747027212598585955e+00
2.786960532629884302e+00
2.850679133648706287e+00
2.458424550381422158e+00
2.635693988338619675e+00
2.508598989651658506e+00
2.435916028520492826e+00
2.493660753465097635e+00
2.759904559283976155e+00
2.230218706373690019e+00
2.236658122535418514e+00
2.433004186942586244e+00
2.690353024125725412e+00
2.502660194043456521e+00
2.146199069760979850e+00
1.672624125004913864e+00
2.158441586431322889e+00
2.120525745081239588e+00
2.286999329251114155e+00
2.769471542543014309e+00
2.597712373170932842e+00
2.501016670140733478e+00
3.002679202680418324e+00
2.357938761801555039e+00
2.347875658659635878e+00
2.716753573740971373e+00
2.723302917118670674e+00
2.466037000102047738e+00
2.603920392148274310e+00
2.446459647032503959e+00
2.231526474784307545e+00
2.427547475039322222e+00
2.824548665033390193e+00
2.968026138993536289e+00
2.239297265748103172e+00
2.842224974461617037e+00
2.623447737242384559e+00
2.547207473168289216e+00
2.424025211412457192e+00
2.329979151558032591e+00
2.939965706242738452e+00
2.314735063285870087e+00
2.220825987935750145e+00
2.988036106032264883e+00
2.733152613412900500e+00
2.595923003234734239e+00
2.377671426423323187e+00
2.916362501438045651e+00
2.293438522063027118e+00
2.778281914696878907e+00
2.359910901678530237e+00
2.452683822301495287e+00
2.512085890362695029e+00
2.576550492684678950e+00
2.661529584644659163e+00
2.286222379432947704e+00
2.272297753155951838e+00
2.512342425126731449e+00
2.693099015434874843e+00
2.754262553182808215e+00
2.180090009726123323e+00
2.526358852388245424e+00
2.348960657141463848e+00
2.785035734276706254e+00
2.572459461300686812e+00
2.730809093716504599e+00
2.644829109612182094e+00
2.160387428166974377e+00
2.481652374902028058e+00
2.476547218437000542e+00
2.727244283400192426e+00
2.620112760052818235e+00
2.778617241747086908e+00
2.547127922783828602e+00
2.430845578152588615e+00
2.159276702118232194e+00
2.240340313762993141e+00
2.210309268948606576e+00
2.523995921289746036e+00
2.684974003129392273e+00
2.701943912837836859e+00
2.485509614814703117e+00
2.242205273979387847e+00
2.773909503835791490e+00
2.152481491557542981e+00
2.264385249850615178e+00
2.377927344156010481e+00
2.395389808703821899e+00
2.819136839324712707e+00
2.396002749733792125e+00
2.138602193428214893e+00
2.233221150588761361e+00
2.821341664764543733e+00
2.585302614565907486e+00
2.293947889159891229e+00
2.649737904347758022e+00
2.874109724141810762e+00
2.672100714782192910e+00
2.361228788995955341e+00
2.317788096460483338e+00
2.411706696663896476e+00
2.748312844060205595e+00
2.098464447426448665e+00
2.266691863095965154e+00
2.544741780700474632e+00
2.292540225337026172e+00
2.670593219660978068e+00
2.048855678146274784e+00
2.261824255203701117e+00
2.475271847887192678e+00
2.156757608711254548e+00
2.248388251769178670e+00
2.133049489355485662e+00
2.541187363582039449e+00
2.840685372249480700e+00
1.778029499632488353e+00
1.956923020461411866e+00
2.945370584435327288e+00
2.816196323479744468e+00
2.486914803456251377e+00
2.150761262427320020e+00
3.030736011868260693e+00
2.286579570196911160e+00
2.098468683286052183e+00
2.698493275267832114e+00
2.895380367729183391e+00
2.411868871209847942e+00
2.794184180858130695e+00
2.387733190237585124e+00
2.560982948751237220e+00
2.447505421982008489e+00
2.741222769365778689e+00
2.315354911726984710e+00
2.786116718576773010e+00
1.971676570450573873e+00
2.558250098437851339e+00
2.589980663664975591e+00
2.497432404234972037e+00
2.557517913346454730e+00
2.080169310768305913e+00
2.437213620926973690e+00
2.250025317453216989e+00
2.228357814213258514e+00
2.242341726547137704e+00
2.387034896791694116e+00
2.416588338272827485e+00
2.488485239749643974e+00
2.145312118069115925e+00
2.230523465447688203e+00
2.699858604120754624e+00
2.666412621073300127e+00
2.607542520214574999e+00
2.353456988800632921e+00
2.510670175887194322e+00
2.198041837412193722e+00
2.595421544870874619e+00
3.121059527206930362e+00
2.376593247560636613e+00
2.729238661071311078e+00
2.012130558629499522e+00
2.146351058642427478e+00
2.910499824523299139e+00
2.875658717595242386e+00
2.257327761394505306e+00
2.397655017433896418e+00
2.557661434041089255e+00
2.461658149440441701e+00
2.431300391388782067e+00
2.376894518683811075e+00
2.060301934056680828e+00
1.958284450499837792e+00
2.652683073350945886e+00
2.113280226716099275e+00
2.469602169344897291e+00
2.217363688560061163e+00
2.238027302545589237e+00
2.150654898943255677e+00
2.663487064716279829e+00
2.353872091072086725e+00
2.217949118507831496e+00
2.314669506872697458e+00
2.659704092961602484e+00
2.737716368117090404e+00
2.394770812443908881e+00
2.560283462488351702e+00
2.539271374227012767e+00
2.447059403754352935e+00
2.339539342305240410e+00
2.629395753775987110e+00
2.851562068614526435e+00
2.018659660181144844e+00
2.586847734290239398e+00
2.748392743832348994e+00
2.355180717247275624e+00
2.456793921338507936e+00
2.600408912454927002e+00
2.373941862933230951e+00
2.783348427348310672e+00
2.647841698178020398e+00
2.383291629551199886e+00
2.043467248728601859e+00
2.360808671329450714e+00
1.946055209666227359e+00
2.518600132686864335e+00
2.964426546217884706e+00
2.200735599459502367e+00
2.632019375617198342e+00
2.304905771968104311e+00
2.335457233515241704e+00
2.957321791312105042e+00
2.853390481648858668e+00
3.014831141930333303e+00
2.677438754494506412e+00
2.522788114010180660e+00
2.090683390819624954e+00
2.642625541722596338e+00
2.600192015863225237e+00
2.397232195906038754e+00
2.505743965247779315e+00
2.287576845381794843e+00
2.857513116082311733e+00
2.532428407220371991e+00
2.481065909198071573e+00
2.915772237458313043e+00
2.439335636271322549e+00
2.243470818433414671e+00
2.485788969287229921e+00
2.151963623537112902e+00
2.270620997344540815e+00
2.434395166806447630e+00
2.202530853745970685e+00
2.755137635926437678e+00
2.710876628337752781e+00
2.816900320387432100e+00
2.626882794328483151e+00
2.974401161781177194e+00
2.199607006910442752e+00
2.478212677092308525e+00
2.133556631901762479e+00
2.467300385772889904e+00
2.297511009294963991e+00
2.347136373374537399e+00
2.100718274148674070e+00
2.238821657233335927e+00
2.881204948021244938e+00
2.623439974126636542e+00
2.885454883864213560e+00
2.822892787118704394e+00
2.166687683346793847e+00
2.620953094032035580e+00
2.242391029737946351e+00
2.700740487810511681e+00
2.668002631360335108e+00
2.843068893507583184e+00
2.564536146361073854e+00
2.413243601021624496e+00
2.598918483303665372e+00
2.442513728678017859e+00
2.802617898519725426e+00
2.287559171314984319e+00
2.665838032844691785e+00
2.253522030210618254e+00
2.519232568592515875e+00
2.909442536499674770e+00
2.204099334680486244e+00
2.694445428945074994e+00
2.363937857636255302e+00
2.309990069594004325e+00
2.604452055621814033e+00
2.651864443112652125e+00
2.538706508552433405e+00
2.189425541227295380e+00
2.401263096981494094e+00
2.230071607621423979e+00
2.461516490071051333e+00
1.910590142813596737e+00
2.497211006651975929e+00
2.463279130455541477e+00
2.511784174283288706e+00
2.501687390494966134e+00
2.313228264590421634e+00
2.183874707681654037e+00
2.467256683308209464e+00
2.152611357709369955e+00
2.607523112399541265e+00
2.624281763058592620e+00
2.848070075536461854e+00
2.868473571887194762e+00
3.046632360477843804e+00
2.664487868964193762e+00
2.759803101491372868e+00
2.503675685485700075e+00
2.433779783996167900e+00
2.279315443742001346e+00
2.200656263046401051e+00
2.347230577284376452e+00
2.684653400212644314e+00
2.535433780725188324e+00
2.209331683684829351e+00
2.281720912221062214e+00
2.441478265559539285e+00
2.118573786608773268e+00
2.216106472746580458e+00
2.181635249981215274e+00
2.746336038926896705e+00
2.772378238955599983e+00
2.329628501018179865e+00
2.081143523957075914e+00
2.347068770666046689e+00
2.750333696043506748e+00
2.067486553928960191e+00
2.724039837780231288e+00
2.475030830865680542e+00
2.317914024665199246e+00
2.713107501860015702e+00
2.707995551383543642e+00
2.834230062285389984e+00
2.774716966058881518e+00
2.273294329282666837e+00
2.190898820145464665e+00
2.296215409071027391e+00
2.350145001398744160e+00
2.629421663519595054e+00
2.616248947458210239e+00
2.512225590907379846e+00
2.765741249100210020e+00
2.485600559330686465e+00
2.616662611236666436e+00
2.706147600139765963e+00
2.209699335236145590e+00
2.392340924311227912e+00
2.458456994228568337e+00
2.734687537499780774e+00
2.528566210935223602e+00
2.474875727986201035e+00
2.272341151054200203e+00
2.678322181560806037e+00
2.523600863901004132e+00
2.850950609665232616e+00
2.482589805348000667e+00
1.811857974726801990e+00
2.478239945632910946e+00
2.367478121365964583e+00
2.606957666180063082e+00
2.746738354432131768e+00
2.428098889448896625e+00
2.639926310677252808e+00
2.686489578831170455e+00
2.074116065445039681e+00
2.364055497091612335e+00
2.346029264544039705e+00
2.609175549487895651e+00
2.271330047036730360e+00
2.398220652796717367e+00
2.562737071556792756e+00
2.585301860897719628e+00
2.271219077024737132e+00
2.658396725966296614e+00
2.673300849101837073e+00
2.622376906687627685e+00
2.497729240637338144e+00
2.192953321149571089e+00
2.369800964396691967e+00
2.019122945813453640e+00
2.957121390757710966e+00
2.260148745031147044e+00
2.425658513861653542e+00
2.597666405280288693e+00
2.232851909907187515e+00
2.726300527990033196e+00
2.468978626874285265e+00
2.205533866270931842e+00
2.046582774621728440e+00
2.186473950692370494e+00
2.254819870565417439e+00
2.553649705133491210e+00
2.331653974365971660e+00
2.448703112168577611e+00
2.540246134433481018e+00
2.718397361422560721e+00
2.842256312223132575e+00
2.302256684092240491e+00
2.278674761047965180e+00
1.997526419594786606e+00
2.361636753806356293e+00
2.475240008459118179e+00
2.779882464566695965e+00
2.433993990592573375e+00
2.352537474638268122e+00
2.623948948562490280e+00
2.276818393785368322e+00
2.078361242009569843e+00
2.064348946159633158e+00
2.503869394962612738e+00
2.141292785927993769e+00
2.682667439752293159e+00
2.467457058012893611e+00
2.419296918806726815e+00
2.340714777421454063e+00
2.624722943271051268e+00
2.737609988249610993e+00
2.727932814283961171e+00
2.346345700809310930e+00
2.697878813878443971e+00
1.987195516182707289e+00
2.590651376852854071e+00
2.410571951039137240e+00
2.288966927213651026e+00
2.535734727177544556e+00
2.588515273673597683e+00
2.469026296753288108e+00
2.135211795923006584e+00
2.388794242369999044e+00
1.759251846197150027e+00
2.460639901305668342e+00
2.485590891298933514e+00
2.229353010350159536e+00
2.109570035521048048e+00
2.309181434693425850e+00
2.836324580730568812e+00
2.201849217711558282e+00
2.689910280567475276e+00
2.860486141531250137e+00
2.427655991437493999e+00
2.661202816595928056e+00
2.038253104805976434e+00
2.240698607983574675e+00
1.968084572332755799e+00
2.593307808492649968e+00
2.474050435277507454e+00
2.227274766288896757e+00
2.776166432280560592e+00
2.645400319932181610e+00
2.195629126812826737e+00
2.694605327890250202e+00
1.831396867494288871e+00
2.312103110498093805e+00
2.297051016788355327e+00
2.722224518047518416e+00
2.284154755905154932e+00
2.732996540981794453e+00
2.008662176575525038e+00
2.599161610641121278e+00
2.071275363671258418e+00
2.475333440148380859e+00
2.303008763540260517e+00
2.194104656496116412e+00
2.190655104915911977e+00
2.187853297686934706e+00
2.226043253138409561e+00
2.653303269364790218e+00
2.273820633976363137e+00
2.383201632129865466e+00
2.002888930521490085e+00
2.657832630969050758e+00
2.562317807330662944e+00
2.448942781590530249e+00
2.159165409638900801e+00
2.015488071919480539e+00
2.436685015784537445e+00
2.316132869980258135e+00
2.420156009079526882e+00
2.029712146620415325e+00
2.715322056428594699e+00
2.182619402570219691e+00
2.504734056162228217e+00
2.203421661655947883e+00
2.271956302662369254e+00
2.123525656111223014e+00
2.172210829172074753e+00
2.565735986568042470e+00
1.748613910697571328e+00
2.728229694243376358e+00
2.567483479551962766e+00
2.596212370854559914e+00
2.633382281417017801e+00
2.543545038639902778e+00
2.623313338467360811e+00
2.220691745217760360e+00
2.598515167980922413e+00
2.325234789789297984e+00
2.850924180110063766e+00
2.414790948883516197e+00
2.685513844401917094e+00
2.647706254996313735e+00
2.706618696396244417e+00
1.988643236711812534e+00
2.577865805460075155e+00
2.600897795387428602e+00
2.125991790947375559e+00
2.480050892556522779e+00
2.608449634030371556e+00
2.834341024699523981e+00
2.125719973932113760e+00
1.736808387713094204e+00
2.336625594855166188e+00
2.294411408549605902e+00
2.208120418727637535e+00
2.631341170811548835e+00
2.881609059853703414e+00
2.111948643866848219e+00
2.443308732929878158e+00
2.645856819624314848e+00
2.304982077268670437e+00
2.179484423218119638e+00
2.475416070295372251e+00
2.288099098106958440e+00
2.375159927324047793e+00
2.329807615591359848e+00
2.428894165328030930e+00
1.804698713183162884e+00
2.075668407120354164e+00
2.712912873299523131e+00
2.274929978705493294e+00
2.150218177463447233e+00
2.646927246586393334e+00
2.459400663646161611e+00
2.669907327562161203e+00
2.437375402925098022e+00
2.656600969574490545e+00
2.432343556639808391e+00
2.446987246793775661e+00
2.504088936849885982e+00
2.342345380013526324e+00
2.402959463331683310e+00
2.053445872671357364e+00
2.972588778802743636e+00
2.258080940151549587e+00
2.514434723713791620e+00
2.772979285579569186e+00
2.742239445374558215e+00
2.795005756613202941e+00
2.348945676774895741e+00
2.834708857825294803e+00
2.111040585745422860e+00
2.800208574162609931e+00
2.307042549206869353e+00
2.246786016643023132e+00
2.477544073814446079e+00
2.240798349380238363e+00
2.041728351422334775e+00
2.302449536668846442e+00
2.279698264889440384e+00
2.703402149948824107e+00
2.835005725039994928e+00
2.428708941732108162e+00
2.801033473679956920e+00
2.721438860439027607e+00
2.216378505499269735e+00
2.789048000451680664e+00
2.054259454536783380e+00
2.428774182134823878e+00
2.781002179888378389e+00
2.629260187854172592e+00
2.515213329271387188e+00
2.771444137253245454e+00
2.293190515073228131e+00
2.557843473422723779e+00
2.319004368435690466e+00
2.645840931372964278e+00
2.484035532541440716e+00
2.333764519283622718e+00
2.281985711692391838e+00
2.362414627365895470e+00
2.392660705751629813e+00
2.564965562483424666e+00
2.600773684235259342e+00
2.685004507970267795e+00
2.820801256958053393e+00
2.348995028433759291e+00
2.835352846687949402e+00
2.837468954975299162e+00
1.863487150528078340e+00
2.271069725281237073e+00
2.332108583453010198e+00
2.482413644748667991e+00
2.792333043661049174e+00
1.993375770631461430e+00
1.928613799864730138e+00
2.408580832031420815e+00
2.768299700091576110e+00
2.681407753684102335e+00
2.760844054630097411e+00
2.397702547218985458e+00
2.853016275549040248e+00
2.431006361541223182e+00
2.938347349549105036e+00
2.389575948067653055e+00
2.215797253279856438e+00
2.580116877898873007e+00
2.319983422087269709e+00
2.405824122609010018e+00
2.441613600754402036e+00
2.443110333391165234e+00
2.063895784872406658e+00
2.725674386068154931e+00
2.445083289778124946e+00
2.354107437364477473e+00
2.576064481358375513e+00
2.628302441650701038e+00
2.304855797843765153e+00
2.668484168658333378e+00
2.611165283513422253e+00
2.079906061381848303e+00
2.442291496935755646e+00
1.850428377452364437e+00
2.327113059790383964e+00
2.763856260010959964e+00
2.279667564211588004e+00
2.204787289221976643e+00
3.041225473011015090e+00
2.590134250421076700e+00
2.705185470452233343e+00
2.632765774693836658e+00
2.906881497956455895e+00
2.546159524608973435e+00
2.589647737696682661e+00
2.531789048566293943e+00
2.389723457120821237e+00
2.456721047690865856e+00
2.978083313748166816e+00
2.685600755919072213e+00
2.515357066574273048e+00
2.268831870224452096e+00
2.249146576161778821e+00
2.590616348200380337e+00
2.335623167487471452e+00
2.570992527390220772e+00
2.564777894144036452e+00
2.482431993805402914e+00
2.763200463698613163e+00
2.419603542768433257e+00
2.443696603508484166e+00
2.472518154130646906e+00
2.441079048623244319e+00
2.554329004432037475e+00
2.624550432123970101e+00
2.219848627347507986e+00
2.777991119199712866e+00
2.665373047499180359e+00
2.377011224323712035e+00
2.356837215836369737e+00
2.422828522348836167e+00
2.283972054563651710e+00
2.177187787212439662e+00
2.550936554821637614e+00
2.755720240250313147e+00
2.475010734559750958e+00
2.267156481178430827e+00
2.071739119105449056e+00
2.588474211385151769e+00
2.885020239718723456e+00
2.649228875394051386e+00
2.489013374851998250e+00
2.795668164720487958e+00
2.339077159103581494e+00
2.676986567206908862e+00
2.383278282112457624e+00
2.565972577122324516e+00
2.294051415958438866e+00
2.208149007280049148e+00
2.455582943451381617e+00
2.923867328128217480e+00
1.903194636682524754e+00
2.309985169591795451e+00
2.535994298300030092e+00
2.038172589662046175e+00
2.200279411218111214e+00
2.308689677801970319e+00
2.167897577079390459e+00
1.849971991015749495e+00
2.090233555560040202e+00
2.835687878402331830e+00
2.133833659904972535e+00
2.260941975101439017e+00
2.560116536063190562e+00
3.096617646352105346e+00
2.614251749712874329e+00
2.253127850158360257e+00
2.599378462145576663e+00
2.365611111386433763e+00
2.268602967267673964e+00
2.596544071593087644e+00
2.122256310744350838e+00
2.960148892051810865e+00
3.005872986055980078e+00
2.086622158704940944e+00
2.618680358856726897e+00
2.218855445864556852e+00
2.095821892014772203e+00
2.786902309885958662e+00
2.679557250371510158e+00
2.645325952476735409e+00
2.483688836830693081e+00
2.602399537927914341e+00
2.341562601316230730e+00
2.663447959670888210e+00
2.211471467454097173e+00
2.255327220114411002e+00
2.629117237942614427e+00
2.436899920739826975e+00
2.427734811965108985e+00
2.805420885848358914e+00
1.865052885709413522e+00
1.957432388513693056e+00
2.763122615103834168e+00
2.398658027079247024e+00
2.761223291699273386e+00
2.182067614765061059e+00
2.115307944466298551e+00
2.309445410198939008e+00
2.659409584561695628e+00
2.803303125732017342e+00
2.380465607455579224e+00
2.698714919378170318e+00
2.392299415231918136e+00
2.510419747206019903e+00
2.867323398391287803e+00
2.031876954860183382e+00
2.504508467939586591e+00
2.593054739189129876e+00
2.568649521156793458e+00
2.854316291271344230e+00
2.420839158380062361e+00
2.234239124562380940e+00
2.074037206646144327e+00
2.667282369945052523e+00
2.107463057864557232e+00
2.661123633287334034e+00
2.188087958326975446e+00
2.349519903589680325e+00
2.219235706303893885e+00
2.592094798915868026e+00
1.895984979559978134e+00
2.323242174806746885e+00
2.292772663958098978e+00
2.664148211155684898e+00
2.518188859117077794e+00
2.388749480716996221e+00
2.691269352636013856e+00
2.389660504703832622e+00
2.135692203654123933e+00
2.798181287253799887e+00
2.651282543489490440e+00
1.878647595617911170e+00
2.715702439312142058e+00
2.348329270130650848e+00
2.475632685562134672e+00
3.054891488590848247e+00
2.283406782302918714e+00
1.997344347084731631e+00
2.725868341361334046e+00
2.507090304925013058e+00
2.930647409652231694e+00
2.894036607111183823e+00
2.283358402867555093e+00
2.229446331677513715e+00
2.764825899987970459e+00
2.368977380415047129e+00
2.394354315338356631e+00
2.720823670119472126e+00
2.401718162584276506e+00
2.522976263203148939e+00
2.626950057418993900e+00
2.139800562868733991e+00
2.336314820820331928e+00
2.623496881436827799e+00
2.098128428144888868e+00
2.283048322992307533e+00
2.397884081986367377e+00
2.039532000160976022e+00
2.418056939046660858e+00
2.418038931216057286e+00
2.493079287684544898e+00
1.946898100782008756e+00
2.401290952913190502e+00
2.450981710410208514e+00
2.736255327458578801e+00
2.500556941348679008e+00
2.342790735612046316e+00
2.654294850976560927e+00
2.844283958951951963e+00
2.800537817295674969e+00
2.636198145902645340e+00
2.369063192131871443e+00
2.315615905449886380e+00
2.238685891355137958e+00
2.579910339291654253e+00
2.540683426993946448e+00
2.818574735227835859e+00
2.278244620017042976e+00
2.292588572516070844e+00
2.005018131017756389e+00
2.673823413432295126e+00
2.882406577138867387e+00
2.584471476501571274e+00
2.642299598639727520e+00
2.194791246143282581e+00
2.696080595402840174e+00
2.264947952491850547e+00
2.853153362688297001e+00
2.697234920086518883e+00
2.288233808762119903e+00
2.361398898205628871e+00
2.355909698899075089e+00
2.497017243531808095e+00
2.403017779771793538e+00
2.538833925529131008e+00
2.492906372186012298e+00
2.765098338244080800e+00
2.345797548599423799e+00
2.450374205861251209e+00
2.395836702859956091e+00
2.889774139241313211e+00
2.425585674692617655e+00
2.568172860084985132e+00
2.047553835579563497e+00
2.233294821864499902e+00
2.642392907596263552e+00
2.445340426493437747e+00
2.866444127839810285e+00
2.590774650896034537e+00
2.183100130627166013e+00
2.584470091283968429e+00
2.735761674359828532e+00
2.156381998315102244e+00
2.254733727137252508e+00
2.353490907584468328e+00
2.688747989055649601e+00
2.690741033761993251e+00
2.883114399067006950e+00
2.650842472735027044e+00
2.406337439912698439e+00
2.276945431550800869e+00
2.810704323314304975e+00
2.405052999909753630e+00
2.775782868821025318e+00
2.620653002234231810e+00
2.450480393020329828e+00
2.419464056685702413e+00
2.029649538956211252e+00
2.318220094482879912e+00
2.580745733754196358e+00
2.455347548829686755e+00
2.059196935206615287e+00
2.599599672992337851e+00
2.545156422142978325e+00
2.910254562839061254e+00
2.803496152858472090e+00
2.111924439610341153e+00
2.859951527554515760e+00
2.585834439929681761e+00
2.297282803961460562e+00
2.279476295149789777e+00
2.248247164478735627e+00
2.571645876215558513e+00
2.009150430890586314e+00
2.246984453472974597e+00
2.454611256814828835e+00
2.994251290058223880e+00
2.192884447110518220e+00
2.540959069673214721e+00
2.358621293349365988e+00
2.424718176418970916e+00
2.812334499781815822e+00
2.564223931759477271e+00
2.392652080266693293e+00
2.738514954956885905e+00
2.573028310030282650e+00
2.676137372741289155e+00
2.556946905506102929e+00
2.440145629855684284e+00
2.856517944274320264e+00
2.884887298606591433e+00
2.205968822961359876e+00
2.267726155197524740e+00
2.452897029446016397e+00
2.750714109144734021e+00
2.371302881235825666e+00
2.757899824789669552e+00
2.636922938710996700e+00
2.460396675804503275e+00
2.764602219493367929e+00
2.294822779216625364e+00
2.534462747640241709e+00
2.396207371101704453e+00
2.335501669465489094e+00
2.163738314411054464e+00
2.035708675033072179e+00
2.604851531571297230e+00
2.891364270230773137e+00
2.285376146108748507e+00
2.681816304578260812e+00
2.698981479039854303e+00
1.968642619338081712e+00
2.340840836267213287e+00
2.060460514131949417e+00
2.247255620981269963e+00
2.868917270874663750e+00
2.544040697883866997e+00
2.606517646245084752e+00
2.220108194043665772e+00
2.270232667868159027e+00
2.235527403969329807e+00
2.192615741267910590e+00
2.515513407706816640e+00
2.825604607727507656e+00
2.642170711239915537e+00
2.358754271673609626e+00
2.820307120086485320e+00
2.879632676670524027e+00
2.331816366469153579e+00
1.640594787669684917e+00
2.512348551380125805e+00
2.197075696931269917e+00
2.320914169462354515e+00
2.607096974412236534e+00
2.349496627958388650e+00
2.510683077917720496e+00
2.234625862022661558e+00
2.062896366056633290e+00
2.631910120789059615e+00
2.175310544981349015e+00
2.391631462355549687e+00
2.657542750263868214e+00
2.701667264628468956e+00
2.436875466530715517e+00
2.455670284921019686e+00
2.521112530887378078e+00
2.548141552333028415e+00
2.290864700951988908e+00
2.488762762212233248e+00
2.390970625357569546e+00
2.353707519882991317e+00
1.951097083161270174e+00
2.550393355764986048e+00
2.654418587510361416e+00
2.828288396969733665e+00
2.652687870664549585e+00
2.359392918687404528e+00
2.015325536539712026e+00
2.061221288995431777e+00
2.371092770297229979e+00
2.978126095704186849e+00
1.983662727905967538e+00
2.630313657845578579e+00
2.469467005219144973e+00
2.290179420620461759e+00
1.942917171297660728e+00
2.531639860941025333e+00
2.507117445314015036e+00
2.103331822826187913e+00
2.827897311230528565e+00
2.587757644929608247e+00
2.302458918218896589e+00
2.896643244307635978e+00
2.435336032257433558e+00
1.977632095925326405e+00
1.969173905137119984e+00
2.583592986839591710e+00
2.253811723090107577e+00
2.473056789721938653e+00
2.298210851042924663e+00
2.711217308286235195e+00
2.536131429044455210e+00
2.532649664985532567e+00
2.303369195037837436e+00
2.130185336924767192e+00
2.706394606436468564e+00
2.166136060023642784e+00
2.471708192918739222e+00
2.642506323227638010e+00
2.609811365703277097e+00
2.764673259403528149e+00
2.076206563934364535e+00
2.582334960137743440e+00
2.324610021313731512e+00
2.575963960707990275e+00
2.808048372441596108e+00
2.516181497474710760e+00
2.581806176733750569e+00
2.135695536637142844e+00
2.378589858038504534e+00
2.239119514744206896e+00
2.364572550399215434e+00
2.692225664580390809e+00
2.833214276079373484e+00
2.128095727486980948e+00
2.427873296846315476e+00
2.642178077219792254e+00
2.843005396899112913e+00
2.456448390210843158e+00
2.297222763539439772e+00
1.800365519332430830e+00
2.003226404022084406e+00
2.212625233130338653e+00
2.207750069015114391e+00
2.509776526109634975e+00
2.939901236656382366e+00
2.388912869495033675e+00
2.176608475576212065e+00
2.772835485810613232e+00
2.257765873370090937e+00
2.443533943565294742e+00
2.169442327301919438e+00
2.378842727978135230e+00
2.237015632783003749e+00
2.498661152787628126e+00
2.444308571122144613e+00
2.684895588498671160e+00
2.671848448304493306e+00
2.369658866522286633e+00
2.321329663179451330e+00
2.324929661495028554e+00
2.517731143545378636e+00
2.229943125797954728e+00
2.412757099308002751e+00
2.126306325816999632e+00
2.378471504046352436e+00
1.987470274138603665e+00
2.461332723187526828e+00
2.190517277694531195e+00
2.517544923177682747e+00
2.476493519594579418e+00
2.294937630314187071e+00
2.268424935548164711e+00
2.531046459146005567e+00
2.126968829462442034e+00
2.030578087951540489e+00
2.496860886555435588e+00
2.730682433504747042e+00
2.427359420527660294e+00
2.136037872006971483e+00
2.657156709634367342e+00
2.624608486443271715e+00
2.246988689918580029e+00
2.413656959725425821e+00
2.706571421717068660e+00
2.052275790378232045e+00
2.324278620329634837e+00
2.804483616420280434e+00
2.760191895906716653e+00
2.515052786142097929e+00
2.447531441632926796e+00
2.685234097897643668e+00
2.427130074104673518e+00
2.084222899651226868e+00
2.457404929008037087e+00
2.239218126062241243e+00
2.819348845418452765e+00
1.850977873861710643e+00
2.769368933503365326e+00
2.836711374391699181e+00
2.543195492036772087e+00
2.486797159954622138e+00
2.705465069333438777e+00
2.241619628586668078e+00
2.304505327246888058e+00
2.342019591950434521e+00
2.248693268189018823e+00
2.191118828848912514e+00
2.368845919071508099e+00
2.773083756149035572e+00
2.599089055490863664e+00
2.571610402023179365e+00
2.694334565052508346e+00
2.037617680624984828e+00
2.773284586916706651e+00
2.517335734994065710e+00
2.384868605342711501e+00
2.864215562398798820e+00
2.553593651157900268e+00
2.626189016653324604e+00
2.946228816764436154e+00
2.505014318748145730e+00
2.240664057190028036e+00
2.141789488734429092e+00
2.574426073888099076e+00
2.708353874469706213e+00
2.678672439037735664e+00
2.417501462863992145e+00
2.100196636524518823e+00
2.759141312536794732e+00
2.253519431517548632e+00
2.484965766713608026e+00
2.572031027634097633e+00
2.234914600403616003e+00
2.470428892932980069e+00
2.389258603366649858e+00
2.134964083653726696e+00
2.427673735431186586e+00
2.763121658848066708e+00
2.492369474627086579e+00
2.746592778725262640e+00
2.545147042297239981e+00
2.496779243957518268e+00
2.943452917111861300e+00
2.530521972602227443e+00
2.759398879986958875e+00
2.649492999688324968e+00
2.178687916544168601e+00
2.503718169751059541e+00
2.464676784601841142e+00
2.657481511135026508e+00
2.214000876814461893e+00
2.258193888014063067e+00
2.537465953868961677e+00
2.258137334357623871e+00
2.506345339907465775e+00
2.522458895424005920e+00
2.737121245076318932e+00
2.710502436368580792e+00
2.470110596262883540e+00
2.657103760532606884e+00
2.492872668362932309e+00
2.066814474482934649e+00
2.572045285962930805e+00
2.618930926335492959e+00
2.436923486561166641e+00
2.679077124821479750e+00
2.087983621026173520e+00
2.754635326806223805e+00
2.285724605938954657e+00
2.407746918835690142e+00
2.230444683282014395e+00
2.857574093132938753e+00
2.353593621216556464e+00
2.276231877918523328e+00
2.597496096012949618e+00
2.438290136210335746e+00
2.265211342178008458e+00
2.279661800677473593e+00
2.525390502968435591e+00
1.802066845237968895e+00
2.289708238484714720e+00
2.343991259691367901e+00
2.466397466152411511e+00
2.817965095759176641e+00
1.973859449889322049e+00
2.732753222286215866e+00
2.255393705318424313e+00
2.268373316649062055e+00
2.366964332340688149e+00
2.074616603144090021e+00
2.606305726043359972e+00
2.938614045725003177e+00
2.427512024108323008e+00
2.299774819093157951e+00
2.197247101641409461e+00
2.493536867999548878e+00
2.145258744942672990e+00
2.300004758576521091e+00
2.581506710342668320e+00
2.360718802145654660e+00
2.633681763826365874e+00
2.065003799531849538e+00
1.931579772383720250e+00
2.687132344534296280e+00
2.181018037186412961e+00
2.504922948584609621e+00
2.612988935158580439e+00
2.222919451193530627e+00
2.468375064527767115e+00
2.544337833599135568e+00
2.047755386994693172e+00
2.197868213934012882e+00
2.350922349784688059e+00
2.279465843235093825e+00
2.466671457319764560e+00
2.244222954235353562e+00
2.225722199824077041e+00
2.174840995027119472e+00
2.229814457267992989e+00
2.151177530720131958e+00
2.379170224132785449e+00
2.367610083382717168e+00
2.649771770955582362e+00
2.565792820652943007e+00
2.785331149716421706e+00
2.643908047067318634e+00
2.172931356154659266e+00
2.691770314193002722e+00
3.004648353582826559e+00
2.331019911130638000e+00
2.649833167838144377e+00
2.419781240215506557e+00
2.858065073311534032e+00
2.348988819583952559e+00
2.879463143763624444e+00
2.352223389000941633e+00
2.427697290992741674e+00
2.678533264764916488e+00
2.726108884732721283e+00
2.659081491044649859e+00
2.297536843763738013e+00
2.003265803625408292e+00
2.308642341541747189e+00
2.423109314265301961e+00
1.998528478189638413e+00
2.101584291041789676e+00
2.617218590485968388e+00
2.004839382708410334e+00
2.839740670066585704e+00
2.144403085794746922e+00
2.592462767980973304e+00
2.402009033203890365e+00
2.653100194768919007e+00
2.982244245536555205e+00
2.814052602054674335e+00
2.145262033765855669e+00
2.310856265798496345e+00
2.730267752737901787e+00
2.534043180714234733e+00
2.557119119829429188e+00
2.252924395811869207e+00
2.858997961716200020e+00
2.285897821153612952e+00
2.506896269813139622e+00
2.763916435937798788e+00
2.609386609871889640e+00
2.869267770907546478e+00
2.590284286205949194e+00
2.806235410775849815e+00
2.665856063999392234e+00
2.806013670776045021e+00
2.800268609923187491e+00
2.178435914704699883e+00
2.206842775379077359e+00
2.576470550374933666e+00
2.592204842320795066e+00
2.221163130903563321e+00
2.660740191508843999e+00
2.186212392472331789e+00
2.408345853265435821e+00
2.372464063644626364e+00
2.383026629675665919e+00
2.817122539030173733e+00
2.618020826758442610e+00
2.337005245862770586e+00
3.071191044752799026e+00
2.603466766994681159e+00
2.858869744919783074e+00
2.272521748663089536e+00
2.307072203102146890e+00
2.366057923650013883e+00
2.297269310953188537e+00
2.268780450438776075e+00
2.367182244105736189e+00
2.307259970632949297e+00
2.259457681659497119e+00
2.358246710452107209e+00
2.566911481774484027e+00
2.380406130057656888e+00
2.091475908168880515e+00
2.351078563360707641e+00
2.068811128665910548e+00
2.181048948970545354e+00
2.566851522932645402e+00
2.286351305774896314e+00
2.296119701082089737e+00
2.326753589968648228e+00
2.219286572984085382e+00
1.970859517779262937e+00
2.366594059056403854e+00
2.788922107323122734e+00
2.350936964913742155e+00
2.514147676414435484e+00
2.571904509943315542e+00
2.314422409983982298e+00
2.269981616889132692e+00
1.920334283475388482e+00
2.585033901647531884e+00
2.550982834178016745e+00
2.622952470033315109e+00
2.740519125578563919e+00
2.253074277013107807e+00
1.856158521488374458e+00
2.523821743110636007e+00
2.389702295877872196e+00
2.339403580003584171e+00
2.356549991942664679e+00
2.276650642249600676e+00
2.287610224069193787e+00
2.619616068725937996e+00
2.535408641001530405e+00
2.959093473221587889e+00
2.989830809146111879e+00
2.589244690287257011e+00
2.229413261310761563e+00
2.241468647201101394e+00
1.829407358714687293e+00
2.111843413481721221e+00
2.815495037911065257e+00
2.161785420796523915e+00
2.144337999378059134e+00
2.691531818080295402e+00
2.740328920277933289e+00
2.662934070154391986e+00
2.622750883558595980e+00
2.286632561936049690e+00
2.411438601188389264e+00
2.329155078300998216e+00
2.668909485532382497e+00
2.434669332371349526e+00
2.000720946117662269e+00
1.988671610586959515e+00
2.403150656322968093e+00
2.570430665281747906e+00
2.821611648609133383e+00
2.031217048456308127e+00
2.539345824401690432e+00
2.363351136542905184e+00
2.662459268025155978e+00
1.910255300985441052e+00
2.577905086830956094e+00
2.412323593732232929e+00
2.665686996169135181e+00
2.825404260514288168e+00
2.013792048078895114e+00
2.216895566243357596e+00
2.701698442343696716e+00
3.040587384952089689e+00
2.479959815832777803e+00
2.661732970842598522e+00
2.640759026698697998e+00
2.547810972367194893e+00
2.273542852388488189e+00
2.637344543203897551e+00
2.582126111832176996e+00
2.190784468698972809e+00
2.255561272452038413e+00
2.545953790600129274e+00
2.510990185296294364e+00
2.068647941732486562e+00
2.465591223891183681e+00
2.331456721114983921e+00
2.657189017675523512e+00
2.527487718097382263e+00
2.507147298643284561e+00
2.273680758846767347e+00
2.624153522172284703e+00
2.402545984249221167e+00
2.668091304586649226e+00
2.631433349769965346e+00
2.481269872138669008e+00
2.149844698654090003e+00
2.606486384166216919e+00
2.276244797845527579e+00
2.686653618084647199e+00
2.221240007578674902e+00
2.772203391893381497e+00
2.485532757609714150e+00
2.142616552041215261e+00
2.550778327766782372e+00
2.529601704813802421e+00
2.450448626850660006e+00
2.487113960996971684e+00
2.667780201024236408e+00
2.645023920055832978e+00
2.942292405269122835e+00
2.524316906929755078e+00
2.744093470257970235e+00
2.205241447082046946e+00
2.776133246596471871e+00
2.369968526749180349e+00
2.491520918017671615e+00
2.697961471189969984e+00
2.233920585533886616e+00
2.665930512902130900e+00
2.238157457327235367e+00
2.640596859575433886e+00
2.520568373426933295e+00
2.858065624398517190e+00
2.556323720897619722e+00
2.380134553070567538e+00
2.484521029794170666e+00
2.904442745045538121e+00
2.441114265646898041e+00
2.478723796270184021e+00
2.299302004974616676e+00
2.231923239080425336e+00
2.455920971412868248e+00
2.196186531947100562e+00
2.495646772946530145e+00
2.589523107366149990e+00
2.568495755317174556e+00
2.464001068281378881e+00
2.843345263412659918e+00
2.579516372263254365e+00
2.653413777741193247e+00
2.590808953303722628e+00
2.593580623000208085e+00
2.615118909285791826e+00
2.598659511378940579e+00
2.992021203930903095e+00
2.115733442240395057e+00
2.888860345402244789e+00
2.683253668135876957e+00
2.757599726548241481e+00
2.287239872558969545e+00
2.402427500507575253e+00
2.580976925431814006e+00
2.166409634549567365e+00
2.294111394552113659e+00
2.711044320343674485e+00
2.549102204321468612e+00
2.402803714659852208e+00
2.183321217909726109e+00
2.566580679456262892e+00
1.944301337461256107e+00
2.755728008520471395e+00
2.434071736951513465e+00
2.752265384570980356e+00
2.646365582594043975e+00
2.871968372851325668e+00
1.911820744764583857e+00
2.501715018278299674e+00
2.374053773140214041e+00
2.785570222830526355e+00
2.338637896992092458e+00
2.155816384393609564e+00
2.633792745941887503e+00
2.469730440163136365e+00
2.780044536220806606e+00
2.275421777863047001e+00
2.542383519789041646e+00
2.673513448238437729e+00
2.734247615734650694e+00
2.837736655600960667e+00
2.282887037203280567e+00
2.493984660783914897e+00
2.360970466231005815e+00
2.375872181172712150e+00
2.339919251032807512e+00
2.283884539115474066e+00
2.196952061726538563e+00
2.610194734265147254e+00
2.714927773295981339e+00
2.522415498345973006e+00
2.527021731671627247e+00
2.217251842928329886e+00
2.232329494880741727e+00
2.663884458844367309e+00
2.920499890600998238e+00
2.335678675614331290e+00
3.015139807789959381e+00
2.197100531308025406e+00
2.309953329728375415e+00
2.513837860998179963e+00
2.077834783474275859e+00
2.475718009344936910e+00
2.051829432647423346e+00
2.423248447966293462e+00
2.778338624952927827e+00
2.609300140401516366e+00
2.394192636059444546e+00
2.332256430355168941e+00
2.217301565371679661e+00
2.619564622851352276e+00
2.433728184815398432e+00
2.314024590547846039e+00
2.621513055776893086e+00
2.447761428365645031e+00
2.094701574282840539e+00
2.505480966887521976e+00
2.255658237499964525e+00
2.358706969414854360e+00
2.737946321070545252e+00
2.751317618282598243e+00
2.395047964341376456e+00
2.227210565266959374e+00
1.832549126216131752e+00
2.874396297373905895e+00
1.984592666372625880e+00
2.303428504397775800e+00
2.697767070831981862e+00
2.289676408952076248e+00
2.366905173542045659e+00
2.561014773848141690e+00
2.601605149390943339e+00
2.511780316757335818e+00
2.569482741846524920e+00
2.108138456171861463e+00
2.561735990543585473e+00
2.707360878911921009e+00
2.552032862054276041e+00
2.334199187524012231e+00
2.611397910507617937e+00
2.496891520396002928e+00
2.704763898740033312e+00
2.006836508925266216e+00
2.231674176935839249e+00
2.367596066577319913e+00
2.173326730546837560e+00
2.251777126205669166e+00
2.126025557241441710e+00
2.494374226269833184e+00
2.513005543485022919e+00
2.402796529014752380e+00
2.128344294146964799e+00
2.571738907054561096e+00
2.179029324233574538e+00
2.056039931506690177e+00
2.012125644359899823e+00
2.248200644620595767e+00
2.453780084693301333e+00
2.417132948408768467e+00
1.921910679669863953e+00
2.697283258105647619e+00
2.692680107282502622e+00
2.623165977605288468e+00
2.454520953753224433e+00
2.297457639652128236e+00
2.297217171384954959e+00
2.250308281446468328e+00
2.741257341470280107e+00
2.346589572899654197e+00
2.096719779133676909e+00
2.542619665487145575e+00
2.690331839287875226e+00
2.294707515107337947e+00
2.858447070180121230e+00
2.459138768550930720e+00
2.456418532462901982e+00
2.424279275443785409e+00
2.153243704713417195e+00
2.735496289598041031e+00
2.276402320385370270e+00
2.483101326702920275e+00
2.376146122959206242e+00
2.221524855321067804e+00
2.608607540988865825e+00
2.558263436011434688e+00
2.561923542260088116e+00
2.417556144257169137e+00
2.897509800401793179e+00
2.897365476668235740e+00
1.983545649222229867e+00
2.452638551917617260e+00
2.272267598248690401e+00
2.407654271870846685e+00
2.607418692899829971e+00
2.530779533497069522e+00
2.187450365481246273e+00
2.274979859917940050e+00
2.841189304993155140e+00
2.255447041072673020e+00
2.134163361794231495e+00
2.474078980764612190e+00
2.367574920255667514e+00
2.166408930232450736e+00
2.265194087340993256e+00
2.427771362048945392e+00
2.572482251916562213e+00
2.572305249374466918e+00
2.615576666757898572e+00
2.369280573556853842e+00
2.979889764316153489e+00
2.509050728499228278e+00
2.452794685390127238e+00
1.982818010174892676e+00
2.523643323427362972e+00
2.504988397694727364e+00
2.378930511837716644e+00
2.611447338063887624e+00
2.491101196854427435e+00
2.170396477022340065e+00
2.087243822997345788e+00
2.338192496352856420e+00
2.765549927723761847e+00
2.629298422265148094e+00
2.414222481828939504e+00
2.519527738139531792e+00
2.356917039612057785e+00
2.267879330217214662e+00
2.665756905894825390e+00
2.619521164639572852e+00
2.330195207384140765e+00
2.492326852446802299e+00
2.384708832693496205e+00
2.035645777577577142e+00
2.037094560365757090e+00
2.490595139383375400e+00
2.673967804192465714e+00
2.317670212876438374e+00
2.236654854111969293e+00
2.542768533079250215e+00
2.390029054394631203e+00
2.157758391049553026e+00
2.781827625643736646e+00
2.135227601417752030e+00
1.949022881442404209e+00
2.214380392195871572e+00
2.680956611304356141e+00
2.772650359453978197e+00
2.259470116028262865e+00
2.271211114919245766e+00
2.169063497793207951e+00
2.884644662621046685e+00
1.836884685819284213e+00
2.310335966913505068e+00
2.139795313413213051e+00
2.761567835239309154e+00
2.370220156635032271e+00
2.463327936202748702e+00
2.517218767636451027e+00
2.772384611818203393e+00
2.846808799455840422e+00
2.334792309600453919e+00
2.663020377068423095e+00
3.050427305103455833e+00
2.302178104814157411e+00
2.365770124290292209e+00
1.952132306098442571e+00
2.244517202095955177e+00
2.927040064534438990e+00
2.613791797729341226e+00
2.614948975543345266e+00
2.747039271327383680e+00
1.895694910915796783e+00
2.301018147986309437e+00
2.913643377517188604e+00
2.090865656949828733e+00
2.840806695656755920e+00
2.348002435763310913e+00
2.128211766202670496e+00
2.212416164494018567e+00
2.608183492703797679e+00
2.491474866288809764e+00
2.128479980408347849e+00
2.705121119244866978e+00
2.614686167198787992e+00
2.093525601124093249e+00
2.485093735923827207e+00
1.993704675722829611e+00
2.718887118768230415e+00
2.417804015105283977e+00
2.733985574204506275e+00
2.364018994683879882e+00
2.716761075561967331e+00
2.793215391150128735e+00
2.651665605038492579e+00
2.412301367888607384e+00
1.938401195493705487e+00
2.595362219270095139e+00
2.185703760764738490e+00
2.898119311708193369e+00
2.458444500268033739e+00
2.666246880293999588e+00
2.091728936966056995e+00
2.167371198883249139e+00
2.648862155982955269e+00
2.677365325251624295e+00
2.408511282536055731e+00
2.134339469205785988e+00
2.450520824977383771e+00
2.210400340866770286e+00
2.269876604882864246e+00
2.494220455574714723e+00
2.457681963452152729e+00
2.777979306002654081e+00
2.425400434683828710e+00
2.010018349049185638e+00
1.982685475293809896e+00
2.513454233965782159e+00
2.172549184123340194e+00
2.677722443005902342e+00
2.666158352537711274e+00
2.268013418183029817e+00
2.463198665827207368e+00
1.992082044696001919e+00
2.330117049282945274e+00
2.451917498199220891e+00
2.116687451725009161e+00
2.552383499129837308e+00
2.317889875921475884e+00
2.372293476272884671e+00
2.698680899884593920e+00
2.604778583753329713e+00
2.410756143060660328e+00
2.661155110477617214e+00
2.061932595308499039e+00
2.413791220297209605e+00
2.502900984186342548e+00
2.665049488509048548e+00
2.540328453085841431e+00
2.668457929067804102e+00
2.829870984276234402e+00
1.994017049696769295e+00
2.359130757943840528e+00
2.039254895689968095e+00
2.465098629724701063e+00
2.460284828937363777e+00
2.196182687042045778e+00
2.641427122305812780e+00
2.684478754662436462e+00
2.089683600926077300e+00
2.851032176388151651e+00
2.463160553267683905e+00
2.513769531917966038e+00
2.152906589317204578e+00
2.375493059562679754e+00
2.334779806907877120e+00
2.614121175498327343e+00
1.974966724497350778e+00
2.768726089665048296e+00
2.665159036245319246e+00
2.604179222052820375e+00
2.264717860819955852e+00
2.375731770921133634e+00
2.267757388790625050e+00
3.012406065062885219e+00
2.503817482031990505e+00
2.804766929501858908e+00
2.237356497211789197e+00
2.285400261374026520e+00
2.986907238936014064e+00
2.226161032798481099e+00
2.083041996812731611e+00
2.031607007572303836e+00
2.478758597791506091e+00
2.410533515207101019e+00
2.484318768575807912e+00
2.596776832229621412e+00
2.506214100649360788e+00
2.090208497457866077e+00
2.671799392045911770e+00
2.707119251006922411e+00
2.460687898447591948e+00
2.091301381622928446e+00
1.765468915138670436e+00
2.593683748165640957e+00
2.596880468579438883e+00
2.481419779085412447e+00
2.458933294592961616e+00
2.074895808806167530e+00
2.299400589481332968e+00
2.849251796930669656e+00
2.311479937136713403e+00
2.347635071334927659e+00
2.789869815057312241e+00
2.570969461311238380e+00
2.481599804252136554e+00
2.574379830591529306e+00
2.392205249712434867e+00
2.057663275580799755e+00
2.687712751212659068e+00
2.487718977863614622e+00
2.648971640972552777e+00
2.512657121577829500e+00
2.755137244154086673e+00
1.983818425015954068e+00
2.009030833627776680e+00
2.549991877032962151e+00
2.049913265552390840e+00
2.444665311596870172e+00
2.161722931968508288e+00
2.409275799000525797e+00
2.501067511533366261e+00
2.295289389599697305e+00
2.765224305288561446e+00
2.093768867292947977e+00
2.266624720095339107e+00
2.166581461736833525e+00
2.869861506516804273e+00
2.405828715253927275e+00
2.375384617548593980e+00
2.514704207821960136e+00
2.445176518227569318e+00
2.381690928184795553e+00
2.234749808911835167e+00
2.888662443221518217e+00
2.667576586893526613e+00
2.607169255612424408e+00
2.435399139370860944e+00
2.386624752878874212e+00
2.175053903687828694e+00
2.720466703402636632e+00
2.428421741880667728e+00
2.095544695650285227e+00
2.384514186751328424e+00
2.460716127245094587e+00
2.910579595835151245e+00
2.585168348191323684e+00
2.302453093197579292e+00
2.480415356895157686e+00
2.524344583004217490e+00
2.844701488644575171e+00
2.779235662834950382e+00
2.857686888402740433e+00
2.701685063329043679e+00
2.267857414094530455e+00
2.131296077109380072e+00
2.387647668173200621e+00
2.749618961043975851e+00
2.370632542852333380e+00
2.758004433441152869e+00
2.259291001858980685e+00
2.806246622916214406e+00
2.458760705739040375e+00
2.383358901170878230e+00
2.693202912934574922e+00
2.291120972426259339e+00
2.403867197742394879e+00
2.258835807641470073e+00
2.403941121956016946e+00
2.303111939015162424e+00
2.349940291063114195e+00
2.765897835895449575e+00
2.413645228928164688e+00
2.252955817264717719e+00
2.792496054879551437e+00
2.300917492736196834e+00
2.679617967135656365e+00
2.418331981330094749e+00
2.306138127658982739e+00
2.784306332812496620e+00
2.130114405437825820e+00
2.581565067992459550e+00
2.238687738012794526e+00
2.650401681565369039e+00
2.325351665685150948e+00
2.268361459639493649e+00
2.595711878911920678e+00
2.586313806381289826e+00
2.569383631158824510e+00
2.302904888143896489e+00
2.604228270687966251e+00
2.320011189700768028e+00
2.594899486294927282e+00
2.360414262089958193e+00
2.323123891346102976e+00
2.129408095842646009e+00
2.438503687809368881e+00
2.840926636546235340e+00
2.223358573383026560e+00
2.627472559960280396e+00
2.511252228908496864e+00
2.382277032515370596e+00
2.373996349081505919e+00
2.319209599514039599e+00
2.640743455529236172e+00
2.638568592837971405e+00
2.331228750989729814e+00
2.179158634428985053e+00
2.257007454051187523e+00
2.147958530105236186e+00
2.776822852897328442e+00
2.714754774727047515e+00
2.171284200886043791e+00
1.884155761252815697e+00
2.832232814010429589e+00
2.247141191348772882e+00
2.060858009534235258e+00
2.174838063876697092e+00
2.429350359429649053e+00
2.757210436600420422e+00
2.534057589853519588e+00
2.656302230716470980e+00
2.484348418297155803e+00
2.556120537660364178e+00
2.549249404857124368e+00
2.299221471809304251e+00
2.461250909404721909e+00
1.979581918091716686e+00
2.498205286663580438e+00
2.391163945757747378e+00
2.641201554842452559e+00
2.204507964296544831e+00
2.458254827067053672e+00
2.584235691350793118e+00
2.353995353198218510e+00
2.416622173656688854e+00
2.442083038347940160e+00
2.322172235731366552e+00
2.210550566015489604e+00
2.432923930045267191e+00
2.566627310845740251e+00
2.080160392305545614e+00
2.708391022724226715e+00
2.791628895477923145e+00
2.375778932776855257e+00
2.548765199458689956e+00
2.515051873630064883e+00
2.371367231073646664e+00
2.221173325189246484e+00
2.366169382835241475e+00
2.462412680320325453e+00
2.106678129764957497e+00
2.484963205165264810e+00
2.545768328611623943e+00
2.644875038919021204e+00
2.162834118605783118e+00
2.358231308755940780e+00
2.454478265969932238e+00
2.337931843375416374e+00
2.914089863478610098e+00
2.299719170047342054e+00
2.113324327780580880e+00
2.398786538857788031e+00
2.164050985756252210e+00
2.625178242524443650e+00
2.306738980768867187e+00
2.777633850676616500e+00
2.789142590320122572e+00
2.708155268978748698e+00
2.791609799881505261e+00
2.470607100485188834e+00
2.438060968140921769e+00
2.299775906615716625e+00
2.462082625336758035e+00
2.783621084619166020e+00
2.299622533222787091e+00
2.398401842677933438e+00
2.769832310756403349e+00
2.414039206789868608e+00
2.591619811461607359e+00
2.197328181673388947e+00
2.604010974672215983e+00
2.174616943604791963e+00
2.323592390186878021e+00
2.049323047441240497e+00
2.787677920141528709e+00
2.420697277430643890e+00
2.346233912227179808e+00
2.313094265032841879e+00
2.486363129676925521e+00
2.362781382452952883e+00
2.276205883710006539e+00
2.577446117589078600e+00
2.534373683110695996e+00
2.263533721750863759e+00
2.451105312568641725e+00
2.411180080312905982e+00
2.771646921759391091e+00
2.905404085312617291e+00
2.456553760923696927e+00
2.664499402418230467e+00
2.474307793647341214e+00
2.180310041186094061e+00
2.328647118369764346e+00
2.200452193128677791e+00
2.532843856952069928e+00
2.290394636451648758e+00
2.383923254316427709e+00
2.795156776429738255e+00
2.304994225706256561e+00
2.513693607247343031e+00
2.478258509565899104e+00
2.015296484657254084e+00
2.429521293689504091e+00
1.933908355650555855e+00
2.530108745211012700e+00
2.126119432114696117e+00
2.665316617775401298e+00
2.750671114973737730e+00
2.426589201641360827e+00
2.723888586412816615e+00
2.548712050811372976e+00
2.347184564541860752e+00
2.618522661883690095e+00
2.251779959606734938e+00
2.118813204646937898e+00
2.628234077138312141e+00
2.449656115741083440e+00
2.086480140290047469e+00
2.275104193781507078e+00
2.544323430997249780e+00
2.508513453149918249e+00
2.143316872466857870e+00
2.409440850435337289e+00
2.461821146706788532e+00
2.393047567678490584e+00
2.740728524111112563e+00
2.566845336817663359e+00
2.434508351700414686e+00
2.335681966936697940e+00
2.420302917001080356e+00
1.908256381920234723e+00
2.511279086568358299e+00
2.310574459463956565e+00
2.615330364209300651e+00
2.491929078989692847e+00
2.396943735161077171e+00
2.196593899258425076e+00
2.511351044968666457e+00
2.385160583953486846e+00
2.295755372623896839e+00
2.368334285090793134e+00
2.639089197441171208e+00
2.357296375252495579e+00
2.787168402933006384e+00
2.686787425129732121e+00
2.435475035885132478e+00
2.600077121316784368e+00
2.337012963978737812e+00
2.666112441260551691e+00
2.528760440606489190e+00
2.323501884377339177e+00
2.528315518821970365e+00
2.653657887877172605e+00
2.687986616693064601e+00
2.251488048670260866e+00
2.269149156390787070e+00
2.420016813545971424e+00
2.414045241474661374e+00
2.056766161208038568e+00
2.150939430884859505e+00
2.812029042039328797e+00
2.632509627571547384e+00
2.324399178947211375e+00
2.630258611296409921e+00
2.226135958661543679e+00
2.684301566452847343e+00
2.024878261470673735e+00
2.760255307807451874e+00
2.588034592255647581e+00
2.480865201289682354e+00
2.267770238845518094e+00
2.510026119632134289e+00
2.684207688765181121e+00
2.440767208948880995e+00
2.350204354904474435e+00
2.549948001804783537e+00
2.930772914820297448e+00
2.477740725868492255e+00
2.610420188038802269e+00
2.369182102803874646e+00
2.815108461610017265e+00
2.477937076708035313e+00
2.537100853378051468e+00
2.316436902602328374e+00
2.823220556442244789e+00
2.636333571180290214e+00
2.373898062632387784e+00
2.539271198980169508e+00
3.103301785244864330e+00
2.622332279273363209e+00
2.009684288301217148e+00
2.374583659391610091e+00
2.387214512241886855e+00
2.558096944308549503e+00
1.969577765751012288e+00
2.438268197181657104e+00
2.686849806108688732e+00
2.200315321301992810e+00
2.617445693995690714e+00
2.463050468970664042e+00
2.391007288395740282e+00
2.618704452352722534e+00
2.704075933690630595e+00
2.187376221942798793e+00
2.562988536674421169e+00
2.451951371317545370e+00
2.664257301616868912e+00
2.548813317240119503e+00
2.338091922466894346e+00
2.045048662677271700e+00
2.442410516821225119e+00
2.056059260611613926e+00
2.365536409442428933e+00
2.594246493166951772e+00
2.141054201150272007e+00
2.781511742927438302e+00
2.808784530900455323e+00
2.585238623087510845e+00
2.628199530716721632e+00
2.804286445293585395e+00
2.361355953982593014e+00
2.269254336433013108e+00
2.729951247417448545e+00
2.724925117958446386e+00
2.135745807277268149e+00
2.898554354201421823e+00
2.322430275744304495e+00
2.370921856124470928e+00
2.088185782989234518e+00
2.569280370047159590e+00
2.270398219565591624e+00
2.955571373576154848e+00
2.634663552936086450e+00
2.535404222675873065e+00
2.552596186963234981e+00
2.120732692902273619e+00
2.206137250995523935e+00
2.494178466021393703e+00
2.535841546621261600e+00
2.834240216597049056e+00
2.066281830648263096e+00
2.608851681318597571e+00
2.766340077913195028e+00
2.456472235608589738e+00
2.734689056481727221e+00
2.405970954826475161e+00
2.671622092060797371e+00
2.432755731871096838e+00
2.661114073913150690e+00
2.610091070018510706e+00
2.309818845013999145e+00
2.330755393606351422e+00
2.466212545705520842e+00
2.500355361200616411e+00
2.172533359284950727e+00
2.106511155818087566e+00
2.475070341028236420e+00
2.078923988349801633e+00
2.716904001768061239e+00
2.653872471049050663e+00
2.726327404646780916e+00
2.468217878013734268e+00
2.562361037842185496e+00
2.726228993862975791e+00
2.652697887666093379e+00
2.877316829932550224e+00
2.254960757197066901e+00
2.301096943544820750e+00
2.587324346157919841e+00
2.000096195497265139e+00
2.425435564630979091e+00
2.100973485446472999e+00
2.811020820478901783e+00
2.734289457879532481e+00
2.501764601945711597e+00
2.307548821460894573e+00
2.454825036624500356e+00
2.502383022277256064e+00
2.113185378959325789e+00
2.184968132114801787e+00
2.692643374210659690e+00
2.359767982532278818e+00
2.454447884169383087e+00
2.577541672786769489e+00
2.319364187799589416e+00
1.869227738807418993e+00
2.222428787870560196e+00
2.091133814261519674e+00
2.011902770194676116e+00
2.401270117448878416e+00
2.682781661265742024e+00
2.618478318685996786e+00
2.732175847287241055e+00
2.427149228101115774e+00
2.711322524283298119e+00
2.084456073722900538e+00
1.994471024674093540e+00
2.654086022845302928e+00
1.801988483662938290e+00
2.578700165129031774e+00
2.446462391356134525e+00
2.743414918905027644e+00
2.541324269682646797e+00
2.076695156998630942e+00
2.147913999535418839e+00
2.295183982532468470e+00
2.554142014793920001e+00
2.085998623105813188e+00
2.343653447907704912e+00
2.334441203087752381e+00
2.289889968473949544e+00
2.657355877162007829e+00
2.742897755292904804e+00
2.469291555784046466e+00
2.225248676298412498e+00
1.868044878093884975e+00
2.337826734956751640e+00
2.644996849834402752e+00
2.251014765781548910e+00
2.436421997642474135e+00
2.614738113800951336e+00
2.466281178746752900e+00
2.623025416269997745e+00
2.967027132938462763e+00
2.450735792068304164e+00
2.097735517717893128e+00
2.805648228017106671e+00
2.587835354981365743e+00
2.228240221239083496e+00
2.382134743360514229e+00
2.765083987852680281e+00
2.513259345698999780e+00
2.223522905308417563e+00
2.553105767981618257e+00
2.365933413921279094e+00
2.857881515681887308e+00
2.646840793337246645e+00
2.272741734454553963e+00
2.362257451681854636e+00
2.336444805510509592e+00
2.798006734992708466e+00
2.792999431291152135e+00
2.829543872229357770e+00
2.108768126179040969e+00
2.829093234876451923e+00
2.330543776959610014e+00
2.162845088757738843e+00
2.373593284952211224e+00
1.980176510643575361e+00
3.015937243154099612e+00
2.748421294711794527e+00
2.769644019856458250e+00
2.350540421979159689e+00
2.574772747926308281e+00
2.857049876079860162e+00
2.273334896728071985e+00
2.265965888246678439e+00
2.656232699728550362e+00
1.800843610726663213e+00
2.527653338877933642e+00
2.474467244336753691e+00
2.572566169033989603e+00
2.797528506626024480e+00
2.019028084411076840e+00
2.999667866972567598e+00
2.319696057837117742e+00
2.744655425042347385e+00
2.437927958151693275e+00
2.496093925504887068e+00
2.349662309762080792e+00
2.643985497583046129e+00
2.108829022334739456e+00
2.398401401332256100e+00
2.661023732006593701e+00
2.238817261471595987e+00
2.688157307422717857e+00
2.272765297581214039e+00
2.383139980351030029e+00
2.595787902927844115e+00
2.513395538280275954e+00
2.477353476729577508e+00
2.348766173648606959e+00
1.808931208430216930e+00
2.273129138823414053e+00
2.232772195102830537e+00
2.361256238743734137e+00
1.910109872292521160e+00
2.446810186576176882e+00
2.684052178398187660e+00
2.808596047693290743e+00
2.519532888072999910e+00
2.425922865260282002e+00
2.770503645653148439e+00
2.618511496685849593e+00
2.370826335123744855e+00
2.115870636246806047e+00
2.404779646044744368e+00
2.360516270909911896e+00
2.777029213890144455e+00
2.913554287995113068e+00
2.415202869487206527e+00
2.295724230766695850e+00
2.868574697193631451e+00
2.310068305405651667e+00
2.731195260709167183e+00
2.188750702673730064e+00
2.922258690460202146e+00
2.038756213551477181e+00
2.510133516785450603e+00
2.389887814198211835e+00
2.285186009712074195e+00
2.151571747082694053e+00
2.507970938051598431e+00
2.510720424555914043e+00
2.421720213510884179e+00
2.716941034054785042e+00
2.188804120880106563e+00
2.399446953162232887e+00
2.773873258486125870e+00
2.344925201179874907e+00
2.540836056039106339e+00
2.281717122885795312e+00
2.782084123684516630e+00
2.517585124712342193e+00
2.719755106361433583e+00
2.308038603641193287e+00
2.634590768118981519e+00
1.901720486440471980e+00
2.895592012966934359e+00
1.964686982533277337e+00
2.541338751648439587e+00
2.528420222160320918e+00
2.410995434332365850e+00
2.419595666970506542e+00
2.322225291589998797e+00
2.341408814031664676e+00
2.658497194470823555e+00
2.369189107251873150e+00
2.401472957383767870e+00
2.142311527533427906e+00
2.406783662303614957e+00
2.665776999050488705e+00
2.355024617973414891e+00
2.141898656658066002e+00
2.572599491685461537e+00
2.677744214022147240e+00
2.114108733084538283e+00
2.236092301278874483e+00
2.201074564903740427e+00
2.427234248100421432e+00
2.233159313495786336e+00
2.511154694161369605e+00
2.335610560412801462e+00
2.465800789548694638e+00
2.438516886685190066e+00
2.460263123319287537e+00
2.011889768174579096e+00
2.597828523048556715e+00
2.059166957386583618e+00
2.686287677654667139e+00
2.329240144256512046e+00
2.746349390104894983e+00
2.088524910566079029e+00
2.189629034432255761e+00
2.285008064097740821e+00
2.734794018938158544e+00
2.848143132491452789e+00
2.319402430659339487e+00
2.782528101451502867e+00
2.783871878563109803e+00
2.892848516973205442e+00
2.781903212051523688e+00
2.518224486389711192e+00
2.944298527816741728e+00
2.721051644517287205e+00
1.988188439771932048e+00
1.767606255832656181e+00
2.514693532500009265e+00
2.444435468522767607e+00
2.189868006805400835e+00
2.387835147891321341e+00
2.056924905115384838e+00
2.395148130145311693e+00
2.607074375047952586e+00
2.626848261276607754e+00
2.319162540299169351e+00
2.665586435826008405e+00
2.377265039170317174e+00
2.453173167409454791e+00
2.546515894627597643e+00
2.333433715359405802e+00
2.357748948849218262e+00
1.858752403749505566e+00
2.619037308421942267e+00
2.783914416178626450e+00
2.298824411364615017e+00
2.732599383089024947e+00
2.477393282595170110e+00
2.698112448805627839e+00
2.099448668697957210e+00
2.785409351597631922e+00
2.609559973703807323e+00
2.870481999323914568e+00
2.587168594118654408e+00
2.501615984976781171e+00
2.274417864774675113e+00
2.335043463593298174e+00
2.905475510020780749e+00
2.620962392874874425e+00
2.326467408727330266e+00
2.523223106721306674e+00
2.365137185465026270e+00
2.273107677465981968e+00
2.118238798067680673e+00
2.359486329186346154e+00
2.742135588647071742e+00
2.402960226196067417e+00
2.202331660169307703e+00
2.670019925249750514e+00
2.093263236325904941e+00
1.966199394720903104e+00
2.168860912612923020e+00
2.277172767266281816e+00
2.138307825163210385e+00
2.255001178932178441e+00
2.310149981318272872e+00
2.176504406043514805e+00
2.722508431970345200e+00
2.907106837583859793e+00
2.501541959552701755e+00
2.415360815815836393e+00
2.451223209732466657e+00
2.555327736366101554e+00
2.512681978410173933e+00
2.438282239354732539e+00
2.614104799388980993e+00
2.663894397235595957e+00
2.194346122752139472e+00
2.292548911262508593e+00
2.599837741317720496e+00
2.353096696711855174e+00
2.534238812525023476e+00
2.648856328039757013e+00
2.157173110301518371e+00
2.031519853851908586e+00
2.480371941652449674e+00
1.989508750007438653e+00
2.345396820790846881e+00
2.408561253281675363e+00
1.867132336321650543e+00
2.175105077136016085e+00
2.699808031106957884e+00
2.328057407516715749e+00
2.483663522837113113e+00
2.709229111739126949e+00
2.555578410198212413e+00
2.352732934874394388e+00
2.484426816325999710e+00
2.239704146603694213e+00
2.989868722192615458e+00
1.958172132677438837e+00
2.586232627465455902e+00
2.405804911435076576e+00
1.647179025757351756e+00
2.865675887173807723e+00
2.296126452545105501e+00
2.905860215566061555e+00
2.345827182349279560e+00
2.891661519084227638e+00
2.837658360403406910e+00
2.140755834466823160e+00
2.504638473217406958e+00
2.335397539286398150e+00
2.828151599858593990e+00
2.542353599167007427e+00
2.554980152584362507e+00
2.255280143675940430e+00
2.567368913020207533e+00
2.305970672181196779e+00
2.266528354436810666e+00
2.831228682879426195e+00
2.781893383890000848e+00
2.007755635598328592e+00
2.670639956119055025e+00
2.291854845458759726e+00
2.489972894268037251e+00
2.589802710566895705e+00
2.337893170720327873e+00
2.209447045742135352e+00
2.456816209006340568e+00
2.428608289404801557e+00
2.417707314747343794e+00
1.896687261401389657e+00
2.026898977487784137e+00
2.572553436412981842e+00
1.973937241243177709e+00
2.499564897160387211e+00
2.593805363935313579e+00
2.282757752760273373e+00
2.419572946113121237e+00
2.714828217097879470e+00
2.198575420548239734e+00
2.273883358440806468e+00
3.077967732236119858e+00
2.637178931249121838e+00
2.465358198478820206e+00
2.306248052426949080e+00
2.157672052824960218e+00
2.307680308973894423e+00
2.643813072342747539e+00
2.214805403248517379e+00
2.586124486510472664e+00
2.090345705663899878e+00
2.140990830383270982e+00
2.844977750083613977e+00
2.288707699432015907e+00
1.960698525548199234e+00
2.850971785308899165e+00
2.474804800594756493e+00
2.374419309922011223e+00
2.263608846793667251e+00
2.469403827891255787e+00
2.415200242714510281e+00
2.751401216979959763e+00
2.439518386131148020e+00
2.218205458532230168e+00
2.672519734039694672e+00
2.175941533198366251e+00
2.575448190862682729e+00
2.425946708786128614e+00
2.711459040716469815e+00
2.439718387098038566e+00
2.493039179339451739e+00
2.807329036001105838e+00
2.601784762616466740e+00
2.739181033210720262e+00
2.589337780665045941e+00
2.600654713807961649e+00
2.136478046355542837e+00
2.798106282715223880e+00
2.354127274509782541e+00
2.134640339728897551e+00
2.247779090563944315e+00
2.531076039333405081e+00
2.459498475463637757e+00
1.917813882094547839e+00
2.448471815230963244e+00
2.646442793708702279e+00
2.277705153301218921e+00
2.373209871896517775e+00
2.480212620544178570e+00
2.577202091414585450e+00
2.183860845516544025e+00
2.792207956416354442e+00
2.480939861859865925e+00
2.768698920554395038e+00
2.252152998806675299e+00
2.627049785849971286e+00
2.768996878581460930e+00
2.792114191478389351e+00
2.662832968721596139e+00
2.979157310830045979e+00
2.273663569749317936e+00
2.128049409976459749e+00
1.944955060970095628e+00
2.297569009909474769e+00
2.372216508741552321e+00
2.576643407214854964e+00
2.331232781572487589e+00
2.058219368783961833e+00
2.583723511746862656e+00
2.200582626190965563e+00
2.713782105569138015e+00
2.908972075606786056e+00
2.724094311285255809e+00
2.790277491727761294e+00
2.675209333290841318e+00
2.360244628351932050e+00
2.405563784635564417e+00
2.719811298731483529e+00
2.664671783525299098e+00
2.410136617178743279e+00
2.775464123077960643e+00
2.912365458751879910e+00
2.716143130738541966e+00
1.961504889397402751e+00
2.100913087361914400e+00
2.311425350246570254e+00
2.362250986516673201e+00
2.364273443673669206e+00
2.359943253116201234e+00
2.519033516505472470e+00
2.290965566202839199e+00
2.228531257606955585e+00
2.596688553286015555e+00
2.516610678994114281e+00
2.615294136229228794e+00
2.368888408515338106e+00
2.557925044031823969e+00
2.716021454964377746e+00
2.639286057730371393e+00
2.522756834786980207e+00
2.373255322574922666e+00
2.701977069836572820e+00
2.648788151779498445e+00
2.202995721068945478e+00
2.333174477865272767e+00
2.059189686184997647e+00
2.176704917110119819e+00
2.106151081726058027e+00
2.717001689551156396e+00
2.808000517811534369e+00
2.665145656472087676e+00
2.367891793114202947e+00
2.448087997764816670e+00
2.949843234952686633e+00
2.532589323066416487e+00
2.631668273115100654e+00
2.450238735080489061e+00
2.441500008616332096e+00
2.402217131562565555e+00
2.655297634572132637e+00
2.496451313152929785e+00
2.630232200057277758e+00
2.812317187532107354e+00
2.464937659360121991e+00
2.185005588744754590e+00
2.133234680276485662e+00
2.535418566177076727e+00
2.432039067261561271e+00
2.610562131851254630e+00
2.638428397747204723e+00
2.286497320713345438e+00
2.228328325218979167e+00
2.710408702684489857e+00
2.310773165585767508e+00
2.188841632560624806e+00
2.360123288331700930e+00
2.218637198440567282e+00
2.589753910301752171e+00
2.326577681549943932e+00
2.473021113134190596e+00
2.369041016395140531e+00
1.814468713978129477e+00
2.730936919530723372e+00
2.199876311125596118e+00
2.364274152686243635e+00
2.908873075119217777e+00
2.807592189258182991e+00
2.206716632095072406e+00
2.353965365665260823e+00
2.164741959401163207e+00
2.252744646179472454e+00
2.634497441718154587e+00
2.856681656908308664e+00
1.996170962843346830e+00
2.182381029065957989e+00
2.336005206809578461e+00
2.357293902283775111e+00
2.476455687821236484e+00
2.490676902219107092e+00
2.645223460676825677e+00
2.087841706737068925e+00
2.769525945284445179e+00
2.602251486928642166e+00
2.378336114426315540e+00
2.457654201215413003e+00
1.941054012526322481e+00
2.548505467782099743e+00
2.087171648280992109e+00
2.306111553540340697e+00
2.258057705782942737e+00
2.687012448867169834e+00
1.976218855206822944e+00
2.919751963592498889e+00
2.389529870995434457e+00
2.332003465473337478e+00
2.603201113473705863e+00
2.614998179058414696e+00
2.562815157575277780e+00
2.503648655024203862e+00
2.684624285458375503e+00
2.331835240835166800e+00
2.369482538609266609e+00
2.585321097672618862e+00
2.315294874778221601e+00
2.251898970696521118e+00
2.743890563909366254e+00
2.770098412990439574e+00
2.665974786625436188e+00
2.520025784180696782e+00
2.223526653304928047e+00
2.306234158683498237e+00
2.372196463358905660e+00
3.056406556300255595e+00
2.463679004371267744e+00
2.486085729211691131e+00
1.995495833798854646e+00
2.627265693191517038e+00
2.375798453693555246e+00
2.154823576178982236e+00
2.652881366443698319e+00
2.531931564416693980e+00
2.388830760290000299e+00
2.318549014781587481e+00
2.636888450280630458e+00
2.592821717342535859e+00
2.029517157906776781e+00
2.119093344811467716e+00
2.334985387306262261e+00
2.225673220777435013e+00
1.812708417019178953e+00
2.474085817306524326e+00
1.971667043070026049e+00
2.410107077133419651e+00
2.424858146197643727e+00
2.542097757375446410e+00
2.289474775799050121e+00
2.127799024893224367e+00
2.377541402442540974e+00
2.520873785475434836e+00
2.102143548216774072e+00
2.899521575346865720e+00
2.504501197825057091e+00
2.437115284066253107e+00
2.367323807252819101e+00
2.567092780552179043e+00
2.624808293986625518e+00
2.189713622016282724e+00
2.555661071526202033e+00
2.393048625302189869e+00
2.840151005648708704e+00
2.719463858635358555e+00
2.356182513901278863e+00
2.319536590214542837e+00
2.340526462506172134e+00
2.678802100035189149e+00
2.407590279228033481e+00
1.692620102150732331e+00
2.328065153693020584e+00
2.453158905568196602e+00
2.365427171067738144e+00
2.688500163313674030e+00
2.102483508342854357e+00
2.230066985078478226e+00
2.826809695027526548e+00
2.687177364001418933e+00
2.063605471694525129e+00
2.089694177212045645e+00
2.698845155467882950e+00
2.346713906041130393e+00
2.241343964399199251e+00
2.418280885056201424e+00
2.517205152690224157e+00
2.345879854176956769e+00
2.598951630603724805e+00
2.144291029446551811e+00
2.235511851067295108e+00
2.310736935108069545e+00
2.265722264782548567e+00
2.275708168599527070e+00
2.352328810525401437e+00
2.396217898696973769e+00
2.461171707287893806e+00
1.986929345847943784e+00
2.448344713192901700e+00
2.863290025665948590e+00
2.272369476716828984e+00
2.636732633020342220e+00
2.761887624414466558e+00
2.191822380509052870e+00
2.395978973567068238e+00
2.901820919877390104e+00
2.413755820023546939e+00
2.255307944797412034e+00
2.843842778065715393e+00
2.139326188455763500e+00
2.165753723528117458e+00
2.334262638650018040e+00
2.272704655037614430e+00
2.505495301339704550e+00
2.419469277359333592e+00
2.125090517342711038e+00
2.385644933146580549e+00
2.368378256219164424e+00
2.383241181487559590e+00
2.525688855292669288e+00
2.757854669129857772e+00
2.361784034120079312e+00
2.258228796356233303e+00
2.727217062532762082e+00
2.129997835901303205e+00
2.579767346649972648e+00
2.436201572510363622e+00
2.202662138743525677e+00
2.497731090495591832e+00
2.810434287829491229e+00
2.303385556383979793e+00
2.698627336797393195e+00
2.461759326455538410e+00
2.602853302209789721e+00
2.481485252882432935e+00
2.612977368857108296e+00
2.304758776591038227e+00
2.368381518532747698e+00
2.496183891324066817e+00
2.378045470256323402e+00
2.132678155071142889e+00
2.274256237613140996e+00
2.698939936396604011e+00
2.509866207816229711e+00
2.204255933613083585e+00
2.793267838230694355e+00
2.486124353834045397e+00
2.907520398315620369e+00
2.236638958173819525e+00
2.512064454561675930e+00
2.354946743352015481e+00
2.305026116955448234e+00
2.703153664345683271e+00
2.569737230514967941e+00
2.512574065410322799e+00
2.639877850885433475e+00
2.533614773406206666e+00
1.956588711856838136e+00
2.170740223220621434e+00
2.895410964809336463e+00
2.616809023245055599e+00
2.584898445376025755e+00
2.018709214897348225e+00
2.457182887792693560e+00
2.138451652034917494e+00
2.221890226131897350e+00
2.350347152862380717e+00
2.012281353772578996e+00
2.468117401400027333e+00
2.813813876770455025e+00
2.317184728227222656e+00
2.462274531812485456e+00
2.563976339750217992e+00
2.672413266228397255e+00
2.916912108019296568e+00
2.405817708535160193e+00
2.749112752654462088e+00
2.309903266230393548e+00
2.205632354193413303e+00
2.321201972924151313e+00
2.448802218620034221e+00
2.415297645876870014e+00
2.197153580842808651e+00
2.584781399844967797e+00
2.471588612229981052e+00
2.429121413822696862e+00
2.106832308308713486e+00
2.059773941062105429e+00
2.059413926378885318e+00
2.724479520790734632e+00
2.264379148379868756e+00
2.354624204282571132e+00
2.494784962805217887e+00
2.787469643075836334e+00
2.079037452720706725e+00
2.607368476882490071e+00
2.428968932716223605e+00
2.821506163450766991e+00
2.292511156868530353e+00
2.261489795817877457e+00
2.551688302315658241e+00
2.142971731203955343e+00
2.632943635416260086e+00
1.846802911464734631e+00
2.196404764746317628e+00
2.446826339845073583e+00
2.420251934136431249e+00
2.510628662265034894e+00
2.500388575136787583e+00
2.119620900061810698e+00
2.704697230455562984e+00
2.333176827122201757e+00
2.284162951644081563e+00
2.504025512453147861e+00
2.234230652592145372e+00
2.523224220119323569e+00
2.481908466905244470e+00
2.662792021915505902e+00
2.345143925268623253e+00
2.615271651011673804e+00
2.228928660749573076e+00
2.706671243163204288e+00
2.422059036474841776e+00
2.652289408942488436e+00
2.276202329847552441e+00
2.265370601291143426e+00
2.962429784731596794e+00
2.635989437900591703e+00
3.038542122757806663e+00
2.284342770491806451e+00
2.134325548895123159e+00
2.289369348673753635e+00
2.164929559233902623e+00
2.356941871201653882e+00
2.227456700301599479e+00
2.416866217485455604e+00
2.671878415652687355e+00
2.488016955205583969e+00
2.861931529907360439e+00
2.379563981084703794e+00
2.651276495897973984e+00
2.873459888030777787e+00
2.090215777476855052e+00
2.239584393968434561e+00
2.288336174712801263e+00
1.767899481882543533e+00
2.008207151428406778e+00
2.057285935302189728e+00
2.351598608703882931e+00
2.567076851601909571e+00
2.590591129362661338e+00
2.353034768651992792e+00
2.333288272128457130e+00
2.740281554078074500e+00
2.413653848226984699e+00
1.829136558968453175e+00
2.312720161769776350e+00
2.024244653017035045e+00
2.628621108187241262e+00
1.900328012490382079e+00
2.311626028555278989e+00
1.944065812097077295e+00
2.750926018339934664e+00
2.478761416606375612e+00
2.577129286759817006e+00
2.328790403350128546e+00
2.722604886365286525e+00
1.994600022216776791e+00
2.580735177857481411e+00
2.891616088177371591e+00
2.592692442218964111e+00
2.687447868165472542e+00
2.601229739142116859e+00
2.794376871556094599e+00
2.316264794517794989e+00
2.847521380479118402e+00
2.490356731574385307e+00
2.338833245747840017e+00
2.438566914471660851e+00
2.907869707285883010e+00
2.540552505905176339e+00
2.612613859273913430e+00
2.700705883770910809e+00
2.090906416224919795e+00
3.042890510417340710e+00
2.172162912483603492e+00
2.612390622257882988e+00
2.563588620921389616e+00
2.531820790190274728e+00
2.392204330183571592e+00
2.756750794236208613e+00
1.976464371356834393e+00
2.591818948023054681e+00
2.685230827943367427e+00
2.988950701834303114e+00
2.897190598589041599e+00
2.783296136687809508e+00
2.100481487283653248e+00
2.463218245739322132e+00
2.269283743369887141e+00
2.057487092549630692e+00
2.162280676388200540e+00
2.348885010225555625e+00
2.677900480667293248e+00
2.332728259956546868e+00
2.418416973003991721e+00
2.382128211752449598e+00
2.752730919739983850e+00
2.555969370205427360e+00
1.980546104595344969e+00
2.085074752977249091e+00
2.300687418324275590e+00
2.168034736139589747e+00
2.425795179460719542e+00
2.396128486909387068e+00
2.603313537724875282e+00
2.852330175002992796e+00
2.825299547532822864e+00
2.829472223591764646e+00
2.071356536513307312e+00
2.226266329808047395e+00
2.247520644703985937e+00
2.588880588286052831e+00
2.538769804501942673e+00
2.529848379720522900e+00
2.752820237871070219e+00
2.403589786316309151e+00
2.538329255689128594e+00
2.861652908887521551e+00
2.367573311631460786e+00
2.281039217165357069e+00
2.731926558380028069e+00
2.288399871860753887e+00
2.192342438161982709e+00
2.525545327972235299e+00
2.770554525072328911e+00
2.190735872585711785e+00
2.313652478650745525e+00
2.820100147323624018e+00
2.866159592521271726e+00
2.360099135806070780e+00
2.690690818481300095e+00
2.600181339165005046e+00
2.144192940868141051e+00
2.645968843118340352e+00
1.985180899782875485e+00
2.599595225275607824e+00
2.347216704866827097e+00
2.615361841799076714e+00
2.026588691107662932e+00
2.207425753093859022e+00
2.100304965484624198e+00
2.584276425509514308e+00
2.643713428449099734e+00
2.130714682947881133e+00
2.738769852612178646e+00
2.564513262895167678e+00
2.148014145390798824e+00
2.389090987622570772e+00
2.347184203249895518e+00
2.323712099045311508e+00
2.979140216793570772e+00
2.379081507233193005e+00
2.492192619222966865e+00
2.986421240314556247e+00
2.217603958446237478e+00
2.135718434360894147e+00
2.123184017134884360e+00
2.389458307310861063e+00
2.181979937282262583e+00
2.361810392492725619e+00
2.376268302075114303e+00
2.668070737661439651e+00
2.392258721025364743e+00
2.451997075232642320e+00
2.647313991938797795e+00
2.287141050924092589e+00
2.457222415743839150e+00
2.597976291609468191e+00
2.121789157918033020e+00
2.434651511104223509e+00
3.029688276501605326e+00
2.776786331108036077e+00
2.225396857266273010e+00
2.522780996116933849e+00
2.324429006174769441e+00
2.589903973449824814e+00
2.498039712412121638e+00
2.537296028262625125e+00
2.718587221136523180e+00
2.466830684245658212e+00
2.884779122232089765e+00
2.932384530914369680e+00
2.319272705663499856e+00
2.804578719707644829e+00
2.489492871961868747e+00
2.268369832631738969e+00
2.739835743484639430e+00
1.942367957369949716e+00
2.499253631964816424e+00
2.503109572414101702e+00
2.815524292995799538e+00
2.502831619688268283e+00
2.139222263939249302e+00
2.526570230562430464e+00
2.261637725052674686e+00
2.349626899903229926e+00
2.781319018882747240e+00
2.339108441893398282e+00
2.302800382387965694e+00
2.822806591619974714e+00
2.968384092787006878e+00
2.954111669518053596e+00
2.443944818668909669e+00
2.622937992699918119e+00
2.231494237377315670e+00
2.409281618813349457e+00
1.901827234267231992e+00
2.383715812680111235e+00
2.756876924465533563e+00
2.544295923107337210e+00
2.250147827656607369e+00
2.252576930269665212e+00
2.476749038481057319e+00
2.206560486859541204e+00
3.012319245870408668e+00
2.858880541498530103e+00
2.694760091880310071e+00
2.479211443523545277e+00
2.668637440945598627e+00
2.509401539568909101e+00
2.331584593437245001e+00
2.232083005662484521e+00
2.906206695856349498e+00
2.988672047477104687e+00
2.583104069396334967e+00
2.191233706596426245e+00
2.785277518071204383e+00
2.529388771357793608e+00
2.484064083512436127e+00
2.482792332229505128e+00
2.542978148446009445e+00
2.043850266775971924e+00
1.766096193469734565e+00
2.540076196051254342e+00
2.232110144507778671e+00
2.669145873182013684e+00
2.010267344169758719e+00
2.388769131406650370e+00
2.519069035265879997e+00
2.825059012790644086e+00
2.436307288081556166e+00
2.080047392151596952e+00
2.179707008041366301e+00
2.067761416131057572e+00
2.691601243688211742e+00
2.703600732131179463e+00
2.154288581172816297e+00
2.547433809500507351e+00
2.268740326076170266e+00
2.339108745202094219e+00
1.909384054620206994e+00
2.459599962438519416e+00
2.874351565392239127e+00
2.386827506107888741e+00
2.546429284657628855e+00
2.632628326137225194e+00
2.376900865725697365e+00
2.836000560099209533e+00
2.639612698697199278e+00
2.587043267385438661e+00
2.510037232375871952e+00
2.590275041902117437e+00
2.435597834310377685e+00
2.741834493526030148e+00
2.349869210945395359e+00
2.599414701754123147e+00
2.685903440817078991e+00
2.516649015666410971e+00
2.008385525875146627e+00
2.046110457150630779e+00
2.526812979436461770e+00
2.302599711764953483e+00
2.742449665923868629e+00
2.087950070557747395e+00
2.899027245933436081e+00
2.239748910375710889e+00
2.000180753182963400e+00
1.928061369903966593e+00
2.398292353038907976e+00
2.724842499803764362e+00
1.965330227102013660e+00
2.482925493388605798e+00
2.472461118481185771e+00
2.413034819089509231e+00
2.048320509675602086e+00
2.365732742937686428e+00
2.300293530884647275e+00
2.307849108094685242e+00
2.824627254564431755e+00
2.534950128478935749e+00
1.872245827289374720e+00
2.413747858912377531e+00
2.590987522069013949e+00
2.059013037262071855e+00
2.614439245583839888e+00
2.776172205408408367e+00
1.991946491011235887e+00
1.968019419408368886e+00
1.958297795184753554e+00
2.345441164273331047e+00
2.366511755777592541e+00
2.814736552242479650e+00
2.343835261532629222e+00
2.739952408974014375e+00
2.553840948069757921e+00
2.289137511881037756e+00
2.585701255332845783e+00
2.405048392574629545e+00
1.716724112589102402e+00
2.512101219458778623e+00
2.495244906073090796e+00
2.700069341694755209e+00
2.501359822258390153e+00
2.109931307591585536e+00
2.501587701617422166e+00
1.797953351466976546e+00
1.990403148527242205e+00
2.485124711369563144e+00
2.495650437839334046e+00
2.374791599830990751e+00
2.414721894060588347e+00
2.591959860222823320e+00
2.559193566275934195e+00
2.828622466455016582e+00
2.479246348347845519e+00
2.723261519242982764e+00
2.722800850005785644e+00
1.646983508522746442e+00
2.063611744876177045e+00
2.411051677703983209e+00
2.408094152961890888e+00
2.591300477716362405e+00
2.781109255275057812e+00
2.505272237876158492e+00
2.290462010946911597e+00
2.237763373059117100e+00
2.285523666045400137e+00
2.411450832775328124e+00
1.857765866731301507e+00
2.327115123347409220e+00
2.161920328117150181e+00
2.716821391435962685e+00
2.012737417691665698e+00
2.318789766338391178e+00
2.242135882255079871e+00
2.470971755754113985e+00
1.982421086809852184e+00
2.639574155508733977e+00
2.058285259101387599e+00
3.009988598993203368e+00
2.303659210192080309e+00
2.241839299395176344e+00
2.320197636127461660e+00
2.350263980792801632e+00
2.693434709898244517e+00
2.063113326407582715e+00
2.356469347564642991e+00
2.131340266477744549e+00
2.576174575529976973e+00
1.971695750397159719e+00
2.398481749566073962e+00
2.284261897726910462e+00
2.452841555961994047e+00
2.359716256024574133e+00
2.355019615386707343e+00
2.707786037465657714e+00
2.342944005909802563e+00
2.626002310953536867e+00
2.481828289523833053e+00
2.367251717051483961e+00
2.594756518572201465e+00
2.295347466456889585e+00
2.688887168209827649e+00
2.502685833715189379e+00
2.086221253950204968e+00
2.390936642220565567e+00
2.426629827923528104e+00
2.600864052583810260e+00
2.759872831672504301e+00
2.134085260111422855e+00
2.165080522874041069e+00
2.463708752050660422e+00
2.290038033187921762e+00
2.439581596365261174e+00
2.154528283176467163e+00
2.358698602788050103e+00
2.191379082707752612e+00
1.966559835200938577e+00
2.572317199131716858e+00
2.477457249782326620e+00
2.034122507893491250e+00
2.504137422062121310e+00
1.939208742235427385e+00
2.613845915583107082e+00
2.329594884409646571e+00
2.909554030750301390e+00
2.568008676319455397e+00
2.398474622419969116e+00
2.217558102422590771e+00
2.451328792293034908e+00
2.563516798273614672e+00
2.455183674300448260e+00
2.708825848313293871e+00
2.376382192995374787e+00
2.580588196345170005e+00
2.183311912872970328e+00
2.273508144903501726e+00
2.738853240447870707e+00
2.345305434066088157e+00
2.523911027699853538e+00
2.247829905170974030e+00
2.397750070907773701e+00
2.369275348789377844e+00
2.647552818551471621e+00
2.529817071922406679e+00
2.397673033428445510e+00
2.603522010393480191e+00
2.522296952714307761e+00
2.125117291260414376e+00
2.810395909921401980e+00
2.424210593813580061e+00
2.660150895222872958e+00
1.942111209772893643e+00
2.494030461451779868e+00
2.134232681091830397e+00
2.103658578190719552e+00
2.262432631366083857e+00
2.171205430231109901e+00
2.269229883022188865e+00
2.504544370426549538e+00
2.750685343603411770e+00
2.226026201510318714e+00
2.393940140996199339e+00
2.681359685804306725e+00
2.430922801744777040e+00
2.614634031168577177e+00
2.834708370736016558e+00
2.692813420809134328e+00
2.926350949075114727e+00
2.417824896842722726e+00
2.909658380041088677e+00
2.385546855836795821e+00
2.340527555036509000e+00
2.031374384332030658e+00
2.444378088325521059e+00
2.438036263813434523e+00
2.691596291347754022e+00
2.092162048317363077e+00
2.284967118956825249e+00
2.372285518278240524e+00
2.912158460114686598e+00
2.277292987563378279e+00
2.408198400049490928e+00
2.730347790555448295e+00
2.022274492386120670e+00
2.420237544748441216e+00
2.513643436595735636e+00
1.943369707027449378e+00
2.368857404061621263e+00
2.621101784129451495e+00
2.152703045767802692e+00
2.179348321177992265e+00
2.284908813232437108e+00
2.719652220421154176e+00
2.844508644169668088e+00
2.795837660024853122e+00
2.590740579567544444e+00
2.745599107361445856e+00
2.442880012959650848e+00
2.625855785944535725e+00
2.425055107441394409e+00
2.773152850936848601e+00
2.434392610788240763e+00
2.582983208511678619e+00
2.525317870211960525e+00
2.673376057174488896e+00
2.358969835582223951e+00
2.638644367633737886e+00
2.294135296416519143e+00
2.358059826238910972e+00
2.128217919352098697e+00
2.243375813001891483e+00
2.882615249747537245e+00
2.524100709908151607e+00
2.070309451349837904e+00
2.514560518108565734e+00
2.385662181146077643e+00
2.729131674243455485e+00
2.366658071223120885e+00
2.974677481795514389e+00
2.279042795483057215e+00
2.505077999882652229e+00
2.001412098913817772e+00
2.508850923696519519e+00
2.299021723836355946e+00
2.154670758831417121e+00
2.163426595331761959e+00
2.722073443973668461e+00
2.885083637563952585e+00
2.291741446040493901e+00
2.623059606259154908e+00
2.708713284280800604e+00
2.662587473351664347e+00
2.525229232490660891e+00
2.726620948367329600e+00
2.332877236484889316e+00
2.556028344905782124e+00
2.303471514589053193e+00
2.254378615807900665e+00
2.542566345875800771e+00
2.292723946928777679e+00
2.195521894656364381e+00
2.668841405106735731e+00
2.879762006207459812e+00
2.505418217283494453e+00
2.262877509177547264e+00
2.690666917061519392e+00
2.392857965942736254e+00
2.591037137050499872e+00
2.203264215781604030e+00
2.447355005760833979e+00
2.137438140277648557e+00
2.523892004197320738e+00
2.469591362680775948e+00
2.883862372926549344e+00
2.781737044675204551e+00
2.302460358220863146e+00
2.547137239654355678e+00
2.334865093651302459e+00
2.265006884553772082e+00
1.754660776925434984e+00
2.852427540406108353e+00
2.433157517511391532e+00
2.455339911812855380e+00
2.280473299971637058e+00
2.525844313476103498e+00
2.084227656111557803e+00
2.256342235565862886e+00
2.574766327461441406e+00
2.957818349165911354e+00
2.500135107610214291e+00
2.463473253802259233e+00
1.899857316407139507e+00
2.360230616731358033e+00
2.358343699462930765e+00
2.815529827495576232e+00
2.520229976245475179e+00
2.678432603737606943e+00
2.218285695183998207e+00
3.014412180967894095e+00
2.704846544089005711e+00
2.038144256777564500e+00
2.418333498109985769e+00
2.378756129232974192e+00
2.445713811838342799e+00
2.570213429776494696e+00
2.758119672115184606e+00
2.586572047885863590e+00
2.360685268566201866e+00
2.567907690233907747e+00
2.781030347887480048e+00
2.898925184002519639e+00
2.311728354991898104e+00
2.713110425185164765e+00
2.362880542615019230e+00
2.602345286290265403e+00
2.603495539974356454e+00
2.269897881561154573e+00
2.377951783696330867e+00
2.359713250744047475e+00
2.201865380423757568e+00
1.968915137594560605e+00
2.955964657390923289e+00
2.592343244803593461e+00
2.423135386558245230e+00
2.651541332562807440e+00
2.071069415318996576e+00
2.583005894293762594e+00
2.392065382462402301e+00
1.989448556694322745e+00
2.359652868392143610e+00
2.628555849237369291e+00
2.073986638538935168e+00
2.777400561882018781e+00
2.738415424703392720e+00
2.687144662899298098e+00
2.797053995793120862e+00
2.266844002764669685e+00
2.563850099215033485e+00
2.269919982373158618e+00
2.372091008563244507e+00
2.367205052130650689e+00
2.061797481418332190e+00
2.508913251696028190e+00
2.607923079007781197e+00
2.707359317968844881e+00
2.801004310543341091e+00
2.181740320292159918e+00
2.470287014746445742e+00
2.686766361075944687e+00
2.502784039788232384e+00
2.140422514195531534e+00
2.028426814377692011e+00
2.589015014921473234e+00
2.321992824555405122e+00
2.218899031256592380e+00
2.492067916094595770e+00
2.328244135020618444e+00
2.561286937006855613e+00
2.753253873306688249e+00
2.083797356123823885e+00
2.685118995013536125e+00
2.521564315523649569e+00
1.788278478670408456e+00
2.939659928178891324e+00
2.377346127552327104e+00
2.477598222646353765e+00
2.446141954066928470e+00
2.532236135158248747e+00
2.699913107919069244e+00
2.561573654092881736e+00
2.423782480814541618e+00
2.679544524001620687e+00
2.469895012480743723e+00
2.283482820334288732e+00
2.540462417399319328e+00
2.983787888179874059e+00
2.621415484674388896e+00
2.607085612780994488e+00
2.246310656850402765e+00
2.734273682025704311e+00
1.938439196108550089e+00
2.334169463305594938e+00
2.479730461311846490e+00
2.457869228295852970e+00
2.508619774258116664e+00
2.020052792534072772e+00
2.587398584473524554e+00
2.934009459334766312e+00
2.620456152355925106e+00
2.519757546756480782e+00
1.981694598579079925e+00
2.362973626047359499e+00
2.220525026100427901e+00
2.532623821974496536e+00
2.285232223222643189e+00
2.540112473060176956e+00
2.046069140608509862e+00
2.095899027386094016e+00
2.526032435777604945e+00
2.530646128992374511e+00
2.119939602412546975e+00
2.679761300069829932e+00
2.282328277449446219e+00
2.812422737600999145e+00
2.322795531589391338e+00
2.446251283369680340e+00
2.626522726126733431e+00
2.605046771631404745e+00
2.898527372217547970e+00
2.031250823319680432e+00
2.672811537163001905e+00
2.372961119499951366e+00
2.409515200202015706e+00
2.722692912537465482e+00
2.293570521140163354e+00
2.168521145002514139e+00
2.192563270806684006e+00
2.530017247272937642e+00
2.443930503342506277e+00
2.209469672331815016e+00
2.240163199739230393e+00
2.966281235674798289e+00
2.912297558338158954e+00
2.844187966296484404e+00
2.346042995036810463e+00
2.702104709937210636e+00
2.097445528609994891e+00
2.564522016713614683e+00
2.462143809880866563e+00
2.378598930768463848e+00
2.249868971881104684e+00
2.806521647848965184e+00
2.213575984040756950e+00
2.478841419423241099e+00
2.668738072307915932e+00
2.274589348092590058e+00
2.559276959600930379e+00
2.642631313046025276e+00
2.299356604384221736e+00
2.983024319201031727e+00
2.054626648010125400e+00
2.082317997043137581e+00
2.021371199358812820e+00
2.594234394898146334e+00
2.255254933973095177e+00
2.415736389994774580e+00
2.214587469294694522e+00
2.349306166643949201e+00
2.322638492867465043e+00
2.377387350007385436e+00
2.547507173774731015e+00
2.312066061233434500e+00
2.474409297972529842e+00
2.461755402295022765e+00
2.626436095183754205e+00
2.584439200037162987e+00
1.962882949313469405e+00
2.111361412972152074e+00
2.363282010907137298e+00
2.512541580103683003e+00
2.680836946595363646e+00
2.625478113488086240e+00
2.567094996007884156e+00
1.885379158545669176e+00
2.437524075507957910e+00
2.357135206748862455e+00
2.222463010197293976e+00
2.168711047800975678e+00
2.548933087738894709e+00
2.286755636866448782e+00
2.718458540973997195e+00
2.326950275414374048e+00
2.345173704042434970e+00
2.365214870579650519e+00
2.462493185509986304e+00
2.260740299705673806e+00
2.787264760735493674e+00
2.562648974145007141e+00
2.144022273667943068e+00
2.449399658103086352e+00
3.025161288692442163e+00
2.651894427799639242e+00
2.462146108304477998e+00
2.032059974524323742e+00
2.794142183891372255e+00
2.515599675331137153e+00
2.575961130978363212e+00
2.036454204746682706e+00
2.429226989279437809e+00
2.868596654663121637e+00
2.183377316713061234e+00
2.545128093752877962e+00
2.715190898906807426e+00
2.181873379447278882e+00
2.686493313080897671e+00
2.936971223799673236e+00
2.580981545614608574e+00
2.575295962854199150e+00
2.712755410242917886e+00
2.359670943949692568e+00
2.456455840430153081e+00
2.705939356782832927e+00
2.468904018373095255e+00
1.839999922448386060e+00
2.744120268207708602e+00
2.787520063429977490e+00
2.527379438807460410e+00
2.624820865065164988e+00
2.854625918479030577e+00
2.772593023487885056e+00
2.773857912904891698e+00
2.486270391290225312e+00
2.547481255243582154e+00
2.400164883895351764e+00
2.422130148656466808e+00
2.118004180901890798e+00
2.650915561460104097e+00
2.021481425567730028e+00
2.401871622973078324e+00
2.737939618941293674e+00
2.486372505062921512e+00
3.042612266284406619e+00
1.975314769214823629e+00
2.002195353833486458e+00
2.424250159564852680e+00
2.456948469445803696e+00
2.305242268107563497e+00
2.513416259113669504e+00
2.628867788215665691e+00
2.666479557716173066e+00
2.487898288765159283e+00
2.302190238635152930e+00
2.431002662669689229e+00
2.689054956961330234e+00
2.636459064657658669e+00
1.862210972406815657e+00
2.353370204693144618e+00
1.764413470945755291e+00
1.907672325956280446e+00
2.398340450844005822e+00
2.025495158674354812e+00
2.332505935106617745e+00
2.228226718383460980e+00
2.830516875010633537e+00
2.337619719593111878e+00
2.044743086482537109e+00
2.464130598459470356e+00
2.356948593029406513e+00
2.567821538168086448e+00
2.519837500939949404e+00
2.385306875453781394e+00
2.196361015838869335e+00
2.452234793436578464e+00
2.829774656198500438e+00
2.409916259614753642e+00
2.099887133868086231e+00
2.606489057834597833e+00
2.459304625031022429e+00
2.352216921106610403e+00
1.901426911521987950e+00
2.237826163146323655e+00
2.557820367476265844e+00
2.226761877189075367e+00
1.862116003046007773e+00
1.996785217113673072e+00
2.551128653875177399e+00
2.194265711575680733e+00
2.235061683171668090e+00
2.719304197238605614e+00
2.248915740353630621e+00
1.885896101954865678e+00
2.575453443488088467e+00
2.883854377205418373e+00
2.376251908229745524e+00
2.181387582337401376e+00
2.530091694186288986e+00
2.695671773617530853e+00
2.359024560778787638e+00
2.017484043460215482e+00
2.363211182653428555e+00
2.092879686160124209e+00
2.555847108790954447e+00
2.779586166705429129e+00
2.588099506369721858e+00
2.654206597781830546e+00
2.755742350777905081e+00
2.292495505717072835e+00
2.531982255265018633e+00
1.969234114285738135e+00
2.310108274138066520e+00
2.466351369946661709e+00
2.460955405752951908e+00
2.438572471125248775e+00
2.428099515712045076e+00
2.600572119137117610e+00
2.275065364313967553e+00
2.379709102012975919e+00
2.377810784334839056e+00
2.999892030583264813e+00
2.313772149641046827e+00
2.179561138867773806e+00
3.002273149680148467e+00
2.326932456798952664e+00
2.561658805979560416e+00
2.278121096843157112e+00
2.116747766616893678e+00
2.640237572957302437e+00
2.423045576093104003e+00
2.658772683574450735e+00
2.340308204122627966e+00
2.669564918766373474e+00
1.873627877658249341e+00
2.563159559648972241e+00
1.776036488023962745e+00
2.412163724249005270e+00
2.461515308679198100e+00
2.572718763278805998e+00
2.168618278814638423e+00
2.510235491072521974e+00
2.531971459072586139e+00
2.404234254024921302e+00
2.104822856300178735e+00
2.145435061647891217e+00
2.725489746355960641e+00
2.668658908493364734e+00
2.511580444603589868e+00
2.987724584847498477e+00
2.256193886778627089e+00
2.470546231443638607e+00
2.485551199616844009e+00
2.769505013139569982e+00
2.401662226743751294e+00
2.300191015314054788e+00
3.022393204078125617e+00
2.370392056699403227e+00
2.838246284486615423e+00
2.493273016215383109e+00
2.514957649271806428e+00
2.660725366455154006e+00
2.659497345823293113e+00
2.416143375937983784e+00
2.584028272694507855e+00
2.380571218518484411e+00
2.487629338905251508e+00
2.158475159986009917e+00
2.092280840289623356e+00
2.492485805597647097e+00
2.640992518360283814e+00
2.834383527773511435e+00
2.627278242522756546e+00
2.563113378167230838e+00
2.579124971073323280e+00
2.666505236626720787e+00
2.676003276503373662e+00
2.599762580785629940e+00
2.347000340723501388e+00
2.895224277865933615e+00
2.665372617240302944e+00
2.423562255704176494e+00
2.425600204103853130e+00
2.181048592339693837e+00
2.720160359500037650e+00
3.029824645834710672e+00
2.335116700789915178e+00
2.587138570324554632e+00
1.995046916188726760e+00
2.592834916594292771e+00
2.201569759750172661e+00
2.683713769480532640e+00
2.723863191565983666e+00
2.716059821403378205e+00
2.271472988970213436e+00
2.900280997966571572e+00
2.264666888084711172e+00
2.614857544235770437e+00
2.579147045946201366e+00
2.861840801901709863e+00
2.351685002205027075e+00
2.278574675728644472e+00
2.132819672098701602e+00
2.140670170302823472e+00
2.407780345746142192e+00
2.677349345722740637e+00
2.571982079954966416e+00
2.824344528196274240e+00
2.198161504348083550e+00
2.391944863680196320e+00
2.675962234619182478e+00
2.307822849350733563e+00
2.383677165624182415e+00
2.709190296321438041e+00
2.989715949462589784e+00
2.739711915476900739e+00
2.700412657126502580e+00
2.153738615298042447e+00
2.073208239769731343e+00
2.556314867818594738e+00
2.340443973012979573e+00
2.326139925162642452e+00
2.193349757206322082e+00
2.244516203682703548e+00
2.410283898120698876e+00
2.365181591193304733e+00
2.262858894671502696e+00
2.437116232840175201e+00
2.081540154878871896e+00
2.450421807747287684e+00
2.295710133205100423e+00
2.609631793665197375e+00
2.607610074505873676e+00
2.414676317472094880e+00
2.542273689347742671e+00
2.626751725811083737e+00
2.418537063470838522e+00
2.346136479373101658e+00
2.590098414099545998e+00
2.327612049947088479e+00
2.256342420474076516e+00
3.013092136669498267e+00
2.463310041234270553e+00
2.427380173507925676e+00
2.187119640196497627e+00
2.049593658480143965e+00
2.165872607678763995e+00
1.930678564369764372e+00
2.345106037105088248e+00
2.515821642361005583e+00
2.842887726839217422e+00
1.983044073366356352e+00
2.209417983864870649e+00
2.417820926220584532e+00
2.207671741905822937e+00
2.602425849283929615e+00
2.061235608230668870e+00
2.252511235136074763e+00
2.247135447711411160e+00
2.640632734677371474e+00
2.207846973737038532e+00
2.638354896134887717e+00
2.191466776610537792e+00
2.312105030710944753e+00
2.448348976871179694e+00
2.568363569982692773e+00
2.863210915044463789e+00
2.397609577767270572e+00
2.563719245285837722e+00
2.529931183905508529e+00
2.418277714701601244e+00
2.544350994513887354e+00
1.920743272130384982e+00
2.501901785914201426e+00
2.403764224460627652e+00
2.558136645438547241e+00
2.095520028547254832e+00
2.640086917998414773e+00
2.332669062141338845e+00
2.311400454490483369e+00
2.426687001911608466e+00
2.357804160924504178e+00
2.781084762793696541e+00
2.805320370295332211e+00
2.480224239597502045e+00
2.381732527894363738e+00
2.747893940435361060e+00
2.478519021215006113e+00
2.335841178905024407e+00
2.089773678779959454e+00
2.595471309172246777e+00
2.380349373402776525e+00
2.477857971331673070e+00
1.976980432531963316e+00
2.408532282533365709e+00
2.910360872028660673e+00
2.072408704248219102e+00
2.238052540363761889e+00
2.601283425627642920e+00
2.751323040770081718e+00
2.571814683913965283e+00
2.435534735862092681e+00
2.128696827944933645e+00
2.277494460870031823e+00
2.576294164375339868e+00
2.489854785858810704e+00
2.233929675054325159e+00
1.816273952648471246e+00
2.273132163490055646e+00
1.979243159024582033e+00
2.567463007696018984e+00
2.083042654199582344e+00
2.240460748819527836e+00
2.382042796781576044e+00
2.611909407232285485e+00
2.486307892893240279e+00
2.673069704789615031e+00
2.611777830352322916e+00
2.185128158071630189e+00
2.869989015883721351e+00
2.595499245638785979e+00
2.413828964207504590e+00
2.422741783779678748e+00
2.293731454066961994e+00
2.246614597176601169e+00
2.289100629797735209e+00
2.353101728479826349e+00
2.650127613936779536e+00
2.760384591179766645e+00
2.292807735210816489e+00
2.194979139428718362e+00
2.322072199220592381e+00
2.893661026986957818e+00
2.691475388241095335e+00
2.282298814815806764e+00
2.526473727371003619e+00
2.095026506708034031e+00
2.332315358374189351e+00
2.476329796361250946e+00
2.581377369024627111e+00
2.713391871471347194e+00
2.215762059888917168e+00
2.815706875468055426e+00
2.131990777843147722e+00
2.509580660714311406e+00
2.374396428103723977e+00
2.665588036666283411e+00
2.603683993917023098e+00
2.538797489283725284e+00
2.899621161322424090e+00
2.313090834267046425e+00
2.817018924852305428e+00
1.956611589019065178e+00
2.369573546488568105e+00
2.721440533787844895e+00
2.433661516585694962e+00
2.611484817851137841e+00
1.906813143017451084e+00
2.495374685239977630e+00
2.432899289311184710e+00
2.463631517670288318e+00
2.822871001371018984e+00
2.202519713251750666e+00
2.504817141225719634e+00
2.332210099456395458e+00
2.362894415841885642e+00
2.240562498599631969e+00
2.902178305952408444e+00
2.371909978009313580e+00
2.308174020034626128e+00
2.701100684635745708e+00
1.875045645234928005e+00
2.208044084564549703e+00
2.735083282752051925e+00
2.417509330638293097e+00
2.380357507552995244e+00
2.327690313831982660e+00
1.897797628914353885e+00
2.697653883385694229e+00
2.743498300470780471e+00
2.396420138199970573e+00
2.468267730894113221e+00
2.428717805978707123e+00
2.252136456210278581e+00
2.459453383066167120e+00
2.430102478062651450e+00
2.141076009188589424e+00
2.757090730249472710e+00
2.007516191235523273e+00
2.310239253681437344e+00
2.724330384872981181e+00
2.184940073400563509e+00
2.975306133990401669e+00
2.327265314571950849e+00
2.473897762725925986e+00
2.691382032519033629e+00
2.308270094300778119e+00
2.544096353549266887e+00
2.380726059908762071e+00
1.828568829878882251e+00
2.874013162883798156e+00
2.255075662919233892e+00
2.237970924886240276e+00
2.553084600831892370e+00
2.453090338677275106e+00
2.159686950126459060e+00
2.658455991585478184e+00
1.851127974669397158e+00
2.321678074226301014e+00
2.464373812254847085e+00
2.073911333793794665e+00
2.901906178204844089e+00
2.116115779796044816e+00
2.387935617162676216e+00
2.538875983882179277e+00
2.314817566055558551e+00
2.473054892171776764e+00
1.914329496191290003e+00
2.556464959587001928e+00
2.142888442871858867e+00
2.429798239072756605e+00
2.410773508596262715e+00
2.597628475729558684e+00
2.446448235360914492e+00
1.781171989179105575e+00
2.385660128579091044e+00
2.713404679511435269e+00
2.412447572649115468e+00
2.621727805619862295e+00
2.920770406054238322e+00
2.816104366387937930e+00
2.210485087233096557e+00
2.410617241199953575e+00
2.640719300390498070e+00
2.873101574605469555e+00
2.514818611894638511e+00
2.342426526799188835e+00
2.722334941851169088e+00
2.319984895365798661e+00
2.484365105500912385e+00
2.289696745828539104e+00
2.523413578585167016e+00
2.269202692931781229e+00
2.225289367400393736e+00
2.270943604786585635e+00
2.833078028163430684e+00
2.383428262419917232e+00
2.610618411135074979e+00
1.779454950637904043e+00
2.174755629143704017e+00
2.584054139452377274e+00
2.566540692163537862e+00
2.389172463280658576e+00
2.569475385955223512e+00
2.964988253169751786e+00
2.487500503823087517e+00
2.381119926957318000e+00
2.872519871755184528e+00
2.404373814135233101e+00
2.327353730537489618e+00
2.425237681755956221e+00
2.693869935935278459e+00
2.265195312746584477e+00
3.025134232782401789e+00
1.802417985758291374e+00
2.842745534836749410e+00
2.116602593523056797e+00
2.221772599848263585e+00
2.379073877710757401e+00
2.245966688345955475e+00
2.532645122953977701e+00
2.532265096256313353e+00
2.887986414270572233e+00
2.314789533029207647e+00
2.799740600888098285e+00
2.394089729270810540e+00
2.507669061623408968e+00
2.266161012171054701e+00
2.441073399035488922e+00
2.355879173573543817e+00
2.852377386299129736e+00
2.369820803163574574e+00
2.670631258980698863e+00
2.338904196960209791e+00
2.587888948468194172e+00
1.826553406091983911e+00
2.305141985143789096e+00
2.328738176079731215e+00
2.984682618512372265e+00
1.975903997740886986e+00
2.650923933712619363e+00
2.704563763688104139e+00
2.443612822092538828e+00
2.585107257716211748e+00
2.428734452012225375e+00
2.695876624748107631e+00
2.158305693467732489e+00
2.494882041641361070e+00
2.769434436568444013e+00
2.432873506266645336e+00
2.736438928305976681e+00
2.432141437758541525e+00
2.847337552459202392e+00
2.445947097831340677e+00
2.367392317333517404e+00
2.193288900308838940e+00
2.636154273262178105e+00
2.706387578479047207e+00
2.886859821267419690e+00
2.437732609563377117e+00
2.433160791970989223e+00
2.341929806091147093e+00
2.748942802050399425e+00
2.146650518742091229e+00
2.207276684487260443e+00
1.918297374512704545e+00
2.346122392598580575e+00
2.479049440440740160e+00
2.121600296034359623e+00
2.466562922007017988e+00
2.455379905194229995e+00
2.305659012164613664e+00
2.825475144406400574e+00
2.183901656398202551e+00
2.649057841290974213e+00
2.315851523534191880e+00
2.288501640903026324e+00
2.236746757274878483e+00
2.433008480547877106e+00
2.551885332032936660e+00
2.603053609531170931e+00
2.694257685661128665e+00
2.688147742998681977e+00
2.546057606635748538e+00
2.436270914332098414e+00
2.440849568418803628e+00
