2.529656253293398827e+00
2.094871743302765488e+00
2.196069633316624525e+00
2.175348162828454779e+00
2.290102716300571384e+00
2.077304045732045523e+00
2.590174047054964124e+00
2.454915579341324872e+00
2.177649696905809229e+00
2.338315258784781747e+00
1.937491642636316902e+00
2.735132567273737880e+00
2.617680763067737004e+00
2.373276027267808175e+00
2.387716052824454760e+00
2.135206990730194043e+00
2.419780584243216293e+00
2.460484838625920379e+00
2.111705672276981360e+00
2.581412579179029443e+00
2.534432218183408025e+00
2.534793945153933414e+00
2.724950561803904048e+00
2.097815124605753034e+00
2.494541375925487969e+00
2.262663537564122418e+00
2.695030789610313171e+00
2.695964879566699501e+00
2.552087901752839727e+00
2.201461935462569741e+00
2.111073145751453328e+00
2.177326880187877567e+00
2.102297745586409583e+00
2.158926296968684433e+00
2.288309922693811505e+00
2.727228208436320411e+00
2.320093779719833549e+00
2.344821895630179842e+00
2.694928817516208497e+00
2.757161881384060376e+00
2.091671598978497748e+00
2.271212361001386348e+00
2.357627209383509559e+00
2.348816827667203011e+00
2.295564998048911676e+00
2.007936662862235710e+00
2.133113797571536185e+00
2.232494808942903308e+00
2.225602600686543031e+00
2.737364732565927383e+00
2.397222194269963413e+00
2.184902136244467830e+00
2.302459336149132341e+00
2.702633362224777791e+00
2.354347762465202276e+00
2.253304847519372878e+00
2.358081592859723852e+00
2.024082170531474212e+00
2.488768619668601634e+00
2.459150350822344677e+00
2.125455617555325638e+00
2.510029454370320323e+00
2.853057485926209225e+00
2.137629848807709010e+00
2.421049182642514896e+00
2.455962129600045341e+00
1.886135464320410460e+00
2.608321731383870912e+00
2.328658379020987823e+00
1.821719551529633829e+00
2.477093278464154835e+00
2.489406072692268435e+00
2.260913990870273782e+00
2.109800754113227317e+00
2.388498197221915920e+00
2.134792533403159887e+00
2.305051113385394590e+00
2.002438191483879137e+00
2.503573450682611501e+00
2.448198147090268062e+00
2.798263933704735695e+00
2.038675633920125740e+00
2.287606816453615188e+00
2.018850645338134964e+00
2.475949791142103784e+00
2.857457149520564954e+00
2.499542635892722409e+00
2.552020499717483570e+00
2.696795174754983648e+00
2.066152471678972091e+00
2.349055658358395249e+00
2.689106839974821916e+00
2.888145417885766619e+00
2.124455126036640884e+00
2.291629968054821553e+00
2.436591627297213236e+00
2.584982507995582601e+00
2.354694675432734030e+00
2.851794265778386350e+00
2.266480519176478303e+00
2.364551166457022902e+00
2.396922466797400286e+00
2.096693382344711587e+00
2.853764539215258189e+00
2.487811867297242685e+00
2.547912744431004572e+00
2.428660758917970952e+00
2.622051229916436021e+00
2.303831440577290390e+00
2.202109068247876777e+00
2.275657942457400384e+00
2.201181064744389460e+00
2.448148729562845904e+00
2.837842609914268177e+00
2.017185995788151942e+00
2.600087774574843191e+00
2.395107244516520240e+00
2.518081428368230679e+00
2.077319862414358731e+00
2.812668908842243631e+00
2.627611554305198105e+00
2.331254732004524932e+00
2.779614386328243647e+00
1.815122337300111299e+00
2.782258533842862480e+00
2.886164159024274589e+00
2.154733685845118707e+00
2.430777536002866945e+00
2.378141506592305277e+00
2.264549666289439767e+00
2.256018246879046174e+00
2.143615469039090282e+00
2.884027935037450696e+00
2.815554876824650332e+00
1.914861952199844009e+00
2.568560329217490334e+00
2.247288491468069083e+00
2.381261389691721408e+00
2.471479332308698762e+00
2.412465995591106527e+00
2.344070240161765017e+00
2.353499824954325970e+00
2.608482542161441931e+00
2.149790812689018171e+00
2.853860675826127569e+00
2.177792852089048381e+00
2.685858024150361345e+00
2.153424689116988144e+00
2.167713603489837659e+00
2.679705618358272368e+00
2.285241440103882304e+00
2.149694459340126151e+00
2.492042075499443676e+00
2.106255022941690314e+00
2.205198357834339706e+00
2.383228043758196968e+00
2.253354589015970522e+00
2.336191030807062141e+00
2.014815890468203197e+00
2.324483231413970508e+00
2.469964908885544652e+00
2.716475483018720105e+00
1.967850770406939898e+00
1.901686290864395001e+00
2.653004660081136556e+00
2.601543929643571840e+00
2.048801178679850565e+00
1.843112138476421080e+00
2.137211559617592460e+00
2.454676513981372654e+00
2.418191843536133590e+00
2.292557968760966958e+00
2.040471293357255522e+00
2.684887770230817594e+00
2.544065456863435770e+00
2.635551212605274252e+00
2.264293035290966927e+00
2.002010358331571815e+00
1.971180818877076080e+00
2.655106364205161995e+00
2.019918880573065234e+00
2.153994890645708704e+00
2.178252679943405656e+00
2.360658954389855513e+00
2.259654266537476364e+00
2.189116128981990705e+00
3.043076344300030822e+00
1.733598079084856636e+00
1.919482982241572211e+00
1.971024193291231574e+00
2.677037868843771040e+00
2.885683820263066135e+00
2.658088387365988847e+00
2.048175660615960680e+00
2.280436029199023551e+00
2.613546461824073575e+00
2.361265579511361512e+00
2.634474500728795743e+00
2.633838763800281146e+00
2.803092574983203633e+00
2.959026004813198441e+00
2.527923537579025215e+00
2.496303711871872721e+00
2.517387889068423146e+00
2.734932553287328982e+00
2.337064668923436006e+00
2.041185353717316353e+00
1.940923855712221924e+00
2.659957991274800815e+00
2.528762907757802658e+00
2.837664919242695483e+00
2.116517015511129696e+00
2.359859646877024986e+00
2.456154850212309615e+00
2.495418222228038108e+00
2.361327119757233639e+00
1.936986687861038003e+00
2.498901478050394864e+00
1.868664427935076144e+00
2.485643713377233333e+00
2.382350983398370925e+00
2.477028322494541968e+00
2.578707946512899252e+00
2.298274363666502396e+00
2.515668713591368011e+00
1.694856924012057231e+00
2.658819824161227974e+00
2.658066634639529635e+00
1.958140703877221611e+00
1.841718716437402259e+00
2.428510816311106435e+00
2.588811637895832352e+00
2.099356055385729114e+00
2.437564883424328865e+00
2.241006129773171374e+00
2.354756259645134797e+00
1.679908092670257647e+00
2.701078640551833665e+00
2.224758613393086115e+00
2.422017324730691978e+00
2.123372056319986712e+00
2.175018705109510453e+00
2.202764964047282614e+00
2.244769614785310896e+00
2.545572966493639733e+00
2.155636643676530628e+00
2.346359612503994718e+00
2.813224812145712850e+00
2.717222231158689105e+00
2.705215780092788069e+00
2.128950542805385204e+00
2.380455415570923439e+00
2.655444150009655946e+00
2.624124748409164987e+00
1.909341399897429126e+00
2.151592212885525157e+00
2.288862923218879075e+00
2.314085646699783005e+00
2.354417029658346650e+00
1.959869900519663810e+00
2.576538070249217327e+00
2.398364662384115054e+00
2.091878450093996200e+00
2.526185708552300291e+00
2.207907620966908624e+00
2.148262697141148259e+00
2.633120854197588123e+00
2.488584307851662292e+00
2.095646849591902061e+00
2.321612975697226577e+00
2.630451780436058762e+00
2.928531438166396494e+00
2.143077555251469590e+00
1.912771054895310741e+00
2.511232076099750188e+00
2.307090625363663161e+00
1.719441214061323109e+00
2.117542888766064557e+00
2.147486280213922960e+00
2.505976520841218580e+00
1.632868105336465536e+00
2.232071156902445175e+00
2.162915905150977647e+00
2.594633826907490892e+00
1.881431064057155877e+00
2.382863740710307709e+00
2.499253384884140505e+00
2.026872015694067386e+00
2.523123887573600399e+00
2.338137716033875435e+00
2.041837102719752384e+00
2.758770822940889378e+00
2.323379241189452049e+00
2.791236146341086855e+00
1.892524994384503279e+00
2.503599852179101859e+00
2.400762715253603297e+00
2.200233500399757069e+00
2.548310588212378214e+00
2.672690677115679314e+00
1.794236332113559040e+00
1.967260204398043166e+00
2.668716722813071929e+00
2.317853738950896414e+00
2.674200952248455554e+00
2.348686507958282377e+00
2.587412366776786321e+00
2.846902876115896319e+00
2.478259087423463569e+00
2.067710321262112849e+00
1.756339727414836016e+00
2.597073694127493226e+00
2.929851691132815183e+00
2.477205496766970327e+00
2.651191324843594099e+00
2.445124314858881043e+00
2.449770024344322117e+00
2.640459473637087218e+00
2.827997098964405875e+00
2.434615982573467008e+00
2.285022041666551207e+00
2.208527931796704813e+00
1.983789215011083407e+00
1.995851844428410349e+00
2.152274215130932866e+00
2.763766714500130561e+00
2.823394217878187895e+00
2.271566588363276296e+00
2.045975837283469545e+00
2.720650293210184589e+00
1.979892013942730067e+00
2.615416473489169835e+00
2.547973354654921252e+00
2.509372183955388191e+00
2.550138725672539408e+00
2.989901581894072624e+00
2.266527370713999900e+00
2.427575837041893614e+00
2.230224945778499723e+00
2.566375508729163535e+00
2.432546187002989413e+00
2.088684964924061305e+00
2.013877113698637533e+00
2.682949083099312571e+00
2.564901203068438384e+00
2.670370115105469289e+00
2.517822116204152749e+00
2.233756608087303253e+00
2.023199238070400696e+00
2.047086318174054398e+00
2.489202245613119757e+00
2.701396881855155474e+00
2.023119139008565437e+00
2.333186857650641599e+00
2.700347048522636406e+00
2.355313989785202011e+00
2.218907390070534724e+00
2.692539962892548822e+00
2.516700740786224078e+00
2.493311870168176014e+00
2.625190938184981615e+00
2.208795077007650320e+00
2.388183533593271068e+00
2.388685684125939179e+00
2.350079458472430272e+00
2.329923269470246971e+00
2.531847671252175136e+00
2.195664652245146620e+00
2.433420449777778494e+00
2.375899429105378324e+00
2.298194331045967598e+00
2.289108388672178140e+00
2.617364793876134410e+00
2.653076244942533357e+00
2.304958914883137311e+00
2.370736572400472753e+00
2.425012146114515765e+00
2.822260376413189498e+00
2.601683575389806435e+00
2.399910954513172268e+00
1.984503058424683442e+00
2.121605973782014765e+00
1.712241044760649311e+00
2.450519999414229932e+00
2.311191591651425625e+00
2.473351033104555619e+00
2.057980864905850638e+00
2.596453987164899502e+00
2.846982966663015535e+00
2.104797828431328455e+00
1.834683786106854786e+00
2.460532918471133534e+00
2.433240190281324988e+00
2.510101221836619878e+00
2.802038180192146566e+00
2.512309564238479176e+00
2.218144833080637923e+00
2.226812676008782965e+00
2.705194956128186501e+00
2.221165107945992645e+00
2.084614853083544883e+00
2.268529380075468449e+00
2.081864812103812579e+00
2.712457872819957316e+00
2.386882762866658680e+00
2.326901256845673505e+00
2.149671772606986497e+00
2.858571958880133046e+00
2.305485766026418304e+00
2.127613459078885327e+00
2.821091601557608630e+00
2.632730254034124862e+00
2.584670985430770340e+00
2.246896985790955981e+00
2.368999994765349726e+00
1.997701299786029727e+00
1.675363421627556360e+00
2.506299044043165836e+00
2.252804227052946029e+00
2.434991251471648077e+00
2.337665539676311077e+00
2.512695209859754364e+00
2.302190131707350762e+00
2.486283943355193760e+00
2.170240177664146231e+00
1.971131914843755162e+00
2.428155582179541749e+00
2.569486723590786781e+00
2.813196061155452288e+00
2.236485306862626476e+00
2.232739648192893611e+00
2.234834704929736571e+00
2.348185590509927589e+00
2.574956901989993163e+00
2.615261540690553499e+00
2.172355838885435819e+00
2.515226338756414215e+00
2.362214182610573143e+00
2.235334448873120827e+00
2.437859874784773062e+00
2.610647170369198466e+00
2.588835752027912829e+00
2.299479875379935478e+00
2.572160724439410018e+00
2.311216362380560163e+00
2.575777666613717543e+00
2.482091425388470718e+00
2.043615982140381426e+00
1.983874156141474332e+00
2.346552524320737465e+00
2.292445840865426465e+00
2.228411799032443241e+00
1.849936912176997961e+00
1.835945247008891279e+00
2.500366169625202417e+00
2.460093993669463686e+00
2.300458596529345812e+00
2.839147933997024698e+00
2.117913642938059837e+00
2.631640394443033770e+00
2.434198252641468052e+00
2.022278156902360013e+00
2.485856491388507727e+00
2.935095064211932669e+00
2.271207721883865549e+00
2.607356956687360228e+00
2.477615615508480751e+00
2.929172719620849907e+00
2.321396769257230375e+00
2.278572025088582365e+00
2.407506170487251129e+00
2.738397012973069256e+00
2.035067354518612426e+00
2.850770541792142510e+00
1.794677476980664155e+00
2.378527913689654660e+00
2.420590382829956422e+00
1.856408468679267898e+00
2.285068326315070841e+00
2.685285038383381284e+00
2.121270330242578162e+00
1.843741233499631926e+00
2.502130430981526210e+00
2.454032941756885577e+00
2.496688026314613396e+00
1.917426415508836302e+00
2.511831710049304167e+00
2.242496381445012510e+00
2.663473986725101383e+00
2.617668860978192846e+00
2.349571133967295999e+00
2.294426136749096568e+00
2.651653060744695978e+00
2.200109074900607364e+00
2.583174269180708915e+00
2.362304517789320712e+00
2.037833738775100656e+00
2.044737997652562367e+00
2.585305962187086859e+00
2.049800025922234870e+00
2.602380712793332496e+00
2.568860561868749670e+00
2.849946427061569754e+00
2.414067820029241584e+00
2.392250596478096902e+00
2.326699712603538472e+00
2.451347458816662161e+00
2.639036122599941692e+00
2.178473677668446573e+00
2.272650703157871099e+00
2.776530518039269868e+00
2.392922816244285933e+00
2.691463037083735799e+00
2.339675877803253812e+00
2.713395060504312895e+00
2.231006225671062992e+00
2.030190304832910186e+00
2.512062197716938172e+00
2.172820719730685912e+00
2.175152367586814961e+00
1.718498735835668256e+00
2.145705405199609395e+00
2.438287877042423002e+00
2.550313635365486054e+00
1.964228608048355529e+00
2.295229805578382187e+00
2.251137439669402607e+00
2.359585287233953110e+00
2.636988870020369635e+00
2.920243134466657509e+00
2.445332178079424157e+00
2.712559270242200782e+00
2.415613142965646887e+00
2.493598106876649734e+00
2.299830003223135577e+00
2.530858253075804143e+00
2.307961680635919333e+00
1.916248580893661346e+00
2.416351293109414655e+00
2.304848269556335261e+00
2.491191123492014103e+00
2.827467945448594033e+00
2.033366182211236772e+00
2.731663427905268282e+00
2.134442199253693495e+00
2.656073525714902406e+00
1.745161547030144256e+00
2.366275340074341482e+00
2.160910607026953478e+00
1.928093864806584179e+00
2.635551153709139616e+00
1.973450222588407854e+00
2.881898038571950149e+00
2.568687339804025971e+00
2.515569178322372590e+00
2.423105825506287392e+00
2.754895286886858585e+00
2.643725533350313128e+00
2.198932092682721162e+00
2.626875280065822160e+00
1.930546382650472514e+00
2.618342217104581593e+00
2.246408997446839972e+00
2.648754086038693778e+00
2.298889229157112357e+00
2.114698536186755629e+00
1.824175642499406003e+00
2.170079830379718189e+00
1.936401051236386728e+00
2.752377055660482963e+00
2.816894225205464508e+00
1.905504707692587285e+00
1.964699405867095683e+00
2.040320251841036381e+00
2.650396807246788722e+00
2.567821840801337352e+00
2.231955767445461092e+00
1.884233375538928446e+00
1.659678117635870587e+00
2.174114048582481473e+00
2.275549798908003130e+00
2.711409897847056882e+00
2.437209067162178222e+00
1.896489849694066532e+00
2.554781126448700146e+00
2.025777299399365461e+00
2.374293058970483372e+00
2.397900187874526967e+00
1.698890718821357337e+00
2.312126998126203148e+00
2.438525599605581906e+00
1.661252520708173863e+00
2.688468730142441476e+00
2.397898027366963447e+00
2.526925465202582544e+00
2.471869068921053181e+00
2.457277566118699408e+00
2.242754655542571474e+00
2.462239336802150902e+00
2.554382419057835030e+00
1.807357251783333840e+00
2.355761867759373906e+00
1.783536120034940664e+00
2.185096248243188377e+00
2.571604392252145654e+00
2.278682119550131002e+00
2.819126422744080429e+00
2.302766303260514125e+00
2.441759660115583763e+00
2.294192631992940434e+00
2.345446982451354856e+00
2.251121352447108315e+00
2.237694829090715487e+00
2.640277079015999284e+00
2.897572311958844793e+00
1.749392832719189217e+00
2.131814881773528736e+00
2.551001881991621367e+00
2.615303156159847209e+00
2.350634932890244500e+00
2.077439608327423581e+00
2.601174093276735544e+00
2.670062495790019419e+00
2.593142372879550628e+00
2.135293016514870246e+00
2.652571702858566027e+00
2.656904841911313042e+00
2.540109309634641210e+00
2.025313446378233628e+00
2.421858211934450722e+00
2.476239067500003888e+00
2.004527150491822063e+00
2.318953022507631356e+00
2.478042423917195869e+00
2.741840666655443126e+00
2.142983925660382205e+00
1.869965879693926247e+00
2.627730299227045485e+00
2.273399650347892820e+00
2.396180125831536945e+00
2.836034025842527839e+00
2.329460497071852210e+00
2.193599539929747433e+00
2.257131213320522356e+00
2.606959406228660736e+00
2.414213419186777454e+00
2.230374294152742465e+00
2.422932254091866078e+00
3.000241033147410974e+00
2.533974283817992390e+00
2.405163070283699245e+00
2.334619191919589554e+00
1.999190032703785258e+00
2.460192039009692522e+00
1.971781821100342613e+00
2.847490586575958993e+00
2.569618848604140471e+00
1.897254160597322103e+00
2.646320057091812394e+00
2.385033937890018496e+00
2.449823816837561452e+00
2.235087397855191060e+00
1.986049880560147418e+00
2.328821356558352207e+00
2.155707134580576056e+00
2.469106514424248999e+00
1.798243991922410245e+00
2.312648118068200809e+00
2.851025544807340495e+00
2.275069693275801885e+00
2.454589086586061786e+00
2.767356215316342460e+00
2.576159660812718410e+00
2.530567014206596355e+00
2.489048544316550871e+00
2.560645698775867007e+00
2.860311994664617163e+00
2.395284250246542346e+00
2.279000786455749328e+00
2.903943696569796895e+00
1.805298214340564034e+00
2.483416309690830381e+00
2.374671780853635727e+00
2.592154980828357047e+00
2.740623339485957377e+00
2.493411310023250227e+00
2.664375453340427580e+00
2.681946925825334116e+00
2.374789594598564868e+00
2.326066057592134584e+00
2.084587028023915156e+00
2.784161257039227344e+00
2.384134570305135981e+00
2.661799184630642134e+00
2.175277363613334014e+00
2.056191753742869111e+00
2.289483668802911431e+00
1.908424623506454587e+00
1.734053609074307500e+00
2.068210907851542935e+00
2.558505047447415137e+00
2.148195228480950458e+00
2.131854196275535962e+00
2.376015759537663641e+00
2.435296503604899687e+00
2.004228854551403316e+00
2.710848006354486195e+00
2.728575248635301431e+00
2.488723848763010338e+00
2.658880809472840667e+00
2.290036023524511855e+00
2.754401775891742510e+00
2.271088153169736668e+00
2.690609338481581236e+00
2.414053087059824687e+00
2.330424182341930273e+00
1.982751119478873614e+00
2.144696115761365096e+00
1.958292863171135378e+00
2.220339593359431873e+00
2.875400802980867088e+00
2.656060203672848896e+00
2.575269147967112371e+00
1.917146907976892800e+00
2.761500489641602663e+00
2.882849693246705147e+00
2.423605822358213313e+00
2.131946327215837211e+00
1.786196585345507737e+00
2.023596903737864494e+00
1.804098842026548022e+00
2.547729790340085287e+00
2.739295409287525906e+00
2.382439941677720441e+00
2.290879758681350964e+00
3.018662857231152241e+00
2.179254654312285044e+00
2.287514437720944205e+00
2.581080038559893541e+00
1.843128781827328533e+00
2.511055256237757050e+00
1.800455526590935440e+00
2.381924684019699257e+00
2.217810357348129369e+00
2.664534616118070076e+00
2.563141240158967271e+00
2.624420384710285603e+00
2.531331559828292832e+00
2.336777910926008062e+00
2.197216212430264104e+00
2.382658366401836147e+00
1.983988934643651891e+00
2.176044383308973984e+00
2.017561239454714883e+00
2.347264564304349932e+00
2.179180373268796878e+00
2.544118772916376781e+00
2.107948097288705469e+00
2.581955806768779116e+00
2.638144634600184446e+00
2.439982277416541834e+00
2.059711428478773421e+00
2.391358219189583245e+00
2.210524321577841622e+00
2.295667907841633326e+00
2.130132564349126678e+00
2.698165484853245033e+00
2.318504908450960578e+00
2.376094220295066783e+00
2.357240018786823654e+00
2.840154320900543095e+00
2.538673603839871618e+00
2.044763142890228647e+00
2.574095767283957947e+00
2.436879306905634035e+00
2.362606278576502739e+00
2.616939292160796793e+00
2.125127167478699342e+00
2.279668937273652940e+00
2.355731825318543748e+00
1.872932532895045465e+00
2.026081798429685499e+00
2.364779019443948638e+00
2.499403823239516598e+00
1.975157291257183534e+00
2.582834013283180852e+00
2.121758435312478319e+00
2.355715706877392179e+00
2.314715839811369857e+00
2.344719872115557102e+00
2.393063200439494942e+00
2.289706474348280452e+00
2.196176124465274881e+00
2.261258377395230834e+00
2.595019450576915965e+00
2.304706560787778358e+00
2.632914989545284357e+00
2.431405833057095123e+00
2.335289742082930609e+00
2.503640976621061665e+00
2.004264856878766210e+00
2.468739902347768300e+00
2.331664253089932082e+00
2.291134601816207539e+00
2.659309538455826072e+00
2.189455090176396723e+00
1.926701357402376358e+00
2.434747153507993200e+00
2.091434564152685027e+00
2.567382033649927120e+00
2.690182721034511282e+00
2.049571730639639267e+00
2.764067665842799837e+00
2.152548041460208506e+00
2.686393202601724095e+00
2.221988301247561637e+00
2.060629116285817020e+00
2.338818069717519155e+00
1.795703341142993681e+00
2.335117146693904910e+00
2.579583535096279689e+00
1.864311279874055316e+00
1.984293340561962049e+00
2.494718045620330837e+00
2.414531304413211732e+00
2.580837062991399922e+00
2.591868713872862884e+00
2.232952167080743955e+00
2.950656087180518306e+00
2.707850223959677116e+00
2.579086430207595093e+00
2.055853059988953291e+00
2.418301867033941122e+00
2.238416705844851862e+00
2.421285295821702377e+00
2.279306726578030240e+00
2.808720610015082997e+00
2.439428352892555552e+00
2.314882400877391611e+00
2.337608409472859972e+00
2.918808639979222352e+00
2.271492052681669094e+00
2.191088784625569552e+00
2.084911934402537970e+00
2.182764454676133781e+00
2.385027570413182474e+00
2.401283678819836620e+00
2.263292667642237355e+00
1.975837636398503738e+00
2.040005974100020048e+00
2.234374492103278431e+00
2.785053047105605195e+00
1.709643356291836724e+00
2.463426202328432346e+00
2.111096314229080839e+00
2.808385043182642704e+00
2.468027577490394364e+00
2.618684058408246251e+00
2.201296586292987634e+00
2.575055074405518951e+00
2.009545080330751521e+00
2.044203371108877398e+00
2.546798838959873024e+00
2.492190310123516106e+00
1.954406767316012372e+00
2.095212200740652619e+00
2.467937010082406513e+00
2.480947884115754398e+00
2.798474310359469808e+00
2.576142386084856017e+00
2.640935672407620505e+00
2.853200256111344757e+00
2.609345201161088923e+00
2.174420490999194655e+00
2.103016877100698956e+00
2.445533930164917713e+00
2.319237065255042918e+00
1.968039848224022892e+00
2.552664261534001167e+00
2.283217352087593355e+00
2.392996282707072986e+00
2.637410276854591284e+00
2.104384795213281478e+00
2.225526740673430925e+00
2.249407162975288976e+00
2.504155499024657949e+00
2.744195553168823576e+00
2.424796233112736843e+00
1.747141404856343172e+00
2.288310126458090288e+00
2.362761197587124773e+00
1.901690307856534368e+00
2.165941467882317450e+00
2.634862438962781273e+00
2.293576709378724043e+00
2.477722984450487331e+00
2.371985267975412981e+00
2.307918356234776702e+00
2.272722784377084970e+00
2.367179299465628439e+00
2.066293347198240760e+00
2.556256349611624401e+00
2.182876305848335807e+00
2.724026766280060574e+00
1.854300313067714034e+00
2.616472208919733866e+00
2.429116789843709157e+00
2.599355533081654901e+00
2.247468194263460894e+00
2.588336265519228352e+00
1.963713757326665865e+00
2.338426774391953344e+00
2.330269520151069251e+00
2.068636825547379487e+00
1.655403350346971836e+00
2.202185767214068335e+00
2.925026502367381376e+00
2.666625544733149056e+00
2.536837441472260313e+00
2.730882099966948751e+00
2.158651205768830295e+00
2.790885100426132581e+00
2.444663259695862401e+00
2.736243794837943444e+00
2.204663242308747773e+00
2.629559624674422835e+00
2.704534423376253383e+00
2.532773356049299096e+00
2.498513710079794947e+00
2.481311124634113074e+00
2.250259465096334122e+00
2.448681916816219051e+00
1.932983620175182438e+00
2.272827779230911727e+00
2.140706256278082975e+00
2.623397392897952596e+00
2.336356723090133869e+00
2.643182437580090305e+00
2.523493233862683205e+00
2.430637202177994283e+00
2.266872828702813258e+00
2.346764505797463762e+00
2.039712654507731315e+00
2.291649440558860107e+00
2.911218309729824316e+00
2.336472729253075364e+00
2.269137273185974024e+00
2.271183503272963922e+00
2.325195937270083668e+00
2.751480334463626054e+00
2.650811785955807576e+00
2.425764412402088510e+00
2.801928480234914254e+00
3.000068920510538195e+00
2.242358873962001731e+00
1.960185552835387313e+00
2.140275651787606037e+00
2.571819404275903942e+00
1.973474018758657467e+00
2.266891642585359357e+00
2.155246315754528297e+00
2.980306022672902788e+00
2.791135257099186084e+00
1.698420997326833159e+00
2.486756858441729445e+00
2.623051619032863879e+00
2.326711278378671643e+00
2.356917050590672691e+00
2.644877248419777338e+00
2.135935998641782518e+00
2.567298726188904645e+00
2.574273146070533702e+00
2.436448294415804128e+00
2.199849616242073758e+00
2.837334625476898076e+00
1.781443194905248939e+00
2.488531560327478243e+00
2.002111767612076321e+00
2.167435038483377152e+00
2.360794979058181031e+00
1.652343692272865594e+00
2.415487291521672741e+00
2.224611478519582075e+00
2.837176557662131948e+00
2.668365674537911403e+00
2.523295161969349998e+00
2.583262688784328631e+00
2.141222839239352638e+00
1.713504605308894035e+00
2.287418490876222954e+00
1.983340094468611703e+00
2.432110665865825361e+00
2.130274595283595751e+00
2.795825276835435247e+00
2.420429853378229357e+00
2.360092486658957434e+00
1.891699326245125601e+00
2.926393915910738830e+00
2.460183054247615075e+00
2.783515274579163368e+00
2.513384504554901699e+00
2.428905887845366429e+00
2.378080440277685170e+00
2.595353703926391642e+00
2.625111195237397332e+00
2.394897104457383907e+00
2.525284873741772351e+00
2.247694915365495483e+00
2.230049359342380466e+00
2.484069832009411005e+00
2.547665544645886015e+00
2.714748580407285949e+00
2.410697936386640983e+00
2.407195729054028011e+00
2.657804558767050462e+00
2.202511769235657280e+00
2.559431850271259634e+00
2.122687885440352140e+00
2.453673448778411981e+00
2.576443992063260247e+00
2.520623956506446106e+00
2.361712865966194119e+00
2.534328548780429458e+00
2.372389111296915321e+00
2.005144294039890696e+00
2.097785880034904515e+00
2.171844210410033948e+00
2.257763229935037419e+00
1.977327411987994887e+00
2.661305894945731776e+00
2.755638109130185143e+00
1.892995789454651412e+00
2.283947867728947312e+00
2.159937685446807532e+00
2.438863446076122266e+00
2.286770118359872761e+00
1.876870271571128512e+00
2.293895156789095502e+00
2.687699822343049494e+00
2.025100753546394294e+00
2.570306694385603663e+00
2.157824012194464736e+00
2.169150578938854768e+00
2.157068954658673654e+00
2.302682668041391878e+00
2.425942765786114563e+00
2.808731389917699772e+00
2.751170130410403480e+00
2.105655418772583776e+00
2.456557882087426314e+00
2.872125722243938917e+00
2.413407873570259987e+00
2.855222319417881849e+00
2.098229882552995473e+00
2.411074454577994519e+00
2.335062082088265711e+00
2.049659252706587331e+00
2.608127528332931266e+00
2.690719841558907977e+00
2.715129916169275237e+00
1.976195619086961619e+00
2.505862660150965482e+00
2.066381643646477251e+00
2.306108279542422146e+00
2.703480458615478810e+00
2.375289581472372014e+00
2.199993651318573384e+00
2.486999226072760028e+00
2.343422115315076937e+00
2.039152395045539023e+00
2.526062222117698042e+00
1.939883212386289024e+00
2.902049977028073879e+00
2.994754501917504808e+00
1.710593135288479560e+00
1.836355776932183881e+00
1.948270559521936063e+00
2.300419788990887504e+00
2.680243058897215480e+00
2.107800809461345182e+00
2.506564963975248528e+00
1.689987332790164887e+00
1.960727133194815952e+00
2.523984431518996985e+00
2.577756184918644777e+00
2.550590433348686403e+00
2.490039516297125388e+00
2.799188327530325537e+00
2.861989080220348480e+00
2.527405922052302856e+00
1.765104331518440484e+00
2.585301579707910413e+00
1.738806935430057266e+00
2.270101429737098275e+00
2.347868484200315908e+00
2.765936886804585271e+00
2.118542267428427550e+00
2.516923878510458401e+00
2.778152178685960649e+00
1.662074574218963319e+00
2.597212113625785967e+00
2.379486807273536897e+00
2.176569978993934118e+00
2.141560970959469401e+00
1.975679259030501678e+00
2.936320511524010968e+00
2.713759352494884869e+00
2.463504290197088498e+00
2.561550517483336620e+00
2.682213653965010991e+00
2.866848639486513584e+00
2.107115307575919694e+00
2.579497271845049955e+00
2.731473988714939072e+00
2.390191776286065384e+00
2.517389461791495364e+00
2.324939619507382815e+00
1.702230670318678252e+00
2.581503884004558103e+00
2.619765124405486034e+00
2.678300654072286235e+00
2.164920416767412092e+00
1.853419856183677439e+00
2.712482819270717549e+00
2.196227801202545571e+00
2.880500813804385274e+00
1.995839982168598814e+00
2.129954234815846004e+00
1.933256360985848410e+00
2.720061170669576533e+00
2.223831848710547288e+00
2.472833358211887322e+00
2.204859025522368121e+00
2.423831416046508203e+00
2.225356081130083208e+00
2.802684972001372010e+00
2.352806396315148874e+00
2.302581681457925189e+00
2.124979828895024347e+00
2.742349412825362709e+00
2.554350435679381359e+00
2.309464659340639603e+00
2.614452681547528634e+00
2.163445459834505868e+00
2.154253943237141034e+00
2.357424976575012820e+00
2.259995307783816632e+00
1.902531141540988457e+00
2.408837095023079744e+00
2.418315825162166366e+00
2.470517562891824337e+00
2.815591367631853803e+00
2.604347165757721516e+00
2.600931964051395706e+00
2.419469508588663054e+00
2.763184774014056710e+00
2.187938360988662900e+00
2.274295786696918675e+00
2.501717033230396847e+00
2.002565824637388303e+00
2.271709395597901082e+00
2.606821173633115496e+00
2.278915215808943184e+00
2.782902039501502500e+00
2.753300428160919910e+00
2.701307275252180506e+00
2.459670533636069578e+00
1.968645438688351623e+00
2.118215591707160783e+00
2.880294790317552422e+00
2.058906259617194756e+00
2.487365091361129821e+00
2.307972895897342447e+00
1.834833050083930051e+00
2.465120333931201113e+00
2.277904355961585914e+00
2.535408078786642871e+00
2.289747742338174685e+00
2.146093402798278316e+00
2.328098989050388035e+00
2.134961959668871145e+00
2.723540656657881254e+00
2.334859586798581077e+00
2.292895817789128099e+00
2.516403984913705649e+00
2.293697629468178789e+00
3.015783538835191013e+00
2.325588195738927499e+00
2.047680516324083655e+00
2.185030252569887921e+00
2.009109194376743623e+00
2.280116675898545608e+00
2.329159175200302911e+00
2.185648629571036228e+00
2.130332807308478849e+00
2.871359931131706844e+00
2.551846872460821203e+00
1.914971783403959682e+00
2.131119189725955820e+00
2.406620342011603686e+00
2.756962258078707428e+00
2.168129703437676525e+00
2.128164529493701274e+00
2.296843833418865000e+00
2.029683690610189384e+00
2.515832150031376724e+00
2.344844926749468872e+00
2.759693152269855787e+00
2.632226493604949979e+00
2.538922984716706743e+00
2.646066199877458835e+00
2.146782232492995490e+00
2.323250597045647847e+00
2.066621941708137289e+00
2.630925102356775902e+00
2.055840186651169521e+00
2.819821561989845016e+00
2.417808881266703125e+00
2.330195003976515356e+00
2.612004585619736918e+00
2.124838826622412302e+00
2.031595568852785583e+00
2.285233682881848694e+00
2.124347345770557283e+00
2.139316214189828091e+00
2.145316007356260712e+00
2.473732279761857722e+00
2.244758989022699769e+00
2.245212975131224642e+00
2.411083469297947257e+00
2.346914552519993702e+00
2.494828912775746588e+00
1.829152307111987286e+00
2.344770156498930280e+00
1.925157964475385564e+00
2.620372278664488963e+00
2.569715344364798870e+00
2.497728878420145016e+00
2.026707847960790509e+00
2.124772835348474054e+00
2.336773116298778152e+00
1.862484229098891664e+00
2.148303802460431733e+00
2.187080494747195125e+00
2.875858981710966766e+00
1.952460106466963996e+00
1.959881868261469595e+00
2.567615883995791215e+00
2.567728096594560583e+00
2.676354615730214270e+00
2.212538429253365191e+00
2.978334341159319720e+00
2.727168458293396824e+00
2.542670408016152184e+00
2.142711331991735690e+00
2.125450476081726769e+00
3.022077685047016349e+00
2.356048432305558826e+00
2.637802359990452317e+00
2.062697879597197748e+00
2.037748325865987198e+00
2.531134706678065172e+00
2.548100179239212171e+00
2.149012599166478132e+00
2.743902993949037139e+00
2.397937161271105566e+00
2.595325504038571651e+00
2.102851090470745810e+00
1.803847560017727947e+00
2.759255207080758332e+00
2.920485720627197246e+00
1.941975811758441361e+00
2.154176868593765004e+00
2.280724421647136069e+00
2.017208986330632836e+00
2.353566849542919392e+00
2.678434546162689056e+00
2.359247693465476914e+00
2.314176557699595627e+00
2.470507401049911067e+00
2.684449940904473308e+00
2.346083164368842233e+00
1.873705940534941217e+00
2.615563260897669995e+00
2.557360002972730140e+00
2.701048890568109151e+00
2.234330865246323850e+00
2.452303158837055630e+00
2.047402732609211018e+00
2.004790366237723109e+00
1.921253068483883331e+00
2.374899576595245421e+00
2.475215281228071440e+00
2.074365176989322102e+00
2.727279980174464047e+00
1.870047559199119247e+00
1.960750642194315052e+00
2.196184350905733051e+00
2.657059566032170306e+00
2.805766763834701472e+00
2.370379141008072565e+00
2.583268727556645938e+00
2.345313344661653865e+00
2.969229042809765406e+00
2.219219798613252248e+00
2.050784031765844340e+00
2.739625800034765302e+00
2.107111422724518235e+00
2.349985465919348204e+00
1.972601864189088339e+00
2.219172657049055530e+00
2.425232108202835857e+00
2.298225838634199825e+00
2.679505323569812081e+00
1.821613134491621322e+00
2.502938233468313900e+00
2.517878950480492151e+00
2.518046603140140505e+00
2.617962145372114691e+00
2.167958601410342467e+00
2.634942741888053774e+00
2.525179164813736499e+00
2.335521181404941693e+00
3.037523390765255460e+00
2.794851266306721094e+00
2.335957215522386665e+00
2.650992634725471753e+00
2.291725013112028364e+00
2.689835689621740578e+00
2.585665586974189356e+00
2.675424138988398592e+00
2.373625948481217218e+00
2.266587811659354301e+00
2.808338246909285907e+00
2.519070458853496230e+00
2.692927653891405981e+00
2.556363021486265819e+00
2.310711403257900809e+00
2.401811929175043492e+00
1.855309243624522209e+00
2.176816694245278683e+00
2.224730357920661206e+00
2.752333316130668450e+00
2.062437953367360244e+00
2.190953225405256166e+00
1.843235690003785399e+00
1.967755086839050094e+00
2.270980577852362181e+00
2.367631085717381900e+00
2.560938981758392963e+00
2.348892979029351569e+00
2.283621778263138946e+00
2.646002928170778645e+00
2.784468594944965236e+00
2.733145093228843692e+00
1.708493445413117984e+00
2.176981076068991161e+00
2.414694944853287950e+00
2.615040773117529138e+00
2.687886777618363254e+00
2.177775890006300230e+00
2.237905146988895755e+00
2.138771370149832318e+00
2.531507865150540049e+00
2.368439477762226630e+00
2.248735903547301795e+00
2.909083872363694034e+00
2.462468312681595606e+00
2.296560858130288540e+00
2.032808961696987549e+00
2.350660095514571335e+00
1.651841614139661019e+00
2.388031943523271305e+00
2.610259057969286367e+00
2.245824202858896612e+00
2.697397734565719851e+00
2.509815699280595336e+00
2.013919928802559767e+00
1.889399283901697535e+00
2.433425974772332800e+00
2.255741300380892600e+00
2.886034706104803060e+00
2.261333647403135583e+00
2.520424170756548676e+00
2.098442248578374247e+00
2.753169058443605710e+00
2.670406649142294420e+00
2.513831984971687472e+00
2.700641631707691115e+00
2.403514523888948151e+00
2.477014312314762545e+00
2.216987770175795180e+00
2.492813889404094319e+00
2.023134372420076765e+00
2.421372742806223499e+00
2.776619528241603074e+00
2.352856712215732671e+00
2.663110245577720026e+00
2.545345501064562477e+00
2.523956639074682151e+00
2.168223162906425472e+00
1.773421083166516921e+00
2.180719164326808901e+00
2.458466548891066417e+00
2.395614865026477691e+00
2.155063531820372358e+00
2.428810272827781169e+00
2.451759896093714364e+00
2.695064024001721847e+00
2.837862649718462915e+00
2.300955717703952796e+00
2.386104348877674308e+00
2.340586518781054615e+00
2.246529951858738272e+00
2.180602024382512827e+00
2.584555548934269531e+00
1.992191678099610730e+00
2.427615915697417748e+00
2.267049988953449446e+00
2.478817231967544998e+00
2.728939257206148827e+00
2.193482744384293692e+00
2.374213493668926755e+00
2.832374330462186673e+00
2.198988783910583944e+00
2.576911974930037985e+00
2.118314078302446557e+00
1.765734293662005516e+00
2.469521101284680498e+00
2.285921489876243662e+00
2.134779331384876855e+00
2.639752343857002082e+00
2.283162182844578947e+00
2.219625850356086616e+00
2.475997821331700433e+00
2.686152371012307416e+00
2.307823069818456752e+00
2.630737548869995557e+00
2.405343601973251033e+00
2.653290792313283575e+00
1.720134981160916121e+00
2.045345578253489727e+00
2.824745308798656929e+00
2.293858899674760643e+00
2.513564070898330449e+00
2.709381736185006773e+00
1.898052713060413010e+00
2.134029547059494547e+00
2.225585052797566465e+00
2.788823493289978028e+00
2.386158070766573491e+00
2.393691699857259270e+00
2.402967582346958508e+00
2.250345692634954098e+00
2.615982218775290136e+00
1.977893497119205035e+00
2.078051095029154638e+00
2.441257943232722383e+00
2.492722840776750992e+00
2.101528674071985847e+00
1.882817003851076088e+00
2.303491879270363363e+00
2.736892495404336323e+00
1.837397265990440065e+00
2.540148916145861691e+00
1.943328031762630026e+00
2.661035829393506358e+00
2.073144947482925993e+00
2.684074982552290045e+00
2.294840007487163547e+00
2.098945427955600351e+00
2.298234889304577866e+00
1.845739325423940702e+00
1.876192717296681023e+00
2.462276227173194165e+00
2.230731966382852871e+00
1.901725973013162374e+00
2.773337789737762904e+00
2.114926372362289975e+00
2.568194408794802985e+00
2.153559627032639590e+00
2.028405300316572735e+00
2.934904624631557102e+00
2.185954745189456094e+00
2.467466806941617463e+00
2.673494476847221524e+00
2.497062246100021810e+00
2.006568717358583775e+00
2.763154144111344301e+00
1.823730579908835692e+00
2.394875093993428905e+00
2.614483279853716535e+00
2.675587076264072550e+00
2.000874972038237054e+00
2.189061298136651956e+00
2.696849126679825126e+00
2.203009018531339791e+00
2.937390111308194829e+00
2.244870692941008272e+00
2.711294600088982154e+00
2.360020239211463977e+00
2.285929518849687980e+00
1.894826101470281410e+00
2.958702999527891730e+00
2.613311781579525928e+00
2.764095468108249243e+00
2.215152114312308740e+00
2.049064712884116624e+00
2.512457069242493901e+00
2.832162777346753035e+00
2.703585028267167178e+00
1.903299556552963345e+00
2.075573247760033269e+00
2.343326588644195407e+00
2.418170810071921473e+00
2.718034069179231516e+00
2.454951635072685434e+00
1.944653241165599455e+00
2.688125003996987061e+00
1.736015108818183217e+00
2.650148849199076562e+00
2.570751225368556714e+00
2.609826085433739173e+00
2.652481806635417438e+00
1.965331128660987137e+00
2.576517462520111934e+00
2.421388984472459427e+00
2.160304437727238902e+00
2.396032472440129180e+00
2.352229715043865799e+00
1.918290637422162881e+00
2.010648742641232722e+00
2.564169273080678213e+00
2.646967925386782827e+00
2.596343524242858969e+00
2.345799174409678223e+00
1.980846228241244678e+00
1.881333620365950532e+00
2.167352570772340670e+00
2.342953322512817849e+00
2.770019005761069408e+00
1.982016014285324923e+00
2.357183072669439827e+00
2.118600325679438789e+00
2.844383306225422459e+00
2.573286619067065573e+00
2.532494521659735653e+00
2.310659026443209196e+00
2.218750770078669277e+00
2.612733953636656725e+00
2.651489646767389630e+00
2.835261457034960131e+00
2.445055728406411610e+00
2.354289571882693277e+00
2.858207283233173523e+00
2.566219394192013947e+00
1.947134214116815532e+00
2.971036323998272888e+00
1.967964471323466746e+00
2.629878663762976743e+00
2.220815079760322774e+00
2.286081985429222918e+00
2.495241040825900480e+00
2.876452306411317217e+00
2.231197619335040017e+00
2.351869032400569548e+00
1.891618851846033289e+00
2.835719298324149484e+00
2.150632703089035758e+00
2.258515132429342209e+00
2.426720783175603025e+00
2.226623237819142176e+00
2.342129219106661608e+00
2.306619949793618396e+00
2.258078547242031942e+00
2.790707999762379821e+00
2.113713198159184792e+00
2.222401408087244068e+00
2.322257629108044785e+00
2.168004408200127742e+00
1.766108239762648635e+00
2.435114747558382753e+00
2.357106361217864432e+00
2.446296961667719927e+00
1.923038323850340348e+00
2.036070943948178780e+00
2.389683579084266540e+00
2.273405466755885396e+00
2.943211832762410385e+00
2.287423366364080835e+00
2.415830409963600101e+00
2.390163491404469376e+00
2.109435219700314335e+00
2.628400539118390000e+00
2.169661092680109427e+00
2.497392093244433564e+00
2.257158009660344078e+00
2.200678246399100146e+00
2.586007729361685215e+00
1.745578553938605504e+00
2.767155536280371475e+00
2.474744975755728049e+00
2.117486543206284821e+00
2.353278388382927133e+00
2.392614753246631309e+00
2.689015497655314224e+00
2.219536379590822062e+00
1.805943213777053691e+00
2.471250545465946136e+00
2.526374924020299950e+00
2.672718520706747647e+00
1.894225567009035771e+00
1.968675727338458969e+00
2.553445169702841078e+00
2.386610557105595554e+00
2.194911183831709245e+00
1.671396046760815102e+00
2.043552947228168826e+00
2.438957628413809253e+00
2.960420801970826687e+00
2.336752830833408456e+00
2.605230742790802800e+00
2.346306498979726207e+00
2.553750584072963736e+00
2.067816309669973762e+00
2.119413909743485647e+00
2.457189184356221023e+00
2.709220475592291066e+00
1.830435407158192085e+00
2.369753997249483657e+00
2.472526442397354085e+00
2.471851765097294429e+00
1.822868408419289210e+00
2.469096456524910721e+00
1.863445309329247790e+00
2.861440488725700781e+00
2.471950500449474841e+00
2.735160347040071382e+00
1.831779440567929518e+00
2.089681603245188146e+00
2.568826561415606058e+00
2.377120043914368264e+00
1.901380384074150554e+00
1.846714779587166566e+00
2.511657411977526344e+00
2.386756944319587515e+00
2.537146436827049101e+00
1.987900774910387858e+00
1.941602886842667575e+00
2.367514517388393802e+00
2.236749964922941647e+00
2.457756198754336374e+00
2.596862450950353729e+00
2.174538035187968621e+00
2.401447199173900593e+00
2.519836438220914410e+00
2.300054198547639039e+00
2.150864404410571140e+00
2.261031675349874259e+00
2.482518507729687407e+00
2.159442527914495535e+00
2.336681556800588755e+00
1.931407403643878862e+00
2.752613972478735072e+00
2.093624741508250509e+00
2.617089673374900727e+00
2.759229869364650867e+00
2.239557621589579384e+00
2.406164481025685919e+00
2.559727848022792518e+00
1.736515661516043307e+00
1.825242440375135278e+00
2.687221297101557216e+00
2.571666813646261929e+00
2.470424002691944398e+00
2.609561140721392114e+00
2.609176197091188421e+00
2.233344066611457013e+00
1.911222679548112202e+00
1.887318125636278099e+00
2.698694950361840483e+00
2.325179183323211163e+00
1.970105824440848696e+00
1.934326202118845872e+00
2.663604716668531047e+00
1.830479247240078600e+00
2.425490828670673338e+00
2.160632436017654534e+00
1.742062188959102809e+00
1.961599772559644572e+00
2.842922567772301345e+00
2.443436779035677908e+00
2.767483193842846134e+00
1.954840072798929684e+00
2.704927356716167797e+00
2.698450934940083812e+00
2.369616391510328768e+00
2.296867259762982005e+00
2.410046686393345627e+00
2.731760434984368935e+00
2.593105895758121449e+00
2.696470330076246036e+00
2.277677160657629596e+00
2.544346615623896746e+00
2.255144988488488877e+00
2.968740324028523947e+00
2.540258241413675844e+00
2.309540554290638426e+00
2.226555450629203570e+00
2.218390529134188327e+00
2.481894095231722552e+00
2.370087654612251349e+00
2.792748942647295340e+00
2.277760229873188269e+00
2.677635152769818117e+00
2.521086065785804298e+00
2.528070565409610726e+00
2.181935790258199059e+00
1.744414730249264300e+00
2.449979716591627721e+00
2.520749555991546931e+00
1.789491198149426143e+00
2.359620456733040772e+00
2.143727800906566117e+00
2.303815440563734107e+00
2.002112387261325566e+00
2.404439063825483114e+00
2.525689057525887904e+00
2.426557477741670521e+00
1.708182094905260406e+00
2.611658457784994614e+00
2.419018227046294989e+00
2.166234531492058579e+00
2.145819552652513895e+00
2.253624881541485880e+00
2.237984208661658148e+00
2.370303642088392060e+00
2.536226592509537969e+00
2.011254190220714833e+00
2.627104390192847916e+00
2.277955798576266844e+00
1.998142546259662700e+00
2.241289828430153896e+00
1.981108131227288682e+00
2.366296559318634696e+00
2.538858948767817036e+00
2.146121829111871993e+00
2.501257751857817180e+00
2.138479142316751513e+00
2.409110632176167499e+00
2.790440067387388812e+00
2.536339616287066612e+00
2.509501101511000254e+00
2.490292150425791107e+00
2.657145446269789435e+00
2.567013896186660649e+00
2.001669089974822846e+00
2.519343869753985832e+00
2.510820098864545713e+00
2.013798914082650438e+00
2.043987384381979133e+00
2.636018885806915790e+00
2.168855429571630022e+00
2.230089911300739747e+00
2.546389559672589620e+00
2.530556186184364620e+00
2.180140283547815194e+00
2.640170017113855572e+00
2.250015310355609977e+00
2.025642563074649960e+00
2.037520664243671398e+00
2.689222524859366192e+00
2.490486053867765115e+00
1.938176832573883734e+00
2.271370129754007205e+00
2.809786960847898474e+00
2.710190320509037853e+00
2.094002956168229623e+00
2.123218222919920350e+00
2.227135613414957138e+00
2.464783257366026881e+00
2.127131485583390713e+00
1.964832600816864616e+00
2.328375909638014996e+00
1.962100276576187019e+00
2.213169613362388599e+00
2.739048637793257690e+00
2.669207824418213360e+00
2.658423298318290495e+00
2.307552040299978735e+00
2.376210953892500477e+00
2.467349316451857622e+00
2.623323867842680013e+00
1.929660469183108518e+00
2.424904352311346933e+00
2.543420787281818640e+00
2.390983218634291418e+00
2.015526115488964987e+00
2.172885084292103475e+00
2.345430856543643916e+00
2.101518975074299966e+00
2.700736551898911486e+00
2.503022898698438414e+00
2.314295804723168981e+00
2.074747002259762496e+00
2.339382380108648185e+00
2.610257875118924265e+00
2.054016463929794423e+00
2.478604339248057453e+00
1.999794400892085156e+00
2.401258389458097220e+00
2.182272879406662369e+00
2.452572757048343988e+00
2.023708554707225105e+00
2.818483035421840643e+00
2.172938440213598721e+00
2.658645274478613985e+00
2.460418939275964334e+00
2.596517285832830257e+00
2.756347372740557411e+00
2.292196811940339085e+00
2.497537750601239281e+00
2.879818572344016392e+00
2.879538195129557110e+00
2.342104371993658063e+00
2.263432614154480937e+00
2.105055185638805337e+00
1.908203838785476725e+00
2.813626466729386433e+00
2.640509829459453339e+00
2.650590131684996464e+00
2.305427904930517968e+00
1.993110977928301386e+00
2.814591329820830268e+00
2.229370488417327323e+00
1.939138290932236997e+00
2.472921603049807793e+00
2.362571705488173635e+00
2.266323195300745219e+00
1.922818149166094281e+00
2.654602937258280004e+00
2.537940525152111881e+00
2.897740295775730779e+00
2.368198597703288666e+00
2.436873772993860321e+00
2.718252789217915133e+00
2.240947680510901208e+00
1.829209026780002523e+00
2.252797763131947129e+00
2.009548819859090507e+00
1.833040053222035892e+00
1.713682450418994918e+00
2.580151535858592027e+00
2.030860383462822494e+00
2.583773602972982530e+00
2.375897179340999976e+00
2.330599219957474322e+00
2.287607781471136636e+00
2.357590830821262973e+00
2.430532107843081491e+00
1.918359492954351708e+00
2.344095919096936598e+00
2.271391253499866369e+00
2.535154314181336410e+00
2.291833659803405698e+00
2.498160635881918612e+00
1.797191251809366008e+00
2.598878999014246460e+00
2.707957658516015442e+00
1.751483226297348539e+00
2.696379732436231080e+00
2.064199181327333932e+00
2.677665831467325841e+00
2.122049240342456677e+00
2.167948743777369458e+00
2.220525656499655387e+00
2.575511347067918955e+00
2.675325474144518267e+00
1.994805127652993004e+00
2.466125629213342219e+00
2.543213436626393431e+00
2.237139478751548616e+00
2.335503990581478728e+00
1.875161848052374181e+00
2.168851654154251296e+00
2.690603301827019678e+00
1.741211801312811724e+00
2.336387569003634201e+00
2.606196296216707342e+00
2.534459630555040199e+00
2.388034922803030202e+00
2.116098269089032868e+00
2.903065665983681765e+00
2.439258251181514403e+00
2.381555356048643546e+00
2.651393036985204787e+00
2.608140194332245532e+00
2.605713942333051314e+00
2.334284541802824631e+00
2.621863880249637457e+00
2.672778359123769487e+00
2.532292665017008559e+00
1.817291591178867627e+00
2.515723772626843768e+00
2.052538692268121245e+00
2.527413560674875992e+00
2.187251440904265820e+00
2.235647688655431953e+00
2.063794903163424621e+00
2.218964385087522473e+00
2.328761348303246326e+00
1.858335261202532562e+00
2.254493951763523185e+00
2.618211711503867445e+00
2.188675336517107883e+00
3.005987590135596577e+00
2.406651722473620136e+00
2.482005433719645993e+00
2.016159632284095338e+00
2.660369401317782767e+00
2.633879980317263225e+00
2.119757508463008477e+00
2.600227254278854261e+00
2.235327279840005232e+00
2.852281205889533489e+00
2.314722375313512881e+00
2.801149697483575451e+00
2.937140561697476393e+00
2.395036192986104595e+00
2.476700339366877390e+00
2.595820981688186535e+00
2.669765468984017343e+00
1.810114250999915519e+00
2.509078658001069329e+00
2.023198522430104340e+00
2.483933365381140845e+00
2.255670745579823944e+00
2.663330715988772912e+00
2.505715903599238015e+00
2.263215535202550477e+00
2.296792274866138683e+00
2.062764996521604832e+00
2.029235778520644295e+00
2.164876373956654554e+00
2.382338206633586086e+00
2.302674137289697942e+00
2.315604461258958580e+00
2.358881288910540608e+00
2.510561307546588239e+00
2.588026032192647374e+00
2.322660373783827836e+00
2.153700364592482597e+00
2.697347148854426280e+00
2.585627694275725919e+00
2.420788408629733102e+00
2.073257947079117258e+00
2.336476901957039942e+00
2.663625705913715169e+00
2.459044110329945632e+00
2.388631773913639122e+00
2.452645101515162906e+00
2.881276930121166924e+00
2.597449680951145812e+00
2.162209699260016826e+00
2.100960812040560732e+00
2.814653945749136632e+00
2.349036320615464746e+00
2.790724848436922922e+00
2.222413012189413895e+00
2.421751817293300135e+00
2.567863995711203273e+00
2.505314399747541110e+00
2.149849358547577083e+00
2.699821162543218023e+00
2.192601985145058663e+00
1.977917702143335843e+00
2.426096630372387875e+00
2.054885449849116696e+00
1.944385776148986222e+00
2.646300400741429470e+00
2.602027924597983599e+00
1.966210979083963251e+00
2.186587419646306873e+00
2.106279344041134927e+00
2.357924808092288327e+00
2.255409043240315103e+00
2.425333597903839067e+00
2.378456751265556779e+00
2.208436136806385619e+00
2.054240468755528681e+00
2.697042148090496472e+00
2.046168453321813629e+00
1.702594469041613490e+00
2.343791468861186722e+00
2.656421604619987775e+00
2.158428533893490986e+00
2.486607083437252896e+00
2.547273361052792673e+00
2.828796278476886972e+00
2.705008387864050068e+00
2.372556844292109002e+00
2.837026723141731654e+00
2.387580441274587351e+00
1.958597698864950720e+00
2.768017985628085320e+00
2.101436537182169495e+00
2.381005524790586581e+00
2.216866172235800736e+00
2.337683666203613786e+00
2.335466635743653541e+00
2.294339712262194908e+00
2.715003085497124324e+00
2.035239720199568225e+00
1.757619165356733903e+00
2.197681563596445287e+00
2.331413409205710607e+00
2.449994402789809289e+00
2.412401709397537619e+00
2.688557285399675756e+00
2.795671114512105149e+00
2.183635426301963722e+00
2.190931762386036485e+00
2.039636797510740784e+00
2.215760724002352688e+00
2.607801367980614238e+00
2.049368083900842130e+00
2.192145387825015668e+00
2.146495276862658397e+00
2.350599497054068454e+00
2.502400198397673137e+00
2.260869050061184105e+00
2.510601673482651286e+00
1.865387310230449458e+00
2.187632109095466237e+00
1.899011387680866303e+00
1.823752402222400315e+00
2.147308296444320419e+00
2.335267906808719651e+00
3.017835903276355314e+00
2.519955279100671852e+00
1.961108333227025824e+00
2.627022887057236300e+00
1.991996156163506448e+00
2.077417456631390991e+00
2.221993523139031534e+00
2.087029786300264256e+00
2.598469537897418302e+00
2.104983853514929670e+00
2.085547056167291746e+00
2.405491502110643331e+00
2.557727463106055588e+00
2.226454732665821723e+00
2.426405568826494275e+00
2.462985657697928765e+00
2.072856529295568517e+00
2.412526900048560741e+00
2.137865904474974599e+00
2.212117286271623851e+00
1.987102224184497556e+00
2.276546051046525410e+00
1.993524836698756353e+00
2.390879003091239241e+00
2.363308088191458989e+00
2.216375688945547928e+00
2.014021419958319292e+00
2.724048079783271348e+00
2.620814212581811464e+00
2.448752916750744024e+00
2.314228061909951339e+00
2.574151519623193884e+00
1.939399153400260145e+00
1.668447497617221664e+00
1.966997326926665624e+00
2.044425434352887372e+00
2.651637578936260287e+00
1.736822869809866221e+00
2.058324762265068664e+00
2.560190547724423560e+00
2.574447540088171671e+00
1.904632500246418392e+00
2.896081877437761243e+00
2.292698397903368601e+00
2.181733400401686396e+00
2.450093439718250554e+00
2.453514779500993725e+00
1.725253072530350762e+00
2.730285296993232524e+00
2.232470367602469974e+00
1.865029788074634487e+00
2.291693849780554793e+00
2.536430222908791610e+00
2.508560064553429392e+00
1.791958287454988197e+00
2.494714244882493048e+00
2.190730988064059304e+00
2.586024759234975434e+00
1.999176956239049119e+00
2.443047278726208749e+00
2.317175157707366484e+00
2.829244517773389145e+00
1.998527982402403813e+00
2.314844171830505282e+00
2.865272197395500875e+00
2.168134118477468952e+00
2.844929004072519696e+00
2.739599410772045829e+00
2.546173434335882391e+00
2.363040566700489897e+00
2.297022522149006374e+00
2.182971964098129991e+00
2.117026491005199240e+00
2.513823183666409111e+00
2.112155004195961805e+00
2.182683975304717805e+00
2.648115834004252989e+00
2.467089992917554930e+00
2.442145630822146085e+00
2.329193408165551649e+00
2.316987028379625890e+00
2.359805425486502628e+00
1.913280162558384179e+00
2.614995993819670961e+00
2.430082148072524095e+00
2.145479678345855845e+00
2.188348670360759307e+00
2.337498915585054959e+00
2.380899924962117442e+00
2.062087620159950063e+00
2.663409542291649945e+00
2.499425537053521218e+00
2.512975838645393090e+00
2.827796363331244844e+00
2.100610162890820476e+00
2.903921687719544398e+00
2.337001066219898338e+00
2.241752912318713431e+00
2.133338323911504464e+00
2.512241102449842778e+00
2.119574677965804455e+00
2.410373245855954583e+00
2.730855602336583310e+00
2.606770481325583866e+00
2.273693768602369047e+00
1.661868252176255778e+00
2.613387419650922361e+00
2.470647508215726429e+00
2.471588294269999153e+00
2.458492018361000397e+00
2.482496642432356460e+00
2.531634062815363517e+00
2.454911259312663852e+00
2.574047576563837314e+00
2.795086297065449088e+00
2.287809858614691993e+00
2.687350593591141035e+00
2.321105247963711982e+00
2.192882438717471683e+00
2.541572726644306446e+00
1.643967635791130144e+00
2.555278900824273336e+00
2.482187945202049217e+00
2.530832363544046615e+00
1.942384596926034712e+00
2.202693698579585746e+00
2.750250689818033223e+00
1.803927753417559732e+00
2.120465870735778857e+00
2.102263269738713802e+00
2.688679124788531993e+00
1.850330971339957609e+00
2.643170629769376223e+00
2.129529499957910410e+00
1.970479642056853775e+00
2.852407586402628148e+00
2.597016039112915120e+00
2.231826168158855594e+00
1.837326073406247318e+00
2.603267287851654288e+00
2.219365631402115291e+00
2.193110605233691501e+00
2.612795579053263317e+00
2.221962569552328404e+00
2.011134744315936640e+00
2.773980158947882302e+00
2.324652838292404322e+00
2.502322573428902075e+00
2.615709779103289279e+00
1.977624828070817964e+00
2.106897869695645298e+00
2.155733098837819384e+00
2.522729155942446511e+00
2.201591135083170947e+00
2.365037641943567248e+00
1.740516976038950281e+00
2.779746155758152870e+00
2.182066776390315432e+00
2.547411604653561756e+00
1.992080361066134175e+00
2.383391449526595540e+00
1.854740702211457704e+00
1.844855211627327796e+00
1.966387640573217022e+00
1.869949139705741503e+00
2.622381283571240118e+00
2.173950770634192065e+00
2.518781117234405453e+00
2.189292755450773953e+00
2.088305726026091769e+00
2.626329498103844529e+00
2.487786602860071916e+00
2.770623680965402347e+00
2.426832988228476928e+00
2.230383721814557241e+00
2.663768280951616330e+00
2.281976932438785521e+00
2.205088129841529909e+00
2.069205248088735072e+00
2.723457828256461877e+00
2.473047277492123719e+00
1.960116161242231758e+00
2.898989156296408076e+00
2.064523860389827270e+00
2.570095479176385034e+00
2.837304704202449290e+00
2.548842893983115587e+00
2.695415625477311838e+00
2.631854203159546657e+00
2.292394559172652002e+00
2.269477790324198718e+00
2.665996792463180665e+00
2.401516615033388202e+00
2.313081079867850942e+00
2.073116582847754685e+00
2.191460652379948471e+00
2.557039915706952993e+00
2.405986506479597331e+00
2.182829192253727513e+00
1.921601882284465157e+00
2.288684105563998372e+00
2.493237244306184763e+00
2.117827826626692556e+00
2.305087001003429226e+00
2.224522758297738267e+00
2.720692736569417569e+00
2.218539223438092733e+00
2.114270445849980362e+00
2.560605170345628068e+00
2.743012591441167380e+00
2.598033172154047055e+00
2.007494753313009639e+00
2.509359711897973799e+00
2.409567880770484560e+00
2.600090048765204997e+00
2.873056958223240365e+00
2.397227629073171329e+00
2.382293873215809654e+00
2.476711654052136335e+00
2.551880586936635886e+00
2.386036184575914820e+00
2.303867895514726705e+00
2.615198881671343401e+00
1.907627604968549218e+00
2.557400369400181450e+00
2.973631534099390628e+00
2.616913219937966328e+00
2.446141539052937741e+00
2.403185259137185170e+00
2.441996096085926382e+00
2.489932316220603514e+00
2.076533165137889547e+00
2.115730116752026824e+00
2.610563408338397284e+00
1.994419541495590753e+00
2.458827358027018128e+00
1.800400190338970585e+00
1.935595348572698882e+00
1.855942568633730083e+00
2.143928469426704897e+00
2.774006734950652753e+00
2.166513277827124551e+00
2.288201584111118070e+00
2.362314950238527889e+00
2.042891214206084438e+00
2.429093701764897251e+00
2.265474755546410091e+00
2.773799977859876087e+00
2.378670768588558637e+00
2.199310772648066070e+00
2.669318360786524735e+00
2.822234233122678404e+00
2.534502422139654598e+00
2.282257956260854925e+00
2.760461674974385105e+00
2.898226466640762666e+00
2.154353892204679877e+00
2.375838036943273668e+00
2.493785459349950440e+00
2.522564268524633224e+00
2.368301114766979243e+00
2.533279943168333936e+00
2.285320737892694076e+00
2.388030804721954503e+00
2.513660063113555054e+00
2.459735955766147786e+00
2.241645254353921146e+00
2.199842981885165916e+00
2.200906196205994370e+00
2.509533292611432209e+00
2.628009434794860599e+00
2.890926958664470359e+00
2.377559182831807671e+00
2.389965862384273443e+00
2.447519690552789839e+00
2.178662502656205646e+00
2.992331268752106865e+00
1.874618704684074100e+00
2.451189006750752686e+00
2.174016428507663967e+00
2.945295304158749516e+00
2.617372166218117080e+00
2.772358680784827722e+00
2.699922306070058120e+00
2.237559832096435386e+00
2.158824617454061290e+00
2.606298891650795646e+00
2.559018887759586747e+00
1.780266778151914808e+00
2.521248473016741265e+00
1.998683312597369088e+00
2.343647586113913661e+00
2.672538588564611128e+00
2.253685090003074709e+00
2.730629298818667117e+00
2.661653503919938046e+00
2.384907383453417573e+00
2.300257666986936567e+00
2.376253136036896585e+00
2.425193365304754600e+00
2.958019054419137817e+00
2.809912202591256847e+00
2.417242127583284717e+00
2.515487824864123478e+00
2.361493377766609836e+00
2.308982929687617869e+00
1.924403685708248934e+00
2.215079969508631841e+00
2.412493563728771662e+00
2.402808831330518036e+00
2.384311336420283922e+00
2.447975380706802984e+00
2.362790048691892686e+00
2.504227226655488359e+00
2.665744477886562436e+00
2.307792574613487524e+00
2.011109589675669440e+00
2.887121513095392000e+00
2.523677561090212684e+00
1.763516978152325221e+00
2.806687509637270317e+00
1.999063465920072113e+00
2.600176125936244809e+00
1.727876468841615054e+00
2.535025873319144196e+00
2.303275619589965295e+00
2.148900652453104243e+00
2.478337984166140373e+00
2.137039399772414860e+00
2.532967326768511995e+00
2.029108476667438321e+00
2.577689057591727284e+00
2.537470495807079729e+00
2.746424254013972721e+00
2.690549131527153914e+00
2.160328995935945517e+00
2.773455863106081942e+00
2.522637043622384834e+00
2.035719889445097852e+00
2.164918051888237382e+00
1.810982714263202897e+00
2.584855176356194661e+00
2.587671417536195229e+00
2.708795518220345588e+00
2.559677359517022133e+00
2.533984187572712266e+00
2.433333789172491102e+00
2.134230469291662935e+00
2.721652318445144658e+00
2.033095447563614933e+00
2.271837142795553266e+00
2.293511506307972070e+00
2.455493792380332607e+00
2.640190574302913262e+00
2.646714064904430952e+00
3.037246245929084765e+00
1.940269823600820009e+00
2.594106160255439164e+00
2.262331894190178883e+00
2.703781615403278771e+00
2.569677361750846600e+00
2.272955251000094989e+00
2.142053239960078237e+00
2.819523571848515875e+00
2.366805168295977868e+00
2.172648824221131481e+00
2.071619166981242266e+00
2.034484363088222558e+00
2.180695398601212531e+00
2.768758776027700819e+00
2.215381772859343457e+00
2.223041560696525920e+00
2.797334658786710726e+00
2.706526195387019662e+00
2.148183205016210628e+00
2.039097306763975048e+00
2.190956512106621901e+00
2.926328889941824940e+00
2.150342988540438594e+00
2.381351318123608785e+00
2.174014876943639152e+00
2.370238419809852282e+00
2.164219700712214589e+00
2.254834339044585523e+00
2.403533235772459697e+00
2.320155457922672859e+00
2.225565670880766511e+00
2.598619615604026212e+00
1.896908626057739466e+00
2.507367374180706765e+00
2.774749148312996017e+00
2.162390536266056262e+00
2.314028811873692248e+00
2.632838091456596086e+00
2.616657921495769035e+00
2.107788073768340098e+00
2.787888848142455522e+00
2.079769202949872664e+00
2.707566375278681381e+00
2.849655432249052822e+00
2.482927620625400955e+00
2.732659993658239195e+00
2.860158072657463357e+00
2.517966864217610290e+00
2.378545014198861551e+00
2.942762856504457680e+00
2.075093373266171604e+00
1.959768968352025187e+00
1.852251544812265394e+00
2.293110867342969428e+00
2.000654900711513307e+00
2.401312145461868663e+00
2.052068345047696418e+00
1.928600282512704878e+00
2.426576137153778845e+00
2.364487966173227207e+00
2.323887479470426953e+00
2.095346181260940632e+00
2.317641030779653999e+00
2.019728461059134617e+00
2.925210155328491712e+00
2.095215221975442077e+00
2.307933982913723092e+00
2.664111828968526829e+00
2.482653405429443794e+00
2.314720032018048990e+00
2.670687734027538340e+00
2.664051298157890546e+00
2.795706588313948249e+00
2.905530488556357760e+00
2.540243087560800195e+00
2.812771629528389994e+00
2.719559522337266610e+00
2.604019750962261792e+00
1.964693580257285799e+00
2.282805199992294032e+00
2.271299018697352956e+00
2.452256732765057290e+00
2.548391636343190658e+00
2.429067523949714591e+00
2.695037599678696605e+00
2.655544772107859330e+00
2.262276762231073768e+00
2.087773444184808369e+00
2.502600703961730844e+00
2.078871960360181514e+00
2.733649357416454428e+00
3.080503329505238863e+00
2.211371012467878039e+00
2.118459768669047172e+00
1.738407290478063860e+00
2.157086174465154382e+00
2.213349838999577379e+00
1.925203288710509719e+00
1.852379433476248671e+00
2.579641855727341504e+00
2.604206295584826858e+00
2.063491477132934016e+00
2.765992677521587950e+00
2.288941615464381574e+00
2.673478826361927574e+00
2.733544833629424353e+00
2.346359738365822345e+00
2.923384654429068696e+00
2.346848571684484686e+00
2.499504677693202837e+00
2.170957683766842727e+00
2.317764815088160013e+00
2.768769592901337173e+00
2.067882355873929434e+00
2.574503697203712527e+00
2.579365301747203354e+00
2.580153227687604911e+00
2.433897824311151759e+00
2.372992303664400282e+00
2.252704713041629336e+00
1.925864640433465613e+00
2.352673256280457981e+00
2.510515413086933822e+00
2.114806631653905811e+00
2.164654724192747182e+00
2.020167724534657872e+00
2.498774525723720608e+00
2.694508565010983236e+00
2.415975100510643792e+00
2.228591986848744710e+00
2.454371725607080279e+00
1.824980867274022422e+00
2.212525113341392569e+00
2.452535354953746527e+00
2.621450169841957223e+00
2.248602123361937988e+00
2.469431390250560909e+00
2.078072158423883486e+00
2.970183662739122266e+00
1.791791708932814364e+00
2.214526416726397162e+00
2.850027356514205135e+00
2.262537597692630964e+00
3.035093912714166287e+00
2.696642915450751410e+00
2.852273268412735430e+00
1.774315066247063255e+00
1.982784745233816093e+00
2.425466922518028756e+00
1.851416762054990395e+00
2.739368672193242205e+00
2.613873374291059815e+00
2.305487025399869161e+00
2.581732175588310252e+00
2.847628786465419726e+00
2.102489739147388015e+00
2.705373792071136041e+00
2.615254776776264833e+00
2.868144956399344636e+00
2.442529391307654674e+00
2.023873248809023195e+00
2.401495244427739539e+00
1.752092510084396260e+00
2.402795800789263581e+00
2.848533319242637862e+00
2.115491785297352045e+00
2.863503413256340391e+00
2.349872175077620806e+00
2.842805400474584854e+00
2.182549660162046656e+00
2.143664806909756582e+00
2.647987173326169508e+00
2.327439289110856624e+00
2.296326145486071724e+00
2.343493605831530768e+00
2.232376790899101238e+00
2.393004016658822675e+00
2.385100193465854890e+00
2.414129296544519132e+00
2.149315501992355326e+00
2.502059024429657441e+00
2.512820430565233298e+00
2.670708946305502263e+00
2.666160976580789210e+00
2.134867617554666808e+00
2.669124875346992276e+00
2.451584889739831574e+00
2.785119423883432699e+00
2.144618990510749335e+00
2.590360169567904158e+00
2.148770274895809074e+00
2.491677385357180086e+00
2.308329856761867305e+00
2.681892111468883400e+00
2.316569152530048914e+00
1.960571501464056565e+00
2.009252951068277504e+00
2.240799496907374788e+00
2.634703271612923725e+00
2.581361004562159334e+00
2.287478095719395643e+00
2.372497362230529205e+00
2.851823698793042539e+00
2.548420198602224573e+00
2.924859224179860995e+00
1.922847721884517691e+00
2.734285098954881921e+00
2.658134837104906278e+00
1.711787770794529706e+00
2.432020669786568057e+00
1.998119404705415159e+00
2.337208880589398241e+00
2.135492830923496843e+00
2.852072357704237060e+00
2.555978109531209519e+00
2.383156025099928854e+00
2.307024431728797342e+00
2.862013850574504747e+00
2.878048577795988550e+00
2.259059454372626785e+00
2.205581429127357662e+00
2.772464375096733935e+00
2.225709254981200758e+00
2.611010461250365289e+00
1.758586753340485531e+00
3.046534330285408654e+00
2.301575227337380625e+00
2.431380437964441033e+00
2.154262737770891167e+00
1.945888323818456778e+00
2.188760149618622641e+00
2.583517775548187956e+00
2.828514936084908449e+00
2.160832652474057980e+00
2.326551364132081634e+00
2.604433077827707166e+00
2.081640933382125969e+00
2.352354420994663631e+00
1.973953775524607934e+00
2.072837743651346543e+00
2.299846822515198674e+00
2.396700705225755623e+00
2.654307477693744310e+00
2.571594139892117603e+00
2.704299715203090315e+00
2.081431342342399571e+00
2.237702400876057762e+00
2.650447512045959630e+00
2.546248192032309454e+00
2.059153385907498635e+00
2.744247470593421667e+00
2.479897086443067611e+00
1.951922088977946279e+00
2.268746252084362869e+00
2.500576254287737221e+00
2.635183291433951247e+00
2.640208847961244665e+00
2.692848131353512642e+00
2.359315454140046953e+00
2.826939114232978945e+00
2.722655052953720567e+00
2.439857912039190335e+00
2.525793760207946992e+00
2.476551120151665231e+00
2.357522069005783649e+00
2.095073607057377441e+00
1.922569175886816195e+00
2.356272783159512940e+00
2.353602512493799814e+00
2.443703909487113357e+00
2.078064623960782065e+00
2.120012733874369282e+00
2.136611787756427461e+00
2.622342012510851195e+00
2.313526103280153734e+00
2.658761736801639852e+00
2.691113969573418530e+00
2.262232671881966972e+00
1.884737664793796785e+00
2.324178401972224695e+00
2.017231107344299446e+00
2.611349870908760806e+00
2.248408602150562263e+00
2.849239859808155195e+00
1.903361928754553789e+00
2.228595804100432787e+00
2.039847026114499862e+00
1.900204252667177629e+00
2.405206228913918665e+00
2.163922837137942423e+00
2.256426975653079925e+00
2.843375677773370747e+00
2.492289518253148373e+00
2.345084691865267690e+00
2.318914690641125542e+00
2.152595725303725338e+00
1.907723210607828124e+00
2.644079074745087965e+00
2.259906900118646256e+00
2.187472268330723502e+00
2.257759211339224414e+00
2.413450242305342552e+00
2.467809472067434395e+00
2.447454597953006683e+00
2.378274939418216327e+00
2.549551193857943598e+00
2.358717341402642109e+00
2.475165934018179748e+00
2.741045458862991335e+00
2.157273693178636265e+00
1.925748250064283518e+00
2.543697543743424383e+00
2.450431781068572068e+00
2.311201005291681820e+00
2.644653184627902220e+00
2.214133437671434113e+00
2.863865719938444077e+00
2.715431419405002877e+00
2.336466929547458271e+00
2.499275208541022586e+00
2.655177548442985813e+00
2.812688442878399364e+00
2.533572029556068639e+00
2.921487389121072642e+00
2.505855974075819059e+00
2.225619687127073476e+00
2.461212709246433761e+00
1.973311839420367919e+00
2.496433620017532107e+00
2.175803212102033868e+00
2.319542416669281515e+00
2.538550632116245875e+00
2.081610916028012959e+00
2.961783450380508498e+00
2.706795236013052719e+00
2.084466523424167494e+00
2.700761993196289179e+00
2.024217045867681364e+00
2.608498604301788149e+00
2.647225121580822460e+00
2.133885946898987918e+00
1.969205623288172724e+00
1.819098469844849797e+00
1.926681445421040140e+00
3.067408297134115447e+00
2.228380062375618031e+00
1.720574190634622580e+00
2.549181868682000918e+00
2.659243096435117248e+00
2.519633746708825672e+00
2.344084509650333548e+00
2.443582328047227747e+00
2.402138129708368819e+00
2.712458946927887027e+00
2.324684765618498794e+00
2.474867802542518369e+00
2.311671359313519414e+00
2.673546566054651574e+00
2.539447832877761879e+00
2.619433543970925093e+00
2.683839138704020577e+00
2.078162901880606039e+00
2.029166512998830108e+00
2.595639030803041258e+00
2.914443937164219012e+00
2.251042892162377740e+00
1.915574345813310542e+00
1.744344001443806746e+00
2.274849063915527214e+00
2.328222122818560447e+00
2.285411512777318244e+00
2.017211482187657445e+00
2.529322048490461050e+00
2.226380602334335101e+00
2.372940768031379655e+00
2.391544197162614793e+00
2.547280108957025391e+00
2.643762688342643941e+00
2.710353225524309018e+00
2.604205037317163018e+00
2.131580604932630241e+00
2.484005222790863332e+00
1.948672273985676551e+00
2.809535610124280769e+00
2.319080992340906811e+00
2.572335890898119981e+00
2.327548159941969175e+00
2.572984798389450933e+00
2.678370107669456157e+00
1.786321785251670402e+00
2.389243193336584525e+00
1.915239893512365565e+00
2.130295354739904390e+00
1.980623024920630915e+00
2.355098908532197832e+00
2.614525901545298403e+00
2.402384031503052242e+00
2.680494277589758223e+00
1.956998138359644202e+00
2.839521881815121773e+00
2.146870332131048720e+00
2.004894242171317842e+00
2.421959603646583581e+00
2.442471146953292038e+00
1.737649844005991984e+00
2.270823375170082592e+00
2.446971617794491127e+00
2.179661756115957250e+00
1.859304461304710721e+00
2.142063345558579801e+00
2.453372366476478383e+00
2.404024975225169669e+00
2.244170431545942090e+00
2.584774026338386488e+00
2.510937437018303520e+00
1.790091728917526437e+00
2.311246121122340291e+00
1.784385605012116294e+00
2.558657024630074606e+00
2.778830502264394653e+00
2.075719025902728276e+00
2.248821044042145889e+00
2.746983659360862973e+00
2.248178714751579932e+00
2.261560090382237487e+00
2.370160459295926003e+00
1.918181859616024942e+00
2.709896295348070971e+00
2.603413291704229415e+00
1.915668074143783040e+00
1.924914795621140318e+00
2.066117436782008987e+00
2.539237561931580789e+00
2.347680345831145043e+00
2.583715214283679451e+00
2.508153603937540943e+00
2.506053574220799884e+00
2.226681118586873787e+00
2.522723379760252627e+00
1.797426129394090522e+00
2.661366513046831361e+00
2.179641511088223460e+00
1.954360443246144774e+00
2.316927911646031291e+00
2.338543444046036868e+00
2.776407098318371958e+00
2.561636458955115270e+00
2.170424949667526082e+00
2.577803696668667488e+00
1.873188404110113670e+00
2.647884265084100797e+00
2.585536471301345784e+00
2.012240577214723380e+00
2.160898290481395811e+00
1.664057394972436654e+00
2.143116767132136502e+00
2.942496299401143212e+00
2.680991450179334823e+00
2.266363512823200921e+00
2.285611728972089196e+00
1.742895575349440618e+00
2.263560602591778270e+00
2.142272861449555421e+00
2.483875589624428226e+00
1.819194544985096140e+00
2.442272194553873454e+00
1.784671890262577332e+00
2.219492974331432222e+00
2.791766541735143825e+00
2.327016959542590691e+00
2.731619640457409126e+00
2.185664070771952794e+00
2.008983062041210577e+00
2.457282714109249255e+00
2.825725671796882388e+00
2.205010642007557919e+00
2.362666942200072118e+00
2.234575253370468140e+00
3.044469104951041949e+00
2.207343804413830934e+00
2.217601927459113220e+00
2.703931405939002719e+00
1.961992786383497611e+00
1.858157247857509686e+00
2.345229377797260817e+00
2.661854152079917490e+00
2.605784829989605367e+00
2.601696172160389064e+00
1.749089705871773592e+00
2.633017020872958192e+00
2.609455789984741703e+00
2.306934819681530691e+00
2.278786162372036461e+00
2.041744999677995054e+00
2.196195326759032174e+00
2.509728488278294201e+00
2.935529963538866305e+00
2.805139127012808764e+00
2.476166937010818359e+00
2.744077928518477982e+00
2.795311624920873150e+00
2.841804801779062473e+00
2.365877530334696388e+00
1.781293948113713554e+00
2.461492011924982126e+00
2.143619360008367725e+00
2.284067911118467631e+00
2.507333664212807456e+00
2.387963723456306475e+00
2.359734209295075935e+00
2.125508129446337158e+00
2.258052031363335210e+00
2.479892743180223569e+00
2.600603124028428415e+00
2.583257442752294519e+00
2.096624147639789548e+00
2.261012518847956176e+00
2.161500342949702613e+00
2.143399489977795724e+00
2.127152176026401165e+00
2.100640411542872954e+00
2.788083358169844761e+00
1.885951937356004526e+00
2.266998307369181287e+00
2.620520085098547280e+00
2.042599613732790864e+00
2.740255536327579566e+00
2.202733740789834194e+00
2.330039749032751573e+00
2.400483415188376046e+00
2.249853197494826595e+00
2.134146120119218892e+00
2.815343101222209210e+00
2.055659068861810823e+00
2.227518399911216029e+00
2.698346679978730567e+00
2.765429924041939547e+00
2.643664049814715700e+00
1.728905787540835348e+00
2.769520518806165565e+00
2.008215471964069021e+00
2.363937334534867318e+00
1.962570053341163856e+00
2.836981507022574789e+00
2.739792506607325429e+00
2.301989449068861049e+00
2.268411791349991269e+00
2.220037341438296785e+00
2.457803779457908622e+00
2.331932943806578340e+00
2.474854502786506760e+00
1.973514501235259289e+00
2.863747219231536523e+00
2.040823415959768461e+00
2.530303518908330052e+00
2.736119846202622163e+00
2.723187966341271693e+00
2.753628286839916672e+00
2.614249268302689000e+00
2.211219201807424817e+00
2.451883529285078023e+00
2.461343464202949249e+00
2.227402919811491078e+00
2.343551663234561211e+00
1.686203430716475937e+00
1.901138468405588089e+00
2.682194038815475245e+00
1.999000515083890539e+00
1.994079315314252865e+00
2.496959355716133366e+00
2.192160970879535320e+00
2.115031282681672842e+00
2.174751884938798341e+00
1.798316015282865665e+00
2.249356559959794666e+00
2.644045242059378076e+00
2.624560244902395034e+00
2.086362097260508364e+00
2.289272422472921065e+00
2.873658094394815343e+00
1.919565488068498027e+00
2.724167653411282419e+00
2.734304665829481173e+00
2.446186237960570331e+00
2.044774271938013754e+00
2.595024521751053914e+00
2.053702600623430907e+00
2.531394300041242218e+00
2.357752598918303022e+00
2.418381401597037517e+00
2.164437934803180141e+00
2.697828961081862431e+00
2.769520759846447966e+00
2.717694709869455938e+00
2.517297171243940923e+00
2.719526672548634227e+00
2.429949844818289684e+00
2.154145795434136090e+00
2.419008205858398597e+00
2.891442263908804655e+00
2.373574287334896837e+00
2.581425355018276413e+00
1.704852886957864966e+00
2.527475574392990865e+00
2.946164256362867384e+00
2.102156028233445717e+00
2.499501012806087274e+00
2.616188376940418170e+00
2.138188868226887251e+00
2.064513594996644663e+00
2.548447710076700012e+00
2.355071452163874923e+00
1.823640447313702673e+00
2.220877595104785662e+00
2.324678251098555304e+00
2.137975075763821842e+00
2.382605821050758799e+00
2.357537660299068527e+00
2.044080974846235854e+00
2.288013931914139931e+00
2.046400220823836769e+00
2.574728251326418249e+00
2.590049082913679968e+00
2.527593958051877365e+00
2.860328963257870782e+00
2.701689103060686215e+00
2.476010527240313230e+00
2.396935147569959845e+00
2.155737675717265045e+00
2.635099456709627752e+00
2.076405523909067075e+00
1.849522324627372427e+00
2.368786517651757073e+00
2.120880214417116605e+00
2.575043669533532587e+00
2.740407965010331903e+00
2.110197276618140272e+00
2.631467744280133747e+00
2.212524221433772809e+00
2.976084226588368686e+00
2.150424640469206228e+00
2.606193336102082814e+00
2.252350411247196149e+00
2.377279659353951580e+00
2.395634740050094358e+00
2.168345573941660831e+00
2.457866452497324161e+00
2.550870142789240624e+00
2.496173774600435102e+00
2.282531967556161945e+00
2.238893917010096324e+00
2.098015996523753035e+00
2.145322685883011005e+00
2.442540246165150197e+00
2.339183474212115144e+00
2.092343290282165036e+00
2.493341588960898747e+00
2.454180068644238766e+00
2.930394332937881430e+00
2.272929398151781299e+00
2.431237479491575648e+00
1.942579679161775541e+00
2.332192544418000946e+00
2.310385405012525872e+00
2.397069716132747885e+00
2.806381819180025605e+00
2.172547602974951531e+00
2.758182799269745633e+00
2.917614535729311065e+00
1.994403436049437595e+00
2.203666099090866304e+00
2.680452509664129401e+00
2.616509167889376375e+00
2.351201012713535654e+00
2.096456712442136272e+00
2.380641194090621138e+00
2.128776986750484213e+00
2.145101716378322365e+00
2.387423741961612222e+00
2.736010367053918202e+00
1.976167474545120761e+00
2.263733924117432128e+00
2.254473675176337455e+00
1.992442401310141609e+00
2.220346024634012760e+00
2.614673060959931128e+00
2.471860681561332207e+00
2.295562447852830257e+00
2.392812999150236486e+00
2.154212700541399350e+00
2.273252037862964592e+00
2.516190330275080544e+00
2.648183037844400900e+00
2.609374821340211703e+00
2.546855610165647210e+00
2.568543149763395039e+00
2.656902310539183798e+00
2.011005757813517647e+00
2.441261460378703063e+00
2.200272692714725586e+00
2.328173752935811525e+00
2.484572044746665931e+00
2.664531844998939913e+00
2.274376224465785690e+00
2.152592323702843924e+00
2.560576470675285599e+00
2.714346691428576541e+00
2.438629293111733265e+00
2.405540426438049106e+00
2.581257430185051494e+00
2.401655188458915902e+00
2.639124451608461985e+00
2.340872147054712471e+00
2.597062667120347612e+00
2.815375871430213284e+00
2.489640092940891503e+00
1.954975575155885936e+00
2.477031634959367956e+00
2.421572775069421812e+00
2.600651814695960518e+00
2.146883021236577260e+00
2.229574404667598042e+00
2.386167892143804981e+00
2.486671319018897819e+00
2.693550308217424138e+00
2.631230866071161412e+00
2.549769175676870780e+00
2.153501398323337312e+00
2.183097216742205582e+00
2.214064004379915129e+00
2.568657925058540403e+00
2.623036250812365466e+00
2.698668236905969575e+00
2.108886965528082413e+00
2.407041867195309770e+00
2.558205695768167587e+00
2.370739714587765334e+00
2.192277842291354251e+00
2.488848366012187174e+00
2.517752290898937595e+00
1.879079137908752140e+00
2.239715774257064140e+00
2.345113063893171201e+00
2.767463228758462623e+00
2.274782660912686882e+00
2.353800565007125201e+00
2.959081453211090729e+00
2.345034989856605634e+00
2.752799646899966923e+00
2.429820185960372303e+00
2.109379280690103720e+00
2.007288440236197680e+00
1.814291363585932571e+00
2.025113114242036438e+00
2.445085756204824712e+00
2.526734788282959610e+00
2.676656359041895694e+00
2.458507961635780337e+00
1.946171526766680593e+00
2.875511276710278175e+00
2.226177486024157659e+00
2.134103313128564050e+00
2.673769900987283066e+00
2.098153110099229224e+00
2.082882738950128321e+00
2.205888484693172558e+00
2.400501986073488858e+00
2.373595629313757449e+00
2.323811449581632438e+00
2.393619907527428925e+00
1.878843692463215698e+00
2.213035096389776690e+00
2.465512355452750715e+00
2.291106217503394493e+00
2.725396135291263899e+00
2.715669715473753687e+00
1.768373617900420136e+00
2.395094104451302996e+00
2.900174869073961936e+00
2.383632597746794257e+00
2.295789859933602628e+00
2.793204777957981388e+00
1.808800557527365349e+00
2.452087255534274313e+00
2.244186857379467437e+00
2.221329753288701525e+00
1.851171078529556091e+00
1.844421346636653469e+00
2.655318522537871928e+00
2.328801394131710278e+00
1.739126832463025796e+00
2.577484817898402003e+00
2.168501517646120202e+00
2.251818439528022076e+00
2.929838137300650125e+00
2.128907297657480324e+00
2.137354551794604873e+00
2.653852186423696580e+00
2.225548287102064648e+00
2.238198143426974429e+00
2.521823289370078491e+00
2.634672941699291115e+00
2.462631168776888479e+00
2.421952527318433024e+00
2.811450650123397565e+00
2.380226803809446956e+00
2.300463974691146607e+00
2.181403358077415255e+00
2.511867474056014071e+00
2.058650713154408507e+00
1.706882410963421970e+00
2.891497827020389710e+00
2.283197414981210649e+00
2.360637449250484465e+00
2.267716932453535783e+00
2.517592679358464203e+00
2.517751204264881970e+00
2.444564456261275165e+00
1.956755108171851054e+00
1.744270125123092985e+00
1.719289463712838417e+00
2.668276952714725425e+00
2.777431118273918642e+00
2.735670695195649760e+00
2.550798210865433013e+00
2.361793760045012291e+00
2.537777838905562078e+00
2.045142335445731874e+00
2.878773185128288503e+00
2.021331235190834796e+00
2.133661219251926422e+00
2.720346536182403074e+00
1.878800792675370701e+00
2.840981262204492985e+00
2.558602428278352825e+00
2.678568178313242676e+00
2.042016109974934324e+00
2.012971918639312463e+00
2.354008996609842974e+00
1.985665175412888228e+00
2.873140392698898982e+00
2.394409859097081483e+00
2.349002324178558698e+00
2.098622702629563186e+00
2.267956067453045232e+00
1.849856572379606989e+00
2.184718016118261108e+00
2.383820745031517863e+00
2.038423491452317826e+00
2.218409717895076128e+00
2.026334370196567480e+00
2.576201606345752460e+00
1.917582616026498377e+00
2.580606775595743141e+00
1.946527078401658617e+00
2.669757055499821341e+00
2.558936181748586058e+00
2.178639293113293185e+00
2.232467643140194191e+00
1.994497122665221944e+00
2.770782410224872816e+00
2.747962622429668045e+00
2.602897193031263434e+00
2.188481810156667873e+00
2.088268128924026357e+00
2.311420256453471822e+00
2.250882905291490932e+00
2.048648620414591726e+00
2.654536003050886883e+00
2.524509821310510382e+00
2.099930200083579557e+00
1.880604322031310671e+00
2.470604021497789127e+00
2.517629330526305331e+00
1.755566391882533939e+00
2.378570452018199166e+00
2.087402162102673486e+00
1.700502717227723615e+00
3.118286524617039479e+00
2.459467276906859290e+00
2.178418792278826288e+00
2.017720035662994960e+00
2.583756599649334795e+00
2.525527558890559909e+00
2.122392947454364354e+00
1.904847287246175913e+00
2.547769581607679079e+00
2.842182954151649454e+00
2.395524710918587985e+00
2.874069913354078576e+00
2.780160207603945999e+00
2.345521118249820347e+00
2.555444145560442859e+00
2.372409001076468460e+00
2.405796128690230073e+00
2.366060045574112536e+00
2.318568131485815531e+00
2.618135522210887522e+00
2.465747514852639988e+00
2.357980458924703537e+00
1.852255881911753388e+00
2.643576878531603391e+00
2.383639784361823111e+00
1.945250702323053860e+00
2.844743706539618167e+00
2.609080120243546297e+00
2.492233292593338589e+00
2.231938449748664510e+00
1.911799752891080173e+00
2.498555830268166744e+00
2.111767742265470371e+00
2.529034656995754915e+00
2.812981212483319116e+00
2.958708350948052512e+00
1.942441609452763229e+00
2.469944447502847140e+00
2.300651351802478040e+00
1.959372176240819829e+00
2.387612193107099490e+00
2.646842958227223264e+00
1.952683459713573599e+00
2.742140350811935079e+00
2.012656314055039530e+00
2.217075217055654246e+00
2.554730269799420306e+00
2.287005512065579893e+00
2.725411352882171290e+00
2.056270254628473459e+00
2.263067467566967306e+00
2.018439115634249603e+00
2.349068851151774773e+00
2.486856808761462201e+00
2.516812698380488822e+00
1.830718006094933070e+00
2.078565231396378277e+00
2.336088541530723539e+00
2.670381641051454480e+00
2.521689239878882383e+00
2.563266118555472151e+00
2.761337927900957112e+00
2.197361686248787471e+00
2.167736279298019042e+00
2.696520566964722754e+00
2.299412139944212452e+00
2.047393460249793407e+00
2.396592019783801764e+00
2.691748801155413151e+00
1.872220070406297232e+00
2.113400104980570404e+00
2.022840997371867733e+00
2.511153915822250227e+00
1.666838776054725635e+00
2.594746172462360612e+00
1.983826594061971926e+00
2.442972484079933615e+00
2.814236069794522788e+00
2.720903191472917815e+00
2.250471069034719829e+00
2.993815076844862588e+00
2.416327296654666945e+00
2.514663065635454053e+00
2.140026114425609194e+00
2.801283673315293044e+00
2.821096468282297209e+00
2.668819004702744913e+00
1.986259572686057906e+00
2.132213702887758799e+00
2.621245043371876804e+00
2.404577546122018905e+00
2.420776675277919399e+00
2.391790478247577401e+00
2.044573268342233519e+00
1.917947443206434510e+00
2.742716472271797379e+00
2.315604055338747802e+00
2.441921396488014206e+00
2.047373518489758126e+00
2.342883268644899264e+00
2.612958493266338778e+00
1.847718499252881452e+00
2.487413555378451768e+00
2.656608603861875473e+00
2.418729754015409128e+00
2.345566624805980993e+00
2.442664748807819919e+00
2.519239547664922529e+00
2.688552747670209797e+00
2.063895313022775735e+00
2.561621293548629552e+00
2.466650094729824438e+00
2.709694125000784659e+00
2.539206779081048637e+00
2.844967889343854139e+00
1.743269183046277426e+00
2.612567252185878264e+00
2.629723345417849245e+00
2.196902862414635393e+00
2.254772914704133768e+00
2.333364827675306952e+00
2.481016248861292350e+00
1.801662852736998000e+00
2.614625192371682783e+00
2.941133799827194029e+00
2.871700764910160686e+00
2.344083064365825031e+00
2.368645762738804450e+00
2.272215577016958754e+00
2.509101603924377866e+00
2.722172163617531560e+00
1.997686630972759225e+00
2.057013556633259022e+00
2.412059778341784089e+00
2.135584640323830108e+00
2.389299960097583497e+00
2.120503178862454874e+00
2.734610144802412268e+00
2.646587784062541804e+00
2.007475409405457878e+00
2.882892004103786654e+00
2.098083364025062458e+00
2.750458060886938227e+00
2.518100421521530130e+00
2.172601251746643758e+00
2.160378197363156616e+00
2.562537155982933967e+00
2.825593762132176945e+00
2.172185150026308964e+00
2.185793242548081494e+00
2.209866654962705290e+00
2.340539706773036688e+00
2.812016729353992606e+00
2.769399664065289368e+00
2.947416614607403229e+00
2.476976075779210973e+00
2.622177549553124543e+00
2.747501912090891452e+00
2.766726383786831001e+00
2.312434907661542027e+00
2.395088324513493738e+00
2.511480064580166705e+00
2.350589716522390127e+00
1.939453383028475253e+00
2.335814370811240437e+00
2.242858374036010183e+00
1.970733507149718955e+00
2.517097101914812285e+00
1.674126782275966452e+00
2.351650605678687000e+00
2.153413042474036754e+00
1.919485649118821469e+00
2.570031845020923189e+00
2.284552755001820756e+00
2.865885155361001413e+00
2.408410596309726870e+00
1.879402324164069604e+00
2.302347581149337685e+00
2.324372361910422846e+00
2.214593902670837888e+00
2.899904485273959054e+00
2.337020761843405570e+00
2.655735863241033279e+00
1.931360250606265261e+00
2.212151882779795020e+00
2.037827040737180351e+00
2.595139973054028992e+00
2.328402506958172857e+00
2.506594997892434229e+00
2.115850396251880206e+00
2.548001659331839974e+00
2.227363245135512315e+00
2.486753454639074601e+00
2.464715455914908038e+00
2.320408372426011834e+00
2.724188323856919780e+00
2.319537156779123421e+00
2.139901846676133257e+00
2.331304953071692498e+00
2.318333793156448941e+00
2.698211301785820471e+00
2.637388417515068362e+00
1.964270275796797804e+00
2.252787228096364558e+00
1.726247590043973323e+00
2.154201988652607369e+00
2.308701364572313341e+00
2.709248285663744760e+00
2.051897028326878036e+00
2.647616250481815037e+00
2.039035592873507774e+00
2.359677720914060917e+00
2.246342577990234624e+00
2.758773980302568596e+00
2.462422271756742553e+00
2.466808505063073476e+00
2.461186658592000587e+00
1.708125097591952857e+00
2.093657061709469414e+00
1.976702780474453469e+00
2.010176204867524241e+00
2.445697327916632968e+00
2.274740746532388336e+00
2.071871613745722485e+00
2.125670150134399083e+00
2.024123711681220072e+00
2.517898884027003792e+00
2.463874059074735889e+00
2.627115395535741804e+00
3.000499840004417607e+00
2.053917361566128363e+00
2.662570842159864171e+00
2.903055603655098516e+00
2.406210272770111125e+00
2.436939632309395698e+00
2.684956130988490397e+00
1.741702261996285861e+00
2.468092081559314366e+00
2.115813671269432650e+00
2.546631915736432106e+00
2.291143439710503049e+00
2.335607777322002754e+00
2.402693184585873887e+00
2.271923170808785475e+00
2.613343843942165456e+00
2.080242948162819516e+00
2.874888723013344194e+00
1.697092692258060254e+00
1.991175263442955590e+00
2.377667449678089628e+00
2.446113107563349320e+00
1.793135630594786090e+00
2.670527216889052369e+00
2.806610542752331128e+00
2.043814182158595116e+00
1.877838642434429328e+00
2.085084723187041966e+00
2.660627827197884265e+00
2.681353643913948925e+00
2.184814720110157538e+00
2.185502794705908247e+00
2.952862917498272566e+00
2.410933950488705957e+00
2.463312118112853444e+00
2.358839143168584229e+00
2.772306182518000650e+00
2.016247869816394811e+00
2.631605430699677672e+00
2.305934379461433981e+00
2.453915266117123739e+00
2.608411324956754207e+00
2.210923443877733874e+00
1.913026734514720717e+00
2.152578399190899994e+00
2.514029185042290226e+00
2.734620093346437297e+00
2.331544504979105703e+00
2.609233472370640960e+00
1.877666609533332975e+00
2.396638262300421651e+00
2.209460492106105622e+00
1.957935924798847260e+00
1.977631566326949919e+00
1.769356189788746869e+00
2.135220501604342402e+00
2.507624746543634320e+00
1.906042070265785426e+00
2.782886881844159443e+00
2.679942880536961169e+00
2.319456504275656084e+00
1.981040229616049420e+00
1.651163133859695042e+00
2.700646698142987745e+00
2.337186801469600006e+00
2.414266183709023572e+00
1.813798301847541650e+00
2.662157674886710623e+00
2.229473455679984006e+00
2.037201052844753946e+00
2.368570017410179585e+00
2.162073036245399482e+00
1.997880865264691996e+00
1.784780094817697282e+00
2.694958313042798093e+00
2.286000073769406615e+00
2.443278719603847460e+00
2.736485682446202716e+00
2.601808565912101745e+00
2.660635369687725849e+00
2.584944481840995234e+00
2.287838838482784798e+00
2.112390854846399435e+00
2.815196870382683514e+00
2.587831581742733533e+00
2.649933157964018626e+00
1.869704677456566655e+00
2.437278521731547798e+00
2.330992088861828293e+00
2.064638035183777642e+00
2.540011179360434301e+00
2.578822038197398747e+00
2.770357903041484882e+00
2.344593726202596429e+00
2.291875437444757413e+00
2.336571406591455347e+00
2.284945397403334688e+00
2.078361091762062074e+00
2.459853572073338324e+00
2.693446123100340817e+00
2.559941750380116510e+00
2.989921821224322152e+00
2.644296603256155009e+00
2.374196415571268926e+00
2.238956380875075425e+00
2.388757243147117126e+00
2.426171627862770741e+00
2.613757979256482233e+00
2.427280896177821390e+00
1.942448269637457869e+00
2.435202668630996659e+00
2.270731901384390738e+00
1.952137569488945124e+00
2.864934679325632061e+00
2.286417017303301158e+00
2.052728658015051888e+00
2.796006023613347491e+00
2.409432366455952046e+00
2.340450431272745213e+00
2.758897263635513575e+00
2.696353448509819284e+00
2.869126868799256158e+00
2.196696217569074960e+00
2.286972131614432691e+00
2.673035505635463771e+00
2.245860341156763251e+00
2.304129694633338499e+00
1.864164584995867457e+00
2.518424222684497060e+00
2.171836703705440019e+00
2.026527213525658233e+00
2.668854712822668951e+00
2.313356992609605367e+00
2.792277157064211757e+00
2.121862728627334604e+00
2.125372958551327240e+00
2.062936763207569690e+00
2.338051339957196273e+00
2.617618596025820032e+00
2.585606842692942386e+00
2.240589103405303817e+00
1.851887329243943725e+00
2.533539602247545375e+00
2.734918440675907725e+00
2.468728388452843703e+00
2.382244867556074119e+00
2.217046584662980990e+00
1.996071774512326424e+00
2.619088877555683759e+00
2.241637978311049828e+00
2.462989647927731784e+00
2.677010045776543112e+00
2.497718306260439114e+00
2.844609321327256524e+00
2.436916838423905496e+00
2.038556222031674636e+00
2.511520246087741270e+00
2.187735946523044372e+00
2.230266809392374316e+00
2.681664929061722269e+00
2.021384210450508867e+00
2.613893718372326980e+00
2.583934927090948186e+00
2.286400115092484420e+00
2.432935375314648319e+00
1.939593114159179343e+00
2.764302081890297025e+00
2.278286484289339331e+00
2.272600903264579308e+00
2.326140054833666149e+00
2.040126839338185505e+00
2.320127056373931573e+00
2.030809010887267618e+00
2.920542037852405848e+00
2.091832427892091673e+00
2.243725934840166136e+00
1.840891464742145045e+00
2.305922676144948724e+00
2.437568851365693234e+00
2.891022667379988142e+00
1.938366663684992774e+00
2.177056196082270301e+00
2.467213863955543651e+00
2.282201684931001839e+00
2.293938924006469371e+00
2.433478607108729541e+00
1.907988542708241031e+00
2.303576576343682625e+00
2.369332195900493154e+00
2.407489759192047885e+00
2.624185732599988441e+00
2.929237991840717203e+00
2.080292498853104632e+00
2.753412309950313386e+00
2.329579762488740435e+00
2.180994275172174923e+00
2.145500583813235718e+00
2.608297215540911651e+00
1.913975750241155183e+00
2.692444824797502800e+00
2.421699954548473421e+00
2.668004006128435357e+00
2.617391651327150015e+00
1.836567588107280713e+00
2.156492266475936059e+00
2.227027724629133232e+00
2.698364304030560046e+00
2.655530984432419750e+00
2.362545102266353947e+00
2.692696483715942612e+00
1.765469901845050815e+00
2.188352007298491664e+00
2.264127295280693009e+00
2.479165770210707276e+00
2.565293927275268615e+00
2.139001815297102205e+00
2.087190356822514303e+00
2.389908612622261064e+00
2.533977488807284129e+00
1.928129270181786703e+00
2.328297582475402194e+00
2.774657059965461414e+00
2.268274467093947866e+00
2.528214197025352661e+00
2.163541872121228504e+00
2.254927023923114060e+00
2.444915431138374728e+00
2.096767657037910570e+00
2.570034150207424872e+00
2.383420665394527127e+00
2.516788110182028859e+00
2.432893329062190357e+00
2.653746126378775383e+00
1.782445539749897723e+00
1.903571191476415070e+00
2.425461234780697861e+00
1.963011189730915929e+00
1.772577019368384743e+00
2.347053438922302337e+00
2.432276600378016074e+00
2.197167521867769757e+00
2.633584493369522939e+00
2.603850131372017707e+00
2.110479443314724257e+00
2.541245925013895679e+00
2.473894615299873756e+00
2.608182803941552663e+00
2.035659848395174443e+00
2.714181569529590554e+00
2.202853998951963543e+00
2.031584910924431053e+00
2.712541886496320664e+00
2.512303778636618024e+00
2.600559925714879483e+00
2.802991568200305039e+00
2.466799169197295249e+00
2.243840631954694409e+00
2.425530062316259006e+00
2.348056027462103845e+00
2.209976650653582286e+00
2.609722338086354121e+00
2.194890908279657715e+00
2.372832778194089887e+00
2.491859377352524163e+00
2.237984994664595551e+00
2.370770629803724105e+00
2.012901063338506269e+00
2.305045268057080765e+00
2.718459902345873314e+00
2.094717626547427436e+00
2.500031204931978834e+00
2.564995947392644027e+00
2.285032857378631821e+00
2.061417556764343573e+00
2.595089260822250665e+00
2.032290215071220096e+00
2.489776448175376355e+00
2.199283132877170033e+00
2.520812694783810315e+00
2.339717435802671108e+00
2.573109754361864177e+00
2.194071274130050764e+00
2.692148342197861588e+00
1.892592985595172861e+00
2.698880895742188812e+00
2.124813624864504646e+00
2.610376624748408148e+00
2.552423296409092046e+00
2.045425686401815213e+00
2.557217440270890485e+00
2.487130725994622260e+00
2.839624770862518854e+00
2.089435850709702613e+00
2.045029485967896576e+00
2.431781120855347478e+00
1.993174085648668159e+00
2.462765033760468292e+00
3.024697519785303879e+00
1.909518489777898509e+00
2.699722605601048819e+00
2.260149746539579230e+00
2.973536380327500339e+00
2.795327289313355834e+00
2.338624388502714702e+00
2.190663163026541849e+00
2.153521680978867536e+00
2.442369451895292531e+00
2.468204633166101836e+00
2.702713071461563032e+00
1.888841827916291960e+00
2.142901241178178040e+00
1.664065721135221665e+00
2.253320036610662935e+00
1.954227417679734291e+00
2.156623742287644419e+00
1.996360175245271762e+00
2.616002900596837932e+00
2.494018773096155606e+00
2.370084179034116723e+00
2.277128780406512121e+00
2.667479128761034879e+00
2.430812622476773655e+00
2.223766903567877318e+00
2.541212085832712297e+00
2.857592791134006660e+00
2.575864503505435277e+00
2.172024883682184271e+00
1.880347083934608587e+00
2.636628562820702015e+00
2.045370499023739352e+00
2.691184369179608016e+00
2.292783620534981637e+00
2.749439540290110617e+00
2.773596646990432291e+00
1.822461684504430357e+00
2.478462178248735270e+00
2.398438847416582753e+00
2.658174465681331977e+00
2.273109663660347834e+00
2.555174862530615876e+00
2.540198238212706627e+00
1.932662846453637284e+00
2.260085666241658409e+00
2.524577231446215819e+00
2.219933759338099222e+00
2.005005545852659665e+00
2.444568706286087245e+00
1.790585977471311541e+00
2.281540339527447170e+00
2.180688004559157456e+00
2.095175142988595418e+00
2.538867966185831992e+00
2.472087009942179225e+00
2.358076837872121523e+00
2.385177232292271743e+00
2.409660452092121652e+00
2.466045711527906636e+00
1.992735850073505954e+00
2.097260759118393381e+00
2.343807569761034326e+00
2.441369425507473601e+00
2.426537621387389265e+00
2.724732607381399330e+00
2.546703929307761793e+00
2.507679966435601759e+00
2.873807954983161661e+00
2.349458601723958040e+00
2.423600994551744936e+00
2.643193340271049685e+00
2.684407287334483083e+00
2.247304271315833546e+00
2.644377539785176090e+00
2.829393226186515342e+00
2.009366461985010233e+00
2.688953907565412749e+00
2.281183123235495991e+00
2.061703022318571499e+00
2.269835651442555058e+00
1.929883467798246821e+00
2.347193961083931857e+00
2.294501100804738236e+00
2.483628983344317476e+00
2.461267748185442805e+00
2.712775685213008714e+00
2.364371883929035523e+00
3.091932999458107290e+00
2.220767289604145045e+00
2.222420622080302000e+00
2.423108685069765400e+00
2.110929509922992331e+00
2.503804708916983035e+00
2.446242677881790506e+00
2.359975228885975884e+00
2.605200347442187869e+00
2.670967719338822377e+00
2.644560845064854782e+00
2.009264075027338059e+00
2.781209364514893867e+00
2.374891093553675336e+00
2.230201123199637703e+00
2.620678432255335810e+00
1.885464984740589545e+00
1.991086323385452106e+00
2.084086984316457780e+00
2.125997070434248570e+00
2.521260851516049950e+00
2.448797218541018950e+00
2.533280277236764633e+00
2.343866012507775931e+00
1.660971195497188857e+00
2.187009832925131292e+00
2.202009501997598928e+00
2.156718496608423408e+00
2.111476506968073430e+00
2.997765450356509209e+00
2.698869030410869119e+00
2.607982634216596374e+00
2.104078047245476313e+00
2.435761877936408748e+00
2.356186960320837187e+00
2.078063476207009153e+00
2.692598416777569614e+00
2.000974687123306062e+00
2.292371362958956382e+00
2.014594820635377204e+00
2.445070167758457202e+00
2.513052062468181358e+00
2.341169096209627210e+00
2.393282910721364232e+00
2.630599465078896415e+00
2.398478062690912793e+00
2.047166741681477831e+00
2.225825242366131107e+00
2.793369035371308318e+00
2.195969360142352222e+00
2.280648451993219084e+00
2.355848083049516539e+00
2.167964209027914091e+00
2.790978406968723569e+00
2.745577137628430808e+00
2.996234293547128669e+00
2.422179632909276403e+00
2.368193069609063173e+00
2.833884402965280103e+00
2.653453836247413822e+00
2.855128646470555864e+00
2.117802635508942988e+00
1.888155893803863172e+00
1.894656242563726112e+00
2.152281650855776718e+00
2.116816989764827461e+00
2.077385746361852803e+00
2.512863699303598430e+00
2.861472205555142700e+00
2.288666185817253229e+00
2.072070844316905358e+00
2.215383267905397524e+00
2.187352779268139091e+00
2.442663880566416701e+00
2.709630106738676325e+00
1.686035274291881603e+00
2.802405466216411067e+00
2.174481812527684355e+00
2.101845257229492336e+00
2.034513100825284138e+00
2.357546225852303223e+00
2.770742414303065004e+00
2.123950863877187345e+00
2.711864235937058165e+00
2.101323535025870548e+00
2.324716412707149349e+00
2.487784997796393505e+00
2.114592592881416877e+00
2.343977668353243615e+00
2.056036944033819314e+00
2.254583988756312607e+00
2.562064325284795885e+00
2.759552507398479460e+00
1.952047812662435655e+00
2.496050394117587778e+00
2.646104710621776324e+00
2.132905697211806118e+00
2.280447169862243939e+00
2.399675230592644759e+00
2.910831000192922069e+00
2.320499208193000484e+00
2.085167057401037027e+00
2.315637604524538151e+00
2.278733968950835465e+00
2.164367071153081579e+00
3.038999500376337259e+00
1.955931190300095102e+00
2.225557295200009555e+00
2.540102253470003291e+00
2.818179608486242493e+00
2.409617646462002050e+00
2.290197260246384037e+00
2.538160137102759784e+00
2.756920973963524535e+00
2.179774634084202134e+00
2.827982550154434893e+00
2.335349792022858306e+00
2.146005779392169188e+00
2.935838355422693446e+00
2.222186847866338688e+00
2.882639604323830707e+00
2.085828812579968883e+00
2.232393855767783375e+00
1.762652436207940543e+00
2.342985457196010923e+00
2.692795192956296546e+00
2.432031946425602165e+00
2.270273005667087673e+00
2.621278770251267431e+00
2.107413642533847664e+00
2.695202572256707896e+00
1.854618203358290529e+00
2.740715202921440774e+00
2.342446968150407205e+00
3.015732533538383997e+00
2.284281453859636102e+00
1.965144852104457884e+00
2.245769223287358063e+00
1.817566894003234790e+00
2.404603983712090720e+00
2.581874968493167444e+00
2.700856338091296216e+00
2.794060170519702346e+00
2.248696411384709215e+00
2.780741010764931520e+00
1.991366206230630320e+00
2.960309382571179704e+00
2.478052715749495150e+00
2.469596129563649711e+00
2.439089816127677501e+00
1.961899471928707506e+00
1.913674834927657553e+00
2.927658922986338119e+00
2.486225993799061396e+00
2.236338846797998769e+00
1.867028956750823809e+00
2.815922895940718984e+00
2.378651271265261435e+00
2.490472180720997741e+00
2.121216454614914149e+00
2.636350501635875254e+00
2.494976576604115870e+00
1.975488030853938648e+00
2.399654719829146021e+00
2.171859009541522223e+00
2.017436802647684768e+00
2.353861962770869454e+00
2.947367259668969730e+00
2.688346112782994179e+00
2.015415523435880374e+00
1.878523305728290183e+00
2.269794267364642515e+00
2.278889951744283326e+00
2.522473987198784240e+00
2.538817446969715341e+00
2.490006896947422721e+00
2.774908915876773019e+00
2.403352647097125150e+00
1.669175539355938875e+00
2.272492241875264440e+00
2.741875865580735372e+00
2.673140113206470048e+00
1.740070240664039591e+00
1.990290725865657695e+00
2.157445684357190530e+00
2.530555039111488380e+00
2.213767568304061850e+00
2.500270705144602701e+00
2.012785931568645381e+00
2.490270007267358032e+00
2.965898481600688363e+00
2.706846231318186469e+00
2.514549085801098816e+00
2.601676820364384746e+00
2.329026820949671617e+00
2.345438514588063406e+00
2.349489315975691994e+00
2.155010691862516481e+00
1.758233163682930700e+00
2.597044755796086513e+00
2.808411136424315835e+00
2.588082131427791754e+00
2.167945553288317395e+00
2.316416816472964602e+00
2.340986592610728945e+00
2.250732075205406524e+00
2.370405600337850416e+00
2.863621711018547344e+00
2.416823735279576724e+00
2.582524164159717195e+00
2.478570151783176634e+00
2.820764446142425719e+00
2.766662468016202858e+00
2.425687529477148718e+00
2.489463536702407609e+00
2.045316693519076967e+00
1.855762525326073442e+00
2.806890204822809487e+00
2.905207394124339260e+00
2.539103653491970203e+00
2.225915389333479322e+00
2.180422170792827963e+00
2.556205861148607816e+00
2.020414763972938399e+00
2.490530476782798708e+00
2.539159318979361313e+00
2.315510216033182189e+00
2.139686604457616603e+00
2.611261920916196910e+00
2.278525197032146732e+00
2.872638275373271544e+00
2.581631821103983704e+00
2.375820986796793655e+00
2.555288395926447631e+00
1.915675752874104187e+00
2.475677682641215682e+00
2.339472838160316037e+00
2.888366323129937463e+00
1.937936682202257455e+00
2.350951823401983276e+00
2.397020347739269752e+00
2.344405603934849314e+00
2.172982510818097790e+00
1.865454281698391004e+00
2.542045121118691853e+00
2.552443774583296410e+00
2.410881868465384326e+00
2.968928986925324143e+00
2.594597085381432855e+00
1.974052880049834258e+00
2.707514697387270797e+00
2.567736424983620758e+00
1.624270143670940580e+00
2.674538950207968835e+00
2.558650034936409412e+00
2.480831416488368468e+00
2.407094026671590115e+00
2.323091734743456538e+00
2.043012399572008864e+00
2.340230636197885516e+00
1.780750302368496518e+00
2.969336891774955411e+00
2.597023348693975553e+00
2.172870977914425517e+00
2.028936314819220321e+00
2.298892108657971001e+00
1.895792318081711780e+00
2.165805429943390870e+00
2.056863753371067638e+00
2.443347112316119230e+00
2.482443227433040356e+00
2.267425961277295343e+00
2.352126057188453245e+00
2.010709848711389025e+00
2.777038976359075928e+00
1.659919313008332731e+00
2.555260830879378275e+00
2.124944238126775353e+00
2.388988430281621334e+00
2.175389856288122203e+00
2.290550859013243734e+00
1.931056901562786976e+00
2.336367448111826395e+00
2.310284116002311539e+00
2.145139978019132698e+00
2.262698254215620430e+00
2.356794594835741385e+00
2.386211107456568392e+00
2.097011431276079030e+00
2.508522741239377130e+00
2.508551886302244682e+00
2.531929235886527962e+00
1.866057814381282487e+00
2.577014926638638403e+00
2.395226434209090094e+00
2.524768033484930285e+00
2.687368116050830480e+00
2.408360137303927839e+00
2.721073701471429462e+00
2.261232591090905242e+00
2.515939698496113763e+00
2.721234400177322765e+00
2.112978367672276647e+00
2.417457429837498228e+00
2.383469034828702426e+00
2.532938718704711434e+00
1.968052752058391697e+00
2.606229386173899876e+00
2.691770925516569157e+00
2.226607636859546879e+00
2.230240872608055369e+00
2.470800172693199404e+00
2.609409936256398943e+00
1.938793616426383259e+00
2.523287152484066542e+00
2.247711169034317003e+00
2.320989604033494302e+00
2.505266092418887425e+00
1.697498947575923234e+00
2.344810278774873247e+00
2.206116832753358903e+00
2.557190385611080252e+00
2.472344090346460188e+00
2.387083646627467637e+00
2.397609584882265388e+00
2.716527023335319591e+00
2.724673518955805562e+00
2.288410347441944381e+00
2.310719161645971020e+00
2.079257754470390296e+00
2.567755370533403525e+00
2.421004555648215817e+00
2.865577540267685297e+00
2.428547267714354252e+00
2.192467175841792404e+00
2.566729923631564159e+00
1.988376766555813857e+00
2.293890699378186682e+00
2.477624862451144327e+00
2.332501780607661335e+00
2.053465650926415975e+00
2.291493739684323128e+00
2.372619453551894075e+00
2.241684204503069822e+00
2.442159069799804794e+00
2.236051800287039981e+00
2.549451027318751617e+00
2.270262989863247149e+00
2.707150718654824928e+00
2.846634465246274726e+00
2.263432050538977780e+00
2.687720730117398649e+00
2.407335130264097955e+00
2.011435127108414100e+00
2.110186747901315663e+00
1.753889785713246052e+00
1.873722080550447755e+00
2.295543834262000260e+00
2.378506979943377342e+00
2.549512040943849200e+00
2.032478240564218552e+00
2.216518434705617935e+00
2.038561858854443187e+00
2.179767504170037284e+00
2.940406037226536817e+00
1.906010115718217435e+00
2.490051143534379730e+00
2.160320642603044128e+00
2.843656462728587186e+00
1.633062428996206572e+00
2.450137597919251675e+00
2.416378840863743882e+00
2.692550186693012382e+00
1.810978804472697767e+00
2.365001277292686055e+00
2.594468713848532282e+00
2.355772865930168436e+00
2.008273852319866215e+00
2.651387757415081481e+00
2.529584776733259321e+00
2.366941476106326991e+00
1.692169481524348429e+00
2.353911490408390872e+00
2.355212255135397559e+00
2.715314156272527146e+00
2.638359375801733187e+00
2.769562733624781892e+00
2.938592738381357705e+00
1.928019479183886942e+00
2.155120456703155885e+00
2.675778128324564520e+00
2.169724020309121038e+00
2.422762112285234082e+00
2.572470233793003658e+00
2.312457571685715862e+00
2.539674566576333614e+00
2.555995809494501891e+00
2.646269303176357113e+00
2.098394410674107924e+00
2.520086656801420855e+00
2.559017321983905191e+00
1.889684399325557429e+00
2.680703916301184542e+00
2.575579453420600906e+00
2.641702573612273230e+00
2.621407703703341419e+00
2.391261419305771518e+00
2.438675196252286348e+00
2.769535712326561594e+00
1.731257887846740839e+00
2.543698748935437237e+00
2.221651255830970229e+00
2.402839918570731648e+00
2.043844610305846743e+00
2.365056878989730382e+00
1.865599122966338008e+00
2.149732305135374499e+00
2.347500347449622105e+00
2.774494637237884032e+00
2.630011045881331277e+00
2.058851422247012675e+00
2.232162960213330383e+00
2.738288761813185257e+00
1.999505376194626427e+00
2.025057491464663073e+00
2.850181308597584007e+00
2.753316453584874424e+00
2.476967264420157910e+00
2.395921383690987838e+00
2.107394589251884831e+00
2.153788821064352543e+00
2.440216751037563192e+00
2.561330724043187512e+00
2.422967584724987855e+00
2.313815506128117150e+00
2.482696593171276778e+00
1.782891742576939720e+00
2.023718250247350969e+00
2.474205315520075832e+00
2.640387185458174191e+00
2.475796416072988393e+00
2.623496879284051175e+00
2.474479385641206619e+00
2.768702959937493713e+00
2.230313238794197517e+00
2.177072219217158988e+00
2.289294035260090787e+00
2.290582734329223769e+00
2.104371123835311330e+00
2.162003558156559535e+00
2.717662794955069128e+00
2.613492592330707964e+00
2.354697512412581073e+00
1.962151489169352336e+00
2.513975057399300272e+00
2.424824940655676997e+00
2.251855932992935738e+00
2.492608967809819109e+00
2.061234451075280472e+00
2.576782042645409554e+00
2.805025089449397768e+00
2.002003477740084136e+00
2.085966617452704508e+00
2.258178200917164258e+00
2.269762748900552296e+00
2.068528843602843281e+00
1.925602417848481407e+00
1.912651369471774609e+00
2.564777511304710877e+00
2.588983028387473517e+00
2.658920375047341356e+00
2.489365373272474535e+00
1.820694812623480763e+00
3.093722534699477666e+00
1.935444610110575336e+00
2.685449773218143044e+00
2.153950938026338413e+00
2.748997717911903393e+00
2.255080772949804135e+00
1.980893735196167960e+00
2.649851571670998052e+00
2.599264901198098165e+00
2.213602721028935072e+00
2.848217407806683532e+00
1.859484517586373453e+00
2.330299873006264288e+00
2.410942295841496552e+00
1.673810844843404144e+00
2.457261701002496856e+00
2.519688807752856530e+00
2.248402229004123676e+00
2.755751889452640491e+00
1.807381303915085224e+00
2.449024531981264907e+00
2.683209395835290056e+00
2.386390556880081171e+00
2.270198947278517565e+00
2.210066985914880711e+00
2.606806836504897973e+00
2.369003720566627447e+00
2.253156761676587294e+00
2.426903711019470666e+00
2.012369668423843905e+00
2.646143658838873591e+00
2.315868781494217377e+00
1.929616720799865792e+00
2.036137424425521036e+00
2.574508073848196688e+00
2.198128396796158235e+00
2.008308857977177730e+00
2.249153040991780372e+00
2.761545604429011203e+00
2.132650811882561559e+00
2.474618103313412476e+00
2.699570293271620347e+00
2.426445821908283396e+00
1.892221218653736603e+00
2.700742656320641366e+00
2.145536935643134413e+00
2.880968528574486598e+00
1.825352209067715448e+00
2.189650111743877137e+00
2.474667481902697030e+00
2.530029884394962458e+00
2.407525630020777019e+00
2.140993790853724210e+00
2.138322273399761109e+00
2.315727604681590446e+00
2.637238021648882214e+00
2.674927160925305358e+00
2.896983781162960625e+00
1.952935311544109709e+00
2.426566598038096600e+00
2.428878421089136097e+00
2.670544972270608497e+00
1.855580273255758694e+00
2.658618164985762089e+00
2.311666404809124220e+00
2.524264689325229405e+00
1.873751376536253455e+00
2.752273863399339326e+00
2.213665459190088391e+00
1.794961994864294530e+00
2.383732542149795908e+00
2.202683799178522861e+00
2.446363762295188149e+00
2.685362017237680199e+00
1.758928097851903516e+00
2.191207589670759237e+00
2.485156576737517220e+00
2.415399885472353958e+00
2.730026849585621029e+00
2.384539038194500193e+00
2.359991440815711883e+00
2.581384642705922161e+00
2.184850894994420756e+00
2.484814313407652353e+00
1.635837494950772797e+00
2.179390318740644705e+00
2.482316413573478098e+00
1.923168519446984082e+00
1.914595460001714100e+00
2.476052098858126715e+00
2.327001557654054587e+00
2.408641761504350498e+00
1.988326430165926473e+00
2.383064319620125993e+00
2.082391313217571316e+00
1.997647543793180214e+00
2.039030281605199946e+00
2.510765957410778348e+00
2.598193890706383957e+00
2.535325449642221507e+00
2.730419530269165396e+00
1.977253010900897445e+00
2.625836548738455178e+00
2.307466755536319525e+00
2.259990034547102233e+00
2.110816934402616418e+00
2.287111813096361690e+00
2.315245182942590851e+00
2.536937406838581044e+00
2.229437012045320188e+00
2.494746999968738610e+00
1.878833087594567353e+00
2.304413685470893203e+00
1.932358058494848541e+00
2.287521853961729246e+00
2.231446977391081887e+00
2.368157362508768848e+00
2.714619043695716272e+00
2.687903365052853211e+00
2.184103028667664148e+00
2.431483422941170591e+00
2.003935717076132939e+00
1.963590050173138479e+00
1.830161204600002867e+00
2.331182004102248406e+00
1.945251545237378865e+00
2.085720359222930753e+00
2.706851947763440513e+00
1.972024170904881357e+00
2.151856200752170878e+00
2.804814119886500645e+00
2.575446283029003247e+00
2.690673813273372517e+00
2.064499804853028309e+00
2.799098840711864877e+00
2.906842181791590818e+00
1.950174978962057049e+00
2.661261946394047673e+00
2.437897120985684118e+00
2.165230689481205228e+00
2.401325373993250523e+00
2.614047187050881682e+00
2.650889443195985962e+00
2.511880110249869791e+00
2.661452961620268010e+00
2.787724245871881834e+00
2.035019122505545397e+00
2.712952986791969057e+00
2.430379735374640138e+00
1.641345437250661066e+00
2.136623128065102684e+00
2.710014938519380578e+00
2.529105739699014865e+00
2.425209937938386240e+00
2.305090908619243262e+00
2.477596300490140457e+00
2.051646235026970189e+00
2.569681061959393720e+00
2.356308752378510896e+00
2.000971125963481256e+00
2.592577417183719923e+00
2.566740807078427888e+00
2.491883679568155596e+00
2.611703151351045804e+00
2.035677809850372277e+00
2.987991095417423804e+00
2.388925033941662335e+00
2.273861614264072628e+00
2.428901990456830973e+00
2.700762293961880278e+00
2.368520273226270678e+00
2.458423189035295664e+00
1.882308669837124526e+00
1.922613171265256771e+00
1.678375901280688254e+00
2.348665555332165589e+00
2.642861889269129794e+00
2.463112755879126148e+00
2.180253813846343203e+00
2.335392087635040248e+00
2.065257534259918870e+00
2.194314106846734003e+00
2.208929533887214802e+00
2.436171049290155821e+00
2.471414397549494435e+00
2.595278814552463675e+00
2.671556414920191358e+00
1.785010240722914920e+00
2.251341964388131167e+00
2.021988686458004558e+00
2.381640747105953970e+00
2.559781472446789330e+00
2.543815679351636216e+00
2.203966983784177547e+00
2.646630219339637158e+00
2.556815489946488107e+00
2.501406848036028308e+00
3.000204152233228783e+00
2.779054522530186588e+00
2.745410580570666781e+00
2.792140184766444211e+00
2.802121278342443844e+00
2.784947243367384306e+00
2.238379830072494414e+00
2.210204118552822727e+00
2.360112879344188119e+00
2.370692014443197770e+00
2.581115399711616742e+00
2.745271757542105284e+00
2.233451844880541159e+00
2.346294059008709354e+00
2.192222610539474204e+00
1.978929878201428627e+00
2.409580184324904284e+00
2.105010479138670121e+00
2.068644306857042370e+00
2.013015627525263085e+00
2.822039472497381407e+00
2.370997273154141549e+00
2.183556924755916562e+00
2.654510238049771598e+00
1.934565328435739584e+00
2.521976149570202885e+00
2.171297863184055821e+00
2.203919016076057780e+00
2.850275618220525775e+00
2.128080251771587772e+00
2.244810452659089073e+00
2.166914176540443382e+00
2.453370623736480738e+00
2.407456482806091369e+00
1.867822589478897566e+00
2.696094356297719763e+00
2.380511441799586958e+00
2.075341259038790298e+00
2.420643086212299622e+00
2.329730445315081777e+00
2.508002896342489407e+00
2.592675335826549965e+00
2.905772872977204990e+00
2.951509478686639376e+00
2.492045405618015685e+00
2.714177224953182144e+00
2.903264672447742001e+00
2.484773124342829043e+00
2.205251052278103252e+00
2.397068200598544863e+00
2.161168361401736959e+00
2.219175147873600373e+00
2.465513612693048806e+00
2.282084523988905378e+00
1.983920641801653062e+00
2.462492447142004437e+00
2.755422285826306883e+00
2.281811120663650438e+00
2.549874507579384719e+00
2.240868804117174040e+00
2.436352637485768025e+00
2.604036777261111268e+00
2.317724307464845257e+00
2.699546797494553729e+00
2.600926787784481498e+00
1.969944827469833681e+00
2.217660330086161036e+00
2.568446655403086254e+00
2.066571486002469094e+00
2.668664174779781018e+00
2.279315553136056938e+00
2.624230520409055689e+00
2.375180443523667417e+00
2.934538734332349907e+00
2.383729084673041676e+00
2.915408608358787568e+00
2.407234384175938491e+00
2.806158535853092939e+00
2.259921544899240686e+00
2.890312428573038606e+00
2.147378689457047685e+00
2.548430226212882399e+00
2.526955652136548380e+00
2.085466403982947803e+00
2.707405033244646209e+00
2.625812027149373229e+00
2.066196467114862934e+00
2.323184755666809043e+00
2.200894852567277127e+00
2.718431108906675941e+00
2.284823961768646328e+00
2.327401123909616842e+00
1.948622861604326406e+00
1.972159180205292239e+00
2.372531601459046513e+00
2.245689603729120520e+00
2.353131648204453530e+00
1.935910591464462982e+00
2.002142685968281377e+00
2.180999679030056981e+00
2.068321092795228466e+00
2.558450336334362696e+00
2.499540547755040976e+00
2.565051327624981337e+00
2.355549373218960962e+00
2.038439193235277891e+00
2.797558905066557244e+00
2.493900605827259920e+00
2.268834766107414858e+00
2.389067279838769764e+00
2.270630858410096486e+00
2.789846381716259316e+00
2.263457543101417890e+00
2.136067253647218056e+00
2.325890436422653806e+00
2.087012928213559881e+00
2.468309171231746202e+00
2.088458600637574492e+00
1.908629480742423778e+00
2.590149550167568648e+00
2.447698615027440017e+00
2.207882923131838648e+00
2.813244244407544503e+00
2.150136083483303207e+00
2.885368834977840358e+00
2.452126275913066422e+00
1.806751236995452592e+00
2.288734126049035034e+00
2.363785433771164790e+00
2.424661104729093797e+00
2.244015471497108116e+00
2.693037553454426636e+00
2.518956448042091623e+00
2.067883237805206775e+00
2.441129036916615647e+00
2.635031999322137608e+00
2.671834534546257078e+00
2.942580897179300603e+00
2.292968699611170891e+00
2.112122246409046333e+00
2.332375104074182470e+00
2.035737751841015353e+00
1.837238118672325671e+00
2.532635262161726963e+00
2.459843731981774084e+00
2.497325298791144732e+00
2.051922963374984477e+00
2.824928279050237911e+00
2.213082659847834144e+00
2.647764374405686461e+00
1.821007553495005649e+00
2.665411815239207005e+00
2.131800054958415291e+00
2.741144020295428696e+00
2.029214079339906718e+00
2.103268445888490934e+00
1.696162528798908387e+00
2.189760570852386401e+00
2.771495603847511369e+00
1.908160605614255489e+00
2.113337724401671558e+00
2.703332308921689631e+00
2.549431897091698040e+00
2.182657487844119615e+00
2.019425732040917687e+00
2.774641391416570180e+00
2.713831810768124964e+00
2.398872411351733014e+00
2.062155070179871430e+00
2.446613542518749185e+00
3.019833363213201061e+00
2.163501552693214869e+00
1.824506584303227763e+00
1.986620644678717573e+00
2.191568048213269115e+00
2.034594494023657774e+00
2.767305591725771841e+00
2.400957819207811372e+00
2.008487796693761318e+00
2.848477382053676621e+00
2.486349778129852695e+00
2.687094532384289192e+00
1.825255512016018766e+00
2.466998785051255361e+00
2.235636245090466545e+00
1.647045884121468573e+00
2.159112239110057896e+00
2.215451838415803731e+00
1.906502801864811136e+00
2.368643298305872058e+00
1.985403426131089111e+00
2.498622318171558998e+00
2.135040761505096363e+00
2.622542595140053834e+00
2.328767813665284514e+00
2.302915112146043164e+00
2.332453855911190033e+00
2.196970639154881333e+00
2.075008858156006220e+00
2.076773063481725856e+00
2.459400634481148984e+00
2.594031664525733305e+00
2.646007531124812129e+00
2.699876797006406814e+00
2.381730127112730244e+00
2.213581741772012723e+00
2.302232565416896914e+00
2.567211142925879042e+00
2.316523676099826456e+00
2.852146855807771164e+00
2.660935279959911526e+00
2.633175040058898464e+00
2.381040482314015438e+00
2.650203028085845958e+00
2.430310698606100495e+00
3.047259752032419389e+00
2.307792566880933816e+00
2.496124492537038719e+00
2.504002111894317650e+00
2.370970870073411341e+00
2.606489613112964676e+00
2.266708784617578853e+00
2.425636900640208982e+00
2.309350097438911398e+00
2.603216988770972851e+00
2.405366578484231965e+00
1.741872550262735242e+00
2.495623951377811345e+00
2.592630134172779321e+00
2.646460662030513777e+00
1.927377790069759955e+00
2.567058191973119907e+00
2.326630105688000771e+00
2.139491574566744880e+00
2.726565093700850539e+00
2.406510016641010274e+00
2.497355783358505388e+00
2.451470060613601731e+00
2.515388422523795686e+00
1.773350354141703722e+00
2.531367518216348866e+00
2.705766183069918007e+00
2.271142564550048704e+00
2.161229509885629341e+00
1.953132178071012914e+00
2.436216304646475983e+00
2.586292031029655547e+00
2.616395042872131427e+00
2.587068251885670023e+00
2.447887719544442398e+00
2.705463050082348886e+00
2.519343818228207077e+00
1.856317715819908676e+00
2.246164656232189749e+00
2.066623523767488813e+00
2.419348276278217913e+00
2.617228068830012244e+00
2.564614202741977600e+00
2.429133715300618501e+00
2.245261371477676349e+00
1.673622586500153275e+00
2.469524948179376622e+00
2.630840611089181102e+00
2.683359645965431639e+00
2.865033614715398969e+00
2.375570448960899750e+00
2.710854828232955427e+00
2.765913332401324976e+00
2.279705414425993837e+00
2.757171813854846221e+00
2.620855848252143794e+00
1.768350402911337937e+00
2.535752605447036956e+00
2.599606710849600155e+00
2.231276405167995414e+00
2.454385233049487525e+00
2.521258363327913088e+00
2.083159967447708372e+00
2.374694569524700150e+00
2.501703759453667963e+00
2.460131838554184380e+00
1.970125615180951417e+00
2.686917424467060833e+00
2.586748315761027150e+00
2.910065053662206136e+00
2.568978114948603064e+00
2.389005094550130881e+00
2.716265888844340726e+00
2.073521201157400906e+00
2.762475525895581097e+00
1.816324168501282088e+00
2.342568799902688514e+00
2.033694122537981208e+00
2.877583553748639833e+00
2.310578264815558391e+00
2.503049187545347998e+00
2.250654598896407510e+00
2.720183714746689851e+00
2.279992638871126243e+00
2.536598144445044944e+00
2.022066636457204858e+00
2.312298615916660083e+00
1.974810133779257848e+00
2.246377719597573819e+00
2.572041777595005740e+00
2.115637644823202379e+00
2.630469577558541161e+00
2.536533280610135055e+00
1.974914406314813853e+00
2.495324012120494928e+00
2.289680951596481773e+00
2.340159884412826408e+00
2.761654709913194949e+00
2.068345886326950378e+00
2.064788061865412416e+00
2.376179400995154012e+00
2.534480299609227494e+00
2.288846249987435133e+00
2.698427739013677940e+00
2.143199979978591685e+00
2.540852858893553723e+00
2.380423685783349619e+00
2.680526957369228302e+00
2.652387591456437654e+00
2.702515009063933160e+00
2.545190740125366169e+00
2.440168860834888154e+00
2.245271211548976797e+00
2.682728664017577813e+00
1.992816345862334915e+00
2.683161678459752064e+00
2.453811669626892122e+00
2.880942699610720137e+00
2.766685536854363470e+00
2.216111445479014286e+00
1.808728344969677160e+00
2.692185405029353884e+00
2.733506158486917581e+00
1.902398323702687577e+00
2.166601046493074278e+00
2.683576930903571522e+00
2.279219893483439563e+00
1.911747668274598189e+00
2.313846510254395916e+00
2.482143069055985585e+00
2.256643136258627003e+00
1.802352964007743141e+00
1.897692521783888475e+00
2.282557542296398623e+00
1.822118947669566280e+00
2.785503265518031846e+00
1.928748095501753079e+00
2.312091973841603476e+00
2.242481206694214357e+00
2.445263023344369735e+00
2.415992839690076721e+00
2.638232094435511321e+00
2.467905198283358637e+00
2.110388305730146463e+00
1.947590806886173809e+00
2.645171356628440495e+00
2.521969764963285510e+00
2.259867698849076678e+00
2.123423732349639437e+00
2.070606854096553651e+00
2.348740160980065550e+00
2.428694068789151839e+00
1.979693350986758471e+00
2.063436690428741116e+00
1.931841309043419441e+00
2.578087784978335684e+00
2.211128933303488697e+00
2.506651451365966121e+00
2.541688852771691653e+00
2.107949785286209909e+00
1.851141713388899435e+00
2.564216295877776997e+00
2.443564779012651123e+00
2.538389963026984830e+00
2.497624429567366633e+00
2.381205002412952076e+00
2.139880127235404217e+00
2.687213298711202736e+00
2.280972423984882536e+00
2.707273671014427840e+00
2.703998242019232112e+00
2.748738245333281149e+00
2.521450975288995977e+00
2.717129604977703394e+00
2.895895594312879240e+00
2.360639985886082037e+00
2.402522035629722996e+00
2.621593199680833486e+00
2.379174747900644427e+00
2.575549254209341221e+00
2.353722949952496535e+00
2.519317306905580089e+00
2.186170968329206765e+00
2.485835218840077410e+00
2.633861934556917195e+00
2.671777152600444349e+00
2.757331282778558545e+00
2.148120876021731185e+00
2.540946132730453222e+00
2.368137163739136852e+00
2.206405828273125813e+00
2.985672698822878335e+00
2.539793888432611446e+00
2.575112374986970654e+00
2.542369729677442347e+00
2.336459530841547227e+00
2.489984559186054991e+00
2.053531463840720939e+00
2.137499806859876728e+00
2.486242055668062889e+00
2.214142041778305980e+00
2.542694619301714809e+00
2.842486399170887079e+00
2.053219700173223750e+00
2.590080740393567282e+00
2.433209881616972936e+00
2.189497453201308286e+00
1.878881122528207381e+00
2.044310272248306415e+00
2.143584272985149308e+00
2.481211416488849242e+00
2.397140326345468253e+00
2.544918908352921783e+00
2.271302555296626391e+00
2.108268165863837584e+00
2.164187439004170876e+00
2.144509917503266916e+00
2.380611168633115060e+00
2.204921862803692179e+00
2.417688119059482332e+00
1.925924505421294786e+00
2.432623622527446461e+00
2.619010113272891793e+00
2.681185676047026067e+00
2.705286258600051674e+00
1.753930277229830414e+00
2.125638241744652213e+00
1.984940562583874746e+00
2.698377274925097158e+00
2.219300827476297755e+00
2.229823043773493829e+00
2.438208088645161808e+00
2.742800923424878690e+00
2.086596531969421520e+00
2.463245139919794990e+00
2.472468319552262983e+00
2.232994866160777914e+00
2.443223508396972665e+00
2.131305448738592290e+00
2.710798809494026518e+00
2.543850995719050267e+00
2.045466831001846231e+00
2.804631273571954075e+00
2.517959775672530931e+00
2.270863882802096612e+00
2.131758874205816223e+00
2.850906908314724930e+00
1.690618661676535517e+00
2.130359408132691978e+00
2.142351639599505031e+00
2.408729075955789778e+00
2.088736999575114606e+00
2.238231859797565892e+00
2.637314231438510959e+00
2.618817883613840714e+00
2.638188600265433337e+00
1.970766679770888929e+00
1.855640709413287626e+00
2.486498249994380849e+00
2.355993543397816747e+00
2.679668793379666347e+00
2.055446230338256797e+00
2.505742259348513912e+00
2.168679447534516580e+00
1.859500992618329684e+00
1.773003189061972851e+00
2.166298612400708645e+00
2.392076439194749327e+00
2.194051178305241656e+00
2.513147119702722421e+00
2.925674940875784724e+00
1.791783793192570418e+00
1.950052645904764015e+00
2.203737700212549555e+00
2.224656126599893202e+00
2.707118493833012618e+00
2.397595203611259773e+00
2.252708471216704922e+00
2.240917024432662163e+00
2.301403938992126363e+00
2.351236550553815974e+00
2.359311573758612557e+00
2.154235514757870007e+00
2.515186228434513893e+00
2.295159783261865538e+00
2.146156591746642306e+00
2.217679329341427419e+00
1.713531453758674550e+00
2.259453867646843861e+00
2.466849768963048639e+00
2.592791644624164782e+00
2.725600265061329353e+00
2.458812427192292205e+00
2.371676175826943123e+00
2.566314176619760357e+00
2.275041391625406195e+00
1.623876155328395576e+00
2.593378706752512919e+00
2.533667378126399417e+00
2.700186374040927983e+00
2.545471097367464353e+00
2.411695764316546420e+00
2.162544979402529322e+00
2.169261558472760587e+00
2.686781827654616706e+00
2.269657742146396373e+00
2.260608640030601357e+00
2.477363941738001341e+00
1.921300459412797368e+00
2.463632594343874160e+00
1.707704189138074202e+00
2.241108662973413157e+00
2.202077608800041109e+00
1.943526350060281960e+00
1.722862870614212394e+00
2.241122960084013904e+00
2.430070121007242623e+00
2.459972498901466853e+00
2.240365918658377531e+00
2.693522626616825288e+00
1.852239379533467956e+00
2.162070318091687593e+00
2.707818851623879475e+00
2.801415311582433176e+00
2.840529448890527942e+00
2.349556300620835536e+00
2.063184660572139784e+00
2.248587361319197786e+00
2.452047514383202120e+00
2.100071212892907990e+00
2.218545793060161309e+00
2.498870114334628578e+00
2.348574841396606772e+00
2.415911263261499187e+00
2.336226063922261176e+00
2.236474473403386121e+00
2.390309327354857682e+00
2.172980653303759446e+00
2.432680802487083405e+00
2.474495431628632947e+00
2.368200371220785083e+00
2.220562000461599350e+00
2.280804270044185511e+00
2.566574260559748577e+00
2.635167310084636672e+00
2.671090655406426873e+00
2.029251871297355070e+00
2.316545320504772576e+00
2.757037956511163568e+00
2.813665098279470200e+00
1.875147986549105639e+00
2.377104073336281598e+00
2.852705453494639443e+00
2.229845148034244495e+00
2.218965911334473962e+00
2.169855013450931569e+00
2.937386302584787501e+00
2.268483184555501797e+00
2.323847046866141852e+00
1.891293938539444053e+00
1.754838116425133876e+00
2.712828230663300033e+00
2.519918557218691735e+00
2.364857890594324275e+00
2.560219078957142624e+00
2.707981472293691461e+00
2.189641170985098029e+00
2.163162848528925153e+00
2.648485326396859740e+00
2.546368003276990422e+00
2.393092604535799417e+00
2.690953743129510300e+00
2.819769827128586925e+00
2.437672954124671776e+00
2.381411248039667417e+00
2.515545411697190037e+00
2.683125616033569472e+00
2.286986737274667281e+00
2.345288855943303830e+00
2.598574816764021023e+00
2.496239136721257523e+00
2.277377435879976986e+00
2.121949826131753980e+00
1.929315413570414028e+00
2.897545578382866527e+00
2.345627884521390705e+00
2.437004197063865618e+00
2.068250400527007926e+00
2.322743377624366001e+00
1.994705329985925424e+00
2.283727228599571113e+00
2.282456297211520102e+00
2.171590153663323974e+00
2.138809848592916119e+00
1.863215706514648851e+00
2.452920087746849553e+00
1.971606182413448538e+00
1.964918272821289502e+00
2.455179880651243263e+00
2.511127574320982436e+00
2.626155435491396073e+00
2.390101379838988294e+00
2.017499187578152942e+00
2.075827805520024327e+00
1.896488984000193057e+00
2.383672148430057813e+00
2.894488251211958296e+00
2.179843942271810331e+00
1.941172221706898071e+00
2.283442025570777467e+00
2.426334408985506563e+00
2.552566501053009418e+00
2.456053514850279118e+00
2.530376023723769574e+00
2.131599255581452468e+00
2.671423537541824711e+00
2.496200505608319631e+00
2.258801659203353296e+00
2.161977873744612921e+00
2.423239611426254658e+00
2.621820598063123064e+00
2.904399014746291030e+00
2.594188064053539744e+00
2.555366810827694124e+00
2.853645160689675109e+00
2.648724727496993836e+00
2.770723041462613612e+00
2.532518212241374300e+00
2.597649516714516160e+00
2.562841712880275846e+00
2.129326695096164901e+00
2.040252962900351186e+00
2.223425317638377141e+00
2.227834177415930483e+00
2.404116743421440994e+00
2.342003149222305236e+00
1.860023017518712241e+00
1.961719488286653323e+00
2.126607199053742292e+00
1.805009201001830155e+00
2.400054796711836858e+00
2.044085921554824381e+00
2.308529777399425331e+00
2.347873687983104141e+00
2.675162176631224575e+00
2.586955517260231652e+00
2.032873152098773506e+00
2.372463287856156455e+00
2.632029658771237290e+00
2.997385029772000831e+00
2.422033110562627378e+00
2.006707379956551129e+00
1.736022669638191518e+00
2.350803510952957698e+00
2.404765491891479812e+00
2.265818723342222452e+00
2.489298742593792468e+00
2.341069069511302558e+00
2.315945766322820454e+00
2.591569484187472572e+00
2.896897068737872338e+00
2.600430179686278542e+00
2.363461153496338341e+00
2.609737174290060580e+00
2.340448765832531475e+00
2.483637475752180634e+00
2.890261934917770059e+00
2.755435873280591252e+00
2.306371507769436224e+00
2.857136197866604554e+00
2.169571994573369800e+00
2.262254906389072673e+00
2.373871671504588221e+00
2.094896498267568852e+00
2.430029808061517915e+00
2.171145402505836763e+00
2.299847338779601902e+00
2.677223540397041468e+00
2.469138706497981950e+00
1.897130367894348302e+00
2.414001184726145777e+00
1.672179128073911336e+00
2.815036872484841801e+00
2.054179006941280861e+00
2.794414611567844986e+00
1.978997509955501277e+00
2.077384013110268768e+00
2.219801174354714135e+00
2.579187455521988248e+00
2.543531004116211136e+00
2.885032757472880238e+00
2.832500561130460337e+00
2.511981061559128925e+00
2.787802320793723254e+00
2.721280120923195156e+00
2.012934437660703679e+00
2.227150161691596075e+00
2.316798818826397710e+00
2.242908341689809237e+00
2.011174820303736510e+00
2.949528694357319125e+00
2.211966185018000353e+00
1.831116756771245635e+00
2.538288629834636989e+00
2.271366178893591048e+00
2.358138963586230652e+00
2.345279560382336648e+00
2.305587069853693993e+00
2.750597935789687920e+00
1.922222479671800599e+00
2.244888615711362334e+00
2.418603104914038848e+00
2.371981588421286702e+00
2.149259547979658347e+00
2.425900987281647048e+00
2.540353456228365836e+00
2.549528114094909093e+00
2.543796982233509141e+00
1.741373638377941901e+00
2.147538658589561056e+00
2.679390479539756953e+00
2.049029626766937451e+00
2.412434117752515927e+00
2.160149143322103615e+00
2.564559244224406953e+00
2.627879387513218923e+00
2.219108006450633219e+00
2.251045656410210150e+00
2.791263809440623689e+00
2.613552338968286204e+00
2.019426874964547203e+00
2.061341027155885186e+00
2.345897252790581256e+00
2.489083514049294177e+00
2.517222173600508484e+00
2.394043127442184726e+00
2.643512081520873025e+00
2.139738023742893347e+00
2.257324099510340965e+00
2.561601363267135945e+00
2.200887907711570168e+00
2.335571143138845951e+00
2.058871687280134921e+00
2.344120878560537413e+00
2.394350797846447332e+00
2.247186169924252575e+00
2.029044940960524901e+00
2.638868714198033594e+00
2.250667011972891984e+00
2.696103191485538009e+00
2.851087426367766575e+00
2.219378289461964915e+00
2.197038713767971885e+00
2.532698494127182620e+00
2.101538919045723652e+00
2.543075169152566151e+00
2.485805903492881441e+00
2.032755338510186860e+00
2.125702518859782231e+00
2.871695931076033936e+00
2.353753191872347550e+00
2.061512615060562048e+00
2.472906168899266177e+00
1.742416233277820359e+00
2.459628285557828420e+00
2.098190308501630241e+00
1.976118594721969046e+00
2.652746367837496511e+00
2.253770890973364693e+00
2.512926472669479772e+00
1.970865672444409800e+00
2.614108152322882184e+00
2.310799777249151532e+00
2.360540745993671585e+00
2.069753490507779681e+00
2.372361939407769960e+00
2.023053501855637037e+00
2.222828497393281033e+00
2.396546713113132387e+00
2.601122814775081782e+00
1.991200684635079599e+00
2.328320853442314764e+00
1.787018215279436495e+00
1.986526828704343162e+00
2.302927043265999174e+00
2.605904703167290393e+00
1.689544586025770956e+00
2.738727875546709711e+00
2.766301777436748655e+00
2.428048386727442942e+00
2.740564675121979210e+00
2.245492973099436185e+00
2.464901217854407633e+00
2.423071600194398378e+00
2.469490789142449572e+00
2.250416545703795457e+00
2.021957530251294433e+00
2.395202383982854233e+00
2.299386797605946331e+00
1.932611484658279144e+00
2.023279429648890293e+00
2.007733017784257612e+00
2.045680142655259104e+00
2.161864603129303397e+00
2.287393908796901520e+00
2.256484559759633690e+00
2.579901527350950907e+00
2.714581350305175000e+00
2.223216777482530215e+00
2.956322438066418368e+00
2.222326751940082890e+00
2.406703514471038474e+00
2.731250481126040519e+00
1.720680912369372928e+00
2.322576832537784686e+00
2.580792143482790291e+00
2.091511904912192854e+00
3.050641419407438271e+00
2.088867681288996359e+00
2.487539038461501484e+00
2.161051550979639746e+00
2.340939814364879190e+00
1.762343224454284929e+00
2.258658520911355883e+00
2.131125612400049718e+00
1.973711106462227249e+00
2.785997375679857946e+00
2.725271209773147518e+00
2.428248962177811165e+00
2.380836339046120909e+00
2.319106806628193240e+00
2.903860047030876856e+00
2.568291616280585998e+00
1.928924352379598917e+00
2.018780290390912668e+00
2.467847473021056892e+00
2.979059343358375411e+00
2.711789333672840030e+00
1.885717012812822890e+00
1.921315217653893681e+00
2.503694342673041362e+00
2.578246231793265952e+00
2.393267520556614514e+00
1.828836885284743197e+00
2.232233524767925914e+00
2.321197766264044837e+00
2.423928882678215047e+00
2.416494976486089463e+00
2.906272993476894939e+00
2.484723170203803289e+00
2.356604483634923586e+00
2.792042595284978557e+00
2.330098079278984713e+00
2.396366534995063802e+00
2.262808997236236408e+00
2.686669863243068779e+00
2.800907527081415882e+00
2.256911134548973852e+00
2.506644321290786959e+00
2.915781292579984640e+00
2.688188555257491341e+00
2.273328088201445940e+00
2.569561057399937898e+00
2.406612283493794635e+00
2.467705852161974800e+00
2.595529355588604759e+00
1.960876830985344821e+00
2.793553962900499954e+00
2.039162866175924016e+00
2.242067197857903871e+00
2.575213844237079996e+00
2.488836301141343021e+00
2.177653382170518626e+00
2.586382047656779815e+00
1.968114904628896822e+00
2.561443838876312995e+00
2.164170400304818109e+00
2.639118381307011152e+00
1.902466501204453264e+00
2.673302252996848427e+00
1.845679294643643109e+00
2.761104142644444259e+00
2.515563416634329030e+00
2.419206291602525649e+00
2.404513657539780080e+00
2.291403362496785334e+00
2.599602213831433861e+00
2.781271787078221092e+00
2.329074752351528055e+00
2.235684289915339296e+00
2.690892275490003094e+00
2.042965407170300729e+00
2.777905440979563600e+00
2.410074991432056279e+00
2.009999752707434695e+00
2.525287121803893253e+00
2.522781118604283890e+00
2.423522563204280722e+00
2.212240566733846059e+00
2.784022611410459369e+00
2.495187709428256628e+00
2.846476386730066643e+00
2.419134002377256731e+00
2.389073838734378175e+00
2.306283628795696483e+00
2.895743989769358873e+00
2.217600651696140623e+00
2.164355093277559927e+00
2.991166964310729703e+00
2.669509646687290072e+00
2.091502814165917989e+00
2.819595643330733203e+00
2.384246683308242964e+00
2.395775580129511972e+00
2.807774850917258203e+00
2.012685036391137494e+00
2.371614751856649050e+00
2.409437743421640299e+00
2.211291070287987104e+00
2.436904800199408250e+00
2.263528016723954650e+00
2.608030741638872829e+00
2.140270812410556722e+00
2.711457139569866559e+00
2.271529799937353378e+00
2.462949761896635170e+00
2.532686102704855280e+00
2.823350788391120414e+00
2.401491112578186371e+00
2.649220389718842661e+00
2.175808990759210193e+00
2.410538623064606867e+00
2.620813073974792129e+00
2.459954829741368698e+00
2.378836020321199562e+00
2.180896399212853165e+00
2.495458886085802686e+00
2.790688448931820886e+00
2.673170751942575585e+00
2.259149759030044002e+00
2.585411875768922840e+00
2.061846972234502751e+00
2.761838686336462345e+00
2.483329992146789067e+00
2.497388231028974559e+00
2.730668826967643348e+00
2.710976378300955947e+00
2.459526688653660642e+00
1.725989510728595633e+00
2.625998571888508160e+00
2.936240388327791884e+00
2.303523634067084380e+00
2.684987789757276033e+00
2.624204834408394582e+00
2.392942805021692987e+00
2.324850283374809479e+00
1.974955595521671103e+00
2.156463759990577600e+00
1.816054320540971379e+00
2.374856765020854521e+00
2.532765420722086880e+00
2.243490047252884256e+00
2.412930077623818725e+00
2.331359219747153322e+00
2.376544765279613891e+00
2.706526272315991744e+00
2.478578409564040630e+00
2.392133956031019082e+00
2.739692789466374290e+00
2.754214029013920317e+00
2.202639515308546958e+00
2.077673571233422223e+00
2.254578829132424911e+00
2.272799604375476790e+00
2.158806614349508379e+00
2.287259500239010368e+00
2.588355829064567182e+00
1.956933540101542635e+00
2.441441357373407062e+00
2.347220931437788760e+00
2.410263901389861907e+00
2.305713994151108892e+00
2.515381965244738893e+00
2.722852287946655014e+00
1.718801098688023776e+00
2.432326070799431417e+00
2.608029366483739064e+00
1.870304153549010806e+00
2.389423201359764715e+00
2.557944328247577559e+00
1.956447443060861824e+00
1.779490474332524164e+00
2.821990141245903860e+00
2.715418304675003558e+00
2.322461404875907132e+00
2.398048627467384897e+00
2.107166182121734010e+00
2.307956647738609313e+00
1.867534077284234373e+00
2.054656371199765186e+00
2.344810862123514195e+00
2.365600753205086004e+00
2.621515148649302240e+00
2.419949405251653030e+00
2.202771246503481883e+00
2.635417633351757161e+00
2.714148556568218851e+00
2.853877103113324321e+00
2.493610966046050148e+00
2.649357198568433880e+00
2.385645921202742770e+00
2.852290358761160327e+00
2.059898153251614072e+00
2.498086385002280529e+00
2.460695116854752840e+00
1.885558403707251918e+00
2.667875409003720222e+00
2.110167143073250262e+00
2.767471230164544327e+00
1.705152340943437039e+00
2.447778130563118992e+00
2.392340910707369872e+00
2.433724020218460460e+00
2.790157153620225206e+00
2.559399003917597781e+00
2.187482485528048137e+00
2.338267314609759673e+00
2.899107491438914330e+00
2.335029554273577279e+00
2.754938590895327444e+00
2.170166590219345881e+00
2.711488255386602209e+00
1.999181150998583067e+00
2.171174812852192382e+00
2.214856985733624661e+00
2.013261437922284181e+00
2.041894586060660544e+00
1.758968740955485721e+00
2.339767948866487757e+00
2.180567691595134416e+00
2.323646583509252128e+00
1.808916880449379372e+00
2.192831421302391171e+00
1.814367477146186181e+00
2.029788102508761405e+00
2.173810039710834197e+00
2.796438906805073898e+00
2.428395327371796864e+00
2.356348901115397076e+00
1.848907559261282918e+00
2.063788038242711398e+00
2.090084061656790837e+00
2.198734914491983439e+00
1.949609107531509178e+00
2.646100515349390392e+00
2.030978903539931046e+00
2.476900790955964382e+00
2.538935221534100339e+00
2.858963698165950085e+00
2.737048939738952580e+00
2.292662736696269299e+00
2.438116318256578374e+00
2.489403745265851953e+00
3.127777712865359216e+00
1.828204957840546374e+00
2.327926383851774972e+00
2.284944071017478429e+00
2.653947883719031786e+00
2.307377572664958798e+00
2.682658948544205391e+00
2.461642826264973216e+00
1.969480559868362235e+00
2.595334885805380409e+00
2.441887956140088356e+00
2.366198289808103983e+00
2.476819930957686822e+00
2.413071622875476940e+00
2.275734906921690559e+00
2.204747896686377828e+00
2.215079559248002816e+00
2.571561555894101847e+00
2.494845550955825608e+00
2.042967325754915464e+00
2.672839981911164120e+00
2.092642641501587519e+00
1.672976148794253382e+00
2.338331811210724087e+00
2.543675677744438701e+00
2.488273205712470570e+00
2.715244679536937156e+00
2.679766310480578451e+00
2.810433964450125277e+00
2.375813201549389131e+00
2.632402293918533864e+00
2.543900862673706964e+00
2.010526024464125427e+00
2.434397278200036485e+00
1.952646171993431601e+00
2.827313141053837686e+00
2.600022514637447379e+00
2.352734717980667689e+00
2.247118359448638802e+00
1.919743537999235583e+00
2.549653407146015738e+00
2.457450713852745050e+00
1.952284483917349878e+00
2.446207720472119540e+00
2.423742712866555404e+00
2.874043169721268942e+00
2.228632679701027186e+00
2.538289965937990722e+00
2.178452527962801089e+00
1.691806126775318830e+00
2.690296068954931563e+00
2.269487166563746605e+00
2.227343910796404369e+00
2.208551138357463639e+00
2.818352023984499688e+00
2.718360372575488348e+00
1.895296195070547363e+00
2.173409521774614106e+00
2.236027481087789148e+00
2.788556103141420994e+00
2.231521742792338614e+00
2.102805273824896126e+00
2.575702661257377013e+00
2.522316892171804881e+00
2.028911021038812379e+00
2.575214968767876478e+00
3.049610426476145886e+00
2.689228111027115009e+00
2.072504357268452502e+00
2.743673566561874999e+00
2.021140628048796017e+00
2.069918727937396952e+00
2.551256946765210198e+00
1.785156006160533382e+00
2.322536402591755422e+00
1.802738383620696494e+00
1.945129406563236740e+00
2.606130428013178069e+00
2.613116061466689288e+00
2.011927118286334082e+00
2.300951355180789193e+00
2.344559896399116550e+00
2.023637482711810431e+00
2.064200228393474390e+00
2.370461384985498299e+00
2.365583823423862420e+00
2.215686511231317990e+00
2.171832678095094060e+00
2.006389066992046111e+00
2.480933088150599986e+00
2.374212443864053057e+00
2.744965888841298884e+00
2.256802958405931481e+00
2.129408419305811151e+00
2.618805696066644373e+00
2.322809120026791962e+00
2.284478091419780199e+00
2.944983403300344360e+00
2.108986328592967752e+00
1.955202816036174740e+00
1.864362543084155055e+00
2.049756227454051505e+00
2.115087638219815602e+00
2.187114462279553528e+00
2.412047566300679513e+00
2.519355892977679368e+00
2.765901913479947183e+00
2.900337851811899181e+00
2.329950913812734559e+00
2.134218546123194393e+00
2.164193171715583119e+00
2.413521434749874572e+00
2.101139832913738736e+00
2.722331909818038298e+00
2.227967386776315895e+00
2.549191612350878433e+00
2.795208456282179732e+00
2.465605358253037949e+00
2.271565484244558952e+00
2.912016721009034192e+00
2.296549572673938222e+00
2.370351316053823876e+00
2.882936445972828388e+00
2.527320270921884049e+00
2.757648347078739626e+00
2.484648929812218743e+00
2.460265277487460267e+00
2.403029870026266224e+00
2.342825919094920550e+00
2.251452878673286584e+00
2.166972052168414820e+00
2.592119601059501122e+00
1.808046894190296960e+00
2.619987378509387010e+00
2.840123672885137562e+00
2.237245130753862998e+00
2.127696818212249319e+00
2.310340661960932351e+00
2.339969407453150296e+00
2.856501643125307410e+00
2.648330157587391653e+00
1.970932887210908868e+00
2.191217728828147138e+00
2.673287469214424839e+00
1.992371471262081029e+00
1.755100450212121244e+00
1.851944378963741977e+00
2.439025838392665513e+00
2.581607065237050858e+00
2.373982466249643153e+00
2.278991723239170319e+00
2.405045720301242973e+00
2.892769349956489933e+00
2.634842384246924851e+00
2.070731061373145554e+00
2.227793207318758739e+00
2.221431293115262218e+00
2.196932832325971141e+00
1.834191936538955847e+00
2.514744977871079534e+00
2.167159684342077952e+00
1.965952694102056864e+00
2.219725941983655915e+00
2.122433144491373103e+00
2.402336375431898929e+00
2.493931621514920760e+00
2.690235043995623077e+00
1.904575324076872134e+00
2.706384745736723829e+00
2.447089545069881744e+00
2.296644614483520641e+00
2.044583279323117342e+00
2.633083276175068654e+00
2.449910856935319181e+00
2.814455575581201519e+00
2.478528655633662758e+00
2.625962985485663204e+00
2.413772284619794650e+00
2.141574953318542640e+00
1.951646979159265660e+00
2.551937106715377102e+00
2.324136066980511117e+00
2.288477331208361498e+00
2.315831907521112232e+00
1.803940370677195704e+00
2.200103367335940696e+00
2.469048644347604515e+00
2.667051449190413592e+00
2.315304713369005896e+00
2.078036530026252660e+00
2.384123392193868707e+00
2.487359910473462499e+00
2.616038200356885834e+00
2.611310273987059283e+00
2.543329783802306565e+00
2.390029229674212274e+00
2.461641447294055318e+00
2.185561163056949141e+00
1.751614360998613895e+00
2.275632858137288217e+00
2.755123251137272522e+00
2.444091781239894789e+00
2.070101493741507426e+00
2.389539248259611171e+00
1.967389952611458881e+00
2.270373851345504956e+00
1.945191963575700900e+00
2.433669337917955922e+00
2.890741617662169638e+00
2.301874324748223621e+00
2.676227972327596571e+00
2.633213852329026938e+00
2.177520503938048080e+00
2.556141112107932933e+00
2.609619429530677159e+00
2.309540665621376831e+00
2.492426980722076912e+00
2.210565845833498688e+00
2.401389594098363833e+00
2.031482505366409619e+00
2.347329572499102124e+00
2.903301013876584680e+00
2.436720669120157723e+00
2.753191471123922707e+00
2.314217577092369638e+00
2.683052886852025587e+00
2.426932335375826089e+00
2.294264259916579451e+00
2.421291811312990205e+00
2.457063373730728806e+00
2.413412323402009285e+00
2.481508615416844865e+00
2.058662860279823370e+00
1.839813933761311526e+00
2.506868514925403524e+00
2.162373495789156941e+00
2.071671145295471028e+00
2.469660733230464089e+00
2.521948075501897257e+00
2.561013786532298386e+00
2.756510855983566266e+00
2.836853045921520877e+00
2.400843765956688358e+00
2.392327221202864340e+00
2.455025348013646802e+00
2.662156218879869307e+00
2.115287009277886376e+00
2.808291386626097008e+00
2.774684138212957230e+00
2.067865979892774320e+00
2.705845378407933932e+00
2.275552395193743305e+00
2.613228223052280974e+00
3.072400515110364605e+00
2.793769748176495149e+00
2.737046821397473906e+00
2.478019717763269902e+00
1.956885442214002291e+00
2.572065541485369700e+00
2.279809897596203783e+00
2.899403309377763804e+00
2.649213937646820227e+00
2.893168061182091577e+00
2.477107611525399822e+00
1.986054928810987441e+00
2.274869076323583705e+00
2.267980167336471897e+00
2.636608304739492592e+00
2.569680212623703941e+00
2.320012244136551605e+00
1.874144457892179760e+00
2.532425498746408099e+00
2.310103277130510335e+00
2.438914135286221807e+00
1.900517009628931664e+00
2.716722748516320785e+00
2.366473423356874939e+00
2.837649813880345206e+00
2.245979365903981062e+00
2.250013159187949974e+00
2.801118236842193188e+00
1.816249364907737807e+00
2.470716724749566495e+00
2.064456737512071705e+00
1.906066373025579352e+00
2.626911172643675130e+00
2.022685302478578251e+00
2.532440048545425260e+00
2.018212940653541843e+00
2.436519577556905070e+00
2.345536534517772775e+00
2.402979887823802230e+00
2.333904556209538406e+00
2.201766634891491492e+00
1.943507041462317897e+00
2.727582306020162051e+00
2.275316881551690429e+00
2.252919396088122639e+00
2.195891705024021423e+00
2.351117252419064663e+00
2.700794277056663084e+00
2.848226907523097928e+00
2.264614310185856016e+00
2.182773577433619216e+00
1.861225959689653875e+00
2.385696408950285452e+00
2.424960304215733498e+00
2.405715512773848985e+00
2.447183441800623527e+00
2.302067264390087686e+00
2.702184973204845519e+00
2.610962555887881287e+00
2.790303899455042647e+00
2.454070032629571241e+00
2.730262847833080819e+00
2.634877446722803107e+00
2.520714017098052206e+00
2.655394396934390500e+00
2.610667015021677084e+00
2.702003286631611711e+00
2.351397570650022750e+00
1.940527364737592242e+00
2.334811408264512167e+00
2.250499390069832462e+00
2.948300477606409231e+00
1.901952139605975090e+00
2.668756980821398006e+00
2.267343925751241329e+00
2.819065055449963886e+00
2.467853082616521476e+00
1.649930773017711738e+00
1.804428315250380388e+00
2.287186820886259575e+00
2.655346836345973127e+00
2.429401975753733733e+00
2.891142063135561102e+00
1.970312498746721541e+00
2.505233926007982781e+00
2.140521300550704886e+00
2.595095951971357007e+00
2.216444319983415401e+00
1.746554068294947637e+00
2.881824045113427157e+00
2.497314688227813662e+00
2.720446775617222812e+00
2.427206035361221481e+00
2.440566245742970874e+00
2.423372253699530798e+00
2.244759538914447017e+00
2.409063878293860927e+00
2.228870259345482552e+00
2.395681154540517444e+00
2.417722710397136154e+00
2.325825753300776011e+00
2.345544463103295563e+00
2.196699363320621767e+00
2.516452785036831230e+00
2.257144120843806334e+00
2.164989734223841999e+00
2.041958137586250110e+00
1.961199982148302379e+00
2.557498050554864122e+00
2.715886355644657968e+00
2.563800415790024712e+00
2.479797340032321440e+00
1.872069439575162697e+00
2.620230750660696994e+00
2.221815414393857768e+00
2.122669759379294696e+00
2.421415868932692561e+00
2.288711540890671969e+00
2.299883443186820919e+00
2.323389726943467792e+00
2.619962964633420377e+00
2.189823745725218096e+00
2.406669920793555573e+00
2.237690925815788212e+00
2.215332242151720088e+00
1.776490326572463641e+00
2.634687512026457235e+00
2.403769444223398111e+00
2.654804312291928703e+00
1.792364227757387019e+00
2.433434673958336347e+00
1.973644319943426151e+00
2.334547843554336310e+00
2.302082282967989446e+00
2.574931966987234588e+00
2.055398613965731425e+00
2.963039480008017534e+00
2.037215656320312540e+00
2.883993967683667670e+00
1.704165880749196393e+00
1.824099909151594145e+00
1.971302092153440544e+00
2.271210546644572226e+00
2.194792843199956156e+00
2.861625790588211871e+00
2.090068990277083039e+00
2.867017051976365583e+00
2.507649371665435112e+00
2.830860104853337056e+00
2.435644510272889196e+00
2.404278443321576919e+00
2.251440602723532081e+00
2.410914706729793799e+00
2.107517437949728567e+00
2.176147535253081688e+00
2.883203015231365463e+00
2.737389929872101391e+00
2.204594656346253512e+00
2.077509805339550208e+00
1.958634474955130544e+00
2.341993981711179451e+00
2.277945083485705791e+00
2.893914872263584570e+00
2.061811318458600439e+00
1.931640289655740972e+00
2.218783032627811735e+00
3.012189554405690917e+00
2.453489345842226665e+00
2.347969624790873233e+00
2.419365846105622442e+00
2.098412418781364863e+00
2.595513735813963052e+00
2.606522956029686977e+00
1.913592002964090266e+00
2.400068711786652820e+00
2.919594046139308396e+00
2.692289784688604470e+00
2.379248424526877237e+00
2.600188607003360630e+00
1.866299658504029679e+00
2.883743638544250754e+00
2.613544978290026410e+00
2.395225756673706741e+00
2.548147367081806447e+00
1.788397304695357182e+00
2.569435421109299789e+00
2.306109713362443081e+00
2.448879528591191512e+00
2.115811092352184453e+00
1.720434899860358469e+00
2.490340963954609244e+00
2.623426181953275371e+00
1.976852029669432742e+00
2.817606516645613013e+00
2.300305169931468274e+00
2.381203891299669806e+00
2.167491845917856708e+00
2.344519287728360268e+00
2.784689433897546529e+00
2.366884777521282235e+00
2.460677570726884866e+00
2.336409586165503871e+00
2.476973181636646260e+00
2.617952729301952441e+00
2.442989988158388748e+00
2.507978344333879228e+00
2.605111126938651545e+00
2.438025905725436093e+00
2.363454509172887796e+00
2.201149533693454341e+00
2.574530442569078481e+00
2.688909660373334454e+00
2.018524638473388588e+00
2.738235377398051007e+00
2.198226868559598923e+00
2.834262494341183825e+00
2.503290483610459916e+00
2.478486437760364147e+00
2.950515361972734230e+00
2.669365405035157401e+00
2.498893639797651556e+00
2.752018842019896105e+00
2.640394441336970210e+00
2.082015692110231520e+00
2.121214203321899028e+00
1.772400312307582215e+00
2.656659623321740327e+00
2.921168203033574606e+00
2.159620738187845390e+00
2.658736647141559661e+00
2.788273493648169676e+00
2.550821557235349424e+00
2.787181401616681153e+00
2.480079363735316456e+00
2.315842737310192412e+00
2.485759909496655151e+00
2.696372266206132462e+00
2.105254977025846408e+00
2.783391671126949518e+00
2.395031781386323111e+00
2.104702031486455738e+00
2.875991885431174566e+00
2.356891721325837352e+00
2.320562853562195382e+00
1.980470017537907079e+00
2.612409765876972934e+00
2.558182376147382087e+00
2.517741033501406100e+00
2.250226343154053676e+00
2.375855401635542208e+00
2.326436717463847614e+00
2.358225301976796917e+00
2.030580527902133170e+00
2.815603551587994247e+00
2.800522031394232503e+00
2.478446093058573219e+00
2.777573133375712100e+00
2.274424363674812266e+00
2.307395827961145063e+00
2.711260717164905021e+00
2.361755218559931979e+00
2.654718929481148848e+00
1.937770374961872877e+00
2.638319790202476423e+00
2.514006583126147110e+00
2.660052337217218010e+00
2.758161322199550902e+00
2.185434343958825298e+00
2.399477124627952485e+00
2.605878103064673379e+00
2.750444439717770528e+00
2.537830143548214679e+00
2.670465204235015211e+00
2.400370149546030785e+00
2.392206834707266694e+00
2.364273142031450003e+00
2.674867057232249046e+00
2.100357086050300026e+00
2.586926849698142128e+00
2.731794633943550377e+00
2.218905662530591627e+00
2.247054870501765222e+00
2.525946687227094145e+00
2.561318971874904094e+00
2.674671655440346907e+00
2.263476886598096982e+00
1.997559022518555327e+00
2.036989971511948383e+00
2.715074119052792945e+00
2.925031880285360764e+00
2.704577735060378352e+00
2.148215196253203008e+00
2.600771846919796904e+00
2.216347264605055045e+00
1.967716245519842033e+00
1.758680405868035868e+00
2.499338752210293002e+00
2.465063145303146186e+00
1.988639402695937974e+00
2.167900416968087995e+00
2.813905391577742332e+00
2.090232050179271717e+00
2.130179637293500683e+00
1.717433799491940416e+00
1.948086863922805723e+00
2.187975428516315546e+00
1.921059789241523985e+00
2.566537240421042476e+00
2.604000258709576077e+00
2.792796674106906352e+00
1.917124128956900098e+00
2.782448874004128214e+00
2.682399511064361253e+00
2.499238756627513158e+00
2.219883856276175127e+00
2.483051181295157228e+00
2.702329996454662098e+00
2.275771743620043530e+00
2.486516727917287728e+00
2.260749796526478228e+00
2.569422913556544064e+00
2.108261990671023156e+00
2.992779878823451423e+00
2.609647476814761724e+00
2.345979382984479944e+00
2.628177167441937190e+00
1.828063738052295273e+00
2.217290699825888556e+00
2.109435281299779419e+00
2.744340409898951894e+00
1.954910164042005905e+00
1.977895971593800040e+00
2.343070001529088842e+00
2.585835523534810498e+00
2.679510900766805648e+00
2.108107035231348902e+00
2.453341698939879745e+00
2.599221538589450375e+00
2.104762846739001603e+00
2.399878804310244362e+00
2.258690102278982259e+00
1.768451574253274927e+00
2.746464246982924351e+00
2.415709128809752304e+00
2.540691745371127741e+00
2.361608057542874839e+00
2.145577190837016701e+00
1.894709134170898368e+00
1.917446234287055962e+00
2.362606613819500989e+00
1.766997953200778015e+00
2.722708163131780434e+00
1.981877043480882783e+00
2.895384767115825930e+00
2.436897635811060336e+00
2.449678971632896829e+00
2.291151434921398611e+00
2.918575629452797582e+00
2.872459750834020387e+00
2.010077274138330594e+00
2.760746995626427225e+00
1.858440451140163763e+00
2.588191913375430531e+00
2.363542771125845654e+00
2.051791209608897049e+00
2.111199191342076453e+00
2.273030034860516579e+00
2.528606417056142863e+00
2.907290296889887049e+00
2.464676208620270259e+00
2.066973895244376802e+00
2.092282040260849740e+00
2.120341010014097805e+00
2.266119129684379896e+00
2.740606949340771870e+00
1.999395608310016614e+00
2.111941260800182185e+00
2.536685019016401199e+00
1.897403254536063510e+00
2.529255759027116746e+00
2.743643687322641078e+00
2.783782229972736832e+00
1.668666913187168976e+00
2.177407683791691806e+00
2.362718547619256704e+00
2.322215981177085276e+00
2.496942125223474473e+00
2.280619589536679648e+00
2.661174553430738943e+00
2.231840469479942968e+00
2.638908232614296523e+00
2.505055185704942566e+00
2.415229562400933894e+00
2.657048414027379124e+00
2.471721352709633113e+00
2.422389557314421182e+00
1.915426235385947917e+00
1.644539865648342758e+00
2.707537597127337659e+00
2.325727801373985049e+00
2.462468758163738780e+00
2.148615564688411084e+00
1.981016651008305152e+00
2.390706344405238770e+00
2.108857770052162905e+00
2.442723241919332544e+00
2.041069750196423893e+00
2.957421495847376569e+00
2.367552337480386626e+00
2.316710707900650590e+00
2.143588209879400353e+00
2.095947366297839842e+00
2.519093646492139627e+00
1.847945847053281909e+00
1.904781581792316825e+00
2.292609512709820052e+00
2.254954785538556106e+00
2.302979010681299510e+00
1.620428284909863459e+00
1.990249922551679651e+00
2.299682641172246633e+00
2.539516025854158254e+00
2.533392096659093262e+00
2.516698400743595521e+00
2.925476614188502023e+00
2.754036587746618636e+00
2.112014448782713050e+00
2.487829584316157305e+00
2.573232544992132276e+00
2.814213568388393316e+00
2.925875563649654065e+00
2.371265211638125869e+00
2.447667010615608429e+00
2.227698179045496829e+00
2.281802181176507016e+00
2.413325258115319727e+00
2.473197632921675382e+00
2.308943443726398925e+00
2.498710912919160698e+00
2.659328126672980463e+00
2.591510755963162271e+00
2.000474905828166339e+00
2.549622210495873897e+00
2.316861238764910347e+00
2.220004010065740552e+00
2.359336500176861584e+00
2.325565011059197662e+00
2.861372508859100883e+00
2.244165935550873847e+00
2.317566976269811452e+00
2.427099232480331548e+00
2.154363275432905400e+00
2.392430422098575704e+00
2.671050786550060341e+00
2.578026358799956341e+00
2.010189857007844694e+00
2.819692748112278213e+00
2.274483211837954766e+00
1.874825623339022362e+00
2.799422532901911786e+00
2.117001059521169459e+00
2.278995059911826715e+00
2.480645925061372381e+00
1.993740568239962041e+00
2.668504886418153976e+00
2.560607610166924619e+00
2.276687351323231301e+00
2.273494163487659758e+00
2.126418699512937049e+00
2.608129384359898051e+00
2.500192133583066134e+00
2.405722509150975519e+00
2.375855212106288583e+00
2.420119365638573328e+00
2.497737851578932577e+00
2.327159369958015311e+00
2.899101272741390734e+00
2.576274906540044096e+00
2.239766714800161651e+00
2.561920355281690931e+00
2.434687248176608421e+00
2.525154988381499876e+00
2.201837845456530829e+00
1.940197776939685204e+00
2.722191692762200077e+00
2.743068286983755932e+00
2.353264448530146602e+00
2.032192193529411828e+00
2.350421695716006010e+00
2.568825196614782591e+00
2.525457153909729691e+00
2.666523668268595326e+00
2.289121636667992732e+00
2.422581652041592815e+00
1.669129738812271890e+00
2.153366491521356618e+00
2.730675774830240599e+00
2.510879008997539241e+00
2.653482452876174236e+00
2.280856396806012043e+00
2.231790993868834061e+00
1.720909714464363249e+00
2.338712760679796610e+00
2.865539222367480487e+00
2.311739747566487146e+00
2.802513776985721794e+00
2.147786377901583332e+00
2.579112674588910359e+00
2.197453706154717246e+00
2.139304136423227476e+00
2.971537688348726558e+00
2.681180725020937849e+00
2.793960280386573736e+00
2.344541560169160377e+00
2.147353128012442269e+00
2.528169778831696135e+00
2.835809978356018224e+00
2.137843308201288206e+00
2.089795253009181675e+00
2.229856036933608898e+00
2.551246628944945360e+00
2.461194402679142801e+00
2.163575599660068072e+00
2.676537735105460225e+00
2.031644347555557673e+00
1.987980139611865926e+00
1.943988361755283334e+00
1.968557182358024349e+00
2.494796148259655677e+00
2.491850314891315588e+00
2.514938100113042641e+00
2.419802817474728140e+00
2.012524516672263175e+00
1.959356407233238340e+00
1.906028949113437454e+00
2.595014803604564158e+00
2.537187153572928899e+00
2.414382000941290407e+00
2.836303252567596189e+00
2.567284420494587049e+00
2.478192829904868333e+00
2.495059375635865884e+00
1.873516818221126812e+00
2.150162005140871191e+00
2.070824313279215012e+00
2.502072124275595222e+00
2.478569709017824252e+00
2.389685625153670667e+00
2.247776276829634767e+00
2.445470346529691863e+00
2.030820513852801934e+00
2.747212463811713246e+00
1.926623892656965431e+00
2.719098277857573631e+00
2.506279418820427374e+00
1.984669023714340952e+00
2.448855858461425061e+00
2.422235850377641331e+00
2.698101816829600708e+00
2.327123922252400057e+00
2.501645569993545593e+00
2.523601680530523250e+00
2.213761483251611040e+00
2.253861332440625809e+00
1.991054611861580614e+00
2.420547640722412908e+00
2.843468844996204226e+00
2.692265733388350846e+00
2.230264901131267852e+00
2.467748655702136418e+00
2.527568853253159276e+00
1.815874907776989122e+00
1.997388919723518397e+00
2.373067518907224560e+00
2.392962133318916607e+00
2.688508351493120951e+00
2.788256326292838594e+00
2.585480157910295063e+00
2.298129122531884949e+00
2.385187654909675992e+00
2.078416216039736142e+00
2.766393510233467801e+00
2.364330080533475709e+00
2.137738493995952282e+00
2.646192362961063083e+00
2.387079092542662373e+00
2.181517616591059916e+00
2.585682832155804078e+00
2.340074354818272973e+00
1.998615634352583603e+00
2.720647404100574374e+00
2.298997720064985373e+00
2.234047649592249662e+00
2.399586474290058558e+00
3.005853600370694600e+00
2.377395064513852851e+00
2.787178488546742550e+00
2.673620007791496445e+00
2.711527904675980594e+00
2.687312426158442680e+00
2.358064756093198433e+00
2.267684668482043531e+00
2.701677015007261318e+00
2.068834966686249999e+00
1.870034471001554177e+00
2.438469729492244831e+00
1.768640111098951806e+00
2.129969394108877090e+00
2.271273217455269666e+00
2.663729972457596684e+00
2.740454742691515122e+00
2.075238805612907633e+00
2.560174337466815331e+00
2.412888684957709362e+00
2.426492746374938836e+00
1.668920812542887600e+00
2.666260604091441611e+00
2.536157951841125691e+00
2.505505701713935718e+00
1.867345341761849742e+00
2.561541983103877484e+00
2.196373198042396613e+00
2.149011560904892093e+00
2.536351259497051203e+00
2.904074512819055265e+00
2.562256648485177202e+00
2.376615640984207189e+00
2.614380810743643480e+00
2.087015753189578771e+00
2.854472114141367811e+00
2.420064087383865914e+00
2.197893494715668972e+00
2.589489695083297960e+00
2.567885334312151269e+00
2.252959825407602867e+00
2.443549472472207551e+00
1.975435756173840263e+00
2.519318512656966824e+00
2.937301970337527823e+00
2.534379064772613432e+00
1.836434821090399350e+00
2.390950350503935784e+00
1.896327393957214280e+00
2.553194615000663692e+00
2.403618211428752094e+00
1.926815024228632378e+00
2.346627507936401624e+00
2.446680364435246169e+00
2.158403228890373171e+00
2.025730074539990433e+00
2.317977923623007364e+00
2.421738444320923112e+00
2.257816895879152685e+00
2.757312585766062085e+00
2.453742669741185711e+00
2.206464391028721828e+00
2.309359457247650571e+00
2.014785027504348847e+00
2.241332854073881276e+00
2.426535858343354501e+00
3.077886470715871070e+00
2.476935878953551828e+00
2.326064923986120636e+00
2.424177370969446965e+00
2.570998325945158314e+00
2.200283305940876843e+00
2.282982207431368593e+00
2.483703500318697355e+00
2.178830487278871963e+00
2.513677257805814413e+00
2.416221361096550169e+00
2.607698809729313005e+00
2.340197852892870856e+00
2.268750231107437898e+00
2.404342072281727027e+00
2.468958768813684035e+00
2.448843088554711667e+00
2.135895711719325796e+00
2.305182937766021567e+00
2.729448755346898015e+00
1.848046202071474520e+00
2.150835386048410847e+00
2.546418616239178423e+00
2.157936446911299821e+00
2.755794132373967198e+00
2.537782118566610734e+00
2.404243731962620423e+00
2.103085190037399688e+00
2.190023376435217273e+00
2.020820505929131095e+00
2.486774431789686268e+00
2.015564822464054551e+00
2.499569912765363888e+00
2.365779975073440511e+00
2.552652994322341051e+00
2.548787222067786296e+00
2.314188908171581627e+00
2.592836379622935894e+00
2.239686044504762830e+00
2.748897142908728775e+00
2.393403377367361973e+00
2.007926496745344735e+00
2.251260330822941746e+00
2.319865971363985757e+00
2.827940852988271914e+00
2.139698642756665770e+00
1.953611729071517589e+00
2.494812784317571364e+00
2.122077352947260742e+00
2.654793600574187007e+00
2.648599221437325735e+00
2.308202548691911993e+00
2.679381710594634036e+00
2.967282642359330147e+00
3.009631060321962259e+00
2.434285363313274608e+00
1.954103064278009949e+00
2.697266209674863635e+00
2.612955678385123548e+00
2.343160576499701886e+00
2.335986897547143393e+00
2.718367519409447652e+00
2.332175689118101580e+00
2.166370926516033357e+00
2.219691691123782729e+00
2.186758614129773459e+00
2.316222013142508196e+00
2.045527526245861871e+00
2.320394284865374246e+00
2.648964432999746155e+00
2.467156348793691834e+00
2.536458573675075989e+00
2.077282282116528656e+00
2.319767302083639571e+00
2.598155674120665282e+00
2.528968811189713506e+00
2.593159220810348220e+00
2.490091716621551488e+00
2.517396672018444193e+00
2.365966846461517115e+00
2.198475284485062353e+00
2.131754108153227634e+00
2.750857487901212650e+00
2.618648808397533667e+00
2.249925115727740454e+00
2.181781086181944218e+00
2.058148341614011834e+00
2.789204623797611582e+00
2.160272922328759559e+00
2.327652660024940090e+00
2.805940710870649557e+00
2.434306314356470935e+00
2.169465283618814411e+00
2.397198220392204426e+00
1.991866220769003215e+00
2.485871766506120739e+00
2.173313731832679174e+00
2.402773378600506771e+00
2.126410186258675949e+00
2.376525161644986284e+00
2.126062937160483113e+00
2.307222904354842452e+00
1.801214903403878909e+00
2.022210633267613744e+00
2.551324216904483855e+00
2.299274156145513892e+00
2.602284921909564730e+00
2.422941761611201450e+00
1.859588491505051122e+00
2.672698671653556346e+00
2.510687785284263285e+00
2.159491688606065996e+00
2.054213927892335700e+00
2.281842730702261957e+00
2.318538771829458334e+00
1.733416478861579790e+00
2.142275842642404449e+00
2.602988326357480897e+00
2.979130520195715448e+00
2.067379536878412694e+00
2.566706118398344838e+00
2.437255285954719408e+00
2.358894538388558448e+00
2.158979504532947402e+00
2.577260451302424649e+00
2.304185889123498310e+00
2.456893867774260443e+00
2.750445226365809237e+00
2.462515406947490160e+00
2.554493560055325574e+00
2.174983162746694454e+00
2.413613780264903141e+00
2.134633380109574929e+00
2.847680055011261757e+00
2.749512845144220563e+00
2.557910705547985053e+00
2.714722207452445080e+00
2.732909361814261473e+00
2.085506839841592353e+00
2.213827860425800598e+00
2.476045842989901935e+00
2.457284481954029154e+00
2.174862992586761301e+00
1.886694812402296639e+00
2.481707167402114500e+00
2.822108197512950500e+00
2.453458138449895465e+00
2.559944867007888369e+00
2.483564186049203482e+00
2.057499975050628205e+00
1.847942757217595711e+00
2.177438738820478559e+00
2.723257629887490872e+00
2.177691988502439280e+00
2.569239254732597733e+00
2.215831419301145466e+00
2.017490436274121279e+00
1.993315502645524928e+00
2.464420722358644955e+00
2.564184675607397157e+00
2.108001645143371405e+00
2.677180948031914198e+00
2.699081298949288943e+00
2.048682981904846656e+00
2.514252345192888871e+00
2.543772908273536082e+00
2.317100201548884630e+00
2.571115095000489070e+00
2.348250114612329575e+00
2.218153277909591825e+00
2.439688415452956782e+00
2.383953298019566347e+00
2.757631212111679275e+00
2.580565917350983618e+00
2.473667492491768538e+00
2.411938056660207774e+00
2.932701173737559230e+00
1.736767450111539102e+00
2.016569806206343074e+00
2.530768234464335187e+00
2.193092139310335753e+00
2.404765891575480374e+00
2.157185904009265798e+00
2.568285868608335409e+00
1.928559234019696200e+00
1.799944671413679087e+00
2.574498223535266472e+00
2.016332595265654781e+00
1.745963140006872472e+00
2.270979430758913065e+00
1.704081471103630729e+00
2.753642551509494218e+00
2.065153783756408679e+00
2.597971718441120181e+00
2.026465357299020109e+00
2.569914194449053557e+00
2.590622814224531556e+00
2.574720552566037934e+00
3.004400293381292553e+00
2.549196639343283444e+00
2.584858180269385297e+00
2.668543561085171323e+00
2.612719054296127830e+00
2.673273149696786533e+00
2.427761770633079852e+00
2.413414188353959045e+00
2.627001366011755046e+00
2.075754131735196850e+00
1.889797756372734394e+00
2.190401756056156835e+00
2.425952527084719534e+00
1.680250309462103520e+00
2.371772146711338181e+00
2.359440807351646185e+00
2.345373684211548682e+00
2.224600468520401719e+00
2.469171213083262817e+00
2.214736317540810795e+00
2.435014701901695666e+00
2.045211307688603597e+00
1.782465249908016691e+00
2.073013849893479588e+00
2.290846618690369763e+00
2.409141890038468681e+00
2.095984639312371556e+00
2.492763151691456791e+00
1.984044462444160883e+00
2.426006409651987550e+00
1.849298600327308639e+00
2.209730233472825489e+00
2.426109950324982556e+00
2.168170575109963139e+00
2.509631587727234159e+00
2.758497617605779606e+00
2.338676978270788354e+00
1.576903073340585548e+00
2.618876774222927750e+00
2.201818164516180509e+00
2.328587359883685703e+00
1.785530964485539940e+00
2.635701981961635632e+00
2.234776302658058711e+00
2.389880090069179897e+00
2.767170288173455894e+00
2.382648751423455558e+00
2.150895232059313322e+00
2.597971897988190282e+00
2.278707305443294917e+00
1.997446087518202962e+00
2.528822175442615450e+00
1.945184956820934730e+00
1.849862653694900549e+00
2.189137513614284103e+00
2.525988943449356761e+00
2.198493402095180738e+00
2.013270268730304569e+00
2.277036158612252059e+00
2.546390715074196898e+00
1.753950423462118158e+00
1.907552243121673596e+00
1.890013710374412126e+00
2.714747110269643215e+00
2.807452097149700343e+00
2.519742194991706263e+00
2.471798871500306305e+00
2.156643405745803044e+00
2.629184749321774817e+00
2.807773946921985342e+00
1.920029588219618555e+00
2.474235441360124188e+00
2.018264985897736175e+00
2.442602989422993698e+00
2.476854078395984704e+00
2.156400228387881590e+00
2.264083361847235132e+00
2.176425608294586755e+00
2.154376067797793226e+00
2.575204972255870750e+00
1.713551534477048888e+00
2.605230976345324301e+00
2.449279801250343169e+00
1.893237643741941811e+00
2.820559340857890618e+00
2.231222945508253730e+00
2.261010622457165553e+00
2.363490042739829100e+00
2.687874391605900470e+00
1.813826283752509649e+00
2.256202878379443888e+00
2.339588348393744965e+00
2.210750119891030874e+00
2.104296585775494055e+00
1.777589908155659870e+00
2.182940103298750323e+00
2.073072952619592790e+00
1.983278414022396241e+00
1.698823664434853553e+00
2.890815809482226495e+00
3.032097624763231636e+00
2.551272106341129664e+00
2.438506692470687742e+00
2.833251568184672831e+00
2.050699512820092885e+00
2.732935882555957097e+00
1.814958419255536359e+00
2.313077961312088870e+00
2.501465484576666398e+00
2.838085590835746075e+00
2.298119575731576436e+00
2.633789697644908667e+00
2.193095451897794756e+00
2.604082284247297707e+00
2.109312391950521004e+00
1.706221909789936708e+00
2.354485832354307639e+00
2.313956541459974314e+00
1.885990686326157961e+00
2.575436701424686170e+00
3.057378654658864381e+00
2.562314281604728627e+00
2.179652848032132884e+00
1.947570916162588484e+00
2.449626095172720674e+00
1.998087339302753840e+00
2.624856097906484997e+00
1.854677558601641518e+00
2.142365764883318757e+00
2.380833537385684817e+00
2.618568120439107361e+00
2.865261020525072144e+00
2.419815073887897849e+00
2.294499392547705519e+00
2.319093831152534868e+00
2.355393750420731180e+00
1.971751829783074061e+00
2.134294547178439139e+00
2.142481481668018439e+00
1.957487721800212244e+00
1.950127355905614257e+00
2.498761999370267439e+00
2.029257351364820217e+00
2.264061024905696051e+00
2.707773786965132157e+00
2.200062813391096217e+00
1.836294619428015196e+00
2.977742150957003897e+00
2.297354323954813538e+00
2.179221010007007742e+00
2.265785217301827803e+00
1.704952427939013582e+00
2.538341057983977578e+00
2.154588009507510726e+00
2.376410395974975387e+00
2.170319607194047595e+00
2.489575507055937553e+00
2.517033747851750825e+00
1.857556653640250799e+00
2.769335722430242175e+00
2.717927895705221530e+00
2.549454393927127693e+00
1.984272613732473545e+00
2.613744062940539958e+00
2.010545197056615940e+00
2.609887286926645622e+00
2.653926429727873515e+00
2.031501832078774772e+00
2.769594514705790544e+00
2.685495266240549572e+00
2.317933966411123148e+00
2.588571835237613250e+00
2.457758657474268471e+00
2.212511269100426947e+00
2.484723008874102579e+00
1.821311713997959769e+00
1.704564395066266558e+00
2.293685837862511789e+00
2.208600154200433430e+00
2.177445842772989248e+00
2.402205833818085168e+00
2.694149747500600434e+00
2.351071921603530956e+00
2.674022623380186481e+00
2.165416991571929017e+00
2.820893224553340239e+00
2.339864336098719910e+00
2.113252922458568772e+00
2.130761032065949578e+00
2.369457480818751183e+00
2.549674452735803509e+00
2.540290541806628610e+00
1.633525733088711407e+00
2.341633861037265341e+00
1.879778171069689252e+00
2.247700768252371972e+00
2.669121354634165666e+00
2.517297088047627973e+00
2.073894896958121681e+00
2.900458968411985694e+00
2.125221294878484990e+00
2.738519104689888461e+00
2.779932343188718402e+00
2.338625830487992552e+00
2.103630877247181452e+00
2.064874869601934115e+00
2.044940202706765575e+00
2.786530700943476102e+00
2.558269448575925864e+00
2.250181144874242367e+00
2.272827937917560881e+00
2.446128721724504906e+00
2.537725279062277295e+00
2.132141464531973618e+00
2.326092192799956937e+00
2.551474915482275563e+00
2.228856500026339393e+00
1.976348195445128075e+00
2.601688483062044366e+00
2.450520824041138024e+00
2.041352951617224853e+00
2.362838805565112388e+00
2.477773257218396363e+00
2.452822833190578145e+00
2.212374028181817831e+00
2.013905848561208689e+00
2.321855460580775521e+00
2.524233433369839741e+00
2.646455630422021699e+00
2.295147621544721073e+00
2.975934783466170686e+00
2.308747380774033076e+00
1.713283833554646529e+00
2.500952195187901239e+00
2.420677392903817449e+00
3.045176877016263273e+00
2.673090964205808717e+00
2.516242549739235113e+00
2.445530377903070374e+00
2.837560491270853635e+00
2.654733119810470221e+00
2.611439100306511385e+00
2.401572431065002178e+00
2.301570983971398476e+00
2.360868452898265524e+00
2.315226681945837583e+00
2.587002311270701238e+00
2.607236306603570863e+00
2.036356160590720776e+00
2.016354104292010785e+00
2.455737434047716050e+00
2.389110979036216609e+00
2.194628316002641633e+00
2.117019435496587221e+00
1.922949187613062660e+00
2.162191687630545811e+00
2.345759214391124559e+00
2.401363415477779206e+00
2.214361465056200462e+00
2.803632321573690689e+00
2.465759226983275099e+00
2.224732807989162175e+00
2.772490413178009483e+00
2.127954080586741625e+00
2.275703266634836019e+00
2.141626618327610032e+00
2.623355769784090352e+00
1.975845541606388478e+00
2.100966547121268846e+00
2.146885761126632985e+00
2.504465682245025082e+00
2.587197692400899030e+00
1.987417293367994331e+00
2.369605223821421358e+00
2.430115328384640172e+00
2.429305919648977685e+00
2.867225937010576153e+00
2.282001948499118971e+00
2.448054378125017028e+00
2.349909216386366850e+00
2.147309986590637099e+00
2.784576484603515922e+00
2.692440347074256390e+00
2.216077209206373411e+00
2.628412079290542991e+00
2.587758457159540892e+00
2.407001850545027466e+00
2.202156378908377565e+00
2.144699527865710387e+00
2.398205685454999347e+00
2.532090033587647504e+00
2.518873009512194727e+00
2.242063464826246744e+00
2.258686755364993637e+00
2.462115286965297134e+00
2.335812462141584778e+00
2.110162964895295090e+00
2.555732772159081012e+00
2.387922582630302770e+00
1.967142159707742088e+00
2.375721758970572139e+00
2.494951501916615300e+00
2.888439248963973416e+00
2.266110272322033659e+00
2.660352299364815210e+00
2.166261573880778890e+00
2.476020151326545182e+00
2.170453964959027093e+00
2.598357698706059260e+00
1.810471079549387685e+00
2.406209156004283312e+00
1.805724787657617458e+00
2.704234761558222733e+00
2.608566580571331617e+00
2.517455722581146915e+00
2.551898117630844620e+00
2.276715514167880983e+00
2.318312051045793520e+00
2.282654893080868774e+00
2.776404282045046301e+00
2.206795078336601712e+00
2.101536282825089419e+00
2.252556566454110953e+00
2.668110427006204599e+00
2.118171595845228516e+00
2.112117083620608682e+00
2.655268056247269914e+00
2.930095961861740594e+00
2.440729513713329801e+00
2.701385657249720573e+00
2.620641962058801511e+00
2.440602485449529624e+00
1.831442057580717320e+00
2.447376464525817585e+00
2.801434494979065271e+00
2.242782637759368480e+00
2.894645196177985991e+00
2.677233070223616451e+00
2.068478476390536169e+00
2.354162073715981407e+00
2.527671479315495962e+00
2.010862858477400650e+00
1.711813988081219984e+00
2.398111748574923041e+00
1.790506156094457513e+00
2.519781556549286705e+00
2.599151395489029071e+00
2.729776115216266952e+00
2.503583245211427943e+00
2.478412576522535105e+00
2.593363547488880094e+00
2.670085349584145451e+00
2.606188013024222982e+00
2.785898000879366343e+00
2.533783567602678310e+00
2.218618697424735942e+00
2.381599775714919431e+00
2.755114313975800311e+00
2.876125286092706457e+00
2.033800310281071333e+00
2.769301631397155461e+00
2.259295256427170884e+00
2.321761902134364064e+00
2.649515171421571225e+00
2.107903416523123852e+00
2.444596808409546185e+00
2.222734005075987618e+00
2.788531167345071005e+00
2.462861503409861985e+00
2.162816854976301162e+00
2.512010577364817365e+00
2.491114824335185052e+00
2.269349651184764394e+00
2.426047410345470112e+00
2.643956575755157523e+00
2.270420310697502941e+00
2.026334865402627194e+00
2.149155452787433251e+00
2.429195240625377394e+00
2.803328115529297282e+00
1.886006659011769004e+00
2.226143496572368541e+00
2.422756621775940644e+00
1.870975108235464646e+00
2.250935639085914541e+00
2.321662330670396734e+00
2.710112657171013240e+00
2.571888284828618865e+00
1.785297538848043208e+00
3.050184389068600677e+00
2.364310729149254442e+00
1.980968472136804603e+00
3.060972408981593951e+00
2.137345691249253665e+00
2.322521851604245402e+00
1.831712775899138279e+00
2.267061470932751899e+00
2.522622343329005812e+00
1.870247325101490610e+00
2.528179564024343406e+00
2.172396616463748931e+00
2.353557789340706030e+00
2.539222866396106948e+00
2.391276613658750438e+00
2.376952433802334230e+00
2.601992075954635553e+00
2.467231742393807714e+00
2.763319729523538548e+00
2.203384080544649848e+00
2.374204795949477642e+00
2.347612817005778840e+00
1.739813880858517958e+00
2.366283728078485638e+00
1.747161467263496526e+00
2.023089711851719041e+00
1.822774900165665013e+00
2.401002077297166526e+00
2.507816688415456241e+00
1.890622737715284440e+00
2.179095933679501051e+00
2.178586152523487307e+00
2.406803120449652056e+00
2.538693302326795465e+00
2.254085236703486483e+00
2.554450476278309790e+00
2.712773381686302443e+00
2.315103515528325495e+00
2.351096410423360261e+00
2.271133966248849667e+00
2.503778149735491176e+00
2.895353193229555089e+00
2.524059061789825087e+00
2.548449536725237774e+00
2.282944917440903332e+00
2.602239291892151751e+00
2.536762086107422931e+00
2.337639622876696688e+00
2.885446960222831869e+00
2.182869634392081259e+00
2.281934978330254715e+00
1.913444369665739275e+00
2.355732621794099035e+00
2.311068192296242607e+00
2.425174646011177604e+00
2.452409763344004290e+00
2.384290308046979945e+00
2.069461424216151979e+00
2.331239480203902037e+00
2.545270610272189593e+00
1.986759544354750773e+00
2.389936181272922511e+00
2.218822785124936470e+00
2.776333743882979377e+00
2.137650454304377501e+00
2.717959526704251783e+00
2.118411033078130501e+00
1.844590745186470704e+00
2.079225698059751437e+00
2.533905184117911880e+00
2.652360827778150743e+00
2.302695496156519361e+00
2.163029156876028924e+00
2.354735238000789987e+00
2.313042266864176355e+00
2.142678655403274846e+00
1.783041130347090775e+00
2.524438471288249719e+00
2.093767234920365983e+00
2.492074502961812765e+00
2.500989484563982845e+00
2.550575431301720819e+00
2.621091674453524423e+00
2.304756426983295192e+00
1.912708110615915169e+00
2.309252820112816185e+00
2.573852037626267020e+00
2.213206787117889984e+00
1.983987444106831477e+00
2.203644092300639734e+00
2.566640507390419934e+00
2.945716853352941200e+00
2.182118399245487339e+00
2.096555499534181521e+00
2.818455925804680184e+00
2.743980483551518912e+00
1.624708867700662251e+00
2.123957872874800756e+00
1.947081278826113149e+00
2.341972819661200855e+00
2.168518136587734180e+00
2.564565142268105280e+00
2.906993543766329680e+00
2.475478455648224330e+00
2.443204559497071049e+00
2.577862128939474751e+00
2.183754759385216904e+00
2.507839047617938188e+00
2.367404528708538791e+00
1.719696802970835048e+00
2.843118320376023966e+00
2.517647556460872682e+00
2.875390859998475435e+00
2.071992356816172887e+00
2.142913431668075575e+00
2.308333252127207302e+00
2.255334733749557508e+00
2.783285289863968615e+00
2.074990337052898148e+00
2.064281562037730389e+00
2.561508867216319096e+00
2.474932614191818647e+00
2.260853472032524181e+00
2.482457684222430405e+00
1.970986086248971203e+00
2.301125741378772904e+00
1.915891149264012938e+00
1.771973113047508042e+00
2.069321403884917920e+00
2.314350506059885682e+00
2.427886365749387654e+00
2.447498263921905171e+00
2.747794695019024402e+00
2.422555783071081770e+00
2.265816077174650722e+00
2.082881293310981263e+00
2.855750408718928934e+00
2.712107499912776110e+00
2.520292725200043105e+00
2.454004498807505819e+00
1.835619497333721650e+00
2.836906769048632704e+00
2.065821318049526845e+00
2.576472981881710478e+00
2.949546915853721973e+00
2.677665151841563063e+00
2.922334411142584631e+00
1.986306342242121437e+00
2.980673581073121081e+00
2.476130974343079494e+00
2.727215239944423164e+00
2.423309198094362849e+00
2.021420547668063783e+00
2.322225292457846813e+00
2.183303401413545508e+00
2.645421545167515376e+00
2.941141288623517980e+00
2.347317805512169731e+00
2.519977238373089623e+00
2.864969108624295657e+00
2.502703734793509049e+00
2.732666983600538835e+00
2.260155927935060927e+00
2.136419604215681112e+00
2.662094920039427937e+00
2.378576751366064279e+00
2.431502638451808807e+00
2.589230901057645973e+00
2.339181773751699556e+00
2.041009524757886773e+00
2.737451866378218135e+00
2.538725243056469072e+00
1.694697392886089782e+00
2.776878974181272941e+00
2.038522261978635175e+00
2.635034778316874160e+00
2.729350653187394560e+00
2.127296221559306755e+00
2.466470994187979215e+00
2.384975769469187767e+00
2.791433380119098029e+00
2.374620188905273377e+00
2.400310444769997442e+00
2.501861706769506810e+00
1.703397046382454594e+00
2.069022924317755141e+00
2.671492277532290238e+00
2.718342833379602919e+00
1.573101910535049441e+00
2.517766191057140279e+00
2.304888099804276003e+00
2.346538959518716716e+00
2.569883150439086439e+00
2.277613528774537599e+00
2.392686568929057067e+00
2.550185843103488281e+00
2.244059166691887430e+00
2.537709824241177969e+00
2.538922189874520452e+00
2.178992912847961261e+00
2.689112300399785216e+00
2.057272865796562655e+00
2.577998506169822512e+00
2.548082591387591300e+00
1.954554259483264111e+00
2.310009254138714940e+00
2.726192657868591773e+00
2.873923293618487751e+00
2.197912975779420908e+00
2.816042003497190471e+00
2.544045046657818610e+00
2.768580097354600866e+00
2.718935295718267753e+00
2.265019992504447188e+00
2.620548228628712284e+00
2.693805987281433723e+00
2.563469012793086588e+00
1.858736842421466751e+00
2.625282312534720663e+00
3.010226724988981584e+00
2.609094122811194350e+00
2.617942493601790765e+00
2.085087719464793210e+00
2.204098996091944151e+00
2.206555083060931288e+00
2.747895099450007983e+00
2.826487778823079111e+00
2.135882960340474312e+00
2.761088502523464161e+00
2.609087924539443382e+00
2.514851859499060094e+00
2.216959592470292950e+00
2.484097015412048748e+00
2.831149168690739515e+00
1.771974073639785763e+00
1.805220544424508855e+00
3.039733052099212962e+00
2.404325789662550061e+00
2.050816817974310702e+00
2.617788292457632782e+00
2.165822682046772307e+00
2.484747389466377410e+00
2.068833218167886123e+00
2.373821128127929558e+00
2.130763547635782906e+00
2.520429992884307246e+00
2.773626020527770741e+00
2.597207681835485893e+00
2.054271069210115819e+00
2.791748204658363264e+00
1.681239888747410927e+00
1.940408899993619540e+00
2.815361942295284692e+00
2.328331046167724239e+00
2.461571232012474297e+00
2.403014897892653323e+00
2.062010093628335650e+00
2.142013957776951916e+00
1.955517495164036168e+00
1.894739141655886749e+00
2.195611177899945865e+00
2.433335166656717341e+00
1.593197171219933539e+00
2.260229364191437273e+00
2.824322308697839290e+00
2.114222751026864522e+00
1.787836939003315084e+00
2.231973725113583384e+00
1.885650094586684977e+00
2.503161165472835847e+00
2.387659327524164876e+00
2.693991893022374740e+00
1.856678743329769787e+00
2.486010521229724546e+00
1.887070006685009682e+00
2.239934970180541551e+00
1.930442603013841518e+00
2.849120028730261822e+00
2.351662171037570914e+00
2.834351559903564688e+00
2.238693900691154148e+00
2.154736979133375030e+00
2.908075006249432271e+00
2.846278221397304353e+00
1.758437845041341818e+00
2.277353533902383820e+00
2.816067697978918538e+00
2.121464312716536238e+00
2.366170747909033700e+00
2.285400476463864461e+00
2.250635926868135961e+00
2.552006908961601539e+00
2.977487906858549582e+00
2.672006431321547471e+00
1.876947324317201682e+00
2.305904621394234244e+00
2.730826945901952296e+00
2.485450576900094966e+00
2.340952051525960087e+00
2.579610828401865064e+00
2.532580391325704561e+00
2.529088716766874967e+00
2.341491920458697695e+00
2.552920361767299084e+00
2.198706057693637916e+00
2.728413462630509212e+00
1.969147633725629065e+00
2.748420172994302746e+00
2.344325542729489342e+00
2.385641755755299354e+00
2.473848399685078192e+00
2.731878733465280984e+00
2.441685032688704737e+00
2.536631535296258289e+00
2.430650251014272900e+00
2.434814637036865292e+00
2.786162093007107821e+00
2.331092695738679055e+00
2.403911541990775724e+00
2.553842232211465557e+00
2.261259813495049009e+00
2.164028213434969317e+00
2.616521818679509170e+00
2.358026795629622363e+00
2.147215000643869942e+00
2.699252661484108806e+00
2.120342592401427417e+00
2.379409957277863086e+00
2.207033149485504886e+00
2.643231440921877340e+00
1.872896744747677866e+00
2.346305094000464386e+00
2.235326094049257417e+00
2.665388808820667865e+00
2.536468643386231570e+00
2.152695903807550160e+00
2.151317434775120496e+00
1.960011915875517152e+00
2.066435515541373391e+00
2.494752420306160623e+00
1.854922392134160880e+00
2.060064504007629971e+00
2.315653798215412174e+00
2.507283879042777386e+00
1.878327302477990290e+00
2.220509633401008820e+00
2.087129172979492964e+00
2.222018606844432309e+00
2.885405151119102563e+00
1.822026409561367188e+00
2.304214898934000555e+00
2.408053552596825408e+00
2.836410955690640723e+00
2.199514926605607101e+00
2.378056564213759216e+00
2.066600810238845565e+00
2.113042175651819399e+00
2.286002707102436471e+00
2.296123797701363323e+00
2.003032403274978890e+00
2.251759855670006250e+00
2.130050514210132473e+00
2.802077346875265995e+00
2.149302876705069920e+00
2.274253098496205716e+00
2.609150712744747302e+00
2.522807528263713905e+00
2.333450394634299485e+00
2.919450489618423905e+00
2.257986133180342136e+00
2.220049263496262526e+00
2.606936105906865642e+00
2.669892288284255955e+00
2.812667359307184256e+00
1.977494780921503104e+00
2.416659731363542285e+00
2.664714267122207048e+00
2.336477640287599300e+00
2.109841509636260604e+00
2.857933433486448127e+00
2.844128725988149142e+00
3.038578279423424178e+00
2.629829973932833020e+00
2.189522310390644932e+00
2.263370217750047431e+00
2.363142946869050132e+00
1.905840235909825209e+00
2.489390432693905808e+00
2.240838345415701927e+00
2.478872157467138848e+00
2.444465293230616343e+00
2.588672867686027779e+00
1.864104498696858236e+00
2.592777359914473223e+00
2.182866223004850337e+00
2.509142118497212692e+00
1.988781223868132164e+00
2.533206755583015113e+00
2.427799030967267235e+00
2.799812764305379620e+00
2.742409079046592701e+00
2.549786914096764168e+00
2.608873985689665886e+00
2.173122234738432912e+00
2.622987213672444362e+00
2.069291107002970698e+00
2.953892362446506326e+00
2.561186866038533516e+00
2.715697139372338587e+00
2.148883661142056756e+00
2.401028940489279950e+00
2.169632308473714577e+00
2.322725581509932802e+00
2.393758007209030758e+00
2.846289950555872306e+00
2.081150964370634959e+00
2.649782403887583904e+00
2.251431843854192039e+00
2.500811313079770226e+00
2.512576029797273680e+00
2.471554140814776090e+00
2.038181570812946486e+00
2.330811609323570455e+00
2.771701788491380825e+00
2.425018903317758934e+00
2.376099770496161945e+00
1.616653077940791938e+00
2.227273249119860576e+00
2.794517264718690885e+00
2.262783952404952892e+00
2.446086285933074311e+00
2.346844307994270018e+00
2.609900935798373567e+00
2.613476945089558079e+00
2.266197268209594107e+00
2.155021697002171166e+00
2.551291246279699720e+00
2.429761164749026037e+00
2.169569809992118792e+00
2.861658528792740519e+00
2.276021973680458110e+00
2.359767927912291618e+00
2.378255895106355933e+00
1.856139913995276780e+00
2.363195667427753666e+00
2.526458235916031025e+00
2.325427426634776751e+00
2.268789292436302230e+00
2.547936507968175945e+00
2.461304110484811236e+00
2.906762546742158282e+00
1.852695985418711278e+00
2.213221037433908300e+00
1.829469821508854510e+00
2.155950454144492934e+00
2.357075089178301219e+00
2.545789657271834372e+00
2.427165627800881076e+00
2.423180612475881457e+00
2.564734433385947199e+00
2.145407192382972283e+00
2.316626441880293097e+00
2.579311030588471443e+00
2.432143166504115328e+00
2.389600292011172300e+00
2.733326522415466364e+00
2.203690376010865037e+00
2.468930034028935960e+00
2.257839611973090133e+00
2.879610098287916919e+00
2.179456490413661296e+00
2.016785294264534123e+00
2.211193283775569451e+00
2.532956278619741042e+00
2.139266282265430252e+00
2.456533723731040286e+00
2.455237325554119554e+00
2.447482261620530508e+00
2.308078690422175505e+00
2.434786591519819243e+00
2.510704999607193066e+00
2.132793531511263385e+00
2.329900934838583737e+00
2.309071597140027521e+00
2.404323713736760126e+00
2.580081633764037097e+00
2.006127818277157804e+00
2.016284042773424545e+00
2.617175635273853107e+00
2.754614192231923830e+00
2.618678975424786337e+00
2.452647902749533149e+00
2.149402046297530955e+00
2.619340627094228768e+00
1.975075026535013434e+00
2.443263731751394552e+00
2.378267555242911779e+00
2.578411717121173119e+00
2.704553568485245307e+00
2.483877005187988374e+00
1.831080335368479473e+00
1.969183071885394654e+00
2.329408269576390467e+00
2.730985102516686247e+00
2.639099858856432057e+00
2.311438946446966014e+00
2.632740569693639898e+00
2.244397009334470727e+00
2.618132352570466281e+00
2.560328835193597552e+00
2.239040467494631592e+00
2.102627609943244380e+00
2.345489099598674354e+00
1.705978470519065926e+00
1.917472003805449354e+00
2.386107133786562251e+00
2.093107479658058878e+00
2.361153722105357122e+00
2.664849877402268863e+00
2.395654249408812220e+00
2.127930107534829141e+00
1.766136087848184655e+00
2.082828914231373396e+00
2.726991331055886647e+00
2.267101047834457539e+00
1.824677376286615971e+00
1.968080314230552963e+00
2.694187442349717188e+00
2.383616983222262675e+00
2.243380145676232118e+00
2.335880976971561829e+00
2.930164006880369154e+00
2.766884455868141135e+00
2.308723084249939106e+00
1.927899237744326699e+00
2.134359566395178653e+00
2.486043627313347937e+00
2.606030757911790730e+00
2.244481779869629268e+00
2.761220783244430432e+00
2.139725635657903524e+00
2.756530607042524839e+00
2.707308583752286779e+00
2.341551030269839462e+00
2.500514069562049357e+00
2.643040832483719793e+00
2.513975949292983181e+00
2.411072836083298920e+00
2.793091837506839425e+00
2.008349805088066820e+00
2.446168007045482096e+00
2.729095571030283107e+00
2.296453763309139084e+00
2.456779087912082993e+00
2.582384464606512608e+00
2.273703942159127855e+00
2.452821335408864378e+00
2.496182988786134871e+00
1.884725935674444797e+00
1.882294902892556854e+00
2.421042763307715173e+00
2.107742350115520580e+00
2.881018473316681039e+00
2.297822438554143254e+00
2.580362760850213100e+00
1.837669643340841263e+00
2.182955813621331398e+00
2.648923563477931342e+00
2.184822268067987405e+00
2.479655380480568994e+00
2.376250137655186556e+00
2.182660319036617835e+00
2.612322292972435012e+00
2.518805132329781316e+00
2.090474333754533287e+00
2.607068551192219807e+00
2.335312669783864870e+00
1.858914284039436149e+00
1.948714894488335680e+00
2.120072689340275929e+00
2.371853142444983131e+00
2.267065119532782003e+00
2.128807304586706639e+00
2.119694796516561119e+00
2.302010608580840056e+00
2.089957396462368777e+00
1.812067987976951233e+00
1.840561772696433840e+00
2.136683900088653054e+00
2.510922528202667703e+00
2.579338826400602080e+00
1.990754815335451511e+00
1.836178655313823072e+00
1.900128492263178259e+00
2.610323427706655597e+00
2.570788277546468326e+00
2.797017067657653122e+00
1.906771848521964019e+00
2.344971485573675185e+00
2.558368051093410145e+00
2.197303683986654210e+00
1.995424828475292456e+00
2.036392784654315946e+00
2.456524338772089422e+00
2.311904627346355490e+00
2.578284248040926041e+00
2.567585490889963129e+00
2.316237922239153590e+00
2.483598410410721158e+00
2.348183813134922637e+00
1.945522116532352630e+00
2.450353021242547058e+00
2.487447578431347672e+00
2.367177938818411320e+00
2.080078167759950247e+00
2.297433321507696746e+00
2.337050448234789357e+00
2.395315535131286477e+00
2.532049727724853483e+00
2.671191756903551262e+00
2.363391496726446217e+00
2.394295629648863333e+00
2.729549510076377139e+00
1.948639734361944376e+00
2.701790268526036876e+00
2.075662282742557707e+00
2.441391738059984107e+00
2.011042287184317878e+00
2.811751292624592224e+00
2.383639180566394344e+00
2.956555785467947395e+00
2.266458698069476085e+00
2.157857230960982253e+00
2.596150609113127228e+00
2.352760858955137646e+00
2.055061145391766431e+00
1.819163357440561679e+00
2.666268383639115669e+00
2.422596891341892267e+00
2.824698556614085643e+00
2.440637242432076803e+00
2.279424168933039230e+00
2.124183172356153726e+00
2.373042201065878043e+00
2.204464947157700916e+00
1.921883555888995287e+00
2.579371449666930438e+00
2.356439414497272455e+00
2.183420157900405556e+00
2.192265548621619597e+00
2.293944716418241381e+00
2.202606760564118638e+00
2.715981266811247075e+00
2.563862204730870786e+00
2.385328404658093593e+00
2.563826346667364309e+00
2.249297363837364561e+00
2.402283358855111572e+00
2.208127594780092018e+00
2.200419233554930187e+00
2.248644457046696576e+00
2.026677044956961993e+00
2.695477613248403514e+00
2.649804100834401321e+00
2.618864261164405516e+00
2.305259981298238614e+00
2.465548829780980888e+00
2.171439871997026483e+00
2.049683581956611711e+00
2.526540977597083959e+00
2.095156277706085923e+00
2.176186377364532909e+00
2.566361601513910351e+00
2.228003339121770843e+00
2.716953859260011761e+00
2.455160572697105081e+00
2.112433979405258455e+00
2.148975423774521776e+00
2.387521687057587716e+00
3.054554242542984355e+00
2.634494709610762708e+00
2.028620904263562785e+00
1.865260727174609112e+00
1.901541709391356250e+00
2.570659055430637885e+00
2.448288625993781942e+00
1.810489557639920033e+00
1.833643574218809080e+00
2.426386194298665089e+00
2.734400156341835419e+00
2.131769584094022285e+00
1.959139556288478135e+00
2.363460834471172944e+00
1.963942378970453317e+00
2.555905583049399077e+00
2.039734741083141678e+00
2.253507992497849166e+00
2.737954214692560839e+00
2.666093703633579004e+00
2.213117425591290210e+00
2.227357041389464776e+00
1.755108012103367088e+00
1.928184961705479372e+00
2.278917528237419887e+00
2.195235448188718408e+00
2.267013542897418077e+00
2.513465098564639177e+00
2.174419506549414294e+00
2.552224977133318973e+00
2.264248289000716952e+00
2.283665530606890037e+00
2.367962547345302760e+00
2.176870842837954623e+00
2.515630737234093139e+00
2.764368069897737534e+00
2.053264406647771878e+00
2.042541535364742700e+00
2.487861512041304124e+00
2.212362651709697037e+00
2.481795558390713197e+00
2.313526912916099132e+00
2.543727410368570752e+00
2.761450531430771349e+00
2.071062676434155314e+00
2.424371813107147666e+00
2.468541850860746401e+00
2.508492851280875513e+00
2.046485973156070060e+00
2.065331542416017907e+00
2.300209708546036680e+00
2.057871519767228374e+00
2.351538899600872146e+00
2.325725944626548802e+00
1.902703946783834255e+00
1.998438261887899081e+00
2.861505231112865921e+00
2.292353387122555208e+00
2.096350687228028420e+00
1.704434153695393084e+00
2.164332369385685073e+00
2.400421683436790410e+00
2.174804952998692809e+00
2.182874698753261455e+00
2.489422307757782615e+00
2.569459863008472844e+00
2.119284895720913386e+00
2.868353469201377681e+00
2.517666080986698418e+00
2.727729059890426022e+00
2.442370798069242621e+00
1.866671413143869973e+00
2.479060636432240727e+00
2.096484884377494584e+00
2.115489902747871298e+00
2.689750602291069548e+00
2.362726605576832561e+00
2.343513127486201775e+00
2.635677577016221296e+00
2.205146703228510585e+00
1.973545260256348799e+00
2.572231303443097694e+00
2.162436779086691185e+00
2.799029710820063244e+00
2.634769113750952574e+00
2.665062969347072652e+00
2.267158351845276254e+00
2.216849894880475347e+00
2.332149882808398189e+00
2.641207678064191100e+00
2.079704451747343086e+00
2.042826118700324933e+00
2.812857017297093254e+00
2.309278955274336464e+00
2.192623996519214025e+00
2.517472273769651991e+00
2.532617274914009897e+00
2.989798053698299984e+00
1.852035017476736378e+00
2.207034266185292637e+00
2.274775712017733209e+00
2.948460695530508602e+00
2.545791114911714281e+00
2.359873285536289167e+00
2.152706499302378784e+00
2.522233131568457409e+00
2.347287721331724697e+00
2.609829547968567809e+00
2.763927328909136172e+00
2.694192414060818663e+00
2.303705210732902575e+00
2.225548181918143076e+00
2.440081304436991338e+00
2.551706106157431542e+00
2.530180893513215512e+00
2.405087551686050151e+00
2.355358835751317770e+00
2.461461842049669002e+00
2.162630000674779840e+00
2.286889015476205600e+00
2.290231610336429746e+00
2.505846756318760971e+00
2.058538059124359165e+00
1.909901875547896921e+00
2.221087779242354898e+00
2.690754249765126449e+00
1.957567431757878618e+00
2.159049604643055176e+00
1.945396506841571060e+00
2.242436190499183635e+00
1.948659578689858840e+00
2.513447621051244862e+00
2.070697296429049317e+00
2.164127303855489348e+00
2.091676767247957258e+00
2.442052564876779908e+00
2.618225096856500400e+00
2.705780637598012905e+00
2.954051220964002411e+00
2.464689978019090066e+00
2.694218811195590924e+00
2.579849873831804974e+00
2.498006926575930375e+00
1.927472323800529574e+00
2.215760777567258533e+00
2.114922211414346442e+00
2.631680086940205943e+00
2.023580198365690030e+00
1.665664350925155190e+00
2.282842179337215782e+00
2.858617453693941268e+00
2.469958888990125168e+00
1.997798365658107311e+00
2.222633416322779443e+00
2.167906837700385836e+00
2.449457096058337058e+00
1.832987956199598312e+00
2.085112496323145770e+00
2.515963272309671428e+00
2.238296544602144778e+00
2.234064535524542094e+00
2.229333343127809730e+00
2.385734503177924459e+00
2.816227293325324954e+00
3.069060972849461333e+00
2.144853193967933613e+00
2.129025056776761460e+00
2.529396349959160517e+00
2.324044308304912043e+00
1.998229296461101478e+00
2.443316005633964672e+00
2.189119113008475281e+00
2.629509096984818051e+00
2.707122382437768593e+00
2.278128436599150319e+00
2.931782958087560509e+00
2.444756489426263890e+00
2.133498396514127649e+00
2.547505926750547101e+00
2.244910837474529242e+00
2.961652048085572808e+00
2.211056980017211959e+00
2.927066037810552412e+00
2.161781923016273588e+00
2.239340097518531802e+00
2.427993843167203458e+00
2.743799735495485947e+00
2.090093739753576152e+00
2.137832204436985073e+00
2.275630691426844709e+00
2.281034643048797772e+00
1.723557001250044962e+00
2.825072530925952563e+00
2.490781016137355142e+00
2.827806715127396231e+00
2.158757437244285260e+00
1.967955764568614319e+00
2.641484296957316236e+00
1.853543180037107163e+00
2.614875898697997414e+00
2.379095133328828382e+00
2.647346739643286373e+00
2.633390204714655347e+00
2.343514815724732081e+00
2.042153950581021782e+00
2.644309678579967127e+00
2.922294432988154167e+00
2.400399278156235106e+00
2.342934335105057997e+00
2.958397102793326461e+00
2.952925936125729844e+00
2.338493874570255926e+00
2.229664506486155329e+00
2.487378928362022901e+00
2.311177952843069594e+00
2.258835105998414861e+00
2.163200241444853233e+00
2.176567152681945672e+00
2.546829908568974066e+00
2.321470444340564043e+00
2.298428405734345592e+00
2.578390124309125842e+00
2.076119736179203201e+00
1.964461735203713033e+00
2.489122477078104634e+00
2.173101925189386385e+00
2.410772564068631940e+00
2.545630654384899660e+00
2.308409271763068205e+00
2.623486459810385973e+00
2.246005222913759258e+00
2.626042288886988985e+00
2.119933505732807255e+00
2.185941870055845282e+00
2.782336607181238985e+00
2.084668493814140433e+00
2.667984655743866895e+00
2.343449148335140730e+00
2.644510331048144813e+00
2.755637024330597207e+00
2.743443976302491372e+00
2.660807420762453468e+00
2.617368685753322488e+00
2.521422436448422566e+00
2.512434120556399364e+00
2.410561970802441056e+00
2.630112106937356753e+00
2.360939155055454819e+00
2.270254504153561115e+00
2.508540131373482751e+00
2.331936603299312516e+00
1.921647418876470059e+00
2.987351543176571589e+00
2.341430599130473578e+00
2.122462685658268011e+00
2.741424065466054660e+00
2.544996510569062842e+00
2.652659009490305309e+00
2.747934931168334316e+00
2.735029839359211845e+00
2.453328987992814181e+00
2.437998599908647090e+00
2.507631799701216302e+00
2.832320531132516805e+00
2.452027488728854010e+00
2.045731379185559362e+00
2.475814572012122294e+00
2.248409252482431953e+00
2.817944582904802875e+00
2.421163778602166694e+00
1.886203449248825548e+00
2.340497835639208546e+00
1.939289595069932259e+00
2.145031653712344166e+00
2.373890798704429095e+00
2.583120313635380860e+00
2.151765303383185390e+00
2.577376282662847906e+00
2.480083039535633471e+00
2.437851344897080885e+00
2.210655842532985638e+00
2.126005680283132193e+00
2.432146008272019877e+00
2.208258844487494432e+00
2.016351694358001101e+00
2.614607109465901580e+00
1.807524895433189727e+00
2.449072031832163265e+00
2.572017538505217971e+00
2.200397097646298761e+00
2.643171905317382997e+00
2.513376556989557642e+00
2.360231870507691010e+00
2.317212965229783705e+00
2.391175229613259567e+00
1.934110472746604970e+00
2.361471134919640669e+00
1.688353001704536727e+00
2.115157778644495057e+00
2.533488155668425890e+00
2.331149152985060091e+00
2.020443883820394859e+00
2.869680557026235590e+00
2.390080677919515395e+00
2.281002827330713689e+00
1.967897664016459380e+00
2.274751986633536838e+00
2.491116118317776795e+00
2.208477077185058590e+00
2.476308073265598431e+00
2.030911535989022632e+00
2.110035739098470309e+00
2.317857050033514721e+00
2.007829042205047543e+00
2.301181813678052634e+00
2.190560720877868572e+00
2.372945486248583258e+00
2.152344987032195789e+00
1.719505129557564294e+00
2.084787221535608470e+00
2.409429871283064628e+00
2.139569041491597989e+00
2.254160484584165403e+00
2.428422979967593598e+00
1.957262555275253613e+00
2.396391353909946620e+00
1.962518785783697872e+00
2.456258863238311108e+00
2.074562222243701459e+00
1.632451569284740778e+00
2.586632829180475657e+00
2.494695550512087578e+00
2.313302253499725847e+00
2.842183334631125380e+00
2.279620375084516759e+00
2.438011377407357738e+00
2.280262428940611930e+00
2.608302489064848739e+00
1.947251133425518699e+00
2.294663052459088526e+00
2.388167814415199430e+00
2.795467026550997769e+00
2.403440456758845212e+00
2.658858396945190439e+00
2.407552138084280369e+00
2.006673762609848310e+00
2.608610637524527043e+00
2.529709771279625041e+00
2.309803782065602551e+00
1.756341587417573180e+00
2.269268052154447268e+00
2.289783567139866971e+00
2.370079878710872112e+00
2.580223814180677699e+00
3.035313590122699079e+00
2.420658107308553131e+00
2.453638941581087529e+00
2.045598344731112128e+00
2.538719788955572820e+00
2.043451534134804071e+00
1.892498744714549375e+00
2.573723386834589455e+00
2.755853480267820288e+00
2.456708102708544228e+00
3.001177809042942179e+00
2.452211299336153338e+00
2.342963667384657889e+00
2.695091094410281052e+00
2.167998757969357815e+00
2.930234827029976064e+00
1.971168323736848249e+00
2.552013936145375972e+00
2.338841342336300144e+00
2.682614760693925682e+00
2.033940522044008326e+00
2.796476341997588655e+00
2.742554331861112971e+00
2.082733533380797919e+00
2.329023428704258603e+00
2.479092390273552660e+00
2.645971448909844259e+00
2.839838488019470919e+00
2.342154054234722338e+00
2.767529020019289909e+00
2.337143417900591658e+00
2.184356327271082865e+00
2.472216391667703128e+00
2.388403355173863041e+00
2.364651644816186060e+00
2.083497633106475178e+00
2.460206621499217761e+00
2.217843923526263694e+00
2.702477243767921866e+00
2.320844990130190411e+00
2.191589472758403545e+00
2.511005070622151614e+00
2.383517887842576677e+00
2.058117085595833728e+00
2.220991913107074556e+00
2.933562738519090107e+00
2.694225774823471919e+00
2.155932966793458583e+00
2.620359848786737444e+00
1.859718366052743876e+00
2.209937279259857501e+00
2.317266725701047747e+00
2.907490135906526163e+00
2.201151391931328583e+00
2.511637656125637719e+00
2.265130074258966619e+00
2.057913993038648748e+00
2.234231129341458733e+00
2.289342191671334792e+00
2.152428020808280884e+00
2.235340389691001572e+00
2.695651571054302753e+00
2.642044550572874684e+00
2.157969778294757113e+00
2.026245774639670483e+00
2.195930115386389048e+00
2.461633904621493230e+00
1.968295946573777933e+00
2.363536093886482892e+00
2.328590706973445279e+00
2.799890684134992647e+00
2.437996551657478417e+00
2.661062975030648037e+00
2.439918408202793820e+00
1.811718937912043081e+00
2.096531651217850012e+00
2.522394870460889837e+00
2.529122509449621692e+00
2.411606345605997515e+00
1.877461065723588174e+00
2.395864816448486145e+00
2.666727801051020030e+00
2.312367817277149129e+00
2.340322407260002180e+00
2.386111139522479885e+00
2.697335265386796355e+00
2.169112031088942238e+00
2.674522784816068199e+00
2.608329784152108033e+00
2.659944769509120732e+00
2.710290691222640103e+00
2.041921367832125078e+00
2.181621933694506410e+00
2.378111482268901788e+00
2.364669292287924218e+00
2.599306621976333442e+00
1.899612989245794248e+00
2.658973934398641159e+00
1.905236414752836893e+00
2.804351704784366905e+00
1.775457176701014994e+00
2.167194622619303068e+00
2.670263689502076154e+00
2.085242483580105777e+00
2.434738801605976111e+00
2.595787513748488706e+00
2.395365831436275794e+00
2.780423060575102578e+00
2.663376184443732697e+00
2.569831995633234278e+00
2.865723820338962113e+00
2.231183354589842516e+00
2.318454858937849750e+00
2.528089167228681156e+00
2.597696942589051261e+00
2.296193184131455567e+00
2.191149351244965349e+00
2.293370356046291469e+00
2.489574301616518603e+00
2.509341696154360868e+00
2.245239431748827119e+00
2.400836967654292664e+00
2.471756542829977477e+00
1.909137704790103029e+00
1.957040332974244290e+00
2.368372893542040281e+00
1.830605482271671747e+00
2.029603661044210305e+00
2.041608817569048107e+00
2.291513787944429392e+00
2.719346937122059771e+00
2.439858884475236689e+00
2.636718686866829309e+00
2.382469023648586148e+00
2.233227931077367057e+00
2.499571807447878324e+00
2.528326397143910054e+00
2.196212528092646554e+00
2.678422658421677927e+00
1.685464218746972831e+00
2.506663633074737163e+00
2.285122779066465437e+00
2.280046134121531676e+00
2.140674014456570351e+00
2.483263104791867182e+00
2.769610032535029021e+00
2.527647716454175519e+00
2.821002015403883512e+00
2.451007737343494863e+00
2.541194864005800635e+00
2.137049184823889281e+00
2.844847250778653081e+00
2.128634599223452550e+00
2.869009826389776308e+00
1.884889983151763371e+00
2.233142668671836972e+00
2.013922312974856688e+00
2.541156326363053886e+00
2.438877174356428590e+00
2.761808026374545921e+00
2.134576765811650567e+00
2.306632710072997305e+00
1.775799067558545774e+00
2.156425715556779199e+00
2.244015462983348641e+00
2.883404508613175654e+00
2.584395481134636796e+00
2.259687187352930060e+00
2.074007413179215220e+00
1.635444672542960109e+00
2.411586035251124471e+00
2.399144089606397579e+00
2.446768531458557661e+00
2.252251688549780084e+00
2.090557539066741910e+00
2.316955505354651557e+00
2.619481921937962365e+00
2.530602724175269991e+00
2.080913623068532559e+00
2.436555525764152019e+00
2.711946553949491356e+00
2.615590431472701649e+00
2.680416126310352531e+00
2.282351504509840368e+00
2.701447826606692360e+00
2.236234714710390925e+00
2.260794328495635774e+00
2.570535649714920545e+00
2.447247086693707274e+00
2.220199629687853893e+00
2.403364771187858295e+00
1.922403182454866188e+00
2.185655813103372758e+00
2.341634003072566195e+00
2.450021622961566337e+00
2.686475085290839004e+00
2.129589366140875129e+00
2.470529409022529599e+00
2.946120122912624595e+00
2.190904230194423707e+00
2.128967876612023247e+00
2.190567316109498286e+00
1.994686424006907544e+00
2.819219218440993213e+00
2.553400178730109715e+00
2.496499779209028436e+00
2.291821451437766388e+00
2.753699529755336162e+00
2.152169565722724887e+00
2.774153041996968660e+00
2.278949782176252992e+00
2.533694002156920089e+00
2.782917588804268316e+00
1.809822750613508058e+00
2.609930378971498932e+00
2.040945950314392299e+00
2.416734089593508550e+00
2.225642271649733495e+00
2.052909834277067969e+00
2.328404222828348580e+00
2.566157170421203837e+00
2.767116343062123285e+00
2.025177179530291305e+00
2.332640065925046358e+00
2.479700305825325302e+00
2.515635441155226637e+00
2.224743936667355371e+00
2.157727578006377378e+00
2.761829304987515776e+00
2.490887112832480987e+00
2.386718953462510839e+00
2.710860081854129078e+00
2.258882515875576757e+00
2.402219135817905027e+00
2.811564780375988448e+00
2.196570849920041368e+00
1.934656005724630923e+00
1.814387080512275263e+00
1.807409784958264654e+00
2.477425850305887689e+00
2.013043756221264413e+00
2.231125880056228805e+00
2.251271679858223074e+00
2.637471974503947436e+00
2.219942381221570837e+00
1.731472059078682291e+00
2.618058668686972013e+00
2.405762141574438129e+00
2.509117152367748904e+00
2.643927293469698014e+00
2.437249037831773713e+00
2.307635024060239459e+00
2.577413479375124883e+00
2.682937741900558226e+00
2.373514226923370440e+00
2.294829660604911226e+00
2.290311289060924516e+00
2.466548254199309120e+00
2.086887801834130585e+00
2.813048768485418627e+00
2.330793225439552252e+00
2.409564197387095597e+00
2.008180148892662054e+00
2.071758625409721333e+00
2.721954383366159469e+00
2.196394899982661020e+00
2.896062322404746592e+00
1.919716956988890111e+00
2.677977782946965757e+00
1.727888523480962446e+00
2.554847198619944582e+00
2.890895921663894530e+00
2.247970994148444035e+00
2.086306438246004369e+00
2.519522605889219058e+00
2.440605614686178093e+00
2.549911955544736930e+00
1.941807119548941918e+00
2.274445112588674878e+00
2.319475702961856012e+00
2.230417270106225924e+00
2.364022732984683017e+00
2.683320297078048089e+00
1.947489535699048702e+00
2.436513569588252270e+00
2.431455132158037102e+00
2.211638066065280128e+00
2.238369884245790864e+00
1.976019281663893956e+00
2.936124536837618759e+00
2.271677276386163236e+00
2.124213697261249756e+00
1.910665146779791934e+00
2.799832589483803424e+00
2.594535716957564020e+00
2.440689528379683004e+00
2.573798148361650551e+00
1.774198278036098531e+00
2.291239139818014525e+00
2.359738782150681224e+00
1.997031843578790156e+00
2.051118485345026166e+00
2.767393134771624297e+00
2.848218795984598817e+00
2.052063954170538995e+00
2.128239230538086169e+00
2.450854078266381908e+00
2.399260515733689925e+00
1.969036541502722004e+00
2.588570658579127048e+00
2.457864460278646579e+00
2.398354935798555410e+00
2.003732227619032358e+00
2.480124276791666027e+00
2.616108586927385016e+00
2.087249957854152793e+00
1.999937622265832271e+00
2.589678009783221047e+00
2.512483840708733318e+00
2.640405656421582758e+00
2.677945068748753599e+00
2.036495850970774235e+00
2.256427356361673464e+00
2.811025921405958528e+00
2.257541367464542148e+00
2.148509908073379826e+00
2.565214169006007960e+00
2.180176073124308722e+00
1.857912799873500331e+00
2.574711203687172656e+00
2.873509882452099262e+00
2.164521468187437847e+00
2.297438693874103155e+00
2.598476483398735049e+00
2.564400209813012754e+00
2.315152580684632699e+00
2.970309899910505536e+00
2.836801380707274944e+00
2.370256003611628692e+00
2.727147769919969988e+00
2.152842951473103117e+00
2.296305440627104399e+00
2.522375443457778310e+00
2.351295955277199479e+00
2.725212644185520006e+00
2.143774058373246305e+00
2.038959104496638197e+00
2.611443699357669512e+00
2.665285598905938969e+00
2.164116956385405022e+00
2.297249007163707279e+00
2.078467947196876331e+00
2.121921231224431992e+00
2.373961685185988824e+00
1.948270332164818486e+00
2.561442304171570594e+00
2.612040998607127129e+00
2.207756882061320702e+00
2.172101920737287362e+00
1.827063283311730402e+00
2.287574203003223339e+00
2.341358312586144130e+00
2.655450149541475291e+00
2.249366536972147390e+00
2.769282652157504021e+00
1.683970080149790105e+00
2.638399251064027951e+00
2.198632507873231834e+00
2.431638435879808657e+00
2.455825993241580463e+00
2.963251907914680405e+00
1.690261423128412099e+00
2.841077302149184192e+00
2.358086241838698083e+00
2.287822222477094769e+00
2.135478826558264487e+00
2.613160891882531089e+00
2.671587980971315446e+00
2.279250801933774273e+00
2.425918932646394133e+00
1.948293852799519943e+00
3.042741933228858553e+00
2.641617958502355812e+00
2.223643878488106296e+00
2.611182873238572011e+00
1.892894067496579957e+00
2.524981553654717104e+00
1.885641147427014275e+00
2.090311774368101005e+00
2.277909353731413677e+00
1.906185562447953563e+00
2.102093832068279156e+00
2.526152771585350010e+00
2.494398965415459912e+00
2.395013071953307815e+00
2.896959803481597984e+00
2.864675803291157674e+00
2.395369531035075550e+00
2.374942411053114544e+00
2.323508127078921071e+00
2.256853693715874520e+00
3.094208485399616571e+00
2.351319393797917989e+00
1.700869170801347252e+00
2.227277781539753310e+00
2.477655465475060659e+00
2.276236724226431640e+00
3.043360873905939457e+00
2.163834177053722385e+00
2.192948915297084245e+00
2.165316997216898187e+00
2.721621907812461938e+00
1.864310827489886968e+00
2.408635224614901205e+00
2.431348281950507673e+00
2.603973575770285542e+00
2.220060577401244295e+00
2.506098248523087157e+00
2.246300944312868975e+00
2.061217837072635284e+00
2.946618781206640225e+00
2.348883949198563581e+00
1.769683716853920563e+00
2.052312052863644709e+00
2.619405646882332128e+00
2.237406785851897784e+00
2.764758639174311305e+00
2.575927902272094450e+00
2.029009046414937956e+00
1.759569476707369517e+00
2.728096458173027816e+00
2.322951694232656905e+00
2.736718216497036060e+00
2.628781916837739097e+00
2.429675791187050571e+00
2.664224905271983079e+00
2.492708782858817695e+00
2.670098941001446846e+00
2.768649105525740950e+00
2.695574548299576545e+00
2.726267443539280855e+00
2.676806954196363275e+00
2.554493247414222790e+00
2.202082688646906483e+00
2.619132433484950617e+00
2.489098286110483116e+00
1.916101235883727272e+00
2.033962959469924225e+00
2.619616820221554843e+00
2.112910755694592524e+00
2.252921419023447225e+00
2.321886334809847963e+00
2.160949508890728232e+00
1.807132964068841163e+00
2.835361920667319513e+00
1.969732078552952625e+00
2.662740249352100186e+00
2.140099772228555075e+00
2.480279091161547989e+00
2.448571660437207420e+00
2.206688026573463635e+00
2.724487599932954307e+00
2.387914417314785709e+00
2.640763319565571532e+00
1.891617826466138741e+00
2.503167748068541254e+00
2.500652070941473681e+00
2.757132451558593988e+00
2.265527579352566434e+00
2.130341622326691997e+00
1.780084927119814697e+00
2.714789509064487572e+00
1.818543411751831762e+00
1.900503236197419676e+00
2.410578406500522242e+00
2.729543398896903561e+00
2.720910685496744641e+00
2.529338020544371624e+00
2.385626986180881204e+00
2.991649082203785337e+00
2.416792103494868282e+00
2.208748353928321251e+00
2.408263646670190994e+00
2.334277491095527068e+00
2.977468728855620750e+00
2.995199462265147439e+00
2.098160510945577428e+00
2.075313354278054412e+00
2.178143816612671646e+00
2.339613926263309551e+00
2.213619929166776856e+00
2.001450805421834289e+00
2.351821451286149056e+00
2.184079367625839652e+00
2.699004034294756771e+00
1.917999611577462682e+00
2.727354896956409647e+00
2.129868330579307134e+00
2.667746073713431976e+00
2.870669946283563867e+00
2.694549012125606602e+00
2.171020228692930321e+00
2.414830727679007971e+00
2.813037734023247083e+00
1.824008382025669839e+00
2.426280644987687918e+00
2.606152664322783252e+00
2.336386230432056621e+00
2.326470269257244095e+00
2.466550048943788376e+00
2.174447095328143842e+00
2.348234325818396862e+00
2.381314355810649985e+00
2.553086707896719432e+00
2.524832921537308206e+00
2.425408289273434548e+00
2.581493370874428983e+00
2.403598153035884977e+00
2.498595115568647884e+00
2.233362985095184605e+00
2.657403109702312527e+00
2.219875281863568084e+00
1.971051860176854742e+00
2.375164117315988754e+00
1.852337953488395694e+00
2.038065909011991028e+00
2.138347369677561449e+00
2.504809130384158866e+00
2.755370502547808353e+00
2.264106149156925873e+00
2.839779536304949836e+00
2.342080007813131637e+00
2.760353190054157579e+00
2.540868851510782456e+00
2.258416930833746505e+00
2.721231314577655436e+00
2.519033481722975143e+00
2.031972598548784426e+00
2.610898733121348236e+00
1.839889073988421497e+00
1.995687150986918956e+00
2.171459204693370726e+00
2.797094006475134176e+00
2.321174879384622969e+00
2.599336827522781945e+00
1.777862467453068085e+00
2.177682088740095168e+00
2.798497355693682298e+00
2.579517808792384237e+00
2.337434470815386689e+00
2.424476340918069184e+00
2.378544620427115674e+00
2.088808945413730633e+00
1.815317535692090534e+00
2.627535442454020931e+00
2.410714003540385342e+00
1.888780577195878552e+00
1.909785224396961745e+00
2.512866647980406043e+00
2.505131662751187260e+00
1.810690319239321555e+00
2.248180510547055366e+00
2.203973396237569382e+00
2.833942896279365797e+00
2.336017802894612583e+00
2.424694974129276481e+00
2.553510845060907641e+00
2.459781617481378024e+00
2.698195305442795178e+00
2.623322980390409231e+00
2.501499529058698545e+00
2.446535486440364338e+00
2.290844921718641736e+00
2.613174492877248234e+00
2.175573470990791236e+00
2.871994606836468122e+00
2.280985782004276263e+00
2.549997553271282413e+00
2.558123401358769033e+00
2.316343277333963169e+00
2.072490886895470119e+00
1.928702996309166640e+00
2.004877918285574712e+00
2.583659882657103779e+00
2.624524778573889439e+00
2.824492318937902979e+00
2.472533982300955557e+00
2.209684762430503824e+00
2.265314605445739815e+00
2.835303073603514967e+00
2.361200930157750122e+00
2.734636667896016782e+00
2.746841789728288408e+00
2.387601530722317289e+00
2.821542444867388255e+00
2.233840518768823280e+00
1.900336307069030450e+00
1.956304732325506279e+00
2.087069282648398527e+00
2.567715741895733927e+00
2.542235486838658964e+00
2.045981965056323570e+00
2.424163186238431855e+00
2.303538204397407529e+00
2.525397921599286999e+00
2.294728964908029134e+00
2.255417637608525538e+00
2.765697295371145614e+00
2.358380346592829024e+00
2.022475227416253851e+00
2.352024752275757358e+00
2.398474449028594080e+00
2.282625922864085943e+00
2.367980661355757022e+00
2.656551107531693212e+00
2.559793269488385370e+00
1.946366416436517977e+00
2.462298378402770105e+00
2.827276232196366479e+00
2.651335105671422276e+00
2.320833145658968810e+00
2.744755531468648257e+00
2.296933083414824939e+00
1.933541882463975847e+00
2.229430964298099838e+00
2.444000779017554414e+00
2.387726370521809471e+00
1.960637860367012264e+00
2.356859181075706466e+00
2.445757010847560142e+00
2.253269108031254575e+00
2.132436526693198608e+00
2.514888081622228100e+00
2.611500039603382284e+00
1.669325945657649912e+00
2.130359015909574882e+00
1.993903129871621438e+00
1.949282528256431446e+00
2.412891075855445600e+00
2.747028362542133895e+00
2.465159243127259980e+00
2.304804384198634537e+00
2.676414382777704937e+00
2.496539833425154065e+00
2.885138830330852944e+00
2.302392582262495324e+00
2.139676837485214200e+00
2.348974464599410616e+00
2.439729129593566359e+00
2.387947754822322466e+00
2.639954270217409249e+00
2.443912331392784409e+00
2.872784883008838275e+00
2.375871866053281156e+00
2.581697649649985937e+00
2.360735100697597399e+00
2.415421466856633614e+00
2.561495449731000740e+00
2.106836230131371668e+00
2.228609809263921715e+00
1.914375711350059239e+00
2.634421390368236970e+00
2.433193231006502533e+00
2.443765501873190527e+00
2.710013350293076329e+00
2.444653959777718821e+00
2.782553639533198453e+00
2.724952383856489746e+00
2.732863838879016960e+00
2.523980046618623518e+00
2.238675622314259872e+00
2.544506514368424455e+00
2.419434873969484201e+00
1.684335310601187796e+00
2.642492743291700030e+00
2.537894167779533472e+00
2.676951620861737879e+00
2.313712056937617056e+00
2.485431071079713838e+00
1.844748597344282093e+00
2.225228618650471279e+00
2.335990251835816878e+00
2.318625206658733173e+00
2.569835200800123509e+00
2.254250988921320253e+00
2.117636940014743452e+00
1.800355714870603752e+00
2.217412962262773846e+00
2.580836471918399599e+00
2.348042352352148310e+00
2.807588117826459673e+00
2.508313758304321794e+00
2.348485043824586782e+00
1.951513992258449903e+00
2.095411499028454472e+00
2.460108130158709550e+00
2.116274686173758912e+00
2.474098478727152717e+00
2.983721165503149475e+00
2.279003492951871657e+00
2.574501389598860879e+00
2.360537863351586996e+00
2.428600107334934588e+00
2.335331896733412460e+00
2.680270291310477226e+00
2.388689897354211666e+00
2.362216317930764031e+00
2.570062961112422606e+00
2.791387253751425934e+00
2.068607040694165011e+00
2.338462669837543029e+00
2.429832202828338339e+00
2.451974961009264931e+00
2.715386118182846253e+00
2.572400333388177529e+00
2.137171080714789895e+00
1.924009401128030650e+00
2.467060916922223957e+00
2.328703954054290648e+00
2.860206295617798933e+00
2.189207250302138696e+00
2.731671662928028876e+00
2.255684093462098971e+00
2.279995076149803346e+00
2.007775154006120388e+00
2.016305868867040552e+00
2.089082032915055898e+00
2.425822598586556467e+00
2.284532607350895361e+00
2.795093508771001378e+00
2.219940621509383760e+00
2.476903829961212722e+00
2.172387772964834873e+00
2.744470359730059705e+00
2.650132639759910536e+00
2.077511175576632674e+00
2.810465074919097805e+00
2.226013838705134695e+00
2.862342266203369956e+00
2.194182338493428475e+00
2.254572315438681418e+00
2.436790765062126773e+00
1.934505422353731463e+00
2.418246446084760137e+00
2.384620555379945106e+00
2.500314578736711812e+00
1.818009958485908628e+00
2.157423818905234825e+00
2.708843796548819682e+00
2.090009177443370891e+00
2.133632468951275563e+00
2.511920981718229307e+00
2.564538883229493305e+00
2.575639750152060259e+00
1.962341558419432364e+00
2.422209293550738884e+00
2.273061427005152790e+00
2.308360045714209274e+00
2.566003753644339191e+00
2.356862758058571927e+00
2.678383166200650756e+00
2.434678291704751807e+00
2.570986953482982784e+00
2.391005559419071780e+00
1.833461829202960081e+00
2.312591835657018535e+00
2.654838691327587874e+00
1.986750561977791429e+00
2.434192158082983948e+00
2.650049761135106596e+00
2.212073710178904307e+00
2.891549173480902457e+00
2.551749275930787153e+00
2.256438241064971706e+00
2.210444176794291060e+00
2.480289734544230296e+00
2.882189703909519896e+00
2.566969042059891848e+00
2.084918115940969763e+00
2.777792535342412439e+00
2.052574110656235629e+00
2.468924137618846881e+00
2.243813820422772665e+00
2.310004389278242698e+00
2.275540696869506441e+00
2.167507450041620931e+00
2.568975313479965550e+00
2.571393685366731408e+00
2.013256414520464777e+00
2.435917629489168235e+00
2.395360776271202141e+00
2.125686331559027309e+00
1.737634842117298017e+00
3.011258523577349244e+00
2.284958851138624514e+00
2.132765075309364988e+00
2.693080196525786896e+00
2.348413131142249366e+00
2.675279354655391018e+00
2.924651175235274625e+00
2.437283215878839560e+00
2.179928873964879887e+00
2.509835877378000291e+00
2.454681120551947426e+00
2.364405352819436423e+00
2.536920353164820785e+00
1.803966752205015567e+00
2.907933809159698235e+00
2.275594379613663509e+00
2.323708559345207814e+00
2.709631587496060146e+00
2.759472470830920177e+00
2.678170322037248585e+00
2.378832041504327588e+00
2.352482634395412386e+00
2.821590504372302632e+00
2.571164192569733942e+00
2.512506495924395900e+00
2.369238511854350637e+00
2.552862442445377855e+00
2.226590759024484889e+00
2.022433221070385478e+00
2.503724619780677063e+00
2.380531112421951256e+00
2.484868694604705386e+00
2.478875680309100993e+00
2.181073994586437692e+00
2.175005309386042196e+00
2.497316737273203469e+00
2.382694699719640319e+00
2.045529999022620338e+00
2.009280261314133398e+00
2.677992112169053751e+00
2.482801602067632896e+00
1.991757718312138215e+00
2.534312334479836615e+00
1.957297116467702214e+00
2.367151008523156186e+00
2.216395090540878243e+00
1.873879419919904699e+00
2.224434196092033744e+00
2.423613831703093524e+00
2.311789293737644524e+00
2.721619567892387792e+00
2.213724395318882543e+00
2.389398466539037980e+00
2.607147753520855371e+00
2.718007102078246806e+00
2.312994768053515671e+00
2.482651030081735488e+00
2.278225391775398734e+00
1.680865137250478147e+00
2.539854321129538128e+00
2.153108978308278854e+00
2.100998930687365540e+00
2.545812795393465056e+00
2.912627830136092388e+00
2.388966397984425782e+00
2.478886830757211612e+00
2.708169812084150418e+00
2.534016770945948238e+00
2.491552017990930956e+00
2.766769677604996147e+00
2.525897902650105387e+00
1.882712433000778951e+00
2.756299229118387650e+00
2.368225283534442394e+00
2.091728939518368691e+00
2.194942177596136190e+00
2.504863345543455910e+00
2.435823871293567144e+00
2.672705222552407722e+00
2.900878885523183293e+00
2.414225044925221830e+00
2.288994182070967831e+00
2.460667596764338327e+00
2.260764670129806753e+00
2.110115222761158371e+00
2.516650202018757110e+00
2.529889082224153096e+00
1.992472489241400080e+00
1.919327438714762302e+00
2.038412049849708474e+00
2.687057061204787267e+00
2.280555398973010295e+00
2.640531927924174571e+00
1.904480370306488313e+00
1.905818935779090673e+00
2.292305105272927523e+00
2.605189146700080727e+00
2.445813113402052430e+00
2.031903549908012252e+00
1.999574053880505131e+00
2.959073558311805296e+00
2.482235540581143596e+00
2.610778184945244274e+00
2.132123415014464562e+00
1.950897255674067132e+00
1.905072136259406301e+00
2.621049875811239271e+00
2.171357918395683484e+00
2.934313947905982545e+00
2.720712495688239585e+00
2.327803704560783338e+00
1.915425883210967628e+00
2.694725326316496083e+00
1.998756173928648794e+00
2.081794667094929441e+00
2.766773136390264121e+00
2.342420841136894083e+00
2.075519993201211388e+00
1.877165479897290101e+00
1.939624975372225446e+00
2.385738835072004349e+00
2.545911423749389613e+00
2.330030283836387550e+00
2.136921667267840608e+00
1.898864969616685272e+00
2.375088850950037411e+00
2.251763459369690690e+00
2.340004205706789797e+00
2.761621222600090242e+00
2.461107502009121539e+00
2.266316209828517891e+00
2.662962351115521820e+00
2.081033110139427489e+00
2.518644972454442854e+00
2.305582787494230068e+00
2.306190122806021758e+00
2.237232764161848131e+00
2.380368131441471302e+00
1.882336382614841153e+00
2.138323600568665661e+00
2.713274789568598244e+00
2.813719226500891679e+00
2.137340428144444360e+00
2.003614422859501865e+00
2.156414969039169627e+00
2.334604119882934370e+00
1.910029851530287592e+00
2.441277217383878817e+00
1.900390637683629036e+00
3.001205648394257075e+00
2.731476674064508448e+00
2.623943762883716335e+00
2.921826809659788360e+00
2.352173819394848930e+00
2.352864003998673681e+00
2.736196675038415460e+00
2.187116517408357552e+00
2.434842314310846856e+00
2.313283191588141552e+00
2.556104127442118568e+00
1.794584618169964951e+00
2.129689285925771447e+00
2.467434286848728231e+00
2.771684352705401366e+00
2.386189181406348503e+00
2.682966820774317362e+00
2.866644520612112057e+00
2.227365963516123593e+00
2.227049457351482076e+00
2.360988176018979701e+00
2.498669617538215260e+00
2.572899799473359117e+00
2.066402358183682786e+00
2.298738211597388226e+00
1.985000549780208345e+00
2.506231132172564102e+00
2.491648699940509193e+00
2.310650257422887321e+00
2.484837167270335545e+00
2.473395199951076595e+00
2.868675373213259938e+00
2.587404426592052609e+00
2.668857872315317792e+00
2.151309944834300047e+00
2.032906976262675691e+00
2.821504009611925490e+00
2.391426682666962122e+00
2.759768064573752344e+00
2.566244436543162255e+00
2.656529899296907971e+00
2.286230295382088329e+00
2.560259889749556095e+00
2.074442731525603989e+00
2.253482602361009945e+00
2.797809139606161732e+00
2.014312460795145476e+00
2.249352356418955701e+00
2.444982490516733442e+00
2.632445252614178166e+00
2.107258340856214662e+00
2.728175562923089714e+00
1.908110853028645915e+00
1.963006711024228412e+00
2.952975704944414748e+00
2.488723793215816382e+00
2.231882320278425702e+00
2.063186616875962720e+00
1.671033160455923872e+00
1.925709168751063904e+00
2.750462550724631861e+00
2.012019169523537876e+00
2.488860568894359027e+00
2.585992053992106854e+00
1.772795892897630621e+00
2.248322929028071293e+00
2.640211862306446111e+00
2.832776901644218359e+00
2.436529930414525147e+00
2.605595905207697793e+00
2.598412272272974555e+00
2.104734862764160663e+00
1.858354545803516222e+00
2.250231109498711302e+00
2.680521794242392897e+00
2.142441907136850343e+00
2.400362624648240573e+00
2.158924002246788376e+00
1.979548716638795947e+00
1.737663213404753826e+00
2.177484274822528931e+00
2.485787027541459970e+00
2.648089634241932888e+00
1.848468467098306922e+00
2.532111394214795030e+00
2.033972688005952101e+00
2.422345590395666992e+00
2.494930025961067166e+00
2.850308693231407009e+00
2.067193203885081765e+00
2.794442033608065312e+00
2.400443232277495564e+00
2.146923220339743033e+00
2.602911572330220746e+00
2.452705099115801701e+00
2.604640621576653992e+00
2.382637271094380171e+00
1.856131661015090195e+00
2.450831957159794960e+00
2.170645631264102704e+00
2.415869006390938267e+00
2.255711189812303896e+00
2.521114889493931255e+00
2.145830027425021935e+00
2.209809652314077333e+00
2.491984534646725091e+00
2.002222375079392158e+00
2.485481060533250020e+00
2.639178141002350486e+00
2.638316700338550813e+00
1.875841911859557287e+00
2.773099930441523586e+00
2.306804647815652309e+00
2.421310528991133193e+00
2.595085471815725242e+00
2.773736076734862444e+00
2.182723840284370720e+00
2.483357060819099349e+00
2.500933181996189969e+00
2.449784376497855742e+00
2.923354571028768945e+00
2.156599474100447722e+00
2.445473203404786577e+00
1.946728385357914037e+00
2.214328629938829618e+00
2.996581089220128113e+00
2.263749140469019761e+00
1.867465879771881943e+00
2.420088155318965928e+00
2.206805962591816161e+00
1.900644258682503862e+00
2.725895862948457538e+00
2.264762391962697574e+00
2.083716787710238272e+00
2.132798586564712551e+00
1.839150824276955642e+00
2.815332982421749897e+00
2.650373696025538184e+00
2.231478211600313344e+00
2.534345782017885185e+00
2.859077295114348161e+00
2.553898298854136328e+00
2.304683671560761038e+00
2.103460538018802506e+00
2.695853644614270461e+00
2.269409523374392279e+00
2.576626432870717132e+00
2.519353760833479505e+00
2.144895963883205248e+00
2.403884138686562366e+00
2.988063798622282885e+00
2.070273334708431889e+00
2.214044312402967396e+00
2.279139674316787101e+00
2.084908091154408449e+00
2.730853273626835609e+00
2.279780871549140109e+00
2.420953795966490851e+00
2.117101494716788324e+00
2.235540798862677647e+00
2.016811649655156025e+00
2.362695646474157751e+00
2.693836785350795182e+00
2.358995816996883654e+00
2.058934122554770152e+00
2.549950261526377382e+00
2.287978941582025527e+00
2.370536190305969626e+00
2.556514632495455963e+00
1.748338657629576076e+00
2.487809633659717079e+00
2.012702827458852095e+00
2.043269856417427199e+00
2.487451647774188146e+00
2.552416922512690256e+00
2.358444033740979773e+00
2.403614704525408818e+00
2.041502590281716323e+00
2.290963644856154335e+00
1.828391097850699420e+00
2.114653837395300329e+00
2.621466567866915121e+00
2.020926598655111039e+00
2.408633651266442133e+00
2.715176975408585047e+00
2.636786334594913850e+00
2.352100500564935803e+00
2.666174701048980467e+00
2.082130819252607346e+00
2.437651370870528744e+00
2.564868980938741050e+00
2.031129435871756428e+00
2.193667568468356865e+00
2.432148951623903432e+00
2.424397635876619717e+00
2.359289273334634451e+00
2.181224464195771873e+00
1.927507418229857272e+00
1.817469703774141632e+00
2.356022030788976984e+00
2.732828153109803981e+00
1.980741707090271975e+00
2.560787492592518255e+00
2.179134327590303677e+00
2.363189713913812273e+00
2.397802259230650712e+00
1.781053193318144601e+00
2.580717915497368509e+00
2.224334672298846183e+00
2.291648084750680159e+00
2.132002215326036509e+00
2.377484843731631159e+00
2.401782297500378416e+00
2.170693864430967679e+00
2.265984776519646804e+00
2.167209087998537065e+00
2.223643562758244929e+00
2.276659369017106194e+00
2.371592044827988133e+00
2.271865745438082840e+00
2.447058271736850088e+00
1.750658988028219065e+00
2.254209488287234553e+00
2.598899497620855481e+00
2.585851618268117491e+00
2.747261595633400777e+00
2.119104180805849502e+00
2.472760088921879262e+00
2.914729997131179751e+00
2.090216153139252242e+00
1.981319585206017031e+00
2.462319191834364318e+00
2.365922385996869437e+00
2.319671180233993102e+00
2.138103735150150619e+00
2.446683747387239372e+00
2.445405767997337776e+00
2.096242659992981316e+00
2.128791747674166235e+00
2.120682392832446972e+00
2.207629165770239155e+00
2.384214507724983445e+00
1.985356464545360300e+00
2.246921554810988653e+00
1.779253505246888301e+00
2.310044527824654637e+00
2.097927421694798511e+00
2.197553513204790754e+00
2.353132898522889427e+00
1.806074938504490746e+00
2.127154937960487047e+00
2.859335241850700093e+00
1.977339076756042369e+00
2.649250027123470019e+00
2.522918578367426612e+00
2.098722826445126977e+00
2.083315272033985810e+00
2.940012080295816510e+00
2.080048780942544973e+00
2.850815646809684800e+00
2.997695790688805317e+00
1.991902907801548217e+00
2.909730201282301199e+00
2.178150980094894162e+00
2.670204722933362973e+00
2.817146324769079779e+00
2.020195636785522275e+00
2.633815767761395144e+00
2.021648947013657605e+00
2.665563712903002536e+00
2.215359127308259790e+00
2.571561797180756503e+00
2.398755751396785207e+00
2.086821141241925748e+00
2.352958589725791860e+00
2.229041018139851005e+00
2.769428715433721599e+00
2.784308423954201306e+00
1.850102166203313248e+00
2.006979690115257675e+00
1.753144985028481040e+00
2.761144518965144012e+00
2.466925409899110466e+00
2.526742866175291535e+00
2.530196389907776844e+00
2.673600293804389683e+00
1.896502275717065533e+00
1.606646221886107062e+00
2.022297870142123255e+00
2.868698487183068746e+00
2.343829667089440960e+00
2.461912102033064542e+00
2.292517906876947897e+00
3.104914089542956113e+00
2.608587319013752737e+00
2.475368525866647573e+00
2.735569221472679668e+00
2.932306248990687259e+00
2.203289366993148146e+00
2.783917686343162945e+00
1.722678566663533362e+00
2.199881392712849770e+00
2.640681374960168970e+00
2.744641445651216927e+00
2.306333169256857829e+00
2.552912598281912526e+00
2.392593208443336117e+00
2.662208519388404415e+00
2.212806136728064477e+00
2.061517454911609981e+00
1.674246975521392233e+00
1.803666919188098738e+00
2.334747191792596155e+00
2.620300321476828564e+00
2.326060113727967948e+00
2.088049425892707589e+00
2.663711930969395070e+00
2.843866579558601337e+00
2.783043078302687601e+00
2.685209720427713442e+00
2.484628155291287221e+00
2.887266597927631295e+00
1.843635105305778898e+00
2.362574791560473564e+00
2.190951124909659153e+00
2.078274651892200175e+00
2.705811692503886423e+00
1.769912365627128059e+00
2.736503495999270008e+00
2.669837490161388160e+00
2.598369848997481135e+00
2.737407230077272047e+00
1.894395405526983156e+00
2.765214897191490273e+00
2.753823777255646643e+00
2.486441708753920121e+00
2.909863091074094132e+00
2.202147311958891240e+00
1.842529385592323266e+00
2.076943133978895517e+00
2.415404712625302430e+00
2.603517044557810411e+00
1.922164586335275427e+00
2.329170468468658495e+00
2.841256895151203388e+00
2.343188824338276355e+00
2.623060348442707301e+00
2.171915606745854710e+00
2.290946085265152199e+00
2.339264435053498126e+00
2.434078467859437822e+00
2.251302410265781262e+00
2.528475048597796260e+00
2.199932331846819800e+00
2.395868599866908255e+00
2.094895638989814124e+00
2.241236015075806609e+00
2.261713153345937144e+00
2.566531097136444117e+00
2.408035981587679952e+00
2.601819012136453502e+00
2.857008883528623144e+00
2.065242240934115792e+00
2.497909921023126145e+00
2.487575519450660799e+00
2.845199220471168466e+00
2.065536993194929671e+00
2.280305171290684996e+00
2.835315180356067000e+00
2.532180305381730001e+00
2.564879784766176840e+00
2.800942797857429500e+00
2.052433461070179987e+00
2.664074538294922689e+00
2.818271663660629756e+00
2.710229139034622037e+00
2.843408275859133472e+00
2.229008990906816479e+00
2.133930459084210085e+00
2.258396470850790649e+00
2.223988573069413555e+00
2.182552737955889111e+00
2.088729969642669992e+00
2.421147121857157636e+00
2.310307638377974815e+00
2.334666087096851417e+00
1.950723467292865276e+00
2.664263090502789755e+00
2.928289659608342532e+00
2.005271018358162127e+00
2.682785096768422584e+00
3.103215412647071236e+00
2.742525941467275352e+00
2.490288178256045093e+00
1.969954512196697038e+00
2.308332476117546328e+00
2.291926625622847435e+00
2.318309501841486764e+00
2.894882112304275612e+00
2.440139730754577130e+00
2.429527014508352067e+00
2.084748515313526340e+00
2.243447066572634263e+00
2.192142948656350399e+00
2.634892442666795453e+00
2.858004780833609981e+00
2.838662748607462927e+00
2.225637688873876030e+00
2.073652778470908231e+00
2.453831917651879024e+00
2.700695475407618673e+00
1.906804571379996815e+00
2.010330208132211638e+00
2.825112660270282294e+00
2.104320118465811795e+00
2.625562220866428653e+00
2.913865875714636289e+00
2.867403906245844514e+00
2.558614985927545771e+00
2.531790423842132931e+00
1.853210162594564281e+00
2.216533312984566351e+00
2.161894607286248604e+00
2.673683385292423331e+00
2.622453595810536608e+00
2.250894932723618957e+00
2.289300605361279217e+00
2.158428699323697852e+00
1.804990504278853880e+00
2.304796514271423735e+00
2.396608382273687887e+00
1.752754216071851445e+00
2.136718852038490546e+00
2.158271256348795575e+00
2.680458844300014132e+00
2.483732172851189191e+00
1.968888337018100954e+00
2.583434727016673538e+00
2.299081050418586791e+00
2.261706272165805665e+00
2.188058362808783741e+00
2.532928099372761199e+00
2.481265450963879626e+00
2.357402667952928077e+00
2.492675858346413253e+00
2.318099376008464940e+00
2.612160488077956977e+00
2.312217380676433010e+00
2.310963802662814537e+00
2.297320988522934648e+00
2.111281051576101575e+00
2.060606980095968321e+00
2.519240011859719353e+00
1.839470816894761995e+00
2.399809130007830582e+00
2.514935253269332982e+00
2.776731950179256891e+00
2.318102006057959574e+00
2.765521933097776941e+00
2.493595475155405694e+00
2.341500443670835541e+00
2.820251422305030786e+00
2.480685652816454034e+00
2.319927246764277307e+00
2.720220010004484656e+00
1.781775556881248557e+00
2.334484776947219675e+00
2.675372607443172956e+00
2.329888851677322847e+00
2.600342869779457278e+00
2.238668413929949530e+00
2.828926117334744639e+00
2.416100767657007875e+00
2.205038005388334721e+00
2.619698988802188211e+00
2.208703629659590550e+00
2.542391079424080491e+00
2.394768880920266518e+00
2.082508306070981252e+00
2.066384804294854938e+00
2.045238155216868581e+00
2.373114734919465008e+00
2.196874203438705209e+00
2.521133683388334212e+00
2.589980447282120402e+00
2.368383536283666935e+00
2.467864413716220895e+00
2.828355646983594873e+00
2.144435933215224299e+00
2.085499787335956867e+00
2.215655332200521244e+00
2.698012299461208130e+00
2.189647764143839659e+00
2.288911770546919300e+00
2.227480527968833890e+00
2.041999821082219668e+00
2.591007071569821907e+00
2.099910980847864650e+00
1.977032421159268472e+00
2.260410675324444174e+00
2.888230509584897021e+00
2.022133159848368500e+00
2.289942815648444263e+00
2.485477543170769188e+00
2.438125136165097295e+00
2.702246853062628684e+00
2.646223554887521257e+00
2.016016795333012368e+00
1.904377070776990255e+00
1.765236265639270608e+00
2.059609908257060695e+00
1.767527546491623358e+00
2.834364620347252561e+00
2.667814736629216643e+00
2.106677647378208729e+00
2.485647901273364990e+00
2.523706084909286940e+00
2.241359398180042817e+00
1.987275704292235323e+00
2.808419799086387503e+00
2.193845741651234249e+00
2.357523283780352141e+00
2.998330998518306867e+00
2.664385554873915041e+00
1.707023521397676991e+00
2.621393445742779438e+00
2.371512439912848880e+00
2.653942140873785771e+00
2.890769109354061506e+00
2.065574385301824023e+00
1.999144268991618789e+00
2.711645240345247121e+00
2.019120198780057773e+00
2.146017050701686912e+00
2.666950433541572796e+00
2.294098259452133526e+00
2.250849561004079291e+00
2.377145023723314043e+00
2.476322702192806702e+00
2.044686109626418613e+00
2.563708943883937774e+00
2.597695123375037163e+00
2.443376868547281866e+00
2.435245862332548583e+00
2.400152551967035919e+00
2.606302255424382430e+00
1.849540241028361010e+00
2.167172177504038899e+00
2.019804333676387120e+00
2.149485337368403748e+00
2.125943332305605171e+00
2.150189118219300255e+00
2.243027765327570755e+00
2.743560597354759434e+00
2.325373814325856436e+00
2.260861456642687894e+00
1.749744912682126730e+00
1.855582150416318576e+00
2.661211215630686855e+00
2.016368829267166429e+00
2.821906881709685067e+00
2.176784336460195313e+00
2.230364668876371859e+00
2.786382894182311887e+00
2.344537969616941275e+00
2.028282272292431188e+00
2.418611227646993544e+00
2.251220699470299902e+00
2.650600030429111964e+00
2.499865330925206575e+00
2.604021649288206675e+00
2.885792549114080341e+00
2.577881732101767298e+00
1.886780792351069991e+00
2.820876374544428078e+00
2.332011435565783497e+00
2.330254632598789399e+00
2.314864822532119781e+00
2.612081947754170574e+00
2.402916656274038498e+00
2.470847553885604952e+00
2.044062373048623371e+00
2.372081380524758920e+00
2.228904024406307194e+00
2.103893216033417612e+00
1.618190071475926084e+00
2.665446927304175873e+00
2.648681236648920301e+00
2.186208797883941735e+00
2.631763056564135450e+00
2.516418079638622629e+00
2.338413754880409368e+00
2.437229342966761969e+00
2.859896454580406200e+00
2.324937532682391339e+00
2.173443366723518899e+00
2.545011586781933843e+00
2.384485618482584446e+00
2.731543229736934197e+00
2.133045704633921513e+00
2.876776083989193822e+00
2.406671586977200850e+00
2.106298800775449287e+00
2.473353864958269810e+00
2.576037083272419537e+00
2.263890771169632110e+00
2.919613384863622318e+00
2.344913470838934089e+00
2.242433070391943506e+00
2.956782750773038426e+00
2.207732033583487130e+00
2.405187679332100537e+00
2.217886662895196093e+00
1.982915377572104676e+00
2.276951521897174757e+00
2.852868874712678693e+00
2.826282457878895205e+00
2.657632688124906828e+00
1.758616900497941282e+00
2.324185293792450757e+00
1.981126180438721462e+00
2.372299410572034972e+00
2.634238789011447146e+00
2.268069623413838887e+00
2.399528288630144779e+00
2.278228794764717957e+00
1.843542635568325538e+00
2.521568340287114296e+00
2.347370954727089565e+00
2.197378937055971981e+00
1.927656080256927140e+00
2.759514232984644710e+00
2.514335826494371151e+00
2.272361364261876737e+00
1.973829646158506979e+00
2.211623432011696977e+00
2.021533131012235085e+00
2.158529303401847788e+00
2.392238134926664372e+00
2.100559953489445242e+00
2.738714366742768025e+00
2.297833216054313787e+00
2.357810925279545611e+00
2.081902138274357217e+00
2.793590977262104591e+00
1.873946288292525963e+00
2.390187189644441990e+00
2.499618026912126645e+00
2.854742750200299106e+00
2.858401770202381620e+00
2.019521961147217937e+00
2.261229475860365046e+00
2.731858423061220176e+00
2.382905489867093163e+00
2.484742851338242797e+00
2.716240680029635701e+00
2.877694899473236312e+00
2.774723558914117039e+00
2.621135259351012436e+00
2.541031661362937122e+00
2.097035191793724440e+00
2.140101378068052895e+00
2.560167314772773484e+00
2.176743049070775538e+00
2.560548584761116686e+00
2.317248769388973617e+00
2.945364826781622369e+00
2.671174848362698917e+00
2.787137667761931059e+00
2.077118613151649917e+00
2.286983341461226615e+00
2.837484442475139090e+00
2.868975557640458973e+00
2.104880160042700510e+00
1.823873582339873956e+00
1.862105891917029910e+00
2.844928313941792020e+00
2.581042148048083629e+00
2.606594576614170933e+00
2.276984068677715189e+00
2.593769616620803742e+00
2.453102791127472759e+00
2.486945683596135659e+00
2.527610807976464979e+00
2.114305080160902239e+00
2.633309729664029319e+00
2.384912660017349140e+00
2.467794990150772083e+00
2.427970160359305130e+00
2.241338845668474189e+00
2.416501465896600642e+00
2.151550472994316898e+00
2.596025435461367437e+00
2.837272292256419970e+00
2.413118308790302979e+00
2.779412711531211500e+00
2.405997269371445313e+00
2.512479157158272081e+00
2.683191053144475369e+00
2.477845777975757002e+00
2.292920574864742989e+00
2.593172957618249619e+00
2.712479329767373493e+00
2.799954194520158701e+00
2.022924221827126168e+00
2.733945466754316378e+00
2.178081341660086601e+00
2.354070320574574104e+00
2.604233770135578219e+00
2.380689903833455467e+00
1.879660069762420616e+00
2.921776326523640943e+00
2.231548288344948006e+00
2.004590842333324296e+00
1.871798783872138383e+00
2.386946982181636479e+00
2.536243224523454742e+00
2.613796727013057541e+00
2.453784004216144066e+00
2.686869795411408468e+00
2.003088356604835418e+00
2.098342393524656568e+00
2.631357454085818670e+00
2.547627332919234266e+00
2.603315856692610009e+00
1.942984296300665159e+00
2.397141770766614943e+00
2.535540354724909129e+00
2.415581128064132610e+00
2.639200916907024741e+00
1.909722054383240719e+00
2.357104777518808092e+00
2.418836581026380106e+00
2.877233976005433291e+00
2.005483564361175031e+00
2.605389786188419876e+00
2.581143113895616459e+00
2.933639691960059359e+00
2.468343294208397154e+00
1.876513698765361671e+00
2.308894396328038834e+00
2.606776873735320077e+00
2.392276690754845170e+00
2.511558123289597599e+00
2.487707109946550421e+00
2.042776847919150374e+00
2.211512199521340705e+00
2.076811579844418887e+00
2.298798026758329893e+00
2.567037605851067994e+00
2.670317743559329493e+00
2.395767744957790324e+00
2.443180232016498366e+00
2.773639783555102767e+00
2.554775037827472506e+00
2.774037893949464095e+00
2.029788678981336858e+00
2.642248566943840249e+00
2.791756476608698634e+00
2.511557838957608091e+00
2.154815879434460513e+00
2.142684285434963698e+00
2.195301672851442731e+00
2.135228157122370796e+00
2.113182775089192944e+00
2.714479246344706720e+00
2.747649375731033849e+00
2.375590468917326614e+00
2.081570880866564277e+00
2.666031921104293101e+00
1.761981662111069546e+00
2.953930220372815718e+00
2.298987274845497364e+00
2.208312114710980545e+00
2.380482455548481369e+00
2.649799202700420242e+00
2.746390368217031863e+00
1.820573838322555815e+00
2.276046302777536390e+00
2.490165190333373690e+00
2.038324799547915234e+00
2.379814980109997258e+00
2.351730084604539694e+00
2.189177908441469533e+00
2.162902992055834250e+00
2.497540011729312059e+00
2.723093222941008307e+00
2.755263493334929592e+00
2.605700374679722042e+00
2.492126283766348482e+00
2.534455457160830427e+00
1.957447608535781480e+00
2.563173517639564913e+00
2.248407748765319347e+00
1.984994376185169829e+00
2.393035550037428738e+00
2.547365122550629302e+00
2.939320628623973697e+00
1.948822750360639899e+00
2.743044073647174397e+00
2.226187464047118869e+00
1.997366524418957789e+00
2.878643424446006183e+00
2.163940569125537117e+00
2.323144216193867351e+00
1.745495327917575556e+00
2.718141271626564492e+00
2.571132044860039656e+00
2.458574747785626791e+00
2.468802598814009208e+00
2.391680944986283919e+00
2.726494625914846814e+00
1.925707538625907045e+00
2.045683817344905897e+00
2.336855275549064803e+00
2.596545783709987454e+00
1.859439559072193937e+00
1.999452615056035665e+00
2.791587715837270167e+00
2.160351712255494938e+00
2.379146284860432559e+00
2.077686473101491238e+00
2.328879678998022840e+00
2.716940022227417373e+00
2.466938146410806887e+00
2.825239902537704850e+00
2.306114787987723513e+00
2.049663912271849853e+00
2.357432208347358671e+00
2.680984941664569465e+00
2.167425573012708107e+00
2.020602837742278446e+00
2.500277099223547239e+00
2.005794718431840096e+00
2.483275545161738762e+00
2.502730756958760683e+00
2.004749637788402428e+00
2.119988457488020117e+00
2.475615799595866307e+00
2.542631470788535353e+00
2.385349364889902901e+00
2.805688767326539157e+00
1.850592185056062045e+00
2.258849221246321370e+00
2.179227948743473142e+00
2.511152598235880884e+00
2.335762467168100098e+00
2.483740210272764148e+00
2.594264836434898136e+00
2.442090413105374225e+00
2.896527642680863934e+00
2.541381460825401284e+00
2.292148778153059840e+00
2.623862684506347964e+00
2.382934109721272620e+00
2.368560628017076120e+00
2.333733422109313338e+00
2.182741006025003649e+00
2.249287005094718683e+00
2.362053238771756547e+00
2.285552840482214521e+00
2.959105207910907698e+00
2.263948415109432233e+00
2.289968101157379365e+00
2.215262256028067700e+00
1.775650341592870829e+00
2.520637645825654083e+00
2.723509158663552476e+00
2.354203719089764668e+00
2.755606745656095757e+00
2.454707490573245110e+00
2.694160658484970217e+00
1.827153716048425913e+00
2.124908837587123234e+00
2.487815674705377678e+00
2.117231476167146020e+00
2.131235800531958713e+00
2.578228530020720832e+00
2.403364715208693436e+00
2.670102044970786181e+00
2.942553222808352409e+00
2.524286670948990619e+00
2.545969660980881066e+00
2.370728299276300355e+00
2.278429621162393115e+00
2.140508447157294825e+00
2.433330018671871375e+00
2.091364858521707060e+00
2.349233472784749033e+00
2.229759541924980049e+00
2.484674577066436907e+00
2.614824956905532627e+00
2.638866582190114940e+00
2.576029207673411037e+00
2.667417197916849059e+00
2.278736582591403881e+00
2.345798941978190832e+00
2.512758961527768342e+00
2.209672881174099768e+00
2.882351248348512307e+00
2.400030020045736734e+00
2.522233146336930965e+00
2.303757983983638624e+00
2.524752728765242260e+00
1.961021175445453624e+00
1.868457736835642979e+00
1.847940173385787421e+00
2.356586488731473139e+00
2.571199688817445317e+00
2.332060257203931286e+00
1.989015610405095336e+00
1.732450514581628465e+00
2.128724016829281140e+00
2.734045761062688484e+00
2.270958110976070810e+00
2.703445086260419572e+00
2.308407682401695915e+00
1.574099971676985898e+00
2.010686920904981356e+00
2.703034109208101832e+00
2.781046121262568338e+00
2.773316843482641403e+00
2.128273252083601186e+00
1.615183262445977208e+00
2.894269676977374139e+00
2.545084981595981510e+00
2.392199314537815535e+00
2.095100451798071362e+00
2.014259102367178311e+00
1.904737830272455357e+00
2.324132669392682704e+00
2.383417617689850498e+00
2.295832713813491743e+00
2.096130027157515840e+00
2.460010636016071395e+00
2.300953662832148527e+00
2.975531756390410454e+00
2.638258119933466705e+00
2.757780043287498817e+00
2.699841823322735035e+00
2.584224718558900680e+00
2.414832008770012806e+00
2.522735666611378491e+00
2.417812053182951448e+00
1.839242534541143836e+00
2.570468807124508093e+00
2.707989377674451248e+00
2.734988592038068766e+00
2.765261649410646783e+00
2.284299934296156742e+00
2.265932272439492579e+00
1.578803277267031069e+00
2.060130497030918661e+00
2.892842157121242597e+00
2.120773825858131012e+00
2.340939382148754078e+00
2.127340972004284403e+00
2.458243930346830641e+00
2.239785419027505498e+00
2.674380734237243207e+00
2.055479288678450089e+00
2.333457075174662609e+00
2.326362609420230321e+00
2.193117958399805723e+00
2.152436005548546305e+00
2.000358544174575037e+00
1.913167221010571017e+00
2.759409702573235368e+00
1.965911564564653879e+00
2.233027279165586521e+00
2.370372969041656841e+00
1.986101109553509270e+00
2.061001855756828149e+00
2.531177113379943222e+00
2.639681432602770883e+00
2.372832228772992824e+00
2.497396886832514262e+00
2.502003256146288379e+00
2.213455428609389930e+00
2.830871123926467003e+00
2.244975929636820133e+00
2.260059276365569136e+00
2.408720418341103287e+00
2.237269375240875213e+00
2.145273637224031749e+00
2.578594374448902382e+00
2.451061405550979622e+00
2.700406101005984105e+00
2.282629594433878140e+00
2.132738753760836659e+00
1.843526984220263287e+00
2.416580511420940436e+00
1.906018994098207520e+00
2.211847525859651498e+00
2.297282413928691369e+00
1.911033537192921017e+00
2.926914615009837295e+00
2.761807321362371059e+00
2.432451750371165566e+00
2.442057856829693119e+00
2.304211446704037769e+00
2.771188080565823775e+00
2.716765394351135843e+00
2.173993609233013213e+00
2.126246588475239285e+00
1.603688091490320433e+00
2.443673432691462200e+00
2.523888299207647457e+00
2.337293496592227626e+00
1.950138647664617420e+00
1.857250775184187797e+00
2.608828650073907962e+00
2.692790104707225574e+00
2.412053269725414673e+00
2.349880994309866189e+00
2.136609497530276069e+00
2.847909445782411453e+00
2.468810081529142941e+00
2.490813109395516367e+00
2.099458757837791012e+00
2.402827541663686617e+00
2.578752172289284772e+00
2.322349742795470462e+00
2.738521623216645828e+00
1.832027733339451459e+00
2.160644395165665976e+00
2.747287445891870572e+00
2.739486851154691927e+00
2.809768812031249841e+00
2.304561074145577315e+00
2.201533298565876873e+00
2.381486066256069289e+00
2.603486861682084985e+00
2.360837747292932498e+00
2.624375266939535933e+00
2.249581741169595972e+00
2.412147789286081423e+00
2.658653461723941458e+00
2.182322464206817969e+00
2.562789226479506688e+00
2.416245625200304836e+00
2.243444857841217832e+00
2.244583341363869611e+00
2.322785214531342124e+00
2.171937923750554056e+00
2.447642125139202207e+00
3.027965197603768477e+00
2.203474586992121953e+00
2.814977086811291329e+00
1.847131553034942364e+00
2.183936262546529061e+00
2.716774580699980568e+00
2.251343961835612362e+00
2.333302325700681301e+00
2.320173619814316801e+00
2.056776034220884508e+00
2.726490193895228398e+00
2.910551832241157211e+00
1.888958901434973914e+00
1.990418108371748707e+00
2.168557510542932221e+00
2.460201000788875270e+00
2.181760663310220671e+00
2.325669306859542651e+00
2.361231514377226226e+00
2.020292885069170374e+00
2.616517509418467835e+00
2.820577638049914793e+00
2.437698485091340572e+00
2.309382345790066626e+00
2.720216984596496079e+00
2.504361144337394318e+00
2.273000158802251924e+00
2.212983763861493536e+00
2.168952013511381782e+00
2.804111280753529112e+00
2.204952187512119632e+00
2.378252959598594174e+00
1.772549863373832579e+00
1.935167168509053015e+00
2.703388079704660996e+00
2.046041657314968454e+00
2.189480615603839109e+00
2.664939197835701545e+00
2.004552015483374472e+00
2.137160618646324117e+00
2.380704479376540839e+00
2.464409839637231592e+00
1.832598292177483490e+00
2.296530654913341962e+00
2.517339500978319045e+00
2.326019647749531849e+00
2.254551416865405056e+00
2.757806740780302412e+00
2.801860159024813779e+00
2.750041491005540184e+00
2.912278660472080283e+00
1.947388343234216057e+00
2.187997096552258824e+00
2.651608837745841107e+00
2.445350762469407524e+00
2.320058555296850678e+00
2.702947368160583785e+00
2.465308715034713050e+00
2.112857169892837117e+00
2.403094466043736777e+00
2.450328986824345190e+00
1.948317719633902545e+00
2.666952408574788436e+00
2.161565465685503007e+00
2.575546898410436825e+00
1.911735899877710532e+00
2.030329050548691061e+00
1.777361375609403327e+00
2.435015834846845806e+00
2.745365169063376687e+00
2.901681510243774742e+00
2.117200049255124394e+00
1.869662811412396763e+00
2.820811298834460690e+00
2.077127097969986735e+00
2.699422556178201038e+00
2.432620344251591682e+00
2.295649781003410439e+00
2.833874072887115236e+00
2.746811046098136533e+00
2.537320577093318263e+00
2.705235002336714434e+00
2.309074967130670508e+00
2.255670100163338354e+00
1.657189171511040726e+00
2.678501648477934260e+00
2.628090541414182635e+00
2.443931361386030954e+00
2.333191820960391016e+00
2.671404950041998294e+00
2.355166997362854175e+00
2.491426325280281961e+00
2.575271721909722533e+00
2.230857658321298231e+00
2.393013955227009770e+00
2.143564791437141182e+00
2.310346083799281747e+00
2.748524118010740480e+00
2.107746800955590416e+00
2.767063932856578035e+00
2.396014871943995317e+00
2.148121141768525977e+00
2.139039891754610068e+00
2.643687251678607186e+00
2.826408097846231815e+00
2.156088738521729553e+00
2.179637982773984461e+00
2.442199453452121194e+00
2.256240559746768071e+00
3.016876801807379493e+00
2.686476421055068897e+00
2.180833268405171665e+00
2.254335919728841731e+00
2.348555465045552459e+00
2.189545050857014008e+00
2.169684292154831606e+00
2.790949626496009195e+00
1.734840138865096915e+00
2.335969583829771601e+00
2.336594348369030794e+00
2.095039256739830602e+00
1.720513222574951762e+00
2.586600992626150397e+00
2.654556149478414895e+00
2.626558956287630142e+00
2.437280871709019081e+00
2.390546438385038552e+00
2.834463096591038678e+00
2.658310887030172154e+00
2.241841327328912392e+00
1.876152810462680565e+00
2.622431111358581646e+00
2.669227961214107658e+00
2.726226543489623566e+00
1.740042835932265275e+00
2.058680521720797518e+00
2.296896823131531207e+00
2.601911820493125749e+00
1.640797211662559540e+00
2.556627269733280805e+00
2.479590203195085607e+00
2.685056026929276918e+00
2.039923752867756512e+00
1.681973693997732999e+00
2.655501524961245696e+00
2.198934625803958376e+00
2.841859160451763788e+00
2.504860979679849553e+00
2.359628047550103247e+00
2.733206263195014252e+00
2.641640978181852173e+00
2.504541053311285737e+00
2.357710637493033001e+00
2.402205244451669053e+00
2.373296801886045415e+00
2.492495386326084361e+00
2.348046548594685312e+00
1.823263675970519637e+00
2.696812788560991603e+00
2.401565483064135975e+00
1.845228070748697213e+00
2.577006114213078014e+00
2.796476841821946557e+00
2.516935182058091858e+00
2.137084022404276418e+00
2.525293390221027945e+00
2.499722554393516205e+00
2.170574000112307278e+00
1.747023008539595246e+00
1.855840777350004300e+00
2.566885277876927329e+00
2.105291173957130724e+00
2.091777542616279462e+00
2.509989880758449310e+00
2.240868946119356941e+00
2.502894320265756978e+00
1.941469475953360169e+00
2.044220920771933958e+00
2.367263633890275276e+00
2.492821382042977429e+00
2.245950388034540168e+00
2.302484505567605755e+00
2.488606366240273537e+00
1.981031702416805373e+00
2.388138170133272453e+00
2.651534145277094190e+00
2.257160237473351927e+00
2.013050554182618690e+00
2.122788469681122336e+00
2.409734240625045043e+00
2.809111552267591794e+00
2.786782361603816316e+00
2.382763708063665220e+00
2.087482678741882758e+00
2.554265670538430122e+00
2.671433753662779687e+00
1.899649504454234084e+00
2.255899449479218166e+00
2.312782182707221246e+00
2.364710431586928951e+00
2.442413008057172874e+00
1.961043719272930197e+00
2.297510720274138940e+00
2.478343959223077153e+00
2.542470833039550016e+00
2.013218970387861795e+00
2.612077471326348821e+00
2.342850709907300821e+00
2.919082936989410459e+00
1.977806724389554294e+00
2.529003262800442187e+00
2.346769664975667524e+00
2.683509380285762802e+00
2.484840320218920873e+00
2.249459040653210895e+00
2.447696235169364076e+00
2.533728250924417225e+00
2.478255339511610256e+00
2.445129543439215514e+00
2.529925240370030970e+00
2.748682611648759710e+00
2.545630954955072411e+00
2.027814661048265243e+00
1.738168915962835959e+00
2.398847922403258170e+00
1.970198325118900584e+00
1.723902879511337582e+00
2.240852926294816694e+00
2.332777287859611803e+00
2.737779955778540053e+00
2.165095322198243188e+00
2.101118475685638920e+00
1.986717828475211833e+00
2.408293216967862360e+00
2.209803449912362883e+00
2.557519735608907219e+00
2.360625050933358171e+00
2.195362768596209602e+00
2.386353261567336848e+00
2.443982487888887611e+00
2.897095030633158430e+00
2.083461578839801653e+00
2.616184546503176556e+00
1.858844458306956771e+00
1.879542365029999829e+00
2.349562856609925809e+00
2.347509410683707110e+00
1.659858003213324107e+00
2.261033586045371191e+00
2.334758169564842945e+00
1.957252102401937588e+00
2.520530655494628736e+00
2.581062976983803381e+00
1.757753997707308669e+00
2.725061101096702298e+00
2.083402352659326162e+00
2.466780497894499824e+00
2.556915081231370568e+00
2.128249119131998324e+00
2.990733967902480916e+00
2.030445340520778963e+00
1.884115764924125802e+00
2.704113101018289722e+00
2.252059067571178907e+00
2.244196915100555412e+00
2.001011006462674047e+00
2.322706033568819883e+00
2.532950326758816928e+00
2.585164046522440806e+00
2.008615999808319508e+00
2.326573625252895461e+00
2.612634525465077129e+00
2.777478474771641892e+00
2.323247540198814409e+00
2.154670886759350257e+00
2.560741177026572668e+00
1.950283668592130981e+00
2.477921243382402050e+00
2.102561899933592660e+00
1.715243345607077030e+00
2.772245850827069980e+00
2.469583480802453934e+00
2.626944102254413771e+00
2.385720759098060917e+00
2.258448005675153247e+00
2.967697573014993928e+00
1.990089050403469395e+00
2.482056273095086141e+00
2.222033121046507631e+00
2.846480526751012263e+00
2.488720681011879599e+00
1.891945588787337984e+00
1.970173560261315293e+00
1.940747767264392021e+00
2.694857319548769947e+00
2.073892515023494809e+00
2.184859898774198506e+00
1.958583460283499278e+00
2.670309791814199585e+00
2.462191389226383809e+00
2.478062528313793145e+00
2.395524396476812701e+00
1.934563375463130619e+00
2.571578587125540771e+00
1.888994837054660758e+00
2.827768071819454221e+00
2.482128203695984858e+00
2.740742139514243725e+00
2.208275060344718987e+00
2.352575952635434398e+00
2.668442571385392981e+00
2.200111455919878889e+00
2.256521289134983732e+00
2.275387910812482595e+00
2.574007035412414712e+00
2.102640908982860601e+00
2.166985031474690793e+00
2.087999612773929314e+00
2.777842163596647040e+00
2.341549545366506724e+00
2.527033788977036011e+00
2.387175720793166533e+00
2.908454021709722337e+00
2.831731653177832708e+00
2.326673811699230043e+00
2.840225040553130409e+00
2.531790994363474212e+00
2.443931625784123263e+00
2.186658066141186740e+00
2.596421847114487313e+00
2.496491601946200678e+00
2.880238696837961410e+00
2.527532191557414265e+00
1.851802891422583031e+00
2.629587276257709050e+00
2.493170718871793312e+00
2.492966510356088516e+00
2.675801766416766370e+00
2.061775857442993853e+00
2.638518659765077157e+00
2.599330883887349231e+00
2.677611351144466134e+00
2.474786788689373740e+00
2.676567992949540287e+00
1.986828118695571188e+00
2.360561777360884239e+00
2.523908248357336959e+00
2.603415923448344493e+00
2.024533602345439220e+00
2.606993511530181440e+00
2.669532604960367372e+00
2.165899745993211667e+00
2.735337997150407485e+00
2.605236284797155744e+00
2.089460100955064181e+00
2.194598489452647794e+00
2.118124121085473099e+00
2.165122386819196443e+00
2.260821777920440478e+00
2.445278765460906278e+00
2.287872883343927466e+00
2.104079780281267631e+00
2.440097910508671308e+00
1.977677548088476289e+00
2.634823546531993799e+00
2.057853402678595511e+00
2.483981100535075370e+00
2.258159866132042115e+00
2.187218118888591967e+00
2.206193832481126105e+00
2.430211234809065424e+00
2.311478064121149867e+00
2.098855637017952080e+00
1.940464898139070637e+00
2.542660707160417033e+00
1.864186739015918359e+00
2.336680952646131182e+00
2.192192133668731557e+00
1.770062884469854714e+00
2.714648214512852320e+00
2.497645064224051747e+00
2.335408654972244591e+00
2.551581709525670316e+00
1.924839321867552355e+00
1.745180849658513500e+00
2.830986287989311734e+00
1.960822816254992773e+00
2.907102357814193461e+00
2.548233200461447634e+00
2.763119997503346692e+00
2.470198452919821985e+00
2.708533932430090552e+00
2.493362333669783659e+00
2.502269029308044956e+00
2.192860626331226470e+00
1.890662447767368359e+00
2.472246087087419664e+00
1.922398718190154288e+00
2.661076016767893293e+00
2.488523700615155931e+00
2.193392134373275404e+00
2.752351644097246641e+00
2.161661477648627372e+00
2.771352364457244200e+00
2.619779670518548986e+00
2.564819131049005385e+00
2.460892348783668027e+00
2.575950728326637851e+00
2.407830688580603340e+00
2.778345810379022840e+00
2.580313097635099417e+00
2.077887080694298838e+00
2.016037349659216105e+00
1.708665770269953477e+00
2.150695794851592790e+00
2.356614088746708635e+00
2.539761994090585340e+00
2.197273248354312258e+00
2.435794616092531673e+00
2.243078892549414505e+00
2.499387360505844313e+00
2.441081965571011203e+00
2.763056852371961192e+00
1.953607754636917937e+00
2.586683534277675278e+00
2.277216825159165570e+00
2.444213003712027543e+00
2.704219485823434077e+00
2.351461861407582177e+00
2.078860772257743683e+00
2.165810467950996632e+00
1.748688497778313478e+00
2.457123695181865575e+00
2.406119445931063971e+00
2.492617871723089795e+00
2.367743859395323280e+00
2.041213511557908422e+00
2.139312054762863013e+00
2.280967221476149387e+00
2.724627109163423988e+00
1.941130686710208719e+00
2.060682305882417076e+00
2.452192976813261094e+00
2.264852717020458428e+00
2.468415544489053204e+00
2.099561509259230796e+00
2.713079624756359998e+00
2.480663209286985804e+00
2.133746680442236698e+00
2.407448273372652991e+00
2.780706053524539367e+00
2.492424831733744739e+00
2.428638710007230639e+00
2.131949775842904682e+00
2.106725495727083342e+00
2.293241094060703755e+00
2.208795479533503858e+00
2.646979612874880150e+00
2.112921518911230478e+00
2.956575932322130562e+00
1.848672516860945914e+00
2.519899372738957588e+00
2.577527518951078456e+00
2.435385297854191666e+00
2.313698290549928593e+00
2.890898245542648404e+00
2.175532845072720711e+00
2.645285772153862514e+00
1.739952034863772257e+00
2.279875728132197743e+00
2.583408625902781530e+00
2.544520527732915482e+00
2.146615723680713739e+00
1.999033748293321366e+00
2.658763433973217793e+00
2.400824054280729314e+00
2.356483426444110130e+00
2.383903593241064822e+00
2.017498220965027400e+00
2.326268636873312090e+00
2.536967298621756850e+00
2.823484449531186158e+00
2.370825986247782069e+00
2.603348148462857559e+00
2.241070391669341078e+00
2.866113733208044856e+00
2.297825799777469147e+00
2.642143261702051937e+00
2.609270700329652914e+00
2.787870461108408193e+00
2.141892811958482135e+00
2.469689465887655810e+00
2.447068319616895860e+00
2.481517143027986094e+00
2.827719063851477976e+00
2.805741614804209583e+00
2.027698546761481424e+00
2.050716317506806163e+00
2.302850875445425327e+00
2.534346906621482987e+00
2.058102697336208209e+00
1.888338677609217253e+00
2.079748807339436567e+00
2.316514173588383407e+00
2.047836459529970732e+00
2.822404027794223946e+00
2.789730445513554091e+00
1.896293359076267837e+00
2.259327774055996052e+00
2.632147065766472949e+00
1.987734420057058582e+00
2.230239936693549474e+00
2.553663977657266493e+00
2.717679162996655684e+00
2.559728801244176566e+00
2.455872248265581703e+00
2.292035843141499551e+00
2.257778526373783734e+00
2.542602293909635769e+00
2.724916236255590096e+00
2.251236768855553905e+00
2.392703603997814010e+00
2.399305976118583317e+00
2.485267900130546437e+00
2.507610951704546842e+00
2.008011880972435215e+00
1.598718784379851598e+00
2.350556227447000435e+00
2.330615123946558231e+00
2.052416864250987238e+00
2.228858450557483550e+00
2.382783305162506693e+00
2.044758508163568855e+00
2.152376413934816046e+00
2.145498172669507930e+00
2.318935741930924443e+00
2.762593849468985674e+00
2.675104913942045748e+00
2.556138002927366148e+00
2.675621308886381389e+00
2.719355406460182145e+00
2.480780782185829647e+00
2.505164056697121389e+00
2.262725348698297445e+00
2.539224905704807522e+00
2.451059608006443735e+00
1.915026449409133802e+00
2.431452012341065227e+00
2.270296083003744858e+00
2.365506633968079697e+00
2.765627784941448120e+00
2.527847239238024457e+00
2.871100243277107111e+00
2.537626478240908146e+00
2.444081321692969322e+00
2.506211643107260745e+00
2.061555160795069952e+00
2.508263813688088817e+00
1.856082630135477141e+00
1.887177866221154243e+00
2.422206787370690950e+00
2.482093697431028367e+00
2.670201303822648420e+00
2.685584120649976203e+00
2.464549661101598232e+00
1.903053798766519922e+00
2.462909350245669593e+00
2.988790150699731196e+00
2.086645320897414724e+00
2.278857089300681427e+00
2.649601596635882128e+00
2.595077629404372033e+00
2.147343885582228218e+00
2.502889870275541551e+00
1.894361955358612626e+00
2.807089638790897013e+00
2.557876609525600031e+00
2.672889875434238949e+00
2.364331128132472593e+00
1.939733232562078413e+00
2.168553263457653646e+00
2.702894992734036883e+00
2.071876608591549207e+00
1.961523656052852171e+00
2.438535588846622915e+00
2.337526103350946904e+00
2.839720041684882013e+00
2.198937395914893678e+00
2.572447719996927340e+00
1.927624562192546964e+00
2.062772505513398080e+00
2.343434013260883741e+00
2.547361814330991514e+00
2.286774032004259105e+00
2.642875172257466154e+00
2.527429460688583429e+00
2.483824276090702554e+00
2.309685132864327084e+00
2.286820984625517639e+00
2.106586461342026428e+00
1.862612319015023887e+00
2.921621150023256064e+00
2.332066152574680196e+00
2.393989418083703136e+00
2.314729959341336407e+00
2.726635801703935158e+00
2.168321510306263189e+00
2.483804989432907728e+00
2.407743541063646298e+00
2.371746268624802756e+00
2.139121922392438258e+00
2.009075808196193691e+00
2.203334576235293163e+00
2.552155855626763170e+00
2.296474232850650221e+00
2.476828354757243389e+00
2.585292656801616573e+00
2.156949461675717661e+00
2.641397548775611170e+00
2.065735396796708478e+00
1.999468285409936819e+00
2.186271003554022041e+00
2.275479307742776403e+00
2.714399748459905393e+00
2.653353884588240508e+00
2.949762704477382869e+00
2.114242889931944980e+00
2.626360205440805728e+00
2.139285899741606656e+00
2.677433721575643855e+00
2.015468538921953545e+00
1.872552920182066760e+00
3.052882548899643833e+00
2.584777475744364672e+00
2.170934747239669171e+00
2.876407426575755100e+00
2.514181942642344847e+00
2.034576234809781781e+00
2.485823749208518230e+00
2.598294726674022836e+00
2.708012339379342048e+00
2.251256889053619314e+00
2.752296723007987111e+00
2.200958053278045945e+00
2.438718958460057706e+00
2.000216634828918316e+00
2.204717942806247777e+00
2.330221406500862180e+00
2.783281351095951539e+00
2.812927301815979053e+00
1.912640907129693701e+00
2.822364176255281354e+00
2.833222857071687972e+00
1.829692471347181826e+00
2.257348112149526909e+00
2.756605729579366226e+00
2.677908721673214920e+00
2.572289837753105157e+00
2.103276316940776880e+00
1.950186641045373648e+00
2.328115191785770310e+00
2.631447684526690090e+00
2.542711463063313637e+00
2.544148862477269013e+00
2.399683311361703097e+00
2.362535237308242664e+00
2.285025855679098328e+00
2.597519196581651979e+00
2.219167899192798998e+00
2.505283834699610246e+00
2.795819381655796576e+00
1.971714060298019877e+00
2.464352466542925058e+00
2.715449356212153109e+00
2.367750707943649502e+00
2.643121797892436842e+00
2.447666345081341177e+00
2.326852237441714877e+00
2.060266496686545601e+00
1.872746500275914938e+00
2.382638464646390730e+00
2.764883011305428795e+00
2.213856046077927964e+00
2.753913460963079096e+00
2.223735522063414738e+00
2.978251407545643659e+00
2.385575354335714326e+00
2.555699893227675545e+00
2.192844058835893062e+00
2.733166224747276996e+00
2.405339835475972965e+00
2.074041004673811806e+00
2.307408961940969228e+00
1.691371158331044899e+00
2.252941560718667358e+00
2.213587075320317066e+00
2.437965754747144498e+00
2.519863076002020197e+00
2.443640416425977513e+00
2.064702179575069074e+00
2.144266468979267426e+00
2.355024101356750332e+00
2.179325888822225998e+00
2.709320265475846590e+00
2.315304228436412259e+00
2.445082052079628809e+00
2.454128115055542736e+00
2.112882840085743119e+00
2.166531063955397407e+00
2.364022163125819809e+00
2.138943310936934239e+00
2.919732102536436003e+00
2.884756203922735907e+00
2.142388854783975116e+00
2.011391859865660159e+00
2.266008770399877914e+00
2.272010459827001227e+00
2.547465164252662895e+00
1.823408747719997391e+00
1.995201467322623934e+00
2.502916291995751052e+00
2.095538569520425387e+00
2.383345414637553894e+00
2.191874631535133400e+00
2.210847485651203925e+00
2.163307170309235694e+00
1.936177882894152713e+00
2.498525894870693875e+00
2.844879730724815481e+00
2.047369891562913047e+00
2.205409138073838982e+00
2.132028699696373319e+00
2.058835289478521346e+00
2.389794745127227671e+00
2.378541636017142302e+00
2.602384525959268391e+00
2.604258143827567817e+00
2.489257929122833168e+00
2.586518687844145514e+00
2.774575648147134199e+00
2.065038260973173223e+00
2.689489744997091147e+00
1.947844276537991748e+00
2.338298249777840176e+00
2.406240492772671047e+00
1.888206136738093788e+00
2.100203468989565891e+00
2.316827514961805612e+00
2.529228156072895306e+00
2.766240458898504784e+00
2.659311424419668946e+00
2.020236790794928794e+00
2.669349899006729476e+00
2.936026194777873410e+00
2.100288316636209629e+00
2.383345398701724793e+00
2.186946796948800120e+00
2.434507842663479860e+00
2.840541481022530235e+00
2.169200734248431406e+00
1.996909442712976768e+00
2.477650396972178370e+00
2.578341609437389437e+00
2.580129677927422982e+00
1.899948821233133689e+00
2.546913428796036438e+00
2.607182929538720995e+00
2.599339223123647180e+00
2.355748708216382603e+00
2.428073071422582441e+00
2.670325585516859057e+00
2.725039154429482302e+00
2.154029457392742763e+00
2.400305537430313940e+00
2.219691505030856327e+00
1.593437517701881134e+00
2.263616540841129954e+00
2.693007997317430124e+00
2.117876613741533909e+00
1.970354773714564578e+00
2.474937168361231343e+00
1.841061332118163474e+00
2.308148227942414366e+00
2.510969916744708819e+00
2.551361668034593855e+00
2.608533038171615637e+00
2.983024118570502203e+00
2.540832524068031173e+00
1.751238091375702632e+00
1.957094045763958290e+00
2.577282329924059034e+00
2.722898803410105817e+00
2.626779864675159892e+00
1.832709064089575568e+00
2.332416932914189722e+00
2.225785939581856443e+00
2.214248197328546830e+00
2.827085012507621897e+00
2.346045936017195022e+00
2.305733908754050709e+00
2.499693253484391420e+00
2.498958095378543742e+00
2.411684723690780352e+00
2.252521107635036657e+00
2.441669365403654091e+00
2.181476744123590272e+00
2.794470222921602964e+00
2.898253739403154672e+00
2.141897877066436529e+00
2.548854753754549840e+00
2.300450166385216821e+00
2.334827998450391906e+00
2.822588424817925379e+00
1.987341949572036359e+00
1.831539587698855165e+00
1.854346596167238737e+00
1.980818049918722901e+00
2.192008380339064644e+00
2.015243053918043259e+00
2.295603971595767234e+00
2.723717577541476142e+00
1.854944521263078183e+00
2.314506407950178701e+00
2.065708672539615876e+00
2.706954215692385368e+00
2.246628325540469096e+00
2.355031551640047294e+00
2.269547770121447705e+00
2.749139410305721842e+00
2.594247427031469044e+00
2.547022064309893530e+00
2.781859161096498223e+00
2.652377142764656526e+00
2.471233221775225530e+00
1.837869420741781168e+00
2.299006969525371424e+00
2.616464521047892511e+00
1.779139217589779554e+00
2.083107110124108985e+00
1.910518803209258376e+00
2.355187036566583458e+00
2.519285199706529532e+00
2.444319221644594364e+00
1.904403288725870835e+00
2.046371430029596095e+00
2.956737126996618059e+00
2.027853812800167077e+00
2.613543214405313009e+00
2.131650384276808197e+00
2.160745466849695262e+00
1.976037085716593422e+00
1.943326549619719179e+00
2.139217938306308575e+00
2.313607315186707147e+00
2.120472253654508421e+00
2.756756415349837397e+00
2.235398608709393997e+00
2.631565111354549735e+00
2.115459269253524344e+00
2.030748844321542457e+00
1.997212098349161691e+00
2.777579595963421077e+00
2.361843610663326931e+00
2.351721208945226849e+00
2.330765791322201519e+00
2.597890730566147166e+00
2.861053326765490290e+00
2.755060420462239534e+00
2.458968044539069364e+00
2.105810871610555690e+00
2.362522719086385337e+00
2.045565866865728388e+00
2.237553869851999888e+00
2.140993009685066895e+00
2.427394826112375448e+00
2.695400188549854192e+00
2.113159215488524367e+00
2.017479534639734506e+00
1.745299702708224432e+00
2.591293016458936282e+00
2.324755958585647431e+00
2.226974374839396642e+00
2.006856478953189082e+00
1.924244315859402032e+00
2.155443359841821671e+00
2.465887318291757779e+00
2.952289703813328003e+00
2.260101120649528283e+00
2.435121986800463212e+00
2.003308754457616025e+00
2.134412332557270808e+00
2.568132143808270484e+00
2.524780225711759307e+00
2.217851604869514937e+00
2.399763356154733351e+00
1.971061568391491159e+00
2.789124072813304434e+00
2.109760116547654718e+00
2.486368169549068252e+00
2.413766316109716037e+00
2.142971099955103931e+00
2.680668676475925771e+00
2.341627046661429734e+00
2.594719878047587081e+00
2.330899325964347568e+00
2.278977900613799790e+00
2.459078156974085161e+00
1.993780654219258208e+00
2.178874907335907718e+00
2.276250669726609388e+00
2.122445394668043051e+00
2.595820489682746146e+00
2.481935029910603330e+00
1.817719848076584821e+00
1.857383226928952302e+00
2.409834922283413228e+00
2.293851617746528682e+00
2.651425352963282744e+00
2.459650118814392883e+00
2.109817186469569616e+00
2.041388243013371184e+00
2.679080470820596638e+00
2.147592053314967941e+00
2.624997617133298267e+00
2.201349622045834398e+00
2.122531808314691126e+00
2.674919636505475040e+00
2.142813806910575991e+00
2.011811396286891096e+00
2.667645525699101405e+00
2.184261127521808010e+00
2.705746866985179633e+00
2.054764622533652663e+00
1.968096284667223639e+00
2.358744594738040767e+00
2.392906595401250947e+00
2.653556367742344602e+00
1.986968500836971963e+00
2.627560372048898696e+00
2.840762668603209917e+00
2.690315648978518936e+00
2.313325017613661494e+00
1.966942084071531260e+00
2.799219751289308000e+00
1.783442141169338857e+00
2.769497162567770232e+00
2.416942666524658723e+00
2.325441423690685294e+00
2.642787678618730318e+00
2.755017491278409114e+00
2.445060153559639460e+00
2.432257844597777829e+00
2.482808319608589720e+00
2.665617490072751394e+00
2.677551095386097035e+00
2.404633574867863111e+00
2.218853864540202725e+00
2.638630800196870574e+00
2.337292378529219228e+00
2.732080870277124873e+00
2.263675750965079114e+00
2.584711897629343280e+00
2.435847876582286631e+00
2.134942001342006179e+00
2.195207616452662158e+00
2.464668552063169926e+00
1.875678141833882817e+00
1.673326022089104637e+00
2.233956508944108688e+00
2.395004903877399727e+00
2.402382879367380930e+00
2.213537195038819849e+00
2.348178043831969930e+00
2.607911137307880267e+00
1.983005974376613301e+00
2.450179782353664848e+00
2.780409172959684483e+00
2.655793092013574164e+00
2.491542365900832223e+00
2.213406092363999100e+00
2.455817686009676315e+00
1.911037346621653477e+00
1.944139466758159740e+00
2.352990509210772352e+00
2.099697419548725019e+00
2.583245312616153200e+00
2.390760195948789857e+00
2.749821560167213796e+00
2.481915402852779451e+00
2.423769536477323960e+00
2.501198220207209388e+00
2.322418739933007181e+00
2.421869373966178074e+00
2.381203108436814375e+00
2.431603899741909380e+00
2.544552246289543795e+00
2.658365310837184747e+00
1.857522672733835201e+00
2.890813064005059552e+00
2.694989366825081056e+00
2.494634927963782722e+00
2.660471626095445963e+00
2.472142388307180916e+00
2.347006498367656846e+00
2.343483689377329426e+00
2.470331989741360257e+00
2.026031768038284664e+00
2.579353600998223861e+00
2.466952857829303625e+00
2.773861555303022364e+00
2.235702542904961732e+00
2.102279103599073551e+00
2.268911205151751709e+00
2.592569214818344125e+00
2.388544119169554225e+00
2.414976515664683632e+00
2.757116825662844217e+00
2.071592558103068527e+00
2.416111698068483360e+00
2.631392688725535223e+00
1.940549349103566801e+00
1.999330186993516056e+00
2.259123509823314446e+00
2.350702413201867014e+00
1.658613027612284796e+00
2.727181218426195652e+00
2.516917389554051532e+00
2.039052823824689220e+00
2.562334584518072500e+00
1.798576926586038072e+00
2.431879071484378763e+00
2.418733486534620170e+00
2.746464920654934527e+00
2.172944431165130474e+00
2.492828486067687255e+00
1.962388380829343637e+00
2.322504595881517808e+00
2.276272723654147345e+00
2.518415733424168579e+00
2.568142533477369760e+00
1.973170550799936196e+00
2.960996537840313358e+00
2.697028687977952366e+00
2.070799664686332697e+00
2.483483976142317307e+00
2.188182968531381611e+00
2.293897615650375865e+00
2.075728207899301125e+00
2.305496782118071408e+00
2.221832033772179305e+00
2.191214382755034329e+00
2.480154509746242741e+00
2.828299511164659830e+00
2.405165392632257149e+00
2.494328911898881618e+00
2.326516353076175214e+00
2.704450542214340114e+00
2.473737016186436932e+00
2.109257276193842401e+00
2.200604942235454331e+00
2.586661908710291780e+00
2.379082287602380497e+00
2.359536710566886519e+00
2.562132541151063592e+00
2.578977157724677394e+00
2.193391877824268033e+00
2.260554779804602621e+00
2.544601193270506378e+00
2.076248452185141424e+00
2.249909206410888984e+00
2.151935420735184845e+00
2.128397682760175158e+00
2.451425758174553771e+00
2.150172776552183862e+00
1.824440131448353375e+00
2.712413022463195045e+00
2.535912429530453593e+00
2.312049521621892367e+00
2.458013730292891275e+00
2.343225547693080557e+00
2.174860540630643158e+00
2.347445670108124105e+00
2.664945283937109721e+00
2.305785380590790634e+00
2.239038694767605975e+00
2.192666189829542311e+00
2.654565553585654492e+00
2.907902337265267256e+00
2.254418026289040977e+00
2.151107128768508403e+00
2.728249665974514571e+00
2.176779352897254771e+00
2.320389411746456521e+00
2.436404529776162953e+00
2.721479488355836640e+00
2.551315859511312567e+00
2.210746922957000926e+00
2.518902873976169410e+00
1.997794486962182203e+00
2.386794726055691207e+00
2.112789073648086102e+00
2.393750898967030416e+00
2.242265977161957746e+00
2.311771098042394890e+00
2.799347083601464448e+00
2.077101439635442581e+00
2.607168149590360695e+00
2.688064132964228747e+00
1.969911135503663813e+00
2.383556269945779960e+00
2.577243835492678770e+00
2.441928448950840380e+00
2.544128958086018244e+00
2.776026200177903469e+00
2.418813581458838513e+00
2.135824156288889331e+00
2.855015767786122538e+00
1.994228157353417075e+00
2.719808446800698665e+00
1.830937912382424759e+00
2.265750900399805978e+00
2.293291533719611586e+00
2.663991992836015399e+00
1.967254805839175891e+00
2.425004755589791561e+00
2.568022231193216154e+00
2.889561787823994088e+00
1.833537530597326715e+00
2.644224509359920372e+00
2.216923990374104037e+00
2.833786196676929769e+00
2.177988442100603272e+00
2.150322921413720501e+00
2.307692867094178979e+00
2.398131720558039692e+00
2.644669742127446543e+00
2.126155565853778739e+00
2.462027236909909433e+00
2.471035854379739050e+00
2.417133363509146982e+00
1.893147245134035650e+00
2.486935201529117734e+00
2.556367351735675530e+00
1.978355343151969592e+00
2.272890300677514741e+00
2.368575055381489047e+00
2.258373519654625294e+00
2.531365251843068265e+00
2.567617144067495971e+00
1.952540339916655654e+00
2.468412089469613768e+00
2.190645062418296263e+00
2.627076120011693217e+00
2.720233082802170799e+00
2.128416926529699715e+00
2.218053999742153781e+00
1.893762257809023408e+00
2.285085948358400287e+00
1.757709412220372025e+00
2.643182487512746537e+00
2.770867895566426764e+00
2.429953078795022314e+00
2.639391286517593915e+00
2.694676882000734963e+00
2.118248332283690250e+00
2.542658771536614459e+00
2.161935087966267766e+00
2.615828057064917278e+00
2.588416764238713252e+00
2.453151871589318134e+00
2.406075297567312532e+00
2.450274398798790276e+00
2.824209302360636720e+00
2.629273111548303454e+00
2.478163461672038270e+00
2.002364374183042361e+00
2.496640579222987988e+00
2.461699005316921429e+00
2.176174971579540873e+00
2.598377261526329640e+00
2.497211124172867613e+00
1.990682044257906513e+00
2.021145893958536277e+00
2.400809104339223676e+00
2.645662710744877355e+00
2.306957247291180124e+00
2.723105023312335060e+00
2.465597247026079852e+00
2.586074862133043606e+00
2.685605355758884372e+00
2.300840858718453674e+00
2.162734894550876863e+00
2.546701730230482852e+00
2.155503121984275072e+00
1.739538907393820333e+00
2.602336171651198349e+00
2.030772712325198626e+00
2.787438462470247735e+00
1.748390411012547441e+00
1.837655804872263099e+00
2.508101202477359237e+00
1.702829009851410502e+00
2.423528254170907559e+00
1.983587678875870619e+00
2.875790347037046946e+00
2.027815709240462727e+00
2.107116518990141074e+00
2.620267221001752134e+00
2.242777026868155943e+00
2.504261676763683830e+00
2.040205394534392536e+00
2.118540990816181857e+00
2.352580403805789810e+00
1.986557516733137962e+00
2.644447825642382011e+00
2.582792175936972967e+00
2.634535758269468175e+00
2.769201085942960550e+00
2.292769119559018520e+00
2.837182031142649663e+00
2.620967037978773284e+00
2.739418069893586605e+00
1.851449795559521494e+00
2.500476699843818373e+00
2.407933472194260904e+00
2.564806218632420975e+00
2.267047808838575484e+00
2.760657347285462304e+00
2.068313003732491939e+00
2.120608310564584542e+00
2.740658102228348270e+00
2.417359334044151709e+00
2.186050397127241141e+00
2.151644430033955224e+00
2.605389664962474150e+00
2.032199211728473287e+00
1.943388290402976226e+00
2.156633942146962024e+00
2.834588006789549919e+00
2.547538698555593228e+00
2.093240156058129742e+00
2.450821953755227156e+00
2.088438347818200924e+00
2.302614472108869048e+00
2.049724900461315613e+00
2.169038423113418101e+00
2.846050338929729140e+00
2.073114576026758193e+00
2.549872943511775070e+00
3.003552166680658608e+00
2.427219127908358143e+00
2.543203637030192255e+00
2.428164466345524630e+00
2.262779801495321763e+00
2.417725719115606964e+00
2.440234364653166566e+00
2.709982343968223795e+00
2.222976636907305181e+00
2.309808473142957119e+00
2.485183103912485869e+00
2.415347501365734839e+00
2.065230660663651463e+00
2.614608559911927976e+00
2.226138187707308536e+00
2.395062046964727465e+00
2.436732138540328219e+00
2.144616362616457828e+00
2.499213597704639245e+00
2.082064310257145667e+00
2.066766478889177971e+00
2.097070161233338226e+00
2.244615465112058672e+00
2.257743915026473758e+00
2.394567303751291121e+00
1.984557089234680216e+00
2.821669692352316794e+00
2.264754301278425253e+00
1.756851812122109058e+00
2.287844107464381160e+00
2.905210850184222426e+00
2.443528454215167400e+00
2.581933221899985753e+00
2.330739472616953911e+00
2.489736840665631057e+00
2.675138056523393093e+00
2.309077127924722639e+00
2.091864774724352838e+00
2.343929353319956554e+00
1.887232270879583451e+00
2.522965943825427715e+00
1.851295974494424623e+00
2.018408562620866320e+00
2.936572008330556205e+00
2.389179000435718070e+00
2.189179133926565157e+00
2.420333363019595119e+00
2.471339943297551578e+00
2.515421611087478748e+00
2.455694610726182336e+00
2.451059549541882987e+00
2.187212845546993023e+00
2.150263665215941700e+00
2.393774745906012136e+00
2.709124870102915583e+00
2.486260060788361592e+00
2.636815350537263125e+00
2.491868149272573163e+00
2.190670740544738759e+00
1.769862266280739949e+00
2.343587735251518200e+00
2.489844002412001434e+00
2.466245883155528507e+00
2.038439094548857966e+00
2.673317885126783811e+00
1.994510671676419378e+00
2.110553501451910563e+00
1.832792970075665329e+00
2.228423657723240137e+00
3.012782614456013697e+00
2.388086854418407512e+00
1.992287017290489848e+00
2.074881835774567307e+00
2.015742707185267157e+00
2.297320366729401098e+00
1.856143705760994189e+00
2.403006132335260947e+00
2.573632138999625951e+00
2.755748009696572076e+00
2.370049882227692084e+00
2.283736092049130750e+00
2.028394197300785073e+00
2.463842388543116435e+00
2.890133221212968895e+00
2.804660578163225004e+00
2.274825789588877267e+00
2.417380770837906034e+00
2.582883181011037088e+00
2.272740150347836163e+00
2.168489932027704015e+00
2.138687527248482656e+00
2.108161944913214736e+00
2.333566266943449374e+00
2.553276867870353684e+00
2.156471442793225890e+00
2.366789916176644581e+00
2.128790388460650718e+00
2.079314958898089039e+00
2.247442427590900405e+00
2.224525049118423858e+00
2.397014991864427014e+00
2.611720988594756321e+00
2.316823677506108403e+00
2.080760507542186666e+00
2.010161947820388484e+00
2.062693613687418992e+00
2.224765940149911803e+00
1.808827392743783014e+00
2.346590727680295529e+00
1.761399279311641308e+00
2.532908314535355032e+00
2.734426396096279799e+00
2.218804560976764151e+00
2.488269076118535317e+00
2.556634364944910587e+00
2.715982082655654217e+00
1.804427199527221859e+00
2.252461269254872445e+00
2.406873363061721616e+00
2.585847299482443074e+00
2.372222690200779471e+00
2.524225622704999061e+00
2.163672043525615596e+00
2.599929004979491864e+00
2.204166690357358238e+00
2.121540175175825382e+00
2.593623409849897143e+00
2.413407142885001022e+00
2.362161816040803775e+00
2.294487225496214755e+00
2.416750368217505773e+00
2.614353027344978209e+00
2.087142819155101137e+00
2.674136267011264501e+00
1.985184680856856732e+00
2.710674133958457688e+00
2.102621162520666331e+00
2.374405620312813880e+00
2.260143532584526493e+00
2.709019725536548684e+00
2.412834790926091877e+00
2.446481965392790947e+00
2.700936157051437636e+00
2.496029262133113491e+00
2.631161455973782815e+00
2.860983371500748440e+00
2.453211230043554014e+00
2.444743777639866167e+00
2.283256931806493917e+00
2.453230665313360870e+00
2.577004446274932636e+00
2.928262741302345429e+00
2.052825543206578729e+00
1.891723794245302681e+00
2.534668726964495633e+00
2.510722929672404291e+00
2.079888363284756014e+00
2.087228849334601399e+00
2.893030338417489133e+00
2.620449468472704435e+00
2.048107015680983078e+00
2.311945357316953498e+00
1.912301332300773149e+00
2.549111429394668171e+00
2.204444261402582761e+00
2.306947997845931742e+00
2.113592807535437323e+00
1.956693930423386130e+00
2.310790752897098344e+00
2.595838391920415766e+00
2.311178594131706898e+00
2.401248995465062208e+00
2.424667550948777173e+00
1.807724816096385689e+00
2.152331918432246916e+00
2.602087893552086584e+00
1.825448923770717213e+00
2.254770989704911521e+00
2.078787313956725669e+00
2.387545141297128914e+00
2.896043007921043966e+00
2.145052472047193071e+00
2.136583545273443185e+00
2.352699591798416812e+00
2.519790946472026949e+00
2.610042626382905517e+00
2.213387170022041328e+00
2.821170302517597150e+00
2.373752893391501750e+00
2.022327929263775470e+00
2.240754977053700969e+00
2.637516800229137370e+00
2.159853455010091405e+00
2.640892276752482282e+00
2.031227820429931885e+00
2.314250963379203441e+00
2.769357601225285404e+00
2.654288178949851140e+00
2.248809285221160081e+00
2.935331470932833309e+00
2.692866570042567798e+00
2.656111615549699767e+00
2.795971203021746732e+00
1.833696071630570801e+00
2.055671132763694064e+00
2.260195481111409777e+00
2.282472278372367214e+00
2.493418624766065239e+00
2.604836951548924251e+00
2.843098965482732332e+00
2.610739038485407892e+00
2.318070963014413621e+00
2.470254157802691530e+00
2.809371235902830666e+00
2.307290786865319632e+00
2.475568031405229963e+00
1.943143509008603331e+00
2.815071614477083539e+00
2.354348384832897434e+00
2.373846413844398651e+00
2.419139292224127491e+00
2.504220087011357787e+00
2.229623729644277130e+00
2.866599778500092288e+00
2.244199385568962590e+00
2.529449119936336032e+00
2.117036795498581370e+00
2.740858216270375181e+00
2.395425961678160576e+00
1.816629238368837829e+00
2.460748000229135535e+00
2.804767607981765387e+00
2.263260198278699953e+00
2.570703093971105968e+00
1.964257944574572257e+00
2.307412877305401899e+00
2.314370173640972972e+00
2.639191421169138518e+00
2.563181679940540914e+00
2.151559461748505875e+00
2.474354577689723556e+00
1.959500950442251588e+00
2.569906963316812565e+00
2.653865527718913597e+00
2.347592224742705902e+00
2.566497155408939523e+00
2.949295649116781437e+00
2.181108419293936507e+00
2.928225780793067390e+00
2.425223552710609631e+00
2.417770856893110665e+00
2.440284557618882300e+00
2.418111203221184891e+00
2.667070032202849550e+00
2.074218155441851952e+00
2.185000649717284027e+00
1.882581274452056919e+00
2.215817717715416357e+00
2.822553141548677313e+00
2.179954113848278752e+00
2.530051642774100884e+00
2.435548696352668241e+00
2.470567192174632165e+00
1.987581549982203377e+00
2.825939448228945494e+00
2.138822961293635139e+00
2.271649534857727026e+00
2.244989544085642663e+00
2.116785094303076598e+00
2.337377594575182460e+00
2.482397473397853105e+00
2.615129598113279386e+00
2.216290924251403283e+00
2.524648529471757108e+00
2.090333565425436468e+00
2.392397139468402933e+00
2.389847611701056529e+00
2.009806242274427390e+00
2.552561800157972183e+00
2.659685183069794512e+00
2.740469696375289033e+00
2.888043925112280252e+00
2.198568351022964773e+00
2.348372471326412469e+00
2.226938067156601697e+00
2.202284505159079586e+00
2.572533289335008355e+00
2.353854975233709457e+00
2.387202111939775939e+00
2.424024550753884455e+00
2.368108411305815064e+00
2.876562250922117148e+00
2.761760466666433267e+00
2.570163817688921881e+00
1.961033493848459930e+00
2.094954457489332178e+00
2.746156365281491318e+00
2.113297859043159477e+00
2.024716484368505931e+00
2.570898469288120047e+00
2.223794577263435990e+00
2.739977488416221796e+00
2.478800221061599363e+00
2.184844584268602397e+00
2.316817389537072280e+00
2.105982998709696741e+00
2.077112638958881874e+00
1.790804275577652094e+00
2.006421656244257612e+00
2.210223642964030066e+00
2.037541475541976510e+00
2.275329482050953533e+00
2.272956668127121382e+00
2.788194955170959499e+00
2.259415813176518295e+00
2.565253807663756547e+00
2.154801596382765805e+00
2.615757760094110651e+00
2.026098732744985753e+00
2.424117822834403135e+00
2.980317958042273396e+00
2.682203887895826533e+00
2.693735485314868061e+00
2.803252053785155073e+00
2.476412379351002002e+00
2.202184051870269332e+00
1.850597972425360505e+00
2.560931010364370319e+00
2.585355959722948072e+00
2.368637792006597298e+00
2.752007562776962679e+00
2.305785311464698228e+00
2.184981642011520009e+00
2.289949323840478890e+00
2.152324841055749172e+00
1.998855383500109495e+00
2.324786530788222727e+00
2.275834885080216807e+00
2.242380732505393048e+00
3.012801368582415762e+00
2.825878300212317562e+00
2.448192825006438422e+00
2.372378083127258286e+00
2.626234280513606301e+00
2.735752124004618757e+00
2.509951137467494764e+00
1.704083901341493679e+00
2.029916569390641357e+00
2.163103891336454421e+00
2.667146329410161165e+00
2.046003357891460706e+00
2.448265551856341204e+00
2.160894399082235129e+00
2.548897200882040970e+00
2.510839765748979602e+00
2.121393932064384202e+00
2.124118353752578070e+00
2.465689194376042170e+00
2.726819862513152337e+00
2.793538154145060126e+00
2.051859806345636805e+00
2.293879785051913700e+00
2.231161028668894541e+00
2.970055588885306186e+00
2.385612656964275047e+00
2.615206814818819225e+00
2.744547510770737997e+00
2.700974966229762408e+00
2.550852645020218912e+00
2.636106619414819718e+00
2.047706652982872466e+00
1.897564372563766311e+00
2.312773948485117970e+00
2.728532383081305746e+00
2.266419939712384757e+00
2.400446106326720397e+00
1.996784011147421101e+00
2.406884380334669338e+00
2.466343166520879926e+00
2.293683322823204307e+00
1.851388325940410473e+00
2.080483519961080496e+00
2.273997082043277551e+00
2.920049698557546147e+00
2.464169704036275554e+00
2.007679716908829626e+00
1.635020132574362961e+00
2.161072471103981485e+00
2.626548708573026580e+00
2.085401860814887876e+00
2.800238994244471424e+00
2.370532175806053132e+00
2.198325692914941953e+00
2.318331261499439577e+00
2.496544393505287118e+00
2.267512645454478282e+00
2.488224639008528527e+00
2.565926017546952043e+00
2.449260460216030832e+00
2.694519788951343475e+00
2.430875723413010725e+00
2.544507952076153767e+00
2.515665785290382317e+00
2.966944485945267829e+00
2.407910696647973303e+00
2.256319624974659543e+00
1.682082285521694143e+00
1.955366530374124334e+00
2.726743521669641623e+00
2.109808147488827501e+00
1.939380151733517632e+00
2.743168520805945310e+00
2.201898521743189008e+00
2.259601735070965844e+00
2.330818134320272517e+00
2.414466701210937760e+00
1.997713801058483618e+00
2.180730068812640532e+00
2.229034351910398115e+00
2.092566949759038231e+00
2.605674451069287301e+00
2.279119842504355731e+00
2.963912537860049490e+00
2.735537022136573349e+00
2.363328221261001616e+00
2.245505632095256665e+00
2.099324874253989393e+00
2.423925971526289302e+00
2.783390931246656930e+00
2.082113644916256057e+00
2.193174934583618452e+00
2.410305725146014044e+00
2.156929412236937349e+00
2.422042204227412565e+00
2.347309911163610430e+00
2.179965844509510919e+00
1.963866650043677664e+00
2.680255757816171869e+00
2.276625006824968711e+00
1.780474361130465200e+00
2.384865304493462457e+00
2.840932287521356070e+00
2.464328364986700493e+00
2.242612048592459217e+00
2.290693784260802168e+00
2.606709032730748277e+00
2.312833294579047738e+00
2.020950342639515007e+00
2.698341750783508797e+00
2.397364366654183065e+00
2.514042354404819157e+00
2.138358164163824071e+00
2.917937778328769660e+00
2.816614569139753499e+00
2.548454089156955149e+00
2.072317435502156968e+00
1.962053221438923689e+00
2.710803071166560496e+00
2.666043180475571095e+00
1.701283879048680170e+00
2.560252451489724912e+00
2.387366211734906152e+00
2.743574773152197110e+00
2.208436468743462999e+00
2.462491327993288959e+00
2.372488388388512615e+00
2.453852201809599620e+00
2.567603199507616729e+00
2.721873584738378149e+00
2.528529597253359018e+00
2.371232988713628309e+00
2.345795852375933244e+00
1.963387823708199198e+00
2.149065792565274968e+00
2.669256699568517188e+00
2.345222026926240488e+00
2.304571048625978946e+00
2.917606003915094171e+00
2.222586370333314409e+00
2.464595505137417319e+00
2.599063571129871963e+00
1.835563856640529234e+00
2.249492829782606229e+00
1.836024806017689803e+00
2.745984320874422568e+00
1.848021698075378749e+00
1.924012440080173914e+00
2.637346567422710564e+00
2.773767062626387059e+00
2.003054492966931832e+00
1.955364814077034108e+00
2.408541482715396143e+00
2.204291802490238705e+00
2.594765154661291984e+00
2.714003120032624672e+00
2.607673147096533750e+00
2.525222637447032792e+00
2.469497595875112861e+00
2.432758530117777429e+00
2.409021319049660104e+00
2.617670879116750449e+00
2.216235074419901085e+00
2.589783151307352593e+00
2.001938149248757348e+00
2.938710591058613986e+00
2.579164827521273295e+00
2.138197554638930242e+00
2.404490122328283075e+00
2.715038989980530282e+00
1.917336475738572688e+00
1.798941568931053281e+00
2.434924701200101183e+00
2.438520756942639256e+00
2.234465613154789310e+00
1.658014660881751423e+00
2.179712992161192631e+00
2.547652238499031441e+00
2.241863613501076102e+00
1.961719550461107353e+00
2.038125991877058674e+00
2.456156218786818002e+00
2.266262178944986161e+00
2.573171488575179300e+00
2.609931276194730643e+00
2.569380585430434571e+00
2.748454636981235488e+00
2.198433207457924699e+00
2.886132151256356249e+00
2.249345117222840695e+00
2.311459970951177834e+00
1.629040067155496763e+00
2.610178949468702214e+00
2.315410465526818395e+00
2.545327893926218277e+00
2.550121761482915250e+00
2.719651447761837648e+00
2.929447709744286588e+00
2.519014353519778204e+00
2.874061251639397074e+00
2.197547729706529118e+00
2.606389944491494859e+00
2.551793342063665371e+00
2.102823730342899822e+00
2.394600948178029487e+00
2.049560853003455918e+00
2.521307570902342476e+00
2.673941259910806334e+00
2.065047102654318678e+00
2.571232088031776719e+00
2.479979690398149472e+00
2.522725689636085455e+00
2.467866912889720155e+00
1.990400631615123483e+00
2.869349012144495781e+00
2.639587220972667403e+00
2.590483912922197263e+00
2.318031793810544361e+00
2.647840473967957742e+00
2.541497336355473369e+00
2.510129682737229917e+00
2.557063749729572510e+00
2.753144629872131155e+00
1.811392167163131006e+00
2.568208423163206966e+00
2.624020244773848543e+00
2.665295418182320741e+00
2.530459012463205148e+00
2.200745817714459651e+00
2.371994160828136522e+00
1.707250226313059560e+00
2.072404723087660550e+00
2.554153541456664289e+00
2.526935721600973572e+00
2.210145115372162739e+00
2.039547081586863264e+00
2.537770584562751175e+00
2.670047640295367675e+00
2.443762977441953144e+00
2.487884208267801878e+00
2.334609231967557541e+00
1.825375389165210915e+00
2.612524327704683014e+00
2.560205212189333057e+00
2.103175564224983418e+00
1.828551804301451256e+00
2.431400554809383330e+00
2.430351578461632300e+00
2.422624859529203700e+00
2.793931688800806779e+00
1.933652148502728263e+00
2.181840241815382608e+00
1.749843972724399510e+00
2.323140782901399248e+00
2.258239810934835390e+00
2.564699623211491364e+00
2.051310023392101556e+00
2.609870980910719229e+00
2.586884897222549107e+00
2.523098881035096941e+00
2.236614928007965020e+00
2.304589327321198589e+00
2.500596500928162769e+00
2.369828892279672861e+00
2.488500062835972138e+00
2.284839839777426107e+00
2.858514987450965883e+00
1.912445969184273231e+00
2.250137974971652355e+00
2.269437519744333276e+00
2.256536855344513981e+00
2.780175344979100682e+00
2.338803520086850884e+00
2.682640640259017495e+00
2.076672765300233259e+00
2.154137830510582940e+00
2.260044629784268455e+00
2.772459906607415370e+00
2.678483522183474186e+00
2.329249863874914173e+00
2.306871888483725375e+00
2.692323680447000989e+00
2.623303815317644450e+00
2.353108288876970988e+00
1.962276240309170916e+00
2.607000059152209115e+00
2.485457469072860359e+00
2.535951278667438302e+00
2.020081545568872983e+00
2.676387295520743059e+00
1.936004720971399751e+00
2.257828194666578359e+00
1.712563391589104089e+00
2.626944276379081789e+00
2.612892647948011238e+00
1.991543027605165994e+00
2.313241900918621585e+00
1.828642291906435124e+00
2.905382044780486783e+00
2.130905033640857926e+00
1.779381703434192774e+00
2.349321112377065202e+00
2.151477949173974391e+00
2.516378999930130256e+00
2.237790232235312704e+00
2.439985312154393071e+00
2.524983779280403962e+00
2.563031620589065085e+00
1.863684916096172151e+00
2.332893187193202156e+00
2.110809627447245873e+00
2.541499373941269013e+00
2.481250026404962394e+00
2.719178862647388950e+00
2.296797311558836707e+00
2.041261937945895610e+00
2.695119400989576697e+00
2.313882032921343423e+00
2.669344619721759848e+00
2.406811585942772780e+00
3.012791479350575674e+00
2.242311599959572632e+00
2.073589686091771966e+00
2.339714916920045518e+00
2.430034230310738508e+00
2.113948377426367653e+00
2.330754920109597172e+00
2.320595304466548381e+00
2.923543421256760588e+00
1.928482299836577374e+00
2.305037161981055682e+00
2.012293358581119129e+00
2.584491604691121047e+00
2.134135107681866650e+00
2.645487269440478073e+00
2.469422889197624205e+00
2.395430403531073615e+00
2.046681360806841710e+00
2.578072393515653538e+00
2.470360925402073526e+00
2.851932130401572785e+00
2.531962814318885258e+00
2.424318554226399414e+00
2.404539644117222430e+00
2.458513984854437950e+00
2.817085086157965712e+00
2.198884448117474300e+00
2.548651280732157964e+00
2.023378555111301491e+00
2.454121902573227487e+00
2.873703869274170319e+00
2.301044495166643777e+00
2.447294910501843113e+00
2.410511632109254787e+00
2.815928058689225466e+00
3.051949922840337948e+00
2.188946878622122671e+00
2.852999894190035413e+00
2.423461639313091887e+00
1.998163462307009919e+00
2.251286173360643961e+00
2.316540283320940752e+00
2.012163860559827100e+00
2.844173902180843871e+00
2.390836772358825968e+00
2.599784633953135859e+00
2.340564495678795875e+00
2.618269246741183220e+00
2.729744130521005729e+00
2.509843740351730190e+00
2.094842946281016971e+00
2.319066382396065773e+00
2.907691857451621065e+00
2.112942799660929794e+00
2.491529776742642532e+00
2.396984599397644633e+00
2.371821185307451785e+00
2.836375468394178867e+00
2.569809062546579703e+00
2.130406621495303909e+00
2.551036999515822412e+00
2.333579355712155134e+00
2.623591862610244796e+00
2.608507096780182444e+00
2.849246874093620541e+00
2.471484850386158172e+00
1.760284006155270253e+00
2.554460478539111623e+00
2.255634623581367126e+00
2.669615265021224815e+00
2.253042589898261561e+00
2.027176327512794973e+00
2.185142057706569219e+00
2.524628018177104583e+00
2.315567857632929272e+00
1.928900928574774909e+00
2.275291207692647699e+00
2.712954170520431862e+00
2.813120996515097172e+00
2.231594708534721416e+00
2.732612488633153536e+00
2.509566420889650651e+00
2.591730172922392939e+00
2.128425389056909367e+00
2.292025635385813942e+00
2.066465556001650938e+00
2.304857459000871245e+00
2.629956297194748771e+00
2.527685022224324118e+00
2.152468497848198492e+00
2.554408446920571230e+00
2.207660518979527975e+00
2.815422343745096700e+00
2.042406125829638874e+00
1.988249470315192058e+00
2.445037044061184606e+00
2.478948581232032211e+00
1.711397953370866087e+00
2.138109089614023794e+00
1.884359960103144660e+00
2.217272221504750007e+00
2.792700798382315774e+00
2.345399437017840594e+00
2.530920715984165792e+00
2.411754812490316535e+00
2.623959719125617873e+00
2.720504051435543413e+00
2.531677741477164290e+00
2.514732773301900703e+00
2.102892910547805361e+00
2.297500413647830086e+00
2.398210253457476959e+00
1.801563987630145913e+00
1.874068577266710722e+00
2.670159217094512538e+00
2.305026713327397836e+00
2.249529489389844095e+00
2.729684202129356141e+00
1.917437506637105882e+00
2.553134533813535167e+00
2.168898825806741648e+00
2.456515699543953879e+00
2.585251575294190474e+00
2.313629018857584985e+00
2.680612418076608439e+00
2.785726341897236225e+00
2.039809649036954831e+00
2.880803961479637021e+00
2.380218390893654945e+00
1.798542216613654654e+00
2.159039389782364982e+00
2.084912019797299010e+00
2.677500926026540107e+00
2.480957924348704768e+00
2.125814382996680685e+00
2.195677116060489986e+00
2.344784328331439571e+00
2.409009536276155217e+00
2.029952462537677693e+00
2.357509990047806703e+00
1.946847390938836853e+00
2.159150724209636163e+00
2.435600281159800318e+00
2.635348964484045542e+00
2.371384448095659181e+00
2.798921098293745136e+00
1.849047118283844826e+00
2.870613249467194983e+00
2.005716337941708893e+00
1.651181340660187846e+00
2.365447614740101123e+00
2.602142855675098065e+00
2.434112746112532033e+00
2.412751803966539654e+00
2.224594630956835850e+00
2.471493643138226393e+00
2.653838382494140280e+00
2.633617179129577046e+00
2.108419773653826823e+00
2.008119393925526186e+00
2.167504761727721441e+00
2.635892458557777651e+00
2.414325238378175698e+00
2.435086794037626845e+00
2.615255242034430161e+00
2.299676023995597784e+00
2.134414360461287075e+00
2.476379906774865969e+00
2.016957755854094536e+00
2.557501719264069884e+00
2.562103354301339841e+00
2.634822566833596280e+00
2.896761898373412247e+00
2.111121491030796271e+00
1.934103256333687515e+00
2.215262735800999749e+00
2.515101823040657436e+00
2.331035819562562672e+00
2.517987149850770656e+00
2.737122156607582291e+00
2.418300026950425785e+00
1.921716344540718158e+00
2.403614869632021200e+00
2.837562541868800192e+00
2.052199003371577568e+00
2.151496814677054559e+00
2.411962219245411099e+00
2.285435301465952307e+00
2.503186722423305532e+00
2.520797932865908031e+00
2.180848037948749596e+00
2.417057938866505218e+00
2.416311769787660602e+00
2.708570070862774237e+00
2.154401764723081758e+00
2.688653620035055702e+00
2.595923177493071776e+00
2.410157435500716261e+00
2.153261407803059857e+00
2.517262700776576878e+00
2.809649927374132883e+00
2.385956253210145483e+00
2.174131187642500240e+00
2.482636102452197235e+00
1.788131116057964043e+00
2.511969248555226741e+00
1.757432540029003842e+00
2.644910626594903391e+00
2.286668445595572585e+00
1.955422691556490955e+00
2.744764453814532601e+00
2.815388844435583238e+00
2.033850433360924193e+00
2.451530476475002995e+00
1.973896568808481522e+00
2.368400678716819474e+00
2.002781742937279397e+00
2.603751449956869024e+00
2.773015952358929948e+00
1.970112162987855076e+00
2.551227766567756738e+00
2.375161547504820003e+00
2.317394499935064189e+00
1.996923551717046941e+00
2.458809764399493059e+00
2.147835889118608677e+00
2.335849272962773782e+00
2.281616644123357851e+00
2.345474631163890322e+00
2.233664355922472478e+00
2.024827983529742248e+00
2.643411793164240908e+00
2.398156297403134740e+00
2.315866400761482424e+00
2.863915600346603085e+00
2.305487949553953531e+00
2.661279095125673955e+00
2.343947855468568875e+00
2.415600802468625297e+00
2.538583342967043244e+00
2.940851743575611188e+00
2.577857923403783502e+00
2.217564561929826983e+00
2.058443127449411048e+00
2.433728335778405860e+00
2.559220276946748918e+00
1.858238366810845088e+00
2.647006820371216040e+00
2.634063415236319816e+00
2.930090905944935820e+00
2.409396624430470535e+00
2.181061361843658286e+00
2.725367490724579511e+00
2.396453109913994961e+00
2.677626147638948240e+00
2.324247961079610736e+00
2.253783805633045478e+00
2.301338097623353729e+00
2.092881361195776613e+00
1.948332617332411587e+00
2.170397168845263458e+00
2.105775199349428028e+00
2.110452011382307091e+00
2.459006539876560815e+00
2.928977073623242333e+00
1.970022641423973209e+00
2.875646249300072288e+00
2.400152354843203106e+00
1.806966253015114487e+00
2.683852040741363520e+00
2.395781686839734359e+00
2.230066178380783803e+00
2.376612091579474839e+00
2.104919560304096215e+00
2.705494433174790991e+00
2.572032184325577564e+00
2.374398057107931059e+00
2.979645390392301696e+00
2.499320585645272264e+00
2.484380454769344659e+00
1.783494795566926472e+00
2.411160031433606576e+00
1.933874616721431794e+00
2.421205754185299597e+00
2.647111958294458667e+00
2.094530469680166096e+00
2.379915196057580395e+00
2.073404025163834596e+00
2.523105463862783004e+00
2.705023456350269750e+00
2.701063611610393433e+00
2.547758194167268453e+00
2.215596222917561420e+00
2.514529766143689393e+00
2.602994256758862868e+00
2.609505412595915175e+00
2.279863058002368437e+00
2.511989778031298748e+00
2.301194082954315601e+00
2.543661331887695720e+00
2.505777144338750428e+00
2.201180184600458389e+00
2.815454985445523306e+00
2.628321102875065929e+00
2.666907144375385563e+00
2.100963896793067498e+00
2.225754210898836405e+00
2.773866435531498809e+00
2.378994485768899825e+00
2.270878781443428807e+00
1.937640293288070747e+00
2.765476586040831908e+00
1.769198954750347497e+00
2.493477252687984258e+00
2.334963681596908813e+00
2.652208564830700777e+00
2.603196047994732254e+00
2.023987982926850115e+00
2.098722556929685013e+00
2.279369849606226239e+00
2.433464121269425018e+00
3.049611455952404793e+00
2.335527442557945754e+00
2.321050052032602284e+00
2.373056778239617692e+00
2.261123759121757004e+00
2.129010890435880210e+00
2.236988554430168197e+00
2.164419710987351309e+00
2.628849589162653988e+00
2.194129324550758930e+00
2.172465715353417703e+00
2.536970873406281246e+00
2.248883496556329575e+00
2.623700540655491853e+00
1.954155079606820555e+00
2.379193148882230879e+00
2.299812819627783611e+00
2.100125760156697829e+00
2.180588779810402222e+00
3.074392903524896248e+00
2.817713705883802433e+00
2.228344235498108894e+00
2.504582603134907881e+00
2.026651062426455763e+00
2.597728944697306197e+00
2.026886792950253202e+00
2.038135148440222366e+00
2.021887735429959143e+00
1.999015651551780293e+00
2.149765834788354368e+00
2.563317709423340141e+00
2.536467166497716530e+00
2.780209489207122964e+00
2.230053515909151685e+00
2.536312931840086549e+00
1.952158555820127095e+00
2.350874776788858256e+00
2.469854936518451893e+00
2.179574587990617651e+00
2.898655498694405530e+00
2.116153014170721214e+00
1.918801078772696567e+00
2.227871821099635774e+00
2.888290287945403545e+00
2.968422690984448664e+00
2.408023892323514659e+00
1.960248514314102408e+00
2.232436348137634141e+00
2.489536852216542862e+00
2.290488002030418357e+00
2.344462936856126944e+00
2.077451381632394511e+00
2.259717295603174581e+00
2.234533308518901418e+00
2.573747496904536192e+00
2.163636647659279877e+00
2.403216511025087598e+00
2.268943644369749268e+00
1.785537329341429391e+00
2.536268286602472166e+00
2.620307308217883158e+00
2.592174188967028670e+00
2.866985133871327029e+00
2.348931689517613552e+00
2.287480958499954475e+00
2.016121027390716414e+00
2.157917686069049878e+00
2.458717612114962314e+00
2.579615932476969853e+00
1.847362590291348416e+00
2.027302113324164878e+00
2.215678123931879018e+00
2.326569903746291246e+00
2.743403808908766450e+00
1.973222272094534935e+00
2.649091996882773525e+00
1.755577835131658881e+00
2.280578533258733831e+00
1.926763795379413446e+00
2.930791587646284668e+00
2.558563038358246278e+00
2.558316195552704286e+00
2.520340283940760706e+00
2.203733423584992135e+00
1.938077850139566127e+00
2.401469520868174001e+00
2.517380195467778137e+00
2.070345986052503751e+00
1.821738549193223200e+00
2.544596310308320675e+00
2.707874420400040449e+00
2.605205576277134227e+00
2.538324740132832602e+00
2.477093616787663155e+00
2.602738126179497957e+00
2.386512521277876608e+00
2.099820180967455485e+00
2.484214021334036460e+00
2.523640850069906794e+00
2.397266751843845967e+00
2.006342513543019290e+00
2.956937664752969486e+00
2.760902224124762938e+00
2.493965492351727153e+00
2.470722731851763498e+00
2.490131218462687812e+00
2.504109808378907065e+00
2.187813158008286685e+00
2.414350643179441036e+00
1.893121414220527043e+00
2.755790486831568575e+00
2.809824927716032761e+00
1.950036795538647949e+00
2.867023337042104103e+00
2.416086505844030619e+00
2.526531250526287131e+00
2.318108012598511181e+00
2.556394122773222310e+00
2.162343192625670429e+00
2.146686451937374507e+00
1.841093912134507571e+00
2.247343925670094666e+00
2.136265830429125323e+00
2.493293398691419860e+00
2.507380797770267566e+00
2.546559022711066156e+00
2.696484156060122483e+00
1.819508168925513036e+00
2.363359762596006775e+00
2.433137048622640908e+00
2.684702357616566726e+00
2.362180421369924233e+00
2.140570965353305155e+00
2.462443041616427131e+00
2.191242016881452592e+00
2.317124801449397697e+00
2.665371280984696778e+00
2.745168781779709022e+00
2.201075134976237635e+00
2.276798318504357432e+00
1.943767142482455190e+00
1.960671414123744682e+00
2.491338581568557586e+00
2.348727356000227307e+00
2.175542816019079950e+00
2.415752783262803405e+00
2.580141220905801447e+00
2.516067415120427864e+00
2.056669941649930333e+00
2.311483387689507119e+00
2.529539168268866156e+00
2.453570510689175421e+00
2.384358579018872160e+00
2.549705920183840568e+00
2.863599639986803780e+00
2.118769392371362414e+00
2.331188810705248748e+00
2.416123966844493154e+00
2.239528254421898623e+00
2.097853482816302240e+00
2.586841222143392738e+00
2.810454295161177729e+00
2.143113603541841883e+00
2.375318289340473399e+00
2.406833510347177629e+00
2.287638772056900471e+00
2.246003778370479154e+00
2.261147031553522702e+00
2.516443744853853470e+00
2.267971459800436129e+00
2.178050750967241989e+00
2.236058538344517732e+00
2.062103707949094478e+00
2.216256719973767275e+00
2.454392112591041286e+00
2.553651899368041711e+00
2.741827595437863696e+00
2.987927967608454694e+00
2.031065726801657423e+00
2.598465058943407513e+00
2.465775964598543979e+00
2.587563363384299375e+00
2.569093004242945177e+00
2.328754121758753293e+00
2.750951013321680350e+00
2.143602235693496283e+00
2.429972038815833901e+00
2.271876444912393822e+00
2.537941943445591431e+00
2.379579623925538456e+00
2.078814698633172142e+00
2.786597705242953804e+00
1.932668814389325584e+00
2.372148363460353515e+00
2.211132214477828040e+00
1.922372027704470021e+00
2.075540170956606367e+00
2.415808570568255931e+00
2.683410057075855448e+00
1.947085350363702894e+00
2.348656810684989882e+00
2.724477995736612090e+00
1.786435485294160408e+00
2.837627268793333712e+00
2.670231946223950992e+00
2.528631741116501797e+00
2.726456567168512812e+00
1.843155716363185981e+00
2.058403846979083074e+00
2.459819635580558828e+00
2.462069061354110744e+00
2.255992995323164330e+00
2.266318915219381225e+00
2.782199824087482565e+00
2.092662577186039208e+00
2.876803891333330476e+00
2.743613438736706822e+00
2.451387111571620370e+00
2.411803230833664990e+00
2.239635807519508859e+00
2.589540886209091841e+00
2.727628650598844295e+00
2.546213135851582710e+00
2.018376375264377742e+00
1.843492847946412105e+00
2.364919567840254366e+00
2.325292130346372943e+00
2.723795515431199910e+00
2.438106127554427793e+00
2.506588856614394345e+00
2.935841253648085569e+00
2.125860747763540282e+00
2.633640499494384279e+00
2.664379133285120993e+00
1.919887651161127140e+00
2.204951697068568972e+00
2.058771326667758306e+00
2.052087790984378213e+00
2.044059633981916591e+00
2.464025236188696510e+00
2.200745055667711281e+00
2.814274060601766436e+00
2.203905106067958641e+00
2.519874136047472568e+00
2.425867264853897254e+00
1.920722054839040682e+00
2.026390398039845220e+00
2.768506296103649511e+00
2.766456106625492239e+00
1.869418234350266550e+00
2.541684226658441403e+00
2.300606316006704510e+00
2.301052260978274866e+00
1.782820472588551919e+00
2.375306373210668731e+00
2.370037835899637013e+00
2.176386274487695616e+00
2.473836279669215710e+00
2.811643971697500799e+00
2.797101152824202241e+00
1.969805401758208063e+00
2.765661254738397190e+00
2.669149366790096067e+00
2.120404487059994736e+00
2.231366549485604978e+00
2.146050517200914776e+00
1.873078324352619894e+00
2.691509565632057566e+00
2.196021858385579506e+00
1.860882115035183970e+00
2.288142308615864540e+00
2.415141966982191413e+00
2.931677481546013819e+00
2.390419955648231731e+00
2.394750445591721899e+00
2.537780356404616189e+00
2.596821215744885780e+00
2.271840181590467189e+00
2.163351306548362274e+00
2.344402368749044729e+00
2.237192046731580231e+00
2.212287345646055670e+00
2.344122133786843865e+00
2.583307675759868527e+00
1.841881488894676622e+00
2.636025008083440646e+00
2.472863578584655997e+00
2.512911893180844736e+00
2.074879966295039679e+00
2.167657413831740598e+00
2.015359590274153678e+00
2.811947750878982077e+00
2.078270235108289121e+00
2.769975952355061111e+00
2.602343401409564549e+00
2.466451828931443213e+00
2.704695991339905792e+00
2.432033840160942706e+00
2.291043808975771867e+00
2.526796014461543116e+00
2.518927147064041971e+00
2.071020694354773095e+00
2.107836379173034125e+00
2.242156039315295502e+00
2.601914038363564607e+00
2.513183762736330706e+00
2.092190577557528908e+00
1.876000980438678578e+00
2.565712540042811352e+00
2.403578465243366491e+00
1.993020014550928032e+00
2.467125893018433658e+00
2.422626986890683121e+00
2.470480366413829731e+00
2.086381771339025804e+00
2.452391218731851286e+00
1.741841108733945820e+00
2.590219087044607793e+00
2.628910487891165992e+00
1.939848160915077724e+00
2.520580992722337044e+00
2.207385603865395396e+00
2.427592291114716971e+00
2.280226418956091461e+00
2.691384347794797183e+00
2.393719157903634986e+00
2.377702645650326296e+00
2.347058964852920315e+00
2.694041700078539492e+00
2.369529425672892042e+00
2.014465077791707248e+00
2.723258591707332421e+00
2.605593233629412087e+00
2.227786182853603858e+00
2.958088826549484018e+00
2.539887845664023924e+00
2.478423409835941005e+00
2.218137330103021831e+00
2.365071085244697890e+00
2.202268177041378117e+00
2.637226980350725114e+00
2.060258841056211487e+00
3.029177462739232496e+00
1.999294582558671429e+00
2.784675466801525001e+00
2.677458354931943951e+00
1.918441294786467965e+00
2.792211765436579007e+00
2.461612409146460845e+00
2.493147972667731693e+00
1.978238948280935938e+00
2.012797059249329834e+00
2.804174898753111211e+00
2.095663677513281975e+00
2.182392568317593096e+00
2.226283255634147196e+00
2.527496044663769759e+00
2.895582621181389982e+00
1.765267804677142172e+00
2.421967935800838134e+00
2.233454153210516768e+00
2.549203835354934888e+00
2.390670863562535331e+00
2.611631791312821083e+00
2.260439320905032190e+00
2.113646242694646737e+00
2.640576173249078895e+00
2.559832344725215147e+00
2.987728660323894836e+00
1.900017855001395972e+00
1.920555086928001920e+00
2.707874049900988123e+00
2.396556048052281174e+00
2.245195470919886027e+00
2.045304982717228270e+00
2.327594172007335871e+00
2.307495340590239863e+00
2.270104439197405455e+00
2.488925182225364630e+00
2.549083700049682655e+00
2.325443983680392623e+00
2.772320995947736844e+00
2.719007292684008092e+00
2.143238272449226933e+00
2.024867320756515987e+00
2.505099585197470446e+00
2.902574764671394636e+00
2.478607911098745564e+00
2.127878791728321950e+00
2.063102026352534590e+00
2.534560374588080034e+00
2.293910676439876895e+00
2.592027139979111716e+00
2.243501431987611205e+00
2.409772326600672088e+00
2.307347574529572398e+00
2.439223520656409683e+00
1.781027970586242848e+00
2.650175271458137694e+00
1.976505599668536117e+00
2.301034421605819169e+00
2.392637845226325943e+00
1.984761485049554963e+00
2.288419708594511270e+00
2.490450230351761718e+00
2.070796131162110143e+00
2.620361325829617005e+00
2.460843237568604458e+00
2.677833064117159267e+00
2.252562442920014618e+00
2.315460848552620909e+00
2.621576630839869360e+00
2.072032381908173626e+00
2.299310481475671963e+00
2.671056176372080149e+00
2.366539938188924719e+00
2.234509046374572705e+00
2.076527286461407940e+00
2.965790478256264073e+00
2.761835198942579783e+00
2.104828554317808020e+00
2.488049118632892132e+00
2.477656503610285554e+00
2.774688949070983846e+00
2.428734161001937064e+00
2.256625033267093627e+00
2.745398158932703225e+00
2.389607261687300088e+00
1.942070595768124797e+00
2.217394412668075354e+00
2.311406965724865259e+00
1.820757778682275063e+00
2.037008927907078881e+00
2.606177626622208088e+00
2.620259982693881717e+00
1.999675837297318903e+00
2.652371117570610615e+00
2.391823679030149918e+00
2.577992883609368846e+00
2.662223913023619826e+00
1.977612887733336988e+00
2.714104369682577289e+00
2.517275625317215049e+00
2.818280907286768500e+00
2.254504492625323930e+00
2.561026139025337045e+00
2.430098609528508202e+00
2.641741646028387791e+00
2.784319372716089980e+00
1.724061185525705975e+00
2.656062884891747355e+00
2.867072372548292503e+00
2.041368498479330107e+00
1.936550442039409514e+00
2.295459917278461326e+00
1.823601010695742985e+00
2.411429403082935963e+00
2.406137505700118417e+00
2.329646062692061648e+00
1.833563370853720453e+00
2.931869956058680060e+00
2.696370112066946767e+00
1.978118948048999348e+00
2.835218319209516835e+00
2.688615507317622111e+00
2.376513992190683044e+00
1.686744466127742870e+00
2.746584411789421587e+00
2.853831698547166784e+00
2.928196558600382193e+00
2.090376771451270432e+00
1.724454160561041283e+00
2.386610299782379485e+00
2.132006076578274012e+00
2.293233705892056662e+00
1.980919546276606491e+00
2.361762206579085088e+00
2.399032430778927694e+00
2.354002268416858890e+00
2.198251510637423412e+00
2.194089837058506021e+00
2.093689395342319681e+00
2.932811532940629462e+00
2.486594741167393874e+00
2.502609952552992567e+00
2.285748931193316125e+00
2.536449150247731765e+00
2.777116609423787352e+00
1.880569512827125145e+00
2.398836395981781777e+00
2.141832931199091572e+00
2.364344447859449527e+00
2.208296048342360596e+00
1.878979165647867600e+00
2.216653311718416841e+00
2.608658842013209966e+00
2.681378713972974559e+00
2.258211848935805843e+00
2.197137403859958038e+00
2.384916408118181508e+00
2.334981613065797212e+00
2.478213310396527369e+00
2.856521829342866692e+00
2.238939864111109124e+00
2.713919289500602794e+00
2.365777878120019828e+00
1.669202747134618470e+00
1.803520543255081821e+00
2.210438137534787906e+00
2.635122186322534255e+00
2.378261468817495228e+00
2.572962873990203736e+00
2.374263546677700454e+00
2.268594542185583762e+00
2.561214701145628325e+00
2.667266960480428661e+00
2.574377966647920069e+00
1.925023213390007593e+00
2.330720206448824161e+00
1.899125255001802515e+00
2.254027054028286514e+00
2.117944448171901417e+00
2.400340235776052822e+00
2.386880902614842093e+00
2.099714226647105164e+00
2.389296152180376165e+00
2.237844588962453418e+00
2.310766491096825526e+00
2.361571202443768946e+00
1.885896685476273094e+00
2.551348950597849274e+00
1.968227144048474653e+00
2.126312340384937549e+00
2.534636388938501739e+00
2.035985521541647358e+00
2.927579864938403720e+00
2.810318050635951970e+00
2.482973785739252648e+00
2.435990408566244714e+00
2.285446091606151420e+00
2.534684618852322657e+00
2.452386462661571453e+00
2.214451056252751293e+00
2.353865374486927120e+00
2.154234275924396425e+00
2.359518297363774053e+00
2.691576644361525883e+00
2.550815098406413739e+00
3.018144632477672840e+00
2.481170432392833636e+00
2.526143039213882613e+00
2.705994330755973287e+00
2.672768483283467944e+00
2.655649164928199468e+00
2.046584176300161317e+00
2.301534806960233492e+00
2.159966020231433248e+00
2.754665136770253930e+00
2.051737627962639809e+00
2.336298699305872972e+00
2.055383801307485214e+00
2.783028049455136710e+00
2.326648933482355464e+00
3.003990240475066464e+00
1.996531714558219761e+00
1.742539469638459293e+00
2.724884800621274916e+00
2.775274968250278640e+00
1.942168661167351873e+00
2.267972044616062277e+00
2.165616604114094734e+00
2.457915721798616282e+00
2.455600127389891973e+00
2.309006790265203612e+00
2.071415646222865448e+00
2.034509966804530556e+00
1.794432338689464501e+00
2.126373255928614370e+00
2.078134927548599187e+00
2.609115223072476120e+00
2.395007369661642294e+00
2.567176703252071590e+00
2.603477103763324862e+00
2.791148054551443103e+00
2.288802613607128222e+00
2.335044328558799176e+00
2.428900525287515766e+00
2.652986283366649989e+00
2.280677780327296844e+00
3.051299463304449233e+00
2.447485615852276197e+00
2.693331828705952447e+00
2.350420613980770845e+00
2.281435624491328973e+00
2.426088963238388629e+00
2.013733521335584697e+00
2.210897451682275694e+00
2.182866275220800123e+00
2.313123771757402913e+00
2.766414127020653702e+00
2.221011715425267319e+00
1.953839534767655373e+00
2.424847120193169392e+00
2.793103948511347134e+00
2.276323863627840449e+00
2.574971703808684786e+00
2.620292552836175570e+00
2.558927209845641038e+00
2.438745653674359914e+00
2.298045259897410819e+00
2.717029374601986014e+00
2.649581269000235828e+00
1.837097347102284894e+00
1.874675972599280094e+00
2.638816565154721960e+00
2.375198432887390076e+00
2.078867711820025832e+00
2.743852727949721348e+00
2.080600817075952680e+00
2.169939442315797606e+00
2.587805936566204057e+00
2.050525470838863384e+00
2.249518191828518532e+00
2.235948280579647562e+00
2.680139101170721183e+00
2.046534683927569986e+00
2.514933635667614631e+00
2.591442667155432478e+00
2.826529696434546768e+00
1.998579261464175083e+00
2.483570150296121604e+00
2.723005833149596544e+00
2.004585783186908721e+00
1.953282681020484413e+00
1.811065557080470123e+00
2.676611093997909308e+00
1.969607748819254711e+00
2.558146000812417054e+00
1.872499866309334848e+00
2.524631140145328523e+00
2.423035798217327841e+00
2.581376625560891647e+00
2.236866352393544588e+00
2.335550098429664878e+00
2.066025611753382840e+00
2.878076396436942019e+00
2.419257051758092469e+00
2.477183765646961966e+00
2.705263037199345799e+00
2.612972439646543688e+00
2.108343050297059040e+00
2.003016722325981380e+00
2.715351818644254234e+00
2.618640302920972385e+00
2.025910109311849894e+00
2.160697439657408570e+00
2.646439854872360886e+00
2.374704172686541437e+00
2.742809333431738938e+00
2.468967346089256054e+00
1.970696575770293224e+00
2.094416884075956276e+00
2.199091370738724738e+00
2.176492036103697458e+00
2.813053276938327851e+00
2.521474949290482659e+00
2.119752303731027077e+00
2.624896988261087749e+00
2.139526788425608395e+00
2.166029395723106266e+00
1.964825417629855631e+00
2.935639468709518418e+00
2.152745913349419560e+00
2.774706949576660087e+00
2.462856520425770412e+00
2.903602458063285319e+00
2.386492010264724684e+00
2.454853377412709037e+00
2.035223180402188525e+00
1.856674678544265156e+00
2.215704657886681694e+00
2.058204810293950970e+00
2.898475017504387186e+00
2.516265818385920561e+00
2.513292030295793289e+00
2.168918000912256616e+00
2.714513184861004902e+00
1.928767472001906791e+00
2.513179599176766921e+00
2.698754235806443358e+00
2.244144814004063626e+00
2.391688791951694704e+00
2.462759370392364922e+00
2.558284316676131098e+00
2.050409522962853615e+00
2.889609067778074802e+00
2.316682119572138099e+00
2.731662077783131970e+00
2.557977925622849202e+00
1.896413605967240512e+00
2.660063417538111707e+00
2.323866441757383328e+00
2.471819842065251738e+00
2.429327148464442754e+00
2.484126127859418887e+00
2.821682188008193926e+00
2.489285064550228022e+00
2.413551011890222142e+00
2.628184857739714886e+00
2.415271151494420288e+00
2.722656853957041712e+00
2.155191378233266342e+00
2.206201447867417009e+00
2.683762321893440106e+00
2.575615543312412825e+00
2.322693837827246810e+00
2.289568424632074439e+00
2.678927594479333152e+00
1.841222700212320262e+00
2.569753405466593144e+00
2.517126589943331272e+00
2.272748071415193749e+00
1.977483621358113064e+00
2.557512385422333168e+00
2.223114766218504457e+00
2.216679834321503950e+00
2.526078104234602772e+00
2.596959707054034894e+00
2.405041232267713713e+00
2.432351293137791082e+00
2.042655440448815973e+00
2.657679906393464186e+00
2.439897539919128278e+00
2.490832326981072598e+00
1.777074093619265716e+00
2.068251602656437704e+00
1.642662750675862426e+00
2.377008129149821514e+00
2.446719061612854240e+00
2.383861884693898148e+00
2.442604386277354322e+00
2.042276898116314854e+00
2.346877398947471605e+00
2.317594827708836736e+00
2.340680196989551654e+00
2.267377735631826763e+00
2.187716775974868799e+00
2.305822733299419447e+00
1.888771546784058675e+00
2.599358731411430590e+00
2.769076064721049502e+00
2.768365079522074446e+00
2.510288471396766585e+00
2.288444394538464710e+00
2.494982877303421720e+00
2.536307596047700841e+00
1.988757046424155961e+00
2.282237396008929942e+00
2.317958670465811721e+00
2.159129093865212567e+00
2.324942969656693670e+00
2.353388954058383220e+00
2.072826496620099768e+00
2.534132620991780271e+00
2.757781212479339494e+00
2.489889429654848829e+00
2.577954070010644472e+00
2.280058972257389183e+00
2.372256884840302504e+00
2.220100652839021471e+00
2.582221137948824907e+00
2.899367691194196794e+00
2.049279833952280860e+00
2.783589475144559344e+00
2.627419359575748459e+00
2.794328292727661811e+00
2.590977354841594416e+00
2.544151693082329579e+00
2.471985697539964555e+00
2.574318145176378803e+00
2.895621672640919186e+00
2.365911572165618093e+00
1.917062453071557648e+00
2.104698780588266871e+00
2.781767114351139547e+00
2.711020923492281298e+00
2.779151235654157670e+00
2.483687635792288351e+00
2.578090418679436890e+00
2.769663746385711445e+00
2.324835220014676906e+00
2.881132514403280442e+00
2.361577733968481141e+00
3.006253625212680358e+00
2.702416201626779646e+00
2.085057552840114958e+00
2.967306638848551170e+00
2.357373015030252095e+00
2.639731371937523274e+00
2.576157274327505853e+00
2.369528836167669628e+00
2.306382658793321383e+00
2.166895323655469330e+00
1.934019827185935458e+00
2.795068490856500443e+00
2.492980508178345378e+00
2.883465816875990129e+00
2.239365523641809297e+00
2.439492962638399209e+00
1.808392513414847302e+00
1.728718531666971536e+00
2.727697938724991999e+00
2.632244109496170381e+00
1.988019677923921646e+00
2.333788450138842840e+00
2.403561888853084305e+00
2.155021792030392014e+00
2.416038308592915129e+00
2.085098361153380431e+00
1.974115812201681308e+00
2.758268676513594642e+00
2.318302570881571878e+00
2.269691817986203120e+00
2.538821276139266558e+00
2.088891880277640389e+00
2.466685205030853201e+00
2.407617523617870070e+00
2.172544712750794638e+00
2.843301037780953333e+00
1.941875366150452864e+00
2.359698304504550315e+00
2.642723805379448176e+00
2.449755489493885108e+00
2.378242382754963913e+00
2.340022301495898738e+00
2.312168801897504622e+00
2.090392114437740645e+00
1.805447784439119019e+00
1.814837480211005660e+00
2.475808896563155059e+00
2.603011409147608646e+00
2.375152853018239529e+00
2.612613701812299460e+00
2.614411584749414263e+00
2.367946899623459611e+00
2.543393795289856207e+00
1.628683340160808735e+00
2.365866208284192584e+00
2.334213201358963374e+00
2.437501253111491017e+00
2.435950777802276424e+00
2.275075691626076146e+00
2.584214234788443143e+00
2.622466813997676116e+00
2.569221486822720113e+00
2.275131434071835379e+00
2.508669299024442800e+00
2.767107527643332787e+00
2.651058837175851224e+00
2.617288934901864650e+00
2.859175708290344620e+00
2.871498861492576271e+00
2.521048532863485736e+00
2.993996793601069406e+00
2.612050824266294313e+00
2.269120207048593851e+00
2.272049919677575858e+00
2.137410276759265315e+00
2.060387269939821131e+00
2.737588071704725845e+00
2.243874838728365351e+00
2.507201355347399740e+00
2.199199951805086428e+00
2.392582804722629852e+00
2.267380721045731296e+00
2.459684673313039305e+00
2.510022222324104213e+00
2.702656863925144926e+00
2.156930033683668757e+00
2.501553671873481655e+00
2.490645970246769370e+00
2.459528047128576311e+00
2.214840713211633449e+00
2.380465613773077305e+00
2.074404478484150438e+00
2.110865409438796192e+00
2.305800758621787683e+00
2.182923045686437025e+00
2.883657326939137455e+00
1.726189756430870803e+00
2.398955057639912347e+00
2.484650305730069064e+00
2.609452080818520425e+00
2.327493844740111673e+00
2.255019153298172707e+00
2.236914581509771516e+00
2.145477236691103684e+00
2.507153398012062162e+00
2.672961320373657745e+00
2.162559372352848897e+00
2.122141168041971504e+00
2.254353182548717527e+00
2.196984048983838367e+00
2.225347378779224172e+00
1.862044596958788212e+00
2.434057911955539222e+00
2.431649906785974036e+00
2.621413757927885779e+00
2.328749740952212655e+00
2.602020425638469803e+00
2.068892300121182970e+00
2.910960287858171736e+00
1.982758121966413656e+00
2.860266279844153381e+00
2.472315273665548929e+00
2.133967236434774151e+00
1.785887138232344462e+00
2.615462009939750310e+00
2.345246612428953270e+00
2.504400334756591295e+00
2.256797468827667075e+00
2.471501345616402556e+00
2.681560984430500838e+00
2.423224346925033412e+00
2.190736664818519142e+00
2.212481813439598710e+00
2.176217556090063177e+00
2.319663916712026097e+00
1.981618507671951024e+00
1.974596934600094889e+00
2.955899033921448371e+00
2.478140128615919924e+00
1.983343055481754158e+00
1.935144390809840909e+00
1.881301298160765079e+00
2.295840131267415707e+00
1.735288081109874314e+00
2.403206859307490895e+00
2.512187923688836921e+00
1.955377297540531467e+00
1.941972401167182616e+00
2.149640446984749431e+00
2.806050581868316574e+00
2.037472695025245528e+00
1.920468918967614513e+00
2.570647266689565225e+00
2.253250305222687988e+00
2.299252784152231666e+00
2.660251483524834537e+00
2.659967061880327055e+00
1.980309531522383315e+00
2.134926048538009269e+00
2.364802318518432145e+00
2.037970213321159907e+00
2.422218055830108074e+00
2.104378578972036173e+00
2.698889934456693229e+00
2.295208221216570088e+00
1.701326840043764221e+00
2.445041986771983478e+00
2.643776597075536028e+00
2.195305094171731586e+00
1.944569320702989046e+00
2.954352013949933298e+00
2.224388116737950227e+00
2.411294789840969344e+00
2.563747366357974844e+00
2.086848153236735115e+00
1.839225861621468727e+00
2.685420990397433982e+00
2.142773883854034445e+00
2.427580324514059917e+00
2.419838883119540540e+00
2.373778175554327685e+00
2.575693422665896737e+00
2.170423595280129181e+00
2.521333340650478760e+00
2.809622039305697871e+00
2.876151705479589094e+00
2.041407316538651262e+00
2.596595637728989825e+00
2.561749281409357870e+00
2.249885909273479534e+00
2.289172575585250335e+00
2.545366519492314517e+00
2.091828921027187427e+00
2.360450634985191698e+00
2.582075559377861929e+00
2.321838054914575178e+00
2.049189524375448546e+00
2.534050137882477571e+00
2.392707327602089151e+00
2.198418330009765942e+00
2.327638198556253091e+00
2.799700508023704071e+00
2.927742913749829867e+00
2.395310120817632171e+00
2.169629884554653998e+00
2.589600462624473742e+00
3.023039858925668177e+00
2.478535303879446428e+00
2.223334838630543153e+00
2.022254511450638059e+00
2.420519967901107350e+00
2.182810099306885743e+00
2.597158266162796103e+00
2.392050028030522135e+00
2.712178250724861073e+00
2.346291077040159045e+00
2.440785994287057559e+00
2.261508248577702496e+00
2.729267802084630823e+00
2.400791694179946756e+00
2.225248777816683177e+00
2.371885793740002413e+00
2.174754515801749832e+00
2.660579105201762218e+00
2.180419367776878836e+00
2.604414039969213945e+00
2.407628120820274109e+00
2.379013091699379689e+00
2.906637565350877139e+00
1.890568228179710708e+00
2.301601361251095490e+00
2.221528657654450178e+00
1.830920384587460648e+00
2.384885210041881809e+00
1.822786582214737106e+00
2.667200381482181637e+00
2.347427823781995215e+00
2.254217778832717123e+00
2.307791477442771466e+00
2.573626231085033744e+00
2.774113017589459496e+00
2.534342438837691613e+00
1.970751590815210674e+00
2.266371575922812909e+00
2.324142220797173142e+00
2.105525575875377697e+00
2.108801704775678409e+00
1.820560257004521620e+00
2.123672567910358300e+00
2.499593236655101691e+00
2.048750838726972390e+00
2.591765135569556566e+00
2.730935811698393945e+00
2.303472406142511808e+00
2.667858057726722798e+00
2.343797878953565395e+00
2.723611530357898936e+00
2.063987708757033079e+00
2.674479161702999708e+00
2.521935005945944219e+00
1.727250817216097190e+00
2.107203083339109551e+00
2.288170434208641524e+00
2.167641076967009361e+00
2.341128635312391904e+00
2.783537504284035347e+00
2.308222583294280650e+00
2.679125489436843033e+00
2.436960501761893383e+00
2.365399281267216658e+00
2.924492690659092009e+00
2.555385284015047720e+00
2.900641457440950699e+00
1.768650706716222265e+00
2.541038935434354773e+00
2.233886211430362589e+00
2.324917691315189217e+00
2.123777206574310128e+00
2.276761113665730640e+00
2.075288812296494534e+00
2.669346208579124191e+00
2.001777643769768744e+00
2.126108780988611890e+00
2.374535180096681852e+00
2.174314642209186577e+00
2.393526266159943905e+00
2.514320047933450653e+00
2.584460370619353853e+00
2.086007556609606350e+00
1.895271790553235913e+00
2.018457335930469387e+00
1.939751362428895565e+00
2.590016212169173659e+00
2.197147029167666243e+00
2.510454553446662018e+00
2.173621830755562812e+00
2.083303041203735884e+00
2.579845233893913292e+00
2.245050586764416156e+00
2.839668591579493917e+00
2.156256641898131932e+00
2.249110360442536205e+00
2.854209801941269831e+00
2.291486153213148746e+00
2.639932035317477332e+00
2.354673590089570112e+00
2.736669067234118735e+00
1.901557810645555291e+00
2.610911323354320412e+00
2.027966649903754970e+00
1.800304636893544030e+00
1.826337058093310040e+00
2.512276776500317776e+00
2.514179659448876780e+00
2.384277268024612262e+00
2.358200935536864939e+00
1.862772897060976929e+00
2.375681291624404334e+00
2.030834528543491224e+00
2.374856991352899627e+00
2.458950539010093639e+00
2.185458227357441885e+00
2.141310442633602484e+00
2.337025633151387005e+00
2.197497375087529292e+00
2.157995935969162726e+00
2.455928865995437249e+00
1.900150948192352640e+00
2.826578769604254138e+00
1.942743409156584056e+00
2.043675060309435132e+00
1.857024280451022857e+00
2.183654719012553258e+00
2.300195233770965686e+00
2.607883926062947388e+00
1.698553826043684545e+00
2.621226663639905752e+00
2.500191145643497315e+00
2.695379709671652524e+00
2.074592736220565392e+00
2.253197255963410583e+00
2.206643408958488095e+00
2.011399710967463950e+00
2.510989095355792955e+00
2.226961813051585359e+00
2.511829643680111523e+00
2.813601336410780362e+00
1.894578688450703652e+00
2.223080446613205918e+00
2.384456456420129378e+00
1.967783686031178592e+00
2.570279499149624058e+00
2.157583569342898411e+00
2.667761343028447030e+00
2.179765325856949598e+00
2.843236677195787099e+00
2.334852281603066348e+00
2.717240238107025974e+00
2.263524511743956413e+00
2.251503018195555317e+00
2.358851374681176782e+00
2.376789545925539926e+00
2.611228021895886098e+00
2.117675905652412816e+00
2.358158954104867533e+00
2.311747456858824545e+00
2.132603202866002690e+00
1.801715448852282853e+00
2.209936818345249687e+00
2.559283142263194755e+00
2.938379336566288025e+00
2.641405718880811992e+00
2.544964746183344673e+00
2.516554142466487232e+00
2.781627002609792232e+00
2.174464501135803474e+00
1.875061720629861206e+00
2.164916889664279864e+00
2.421307333843655485e+00
2.279189606587304961e+00
2.352568604768130900e+00
1.855503826547407753e+00
2.275603733639527615e+00
2.475578077530668608e+00
2.639437418801777291e+00
2.725921474278163892e+00
2.733534989187237585e+00
2.599371864994508563e+00
2.563506127191516271e+00
2.533968517202865200e+00
2.548451949169052266e+00
2.090526000560741782e+00
2.562665606748178337e+00
2.422475098552125061e+00
2.190663918690176626e+00
2.128548073266085972e+00
1.637508014583747284e+00
2.559501567873880834e+00
3.065263023338654857e+00
2.257912239502707141e+00
2.163966747150591452e+00
2.320442371604553689e+00
2.151397261510690218e+00
2.002984446343514247e+00
2.635825260422294924e+00
2.141190596466501006e+00
2.506717052491809650e+00
2.186733122104285165e+00
2.091516510274349372e+00
2.282891477359743515e+00
2.852699207464036046e+00
2.436622875297599577e+00
2.247072780756155019e+00
2.216978080822771702e+00
2.069043766292577580e+00
2.010864684058642382e+00
2.168063102427639777e+00
2.156093856016147559e+00
2.179336912101105028e+00
2.578769709276131472e+00
2.824234899672277255e+00
2.704472987924236627e+00
2.399723726109406208e+00
2.571104992091120423e+00
2.554171781397707619e+00
2.069625881586706129e+00
2.691420955436548912e+00
2.583195096752017417e+00
2.559710509540961798e+00
2.505898680696326597e+00
2.339864366639532012e+00
2.124803858488971464e+00
2.319098465849473101e+00
2.716175784053596942e+00
2.461604940047224410e+00
1.870557494219081462e+00
2.150935767393105991e+00
1.926999881500651046e+00
1.925487792014935806e+00
2.335492494106687911e+00
1.877744043720286138e+00
2.207584990368383071e+00
2.546952815666054359e+00
1.842105367701189600e+00
2.499504186024370078e+00
2.336735115363792303e+00
2.388721902282695542e+00
2.445236202220025135e+00
2.461575771510815080e+00
2.431547329204979402e+00
2.629417068548049130e+00
2.736588733472876012e+00
2.752350929823571768e+00
2.417800286266118981e+00
2.168109236685971997e+00
1.866977986833324499e+00
2.577557337657630399e+00
2.119659807282197939e+00
2.445603435172722939e+00
2.462953759824328515e+00
2.075446600423104915e+00
2.453303370457729393e+00
2.255654827176752697e+00
2.730358966042397917e+00
2.492832426727836559e+00
2.518360107402196402e+00
2.671045443976733047e+00
2.120120229514236065e+00
2.450054968302242564e+00
1.757133096468572075e+00
2.545003497605079712e+00
2.618469796471575073e+00
2.229901605315950608e+00
1.608135376374939529e+00
2.897414648761974298e+00
2.161237153025612923e+00
2.237719250999814502e+00
2.552286485317665221e+00
2.652783981165017568e+00
2.299002330742368372e+00
2.469291329704643267e+00
2.341092460568019895e+00
2.371868873267771072e+00
2.581005425550121135e+00
1.761813180261402545e+00
2.693414995616411289e+00
2.027744776074239308e+00
2.597331013709472280e+00
2.351556546755624311e+00
2.621257018588630139e+00
2.790936517533243677e+00
2.451289251049586504e+00
2.477037803084231715e+00
2.410798662037826112e+00
2.433331853971082204e+00
2.371657083099171448e+00
2.249050539152484873e+00
2.193930393334764695e+00
2.400735052595972974e+00
2.093280150845104437e+00
1.871879489719942447e+00
2.441644571563252875e+00
2.237798889353471044e+00
2.310624023236698577e+00
2.274812082172957606e+00
2.582530476954352672e+00
2.366427279565625597e+00
2.706210461695953917e+00
2.420876578468562190e+00
2.783040507761152860e+00
2.274199198657553822e+00
2.252826057783692271e+00
2.848864375444982944e+00
2.863416203964010087e+00
2.160796313449046657e+00
2.247271425847527482e+00
2.816134187555165536e+00
2.128300510658502454e+00
2.525624212593892359e+00
2.440229325693306528e+00
2.037940408909042489e+00
2.665210947533698693e+00
2.670287046326459190e+00
2.779889590459354132e+00
2.049333275484329420e+00
2.424660694249650916e+00
2.210998218032218077e+00
2.697152022517891545e+00
2.550031299373181515e+00
2.536709415477719887e+00
2.731142995240797955e+00
2.509775913476467668e+00
2.340675353471840303e+00
2.152240533879306028e+00
2.879009286478583896e+00
2.131994942108192959e+00
2.356014259065421168e+00
2.496084674380704360e+00
2.641534177818409823e+00
2.213937798163478909e+00
2.668644932509416812e+00
2.406573259239096707e+00
2.513252597539348265e+00
2.223600654439582769e+00
2.365402710082428417e+00
2.988599452783925692e+00
2.197583554581891363e+00
2.094472616424649658e+00
2.455624361975245140e+00
2.620901517743890352e+00
2.128658170334426281e+00
2.698531810146664434e+00
2.151010219181388905e+00
2.313830190754547544e+00
2.511621738287908912e+00
2.145078796045616798e+00
2.179936286385790289e+00
2.596566818170596314e+00
2.749428847366267803e+00
2.609411469399863126e+00
2.128294206481680995e+00
2.318176997486873336e+00
2.474761813637045726e+00
1.944430256885213648e+00
2.328307893854114852e+00
2.189470593290833378e+00
2.474975927019753996e+00
2.164029011012085668e+00
2.748734988430338699e+00
2.484042519741678223e+00
2.820638771778658072e+00
2.260409274336894203e+00
2.122436038353392895e+00
2.792361364561197323e+00
2.169883014283585432e+00
2.416925069231827372e+00
2.133651742517314709e+00
2.434391161213360633e+00
1.753198878586057941e+00
2.583796383797553275e+00
2.042665220651563196e+00
2.446920997636139461e+00
2.537551245395385902e+00
2.179651871910017746e+00
2.376830998469410261e+00
2.341482949726734208e+00
2.083114044301573209e+00
1.620034715524054869e+00
2.594758640952677275e+00
2.703869222499503788e+00
2.302186415437420752e+00
2.648035771553042927e+00
2.555927533066578494e+00
2.704425596676867105e+00
2.008825502101303062e+00
2.117807875576457111e+00
2.711887424727496665e+00
2.903243391280482921e+00
1.942076368763594463e+00
2.467421893716381653e+00
2.156759797492079134e+00
2.521302678808848174e+00
2.522415357617491694e+00
2.553928392927104607e+00
2.303813714596512074e+00
2.259925398941192931e+00
2.479889110819395448e+00
1.699653834911315498e+00
2.519949147355373231e+00
1.762924364205850969e+00
2.568367527657561045e+00
2.412862176434887651e+00
2.322500781608309417e+00
2.667935995505787528e+00
2.532795048244150582e+00
2.733885488117986373e+00
2.551802773151288228e+00
2.335440785668135177e+00
2.132505036644232188e+00
1.826144951558179574e+00
2.521891161401734749e+00
2.804555613670565162e+00
2.654326254738078372e+00
2.809991879146021887e+00
2.141632248251670756e+00
2.602156515286341065e+00
2.124276761426563631e+00
2.427014118954470057e+00
1.815399594685982665e+00
2.682627317361903518e+00
2.018396048453859670e+00
2.186944477621154626e+00
2.382448008552647156e+00
2.272800629069665845e+00
1.992777843656674763e+00
2.311311470237485288e+00
2.598321617084820900e+00
2.582084500359994372e+00
2.099934905484146963e+00
2.510338351611542063e+00
2.290795680110663479e+00
2.588352958034875861e+00
1.624956726123846895e+00
2.676839750367515425e+00
2.621288404565861541e+00
2.245039816424607260e+00
1.819592977348960305e+00
2.297961335985621467e+00
2.688167634049656307e+00
2.206594291162455423e+00
2.093863982563466397e+00
2.510955902240993076e+00
1.947769826364872614e+00
2.760174106825783902e+00
2.191097000041007270e+00
3.008851682108879988e+00
2.545693688037350189e+00
2.421905564354912777e+00
2.298325232971190069e+00
2.173223313588371397e+00
1.681115478951563658e+00
2.569410617992264889e+00
2.300778865317149702e+00
2.884968431045129122e+00
1.922211405034973009e+00
2.284423244909784767e+00
2.004302274641525550e+00
1.925427419494138981e+00
2.219014266121833945e+00
2.719644384318887553e+00
2.463902936897447660e+00
2.835347897539922446e+00
2.334624816473409137e+00
2.183508510988608098e+00
2.943833905139479068e+00
2.099700351952096700e+00
2.362774241510585238e+00
2.194452247783527987e+00
2.793675316461597724e+00
2.936521863328575677e+00
2.648519597362621436e+00
2.895380363548247793e+00
1.884222824934272067e+00
1.995985762000133779e+00
1.841454169577814826e+00
2.187145966116538887e+00
2.527798643951639335e+00
2.343103718152018455e+00
1.635243084273753089e+00
1.788588815506672036e+00
2.574335944562346157e+00
1.874125676986188704e+00
2.806895212042580745e+00
2.378219570030490893e+00
2.555646125882115705e+00
2.182126841715659626e+00
2.552819742514201184e+00
2.411120662731035758e+00
2.195589731575848802e+00
2.130419335714651474e+00
2.616980992912916193e+00
2.394722492620246612e+00
2.128876206146414152e+00
2.541471030202084869e+00
2.806475099389690087e+00
2.393418458901165113e+00
2.177045184347602635e+00
2.323993404901581794e+00
1.783254658478220067e+00
2.776150718424815533e+00
2.279203501659652353e+00
2.303466304483507976e+00
2.519361717998275907e+00
2.641361879648300715e+00
1.673305521925780193e+00
2.092542919075226493e+00
2.691325835220111262e+00
1.986150559584277442e+00
3.067684803258988069e+00
2.272943942047041865e+00
2.000382152988908757e+00
2.682398878706476975e+00
1.908870444057366944e+00
2.487738398606971657e+00
2.668649819964754144e+00
1.928871078549347917e+00
2.659698270152882404e+00
2.615606690476510732e+00
2.091067597290097169e+00
2.970180458948975755e+00
2.083250179869973628e+00
2.689034353518874987e+00
2.321842168346992974e+00
2.444472818422352312e+00
2.574320329394330642e+00
2.180282766219810320e+00
2.324527110052815981e+00
2.395205151091874374e+00
2.324852397955622596e+00
2.577327787006252091e+00
2.058208950020007144e+00
2.478937260466180348e+00
1.871592266769863677e+00
1.952288393588196946e+00
1.970064642997709337e+00
2.128783394563841025e+00
2.331371089288492016e+00
2.638234445566005615e+00
2.125125723005350409e+00
2.708756363612534024e+00
2.017147808806377007e+00
2.742468631430024395e+00
2.455085957855766221e+00
2.381548980255093539e+00
2.227245245651676697e+00
2.050579218317614139e+00
2.457123134115852814e+00
2.381163372230637343e+00
2.495768717701213557e+00
2.616775231213234854e+00
2.419607304949133564e+00
2.194196515616753551e+00
2.015426941867377586e+00
2.758486137716718911e+00
2.254285178780560894e+00
2.662684143252101343e+00
2.560527006239889936e+00
2.581709468355402937e+00
2.759892087430807273e+00
2.227940838996357531e+00
2.182242071047062915e+00
2.307528287991711391e+00
2.599411449566701560e+00
2.170754548561593111e+00
2.595382832506488491e+00
1.961018780234359937e+00
2.478357097698700606e+00
2.806251310883035366e+00
2.222479605840516292e+00
2.105633999232920051e+00
2.651913641528747867e+00
1.792412362747497268e+00
2.449126706234879602e+00
2.573487344104626651e+00
2.248898284688484850e+00
2.338350971747712670e+00
2.108787622332287892e+00
2.168851383903500185e+00
2.416791348422137276e+00
1.870047959551720540e+00
2.581402381899416731e+00
2.585039055668372221e+00
2.244389984361704116e+00
2.548277499560366088e+00
1.847889525806096556e+00
2.642852690976138064e+00
2.305857678408905098e+00
2.601379311818982742e+00
2.436007705305879512e+00
2.701134410936371300e+00
2.936389230354679913e+00
2.094794674603623008e+00
2.246318187619980478e+00
2.392422387970768227e+00
2.526840166339775706e+00
2.283679955836833475e+00
2.295157097926539880e+00
2.027641715578728743e+00
2.103649003962797082e+00
2.409573807164060888e+00
2.406385816569587721e+00
2.261962329284380235e+00
2.360013779591575211e+00
1.849711714424078890e+00
2.309617194297447718e+00
2.053024878336583647e+00
2.025815721892205712e+00
2.277346539213394916e+00
2.277186529964953188e+00
2.214028232816600550e+00
2.374687005510367044e+00
2.854072604248452105e+00
2.283190842070046411e+00
2.228735423843350105e+00
2.117092018216601090e+00
1.897979613132225518e+00
2.195169340358706478e+00
2.421599831463938202e+00
2.480624964928692666e+00
2.429836353748346056e+00
2.717232850362991670e+00
2.163323225542447048e+00
2.190746727014071915e+00
2.348780214901243557e+00
1.902125502419863778e+00
2.807235784948836077e+00
2.146462014534910701e+00
2.716711691014596752e+00
2.768838018064727180e+00
1.937807953821681028e+00
2.562375122948950867e+00
2.036356081245429550e+00
1.985433206517691840e+00
2.664903356678732571e+00
2.342694877107528661e+00
2.730882346823189089e+00
2.113862022368795390e+00
2.380515625399648005e+00
2.151267986912508423e+00
1.837293445072144094e+00
2.717284540313211316e+00
2.518209840579313408e+00
2.433383998919036895e+00
2.110965894471244386e+00
2.489900822606466946e+00
2.390560120044149972e+00
2.441899713982569331e+00
2.634612622693898398e+00
2.125458193347511404e+00
2.521381539442221875e+00
2.410361476039843520e+00
2.508317917921409013e+00
2.665725168344704077e+00
1.902838164260343579e+00
2.058998861339354391e+00
2.311434069160888782e+00
2.697708811425709730e+00
2.428464816079826338e+00
2.361092412933755380e+00
1.889880546397756378e+00
1.828700115838273632e+00
2.878662627098548921e+00
2.248969469883914662e+00
2.347891082615356950e+00
2.281916984108049995e+00
1.884655936661749687e+00
2.637991940066630736e+00
2.468399379952678885e+00
2.276886670571382609e+00
2.473203019724080853e+00
2.391625839501688944e+00
2.098591431370635085e+00
2.030879236091382545e+00
2.661333628843063792e+00
2.751241246458702605e+00
2.469452624884344694e+00
2.671665214138420286e+00
2.550806147434985682e+00
1.932625293685107160e+00
2.155935614587846771e+00
2.441144680091511088e+00
1.892311049750222685e+00
2.373323180165637147e+00
2.196908784025121797e+00
2.207412828667471238e+00
2.806537280929491729e+00
2.332167493412522496e+00
2.255939389605261969e+00
2.780136310262391497e+00
2.834490209759370494e+00
2.388852296655138208e+00
2.038510213273640570e+00
2.617088678208828956e+00
1.829686128366514453e+00
1.920884292523499015e+00
2.361743927785953989e+00
2.236865337716457347e+00
2.655854846379043011e+00
2.134760313090721340e+00
2.741734031619473821e+00
2.908878348876501096e+00
2.148559756650896713e+00
2.901497331098890076e+00
2.783344388134411318e+00
2.293455585293751486e+00
2.488440426810533346e+00
2.138950375151788208e+00
2.252412349457440399e+00
2.121761244942599323e+00
2.717185423012354217e+00
2.486723943135914716e+00
2.800503921691585685e+00
2.920512611498443434e+00
2.836205876917574198e+00
2.407396227172255099e+00
1.886057685291043562e+00
2.510124143942562114e+00
2.699012991558598973e+00
2.392879989520295680e+00
2.552965034551564649e+00
2.605610939249641156e+00
2.923736019389934437e+00
2.314239190553877723e+00
2.549317927580375009e+00
2.241413341036084361e+00
2.244422716285147779e+00
2.100359084997153403e+00
2.201890624767333993e+00
2.698260756310439490e+00
2.404112745757631675e+00
2.223833710114102580e+00
1.785672609814193068e+00
2.348040892859813322e+00
2.983984274253737912e+00
2.204654808570734481e+00
1.800820029703767977e+00
2.396459461318813933e+00
2.401966911363224710e+00
2.221903531720162306e+00
2.148682413608671737e+00
2.518300598627755349e+00
2.261955317021161704e+00
2.323092852761717175e+00
2.671885994825444754e+00
2.503510817368420405e+00
2.157582095561732860e+00
1.966640964317073470e+00
2.618533637053568786e+00
2.912703631493413159e+00
2.274097013806239076e+00
2.238680981195050990e+00
2.203251412253831809e+00
2.214894851606967308e+00
2.594940625455990357e+00
2.182468495478796289e+00
2.555130594038863556e+00
2.536048295033272115e+00
2.593380808404731397e+00
2.520825572783443214e+00
2.408222975620899042e+00
2.050078820260071044e+00
2.042006733827926190e+00
2.812942172471773805e+00
2.307935791782698143e+00
2.324708821092941413e+00
3.026001589244238676e+00
2.721104440798631341e+00
2.249678210976176818e+00
1.983191015481573727e+00
1.910345518655500507e+00
2.217049975965334152e+00
1.911356429763912512e+00
1.667988697250208041e+00
2.600167627252575997e+00
2.219697648310555937e+00
1.847489979998251375e+00
2.463896490248012050e+00
2.281400231597717099e+00
2.526187608960004383e+00
2.231891870799707522e+00
2.417516816106955346e+00
2.824388745127202949e+00
2.413286934190250310e+00
2.497989747861632193e+00
2.531508808326310866e+00
2.166848158231503341e+00
2.434962971809209620e+00
2.110120198904199107e+00
2.159108669303443584e+00
2.757828268364248991e+00
1.938424259041112041e+00
1.868287296349929294e+00
2.192873885048999938e+00
2.303709545334152509e+00
2.239158488902848188e+00
2.638157849800165433e+00
1.893740731911216946e+00
1.884779721086783155e+00
2.776786352824347937e+00
2.249728960581774295e+00
2.673530272882082226e+00
2.414022856395124705e+00
2.277593160726219423e+00
2.009489747892299505e+00
2.223492113511151391e+00
2.722743871634207391e+00
2.576847282801035366e+00
2.668487127550045024e+00
2.519873076050458405e+00
2.184066232297969812e+00
2.810345609110107112e+00
2.665460622900228671e+00
2.419146803703703164e+00
1.860133814334151925e+00
2.633788763890288820e+00
2.289611890336432865e+00
1.916046006177669403e+00
2.406352821064706937e+00
2.299677692372992688e+00
2.836381958185106633e+00
2.352935719452275531e+00
2.442636826315943477e+00
2.575926250133302897e+00
2.312702616686391544e+00
2.422866596436583642e+00
2.043661759655817534e+00
2.434561873479617944e+00
2.291275895751198277e+00
2.569553297730724051e+00
2.337144395023286858e+00
2.641227566042551267e+00
2.505659307988443274e+00
1.706335245421430002e+00
2.684511736216634858e+00
1.862764002849836009e+00
2.632144855638758774e+00
1.855803428173024461e+00
2.610899784205785501e+00
2.389089605303463149e+00
2.463599241136064322e+00
1.825738922630977479e+00
1.945118257540354501e+00
2.635436251210651726e+00
2.592633851368179698e+00
2.399499986258988748e+00
2.869703901393009904e+00
2.579861009745159528e+00
1.893064428463031357e+00
2.440852015573964806e+00
2.352551894006676747e+00
2.786245554897842425e+00
2.495456592296075193e+00
2.512499335637204734e+00
2.651274615798375311e+00
2.612907065245019922e+00
2.583817716109469309e+00
3.012167702744908304e+00
2.444508226082305669e+00
2.082203644585993274e+00
2.173511252548711248e+00
2.623149113696510160e+00
2.353019580887386830e+00
2.610688202965808280e+00
2.546463822424615664e+00
2.873431529581247368e+00
1.861320880530926036e+00
2.214572303475673465e+00
1.916874597420636706e+00
2.097122006291630480e+00
2.513245466692418439e+00
2.472890445050302866e+00
2.187378090865259583e+00
2.182354102856904898e+00
2.353375821504904764e+00
2.227581881950547960e+00
2.324131836815162888e+00
2.141672109280806424e+00
2.278722778785496228e+00
2.733684821669322140e+00
2.816080594223870470e+00
2.485699230781441393e+00
2.292611227746089053e+00
2.483446023707766237e+00
2.523053480507111868e+00
2.190618982413096383e+00
2.527082910802267435e+00
2.479416910891481862e+00
2.794032887599581461e+00
2.818961682224361720e+00
2.626032871102009558e+00
2.130351262328609607e+00
1.993704612542102073e+00
2.356062512730085157e+00
1.934587379268076557e+00
2.300942157284709744e+00
2.761820287578436783e+00
2.052679062878559613e+00
2.048524384297117695e+00
2.144588305354436564e+00
1.741499076409912528e+00
2.166778037806998736e+00
2.218366590150686601e+00
2.545768261773259766e+00
2.046000484801512531e+00
2.425054786511211091e+00
2.097970376451878671e+00
2.209727744331000387e+00
1.875147166374363294e+00
2.613653621643952984e+00
2.072115497007791518e+00
2.749095933000435199e+00
1.853178571322036561e+00
2.311424027635802680e+00
2.947915657687722124e+00
2.364879651149332851e+00
2.678902695841066439e+00
2.018846029102705941e+00
2.611319933889641121e+00
2.358952649728734752e+00
2.588291173613499918e+00
2.106301892897975758e+00
2.036252589337361307e+00
2.446962677320190238e+00
2.845639772264590306e+00
2.121363874745273659e+00
2.038829703923499714e+00
2.368277584538598823e+00
2.272302979276411783e+00
1.931685735300435747e+00
2.940655431035026357e+00
1.887824434579380428e+00
1.739700756512245983e+00
1.817392470740604615e+00
1.965344303320749830e+00
2.613812081075295612e+00
2.516645627313542466e+00
2.062022571675799831e+00
2.743795624317320936e+00
2.472745594401523306e+00
2.699963705886622822e+00
2.700953718866505593e+00
2.394087246054374063e+00
2.644494986734516662e+00
2.321351510358193426e+00
2.418651844722505828e+00
2.328187497120672855e+00
2.688951966726851328e+00
2.391585463927870414e+00
1.988466901715100876e+00
2.653789632307780977e+00
2.219053216854976807e+00
1.897488018890798989e+00
2.572357287991703600e+00
1.966270936618288667e+00
2.521400017858004272e+00
2.457605104656908956e+00
2.295026421619376311e+00
2.478595074059681380e+00
2.365690924801668871e+00
2.546254663394231788e+00
2.667208128369779274e+00
2.296630212991156661e+00
2.021911682419894163e+00
2.472435426015588966e+00
2.981568257817039047e+00
1.829861091609187973e+00
2.488171883709191512e+00
1.887561670808860281e+00
2.776427419638911598e+00
2.134212138434524064e+00
2.575139554083784699e+00
1.798114580767996351e+00
2.795390999044940816e+00
2.447188141388357163e+00
2.219634047520645304e+00
2.161835959608961577e+00
2.248647037750211464e+00
2.686662246219310823e+00
2.656108089127978911e+00
2.145342164203499546e+00
2.674700313824627695e+00
2.392229132030262662e+00
2.311941380324883610e+00
2.697034718932361574e+00
2.358805742314567855e+00
2.943045669068927062e+00
2.792814970372304195e+00
2.318390127892795416e+00
2.031212738423175956e+00
2.036708772563288861e+00
2.368243698389608021e+00
1.763112304478203995e+00
2.414220753142521936e+00
2.654584688977687179e+00
2.582173266405784595e+00
2.272258420225796716e+00
2.603281057875225013e+00
1.995250044121269717e+00
2.081482234562515909e+00
2.313732434492835832e+00
2.370696788967787683e+00
2.660825707412086683e+00
2.360478421700954232e+00
2.380990845459431071e+00
2.794778233818389523e+00
2.594363574982223142e+00
2.220040785331149458e+00
2.297307462719865967e+00
2.343246053621004688e+00
2.469432359990982206e+00
2.451986231236893410e+00
1.678321445719112903e+00
2.784188149607157214e+00
2.229786609302731204e+00
2.979903654601745444e+00
2.212406452830445680e+00
1.867551463519523391e+00
2.182573265820599850e+00
1.965903005996656239e+00
2.133827699670817868e+00
2.404489542370603417e+00
2.058388713515872492e+00
2.292438041924154568e+00
2.337372858103940132e+00
2.706504058763260723e+00
2.811740353517981905e+00
2.386931012144185793e+00
2.672856444013460120e+00
2.520819962978235296e+00
2.636773250858162498e+00
2.457976840366126403e+00
2.706405258811839243e+00
3.083359995278167176e+00
2.047613789798498729e+00
2.436068588631696841e+00
2.763782568440935616e+00
2.612858497877676545e+00
2.327753152609849607e+00
2.843294335164133990e+00
1.963880066209137132e+00
2.714792258505536626e+00
2.065644685798188718e+00
1.982322596728363528e+00
2.503276593609546019e+00
2.757511336865675400e+00
1.951709552919101975e+00
2.308153477728980274e+00
2.502221239105596240e+00
1.881805195364818273e+00
1.661979632949321495e+00
2.504280725513603922e+00
2.341421041836934780e+00
2.803561852638838836e+00
2.860827573122275425e+00
2.221732614349905433e+00
2.183438460964345573e+00
2.898113605006535476e+00
2.466160615331537187e+00
2.541422775690507230e+00
2.465123917281757837e+00
2.357700947292192151e+00
2.704818927025768538e+00
1.977753482982776978e+00
1.963738194291110739e+00
2.280134348191024785e+00
2.403605682170208091e+00
2.831034614836640095e+00
2.282908245995697527e+00
2.344995738046260492e+00
1.956877203652700903e+00
2.444114693617636114e+00
2.240366894643274875e+00
2.516130309083408179e+00
1.850812831173415995e+00
2.494249418914765482e+00
2.403709083174582872e+00
2.795144584795498766e+00
2.107044614907835900e+00
2.179568672257076845e+00
2.277741819020881575e+00
2.316415269843886904e+00
2.590071551294543806e+00
2.603029688478510462e+00
2.271764417640096845e+00
2.849813736560032673e+00
2.303812434449274971e+00
2.241379212446967362e+00
2.708510486363930880e+00
2.876536527771502261e+00
2.360811045165275512e+00
2.417990412594912542e+00
2.106685222110443956e+00
2.205957255926671579e+00
2.743611944202104524e+00
2.661330267104943026e+00
2.755288654291029982e+00
2.926971955761619171e+00
2.230660145518705839e+00
2.654977386118920535e+00
2.223096629899354415e+00
2.037436439190355664e+00
2.486930376491403472e+00
2.516834932098107380e+00
2.067385099042364338e+00
2.169808578189265980e+00
2.763106837844155450e+00
2.522029492559815456e+00
2.613395635959933738e+00
1.872054968521538187e+00
2.437369606410979994e+00
2.781769709652423206e+00
2.224727120300286742e+00
2.862902512659394993e+00
2.316053079415310023e+00
2.240214318104169600e+00
2.473709899342706020e+00
2.549872196139091773e+00
2.293329969097130938e+00
2.505109824265231211e+00
2.402432328773879355e+00
2.258070426286336030e+00
2.292352172077424033e+00
1.955202564701829626e+00
1.848387840981290831e+00
2.251182449377817196e+00
2.239290674543232829e+00
2.080794978951165497e+00
2.209968268823152115e+00
2.715196541717855627e+00
1.710675511188645581e+00
2.227900166912022861e+00
2.228307640514339827e+00
3.066107222806879307e+00
2.206942607157782898e+00
2.255221273162550499e+00
2.266574187319374101e+00
2.633223232161061134e+00
1.995355233845080623e+00
2.254634435203588083e+00
2.270517783646022636e+00
2.475417479213616545e+00
2.055246973858088300e+00
1.896671053613144586e+00
2.824023942625056627e+00
2.156790783733003813e+00
2.271651754580015226e+00
2.451534912000077338e+00
2.785116243198831221e+00
2.650764866650102913e+00
2.866920360855915284e+00
2.621107316469608595e+00
1.977955151130157185e+00
2.146355304061286162e+00
1.913777675703820957e+00
2.445027096456460214e+00
2.456085899691240026e+00
2.187505760594148363e+00
2.575434435411989131e+00
2.677703586147293535e+00
2.370184521991113069e+00
2.213078465001315109e+00
2.578964577668763081e+00
2.640592626892837913e+00
2.313778553305379404e+00
2.670495953558467583e+00
2.176910724255609164e+00
2.390342591295945063e+00
2.301932480319079488e+00
2.180766466983455221e+00
2.155525698990892636e+00
2.446188510421403617e+00
1.752013346454634579e+00
2.350179707534608919e+00
2.603684041384676018e+00
2.756718585540467448e+00
2.272266843073824205e+00
2.022628938974702084e+00
1.800953564785940930e+00
2.926223568245042816e+00
2.702764914613204894e+00
2.195955323074956667e+00
2.206253490879886758e+00
2.252907390548198219e+00
2.216360400125284791e+00
2.627237284408089568e+00
2.141456422556205830e+00
2.351232077952586152e+00
2.598396058107353745e+00
2.578194869185820970e+00
2.018132680405165580e+00
2.013940256433534248e+00
2.369825833182347186e+00
2.126319154052159099e+00
2.044773010835465588e+00
2.639585662517272890e+00
2.032123121501476781e+00
2.139551585872819572e+00
2.195579794155107844e+00
2.384094333705720548e+00
2.018760076171209228e+00
2.372958685312600569e+00
2.806819196360682778e+00
1.819271886419571604e+00
2.605981738800553060e+00
2.679469774134773719e+00
2.669248884637446917e+00
3.031530312395129823e+00
2.258812857508053717e+00
2.596891188711530241e+00
2.169875499069332747e+00
2.457686882427212005e+00
1.853280497899010060e+00
2.168897703834627766e+00
2.775253803860001423e+00
2.354108786171183354e+00
2.330675258066216227e+00
2.412790648661084170e+00
2.207871155583927436e+00
2.566513420886848085e+00
2.643830258181150583e+00
2.450412917772594401e+00
2.671228617309505893e+00
2.152484981746684678e+00
2.299810280491888292e+00
2.183884066955267045e+00
2.407734449872021898e+00
2.412112859910231499e+00
1.943558189676606318e+00
2.113707281183470066e+00
2.321079356304306174e+00
2.355989302854470502e+00
2.328998954278342026e+00
2.467972865008234429e+00
2.012162816747816052e+00
2.430010709321364981e+00
2.423241415057702852e+00
2.043401001434183684e+00
2.231299914209761148e+00
1.958357375694483427e+00
1.968143581933705200e+00
2.415301780829771872e+00
2.251490465499540683e+00
1.974153469047593035e+00
2.424953196518586207e+00
2.756620437637175236e+00
2.062353357633934792e+00
2.420850509253422267e+00
2.457406329973893300e+00
2.308247943178265427e+00
2.534377876160439413e+00
2.657514600485790801e+00
2.466711730998370378e+00
2.925090037815085697e+00
2.036699148790168223e+00
2.701449496759513735e+00
2.280837135444564012e+00
2.720962781133727137e+00
2.283432079304533957e+00
1.911741456949346718e+00
2.588852231248657709e+00
2.729292392868857942e+00
2.392953414232342979e+00
2.523706806786192303e+00
2.187068704876928393e+00
2.599608717592285068e+00
2.386398362391084049e+00
2.390631429324951096e+00
2.700692244782925133e+00
2.396788607145150074e+00
2.271907726197543997e+00
2.007274921929239841e+00
2.451401171524497880e+00
2.397376076643511933e+00
2.521098029983874778e+00
2.056503311635028197e+00
2.462644148277197687e+00
2.324570986263271966e+00
2.295163268141960256e+00
2.097768130539491960e+00
2.633771496484347274e+00
2.873748337788819995e+00
2.527621351365091584e+00
2.720734704063823894e+00
1.831565039785949311e+00
2.581065529747781362e+00
2.328160039990224917e+00
2.040921551516801991e+00
2.318734730761150775e+00
2.636519521567608049e+00
2.266409544069406756e+00
2.049482705623022483e+00
1.769678424868996514e+00
2.841280734710496692e+00
2.143500357703326475e+00
2.091759760339796159e+00
2.629395246240255890e+00
2.047731830100284256e+00
2.614536272499645708e+00
2.759303067596032832e+00
2.080683873294121966e+00
2.329715662338672111e+00
2.006768802510787708e+00
2.384871392881217744e+00
2.401613621061491788e+00
2.817795880466691827e+00
2.731655241600984496e+00
2.621203793257664838e+00
2.220651116259775737e+00
2.345143437779703355e+00
2.016952022840223790e+00
2.100317127172074194e+00
2.193633430238986382e+00
2.227845799490731693e+00
2.853856221503874746e+00
2.404171622572634170e+00
2.273638695060501203e+00
2.747763782707008939e+00
2.572445720827749582e+00
2.389905499719020554e+00
2.387326808597209471e+00
2.462775926539113591e+00
2.401421906277873664e+00
2.713842646675435510e+00
2.283036448219979864e+00
2.551014631425986501e+00
2.275963065957809839e+00
2.063554740538457999e+00
1.724482935407332107e+00
2.612542672849504033e+00
2.429082009510330931e+00
2.294580031472991610e+00
2.694205720663890968e+00
2.744893162282445953e+00
2.518463698918273597e+00
2.228893644735530088e+00
1.950006296474796397e+00
2.278696306865167109e+00
1.832344205938312820e+00
2.596391294946637451e+00
2.479917570395774540e+00
2.734890722574676580e+00
2.303681809212864806e+00
2.362486223036439625e+00
2.222387497698709247e+00
1.943587674066078685e+00
2.736796707925678973e+00
2.122553974806161037e+00
2.912583757609466861e+00
2.100727795715914503e+00
2.111302784531043475e+00
2.538499980064718109e+00
2.159872892773922359e+00
2.789114309253208024e+00
2.118877339736428667e+00
2.192927527152972456e+00
1.881963507731329477e+00
2.031857315180674473e+00
2.384916816859474764e+00
2.800833381761275831e+00
2.153108602830616558e+00
2.565656965997369365e+00
2.369832243116579473e+00
2.593492181848850109e+00
2.265956618150243074e+00
2.855600553449366252e+00
2.908336522676287839e+00
2.257576486075846489e+00
2.360439295870730980e+00
2.706013536303752964e+00
1.959039328659454071e+00
2.305369342167864488e+00
2.387073067186211706e+00
1.723809735613152760e+00
2.115630777251101602e+00
2.649330011063908419e+00
2.221676685192167877e+00
2.188449682961472131e+00
2.084429877915902729e+00
2.046111935296519579e+00
1.973803633516068690e+00
2.653013386975990429e+00
2.100632457840196032e+00
2.314617634014821235e+00
2.588189289013352212e+00
1.668238981201312532e+00
2.385528892330762929e+00
2.482336541318424405e+00
2.507921133183300455e+00
1.986339513108014154e+00
2.619834613181176497e+00
2.547307982756884748e+00
2.988916382385802706e+00
2.517720415648508681e+00
2.510030096644724651e+00
2.480916770231495594e+00
2.222242466113294235e+00
2.665578900912664917e+00
2.287250700899323252e+00
2.297737151437057701e+00
2.103067972928388762e+00
2.445723201779631317e+00
2.546268769002299148e+00
2.026869034153521376e+00
2.421577456559594665e+00
2.518899849665230839e+00
1.870322527183441386e+00
1.860426147758351911e+00
2.346111204804912642e+00
2.064038394159177336e+00
1.749625647359477565e+00
2.723581316984093448e+00
2.098486125097097421e+00
2.450644971122915905e+00
2.524433625958045990e+00
2.332641779341161126e+00
2.827010335319121381e+00
2.104271592230511523e+00
1.839476142157117522e+00
2.696533199900422950e+00
2.379469246803449067e+00
2.142654432949901988e+00
2.443969407594746901e+00
2.699559709110621153e+00
3.024805859978180411e+00
2.392091499864212434e+00
1.965478768422672440e+00
2.285547732825204736e+00
2.607234722354320411e+00
2.515566277062504241e+00
2.448232722073357515e+00
2.383897147598188937e+00
2.307321167404584816e+00
2.286538369367132617e+00
2.099875647795584221e+00
2.608398184218875926e+00
2.484158618513667705e+00
1.770266272774249972e+00
2.838766531665851023e+00
2.787247015231677949e+00
2.036368068107793583e+00
2.404409482658638630e+00
2.987416012458281145e+00
2.277092908772876179e+00
2.366300332736273049e+00
2.415917449366351111e+00
2.600775824817132431e+00
2.777720018090834575e+00
2.676856064732526796e+00
1.823320773609978795e+00
2.181435181086202935e+00
2.076710338069863937e+00
2.384988410156251071e+00
1.860784738889221579e+00
2.660436065423714691e+00
2.648154953182480398e+00
2.085091623411100770e+00
2.160397550221146101e+00
2.580892072016188976e+00
2.335232312224097218e+00
2.757558065630454358e+00
2.766916934976510145e+00
2.801508326689635897e+00
1.827911052391617330e+00
1.679316365409945222e+00
2.000258307141939085e+00
2.403883178552452371e+00
1.913185584813750673e+00
2.272781168631415216e+00
2.542783996374242683e+00
2.574388893310325610e+00
2.313115503182437305e+00
2.641254425068630063e+00
2.138138961174781194e+00
2.630546690872790805e+00
2.250824072814929799e+00
2.233976555687470000e+00
1.990739330865761714e+00
2.390461473188528085e+00
2.839288377435373878e+00
2.096228568057382891e+00
2.480483154613994046e+00
2.850528381858686178e+00
2.667042974546273815e+00
2.092011166990217497e+00
2.140498989870039726e+00
2.705899556119741423e+00
2.870360001456914389e+00
2.443222661590640499e+00
2.217421150960819709e+00
2.397525837521019554e+00
1.910506551242197482e+00
2.099672239806517737e+00
2.346972802326173557e+00
2.732917549368793608e+00
2.741821393283188080e+00
2.751319792968828448e+00
2.003954003142613516e+00
2.044877638388828966e+00
2.105262424197239746e+00
2.411663635258476379e+00
2.595983937561777921e+00
1.923843638377200627e+00
2.734003131112285878e+00
2.739616573677165157e+00
2.213575462488583945e+00
2.125218876192834117e+00
2.544788716473677326e+00
2.437514161197922302e+00
2.052802450238945475e+00
2.616066588214887467e+00
2.445643132739158343e+00
2.896377513689910366e+00
2.454805825212022619e+00
2.620690554902775915e+00
2.419842483662667743e+00
2.408053344563518383e+00
2.178867354121894806e+00
2.043581000352191701e+00
2.547152764567549355e+00
2.352639713189424331e+00
2.863827905380862404e+00
2.825189278448785313e+00
2.290873230695603446e+00
2.262305671803489737e+00
2.761385745553116777e+00
2.707198033234165635e+00
2.075564848960865127e+00
2.653116123059003240e+00
2.172839304364984514e+00
2.305434789446901611e+00
2.472879584407679410e+00
2.040857274780477404e+00
1.997719716993455075e+00
2.576941048352440422e+00
2.314770638071762754e+00
2.101408380780543261e+00
2.214340561200694335e+00
2.498310055944727992e+00
2.943268527701005777e+00
2.138649987406164854e+00
2.398931176336309701e+00
2.421246605666374840e+00
2.020896964634027793e+00
2.284996006027989246e+00
2.550241868422575831e+00
2.285644973332256580e+00
2.732089278640033925e+00
2.616757560539040739e+00
2.401530735846031384e+00
2.723598266325262696e+00
2.150740846756145075e+00
1.921957841412005985e+00
2.532176760235552049e+00
2.224747598493086453e+00
2.503598702056005543e+00
2.518657723878606092e+00
1.900949356534263668e+00
2.464652699431855609e+00
2.692069617263258774e+00
2.549771180519387226e+00
2.147767013747317044e+00
2.510556734389680855e+00
2.663682261784517724e+00
2.288469452616233024e+00
2.812932485184669318e+00
2.159799112761783046e+00
2.152187105217797214e+00
2.640477859281520345e+00
2.100413726137258408e+00
2.325005772367551238e+00
2.884585858487250576e+00
1.819051620820897996e+00
2.474864244956992643e+00
2.687395103675084052e+00
2.304849400214615596e+00
2.404122408994526783e+00
1.994241028573675578e+00
1.966901089527918423e+00
2.232617916944076075e+00
2.266188302677064836e+00
2.225655189654513588e+00
2.224998031618855787e+00
2.295755793717012772e+00
2.321109661005954727e+00
2.375822805032841600e+00
2.551557831961167810e+00
2.658604647624663642e+00
2.579112928388040515e+00
2.157335031122469715e+00
2.306574443655328821e+00
2.035891114123525636e+00
2.405693715094398666e+00
2.569019451755170103e+00
2.372782687158451864e+00
2.486524496110138038e+00
2.989443610506179461e+00
2.953559682015304944e+00
2.387412732361515744e+00
2.382673639376946539e+00
2.214454307328205473e+00
2.113308775323575084e+00
2.400071327447922176e+00
2.243291688948792828e+00
2.506644948520357463e+00
2.256523074707123655e+00
2.610127610333630166e+00
2.832266332297924016e+00
2.616471315779847373e+00
1.844743353444060041e+00
2.120483207144868043e+00
2.229281114754328996e+00
2.717183513747744694e+00
2.768948594021921394e+00
2.797585453768314689e+00
2.120520980174501524e+00
2.575849796931441560e+00
2.110762964138250819e+00
2.035495981655724762e+00
2.166286197019083204e+00
1.966354139610135832e+00
2.355541056672855849e+00
1.929027845450844270e+00
2.160959165858392872e+00
2.283543542113637859e+00
2.288650387790254648e+00
2.736709977796907722e+00
2.521732024041538178e+00
2.676188703695531856e+00
2.341733746589567122e+00
2.293129054149106949e+00
2.602594119816284302e+00
2.524384463843324600e+00
2.980433602306376883e+00
2.312041896061531876e+00
2.208725296144781858e+00
2.643957683667600200e+00
2.561331226247580695e+00
2.320703330415295085e+00
1.800364416965688052e+00
2.256150856447198816e+00
2.283980190894613571e+00
2.130260291317521038e+00
1.992677256844482159e+00
2.764789177472150694e+00
2.557451183999686073e+00
2.141106336333206794e+00
2.707767399275474940e+00
2.850825644281722582e+00
2.690598135639960642e+00
2.531159545907310182e+00
2.582507777671429583e+00
2.637446653460042256e+00
2.138984685005666186e+00
1.920135590409068005e+00
2.561724943375206287e+00
2.396864832240281018e+00
2.312856771877337625e+00
2.298594837192401652e+00
2.216986777450799195e+00
2.890658440176024691e+00
2.203820350622720525e+00
2.320906695938993458e+00
2.536335145078720821e+00
2.178571499857721250e+00
2.598893079567708320e+00
2.656120226229297110e+00
2.435393272040179191e+00
2.303909006226709799e+00
2.303991110800009512e+00
2.535355686726567193e+00
2.339760312937190889e+00
2.216913296136056033e+00
2.047129333679930330e+00
2.658874470745082874e+00
2.249097094829908272e+00
1.750820795593853951e+00
1.992587521807669626e+00
2.400774232665434660e+00
2.579559737196015057e+00
2.488122023726222043e+00
2.245512886866944946e+00
1.873518827529823794e+00
2.645192093410829948e+00
2.553924605900651734e+00
2.128114660721638796e+00
2.384489548884414667e+00
2.146952185234846322e+00
2.636494624888736649e+00
2.611554230901421025e+00
1.822578871144032719e+00
1.838800249878611348e+00
2.532464284560926870e+00
2.444484252152628212e+00
2.564199245644950054e+00
2.607826359202784161e+00
1.816391031134517275e+00
2.617029595196689762e+00
2.585041947023675846e+00
2.015794826821335928e+00
2.579370411829316811e+00
3.025627997806103142e+00
2.089508605702596444e+00
2.510503273619296039e+00
1.854166691635984909e+00
2.503516280557062323e+00
2.127236046890289778e+00
2.078706974747613678e+00
2.812192709580653371e+00
2.153424449833018173e+00
2.347731334770433165e+00
2.335749275315843754e+00
2.320008354857685973e+00
2.725207079285790090e+00
2.506967240608673819e+00
2.380360151390544132e+00
2.485287796885041978e+00
2.142212880374488648e+00
2.150335429810507293e+00
2.756087448053789135e+00
2.324584789515878214e+00
2.416547022910975340e+00
2.724135917004225416e+00
2.291316431556519539e+00
1.986739616341765435e+00
2.429066522334989653e+00
2.171970570369201603e+00
1.845985411096739748e+00
2.240016894948335668e+00
2.770765579751565344e+00
2.531992534421455332e+00
2.559968177115227395e+00
2.417653875753778436e+00
2.645986531003964082e+00
2.551857434040485817e+00
2.534338613041146271e+00
2.490759358569660797e+00
2.050875477548581571e+00
1.632541689587661660e+00
2.379299633018101989e+00
2.673113112644581513e+00
2.583698342498979894e+00
2.695300215263237043e+00
2.296849639062148452e+00
2.700240311276739025e+00
2.314667997654785481e+00
2.014393700487859817e+00
2.362400665995290527e+00
2.987239317020912832e+00
2.365831490605828868e+00
2.447962301710418842e+00
2.518182392968994598e+00
2.309047886697712215e+00
2.682009551357243726e+00
2.047392083441863520e+00
2.516845763278468429e+00
2.013250160367910269e+00
2.735286126473062573e+00
2.525516717163693858e+00
2.382244771526953020e+00
2.444707257938351308e+00
2.515480867725980563e+00
2.566609348708458693e+00
2.095610225122703341e+00
2.029414454951423252e+00
2.779955755440377985e+00
2.456278951032693225e+00
2.798212783526789149e+00
1.808941815752129756e+00
2.024273030971977860e+00
2.634027398660896857e+00
2.253775920791985854e+00
2.776251642592001634e+00
2.717000648973629584e+00
2.717388805201146340e+00
2.450318083163583793e+00
2.539677043508884235e+00
2.195869400698194251e+00
2.626702351122293333e+00
1.809264997319900647e+00
2.481595311210382349e+00
2.138452763278559488e+00
2.176968575043907173e+00
1.704168734341792835e+00
2.009149643992330869e+00
2.235086311047366436e+00
2.599555086435230145e+00
2.821568032390760816e+00
1.709807738552299838e+00
1.996512056801446056e+00
2.794973723063024718e+00
3.001860334765681593e+00
2.086846099550070832e+00
2.093133836360013600e+00
1.831442840604329048e+00
2.413010423910967095e+00
2.437644533008468617e+00
2.162630659273446110e+00
2.392005019097206642e+00
1.736075099819984979e+00
2.231369316166783801e+00
1.716690853155108609e+00
2.731665096614065646e+00
2.398818087461449977e+00
2.228605931232204185e+00
2.629366725058317922e+00
2.466221203284975516e+00
2.713633120554312050e+00
2.757237384590597529e+00
2.348108948135615215e+00
2.312658305390838720e+00
2.540343669834290274e+00
1.996509061182270006e+00
2.204638345462077709e+00
2.231721887063240040e+00
2.493471286013982269e+00
2.492803654948379410e+00
2.707933289456514458e+00
1.888951988399248272e+00
2.266077139980247956e+00
2.758138725230641519e+00
2.962581749893226313e+00
2.158001089183698706e+00
2.797223441308455349e+00
2.031094224247871338e+00
1.766738629941897010e+00
2.393911617188718033e+00
2.238498629842726739e+00
2.448523012832410917e+00
2.767575281266747567e+00
2.351879144537405431e+00
2.599682764279454883e+00
2.499753321106302106e+00
1.936961033249239295e+00
2.885750394471542801e+00
2.713973616757361818e+00
2.191224854696750768e+00
1.906883121956775451e+00
2.124171324272267292e+00
2.142770438925411636e+00
2.476882803768326813e+00
2.534679909417762111e+00
2.117532355913157804e+00
2.502620874784229787e+00
2.207345667175555803e+00
2.641550127993433694e+00
2.132324003112659572e+00
2.525922938250306338e+00
2.441683367869388999e+00
2.530457744225101724e+00
2.200157576799093295e+00
2.622893439545273431e+00
2.418472366866796452e+00
2.969175217156359015e+00
2.111686004118268123e+00
2.263084016512532770e+00
2.658647927608885908e+00
2.550046576053313085e+00
2.008999113275675263e+00
2.233682706945096186e+00
2.199832476763414313e+00
2.836698662227978396e+00
2.304794059226332958e+00
2.005923772985066744e+00
2.171568825154130078e+00
2.212991978850954666e+00
2.406743765383508205e+00
2.474009058145735906e+00
1.979411359534484216e+00
2.951987921713138174e+00
2.465493138889760960e+00
1.702198413649746556e+00
2.504540862446058558e+00
2.569685250486852368e+00
2.604893995820480868e+00
2.072888520583926031e+00
2.853571399388362462e+00
1.957678187956847671e+00
2.028097128447015951e+00
2.663671413163767099e+00
3.056536597102545549e+00
2.457136856910488998e+00
2.430298959535900138e+00
2.477795889425911113e+00
2.305823380952372048e+00
2.223875374414980399e+00
2.461326142704075348e+00
2.728414709268843552e+00
2.453348346973665883e+00
2.714674483874209621e+00
2.374094014536656694e+00
2.721409184510360291e+00
2.434643134844586498e+00
2.724554227960269692e+00
2.488794839178707807e+00
2.867561551140293652e+00
2.568425306498680616e+00
2.364229111553203921e+00
1.791891571365246127e+00
1.857910091711763023e+00
2.191549713933973464e+00
2.406848139821759602e+00
2.459121243527233602e+00
1.927496200798163084e+00
2.557581992232114132e+00
2.179772632174770131e+00
2.484668457273433884e+00
2.631847507277481846e+00
2.163485476096119076e+00
2.289351642100839967e+00
2.521809194095818718e+00
2.489138992632286662e+00
2.299772649416704784e+00
2.677552929084047850e+00
2.205246242043518379e+00
2.888009803246934126e+00
2.760549979133811505e+00
1.910040830989266691e+00
2.077781448315820345e+00
2.081410082718326393e+00
2.894755485545498885e+00
2.224992833314786367e+00
2.004936646727904836e+00
2.730661413149313432e+00
2.770119767160693858e+00
2.319531966169656734e+00
2.200473237726478182e+00
2.523586998378919866e+00
1.800577367703628751e+00
1.689028016983047165e+00
2.378200697651206230e+00
2.257650266152373852e+00
1.894297114206633381e+00
2.309097687513421260e+00
2.700330017016069117e+00
2.791564273055751499e+00
2.330128563909793726e+00
2.599557677007408252e+00
2.091139293852066317e+00
2.109233791266976077e+00
2.638809461604719964e+00
2.705840575080554533e+00
2.275311518031534863e+00
2.367899625297722466e+00
1.829801381617984335e+00
2.304330453989632765e+00
2.498405572940598507e+00
2.026426856179902813e+00
2.389480766234765241e+00
2.479626726735980835e+00
2.225727147777604387e+00
2.755413727787604294e+00
2.616137309708949310e+00
2.379990162011051957e+00
2.313335851485016192e+00
1.777712121474912532e+00
2.148115357901803080e+00
2.415704415234728231e+00
2.214924083025855417e+00
2.431730577061462562e+00
2.582026902156520087e+00
2.409288071307652324e+00
2.689700678955890822e+00
1.904834789671216777e+00
2.630460451298477054e+00
2.289862298683642106e+00
2.288068735357324801e+00
2.411445789837665554e+00
1.918009583977964061e+00
2.018939879304294305e+00
2.468139974819694604e+00
2.588313068238312642e+00
2.405705148334441823e+00
2.994062864636565457e+00
2.496149625952049256e+00
2.300468651790005925e+00
2.346445888517068035e+00
2.392000534622752195e+00
2.920732332503674034e+00
2.426220054676587523e+00
1.934900207243835490e+00
2.338699172436961682e+00
1.898234112470923662e+00
2.530282399353685818e+00
2.652496768611259270e+00
2.342155933298644133e+00
2.929889178458724430e+00
2.394817500356666962e+00
2.237764908870270908e+00
2.103988180982069522e+00
1.706099980912076708e+00
2.171354985497083945e+00
2.014063530464117235e+00
2.191412447829574006e+00
2.061908330882458618e+00
2.620824081175185505e+00
2.497022521935256645e+00
2.484592705250801004e+00
2.592739510943498971e+00
2.325684776127289854e+00
2.062108017184883124e+00
2.241141587710430816e+00
2.835545494271872080e+00
2.576788624782716752e+00
2.739958397205348728e+00
2.785565244092278014e+00
2.684457970377576608e+00
2.521762378232248913e+00
2.900023316003712548e+00
2.668896142515540415e+00
2.357689615883706402e+00
2.188998743447959860e+00
2.067755678462635416e+00
2.790007715400676602e+00
2.150243337121795939e+00
2.767073230639377268e+00
2.657316626338916077e+00
1.740022452347006920e+00
2.541404955251682640e+00
1.922702282612698488e+00
2.117557946726240647e+00
2.401721254100570135e+00
2.679007224917520524e+00
1.816623617298196214e+00
2.601527911343247901e+00
2.158607639619932517e+00
2.089479140286365499e+00
2.673762769577173515e+00
2.890763592983334185e+00
2.642271393783262923e+00
2.822865314097458445e+00
2.455497546899966466e+00
2.290567465847971995e+00
2.740698246394640769e+00
2.468349251580664205e+00
2.440916309984133559e+00
1.687075487256395334e+00
2.594127155744356816e+00
2.806084755709254086e+00
2.219180636770309079e+00
1.951352707475668025e+00
2.895584306381616457e+00
2.145056910671441663e+00
2.330331826365521497e+00
2.322470037590457448e+00
2.795984747979083807e+00
2.678857319626862132e+00
2.149508490703468944e+00
2.047958273077092439e+00
2.356046911434574120e+00
2.676057389533930575e+00
2.208466660205290477e+00
2.511278522257701873e+00
3.025742015275651120e+00
2.495364234159390460e+00
2.759378114333451926e+00
2.751276404536909137e+00
2.002399798697776845e+00
2.491078176405292943e+00
2.232005017021301718e+00
2.381660038405827073e+00
2.316667668220477871e+00
2.791172104941867627e+00
2.406184220431002441e+00
1.646984944490604841e+00
2.389227181775177122e+00
1.964450524879911342e+00
2.541127035641598031e+00
2.133282914857063339e+00
2.242462085718379239e+00
1.930266328100475270e+00
2.591992647588251319e+00
2.790543016789584385e+00
1.664043429010479302e+00
2.087272731126306180e+00
2.033487189408894835e+00
2.256029472030748106e+00
2.357046093822224186e+00
2.313221692518757422e+00
2.490805428282654610e+00
2.114921798479273640e+00
2.126641658424340608e+00
2.517113186040442319e+00
2.578850660231809755e+00
2.292421343392895050e+00
2.631994766602955060e+00
2.518386628129558602e+00
2.750179381845458071e+00
2.270175590284613243e+00
2.735935880482353255e+00
2.896290511026338610e+00
2.678733159165058719e+00
2.896730972541801563e+00
2.372555701115044435e+00
2.620428089625161050e+00
1.852220299153976457e+00
2.588449811379497589e+00
1.972586708544414646e+00
2.378372331007552187e+00
1.975888531893175371e+00
2.191927489512701221e+00
2.786525867109014953e+00
2.389292686824111556e+00
2.467178938355627515e+00
2.437176874664089610e+00
1.870209281069867391e+00
2.394933907233657955e+00
1.748862854608992823e+00
2.717072493743237338e+00
2.500728302809245296e+00
2.145954984057621751e+00
2.533274546478873734e+00
1.802038550316808374e+00
1.902374078371745547e+00
2.200845806828558793e+00
2.387041018483321952e+00
2.641164431111993061e+00
2.111475580580143063e+00
1.871724371359125838e+00
1.985849853533499632e+00
1.976932013992139581e+00
2.367370175523586528e+00
2.520420932721002316e+00
2.600275020143409499e+00
2.526090490728913007e+00
1.934000354787315690e+00
2.217122758637636082e+00
2.636904572727887697e+00
2.687588381819172145e+00
2.664502742391217982e+00
1.847984088583509266e+00
2.159673620705596875e+00
2.189796324387284887e+00
2.295942243328944254e+00
1.903243377529995506e+00
2.329461019895405549e+00
2.389624475710915519e+00
2.087218500271979416e+00
1.976997111290126341e+00
2.556023484047595495e+00
2.783201357184124092e+00
2.384273386880512824e+00
2.736494747873330802e+00
2.564424928766564360e+00
2.146271328791525601e+00
2.444953673521236492e+00
1.870561284313417172e+00
1.870242538492687512e+00
1.786144637575243221e+00
2.576068886188327411e+00
2.429485251135867330e+00
2.919492982850903751e+00
2.311977339312048407e+00
2.648823381947963185e+00
2.717624221828002007e+00
2.279672711013383868e+00
2.132254433206172806e+00
2.167284316375599040e+00
2.189927917087389542e+00
2.261956246803812132e+00
2.558860507722513944e+00
2.905776839758467123e+00
2.100597917724231767e+00
2.715913806561406574e+00
1.968410682888443342e+00
2.670746151479066910e+00
1.773408518046269533e+00
2.359034866343152625e+00
2.453813759259849014e+00
2.560242333720731622e+00
2.399453501021409085e+00
2.363562774973570590e+00
2.508297822122056431e+00
2.449229769313645555e+00
2.651489977165066403e+00
2.328688858517631299e+00
2.230537427637565795e+00
2.407797456981269235e+00
2.541415550204007001e+00
2.344483181176590936e+00
1.954279990264185640e+00
2.517007040566079823e+00
1.709836132890718785e+00
2.257537310516939399e+00
2.304899390164092843e+00
2.480756236281131510e+00
2.054229703489479864e+00
2.272420333332222597e+00
1.716885270399121310e+00
2.382335657081588565e+00
2.463214123546617174e+00
2.693138241303214997e+00
2.246108348024768109e+00
2.547118504140752471e+00
2.474270432310320622e+00
2.229405835071638364e+00
2.544526493654109878e+00
2.694944771755793056e+00
2.142096064964748248e+00
2.540373239371993552e+00
2.239621523781526680e+00
2.518022016889308379e+00
2.683578186651332409e+00
2.104330309867084914e+00
3.029683043046795810e+00
2.215538714318569635e+00
2.861819651356733107e+00
2.828416111046156978e+00
2.826469254307862666e+00
2.355881930947576031e+00
2.451532568208059093e+00
2.412004562741149716e+00
1.976183235051403697e+00
1.922163794392395930e+00
2.653340062968653434e+00
1.969543968723313832e+00
2.426606944532235577e+00
2.156853652766459906e+00
2.062451139386362264e+00
2.195256678731606570e+00
2.358277274598356676e+00
2.574465250547191886e+00
2.569230403197033219e+00
2.553261540826978759e+00
2.344242326245481678e+00
2.669544030578152150e+00
2.893004249629181235e+00
2.581650951293418483e+00
2.209277810264505426e+00
2.320200054809514079e+00
1.899622727653778931e+00
2.243614553792609545e+00
2.872093359693239645e+00
2.509348182786356851e+00
2.278089210482939553e+00
2.001257651846844343e+00
2.084739257191602579e+00
2.527054408928688378e+00
2.966340229561161834e+00
2.654554268338459533e+00
2.626085867935514351e+00
2.554545794956542881e+00
2.439180973619668347e+00
2.059862917049722242e+00
1.759914282532591745e+00
2.717448625737498791e+00
2.123719789013834180e+00
2.726109239431076858e+00
2.653860602587345685e+00
2.019515013477447773e+00
1.970880693323645350e+00
2.549459454276357562e+00
2.463534885917420425e+00
2.372068604563781768e+00
2.712274689809587525e+00
2.207088363006149301e+00
2.410175398462662155e+00
2.349706085256960453e+00
2.409909265732046890e+00
2.036878464896754615e+00
2.130733373598327596e+00
2.548337290990118742e+00
2.014722103833987976e+00
1.874860176601538253e+00
2.861364769906839634e+00
2.350658719662834351e+00
2.906865706141026795e+00
2.636466187601171907e+00
1.953760111791604803e+00
2.232659224669647724e+00
2.683586514384611821e+00
2.062607237420745587e+00
2.449362437094737999e+00
1.909445919059486796e+00
2.241834051947203754e+00
2.652557526224838202e+00
2.425823665259588591e+00
2.574728316911550685e+00
2.506874415314630511e+00
1.890788584337727229e+00
2.307946836195990947e+00
2.494098183787831324e+00
2.617786753440826342e+00
2.204855567418144702e+00
2.620221928800623434e+00
2.465978883048059789e+00
2.240287458075968630e+00
2.185779624457697246e+00
2.174555360691391659e+00
2.489893441785276273e+00
2.473963830982083500e+00
2.284636273249752936e+00
2.516765516843541661e+00
2.392462214122562436e+00
2.876647297265732206e+00
2.348065860018230921e+00
2.199361474353321189e+00
2.373906389670607631e+00
1.874496457229771984e+00
1.786366681981536475e+00
2.682864535618978419e+00
2.044430529226992643e+00
2.840445191239917122e+00
2.377005411756976994e+00
1.894005455792533210e+00
2.339232553148760552e+00
2.873072176787120124e+00
2.970607343507243314e+00
2.366696749032502822e+00
2.952734956476516182e+00
2.188534996167649904e+00
2.678725708865661304e+00
2.233068432432222750e+00
1.753046645522513991e+00
2.014833447501982455e+00
2.242699935235643594e+00
2.216413343071652609e+00
2.436241846777221998e+00
1.988778520208904554e+00
2.393253913873127914e+00
2.512570726955180245e+00
2.355292328079224617e+00
2.301586340774661732e+00
2.162609575432261622e+00
2.204819655437097126e+00
2.407026961668681686e+00
2.913100572980843239e+00
2.752829138185188818e+00
1.980628899036472212e+00
2.348901935437270883e+00
2.298178118568087847e+00
1.868582003142667203e+00
2.624797232228984090e+00
1.829041239677601238e+00
2.555359635311000410e+00
2.419916110250366792e+00
2.219904006386620221e+00
1.883581336686651175e+00
2.173252617965305333e+00
2.229849514736153893e+00
2.561779982790452159e+00
2.423227776856581084e+00
2.494442389526854598e+00
2.046154523410347537e+00
2.516937887996242740e+00
2.305095409137001283e+00
2.112848058811485075e+00
2.121834997435365189e+00
2.112534388925912054e+00
2.252654955962396066e+00
2.778591116843634801e+00
2.614580105012049849e+00
1.775990408633571827e+00
1.741242784528053811e+00
2.132565827067989694e+00
2.265278458412989693e+00
2.726023811283630138e+00
2.686164048711376928e+00
2.358955664457063062e+00
2.524511839069276675e+00
2.103957473581572035e+00
2.830449529191271907e+00
2.317343396191392291e+00
2.307409602348068578e+00
2.044604002188264769e+00
2.484349295964392912e+00
2.494338948817345525e+00
2.724748312600828726e+00
2.365181250332196505e+00
2.686538806930057088e+00
2.903656823978431056e+00
2.154265653151339333e+00
1.795844991648156252e+00
1.925551511776922631e+00
2.444822202725144056e+00
2.340290606929619432e+00
2.664350467032299274e+00
2.264157061121450099e+00
2.594405259921491069e+00
2.750752151402918955e+00
3.013106530565187402e+00
2.022295959952954192e+00
2.235027664272202674e+00
2.268941022181579559e+00
2.270325993962109212e+00
2.738040799883578291e+00
2.251956132418846845e+00
2.654920387507056834e+00
2.404597289133159066e+00
2.365720435479108819e+00
2.371961381784808420e+00
2.592130057739322258e+00
2.323241896765040782e+00
2.473380006008073728e+00
1.995494944441820184e+00
2.173708858914628728e+00
2.707826760702777058e+00
1.978010376282345106e+00
2.527206923423148233e+00
2.061842084852049783e+00
2.637089322551624537e+00
2.204291683733184293e+00
2.867603199892164501e+00
2.192543821764676437e+00
2.565204020106969462e+00
2.469745165046719926e+00
2.014383967278388976e+00
2.859971749772647343e+00
2.420470086304661095e+00
2.576791530753359538e+00
2.035572450038119374e+00
2.155262822278313894e+00
2.392331921305480780e+00
1.944699081756308345e+00
2.258160914329429669e+00
2.159471347894142745e+00
2.494220895809351912e+00
2.052930952156111211e+00
2.407216828381224971e+00
2.598806271973131743e+00
2.615039626592645217e+00
1.926588784950418409e+00
1.987351681704659923e+00
2.170756084631273453e+00
2.524200210565306524e+00
2.688947453311889557e+00
2.587109710541796836e+00
2.333623592307522809e+00
2.052713192329031600e+00
2.330309747943891008e+00
2.599184850386266454e+00
2.843661449719665946e+00
2.540428043542338532e+00
2.345284898028006104e+00
2.500591847904904075e+00
1.868166648932165330e+00
2.267420387294889483e+00
1.931670205078125369e+00
2.388026407644218363e+00
2.236884197500272453e+00
2.294438938073707579e+00
1.692742117786510958e+00
2.692243737743602150e+00
2.296851317575319573e+00
2.326109666805165954e+00
2.507522413802758976e+00
2.814363502839056785e+00
2.731722679493359340e+00
1.716595506565171680e+00
2.205051362062369957e+00
2.424806351062827048e+00
2.253566494420788491e+00
2.381059699725590395e+00
2.263186676462807689e+00
2.695117792886405184e+00
2.370453291709921473e+00
2.480980076627286479e+00
2.493370947904860024e+00
2.250392720576423145e+00
2.191918117496588270e+00
2.138252823178458328e+00
2.545218106386713863e+00
2.242663269236293111e+00
2.610240879244778878e+00
2.709423842622906697e+00
2.357182174144287323e+00
2.349670500251421323e+00
2.447227176936492388e+00
2.486565809737465216e+00
2.327299801740347451e+00
2.047418243579384622e+00
1.724996679343065553e+00
2.319404811598394289e+00
2.175946213578055843e+00
2.861335901749741062e+00
2.492826746608626465e+00
2.398891810514983014e+00
2.819540622730722923e+00
2.779609832990098450e+00
2.053797883895084553e+00
2.184145164019311913e+00
2.102796295047471453e+00
2.370623552387283173e+00
2.724397134651735275e+00
2.020537220261085842e+00
2.522193141228852298e+00
2.064020873978685167e+00
1.750596541496790115e+00
2.196787788805769193e+00
2.292004498974281823e+00
2.197046863948805662e+00
2.376089014521261866e+00
2.619249192411835736e+00
2.362254459678997165e+00
2.476458764453062678e+00
2.873325291042878593e+00
2.105090531821215194e+00
2.389268087255023154e+00
2.291279394550699511e+00
2.117405604354082982e+00
2.562875265807516900e+00
2.368812680872045995e+00
2.691962200980532405e+00
1.865044303603723197e+00
2.542396295078501733e+00
3.033863938458851273e+00
2.428806902827117753e+00
2.683252026570996929e+00
2.324785084185559736e+00
2.880390610440266563e+00
2.300094349774959746e+00
2.269454425001208087e+00
2.363784523216454936e+00
2.217405540191628610e+00
2.443268430566887250e+00
2.387412685731606476e+00
2.295333327358048958e+00
2.330381243851634920e+00
2.676346765440532405e+00
2.352301877475317049e+00
2.528844017124601606e+00
2.834270893338695085e+00
2.410737532108192749e+00
1.775914155883170142e+00
2.875108487984321393e+00
2.491519980548687840e+00
2.876239474231997661e+00
2.035633329324128660e+00
1.984575899751757744e+00
1.825162495475682434e+00
2.579704581288923215e+00
2.403314904622789960e+00
2.474659145314479503e+00
2.747214189434037390e+00
2.811765772564631227e+00
2.863945568562973776e+00
2.551972381373301957e+00
2.540068829593576716e+00
2.372772207143133194e+00
2.436818803535052425e+00
1.992480344755884980e+00
2.181299526057649096e+00
2.039411894172148187e+00
2.688665149117412945e+00
2.906625719532740959e+00
2.089091113575698877e+00
2.276230210316471325e+00
2.841659665340427576e+00
2.563013947193321762e+00
2.344079846172563819e+00
2.463919933950374119e+00
2.241126182705329928e+00
2.351174480482126850e+00
1.883346201001997011e+00
2.408351676396044638e+00
2.054550751849485657e+00
2.548841525233958905e+00
1.811332337243193535e+00
2.143119130617876955e+00
2.847579288494176630e+00
2.698492285548021119e+00
2.533264701769675664e+00
2.101286893302739767e+00
2.031145659114980795e+00
2.313074039008057969e+00
2.487129052724808886e+00
2.018296266024742991e+00
2.502398483675121632e+00
2.429370593033044035e+00
2.088998901566145427e+00
2.027077170816663276e+00
2.950734490267636012e+00
2.487669940831265691e+00
2.528908279990775831e+00
2.507911114782479522e+00
1.907539148292442421e+00
2.668370101655650473e+00
2.086582355380689258e+00
2.436657267849958952e+00
2.088235785404183531e+00
2.466088470425736201e+00
2.428228830109208314e+00
2.729333324858717713e+00
2.551360508340736466e+00
2.142654698655332091e+00
1.801490468140928947e+00
2.214868617201542378e+00
2.493005094583343073e+00
2.122852894957620418e+00
2.453090880893557646e+00
2.007504193125742020e+00
2.921679656091480393e+00
2.710219259493519495e+00
2.423887302673280342e+00
2.349255298321925256e+00
2.728335381108158764e+00
2.054502566963284593e+00
2.478338859034884933e+00
1.858778466840083743e+00
2.562671916863271449e+00
1.890494192669708085e+00
2.604068277994484593e+00
2.108490475271061371e+00
1.753457496623631151e+00
2.094322811954555164e+00
1.971063839476594914e+00
2.521402491108264421e+00
1.999950203947324257e+00
2.331766623333649147e+00
1.937937699529621582e+00
2.419705129228932883e+00
1.928131687297233610e+00
1.803726423775648957e+00
2.074246788083023318e+00
2.265343322383275293e+00
2.266673567327211813e+00
2.670938629510943851e+00
2.436235820241178907e+00
2.142213886302743564e+00
2.685636134385248397e+00
2.513326177725252020e+00
2.376866397402673137e+00
2.518584533825245497e+00
2.452942549906146574e+00
2.397565698920715249e+00
2.312880655993761359e+00
2.368739596648568480e+00
2.741194693566629148e+00
2.134315285328137080e+00
2.482828822255183532e+00
2.502591290910180177e+00
2.546882006607076310e+00
2.256331127406060233e+00
2.648492644342476332e+00
2.503651314990849031e+00
2.668468735223450405e+00
2.587344130312865254e+00
2.490187377808038338e+00
1.955565887912200429e+00
2.375800488053053883e+00
2.708573870786316728e+00
1.739847726659124794e+00
1.934898571880054652e+00
2.758838834250796346e+00
2.404023160515412982e+00
1.908116407068127351e+00
2.407765283772823839e+00
2.592078546231538994e+00
2.509373691268984352e+00
2.100265473579810305e+00
2.937666379229359581e+00
1.760820655061341444e+00
2.160435422004234773e+00
2.371833459435557678e+00
2.676257084683268062e+00
1.964208008207851908e+00
2.498546590555956737e+00
2.304482772840236837e+00
1.883378752412988799e+00
2.283518180759031679e+00
2.618440722046811331e+00
2.408058672442650039e+00
2.102825926232408271e+00
2.760383505436222240e+00
1.932072180530065353e+00
2.185360527661537766e+00
1.917531182824224967e+00
2.629573854426646484e+00
2.173301732101120987e+00
2.389649972215404983e+00
2.622656106823788136e+00
2.464091024717379064e+00
2.101300634695513203e+00
2.517778103122500610e+00
2.175521304375759080e+00
2.355464416164571251e+00
2.371999230708818907e+00
2.152814681951287223e+00
2.138870547294318580e+00
2.595174255388509099e+00
2.559811005381724236e+00
2.242701299678351745e+00
2.438998839237856764e+00
2.158154327740502421e+00
2.747543531469061051e+00
1.937825467459464157e+00
2.159400564763989561e+00
1.728328058601392048e+00
2.889455984908669173e+00
2.858690255168442107e+00
2.681796080570605589e+00
2.237042566070772232e+00
2.326175793439625661e+00
2.503490255320895308e+00
2.381427353714338224e+00
2.548572732212962322e+00
2.158858603194057313e+00
2.149628959521752591e+00
2.677057459649685001e+00
2.406781409799518823e+00
2.640590185716388927e+00
2.095475341651432455e+00
2.433086924080164692e+00
2.770338129291423535e+00
2.515113740531106146e+00
1.892268433457378274e+00
2.185600492642421067e+00
1.961473499291765288e+00
2.756931391584263480e+00
2.504599701285482372e+00
2.442463562244496789e+00
2.531675787631173069e+00
2.493066722566741333e+00
2.178657470303582588e+00
2.412468815942266254e+00
2.353199378356503502e+00
2.810680931508462432e+00
2.103308864523114163e+00
2.033687726086151670e+00
2.667700971720174508e+00
2.956537490839861171e+00
2.186731994229694109e+00
2.520117485410839020e+00
2.429419067608294291e+00
2.696055071135559533e+00
2.272971257664450739e+00
2.041979336500611808e+00
2.401900043995087497e+00
1.779118481414697639e+00
2.740009362597371823e+00
1.650956639813812910e+00
2.302676721945137395e+00
2.441910572722972184e+00
2.686481983654353645e+00
1.770929900523677158e+00
2.692627194332727569e+00
2.391104669784207104e+00
2.017285834057001903e+00
2.587752014375563459e+00
2.460384982670373866e+00
2.236557917845727328e+00
1.586937299980914373e+00
2.596368743263370416e+00
2.364659118623677614e+00
2.624618996633816259e+00
2.184775810610870117e+00
2.035506713949515323e+00
2.578690597657373296e+00
2.898039433882761973e+00
2.657853240104425474e+00
2.116272781954557480e+00
2.526233209261185664e+00
2.065421066451248677e+00
2.452562308995136942e+00
2.176760102462289126e+00
1.823421032895913285e+00
2.517688888008946524e+00
2.296488106909873927e+00
2.565532616328968452e+00
2.698303717526947310e+00
2.117720765034435182e+00
2.048348484869745079e+00
1.760612663554904422e+00
2.333763558275948835e+00
2.095581430282824176e+00
2.794267496048538302e+00
2.052142918961766149e+00
2.874694696189930454e+00
2.735514779621893933e+00
1.636274742782339420e+00
2.344885287143604113e+00
2.465353764128558112e+00
2.148268467254417668e+00
2.209541753667782604e+00
2.503520914338090098e+00
2.174242840639600605e+00
2.897490216560103526e+00
2.206265751517813456e+00
2.081858597242872033e+00
2.394505345461880541e+00
2.719851226436933000e+00
2.314585285456102426e+00
2.164556250126184800e+00
2.336334690691074467e+00
2.493293885639964458e+00
1.982686792672205600e+00
1.743581678642427413e+00
2.297421541087739882e+00
1.807894054906256098e+00
2.276944372831463781e+00
2.088665913695861409e+00
2.406065701601555418e+00
2.057242070552557145e+00
1.949476626192892414e+00
2.008010134980274586e+00
2.061049627036690701e+00
2.652663681906532123e+00
2.418281905084437966e+00
1.997264275174263748e+00
2.268455712269897617e+00
2.137287032466149483e+00
2.146740846435572170e+00
2.399062328458931859e+00
2.276574765941863365e+00
1.904905546837821761e+00
2.399885947983677603e+00
2.778939730151733123e+00
2.303870943256900006e+00
2.520816172321990400e+00
2.409626905845222211e+00
2.177757049908761733e+00
2.451050680429609496e+00
2.581975196043338361e+00
2.696886772696396317e+00
2.748646929393800953e+00
2.409988114464273856e+00
2.229100122869123179e+00
2.615104217755046534e+00
2.226417632538593594e+00
2.437166889012653659e+00
2.703580019658715194e+00
2.063393617277603731e+00
1.797009707259426214e+00
1.625016809700659870e+00
2.222975547509398631e+00
2.256584394398265303e+00
2.365165518324442662e+00
2.258127528828564934e+00
2.163133394458251146e+00
2.000779410008120429e+00
2.641396825836332951e+00
2.364856624774177352e+00
1.915761170298901916e+00
2.077905031874708541e+00
2.469731680098971704e+00
2.306050072313476473e+00
2.702168249509154574e+00
2.059093856228989772e+00
2.467375721593131566e+00
2.235572846705246253e+00
2.355236783764888209e+00
2.706342254655062618e+00
2.555410849830085152e+00
2.429206691633857496e+00
2.837838070276132996e+00
2.823235018637673566e+00
2.159054458601890936e+00
2.383733990881105047e+00
2.222417758923327824e+00
1.944235692759348044e+00
2.275086199335679460e+00
1.926739401438922528e+00
1.758145833111829592e+00
2.423732925157927376e+00
2.701987808283346837e+00
2.438675721158297005e+00
2.412106207276526693e+00
2.596061362770095471e+00
2.714322802595212636e+00
2.634407456258773372e+00
2.329189920730797780e+00
2.531518537795590440e+00
1.770868297052164975e+00
2.318082815788912399e+00
2.262661509193395482e+00
1.636632634314254986e+00
2.593706391054630966e+00
2.641000425260106699e+00
2.433706375372673314e+00
2.267077925724556131e+00
1.839427193284109308e+00
1.881175395302683295e+00
2.358339207861368081e+00
2.179559005763003654e+00
1.896819255895709544e+00
2.733309143024689192e+00
2.117495227408351166e+00
2.720375779944751216e+00
2.678311325520308372e+00
2.195330314472666799e+00
1.865555483556295968e+00
2.363457641258990272e+00
2.439275042250596659e+00
2.508604077194616533e+00
2.295805940541705503e+00
2.520993719131970678e+00
2.740086933547048798e+00
2.185454137159115628e+00
2.741516656312849243e+00
2.456945242932290441e+00
2.647496781926978127e+00
2.581452903462807758e+00
1.826256864269034663e+00
2.013092432496362605e+00
2.488311060043863598e+00
2.532381223997296704e+00
1.742027139935516500e+00
2.739769888282369781e+00
2.651249362015023703e+00
2.008567681038448516e+00
2.703705610766751199e+00
2.086731467608116120e+00
2.567866168779600500e+00
1.861506223190275255e+00
2.106073973566252810e+00
2.399864167161442907e+00
2.455466325143147888e+00
2.354694367884416994e+00
2.088541913523225269e+00
2.393927544278661834e+00
2.464787831801634077e+00
2.865168429333232236e+00
2.656371483282407020e+00
2.318753872862139076e+00
2.915252063365143087e+00
2.755193395344293528e+00
2.697995969860746079e+00
2.378252838930474233e+00
2.321384714837744667e+00
2.286928275286804535e+00
2.102973823153688748e+00
3.011285269834783840e+00
2.384385319671191716e+00
2.097267661154587515e+00
2.504693559989451312e+00
2.633998397204856179e+00
2.821714382983368630e+00
2.123028254961821126e+00
2.054614003654172016e+00
2.099793600004884908e+00
1.852044671005460552e+00
2.268355392670088566e+00
2.069382460569619830e+00
2.553376476291955299e+00
2.588531122577204524e+00
2.507667428356155970e+00
1.904308651418068044e+00
2.390986220952074248e+00
2.234826880042050767e+00
2.438538684067305340e+00
2.566920399034001932e+00
2.744158246531092971e+00
1.865770021187993732e+00
2.655267735895679770e+00
2.041812100457530921e+00
3.000127210790994869e+00
2.455331497649376526e+00
2.179329406259871593e+00
2.378087373833146501e+00
2.422373909187841790e+00
2.651478430860271907e+00
2.217034739003025834e+00
2.490370746240571975e+00
2.172930377131624624e+00
2.031518742745694439e+00
2.422795070888462909e+00
2.564655951859842631e+00
2.074207145650913908e+00
2.445325844777524349e+00
2.847099432351862358e+00
2.270763741865970076e+00
2.239625291985738009e+00
2.261664681338300564e+00
2.247633151702235210e+00
2.535451213295107031e+00
1.833413892537281598e+00
2.321219929990399500e+00
2.171953742883621974e+00
2.291297724042730799e+00
2.300532283381420573e+00
1.978768941984243357e+00
2.585116728998535951e+00
2.243372946185650196e+00
2.276998586600369023e+00
2.990732746411888687e+00
2.052010712069960441e+00
2.608970019380383309e+00
1.992943074564708983e+00
2.587838019792882527e+00
2.367093147076123394e+00
2.292964847814133122e+00
2.233256228396335086e+00
2.663695744334238835e+00
2.642554483295996182e+00
2.343369370707109489e+00
2.113530811786020536e+00
2.789144602273900819e+00
2.565576814759751745e+00
2.603234624086604221e+00
2.579079948630424557e+00
2.151436067320806611e+00
2.450155544142641695e+00
2.432002134945097538e+00
2.797338023519762018e+00
2.258712935518027098e+00
2.500253803909360695e+00
2.581718142643837588e+00
2.339874670588698802e+00
2.182952010834512180e+00
2.480314231560363236e+00
2.628856459079528030e+00
2.189154838365335642e+00
1.803632898799178097e+00
2.305757288113913450e+00
2.451855160571444259e+00
1.899171450106937220e+00
1.920480440577837067e+00
2.258824691821091690e+00
2.874032332644207877e+00
2.559623954875909213e+00
2.424771822708799096e+00
2.576206200723169193e+00
2.107573624908427590e+00
2.094521482521210398e+00
2.392199483162734897e+00
2.971364147321726712e+00
2.679718521497950867e+00
2.112245699582277147e+00
2.758363124529539245e+00
2.933728940133492280e+00
2.052210766562854172e+00
2.691826085280631276e+00
2.878953107414055967e+00
2.293505141240408385e+00
2.098458094344391789e+00
2.648469291821271554e+00
1.599039284283788609e+00
1.823983567173157461e+00
2.344239788330031438e+00
2.740490252250495917e+00
2.567430445651668336e+00
2.328924740908721702e+00
2.419750344491401695e+00
2.142896507217113111e+00
2.097673264774901014e+00
2.260341312202556185e+00
2.139476781253924820e+00
1.860330611407085000e+00
2.207762178931913954e+00
2.380765654924462904e+00
2.027470332302170775e+00
2.466237052725729573e+00
2.277420213280074268e+00
2.143060930938704089e+00
2.410889666447133095e+00
1.955464057456482996e+00
2.184904318946809365e+00
2.077581100250932344e+00
2.606815864969145302e+00
2.930584841184196154e+00
2.751474746371332269e+00
2.889702352651878137e+00
1.943797497107711880e+00
2.080242770711922429e+00
2.109186968066225187e+00
2.331824296584661838e+00
2.449671849946859936e+00
2.446803282977842109e+00
2.580810932698970106e+00
2.412702191428158560e+00
2.493925786819594315e+00
2.692288851225852930e+00
2.189966149451231914e+00
1.743513680402224431e+00
2.136349312543037726e+00
2.072113929934729537e+00
1.997831527849328825e+00
1.783522220188220375e+00
1.695348706903949010e+00
2.688546558101299944e+00
2.284085017984513577e+00
2.036549932510765437e+00
2.368308680989809289e+00
2.409337808299638617e+00
2.497988611659653024e+00
2.121329589902525292e+00
1.928575491802227093e+00
2.376248028687922620e+00
2.070346060460856563e+00
2.049572319578676804e+00
2.046261807044180259e+00
2.450383862865101126e+00
2.298419826295314383e+00
2.317925537756685195e+00
2.298676941576437649e+00
2.334722384330838452e+00
2.450155279526053498e+00
2.134154689187896192e+00
2.253882873998493963e+00
2.198325570848473465e+00
2.144630155455968801e+00
2.268961529257939258e+00
1.970933874647654571e+00
2.493084406161726108e+00
2.119485193922804989e+00
1.906030176069179349e+00
2.791922116572501888e+00
2.550130138602838326e+00
2.480397542965834035e+00
2.333529164008822043e+00
2.224695712666496572e+00
2.526063858911886228e+00
2.555464262652916929e+00
2.733253229000700113e+00
2.360535758876681989e+00
2.851438897079261015e+00
2.262265112258670996e+00
2.421223556751215256e+00
1.610644404130036733e+00
2.566423713783516192e+00
2.652102078883407987e+00
2.495686935294149755e+00
2.029843436220442943e+00
2.968717558512854460e+00
2.507796005005806794e+00
2.009659806344000099e+00
2.453086789661366396e+00
2.465435122083508901e+00
2.303895126100662161e+00
2.444981492536118850e+00
2.120255211197664025e+00
2.403248097544643969e+00
2.883880562952918503e+00
2.295827883765560795e+00
2.697648760611577323e+00
2.356267905438094612e+00
2.502607345922878146e+00
1.931895996677186256e+00
2.038985969470225257e+00
2.765243481152850791e+00
2.687807808904229656e+00
1.994823778063065767e+00
2.035519343107322854e+00
2.394417329877688960e+00
1.822090693924701243e+00
2.434026403910531933e+00
2.505543501938164663e+00
2.206371238195981910e+00
2.462959395945727437e+00
2.492743205109418270e+00
2.803380748288648139e+00
2.354971540004326958e+00
2.553497810154830017e+00
2.002769258616037273e+00
2.565104647604365073e+00
2.073589620730990291e+00
2.152527647595690485e+00
2.505245095899374164e+00
1.988774102684125467e+00
2.122778710323278695e+00
2.610443214473630924e+00
2.568305137238612978e+00
2.244059047870107904e+00
2.145739742974289932e+00
2.339506346582599594e+00
2.161012428293738186e+00
2.450520187454676257e+00
2.724071999940213207e+00
2.144885746228935020e+00
2.485686898474533724e+00
2.182548065395030878e+00
2.107791253208780802e+00
2.347747891222633498e+00
1.900259364315874500e+00
2.208766947058341756e+00
2.397503880375244201e+00
1.988309663752466649e+00
2.385674909011398448e+00
2.309704501203885041e+00
2.896254769637806703e+00
2.028196829212401298e+00
2.837181892617003598e+00
3.011898831867011683e+00
2.283586172534136871e+00
2.338248308061778413e+00
2.386925452598988251e+00
2.670727928317913502e+00
2.724326326041235813e+00
2.552861956568527102e+00
2.814625905750824941e+00
2.143914377634060120e+00
2.739649267858807580e+00
2.631665951261742187e+00
2.660794157205706334e+00
2.327799592363284820e+00
1.705063508122005800e+00
2.096172605943695366e+00
1.867409210170859923e+00
1.993896981494131859e+00
2.570429784003703144e+00
2.575361879160003920e+00
2.492031218610607723e+00
2.283384896686757592e+00
2.021514429621218412e+00
2.343953569346565402e+00
2.346643966478530352e+00
2.141899506060768843e+00
2.758375659980135008e+00
2.435357459323602480e+00
2.363547708049550611e+00
2.695144047594538517e+00
1.712785356456779429e+00
2.442713023280080886e+00
2.185752666617722717e+00
2.744392456266139924e+00
2.867931930762901871e+00
2.773417229861812494e+00
2.478958004516608860e+00
2.259671958133621317e+00
2.109620337897705866e+00
2.463494141843110441e+00
2.720902232863401604e+00
3.039676728801523620e+00
2.702781789898879072e+00
2.054258658824936745e+00
2.602921513162828937e+00
2.164863746742134776e+00
1.671590103592238030e+00
2.085071011571695276e+00
2.283037566834104748e+00
2.309464956647232725e+00
2.225940395530983551e+00
2.117371396819648144e+00
2.736387000718558671e+00
2.387732830613664703e+00
2.669190759632702470e+00
1.794052513596748222e+00
2.442359489639588599e+00
2.533076767826061726e+00
2.604663735611804753e+00
2.448475604697295083e+00
2.030135467834297991e+00
2.904521264925836732e+00
2.730495165979404781e+00
2.392725360405299817e+00
2.374907182054883048e+00
2.145291327029620110e+00
2.318901881315634128e+00
1.887390030213621062e+00
2.590639699121581430e+00
2.530107632814144303e+00
1.871214434272155058e+00
2.433566750347688767e+00
2.338955986883408222e+00
2.383398416747361637e+00
2.796746008124713079e+00
2.880696125632423499e+00
2.452718599124608545e+00
2.830383182261360986e+00
2.546705520147799717e+00
2.565872244630842403e+00
2.423382693551292988e+00
2.925586697716278106e+00
2.432191928646455281e+00
2.071928319407031260e+00
2.744326837683975562e+00
2.801772715539435410e+00
2.293346694410994147e+00
2.303746811227566305e+00
2.620744773464983801e+00
2.016687154315201624e+00
2.087276847790646706e+00
2.308956299438866822e+00
2.447873483227451352e+00
2.201746466839280547e+00
1.877746256557850213e+00
2.675844321735842080e+00
2.336922954389603291e+00
2.132313661081790990e+00
1.931084972743251083e+00
2.248756835804294862e+00
2.260333098012219821e+00
2.842187632342976222e+00
2.040002510445124706e+00
2.831208744914214037e+00
2.675356210971672866e+00
2.286939595969697425e+00
2.396965214153019552e+00
2.291660377385416947e+00
2.095447439663029598e+00
2.276599939116460192e+00
2.220861043207741581e+00
2.888114290568660980e+00
2.367747409842428929e+00
1.898582069177305653e+00
2.580612782540967487e+00
1.905795734447656153e+00
2.842721599283919875e+00
2.165846401944591548e+00
2.084998092979863493e+00
2.286042079434382313e+00
2.297381516342807295e+00
2.234418518630194139e+00
2.097419765428572447e+00
1.611022527592437026e+00
2.552431015757108845e+00
1.984578507377975809e+00
2.082441165114695014e+00
2.750421295501084717e+00
2.325358929489136806e+00
2.233685103118645543e+00
1.679574079141102461e+00
2.387931898531252539e+00
2.237123342165604267e+00
2.470053301198314788e+00
2.562633115463579081e+00
2.797892481188896774e+00
2.026527123369868733e+00
2.105641808374251411e+00
2.384210157002904396e+00
2.044864461443684611e+00
2.058616496668225437e+00
2.296922914270313143e+00
2.385734452209599787e+00
2.186044467620947174e+00
2.419934584938550515e+00
2.182673833242642747e+00
2.682608426224184051e+00
2.411388684888243095e+00
2.385862705624058666e+00
1.919577210232412234e+00
2.214004118081733807e+00
2.310303049306459577e+00
2.283663867515899781e+00
2.139298469657376689e+00
2.123527238319509625e+00
2.346004957651140366e+00
2.126060938851372928e+00
2.378436370187102522e+00
2.534870695621979308e+00
2.153970545813137960e+00
2.859931403848241516e+00
2.659827799169737883e+00
2.513249812668356231e+00
2.507169197909185243e+00
1.825158681563908480e+00
1.700412570038542182e+00
2.511702648549221539e+00
2.783916268547799167e+00
2.176752974934335505e+00
2.100475549422906596e+00
2.707000447243547825e+00
2.633443861123415886e+00
2.242107625027902174e+00
2.650974190284304477e+00
2.534167232284493920e+00
2.334648727109374988e+00
2.453018946830546998e+00
2.451571149565144658e+00
2.542030352612797195e+00
2.609027902714333713e+00
2.553057976637810533e+00
2.812651999041354323e+00
2.065628245146672093e+00
2.477172823500211063e+00
2.273534666670500748e+00
1.932995827239130326e+00
2.726200313172723710e+00
2.834050355223753037e+00
1.941082226681061229e+00
2.010826276115873945e+00
2.026562410309275641e+00
2.696373396500355568e+00
2.138128862013478404e+00
2.532808814427067734e+00
1.980345990919650800e+00
3.032447343077815827e+00
2.565441616865657526e+00
2.364332016893167410e+00
2.452019479849747441e+00
2.674906531516798136e+00
2.383506588844237939e+00
2.284148812453858923e+00
2.228547811365109155e+00
2.417683332789724027e+00
2.079514096661958966e+00
2.382216657788183589e+00
2.449589596061572117e+00
2.658248735077291425e+00
2.114753496232578911e+00
2.040079769087405737e+00
2.131044136083076967e+00
2.131049590636367785e+00
1.991332482027387218e+00
2.798374068117288616e+00
2.698493064670896668e+00
2.299689364349985166e+00
2.537577242684065038e+00
2.239740175058579474e+00
2.487994276240585556e+00
2.472445111195952006e+00
2.809280824506439345e+00
2.499399073953126660e+00
2.693923836890844914e+00
1.743556037874429254e+00
2.647564824549184515e+00
2.411393917730275671e+00
1.753121066553556817e+00
2.382778178971533212e+00
2.067162913100804467e+00
2.416483818648814452e+00
2.632506663783356071e+00
2.512763768002474585e+00
2.193930652338170528e+00
2.159875369874911133e+00
2.095690805818193336e+00
2.361042817440973440e+00
2.967754512646212373e+00
2.911069814752414775e+00
2.458936404231324424e+00
2.835167290334977164e+00
2.565809498800045940e+00
2.203853665971150289e+00
2.232912290055859117e+00
2.757103729829394556e+00
2.862914050957700685e+00
2.268543650903268816e+00
2.605403563650349419e+00
2.422029073930859866e+00
2.645858196661054595e+00
2.758733865978992394e+00
2.109305498198859485e+00
2.025792365533436890e+00
2.626619597107063164e+00
2.409681677866842175e+00
2.823186476979804294e+00
2.555911043972949770e+00
2.381442182383619599e+00
2.585887020241716794e+00
2.454838851221070151e+00
2.240911485897016497e+00
2.193897228941250610e+00
2.409995506316174652e+00
2.575456466490397389e+00
2.332562218706717871e+00
1.933731302676906738e+00
2.731310183220873267e+00
2.092023499940795173e+00
2.515436126018260499e+00
2.341728526152412115e+00
2.442761273282131995e+00
2.279166935372605174e+00
1.759229849112119881e+00
2.294994700024473477e+00
1.789068766927599974e+00
2.199604696493834055e+00
2.791048144440146928e+00
1.881561385755281535e+00
2.198344616157897669e+00
1.820555426519417708e+00
2.519025451517680647e+00
2.158532433068204970e+00
2.609716166667603421e+00
1.845888394765156981e+00
2.117052609547551256e+00
1.969157115706624994e+00
2.054175684917338707e+00
1.674815386777977588e+00
2.243824277987627180e+00
2.090263644361763262e+00
2.291826067170874559e+00
2.493078998717957351e+00
1.990415121013569877e+00
2.290551952178119244e+00
2.530037272269714865e+00
2.400191428560987106e+00
2.554316151294865112e+00
1.726506923920899661e+00
1.824799122224963321e+00
2.578159711680486410e+00
2.298903175025850842e+00
2.292918773803162669e+00
2.164952689065246627e+00
1.882808930871309405e+00
2.923353234861572059e+00
2.115783950510697231e+00
2.309681558899713050e+00
2.460377505687589839e+00
2.096600077498594228e+00
2.991106380638777651e+00
2.619977283813974100e+00
2.410996940872346617e+00
2.286164261818293575e+00
2.041031962324293847e+00
1.858459320981724394e+00
2.443283732629396798e+00
1.790091448425476850e+00
2.572143042038092631e+00
1.794971260656983647e+00
2.409615168391911144e+00
2.481290587594056962e+00
2.785763228442767581e+00
1.955520011661474156e+00
2.365531566525025831e+00
1.919612111898413298e+00
2.342762207243406003e+00
2.220596368090387962e+00
2.467009806661389248e+00
2.269581800889794998e+00
2.165151790836671530e+00
2.051095460315881969e+00
2.457318282516784524e+00
1.921643457355071805e+00
2.707480368847909435e+00
2.404709236474459555e+00
2.336320417639958347e+00
2.496126820989192030e+00
2.452259057493352046e+00
1.971529947557701501e+00
2.555191020358285492e+00
2.039680407984722610e+00
2.411605146713297732e+00
2.129162354799155388e+00
2.019458701410205670e+00
2.207672441618254489e+00
2.339440669246184434e+00
2.717963340055435939e+00
2.469544061858675921e+00
1.957381342788076406e+00
2.998841671639477013e+00
2.164860336819168563e+00
2.189474864510890129e+00
2.496207395687740860e+00
2.518692639403131039e+00
2.516633502530979172e+00
2.209515031726704493e+00
2.080851292342773107e+00
2.516126894191675678e+00
2.525489718096274316e+00
3.021299073720284944e+00
2.337615547564997343e+00
2.117347991401869134e+00
2.215957685571785518e+00
1.857348694596255623e+00
2.528579095964980095e+00
2.431420830485661710e+00
2.909005550817978403e+00
2.144029499299120012e+00
2.580330170284448332e+00
1.997742911091190621e+00
2.769177456273914650e+00
2.041301653195887411e+00
2.633889145631811424e+00
2.683847917162569097e+00
2.154687812184694629e+00
2.437096766568611184e+00
1.944526497596349213e+00
2.380367486884143791e+00
1.822978891207874597e+00
2.462707354717194264e+00
2.316705641091655110e+00
2.154762587627265802e+00
2.368720765979496434e+00
2.634003163361030797e+00
1.873343128555089443e+00
2.406533652203953100e+00
2.088166592059592652e+00
2.008663876438628648e+00
1.796175960091674684e+00
2.228663711642605350e+00
2.606433993610009381e+00
2.525905475176363435e+00
2.809001491309135012e+00
2.809824824918770503e+00
2.077284142167992620e+00
2.291082084447395584e+00
2.447973692425008174e+00
2.004340084409315992e+00
1.861194217019889852e+00
2.093806361616787903e+00
2.297637979464058233e+00
2.216640950703379520e+00
2.855354603835469796e+00
2.021967520042416311e+00
2.828260955403178123e+00
2.079422437921210509e+00
2.324715775099003512e+00
1.911994685240288927e+00
2.041880629056761265e+00
2.327391368277895278e+00
2.323920820495959383e+00
2.613465816602262848e+00
3.055511333452194833e+00
1.991711413746518611e+00
2.128300507172788514e+00
2.035493693061988019e+00
2.664905387376426127e+00
2.745399381764420443e+00
1.771221379359023906e+00
1.898746920067318156e+00
2.170747704286707602e+00
2.314943423673521128e+00
2.219912050060974362e+00
2.567596596920946883e+00
2.768925059918594389e+00
1.743480575175931468e+00
2.359875553422151384e+00
2.381013107965507469e+00
3.037303774505510034e+00
1.654709590507208450e+00
2.641675732027706225e+00
2.096237361476754657e+00
2.223666260812777740e+00
2.295333336993802487e+00
2.365096814438159445e+00
2.467434638059560648e+00
2.063542059254678485e+00
2.609684519445829576e+00
1.628533971678097769e+00
2.118631473523504560e+00
2.576023831722904056e+00
2.532928684774962580e+00
2.338744751834777702e+00
2.192744782669259429e+00
2.141830561614882278e+00
1.981465892655406735e+00
2.365726167377059319e+00
2.448627037152181884e+00
2.557194789908912469e+00
2.184460017471120619e+00
2.641213466703787205e+00
2.934668759814526684e+00
1.999702279934193694e+00
2.545602928598503123e+00
2.121434661119874221e+00
2.488089497335085998e+00
2.387567205180839203e+00
2.255802124596709035e+00
1.710126184963972173e+00
2.506881639919344984e+00
2.188440531345409834e+00
2.098820290220452911e+00
2.830410423107872830e+00
2.540481252590785388e+00
2.505584626259904191e+00
2.460046263922322840e+00
2.081541356096943129e+00
2.290244597055187903e+00
1.746712984215773146e+00
2.625077695455523497e+00
2.792255289957726649e+00
2.503513050695697295e+00
2.631193861902125342e+00
2.251051614496319964e+00
2.778950201817458332e+00
2.624259346055429098e+00
2.233352842937340377e+00
1.668187062444875801e+00
2.373751767823204517e+00
2.524861646169544116e+00
2.367970993731890239e+00
2.938613084035438749e+00
2.293015105886948568e+00
2.216089229926436754e+00
2.608739037608788891e+00
2.637843153767701843e+00
2.646722492222918888e+00
2.223941129049117560e+00
2.409821352360843605e+00
2.703362008882635781e+00
2.358766209885590825e+00
1.832433793632040953e+00
2.448573894696834063e+00
2.177850767283431299e+00
2.386844931599481967e+00
2.208971230679884101e+00
2.560136957644201239e+00
2.194385603238882432e+00
2.511347612969982102e+00
2.229806800816327428e+00
2.845478983643813464e+00
2.424633260433345150e+00
2.553895899464327712e+00
2.509889891169591714e+00
2.419091708793251971e+00
2.213168082372405809e+00
2.011549068790526640e+00
1.922235375242091759e+00
2.511126320970847203e+00
2.802749624694973463e+00
2.334513588902048298e+00
2.722876546200547310e+00
1.976810212972143654e+00
2.043314381111217770e+00
2.372742437373311919e+00
2.277149351609744965e+00
1.857592840312787486e+00
1.959630411596859245e+00
2.222402021513552040e+00
2.564534407459571952e+00
1.874070658659787281e+00
2.816408457411208488e+00
2.611729430259279283e+00
2.607105533709370704e+00
2.289519082182248866e+00
2.548562895169068199e+00
2.384248752880078648e+00
2.363349194989230018e+00
1.934639491181552096e+00
2.060196953619047644e+00
2.131166582083847683e+00
2.358526061736327062e+00
2.762626575524928185e+00
1.838874375820772400e+00
2.715846235072348680e+00
2.457700058452879865e+00
1.944382378687813828e+00
2.104643875280729048e+00
2.381397550453882239e+00
2.782889003845567366e+00
2.167433550339726622e+00
2.329457657557376660e+00
2.865350274297150168e+00
2.214871579405267354e+00
2.000946339102611660e+00
2.365695082507948577e+00
2.540042757608847790e+00
2.210057679122409802e+00
2.156285480294739987e+00
2.672862268748920300e+00
2.209189379570395850e+00
2.013672255040714454e+00
2.695951600500095857e+00
1.947336582028762253e+00
2.130037813989400064e+00
2.097339654925659325e+00
2.947385663362789288e+00
2.184232431699062449e+00
2.068733146043838289e+00
2.194261091190436996e+00
1.843384578631504400e+00
2.140775126730731337e+00
2.412296991023443304e+00
1.802051719716355693e+00
1.951031028839017800e+00
2.040696577612124862e+00
2.490690705105507163e+00
2.380866373143220915e+00
2.833904091078467413e+00
2.542706375794787199e+00
2.694819023100097688e+00
1.764224173070084944e+00
2.406365599414542977e+00
2.943728194801838782e+00
2.492059708269001916e+00
2.381198964847893507e+00
2.662673441775059047e+00
2.181596534856233838e+00
2.811421159461950481e+00
2.035486104740443114e+00
2.733970797936172925e+00
2.836328749723501463e+00
2.340382018723386359e+00
2.361633479053324436e+00
2.206877852526344164e+00
2.366619010310285098e+00
2.600777231204462137e+00
2.025433937011344554e+00
2.009640445958638999e+00
1.885362559870581434e+00
2.510369857454662235e+00
2.427456474642003759e+00
2.237254113847799708e+00
2.637599139158987693e+00
2.435613519479258748e+00
2.412359896297751938e+00
2.190402034140925380e+00
1.971358472755948776e+00
2.482688724444304107e+00
2.260327452780533708e+00
2.466994859561550513e+00
2.419235224618558444e+00
2.523080940976909048e+00
2.329448004560695118e+00
2.239684797118169701e+00
2.064693923725971825e+00
2.524299048796521561e+00
2.170197123430318786e+00
2.016804781309136096e+00
1.940701116176918761e+00
2.101279273737245656e+00
1.836450975934547314e+00
2.270208040672943905e+00
1.885786594692600682e+00
2.008838688903568315e+00
2.218286718530078083e+00
2.331760859371196482e+00
2.197356566885375617e+00
2.914075004955083426e+00
1.834980171123447912e+00
2.152211742331522792e+00
2.860551189079782564e+00
1.887778390370565385e+00
2.593516281917099153e+00
2.004171888103807753e+00
1.885805570270490561e+00
2.688335106933262608e+00
2.370250432430260901e+00
2.477814681383349260e+00
2.394835285420340298e+00
1.910671160190605899e+00
2.838571207369398941e+00
2.565094593356371355e+00
2.592750724368469761e+00
2.320124177826104805e+00
1.833973269788492066e+00
2.346888004587245558e+00
2.147835045395801501e+00
2.463871917123345412e+00
2.422698591010421065e+00
2.366877613487913035e+00
2.639081826970817168e+00
2.810554148725195489e+00
2.369427094225707187e+00
2.574586667951376473e+00
3.038223278587321552e+00
2.492358860887011307e+00
2.504829760989485621e+00
2.784898180991103089e+00
1.956610601978811426e+00
1.852038885352944142e+00
2.296942474931219724e+00
1.795836223517693009e+00
2.642378458128192609e+00
2.624079340630040669e+00
2.458146088728685008e+00
2.081606110439831347e+00
1.770646972705981037e+00
2.026014449985411581e+00
2.730068647676846094e+00
1.801681468943561182e+00
2.229440355072713764e+00
2.225750694494296855e+00
2.832335028562955603e+00
2.388185789037147622e+00
2.280376716160296802e+00
2.186613074467029350e+00
2.366362558240485470e+00
2.361040050824426917e+00
2.356273650664074459e+00
2.762946397433664547e+00
2.232141189719319296e+00
1.912370965044208448e+00
2.884481147165844472e+00
1.871579586184007660e+00
2.456558005764546415e+00
2.765713207629680426e+00
2.086946701929682568e+00
2.553161863543530696e+00
2.165013653431298923e+00
2.795462281870946697e+00
1.954944087331311531e+00
2.514024413913636735e+00
2.229401238989066947e+00
2.395331318022046574e+00
2.758491104635119484e+00
2.095642431495709168e+00
2.673395557744504991e+00
2.392507382943351857e+00
1.922958157323191752e+00
2.495887791769979103e+00
2.271623032431000055e+00
2.672972904360633617e+00
2.695748668210379506e+00
2.237810062771905528e+00
2.133957742089448661e+00
2.120888778656691898e+00
2.159910558359795285e+00
1.853952113728417617e+00
1.887994779444619464e+00
2.680481057770462527e+00
2.609018537421929462e+00
2.413885375233560282e+00
2.642333044375785978e+00
2.545617943092716384e+00
2.269694843434427067e+00
2.407667614250263544e+00
2.373854939486922166e+00
2.551624834890198645e+00
2.184182623563153847e+00
2.064382543058897568e+00
2.554765148267317265e+00
2.527907654043805685e+00
1.975973544818057537e+00
2.129343756621929096e+00
2.186061383385595747e+00
2.041006682382429105e+00
2.602119375036503257e+00
2.755904318628663585e+00
2.126657762845157507e+00
2.014959643943912138e+00
2.389235609973024310e+00
2.421133495787939793e+00
2.587073652434674909e+00
2.196714306700182640e+00
2.172449759304700745e+00
2.071239127304151051e+00
2.339454856062162857e+00
2.569166440372249394e+00
2.510812099485086435e+00
1.815774937236004138e+00
2.238158851979317188e+00
2.339381363034918060e+00
2.538844961244759446e+00
2.916597155256893892e+00
2.597370651616258463e+00
2.341117369458985298e+00
1.953568783028515998e+00
2.447695640827498131e+00
2.497492267706971969e+00
2.450058530885153463e+00
2.691341290056925573e+00
2.836777665018560768e+00
2.307154004841563300e+00
2.302863182727562741e+00
2.622512083202057198e+00
2.664119199854816156e+00
2.331687487896513922e+00
2.502576632051955130e+00
1.937275885789035312e+00
2.602954011463056716e+00
2.298135028012973091e+00
2.453219943840913242e+00
2.507698970914613135e+00
2.049633804529721992e+00
1.939520653963271002e+00
2.636094218007734469e+00
1.982744802775118886e+00
2.715414589231836651e+00
2.458915149877757056e+00
2.122864504618091175e+00
2.827798408848277489e+00
2.866877786330515487e+00
2.145914929722775533e+00
1.826880957171678199e+00
2.156446268595985316e+00
2.338517834115386940e+00
2.041587675650699207e+00
2.562874479431386465e+00
2.393804304192848953e+00
2.534376214977082320e+00
2.171027449290965361e+00
2.313702297625579885e+00
2.713589134704970096e+00
2.393584259002931702e+00
2.824046170435993375e+00
2.180353849073168426e+00
2.280349882481354395e+00
2.756204546540051314e+00
2.430756047549683441e+00
1.805546946348172810e+00
1.942437191831556165e+00
2.848018981577619790e+00
2.526315432960465124e+00
2.721418934338558859e+00
2.398855212567501116e+00
2.156051807407855403e+00
2.814038073110578519e+00
2.273268398775193155e+00
2.327351999789276871e+00
2.673155098570251020e+00
2.427761790649999085e+00
1.740287708941818945e+00
2.234889567359886975e+00
2.437233106848156083e+00
2.384017293846478758e+00
2.371847188391445815e+00
2.338852079987771226e+00
2.177517080961266949e+00
2.266231628099512729e+00
2.257044575908223827e+00
2.304867463790279736e+00
2.143559408649294618e+00
2.356855827584606544e+00
2.109204248581280083e+00
2.645147245929996060e+00
2.348445124138320406e+00
2.519983651826613436e+00
1.792096746435973387e+00
2.698463262354188430e+00
2.416777717382635249e+00
2.846755691493545903e+00
2.705309967031212626e+00
2.306761700359897027e+00
2.382364724966747005e+00
2.787933174005748693e+00
2.659040484982052366e+00
2.577988314589024110e+00
2.570788242640213994e+00
1.878196988583206384e+00
2.373624423174361286e+00
2.688052194606044942e+00
2.097161975115356292e+00
2.215953252354166736e+00
2.418920657480884362e+00
1.968226466755854664e+00
2.658659848779251877e+00
2.534400134910121949e+00
2.449693229438725695e+00
2.265594809954337929e+00
2.599265177292773288e+00
2.473214183605315419e+00
2.052776550135519962e+00
2.401447327586847980e+00
2.475186404399190021e+00
1.862116467273678966e+00
2.596772172910918108e+00
2.793392433973373112e+00
2.300976659498138233e+00
2.480813475456860928e+00
2.367974238640861540e+00
2.644640396576393826e+00
1.911277839400908674e+00
2.042588834485090210e+00
2.084224537818086809e+00
2.669860994881253724e+00
2.268784927259427597e+00
2.318722240201963380e+00
3.042776645850961525e+00
2.732502241349203942e+00
1.889357127482440557e+00
2.492057713519691298e+00
2.717292924862082071e+00
2.271262002089367904e+00
2.561279046690918992e+00
2.641311873898150253e+00
2.210859788156651184e+00
2.152123460082630668e+00
2.559055668180732823e+00
2.510147647689221273e+00
2.756536944992498128e+00
2.673178735102353709e+00
2.171859441792094003e+00
2.402467843181436358e+00
2.047082625465715733e+00
2.808132866874508249e+00
2.251519280884367813e+00
2.501422933810808047e+00
2.356365474651766156e+00
2.621939484590430247e+00
2.733821496741162260e+00
2.883539051472356896e+00
2.411474711117058689e+00
2.579323613253295733e+00
2.250740497234924309e+00
1.894791274255018143e+00
2.403201190076109217e+00
2.146445813013043491e+00
2.033317501919416070e+00
2.489384199548522858e+00
2.183533429473947240e+00
2.143860033159558753e+00
2.365846370291205147e+00
1.755730726079451243e+00
2.267135789079708807e+00
2.082506821338157010e+00
2.270807244585077100e+00
2.082998654655622950e+00
2.605437310755775560e+00
3.073026516982907630e+00
2.619402473657087338e+00
2.306451830027832717e+00
1.956931596626976688e+00
2.288457107020656967e+00
2.812062265758285218e+00
2.486775644912682104e+00
2.491301320065610447e+00
2.527762083493332312e+00
2.410669389912292182e+00
2.537870059019216029e+00
2.625185380544642566e+00
2.479688441581547220e+00
2.093784658967905443e+00
2.411342220791521385e+00
2.147955334396560279e+00
2.257016879775649798e+00
2.378676877478389962e+00
2.244973783634085951e+00
1.651110942613078780e+00
1.683662366679053557e+00
2.404908922912797564e+00
2.714975102382854999e+00
3.052009138795999998e+00
2.351646081160425172e+00
2.593351944504631579e+00
2.585107209428000985e+00
2.329072775654025484e+00
2.270485795987670752e+00
2.285832212316269541e+00
2.309259303019838949e+00
2.673546685344513563e+00
2.549620580910226142e+00
2.004264694726858309e+00
2.196402298020099231e+00
2.384369444105345348e+00
2.242796936719226863e+00
2.476811375100364199e+00
2.845315609303668669e+00
1.992386344896321715e+00
2.507376347525744453e+00
2.083000664003315627e+00
2.382897921576099254e+00
2.194161656353309731e+00
2.484205965294264740e+00
2.232419025095849996e+00
2.510336215473703891e+00
2.444771305481752144e+00
2.406738560118990122e+00
2.403200300695728764e+00
2.313886432893884848e+00
2.001696635303954253e+00
2.685524353187354940e+00
2.559636851532988810e+00
2.578826366731973962e+00
2.346742746339058439e+00
2.594384641899210031e+00
2.108152813919405233e+00
2.411609556161692591e+00
2.329135702130293417e+00
2.648198962686965530e+00
2.729326766785912906e+00
1.988613592205228375e+00
2.329219808222352306e+00
1.875179309291641117e+00
2.716822305943072724e+00
1.789522062443872796e+00
2.329335150878390603e+00
2.303532238601533777e+00
2.430993097395750979e+00
2.103072419767047840e+00
2.746018480233440862e+00
2.651245785329529703e+00
2.274724674257057266e+00
2.636391787146591170e+00
2.394328315678069252e+00
2.257787120291451899e+00
1.989111051671079711e+00
2.797957165090600107e+00
2.337266010605725697e+00
2.108372071887460120e+00
2.332956120008542911e+00
2.836309561360013110e+00
2.115983617962179153e+00
2.229710432910739559e+00
2.114371398329095264e+00
2.324841669403434175e+00
2.213856643527995161e+00
2.184311251113111307e+00
2.800041281470498244e+00
2.431644226267946962e+00
2.732635741888473913e+00
2.282519078167537963e+00
2.815193230420766302e+00
2.606719631700813888e+00
2.151332583736573323e+00
2.421465206883005372e+00
1.851825635409352300e+00
1.942868763407446853e+00
2.186809813247320378e+00
1.714444924999354303e+00
2.696163304819809703e+00
2.411234919290752288e+00
1.860034197091491093e+00
2.636831994309251748e+00
2.700021760675164195e+00
2.223908533471190552e+00
2.529811528435252477e+00
2.557926908886928530e+00
2.458617636104622584e+00
1.870779682139321221e+00
2.054734538699723778e+00
1.839971411199839091e+00
2.117847959073252184e+00
2.082894339438396969e+00
2.296391750039820323e+00
2.948526369217156606e+00
2.618276240815368805e+00
2.049636819260194365e+00
1.935117835807265818e+00
2.029082312906126617e+00
1.952299023378698761e+00
2.195475414218065691e+00
2.196096697077595472e+00
2.236339652773934983e+00
2.474546842264002677e+00
2.613661423101951264e+00
2.096382992892682928e+00
2.123276886791558127e+00
2.428133971320131756e+00
1.968628941583596248e+00
2.213506291576794904e+00
2.536552861532488823e+00
2.182776060508351268e+00
1.960196802218685308e+00
2.291137977964819772e+00
2.510848896412082532e+00
2.646065614973335034e+00
2.346206662714341196e+00
2.657220329033539219e+00
2.439643796252496166e+00
1.839291912930536066e+00
1.753160157179593170e+00
2.219666114660840517e+00
2.514557125236333679e+00
2.454898038099807334e+00
2.667831442342112336e+00
2.597941100870341025e+00
2.335044162735110618e+00
1.939870274339222878e+00
2.945839306292676429e+00
2.868502858591679860e+00
2.399527391062892256e+00
2.400487947084830154e+00
2.431735539635594634e+00
2.463427098785820224e+00
2.101554206353965171e+00
2.314775996580404449e+00
1.676296257126637324e+00
2.774237824596100133e+00
2.652464923508441430e+00
2.414207436963557107e+00
2.577956014757570191e+00
2.442659243250552947e+00
2.285917808653248340e+00
1.985722347336421389e+00
2.424280435457051297e+00
2.705833332770462896e+00
2.149347397333738918e+00
2.161272724610602047e+00
2.575796007057575832e+00
2.428008558573373499e+00
2.677466013233985365e+00
2.070385223874487757e+00
1.966990566666974249e+00
2.183201414775420623e+00
2.021847987618599518e+00
2.418978817605238696e+00
2.252473529608205016e+00
2.416412306653259012e+00
2.471548753045612390e+00
2.182867123648462027e+00
2.191321816447529436e+00
2.547065388783849471e+00
2.568766007564988740e+00
1.774785248712047458e+00
2.492507005181090030e+00
1.756478898503381902e+00
3.082392001879727950e+00
1.999669415284150320e+00
2.525453123606829386e+00
2.831199079051418543e+00
2.291566696085285404e+00
1.781738725928736500e+00
2.731694620219157876e+00
2.231318139522150190e+00
2.775856144541734682e+00
2.301803336890729135e+00
2.296477705442495409e+00
2.261095300238642469e+00
2.294620384216644382e+00
2.262270814787088469e+00
2.483951708025707195e+00
2.840286003708059948e+00
2.129018187190039768e+00
1.871594062623605392e+00
2.188411006708484763e+00
2.202194458354318485e+00
2.609434559006436949e+00
2.540059138694786611e+00
2.050726310174960432e+00
2.100072991767064856e+00
2.190901319009804560e+00
2.254666129469188540e+00
1.782841963128644514e+00
1.983427928241096483e+00
1.888353269920421296e+00
2.065106818723702276e+00
1.836043993839557853e+00
1.867143087923036182e+00
2.205167480228134025e+00
2.442404812288711646e+00
2.414301996554869323e+00
2.821828015676639545e+00
2.235295973036008910e+00
2.435061535176511249e+00
2.181069179603795760e+00
2.333111718271748458e+00
2.214933491143460387e+00
1.903669293003374952e+00
2.332945268341130696e+00
2.850160257457101221e+00
1.893267806242534101e+00
2.484247867781142816e+00
2.150278271287323850e+00
2.505275045548335466e+00
2.239205180717568577e+00
1.965841160765867013e+00
2.458445518217169834e+00
2.318749673216943918e+00
2.140677657514102439e+00
2.337688509704611395e+00
2.142997103522741753e+00
2.886944400585107484e+00
2.353968881390423817e+00
2.570704473198144768e+00
2.147070162506257596e+00
2.732198305508281244e+00
2.369999430035464538e+00
2.517267450096425829e+00
1.847366982025828275e+00
2.118228467192941888e+00
2.309501042625619949e+00
2.333625975461486757e+00
1.914285252914645019e+00
2.284865198561710109e+00
2.202672884973760237e+00
2.073834333526320073e+00
2.440595185656828647e+00
2.001599863575292737e+00
2.159241720710109114e+00
2.268469999414538751e+00
2.277601294712043423e+00
2.604780682003673409e+00
2.244366897374997727e+00
2.279272651027777208e+00
2.055993471809273387e+00
2.605632206048023924e+00
2.715500690667840278e+00
2.182283419010840664e+00
2.191029615101942163e+00
2.406827426704923667e+00
2.625358696435894590e+00
2.253561583797492496e+00
2.879778219455294330e+00
2.202006429612469507e+00
2.478403601168742476e+00
3.034518736673522010e+00
2.175237208808698419e+00
1.809009978018028875e+00
2.595958507504413593e+00
2.316983319897681248e+00
2.062358107817972908e+00
2.637345782496149482e+00
2.199029080465076724e+00
2.606006258125533215e+00
2.011188653640139989e+00
2.295440746415016164e+00
2.081566255686476463e+00
2.215160414820851464e+00
2.097026110598640969e+00
2.549603031296501676e+00
2.867084793281331478e+00
2.438500536337792735e+00
2.909032269051397890e+00
2.768397452550992011e+00
2.875416968811315144e+00
2.898759649574311759e+00
2.035587536592532665e+00
2.631653054663966707e+00
2.898121318833415394e+00
2.339218039451332665e+00
2.394269323426626350e+00
1.927162169641335687e+00
2.182496763279456520e+00
2.101954280661992414e+00
2.153609701406269838e+00
2.725416084321487187e+00
2.540148396226705518e+00
2.320830104706249397e+00
2.526748684308144366e+00
2.517804894294955353e+00
2.640034219982396291e+00
2.514091788118133941e+00
2.485293134029767259e+00
2.492306876499234214e+00
2.223802178688643050e+00
2.104947139879283835e+00
2.248598824406597529e+00
2.296287126579409588e+00
2.496522124952596400e+00
2.149274738430347220e+00
2.141268168266454275e+00
2.664058232697693818e+00
2.548129635610921540e+00
2.694588545858612072e+00
2.522002565850871569e+00
2.824279399777700927e+00
2.287253692911141556e+00
2.535578969851270070e+00
2.365876502414898219e+00
2.372974952133518833e+00
1.972970158519885775e+00
2.212653173487125535e+00
1.894462275207626778e+00
2.267091436021523521e+00
2.508990289663660000e+00
2.226372691625195799e+00
2.553460272618798932e+00
2.448230137830293085e+00
2.246531784835648082e+00
2.271443038796224556e+00
2.646871670505794860e+00
1.656722132458934738e+00
2.188575231147429800e+00
2.795568736704760582e+00
2.162539544914349854e+00
2.151657201001671904e+00
1.810820345836401613e+00
2.066356259955849595e+00
1.828472628096877717e+00
2.208867910658381728e+00
1.873022708640852629e+00
2.593266830585121863e+00
2.386843288862344092e+00
2.173600114806396366e+00
1.771106553864180366e+00
2.282589670168738483e+00
1.921689048568679059e+00
2.642454581771434441e+00
2.821083246302419134e+00
2.416936223302376785e+00
2.240871869846186915e+00
1.930605548091271606e+00
2.436350867619935912e+00
2.429838052738563015e+00
2.261594791692865147e+00
2.723168162724874275e+00
2.464140740608561142e+00
2.310226245657709843e+00
2.876643789135118201e+00
2.335804085702628985e+00
1.893412254769746950e+00
2.230543295764610967e+00
2.627765440260708907e+00
2.628591581935341814e+00
2.102189617571618818e+00
1.967186425489576784e+00
1.952240169492162059e+00
2.294399472284213815e+00
2.468313476484065294e+00
2.567294633124069136e+00
2.183790689538730234e+00
2.827023500301013570e+00
2.020003988533959571e+00
2.748817302691986431e+00
1.949513439559718231e+00
2.666116265389002038e+00
2.350436707551047721e+00
2.881978193806523425e+00
2.252736730471171178e+00
1.942446536906977661e+00
2.180915448001420565e+00
2.720473914065977716e+00
1.912792936339324568e+00
2.714787395264293579e+00
2.537290775902829587e+00
2.301090761290252917e+00
2.019232192183641139e+00
2.311052320749099387e+00
2.309049008118225998e+00
2.692929429638688976e+00
2.541907794825236877e+00
2.730551481594724716e+00
2.436348788845344782e+00
2.864276799044950916e+00
2.022568911547885762e+00
2.274739693294824061e+00
2.390446891576389010e+00
1.945494152886316108e+00
2.438366708630194779e+00
2.316889534944386764e+00
2.726479905746750365e+00
2.863009680160596648e+00
2.741099715483564125e+00
2.771421185492795036e+00
2.801129859523533661e+00
1.913124236749415230e+00
2.109472153033402186e+00
1.952060273018150438e+00
1.825538045949520738e+00
2.322132294876200653e+00
2.601288670989943430e+00
2.653394772068805363e+00
2.443785730883940133e+00
1.923708074766044662e+00
2.231973817649388625e+00
2.435733738374394441e+00
2.684606879826125336e+00
2.099109806257472233e+00
2.475099935918825267e+00
2.164149355827051036e+00
2.365940232943018806e+00
2.153426834872507634e+00
2.304801824300013458e+00
2.800065436570708499e+00
2.276486317369453616e+00
2.261824589955498066e+00
2.304867281578713012e+00
2.515585477234412171e+00
1.957064730010092291e+00
2.637113247074442057e+00
2.084687951287029328e+00
2.100301967025944183e+00
2.187166606969968008e+00
2.385901754895002114e+00
2.833198345307906152e+00
2.260052205849939710e+00
2.574638670106073945e+00
2.150439681103387457e+00
2.212353417885085438e+00
2.345539361446700166e+00
2.279379190782537368e+00
1.877232551646937919e+00
2.517098911534187522e+00
2.152853867200030802e+00
2.157753575638313048e+00
2.552252028083064506e+00
2.125852804814225117e+00
2.461993576117639471e+00
2.499711503340326324e+00
2.316743340025872566e+00
1.889403092489076563e+00
2.698623356559198161e+00
2.743981655811999154e+00
1.988973252734739683e+00
2.331446082078116433e+00
2.393670684629543022e+00
2.244757117589972317e+00
2.423681137369493310e+00
2.676303400322597170e+00
1.838650420276628727e+00
2.433458648990702411e+00
2.405176530904279630e+00
2.678381527582947452e+00
2.661599688819095810e+00
2.454780864553675723e+00
2.613963528821062088e+00
2.854032535378065116e+00
1.927592531779866114e+00
2.404500489067769031e+00
1.991772588059757432e+00
2.279363704740952290e+00
2.705806897105092812e+00
2.711381877384114070e+00
2.165439972322868556e+00
2.516069730956633776e+00
2.030767065515195036e+00
2.393461607711936168e+00
1.825702441548965549e+00
1.997834282539155293e+00
2.269167122628689359e+00
2.545319981654819763e+00
2.376501873382237839e+00
2.002368582393048158e+00
2.254427370736344027e+00
2.379038427522358390e+00
1.895762266537731167e+00
2.799921105073355676e+00
2.213558935766511304e+00
2.701221289428528571e+00
2.488051080457804431e+00
2.549715753009674124e+00
2.247890459618609338e+00
2.701498276007948007e+00
2.182440451288774952e+00
2.623356360345113991e+00
2.501278712954657646e+00
2.004866082234372904e+00
1.844779626748782153e+00
2.284524614694263267e+00
2.247597170052265447e+00
2.137594439968823146e+00
2.270143058846917583e+00
2.289012137740898734e+00
2.351070171537557485e+00
2.455607228120589625e+00
1.976896800101489049e+00
2.785716473802360316e+00
1.945453440625070973e+00
2.667567002787870845e+00
2.526101004242179648e+00
2.363663187027036372e+00
2.634072773184432670e+00
2.870739508326905387e+00
1.867862463515611360e+00
2.729422530543688108e+00
2.080284297499443991e+00
2.869613564150187202e+00
2.194914454633360101e+00
2.127370723957383802e+00
2.952446940627316163e+00
2.451663933573112963e+00
1.938302415961523195e+00
2.217764393847995841e+00
2.183206858156272467e+00
1.963299089347551041e+00
2.375937904983038251e+00
2.419506513962068173e+00
2.255122586004515206e+00
1.758857595394021089e+00
2.492542499156233049e+00
2.429093228217541256e+00
2.421091807629432768e+00
2.836346732233774315e+00
2.122065034964680130e+00
2.331963778517510910e+00
2.364201853385774932e+00
2.416356065779294404e+00
2.345102189194220976e+00
1.850153370119857144e+00
2.296768322017939568e+00
2.362910955583428674e+00
2.191506526709025238e+00
2.350859543648391448e+00
2.166199116762081101e+00
1.890451965072984963e+00
2.169062100166128992e+00
2.188461378879774877e+00
2.204176414853161514e+00
2.611694610121037208e+00
2.295067539038933457e+00
2.452235311162155984e+00
2.304976451644127344e+00
2.114924691386829370e+00
2.030053004808558992e+00
2.619625951766301419e+00
2.654649539514614798e+00
2.117285326270542001e+00
2.562647740692129084e+00
2.848022012915442325e+00
1.952816807697134394e+00
2.881729622067529917e+00
2.445300684587240259e+00
2.745684240768631046e+00
2.676680704925485710e+00
1.934764711970300644e+00
1.930518351219388862e+00
2.526218485104815947e+00
2.374939730764344059e+00
2.509975910693236223e+00
2.327527567973114664e+00
2.443084130221119477e+00
2.575857785970790736e+00
2.613069596960897911e+00
2.309740358039911623e+00
2.402599476081284546e+00
2.320132143700183391e+00
2.545424880252386668e+00
2.274474016772294771e+00
2.432779729951500158e+00
2.838538802822081486e+00
2.818239262020456160e+00
2.554581779174852407e+00
2.780513881079785143e+00
2.282938466788630549e+00
2.628508296201877315e+00
2.158896162658386686e+00
2.430812768256801260e+00
2.504009719821154611e+00
2.408954526854761191e+00
2.204109896875543484e+00
2.315201265567632838e+00
2.351655969131883683e+00
2.092474922513821944e+00
2.237022313740687274e+00
1.906311230412878865e+00
2.203180347238014036e+00
2.178267039134174521e+00
1.736905374329844598e+00
2.272700046965386633e+00
2.253642090256373187e+00
2.707299013681903954e+00
2.318038298172441891e+00
2.532943339458551435e+00
2.324614957353873468e+00
2.084718789607991063e+00
2.258583174638546076e+00
2.378399893491870642e+00
2.685718572946549365e+00
2.424071555866555094e+00
2.353655763945143420e+00
2.019225762441149818e+00
2.193802987716842345e+00
2.087940303250669594e+00
2.136445079954957471e+00
2.633109155960562831e+00
2.786455263495960288e+00
2.597708709837809771e+00
2.269112381291058966e+00
2.754195038215240032e+00
2.306246476062271178e+00
2.535256730996563235e+00
2.281083042275255934e+00
2.118291046198945704e+00
2.486428621903066905e+00
2.272537733039021735e+00
2.568833170749274863e+00
2.718926076934562452e+00
1.737103403667874302e+00
2.543690333539959880e+00
2.592506902527861978e+00
2.183870987115310580e+00
1.865192726024508030e+00
2.684063653367140034e+00
2.218887372541161973e+00
2.506871541322545305e+00
2.640155571075808005e+00
2.021588483285557736e+00
2.360037656813412266e+00
2.880783907903869956e+00
2.263266306744968759e+00
2.332654173215553683e+00
2.247516515659783831e+00
2.102040011646513662e+00
2.096086369213950196e+00
2.697832725180773217e+00
2.168382500454013595e+00
2.729199201701003386e+00
2.383425648754839088e+00
2.427463008848508963e+00
2.228398955905371182e+00
2.514825942483728483e+00
2.417887629128725013e+00
2.246599264710180677e+00
2.003163533388735207e+00
2.351732014135076820e+00
2.417257671658155083e+00
2.754050116138607951e+00
2.140303861622458115e+00
2.244063484412536003e+00
1.788545455611542101e+00
2.025321979721714349e+00
2.284155226711816145e+00
2.543034575234135897e+00
2.466206127004126003e+00
2.166375404447098862e+00
2.075717649957590893e+00
2.374155937242881542e+00
1.786949768889959600e+00
2.941704356992155045e+00
2.688291054066826558e+00
2.086475449104107760e+00
2.349590620752426418e+00
2.000453929388651186e+00
2.708213191305197221e+00
2.418656852335776541e+00
2.361863294143133896e+00
1.931411448119684904e+00
2.907031667734132796e+00
1.993936208223293649e+00
3.033754917108363092e+00
2.672658195362175526e+00
2.781225257672915951e+00
2.557305906298345644e+00
2.340855276977158006e+00
2.929327020423829975e+00
2.084152136670874178e+00
2.570669612036720064e+00
2.276255644536768763e+00
2.298512463492698110e+00
2.262777681085177850e+00
2.614970974490858246e+00
2.351044131726078845e+00
2.535168955655414447e+00
2.864513151997915674e+00
2.148197912208142935e+00
2.136207538327984601e+00
2.167619136017689296e+00
2.476011096733508055e+00
2.490433112680917382e+00
2.323220875089623938e+00
2.335231620256580598e+00
2.560001940349571292e+00
2.261712048932475128e+00
2.081030842356736521e+00
2.016885140575208624e+00
2.041214004634123391e+00
2.795678705697483224e+00
2.592998325482041011e+00
2.553088524266379000e+00
2.078638663946157372e+00
2.472157496073615235e+00
2.903599613387826572e+00
2.313099234046180008e+00
2.093631768791876624e+00
2.225962497021014563e+00
2.845688811895993542e+00
2.747933369501326606e+00
2.426096790444645990e+00
2.590760843888823217e+00
2.742529818277260834e+00
2.332470236893832372e+00
2.614638865965710490e+00
2.135109721746326628e+00
2.669347760927284430e+00
1.936577937277789152e+00
2.712674135297793221e+00
1.977194210374889627e+00
1.720726740984240832e+00
2.207549252387965844e+00
2.634636144416790060e+00
2.130864336500895906e+00
2.774860377295623959e+00
2.294620342008840019e+00
2.540241477671552062e+00
2.351188105879346235e+00
2.632531872239659787e+00
2.686731673497326778e+00
1.856170220133482873e+00
2.425451374647964453e+00
2.305817254477072087e+00
2.609460880646711445e+00
2.248484221800171490e+00
1.975897586835697606e+00
2.252976445825818352e+00
2.511014220567989952e+00
2.217384869628824973e+00
2.418645554615754811e+00
2.283223656883286878e+00
2.472320438291972344e+00
2.382828343546588457e+00
2.368787593443535400e+00
2.583961211835679173e+00
2.561832667973412470e+00
2.578027069772486524e+00
2.512845012964999736e+00
2.019068755870461196e+00
1.989776535388824596e+00
2.228004727296975851e+00
2.568882834272087301e+00
2.597052631772570841e+00
2.007833740980927484e+00
2.730103037821737466e+00
2.446121484821010661e+00
2.258303838217295745e+00
2.933359213323466719e+00
2.596807988715607696e+00
2.766832619207362676e+00
1.858589085721026990e+00
2.068118647711556513e+00
2.593998158345621974e+00
2.194222906840828990e+00
2.586005540647264844e+00
2.653467716944111654e+00
1.966892600713028516e+00
2.032384694371283551e+00
2.911046463079907998e+00
2.803669355926736273e+00
2.614872447766953822e+00
2.340274243047237412e+00
2.404404082751694816e+00
2.167022823140937859e+00
2.206064536631621387e+00
2.295548635763341672e+00
2.510282471423816997e+00
2.708018192876478381e+00
2.424579308044020554e+00
2.105155717297285012e+00
2.415199144252484942e+00
2.242588388040957170e+00
2.356696912160762380e+00
2.710119886308402393e+00
2.354417814544855325e+00
2.520388409344991310e+00
2.413658999417864770e+00
2.476981486460904325e+00
2.622457756671303208e+00
2.039927178454099099e+00
1.745807070379451487e+00
2.777583448999219939e+00
2.513700782293508684e+00
2.217001278988120383e+00
2.837609183093205978e+00
2.382270727024920820e+00
2.106645821184759626e+00
2.220629983326197987e+00
2.495754055963413265e+00
2.188935996515276372e+00
2.489276892570734034e+00
2.000803752249789014e+00
2.709120060811453179e+00
1.928872811390653697e+00
2.741908070811813758e+00
2.268773735882319453e+00
2.402272373643200787e+00
2.436435498559854196e+00
2.607321180087998069e+00
2.500207402448546556e+00
2.433930014814815745e+00
2.378714105856786443e+00
2.127440668723540540e+00
2.910245048975949711e+00
2.081779993923081662e+00
2.209906064931292047e+00
2.640833700663354655e+00
2.774870893513811776e+00
2.017855723227061304e+00
2.156742914170737713e+00
2.580679925708550648e+00
2.197399238864925053e+00
2.083231576784294603e+00
2.767946253592512562e+00
2.097180139282982303e+00
2.164195113791590241e+00
2.372929678781459550e+00
1.974944812437783970e+00
1.996795339864290142e+00
2.803452020621987284e+00
2.470383340986698428e+00
2.440493942805564309e+00
2.228337381549935436e+00
2.451994282581209994e+00
2.016190672178248100e+00
1.911201346726262962e+00
2.193822055203014543e+00
2.402102371895991073e+00
2.494655423257842397e+00
2.315908831652060407e+00
1.924559833033706813e+00
2.286705653242679048e+00
2.577674996430280974e+00
2.172746264938537841e+00
2.516395603368827949e+00
1.904942428265427257e+00
2.956731171745121234e+00
2.559566078703911174e+00
2.513940191850110750e+00
2.698259487520445088e+00
2.252975561613916433e+00
2.480416487129149417e+00
2.326408175147522073e+00
2.094402725080618310e+00
2.744117281382566720e+00
2.421033465267873108e+00
1.894756363156023138e+00
1.906006406016814703e+00
2.306397250244983432e+00
1.858199978774500716e+00
2.039382543208983378e+00
2.749310208804327971e+00
1.708419195718689387e+00
2.725931481478983009e+00
2.492384022168709912e+00
2.716861856421155519e+00
2.447209931680703665e+00
2.730914433714735967e+00
2.851646857398771218e+00
2.440256769183727581e+00
2.642549927288577294e+00
2.434082351834723212e+00
2.127674164010262103e+00
2.786705540020236960e+00
2.079854811186387487e+00
2.628409527030731940e+00
2.414016346785336165e+00
2.345482074875608447e+00
2.177356058075453848e+00
2.879888917417053218e+00
2.769746498077914065e+00
2.140117808942000543e+00
2.505958032056968321e+00
2.546296270720815436e+00
2.428798708563550512e+00
2.241382465478562569e+00
2.303709197742502823e+00
2.713336763314972533e+00
2.791846509461286541e+00
2.312395965507299422e+00
1.979434500258848262e+00
2.598423479583960027e+00
2.081067184292816119e+00
1.968629766661577740e+00
2.013248661903296099e+00
2.273517792389004644e+00
2.367481700527846122e+00
2.893215777440873548e+00
2.131569668060095957e+00
2.374651048323418667e+00
2.163248452157457091e+00
2.037563287379948740e+00
2.178247077852806246e+00
2.530022784956778459e+00
2.124264582297328730e+00
2.086610257528287438e+00
2.194935180679527864e+00
2.653546294479829371e+00
2.895813125289274481e+00
2.574657419197998287e+00
2.107657588494935119e+00
2.451808944787625233e+00
2.635438111173497244e+00
2.074082762682349923e+00
2.633528756210357091e+00
2.588767518603587003e+00
2.107209608749593066e+00
1.939629792656466289e+00
2.136245103414269764e+00
2.537150448359390520e+00
2.172495966260451716e+00
2.247679403211408911e+00
1.832462068481581330e+00
2.467503621948679893e+00
2.311462990392263439e+00
2.260833154623110186e+00
2.161604083776592411e+00
1.946336505242538983e+00
2.072436346802951412e+00
2.790359931949373706e+00
2.381736018968626745e+00
2.461278597255182721e+00
2.690600169242014505e+00
2.534799213284033126e+00
2.551592267844497997e+00
2.110536180982481191e+00
2.360429647283050159e+00
2.284090194323445289e+00
2.606334248941683196e+00
2.548026087014500174e+00
1.970910999693208154e+00
1.924178103738050982e+00
2.008593634618494939e+00
2.360311399328769433e+00
2.657481717467327531e+00
1.910326917286623960e+00
2.695240252348222842e+00
1.799012287003140642e+00
2.763063480955487705e+00
2.177220842306580195e+00
1.829127955387191751e+00
2.199881942625486975e+00
2.240768323739097845e+00
2.234236773548841981e+00
2.416939776276893159e+00
1.676151597033603613e+00
2.273802030714547229e+00
2.676056955620834898e+00
2.113621589601166750e+00
2.316958577552861165e+00
2.731979881470034677e+00
2.216634015624314280e+00
1.824699229660904365e+00
2.638132337381498438e+00
2.464594828411779126e+00
2.385306323576902532e+00
2.237217684622521574e+00
2.087624365664386250e+00
2.546563392537035675e+00
2.379356108658223334e+00
2.648085475296252156e+00
2.195009871903332410e+00
1.768016945710210397e+00
2.408388584975566182e+00
2.540556868815464497e+00
2.513647865833301687e+00
2.711433669914804945e+00
2.207083163586898600e+00
2.695559352232754780e+00
1.937606705790706041e+00
2.511914770552741150e+00
2.343029493743556735e+00
2.976510341879109234e+00
2.450584205857455178e+00
2.472871532535534378e+00
2.148355152907004850e+00
1.866362278964143417e+00
2.307315031205324107e+00
2.767201417041346367e+00
2.604746045171483004e+00
2.535113404268293458e+00
2.009400408407247873e+00
2.358847800162663599e+00
1.981709071816381451e+00
2.357513752168373333e+00
2.118723307919178289e+00
2.167304051700129186e+00
2.702094934397069714e+00
2.087334492326608171e+00
2.164387533622876170e+00
2.455386130745393469e+00
2.896396725968923835e+00
2.283523833268606307e+00
1.665715873145464432e+00
2.280896215945200201e+00
2.576301086839181131e+00
2.314452655115239565e+00
2.437114269091364083e+00
2.844735503571031110e+00
2.655242278881975615e+00
2.096342541983320373e+00
2.047261776614274886e+00
2.402822109789613858e+00
2.690859038259031610e+00
2.525440570790534522e+00
2.831651621976257527e+00
1.937911339456839466e+00
2.387563458214124523e+00
2.689429834891137627e+00
2.452233933940140442e+00
2.031050462784957045e+00
2.107244784730466947e+00
2.686737118746346464e+00
2.105665345156822355e+00
2.215252462080110174e+00
2.426763250092077939e+00
1.794003867787357764e+00
2.475813354819153211e+00
2.441355566837120072e+00
2.543712843804569967e+00
2.328420144272295822e+00
2.630434545768757015e+00
1.791979106369542052e+00
2.610236989885397207e+00
2.435650595338212820e+00
1.792168431636051995e+00
2.578844393561760207e+00
2.273218483874398288e+00
2.246850747018981576e+00
1.930897678424768227e+00
2.022630099729282982e+00
2.366220416951259065e+00
2.576361977602042330e+00
2.201820446523377051e+00
2.031697726818872507e+00
2.297042372655888620e+00
2.188550906809130225e+00
1.839803879107082984e+00
2.497746818327502005e+00
2.432171757310007454e+00
2.245020972509733426e+00
2.413742621989738879e+00
2.243768748737429597e+00
2.579555533839888781e+00
2.091886195961959238e+00
2.450732275798945814e+00
1.984251183437559574e+00
2.153541713639721245e+00
2.188993564429118965e+00
2.339462846665450790e+00
2.760429518529897486e+00
2.621795420089423789e+00
2.056919534785606629e+00
2.188618737632194389e+00
2.282023176724047531e+00
2.337473587046646095e+00
2.425332684204671629e+00
2.143662371394719379e+00
2.362775392911418582e+00
2.491889897503289486e+00
2.194822753700451656e+00
2.110488686026880778e+00
2.626581881757274584e+00
2.481574948348067799e+00
2.105342930451419292e+00
2.760028054586454171e+00
2.723783247187528289e+00
2.411561277704368678e+00
2.073691421348516251e+00
2.780903096496668336e+00
2.023754513641721431e+00
1.936342338140667030e+00
2.422180960135012384e+00
2.895834309655650252e+00
2.641891438972353789e+00
2.335980104543302183e+00
2.690597239385857264e+00
2.492024264908537567e+00
2.513287567495115837e+00
2.207521485933173544e+00
2.453662050898365088e+00
2.458069566870435985e+00
2.341741250774097338e+00
2.843918379883798142e+00
2.915002401748992167e+00
2.707914101132603335e+00
2.860136971516871629e+00
2.858931645829101420e+00
2.756249669699649907e+00
2.189492919155100470e+00
2.325374006910488234e+00
2.106413443758683446e+00
1.735782283348351385e+00
2.513612943340278960e+00
1.849271085769294221e+00
2.519224638995046561e+00
2.737852370501268506e+00
2.107360864950045709e+00
2.009717180570917527e+00
2.789937778435358950e+00
2.204400270594458533e+00
2.067420187897845540e+00
1.670787525399631601e+00
2.112198921740667590e+00
2.409359580389395461e+00
2.853814699883739259e+00
2.422009414978627539e+00
1.670079008852192404e+00
2.661402524436856432e+00
2.107759518217799499e+00
2.192825491319656539e+00
1.896997637264347558e+00
2.172996483262201295e+00
2.055968225127442484e+00
2.732389418597774178e+00
1.963632241497353270e+00
2.387724048874895644e+00
2.448966716708720792e+00
2.811550824998747089e+00
2.592107893959014309e+00
2.663063442650539070e+00
2.301793629784377071e+00
2.602640134077709444e+00
2.535700664675716087e+00
2.468841269102578728e+00
2.243270707929430952e+00
1.613035013390241135e+00
2.821070981597814775e+00
2.860322147077851707e+00
2.473719891049620756e+00
2.210654440610205107e+00
2.745303634437296747e+00
2.274262235159613788e+00
2.150689978175742478e+00
1.999715581867205216e+00
2.188810196279100229e+00
2.880047493597344577e+00
2.287459009652951458e+00
2.452464996877956160e+00
2.178790721823123722e+00
2.202728071905823981e+00
2.812675622745298032e+00
2.750234816796522264e+00
2.908073714375837504e+00
2.068688081843657045e+00
2.663766489734463505e+00
2.852096167943153127e+00
1.945623005965896768e+00
2.052514182703603751e+00
2.290782793727418110e+00
2.193252347839598215e+00
2.015937906316197292e+00
1.965486371462789705e+00
2.177576011767027531e+00
2.708101579998873465e+00
1.795791709370761824e+00
2.741872182322619089e+00
2.367994124793179722e+00
2.612389450275893310e+00
2.564008748395699477e+00
2.538494804701747931e+00
2.328961980159877321e+00
2.391289776008723500e+00
2.371956866894997518e+00
2.566803754947951433e+00
2.554684461071711876e+00
2.639074203593791967e+00
1.828374777720501498e+00
2.309259075974773090e+00
1.987962979922807571e+00
2.803073173017879505e+00
2.572089292862397958e+00
2.550928910969817665e+00
2.527395798696531859e+00
2.418471487363320183e+00
2.480076098551163177e+00
2.653595618654025490e+00
2.382769023022299759e+00
1.962533348369129627e+00
1.740706845969850924e+00
2.740628586897987606e+00
1.948980605681840172e+00
2.509788103348900012e+00
2.603229738765585832e+00
2.210706899288966021e+00
1.802048539618197109e+00
2.537154531779916677e+00
2.897193970724178058e+00
1.746982642506085037e+00
2.594521011102691510e+00
2.027580531371010242e+00
2.242737649357093410e+00
2.735500802861721148e+00
2.212533964857414492e+00
2.292220136416093013e+00
2.404222054372842532e+00
1.984969713474095565e+00
2.431391368246646589e+00
2.557015529129063935e+00
1.822238771614409947e+00
2.238536491465115130e+00
2.362155418370460502e+00
2.292568884763549697e+00
2.147699209574402524e+00
2.128577907878337783e+00
2.538144259800867886e+00
1.935569004052062780e+00
2.264119307209489840e+00
2.174994889702133172e+00
2.524279264774142106e+00
2.416819643475253798e+00
2.401935088105973115e+00
2.604767073050648918e+00
2.987123052012588431e+00
2.543681798759656942e+00
2.758755979075392162e+00
1.703697150186368470e+00
1.819898201368601587e+00
1.972983266411100445e+00
2.508826709650251008e+00
2.863763379441974788e+00
1.979745099955790844e+00
2.703297750194307625e+00
2.403518148140076693e+00
2.185911187751097273e+00
2.212120894656893100e+00
2.068856523510624434e+00
1.984139482313126202e+00
2.262244848391743446e+00
1.716761232773156287e+00
1.754900908231842305e+00
1.723720977027766166e+00
2.644244882291885812e+00
2.173178130403027986e+00
2.456629079618110723e+00
2.750554694983716519e+00
2.536930241545571008e+00
2.165467283679798349e+00
1.772252193900953898e+00
2.436680074316273092e+00
2.443129074616241070e+00
2.320411791326795203e+00
1.817527449260641248e+00
2.264154160462040544e+00
2.076571783212243449e+00
2.534474209011691848e+00
2.035236240233784688e+00
2.136899846629493283e+00
2.827989167752659849e+00
2.624879366436523309e+00
2.311528330873304782e+00
1.961224165564034339e+00
2.269919618210470169e+00
2.644228524544262271e+00
2.717570761989166694e+00
2.169230823680293518e+00
2.324521463534209520e+00
1.894848594079650450e+00
2.370497781149397909e+00
2.268792943799427420e+00
2.519563771984292266e+00
2.493264276670374535e+00
1.765248347431595644e+00
2.438603309208032144e+00
2.214913268806337321e+00
2.446314444285384582e+00
2.711248004846337434e+00
2.461946384295243817e+00
2.106907565615786293e+00
2.377662970379949225e+00
2.547070209495993609e+00
1.976953180394886767e+00
2.465121373744213695e+00
2.475910742804620313e+00
2.490126882047529744e+00
2.467196309049008551e+00
2.429015689906097286e+00
2.409050781682429587e+00
1.862630444461552015e+00
2.289300184018116635e+00
1.638746292257919457e+00
2.465662702066897527e+00
2.318480468922817117e+00
2.431813986886739887e+00
1.885999918562987432e+00
2.576575654906495760e+00
2.432183972350500767e+00
1.878659069515080882e+00
2.739932619599039221e+00
2.433295030244023938e+00
2.717326970071546555e+00
2.165083280558282475e+00
2.656263825698153003e+00
1.909026298915581288e+00
2.638830113328022531e+00
2.801010993746064770e+00
2.085675427848572738e+00
2.441707873380380533e+00
2.578784002155649624e+00
2.212943469601714508e+00
2.273848393168685256e+00
2.018330764047965964e+00
1.902771797420589106e+00
1.909787472870521530e+00
2.328805854700266131e+00
2.623361113562684643e+00
2.144331036438803295e+00
2.474310627807386087e+00
1.958690769894634753e+00
2.701077289836537609e+00
2.897982864999542052e+00
2.283689370514789818e+00
2.219769966035388453e+00
2.278797845404260780e+00
1.866522086924234713e+00
1.896222595708655589e+00
2.645207499423721575e+00
2.346783898594632767e+00
2.257838499468656224e+00
1.945467694272954073e+00
2.486618291794090663e+00
2.325902504287218342e+00
2.107732855395787475e+00
2.417721919664256980e+00
1.917538869446370642e+00
2.213895589605867187e+00
2.374201619245594141e+00
1.980049772801773189e+00
2.305865341145263425e+00
2.172196766638142762e+00
2.136034581945802646e+00
2.597584614596921249e+00
2.457384667591438809e+00
1.974811583346809174e+00
2.433438318778272880e+00
2.625463941209375207e+00
2.238053707040161822e+00
1.594726529514381985e+00
1.627576597780345358e+00
2.266712597595592182e+00
2.347546932167705602e+00
1.876520323851643246e+00
2.500103631201736398e+00
2.128333020552066746e+00
2.529878362445396434e+00
2.445777420353542286e+00
2.777747935644622856e+00
2.366995710237722594e+00
2.446998708070965201e+00
2.851852387684458812e+00
2.435686476490907193e+00
2.228883869264812301e+00
2.450310358539927069e+00
1.989375202083927707e+00
2.659121808913540885e+00
2.638587524290672004e+00
1.983197832902669600e+00
2.170521760473906880e+00
2.664159439758906345e+00
2.525813315376944868e+00
2.079161441629660878e+00
2.578587756628123451e+00
2.322934839199559676e+00
2.766374832007675977e+00
2.796690915238083885e+00
2.191580776837505073e+00
2.364039061642714046e+00
2.669574008791414599e+00
2.189531931692513922e+00
2.456289922167346429e+00
2.581327197484701852e+00
2.644005425285803845e+00
2.447151705789344156e+00
1.931284017250564755e+00
2.583932071463058922e+00
2.722566723337906502e+00
2.678479869375384848e+00
2.407256954399010329e+00
2.676439375101485219e+00
2.251838933960567335e+00
2.033145324327094716e+00
2.684041421590753984e+00
2.401643713039435912e+00
1.907489222934015460e+00
2.384165926190005003e+00
1.943853634139442343e+00
2.497900097907607808e+00
2.657700712328175285e+00
2.864323315388346280e+00
2.546199283217780440e+00
2.843483756743740987e+00
2.117832313546583300e+00
2.236072928062738274e+00
2.359010787880465365e+00
2.404719809403868425e+00
2.226960594621377520e+00
2.532986173938294616e+00
1.878073457884163577e+00
2.250497299803904561e+00
2.094255504985124361e+00
2.291396864879993167e+00
2.645010045736982729e+00
1.729736796543068778e+00
2.321661586713019698e+00
2.767134876809145716e+00
2.396196636404487101e+00
2.509927607768595692e+00
2.236984755380978296e+00
1.684511548325554831e+00
1.986368017848010092e+00
2.607615573612066751e+00
2.643676020183424846e+00
2.377430451396747024e+00
2.695721189473875956e+00
2.411658161255298971e+00
2.040255706338307107e+00
2.467792204373166598e+00
2.584935306801930732e+00
2.403363553979247502e+00
2.247069744391520629e+00
2.105284195598128072e+00
2.236361305458792526e+00
2.637156992162071667e+00
2.200302105840803435e+00
2.432871604307990321e+00
2.027396660486033841e+00
2.701505873288324366e+00
2.396022925043122864e+00
2.341034016564393028e+00
2.395616442460558382e+00
2.157898719237219431e+00
2.553054085356309066e+00
1.923559946995620829e+00
2.842032892166355129e+00
2.180236114710669693e+00
2.709328308613716541e+00
2.457411037205619042e+00
2.868333814115494818e+00
2.382366824395966809e+00
2.683137950435630081e+00
2.278965617386019549e+00
2.221524000151177347e+00
1.959296763514012163e+00
2.501521659693096922e+00
2.878553839690885852e+00
2.500949130207475335e+00
2.882212520180207793e+00
2.209509703450280416e+00
2.195925560834917967e+00
2.398479360001400273e+00
3.000305391783733455e+00
2.195454626708396084e+00
2.955885328446760774e+00
1.923898865273923509e+00
2.327482078285290523e+00
2.976172410087215336e+00
2.534841475626652851e+00
2.107556707306041055e+00
2.583610392671259248e+00
2.347831095390636058e+00
2.505248180678103509e+00
2.050976022116601349e+00
2.536453200962633936e+00
1.959597177671391854e+00
2.232452468411099566e+00
2.361185425999036802e+00
2.823195638423150911e+00
2.247792864970731941e+00
3.055730619970518092e+00
2.520810114766981691e+00
2.347889487642243367e+00
2.278596730972027640e+00
1.673578882491059128e+00
2.137775118013234721e+00
2.848551322575189282e+00
2.310180001814536865e+00
2.137822831896861508e+00
2.031387137066290371e+00
2.422232319606047568e+00
2.477787578233220156e+00
2.657408024610692809e+00
2.495857462089360546e+00
2.552097466371338719e+00
2.857937762186312014e+00
2.359484483280930078e+00
2.547021882400305248e+00
2.182093011499373070e+00
1.869881618962586423e+00
2.923084112498982812e+00
2.465261064663385682e+00
2.765920697520240168e+00
2.879425108350039508e+00
2.595913994081347376e+00
2.751286831351021256e+00
2.384098966186475099e+00
2.376534870832553992e+00
2.660335371441234997e+00
1.723230308446638048e+00
2.264741953651507878e+00
2.584920560167034864e+00
1.735613884221453462e+00
2.367582091856184512e+00
2.672355759607433878e+00
2.584653554959786437e+00
2.539490220820650013e+00
2.295598597414384656e+00
2.863881203500228345e+00
2.725396527521852352e+00
2.599911853383280125e+00
1.873374840948066167e+00
1.740474600528514992e+00
2.365285339306239631e+00
2.418019147482754150e+00
2.106834694382569317e+00
2.368252300040018188e+00
2.375896226865508165e+00
2.294116477993635606e+00
2.732248989929581651e+00
2.678992483083350695e+00
1.884237855924638882e+00
2.746046362849928091e+00
2.353057806626498660e+00
2.524909541656589429e+00
2.853637347525192158e+00
2.824645553251261099e+00
2.163116541435946782e+00
2.006581004844035565e+00
2.187586451753372074e+00
2.550337817638328453e+00
2.306639797808315961e+00
1.993459371726559182e+00
2.801799137240655213e+00
2.045796731489730291e+00
2.355054780906616241e+00
2.678639550977738537e+00
2.388137089262909907e+00
2.349343429269002304e+00
1.935673748425715601e+00
2.763837860681878311e+00
1.826483348146186625e+00
2.116711271505664183e+00
2.638089135518590922e+00
1.900582147546328704e+00
2.656363102984824920e+00
2.663846901170004777e+00
2.079450459473397572e+00
2.097671701145062073e+00
2.196583896645261991e+00
1.740951995890925641e+00
1.984714487867135890e+00
2.684131374531717906e+00
2.519778850635670864e+00
2.368457874060442059e+00
2.126876027703110239e+00
2.093441080008347832e+00
2.288358303236476932e+00
2.368513308444851528e+00
2.390323251204016675e+00
2.373348438218603640e+00
2.132702565606858336e+00
2.670020469053093315e+00
2.474099185815416213e+00
2.728352434661323489e+00
2.289960150774541958e+00
2.024080045867524547e+00
2.306540798406702120e+00
2.163490248778346281e+00
2.622547765999054814e+00
2.667565412095361133e+00
2.195020162551492682e+00
2.363943131128287689e+00
2.051577986598013048e+00
2.948491766449465423e+00
2.768482792807803960e+00
2.274444294860829885e+00
3.046602804571631129e+00
2.049947894036702412e+00
1.979673928130872174e+00
1.736361108607709758e+00
2.419301919414242885e+00
2.219921715634935566e+00
2.624131499780363974e+00
2.424981927673820703e+00
2.768764453833348238e+00
2.141202274505006109e+00
2.154549312552737295e+00
2.101406656759777114e+00
2.792209596937924587e+00
2.843885673207804388e+00
2.249233811350628276e+00
2.123516841287857559e+00
2.657087522516624389e+00
2.540463431862238775e+00
2.744504916090118041e+00
2.487856844552508662e+00
2.624635928393175721e+00
2.542046952228021350e+00
2.187502660519771602e+00
2.149420267449529742e+00
2.253890179359981261e+00
2.333127033898189318e+00
2.350403546829545665e+00
2.236030611301594195e+00
2.215191860518372913e+00
2.869642958176919834e+00
2.462883023638263946e+00
2.553775578430282245e+00
2.548490147329262712e+00
1.993127620360596985e+00
2.348666640958765317e+00
2.437677883122575828e+00
2.461138186133084549e+00
2.390658617885765391e+00
2.063674742104067761e+00
2.181595907547467128e+00
2.902026625579709584e+00
2.056831255661051294e+00
2.631843082800072064e+00
2.497714900925904313e+00
1.857543138292050200e+00
2.505812550701890906e+00
2.408197997195479445e+00
1.979506336049995152e+00
2.456202872318923980e+00
2.002027392136711104e+00
2.466236095087736668e+00
2.414400645614097840e+00
2.592770068836354191e+00
2.187431612418437865e+00
2.329922113221048363e+00
2.613616032850429427e+00
2.580521878275570558e+00
2.096317127463542818e+00
2.409563433019864753e+00
2.786935107611321349e+00
2.089206287064581780e+00
2.130057002626178253e+00
2.220034672109119533e+00
2.051921927001930435e+00
2.344718120681916318e+00
2.290695896380846808e+00
1.889008765496567932e+00
2.421594758089599786e+00
2.577292450291853054e+00
2.077817637996536959e+00
2.344899545691988330e+00
2.459298605214610411e+00
2.192752472032118760e+00
1.936488368853760855e+00
2.558518620280577860e+00
2.822574908193221432e+00
1.723339443158408812e+00
2.397377457667809963e+00
2.587976289117717155e+00
3.059141290778351063e+00
2.549294399754301832e+00
2.481882962101179313e+00
1.892979956833652055e+00
2.466148835594914157e+00
2.412204646408732778e+00
2.563514980510429364e+00
2.062173993209104772e+00
2.102082112204346043e+00
2.617769885490766946e+00
2.396800203127573692e+00
2.498498139729085743e+00
1.889658014230302108e+00
2.793742711201911533e+00
2.078855025311567850e+00
2.565555757073389120e+00
2.616114830450457784e+00
2.095943233213357626e+00
2.463127344802987118e+00
2.495644921577551578e+00
1.969991922185036826e+00
2.228531006405618520e+00
1.987912993757734670e+00
2.586195121229343030e+00
2.145141466408798436e+00
2.228646001153133049e+00
2.557977722033552226e+00
2.293679287636622988e+00
2.232711853486009534e+00
2.709374575646066319e+00
1.948441613053613963e+00
2.220541594128020435e+00
2.568807245315506194e+00
2.037518061150222159e+00
2.357061092804663360e+00
2.713890935708576091e+00
2.105064277849575838e+00
2.189233280328762188e+00
2.928657921913406792e+00
2.606829222415254055e+00
1.989197112379814003e+00
1.968963067659525557e+00
2.303027365752400080e+00
2.288579372629681252e+00
2.731330711716998039e+00
2.334969045847653746e+00
2.478927531288009689e+00
2.255487028559849172e+00
2.691596672586502148e+00
2.728424081071062712e+00
2.014459719394869452e+00
1.995531087371561041e+00
2.010969769372635607e+00
2.560298661011076504e+00
2.636977705766668123e+00
2.361374316606704049e+00
2.640835915915388021e+00
2.327952600624083601e+00
1.966873398809469320e+00
2.612170697231298355e+00
2.168758103736541099e+00
2.076780263639960822e+00
2.621731008659619278e+00
2.205391811247462641e+00
2.763184530135821770e+00
1.998889719169200552e+00
2.225026973266960972e+00
2.106787907800033111e+00
2.633879726797979437e+00
2.488695017081787419e+00
2.101303972542390319e+00
2.414175725364124503e+00
2.379966711876979613e+00
2.325969336446284341e+00
1.833735164939345852e+00
2.415078908849484840e+00
2.088198430280861828e+00
2.313149739437840857e+00
2.163136860709021114e+00
2.557993061103984722e+00
2.132757458488669933e+00
2.459067874552635757e+00
1.864964814404629356e+00
2.364187498408538257e+00
2.455666200654434306e+00
2.357518567419936151e+00
2.563293617458905604e+00
2.600201260039333384e+00
2.351184321052084414e+00
2.349879241274393848e+00
1.922186634261203286e+00
2.322699480224974522e+00
2.863408771641998030e+00
2.217061407503575943e+00
2.418210870789272882e+00
2.451992115793239169e+00
1.640954961422530500e+00
2.649158474454317069e+00
2.490915055359805841e+00
2.358979885501870211e+00
2.349831210956156546e+00
2.197804417999740689e+00
2.322397594359379980e+00
2.340989071908371244e+00
2.673693980717536167e+00
2.745137037230925170e+00
2.689890804572297345e+00
2.782679998505257934e+00
2.120747933569763433e+00
2.802005212110491694e+00
2.825778955784437940e+00
2.727999307476696167e+00
2.534542687815704909e+00
2.360455806170703941e+00
2.541097696598317857e+00
2.206897832922053215e+00
2.158911133898149259e+00
2.102797132996268914e+00
2.581061624089187490e+00
2.378499027983985492e+00
2.243539040395206019e+00
2.581167492916653039e+00
1.874731322770114783e+00
2.351871039664302110e+00
2.399279599061074908e+00
2.839559145103162763e+00
2.477916434148563773e+00
2.552425770400899907e+00
2.544634925764499567e+00
2.583072397948143362e+00
2.646450666730799206e+00
2.643454841594789606e+00
2.718416988145903268e+00
2.562888657323533881e+00
2.125920450882265111e+00
1.995844580260790924e+00
2.597707372988274699e+00
2.385928280911969512e+00
1.780039275557061096e+00
2.108904791733399620e+00
2.138844883823392440e+00
2.515398404789996434e+00
2.204439946935550676e+00
2.130973259325352309e+00
2.331711304301171683e+00
1.813965266414939714e+00
2.618246886338329027e+00
2.351637255175795360e+00
2.297040906233884794e+00
1.593867104256370126e+00
2.304321646298335136e+00
2.346323862541465743e+00
2.243506381868967559e+00
2.130402349629769709e+00
2.551346947298671175e+00
2.007696485497565408e+00
2.024909888678437131e+00
2.181878789008015573e+00
2.321470378811459234e+00
2.843929366803704006e+00
1.982221414123247261e+00
2.885776235821884139e+00
1.927157190089162420e+00
2.838763036013359997e+00
2.266706314122735044e+00
2.270558541957178988e+00
2.459177635682659346e+00
2.226440475618211234e+00
2.463755285400845985e+00
2.880922460257636875e+00
2.275009867205498804e+00
2.416326828522804782e+00
2.682809106262092236e+00
2.545479432893255289e+00
1.884313135420116136e+00
2.583851347946044541e+00
2.617871449426788288e+00
2.024081373437695675e+00
2.343404193856024609e+00
2.441733131751328223e+00
2.682319850721885945e+00
2.759507941474228954e+00
2.331561074935508682e+00
2.312776402842427803e+00
1.664188967814445252e+00
2.512050985064004927e+00
2.458944210000175712e+00
2.592820332393315663e+00
2.785352189329484141e+00
2.759976577131836084e+00
2.390097166170069176e+00
2.048092269570659596e+00
2.104316192440044642e+00
1.940178135606078547e+00
2.224514869397667294e+00
2.682132118261622900e+00
2.622366977444595015e+00
2.842278202013863719e+00
2.190909229297070215e+00
2.241062618636118220e+00
2.564064445019158089e+00
2.785045463849936453e+00
2.370486306915703167e+00
2.267653504061873271e+00
2.612070601185611629e+00
1.828625697972575237e+00
2.814907285628128530e+00
2.374984441069720731e+00
2.419405062231035686e+00
2.677865108591307219e+00
2.425117976417292098e+00
2.265728239811958034e+00
2.479786215855078524e+00
2.968087184923450472e+00
1.923430974851267683e+00
2.369293056974969502e+00
2.663689526190765378e+00
1.868067880583011986e+00
1.754991744325077319e+00
2.543124135705133959e+00
2.308001561412654112e+00
2.956767660595233771e+00
2.312550795635000878e+00
2.923569327218921376e+00
2.302953494483061192e+00
2.574552519404425865e+00
2.440424803162679179e+00
1.976151222114976624e+00
2.674139478544999893e+00
2.727878554925322163e+00
2.626859004988364887e+00
2.713409824061365327e+00
2.346143046653973219e+00
2.145600324357850752e+00
2.205455364848922351e+00
2.395614311864607160e+00
2.098786700884980316e+00
2.329192671895608413e+00
2.651387911879307335e+00
2.215012589849308711e+00
1.960466457032581600e+00
2.503747801776073256e+00
2.059574743493140403e+00
2.257127656583656439e+00
2.808701360332623853e+00
2.145299817234029849e+00
1.858168656024074883e+00
2.257380748919030289e+00
2.893553452710404095e+00
2.584535003870910952e+00
2.524621358994813658e+00
1.807815297824564738e+00
1.960993891829458047e+00
2.115227039791825803e+00
2.353304312122669550e+00
2.618661995188030112e+00
2.090933080188747795e+00
2.460483249100906988e+00
2.306096937835701244e+00
2.405140084203061690e+00
2.651137386173800792e+00
2.344684596076704430e+00
2.197389906601073584e+00
2.575109427796202333e+00
2.321085647046217115e+00
2.481695043231646469e+00
2.506070309218983994e+00
2.066405606205230949e+00
1.833390652579534930e+00
2.447799244605254998e+00
2.028003964143125781e+00
1.925112733649279262e+00
2.625393597886255925e+00
2.133203046589220886e+00
2.282269706982601232e+00
2.385628514305892622e+00
2.592715347884480437e+00
2.240526221775675175e+00
1.828312971259223874e+00
2.705943794989149165e+00
2.492287420180620217e+00
2.179650702976315912e+00
2.745962139952532688e+00
2.071314114343382418e+00
2.342843929536823300e+00
2.422494685538734593e+00
2.730790432078925800e+00
2.402918160803193093e+00
1.622334533646685895e+00
2.630792341475807206e+00
1.801508168498963114e+00
1.974561844876560279e+00
2.432104340240806462e+00
2.043141269122572545e+00
2.570731859080977344e+00
2.575967375334864862e+00
2.536622172317360313e+00
1.994524084109711159e+00
2.316451780115635017e+00
2.315522370123622053e+00
2.796264616395970570e+00
2.534970732624498346e+00
2.281893281416863761e+00
2.670778622906677224e+00
2.425700402116553356e+00
2.025335569628802013e+00
2.741941418985606838e+00
2.185836630955511062e+00
2.018183314397859363e+00
1.866879514068032986e+00
2.029287046063388722e+00
2.944937083705375880e+00
2.670176295013285461e+00
2.348010159959017518e+00
2.784343570727595196e+00
2.149530773017306551e+00
2.243610392838347067e+00
2.284701639821320018e+00
2.238496492379888014e+00
2.254770136836756755e+00
2.855354907815844001e+00
1.961328388073565687e+00
2.270014744296181775e+00
2.595675680689254694e+00
2.479745877090954398e+00
2.573003699218506579e+00
2.445325197526050154e+00
2.187157797974597528e+00
2.009998315563438442e+00
2.285899387071046007e+00
2.467710247036053239e+00
2.305517691489534116e+00
2.289435953466280260e+00
2.128580432944958467e+00
2.066706225293061472e+00
2.484760822873301134e+00
2.812076788633649738e+00
2.051585088024022951e+00
1.820652139459810082e+00
2.301458667078527753e+00
2.594773049925386044e+00
2.599145386511465539e+00
2.354344937713602981e+00
2.449662444768671676e+00
2.431635779475499248e+00
2.739760925719491702e+00
2.892092038768179663e+00
1.978746959430735641e+00
2.159956532459315959e+00
1.951683342300516877e+00
2.306985028095554835e+00
2.687676831985227999e+00
2.344262114556634913e+00
1.804939053853224840e+00
2.432754279989690627e+00
2.855201378902678222e+00
1.751828475362923632e+00
2.718790758590180712e+00
2.186881396783369791e+00
2.075323528957631503e+00
2.056415371910957468e+00
2.211353368113730511e+00
2.649199853326297927e+00
2.255606155548055103e+00
2.667520082981747809e+00
1.980055128001535714e+00
1.950781012678219239e+00
1.797998676098122361e+00
2.588784271166581608e+00
2.022489696000933090e+00
2.255002074158578118e+00
2.227229174502576292e+00
2.008248981451009385e+00
2.688103268230283227e+00
2.301387313109127142e+00
1.854982130468772361e+00
2.433064099251015744e+00
2.539403065632225065e+00
2.904727155020152995e+00
3.092201452463148925e+00
2.009327399665612468e+00
2.256717663091723836e+00
2.345680093573904834e+00
2.601278710894487034e+00
2.101338684669981305e+00
2.541084420164458013e+00
2.455332009384000092e+00
2.629915110150437219e+00
2.316219096544218203e+00
2.409685643842368830e+00
2.264356554002581401e+00
1.668469560416824038e+00
2.260285586972631933e+00
2.301059337521901060e+00
2.204150975688682124e+00
1.824743638540025081e+00
2.355431555523519016e+00
2.142752573287112661e+00
1.629438404930645179e+00
2.732481864402821703e+00
2.644606365881613463e+00
2.367209641472382220e+00
2.029036866169503295e+00
2.757664356793548155e+00
2.204751638374204070e+00
3.037205083421232743e+00
2.559613061897189290e+00
2.699114905591950997e+00
2.554527227767848796e+00
2.929975463175674921e+00
1.899392317871163138e+00
2.081487178073165190e+00
2.012437216434636689e+00
2.251104641393085526e+00
2.265237087890461520e+00
2.622381630625593818e+00
2.418663183267253824e+00
2.542693245355386544e+00
2.327688100067945243e+00
2.521226383333179832e+00
1.789198619161902259e+00
2.834829699556242755e+00
2.466212994470731168e+00
2.376377403572924152e+00
1.958580485494960000e+00
2.606582611523830195e+00
2.734714506972894199e+00
2.655234831373199267e+00
2.770456156316249974e+00
2.034995012850939755e+00
2.121371446566562291e+00
2.804427306617517157e+00
2.114942167135349660e+00
2.875135717695310511e+00
2.522896004138342807e+00
1.922105716515110752e+00
2.134075880029387307e+00
2.154181825470222300e+00
1.902687228706729794e+00
2.738186115333553161e+00
2.264775216772753286e+00
2.632377507947729178e+00
1.787102958369575001e+00
2.007621514566826804e+00
2.307627552594275766e+00
2.433784046846156013e+00
2.102019245012341386e+00
2.140130735009356577e+00
2.384515622233318588e+00
2.072298378920663708e+00
2.074316575024559128e+00
1.977933892394106552e+00
2.749933575579727840e+00
2.621797820789406597e+00
1.910497546206928687e+00
2.437746217744521715e+00
2.157176556329262862e+00
2.019687288709968165e+00
2.347828779703234225e+00
2.323336075437033355e+00
2.294832561722160769e+00
1.978696902724821571e+00
1.976009614236919232e+00
2.379777558911321478e+00
1.960747059414421845e+00
2.262543451422066809e+00
2.582761994352375634e+00
2.130627704055982008e+00
2.186275714457586616e+00
2.417842080135494509e+00
2.067409745584642078e+00
2.646812631984913011e+00
2.505227889361782090e+00
2.357328978183763191e+00
2.103586847093392720e+00
2.038701232750186332e+00
2.623743687683866899e+00
2.156164782234684107e+00
2.450224497090266240e+00
2.866320816999468502e+00
2.500645049912779694e+00
2.390232982711021137e+00
2.174077470248774624e+00
2.910531100856951880e+00
1.637951017930180830e+00
2.289830603010713617e+00
2.595270931256731917e+00
2.791879134733221246e+00
2.435736517368241039e+00
2.243736754412468670e+00
1.947313401358296892e+00
2.528834947656879883e+00
2.145043515760157060e+00
2.600940138575762450e+00
2.126021496582977122e+00
2.283969848756551180e+00
1.934371342394531013e+00
2.941530971150344786e+00
2.924333332052598600e+00
2.262579464075517244e+00
2.230313735792259333e+00
2.300316184054475688e+00
2.531593808502319742e+00
2.355423047414076709e+00
2.186534776640360889e+00
1.743366491437734922e+00
2.447313981226420410e+00
1.976823343207364525e+00
2.455947953756533408e+00
2.359209520879192556e+00
2.337007962588755206e+00
2.190407985555704595e+00
2.553654514334073866e+00
2.408238558680682040e+00
1.985624936972685495e+00
2.375174202107681154e+00
2.184436653118376093e+00
2.121949478591918847e+00
2.227843016198849391e+00
2.663380095137845682e+00
2.618622970132725936e+00
2.311666422068320070e+00
2.469293528390358983e+00
2.449835608734339587e+00
2.295169483414323697e+00
2.076373670161662410e+00
2.303182071370572626e+00
2.541208986412918591e+00
2.463488191006537598e+00
3.023992617709569952e+00
1.950148688174044631e+00
2.689570469039427536e+00
2.139893645336902850e+00
2.670366783305106573e+00
2.784174225639215905e+00
2.236586505995652452e+00
2.284264646143199684e+00
2.473814383360295910e+00
2.343853290330781824e+00
2.093719643784210493e+00
2.722861467842348837e+00
2.564356505787650953e+00
2.825759044291069166e+00
2.161354534214487533e+00
2.293860347524835586e+00
2.359294675802332542e+00
2.038258630270917138e+00
2.346810030111919687e+00
2.595440186630102453e+00
2.406399710645676038e+00
2.385200269464600620e+00
2.366731308566548453e+00
2.333907008229825664e+00
2.589495257794780514e+00
2.302242399972435738e+00
2.453704712168901292e+00
2.288093311771599581e+00
1.867205541512921174e+00
2.770715266951873534e+00
2.183694803051127842e+00
2.324147284479960440e+00
1.773001963941499337e+00
2.069624706315872587e+00
2.508380271480107115e+00
2.566775617419150723e+00
2.407500314646812356e+00
2.757729663991197455e+00
2.630023483924459615e+00
2.462606640947811787e+00
2.505888258092623389e+00
1.975200532147024735e+00
2.493904100353340425e+00
2.254398209969780797e+00
2.807596115551697302e+00
2.822663825410591798e+00
1.719474709677319746e+00
2.298103828532602311e+00
2.326259431297529989e+00
2.192271490380354848e+00
2.261568010489383163e+00
2.277508697075045330e+00
2.615742657684466455e+00
3.010942023870954998e+00
2.665230911933706537e+00
2.389955447287370305e+00
2.048077256429877924e+00
1.989245725254642938e+00
2.189627947622621029e+00
2.430503743251355875e+00
1.877908387753179476e+00
2.205546790682987535e+00
2.496754480713718749e+00
1.882688202363272723e+00
2.483118388032439672e+00
2.248037527646874256e+00
2.142874111924778280e+00
2.117841796024974244e+00
2.481402340147952579e+00
2.206004935515960774e+00
2.071560794914340420e+00
2.498917107811099658e+00
2.321615490975362572e+00
2.286748801681633303e+00
2.437074666428819203e+00
2.356574920598436762e+00
2.757063495107891615e+00
2.553762809594614769e+00
2.632132207506537203e+00
2.634423240289770707e+00
2.209351641131171107e+00
2.477908050890647029e+00
2.295004679267620418e+00
2.581502688622352437e+00
2.395078399198946162e+00
2.013440631953060667e+00
2.601124534001259203e+00
2.454328944705134852e+00
2.650597380073155929e+00
2.457754946000584528e+00
2.240896434200076115e+00
2.238617338217779640e+00
2.617471720624974019e+00
2.911543999649699010e+00
2.176719264554621613e+00
2.238224919561358384e+00
2.693615511985449462e+00
2.658415615688439981e+00
2.426725616742628766e+00
2.557489020069117380e+00
2.193591474238589356e+00
2.225008689590316280e+00
2.257972054341130352e+00
2.459578112544158923e+00
2.705213469574339946e+00
2.749420889285262071e+00
2.437327436165404038e+00
2.628455529532651269e+00
2.584949144315351166e+00
2.442921995143961134e+00
2.586125313084984167e+00
2.193574721325074695e+00
2.069995627494408907e+00
2.034846453174650627e+00
2.321234511660722255e+00
1.928478278203627827e+00
1.973254263542154163e+00
2.621602599886392770e+00
2.326898820637378851e+00
2.909874726927752953e+00
2.289156470769614149e+00
2.335083616995199840e+00
2.158654925102369670e+00
2.186742315201940290e+00
2.286958999372426860e+00
2.526157471507651575e+00
2.125368722752203787e+00
2.776173092357364869e+00
2.935576947261839376e+00
2.690689465475857300e+00
2.358888481222797484e+00
2.182890301446410497e+00
2.264095834941750152e+00
2.693717678505518354e+00
1.817899291957907781e+00
2.605173198022417758e+00
1.899492809005021821e+00
2.082746643633671901e+00
1.901356863169536338e+00
2.465829897929005643e+00
2.032793159368326386e+00
2.036618488137027505e+00
1.967915792790219998e+00
2.280198043079474157e+00
2.446863062550378665e+00
2.706415743154911180e+00
2.044906749763510057e+00
2.882137799575118287e+00
2.388793982961758378e+00
2.563476810485658230e+00
2.507820961352678513e+00
2.543692531659796252e+00
1.998230866553269314e+00
1.947257439015309455e+00
2.101091381999603769e+00
2.633020667518775948e+00
1.994789611840049881e+00
2.292826266408363178e+00
2.594557900878415424e+00
2.380791563043652914e+00
2.268659389755733446e+00
2.564436900291886978e+00
2.355610705652357861e+00
1.903163454366444407e+00
2.737574707133510366e+00
2.555998669518505295e+00
2.892988179375366897e+00
2.609690962616604271e+00
2.361376079652108828e+00
2.630922204133730791e+00
2.800149338518100883e+00
2.247317825666756974e+00
2.358107608410815015e+00
2.412438305001933792e+00
2.770436583264173969e+00
2.739258422451540387e+00
2.633577681631857015e+00
2.625403912688780039e+00
1.658146911850177485e+00
2.638280429340064348e+00
1.793105093100404890e+00
2.344948891723166007e+00
2.552361926757459543e+00
2.711038999109047332e+00
2.320307014495883724e+00
2.452547907908945390e+00
2.693395427530834052e+00
2.123711869835091193e+00
1.574401323570175260e+00
2.234273246524564271e+00
2.055525125109134876e+00
2.244862811832603278e+00
2.025416488008108917e+00
2.180388673615921480e+00
1.971538660215301553e+00
2.550669328636412381e+00
2.210344113647621178e+00
2.665951146726651011e+00
2.614129472846424829e+00
2.164009731604092046e+00
2.426900433535784440e+00
1.925382334853482202e+00
2.297753171682052287e+00
2.506719160642977062e+00
2.309944586452401083e+00
1.880099788039133912e+00
2.776193607694279475e+00
1.801895378044699125e+00
2.449085165573527068e+00
2.584499097620146735e+00
2.353727450499973450e+00
1.823818360200021083e+00
2.282797839920809757e+00
2.567076506307188755e+00
2.290879976150929309e+00
2.029209828557831941e+00
2.424517965580112566e+00
2.202557632441473512e+00
2.455304955932126276e+00
1.975843081769333764e+00
2.475109229431280422e+00
2.228649771491874709e+00
2.389575537446060771e+00
2.610937515936170072e+00
2.697570435617307361e+00
2.496077251088550053e+00
2.068681821207519977e+00
2.235482908476154496e+00
2.998005666184394347e+00
1.900704622089055551e+00
2.003431550280613482e+00
2.455373727306349174e+00
1.973409063867282542e+00
2.484577551284712360e+00
2.528911629472583744e+00
2.945873722012820384e+00
2.635097287703787927e+00
2.196035285474244869e+00
2.674510861718121468e+00
2.809173313843463138e+00
2.393258002828802411e+00
2.386329225458682757e+00
2.679700773814700732e+00
2.361066688874391417e+00
2.436907586532452097e+00
2.159792677347560197e+00
2.666280108252450098e+00
1.951537332637776956e+00
2.511803798000279642e+00
2.528416015444685527e+00
2.615002451521589499e+00
2.401198117451142533e+00
2.330087461216692635e+00
2.008316860662551662e+00
2.299280989129371289e+00
2.176371512368683980e+00
2.873638818261229577e+00
2.082349789770037152e+00
2.714656358373720213e+00
2.008607339881226750e+00
2.130868950211114221e+00
2.437681590015642108e+00
2.378107503241471576e+00
2.275987499894102761e+00
2.472099818074540600e+00
1.953286647276375021e+00
2.694204243486063355e+00
2.532255026287965727e+00
2.228988539404379132e+00
2.912422339975230923e+00
2.203826644376419175e+00
2.053117536973670276e+00
2.074447709882190960e+00
1.785806089777615346e+00
2.736841002191410688e+00
2.559103567689118286e+00
2.267391204174834307e+00
2.687741125355615601e+00
2.503046357301598412e+00
2.211431791579479444e+00
2.449616660923758182e+00
2.521848751777826969e+00
2.694504784310704615e+00
2.713038198413987523e+00
3.003537688658187488e+00
2.420639477376891335e+00
2.527748129571016911e+00
2.499270977514254533e+00
2.303358403056102066e+00
2.118096902943150006e+00
2.148633931578500356e+00
2.885735282921015443e+00
2.585559275416023262e+00
2.675170370050607538e+00
2.055849214890722365e+00
2.354078242761735051e+00
2.464592934849829664e+00
2.977779328846974494e+00
2.742909461648603386e+00
2.849490946698493232e+00
1.964148649606781927e+00
2.311302196320208946e+00
2.243517823030671376e+00
2.385754196654147563e+00
1.925829401874869840e+00
2.451904021220290719e+00
2.204909741828426473e+00
2.719773396184450132e+00
2.029044370180477230e+00
2.241473561586955654e+00
3.011067646629085104e+00
2.431040280728757885e+00
2.384077564220664858e+00
2.684028875267882253e+00
1.798036736398670232e+00
2.003411199777523244e+00
2.232067092242964179e+00
2.959407053430921142e+00
2.430060588493251572e+00
1.907006205485587413e+00
2.763669516515021574e+00
2.253376381094990499e+00
1.949847249508609215e+00
1.864537272856567007e+00
2.213198984764156663e+00
2.271219568305929304e+00
2.927036809511138760e+00
1.999535474187226214e+00
1.843582975988426353e+00
2.562287727952693661e+00
2.555702200192849993e+00
2.642061145753348939e+00
1.774646307102412779e+00
2.659636959618859375e+00
2.417287268309681547e+00
2.548057785462528813e+00
2.049677297222518568e+00
1.991514505880408237e+00
2.726843507342660899e+00
2.280050360819409150e+00
2.372457639161443588e+00
1.876464637357998066e+00
3.019991170007782610e+00
