2.896746972188593450e+00
2.637412025108128333e+00
1.945427693368650068e+00
2.731832960897106588e+00
2.722423351670128167e+00
2.500773244605655865e+00
2.565680736995878952e+00
2.977985846008981419e+00
2.276201396752433936e+00
2.583469970753796474e+00
2.555300271122976419e+00
2.948813476653072030e+00
2.235857455533702964e+00
2.909312200913212632e+00
2.316627716362323230e+00
2.485199967237726071e+00
2.389039755348423721e+00
2.213580740274703196e+00
2.854630535300323402e+00
3.105546342814297756e+00
2.528665799715974938e+00
2.595627944658168929e+00
2.765280181102606871e+00
2.780734631926934597e+00
1.937248404053768747e+00
2.566909570622128989e+00
2.560727530585479972e+00
2.334220360098919755e+00
2.568094819638463200e+00
2.356053815455421141e+00
2.401064141582775591e+00
2.754951150683765615e+00
2.927309752184500624e+00
2.575123678286125539e+00
2.397944768815206018e+00
2.323073935483626506e+00
2.757228802040375459e+00
3.014937829654212642e+00
2.728205018789026770e+00
2.430718253401142892e+00
2.740938613663348011e+00
2.853458868137640714e+00
2.948702780964760350e+00
2.919176803509127449e+00
2.418915434698535982e+00
2.758598564726533198e+00
2.601865979479082824e+00
2.449284530845854846e+00
2.744693849890733617e+00
2.560845214329914299e+00
2.798669052282138914e+00
2.232707638079507895e+00
2.410826954332532690e+00
2.337020245992206036e+00
2.354822330319445989e+00
2.849285724870178171e+00
2.029972384895731174e+00
2.565249124888702159e+00
2.831026642113817271e+00
2.818393602290269140e+00
3.012917312382834112e+00
2.632227710400099951e+00
2.894520109109867345e+00
2.781688239579547250e+00
2.844308512873665595e+00
2.229292293096864164e+00
2.945910615554386602e+00
2.463345928549354191e+00
2.158694627197538907e+00
2.962198094627253475e+00
2.544014114573109886e+00
2.396954112437647222e+00
2.772333297853844858e+00
2.815208294274551548e+00
2.918607870332412535e+00
2.525193526538277666e+00
2.155704810950002770e+00
2.990819323825999909e+00
2.657500891068203863e+00
2.224634669444807145e+00
2.262491439481034927e+00
2.411311333803404899e+00
2.446565157243683952e+00
2.081880143907024916e+00
2.091369982917950843e+00
2.587882891188753920e+00
2.414658454497866646e+00
2.148363507152845742e+00
2.458893948493861892e+00
2.514466877838753334e+00
1.858106756760896205e+00
2.130014068514407999e+00
2.305790342968141893e+00
2.105623261102127941e+00
2.465436682479642094e+00
2.983875357970416253e+00
2.119877611155189800e+00
2.462354228021017111e+00
2.248412426234081885e+00
2.777983835427343173e+00
2.575829118644800353e+00
2.390369301068486330e+00
2.138217303164831495e+00
2.449564980594830299e+00
2.419969154359608687e+00
2.171322241010591014e+00
2.872051184626117859e+00
2.610520368712923478e+00
2.645947626073210213e+00
2.322973022145482958e+00
2.463457060733093229e+00
2.648339645966558464e+00
2.740328981745528747e+00
2.537718944251911246e+00
2.846134812701305083e+00
2.617641122166579848e+00
2.904714054057136785e+00
2.552641501320258577e+00
2.546064215347593862e+00
2.229266692812938988e+00
2.343406994710525382e+00
2.681542002390337576e+00
2.779600966553655184e+00
2.321408854959210011e+00
2.784685887509001923e+00
2.728485700446280138e+00
2.303994524560746715e+00
1.998671564221457420e+00
2.709899562120755778e+00
2.276956757843893175e+00
2.343273267343249255e+00
2.761879924049323254e+00
2.709410948206104397e+00
1.902271015314201508e+00
2.848740526240513660e+00
2.681630117306915917e+00
2.659982752956384200e+00
2.518579996265118304e+00
2.918312098124598020e+00
3.105275069290497125e+00
2.609980193887999178e+00
3.092042931591873600e+00
2.583718187496176988e+00
2.501175578018122625e+00
2.759250568987794860e+00
2.738014342647355104e+00
2.729115515749113374e+00
2.467338591520777058e+00
2.046100798073681837e+00
2.537271707226881556e+00
2.527964458061151998e+00
2.495178330028409164e+00
2.712920728464529585e+00
2.406293370146688648e+00
2.893914060021310686e+00
2.756567761197204813e+00
2.385729178961725427e+00
2.077763880612753411e+00
2.813710495422272473e+00
2.795571545672909330e+00
2.723520926246564944e+00
2.850710952991465152e+00
2.582188105771669573e+00
2.813516491045509493e+00
2.614171487616989698e+00
2.725701644155991588e+00
2.013377521933207071e+00
2.787559094550993155e+00
2.194398540879296533e+00
2.031329616275348471e+00
2.369644448753513100e+00
2.561613641114618645e+00
2.251890073253221658e+00
2.663219936614989347e+00
2.675031170741776876e+00
2.859774794792664832e+00
2.635052347070554024e+00
2.611186363583357650e+00
2.745986832868231531e+00
2.326460978917174849e+00
2.529887201608662650e+00
2.618772310637217604e+00
2.686419979431401206e+00
2.492566352932667151e+00
2.513407353276997824e+00
2.514978533963847074e+00
3.013008432283896809e+00
2.528699166792065967e+00
2.317710557108604519e+00
2.403504809784757335e+00
2.160567037425844106e+00
2.776084391609689117e+00
2.609158892842378563e+00
2.692955088451952417e+00
2.795766879683909245e+00
2.781100838921423790e+00
2.691200394903726867e+00
2.147996483450129723e+00
2.443003144437255969e+00
2.898430028297626748e+00
2.624030302994761144e+00
2.776699655609258244e+00
2.299511152581632967e+00
2.362025561694276465e+00
2.615055083087325372e+00
2.341132657291427055e+00
2.322466783454744110e+00
2.751507639014719508e+00
2.491329664631220631e+00
2.501934072586049052e+00
2.908135051951284300e+00
2.785721397325109816e+00
2.956410896863405302e+00
2.275210333868360912e+00
2.669149691713057937e+00
2.310375378544919478e+00
2.236421576582682036e+00
2.635032475730062274e+00
2.601001458226536389e+00
3.009069300867371677e+00
2.631825806330595263e+00
2.166192852964990756e+00
2.037947281660278165e+00
2.867156765850839673e+00
2.683007687231734106e+00
3.028870402169367093e+00
2.108764189290806890e+00
2.688266452613916169e+00
3.013315335697935637e+00
2.653310645411910862e+00
2.573319099745152272e+00
2.845695112565121754e+00
2.498330995040721980e+00
3.000296481615282840e+00
2.044048104719248027e+00
2.831317207201000219e+00
2.107902451407411171e+00
2.638309485157680268e+00
2.392575300808682748e+00
2.544679468851580140e+00
2.634247510207070597e+00
2.342096483341812974e+00
2.853065857282069739e+00
2.839708164034488114e+00
2.807957083137986309e+00
2.801291320569728072e+00
2.559566840418750822e+00
2.426930534163301623e+00
2.175885223468691176e+00
2.796604197953671544e+00
2.896906793917597422e+00
2.806201178743927827e+00
2.333982825147789875e+00
2.691244986307192999e+00
2.861874164198851211e+00
2.668173896230430220e+00
2.719747063406395604e+00
2.554907276162035057e+00
2.822750118769759897e+00
2.549630979310230305e+00
2.481111196596612611e+00
2.943095422458166688e+00
2.434245442804271686e+00
2.855773822241226334e+00
2.423852473133101260e+00
2.231347348972217315e+00
2.513806763656699861e+00
2.787608958383601010e+00
2.921941203603644954e+00
2.724400858540055204e+00
2.292839083354096807e+00
2.747512625829452659e+00
2.903042323603740815e+00
2.480200698131063142e+00
2.443781504980400143e+00
2.912708166661551967e+00
2.223827412757978905e+00
2.506434757983092787e+00
2.856293541726360186e+00
2.804348811622755289e+00
2.523024425714639474e+00
2.438062313760908317e+00
2.665338596856948072e+00
2.521831904289112636e+00
2.463405126424368596e+00
2.224198474947169046e+00
2.276972517324327594e+00
2.817710067630474491e+00
2.783900695117998314e+00
2.498060543964748526e+00
2.880045351003542198e+00
2.750116258600026953e+00
2.465363020050895138e+00
2.813245449832226797e+00
3.035718414982849112e+00
2.703397725246730499e+00
2.543402726129685210e+00
2.756486298422386572e+00
2.230091642092148163e+00
2.545414560825634886e+00
2.903384158417813943e+00
2.818957838690767215e+00
2.875352032367477051e+00
2.517218426021050615e+00
2.141489395541996466e+00
2.589339303183790797e+00
2.528539215342559210e+00
2.969819086046962209e+00
2.790816223775553606e+00
2.738283626033816365e+00
2.955322041435753277e+00
2.812163804988493165e+00
2.512749699191036079e+00
3.036266262107548464e+00
2.608768026857802624e+00
3.038206055868139188e+00
2.112287526442551577e+00
2.269567458058893816e+00
2.216862262760182389e+00
2.246370533815789994e+00
2.677634947480425076e+00
2.305041701403750309e+00
2.594371572854850427e+00
2.419592934419815045e+00
2.643429841428994731e+00
2.478643957986343516e+00
2.004049937510133272e+00
2.574419491142292848e+00
2.435442893553783517e+00
2.542467132283630527e+00
2.407622478951859435e+00
2.960962993192007175e+00
2.017096101041556011e+00
2.593176794133879692e+00
2.471435443363119155e+00
2.636225022886696134e+00
2.700318430048516127e+00
2.874859845621243970e+00
2.016888633023199429e+00
2.572771271308173624e+00
2.434352800731997668e+00
2.903112156311348002e+00
2.190542679321749731e+00
2.899586490763947033e+00
2.511330860359394457e+00
2.845447806771034038e+00
2.399694778567422304e+00
2.494430769587683727e+00
2.365159261289267345e+00
2.761236244254698491e+00
2.192320710763644431e+00
2.850093985135142560e+00
2.374347352493356045e+00
2.691189643420627942e+00
1.767770341137830048e+00
2.099551742146819056e+00
2.294331400955770484e+00
2.894882059813142394e+00
2.734809152740892202e+00
2.762892645676230607e+00
2.822591363344855608e+00
1.909969261923350148e+00
2.443168506736232537e+00
2.074322778923961774e+00
2.869509881367533932e+00
2.844006928935937317e+00
2.533613066952308035e+00
2.785854146573942369e+00
2.619905311744162191e+00
2.688612120419310969e+00
2.575755642048005889e+00
2.862524856482830504e+00
2.440615355971774036e+00
2.773502970837823156e+00
2.222850477259135982e+00
2.579889727401566635e+00
2.658581431461670253e+00
2.911615034630258503e+00
2.656630867275825203e+00
3.060877323946559869e+00
2.789034779785440676e+00
2.272596861674646362e+00
2.894893344279483749e+00
2.395158068045097899e+00
2.795728995046840470e+00
2.626825389032442892e+00
2.508643315755155090e+00
2.100559652970217961e+00
2.558117312836507118e+00
2.703163959118410453e+00
2.643996837811228851e+00
2.716655812706463280e+00
2.711691187480607113e+00
2.419190718525284112e+00
2.737533716759781299e+00
2.337627652054523164e+00
2.188344674032149495e+00
2.017867852991692246e+00
2.419380248512107645e+00
2.846331543301705569e+00
2.817742619863713216e+00
2.679432796641465941e+00
2.429028148844545765e+00
2.614258225048040174e+00
2.299968872415486310e+00
2.728115300733636062e+00
2.442155300675953988e+00
2.326095379845294353e+00
2.556768164934412724e+00
2.106737179142599281e+00
2.160598147472454933e+00
2.399503849699309743e+00
2.866340609427351360e+00
2.433145424377892496e+00
1.993072381591840525e+00
2.951350362550616335e+00
2.619136499143646546e+00
2.231630628846921205e+00
2.692562670928813073e+00
2.664459162715593799e+00
2.297128840045661313e+00
2.861370357864962521e+00
2.668101898753165280e+00
2.416552925300560872e+00
2.156070450396042837e+00
2.763151395137651178e+00
2.153061342001468148e+00
2.599905217153936743e+00
2.441827735546915346e+00
2.742769497418547253e+00
2.580819029196373293e+00
2.810122920679509750e+00
2.274149632009167643e+00
2.498409632293466576e+00
2.937597742252690658e+00
2.483485580882355048e+00
2.862756483722430634e+00
3.080591901190988136e+00
2.200198843152202599e+00
2.177235531818793923e+00
2.709527899579946997e+00
2.811490435267078869e+00
2.410181909606400552e+00
2.974113233228946385e+00
2.976610103701510024e+00
2.818416465336240684e+00
2.668271756955237883e+00
2.772600961714083212e+00
2.459308115274266182e+00
2.676162152371788228e+00
2.368842614327371976e+00
1.998364715648419221e+00
2.366359320744415573e+00
2.526177251305477878e+00
1.957740828953206336e+00
2.344889197392260982e+00
2.320938489792256476e+00
2.027936482936430806e+00
2.013392744476639962e+00
2.113419265494564048e+00
2.620430776850754206e+00
2.830833089379488854e+00
2.743840410925008744e+00
1.970626085024226759e+00
2.095310009262361106e+00
2.413039292866034025e+00
2.327100321443988928e+00
2.691352648206025044e+00
2.639104121851446827e+00
2.925562520715914605e+00
2.713861203543594502e+00
2.688574139444038114e+00
2.429324363483342353e+00
2.235725089378881592e+00
2.317759952312352212e+00
2.494795407167310852e+00
2.462252680055627696e+00
2.548387405289425089e+00
2.492753172994097710e+00
2.689819670754302283e+00
2.749836336159868555e+00
2.942688815340558151e+00
2.333530485388846554e+00
2.635710274307937251e+00
2.523471921584886424e+00
2.865640867033196315e+00
2.136135758667398132e+00
2.997257519982976515e+00
2.811052248008875765e+00
2.666433569638732681e+00
2.814012302818467592e+00
3.061234898646720382e+00
2.406476046341096353e+00
2.992185992757714796e+00
2.806304213208545395e+00
3.029206825530714298e+00
2.563363314594499176e+00
2.617046227645813961e+00
2.755659059572644676e+00
2.096805884993041325e+00
2.794069303386514935e+00
2.402849418752738941e+00
2.579486646816358419e+00
2.359874157787580806e+00
3.097035514815143387e+00
2.448123956159011350e+00
2.203265162642133568e+00
2.510939083310026909e+00
2.388679310508324161e+00
2.447013569008933409e+00
3.058449435018362195e+00
2.772588115816788878e+00
2.421024970031885992e+00
2.360984602578931835e+00
2.021088108354098800e+00
2.580330472495638627e+00
2.790585405096129179e+00
2.192959483092914219e+00
2.673523758519050109e+00
2.234218973610325953e+00
2.713488230881300645e+00
2.381133199183881999e+00
2.615238641898823602e+00
2.187489750781858255e+00
2.638227829005480807e+00
2.712291065267663726e+00
2.671394037615216543e+00
2.580849378966197261e+00
2.514719863073109352e+00
2.673085951147434525e+00
2.288107339072773527e+00
2.382300077268328042e+00
2.618864159158742488e+00
2.895797634680442378e+00
2.950381695600371224e+00
2.296277831410384884e+00
2.559058527379559855e+00
2.247412967158841646e+00
2.240452024530821706e+00
2.176241832346081928e+00
2.841259158360469605e+00
2.506181445129984198e+00
2.704606166156374947e+00
2.570673140262198508e+00
2.447435124837635811e+00
2.850405124535368095e+00
2.150169967438003038e+00
2.452528964199638839e+00
2.703943608434652646e+00
2.633837678675827743e+00
3.015650357028469841e+00
2.627235752006784608e+00
2.238266712616555854e+00
2.697277949144094578e+00
3.030836738129396579e+00
2.586268640417533682e+00
2.445084765690210382e+00
2.702411826661987870e+00
2.666448192289342600e+00
2.939968951861645863e+00
2.541804913070723870e+00
2.746980685574937908e+00
2.368884868169478963e+00
2.680748563240996862e+00
2.236993958425095741e+00
2.849570890601848649e+00
2.207870925615094571e+00
2.534391656376070223e+00
2.779285308995989023e+00
2.759745168338157306e+00
2.331505981440178843e+00
2.505567894904936033e+00
2.321092681779964195e+00
2.945690988315220693e+00
2.551638559050637411e+00
2.408512298537254459e+00
2.470933082822600824e+00
2.614439503547411725e+00
2.688559615111655088e+00
3.036238662775029518e+00
2.246651206148817081e+00
2.885697313355485960e+00
2.042388242363127215e+00
2.271702210817057477e+00
2.614686704801135519e+00
2.574522904590812011e+00
2.927446229791603294e+00
2.252371056704391972e+00
2.656855917442259685e+00
2.988878082576140294e+00
2.182310673904162002e+00
2.893581952690153614e+00
2.572564714397982399e+00
2.815723114079663247e+00
2.378940448628130699e+00
2.088979004176582777e+00
2.742525936358014782e+00
2.468846237174430414e+00
2.884201416964857767e+00
2.226006917654734352e+00
2.935090685028111324e+00
2.841715182242054105e+00
2.594592073324959447e+00
2.544288177599285827e+00
2.883524671499950731e+00
2.303410530518247956e+00
2.407128934511781004e+00
2.335479226410281051e+00
2.687222683578361693e+00
2.299106224616538796e+00
2.710622782735957692e+00
2.252603284953109686e+00
2.766399029602740534e+00
2.222073365530070177e+00
2.957079063488523563e+00
2.228164542294602590e+00
2.452117435878272023e+00
2.288129312742902766e+00
2.307415103782173738e+00
2.066170706144494051e+00
2.559747568035597887e+00
2.990900638764353303e+00
2.792442031388834511e+00
2.744644221883386415e+00
2.415887408869092923e+00
2.902494422313867339e+00
2.977988753806768862e+00
3.008644953708308645e+00
2.725227799506847237e+00
2.334580811203865736e+00
3.091310062103733713e+00
2.546674281732189904e+00
2.384841029455570194e+00
2.944008986950593432e+00
2.413442428715216970e+00
2.056021398125142063e+00
2.869819367706381463e+00
2.740324327706859187e+00
2.590733058703559522e+00
2.220474314051989584e+00
2.310067710668833207e+00
2.398834007756031284e+00
2.654167439946801821e+00
2.441438860547506362e+00
2.719170264815215621e+00
2.854339481954175639e+00
2.042771518508939010e+00
2.265838811803726927e+00
2.976829491430495800e+00
2.654052553500418465e+00
2.656849751486425326e+00
2.542172189444396047e+00
2.481764180511444540e+00
2.938140985803556759e+00
2.481337827780314420e+00
2.741839564480236913e+00
2.490094675705818439e+00
2.083267971875783608e+00
2.152963953051616919e+00
2.684412445375923273e+00
2.458417905475883458e+00
2.515890321846500299e+00
2.412957624052695316e+00
2.824221187106147557e+00
2.378830640089466986e+00
2.547305687056579337e+00
1.781594840194780316e+00
2.609132746546107828e+00
2.769237484400915328e+00
2.286456398404346224e+00
2.947847312785610630e+00
2.699260416075151880e+00
2.424510373599357393e+00
2.601322359134263795e+00
2.259119418412697033e+00
2.901592518623729688e+00
2.653528809531822130e+00
2.364023824345576674e+00
2.375320451434277391e+00
2.220321303614882780e+00
2.809765068044499436e+00
2.598780664013669917e+00
2.650520495333697379e+00
2.433957884353434853e+00
2.482489674569140270e+00
2.645640871838261798e+00
2.384306597433655028e+00
2.917935179946710811e+00
2.209960201948854230e+00
2.768491835306242876e+00
2.937193432572650309e+00
2.813986569558238227e+00
2.885407930963860945e+00
2.839482962585624826e+00
2.127011624071827534e+00
2.303199668841892755e+00
2.538092600991159742e+00
2.245395049674406618e+00
2.913548311290862003e+00
2.373864725755684635e+00
2.524520895112104313e+00
2.494500869427391798e+00
2.745657592372566125e+00
2.989460251700258198e+00
2.385305438685416224e+00
3.076219417420079871e+00
2.121035447325644530e+00
2.688783496411359941e+00
3.066931482132195352e+00
2.324548866190369711e+00
2.808699931571922548e+00
2.395433943232474938e+00
2.059896953291427302e+00
2.483480421774649116e+00
2.838214753206271812e+00
2.087919048408358513e+00
2.945080583792963669e+00
2.319237085857272174e+00
3.088661345384541512e+00
2.779125573810171002e+00
2.183567440652189884e+00
2.419361586807021958e+00
2.509987298371610720e+00
2.311225056974904213e+00
2.575820935194829797e+00
2.791566615472142132e+00
2.444958070616655821e+00
2.038524395083949337e+00
2.879194566296404023e+00
2.997393609283376392e+00
3.074057485808534551e+00
2.141143357518417556e+00
2.347230057712023754e+00
2.976975062361228996e+00
2.457667894896981231e+00
2.480908995267053108e+00
3.004122655748522774e+00
2.809295219174062552e+00
2.139923541130622109e+00
2.040758771085267931e+00
2.827821841068838715e+00
2.255858381712342542e+00
2.689843965123853042e+00
2.056881101959702640e+00
2.112791923407196126e+00
2.698734223280286226e+00
2.487132441791508164e+00
2.953561274190416253e+00
2.759061023390178669e+00
2.871501122204807466e+00
2.666457866737707239e+00
2.941264964902968071e+00
2.525667151830394364e+00
2.269217125851730632e+00
2.568223574253745145e+00
2.361347734554669398e+00
2.984987769499976462e+00
2.573295572685326604e+00
2.632964444119584524e+00
2.276136430809414968e+00
2.404839139795542646e+00
2.541761688175389722e+00
2.397473965592706868e+00
2.466688266960787690e+00
2.411952288483285134e+00
2.728150396657621712e+00
2.729161656842022499e+00
2.786093979391224273e+00
2.844671312600830060e+00
2.177018663684313626e+00
2.360262858391873220e+00
2.254022456759199766e+00
2.612065959099242107e+00
2.052969361272002136e+00
2.050968551862018430e+00
2.014073298743649154e+00
2.734752496201005023e+00
2.364579867547294878e+00
2.642515339618462189e+00
2.717781904217467570e+00
2.822371385058758619e+00
3.037224758093052035e+00
2.435089651288235846e+00
2.527790594058237694e+00
3.004113049866667051e+00
2.769640968708976025e+00
2.512774729130978102e+00
2.851548953747679249e+00
2.900542580302825524e+00
2.305107471276723441e+00
2.836060401626014915e+00
2.757708738637621781e+00
2.732308285731152697e+00
2.230621540282524240e+00
2.431412896408946533e+00
2.847555031515922597e+00
2.721209093541984814e+00
2.055156460871312873e+00
2.912554393969175592e+00
2.161920197177782832e+00
2.447543250598271047e+00
2.865504501591595865e+00
2.718914286843867600e+00
2.713070765930304162e+00
2.368960258409610109e+00
2.255572423892064027e+00
2.276826039275936520e+00
2.461042459996597209e+00
2.587372687123795423e+00
1.941864255167562225e+00
3.007252332626167757e+00
2.697518607285986025e+00
2.384964616735568477e+00
1.911386022077141922e+00
2.541578563434874205e+00
2.864476572877875604e+00
2.160592739392437345e+00
2.177307140163856403e+00
2.836863639852917007e+00
2.502093387169567418e+00
2.437395548934693679e+00
2.683810029557335053e+00
2.332878242782297384e+00
2.117408936621155480e+00
2.703584039322719512e+00
2.720691610353080048e+00
2.217641626042302416e+00
1.968400771361533685e+00
2.896883530953985542e+00
2.765845576926238003e+00
2.723417343038429639e+00
2.636796315948907399e+00
2.459203440521799955e+00
2.680504831538998989e+00
2.355950863323591271e+00
2.943051916885430774e+00
2.762908816164102888e+00
2.730414391331096091e+00
2.291934522383565209e+00
2.596924966595816731e+00
2.308446830566768693e+00
2.369507320203843026e+00
2.273668426573197010e+00
2.414671271201187075e+00
2.226415548823946100e+00
2.699480087556095587e+00
2.552346712995338329e+00
2.525813705235395723e+00
2.306887897794720921e+00
2.299424816800205384e+00
2.164327669553113953e+00
2.542891290371787072e+00
2.362455742714088647e+00
2.418941613542296309e+00
2.607824929196073782e+00
2.501327616896999118e+00
2.675863412625504090e+00
2.361809994446712579e+00
2.443487420728608583e+00
3.047019340281642119e+00
2.466697503195185881e+00
2.222607225804585251e+00
2.623708252902901883e+00
2.925818833804001429e+00
2.439270252236957592e+00
2.475355890665651870e+00
2.828075439021415782e+00
1.770121171991738684e+00
2.912037315928527548e+00
2.183154008266142476e+00
2.687147014221453301e+00
2.921306645583960915e+00
2.500965558820193557e+00
2.400133924248329720e+00
2.594170220211994948e+00
2.353316263186139512e+00
2.671413038027957043e+00
2.466329402664548809e+00
2.497615765225703388e+00
3.003599335874026721e+00
2.789729933301870801e+00
2.551260947094525999e+00
2.748018777280035074e+00
2.184230631865593075e+00
2.553162450852353604e+00
2.910303798213640825e+00
2.808126165847890654e+00
2.772813396515943829e+00
2.595995467707518323e+00
2.393618389792883328e+00
2.623527126903208995e+00
2.600029352763147728e+00
1.954222583935461888e+00
2.442793509681438380e+00
2.470484199232150679e+00
2.320861218679379778e+00
2.263896439698424246e+00
2.529720883284372057e+00
3.053605684065114012e+00
2.740938826133753281e+00
3.008233371569378090e+00
2.835043098500102943e+00
2.629900531156121879e+00
2.659644017756733536e+00
2.721208759833670054e+00
2.991069399526144146e+00
2.740197610830195085e+00
2.540304026114648561e+00
3.018245769749442253e+00
2.399626596728559491e+00
2.577266891614033550e+00
2.265332862413798942e+00
2.400010652330730743e+00
2.200219111065369049e+00
2.807284411166848681e+00
3.023397926084102849e+00
1.947896400725604993e+00
2.681424434660399037e+00
2.547615337177114192e+00
2.530601503857097256e+00
2.590386929706981700e+00
2.835927847405829372e+00
2.284473682405118833e+00
2.499568733691518219e+00
2.862369804596897715e+00
2.638448234063824671e+00
2.389209313890017672e+00
2.604938324974500397e+00
2.395261145266277758e+00
2.772975132304469348e+00
2.368708139409497981e+00
2.470865551395978965e+00
3.002573376040477804e+00
2.818530290581350073e+00
2.697420334133351361e+00
2.388204457236837719e+00
2.694852910027556003e+00
2.181623106011896240e+00
2.639863565109356713e+00
2.708911889144042018e+00
2.851506799913038126e+00
2.872512729113533503e+00
2.601778073625154786e+00
2.966293690514260284e+00
2.828597119769901358e+00
2.190085786316439354e+00
2.388074018495879081e+00
2.701537684086835700e+00
2.546521735612493398e+00
1.838694947005317548e+00
2.636515113611269889e+00
2.190982415649363357e+00
2.518053392035692895e+00
2.684071694899516913e+00
2.156042209701603873e+00
2.827239102774487645e+00
2.422555272469874232e+00
2.612316095992525344e+00
2.739011054247473709e+00
2.085508628390068786e+00
2.531806812718330413e+00
2.347151778170145864e+00
2.779061092023800139e+00
2.786026454072944247e+00
2.407116472067668766e+00
2.593867931039679942e+00
2.716256064135605275e+00
2.829157941220547201e+00
2.274250701286839149e+00
2.826962294691721223e+00
2.414306182508862975e+00
2.627397129881814841e+00
2.538453523758357200e+00
2.199211350863014669e+00
2.144988392925539777e+00
2.795255815190188731e+00
2.457019527945440096e+00
2.756147317479955561e+00
2.502986890746710102e+00
2.879845826549403132e+00
2.495004678127675568e+00
2.705028793315190860e+00
2.649301713055173035e+00
2.478327684661586705e+00
1.943248907811640169e+00
2.682403223922565694e+00
2.371833954611240802e+00
2.803300906767471012e+00
2.787335920172978820e+00
2.563794527868213269e+00
2.601449307000430089e+00
2.532452093274680571e+00
2.754343820743876403e+00
2.166995851325034472e+00
2.551644566339974496e+00
2.661588099134746255e+00
2.445746676365844863e+00
3.060077674291692418e+00
2.161354768564973661e+00
2.376550300191548448e+00
2.216078003436591004e+00
2.368785275668475965e+00
2.716279501169067245e+00
2.693793499185491935e+00
2.226903578807894579e+00
2.535957721230725603e+00
3.034355074067044189e+00
2.524942162441123017e+00
2.529926380894105709e+00
2.625994833448845434e+00
2.709421574332434357e+00
2.395598585979404227e+00
2.542177344286020269e+00
2.914867508655151873e+00
2.859519908248641773e+00
3.020554581448674725e+00
2.821405069528873266e+00
2.489616960762709219e+00
2.451998806528477459e+00
2.263300723477949639e+00
2.838277153375394768e+00
2.578018639667781109e+00
2.728820404312755521e+00
2.375456180885447299e+00
2.867085918910214470e+00
2.911290874324517830e+00
2.196289876691507992e+00
1.649851950929623223e+00
2.425256662047257983e+00
2.676479516678794912e+00
2.561706984478864246e+00
3.004856915620336633e+00
2.640936539680596162e+00
2.172460956547418665e+00
2.527652831156763646e+00
3.032860363778450807e+00
2.924181567502505796e+00
2.532547574446807559e+00
2.844951947470249376e+00
2.557005854290190339e+00
2.850192007830535612e+00
2.501518262479971000e+00
2.443972805125345094e+00
2.430983460088529835e+00
2.518284270326180518e+00
2.600045084070770507e+00
2.398225717680031011e+00
2.721976095358849879e+00
2.976644409965865989e+00
2.498012529650670999e+00
2.160408787801137542e+00
2.795739165886720112e+00
2.335423291649829647e+00
2.503831958464503682e+00
3.031241412239984001e+00
2.783305293738891351e+00
2.492190608582344868e+00
2.934559914259044611e+00
2.442355297036787665e+00
2.647519868006515509e+00
2.298669700639703883e+00
2.231076867069436531e+00
2.617792599726169733e+00
3.039012077339612983e+00
2.393036663240218687e+00
2.378011981006519004e+00
2.963924539630705901e+00
2.195205652383049433e+00
2.817247100495358758e+00
2.849223835042639763e+00
2.472068289662004315e+00
2.665116032816578606e+00
2.354627656165815708e+00
2.850288820129053935e+00
2.886349790925585967e+00
2.125468200514490036e+00
2.290978710122291595e+00
2.572076759787809586e+00
2.613276982448169417e+00
2.789725051843127357e+00
2.809572721994989308e+00
2.625180457703622405e+00
2.751254401327198451e+00
2.928803956085946680e+00
2.927576446778703545e+00
2.768540225572504898e+00
2.711500953999558039e+00
2.027321327218913893e+00
2.652130846945413012e+00
2.495947027290719156e+00
2.656732167898941732e+00
2.770657667761937226e+00
2.507172843425912845e+00
2.749988463962583118e+00
2.563793098444796748e+00
2.649646079088468831e+00
1.886747690803245892e+00
2.603975622278230428e+00
2.211227205966447507e+00
2.466134187916356080e+00
2.117027426728154804e+00
2.728209166689016918e+00
2.525960135892627356e+00
2.992170984555516000e+00
3.015301541299611809e+00
2.997212806362411275e+00
2.169141746720904429e+00
2.734506888002982361e+00
2.326704287131575732e+00
2.217355403769227351e+00
2.630056884468240153e+00
2.842459493600470566e+00
2.050209290600820466e+00
2.472678963726377965e+00
2.795138046438034873e+00
2.623520969194974573e+00
2.911137293790107439e+00
2.866708452266244045e+00
2.602260656639987957e+00
2.365230370281008465e+00
2.232815730552807132e+00
2.401790430051403025e+00
3.070979992400012737e+00
2.676482052724364458e+00
2.606203627755623309e+00
2.364877184031431323e+00
2.662331989196798254e+00
2.666492899503081215e+00
2.970669170306835749e+00
2.633621005423236294e+00
2.378425195329956665e+00
2.809471277032538961e+00
3.011913061947188996e+00
2.822967212676265270e+00
2.364106898588020034e+00
2.057227704170792926e+00
2.916904172523615113e+00
2.744899176136904373e+00
2.470099950387203869e+00
2.463342352452856154e+00
2.839058681882507873e+00
2.405218468610267557e+00
2.907640542700884900e+00
2.654170863042384809e+00
2.769927774712188207e+00
2.005986905635593232e+00
2.223750779972816005e+00
2.858695320976669674e+00
2.356278934054612417e+00
2.567121270533416766e+00
2.622789225081204822e+00
2.692089235099578204e+00
2.731264666022575227e+00
2.726463491575603193e+00
2.334286872929927981e+00
2.511287177522135039e+00
2.427309459361692401e+00
2.188390636380338705e+00
2.462974976455279297e+00
2.929305118290724153e+00
2.513077533129647101e+00
2.525893703865562223e+00
2.242039857194689123e+00
2.218984299827400974e+00
2.340341813345978128e+00
2.683521202005959339e+00
2.237889477619793510e+00
2.425934689022996249e+00
2.609980792417178286e+00
2.592968559528841865e+00
3.051138537789480853e+00
2.811163516838579568e+00
2.271035257377091554e+00
2.610939617690702708e+00
2.245830161347007525e+00
2.794241063535713110e+00
3.006251464968576759e+00
2.384442316782350524e+00
2.466245126420270495e+00
2.716992606773842578e+00
2.289694881424356510e+00
2.777799691214799971e+00
2.536075094785687156e+00
2.308307379555223804e+00
3.081034063108599952e+00
2.243523724868617286e+00
2.733579490227483699e+00
2.568962232117900424e+00
2.885887712330720056e+00
2.758234068762619895e+00
2.765780026456439611e+00
2.811240521027077222e+00
2.666382423565769155e+00
2.778393012927087291e+00
2.502606493424538670e+00
2.528726342732655841e+00
2.679399332678691348e+00
2.296674258756271847e+00
2.632817445513455645e+00
2.580425669673851452e+00
2.273437770926999058e+00
2.840290389362532419e+00
2.831743952700732869e+00
2.696474849698877740e+00
3.078111783789460265e+00
2.119583725578484845e+00
2.458629135430506985e+00
2.803336917373011605e+00
2.481778398942146691e+00
2.511419470522133324e+00
2.032918265814561032e+00
2.631644589498349340e+00
1.941073938744994232e+00
3.070791151812070741e+00
3.079714927832999383e+00
1.838749438937975489e+00
1.970452687580042772e+00
2.698267178360560514e+00
2.482133430670801388e+00
2.574560283572426833e+00
2.245673487911506783e+00
2.455323211206243084e+00
2.456245833816974589e+00
2.389935783684541626e+00
2.730964726846734081e+00
2.647744624367656563e+00
2.806344057022222671e+00
2.909329645976010958e+00
2.788433727625522884e+00
2.399920599996002046e+00
2.939758460015558850e+00
2.139052595825259306e+00
2.713409236287176896e+00
2.568328054079748846e+00
2.596274159222136113e+00
2.909223076760088844e+00
2.516817312035814602e+00
2.651495859430983870e+00
2.174996775964421758e+00
2.001529748935744202e+00
2.432943679769816292e+00
2.913887464373995151e+00
2.350819567376887687e+00
2.379768103926966916e+00
2.516664101419126887e+00
2.268637362908067168e+00
2.755895536934883872e+00
2.330730050287118438e+00
2.781608936591958514e+00
2.666042456245975689e+00
2.345916564478640165e+00
2.662671207419257779e+00
2.953789230128652576e+00
2.712263535509904955e+00
2.600665169876015259e+00
3.061192593942359874e+00
2.626102073851551033e+00
2.296218293949872091e+00
2.653967386687241081e+00
2.611196831424138054e+00
2.101294063039699456e+00
2.377777730777428822e+00
2.441781757370710793e+00
2.286146096814796635e+00
3.000767392476404449e+00
2.721792538339662837e+00
2.147227422430085575e+00
2.700429944969948259e+00
2.737171734116862432e+00
2.200882542819833532e+00
2.405460294427916867e+00
2.564431042340339584e+00
2.166854055178380811e+00
2.154800246832522248e+00
2.575651700538324818e+00
2.642099571573224281e+00
2.913162363834887802e+00
2.847012791042057067e+00
2.340275107828487133e+00
2.113812744265330501e+00
2.402634603763779797e+00
2.250675649515280874e+00
2.747339726560228179e+00
2.523338048906890840e+00
2.917129416676056408e+00
2.883220290823735432e+00
2.539002794509940042e+00
3.050863187974885538e+00
2.773450803938172449e+00
2.561693923019140229e+00
2.981454532120170864e+00
2.405285798180579970e+00
2.785714762108323583e+00
2.099356279249922519e+00
2.685626832656827112e+00
3.018002137606510260e+00
1.962389415896449663e+00
2.710178713255109173e+00
2.359219907415610162e+00
2.629497228923540320e+00
2.842623878347740440e+00
2.376807682632621876e+00
2.729605562142324082e+00
3.038714736714807962e+00
2.803614237416455435e+00
2.711798161849483968e+00
2.041618167648391768e+00
2.253409192487871859e+00
2.880356590243641879e+00
2.655615259262925854e+00
2.813850293296153993e+00
2.735250105289131373e+00
2.663575594232937771e+00
2.671215327395589423e+00
2.374601096056553118e+00
2.809046655182068086e+00
2.126247623793433128e+00
2.386402796084999167e+00
2.338644918643012716e+00
2.566179441155659102e+00
2.782148264332581888e+00
2.713321955953451603e+00
2.647560093335960651e+00
2.909075679404102832e+00
2.884058680400372943e+00
2.697191168913599224e+00
2.367377409223556661e+00
2.459711669245312482e+00
1.817879707629636021e+00
2.795120254318468778e+00
2.378072220691850980e+00
2.533825812614931117e+00
2.326008880638536613e+00
2.771043213935744376e+00
2.460735850130262303e+00
2.818877075204773597e+00
2.182267795554828194e+00
2.790578774392541206e+00
2.566136366913956302e+00
2.607907856510082389e+00
2.304976834409885988e+00
2.937534030263086571e+00
1.639668941549885073e+00
2.183281555271226804e+00
2.184019780923101006e+00
2.842389109302551731e+00
2.814556665997045126e+00
2.647587752500805358e+00
2.304656554765776910e+00
2.669699349755958018e+00
2.941433082276455835e+00
2.278531414358983209e+00
2.511019278250976594e+00
2.681279546368911859e+00
2.458034249922034231e+00
2.915822251379409202e+00
2.499220195546122181e+00
2.833461560073768037e+00
2.483872173445571097e+00
2.257924342940528462e+00
2.811166877783744411e+00
2.671478343213070428e+00
2.316950642069712352e+00
2.661595056217717303e+00
2.425519283804043802e+00
3.064670780684992657e+00
2.414086607289194220e+00
2.860781617637019103e+00
2.902002842533099702e+00
2.645501764934111044e+00
2.393792134384962189e+00
2.874289731695702343e+00
1.990863978895674347e+00
2.469202871396347199e+00
2.569616232155783386e+00
2.910448335165252143e+00
2.272394361176075517e+00
2.582482701976283046e+00
2.834232791113681316e+00
2.363348729909706236e+00
2.084617595199059092e+00
2.132044201858282584e+00
2.862223908651009729e+00
2.690785585983447525e+00
2.859886333677036596e+00
2.585890650338743768e+00
2.653721947476703313e+00
2.966670174834615814e+00
2.679556500557203513e+00
2.258860749556057090e+00
2.529608353784633223e+00
2.146489768586137714e+00
2.686647159914732352e+00
2.524141174460693193e+00
2.699830202364330578e+00
3.045411150904471675e+00
2.690009787248209605e+00
3.076103726647231529e+00
2.499450695969986036e+00
2.662656141378410446e+00
2.675914032317754820e+00
2.751446634469293606e+00
2.377186015757506432e+00
2.202407005585720334e+00
2.342223203127674847e+00
2.657441712323656446e+00
2.674172682611386964e+00
2.941925776101007806e+00
2.558791625563100691e+00
2.229785853628970749e+00
3.064540947339461141e+00
2.623742034258833122e+00
3.031243526832678281e+00
2.471918719052591751e+00
2.705841451688939525e+00
2.941459944836474438e+00
2.515844638772867015e+00
2.462477468703147654e+00
2.227185772261167429e+00
2.937644534924820139e+00
2.497316440656843994e+00
2.858254274975270626e+00
2.634778762996532464e+00
2.762526580795952924e+00
2.602834693439031621e+00
2.419263751904667803e+00
2.427058111327089041e+00
2.092748432095532962e+00
2.869153321843295856e+00
2.919368018317181956e+00
2.628836987039541828e+00
2.842140223494331597e+00
2.633419194899945026e+00
2.627776361635866031e+00
2.243364059235465113e+00
2.298291109471155114e+00
2.134680255849562780e+00
2.889996416832055548e+00
2.715364104383659161e+00
2.566697448368524981e+00
2.332418275767516036e+00
2.661314947953621335e+00
3.016128193836760119e+00
2.602209674531808403e+00
3.113357811754544624e+00
2.274659733246258586e+00
2.577565971449969240e+00
2.923577774126971729e+00
3.079850857883484672e+00
2.378180210027416752e+00
2.603274793181384439e+00
2.730755389052970106e+00
2.454606358417589007e+00
2.497383329599144552e+00
2.931502608055887027e+00
2.791012810754975426e+00
2.566869711716379232e+00
2.780306107861660880e+00
2.310899390045926260e+00
2.389936330794735220e+00
2.859569090569589189e+00
2.304753207589202102e+00
2.810970820432759254e+00
2.158594311542609390e+00
2.120984197700000351e+00
2.855408137286977066e+00
2.358933935809326865e+00
2.855667952798157216e+00
2.280104474252753199e+00
2.438290403854178834e+00
2.812513310293334623e+00
2.586570290756156965e+00
2.572222107171981520e+00
1.940041543189853890e+00
2.724290013716801351e+00
2.305302308293537106e+00
2.771580777251713812e+00
2.693563827142704703e+00
2.863352014749961150e+00
2.665379304593391563e+00
2.568661063448705928e+00
2.658568563360242720e+00
2.152081502173087468e+00
2.214267987633803170e+00
2.737148500008488750e+00
2.376598679459596575e+00
2.395826402311639125e+00
2.798656564501907251e+00
2.789818973500001853e+00
2.741719266776772024e+00
2.128970508782315640e+00
2.791414158437862003e+00
2.422446564005858782e+00
2.875157591769777365e+00
2.864326313022125259e+00
2.291977118890033083e+00
2.761404335304487478e+00
2.957486080098396197e+00
2.653067310914528854e+00
2.595975015235123529e+00
2.593561590747077705e+00
2.132977034449515585e+00
2.439111079071447641e+00
2.740423782009506315e+00
2.446380933760323284e+00
2.702781921505425178e+00
2.660882077988662608e+00
2.335633266506377925e+00
2.592695878772254048e+00
2.320538843449770461e+00
2.722887913058073206e+00
2.261311715233698560e+00
2.775611628764438343e+00
2.939732620739314850e+00
2.900213982664988865e+00
2.607256407810791377e+00
2.951737789222131259e+00
2.754468091757887205e+00
2.193791435057516281e+00
2.666328594829529663e+00
2.086856607893990301e+00
2.893317588801097351e+00
2.396616057874599193e+00
2.603598099785144893e+00
2.974644090266811425e+00
2.754091525951879227e+00
2.810738594639407673e+00
2.289570875079038892e+00
2.484985770511576320e+00
2.755002651132790081e+00
2.587333303212902003e+00
2.951246669433830849e+00
3.022992369165141913e+00
2.237224589315864876e+00
2.891859512983317781e+00
2.566213569009130335e+00
2.581620281491076696e+00
2.508387060211781705e+00
2.405419034578896831e+00
2.895423321729275745e+00
2.551224732947621643e+00
2.191436556264749314e+00
2.324438815102916944e+00
2.579798457891399721e+00
2.376314640992573501e+00
2.701361113205972053e+00
2.621802603562522371e+00
2.469717116997192985e+00
2.206797410278232618e+00
2.945428395011313150e+00
2.799699554815405556e+00
2.100974751450914724e+00
2.881461195931804831e+00
2.025298110860775935e+00
2.164746795658360590e+00
2.551549068123850628e+00
2.580612556284768377e+00
2.785446387749887620e+00
2.832248486689600497e+00
2.650175987034154357e+00
2.664570737907015818e+00
2.673874164646969032e+00
2.465923613247753554e+00
2.797744726174404395e+00
2.173268045445492014e+00
2.555051500824061517e+00
2.858431855104954344e+00
2.637105661904585396e+00
2.518155715353551649e+00
2.574121465311591805e+00
2.593497463715816131e+00
2.289042404837336342e+00
1.900146890774882857e+00
2.788937559771965891e+00
2.017190111755768900e+00
2.301178688684727636e+00
2.580278832579391501e+00
2.798975441897799676e+00
2.368631630893092588e+00
2.981289111491979504e+00
2.242402574032771767e+00
2.771379322771588605e+00
2.805216580113367719e+00
2.569237682226429786e+00
2.677886086222791562e+00
2.275645559141745267e+00
2.943991528507550193e+00
2.795001912417126810e+00
2.403354723373603008e+00
1.953411985812447904e+00
2.495274007350991141e+00
2.878307764477257447e+00
3.015525790252278959e+00
2.827879813973156686e+00
2.655035375991445790e+00
2.299579570206197854e+00
2.437444045494268519e+00
2.247904674878611342e+00
2.530269021918987615e+00
2.646753925435277655e+00
2.476999501586413022e+00
2.842461590088616763e+00
2.413164071510773834e+00
2.360017135949298961e+00
2.879868986131365993e+00
2.790784440136317546e+00
2.461074842148075259e+00
2.643853810213080635e+00
2.447206610814275596e+00
2.425932550992703440e+00
2.611543111664572869e+00
2.842943706101595858e+00
2.789926858800608755e+00
2.538379426310214626e+00
2.385102978177005006e+00
2.420916276366721576e+00
2.768275302567771323e+00
2.508298955079162784e+00
2.759438780982080619e+00
2.460345887075108262e+00
2.820128464497557719e+00
2.799794505303086822e+00
2.678165053607967305e+00
2.277026962879403094e+00
2.276216421215646601e+00
2.445614641627997798e+00
2.296636299515679269e+00
2.592550584522689050e+00
2.446379234715543749e+00
2.728310940260828321e+00
2.470205322924611480e+00
2.949566408425944974e+00
2.633510064533269635e+00
2.461981990312388735e+00
2.609211073518796109e+00
2.462055703248016592e+00
2.736109469027790730e+00
2.316276534987768532e+00
2.978538946690300282e+00
2.652638888640757475e+00
2.273618431880788382e+00
2.924065232998342090e+00
2.771849049213419569e+00
2.943123641360614773e+00
2.338938186805175956e+00
2.465473597274409734e+00
2.620644053656276729e+00
2.616333973710707195e+00
2.446519735307914001e+00
2.382520653824677037e+00
2.570166346788046230e+00
2.884467144045768094e+00
2.920719005066972240e+00
3.066334999564942709e+00
2.537561308737932730e+00
2.952380661734451905e+00
2.469400847559589884e+00
2.273737081821359141e+00
2.528453462635145588e+00
2.259168720182300305e+00
2.321042183928009095e+00
2.522291973152659406e+00
2.749795133634981070e+00
2.812608634202966584e+00
1.947542030670764923e+00
2.066680199120814798e+00
2.453884259769441023e+00
2.878583255845305722e+00
2.542794241001768540e+00
2.223610729241092265e+00
2.643688084494226764e+00
2.288697964005812935e+00
2.807794819957062593e+00
2.495144468388401648e+00
2.216460404626726888e+00
2.702657784071750058e+00
2.353268128829540728e+00
2.118568375453702135e+00
2.530929904222126492e+00
2.744907767471825633e+00
2.324731700841023763e+00
2.835518654925308191e+00
2.857779556361851547e+00
2.549188672021152957e+00
2.629806333695010601e+00
2.495669991795251175e+00
1.819647661933319949e+00
2.466860165274479488e+00
2.537569771730705970e+00
2.344081229315770898e+00
2.499069316860003998e+00
2.806192280444467890e+00
2.354568776214779113e+00
2.721912703831101510e+00
2.355642721224505465e+00
2.519509864940787214e+00
2.576270880961217813e+00
2.516766453407431214e+00
2.625551554240149965e+00
2.201093936757466007e+00
2.167232131497015324e+00
3.105924692480827698e+00
3.058823098486269210e+00
2.460504968447455809e+00
2.527242829120031953e+00
2.350465719853016111e+00
2.674747737155617422e+00
2.389216703244708473e+00
2.953992113114443541e+00
2.329184382752674587e+00
2.362868874725348789e+00
2.889067383177282622e+00
2.486480481513292595e+00
2.410800285980420732e+00
2.607729595491142582e+00
2.622895821692566187e+00
2.353500830650151698e+00
2.542914905622808419e+00
2.284040375797657063e+00
2.763599851932389218e+00
2.377192383588026203e+00
2.731514018512643194e+00
2.724370400018491178e+00
2.534093180872521334e+00
2.445973584618595709e+00
2.260345284091000995e+00
2.519589122109598289e+00
2.017980102285392263e+00
3.098978156161155351e+00
2.751514001599894677e+00
2.333210702840639694e+00
2.272686168238120086e+00
2.593658483735626241e+00
2.008647671441678551e+00
2.541826218959338579e+00
2.828141164768352755e+00
2.785796402978742758e+00
2.228663172604353093e+00
2.755761784908979273e+00
2.541425449144979698e+00
2.631784315324936063e+00
2.157894011318995720e+00
2.843067321927285729e+00
2.756644477001310101e+00
3.043283183744617482e+00
2.450566634380744624e+00
2.154768385929960672e+00
2.477620091545841507e+00
2.342972433901226559e+00
2.991447356665865254e+00
2.930788099320441376e+00
2.766178362269570368e+00
2.344228180070389023e+00
2.833398478927391828e+00
2.534281214364408896e+00
2.439804983708683483e+00
1.905206664580793685e+00
2.828295705971620499e+00
2.962569427648904075e+00
2.893990358243184069e+00
2.142059285112322353e+00
2.975763468284254198e+00
2.475766219574278892e+00
2.537718340557056251e+00
1.970481731296771732e+00
2.842878838221955640e+00
2.648911421560239621e+00
2.167679285767264208e+00
2.636610774079341191e+00
2.341525550485317186e+00
2.523949775091467895e+00
2.631541628526369525e+00
1.697140767317784293e+00
2.401407011664616231e+00
2.653920517404997348e+00
2.882854786566818817e+00
2.897084152553534242e+00
2.469948380355909912e+00
2.798092554394854048e+00
2.943915864583526609e+00
2.523445654146753370e+00
2.397498600182880413e+00
2.352729592338958398e+00
2.535160155539822213e+00
2.356204305153801304e+00
2.637243502722197430e+00
2.160206217353105806e+00
2.884648345082073018e+00
2.689387230925913475e+00
2.718037088048865346e+00
2.142548540643882671e+00
2.129959257778994974e+00
2.393368930768214664e+00
2.358812207947026618e+00
2.469019957721193315e+00
2.821014660927122275e+00
3.062237530108214756e+00
2.403541253083838924e+00
2.525903215452145911e+00
2.424653080867289923e+00
2.016445598782898863e+00
2.920549308989974779e+00
2.848939521544329612e+00
2.787626851886345403e+00
2.384924023748241417e+00
2.527095718105424105e+00
2.366571101473619709e+00
2.594292154626933744e+00
2.052832343638697488e+00
2.987617109932921178e+00
2.683357871116719195e+00
2.732130130118659128e+00
2.464546274380773117e+00
2.787181697537595149e+00
2.201336929346796367e+00
2.287673867922681570e+00
2.441624813205673927e+00
2.876879307451291279e+00
2.835812428094330429e+00
2.796176189509743004e+00
2.403147768888227009e+00
2.483603525510659438e+00
2.456471179748652034e+00
2.743281245564361370e+00
2.514067463360869059e+00
2.751443004937771608e+00
2.111336128085534725e+00
2.619410066225250855e+00
2.508273333506228386e+00
2.744216510283931321e+00
2.074376642517508529e+00
2.516713429925474976e+00
2.483166122349603100e+00
2.349178795694458977e+00
2.433954404577850728e+00
2.876747576198841028e+00
2.817576102548589478e+00
2.632107034140236390e+00
2.527269544095123610e+00
2.493012319440126578e+00
2.920039120708987301e+00
2.206434862702787214e+00
2.601495590842043626e+00
2.717221128361764659e+00
2.672568490125274643e+00
2.813739276135886591e+00
2.518903020353129740e+00
2.391440805503797229e+00
2.368606019842158350e+00
2.617673739707014224e+00
2.760222910687462061e+00
2.447856267143064812e+00
2.359548319792327042e+00
2.630251190171594811e+00
2.801628306984599082e+00
2.479496033567931246e+00
2.835474683938623119e+00
2.794072304338908630e+00
3.022858025683536454e+00
2.311711371411069749e+00
2.245428629596892822e+00
2.930797645163421450e+00
1.946397127370759650e+00
2.791959520029176911e+00
2.973549739654703483e+00
2.886973457629062434e+00
2.715275985786556490e+00
3.065271256476572503e+00
2.849481904087349804e+00
2.094897774777686905e+00
2.761171337591060038e+00
2.462336722812829670e+00
2.759716219862371034e+00
2.163620284465144650e+00
2.580051868996368292e+00
2.719085805732369021e+00
2.730801385725458719e+00
2.187670108245922229e+00
2.023968238176077516e+00
2.514739728307656463e+00
2.424053257078124801e+00
2.687951132685609146e+00
2.206510706635421926e+00
2.930402296336451773e+00
2.322671182285382496e+00
2.941569643197422312e+00
2.553925575218893851e+00
2.290900890481952779e+00
2.780582361038263173e+00
1.928170033571209752e+00
2.173077017575788972e+00
2.958996445280696719e+00
2.187599073646626202e+00
2.666477237965644065e+00
2.481058933814071388e+00
2.887649053187588688e+00
2.331994293215715164e+00
2.252702458482107151e+00
2.157893293350643837e+00
2.498410968691373579e+00
2.513931155130998185e+00
2.845260005503022605e+00
2.511410070395915461e+00
2.945134666722271977e+00
2.536868366301379130e+00
2.487733428951546699e+00
2.909206273411490962e+00
2.050923917289087850e+00
2.837367748975522463e+00
2.615520323663107938e+00
2.829466645858339291e+00
2.652096146782658703e+00
2.192892270985384418e+00
2.489631850333768437e+00
2.718172522097337396e+00
2.921493468906623203e+00
2.476212889332832123e+00
2.490687636405141792e+00
2.515398442381882482e+00
2.545724882471641415e+00
2.727932410926373397e+00
2.474317925445398636e+00
2.591861544641305581e+00
2.569538762228210427e+00
2.950752465995623908e+00
2.541477336900585637e+00
2.554518600673947315e+00
2.503767977342190587e+00
2.740345213739511010e+00
2.520332561953068318e+00
2.774257070436569883e+00
2.558208867169710743e+00
2.103267384813177543e+00
2.600975412432841249e+00
2.512189933275867038e+00
2.520139471147956556e+00
2.417536871229220896e+00
2.975495641067505304e+00
2.369834483773470613e+00
2.682980809426684932e+00
2.408247655843148038e+00
2.129554527036907174e+00
2.595250240515551088e+00
2.206968489968658353e+00
2.413325110941432428e+00
2.581760973765806710e+00
3.088394016158123812e+00
2.690128309720394739e+00
2.806475380992998758e+00
2.541937462291483207e+00
2.732243826685816668e+00
2.821438327950590352e+00
2.549021490924987532e+00
2.559772618997067539e+00
2.236813911717088210e+00
2.438254036092735166e+00
2.538528551588373983e+00
2.698405305231104556e+00
2.723898918206638431e+00
2.602091634100074380e+00
2.538304899638039736e+00
2.764193125842943299e+00
1.943952909942624041e+00
2.490095286290948007e+00
2.900505808680720055e+00
2.996963897771486529e+00
2.653757583836097833e+00
2.287236055293099035e+00
2.751345548285511811e+00
3.099010520202234886e+00
2.279208928492480801e+00
2.861057239818725950e+00
2.589247748585842945e+00
2.736286938663067048e+00
2.493213201638948551e+00
2.504023375044868605e+00
2.497996828555285376e+00
2.151581413603770976e+00
2.448649218682972695e+00
2.325939942911959157e+00
2.886577797029866055e+00
2.870009604604403908e+00
2.339666357304178934e+00
2.546368963861368684e+00
2.392012805669109454e+00
2.832805464594715161e+00
2.832852286787019391e+00
2.750095326474216506e+00
2.346193404284681705e+00
2.993346465275101398e+00
2.063321410770941000e+00
2.806546965671604887e+00
2.966919193196783322e+00
2.791073287822874782e+00
2.260271585802572147e+00
2.445748214777404783e+00
2.277728172743207047e+00
2.840553040731141010e+00
2.682835206753034551e+00
2.639212306538556874e+00
2.712102693037066636e+00
2.471047712542166597e+00
2.503777297853018613e+00
2.458236422510020169e+00
2.810377905638314466e+00
2.504004993237316512e+00
2.568936550014148779e+00
2.713142899089957094e+00
2.981355302342121316e+00
2.446500187189851072e+00
2.985252764992247343e+00
2.738997296270945458e+00
2.681339532988559871e+00
2.767949428431561554e+00
1.845329259298100988e+00
2.821863240564360442e+00
2.146678631231901946e+00
2.874152419994528085e+00
2.282863683955998813e+00
2.891926016908451746e+00
3.100011886410970252e+00
2.509441799829060127e+00
2.981113091170147555e+00
2.209575425480170274e+00
2.819870671596547584e+00
2.592576663851465124e+00
2.375331814585840640e+00
2.578947110312428848e+00
2.951816751521171511e+00
2.915504508480956325e+00
2.172576493815196130e+00
2.847708478906611607e+00
2.947294079806132672e+00
2.282853177355901764e+00
2.795925489199467595e+00
2.390954411077849784e+00
2.321443778516794509e+00
2.669854751250523961e+00
2.499842055800773899e+00
2.639006871235889840e+00
2.602637996494607364e+00
2.365776983856732851e+00
2.469167176694937460e+00
2.164061462457778084e+00
2.157771762898755608e+00
2.534802544365148513e+00
2.813438025148761845e+00
2.244747991663187392e+00
2.543377178538968941e+00
3.009704440972075012e+00
2.035900709597405545e+00
2.681161228605186686e+00
2.743934058176613622e+00
2.298114113173789441e+00
2.512388084997220883e+00
2.838291075752113812e+00
2.498771922382912347e+00
2.980637670642443116e+00
2.919373170657290295e+00
2.704131437129001281e+00
2.917150323858532346e+00
2.516700112963549785e+00
2.669594275277462625e+00
2.802133465915313426e+00
3.022144545000483795e+00
2.764531498012036348e+00
2.099446760282863256e+00
2.637070081066216432e+00
2.728204147376901645e+00
2.643312049769496408e+00
2.777796919838017242e+00
2.362997184575903020e+00
2.574834407931676949e+00
2.158414761979184249e+00
2.399355112157937064e+00
2.674817342167336243e+00
2.691942164903500245e+00
2.440292164967638566e+00
2.469730938912715779e+00
2.969172773536719490e+00
2.132403354107161864e+00
2.771907677859462460e+00
2.860984762704255502e+00
2.237771159080891525e+00
2.871118842800890913e+00
1.853811713844017994e+00
1.943363426422697771e+00
2.419379673728660585e+00
2.262247076937206280e+00
2.196940266508348394e+00
2.694304256388091456e+00
2.547137832043567585e+00
2.235276993914474097e+00
2.386940844919691163e+00
2.603488309821924584e+00
3.038830261447178493e+00
2.710875349089088893e+00
2.974869662735735609e+00
2.887780172846052817e+00
2.331518575072557553e+00
2.767246498605371308e+00
2.719595008936318781e+00
2.839823760865344049e+00
2.733630510855429296e+00
2.528368454414733790e+00
2.975162007705075329e+00
2.622887211105584537e+00
2.723630514785332135e+00
2.364018800222401850e+00
2.237067541506095214e+00
2.242562777260788565e+00
1.960195183672676977e+00
2.657143798175305438e+00
2.590194224015612168e+00
2.490309875871406842e+00
2.478091075315904224e+00
2.523680339570298248e+00
2.761816028929222622e+00
2.135441215362481771e+00
2.290354661359789823e+00
2.940137162879258081e+00
2.487933339978511071e+00
2.464089796389147047e+00
2.808821644169707810e+00
2.928779930472758863e+00
2.769171144695799391e+00
2.326574689607476820e+00
2.969391127981199308e+00
2.655585686713319404e+00
2.746114875593161031e+00
2.493217661788359685e+00
2.464082721689669242e+00
2.619349455925479297e+00
2.917233683060960647e+00
2.228835343632106447e+00
2.153076258898238837e+00
2.767987375139148387e+00
3.061714163462621485e+00
2.731233898409147987e+00
2.942238250321073334e+00
2.783933344160699708e+00
3.036273012232266311e+00
2.069217321328424397e+00
2.820685351932175511e+00
2.741338734038755831e+00
2.755793883610417883e+00
2.458128957154492866e+00
2.955576561573358685e+00
2.648239451939003342e+00
2.254827280168731907e+00
2.356332472169936132e+00
2.161210566464552230e+00
2.530020789633202760e+00
2.479899339608783393e+00
2.071785657937467384e+00
2.312230783529009237e+00
2.675938073046977284e+00
2.517227573116732398e+00
2.794384578230727723e+00
2.695446844805316822e+00
1.979130547260518291e+00
2.519559016227142401e+00
2.765228824421243736e+00
2.843820141880838648e+00
3.137101668125280352e+00
2.101042558583663844e+00
2.572330643323843091e+00
2.913647509151240378e+00
2.342011478685148251e+00
2.979103469465208764e+00
2.302954194786999587e+00
1.918488705765680313e+00
2.268467144971743732e+00
2.717838211527765946e+00
1.997527490995250066e+00
2.256076295547954746e+00
2.611025666167142489e+00
2.723260182830492759e+00
2.495796887688719767e+00
2.898041760475718043e+00
2.011212674053756366e+00
2.419668304137206238e+00
2.190215341379421865e+00
2.846029702260968186e+00
2.540821670908843366e+00
2.571188082486328685e+00
2.416406844359300976e+00
2.293405023332999448e+00
2.509163411834175683e+00
2.472549112810943583e+00
2.506817153374452989e+00
2.764792617577770173e+00
2.856451751117626170e+00
2.692155257434698967e+00
2.498638367449018460e+00
2.654669408377889894e+00
1.864164399971848685e+00
2.619230425073083790e+00
3.052895447483109148e+00
2.271398129301839930e+00
2.363203961279269905e+00
2.711622440823785674e+00
2.775534453710825744e+00
2.230197005509729546e+00
2.204619012570679271e+00
2.315346702509899046e+00
2.762754631566470387e+00
3.029121000878433723e+00
2.136826712893827640e+00
2.697494352220683567e+00
2.673320829799354481e+00
2.554712895256660232e+00
2.879433208194892568e+00
1.874398768230529644e+00
2.424149605677482722e+00
2.582600888980045362e+00
1.871481928240609882e+00
2.784306986898967828e+00
2.351428413448522381e+00
2.681611172349132044e+00
2.026110226153262417e+00
2.705876578969540702e+00
2.881069314854079355e+00
2.304732895515492874e+00
2.509469851144837893e+00
2.601352317412844783e+00
2.526064546134010769e+00
2.489472844959974118e+00
2.715601428506934312e+00
2.694008292149379535e+00
2.337910792833577833e+00
2.891332742155373836e+00
2.461768971435362552e+00
2.579826663219421334e+00
2.745258771314562196e+00
2.431059018210734557e+00
3.136319042529569057e+00
2.337617999855847284e+00
2.215049157680241798e+00
2.531619014505794851e+00
2.866968983356453116e+00
2.886638400241613223e+00
2.381645722948317889e+00
2.222041519119376307e+00
2.406859963831174731e+00
2.778358279394050889e+00
2.908371905083472875e+00
2.826993652699764326e+00
2.688861118956018981e+00
3.051111403817181600e+00
2.699720564691815206e+00
2.860676755557157058e+00
2.578471009072143438e+00
2.785719810305414601e+00
2.907226008410565665e+00
3.040912969899368878e+00
1.806019939318723067e+00
2.080479389866335183e+00
2.874802059920081199e+00
2.506701397243591423e+00
2.629899028914253201e+00
2.172912468016598986e+00
2.631157747653044776e+00
2.705300743790531648e+00
2.456946623953385700e+00
2.980706595792963043e+00
2.313187586217282377e+00
2.640146278044209094e+00
2.685255667992771933e+00
2.495599882395968194e+00
2.805199413704583922e+00
2.825820488771538130e+00
2.509447267295783934e+00
2.681728347629825482e+00
2.777570452367668974e+00
3.051267280705340035e+00
2.319341353247283521e+00
2.650584547404327918e+00
2.790598688966171803e+00
2.443987105501879586e+00
2.110476073978888145e+00
2.862590930286536661e+00
2.866433489406301494e+00
2.554658265898584357e+00
1.959157878657231455e+00
2.269629595118980436e+00
2.854410154316408654e+00
2.382808546836566066e+00
1.817708637393679494e+00
3.076422604507037750e+00
2.150347337429359129e+00
2.433197776091970521e+00
2.585311985070898988e+00
2.835676539205679525e+00
2.306933694158158410e+00
2.126984508254408546e+00
2.502232875078896246e+00
2.371603524152748665e+00
1.768640102028736560e+00
2.872674135080346414e+00
2.594997110993479073e+00
3.037283510353896876e+00
2.453488394627343805e+00
2.633861883699391448e+00
2.714778700299496528e+00
2.440085888758039889e+00
2.405125810529101571e+00
2.305511888111678065e+00
3.062492978696829127e+00
2.879677038410170198e+00
1.983698504348014202e+00
2.725797197206955236e+00
2.400348907990226266e+00
2.831765242800473814e+00
2.347320507746864848e+00
2.543278974983052887e+00
2.687767246175348568e+00
2.525574823971648009e+00
2.262797092476050764e+00
2.531746366126895076e+00
2.262443555065771772e+00
2.478753468463502418e+00
2.625103052246107183e+00
2.500159878839435912e+00
2.501521137800690298e+00
2.639644616983914283e+00
2.558606887910497729e+00
2.811361707987097613e+00
2.951047662188134968e+00
3.054700820632677338e+00
2.452920824557144108e+00
3.057933420560301485e+00
2.693284428543152753e+00
2.700243804763067690e+00
2.716790708019314327e+00
2.554721788241979485e+00
2.350168681524067882e+00
2.719572933200095299e+00
2.322535227640016409e+00
2.930196657764435830e+00
2.697518060959322117e+00
2.305353235003019918e+00
2.928401283035305447e+00
2.346546831711528558e+00
1.992334920684323052e+00
2.926700129146385443e+00
2.487956661935352809e+00
1.976191421378842739e+00
2.781362007769658362e+00
2.621529231596457787e+00
2.652265412543115985e+00
2.528149157282215675e+00
2.445196605635686637e+00
2.587494839823418324e+00
2.687837614919829754e+00
2.376411721701392477e+00
2.527796139184011359e+00
2.372904732275292083e+00
2.311060305344326160e+00
2.471359443409494983e+00
2.405369850526244857e+00
2.626949321032483464e+00
2.533720994921127900e+00
2.509236407152598325e+00
2.148531577079798360e+00
2.854627455906227684e+00
2.477029782695981730e+00
2.972862144753510183e+00
2.208876453598482392e+00
2.714138687308501829e+00
2.421604760204518758e+00
2.536766825800469860e+00
1.859493553377416397e+00
3.129538448311011578e+00
2.856934358718306921e+00
2.729573568816579865e+00
2.610741381063505173e+00
2.887539864072699025e+00
2.545414969708099662e+00
2.617036150385786630e+00
2.248786044946994078e+00
2.756059650011013940e+00
2.527799525155444371e+00
2.175091244655968481e+00
2.732290429877093807e+00
2.678127291516436248e+00
2.409706178847435876e+00
2.485422370593678210e+00
2.466171333366975915e+00
2.936948763867903267e+00
2.659788326006537584e+00
2.521559183702196005e+00
2.655507553794691944e+00
2.322596268974050915e+00
1.813091288294339742e+00
2.644381883843290204e+00
2.627326632812527762e+00
3.056699814346042210e+00
2.581780031660581454e+00
2.857056777699212180e+00
2.747147673079448182e+00
2.544960080100065358e+00
2.443992946418113377e+00
2.412560204749527148e+00
2.753901343473955876e+00
2.636587819771613717e+00
2.646970908921563392e+00
2.696228783523463957e+00
2.809707285168959956e+00
2.785992452467747071e+00
2.357858029934960520e+00
2.510591752665419563e+00
2.379311366909425907e+00
3.038763078776234750e+00
2.782083700069476695e+00
2.543080932498576807e+00
2.434613609844468840e+00
2.704081152250114695e+00
3.079156510939465630e+00
2.301962448435548758e+00
2.335097889448035424e+00
2.676975952350410637e+00
2.670030631979217084e+00
2.571287777050675238e+00
2.093472692174589866e+00
2.789508133421790159e+00
2.741483061492833606e+00
2.551539029681464843e+00
2.421904049972065209e+00
2.710409149655538918e+00
2.634685227243930061e+00
2.393358025545711865e+00
2.369776313569299298e+00
2.852940163855981481e+00
2.841026565797913683e+00
2.319779166246700441e+00
2.543390487699443092e+00
2.962870436810501662e+00
2.250970049035727616e+00
2.379029723147370046e+00
2.605721930579788292e+00
2.655946622349128372e+00
2.417898385138038009e+00
2.794415723800143248e+00
2.362652738272288833e+00
2.457964386728435979e+00
3.069377845781556147e+00
2.642401801593159405e+00
2.485316848777062493e+00
2.686071028662346816e+00
2.814122033247770549e+00
2.823979563524131375e+00
2.581970761930058256e+00
2.336158888351522300e+00
2.420266776004621256e+00
2.913962103441907203e+00
2.620893124157869902e+00
2.130188704633846797e+00
2.657648176760755376e+00
2.417567721521311608e+00
2.667060789220943917e+00
2.754252894001441909e+00
2.846059474841855064e+00
2.237968673164183464e+00
2.734482264231221205e+00
2.625877371088367163e+00
2.297897747293909720e+00
2.745856465740599717e+00
2.620229880208557294e+00
2.198329009614374385e+00
2.464711288523466770e+00
2.189815078967176643e+00
2.754504370238972655e+00
2.621912126714125435e+00
2.831976679606440062e+00
2.446308714974510856e+00
2.691186692730053842e+00
2.861841873830782479e+00
2.306353340432803378e+00
2.763096682680863836e+00
2.056867927431563992e+00
2.586263724796231234e+00
2.246876218506846268e+00
2.588112899122434030e+00
2.069044043458868387e+00
2.646812717897648604e+00
2.716245019922324033e+00
3.011369005533233612e+00
2.585628764893164622e+00
2.856013532896078733e+00
2.278487757662847724e+00
2.370176834923424014e+00
2.884979013534576531e+00
2.264820570082186180e+00
2.598520387920597585e+00
2.864585760387293067e+00
2.327968602564615352e+00
2.337275551456033718e+00
2.936215411478639403e+00
2.052595721863594846e+00
2.456738892930559359e+00
2.565734358499093926e+00
2.481913015567652536e+00
2.827800909633632287e+00
2.843320737406438869e+00
2.540295054025872190e+00
2.759696518091487860e+00
2.219907982234360144e+00
2.787983393460636172e+00
2.637167029455892653e+00
2.800623435724731713e+00
2.974573580067839451e+00
2.812680195741013911e+00
2.054789834815151650e+00
2.721231892457335100e+00
2.549046317551135310e+00
1.823086040678997932e+00
2.420587539664296184e+00
2.627131731057387398e+00
2.540682822656342932e+00
2.795991007770626258e+00
2.711857966379680018e+00
2.471500927290671612e+00
2.184530532498722533e+00
2.924751311840872781e+00
2.551013204396593181e+00
2.433209878349358313e+00
2.383015408924289424e+00
2.414954997370963419e+00
1.949831346451305736e+00
2.105510100785099592e+00
2.765066103430893651e+00
2.248886645814497598e+00
2.592003733474456784e+00
2.936183764784936923e+00
2.644578630762508098e+00
2.480503952382094646e+00
2.924466307105890284e+00
2.585857133298330890e+00
2.392737715848012314e+00
2.639772009983964551e+00
2.273204166810133930e+00
2.909177607894394946e+00
2.065496547853463927e+00
3.121760275031318255e+00
2.629033833646869489e+00
2.839883849706226204e+00
2.621599538413477148e+00
2.159840308826966204e+00
2.309127236090996238e+00
2.726944052707681809e+00
2.826582428017037518e+00
3.046935233889473960e+00
2.903686614673359756e+00
2.375202808367276930e+00
2.525270895859241360e+00
2.405301529639368940e+00
2.872881030524874202e+00
2.597110473949573617e+00
2.751561856905694103e+00
1.900732573577613049e+00
2.891614903512713664e+00
2.508125591800236975e+00
2.529844155570060149e+00
2.695146291443690778e+00
2.533667258281109724e+00
2.585756133649710353e+00
2.114632733830861255e+00
2.342575136287692317e+00
2.451176636627500294e+00
2.045917331498281921e+00
2.636424236601752291e+00
2.448960335662466292e+00
2.558920087592537751e+00
3.016396513414742131e+00
2.266901930282614330e+00
2.186849114946650463e+00
2.629879103193805800e+00
2.312259128202531766e+00
2.698684647917169332e+00
2.768016177149373203e+00
2.796484278158656078e+00
2.304920963115040244e+00
2.609749155769808926e+00
2.689351928188726593e+00
2.257925471904417947e+00
2.815455498968256087e+00
2.696691853002907369e+00
2.327317042513028511e+00
2.772520165652862634e+00
2.735942051340878756e+00
1.866647271969913202e+00
2.357789587169504486e+00
2.233786288702815703e+00
2.647409177512363154e+00
2.598602857259466159e+00
2.950536543454463700e+00
2.758189591638172011e+00
3.078066700348054852e+00
2.995974904333493782e+00
3.059364164643934458e+00
2.584437696041841814e+00
2.718856621083361791e+00
1.897452359189766957e+00
2.295516618666150421e+00
2.129856700345077236e+00
2.758674763909688021e+00
2.988416138046221526e+00
2.571081144916799399e+00
2.255105413539888914e+00
2.590013927710146380e+00
2.817519795182791054e+00
2.443634698097675972e+00
1.896847880457168234e+00
1.998747534442340879e+00
2.662947873476453786e+00
2.799513443775558663e+00
2.726710049590159279e+00
2.552523133257475152e+00
3.074175371492441133e+00
2.508641638248257699e+00
2.703234049237804637e+00
2.660495522247201095e+00
2.958041928282534982e+00
2.564927703035698059e+00
2.598319308053556487e+00
2.820584428348305028e+00
2.669384972162816005e+00
2.648627746231092317e+00
2.584045749001031123e+00
2.336745223527449511e+00
2.884432773935508010e+00
2.473490367100727561e+00
2.375298103097025937e+00
2.694557254162202931e+00
2.607580209608765465e+00
2.786811500313216339e+00
2.367192455444446786e+00
2.378304244918320265e+00
2.402422461247407881e+00
2.581016608710483773e+00
2.561306628642541661e+00
2.001938627395585257e+00
2.324366986446269490e+00
2.143260992559107514e+00
2.434311910678641500e+00
2.939608850302256382e+00
2.891750861203251421e+00
2.720243957169411697e+00
2.378776746190231606e+00
2.856361485815188672e+00
2.691432106770409227e+00
2.911360726512505881e+00
2.834161204767598363e+00
2.620057847968385367e+00
2.650546535832473349e+00
2.675367868378236036e+00
1.946446879252924367e+00
2.731217985807510740e+00
2.517188187097889163e+00
2.665088803952298413e+00
2.580445266294329798e+00
2.334778468853204281e+00
2.324128495092616653e+00
2.716510343048813780e+00
2.871492453978196746e+00
2.067689235947034021e+00
2.364247724106923076e+00
2.821247047194122004e+00
2.968003467042124033e+00
2.883597486672101695e+00
2.853901147722593734e+00
2.794844397626892629e+00
1.886028634282378436e+00
2.412657155818005439e+00
2.400891468765956382e+00
1.883309635910479951e+00
2.276040231427408411e+00
2.991729644780162012e+00
2.662340409562531374e+00
2.583679097287866711e+00
2.774933646531364317e+00
2.890420666253754600e+00
2.321214400215865226e+00
2.773857781337321082e+00
2.517615447014828867e+00
2.139851619811274475e+00
2.635596552894102551e+00
2.704193620669952836e+00
2.799465930099224398e+00
2.757554803273111421e+00
2.575780145314527925e+00
2.778353722115721958e+00
2.927637802035753634e+00
2.298749249480755985e+00
2.412005309788117113e+00
2.147913281779157746e+00
2.659532829998928705e+00
2.810102856145413330e+00
2.733161655247856814e+00
2.870758490744438340e+00
2.869965860733378449e+00
1.821488672148992238e+00
2.185491252025177467e+00
2.286604189965248501e+00
3.105343456161773208e+00
1.968155343018961334e+00
2.764790149564163357e+00
2.625664612044094071e+00
2.534211689838022696e+00
2.656307663054483736e+00
2.942188526339800880e+00
2.426144019611941705e+00
2.334660528523367251e+00
2.157308910894820464e+00
2.483006660874299332e+00
2.907014790871818466e+00
2.783872750814911257e+00
2.762889113020870369e+00
2.375561114820709641e+00
2.348503195295263524e+00
2.869673717585011552e+00
2.924666679947616643e+00
2.290386019825636055e+00
2.541664184002609073e+00
2.478895263363202428e+00
2.897695997395148382e+00
2.703436980432483150e+00
2.327540064081353499e+00
1.839999617498105700e+00
2.948770823398864760e+00
2.360569091243541973e+00
2.432884521217563822e+00
2.658721709792194243e+00
3.039107660821221746e+00
2.552326230665867168e+00
2.719415928903976987e+00
2.459227591454767214e+00
2.738117098260960169e+00
2.936465777946415390e+00
2.935496720234886503e+00
2.791853894454709106e+00
2.765611497233003035e+00
2.169833738723989214e+00
2.701809870947717851e+00
2.124231792396856999e+00
2.542302246083024020e+00
3.011674768372796684e+00
2.817612590711014331e+00
2.897993458988519233e+00
2.742639746641840848e+00
2.800532631396157601e+00
2.720959386711213845e+00
2.439186350878650433e+00
2.422958750637842940e+00
2.120303848212042208e+00
2.601949685284985048e+00
2.752677854701947702e+00
2.147595767359137042e+00
2.618397159114274952e+00
2.425855342878391774e+00
2.056641385078532558e+00
2.144411379843061738e+00
2.701154363630028143e+00
2.083907171969805461e+00
2.073405720885374670e+00
2.780243654764988914e+00
2.582384119899098884e+00
1.793387560811617876e+00
2.581781504367726576e+00
2.632017151423845736e+00
2.394506288175878517e+00
2.845095328750440800e+00
2.498718426292686701e+00
2.251427748393382444e+00
2.705058702332730824e+00
2.619288770494142327e+00
2.782833850895107819e+00
2.086568760836616576e+00
2.430750887358767542e+00
2.355574596225924022e+00
2.594662034538459672e+00
3.044324054158159321e+00
2.691580090508241430e+00
2.948377469966836362e+00
2.550803415976216293e+00
2.501558044614426990e+00
2.878240352519707113e+00
2.332175454433225159e+00
2.160313929794468457e+00
2.678209269807742654e+00
1.992801412726902033e+00
2.379788599828184026e+00
2.795659824263787119e+00
2.415737337231901094e+00
2.658862285803517800e+00
2.014392573845696699e+00
2.730412502465592528e+00
2.550396823127095036e+00
2.328413630534847734e+00
2.522078579602358150e+00
2.632847679077868541e+00
3.014897247489705112e+00
2.472629799630873926e+00
2.834088510450167409e+00
1.846313845214132554e+00
2.455557660406143761e+00
2.735588072533486237e+00
3.033810053914878679e+00
2.664232349891061169e+00
2.775019629315517378e+00
2.704299234495309623e+00
2.180383729232826973e+00
2.407300128049145727e+00
2.617877458084287845e+00
2.112451323589034757e+00
2.940437906148628322e+00
2.681608122151213358e+00
2.737445487195751870e+00
2.632890558424468175e+00
3.066585263766984593e+00
2.357193808796886447e+00
2.690866560265122498e+00
2.489066797476477078e+00
2.200437719840093287e+00
2.458740182067121527e+00
2.247596032048856607e+00
2.910889246115567985e+00
2.788184898944184198e+00
2.989271030262527606e+00
2.669612876720921513e+00
2.536118636162725259e+00
2.448239897839657786e+00
3.005842296353952836e+00
2.603819183940463855e+00
2.954387308914570465e+00
2.298239496211591515e+00
2.766216254156089072e+00
3.037393128598252723e+00
2.283813605663052027e+00
2.793406721632563539e+00
2.764693508777863240e+00
2.744497491285272872e+00
3.023138757208266192e+00
3.000196459640529945e+00
2.508423246721910083e+00
2.879504667396234563e+00
2.888710771062232396e+00
2.569382750755734079e+00
1.997902038311370365e+00
2.356353860683895629e+00
2.438754316481224649e+00
2.094296986915617609e+00
2.587985713851977287e+00
1.814409815998598408e+00
2.661907830184659041e+00
2.615621043251814548e+00
2.931343953913311040e+00
2.571973155952921974e+00
2.766919210716643374e+00
2.554718759083373314e+00
2.779991524677120740e+00
2.700620351637435412e+00
2.610525731187523846e+00
3.019643084425283508e+00
1.924761136536507156e+00
2.248768227429517097e+00
2.283480597314097693e+00
2.699323186793405771e+00
2.313883564230663659e+00
3.129456705643343994e+00
2.573807213160454133e+00
2.514999126870344881e+00
1.994727886779094961e+00
2.233754739992861005e+00
2.406265834984525398e+00
2.869980416412630131e+00
2.728789124482382977e+00
2.654586274782771760e+00
2.877227368681136266e+00
2.513237066464827585e+00
2.649028693953508817e+00
2.631287996709826604e+00
2.340616574877889100e+00
2.351757465487197329e+00
2.227830023087153499e+00
2.919734529941482748e+00
2.624000906044939185e+00
2.276488792320573218e+00
2.520843920693356388e+00
2.594344315016914759e+00
2.373501352402316744e+00
2.894816706783643667e+00
2.785660128511361133e+00
2.696087134718045508e+00
2.694984961550410674e+00
2.328072256969738518e+00
2.468753488244349370e+00
2.744096565314089631e+00
2.150636173237919557e+00
2.872361338506779660e+00
2.658823841365394181e+00
2.218276965187612415e+00
3.046855069183826092e+00
2.667689975499437427e+00
2.969893491356173865e+00
2.768927654118207293e+00
2.536000628792573153e+00
2.807629962478207730e+00
2.772211095475071829e+00
2.648379056336538806e+00
2.138671100447615991e+00
3.095470855483414496e+00
1.903339924196258970e+00
2.906382116566646356e+00
3.028861343459908539e+00
2.879138695932303538e+00
2.452877803772377963e+00
2.451131964349822390e+00
2.695865712222157651e+00
2.743388166422763508e+00
2.390771118938161521e+00
2.982285471054857418e+00
2.893300250214850156e+00
2.724398796533985756e+00
2.400216988374540783e+00
2.879188882412542227e+00
2.942400280183157246e+00
2.424321977433641528e+00
2.749604068297112569e+00
2.288606107096021525e+00
2.663359750946759696e+00
3.054158583188842258e+00
2.592820274160558380e+00
2.706046316982137157e+00
2.891580701739510317e+00
2.816861828803268519e+00
2.554785552820832084e+00
2.773204816358561864e+00
2.569778490053798325e+00
2.639861358966336446e+00
2.712631114695101875e+00
2.732801232177788364e+00
2.419156611827712577e+00
2.180044605547895031e+00
2.568362409146497605e+00
2.369094084904944442e+00
2.695454468788390123e+00
2.467045890377505657e+00
2.707157315225748206e+00
2.263223389294381604e+00
1.771447779411817747e+00
2.910333970604503495e+00
1.990509213878540962e+00
2.646448906010973268e+00
2.900502070173225810e+00
2.684968772389388025e+00
2.834951021511623814e+00
2.638597882523689542e+00
2.656183665089313362e+00
2.150269023809618485e+00
1.996942738445221854e+00
2.739717500515029158e+00
2.073045210636929703e+00
2.071694906223993105e+00
2.449340840776925710e+00
2.538415226200851471e+00
2.735211818050355959e+00
2.942241037996945696e+00
2.767958341404556766e+00
2.813212714129895708e+00
2.969656488307855557e+00
2.879300386939100509e+00
2.476538414639580132e+00
2.839371380606520834e+00
2.261321339665784524e+00
2.460594573416416964e+00
3.018241342386582815e+00
2.182730371428498017e+00
2.021894169945487096e+00
2.865693765522207670e+00
1.786530644336891793e+00
2.447174247100609268e+00
2.509577984795217986e+00
2.723997077296804292e+00
2.576209162131144925e+00
3.036963651394069430e+00
2.227884584055619399e+00
2.400750341079082251e+00
2.723228255794700292e+00
2.316968367913097904e+00
2.096179926606462907e+00
2.444556945770410827e+00
1.949508961050206102e+00
2.640412116048783897e+00
2.536864579142539711e+00
2.570747903622942143e+00
2.642044230556512829e+00
3.044984705128391145e+00
2.971673378600646398e+00
2.835155400154193206e+00
2.878723715953286799e+00
2.964560640184976670e+00
2.382975503282430907e+00
2.840141951870093440e+00
2.866022763060374068e+00
2.965312892177030424e+00
2.795058239683153367e+00
2.238341929768248306e+00
2.472288067445910897e+00
1.961006819625331854e+00
2.477311172479788937e+00
2.537089573078984195e+00
2.442834913351829673e+00
2.694698099096877630e+00
2.461611395735794794e+00
2.800486987569977160e+00
2.536593976002404993e+00
2.729551980055682670e+00
2.369907738774561068e+00
2.536712915337670182e+00
2.309706702413901969e+00
2.612232609457202592e+00
2.715567720443751387e+00
2.623941676558170677e+00
2.614506930074758984e+00
2.613018555195802506e+00
2.111193242606452802e+00
2.880587910814720765e+00
2.705536944616201200e+00
2.523774548388828531e+00
2.408507455394395702e+00
3.017509008976220208e+00
2.414305971620060554e+00
2.769222353992752517e+00
2.788896794810455937e+00
2.270181072946914735e+00
2.654470103595989450e+00
2.621162187065195770e+00
2.285235248345920844e+00
2.671596008472805206e+00
2.989845074320892415e+00
2.466929507771009611e+00
2.613830611986536212e+00
2.573565198655547004e+00
2.135150447467407453e+00
1.954689446843657530e+00
2.202279777197219346e+00
2.092812316986436549e+00
2.610081951826098923e+00
2.697403153783332730e+00
2.877288241674799796e+00
2.846787286975306586e+00
2.726034352408253536e+00
2.178654258644987962e+00
2.625536792966415067e+00
2.472320481570954964e+00
2.700999022693763241e+00
2.353310131848613374e+00
2.055360719734081965e+00
2.360918474710200776e+00
2.577744574293954205e+00
2.566640558877859579e+00
2.844216096391405380e+00
2.531744142263498087e+00
2.063148882826252972e+00
2.728829420114690762e+00
2.426937554252043050e+00
2.217168423154435519e+00
2.459946719765341960e+00
2.746847392593941617e+00
2.159304510767617202e+00
2.044737062908523306e+00
2.318509678819119735e+00
2.875949871369601230e+00
2.930676747129405513e+00
2.853541031009267925e+00
2.422715558168967220e+00
2.809578044760964399e+00
2.988059128571630918e+00
2.829235778462851236e+00
2.662963900325193034e+00
2.431701976503624518e+00
2.576905649160651457e+00
2.822894816849363941e+00
2.882320783533530051e+00
2.479528198138592820e+00
2.536425055700928688e+00
2.311724214720940029e+00
2.623315035678404961e+00
2.055934936158509529e+00
3.052450827430805980e+00
2.508669953570683564e+00
2.243556668295872747e+00
2.144438541273101517e+00
2.556975946896639762e+00
2.759441553017734527e+00
2.003159355775224970e+00
2.247681156202739228e+00
2.593437011868122699e+00
2.631621049967661108e+00
2.536534282244824912e+00
2.768692034214088604e+00
2.839098968176245741e+00
2.186290841222237269e+00
3.108119381538589465e+00
2.465171236156456391e+00
2.504469160519441129e+00
2.679490023953933875e+00
2.558421884992465589e+00
2.066879838865497643e+00
2.875919907050609847e+00
2.281665179045682557e+00
2.667272743433193760e+00
2.512571830160834185e+00
2.711995703577778194e+00
2.502297043682779609e+00
2.447560560794385776e+00
2.314847381938061943e+00
2.653799609653165525e+00
2.778060612135806462e+00
2.688194085001049949e+00
2.628995033846492024e+00
2.308222813065998302e+00
2.323047350998962202e+00
2.551277871525868157e+00
3.053214666801603361e+00
2.355309566640393371e+00
2.564397351764206689e+00
2.223009494194071678e+00
2.409698747345280445e+00
2.647098158092337616e+00
2.407711822606771079e+00
2.383291816368205751e+00
2.936174729583481913e+00
2.760440060969216347e+00
2.672343138743587865e+00
2.840784585874923884e+00
2.856463329474148161e+00
2.812012464609420004e+00
2.838499358680047990e+00
2.553693211233661664e+00
2.834937001434495674e+00
1.960542701689582445e+00
1.963528477599316258e+00
2.581392356945927169e+00
2.819792363397812807e+00
2.543259155168898111e+00
2.778470672086530868e+00
2.294583927760006858e+00
2.491346591196272886e+00
2.469181927335750260e+00
2.628491683186072958e+00
2.987447630874574767e+00
2.153886125212129077e+00
2.638300348357343950e+00
2.818184789303239679e+00
2.655261841182794402e+00
2.247037492542284021e+00
2.588011358337267254e+00
2.205565222224604049e+00
2.986380904489004173e+00
2.751278748160828513e+00
1.960783835462378999e+00
2.550521211348689032e+00
2.269766250370937488e+00
2.246372469994252441e+00
2.691422946371485381e+00
2.455324806052156639e+00
2.667410912500812081e+00
2.693490566095151362e+00
2.452763556233569453e+00
2.577657456841065731e+00
2.273089589248380449e+00
2.470191304717776148e+00
2.879407615935774878e+00
2.126601962517294275e+00
2.292279367212618268e+00
2.911900660144552067e+00
2.451718911793240085e+00
2.602039562171603926e+00
2.717568133935681196e+00
2.600968233056717427e+00
2.959705223262611984e+00
2.929387359761350229e+00
2.740823558377547986e+00
2.325723800294421828e+00
2.093906533219872301e+00
2.300962418138500443e+00
2.081967977425734695e+00
2.363855601474642132e+00
2.840457184348417208e+00
2.753918843939676453e+00
2.477344977778095370e+00
2.055495330441424962e+00
2.722864818045630741e+00
2.475454899784546026e+00
2.836909898225266957e+00
2.791421007124545550e+00
2.960865779616090432e+00
2.928260511554735324e+00
2.597672759871338055e+00
2.786586163566113328e+00
2.193401291666741137e+00
2.907179704372519158e+00
2.442385018087863457e+00
2.427419444015668670e+00
2.652477532438607177e+00
2.862347053147224596e+00
2.711586965170162067e+00
3.053296621045908488e+00
2.449367674345734436e+00
2.680287687260052287e+00
3.008315536345544050e+00
2.033912710974140392e+00
2.657037377150763380e+00
2.342558657379647080e+00
2.558932049015838484e+00
2.536554937933226395e+00
2.366392442390037765e+00
2.103103811939961876e+00
2.589131042869911248e+00
2.885017520694091342e+00
2.595182968924645284e+00
2.830857932029822166e+00
2.014382117618233714e+00
2.770128204897572388e+00
2.818361722889780374e+00
2.797428193209658076e+00
2.838777881578788964e+00
2.838880566404923034e+00
2.845018565910662822e+00
2.427915430436620170e+00
2.106414976204304068e+00
2.819292360138950126e+00
2.464848523573060390e+00
2.255450611666307115e+00
2.496254850713196305e+00
1.915705526341317411e+00
2.838476575618773978e+00
2.521581383378045604e+00
2.414372448266243865e+00
2.793820766271923439e+00
2.980123127827253526e+00
2.914510470425028199e+00
2.158192922497292887e+00
2.428202075356261425e+00
2.734197117475464012e+00
2.661597570934004509e+00
2.398969767291509569e+00
2.914922660851064329e+00
2.811532168177712787e+00
2.740220168617765850e+00
2.686490408434621280e+00
2.512976513201427231e+00
2.814575733127020030e+00
3.047375249564133082e+00
2.329643266114304723e+00
2.716462793055804070e+00
2.531860070880406877e+00
2.751637491118315015e+00
2.268868760482922742e+00
2.691366156993050041e+00
2.007003353378337351e+00
2.269189011089706387e+00
2.637934050351061099e+00
2.586323533148191078e+00
2.208750991270259867e+00
2.848639017501119142e+00
2.978645871589594929e+00
2.557474837222898145e+00
2.682032487927857645e+00
2.789805944337250931e+00
2.247841456589131148e+00
2.358085003136782376e+00
2.978147190998496008e+00
2.462884163787186775e+00
2.899017861488740966e+00
2.004943960798492242e+00
2.862122975685897242e+00
2.787501626248460873e+00
2.704189483270723393e+00
2.351005652498119769e+00
2.455040158714137277e+00
2.277407052546418065e+00
2.127271164669679138e+00
2.244812340659594341e+00
2.539811537279968334e+00
2.049796902993937131e+00
2.829568258020026761e+00
2.349290955894206334e+00
2.549493126927456998e+00
2.076914949308500624e+00
2.475711785569043144e+00
2.121311227710287017e+00
2.359654848315013265e+00
2.364858190232770330e+00
2.229957480030384520e+00
3.002275863465639461e+00
2.769197449546280332e+00
2.581235578670433739e+00
2.762213257762513585e+00
2.047455599858734931e+00
2.325332645028317380e+00
2.831409664939603221e+00
2.305717719932429688e+00
2.849439385073797126e+00
2.338065240011770296e+00
2.503434489349780634e+00
2.651373881552417267e+00
3.003995802482902100e+00
2.338487939741805022e+00
2.614740538155590599e+00
2.420698072675683932e+00
2.591544646107975858e+00
2.170035996296529657e+00
2.493574433356245734e+00
2.762061293314777455e+00
2.544971640399489310e+00
2.579674755608634573e+00
2.584746149841122165e+00
2.689555693854715823e+00
2.023731915696234118e+00
2.371846477323420022e+00
2.294993638890530985e+00
2.497248570756179564e+00
2.535208419738210317e+00
2.379967163501750527e+00
2.688341681879134359e+00
2.358491213060356806e+00
2.882757230245478919e+00
2.383293544158897603e+00
3.084965599581450224e+00
2.153995083225994200e+00
2.082552216727512118e+00
2.663567179474419788e+00
2.916795101588364858e+00
2.701351965427584823e+00
2.878562132288751130e+00
2.723806731304995399e+00
2.421025477622690047e+00
1.824099012964124578e+00
2.706956899986987075e+00
2.132248977527981815e+00
2.434994929555393650e+00
2.966312426661178225e+00
2.166362589070076172e+00
2.299601310041341495e+00
2.641394175088427332e+00
2.613885780344348486e+00
2.648575633260248807e+00
2.461411731067847164e+00
2.975821416876093028e+00
2.969232313123220557e+00
1.951488453174752280e+00
2.896623275530664898e+00
2.671809761466481081e+00
2.782920532751091081e+00
2.735397918941999684e+00
2.697267536454325487e+00
2.885984972455239106e+00
2.580876934939829503e+00
2.755466954836739202e+00
2.848374719989441139e+00
2.002216051830715493e+00
1.897396179546710249e+00
2.224963876841650645e+00
2.528938282283226702e+00
2.757040257893813795e+00
2.696746965326116907e+00
2.621920483422041759e+00
2.455390505096706644e+00
2.643478748686716173e+00
2.646929134429961472e+00
3.082130031844332763e+00
2.634415671774148926e+00
2.225189883562377791e+00
2.364171866353552254e+00
2.287072314592620614e+00
2.709538469303519381e+00
2.794182259091544385e+00
2.427329868361002951e+00
2.480226224419521230e+00
2.595847263475083100e+00
2.495360867118547876e+00
2.510874076894831219e+00
2.508662388637389995e+00
2.323765368988602198e+00
2.167288150116051249e+00
2.618781958617152128e+00
2.861990284647232485e+00
2.676341251564721802e+00
2.285004452547072074e+00
2.539590169472234926e+00
2.654708791542540691e+00
3.013559685425975854e+00
2.638398739260249926e+00
2.761405582758039046e+00
2.677279832350492050e+00
2.885014745279771642e+00
2.145623841903967044e+00
2.467799980671030458e+00
2.498576961214949321e+00
2.820215639658832263e+00
2.469446090171083075e+00
2.060268353290004573e+00
2.330420603553954972e+00
3.076436949239134577e+00
2.248413730634432284e+00
2.609533823520242102e+00
2.647395151747769404e+00
2.584416400796156310e+00
2.692812808096070043e+00
2.995674364581748073e+00
2.745573569844310668e+00
2.673460627509375964e+00
2.763349195696335414e+00
3.031177007877995155e+00
2.384535897692573236e+00
2.874663851324304353e+00
2.731950809489086751e+00
2.737284426421310979e+00
2.976490195519994497e+00
2.958207587321264320e+00
2.696158408660571659e+00
2.401403145158793162e+00
2.676938049016831300e+00
2.093665119165395438e+00
2.675283819697122034e+00
2.253012884292018736e+00
2.547393273949162040e+00
2.787501767831088717e+00
2.672252195791910090e+00
2.609721750122109274e+00
2.752202254787841973e+00
2.794340725153676708e+00
2.466582229283561745e+00
3.073276225991174559e+00
2.744102591407713287e+00
2.184784137837420204e+00
2.473560539863203900e+00
2.626902550957534999e+00
2.557265567512468696e+00
2.983312384781906079e+00
2.365969645116410724e+00
2.468809596497486769e+00
2.569649181163867091e+00
2.855581161069999485e+00
2.527559967567436505e+00
2.839474146352261918e+00
2.999127898993482866e+00
2.721711321362761282e+00
2.834712790325030429e+00
2.492074123001599251e+00
2.791477279858521232e+00
2.888259618809290163e+00
2.294431544337635298e+00
2.670769484174629227e+00
2.589574632751598493e+00
2.833874280504521614e+00
2.623211693727177440e+00
2.370330635094342941e+00
2.769653589782822056e+00
2.880715161717724904e+00
2.403230052215387325e+00
2.776660692309554257e+00
2.758575372763092393e+00
2.652663778647691206e+00
2.723875425408811779e+00
2.420810047090840911e+00
2.320933249385896957e+00
2.626236163824192893e+00
2.496646603365894723e+00
2.545568404500852200e+00
2.201969174276965369e+00
2.604229444638192170e+00
2.835850629778700061e+00
1.896069167886188289e+00
2.019596288075185875e+00
2.666981519418115898e+00
2.712575981617198817e+00
2.261276458849494908e+00
2.462963166975138396e+00
1.956184561908752784e+00
2.880839565044745143e+00
2.606072893018740899e+00
2.985046344651252515e+00
2.667960668253048340e+00
2.827211842084734528e+00
2.591708522171737528e+00
2.610467169055297187e+00
2.815939565577511683e+00
2.498805174963120823e+00
2.168166390697972457e+00
2.497215171772330766e+00
2.694574263820007420e+00
2.334750869687619801e+00
2.270007236577096688e+00
2.938833226588815961e+00
2.572352622024827618e+00
2.545184785330920629e+00
2.571087371877715189e+00
2.954695082061638889e+00
2.830345386059225810e+00
2.626980829241229554e+00
2.070544760853267441e+00
2.235697293073680481e+00
2.707046364391483273e+00
2.563479921184784960e+00
2.818147836279031093e+00
2.842964093067073872e+00
2.188647498629097132e+00
2.580623446808341992e+00
2.413292526816166905e+00
2.604819213259772059e+00
2.954140450221196978e+00
2.709742706005401569e+00
2.845337333447042205e+00
2.691911261747074402e+00
1.893287899850332856e+00
2.686767370042930647e+00
2.973968399423182696e+00
2.476609589053951233e+00
2.601193987417325992e+00
2.945021005147922200e+00
2.525225074887737176e+00
1.945996434381580986e+00
2.389158982802246367e+00
2.578903106291722480e+00
2.324161082067947248e+00
1.890254126359885989e+00
2.952700123737951099e+00
2.202055779117516376e+00
2.095432551084447148e+00
2.574065465634406635e+00
2.506277739124539661e+00
2.463583005868590803e+00
2.344972353675785381e+00
2.655902645405582074e+00
2.496323475746672127e+00
2.580053776738569837e+00
2.546706592269308622e+00
2.704757404542090793e+00
2.613075812212601434e+00
3.040175872129338597e+00
2.652273742914556642e+00
2.744797240430087548e+00
2.648445088935881930e+00
2.082841225441346644e+00
2.300163597676983862e+00
2.249399878383539164e+00
2.911719363759077250e+00
2.773274180319294402e+00
2.820154317921751641e+00
2.820815062663974526e+00
3.009292006387139118e+00
1.834944020228785444e+00
2.524878776447026851e+00
2.184763811370136644e+00
2.549835158809837132e+00
2.651718128305254663e+00
2.584511606797959438e+00
1.912929161782139342e+00
2.582478246143073086e+00
2.642328461241166604e+00
2.458451885475015253e+00
2.642577884965662260e+00
2.497738709927177503e+00
2.724841679832968655e+00
2.713694206614855720e+00
2.616675564749204597e+00
1.938610563137187714e+00
2.611465908166891392e+00
2.514802271497642572e+00
2.445861315794710222e+00
2.703045985559386466e+00
2.672962998889960584e+00
2.507034555423893529e+00
2.746873287119477869e+00
2.296258229912075954e+00
2.716029704976936188e+00
2.632950011459814554e+00
2.772163014610597553e+00
2.341086885709690701e+00
3.064921932555563000e+00
2.660147349963431829e+00
2.493688535288004715e+00
2.963825523787128269e+00
2.529856167318265570e+00
3.027800866583051143e+00
2.000534423468618428e+00
2.507413016797175320e+00
2.657970792816141348e+00
2.802619696080422607e+00
2.693264479531473299e+00
2.303368843153125400e+00
1.937998226989817052e+00
1.996351953888733766e+00
2.549434532945811682e+00
2.760196296339562760e+00
2.126056995566850016e+00
2.771368184964658532e+00
2.570801118992755097e+00
2.509301415087136888e+00
2.445137197402062146e+00
2.840637974119822218e+00
2.657976290092822325e+00
2.114791060798701938e+00
2.965663781653453679e+00
2.911307226104427937e+00
2.458080316818809674e+00
2.124743389923643644e+00
2.578675585631919009e+00
2.386723455127372162e+00
2.523748465756460835e+00
2.727271885889490211e+00
2.501635802386326990e+00
2.409649011117322104e+00
2.081498101010187174e+00
2.378324410914955500e+00
2.255556357511920851e+00
2.484641170842623481e+00
2.869081886712614882e+00
2.850356479395809384e+00
2.742871815442232464e+00
2.679485614252189674e+00
2.362606201745354628e+00
2.180487917443326040e+00
2.624769961723155909e+00
2.268332044990569507e+00
2.880823833520020028e+00
2.320380418048390680e+00
2.317116066442770794e+00
2.855134457322114461e+00
2.501076960089467338e+00
2.421582340518939169e+00
2.766174904196796458e+00
2.286728607213813991e+00
2.279851528081699996e+00
2.904225821469982538e+00
2.505742561532839918e+00
2.219076370906419626e+00
2.619706999188723628e+00
2.304173801806908894e+00
2.835345905840342962e+00
2.789310673438408106e+00
2.849370905778216834e+00
2.601862168253991303e+00
2.554010814595399914e+00
2.917982574197691914e+00
2.577570724468661645e+00
2.460942312521440467e+00
2.774924942544856776e+00
2.678073290172785725e+00
2.436580771041274573e+00
2.985323769972686225e+00
2.745660547524790829e+00
2.211900301199945851e+00
2.570943736293509918e+00
3.027555507467722951e+00
2.775029582475146306e+00
2.720390085395032909e+00
2.905819102417749988e+00
2.516223645049787461e+00
2.789332370627356283e+00
2.574335481895018596e+00
2.151850306906575305e+00
2.952168156475401872e+00
3.031484840675103154e+00
2.315716404948016560e+00
2.663936489245644523e+00
2.243166634382836477e+00
2.767449512118253629e+00
2.301061393947577027e+00
2.561080345851439510e+00
2.492285631530945178e+00
2.352756794010129937e+00
2.645237402997758114e+00
2.876263642876650817e+00
2.443798738633396805e+00
2.567911520997123276e+00
2.164749064077450935e+00
2.979897172917649772e+00
2.908349787861788549e+00
1.957246902897797902e+00
2.277242152246233609e+00
2.771095771825518028e+00
2.549268336188471373e+00
2.255420200422058485e+00
2.322173303417183643e+00
2.770897314174824100e+00
1.957276558422939239e+00
2.243587923958056507e+00
2.693554423684244359e+00
2.029804931039128846e+00
2.715005343673007054e+00
2.744909538695190498e+00
2.370198889829485900e+00
2.534607559434600255e+00
2.201915715209634250e+00
2.641072877359767368e+00
2.651093756632929122e+00
2.663465033495604928e+00
2.447048131757755929e+00
2.445575387558919900e+00
2.122720281994616265e+00
2.618088306211438177e+00
2.508071925405099378e+00
3.055023011747235007e+00
2.996626613054344190e+00
2.438301154212383359e+00
2.284608435312558861e+00
2.780627910759360333e+00
2.260881208749030868e+00
2.866173930999937447e+00
3.039107143056474669e+00
2.728983169362655392e+00
2.122477427210482492e+00
2.369549087025067280e+00
2.862637494886111522e+00
2.469576410956611845e+00
2.218961234210063971e+00
2.782792925642414428e+00
2.428815515717253071e+00
2.341449779351706617e+00
3.005914428034754504e+00
2.522465846564618808e+00
2.359220084058813782e+00
2.729399756870401816e+00
2.320790605350341984e+00
2.320483151950308631e+00
2.405921484212325545e+00
2.450598861989352173e+00
2.749138304915879960e+00
2.647125780040077814e+00
2.428781304933567586e+00
2.582308582260093299e+00
2.777300215050261478e+00
2.419505121302810036e+00
2.450849121460220825e+00
2.838103170835891476e+00
2.856880081148950978e+00
2.954284995844763451e+00
2.572499472743284166e+00
2.804852198589640189e+00
2.258734582636291677e+00
2.695498480619276549e+00
2.878258643166058395e+00
2.906319904311355007e+00
2.767051339905132856e+00
2.595798736215689129e+00
2.026684516745147491e+00
2.508222713009154337e+00
2.458197141154682797e+00
2.062705925351667524e+00
2.745997396915846878e+00
2.817606373337060433e+00
2.276286759353046030e+00
2.363618474126862434e+00
2.254128551562101013e+00
2.764161347921703538e+00
2.692325806083613493e+00
2.668987452234536484e+00
2.739370293468775142e+00
2.705013015168631352e+00
2.467174304549854202e+00
2.843277100859211703e+00
2.952326963998115783e+00
2.271369671754750019e+00
2.764979626988609773e+00
2.566625013051361037e+00
2.885268922187274931e+00
2.859561048664530869e+00
2.126209306215444350e+00
2.926517504205229159e+00
2.997560539077001263e+00
2.604518565916510653e+00
3.052389938713897966e+00
2.720045011620338737e+00
2.206245720136462030e+00
2.428713018302590232e+00
2.546101974769004350e+00
2.675192751149450654e+00
2.554740494704792475e+00
2.837238215247289475e+00
2.988783574632129181e+00
2.556210582972642698e+00
2.565278664112728979e+00
2.473140467674104670e+00
2.406974607797521593e+00
2.792631637821343382e+00
2.706175224411290881e+00
2.818350189848490395e+00
2.801001240715037088e+00
2.308466881704882567e+00
2.812334534049896195e+00
2.648733383411734366e+00
1.980209532006805606e+00
2.351918333950883344e+00
2.902873466583691275e+00
2.527668907962096423e+00
2.920301856982137512e+00
3.073380942726979814e+00
2.112111756048485223e+00
2.688031239416959650e+00
2.984270045888158140e+00
2.550222795663529496e+00
2.362456398954133618e+00
2.704059682478009652e+00
2.697128064364110234e+00
2.743132771061544517e+00
2.580599309234891336e+00
2.560232383973751968e+00
2.599255371496279832e+00
2.912618024806315820e+00
1.651291918856025553e+00
2.432527887099090513e+00
2.944466516302465475e+00
2.667917995142429888e+00
2.620997918154810868e+00
2.407460483912772009e+00
2.692297555948232723e+00
2.240483595346531409e+00
2.071391792131200837e+00
2.635106948482904166e+00
2.712211981911186065e+00
2.559283679829927660e+00
2.848110470315501797e+00
1.848826317010040077e+00
2.513278137472324758e+00
2.740189927106568391e+00
2.415077282751296739e+00
2.609855241428709949e+00
2.109871175918433206e+00
2.405904372328080409e+00
2.589774755474627099e+00
2.868966962834965884e+00
2.793553188543054677e+00
2.898505470078382551e+00
2.470848939813866441e+00
2.709455404377675070e+00
2.448766249638839820e+00
2.822890498624081257e+00
2.686924594227467544e+00
2.757382160768873547e+00
2.637986609688733886e+00
2.953908903527267427e+00
2.166043314694795718e+00
2.792792094100368328e+00
2.275655886652829807e+00
2.906788256650983726e+00
2.726227296577312664e+00
2.770259427479480507e+00
1.952826560578635240e+00
2.784664691978068873e+00
3.135077932120855504e+00
2.925740665283359743e+00
2.992275879490551294e+00
2.340329325301213181e+00
2.632282273031362418e+00
3.080265264027729710e+00
2.497841583916843078e+00
2.139729648360504832e+00
2.762263721486453605e+00
2.605563771961203923e+00
2.033251289499390602e+00
2.661345710319518609e+00
2.727277502975521184e+00
1.924493095063755765e+00
2.939010743197753239e+00
2.878983893136100924e+00
2.580779343858643937e+00
2.986368531632174417e+00
2.628277656590784606e+00
2.718110819150703517e+00
2.108200100351308670e+00
2.261851722902926021e+00
2.186326572231527265e+00
2.063802644938683706e+00
2.717310814710794720e+00
2.734104289510073116e+00
2.919603826669856517e+00
2.493535394765379998e+00
2.143618024251807697e+00
2.713090328260679307e+00
3.081004943623522507e+00
2.076093005450459827e+00
2.457180148544030107e+00
2.669696189954351428e+00
2.138870545796641487e+00
2.423027078990086736e+00
2.580544194211192188e+00
1.947753025473714317e+00
2.172304439169024270e+00
2.657034725066623970e+00
2.840267175685075252e+00
2.564450694515737261e+00
2.067077100746414153e+00
2.666576895933564728e+00
2.927410172997103377e+00
2.133855292489963418e+00
2.331389017074657843e+00
2.170260165671674457e+00
2.443517597409240238e+00
3.009129960165592088e+00
2.307635055353462583e+00
2.729912253177292136e+00
2.482528389950110270e+00
2.859479537975081698e+00
2.330181027132535831e+00
2.742686709081201712e+00
2.266883113694992957e+00
2.564000935177845442e+00
2.244253097386556206e+00
2.967344038583918042e+00
2.804632860400390726e+00
2.647544364114163162e+00
2.913863198034769120e+00
2.503921049756822281e+00
2.905736134004472948e+00
2.497255306224885452e+00
2.628904543439516406e+00
2.723948026360162977e+00
2.243283806239650513e+00
2.517622344281336133e+00
2.393030923511511254e+00
2.946738473812453130e+00
2.554819354910663254e+00
2.832261171083378049e+00
2.311928842960536468e+00
2.444530942313789534e+00
2.969778497331000189e+00
2.717289083144347916e+00
1.937747876133167901e+00
2.315470703742947389e+00
2.453368092807874934e+00
2.627273705192924247e+00
2.099217088736058834e+00
2.479870305919640749e+00
2.495724947745596278e+00
2.812005938411739958e+00
2.231939648405502741e+00
1.737603748748889343e+00
2.920535040586085263e+00
3.015155723729054049e+00
3.061796730065981631e+00
2.924470774559655428e+00
2.886753749964798832e+00
2.952424614520600343e+00
2.554143177617697713e+00
1.989884536651804758e+00
2.719412797490442735e+00
2.337507044614165252e+00
2.432755749397256473e+00
2.802203824428066703e+00
2.422751623783611752e+00
3.038997135475911993e+00
2.719145648256138248e+00
2.647950257054077383e+00
2.768792686902401101e+00
2.328292100037043344e+00
3.094202351701621279e+00
2.562021214255127521e+00
2.934291399980764936e+00
2.344617392189876970e+00
2.643064108138202695e+00
2.299589534723238682e+00
2.865872105034661832e+00
2.693107677304349856e+00
2.357754496622954665e+00
2.101124918731529956e+00
2.509351588219066898e+00
2.552790801976352331e+00
2.754637726376891749e+00
2.417989809885861874e+00
2.463700498513901493e+00
2.526296104405480580e+00
2.974431909157916998e+00
2.513848666793489173e+00
2.675388368446903531e+00
2.646212130056049716e+00
2.467724277009060163e+00
2.695031011997227832e+00
2.394706800794563328e+00
3.056243358926341358e+00
2.273485214173838198e+00
2.284377247207529660e+00
3.102113143693387531e+00
2.342683768813364598e+00
2.900635801928896917e+00
3.117046249816467718e+00
2.218591096049425726e+00
2.502670072800170509e+00
2.767559582304007115e+00
2.672382028285632316e+00
2.665400869369193515e+00
2.471716328884713043e+00
2.374916996046862128e+00
3.036534793794025688e+00
2.230452591925288441e+00
2.565160241394663920e+00
2.478862290027171067e+00
2.154910959634120715e+00
2.239216684099518240e+00
2.230652761392061478e+00
2.976480873491316181e+00
2.712847192617133807e+00
2.523301766450860573e+00
2.514555904045844947e+00
2.936602675913937865e+00
2.859132866791525007e+00
1.761024355533923336e+00
2.469883657220908635e+00
2.796109472704706000e+00
2.997436684592926337e+00
2.581167546709464578e+00
2.545888247270558846e+00
2.903927891299876052e+00
2.422731168007862035e+00
2.294682983635332629e+00
1.743235683297027272e+00
2.637943053202937538e+00
2.448869955577844593e+00
2.175827473250640409e+00
2.647905881309383869e+00
2.733293660460293317e+00
1.945773336548127785e+00
2.570117702642793489e+00
2.938854884585123450e+00
2.702592195235015815e+00
2.766676963924707522e+00
2.422993026891882007e+00
2.271986912234625677e+00
2.083519395305009958e+00
2.841534485564771728e+00
2.248641198082752979e+00
2.821769709851926322e+00
2.202152417358762548e+00
2.931376614477660070e+00
2.732598452050420512e+00
2.495384917963751281e+00
2.779211348654131442e+00
2.574483494495899638e+00
2.203278238643100018e+00
2.856583717448520687e+00
2.604218061738933443e+00
1.985811090754878938e+00
2.583576062653568428e+00
2.779951943439946671e+00
2.741830475625939734e+00
1.967924290271277021e+00
2.665073659207211065e+00
2.023799517547185456e+00
2.187182979411325334e+00
2.149641385565338236e+00
2.891656362934217572e+00
3.064353917793048776e+00
2.311236362301752223e+00
2.806096686755344738e+00
2.085772683727484367e+00
2.994118654264694701e+00
2.833895251751585853e+00
3.087076438135658574e+00
2.622200796203752127e+00
2.807510909920859277e+00
3.062752074399839319e+00
2.847822746058246590e+00
2.971708903732522167e+00
2.670601806022035785e+00
2.767994314855045879e+00
2.413661392892413549e+00
2.251753513185074773e+00
2.562286199822657817e+00
2.851159982672466064e+00
2.852227110658807963e+00
2.279809669983091425e+00
2.646437085313259274e+00
2.958513888270065451e+00
2.054466363975878451e+00
2.658054322774216605e+00
2.479153365465032177e+00
2.738559823397739734e+00
2.577814387797046081e+00
3.006155731592703440e+00
2.773192397583071678e+00
2.873052178390527622e+00
2.319360537622614071e+00
2.036921548711808860e+00
2.762154915499655417e+00
2.310037997173128854e+00
2.248780064552308389e+00
2.544000541185231334e+00
2.267798128883489639e+00
2.506125521105222020e+00
2.949324164816907068e+00
2.978433781615248854e+00
2.963657642010173454e+00
2.446887616425241330e+00
2.444807977709600788e+00
2.871382310091856738e+00
2.459124610107662257e+00
2.661119774312535657e+00
2.571196457357291187e+00
2.703555176578192221e+00
2.460808023180609538e+00
2.546760769084476905e+00
2.670040280142983669e+00
2.130795697605058159e+00
2.123156966534870627e+00
2.676216128842450193e+00
2.338361616277847332e+00
2.098929384781907714e+00
2.936821884162398533e+00
3.034120430191816098e+00
2.185485443464338928e+00
2.760554864789314333e+00
2.545889977902452195e+00
2.485796511890082883e+00
2.919123833871208884e+00
2.598447234676657835e+00
2.778405661299541141e+00
2.699805797837144361e+00
2.760260561959929415e+00
2.668710442652737935e+00
2.097290025093723642e+00
2.755280113642853301e+00
2.490862476479714704e+00
2.369328442495967302e+00
2.373302799775572680e+00
2.079989929224150824e+00
2.695112559068647773e+00
2.422393790886032683e+00
2.817814814812881874e+00
2.428998375120721587e+00
2.475868000097774857e+00
2.932526602975739305e+00
2.357795052033789140e+00
2.350909265432792772e+00
2.781402565365877155e+00
2.675462625468875810e+00
2.123364010947266678e+00
2.896545641021542217e+00
2.339165064068469135e+00
2.839410827572717455e+00
2.150940328766645315e+00
2.344080525683412741e+00
2.453005392395179118e+00
2.617951137982819088e+00
2.608508747255283922e+00
2.783937208949686770e+00
2.399516852064800254e+00
2.549256705999918715e+00
2.230100648547944431e+00
2.342009950493765036e+00
2.286354834344975995e+00
2.365127159351320785e+00
2.070374642810010712e+00
2.632227308670364252e+00
2.776674579413308752e+00
2.392203509622774948e+00
2.395636977700691173e+00
2.847279952299426764e+00
3.025706141824454409e+00
2.958485083643780378e+00
2.935904314372113078e+00
2.490837618851379887e+00
2.765263476488729832e+00
2.523673926628632547e+00
2.618738027741816854e+00
2.533727899008647366e+00
3.023588147114166347e+00
2.556034862831276566e+00
2.442309305040831990e+00
2.859118383547130104e+00
2.271265808455701141e+00
2.257709023495711786e+00
3.027407270163803066e+00
1.977029701108542259e+00
2.669789400389100287e+00
2.652470479111703305e+00
2.594108312698622854e+00
2.342254744042588932e+00
1.804376644288824716e+00
2.833763532205075375e+00
2.492915353951263402e+00
2.328360012845124061e+00
2.680332354513658366e+00
2.337596981972748900e+00
2.689929703317068821e+00
2.598295613908869761e+00
2.954764759612909852e+00
2.855780362650140347e+00
2.784689230301856888e+00
2.687550985633414768e+00
2.583410332889039651e+00
2.125906260162622630e+00
2.546496355738142370e+00
2.572688485416524617e+00
2.613814983217076282e+00
2.512130676503078419e+00
2.922596229978040583e+00
2.246547917156924257e+00
2.344475023835999927e+00
2.412677456499361384e+00
2.123080769635746989e+00
2.388348136839791191e+00
2.301525251280146289e+00
2.695098674341430911e+00
1.974572997961413945e+00
1.775394796418960253e+00
3.015649982654023731e+00
2.646287016664505387e+00
2.868366813011122840e+00
2.865822424913104793e+00
2.993742865293718136e+00
2.546323949579723855e+00
2.963188530656174713e+00
2.325634308462990241e+00
2.871043838752917576e+00
2.927098561394632092e+00
2.007537683571430698e+00
2.881441917204239367e+00
2.487571239387236233e+00
2.547945080070934232e+00
2.356818644883955205e+00
2.419102927934909886e+00
2.364978258021720237e+00
2.391056386874370610e+00
2.821521232437244731e+00
2.731148627142687690e+00
2.185498077759242097e+00
2.739748971079932538e+00
2.424415691306658793e+00
2.091448874404443714e+00
2.569264783378442107e+00
2.450017865354611413e+00
2.608693019796527679e+00
2.131717462388176276e+00
2.558795929550868209e+00
2.264090544036894581e+00
2.586102564711011631e+00
2.671857508276950455e+00
2.643405007151368391e+00
2.584928193181077027e+00
2.907319232755909866e+00
2.843401503481127524e+00
2.747947265240562764e+00
2.751673376348635180e+00
2.656302865753950471e+00
2.826577015780384894e+00
2.510695049564556136e+00
2.421805082881062443e+00
2.008250082136687986e+00
2.765560967748124988e+00
2.429325837388115694e+00
2.370308772967964384e+00
2.501466645033465497e+00
2.955481603688033143e+00
2.354480996462106290e+00
2.517722804274816539e+00
2.092918289735490767e+00
2.828666199221186783e+00
2.985693408674810811e+00
2.143539498767792928e+00
2.689977155097739381e+00
2.727298435519303510e+00
2.332730934474912754e+00
2.779190888500110201e+00
2.402837403060627874e+00
2.385586009249370143e+00
2.441424954735443631e+00
2.829709859603787514e+00
2.864321328255863719e+00
2.359568722907432026e+00
2.677669019258235306e+00
2.515788781247914052e+00
2.290291673821045038e+00
2.633292581341392768e+00
2.691750084277549693e+00
2.238280767260817594e+00
2.359874514315424499e+00
2.361771727581942315e+00
2.794891449763369451e+00
2.529889756781333876e+00
2.402942327644106424e+00
2.764864185217310144e+00
2.954333495294069412e+00
2.627989532252880789e+00
2.186609059064470006e+00
2.940365357619685316e+00
2.560144850804600303e+00
1.758807463558820006e+00
2.451036063537703757e+00
2.888477378766174830e+00
2.459917608278195722e+00
2.993127503586938243e+00
2.512833379174819193e+00
3.002289277572682380e+00
2.195236067080642783e+00
1.855386558774706929e+00
2.799938701540960917e+00
2.803488566478130384e+00
2.343104908517315010e+00
3.041737849583264541e+00
2.925995043322900280e+00
2.733876250202542213e+00
2.029582127165926231e+00
2.201591151600359453e+00
2.508526036636707257e+00
2.913684735901485023e+00
2.889930085627192113e+00
3.065901144318292193e+00
2.609205354794042364e+00
2.745300290089883077e+00
2.207756228140593802e+00
2.308611588304372297e+00
2.084701406536185964e+00
2.390741752640694884e+00
2.964862639177167303e+00
2.681972954037660450e+00
2.593780791346487202e+00
2.662890183413008760e+00
2.747055357871389880e+00
3.013428682815834314e+00
3.031553027714092519e+00
2.431340386746356330e+00
2.931214232853685431e+00
2.972998745138306642e+00
2.685069779709188253e+00
2.238362782281654972e+00
2.479277269714323051e+00
2.592866521011356173e+00
2.354501366505926896e+00
2.210600465242885448e+00
2.520690111995686600e+00
2.674228466977350394e+00
2.542808776177339247e+00
2.691931718065940338e+00
2.646272030357450067e+00
2.076193848978048706e+00
2.082023104894439314e+00
2.844855609203782887e+00
2.250238008463655959e+00
2.412204564438038545e+00
1.881929694118657626e+00
2.879903684648960294e+00
2.632677007644569578e+00
2.304177418170234137e+00
2.764533725721147306e+00
2.608551554305483577e+00
2.864254702876209535e+00
2.334583412494690702e+00
2.628720255274370921e+00
2.906675811732466919e+00
2.102745530349132252e+00
2.422171520912581144e+00
2.385165484081365861e+00
2.174868066952428070e+00
3.039645296814541098e+00
2.028972174833151065e+00
2.095349052696958481e+00
2.860959706676958980e+00
2.484098190255942473e+00
2.570726501574084999e+00
2.534726366499866490e+00
2.924375322493801832e+00
2.764383097661475830e+00
3.128828452205792754e+00
2.946091215741295510e+00
2.523917116782973036e+00
2.762954025547163628e+00
2.156446972302311416e+00
2.152651135763500534e+00
2.241677916586989117e+00
2.971443132096134310e+00
2.895901162251228733e+00
2.764810157602465956e+00
2.616266173237644654e+00
2.813802712738392220e+00
2.917966486303965379e+00
2.885861534581472654e+00
2.845482269424193689e+00
2.624337350272784697e+00
2.262975366910832342e+00
2.275579459889001566e+00
2.796456903692658091e+00
2.854756894894195707e+00
2.482042860687142305e+00
2.820387853958040925e+00
2.158288507196981065e+00
2.807582217074672037e+00
2.514259429917717448e+00
2.607907328987220996e+00
2.549131412601941982e+00
2.312895064103634102e+00
2.229364959162045690e+00
2.560064611928963174e+00
2.300650975653991459e+00
2.755239941177185958e+00
2.904637702833206436e+00
2.793779314200600883e+00
2.564985651888293638e+00
2.140730944894460919e+00
2.561945775787330071e+00
2.332995454855966155e+00
2.687488805635639633e+00
2.318817664092351905e+00
2.251214373535283197e+00
2.375784427201794724e+00
2.927815066635528485e+00
2.363342779558689433e+00
2.816925888067912886e+00
2.127608429147997526e+00
3.053344960898594085e+00
2.876668574387188038e+00
2.630494622505062274e+00
2.249397603459577066e+00
2.961396132456526331e+00
2.505587027903041886e+00
2.361115704018839523e+00
3.082613191070717296e+00
2.460128519747381670e+00
2.794346852633866618e+00
2.889564878251746904e+00
3.048772718852028607e+00
2.535663097203273875e+00
2.333483794237212638e+00
2.115126910874518984e+00
2.597662967850333793e+00
2.471888983966038289e+00
2.840474796113553690e+00
2.184608945983762762e+00
2.946846602986827435e+00
2.912710852844213605e+00
1.934812032961062078e+00
2.282799557263346824e+00
2.828292620209329922e+00
2.324684317478047380e+00
2.604743402482028181e+00
2.523655454974476520e+00
2.254365801866586860e+00
2.379065826343384149e+00
2.972695094909717284e+00
2.696401956820558166e+00
2.854999231194343956e+00
2.361811405011856380e+00
2.350874462195771564e+00
2.659792114949528941e+00
2.318455405981362460e+00
2.575209003251605289e+00
2.656767121081370142e+00
2.759174506978037567e+00
2.385908437166571971e+00
2.328091756229242026e+00
2.433484918545094633e+00
2.901165403728249270e+00
2.482802394367135790e+00
2.915434368606851567e+00
1.969000313301802807e+00
2.200155891014915710e+00
2.428354335033922062e+00
2.768621931935924874e+00
2.248860390398444764e+00
2.560621715939278786e+00
2.506784224216403789e+00
2.456607119513130932e+00
2.992440552470696069e+00
2.340545606749144802e+00
2.269838587903409977e+00
2.226487575640404337e+00
2.725225219107231922e+00
2.310145819350095664e+00
2.301788590839236814e+00
2.405615749238719570e+00
2.659183350076299579e+00
2.734239779989288799e+00
3.002664201506659580e+00
2.524380269407481503e+00
2.479018545239250582e+00
2.685185735300547716e+00
2.836794537265032279e+00
1.995937023615139250e+00
2.389507480312206056e+00
2.293807447310961756e+00
2.607850030966388566e+00
2.521544552634767733e+00
2.889042864026877933e+00
2.559308929968444613e+00
2.644511923195873582e+00
2.541098907852242128e+00
2.416185222926417353e+00
2.488895028860052872e+00
2.562195116055252520e+00
2.346323827960823394e+00
2.019621065290758466e+00
2.359678323736149164e+00
2.647353395728626602e+00
2.319207645181609934e+00
2.830060418454378279e+00
2.294827902864036595e+00
2.694542623088915789e+00
2.682903050123428557e+00
2.197149977507355079e+00
2.871405268528004484e+00
2.293079917557071301e+00
2.684575607156066468e+00
2.180227247439706861e+00
2.746817521813529339e+00
2.936515251868704990e+00
2.165048806121983471e+00
2.348176651234934020e+00
2.744520931174911471e+00
2.494749855107696312e+00
2.914746238546932933e+00
2.837859379590590869e+00
2.326232139019501766e+00
2.554512172895440081e+00
2.957804903336548552e+00
2.993173769859539757e+00
2.649288675702392570e+00
2.996246740200302572e+00
2.386042970007263175e+00
2.528231962611489081e+00
2.588625104286713441e+00
3.027526270863921454e+00
2.945082716101972142e+00
2.710046000358558249e+00
3.096068550884577775e+00
1.899637364523873551e+00
2.614670831262852602e+00
2.513529148366425936e+00
2.397561531277433211e+00
2.350651032939089724e+00
2.960045277056809532e+00
2.960219729541212264e+00
2.628859179496102705e+00
2.534320358909380566e+00
2.858649525829084048e+00
2.929251297924627462e+00
2.125220816666713475e+00
2.946029683823061518e+00
2.225484932277290717e+00
2.840857639116678879e+00
2.764363075944589188e+00
2.950019042852914719e+00
2.909421979824489135e+00
2.722436830018485132e+00
2.963640839533000726e+00
2.615435878121131541e+00
2.203681607722241864e+00
2.315437416414393823e+00
2.456774251044875790e+00
2.668904547685768236e+00
2.312063269406229082e+00
2.371984513976376441e+00
2.488843488421713879e+00
2.475406008463807428e+00
2.254666820447126963e+00
2.791292377068087305e+00
2.426243389581411947e+00
2.886238007814772466e+00
3.117233549370157064e+00
2.760061460158687030e+00
2.866003019228232862e+00
2.912796691152291118e+00
2.598666692640798193e+00
2.749353075195259066e+00
2.596283749504249005e+00
2.947376677774095288e+00
2.709592005291376449e+00
2.971022571421538583e+00
2.720821837025481305e+00
2.478714160562187629e+00
2.337123389854598443e+00
2.720814650261798917e+00
2.835289023494056426e+00
3.082833069345324528e+00
2.541103295615894098e+00
2.596890294958154044e+00
2.494585092811685278e+00
2.583788701635981955e+00
2.610306913711553989e+00
2.461038636557997261e+00
2.439962197497014706e+00
2.532595004420719942e+00
2.864968546856717868e+00
2.556859217792663230e+00
2.419864183279651026e+00
2.392809627927481753e+00
2.699950640725329087e+00
2.590017020001724735e+00
2.770626651075902558e+00
2.734846157382256226e+00
2.752424750914576279e+00
2.820799196049419866e+00
2.883021919819039436e+00
2.458488685888937209e+00
3.026539834184769351e+00
2.830115611955894117e+00
2.626377302636677236e+00
2.454235120382166180e+00
2.706527210952511808e+00
2.295108875494792144e+00
2.718738163501464022e+00
2.650233555102747829e+00
3.005195276967930429e+00
2.727187425489287165e+00
2.492921765685154334e+00
2.430787661291332391e+00
2.175613524774639984e+00
2.588063074133673425e+00
2.207775897035162416e+00
2.321302008644108295e+00
2.034582230599686348e+00
3.093469411443431127e+00
2.692181446679778656e+00
2.840389181887466474e+00
2.757045085625883463e+00
2.535030144485156622e+00
2.453809686989478767e+00
2.586058312798279246e+00
2.819706549565610398e+00
2.661778470908926497e+00
2.097399534422127232e+00
2.717151112439710747e+00
2.859220065131792055e+00
2.511180954331742932e+00
2.963997937116884085e+00
2.167038412035005468e+00
2.737399247684514147e+00
2.781723890139169875e+00
2.759645406587746930e+00
2.794561426563868523e+00
2.936922444379018948e+00
2.499986214366416881e+00
2.386365344230761742e+00
2.464711565139755756e+00
2.194129607740758381e+00
2.802627937713128681e+00
2.463603282569964747e+00
2.417270534389562187e+00
2.526925832536788263e+00
2.784155999042364549e+00
2.125044540351878730e+00
2.627866512092225104e+00
2.854524905851234529e+00
2.817867275768287438e+00
2.752570836776829566e+00
2.486274925840673333e+00
2.110059164581755020e+00
2.835145178098497087e+00
2.928419747527657435e+00
2.941760323653781484e+00
2.715236812702113589e+00
2.326511934966747575e+00
2.310331900501789271e+00
2.817678615381260521e+00
2.811912323338285002e+00
2.296654634147648366e+00
2.224693934731357015e+00
2.493150352768868316e+00
2.868353627980014142e+00
2.559087189035477827e+00
2.186024692306222317e+00
2.754317100571597177e+00
2.663110047690670168e+00
2.620131731727717739e+00
2.383106981813000402e+00
3.090199541472741451e+00
2.475973653902591387e+00
2.079285568714786869e+00
2.485612601595908799e+00
2.901183094589151690e+00
2.127508114461768685e+00
2.385891223466935163e+00
2.247381949866404938e+00
2.446624624960283434e+00
2.938522754567482131e+00
2.550815794362357725e+00
2.430854160043295575e+00
2.425830211926221391e+00
2.846306164977809416e+00
2.341306986047054561e+00
2.358610033321972388e+00
2.513515941155366473e+00
2.481313379165740685e+00
2.943896253201820912e+00
2.110668645156724033e+00
2.424735079313217412e+00
2.472217879630221216e+00
2.758563697396135606e+00
2.142718461052364631e+00
2.526493843110770410e+00
1.831634008763971533e+00
2.285952516312746319e+00
2.833294689113798004e+00
2.528930940605287336e+00
2.133661876120779510e+00
2.661077174324489647e+00
2.578346120805705688e+00
2.869758475442337087e+00
2.585951778720054772e+00
2.387332236195505608e+00
2.486011227651351518e+00
2.119920809857925192e+00
2.834335647940384284e+00
2.560241424791069864e+00
2.414152832931832027e+00
2.357080571266762181e+00
2.849015973765125054e+00
2.608137627356679200e+00
2.955977890729755142e+00
2.697712118777264134e+00
2.464961454192806656e+00
2.888169708400570634e+00
2.219968740759388659e+00
2.866926043082799858e+00
2.403596637527907642e+00
2.994084829100677414e+00
2.873897792607567503e+00
2.565013207068355783e+00
2.516466681209476253e+00
2.605681254419617510e+00
2.923025497189359445e+00
1.918113203436905279e+00
2.590378941576205740e+00
2.126067134768575784e+00
2.354723539059672355e+00
2.283876477526867621e+00
2.793961861469700381e+00
2.308213752429893351e+00
2.310551049938758261e+00
2.413083001747371004e+00
2.264494379290966641e+00
2.598249081285550766e+00
2.043979431739598951e+00
2.545257493447713237e+00
2.294485701389806120e+00
2.439292015116506729e+00
2.820731260259946360e+00
2.864861937833405925e+00
2.617588917225060818e+00
2.399569175054025560e+00
2.234916515813052840e+00
2.591993042866095553e+00
2.509593052001811042e+00
2.541513266125336568e+00
2.304784857322327518e+00
2.781310201067792587e+00
2.379138820399065768e+00
2.522735460145340447e+00
2.172421160212913094e+00
2.815016931603396610e+00
2.262169161930952743e+00
2.133751613582117734e+00
2.528504974171509545e+00
2.281118011939313295e+00
2.378252972754059780e+00
2.357956031056366530e+00
2.987554854993730746e+00
2.840137727330578787e+00
2.131212580101064624e+00
1.807963556731635668e+00
2.448238547970425838e+00
2.726696243931999053e+00
2.526832503252947948e+00
2.574330582160208714e+00
2.527850961577218225e+00
1.912274109293590207e+00
2.991680242097447540e+00
2.677401904491432560e+00
2.599609937613602373e+00
2.348998664630792099e+00
2.717950641710993320e+00
2.115274168189186454e+00
2.183243337853113086e+00
2.517732310566097809e+00
2.310309063665840323e+00
2.982268483405923210e+00
2.848354888714879074e+00
2.562332580240173741e+00
2.245443497616987916e+00
2.833180853043388403e+00
2.550202287653176025e+00
2.568855075077257855e+00
2.569167392007657647e+00
2.264034678561889891e+00
2.615701472054944965e+00
2.547391757271205037e+00
2.765036327277919703e+00
2.285145752366257277e+00
2.440771815239602294e+00
2.626082588522192562e+00
2.414693093033258187e+00
2.236828550902004054e+00
2.473445858617571602e+00
2.181769326281645327e+00
2.887885858840815612e+00
2.822115983926877014e+00
2.420928853127934044e+00
2.306039828693060567e+00
2.483687603678099265e+00
2.617508458405318983e+00
2.537127823051072539e+00
2.791792226620284367e+00
2.291978078698404531e+00
2.770218281565388185e+00
2.104134314503144587e+00
2.527324545453886628e+00
2.822794213755239756e+00
2.749140027235712047e+00
2.705288566755203572e+00
2.761518957286741571e+00
2.145605056064751714e+00
2.646623649024161029e+00
2.131875712916635912e+00
2.861267698805752602e+00
1.898195904173469728e+00
2.994992356431916747e+00
2.286818494788199985e+00
2.733099455912448406e+00
2.674994406342895203e+00
2.893032367343277400e+00
2.545552268125143236e+00
2.978588546200812814e+00
2.403256954792289957e+00
2.801848104842547205e+00
2.542832237063904710e+00
2.589463666688709420e+00
2.054210601910561707e+00
2.307398077526923164e+00
2.284751914871355538e+00
2.507078697848631244e+00
2.948269382234053992e+00
2.696060650817530657e+00
2.866364111822290894e+00
2.601968444978067119e+00
2.573235224346134498e+00
2.772824857130599785e+00
2.959325327255837745e+00
2.763736472871787697e+00
2.436655033776746748e+00
2.227406132374222025e+00
2.096944478845536253e+00
2.619446515215951177e+00
2.630814596859696763e+00
2.889204732964704370e+00
2.811150319240784068e+00
2.923484488974623208e+00
2.902999026844287567e+00
2.470355337286320285e+00
2.265681205926429076e+00
2.453273880444925226e+00
2.604010177819536143e+00
2.067356736433421993e+00
2.746670175011284964e+00
2.367296867641637270e+00
2.833465943222738925e+00
3.080591433683800062e+00
2.748190557742335560e+00
2.996842242802257417e+00
2.764704478781862207e+00
2.886986711286109841e+00
2.617172476460806863e+00
2.802090282251697317e+00
2.698080546999216622e+00
2.593532342366890564e+00
2.178304940582503679e+00
2.744585004890169877e+00
2.343348878121003676e+00
2.459674816583597323e+00
1.993057182880724865e+00
2.421013113483890145e+00
2.627829059815036672e+00
2.821647214585541796e+00
2.502644681582007813e+00
2.758676705874340662e+00
2.360167951482223359e+00
2.397654715841182060e+00
2.494166400587403132e+00
2.743100517535517646e+00
2.643696364630341744e+00
2.602273302631960661e+00
2.313522799795259210e+00
2.403186113130306722e+00
2.781249093924223370e+00
2.247198859677921323e+00
3.021828435456381801e+00
2.556301717142666075e+00
2.714955684200970332e+00
2.446941917403440137e+00
2.441312764897324961e+00
2.682109206090400377e+00
2.473872125482852624e+00
2.487228680576355710e+00
2.802208343568957094e+00
2.799293281756210838e+00
2.252383556681724741e+00
2.344590927353299215e+00
2.946342771134017546e+00
2.743751089071372551e+00
2.512336871820118667e+00
2.266856213700952249e+00
2.522864898416012025e+00
2.367037147437898170e+00
2.414823203998113677e+00
2.699800798932257440e+00
2.778134660643612364e+00
2.288806823767233212e+00
2.910457000195744826e+00
2.875383896943213280e+00
2.941994214106689043e+00
2.357802965942711104e+00
2.541925708131039574e+00
2.637514064970548411e+00
1.903765308421111913e+00
2.527640550562206379e+00
2.539333978068605280e+00
2.931018390356469272e+00
2.849854857974652322e+00
2.270387726627961733e+00
2.089271211169624998e+00
2.657457186771464475e+00
2.722886622652838540e+00
2.778336691658676472e+00
3.008611487511833271e+00
2.912565405559612852e+00
2.632170174377185923e+00
2.804550944269192492e+00
2.285456354836447268e+00
2.506675252173280022e+00
2.369632826476817833e+00
2.406372985830058653e+00
2.335910627929938421e+00
2.502299989818235648e+00
2.656799158792870763e+00
2.765568618726947037e+00
1.869587671805130968e+00
2.612212832368971949e+00
2.150886257954919056e+00
2.636425623966162757e+00
2.507614851254006183e+00
2.460366932837769305e+00
2.451988256183949666e+00
2.782656202873463158e+00
2.313331669587834760e+00
2.762254991520576741e+00
2.527569887447270514e+00
2.749788196569936005e+00
2.598027863409673621e+00
2.470367604198501432e+00
2.542858320010538797e+00
2.500549521735058178e+00
2.400966560948353035e+00
2.355142804431967996e+00
2.655957203082093265e+00
2.653090903721339711e+00
2.531228744854986612e+00
2.637166418854985928e+00
2.453186604219334210e+00
2.597982394228744329e+00
2.751839176636838857e+00
2.960740162409736254e+00
2.373016935221393009e+00
2.628140025582677897e+00
2.726932755132186248e+00
2.580100149972404999e+00
2.936465584415749230e+00
2.781898253737386195e+00
2.337919105115918939e+00
2.832715229617421837e+00
2.313466255921114101e+00
2.655303969514178686e+00
2.144116635345878041e+00
2.449220130511680971e+00
2.692101352932849689e+00
2.823791182322724858e+00
2.561804388944193267e+00
2.586408788058461194e+00
2.777344090020627210e+00
2.747808342673757398e+00
2.619557697538404284e+00
2.392365875025641131e+00
2.862402510955262436e+00
2.114204942660038000e+00
2.564950866249806172e+00
2.072350284295832346e+00
2.414152939517182794e+00
2.519626421003454464e+00
2.348549415986518785e+00
2.846707846996180624e+00
2.662986120170181881e+00
2.893219570553229758e+00
2.352334140775852234e+00
2.665796852248621285e+00
2.150050714148939335e+00
2.242814406390088777e+00
2.741972407645495213e+00
2.335599665299525451e+00
2.537688395424877896e+00
2.430295602897376561e+00
2.664352012255544633e+00
2.397995449710510485e+00
2.801950214335826139e+00
2.233975091947013158e+00
2.200692341778735628e+00
2.556947489053648326e+00
2.919810312330699098e+00
2.449268790887761948e+00
2.555399309407916597e+00
2.544544842957523478e+00
2.599316671363899545e+00
2.179932917499201928e+00
2.836238913111765125e+00
2.560883671588869870e+00
2.444891436590188150e+00
2.255627621676100425e+00
2.811921858539730756e+00
2.403728656346781900e+00
1.710800756625526553e+00
2.509557278448990569e+00
2.772019011370940866e+00
2.224704105922763908e+00
2.160651418278107361e+00
2.948281529795666156e+00
2.680426260436096886e+00
2.453123159956901667e+00
2.157645139282447388e+00
2.867228384650642337e+00
2.210361737563065532e+00
2.873540823870412542e+00
2.446749651622512456e+00
2.697064067772793727e+00
2.884780125113629357e+00
2.556059424160970206e+00
2.583398985718883267e+00
2.245406342805178035e+00
2.746422696582231815e+00
2.650585651161667222e+00
2.558135611161356682e+00
2.540572902048533255e+00
2.855304556962356521e+00
2.879304713631740231e+00
2.233849095529389928e+00
2.810195975632935550e+00
2.763897949319548353e+00
2.635476298047795041e+00
2.415100135888740951e+00
2.893045027761182997e+00
2.788829766200447313e+00
2.598999299755755388e+00
2.717243523746306177e+00
2.760508792208454132e+00
2.632307891548489209e+00
2.423406503158211489e+00
2.686651720160075918e+00
2.620461146812524955e+00
2.848960250016171702e+00
2.380911696443188230e+00
3.077567440077059846e+00
2.658734477357989512e+00
2.891771633620971116e+00
2.576424198470935067e+00
2.400696760668836749e+00
2.200804449936771157e+00
2.542318688630751833e+00
3.004917123958257719e+00
2.413400937271929614e+00
2.267810330893284210e+00
2.386152724994200724e+00
2.828903877715562842e+00
2.724151788369248095e+00
2.852202600391170684e+00
2.939481799283534258e+00
2.484095547378365243e+00
2.808406571180504407e+00
2.545491781406282961e+00
2.448714360360781495e+00
2.618933579737247719e+00
3.093299137109249752e+00
2.748330271261949509e+00
2.992923817116581731e+00
2.948566717697902462e+00
2.787293659238993193e+00
2.701271192983375258e+00
1.906160915669468547e+00
2.920953853957524160e+00
2.644116636243507568e+00
2.521087593362438817e+00
2.898563794860530507e+00
2.680945613596603661e+00
2.375421288371663664e+00
2.631498781894754835e+00
2.760230381388295129e+00
2.450102989612019222e+00
2.831283962678376565e+00
2.320377829297692429e+00
2.594494377842770927e+00
2.951992933688819765e+00
2.611470499121531841e+00
2.660323984976290301e+00
2.913276756845311510e+00
2.654110801313503742e+00
2.582850076606800993e+00
2.733915497334384881e+00
2.624638688149021348e+00
2.461039562052880214e+00
2.277578825923697536e+00
2.574646034440287057e+00
2.545822458867036620e+00
2.291409321842482250e+00
1.945315284621980112e+00
2.549063404351952222e+00
2.698353979061342223e+00
2.940166884998504315e+00
2.533988423607941520e+00
2.676106879358021384e+00
2.334898717248363731e+00
2.263191584929224121e+00
2.768267120676993986e+00
2.455558807958448053e+00
2.552970666203693284e+00
2.317332764069419682e+00
2.302479163420077413e+00
2.680730116072354452e+00
2.636435982699388614e+00
2.590088762756737051e+00
2.420318795039921866e+00
2.895998724396224411e+00
2.417206578222722335e+00
2.365194889798037714e+00
2.991439588845665742e+00
2.896482464761862996e+00
2.491118934240940330e+00
2.455786904166430418e+00
2.684385084669313581e+00
2.744548353689987508e+00
2.159457426464838736e+00
2.555747768063286074e+00
2.651894303187722901e+00
2.527346930520496748e+00
2.698006232372858637e+00
2.340404742072660582e+00
2.059746447654821289e+00
2.792638541012313347e+00
2.016892934424179273e+00
2.510522029287099777e+00
2.651976945219769899e+00
2.667797271257926983e+00
2.765295458440982124e+00
2.529456557111029014e+00
2.511258601833567639e+00
2.353460876642735400e+00
2.704007894268613654e+00
2.387691931848087368e+00
2.975575449236438796e+00
2.908245073198883368e+00
2.463328835936967387e+00
2.799301426459976483e+00
2.489842637167954287e+00
2.775296729167132437e+00
2.667597467091066044e+00
2.474067015710898598e+00
2.733127460407414500e+00
2.690799260830162076e+00
2.450818813677328567e+00
2.291433501266643358e+00
2.497105172645065707e+00
2.381019613010169067e+00
2.841059117969978676e+00
2.815664268728927944e+00
2.644674688179477151e+00
2.535039434907486289e+00
2.802239355889873718e+00
2.667369742776454444e+00
2.509134506336150316e+00
2.550792062354816370e+00
2.536966251917899484e+00
1.769052809214023414e+00
2.358212908569183419e+00
2.864929588829173923e+00
2.743550163435081846e+00
2.376795046272297540e+00
2.866625581163747327e+00
2.552083958064478963e+00
2.428823552244718798e+00
1.828741803266510590e+00
2.386981598911810387e+00
2.408566391087943792e+00
2.654724282535672497e+00
3.026348361542714471e+00
2.280214816411203493e+00
3.029993818381138126e+00
2.698240719478124827e+00
2.946538038933083303e+00
2.365606356541094968e+00
2.850351208986064311e+00
2.628260920586908078e+00
2.825599058468477143e+00
2.731330157678730775e+00
2.419418331278341938e+00
3.087194852605188444e+00
2.857741456107117717e+00
2.640649969084259752e+00
2.774653991736542036e+00
2.899621713433267800e+00
2.338539911870148202e+00
2.699339971314905107e+00
1.805187385614332118e+00
3.011595139845350655e+00
2.763645267162800678e+00
2.705853833366068439e+00
3.085318642994987037e+00
2.110233541043863958e+00
2.562091552598776634e+00
2.420597065854082963e+00
2.974210642535491722e+00
2.572648064139359647e+00
3.025804738661160176e+00
2.531261931378880004e+00
2.717467933214614995e+00
2.827679171758647581e+00
1.947123808260489142e+00
2.473196788745886110e+00
1.993908941520853961e+00
2.997303443543018364e+00
2.624431950043057071e+00
2.594205403773297114e+00
2.869591920835615095e+00
2.441691932511373064e+00
2.323653322484829253e+00
2.524518281269140019e+00
2.376189589105425881e+00
2.655568991668065593e+00
2.531833272245537003e+00
2.327611384880272638e+00
2.462889645190094789e+00
2.919637818476376268e+00
2.548320837288959861e+00
2.484361130701153719e+00
2.727632397735122449e+00
2.454330500510415014e+00
2.643190662972216387e+00
2.532863726228131274e+00
2.400953926392491500e+00
2.605056265637254675e+00
2.745965758834751469e+00
2.883146473216444239e+00
2.362148693584362746e+00
1.923142602206247664e+00
3.076605711281405586e+00
2.362513680116444803e+00
2.677130805163751237e+00
2.758425857882375265e+00
2.222513918264853672e+00
2.870001025706209852e+00
2.554130270650172285e+00
2.089426451657746320e+00
3.012018659590392833e+00
2.342562295377462078e+00
2.772832777175766594e+00
2.819700028993294083e+00
2.642948756936397636e+00
2.709006135833054163e+00
2.339330408429708186e+00
2.485542571992466421e+00
2.457801358101014966e+00
2.122375134156126997e+00
2.805173027057096924e+00
2.333261547315184536e+00
2.264422784808192368e+00
2.423030558516857891e+00
2.651169819758498747e+00
2.887780088573883130e+00
2.687899894412126844e+00
2.398305203975804378e+00
2.429789129260439218e+00
1.998110075907811201e+00
2.655989103894831338e+00
2.710129243306950819e+00
2.316076340152355417e+00
2.852866158391775819e+00
2.388525687419766008e+00
2.579708260888957660e+00
2.258214540224265043e+00
2.300951157515783940e+00
2.881031163445018084e+00
2.476681500839745809e+00
3.068470014146992053e+00
2.531337133436396325e+00
2.930561039604241191e+00
3.021542828186520868e+00
2.319813134046232239e+00
2.323874038953016363e+00
2.671164963582496998e+00
2.356426490920320305e+00
2.753994405662046230e+00
2.777596055485301640e+00
2.775663625414404923e+00
2.446939498746529829e+00
2.353712352248286788e+00
2.198376161475136925e+00
2.408048174356840931e+00
2.736814356662679248e+00
1.953853282010378445e+00
2.743023223862337545e+00
2.745310996092328537e+00
2.250651578332042213e+00
1.773181530074497969e+00
2.784279902463222989e+00
2.280713234422485858e+00
2.588341045114479932e+00
2.389399973673442368e+00
2.144150530054777626e+00
2.666177347850355428e+00
2.324056891560783988e+00
2.980519304679331238e+00
2.459684551384086149e+00
2.511057805582075364e+00
2.602556016984988840e+00
1.731040531603290633e+00
2.625379644332983098e+00
2.653856650874736989e+00
2.513340639423198741e+00
2.560929566926949619e+00
2.286843750555854093e+00
2.165461897314308715e+00
2.537041817990331349e+00
2.217681933492071433e+00
2.619150582035757235e+00
2.550523053760112013e+00
2.844536438879607054e+00
2.633788248400908749e+00
1.983306845819745146e+00
2.733079380988440832e+00
2.464853839836865124e+00
2.292944669256374191e+00
2.366736169386813415e+00
2.674050110292259586e+00
2.863981294385571363e+00
2.869030513564835960e+00
2.234900669417439367e+00
3.013450929250768962e+00
2.862222506366277397e+00
2.958539397819508476e+00
2.258818234093365351e+00
2.038976890002819342e+00
2.525865341149746257e+00
2.538619352441955357e+00
2.776490617357782131e+00
2.550815841190191335e+00
2.952669354650364841e+00
2.571078234249507766e+00
2.935026722739210836e+00
2.914427270213464816e+00
2.762864347061268155e+00
2.695007579113335883e+00
2.740399095207400215e+00
1.729604323993677140e+00
3.106769620679667998e+00
2.764335352004360757e+00
2.507570496756457601e+00
2.331630521295049441e+00
2.811915375295927166e+00
2.454926047815686907e+00
2.894702209168192653e+00
2.330339046494921185e+00
2.219551897587982658e+00
2.515984107640501399e+00
2.694505773380766023e+00
2.634351469705335624e+00
2.440387723705269796e+00
2.612546425512330739e+00
2.439063618923183352e+00
2.109036616002615272e+00
2.865882092629822520e+00
2.490320379159344455e+00
2.939294580385496403e+00
2.465661995395521444e+00
2.770704996221498906e+00
2.623269213870261130e+00
1.696172609351225713e+00
2.143913903731766712e+00
2.149194273962915958e+00
2.782156516907201116e+00
2.700169862553406297e+00
2.675169895324436276e+00
2.607093807939081742e+00
2.618311702728307822e+00
2.833638243818435321e+00
2.335613425152911482e+00
2.569263740182169631e+00
2.507077509658492076e+00
2.827598136541976004e+00
3.067426289077794799e+00
2.720412012249902478e+00
2.736016491106476156e+00
2.427830138594123444e+00
2.386139108920239948e+00
2.308573343203360384e+00
2.096132952617761447e+00
2.719192422601693249e+00
2.257153429838344660e+00
2.604689099046640255e+00
2.638461050843275757e+00
2.369205920048971681e+00
2.660563596165542055e+00
2.779668094214680529e+00
2.732624797552623441e+00
2.839964470477508218e+00
2.536715973008495606e+00
2.895408369372918678e+00
2.962144005717150641e+00
2.481694009528322198e+00
2.356054324218905816e+00
2.447647187997287865e+00
2.701233405099979112e+00
1.942915361926112805e+00
2.731928725944837932e+00
2.730786283998994701e+00
2.673257323956814702e+00
2.737389277456911962e+00
2.096059033540569772e+00
2.761381172322257438e+00
2.938924967989846593e+00
2.607408511841705856e+00
2.590011200648169254e+00
2.579318118750576261e+00
2.362476417925567951e+00
3.003220379103570092e+00
2.636993860649678112e+00
2.606681994525732460e+00
2.676025166583770876e+00
2.230715246993980383e+00
2.358820460496813265e+00
2.333228430688322863e+00
2.694139539510646220e+00
2.674329009382637956e+00
2.598068075582242287e+00
2.361381078730592886e+00
2.579924992991145416e+00
2.616559088879172545e+00
2.713150214524134185e+00
2.739709772787263908e+00
2.574798717777078583e+00
2.867377573412185576e+00
2.210459012665861867e+00
2.294766323456812529e+00
2.956645226979646601e+00
2.490124088625585319e+00
2.771096368955147327e+00
2.725035599070400938e+00
2.673691210091735382e+00
2.570562714242212277e+00
2.201834008265468601e+00
2.120218186557636386e+00
2.518948265215460669e+00
3.064498720908892970e+00
2.644072864275473389e+00
2.570832267694028950e+00
2.729852554408263021e+00
2.491296525344399715e+00
2.346306875899699218e+00
2.587643895169481567e+00
2.496921696829606852e+00
2.927252495211247751e+00
2.407923286747147618e+00
2.977534813624172827e+00
2.784663380061304316e+00
2.252685206797171436e+00
2.506151905357073773e+00
2.500483008969692111e+00
2.397854033423949538e+00
2.662380974840334424e+00
2.775852123508298241e+00
3.077696933552789282e+00
2.519930058570055476e+00
2.951291546719888359e+00
2.582069252242366719e+00
2.901523248647722042e+00
2.545516479924433639e+00
2.301575515451344423e+00
2.829323681896396714e+00
2.653602289225772015e+00
2.947610657358177733e+00
2.237463698057983397e+00
2.881900194628541634e+00
2.771717280777776793e+00
2.342185815311088604e+00
2.731211099180461677e+00
2.106962743562411422e+00
2.438156164840904250e+00
2.693291933601522636e+00
2.639214386278097457e+00
3.053637193908814496e+00
2.638257047214133788e+00
2.853433890838842579e+00
2.779599323078363327e+00
2.607275615981564876e+00
2.217995359567881852e+00
2.172382251074294501e+00
2.929254043345710379e+00
2.686012377824813502e+00
2.726256750148706054e+00
2.577165746978302696e+00
2.662578317365216662e+00
2.797550353121251998e+00
2.306374399266381658e+00
2.224702314785289126e+00
2.999315216469524259e+00
2.421583021069076302e+00
2.142630052202273649e+00
2.431970276939475983e+00
2.596780779601581823e+00
2.685008524713605293e+00
2.739779340014746101e+00
2.707242030526322729e+00
2.889702494525965726e+00
2.405038011546757559e+00
2.601196173109251664e+00
2.148726177631679946e+00
3.001811928514536376e+00
2.494469380725979679e+00
2.545608018329243105e+00
2.437462714621690729e+00
2.510536355978098211e+00
2.331568820287684751e+00
2.461725167135121239e+00
2.267854009098277501e+00
2.603962619136695800e+00
2.502427870766947393e+00
2.299299933811392638e+00
2.698812966809228886e+00
2.691542735030354017e+00
2.615630516483762769e+00
2.486525959691712195e+00
2.763882700498264455e+00
2.551536012120932284e+00
2.896269301759805348e+00
2.462096575436496071e+00
2.821266400000790320e+00
2.602528370324606488e+00
2.518466264184639147e+00
2.151599974028583162e+00
2.743766572369126688e+00
2.422700110063503942e+00
2.869751398085428562e+00
2.744505859627335287e+00
2.056576539459035846e+00
2.468273771841720254e+00
2.583300205575316255e+00
2.688889709044022247e+00
3.073940857627681655e+00
2.747455693443414226e+00
2.977822149523367212e+00
2.667835467576423092e+00
2.478580217180598400e+00
2.154771873809849581e+00
2.764950016130651722e+00
2.453128759447570584e+00
2.759976892360109790e+00
2.515553121329063835e+00
2.741057711276384534e+00
2.687706955990488478e+00
2.236726386711495262e+00
2.787322314797765266e+00
2.247534924749054142e+00
2.978641255841715463e+00
2.059971915105985207e+00
2.804261377922098397e+00
2.545206436039334275e+00
2.442381273907805461e+00
2.758297105972190799e+00
2.869519854544562598e+00
2.920520208052201916e+00
2.455590099903147916e+00
3.087384704139131131e+00
2.880940194570742463e+00
2.325103796344255791e+00
2.398200024925823293e+00
2.713523508825812502e+00
2.465316078290154422e+00
2.567681512699944157e+00
2.171480544619512010e+00
2.685425144612570758e+00
2.927843478340689920e+00
2.558295353352176171e+00
2.756515781034157619e+00
2.337288098384024959e+00
2.831157915167468175e+00
2.652968013006061110e+00
2.318361728094131546e+00
2.254863522798702391e+00
2.742567757420729002e+00
2.663671941995225279e+00
2.160906809254370842e+00
2.327468422642461121e+00
2.625401020460030654e+00
2.586194134263842148e+00
2.599436296905984545e+00
2.489989392408393343e+00
2.837347805257032007e+00
2.423646740780272424e+00
2.843176345623808832e+00
2.814775263941995398e+00
2.406135326292377030e+00
3.041925728922534322e+00
2.343260951547353699e+00
2.221712721456248651e+00
2.206935845658804407e+00
3.128333956176401198e+00
2.713800402648754329e+00
2.835384469675562347e+00
2.047906745616055346e+00
3.111695188385358080e+00
2.510327474559499450e+00
2.614455820593033497e+00
2.239052471439701986e+00
2.394179600049734624e+00
2.337198395577777532e+00
3.010400581921745644e+00
2.764727282591193713e+00
2.003599115481113913e+00
2.365025655221426604e+00
2.296275987847463007e+00
2.584020531755784500e+00
2.524848975520988859e+00
2.569959062271212957e+00
2.771226313972333877e+00
2.409465149924316485e+00
2.625982655543771305e+00
2.654455988115290932e+00
2.391380451614905311e+00
2.312230935750601013e+00
2.522368641387686239e+00
2.254682970476821868e+00
2.601680779173052738e+00
2.552842310902958545e+00
2.858883951008650559e+00
2.611560306831728795e+00
2.428614077032101637e+00
2.906997326883577148e+00
2.551709506178753806e+00
2.056933928039059722e+00
2.437667976676809012e+00
2.922863540049245756e+00
2.027991774895481214e+00
2.980464728352589798e+00
2.757457613727773982e+00
2.756644728588932391e+00
1.888764870241248062e+00
2.646445848912181376e+00
2.262232332408208535e+00
2.485820625714957544e+00
1.818387128270108510e+00
2.944975965552981023e+00
2.805844330809894593e+00
2.620797300949963660e+00
2.632897057140795027e+00
2.341304629837949847e+00
2.649155805094478122e+00
2.147712716830631585e+00
2.867728888997423731e+00
2.685412296981104951e+00
2.863160989678444235e+00
2.297603468801108662e+00
2.539717328015313580e+00
2.245033011457581384e+00
2.613926139132922710e+00
2.474615323472653117e+00
2.060957998932035906e+00
2.258873878376600253e+00
2.837979108654369753e+00
2.014323232734868352e+00
2.934355849661274274e+00
2.325356911449620423e+00
2.664333167081871068e+00
2.867021827013048529e+00
2.354728021196381249e+00
2.585292238596894165e+00
2.570778646882218688e+00
2.999530765025357315e+00
2.688410493421379055e+00
2.709377525699553590e+00
2.793554133895281399e+00
2.741493086906140242e+00
2.894864964824854336e+00
2.808326093810412427e+00
2.502387608042028422e+00
2.655867407401451441e+00
2.246143851494216914e+00
2.634622624364113541e+00
2.852898539601510741e+00
2.967803896756002313e+00
2.773273550225898720e+00
2.641229022610991350e+00
2.203879452953785290e+00
2.596939164222110907e+00
2.652377945902306688e+00
2.604711646775874634e+00
2.742819535214005455e+00
2.645965866379919706e+00
2.932226532132820029e+00
2.772680016907377087e+00
2.978527751792284128e+00
2.448684487914223329e+00
2.475743174950431502e+00
2.449564304809830340e+00
2.100791464501622574e+00
2.993404795802026008e+00
2.590409896791208144e+00
2.075304761994212654e+00
2.828450971465180430e+00
2.774284458522757291e+00
2.426361533080299004e+00
2.797936434063625466e+00
2.355998235445730948e+00
2.773645956362454257e+00
2.630338889970846417e+00
2.639693029338791241e+00
2.134329868238701522e+00
2.158650677359494008e+00
2.087557158115265654e+00
2.540324168172813479e+00
2.590783221584162188e+00
2.417824705992530188e+00
2.707453763791422219e+00
2.451715450216862990e+00
2.254500495406479565e+00
2.391206444749613524e+00
2.426172561299036801e+00
2.506272073740133610e+00
1.891109683105517192e+00
2.456899852418499730e+00
2.749574281891440819e+00
2.780747384168307246e+00
2.782652850888720497e+00
2.037290938002637830e+00
2.877280546075299483e+00
2.545283585184910713e+00
2.718035096004440376e+00
2.166655931233182564e+00
2.640733282553302530e+00
2.427748145310359540e+00
2.727804781097725950e+00
2.564098399072183287e+00
2.655665802538565767e+00
2.684680391627928930e+00
2.954214719799848954e+00
2.373990941826701118e+00
2.547837076041145732e+00
2.745101981867192897e+00
2.592714690322039495e+00
2.605073047529649966e+00
2.661146562056775355e+00
2.086356852334334988e+00
2.326207817815865830e+00
2.443574344145556410e+00
2.861964794535523104e+00
2.655917524917558392e+00
2.557303802364037093e+00
2.018634510268448423e+00
2.886126569476072490e+00
2.272311205874833373e+00
2.545051814520891131e+00
2.493220037229543884e+00
2.621912279691985592e+00
2.887126211901411388e+00
2.579539406444550487e+00
2.801622297174431786e+00
2.818281768437309154e+00
2.281820969489355200e+00
2.147689477629358024e+00
2.244187734437809389e+00
2.829995517888388878e+00
2.198665561378730704e+00
2.204289513481261675e+00
2.919360219298107406e+00
2.409471131084297113e+00
2.744779304437691803e+00
2.165559051754767150e+00
2.696301552183343553e+00
2.384055946200456688e+00
2.887428179355231883e+00
2.849687058021090902e+00
2.824832815069456160e+00
2.606174426655694987e+00
2.581423384725780146e+00
2.520384105276854747e+00
2.373322424777150719e+00
2.434717381786663637e+00
2.055085334063049274e+00
2.444105315953702728e+00
2.402094167789617263e+00
2.383268249276775386e+00
2.259310432619622500e+00
2.724345689304505491e+00
2.351529547548947718e+00
2.734609035848251768e+00
2.428144999447881425e+00
2.378768497277251370e+00
2.216242787577770379e+00
2.645828165008065724e+00
2.812577201558505990e+00
2.868332176948964474e+00
2.212465132487313912e+00
2.908718909244802919e+00
2.829661274905355128e+00
3.019163770408298308e+00
2.493036582512563548e+00
2.494525432578258872e+00
2.344410205541655579e+00
2.652582940693185787e+00
2.803810016376147018e+00
2.784598742153357342e+00
2.214391651083551515e+00
2.897327425078511265e+00
2.052820410130451467e+00
2.974004043254875551e+00
2.653776135011931103e+00
2.680978541476089383e+00
2.239943757847767003e+00
2.751713751762277838e+00
2.532346275124033319e+00
2.667415732919512728e+00
2.725728890467908005e+00
2.677394220500332267e+00
2.398480894462803548e+00
2.801044603376057651e+00
2.442314171057752503e+00
2.793039018552311958e+00
2.677014847405957632e+00
2.664945787333199867e+00
2.604410449030521768e+00
2.598032862356120187e+00
3.114566532701566803e+00
2.628359038155748451e+00
2.760115876096384202e+00
2.822984778586345556e+00
2.431358219908434481e+00
2.968849359822920420e+00
2.293343942630181154e+00
2.748529739957998430e+00
2.129429951526438103e+00
2.711690121937731845e+00
2.613793060841476112e+00
2.518168720555810314e+00
2.199314474109060669e+00
2.677589452933012204e+00
2.548994375233432752e+00
2.807504846297000256e+00
2.801487090543472558e+00
2.556988195781682460e+00
2.116957266882027344e+00
2.468906452006603303e+00
2.272186458969672973e+00
2.306185612991834333e+00
2.642190718036135255e+00
2.471047080531907358e+00
2.716810796358041458e+00
2.615546488252260549e+00
2.398256446408230325e+00
2.229530942645242320e+00
2.599493563283002295e+00
3.020675924416417413e+00
2.073799365489167545e+00
3.055507574436701290e+00
2.580274011580731663e+00
2.524814285759367838e+00
2.195109467833935568e+00
2.812006090765107658e+00
2.406585038263195031e+00
2.919677384017574262e+00
2.928036963277379723e+00
2.796614660417921172e+00
2.272504906128325786e+00
2.847166406507184444e+00
2.239849269351220862e+00
1.909198527933362310e+00
2.625570987976174830e+00
2.454394281616568474e+00
2.692910359221940109e+00
1.832049215503867901e+00
2.257626025293243188e+00
3.036181064398163265e+00
2.155232449791781413e+00
2.399367765728633639e+00
2.857277888829709234e+00
2.761640100410001963e+00
2.442611908115145170e+00
2.266390744776101585e+00
2.662353372235320759e+00
2.578776183694277080e+00
2.808236815612980219e+00
2.700373343361189615e+00
3.062597906897102096e+00
2.186864366441993557e+00
2.308252274353344902e+00
2.471315410137987723e+00
2.666187184425506285e+00
2.667776265460160889e+00
1.756099440845412696e+00
2.570863661706443537e+00
2.369972966355085919e+00
2.341317288139742381e+00
2.209095870138432893e+00
2.580673156215609776e+00
2.708791836605659586e+00
2.179393396833467555e+00
2.967711983436332801e+00
2.355043815029737697e+00
2.947558784970036871e+00
2.092441747902360039e+00
2.200207117236639309e+00
2.242807320223357159e+00
2.792010517440592476e+00
2.457019463713781882e+00
2.281391045320435129e+00
2.304779082199874374e+00
3.059334145383790116e+00
2.655178099304090100e+00
2.417556090595847529e+00
2.346893732752086237e+00
3.019821238652102835e+00
1.912181418220717299e+00
2.676574861095002422e+00
3.002729311625930819e+00
2.629858262879205988e+00
2.901030514924579418e+00
2.554347916188156375e+00
2.748701228972255883e+00
2.292064508540423873e+00
2.830929900507040298e+00
2.717254605707698278e+00
2.625783226477299781e+00
2.970936996925329421e+00
2.427820708038172182e+00
2.326977557813910469e+00
2.572068104449579895e+00
2.848394459639556509e+00
3.040213584900232302e+00
2.935348861473764615e+00
2.413730184827315828e+00
2.489552537688262568e+00
2.241699781838047301e+00
2.147657091140692920e+00
2.467718895531679113e+00
2.874159674030644318e+00
2.567497065193130812e+00
2.918954508589620911e+00
2.789967556393354364e+00
2.191306091677339030e+00
2.887081874021702355e+00
2.202382762503601654e+00
2.582518404283051794e+00
2.549560854574815405e+00
2.568658910006003548e+00
2.493711572883759331e+00
2.854913154570640099e+00
2.339901489985831695e+00
2.988316171478185179e+00
2.613804003317415692e+00
2.400606577576453127e+00
2.751823936258281034e+00
2.378980215214550498e+00
2.167979355284942677e+00
2.737116359648160469e+00
2.295564464016836226e+00
2.559916492454592518e+00
1.965961930634887000e+00
2.323063699453304931e+00
2.322189486526110791e+00
2.843889356894123477e+00
2.214097659866930190e+00
2.690643188636005156e+00
2.472841294732745165e+00
1.874432404244803951e+00
2.540204504404867336e+00
2.925217693147505127e+00
2.739103244355995948e+00
2.735709354074865818e+00
2.132892993767766754e+00
2.495355836422803453e+00
2.227344182038153431e+00
2.638815116706028530e+00
2.596182073527050882e+00
2.653153358512548188e+00
2.491549042572069439e+00
2.926602279029688614e+00
2.989479752534528689e+00
2.711013525632221643e+00
2.178158516192182592e+00
2.966661044199431885e+00
2.658378497960331988e+00
2.083608688495091954e+00
3.085436524342588527e+00
2.865572583768489778e+00
2.794830346880257999e+00
2.474507586164329975e+00
2.183971666611678852e+00
2.549821660759184816e+00
2.420130318017106763e+00
2.633359777484550523e+00
2.899316331042308459e+00
2.882806805373764103e+00
2.985623050733514194e+00
2.443472545818563546e+00
2.346346000253499486e+00
2.869852387647484182e+00
2.764866949603940416e+00
2.885118403401383258e+00
2.158841571141957516e+00
2.780301846680919731e+00
2.502232379098805914e+00
2.435483923963670083e+00
2.638215905903237957e+00
2.926306054421346392e+00
2.643268380534812945e+00
2.371795975590168748e+00
2.278221835892228153e+00
2.007805747897424720e+00
2.608144582661573008e+00
2.551059618368586079e+00
2.280692275799057089e+00
2.868836852356846823e+00
2.764179819704426944e+00
2.801106536913680944e+00
2.674183783423019545e+00
2.230186560488859993e+00
2.953921086895332948e+00
2.646550257162791908e+00
3.012247870667768890e+00
2.889692487760437078e+00
2.887710533232111576e+00
2.181951988120516717e+00
2.672316957410437066e+00
2.897902228722499363e+00
2.940545515263392584e+00
2.559463787741175889e+00
3.005795760255594473e+00
2.649845220300162119e+00
2.034963674798294431e+00
2.445459939510896241e+00
2.520513341396434903e+00
2.628920035865429217e+00
2.907519764866741685e+00
2.549944731962842770e+00
2.941460729897937831e+00
2.080690552478169586e+00
2.859031398417636538e+00
2.880843528229556139e+00
2.787691618117810410e+00
2.615318765578178439e+00
2.701901831549257338e+00
2.509960884642472578e+00
2.892685486837910602e+00
2.393043875708755319e+00
2.920229811333791670e+00
2.796863553300727556e+00
2.760425126501990789e+00
2.630977836413979531e+00
2.788242862325686300e+00
2.534593995568620972e+00
2.316626787591482994e+00
2.838425312452677485e+00
1.814906503101656465e+00
2.712576563899469662e+00
2.553047049371891752e+00
3.079871136421636901e+00
2.468351628194358049e+00
2.831926990931157295e+00
2.801795676189211548e+00
2.745602529553440974e+00
2.413798808791817851e+00
2.509950109967955090e+00
2.650971755632397731e+00
2.535495711954459441e+00
2.810299555643020142e+00
2.911844849544830804e+00
2.634497035169450996e+00
2.978151517498248246e+00
2.599367190968045804e+00
2.791087603201460876e+00
2.587600087137751803e+00
2.417588866435147921e+00
2.370553305837305391e+00
2.718424586630936002e+00
2.131637504258077076e+00
2.373556970053721571e+00
2.385981916446687556e+00
2.097347913232420424e+00
2.436598493971995349e+00
2.555094187839840547e+00
2.303248043723377769e+00
2.557310537802727879e+00
2.237089781443842185e+00
2.404143955014599321e+00
2.253075078598347325e+00
2.634079775194630102e+00
2.852665599374980765e+00
2.816053128989336241e+00
2.304975115594788626e+00
3.074995756958493587e+00
2.692929234453732779e+00
2.647281109501307128e+00
2.865266693311772972e+00
2.807035421719977997e+00
2.437752556959586148e+00
2.668478697450132664e+00
2.315497528554646856e+00
2.823351352415956583e+00
2.750118127300670512e+00
2.679792169981386252e+00
2.330515448366184295e+00
3.101273212942353474e+00
2.543652053676034974e+00
2.302197718171409946e+00
3.053621300756572676e+00
2.410950286606712734e+00
2.687303170065686420e+00
2.318762195703249596e+00
2.550078867502783009e+00
2.271710464239913740e+00
2.159425048402572322e+00
2.505643756236663577e+00
2.133515915897563620e+00
2.605404719708251271e+00
2.426745779458449714e+00
2.729713563811679844e+00
2.454015925084121363e+00
2.036573901694822553e+00
2.166525317049615040e+00
2.881253110348980684e+00
2.612368956509961038e+00
2.513126473959385265e+00
2.815892147475007601e+00
2.377624945244754429e+00
3.044960510953827804e+00
3.106561542880341698e+00
2.664871090503063478e+00
2.654748155179142088e+00
2.610969221846874078e+00
2.889207782942330383e+00
2.830502397597709052e+00
2.943810557920294890e+00
2.597627140986602079e+00
2.089761634323048511e+00
2.317313783093701396e+00
2.601471575622453791e+00
3.031346237823232315e+00
2.322880435672803223e+00
3.027800979856971608e+00
2.897055538508106931e+00
2.857658129963634774e+00
3.037114046221592645e+00
2.463796799974240948e+00
2.859198469077048887e+00
2.597205450237495938e+00
2.419622336027309029e+00
2.617603780894289134e+00
2.684539178273410709e+00
2.440406524080382944e+00
2.034166243338682456e+00
2.600067279218033711e+00
2.450245675636284037e+00
1.996309374574980477e+00
2.591631191240441279e+00
2.665677818165388846e+00
2.629252697860799515e+00
2.826513062179945912e+00
2.700227706705888853e+00
2.327871647618996676e+00
2.954083283940533988e+00
2.916650463796815806e+00
2.410789344096997411e+00
2.280082867711617833e+00
2.831466607993453621e+00
2.785010032616197506e+00
2.305857246175436082e+00
2.582304819188781408e+00
2.492000943402264301e+00
3.020135049611554212e+00
2.712715490984026090e+00
2.489692858961892963e+00
2.815610839573522206e+00
2.553446432307840741e+00
2.168827364494406051e+00
2.522101161158124327e+00
2.108217331467089117e+00
2.948080822336779594e+00
2.742077864175082258e+00
2.499991655492192155e+00
2.238296315821684868e+00
2.784630653821085655e+00
2.829969397981894286e+00
1.926413335189636866e+00
2.704450205511800931e+00
2.636631811984490703e+00
2.348500640948812723e+00
2.776692755439852611e+00
2.098165214947483648e+00
2.554279637294839755e+00
2.888477245789963455e+00
2.228554165653599206e+00
2.086386950441538879e+00
2.957833444476102525e+00
2.761733458579169298e+00
2.271916241221151989e+00
3.046532580340026275e+00
2.532316264593418964e+00
2.048302758486364450e+00
2.901389263727181866e+00
2.410547105733670037e+00
2.325717464800395540e+00
2.899137120752137697e+00
2.703853819652183965e+00
2.810116797581278192e+00
2.288698876534144500e+00
2.394550007529011815e+00
2.897232531220481633e+00
2.720168744861102716e+00
2.771419145662000538e+00
2.559166606987666626e+00
2.899962932668651128e+00
2.930648741558951276e+00
2.709085237188803674e+00
2.299107462327874440e+00
2.418092704732695442e+00
2.714319480414856489e+00
2.888816362032752938e+00
2.418965984649535716e+00
2.592678989977792892e+00
2.631956182207902284e+00
2.493266729919654701e+00
2.485183524020934343e+00
2.520228506855340722e+00
2.279116889821046321e+00
2.598383261721885162e+00
3.021555638781803665e+00
2.482241189613475285e+00
2.388581961267166154e+00
2.788738628320826418e+00
2.620681649416736647e+00
2.029953289886504919e+00
2.725437087422537985e+00
2.637052261632726768e+00
2.229913549057811473e+00
2.591248536592031915e+00
2.547001322150467928e+00
2.637911675486276586e+00
2.997778077863669122e+00
3.000746172405426737e+00
2.726116014585133751e+00
2.532481237702809196e+00
2.216499666323814122e+00
2.697965060395906001e+00
2.778560375833925900e+00
2.235211941402903690e+00
2.658314125791909621e+00
2.415718645461559344e+00
2.520399002384447584e+00
3.000027171990707231e+00
2.223310960147858673e+00
2.579638071425457646e+00
2.438866917770555531e+00
2.688775288110261563e+00
2.741748705703561217e+00
2.722479608075520030e+00
2.943965662482960877e+00
2.986250679478230641e+00
2.758545940539288033e+00
2.683013699864889023e+00
2.645227220953489500e+00
2.401858841065558359e+00
2.630398204972143716e+00
2.868651212975281251e+00
2.837030220527492652e+00
2.669083834301856140e+00
2.528091334289930714e+00
2.489650051147038301e+00
2.544107898026512160e+00
2.663294157877968971e+00
2.734795087473491648e+00
2.585693251651075997e+00
2.735668544893219423e+00
2.850431763470787416e+00
2.245963299007429192e+00
2.489363720663704260e+00
2.465819916430623593e+00
2.688010605148111409e+00
2.693080926078440740e+00
2.576041179491538990e+00
2.202167803928272161e+00
2.637239777492040638e+00
3.096820480420838795e+00
2.729420829022833672e+00
3.086745412648315146e+00
3.026386041884556732e+00
2.674531234365492338e+00
2.527470040211432512e+00
2.386240993431774982e+00
2.712600414609018795e+00
2.514771044683009382e+00
2.724877657902706307e+00
2.618660816662055968e+00
2.748719796686210692e+00
2.436432141442036681e+00
2.572585537894566787e+00
2.391933693466684829e+00
2.784585736034388859e+00
2.816484103369649272e+00
2.467445271046366351e+00
2.415689414026699566e+00
2.831671834338159055e+00
2.776101557049117208e+00
2.488355307702356800e+00
1.974513067341713723e+00
2.629306823223723111e+00
2.413919045969803889e+00
2.769485141590130706e+00
2.276025986969663517e+00
2.624775541737663698e+00
2.257256623086943748e+00
2.603208905296293452e+00
2.543469322474506189e+00
2.444568329380256699e+00
1.951971024039564906e+00
2.123100812428170059e+00
2.380783748497715013e+00
2.358159722650032375e+00
2.353818840210583740e+00
2.457737268640956874e+00
2.090145800353984118e+00
2.669107716181386980e+00
2.687585488947832335e+00
2.474831218411760680e+00
2.571540707393221936e+00
3.013487681489626535e+00
3.043080588377934603e+00
2.045384457984301019e+00
2.337335666328147266e+00
2.684996849354946313e+00
2.924565906097246426e+00
2.533918120535783913e+00
2.858342694626535785e+00
2.563660945495693788e+00
2.585049977943896238e+00
2.924191960522102729e+00
2.805412966621321669e+00
2.112617948067412765e+00
2.176232303381734567e+00
2.591671004984727578e+00
2.611329459565731703e+00
2.632950593764742830e+00
2.721704072924673756e+00
1.993906852860259926e+00
2.181000048439554195e+00
2.757135099083172225e+00
2.942264322445725888e+00
2.939215667359407202e+00
1.980307953369766727e+00
2.833762772329349477e+00
2.856115159861459141e+00
2.700913777261302329e+00
2.300086088373828996e+00
2.386569897846725574e+00
2.989374140929215162e+00
2.545925643493434976e+00
2.215933327362003880e+00
2.626393065755724177e+00
2.549089024146702798e+00
2.876766849736191567e+00
2.863038807903595551e+00
2.070213250811788974e+00
2.295128113783666990e+00
2.881220059658204491e+00
2.317602549653568822e+00
2.923210823260592228e+00
3.005278392344808314e+00
2.156465651627314628e+00
2.347961708701177042e+00
2.080248070135034766e+00
2.999562397309374351e+00
2.501885750515817630e+00
2.645066168833448472e+00
2.046676667462580035e+00
2.439083808302535239e+00
2.472026474299463761e+00
2.167749776809678064e+00
3.083658226347528952e+00
2.429935493348153841e+00
2.607075461844297060e+00
2.708545872152470668e+00
2.635885671061914515e+00
2.709059684688704284e+00
2.989213898659063062e+00
2.213344838221826816e+00
2.144029565411324167e+00
3.068302405931269128e+00
2.246890031522140507e+00
3.015907949266475985e+00
2.501965383107021879e+00
2.819065201838347523e+00
2.676342211297500828e+00
2.189300613253260863e+00
2.353462872847883691e+00
2.430400059692631842e+00
2.425406031481101010e+00
2.484334411386927677e+00
2.757039490025076311e+00
2.744110536397680988e+00
2.885999471138513517e+00
2.164883029292801186e+00
2.883842052329514072e+00
2.373299487883229197e+00
2.547494341145633001e+00
2.328350308804655544e+00
2.626905373437973257e+00
2.305638255571859307e+00
2.724113798990868140e+00
2.645753337495859725e+00
2.737135182476742479e+00
2.155865718831111444e+00
2.414713803031005579e+00
2.445453217494425679e+00
2.540570140833470880e+00
3.001754377164490339e+00
2.874981761078383879e+00
2.933164212257472592e+00
2.786628909096132922e+00
2.218120394502042014e+00
2.754442892030346979e+00
2.395787899814159960e+00
2.230526526656851694e+00
2.731240718993702465e+00
2.788534694159266802e+00
2.885173340981912915e+00
2.755275917997320523e+00
2.693647650991919384e+00
2.676907235286723363e+00
2.867213683535666302e+00
2.610802591485968716e+00
2.509188813180968758e+00
2.509366257808263168e+00
2.205613804308641512e+00
2.471871126815682551e+00
2.332976471813911434e+00
2.865912234147380389e+00
2.888721724947135527e+00
2.319768152277441597e+00
2.064572652572740363e+00
2.418386624652609118e+00
2.119171180233077045e+00
2.161308538250430011e+00
2.633748638251535823e+00
2.271313661044081389e+00
2.330117639274407182e+00
2.714235723672536515e+00
2.092945465022191698e+00
2.979436678646337100e+00
2.699380213384940497e+00
2.867890995506190865e+00
2.377911338839377109e+00
2.779195757663284194e+00
2.297764856781333354e+00
2.374756822623488972e+00
2.771456870217079427e+00
2.833129686460457819e+00
2.419100608858485657e+00
2.717025690833434926e+00
2.478037292918936263e+00
2.546484123140682510e+00
2.620850152202698347e+00
2.463482421478058626e+00
2.585066482940332477e+00
2.471812152518305883e+00
2.709257559149215400e+00
2.575993282793103134e+00
2.440512320720257922e+00
2.772196551177446899e+00
2.844543602299146379e+00
2.751180432618627769e+00
2.764516604594566385e+00
2.516447033412599676e+00
2.492587059905986280e+00
2.889395262693371880e+00
2.562668152182352443e+00
2.423529325687480362e+00
2.397544882013936451e+00
3.135940200344245365e+00
2.737821118622801642e+00
2.202697874293359170e+00
2.849743912000408219e+00
2.608248851514296973e+00
2.786551333184878132e+00
2.381944943076296894e+00
2.311524221452029515e+00
2.917633874398597005e+00
2.440728960314742402e+00
2.990445362898196180e+00
1.853521304127880853e+00
2.540822765763781632e+00
3.074687351137911140e+00
2.852479074388380553e+00
2.620169669308979099e+00
2.733130035472035146e+00
2.807079191848803390e+00
2.363262465086177766e+00
2.862929226578416753e+00
1.994349538819488066e+00
1.843952282605600734e+00
2.319609159220789252e+00
2.061247494671966329e+00
2.666669344393731045e+00
2.343354841773757968e+00
2.373182188905631484e+00
2.871514435769540796e+00
2.545317911012531020e+00
2.512610425411855086e+00
1.996485596555777953e+00
2.707517149765877651e+00
2.578747367279482283e+00
2.703662348530693205e+00
2.792103209871265257e+00
2.487117631332922851e+00
2.460089114063764182e+00
2.311321706717969438e+00
2.463187425327477698e+00
2.825061099883884985e+00
2.109224049013101343e+00
3.076238404211263155e+00
2.645541513689089186e+00
2.213578789317033113e+00
2.605410803867972191e+00
2.167872183904860695e+00
2.500431302087093854e+00
2.884400815824572195e+00
2.654494471465439265e+00
2.561998333405776762e+00
2.368509093221887074e+00
2.107290960381022593e+00
2.953196744832705001e+00
2.568583563434528649e+00
2.695052777777008135e+00
2.636556358180069282e+00
2.560927819668181726e+00
3.087977662724426864e+00
2.359719063216246138e+00
2.292483812252171127e+00
2.928105610757756772e+00
2.491201426064498570e+00
2.465383929511670846e+00
3.036191311237828927e+00
2.577555532939525662e+00
1.995071827517806984e+00
2.558239385450058911e+00
2.756162628992193220e+00
2.889358436992844670e+00
2.910209736663663893e+00
2.667612630342043101e+00
2.878151654334402565e+00
2.794354670327193535e+00
2.692889690291761617e+00
2.398881893083899541e+00
2.589770047477133907e+00
2.499040715388156642e+00
2.860728137298797602e+00
2.377548656241478042e+00
2.403379890523747786e+00
2.858028056349223966e+00
2.551789943418892204e+00
2.453908520737319687e+00
2.011995344560307597e+00
2.834096872836565417e+00
2.375618826088382818e+00
2.782778643972220856e+00
2.470731127397955085e+00
2.564739306708034849e+00
2.473103390324563833e+00
2.458305727276360209e+00
2.638894755525272195e+00
2.364126013724840103e+00
2.286117873392633726e+00
2.525721609039913940e+00
2.897575824137472722e+00
2.755284013454651237e+00
2.639325594713385570e+00
2.230601264383099469e+00
3.043811803095942903e+00
2.714753426616567822e+00
2.978044510113170062e+00
2.744958423473587317e+00
2.625423462803166075e+00
2.857826869280452264e+00
2.520858713408812513e+00
2.633166369867066869e+00
2.445648722973596811e+00
2.384676098315017256e+00
2.863878270825559014e+00
2.317841877878280776e+00
2.857751614573888155e+00
2.705183103309577675e+00
2.637413492866510722e+00
1.973590168378541732e+00
2.079139280148941005e+00
2.614468584851214139e+00
2.998288278320954792e+00
2.190827318596342721e+00
2.446398466794703186e+00
2.270189589163027488e+00
2.845117399112540468e+00
2.680903044888528264e+00
2.733279090042845194e+00
2.190472237181801063e+00
2.468003094454774615e+00
2.801950459674186877e+00
2.277568576470637929e+00
2.732829982431271176e+00
2.056385046169602493e+00
2.816578415688468784e+00
2.800231985759811693e+00
2.510599033655918966e+00
2.660988486438233824e+00
2.517642862563028938e+00
2.875284373826896278e+00
2.359412286134562109e+00
2.745388707050153698e+00
2.751764481272200857e+00
2.829705179904651313e+00
2.159552944144718989e+00
2.474172827304462974e+00
2.588256294189447360e+00
2.879926433700181310e+00
2.618489415621976235e+00
2.724922376038122707e+00
2.774936738338108277e+00
2.416814877545022000e+00
2.294745040793686019e+00
2.165028752067111206e+00
2.641860404026638687e+00
2.326905186070213905e+00
2.838833255914353870e+00
2.316322560694250132e+00
2.945387055476500926e+00
2.481030756251248803e+00
2.951442168986130099e+00
2.179405919209286946e+00
1.974234324476320745e+00
2.536386333401450699e+00
2.535868324513383065e+00
2.591450089016513747e+00
2.724233058073499691e+00
2.463126824699378048e+00
2.346292835505807695e+00
2.509809755551843047e+00
2.934576108642455328e+00
2.658917689232587644e+00
2.392535014255186887e+00
2.743280048982758235e+00
2.819413601774156231e+00
2.685067359275994825e+00
3.073428097913036172e+00
2.595297056013263770e+00
2.754078606764135184e+00
2.188838496151972901e+00
1.981969240273395272e+00
2.801892919522448011e+00
2.881126918828596395e+00
2.354360569101536349e+00
2.971320730646969555e+00
2.477764157681881851e+00
2.508463610473723904e+00
2.225956806640556618e+00
3.029904976981555365e+00
2.135908418557870725e+00
2.078442513703532057e+00
2.948060059691660406e+00
2.422410257603716310e+00
2.899868971067301793e+00
2.842458261199459546e+00
2.878487225650800507e+00
2.106687949960716288e+00
2.049786322596681476e+00
2.973604634865131047e+00
2.802348936274572822e+00
2.494958146445653391e+00
2.735804659944149009e+00
2.236349158164586903e+00
2.648887852289846911e+00
2.119698396532775142e+00
2.586451136853304966e+00
2.687885950179583538e+00
2.508565759185224842e+00
2.342313213423305562e+00
2.577549790330785573e+00
2.567629655788865151e+00
2.161460279380422733e+00
2.313865213507266372e+00
2.881713353914057141e+00
2.826224326511495466e+00
2.205765759767412071e+00
2.795016178844937915e+00
2.409093774894297990e+00
2.986683228980182125e+00
2.041222867324403722e+00
2.555036264451905570e+00
2.410068804827505851e+00
2.440725294598053541e+00
2.443519045428060643e+00
2.970558587567551090e+00
2.599722495623773888e+00
2.959874126592471288e+00
2.806909040029843094e+00
2.669418639372375779e+00
2.522329748123583126e+00
2.752307995996189138e+00
2.681102385300648372e+00
2.573191652461138901e+00
2.357045007203665499e+00
2.679157632680684298e+00
2.590744771710433270e+00
3.039362609850002617e+00
2.259793384455788257e+00
2.609367750908249572e+00
2.841759574786312914e+00
2.787066583133284148e+00
2.759614509785331293e+00
2.707364762148016801e+00
2.868393505311461311e+00
2.870037480588076839e+00
3.015971769003684688e+00
2.643399403072175691e+00
2.649646866201043061e+00
2.802517754670511341e+00
2.872703024792605309e+00
2.285522692669888833e+00
2.604883414144812726e+00
1.982265536846365306e+00
2.094390263413560493e+00
2.049711077612293764e+00
3.075325380311556778e+00
2.623017523476924406e+00
1.997087292943550363e+00
2.092312954071450903e+00
2.557763880947616641e+00
2.636716142947181929e+00
2.602988090110740504e+00
2.812090792157033725e+00
2.726620354248524336e+00
2.919473907438775662e+00
2.427639988603599530e+00
2.802232417928486541e+00
2.825174849193220705e+00
2.186362216204926767e+00
2.605945506449691695e+00
2.804637924318102105e+00
2.386233872459126992e+00
2.811908117520380390e+00
2.428338773956991048e+00
2.949927298589374747e+00
2.603637225395532440e+00
1.980034827459853375e+00
2.759056043544379389e+00
2.162024374003074456e+00
2.412772243148050055e+00
2.572294228284422335e+00
2.521538533863704412e+00
2.448574954408989868e+00
2.968813339363288506e+00
2.685850331255507761e+00
2.838128596654974523e+00
2.700318977641742890e+00
2.856185767313343060e+00
2.389060003447374569e+00
2.696674681749277713e+00
2.572125854503631626e+00
2.354242930841195403e+00
2.591128355338167211e+00
2.640471676746134477e+00
2.452533354743013927e+00
2.960608603150200135e+00
2.367636981268296914e+00
3.079254652934078074e+00
2.801283989202455249e+00
2.560218471896904546e+00
2.968422010774305342e+00
2.744782371465189996e+00
2.564686252498344476e+00
2.989855433920690864e+00
2.709297894477562973e+00
2.360094613206338288e+00
2.464846706827100942e+00
2.815915472565974298e+00
2.389435444175286527e+00
2.507425699241194739e+00
2.132718455688933368e+00
2.280114452386349910e+00
2.232269997664424022e+00
2.688918408700408769e+00
2.320166642038917537e+00
2.026548903304417504e+00
3.031660261956658164e+00
2.977206801512734646e+00
2.826794424593054522e+00
2.924163838903869994e+00
2.772206805102846783e+00
2.461653527728101309e+00
2.716994900153917758e+00
2.592629766345605269e+00
2.635396169437083547e+00
2.859605534294833884e+00
1.956038651274109252e+00
2.856536318082704806e+00
2.486656331525313846e+00
2.512198898784250289e+00
2.148276688918529409e+00
2.461643600819128253e+00
2.564437524312853878e+00
2.159459373241869429e+00
2.392250419559691199e+00
2.719526197216302510e+00
2.891661531037373223e+00
2.674526819983594095e+00
2.743589614632711893e+00
2.727706942743290064e+00
2.584771711518440984e+00
2.758793970194087564e+00
2.046389473633317024e+00
2.541397219373334071e+00
2.462186322634100755e+00
2.880113110195778869e+00
2.670927141816124450e+00
2.840170025667336784e+00
2.696579010793862086e+00
2.112474731732337574e+00
2.408565047851180196e+00
2.792224974341861454e+00
2.803423350973979211e+00
2.668716171575030049e+00
2.621301416346730750e+00
2.992704868961042042e+00
2.918763168601641755e+00
2.383577500706737684e+00
2.784179521475427688e+00
2.102203258372142169e+00
2.810285304794801320e+00
2.635782822134575376e+00
2.698156339696591299e+00
2.694033455255768761e+00
2.307423030282217180e+00
2.694426757083907553e+00
2.858747210613834522e+00
3.014396589216252753e+00
2.217945572141338140e+00
2.797911736940490002e+00
2.787381892829221552e+00
2.561515776746661199e+00
2.560671564683715928e+00
2.964921113359990201e+00
2.633461800212696158e+00
2.430302404180010090e+00
2.336002963680902766e+00
2.621853023431039542e+00
2.716749047264567007e+00
2.749039622403879335e+00
2.298394452327617188e+00
2.506441055682368191e+00
2.153953375545298865e+00
2.612310081773923987e+00
2.708258862751870666e+00
2.815093962719926513e+00
2.613735952853198263e+00
2.610158211353879931e+00
2.482813809113703751e+00
2.883963051724643734e+00
2.894964796005428997e+00
2.762364750145091641e+00
2.446878176489392764e+00
2.772164583160559026e+00
2.516395631969736257e+00
2.253597169713884796e+00
2.698662975904248640e+00
2.332424393393070616e+00
2.747847142901127526e+00
3.008105502694913280e+00
1.805807125504895083e+00
2.648749118582586437e+00
2.455189233498721535e+00
2.285769785701742496e+00
2.914682556779181422e+00
2.723732323284040913e+00
2.716710115622360089e+00
2.973618719336962535e+00
2.919107662643328549e+00
2.774223086263279736e+00
3.002769427687907999e+00
2.625183770412161444e+00
2.839855581947899221e+00
2.506417604673149224e+00
2.491479623015387279e+00
2.658967063714348544e+00
3.060821735318684844e+00
2.990623834777503376e+00
2.423778929482800493e+00
2.585602314028599302e+00
2.695347544456694777e+00
2.827311578643518342e+00
2.514672361116686350e+00
2.712564845632346344e+00
2.826148047345045100e+00
2.944054976138060109e+00
2.405327321118831740e+00
1.925834853997555163e+00
2.668675231412529492e+00
2.482661614769210878e+00
1.922790567839189224e+00
2.538147703733312888e+00
2.941389955958873870e+00
2.661140179041015852e+00
2.336206598388977707e+00
2.753346387777209969e+00
2.645866071355347238e+00
2.846835048719169148e+00
2.295435879097565302e+00
2.983958268249121026e+00
2.764360672442813360e+00
1.938380503841379721e+00
2.412273466691068791e+00
2.837958750560082954e+00
2.761372627557154402e+00
2.495493962136577704e+00
2.743237556153535817e+00
2.882859553557945098e+00
2.612901688354317020e+00
2.640104055686310236e+00
2.475901596483888412e+00
3.066785052050273741e+00
2.958839071129935050e+00
2.220195450183299890e+00
2.385302744326430524e+00
2.309446578686876084e+00
2.615432418119067126e+00
2.975582960467872073e+00
2.368341131072260630e+00
2.669032984384183127e+00
2.787296108086024127e+00
2.599931084277576687e+00
2.260010637629411789e+00
2.461658025118508508e+00
2.110548549918987327e+00
2.685416542222456293e+00
2.037234080322300578e+00
2.829651039774244481e+00
2.957935791588329977e+00
3.028466645821727088e+00
2.733364755183631090e+00
2.469362211142067665e+00
2.463751622517819762e+00
2.526655636215279888e+00
2.566730364116859064e+00
2.384660851263880055e+00
2.778081199699585557e+00
2.547247035563316775e+00
2.297076220912065647e+00
1.976223628598125392e+00
2.287608236033214393e+00
2.762044372222691724e+00
2.341753455368525749e+00
2.731159791390161740e+00
2.502141285654990277e+00
2.570366997371741569e+00
2.933554910735332033e+00
2.576330891290354863e+00
2.997561111811504198e+00
2.762395420136098512e+00
2.732080641122779152e+00
2.528647702653810114e+00
2.569234725452701262e+00
2.551956652806706138e+00
2.404232979118986258e+00
2.737039331816096155e+00
2.735919957871775665e+00
2.558288464948192953e+00
2.732355562958628248e+00
2.699647270184222236e+00
2.808237464434816921e+00
2.730372757576861265e+00
2.879562305234713460e+00
2.348892893461616005e+00
2.480754530850999728e+00
2.216696293473339630e+00
2.685176498762328112e+00
2.756153785654519073e+00
2.356041807247692077e+00
2.712551681489995481e+00
2.760273392357974309e+00
2.470141392632158261e+00
2.865118733934826523e+00
2.342477616810266561e+00
2.649894525799933120e+00
2.654430741657003878e+00
2.517017938156865586e+00
2.591797457568655094e+00
2.409775766455850121e+00
2.750190032423700970e+00
2.290056240457432502e+00
2.522088251792475866e+00
2.276366210826689329e+00
2.763052319078619146e+00
2.392507414330969251e+00
2.253072578374560209e+00
2.336994306469025950e+00
2.841241359611670347e+00
2.330756679363870543e+00
2.803761402928180768e+00
2.819356922288922984e+00
2.977167146983546342e+00
2.592852342939151900e+00
2.763906046036097131e+00
2.417802175541113652e+00
2.390076856124702775e+00
2.416123781762293365e+00
3.073850911604548486e+00
2.271737776308553780e+00
1.853018571203236764e+00
2.605751441174493088e+00
2.883940580605859783e+00
2.538337064274897692e+00
2.685830358761853276e+00
2.800568036696958529e+00
2.734458310174038509e+00
2.374572855372053315e+00
2.983070613502314394e+00
2.013234097214884777e+00
2.852614864929322813e+00
2.907998184595034008e+00
2.495918578077503724e+00
2.395826758495342546e+00
2.775588358278638257e+00
2.718903942391583506e+00
2.825739461658144158e+00
2.485035718909842206e+00
2.299050425468901260e+00
2.821980132628793214e+00
2.886593847520011913e+00
2.597850304215517880e+00
2.995302269757852631e+00
2.395233572481543227e+00
3.117521191836313932e+00
2.456790235371493658e+00
2.354709991668861413e+00
2.693143533827752734e+00
3.031020058473845591e+00
3.042176766245514141e+00
2.812512384982630120e+00
2.731641036755326102e+00
2.744856934047060992e+00
2.752761584534578976e+00
2.472686930693395624e+00
2.460185633096404700e+00
2.690449215593162080e+00
2.340980583723350605e+00
2.773812136449230081e+00
2.158798103510787492e+00
2.465374408499482861e+00
2.813634105832520493e+00
2.446156588714096802e+00
2.177584161498598903e+00
2.641174648588537011e+00
2.791192540841684888e+00
2.415862372167535632e+00
2.353267048900547387e+00
2.061080917572289284e+00
2.624589044157172424e+00
2.670083312952588717e+00
2.286515341990959627e+00
2.716429197423040343e+00
2.304197133821852983e+00
2.380565374931181921e+00
2.730383758823328400e+00
2.583441771317982472e+00
2.765205057844373648e+00
2.914962367209080973e+00
2.410852296092686586e+00
2.895900809947200116e+00
2.588161213453789244e+00
2.797927695503513057e+00
2.263355605219398825e+00
3.037419087690862440e+00
2.569053220561016815e+00
2.081286548423449290e+00
2.747931114271267461e+00
2.378961239210235945e+00
2.908790249964102514e+00
2.340688000032112637e+00
2.089999104566085286e+00
2.798822934548553576e+00
2.526681478481035192e+00
2.322844220176002672e+00
2.510127011439815981e+00
2.635095440910186326e+00
1.866352282754256242e+00
2.181133350983429864e+00
2.901290957690139560e+00
2.878144693472682203e+00
2.777909920875626604e+00
2.494845804450843474e+00
2.987600123966654309e+00
2.333038993230485580e+00
2.650663928313359285e+00
2.781761652361529169e+00
3.020041793983000211e+00
2.644229221306205524e+00
2.074370395230140662e+00
2.270755507129037731e+00
2.313554693688251618e+00
2.343889038352416243e+00
2.511919855556885128e+00
2.569328102908426281e+00
2.967006767186238125e+00
2.537619837647123067e+00
2.516069747756300767e+00
2.091932000331268249e+00
2.259626436503821889e+00
2.786107290586038232e+00
2.450065504405223304e+00
2.815980082262202977e+00
2.286620393879372326e+00
2.161501554432832428e+00
2.651332378325351513e+00
2.704286082100638033e+00
2.747484552851783945e+00
2.754248005012185807e+00
2.603017015692832281e+00
2.214101127721424866e+00
2.736745693380697286e+00
2.609678159492417659e+00
2.311707976868865977e+00
3.031950540246533876e+00
3.066289016310502547e+00
2.404810628464482569e+00
2.740553351424549255e+00
2.592893257811565988e+00
2.470379119119341382e+00
2.778396464985481540e+00
2.345369110333525242e+00
2.806780193762769660e+00
2.468913588735813125e+00
2.442929730976706182e+00
2.225533178173951576e+00
2.792549255957827992e+00
2.138579008008287374e+00
2.718482740211393356e+00
2.530793989541561650e+00
2.643688112086426401e+00
2.574773201968346026e+00
2.884533116696765820e+00
2.034341596409741548e+00
2.623979053924395455e+00
1.900449876603582444e+00
2.925904006947442682e+00
2.354687493273329046e+00
2.571038012886482704e+00
2.490305949636238303e+00
2.459670871779247481e+00
2.942376313428376466e+00
3.064417166676878690e+00
2.440040316940129905e+00
2.111632777192350208e+00
2.516383069854798205e+00
2.506054423526377306e+00
2.860997022001225076e+00
3.042587392736070040e+00
2.548124116072401968e+00
2.678281251569622157e+00
2.478800488672796121e+00
3.124800631933601469e+00
2.394859846826811633e+00
2.161532298452623735e+00
2.947224854083096979e+00
2.420390164093179308e+00
2.397163084644421183e+00
2.483648473449049821e+00
2.495550777275451715e+00
2.167171836052129485e+00
2.713383430326301582e+00
2.882666647391074477e+00
2.688019465802622410e+00
2.103359645731519123e+00
2.642614388135902104e+00
2.813941869524283934e+00
2.686417175179933281e+00
2.019833440897922383e+00
2.797797750212481116e+00
2.642648876931210200e+00
3.069282957519192223e+00
2.708937751973094610e+00
2.471913391341463928e+00
2.302676460997676422e+00
2.662158369861658436e+00
2.724037664451359309e+00
2.570379524769635271e+00
2.392549982067247782e+00
2.290614716433363451e+00
2.559020699913349350e+00
2.687842817876440638e+00
2.204908540259429728e+00
2.354146475994960852e+00
2.881359175745922041e+00
2.530218030118324357e+00
2.895388916312545025e+00
2.618372917266619915e+00
2.566508947625514292e+00
3.076648417070392494e+00
2.975819723985967613e+00
2.635193661497163831e+00
2.859765870685755385e+00
2.868335372627874413e+00
2.729646878509002672e+00
2.800019111216404788e+00
2.186493657291094905e+00
2.413790704098244255e+00
2.707229258802206662e+00
2.692411799933036143e+00
2.662600419198649870e+00
2.677237730597257670e+00
2.420854925093602006e+00
2.444641236297603548e+00
2.359513926676482409e+00
2.981820053942247917e+00
2.727430199512503428e+00
1.979313565861965607e+00
2.572252613519299569e+00
2.380522714370445492e+00
3.071721476975462384e+00
2.647300892777908476e+00
2.691732148021727333e+00
2.365101648856671179e+00
2.662256633764774616e+00
2.850687320525915336e+00
2.456918508298033821e+00
2.674019562539972750e+00
2.241135701911115330e+00
2.602879270377583154e+00
2.384890411191415538e+00
2.572821411085359333e+00
2.719911495315246341e+00
2.590983744683677870e+00
2.923326372053411060e+00
2.427076781950654016e+00
2.967004513168450153e+00
2.801985944873714551e+00
2.336823515225971093e+00
2.397059578153056592e+00
2.364862423859860563e+00
1.898878133107267274e+00
2.631442307927843505e+00
1.915792626696092293e+00
2.946902492269110052e+00
2.489723784847142074e+00
2.464175329933944170e+00
2.713519390307175705e+00
2.926261946876064002e+00
2.443784270196674768e+00
2.409951961289383160e+00
2.497953482725760566e+00
2.690813733577219313e+00
2.672718098315244539e+00
2.352939906041140894e+00
2.550336545606940675e+00
2.660813736313163425e+00
2.165464867306408081e+00
2.558770426989907421e+00
2.288936025280782438e+00
2.323308277146975964e+00
2.641113736320847671e+00
2.370955060730830954e+00
2.890307763170614219e+00
2.397297145433728183e+00
2.033564741886298322e+00
2.875627077151285960e+00
2.266094701901213426e+00
2.657769764448312699e+00
2.511914468121461130e+00
2.808066681402195286e+00
2.278551817328993145e+00
2.773720210455252300e+00
2.494990299890446295e+00
2.780252348527499251e+00
2.439880323072558532e+00
3.042532528046036688e+00
2.783899274780110122e+00
2.416596900875116916e+00
2.576165657475296022e+00
2.815768685966384854e+00
2.378133355736378185e+00
2.244321165773780713e+00
2.049900847428875128e+00
2.588637070476027979e+00
2.501697096325262493e+00
2.983468824964141231e+00
2.887114196321109993e+00
2.638067214026865503e+00
2.505562358588596883e+00
2.451373804324373129e+00
3.018105134847594240e+00
2.962531863403610632e+00
2.985660869712056797e+00
2.535774660491593391e+00
2.554467404815436549e+00
2.570853363155042981e+00
2.906296802222740894e+00
2.779623932592341085e+00
2.794263987908397251e+00
2.593923286859483035e+00
2.745581331165572792e+00
2.953654130537568534e+00
2.619672078587597763e+00
2.548373718888657269e+00
2.378471371521895250e+00
2.016658599167129751e+00
2.600545562112289932e+00
2.390745568170550062e+00
2.689944402692365344e+00
2.191729494712703730e+00
2.205790386199598885e+00
2.921651504035862157e+00
2.888328891523476827e+00
2.739075183879664976e+00
2.923889670701468546e+00
2.598143450756388528e+00
2.666476115516927425e+00
2.165034818515178650e+00
2.958262041659116104e+00
2.961080808479412685e+00
2.775439334998466734e+00
2.685663010073857659e+00
2.269009554168571974e+00
2.860728296789571079e+00
2.241436407429062250e+00
2.426404874362630082e+00
2.557624938763293887e+00
2.861068867009239458e+00
2.961305020302105628e+00
2.148844809164347058e+00
2.740693628949552263e+00
2.485708904426820354e+00
3.107949619596367175e+00
2.928895868993746987e+00
2.070909376679119340e+00
2.576717188922458490e+00
2.032664828671168600e+00
2.223503485385906586e+00
2.437712182053225707e+00
2.833876294695705234e+00
2.798234358877381478e+00
2.395301217077709044e+00
2.695954329118483539e+00
2.540688777467222437e+00
2.378409345297924915e+00
2.505218759682663165e+00
2.048219999636938571e+00
2.919702299603177842e+00
2.476185943376256748e+00
2.634004675770358350e+00
2.529752647338506577e+00
2.417063938356243114e+00
3.123942504472794202e+00
2.269301861428413947e+00
2.107188960006117995e+00
2.910134848981864586e+00
2.802174609874797273e+00
2.921948204336362931e+00
2.474617626541420368e+00
2.424372162606561965e+00
2.801022255220233070e+00
2.336208999234347772e+00
2.835834332281996772e+00
2.797612142834083659e+00
2.774079587395182234e+00
2.581070254593379687e+00
2.629047774465554266e+00
2.660251129376995927e+00
2.721352490874562768e+00
2.106340731798156618e+00
2.614877364209004185e+00
2.458335799785638542e+00
2.931524437541223271e+00
2.659295932403574092e+00
2.063583870316910485e+00
2.598600948420159096e+00
2.425705868942394705e+00
2.555837724923019749e+00
2.799302521032244417e+00
2.785529919806823962e+00
2.760693794463092932e+00
3.069251214483987855e+00
2.526613109453211159e+00
2.422711312206251577e+00
2.357855860984102936e+00
2.788582356457780520e+00
2.789860912942951909e+00
2.584358521189593638e+00
3.011267368421159496e+00
2.077966990521069590e+00
2.303935567172722187e+00
2.314765392695846469e+00
2.566836832374517208e+00
2.966830598421463794e+00
2.736216808175320647e+00
2.262974210845882794e+00
3.081347282697689316e+00
2.729725541767693997e+00
2.704850943307352651e+00
2.994595651532817815e+00
2.535664105387700484e+00
2.372424863670089756e+00
2.719812840251724317e+00
2.673558654174656102e+00
2.633369478567508359e+00
2.279608691363024686e+00
2.433559345408265795e+00
2.714683872148360155e+00
2.558743034269677974e+00
2.910710124614133143e+00
2.203220617639871648e+00
2.777075250627861092e+00
2.628316571137624180e+00
2.073703696497807947e+00
2.812404779170869062e+00
2.553249028135745835e+00
2.395915332342757775e+00
2.907779184259131622e+00
2.667849930442268924e+00
2.787573170135225098e+00
2.961389743505132177e+00
2.316784775047618705e+00
2.041113520899521472e+00
1.930001335121060757e+00
2.999261103172803367e+00
2.340166710725220423e+00
2.078953512050836672e+00
2.187987505450990078e+00
2.951884594305687948e+00
2.437245945612098730e+00
2.446956187096187563e+00
3.052693461952475040e+00
2.928978245581998152e+00
2.514483619817704518e+00
2.187440932723497156e+00
2.421448945388202212e+00
2.840804792221622410e+00
2.580683144525556028e+00
2.412594183924347657e+00
2.837299330307962553e+00
2.432874293851645664e+00
2.962328987546476888e+00
2.553926744319254372e+00
2.288014477108896383e+00
2.255364376151005601e+00
2.333316484438490601e+00
2.152763213278134025e+00
2.341040155683784540e+00
2.665042021431817343e+00
2.269343156892817515e+00
2.885635801120453259e+00
2.541418134808686169e+00
2.536640786416847426e+00
2.230885630270254882e+00
2.812092789865466180e+00
2.634818016194252710e+00
2.765491918035581698e+00
1.914549753654497755e+00
1.975658546669742943e+00
2.660361296330204350e+00
2.586098571728218776e+00
2.968890431460555313e+00
2.984802182560915007e+00
2.469625397055672966e+00
2.643729474308092797e+00
2.839590751630841403e+00
2.699312292627536358e+00
2.828872374361346420e+00
2.505250742217621784e+00
2.170521054691434415e+00
2.733071707456966593e+00
2.502466468274794131e+00
2.654832013173900940e+00
2.479539671775999210e+00
2.283437138000857569e+00
2.721955800949004356e+00
2.788427878648242153e+00
1.910968796333484487e+00
2.613724362485055686e+00
2.910825619664835884e+00
2.469484402399141576e+00
2.479530872704656108e+00
2.530280146859851698e+00
2.877497218870074480e+00
2.894313611142924625e+00
2.515956595028561615e+00
2.379088402798786195e+00
2.824397560415656372e+00
2.314831197750136127e+00
2.848858798364068967e+00
2.761137444247265815e+00
2.668662674286601977e+00
3.045932199949895836e+00
2.482113353608047746e+00
2.664238361401766397e+00
2.612024260914155072e+00
1.882513336154901573e+00
2.617774198053574253e+00
2.573009113847152030e+00
2.324478189025418029e+00
2.139235538092609357e+00
2.534363363911285916e+00
2.592748249855108433e+00
2.788381709348294102e+00
2.841180490146141491e+00
2.866196028737481694e+00
2.884397897022610735e+00
1.993697440918004826e+00
2.855119456941471512e+00
2.607196196954232104e+00
2.751581829036982896e+00
2.406211811396904210e+00
2.995269012421395427e+00
2.354623773260518860e+00
2.877279239937044597e+00
1.894825401913589724e+00
2.678333102975190894e+00
2.376499150140873873e+00
2.866041793675578653e+00
2.712099258467615570e+00
2.586698420138008103e+00
2.752773196235358100e+00
2.375598397762190395e+00
2.473731063253025386e+00
2.687493022634579010e+00
1.927726536273508540e+00
2.113414373202860297e+00
2.747376206951651856e+00
2.608339230687555244e+00
2.246329420215573691e+00
2.878289600540460569e+00
2.360634693774112502e+00
2.119610740194755927e+00
2.701354329263684573e+00
2.976234508407231250e+00
3.000962388223598953e+00
2.212596842392781316e+00
2.926518156401848536e+00
2.550065285191499331e+00
2.352659703286622328e+00
2.683558584798899194e+00
2.510322530253653373e+00
2.530841952135771233e+00
1.947578747117495457e+00
2.748025516483926456e+00
2.042386380735988105e+00
2.385619970308606952e+00
2.728801231789408810e+00
2.217872670305812477e+00
2.859747785516237872e+00
2.773787519353962061e+00
2.731055152234473482e+00
2.964578429584433295e+00
2.691211736108845898e+00
2.960248347555332060e+00
2.657123573736893007e+00
2.691259765596945908e+00
2.137525306141565107e+00
2.555613038027020778e+00
2.658032145904840160e+00
2.450670617870300383e+00
2.098436063814111296e+00
2.125802591433891386e+00
2.827159020093176878e+00
2.477801254269980546e+00
3.011431286502564308e+00
2.323576667092180248e+00
2.821626853269433521e+00
2.322526258736147486e+00
2.832934741959888481e+00
2.813353807850336175e+00
2.793370927384937197e+00
2.350178612452039406e+00
2.514528903109262359e+00
2.337904376772725445e+00
2.286835488957013496e+00
2.467238670125625699e+00
3.124912122687027338e+00
2.228916204027496129e+00
2.491040796759912634e+00
2.406030502530379422e+00
2.223083351278866360e+00
3.077154240444040401e+00
2.719125257594894762e+00
2.084160049704520290e+00
2.393012094178815552e+00
2.684190416141904123e+00
2.819790504893286975e+00
2.969229150078372736e+00
2.981251659776942731e+00
2.894431415856130840e+00
2.992158075747608947e+00
2.667754498972241262e+00
2.604984384604311032e+00
2.644489896278208185e+00
2.424659934429215014e+00
2.154018512406213670e+00
2.527968210247193426e+00
2.749230410686504200e+00
2.681552151391901173e+00
3.091668722863256669e+00
2.812660472211698792e+00
2.906592784400979124e+00
2.374358108706528192e+00
2.109661516888322375e+00
2.186180785085899192e+00
2.338411593440388181e+00
2.304165181390506412e+00
2.701073427196065690e+00
2.208316572079938034e+00
2.616872655163691164e+00
2.915380465627012363e+00
2.785647707900159364e+00
2.816263667769622003e+00
3.104230224422313000e+00
2.915779357213477141e+00
2.437827927438348752e+00
2.665789921238096216e+00
2.072723760183516006e+00
3.047345648430837439e+00
2.669903860383207039e+00
2.753977274529986641e+00
2.250123805885489325e+00
2.675229115526199131e+00
2.700115986997308593e+00
2.260790748586953391e+00
2.618390760954462326e+00
2.312321605529469526e+00
2.776290524403505877e+00
2.965818240768900438e+00
2.701349725303181959e+00
2.841076819415978783e+00
2.270460975451951580e+00
2.374699111624776648e+00
2.525693742370850980e+00
2.321612598427905905e+00
2.383991553470623082e+00
2.515392733405390047e+00
2.580923575560914784e+00
2.944223840598593434e+00
2.285327023302427651e+00
2.761259273409768955e+00
2.454834550163493834e+00
2.747098815806327643e+00
2.347999725418119965e+00
2.694286740753361720e+00
2.663822052906756888e+00
2.196048495172888249e+00
2.508078889306098347e+00
2.121543528046713867e+00
2.676927355131448749e+00
2.893742626962501063e+00
2.551993601082405583e+00
2.551199843582524274e+00
2.105619673234102152e+00
2.298676076851058347e+00
2.965389740174029232e+00
2.247167768211888905e+00
2.984515293231431610e+00
2.841387901024468032e+00
2.742582858107748045e+00
2.098471507728241647e+00
2.457720290264004959e+00
1.918179142185040043e+00
2.448063892498080651e+00
2.956114446569115817e+00
2.841168504108308124e+00
3.034567971885337556e+00
2.607124161380828919e+00
2.358709832818478347e+00
2.578942603120308874e+00
2.103320452954403841e+00
2.280466993412630039e+00
2.438664643495689788e+00
2.647089911627638514e+00
2.621577737163882649e+00
2.745935725824757423e+00
2.707736771656722663e+00
2.388743630056662237e+00
2.517456418629179460e+00
2.185094987424340385e+00
2.578257968509158005e+00
2.463006441278049241e+00
2.842269044214766005e+00
2.747887882066823106e+00
2.267284893285558933e+00
2.903911452088568712e+00
2.447655930449997186e+00
2.965387180073240980e+00
2.871641614492844496e+00
2.643116345021550018e+00
2.483061995174319581e+00
2.500358964721151711e+00
2.304912724542083957e+00
2.513500879837165414e+00
2.819860019821387898e+00
2.994417619190144375e+00
2.424515983489533788e+00
2.510352125607786533e+00
2.913180237391262306e+00
2.692802240824033078e+00
2.384318631166032709e+00
2.963400436991591835e+00
2.440030895812356881e+00
2.728223447563282278e+00
2.975523829526267150e+00
2.467937721642007975e+00
2.707884014124353644e+00
2.512266593560247063e+00
2.695709645173413271e+00
2.299258946354755917e+00
2.479103690424392603e+00
2.918064025147806717e+00
2.394407070362460477e+00
2.506380674801810482e+00
2.622061371511031691e+00
3.047555930248109224e+00
2.937510081892078073e+00
2.513652808917907766e+00
2.635797103976766476e+00
2.915807108418756677e+00
2.864507386501593977e+00
2.952713514270314032e+00
2.683581658124214897e+00
2.953058048171279371e+00
2.417487982716258976e+00
2.401105590749051277e+00
2.906386735893517592e+00
2.084719853389784383e+00
2.831755169368672220e+00
2.282499381489555557e+00
2.562935768609880149e+00
2.395866772561923597e+00
2.924460877208101550e+00
2.765486837167495437e+00
3.019497964351678387e+00
2.264431640488118180e+00
2.138156096400305906e+00
2.471009537400252754e+00
2.886945575930603525e+00
2.595523177945672444e+00
2.877116219023807098e+00
2.045770013472522741e+00
2.536875549584915124e+00
2.859965452905335326e+00
2.923855387774811465e+00
2.347191684995854288e+00
2.696423274593020558e+00
2.964200581496808429e+00
2.292938873968926927e+00
3.020754493388833506e+00
2.775554966858850836e+00
2.361462376143388830e+00
2.399994092747987473e+00
2.782978160811599100e+00
2.417331646844537829e+00
2.765109818363176597e+00
2.299486105353228282e+00
2.109383573215176000e+00
2.765288739979895549e+00
2.401886003774206468e+00
2.946772700302228820e+00
3.036310676259099228e+00
2.578707651781376065e+00
2.543582373706673838e+00
2.385546537744201334e+00
2.859725282996959272e+00
2.762077807961734077e+00
2.538054984281860271e+00
2.855964432573872891e+00
2.536618391800199213e+00
2.948202615421679607e+00
2.363128425286643353e+00
2.820163098744172814e+00
2.459014149239322933e+00
2.993248260975051700e+00
2.485334017194511524e+00
3.053564159920409526e+00
2.653558847691261491e+00
2.874691563063694222e+00
2.146117481405471317e+00
2.686000109867859642e+00
2.798445750885688810e+00
2.539765432698488645e+00
2.457999110314023294e+00
2.217413915877618713e+00
2.494155118068607013e+00
2.176188585077154514e+00
2.208491583336281039e+00
2.582489064651253496e+00
2.698985755267533371e+00
2.535107475022454260e+00
2.256747501612375473e+00
3.011523914290350046e+00
2.678744712082964163e+00
2.792307519342771549e+00
2.105895649965416006e+00
2.648796955193480684e+00
2.896326585398242948e+00
2.075128377191276297e+00
2.519716069647030210e+00
2.952485548907671120e+00
2.905492255130114998e+00
2.362788847213741938e+00
2.369861838023386902e+00
2.752588877793928468e+00
2.303165796292775624e+00
2.035992484826551596e+00
2.927265807625205163e+00
2.789172132466704479e+00
2.710782930735455842e+00
2.968352138650381722e+00
2.860101753651905998e+00
2.032065245451247115e+00
2.889176139608372829e+00
2.364022508826529645e+00
2.521628030837418155e+00
3.061546955010364002e+00
2.359678823438108974e+00
2.876127308071843469e+00
2.448953676786464584e+00
2.198401258126311930e+00
3.032283485242811327e+00
2.807796273221440320e+00
2.071656201942674080e+00
2.787451052981444022e+00
2.511089965217073505e+00
2.280146031847200661e+00
2.695620825692817579e+00
2.482624019603637322e+00
2.465072583371537451e+00
2.369026688892245769e+00
2.637828415734471577e+00
2.168834788418315007e+00
2.876922510163322677e+00
2.352575834968616331e+00
3.093984774049216124e+00
2.568486398855970076e+00
1.941313453326595662e+00
2.396673020843005819e+00
2.813777571513238041e+00
2.221394477668926726e+00
2.581070818081236062e+00
2.806898552802287838e+00
2.903152090503237748e+00
2.085100697344802967e+00
2.947844435496851379e+00
2.581583689362495271e+00
2.301037550586588321e+00
2.476068712127493576e+00
2.310640043239414965e+00
2.372950570013668603e+00
2.167398798241415570e+00
2.811997121218444029e+00
2.609760338862663787e+00
2.765743672418772281e+00
1.998920108319894418e+00
1.790732168235195099e+00
1.942928329919565211e+00
2.677414453523679683e+00
2.648784663137873974e+00
2.439682440643999417e+00
2.448143919257229406e+00
2.807780868076817704e+00
2.236701357904839593e+00
2.251847430033870445e+00
2.303787317596959205e+00
2.810971615220760000e+00
2.184445887848663226e+00
2.417007855641341241e+00
1.929048682429695960e+00
2.300001019355204956e+00
2.373482464815534154e+00
2.129686558257207096e+00
2.399252555903258255e+00
2.347015000295653131e+00
2.878049759873254398e+00
2.066747737675724395e+00
1.817269695113753469e+00
2.978004427190271031e+00
2.879540075170280655e+00
3.011299655421319166e+00
2.866673654524572346e+00
2.827722228456486242e+00
2.596769269834054317e+00
2.296744279489148166e+00
2.783807784108992323e+00
2.579894846884462911e+00
2.181368048680240257e+00
2.701711480947921018e+00
2.868856082338029800e+00
2.748085958329341771e+00
2.955440310186266295e+00
2.985855452727056658e+00
2.680345502748974873e+00
2.541618846005919252e+00
2.781537494531447052e+00
2.894524622229597721e+00
2.666774838126401814e+00
2.863522624012492024e+00
2.456324061865203134e+00
2.348707786045036716e+00
2.669845180108162630e+00
2.634461517958777144e+00
2.382661066924793403e+00
2.059067073573930706e+00
2.763069170096405180e+00
2.255232472849481251e+00
2.387332846782537210e+00
2.571631743362857492e+00
2.382501644563966625e+00
2.663230184459202565e+00
2.206133079994868851e+00
2.049489621932695904e+00
2.261472258028673465e+00
2.587147229015324346e+00
2.936477407370356563e+00
2.765643043087062658e+00
2.657362484849212336e+00
2.556793621759503310e+00
2.536652677799757782e+00
2.710950567626365437e+00
2.538087731840785732e+00
2.550629904172261320e+00
2.431488431950371343e+00
2.042916312096656029e+00
2.734453356358410581e+00
2.615881687976929548e+00
2.783951723938376865e+00
2.535931886996300122e+00
2.003134742795457335e+00
2.949231811078277143e+00
2.503688495625498334e+00
2.824888335883560586e+00
3.098472184093666204e+00
2.429197991652965349e+00
2.351550905640460432e+00
2.434610284656113954e+00
2.465647471607866681e+00
2.445721594512594521e+00
2.577669459673903152e+00
2.705350489215719190e+00
2.721181685911129300e+00
3.094173168661395579e+00
3.077408442504969699e+00
2.252122701523107562e+00
2.136437557033504131e+00
2.442202759256909328e+00
2.593127675434310220e+00
2.219069354120595250e+00
2.591912415328442076e+00
2.879856899186362895e+00
2.502136464801410831e+00
2.379444325224903345e+00
2.717878526509550419e+00
2.857622743580240154e+00
2.528867030092279755e+00
3.097060772130694861e+00
2.690843585325322529e+00
2.902244418752569555e+00
2.674077706752760797e+00
2.377922609206746696e+00
2.122468905794870686e+00
2.850972792430941372e+00
2.927370143417881376e+00
2.585375312561585037e+00
2.726278694167563188e+00
2.823506549057508419e+00
2.776866761625342406e+00
2.429849305684729011e+00
2.052032543166335543e+00
2.875266001817719186e+00
2.822903490049798236e+00
2.490610638391535403e+00
2.939703149171407404e+00
2.714470830989894612e+00
2.218891388111836172e+00
2.816975341092194718e+00
2.418358119784294047e+00
2.827177375637958789e+00
2.627722005635225067e+00
1.745283362818517592e+00
2.103878085056020364e+00
2.872204319013257123e+00
2.648813722360954692e+00
2.473711201965612450e+00
2.862867359580050675e+00
2.415624926145196749e+00
3.109345848765588283e+00
2.746665993737483991e+00
3.105673282583642170e+00
2.747788706305618334e+00
2.808977314702385542e+00
2.447600876603385434e+00
2.346811506792608082e+00
2.443675854972003236e+00
2.666502435855665265e+00
2.679293321265149519e+00
2.268593308950211274e+00
3.075412518685585184e+00
2.292615667063475193e+00
2.643872852811212759e+00
2.676875359988343916e+00
2.828045438153927726e+00
2.916353365000706077e+00
2.790696940731038023e+00
2.763010779935969996e+00
2.620540755892885265e+00
2.107068480154711487e+00
2.763892688028329214e+00
2.683883903069584687e+00
1.903657201209524530e+00
2.833233321011000783e+00
2.293595300222627920e+00
2.382588364413251725e+00
2.594814267221576376e+00
2.833262490418472446e+00
2.587515916439319330e+00
2.494028168004886581e+00
2.158497742583234569e+00
2.748901939604773137e+00
2.101657850811674777e+00
2.015671549807604102e+00
2.597832070115403624e+00
2.313699604191953973e+00
2.523466581042379531e+00
2.868464173213713053e+00
2.442321454673952452e+00
2.419087535337071770e+00
2.830548002417350606e+00
2.118598130219151443e+00
2.678896900492875321e+00
2.248682849560030839e+00
2.508802958892854651e+00
2.462050828660441226e+00
2.836907572385860554e+00
2.458989064771572419e+00
2.122967967011433643e+00
2.277519130106660405e+00
2.825344052119461047e+00
2.534390438940342882e+00
3.074232173094546106e+00
2.230621949920270630e+00
2.861509128713246586e+00
2.330246052124173239e+00
2.225484111419811839e+00
2.512788779679653306e+00
2.870783026598880738e+00
2.839000125462504798e+00
2.110896371183797804e+00
2.806469756089636558e+00
2.857351210765301630e+00
2.115386117717038772e+00
2.972062306157322364e+00
2.844835090971097102e+00
2.611311683655330729e+00
2.852863503581103632e+00
2.519565432622201229e+00
2.760897731129876576e+00
2.486370429290476913e+00
2.637727224705413764e+00
2.083562687355332343e+00
2.374894349355693990e+00
2.219544777754412834e+00
2.301668385393270455e+00
2.299209132116250220e+00
2.292593503450446324e+00
3.060439587811913942e+00
2.726908066229545291e+00
2.744368629996479569e+00
2.977472808197615617e+00
2.732668085227617283e+00
2.858569336358609991e+00
2.926279637884127371e+00
2.582016183932537068e+00
2.665235833162633128e+00
2.693522908322389497e+00
2.534411257044211219e+00
2.760785355942974473e+00
2.685628355084215713e+00
2.096342542997921221e+00
2.152297320041078876e+00
2.362176366177830555e+00
2.688940344110900327e+00
2.312922597426303017e+00
2.614980672451349797e+00
2.381097546607941595e+00
2.622640302545850233e+00
2.503103979074919216e+00
2.343582651390419436e+00
2.418681299616959546e+00
2.326344714343264730e+00
2.897220854997053952e+00
2.634119998949100871e+00
2.839653988594847078e+00
2.100018100252443176e+00
2.345612230144682009e+00
2.780012193129380194e+00
2.844585648965240132e+00
1.946943054945208695e+00
2.406310675165597601e+00
2.530171725873778144e+00
2.342235385399032310e+00
3.027522092515033236e+00
2.812819109131675877e+00
2.288830677156365567e+00
2.220399870475206150e+00
2.597673739466037190e+00
2.689764371426091483e+00
2.854991452775927474e+00
2.233504381755652801e+00
2.713738561215279343e+00
2.716792887173585136e+00
2.432812953188150829e+00
1.631907249928910897e+00
3.011337489727209604e+00
2.512884309074739697e+00
2.127495576182856674e+00
2.236685643450082139e+00
2.693829729069515011e+00
2.779709160428126324e+00
2.656033428719265732e+00
1.851132847259832515e+00
2.034054135560782406e+00
2.348374237258736841e+00
2.599869907549674508e+00
2.785963237586134955e+00
2.748097224118554838e+00
2.408047781770382922e+00
2.514125234147248200e+00
2.595777511431582418e+00
2.222467290788026961e+00
2.853942083469142244e+00
2.510707742605113868e+00
2.392384342608641745e+00
2.848661619378091814e+00
2.522867215960696186e+00
2.645449049437657241e+00
2.650472202560245183e+00
2.819667597025433903e+00
2.242237858700781850e+00
2.270201023852575162e+00
2.070446450403284011e+00
2.207675405074343900e+00
2.827596934394297268e+00
2.148675877745468199e+00
2.213221757831573377e+00
2.556401197348479482e+00
2.843478893567224830e+00
2.993713361342599910e+00
2.454834617377618322e+00
2.285392180205422008e+00
2.921892280508668005e+00
2.794504622401645655e+00
1.809709343974451157e+00
3.005394529917452928e+00
2.982647258908606158e+00
2.888110091090821285e+00
2.510635198958128811e+00
2.585971431067247917e+00
2.851422167021938847e+00
2.304634835705194451e+00
2.256693585684429237e+00
2.546453441589704880e+00
2.508974680547823688e+00
2.933633889420926621e+00
2.815361302239051788e+00
2.709722516623275013e+00
2.866628112054809385e+00
2.301816270271290765e+00
3.028901768667571659e+00
2.595688306030974779e+00
2.436301720050622954e+00
2.219948394176406659e+00
2.560400997622600094e+00
2.643027917497249746e+00
2.940723899794890794e+00
2.152702989277971213e+00
2.533940070220702001e+00
2.468364764227584107e+00
2.678557160782478963e+00
2.862875741537219909e+00
2.825616936907282550e+00
2.717877862557227520e+00
2.818062142086077415e+00
2.952194953591902316e+00
2.648859218934663140e+00
2.284967690852558686e+00
2.951130070670479721e+00
2.597949949915537182e+00
2.211897259705974061e+00
2.721357223618764198e+00
2.795132210643538784e+00
2.574007008156235621e+00
2.675094465103093899e+00
2.905930452151899601e+00
2.978684905059502341e+00
2.376309050741947981e+00
2.564179320571976284e+00
2.387608897853070289e+00
2.798167753833557647e+00
2.449394397239131216e+00
2.854924651758670162e+00
2.232728433189369532e+00
2.524949984783273482e+00
2.477650072311633700e+00
2.444578354607851445e+00
2.708188977159828870e+00
2.576677658884263256e+00
2.819538420153394842e+00
3.026971867933888394e+00
2.572770943750387396e+00
2.751501273831967520e+00
2.459102407929854017e+00
2.710233936268203969e+00
2.781834884414054354e+00
2.579599105867803832e+00
2.794888847000859045e+00
2.686425554846546326e+00
2.820323062651324708e+00
2.618145527204335021e+00
2.441793034889741865e+00
1.983973831677772637e+00
2.934436905310644050e+00
2.357280519347401793e+00
2.312730295610770703e+00
2.776165631565969072e+00
2.931744997986478474e+00
2.959211160860112155e+00
2.229390884660523486e+00
2.885140253633722729e+00
2.819818818311946362e+00
2.780268940232555330e+00
2.325707540644992299e+00
2.401851697643778927e+00
2.623145820554255270e+00
2.827592599230562609e+00
3.068270917964744271e+00
2.395884741494699544e+00
2.876691105216402811e+00
2.740095973694880893e+00
2.034090460810722867e+00
2.731036206567208247e+00
2.217593773115708267e+00
2.130535217580165952e+00
2.569060755888278980e+00
2.432384341130843008e+00
2.424031590559898586e+00
2.840987057852895070e+00
2.080468883331596963e+00
2.741551954893445053e+00
2.337807398211542598e+00
2.137707599173888084e+00
2.918327165760054687e+00
2.065414770683723145e+00
2.850852517813318165e+00
2.664622404251325349e+00
2.652006099777468151e+00
2.817744906085520640e+00
2.678728759964297712e+00
2.592199999814456923e+00
2.450211059694587412e+00
2.568462684769929005e+00
1.967471785597777689e+00
2.894035196321130154e+00
2.901702120360464487e+00
2.518195092708650051e+00
2.602904322474372201e+00
2.118538456941957637e+00
2.859305143157305107e+00
2.660872290337406021e+00
2.399861634009765154e+00
2.430668210690902775e+00
2.910963060149125869e+00
2.926952585387825323e+00
2.297637899366864023e+00
2.401033846845572750e+00
3.032767556543878307e+00
2.506698463250174758e+00
3.132498671476481089e+00
2.767735536180758515e+00
2.931259833066708786e+00
3.076512896829367794e+00
2.250216961432309759e+00
2.506215714703861952e+00
2.687125621378454010e+00
2.046672596136233313e+00
2.304933537818205647e+00
2.443178203325272246e+00
2.791300018024016616e+00
2.820676904716210576e+00
2.907859139640331048e+00
1.879119834752533524e+00
2.551373283890953303e+00
2.317223124905491094e+00
2.694800799813342529e+00
2.706197397365841972e+00
2.538245779493693455e+00
2.540476525142282060e+00
2.627410284177088329e+00
2.593202463769935129e+00
2.762034504326480455e+00
2.226654462364346276e+00
2.499748322701123904e+00
2.288327171411408401e+00
2.884735421683435774e+00
2.517364279127437321e+00
2.450095871026131356e+00
2.488697420990593656e+00
2.807145331237687724e+00
2.386392697571453780e+00
2.737509640038783054e+00
2.203028164655797205e+00
2.378771461718469205e+00
2.070468022772608663e+00
2.882672454373520932e+00
2.828547359187695953e+00
2.926682891886880356e+00
2.995685571920078338e+00
3.025342647608672220e+00
2.779048815729594057e+00
1.980147468337045025e+00
2.825069319554053937e+00
2.652013367037719060e+00
2.434001776536847128e+00
2.628696578027481134e+00
2.847173473851861925e+00
2.683420835822408090e+00
2.682255020129895584e+00
2.331801386113632635e+00
2.248049987762790192e+00
2.642075251888804654e+00
2.577865970740756296e+00
2.730647708680686403e+00
2.864558539982685836e+00
2.441078612533860603e+00
2.129899526308296487e+00
2.648033927234627161e+00
2.528721494169312578e+00
2.829760654378405071e+00
2.551161731254475207e+00
2.487272265442687313e+00
3.077302811880999300e+00
2.804231486093407444e+00
2.981516834403052485e+00
2.778930620416069530e+00
2.577011696429019061e+00
2.000999641455087019e+00
2.862616466119010106e+00
2.520561176738288722e+00
2.739066200585032362e+00
2.375303620726059606e+00
2.632487847875774278e+00
1.998964609614438004e+00
2.671093135037228450e+00
2.144156591289014369e+00
2.267103800497762833e+00
2.639985620580490799e+00
2.664707765066261835e+00
2.726242688522456881e+00
2.746958909384576764e+00
2.788185403285217134e+00
2.077171567307687816e+00
2.842076915776253543e+00
2.683491252577281827e+00
2.760596477465494747e+00
2.731388302975286564e+00
2.073387334141129301e+00
2.505641393033848807e+00
2.059923621202112365e+00
2.786816454182982294e+00
1.905094802206600768e+00
1.951600117996763251e+00
2.826077981177978149e+00
2.564156355106368412e+00
2.207359824682708638e+00
2.077372978586368379e+00
2.651694976409613158e+00
2.964940888097197913e+00
2.479529226000147801e+00
2.351803201927645581e+00
2.544548982247141211e+00
2.100849717993737986e+00
2.184904150807026824e+00
2.950813983545176544e+00
2.836726842189637221e+00
2.442107800330427736e+00
2.808015362132262993e+00
2.876875913600518864e+00
3.049821608617343749e+00
2.664313029834217250e+00
2.601973900875570678e+00
2.705055679323251638e+00
2.708343808941966024e+00
2.074072891336788516e+00
2.236677361985786483e+00
2.317228220934624883e+00
2.454378703208038193e+00
2.701746420119718106e+00
2.540868074157662804e+00
2.341452436927051295e+00
2.818879846585360838e+00
2.070979063571058987e+00
2.727080216570104021e+00
2.557773923053344056e+00
2.018054901129501477e+00
2.497953383411446460e+00
2.944769764129418821e+00
2.792070563712267806e+00
2.223063649554195109e+00
2.992552378050783890e+00
1.997279350861235647e+00
2.026686948124960530e+00
2.926568054419806497e+00
2.739587463332048500e+00
2.593487838886253005e+00
2.886009209848890755e+00
2.766473581366188927e+00
2.488049600971446118e+00
2.612413772800308731e+00
2.649326946550399242e+00
2.836781525168167839e+00
2.790716069035168889e+00
2.902467495257846863e+00
2.866687001762749265e+00
2.416832989283055344e+00
2.814351491474333500e+00
3.022845500660979567e+00
2.523680728278110852e+00
2.428550072647146951e+00
2.098107337558851704e+00
2.665590760578827823e+00
2.929749139205997555e+00
2.629228845988786478e+00
2.896613884435757402e+00
2.491741529909810016e+00
2.748068957486966113e+00
2.275834866200053597e+00
2.947778442245860386e+00
2.225687054322897485e+00
2.708893005070308835e+00
2.414770947912316945e+00
2.677423325494942219e+00
2.410665976012008827e+00
2.658239319556824132e+00
2.319935319286091424e+00
2.902414597273747621e+00
2.411039550272383813e+00
2.647459996731279741e+00
2.898542843227165822e+00
2.564936329111229263e+00
2.632920504341420997e+00
2.788245958942948910e+00
2.718238038080377006e+00
2.667996968273226521e+00
2.732641435106568650e+00
2.760036121511079354e+00
2.800494224873745885e+00
2.753590474018016820e+00
2.546606706912031726e+00
2.277181235535393977e+00
2.589853778651634464e+00
2.736393906320421010e+00
2.502479341653937706e+00
2.621898836081135720e+00
2.547220058740174764e+00
2.289370120433830813e+00
2.228279700631981441e+00
2.863894235841876412e+00
2.759183989312078200e+00
2.343218712401994530e+00
2.261314556767175521e+00
2.760059953657216791e+00
2.522592827198346210e+00
2.650967463941265923e+00
2.895552203473331421e+00
2.946626603906297603e+00
1.810637358635595051e+00
2.614491636021191834e+00
2.859161512519368120e+00
2.259704426183211989e+00
2.780066481227924768e+00
2.714738403319028048e+00
2.347214353906581952e+00
2.399305654247158248e+00
2.638044113699301363e+00
2.083951379869230180e+00
2.913367261953179632e+00
2.635066093034105439e+00
2.742614754744664651e+00
2.813756997275506766e+00
1.773028650147940644e+00
2.702412598729468041e+00
3.026845228826746670e+00
2.630882328744140075e+00
2.920662043728829094e+00
2.633138748123310613e+00
2.740533262051881636e+00
2.395495893653285080e+00
2.967693776504065184e+00
3.009606521693656056e+00
3.090621550722605360e+00
2.905864163689953372e+00
2.412824458867882882e+00
2.698555130274657987e+00
2.012065017259093480e+00
1.937457439844166851e+00
2.812185467141349982e+00
2.797415125000213276e+00
2.682690882390180498e+00
2.301300485676304852e+00
2.930533509051811425e+00
2.250003709055447221e+00
2.300917301171285789e+00
3.034714778497817456e+00
2.588043215586304679e+00
2.540742572788845077e+00
2.650119450777454144e+00
2.651646155494498558e+00
1.892930654703476767e+00
2.365229280403818191e+00
2.375706366117516843e+00
2.085205298580525834e+00
2.410724740366649854e+00
2.294098844937966231e+00
2.698427232479840843e+00
2.489471247839197154e+00
2.739475015019381399e+00
2.701708481403256812e+00
2.839671144720461893e+00
2.500976682388624361e+00
2.969871296095872193e+00
2.395825006662630763e+00
2.555034122646708816e+00
2.090423574896778547e+00
2.328947375196809499e+00
2.968676641192797394e+00
2.600580339350195835e+00
2.637595907789472616e+00
2.307458690255501210e+00
2.576020829847373683e+00
2.605795406318628604e+00
2.621208391755023293e+00
2.884647145436647353e+00
2.643815018683461471e+00
1.940197668355190919e+00
2.555433553358527732e+00
2.477426203240862268e+00
2.772019813473277861e+00
2.317673281089122295e+00
2.731338375195535129e+00
2.395407791988156010e+00
2.234276529256019828e+00
2.543789519784554365e+00
2.468735871824760064e+00
2.548560442164232054e+00
2.878595071640106529e+00
2.376992105272596856e+00
2.912583300182074453e+00
2.859712808010806295e+00
2.366236659307338286e+00
2.423188825132793767e+00
2.551001729993841227e+00
1.894855467593701936e+00
2.910073652026579971e+00
2.169714087232442967e+00
3.055501863830158094e+00
2.289455620838252159e+00
2.150943847250863517e+00
2.849720581165965605e+00
1.975758901955581015e+00
2.823054941723042610e+00
2.339351428261217336e+00
2.878072030557032868e+00
2.736457558257868516e+00
2.353280703129063234e+00
2.641214414506797947e+00
2.179757809395935997e+00
2.654848091263280807e+00
2.082069493801438576e+00
2.002738651572664619e+00
2.890065941235027580e+00
2.754828465408568405e+00
2.373387190170591854e+00
2.535152162582947621e+00
2.647057203843011131e+00
2.486612171242003289e+00
2.563721117427959495e+00
2.569075534310628850e+00
2.418043599769026386e+00
2.732092759548471417e+00
2.462023993424348411e+00
2.714368603627271614e+00
3.051381098547386372e+00
2.998574047224131345e+00
2.954309988783790697e+00
2.854966065573621758e+00
1.987903911798921452e+00
2.318994826416791444e+00
2.360351729661029019e+00
2.086487244313288691e+00
2.402228057174268017e+00
2.527955706117906765e+00
2.245194167106900895e+00
2.277322430334677961e+00
2.514157194528178429e+00
2.978261902358317670e+00
2.603499702565500673e+00
2.415350899197111545e+00
2.605800282481933294e+00
2.427491833111425912e+00
2.205602739596658424e+00
2.787804262650762865e+00
3.027392124444782784e+00
2.654924934333463771e+00
2.683034081455774711e+00
2.894137615524562168e+00
2.164559854104318060e+00
2.951964603757893713e+00
3.042769059859813829e+00
2.819879595563581809e+00
2.933335130274275837e+00
2.659259877742340628e+00
1.976989566311153190e+00
2.909172771788334000e+00
2.675154915179037918e+00
2.554393902192295229e+00
2.789528586684098865e+00
2.446349443531531609e+00
2.029852012420091611e+00
2.675227885432820862e+00
2.753670413670158634e+00
2.731328791927733590e+00
2.631773417869293308e+00
2.704829272442050403e+00
2.780162510386532837e+00
2.084103041726113048e+00
2.598624029479756015e+00
2.615104222811155399e+00
2.274678704982045385e+00
2.370211994855222493e+00
2.379376953537720496e+00
2.713756246200970779e+00
2.897075187439844157e+00
2.462667050309333305e+00
3.011659440345651806e+00
2.922622713200343725e+00
2.467443142161312331e+00
2.258586239146461061e+00
2.886900802750452133e+00
2.902415729712246595e+00
2.816535540339908827e+00
2.565065352271003185e+00
2.444082409229205055e+00
2.398364387044535473e+00
2.854906390642472758e+00
2.299151287869102056e+00
2.578955336615680327e+00
2.058393936083899867e+00
2.831180220917168366e+00
2.897669262366265208e+00
2.336473192884904737e+00
2.521117686241933775e+00
2.564455009448623368e+00
2.495936476706060780e+00
2.940253078213239224e+00
1.973907534455518809e+00
2.823476543799892990e+00
2.870764995994822488e+00
2.581970213929039026e+00
2.773387888257906830e+00
2.797524137451947279e+00
2.790383656833338666e+00
2.988141961577029271e+00
2.552978478589355671e+00
2.344817208015435028e+00
2.516622904815260853e+00
2.499696321434166979e+00
2.755288092508542341e+00
2.886943191794940411e+00
2.582678001168991599e+00
2.634014397192125934e+00
3.024513824838282350e+00
2.621303135283604036e+00
1.711006851216971159e+00
2.410755584163444709e+00
2.958124033387838026e+00
1.926301063465312158e+00
2.159427336265173913e+00
2.427435865128146908e+00
2.307858565235702208e+00
2.147258522015055515e+00
3.018708998530783116e+00
2.740639957537513549e+00
2.418767292859642204e+00
2.210242144793880925e+00
2.653960566373791075e+00
2.015867715904601010e+00
2.613350990991902378e+00
2.629549678380303845e+00
2.866939955022567599e+00
2.275128829563753730e+00
2.794409333019227226e+00
2.465158697574016955e+00
2.931887450440051612e+00
2.966955781482961463e+00
2.510780298374698738e+00
3.045717339578529526e+00
2.755716880999128815e+00
2.677770738289944497e+00
2.204537815540847490e+00
2.985791767396785090e+00
2.325877781374757092e+00
2.604666226599234413e+00
2.640921731529722649e+00
2.394889127765958303e+00
2.709090619071583106e+00
2.699592956208803241e+00
2.645752386757512564e+00
2.682062675313777511e+00
2.590911608078789286e+00
2.582792215083543397e+00
3.005076025562171793e+00
2.306204566965349478e+00
2.377384060239789321e+00
2.756995733547221050e+00
2.721572714352499478e+00
2.398381537169006705e+00
2.681286966756395440e+00
2.579604454877277409e+00
2.966356396393548867e+00
2.491490086321243247e+00
2.186749189112655145e+00
3.031483560558772883e+00
2.288592082346307954e+00
2.675409730628246940e+00
2.227066627079679506e+00
2.180523361649349123e+00
2.030703412837735033e+00
2.621091877880204812e+00
2.621807071639961961e+00
2.434746053500214114e+00
2.105496819400762831e+00
2.721215780482856950e+00
3.025621037869213659e+00
2.944903494867270322e+00
2.709561653591069597e+00
2.186179633539640399e+00
2.543886168155879091e+00
2.587435376192812164e+00
2.618088520921890705e+00
1.921637365058982194e+00
2.539856497288009329e+00
2.285376082116081786e+00
2.753278539797452851e+00
2.496313226263208396e+00
2.442776120107510884e+00
2.823619667703181513e+00
2.542534224870020232e+00
2.758675877085149608e+00
2.537436624990945244e+00
2.799369724824633199e+00
2.859207245124360419e+00
2.292246316909019921e+00
2.509237797531920222e+00
2.485037871440619828e+00
2.877998773146853040e+00
2.258029974484835556e+00
2.470279715741024340e+00
2.527879344891929225e+00
2.670001967851894253e+00
3.035700163120775841e+00
2.338772967669249248e+00
2.957317137118184114e+00
2.023463037111323359e+00
2.593217642059008732e+00
2.130286921590815563e+00
2.233629193599566687e+00
2.583613701245579541e+00
2.463091602525457446e+00
2.672456867652160728e+00
2.866586450846853484e+00
2.875932252191250704e+00
2.309782195980319308e+00
2.298535160702408042e+00
2.875703374896599218e+00
2.378254065793424132e+00
2.659960331070494899e+00
2.424516710603804803e+00
2.621520461581449801e+00
2.499377345423304142e+00
2.043868274537071095e+00
2.933889535624844669e+00
2.198106907975046820e+00
2.663374167842925466e+00
2.154570786171401853e+00
3.052823243724175573e+00
2.407836310779027045e+00
2.984373522364013542e+00
2.412127586159243275e+00
2.937354602573947648e+00
3.080205174236821719e+00
2.354567108633270678e+00
2.919770162988521545e+00
2.413279830119877012e+00
2.170077702346664861e+00
2.774313690769757645e+00
2.739995749209653386e+00
2.349145331395594116e+00
2.510664924638670303e+00
2.826120937706775749e+00
2.369073585429805728e+00
2.437727671716162003e+00
2.618724125971343852e+00
2.405067960263581828e+00
2.128102458615585224e+00
2.471892504854767303e+00
2.506312394015606682e+00
1.826262137991448986e+00
2.897998059999437714e+00
2.178363168288491192e+00
2.912917925403248454e+00
2.375293501261239726e+00
2.765134893669452865e+00
2.626615129109413083e+00
2.916718270422401726e+00
2.451718654759841520e+00
2.396271223523038785e+00
2.442144675600912862e+00
2.456569201900519417e+00
2.199590408648019135e+00
2.572393542193614824e+00
2.777598683500643872e+00
2.818725309005746027e+00
2.941304968763317707e+00
2.551777469075001914e+00
2.870685954202107482e+00
2.298152307319503151e+00
2.193866312067933144e+00
2.653970232081581671e+00
3.051424245458099982e+00
2.400658695893039152e+00
2.514274281304433867e+00
2.721391447601710478e+00
2.410115610506488704e+00
2.687495838949135241e+00
2.142901431576556881e+00
2.699706135722901745e+00
2.274985776425637596e+00
2.627561933307985598e+00
2.863005220431546149e+00
2.021819307461240278e+00
2.566665905888314114e+00
2.720556978984516761e+00
2.745079427052085297e+00
2.910147114875353491e+00
2.501667364314426489e+00
2.404943228923200227e+00
2.845814899786406116e+00
2.712536336327171504e+00
2.264747409524900057e+00
2.591725666447751486e+00
2.678874572968207968e+00
2.602570316363949310e+00
2.903817716855429776e+00
2.101481097821183308e+00
2.670900167243646983e+00
2.227942150194861526e+00
2.207868697766419253e+00
2.521673188934831167e+00
2.736091550269172501e+00
2.726568558662334496e+00
2.085859003729940486e+00
2.369860933870542308e+00
2.058879542939350937e+00
2.848830996094062318e+00
2.787548830022761770e+00
2.298201147710878800e+00
2.531578026838723350e+00
2.606021188618295348e+00
2.966550074489354927e+00
2.272207985740410052e+00
2.846792541208476912e+00
2.279326094570649719e+00
3.059626664615758607e+00
2.959814928147038948e+00
2.488308437437598997e+00
2.672693036235511244e+00
2.087997530415909964e+00
2.581457399106493966e+00
2.446616064116137856e+00
2.245309780398704103e+00
2.348812735971622434e+00
3.004875469981286518e+00
2.057060960445418640e+00
2.599059869527123645e+00
2.926815255766093138e+00
2.348008430228560872e+00
2.646673727723332981e+00
2.615110542660356696e+00
2.898048113216967092e+00
2.573831203611605556e+00
2.895096632539757131e+00
2.926252808496701885e+00
2.791583913611800583e+00
2.680823172838021407e+00
2.282620417019983972e+00
2.858287847628879774e+00
2.286125501052076014e+00
2.585658474477370738e+00
2.608922119766291736e+00
2.881264941784261957e+00
2.190305785727099774e+00
2.781204024946242193e+00
2.387656942783661584e+00
3.011999377414742440e+00
2.509246397011734686e+00
2.515369930921237174e+00
2.541424144980780842e+00
2.194352043891411697e+00
2.609328650325733800e+00
2.745026327594110249e+00
2.321157822142607241e+00
3.040595126209715726e+00
2.759531356596322649e+00
2.315217252793732250e+00
2.611236732122654836e+00
2.545073456385645194e+00
2.880143527118696589e+00
2.896997178481381496e+00
2.618255717687889117e+00
1.927900305549319571e+00
2.225323772371617714e+00
2.601635444544910136e+00
2.013472744182120522e+00
2.151556160932526218e+00
2.748340761879324745e+00
2.841556352614963199e+00
2.663036902929761585e+00
2.157348984378942180e+00
2.306391492184998171e+00
2.396112760433654287e+00
2.860812484602418770e+00
2.547995289153130116e+00
2.375462623318661315e+00
1.920782159294671887e+00
2.667534962349947580e+00
2.711858868527985855e+00
2.245663790410823424e+00
2.483174851641376968e+00
2.586374350622954843e+00
2.193692915017971146e+00
3.002797981541200478e+00
2.916758016786934249e+00
2.649155004864789387e+00
2.930346645529108063e+00
1.933098459339208430e+00
2.219154754466892143e+00
2.297428461633703733e+00
2.485705837222541792e+00
2.064419867969504274e+00
2.611920309344942570e+00
2.519330692091358070e+00
2.612852575571451563e+00
1.941153764886793365e+00
2.860649953060574902e+00
2.809594104128187997e+00
1.937554012935780001e+00
2.947005630446212443e+00
2.678317384127677059e+00
2.675437466274710019e+00
2.428139458266304285e+00
2.785370546516451107e+00
2.528279574399768137e+00
2.630206652084417396e+00
2.697182799195442904e+00
2.938030399780122703e+00
2.632691421832969780e+00
2.500650408139486469e+00
2.323146332073864340e+00
2.152911050562820616e+00
2.939680778455706189e+00
2.336072291417491620e+00
2.172768015326774993e+00
2.428063972886747912e+00
2.849115462017437039e+00
2.711767276659112991e+00
2.917736393397315720e+00
2.582288777150335335e+00
2.775167432192378048e+00
2.769501500116262172e+00
2.027309729788478787e+00
2.685814742405571831e+00
2.286688125482637446e+00
2.010342824110832538e+00
2.323199285821226479e+00
2.951652116000301085e+00
2.390989180893554611e+00
2.752689934666148197e+00
2.280777777810192752e+00
2.863921258382772450e+00
2.779871691282318480e+00
2.163379953745724116e+00
2.571099435424667234e+00
2.619820473114940373e+00
2.644765957476006513e+00
2.454558303269657404e+00
2.341692885373575006e+00
2.578916525696949069e+00
2.550409218287935875e+00
2.450838906200087486e+00
2.254787311606405886e+00
2.815227620047966006e+00
2.790149878251245052e+00
2.149922170557690748e+00
2.971730522382863171e+00
3.094531916976181130e+00
2.351203947995496701e+00
2.386727521579913081e+00
2.245208635608864967e+00
2.902621353522436110e+00
2.347314325472768193e+00
2.633547976546829261e+00
2.382219695781098157e+00
2.760071886318610890e+00
2.467582412502606015e+00
2.772800478613099973e+00
2.326420416724665152e+00
2.513658893746987921e+00
2.767812314143199615e+00
2.374203560155669912e+00
2.214488937889400155e+00
2.800964702221778069e+00
2.931793519846077167e+00
2.880864639060709109e+00
2.866901056153642102e+00
2.165643561859035504e+00
3.059311142167752351e+00
2.578288806259661392e+00
2.818694761214203037e+00
2.529485640916569800e+00
3.005104066106662586e+00
2.457279600897337879e+00
2.464519033269503723e+00
2.488634369128192692e+00
2.331508058230848057e+00
2.943872890524150243e+00
2.607636461672458328e+00
2.450908730405954472e+00
2.801441471426339369e+00
2.850043439790306721e+00
2.602597925534409384e+00
2.843282713466479983e+00
2.367439207207469032e+00
2.651933241126648966e+00
2.532759269798459556e+00
2.711328110247607004e+00
2.713096759487782617e+00
2.626806463229623301e+00
2.725492244415748111e+00
2.381644917624999191e+00
2.436710158713796925e+00
2.674258763182716159e+00
2.679671992562814520e+00
2.626986577244499355e+00
2.009180199793564547e+00
2.480369841790508900e+00
2.790269499008382503e+00
2.813941388362875884e+00
2.237683096886558420e+00
2.562467276693161544e+00
2.720577563339069638e+00
2.120290363185376670e+00
2.702067757959412120e+00
2.907450383839714991e+00
2.546338563284060719e+00
2.780866819435947601e+00
2.792900532804881042e+00
2.432578256459112076e+00
2.437711289985037943e+00
2.433448271739385493e+00
2.871738852143117082e+00
2.863630579912912033e+00
2.935283119423127918e+00
2.827777209414041426e+00
2.296841472443785115e+00
2.949344395928375828e+00
2.502935747327052596e+00
2.066056093577674169e+00
2.668464063223569660e+00
2.651528402417244745e+00
2.872901365736402646e+00
1.800936610627321910e+00
2.796992618072799530e+00
2.599396821180055994e+00
2.773118615768663808e+00
2.233293374804729226e+00
2.568788462711649956e+00
2.699507695294081966e+00
2.595739835484130342e+00
2.745033787079360632e+00
2.443563978241601209e+00
2.931275671678940320e+00
2.765960275724177464e+00
2.091790900498461170e+00
2.262229922865203413e+00
2.742939722255139490e+00
2.051729596973593139e+00
2.474180635853901578e+00
2.768153156280015459e+00
2.520165741216427335e+00
2.351189508495062697e+00
2.294296384617166229e+00
2.351894400571639121e+00
2.585856484938325206e+00
2.729315683168502371e+00
2.555837984525596518e+00
2.652614121351674736e+00
2.623331946661663583e+00
2.526471725226179910e+00
2.514233093615287906e+00
2.556104753813027486e+00
3.087841960779711847e+00
2.795959174904561806e+00
2.302619376608207258e+00
2.834418533164741572e+00
2.677159131915776147e+00
2.553939552981761452e+00
2.712753577573195685e+00
2.504065223592593092e+00
2.305160654622285143e+00
2.548674481420340143e+00
2.430217466282305949e+00
2.554620655900841530e+00
2.550559881146304164e+00
2.213415807900181775e+00
2.681387182365289945e+00
2.474831441106196461e+00
2.783379303460316034e+00
2.500283366756562486e+00
2.690676245403232247e+00
2.224552998856432318e+00
2.745590114636906609e+00
2.223329903333957525e+00
2.287850107401737443e+00
2.719952186709191366e+00
2.745072983617008244e+00
2.240450798754941353e+00
2.465798984555720441e+00
2.748634492306043953e+00
2.985168022757243911e+00
2.651992436926010388e+00
2.766850894867523447e+00
2.248826358146253312e+00
2.703852625365540607e+00
2.653302422334056665e+00
2.542371766841796443e+00
2.587348853894018585e+00
2.658914877415457401e+00
2.721528449767177449e+00
2.280520824519318701e+00
2.448987610424683936e+00
2.044455850494736993e+00
3.013568573764895397e+00
2.455576680412717927e+00
2.431266531792680041e+00
2.479966256179358730e+00
2.500525450195223431e+00
2.785569658298893359e+00
2.407194233461749988e+00
2.511160254300231376e+00
2.406976916813893475e+00
1.870893825367668573e+00
2.254120762537143996e+00
2.102310328974457576e+00
2.854307876519046161e+00
2.658722119010776375e+00
2.267493723544776962e+00
2.797215536564519489e+00
2.660303952783874770e+00
1.961114941916271226e+00
2.794505830927589418e+00
2.752121284930815204e+00
2.308239067574536119e+00
2.625282911414727582e+00
2.852559977281011516e+00
1.954711444359955363e+00
2.777639836529468553e+00
2.492311240732407285e+00
2.298020390283718850e+00
2.206185962669735989e+00
2.859835500534430697e+00
2.100653465107123807e+00
3.058051202764046739e+00
2.571922683130722032e+00
2.976549745565240990e+00
2.732764791309235441e+00
2.118422853130764061e+00
2.913406319850952109e+00
2.753720431988759376e+00
2.491309745671651310e+00
2.206988536350893426e+00
2.663602320538209334e+00
2.779237433279164282e+00
2.857397876472201670e+00
2.586782568586653674e+00
2.439060792422958812e+00
2.389133064991133093e+00
2.497803510965538543e+00
2.460069056869182091e+00
2.841242235890212076e+00
2.490154557315487960e+00
2.406677913040728534e+00
2.264625597332218021e+00
2.505320648327833410e+00
2.597362232659694570e+00
2.018676361731220226e+00
2.198748088755198005e+00
2.272055681891467227e+00
2.888846134012556188e+00
2.845933360927896505e+00
2.715542886561536307e+00
2.657612640866375386e+00
2.203237013344903072e+00
2.511529617047346452e+00
2.313019305262516312e+00
2.285401961696267303e+00
2.834335749431837304e+00
2.905003718620490005e+00
2.687828327175910026e+00
2.943722252264694639e+00
2.348891903736214815e+00
2.671148360214132822e+00
2.372001495047125985e+00
2.434429799501290237e+00
2.647280641110782984e+00
2.376883874047768686e+00
1.904055332781740439e+00
2.096640950648906099e+00
2.060781010911982403e+00
2.723283548599757076e+00
2.783148648866049513e+00
2.820745752850910115e+00
2.730840210697976556e+00
2.901185694644728752e+00
2.517987196859003962e+00
2.216666641676152238e+00
2.245823539710743333e+00
2.012885928323446372e+00
2.513692013732876873e+00
2.317060161217109115e+00
2.628745538987040664e+00
2.817961119543124671e+00
3.056646531835379932e+00
2.533143464946145507e+00
2.130658788022866457e+00
3.049127245092856153e+00
2.559803980345158880e+00
2.502246977760065327e+00
2.795657780304143802e+00
2.410281764980797270e+00
2.936701371733383858e+00
2.278564443151171126e+00
2.496403841585240979e+00
2.878825628240793133e+00
2.969186063110688334e+00
2.919176493957744256e+00
2.508116109557743556e+00
2.695578635333798267e+00
2.540006512261308913e+00
2.800655734719090351e+00
2.898359461532038939e+00
2.387296566536150966e+00
2.549576021951318605e+00
2.619514232834299960e+00
2.461838177699374075e+00
3.004122632719536057e+00
2.769745695660546403e+00
2.319401461071695536e+00
2.464753403484013283e+00
2.961347772199697914e+00
2.231487089561197124e+00
2.820773282679148508e+00
2.733048507788962578e+00
1.929910487634137306e+00
1.804763591040947412e+00
2.899813639807906629e+00
2.637859682360844893e+00
2.385607707118541754e+00
2.829407700566104467e+00
2.288056399824897724e+00
2.617904682639307978e+00
2.849661210588414484e+00
2.940975071729255319e+00
2.662372940750924233e+00
3.029189323280373713e+00
2.758678951206643859e+00
2.454705457814353231e+00
2.726817161594849104e+00
2.240525098840059570e+00
2.471349540130168165e+00
2.613687218079325802e+00
2.596017744482287171e+00
2.727691388249884774e+00
2.508635397018958990e+00
2.159976865165350368e+00
2.783610037236996515e+00
2.559362930514316403e+00
1.980493345893824753e+00
2.535266529647004496e+00
2.610440356117970317e+00
2.250952837768475767e+00
2.569690971011291403e+00
2.198141568412834701e+00
2.894132494107193754e+00
2.536088079667226491e+00
2.276587695841920667e+00
2.747554753097289471e+00
2.999243968110229641e+00
2.868033884300552394e+00
2.639747352548146520e+00
2.595385405614478280e+00
2.734630935164800380e+00
2.508779396309297471e+00
2.643601075164323078e+00
2.614547548883321415e+00
2.559753887438112940e+00
2.890649727081357589e+00
2.809749651980996799e+00
2.578858126344289126e+00
2.418715856154679322e+00
2.709038187480335313e+00
2.983548081295796628e+00
2.344287077349274107e+00
3.045545307189303497e+00
2.560953171894871261e+00
2.923019345531841395e+00
2.467708754381084724e+00
2.540189196671378546e+00
2.707009871052810546e+00
2.621300722446061826e+00
2.883010653832414949e+00
2.240598699829764229e+00
2.892023347483130724e+00
2.342939272169254572e+00
2.647474048892982879e+00
2.034109202950426187e+00
2.283417523108862923e+00
2.833614103536914453e+00
2.401463118229533844e+00
2.382429018271647880e+00
2.409936242032202358e+00
2.944810806794370350e+00
1.955187254719153112e+00
2.920386827072904534e+00
2.858974017201500128e+00
2.640522705336871390e+00
3.067640620050975375e+00
2.955641758469165659e+00
2.600263861474160443e+00
3.034293748104171407e+00
2.701840428334347788e+00
2.700368846487469998e+00
2.022874632908549408e+00
2.273881330863539496e+00
2.691318571014564398e+00
2.457819332672078083e+00
2.144638001120230619e+00
2.158025615166695221e+00
2.536955639482855407e+00
2.372301291092521414e+00
2.368104497139826403e+00
2.433230287643179057e+00
2.838592813909252222e+00
2.450150017325714025e+00
2.616801634943311861e+00
2.104310072799603137e+00
2.471484886466767339e+00
2.673630483835141902e+00
2.517156099871515007e+00
2.708656039322530962e+00
2.186039200758109757e+00
2.098063190931138244e+00
2.507709340976246981e+00
2.227013057880177449e+00
1.876219092191406812e+00
2.957412531899369590e+00
2.750915830140834739e+00
2.818965754330746698e+00
2.451981967002967444e+00
2.527047648100134047e+00
2.505354750944560394e+00
2.860724610294176795e+00
2.502253039142012803e+00
2.765365045643761732e+00
2.989659337117473559e+00
2.448795117484691364e+00
2.294718892601307125e+00
2.440117934477615158e+00
2.876457988281253986e+00
2.140158013723532093e+00
2.526915673662495809e+00
2.245781691104402622e+00
2.671993622465187457e+00
2.578261752657242223e+00
2.736136621905614685e+00
2.040404869632142404e+00
2.271723168209188959e+00
2.221837716679121222e+00
2.872023551521222906e+00
2.214478679085018165e+00
2.829342372089718616e+00
2.906355314755275643e+00
2.788010400394717703e+00
2.250613209786748392e+00
2.278045380131336728e+00
2.762246125826889998e+00
2.110912757939170881e+00
2.838767282443233952e+00
2.587954649242065308e+00
2.845253319815224113e+00
2.805610523194205008e+00
2.319577655995841869e+00
2.745810095889993807e+00
2.625586374072613527e+00
2.662495657490992595e+00
2.753647282070088576e+00
2.429300612870210596e+00
2.784201747683626049e+00
2.577580894668451084e+00
2.801320789767868469e+00
2.939096383685759761e+00
2.141397847014580691e+00
2.205784323090830057e+00
2.826757307915220174e+00
2.659132714817046494e+00
2.330514362834129827e+00
2.829579226430193106e+00
2.079065322270871707e+00
2.826109649188681683e+00
2.159307983281856913e+00
2.396062708349901538e+00
2.017489317898359058e+00
2.918053406871312649e+00
2.402848538211453722e+00
2.855079009928489953e+00
2.636577492823851010e+00
2.248831721852184273e+00
2.482091133942217365e+00
2.489006226286531120e+00
2.355187496844866946e+00
2.706269908975295735e+00
2.352480884000158312e+00
2.805594108646583429e+00
2.463882959155542451e+00
2.696142315667829248e+00
2.597617959191429904e+00
2.703151523376654097e+00
2.686541273804408547e+00
2.936841648211601985e+00
2.680828436189226949e+00
2.202512037820211432e+00
2.387833983506025159e+00
2.801741961476154952e+00
2.670245948870054065e+00
2.813259549586487829e+00
2.619448773919738738e+00
2.662949690938599456e+00
2.477860452167248262e+00
2.641574949412805573e+00
3.048348781051718248e+00
2.509209907611353430e+00
2.940460825624135577e+00
2.466357618800912199e+00
2.704980695001665048e+00
2.467133986686955271e+00
2.991013437721856683e+00
2.286063288460409737e+00
2.263631892312089278e+00
2.481930612544766657e+00
2.590029629892185437e+00
2.606585183670758532e+00
2.555038715608044964e+00
2.277934387914148484e+00
2.137282046885921716e+00
2.656941711459460009e+00
2.955170442086023197e+00
2.996446803623459054e+00
2.523921080861445176e+00
2.628487464141803898e+00
2.803525876304846065e+00
2.284260316446940831e+00
2.991016950989649814e+00
2.241773377105957366e+00
2.376681979685318247e+00
2.590650758475495419e+00
2.691477029255325615e+00
2.506779826594994987e+00
2.500238543733065644e+00
1.954743928827324284e+00
2.405758133481477934e+00
2.806722314445425859e+00
2.617938287045756596e+00
2.223275246376466896e+00
2.794922576995724217e+00
2.424762797834890016e+00
2.382838638116709706e+00
2.718360831951669443e+00
2.737925037804586292e+00
2.936390386918700912e+00
2.857329752196704931e+00
2.093881075639945522e+00
2.401875922887704906e+00
2.587821752519893437e+00
2.836833141737434616e+00
2.484408085736572236e+00
2.370291668746228986e+00
2.109060321075016287e+00
2.870687668761057854e+00
2.359095558637347878e+00
2.826156831874704345e+00
2.459801742774225364e+00
2.815702978025939718e+00
2.342871219130068905e+00
2.622441462986804250e+00
2.675751575780181302e+00
2.782613651590781334e+00
2.536483751131266562e+00
2.714835180625150279e+00
2.616452257030029926e+00
2.762616602839826907e+00
3.094884489691768437e+00
2.427691947009217088e+00
2.395808310305880706e+00
2.765355743165093472e+00
2.822645767169976061e+00
2.098529903232558613e+00
2.574264471592060843e+00
2.276355566514951079e+00
2.633795500352889452e+00
2.448570759442852296e+00
2.576738502121976637e+00
2.482441759962894512e+00
2.752634257621838110e+00
2.493122890825328231e+00
2.600416829513411354e+00
2.486840496964082270e+00
2.323802674564164228e+00
2.861894184265840302e+00
2.193493135005306627e+00
2.910491857842445018e+00
2.080130722190509651e+00
2.976097309160822935e+00
2.576756539338639129e+00
2.309095397333758015e+00
2.884449304156740723e+00
2.882861149481110719e+00
2.400169961522519824e+00
2.956793427828177556e+00
2.183584941696029347e+00
2.327383764909844999e+00
2.193131038300030866e+00
2.781790379932732815e+00
2.573491708386335119e+00
2.060565767145679850e+00
2.062835586913593033e+00
3.006356929374558895e+00
2.512259184910097698e+00
2.769829096470392660e+00
2.864841349994406983e+00
2.605658071324889136e+00
2.906420387182831799e+00
2.710343338269223690e+00
2.586054085650965728e+00
2.527290151860277501e+00
2.800724218480612926e+00
1.983779010989448199e+00
2.752724143625294495e+00
2.640661583923813005e+00
2.503842809369773104e+00
2.205215039041596103e+00
2.909355824363589083e+00
2.914773546300813756e+00
2.662064610319123670e+00
2.539040574087624513e+00
2.715460903760053224e+00
2.962628962971500801e+00
2.649025070740793186e+00
2.905186637947251960e+00
2.428234984415786002e+00
1.990843054952837754e+00
2.550419049988169817e+00
2.758359632329874689e+00
2.329094422982967316e+00
2.448448293914807117e+00
1.945074818713307119e+00
2.761291980958496151e+00
2.823881773063479983e+00
2.565826615645766307e+00
2.720573412509427413e+00
2.245524082574967384e+00
2.327224408573934422e+00
2.252502619252683136e+00
2.355740291954863785e+00
2.815362305141336119e+00
2.173975629147565147e+00
2.764850609434053474e+00
2.380750715583536348e+00
2.267634410856535609e+00
2.757370673676578399e+00
2.755137116901894778e+00
3.076246709752490816e+00
2.641377137978293099e+00
2.250711573662130149e+00
2.732159630518517623e+00
2.502283052316332412e+00
2.893397103451390784e+00
2.677297391133725668e+00
2.479122598969115465e+00
2.590584166878638239e+00
2.513064856248730550e+00
2.511212722442887291e+00
2.600106366320532825e+00
2.126104215441898759e+00
2.554738031840645629e+00
2.510834740436980628e+00
2.786840235148022149e+00
2.740142121435351186e+00
2.623738638656813560e+00
2.605626600652078739e+00
2.586121983913750366e+00
2.692101344636166349e+00
2.538371448266491637e+00
2.825909946319412835e+00
2.260258442784482291e+00
2.331883446247921210e+00
2.269811180721032606e+00
2.598273324271744400e+00
2.904546577955420261e+00
2.793560814438947659e+00
2.454370852124747149e+00
2.481476546605395406e+00
2.640927275720932776e+00
2.177717258191229632e+00
2.472835146550932173e+00
2.912462413093016345e+00
2.812967879859908482e+00
2.176133604177919345e+00
2.475723066570704400e+00
2.544192350651247825e+00
2.700541617665542127e+00
2.266928189018969864e+00
2.064276634075393080e+00
2.310944799321813292e+00
2.852465740348986589e+00
2.685246418544346092e+00
2.853494221545840759e+00
2.615015007985246775e+00
2.871942505819678804e+00
2.154087524279665100e+00
2.649107153618917021e+00
2.480507744465625386e+00
2.394022854211888429e+00
2.152665766521060675e+00
2.765925612794475796e+00
2.359649202142083180e+00
2.755266398301199793e+00
2.294131098013570291e+00
2.423221842291295225e+00
2.662314306164083710e+00
2.647945924981318200e+00
2.484572624925859063e+00
2.378463220208872020e+00
2.730382410057369480e+00
2.115482683174455758e+00
2.134279665796730008e+00
2.624877270799367057e+00
2.546834370888365839e+00
2.643358973358234998e+00
3.071853740818946576e+00
3.110349948560832356e+00
2.020195301786359643e+00
2.396137328867644190e+00
2.671365450557498189e+00
2.587805722942349895e+00
2.770516980715137745e+00
2.522633990745078769e+00
2.461010031390864050e+00
2.810802899140269595e+00
2.819816826765357831e+00
2.503592269740320120e+00
2.194354043277074062e+00
2.743229387688371546e+00
2.225066022148230793e+00
2.363726305890387458e+00
1.984797333744720005e+00
2.438974549091160959e+00
2.469203957897880830e+00
2.895769036624824544e+00
2.522728772161215272e+00
2.593798489800806628e+00
2.651170910480556309e+00
2.875094039428833792e+00
2.953521698073748425e+00
2.899394777023056591e+00
2.441532096128837370e+00
2.983099941859327586e+00
2.226258804770458344e+00
2.665120811772697884e+00
2.335937954550039830e+00
2.660248295926822770e+00
2.878579952501349126e+00
2.671247765619298775e+00
2.933242647075553045e+00
2.275723713773807333e+00
2.664172322962417461e+00
2.353199565571410634e+00
2.787266637565685823e+00
2.672601814260361586e+00
2.266944681635669312e+00
2.700518926284570576e+00
2.831095375945735348e+00
2.480688109322215062e+00
2.617408676643331322e+00
2.343580216538682315e+00
2.939972460619395100e+00
2.198308557607906000e+00
2.772335245278208404e+00
2.810156445657668645e+00
2.292574584542764082e+00
3.002764315562287400e+00
2.477963657993510704e+00
2.633083697863172645e+00
2.876997877963271666e+00
2.520620136784678333e+00
2.431432483750560536e+00
2.528937563716387338e+00
2.663751048224220597e+00
2.603733125656026548e+00
2.383094349655570099e+00
2.751135320903128623e+00
2.245913459175755023e+00
2.468158572234592452e+00
2.009024136507722158e+00
2.666462132744800595e+00
3.041877697912254597e+00
2.332800623344700952e+00
2.363237591177303365e+00
2.981136061409076721e+00
2.614798318553567036e+00
2.223651447164605610e+00
2.654062077686037746e+00
2.346539838780383747e+00
2.295540774407535345e+00
2.982058870915662130e+00
2.343526668563778781e+00
2.088580201499069311e+00
3.043015722416168689e+00
2.407267676877850704e+00
2.693619529038894012e+00
2.783461981570438226e+00
2.705483374178389688e+00
3.072375911332508203e+00
2.803128195518091115e+00
2.085350553334558654e+00
2.664889729944685648e+00
2.158847805471102888e+00
2.712767477389659287e+00
2.939412618966331880e+00
2.988491638510629489e+00
2.760019555104229916e+00
2.752841160362734740e+00
2.796288302602467191e+00
2.857510571306252078e+00
2.929114874561284498e+00
2.903526079533699455e+00
2.461197045485440604e+00
2.361918652179888500e+00
2.514407702895118391e+00
2.994615932745487097e+00
2.641446119107172308e+00
2.188210283593488903e+00
2.490562203928961438e+00
3.082441602935289904e+00
2.110822788149500973e+00
2.188038197906693405e+00
2.407058728906622314e+00
2.666158707711824061e+00
2.585225685653135486e+00
2.897342321771390061e+00
2.552758410300753233e+00
2.435057360835821250e+00
2.136546266047191445e+00
2.649209762274578939e+00
2.409528456292726162e+00
2.356216376862567685e+00
2.170738348323051792e+00
2.837160564811419317e+00
3.025992243842415164e+00
2.308097748137721617e+00
2.888049390939423589e+00
2.676665795077905585e+00
2.263062915572808809e+00
2.547842912895368350e+00
2.285807448742072978e+00
1.800521138831497447e+00
2.716409822241323990e+00
2.754509711789497661e+00
2.781806549127565198e+00
2.677056968342200527e+00
2.829124629153674242e+00
2.275339901450036173e+00
2.622225402262169602e+00
2.631621711209607639e+00
2.440682570760865921e+00
2.648477135921643910e+00
2.663941982835247302e+00
2.893739053696943397e+00
2.975992082432787011e+00
2.498533937131368177e+00
2.889609864451811561e+00
2.117595621943913820e+00
2.789759038505537969e+00
2.565243570458071165e+00
3.038776330080382948e+00
2.791805347819549254e+00
2.169100701050452162e+00
2.175227945982321387e+00
2.803055377855349306e+00
2.634735381122967457e+00
2.954353676039683574e+00
2.689207501168055181e+00
2.828619116808591460e+00
2.477555872101484091e+00
2.509741600466071976e+00
2.851927495921574796e+00
3.041640803362379408e+00
3.018165988379487796e+00
2.717984515357874997e+00
2.206725647316051475e+00
2.644067127397361716e+00
2.631111671272903685e+00
2.640050489872021622e+00
2.398381986844628333e+00
2.632715426080129539e+00
2.515696030720385057e+00
2.862848953133640517e+00
2.511210339211495501e+00
2.432583670510605423e+00
2.552030801537120031e+00
2.718730769251951340e+00
2.714051866898154142e+00
2.903343419186219077e+00
2.438063469663034777e+00
2.368217390108907416e+00
2.531098231242241869e+00
2.848250614388839530e+00
2.490999845621322262e+00
2.639151771368951849e+00
2.354862536234014314e+00
2.425812922757954571e+00
2.321394840722547315e+00
2.595103397746190588e+00
2.755945165087498872e+00
2.881615310283561548e+00
2.620726694751734254e+00
2.179967598930039330e+00
2.745419726843816299e+00
2.968541115574890643e+00
2.736918798242586437e+00
2.559982875297168725e+00
2.078883036611690827e+00
2.736633116049559611e+00
2.540679347876436900e+00
2.226294371449513143e+00
2.313635272736155102e+00
2.330969633566362109e+00
2.978626935368481110e+00
2.533188583299958996e+00
2.871535432898639328e+00
2.429067505154707707e+00
2.960697414543035588e+00
2.375400687086996143e+00
2.714214458826568421e+00
2.627276159455258053e+00
2.693639490289355454e+00
2.881165130353675607e+00
2.275940657001826128e+00
1.758725311690923165e+00
2.226814023920868024e+00
2.455054949228701489e+00
2.796923131496727333e+00
2.652894890772700798e+00
2.844450152229538897e+00
3.034420731321842535e+00
3.051673107682523867e+00
2.414684347128202457e+00
2.770503053413432504e+00
2.838935663139268595e+00
3.023167163119628409e+00
2.674408292112393948e+00
2.583830569315476389e+00
2.585626223139208424e+00
2.770374176855396886e+00
2.090340083319981002e+00
2.310955185227635322e+00
2.418734958814537261e+00
2.381620303804612426e+00
2.576154082756216823e+00
2.076228616543544625e+00
2.543588679712049494e+00
2.240192829039942435e+00
2.760485935179191941e+00
2.792308384927371101e+00
2.908220842019990204e+00
2.491209624943461431e+00
2.329825532950835942e+00
2.735175660550111409e+00
2.353892339799723565e+00
2.934909436566853103e+00
2.480907927494627074e+00
2.649552573429202695e+00
2.596112075987354828e+00
1.994562289509161035e+00
2.216836911819016542e+00
2.457123959248888490e+00
2.539358650495985970e+00
2.627188952550469025e+00
2.332856444523400796e+00
2.913319977695451701e+00
2.697704885111154471e+00
2.666319636649313374e+00
2.418859685003183824e+00
2.318782476508360890e+00
1.855932713533130496e+00
2.704923728605176603e+00
2.244598239698331277e+00
2.061540486291999486e+00
2.825488623870492599e+00
2.638617804630449815e+00
2.432360402610071137e+00
2.005094254178644952e+00
2.358184513028109830e+00
2.564134884611558363e+00
2.836075526977422712e+00
2.424783291883034764e+00
2.881662094964890120e+00
2.825815506890361650e+00
2.456313783574429088e+00
3.001705437373754393e+00
2.743156271724676909e+00
2.417698989632843798e+00
2.677579915460688298e+00
2.741662039458758304e+00
2.306440946606501008e+00
2.490736927664972455e+00
2.591704061863761677e+00
2.988188831620128827e+00
3.015859830363997851e+00
2.315613973761466937e+00
2.599868408786040419e+00
2.774085117214878604e+00
2.606632288179815404e+00
2.468628953029505801e+00
2.595766931178904890e+00
2.678521709942295104e+00
2.321802554338018076e+00
3.061159903463809950e+00
2.833730293948336865e+00
2.907969794834671884e+00
2.479698113839069684e+00
3.039981288046865959e+00
2.908078143288803208e+00
3.001444134048367740e+00
2.787573270179157792e+00
2.850087234571402117e+00
2.600263578286281074e+00
2.876370113775873705e+00
2.477758275834707202e+00
3.112036848167993863e+00
3.090834256464370267e+00
2.806737964631717208e+00
2.494885535567946455e+00
2.999454688643039102e+00
2.370926470239413497e+00
2.726374786157863994e+00
1.991873985821472681e+00
2.297865479512018361e+00
2.810899145800828336e+00
2.088732743970305172e+00
2.035866628354741081e+00
2.729415893930769776e+00
2.282362485562063004e+00
2.172884295438195501e+00
2.292142488302121972e+00
2.069667737695718657e+00
2.787317790577986010e+00
2.420325016764995674e+00
2.932410015691891747e+00
2.743155894621647217e+00
2.371711522164688279e+00
2.752610007215108734e+00
2.633837995934237952e+00
2.280553736182394431e+00
2.504401576605648216e+00
2.034216178133263497e+00
2.624822429194089146e+00
2.743794485161990426e+00
2.949323178967178993e+00
2.642110902562118113e+00
3.067326794770373954e+00
2.928534043729468461e+00
2.709198340597688048e+00
2.956751878055240201e+00
2.699653587619816442e+00
2.399718749128614270e+00
2.102268718191190100e+00
1.780403422474532205e+00
2.075621575847605982e+00
2.022808470575141016e+00
2.249132882377938181e+00
2.526453680535949431e+00
2.847916116275989840e+00
2.722383101062434640e+00
2.959651867090690835e+00
2.279165408818572214e+00
1.977735485792766701e+00
2.610383136757543632e+00
2.859896635120662278e+00
2.714454643944386625e+00
2.651137735592433931e+00
2.861330481819104321e+00
2.403801543075112068e+00
2.233067520320150656e+00
2.726238640008345371e+00
3.056369356424309291e+00
2.771070400536259637e+00
2.582526534614916436e+00
2.889025228400057710e+00
2.413712764178366665e+00
2.253884538110493274e+00
2.821404471320635654e+00
2.104074794697607942e+00
2.334306255410120823e+00
2.654781073138195779e+00
2.592554604631402526e+00
2.571218554273891677e+00
2.231359944855777933e+00
2.385172969685786626e+00
2.600148608829136787e+00
2.585666777431580243e+00
2.596996520183301183e+00
1.917226900728396854e+00
2.519763651745756228e+00
2.830424693310020778e+00
2.542810914334860950e+00
2.485896343833173816e+00
3.014194964226966533e+00
2.467758706961992843e+00
3.055661021314679093e+00
2.692273100288987475e+00
2.661430759673706792e+00
2.733302204813500946e+00
2.888103843655324798e+00
2.819852051355550060e+00
2.111230309413487216e+00
2.598210157114994256e+00
2.878264818760132737e+00
2.868738975978731176e+00
2.699570650825970919e+00
2.349982552147818815e+00
2.534315995579619063e+00
2.377419347828682916e+00
2.317557685829631176e+00
3.052664307346483863e+00
2.693197117017288811e+00
2.451315322161027321e+00
2.407800694869653757e+00
2.702531821181439753e+00
2.801555504711493505e+00
2.528761218528952526e+00
2.121176572528363558e+00
2.778402827104066386e+00
2.459701961299526562e+00
2.753695113489987634e+00
2.768094404991423119e+00
2.374851165081341087e+00
2.502206197108252983e+00
2.922247635087977802e+00
2.584304515925818446e+00
2.184260000413541292e+00
2.438466365768185984e+00
1.983229473165062817e+00
2.194760390245247272e+00
2.812348179698763495e+00
2.524871151524018309e+00
2.623801569978992720e+00
2.398578392790641889e+00
2.360368437615732340e+00
3.060677562486243009e+00
2.843447122432196217e+00
2.589810571570293707e+00
2.651550994397699146e+00
2.169405447196315340e+00
2.374154115813774446e+00
2.817665667407650787e+00
2.504331592221654024e+00
2.293331869396955991e+00
2.557647163307025018e+00
2.681098734101111436e+00
3.047469811557150354e+00
2.980777199983300818e+00
2.859766607652192594e+00
3.028777119654488814e+00
2.996751647707237787e+00
2.436590581297798153e+00
3.007884240469395731e+00
3.026579310079049456e+00
2.604691711466462944e+00
2.610355605519813160e+00
2.376132510799886965e+00
2.562374562102808451e+00
2.376771002106034203e+00
2.410641170813835554e+00
2.867302394344967809e+00
2.767514885541428882e+00
2.266897087212007555e+00
2.611408118305823756e+00
3.033099456261659554e+00
2.029256237162003096e+00
2.565882031943437003e+00
2.919375381559676352e+00
2.582523153009783190e+00
2.318611644564742669e+00
2.518795638710606966e+00
1.952336247947261016e+00
2.885040720553679439e+00
2.995585099451791855e+00
2.734586923864352759e+00
2.353922154628600438e+00
2.157609485600028076e+00
2.564974249268904494e+00
2.507412896460958773e+00
2.636639073942656175e+00
2.325858937084371636e+00
2.356346965233725221e+00
2.613035838484966344e+00
2.860730893979628764e+00
2.215418602971217954e+00
2.337461950829155199e+00
2.632397804338720171e+00
2.309533513914132641e+00
1.993819245762428860e+00
2.594343871144517699e+00
3.090404121642894353e+00
2.951859676536852994e+00
2.892130392696825147e+00
2.485482042871109520e+00
2.431187001666915037e+00
2.852396297490542132e+00
2.363039745657954160e+00
2.550519220996021019e+00
1.922623787855378019e+00
2.726272247867544962e+00
2.510788952586961109e+00
2.390497136889134122e+00
2.220860377924654738e+00
2.701403287698577849e+00
2.662260211780288266e+00
2.500147418776843100e+00
3.056386719401853913e+00
2.278185595014197151e+00
2.401744876765511183e+00
2.544625980328729664e+00
2.600628588942795361e+00
2.662023275897909880e+00
2.179203978658298624e+00
2.446315409481257586e+00
2.208103012753697136e+00
2.333793342071423638e+00
2.334509260869715774e+00
2.306808965920222665e+00
2.567795266764621331e+00
2.066551869947333309e+00
2.506316421818552520e+00
2.645162719803557660e+00
2.851090482867852938e+00
2.114914129598178150e+00
2.512662677120855115e+00
2.668871237258426898e+00
2.659008378571733111e+00
2.677769888314673885e+00
3.069988069986646195e+00
2.644814556680519679e+00
2.292847351860225480e+00
2.567980208522489427e+00
2.076755475295800402e+00
2.630562299215631228e+00
2.527159388644544702e+00
2.988043650899795622e+00
2.074110114682199857e+00
3.001841064448182106e+00
3.003517868682438863e+00
3.065167765127280397e+00
2.665263603447748597e+00
2.482606011742935159e+00
2.737528268970474521e+00
2.032551411893536830e+00
2.281151695148431191e+00
2.184610755233278745e+00
2.841017245295442084e+00
2.498016059547881085e+00
2.527055145124505575e+00
2.980714673931061931e+00
2.350796311959491902e+00
2.898949859047704081e+00
3.062640600747529973e+00
3.121306464160663818e+00
2.153009781027019010e+00
2.749562114157938275e+00
2.472785496598083554e+00
2.688078452959401954e+00
2.555587628894716357e+00
2.780077512768548420e+00
2.588136200370675599e+00
2.333458540536193837e+00
2.901366739680396822e+00
2.954197992121479377e+00
3.136269818300635670e+00
2.507084236371829533e+00
2.291074918992374254e+00
2.256395662132249846e+00
2.892060603474079006e+00
2.697299119727218031e+00
2.028180859421611970e+00
2.915445935160651203e+00
1.891021679159723856e+00
1.979202560319912818e+00
2.513652755606478273e+00
2.743417205300564987e+00
2.588815502234414812e+00
2.084844987758366575e+00
2.747684048505250054e+00
2.357099612634629526e+00
2.063624997122289528e+00
2.233584012807351193e+00
2.356708763879010071e+00
2.190434266942472785e+00
2.882937590360388214e+00
2.799883446247671159e+00
2.975902180257253171e+00
2.192359015937757505e+00
2.634287258701545120e+00
2.290172349084208303e+00
2.426570509288180411e+00
2.401124328547115105e+00
2.766508856002246830e+00
2.846193408553871596e+00
2.399352403570056858e+00
2.632693026290387373e+00
2.658025155117139438e+00
2.102090813188500107e+00
1.862447932652884885e+00
2.547203064039251341e+00
2.833728832571670964e+00
2.673263555817279258e+00
2.612643618282405544e+00
2.158110428127600233e+00
2.275931033433459039e+00
2.579000184265975104e+00
3.090665701956399669e+00
3.003563562428111844e+00
2.483406481108533459e+00
2.890884404980163858e+00
2.748433100961479969e+00
2.859835060935033368e+00
2.548251506902436958e+00
2.327691913604875928e+00
2.670715451159915599e+00
2.168683487802362198e+00
2.100213383545995960e+00
3.027461188259995772e+00
2.523343016382610049e+00
2.928128503376154601e+00
2.369206218970640432e+00
2.903127031528693891e+00
2.336603356171746082e+00
2.956576855842621310e+00
2.844073551512381393e+00
2.971568505913836589e+00
2.490589596079358259e+00
2.268924888040062537e+00
2.780288641337330002e+00
2.546980257210293974e+00
2.516284014121647150e+00
2.676741346236724883e+00
2.778622974235409160e+00
2.905511176033657605e+00
2.390651885306570357e+00
2.211821627057353190e+00
2.601222520881746103e+00
2.479397982408502621e+00
2.190745762679638275e+00
1.762126576654958310e+00
2.258624747410326705e+00
2.068292682631676094e+00
2.191999623643078543e+00
3.043983938489721375e+00
2.285081420926414086e+00
2.551973391687099024e+00
2.730333111630397269e+00
2.661759893452031012e+00
2.258271310252756514e+00
2.915504560313818327e+00
2.203458503704984750e+00
2.692135416893703503e+00
2.617567762815578458e+00
2.397580474727016409e+00
2.848000864272949073e+00
2.828200422676964365e+00
2.711533248546428077e+00
2.914550607067957877e+00
2.687572377935361523e+00
2.600558770648876639e+00
2.593548405977861293e+00
2.069592233207489862e+00
2.591275665847581511e+00
2.591567086356208804e+00
2.414695140204063506e+00
2.743089452253653970e+00
2.598308082391353135e+00
2.455523722288641686e+00
2.506218181098258668e+00
2.774587624007404330e+00
2.585476325895093908e+00
2.488999457810232574e+00
2.448671067769188969e+00
2.181494732881282594e+00
2.552898883043918765e+00
2.571421323348022980e+00
2.496207652599838678e+00
2.816163503267213652e+00
3.038169263412416665e+00
2.485626454281324893e+00
2.253824544376162642e+00
2.959171995895773399e+00
2.698286674958706222e+00
3.075937383103738210e+00
2.794349935800923834e+00
2.638998074470762401e+00
2.988351906249078649e+00
2.324326299913056726e+00
2.844719230966467727e+00
2.545878629327168685e+00
2.610659013158942887e+00
2.416163061529807976e+00
2.830177923142999319e+00
2.802805500202184774e+00
2.291644083963052303e+00
2.707980607493871261e+00
2.209329404733862301e+00
2.284733051327067610e+00
2.803309390315787297e+00
2.962963505344163639e+00
2.565461146466738285e+00
2.644801441739876413e+00
2.757119798903596486e+00
2.763639039455283886e+00
2.806365579480019079e+00
2.334158981389141907e+00
3.021887382727994176e+00
2.420516706601854917e+00
2.621100368095514277e+00
2.238882329353930167e+00
2.807669560412348275e+00
2.453039243148758874e+00
2.222538794011550856e+00
2.420182549194750621e+00
2.371008327507753144e+00
2.478502501309585160e+00
2.337028106496722213e+00
2.349744685809473932e+00
2.217036248891732786e+00
2.516469293272005192e+00
2.865462066340999758e+00
2.666044976509085895e+00
2.662633489469618198e+00
2.356728142605077014e+00
2.290273576662443134e+00
2.551006375413828131e+00
2.244292324655773108e+00
2.118675286605605113e+00
2.985596350685953304e+00
3.121042054483045725e+00
2.630150416648788347e+00
2.832887524769622356e+00
2.734555950731218044e+00
2.954081269615460581e+00
2.702465632872878221e+00
2.602793809893224175e+00
2.369281051161121532e+00
2.704693588174986729e+00
2.958193143141767401e+00
2.009404558416916231e+00
2.976871703633465316e+00
2.901487120460425562e+00
2.121163227719687239e+00
2.703584030628007451e+00
2.811474515024680709e+00
2.649051602861854704e+00
2.909054866696159092e+00
2.196525115796958083e+00
2.608558913541743074e+00
2.123898868168161869e+00
3.004189486294396971e+00
2.381894597782900469e+00
2.599509149362924543e+00
2.176516606604494086e+00
2.979266571214225667e+00
2.554122517039124407e+00
2.984499214482993601e+00
2.543132840374660919e+00
2.566208455580123449e+00
2.971229005559128389e+00
2.691000691201448358e+00
2.440425933342880604e+00
2.299474909232444908e+00
2.758602786881900304e+00
2.511276542223357833e+00
2.897364483301810623e+00
2.790725270698381166e+00
2.632227981058804289e+00
2.812966424950963162e+00
2.268785027274287103e+00
2.413403824283020249e+00
2.656350897454923476e+00
2.705158365801474840e+00
2.473664316671690067e+00
2.672508193830356316e+00
2.053176693449082268e+00
2.446754054235273479e+00
2.759576468294080431e+00
2.282346670768462538e+00
2.900674917661985486e+00
2.446531864757885977e+00
2.791238920509581778e+00
2.611990845798858984e+00
3.087977951877583394e+00
2.958514780593863858e+00
2.777633063382164647e+00
2.105108127030307585e+00
2.246555983879024332e+00
2.270102829306531511e+00
2.116002420478613200e+00
2.996988651101919920e+00
2.270575706420493667e+00
2.021942392229083563e+00
2.639674599312291203e+00
3.131606820521043666e+00
1.996571767597619562e+00
2.812980084991858476e+00
2.562831435563785121e+00
2.649375299188177824e+00
2.767763114938750046e+00
2.767608169139199159e+00
2.654202987421180104e+00
2.061125268182185000e+00
2.564687441165308890e+00
2.254799510559994058e+00
2.947380598661568207e+00
2.364566051139239455e+00
3.037797600421863198e+00
2.485995285036770142e+00
2.256959805269033392e+00
2.870374305118837732e+00
2.370795348246594436e+00
2.912157958778405220e+00
1.937321407617030644e+00
2.716997187579019979e+00
2.783879067019319642e+00
3.020470748627004376e+00
2.805668627161305828e+00
3.023319698993504723e+00
2.794944294292817322e+00
3.057792583563593514e+00
2.840562060812173328e+00
2.198364715393033020e+00
2.622438235713015153e+00
2.099482018097130975e+00
2.640788555661172765e+00
2.684221317214454672e+00
2.673224562539821658e+00
2.798830242900439469e+00
2.428795213354351556e+00
2.439573846742467467e+00
2.428193024407110379e+00
2.785197978778592987e+00
1.955290996793878078e+00
1.928942012037877296e+00
2.239658356587454602e+00
2.440872713287480344e+00
2.901469038213360996e+00
2.680546348442132132e+00
2.302581227185926949e+00
2.490039866914115496e+00
2.677278753235391662e+00
2.554502730546145628e+00
2.552473193509233074e+00
2.622539858423137638e+00
2.769871278415814597e+00
2.400915361353077593e+00
2.469793619617065339e+00
2.523230195080671923e+00
2.157041047009474966e+00
2.673113354691898369e+00
2.453706884597692373e+00
2.736111318083457533e+00
2.837482546599549682e+00
2.535635129564438373e+00
2.465362285813603282e+00
2.788299988111197614e+00
2.734992499434215851e+00
2.569077747586137939e+00
2.408894195079365197e+00
2.317566779251595044e+00
2.891319645012348616e+00
2.407092735802720096e+00
2.488907050764618489e+00
2.766500786613025564e+00
2.914823757004107563e+00
2.840402271150326285e+00
2.457886196245708810e+00
1.909878158969518402e+00
2.428731152785282621e+00
2.144316242081336643e+00
2.753848259610665483e+00
2.672451970608760607e+00
2.824159225622282943e+00
2.334905459281263695e+00
2.964593790823334629e+00
2.593118467634405455e+00
2.797646641033389781e+00
2.537239955922948376e+00
2.397642837695085127e+00
2.604849477235237742e+00
2.217174081973655397e+00
2.523476650173119840e+00
2.796314866271083055e+00
2.685206625291582050e+00
2.097997734397204272e+00
1.967267487936212422e+00
2.039653350556879907e+00
2.757939102645672325e+00
2.389073491362096568e+00
2.931285968630175987e+00
2.656689734210872622e+00
2.449938858367547212e+00
3.102687497067929900e+00
2.440113185446713295e+00
2.555731459727998978e+00
2.583151019607994758e+00
2.707776594727266950e+00
2.504908557228992194e+00
2.441429696870127231e+00
2.490628593447272721e+00
2.805365692028919167e+00
2.518108123471324955e+00
1.923892941050269423e+00
2.536080716043548122e+00
2.900411100396794506e+00
2.624373534287573140e+00
1.882049481380472011e+00
2.351864817302070421e+00
2.930155693332169076e+00
2.938574070965638718e+00
2.819605282060857476e+00
2.761851937983561101e+00
2.641139312272196005e+00
2.091132785288523088e+00
2.817864955530136495e+00
2.415744553821623342e+00
2.641603203043673354e+00
2.496411995252579619e+00
3.032181588153131102e+00
2.845561488281218576e+00
2.868680129610481355e+00
2.819856835631926906e+00
2.856559067562451482e+00
2.147730123710580585e+00
2.490349643979144378e+00
2.237960846072376775e+00
3.026003673356852719e+00
2.292762064381106857e+00
2.596471331190518761e+00
2.556837644994305769e+00
2.367231875093391835e+00
2.012604183633939225e+00
2.426993987584954660e+00
2.739177633333641726e+00
2.183591467444513157e+00
2.686668898090598834e+00
2.691398176599514525e+00
2.576171742581088608e+00
3.037925240544011363e+00
2.567475096786597355e+00
2.115914226050794156e+00
2.933316186496283784e+00
2.755746972542973516e+00
2.226235106559522947e+00
2.199468868440146885e+00
2.634760970328069440e+00
2.507705531922903130e+00
2.426200418538391190e+00
2.456259566604324984e+00
2.487943710964007238e+00
2.566892976643537327e+00
2.516795976450563188e+00
2.609382704474264347e+00
2.622920150585532184e+00
2.238674193706935434e+00
2.420800597319080705e+00
2.536305300692579756e+00
2.221585952644483886e+00
2.252032293261234219e+00
2.797379947269995615e+00
2.431477009457138294e+00
2.810586183364852886e+00
2.355119256491834179e+00
2.253753754757476191e+00
2.880757133524456393e+00
2.151251096255731188e+00
2.869634664902496635e+00
2.912110477789452201e+00
2.936743072009399658e+00
2.031374658445175285e+00
2.141843588982373259e+00
2.440027859482852168e+00
2.501494982445677362e+00
2.509254966430887190e+00
2.293977373440397205e+00
2.975952319236903953e+00
2.511515773893892245e+00
2.766976334300462970e+00
2.409693173584182446e+00
2.199714676041651273e+00
2.652459602846617859e+00
2.826584389043296675e+00
2.507018058135213501e+00
2.928119221849351472e+00
2.844388320494733779e+00
2.402833311898444180e+00
2.652524271135317857e+00
2.601960061633842081e+00
2.874714565655050791e+00
2.259711742168376780e+00
2.543182178288078354e+00
2.421536669699639877e+00
2.468952725160113992e+00
2.325021945868358308e+00
2.968072101878156399e+00
2.634587783597102550e+00
2.707322442388183426e+00
2.237354689948963582e+00
2.767627876574817236e+00
2.631043852655242432e+00
2.331445514469422609e+00
2.610251338744851601e+00
2.558563550579355805e+00
2.769279970430500892e+00
2.179523160089798406e+00
2.660832953700345449e+00
2.229432423053208545e+00
2.436849625827089305e+00
2.076576659547495041e+00
2.680938613356062650e+00
2.570818113069833544e+00
2.362649391180026814e+00
2.413595360615000462e+00
2.568725844924809376e+00
2.777614130120490632e+00
2.281425896577533141e+00
2.816567412698176565e+00
2.266486320894166795e+00
2.247136519858628834e+00
2.853194744005535188e+00
2.483044675700170956e+00
1.949403866752928316e+00
2.037691465512921685e+00
2.694733956792416230e+00
2.719785194631800795e+00
2.207328447127636650e+00
3.084703997468225545e+00
2.722129040228296493e+00
2.992068836105533869e+00
2.422871867585961958e+00
2.334381716320327094e+00
2.614069995294767690e+00
2.837797343323648747e+00
2.876551046273917223e+00
2.188305216593624092e+00
2.482120397648945431e+00
2.571093467484429240e+00
2.355923107125986071e+00
2.538486760618267724e+00
2.903635006463805457e+00
2.868815034629932370e+00
2.573889310496127347e+00
2.871881771435092379e+00
2.050583598662140794e+00
2.753486142319894636e+00
2.489334591208726799e+00
2.845051916729866015e+00
2.551627647175862545e+00
2.684575602540908879e+00
2.819545807180873442e+00
2.320207837861976152e+00
2.631674810920570540e+00
2.533234161120550887e+00
2.470500463419003534e+00
2.730306335802123563e+00
2.715802910607516107e+00
2.943824473721979196e+00
2.264247618753983282e+00
2.871656455680367870e+00
2.704491303047527495e+00
2.689248716760389790e+00
2.553965618939102455e+00
2.704406740250126617e+00
2.541441745560742760e+00
2.374517845720071296e+00
2.770495201641332450e+00
2.365791212092330564e+00
2.670852799670913935e+00
2.368353536084845778e+00
2.263672609729376450e+00
2.646391876538015886e+00
2.966227029773641721e+00
2.814690737231052342e+00
2.233216518235316528e+00
2.994516777842037403e+00
2.420801732296461672e+00
3.055201782545418965e+00
1.919014513241809050e+00
2.424158962501823833e+00
2.610135241643710913e+00
2.556301108760690610e+00
2.835566988397247634e+00
2.829482747495199124e+00
2.672342429159801025e+00
2.860390435567979228e+00
2.207583595453367575e+00
2.145919616823782405e+00
2.519364674651308533e+00
2.899066281408280155e+00
2.711040724215459718e+00
2.602312872513100839e+00
2.657183620160885607e+00
2.670675523933720541e+00
2.577038481738929576e+00
2.451954869896780576e+00
2.636512435681590105e+00
2.408742982581394187e+00
3.051271057999649372e+00
2.958037109772128748e+00
2.350807007763369150e+00
2.561645090662033386e+00
2.296435271448539428e+00
3.112321970401193294e+00
2.289685088943565372e+00
2.612397367795430636e+00
2.980609733612157086e+00
2.979227305511121582e+00
2.685645562302292788e+00
2.542772863503601322e+00
2.514078603928609823e+00
3.069072471544305625e+00
2.067741156024774263e+00
2.448499576881510542e+00
2.946562970980040053e+00
2.596374186065859124e+00
2.756860298980502666e+00
2.797439915258801868e+00
2.831881859892643405e+00
2.663026036573148847e+00
2.947223071598302990e+00
2.447559067947429501e+00
2.750356238325804004e+00
2.834635996167410354e+00
1.782733024143666745e+00
2.486306334420888664e+00
2.319509692857657512e+00
2.452165792025543745e+00
2.646526295182360045e+00
2.480313862580665774e+00
2.879864377722224145e+00
3.053481845305540343e+00
2.610202278486376315e+00
3.031618362164051561e+00
2.183654969826444692e+00
2.547324315625568492e+00
2.598523918095392293e+00
2.585746812516039217e+00
2.709552424990704811e+00
2.095411245292938318e+00
2.802704969985183592e+00
2.530330134598604452e+00
2.258121432374977200e+00
2.660295680482738234e+00
2.899954923703545795e+00
3.039024336638469048e+00
2.449825244191361939e+00
2.924072655594338599e+00
2.746342465967900104e+00
2.372958790990349343e+00
2.653656487860926561e+00
2.716092639647041729e+00
2.567185687095324020e+00
2.612208239937482190e+00
2.396097685095523566e+00
2.106446973865192085e+00
2.758468926233742735e+00
2.917197118460449268e+00
2.112419997100081659e+00
2.417375449801523857e+00
2.898093872182887498e+00
2.558260630451691942e+00
2.817541023963264113e+00
2.662583876319206233e+00
2.781170576414615070e+00
2.354987136331414543e+00
2.807577295864799538e+00
2.926230171028303850e+00
2.784255520257410410e+00
2.214103731245056217e+00
2.288898147986732301e+00
2.541080209340937923e+00
2.018550043729334220e+00
2.606790402460626765e+00
2.930941675108861055e+00
2.146452019443814585e+00
2.351559824032280588e+00
3.009834043606452791e+00
2.370619260370137482e+00
3.077548573559880651e+00
2.866212687340988108e+00
2.565074475996471648e+00
2.375599642588746896e+00
2.824342428605127964e+00
2.270794415601701033e+00
2.882630623747325149e+00
2.217126630391227149e+00
2.366296979637844355e+00
2.448329361476814903e+00
2.598325044047408383e+00
3.019556231573614635e+00
2.360824183288652289e+00
2.603319298342055443e+00
2.387667634111587667e+00
2.863526282794797595e+00
2.472046232558725798e+00
2.679431570444776867e+00
2.707915731005682058e+00
2.708790868123017059e+00
2.550429679385523229e+00
2.801246939284333770e+00
2.488015785400998325e+00
2.576641991619809779e+00
2.222173596230761383e+00
2.368625701010517393e+00
2.563646280791506804e+00
2.945418608677618622e+00
2.863899642554408320e+00
2.636464476736687157e+00
2.416926974843755627e+00
2.974128703640134042e+00
2.435871800200231974e+00
2.903785409898798964e+00
2.684645799937741106e+00
2.543037556252794928e+00
2.348509319896148195e+00
3.059892697793020755e+00
2.981904682393369921e+00
2.936537579264169473e+00
2.542757332340730425e+00
3.000623036225047890e+00
2.983438130011636602e+00
2.388047308872765839e+00
2.856095054433512637e+00
1.994072302423250509e+00
2.910660474914529505e+00
2.422683280134810602e+00
2.520562600465254377e+00
2.253036860790041729e+00
2.841921789909727547e+00
2.626902324062130312e+00
2.144593447865388747e+00
2.765267222993478491e+00
2.627209571414511835e+00
2.691724424300200535e+00
2.925499842089225311e+00
2.003545113308862202e+00
2.537914725411112293e+00
2.759088329012326479e+00
2.654325234255318744e+00
1.891444154363936647e+00
2.646693297025151992e+00
2.138043214033976014e+00
2.495357819252449261e+00
2.665388766691214162e+00
3.027649176431237876e+00
2.252225650278764757e+00
2.204271336840311513e+00
2.581667973865215959e+00
2.762168347394011736e+00
2.098123592735218423e+00
2.390347824757268480e+00
2.496037213204640004e+00
2.626921058147989818e+00
1.988784009268885544e+00
3.024353070725630754e+00
2.755569806161857205e+00
2.808699871979884577e+00
2.276743735178685668e+00
2.623691003455642878e+00
2.835819791619740293e+00
2.853205231890151961e+00
2.697239731307168320e+00
3.000619787257117643e+00
2.858215957729090650e+00
2.869824678995189338e+00
2.372774048082863185e+00
2.093140648212174604e+00
2.379924184724089287e+00
2.773079298284774730e+00
2.656994621155101655e+00
2.648136964060287646e+00
2.239898244398772942e+00
2.716892998608105625e+00
2.761915797620195345e+00
2.926345415456578003e+00
2.257335417441312941e+00
3.092398668211497448e+00
2.586377588955252271e+00
2.882584492396209619e+00
2.290177333388466963e+00
2.424590560685979224e+00
2.294482064441484503e+00
2.450956841386529472e+00
1.984211650504059454e+00
3.111419699845281883e+00
2.651734183640602094e+00
2.371228273711640355e+00
3.080262120585142593e+00
2.489922850819926481e+00
3.025697463595812486e+00
2.713179462997973967e+00
2.604917835160097894e+00
2.072178557486430428e+00
2.562641096503463611e+00
2.411395454523838744e+00
2.263767976009934735e+00
2.505577726246173142e+00
2.296710862298414035e+00
2.275263016875635813e+00
2.871476177811449926e+00
2.877952321527240453e+00
2.917806986957358184e+00
2.664164805266956648e+00
2.773596666862998550e+00
2.360452792050281801e+00
2.528994214572676036e+00
2.050313004600564426e+00
1.858872967779938046e+00
2.337793117391185227e+00
2.560702776612311382e+00
2.006867523487213312e+00
3.108009904457873063e+00
2.268631311734894407e+00
2.282589695437545974e+00
2.875029752803400118e+00
2.631325581224743360e+00
2.816086724513616524e+00
2.391237264796605366e+00
1.944733090589950697e+00
2.267909266343831387e+00
2.739431920144284938e+00
2.671947078991790736e+00
1.768380642198225772e+00
2.385978602342506694e+00
1.934736301507512302e+00
2.433843025804083737e+00
2.458361765679468736e+00
2.640612615623786574e+00
2.268399178282420436e+00
2.809152143670674118e+00
2.731510192985043162e+00
2.822104241329981278e+00
2.701690656716299710e+00
2.553330557713417992e+00
1.808662448675203649e+00
2.037144713754474257e+00
2.404532721075700152e+00
2.729710580210074955e+00
3.077012895894130295e+00
2.413776375050411982e+00
2.738645243613674563e+00
2.465386586418452985e+00
2.702772793938143625e+00
2.474941733021327472e+00
2.375452125647245172e+00
2.741223368554987161e+00
2.299862988036665001e+00
2.500564441607494803e+00
2.029110213222832471e+00
2.594144125073690965e+00
2.823079903502848431e+00
2.692664697422856523e+00
2.750750825409489231e+00
2.115962531210906938e+00
2.007590340266177442e+00
2.439537934232114402e+00
2.232864430480206330e+00
2.412162306791256761e+00
2.358809276589713733e+00
2.986963195372784430e+00
2.221640739767666961e+00
2.817560197860122351e+00
2.479016927697483386e+00
2.704293826986894800e+00
2.085028450971350367e+00
2.712377440734629275e+00
2.768739076790610376e+00
1.841787279503653618e+00
2.379505570293744654e+00
2.954095621343735267e+00
2.902359225231287088e+00
2.589004933887714799e+00
2.260723451049327259e+00
2.741145873869741845e+00
2.858415591982139681e+00
2.662426464282272143e+00
2.769816107705738606e+00
2.783377408848807466e+00
2.387363447801892136e+00
2.637460824895458522e+00
2.377104401807761391e+00
2.427217839513434061e+00
2.226170944761237003e+00
2.239184003343656748e+00
2.556399848256796226e+00
2.894386362966983040e+00
2.906995612189733347e+00
2.176621623252025017e+00
2.901080672997586873e+00
2.227983403986854682e+00
3.097960788567370560e+00
2.321893391244724381e+00
2.518103873190888020e+00
1.951297862387833426e+00
2.262152305060374680e+00
2.818914965369207604e+00
2.034536032176254672e+00
2.598034662950170048e+00
2.760125705981955502e+00
2.351878430561011424e+00
2.539683038883529420e+00
2.510436522211410892e+00
2.417256888297816264e+00
2.944027232606676758e+00
2.020937520291669731e+00
2.683765004925817266e+00
2.766564655517744775e+00
2.505469012117065741e+00
2.771475947914554983e+00
2.102649943048410019e+00
2.841253833152946218e+00
2.677082218126570545e+00
2.506162599909720790e+00
1.962530423442533589e+00
2.832860895945684909e+00
2.012422844808176681e+00
1.876238483300196158e+00
2.760193886073929903e+00
2.898379241934632589e+00
2.206322066704455409e+00
2.624298473730457548e+00
3.045784876579210820e+00
2.578399543983855402e+00
2.290882445592278494e+00
2.517890594432218077e+00
2.436266122566145498e+00
2.511115559573410927e+00
2.767607873077184699e+00
2.186070722871414684e+00
2.450457645246148619e+00
2.753355576494871837e+00
2.603641583574629603e+00
3.017677788981097287e+00
3.003278441540736754e+00
2.869828399834223109e+00
2.387669762116960470e+00
2.867241924558719290e+00
2.717148163168235708e+00
2.774214975023027385e+00
1.986464751102666515e+00
2.735352774419016697e+00
2.696427930763556358e+00
2.601383045189832988e+00
2.853433491133903654e+00
2.736480446794795185e+00
2.107530601764115552e+00
2.169940698372351928e+00
2.552867801988703889e+00
2.744105719304340330e+00
2.568925893737728394e+00
2.196466305577298161e+00
2.369037228069750700e+00
2.227393274480995444e+00
2.314918972685235943e+00
2.948648714077773292e+00
2.750073806841004220e+00
2.670483292184164803e+00
2.268047218373483886e+00
2.779652763900373635e+00
2.187114290745316936e+00
3.007102373951155094e+00
2.517070306047680006e+00
2.618532252758057233e+00
2.713930951264151847e+00
2.825646314718023078e+00
2.776004728617341932e+00
2.397182318225571596e+00
2.443797741198841411e+00
2.811288190380033303e+00
2.415022229238704909e+00
2.446809513383719548e+00
2.195461624125838895e+00
2.619612043699181214e+00
2.982042451486290435e+00
2.710927399157249340e+00
1.905051088995489028e+00
2.689427223582289805e+00
2.502488154579285862e+00
2.440543819802442727e+00
2.505032330329290069e+00
2.762388019642183057e+00
2.368598702685993818e+00
2.213227974590715519e+00
2.852564531623099420e+00
1.773815115003797738e+00
2.997083078713864701e+00
2.288404396260528273e+00
2.807503261682886553e+00
2.946949005447921266e+00
2.422286829133137864e+00
2.778698555485575650e+00
2.257388938992590521e+00
2.774166539738690318e+00
2.867880001759811393e+00
2.366203893906751787e+00
2.655407028313736095e+00
2.268269839422470291e+00
2.398283308932797286e+00
2.230955211611454381e+00
2.938461282609551972e+00
2.896299761768860392e+00
2.985112134987111254e+00
2.912153163311407944e+00
2.713684952830823782e+00
2.453799791901428939e+00
2.966947779484714331e+00
2.415093907877762458e+00
2.218803428753728380e+00
2.590519206572790001e+00
2.782657767579904462e+00
2.933230408406188872e+00
2.575353519111003742e+00
2.277819822032063790e+00
3.000221784551238446e+00
2.818097289617385481e+00
2.592547258180639247e+00
2.320744925113874313e+00
3.035612550205572635e+00
2.477045960992219076e+00
2.254966354694986741e+00
2.294271469244274719e+00
2.202486636424582755e+00
2.518160092083281398e+00
2.291030736545700108e+00
2.486727684768180069e+00
2.336264405720666293e+00
2.395033684771322058e+00
2.669444071740153301e+00
2.490182305621301495e+00
2.852911116811509551e+00
1.844608160299199717e+00
2.200338385448735501e+00
3.012637496926002356e+00
2.461154523303106689e+00
2.748222721105201938e+00
2.324468076572230313e+00
2.208815978054580853e+00
2.373631765269942573e+00
2.945964058895509385e+00
2.962475084513929602e+00
3.047540997583751743e+00
2.368731749806168629e+00
2.803047291042091160e+00
2.684651423236325662e+00
1.847908401612342821e+00
2.219306313273458287e+00
2.488295837152117329e+00
2.936794429094971015e+00
2.643283827096443162e+00
2.530048906835514089e+00
2.428832406111198772e+00
2.145122046935876714e+00
2.440489970890706850e+00
2.504069119256147502e+00
2.117484491115676271e+00
2.726431165570134763e+00
1.852303537654927723e+00
2.263893567964531783e+00
2.714290018893513068e+00
2.511906768373957100e+00
2.648471124872967319e+00
2.591034379425664724e+00
3.023389414333186309e+00
2.065647014705525919e+00
2.766640031828549784e+00
2.759664869523923869e+00
2.300356880216045674e+00
2.970588590849196908e+00
2.377126769507347692e+00
2.443046296571716791e+00
2.617260893240183961e+00
2.336980099843428693e+00
2.884586188911236970e+00
2.356871409580311827e+00
2.561035940420882451e+00
2.518741585897505519e+00
2.872636049477748532e+00
2.800880583431682780e+00
2.916362800171601322e+00
2.690733613760290854e+00
2.213828125018044268e+00
2.797416558326689007e+00
3.046709540506065128e+00
2.820786285948440941e+00
2.141161140517930050e+00
2.837327200166176233e+00
2.400388472152412689e+00
2.260701041663119248e+00
2.336347313325133790e+00
2.992174727576443871e+00
2.961945842814993402e+00
2.708931192280855438e+00
2.635924171627262336e+00
2.307916802581368998e+00
2.258523999640619451e+00
2.789607973054664125e+00
2.679140174256234186e+00
2.316958380572242682e+00
2.873879022410004591e+00
2.596073204136527313e+00
2.953035991943988137e+00
2.779548250085251748e+00
2.693947759518160012e+00
2.977266393514712561e+00
2.983867681487511359e+00
2.241676362242551512e+00
2.585414739137843476e+00
2.935219887497266811e+00
2.712560066883749954e+00
2.302852174355163317e+00
2.122523878693222343e+00
2.079862626302065642e+00
2.544002646634159426e+00
2.317421968026285750e+00
2.865017225096535114e+00
2.615950115163608203e+00
2.613602615590695066e+00
2.661974068008440941e+00
2.744019857057677036e+00
2.499121438601278999e+00
2.588644230463146734e+00
2.030636055147716057e+00
2.659466376107850749e+00
2.467590388392794321e+00
2.804691871665416336e+00
2.578552641742363871e+00
2.578004338777220905e+00
2.601205473765209497e+00
2.345872452924849139e+00
2.566228870719340804e+00
2.076746450370738017e+00
2.909731267386209907e+00
2.839383171393949024e+00
2.563581122735013373e+00
2.420271289091177280e+00
2.847434645946173681e+00
2.772883825141007730e+00
2.446801863124755450e+00
2.527782011047082555e+00
2.942775934021358619e+00
2.734759753276171157e+00
2.412228383250462294e+00
2.355510213946408360e+00
2.478574954691761700e+00
3.090620072455406042e+00
2.965082251420792403e+00
2.199854176201065048e+00
2.834493679235718488e+00
2.176636370728544989e+00
2.219676762105566858e+00
2.541688512018199564e+00
2.542787644846418615e+00
2.808608536447920301e+00
2.591497095969424791e+00
2.862034554961372379e+00
2.420623370456829626e+00
3.078042515489533670e+00
2.768725191987838841e+00
2.555185808442922202e+00
2.618763939448710332e+00
2.484388246953605606e+00
2.594509349772573525e+00
2.920441890099308768e+00
2.038482990481729651e+00
2.479504064731587576e+00
1.945510350949185785e+00
2.914703477788126218e+00
2.473485187317433720e+00
2.739689887678355085e+00
2.764299488021009221e+00
2.076779648482765861e+00
1.944381672569388542e+00
2.808076235215448690e+00
2.644758153450370575e+00
2.535932372654119416e+00
2.465471007454838936e+00
2.641914869175988834e+00
1.875660741264716602e+00
2.515956762597663765e+00
2.343618543890601646e+00
3.063731161439292805e+00
2.107730470629119779e+00
2.509583293204651344e+00
2.388658165872487693e+00
2.680490779276179403e+00
2.634359426521409198e+00
2.529128799936769312e+00
2.330423930529761378e+00
2.479495519596999209e+00
2.708745122269506922e+00
1.973094632970718187e+00
2.819985867086143294e+00
2.337744929761166102e+00
2.757251759477090225e+00
2.615673981982510998e+00
2.381552802224494059e+00
2.431845174063834047e+00
2.192492993726673056e+00
2.460972062402662974e+00
2.251875212128278569e+00
2.604919562930268828e+00
2.461797021162727361e+00
2.957112830636408507e+00
2.433581238124904900e+00
2.875391163525113924e+00
3.022824888903671958e+00
2.471326206906310663e+00
2.687227073377318476e+00
2.818249114868319971e+00
3.051863138294161892e+00
2.907615595792414798e+00
2.242599935371155428e+00
2.706175434312213302e+00
2.992527436276446462e+00
2.568811077366025319e+00
3.063540493641580653e+00
2.699944158623114987e+00
2.891128715368823876e+00
2.513956748514006634e+00
2.538918230774732887e+00
2.142709198817095650e+00
2.712177141385648138e+00
2.268114362267399819e+00
2.471823641796481841e+00
2.826072136450400674e+00
2.175917217376195367e+00
2.689174120604745255e+00
1.769203166935139349e+00
2.248986243111153804e+00
2.882876827018335586e+00
2.417701642786020066e+00
2.164449829675158199e+00
2.397617714888635732e+00
2.706003933767543224e+00
2.767116799644987690e+00
2.172195372227252008e+00
3.018750063208107459e+00
2.765872696465829783e+00
2.869321673105333481e+00
2.664721501758284372e+00
2.836959346078352873e+00
3.009222553062074201e+00
2.628402121942011060e+00
2.644864900769864136e+00
2.916607054840152369e+00
2.623106106611640342e+00
2.365684105023592387e+00
2.862576554124639738e+00
2.602841157938219130e+00
2.272740087174163204e+00
2.279685184164192968e+00
2.551203726534923444e+00
2.966653319157467550e+00
2.515077033826299768e+00
2.576055388027789217e+00
3.042585718020170304e+00
2.828604319614512530e+00
2.629556761407047194e+00
2.154639202006984888e+00
2.743382588658427768e+00
2.501245610676443576e+00
2.783631953243121515e+00
2.571158041318208021e+00
2.638432941281939392e+00
2.663713696321149627e+00
2.478518588737954609e+00
2.774007141260033116e+00
2.405325042592948659e+00
2.612089222110934195e+00
2.647727694218971362e+00
2.771645974307980875e+00
2.690384448694613351e+00
2.875370766007082413e+00
2.902679921009708508e+00
2.704512005710915989e+00
2.693894775221913118e+00
2.812105885924246262e+00
2.391467930101837780e+00
2.400300173026581607e+00
2.269694881092800376e+00
2.418060514815178585e+00
2.470185507459489394e+00
2.208805460075816463e+00
2.719318600574276878e+00
2.580653102411851751e+00
2.780301830303397725e+00
2.237463639160223838e+00
2.878447472491411752e+00
2.141111353876790080e+00
2.050534178627699156e+00
2.475202076387740036e+00
2.370814150153534694e+00
2.487449102787175015e+00
1.948341428430068856e+00
1.826716346394389845e+00
2.180790434274494149e+00
2.866633385554037794e+00
2.380221932714207789e+00
2.298732207903283253e+00
2.497717422350164806e+00
2.366841594229306178e+00
2.958824574876942393e+00
3.009987228739595899e+00
2.795904081103371741e+00
2.873219267458124282e+00
2.207271312333922708e+00
2.349796222094113318e+00
2.615384979418641009e+00
2.830029531824279410e+00
2.986537553738442430e+00
2.957493850246867062e+00
2.588252626773928533e+00
2.872191123054362638e+00
2.580107374756273941e+00
2.622192965788598062e+00
2.356594641651092559e+00
2.413679714560600154e+00
2.654597690377826336e+00
2.874472607953449277e+00
2.513738377268483148e+00
2.895487970962384416e+00
2.205188729155837635e+00
2.432404921181310353e+00
2.381631304292334050e+00
2.941594900188463146e+00
2.992271681116236426e+00
2.648955792704009937e+00
2.616421760701221011e+00
2.411353110790209975e+00
1.933105167910677213e+00
1.976494369606071055e+00
2.155458273708990014e+00
2.910161965667338535e+00
2.896104310793635506e+00
2.131662443346090896e+00
2.999461346953881336e+00
2.916268751879210530e+00
2.423283406024003384e+00
2.300308988814752986e+00
2.179205555866226440e+00
2.665038075212574853e+00
2.580420656740802343e+00
2.359303495062530232e+00
2.370387361947805083e+00
2.947365890196333993e+00
2.725445448055470621e+00
2.865541448509219880e+00
2.450751851033565742e+00
2.790281076041059016e+00
2.194644913054128565e+00
2.822419351605281346e+00
2.683399286513952209e+00
2.315440450515319881e+00
3.076622661573580775e+00
2.782047910027706905e+00
2.229662875892500118e+00
2.251464572642923656e+00
2.922910050091295453e+00
1.961450625931135949e+00
2.487495690693979356e+00
2.918620516047591984e+00
2.522327585116944437e+00
2.455792182701834747e+00
2.754627809560921570e+00
2.768300004419296911e+00
2.820992552391680341e+00
2.457109461354084257e+00
2.628638102944422794e+00
2.486670316356230259e+00
2.430991201193629880e+00
2.660393158776968470e+00
2.822097579611785090e+00
2.127706150235565197e+00
2.440979591136228866e+00
2.497364543872748754e+00
2.850960572407270188e+00
2.717166665843461892e+00
2.882039167879673958e+00
2.428098554571455292e+00
2.908608967805184520e+00
2.802000720296863534e+00
2.996012364037117681e+00
2.221825774534020859e+00
2.963479904349636929e+00
2.773430274446663901e+00
2.466322674569097817e+00
2.530676420613099609e+00
2.498177958275121568e+00
2.013187864955850781e+00
2.659280094041950981e+00
2.455773822567111520e+00
2.387670523622340557e+00
2.783908191645130703e+00
1.751790450439051350e+00
3.082587967445761912e+00
2.855379668535370286e+00
2.509169189705454883e+00
2.370161321891099071e+00
2.576649562470213262e+00
2.547491025907774098e+00
2.258979643826554362e+00
2.458724461181278631e+00
2.196999526577581463e+00
2.663882832295415337e+00
2.709693100637280416e+00
2.395363975395484069e+00
2.392417055256877312e+00
2.358117659567533941e+00
2.486045997315756484e+00
2.410097008240222216e+00
3.045061006607780119e+00
2.314905852748431414e+00
3.019066441119383271e+00
2.634667322887808805e+00
2.729148311888819123e+00
2.250018523100902001e+00
2.599442972809562047e+00
2.795454156642401156e+00
2.218639750608450534e+00
2.574165666517267415e+00
2.855758188507992568e+00
2.685051933482919040e+00
2.684259977953677101e+00
2.269876820211848667e+00
2.654061622854686053e+00
2.514584418766700580e+00
2.853554793047174964e+00
2.180033451380043452e+00
2.264019406512880472e+00
2.893619919700208598e+00
2.710261795590317657e+00
2.110325404632795276e+00
1.995559595265486097e+00
2.352268432022281086e+00
2.341913132774327000e+00
2.796168444251367902e+00
2.261309541695641911e+00
2.398087275798033602e+00
2.819897992125746988e+00
2.284866347802102293e+00
2.610724439029935784e+00
2.726370826234298494e+00
2.676990172077995833e+00
2.271400683622986527e+00
2.260565235424207398e+00
2.777911061458576469e+00
2.306149692764974724e+00
2.628784970215675365e+00
2.604571320695001191e+00
2.562949656696848155e+00
2.790131705198711565e+00
2.512515120672251800e+00
2.701837956130468843e+00
3.110018588818293850e+00
2.497411834854894153e+00
2.308937779487889141e+00
2.451802373708547034e+00
2.528962743179350436e+00
2.563077843707917580e+00
2.780144213350854265e+00
2.568735005627384549e+00
2.976195186472242682e+00
2.338414612425760986e+00
2.296184462278314076e+00
2.224193001752823751e+00
2.596984725112846171e+00
2.765871610718353413e+00
2.964157648241651177e+00
2.658375766276546148e+00
2.220309331666364905e+00
1.997159088098065194e+00
2.501262736416517196e+00
2.375075966684719209e+00
2.206356577832562227e+00
2.061850407050183520e+00
2.791094242274378967e+00
2.799365638255349342e+00
2.362554524291213820e+00
2.089962033417093856e+00
2.853170829946320097e+00
2.689701181117618134e+00
2.599974355884681287e+00
2.356597902232184794e+00
2.744599874472124501e+00
2.345952247564922377e+00
2.655792312769442276e+00
2.056041939472656566e+00
2.660358054810566752e+00
2.575540027742142968e+00
2.655353175789308295e+00
2.603388581239470145e+00
2.329741157001193219e+00
2.377208766953464281e+00
2.484971585736280630e+00
2.426293555533790780e+00
2.300233781961718904e+00
2.773779470414093673e+00
2.725302983647874822e+00
2.453033006341014399e+00
2.233925248073872716e+00
2.529265274303700295e+00
2.539468483181245517e+00
2.727993821019432108e+00
2.794132259371206128e+00
2.813655778648429084e+00
2.523718821085337183e+00
2.161552142563270884e+00
2.784852168443965770e+00
2.317140596791481322e+00
2.992294964736632590e+00
2.908107598884469347e+00
2.482112625213747314e+00
2.559157383203085168e+00
2.778303315698901432e+00
1.980646462605245794e+00
1.819566368616036378e+00
2.980216080511605359e+00
3.054029350635396600e+00
2.959988250136533772e+00
2.929210478459467470e+00
2.869095278293274376e+00
3.054789007838385473e+00
2.293110476937235021e+00
2.620431830679248897e+00
2.069318695057488888e+00
2.938942699297579342e+00
1.887834167263044982e+00
2.974989099672443515e+00
2.619060096226752066e+00
2.709660275638483551e+00
2.435235829590864487e+00
3.067829642104028309e+00
2.798398938118939583e+00
2.751068543216949713e+00
2.784623355646372200e+00
2.322759927954604287e+00
2.502123733649435078e+00
2.253525814655771065e+00
2.694383680662905345e+00
2.819502473383047825e+00
2.927642554960252941e+00
2.080329656047196885e+00
1.783912130023021625e+00
2.518535422482556463e+00
1.989822448352146056e+00
2.941404249260356263e+00
2.503095215719747024e+00
2.718419655303995430e+00
2.232423609853390722e+00
1.980268392817381207e+00
2.823398858739708750e+00
2.963347907333554687e+00
2.978316272154528210e+00
2.553754842553675353e+00
2.583938691390109454e+00
2.137546892201480642e+00
2.344196688481155810e+00
2.789963812562533008e+00
2.216027096984195754e+00
2.422987761907413606e+00
2.598492265768062026e+00
2.223978416901659205e+00
2.328354341366112301e+00
2.927186749245218600e+00
2.133905416154954438e+00
2.085056183508481098e+00
2.746760666287508368e+00
2.780978675284961454e+00
2.861150683783110438e+00
2.480047845246265759e+00
2.335939150963282973e+00
2.501211136804477597e+00
2.630263703978018786e+00
2.945804129358401635e+00
2.676208247701171494e+00
2.830105745229530179e+00
2.824812586416729054e+00
2.395259597954705555e+00
2.918576670619361657e+00
2.389827967408338694e+00
2.910969330644155750e+00
2.447096606494753246e+00
2.863570327461667731e+00
2.357058133537385469e+00
2.582262366191749869e+00
2.097022827291686653e+00
2.953019518841595303e+00
1.907555634109264986e+00
2.645432126275442997e+00
2.919299737585415055e+00
2.075788891153647953e+00
2.305547596324920789e+00
2.183600962632013864e+00
2.868630578532109787e+00
2.690561997451810683e+00
2.890519022110976444e+00
2.519608952158483461e+00
2.438536801552844135e+00
2.103275965430548844e+00
2.739861403287308317e+00
1.986277816755080527e+00
2.978059822563450254e+00
2.481109275274413939e+00
2.687057446722642240e+00
2.650701857389367699e+00
2.877869184063018171e+00
2.176233171376537712e+00
2.550037191402671155e+00
2.265343565052271746e+00
2.584341500565637606e+00
2.608048144861740081e+00
2.829151648788348350e+00
2.376335990563636091e+00
2.235298378835219868e+00
3.011551439250863105e+00
2.914417922268280670e+00
2.394915757545327928e+00
2.628768528036001584e+00
2.615254551262756522e+00
3.133942716260581740e+00
2.785429118408170535e+00
2.553354334037244211e+00
2.047491796954981069e+00
2.650876325342598427e+00
2.633229149311403727e+00
2.476424802076374387e+00
2.353715639690999062e+00
2.145447613037328782e+00
2.816256946873297196e+00
2.541700183267215252e+00
2.361567379999939931e+00
2.516272089474473894e+00
2.682842603979276763e+00
2.887749318903469309e+00
2.507737330685045229e+00
2.793176908349160215e+00
2.465686689070799797e+00
2.214614109903984662e+00
2.665502746183822325e+00
2.043630759371564132e+00
2.440614886848361476e+00
2.487531858470622748e+00
3.041598011035445026e+00
2.437814130732522067e+00
2.637219844192843610e+00
2.541524153796168584e+00
2.581423250500232136e+00
2.648202639328096186e+00
2.646032943180946617e+00
2.409453139137089472e+00
2.646991138208292238e+00
2.649637545599987209e+00
2.159318676960464423e+00
2.943652988779726698e+00
2.814702627561850967e+00
2.398459680926253945e+00
1.938440168375034522e+00
2.091231557394822360e+00
2.424476201657931540e+00
2.248886005366681928e+00
2.745742071489522651e+00
2.436884726294699099e+00
1.954538541867870682e+00
2.300994199661084316e+00
2.418901953964407436e+00
2.609744307229512561e+00
1.946641201861656123e+00
2.306119939393605378e+00
2.572025007527717122e+00
2.752583712227220314e+00
2.388046578987713442e+00
2.705711545611470203e+00
1.826083519440549807e+00
2.770016014166874818e+00
2.815285976300125448e+00
2.650166978259701267e+00
2.556352830622040884e+00
2.963982712583085100e+00
2.088886542539109215e+00
2.546185085131827730e+00
2.655982416558043013e+00
2.413978255666451300e+00
2.717651997495360128e+00
1.990784128729716551e+00
2.917352631965835386e+00
2.408659680174164208e+00
2.119587874592182342e+00
2.390413861285651809e+00
2.902643643848475286e+00
2.491176311298094248e+00
2.399849055913711560e+00
2.533877044589779359e+00
2.949260480003111251e+00
2.504736524939504605e+00
2.919491725178734676e+00
2.626918232997847547e+00
2.525883252364732101e+00
2.723770039732341441e+00
3.004674810672267604e+00
2.914858074728141624e+00
2.826991089045116201e+00
2.758354211426646607e+00
2.434654743568374968e+00
2.656300396354160043e+00
2.195370015019287191e+00
2.763672452169502414e+00
2.475056021501100378e+00
2.546999236468384442e+00
2.435299548298007988e+00
2.494509093276133349e+00
2.322218078649158635e+00
2.444966889369986518e+00
2.234707804136312426e+00
2.566955801105048618e+00
2.431050923098616146e+00
2.524971644174014873e+00
2.924579305724536837e+00
2.536576080349794093e+00
3.084949155734253878e+00
2.576443307248061032e+00
2.602457060361467622e+00
2.395763440646224929e+00
2.634964712687415389e+00
2.148690347009677204e+00
2.609427712495375751e+00
2.891982931830550996e+00
1.875132998477236690e+00
2.572026163637292306e+00
2.594167665486684982e+00
2.720021915025430559e+00
2.231718869967497909e+00
2.606522851213070258e+00
2.856256715255371503e+00
2.228842766104916606e+00
2.536357789394905637e+00
2.773427302144507056e+00
2.303998794955532947e+00
2.241342710761683676e+00
2.370827766297428862e+00
2.237538900716505630e+00
2.455060775038286014e+00
2.336015618727578680e+00
2.132262325413504023e+00
2.340841646209887550e+00
2.400107683531610192e+00
2.770647738877077160e+00
2.315055994698418385e+00
3.054249876511729411e+00
2.271783199014843824e+00
2.526306674279473974e+00
2.619929029856809422e+00
3.010161233117191859e+00
2.335679987093186583e+00
2.288222353269333986e+00
2.210435573546561283e+00
2.376551484755921706e+00
2.988169963118657790e+00
2.365793723466744769e+00
2.550966872529143448e+00
2.285459308618260188e+00
2.160754457136771389e+00
2.941013067136361236e+00
2.686056449632149956e+00
2.636483879992988388e+00
2.863043263034870556e+00
2.955066450405859690e+00
2.503948007396223474e+00
2.813176658319993972e+00
2.986534687503246133e+00
2.274413518352796260e+00
2.843920659258130090e+00
2.353331022157244767e+00
3.099662062781025629e+00
1.925880078188748845e+00
2.537768236723238147e+00
2.677974504014263513e+00
2.811882941795821989e+00
2.564293149384411219e+00
2.580186453956512693e+00
2.764795440772079615e+00
2.413014865812743714e+00
2.665652416311949491e+00
3.034205106264354690e+00
2.564498795124566577e+00
2.218334651519772827e+00
2.413414201283440086e+00
2.560745791108335112e+00
2.809695651102131375e+00
2.595451980432727623e+00
2.830920345067441168e+00
2.157764774654967521e+00
3.062134203799704579e+00
2.937434758609592134e+00
2.725973762116366217e+00
2.626605814081447221e+00
2.674363118051266142e+00
2.453740226750293907e+00
2.813345536116458767e+00
2.394909381640959456e+00
2.268706162272057014e+00
2.804235303556062320e+00
2.679158383222218109e+00
2.738351467619256852e+00
2.578009177313941969e+00
2.998410065149521575e+00
2.639438075612060786e+00
2.727465284538419521e+00
2.320251925278749461e+00
2.265466254375152921e+00
2.472720124881303327e+00
2.254454052753366966e+00
2.582240339561432396e+00
2.693070983841220123e+00
2.468524482160840972e+00
2.761069278040949815e+00
2.948556598160132047e+00
2.947581471612422011e+00
2.346285094390749393e+00
1.850074195072460848e+00
2.804012648922865392e+00
2.684318325916192904e+00
2.114960072851712169e+00
2.778409173971960744e+00
2.528670931149797241e+00
2.403621790024553118e+00
2.634327813154173192e+00
2.301640959178256729e+00
2.381311389673951950e+00
2.561656856067654697e+00
2.415449348571577559e+00
2.382180482814104217e+00
2.800316295402047295e+00
2.236046430021199516e+00
2.447927376653067366e+00
2.674022587182982136e+00
2.647475049187585139e+00
2.372569587178852579e+00
2.051093299264846515e+00
2.278048327332804490e+00
2.297178871717314497e+00
2.988014583386594758e+00
2.523553823014331954e+00
2.850230510869020684e+00
2.961755110315114958e+00
2.292291016307630436e+00
2.538977264299387748e+00
2.993234137785581783e+00
2.039660641539395858e+00
2.492787664792639024e+00
2.778114060220171044e+00
2.646129701166715087e+00
2.684098279198802839e+00
2.627529300215388108e+00
2.109069907461269988e+00
2.582264294488510803e+00
2.565911985052296895e+00
2.908100719388555522e+00
3.024634821939200968e+00
2.502529471023620555e+00
2.772346195197764818e+00
2.311804491667439176e+00
2.427398422586631632e+00
2.827479580175737528e+00
2.377690020554096950e+00
2.423181158137953872e+00
2.685745802828956030e+00
2.339961900506976722e+00
2.965425865066691369e+00
2.585039086733569302e+00
2.105768134654465662e+00
2.620416444735263806e+00
2.384954295448849848e+00
2.763831841372161868e+00
2.134205515152998611e+00
2.770051667858786537e+00
2.752334503497696261e+00
2.037680819170750279e+00
2.917258209919677547e+00
2.682604307657109111e+00
2.293444769512754888e+00
2.917111751098306005e+00
2.997673957118223598e+00
2.480811849984924322e+00
2.185204994259212441e+00
2.569406811190577677e+00
2.642825286328398526e+00
2.555515752187033307e+00
2.049381188593669467e+00
2.736656443676739325e+00
2.470674411949389082e+00
2.943724082741573156e+00
2.719128627255837927e+00
2.499018618115962820e+00
2.818369903078269179e+00
2.546111122666611770e+00
2.983882565806597498e+00
2.238751389248224477e+00
2.874645461625959797e+00
1.986460968930992665e+00
2.010763397889196114e+00
2.425019082634361389e+00
1.920245881373437769e+00
2.869328076966452645e+00
2.588996957594713155e+00
2.484705706928709290e+00
2.150150853787185845e+00
2.158906558963015421e+00
2.421104873460380169e+00
2.075695618008304599e+00
1.916892125409134007e+00
2.184310739256801082e+00
2.685480320722009484e+00
2.340026644814509726e+00
2.044886634988288154e+00
2.105139650322880307e+00
2.836018657759833417e+00
2.358123971997898582e+00
2.034661825699215498e+00
2.857694315066057644e+00
2.951870735229621623e+00
2.649133579656822945e+00
3.049933539715903752e+00
2.714544339968961939e+00
2.324099317076576021e+00
2.464602587472750628e+00
2.275748308903949635e+00
2.295779097903158039e+00
2.559939291625021429e+00
2.542100013182753582e+00
2.334763502841355809e+00
2.788331619633433345e+00
2.289163545029196278e+00
2.882957342010705748e+00
2.958676654771092984e+00
2.712081445805871294e+00
2.435635252756692459e+00
2.695371011825391072e+00
2.668493585558825654e+00
1.896495659594864103e+00
2.932554725092083370e+00
3.010585587124888551e+00
2.865857584042104111e+00
1.969740088364636099e+00
2.809362087640139727e+00
2.661282613642111716e+00
2.792149084565707096e+00
2.664049634993643778e+00
2.509879413847145191e+00
2.059180684042053677e+00
2.328176665256205702e+00
2.739315141232645967e+00
2.666697616725257625e+00
2.748752669474737065e+00
2.932670156095724234e+00
2.424533529754502759e+00
2.726237854562733709e+00
2.701105619585658424e+00
2.352468130312794337e+00
2.953317381667258434e+00
2.444388885095935660e+00
2.746049767888083082e+00
2.814658264089098250e+00
2.678026755430821026e+00
2.694302850096724100e+00
2.842279360906257324e+00
2.311693861894124513e+00
2.817885486835361331e+00
2.670012941223996350e+00
3.036373061054219669e+00
2.701005670870304520e+00
2.798086182608217065e+00
2.540437502490396682e+00
2.847782006861060644e+00
2.828661776857264609e+00
2.567202595989139802e+00
2.456873319748555939e+00
2.572299361686232189e+00
2.557212015547156270e+00
2.610689678533588687e+00
2.575494492631623444e+00
2.704515048017631429e+00
1.869660395522496188e+00
2.969541503094675683e+00
2.708142816528507524e+00
2.949108032697598691e+00
2.905057834375246006e+00
2.371118147992618219e+00
2.638727216378751184e+00
2.597862839519005096e+00
2.658046121057578759e+00
2.344800087774166819e+00
2.567097668828100421e+00
1.964859097814400046e+00
2.356723714017564753e+00
2.418523173432227669e+00
2.663594376592593349e+00
2.205513883710060075e+00
2.562443469688067577e+00
3.069703684054359005e+00
2.679359700526159571e+00
2.524603516278081550e+00
2.936210370316606255e+00
2.502201988262898524e+00
2.757251097386475891e+00
2.135513070050055973e+00
2.257147881069608619e+00
1.993655339828148243e+00
2.657354628103411720e+00
2.440642779942276519e+00
2.763898456703508089e+00
2.064422676482823515e+00
2.020149237446715595e+00
2.088873408575193213e+00
2.659582556904378059e+00
2.714495204763502922e+00
2.596810172008397366e+00
2.505449452657883214e+00
2.559605685419537036e+00
2.295274301248634963e+00
2.694465487105924151e+00
2.400200386133112040e+00
2.771637864105504612e+00
2.511469291661986070e+00
2.201648936626529718e+00
2.749864607962982710e+00
2.902773778841173602e+00
2.192464108233494358e+00
2.876906277958038771e+00
2.945768815548178932e+00
2.083746119527344121e+00
2.662184335406037050e+00
1.892480380251975403e+00
2.343896812917100725e+00
2.707258581358508831e+00
2.131338413740056836e+00
2.918046237069825466e+00
2.426639810971868094e+00
2.629489897086071171e+00
2.849533808990088346e+00
2.859376475951366459e+00
1.813419988839430230e+00
2.121466127383907274e+00
2.549007564475912702e+00
2.159889227188872773e+00
2.839329746768720408e+00
2.562732187918073556e+00
2.151113657947286484e+00
2.337701985208290534e+00
2.915126375272542258e+00
2.835121915863877184e+00
2.881489294262234768e+00
2.608181647722056962e+00
2.349926621876947230e+00
2.429785639335204195e+00
2.645099015697316425e+00
2.345932695319702610e+00
2.528609952945848338e+00
2.846177315073900704e+00
3.084507318553370681e+00
2.945914060396804146e+00
2.878462742340945457e+00
2.487084795165519058e+00
2.843705680571539496e+00
2.776229223193813933e+00
2.719762344099408757e+00
2.790105410900655780e+00
2.448458679720387998e+00
2.642806630048756045e+00
2.700876496161671803e+00
2.212447294375798901e+00
2.477395421494298144e+00
2.451697265435661688e+00
2.486599194573121174e+00
2.555394854978706221e+00
2.660795207441787102e+00
2.672500658496922199e+00
2.752982679862074900e+00
2.898968469701001194e+00
2.757316459676537157e+00
2.277668502372913739e+00
2.897047624279801337e+00
2.988892064517352232e+00
2.950748014435331523e+00
2.525594014877336146e+00
2.734978248336310980e+00
2.981674085149033537e+00
2.701273704334099079e+00
2.707160875194943639e+00
1.921555212216448760e+00
2.814768801641808871e+00
2.773139469896146014e+00
2.792085322380947421e+00
2.209374072117909371e+00
2.252475626492922878e+00
2.427263666592061941e+00
2.012905648219608601e+00
2.400516268163366718e+00
2.244497549391963886e+00
2.732977442532767309e+00
2.515784960789912539e+00
2.696477373553406220e+00
2.429300420604139532e+00
2.710618623629514445e+00
2.696001081896714169e+00
2.558126322192858737e+00
2.671122271247571511e+00
3.013361872077890080e+00
2.369697321310828109e+00
2.448842409651899921e+00
2.585512027816393665e+00
2.878656295880720695e+00
2.496479210175724273e+00
2.769676552950736781e+00
2.573700290305132032e+00
2.276713770262191794e+00
2.434707379349294154e+00
2.320947729696430706e+00
2.834167949367647932e+00
2.818431447250831834e+00
2.795094908643380283e+00
2.391410631600042969e+00
2.264876410246978722e+00
3.021122397186045472e+00
2.794903246918712725e+00
2.133027254708426135e+00
2.633804790230573012e+00
2.101958395150524961e+00
2.517647352332834210e+00
2.458379797770305242e+00
2.494656846581063014e+00
2.416026470493938927e+00
2.678968760051897213e+00
2.194883465677549772e+00
2.581209161233374516e+00
3.015032239110747803e+00
2.616950393550347531e+00
2.060648303596559927e+00
2.784102392876443677e+00
2.005307555392512597e+00
2.053574867837684170e+00
2.500211360451765952e+00
2.579247738239058396e+00
2.402191339001340076e+00
2.438430707534811059e+00
2.907541065529678725e+00
2.308601066255845602e+00
2.801734695474348058e+00
2.537769419255588410e+00
1.884883367392576448e+00
2.786688193661877477e+00
2.544589598358940385e+00
2.739014587168402404e+00
2.733950980433077937e+00
2.689151683157990469e+00
2.503972321422587299e+00
2.484727602001066682e+00
2.805163159422399577e+00
2.815949622801788177e+00
2.460192465344209101e+00
2.829916829485580987e+00
2.873503910838784758e+00
2.982188871153582888e+00
2.999886622072418074e+00
2.499093578353354328e+00
3.030225890239068409e+00
2.651963874853628056e+00
2.410992483129224873e+00
2.603142614420819623e+00
2.300416352668402276e+00
2.312881003415486525e+00
2.504657798146404879e+00
2.486178717586372322e+00
2.839664362065140946e+00
2.344946133740701377e+00
2.191488560563892296e+00
2.267347742436527369e+00
2.520534994418258012e+00
2.666588152340259477e+00
2.314767971316638473e+00
2.483421047087590150e+00
2.281563827265814304e+00
2.476494831502643823e+00
2.810998485000403946e+00
1.983148903841565724e+00
2.563547600134323368e+00
2.479561024295277250e+00
2.167506143390070417e+00
2.710560610092541012e+00
2.396470590674931067e+00
2.244505735281678405e+00
2.378456633944215692e+00
2.236791025352781848e+00
2.347448983504818010e+00
2.637173706221271452e+00
3.026879426942323814e+00
2.370958538072256427e+00
2.545801717078779003e+00
2.206822787352110460e+00
2.381391550192447859e+00
2.706828925278980336e+00
2.458222562635397512e+00
2.498769714047664792e+00
2.658596318945900538e+00
2.488739404885353945e+00
2.416445557424047763e+00
3.025992614563284722e+00
2.622153143468041403e+00
2.982269968798249238e+00
2.808334971967334948e+00
2.993015393105788569e+00
2.815148106858250898e+00
1.963884190321434575e+00
2.797634911089087684e+00
2.627913493508361675e+00
2.328326518939995537e+00
2.436738847717486500e+00
2.427724599285598472e+00
2.595087499500877470e+00
2.404497358906445559e+00
2.700408907260033686e+00
2.750072283404435325e+00
2.628182092220085586e+00
2.989445127614740905e+00
2.531337790149549072e+00
2.876605790256395956e+00
2.672398854988345729e+00
2.216921563486879077e+00
2.315274786397862439e+00
2.782653679775305200e+00
3.000698772031398232e+00
2.895936164708586613e+00
3.002931681933386887e+00
2.292576509068282142e+00
2.693773540746133399e+00
2.489793859521625130e+00
2.531382653814866046e+00
2.179539631451403281e+00
2.747475583177095171e+00
2.491935000964152991e+00
2.069751675846657868e+00
2.941697265275453166e+00
2.624409093988885999e+00
2.265796720552412769e+00
2.607458243353683258e+00
2.750453875067694121e+00
2.908005542606070915e+00
2.945267071753901789e+00
2.665605459653086928e+00
2.751635877509340133e+00
2.550502710818678409e+00
2.709585972273305554e+00
2.275981280514235650e+00
2.526710152649589425e+00
2.213409182930984542e+00
2.773227186019553425e+00
2.106893634453593567e+00
2.303781328043815968e+00
2.404427208371743951e+00
2.615845285470507875e+00
2.913032734211232100e+00
2.284716537920788770e+00
2.611031746175362045e+00
2.726441908695160343e+00
2.733351223433127419e+00
2.660949017687753493e+00
2.893431209932123771e+00
2.497757625001217008e+00
2.085072019015451250e+00
2.810076902290391310e+00
2.656069108838548409e+00
2.392705544575495225e+00
1.770058335205469069e+00
2.326280499703326843e+00
2.331122528983932796e+00
2.768032569693357203e+00
2.910408083216792008e+00
2.384037208242431927e+00
2.077759287551408818e+00
2.108183924170783818e+00
2.283824883198679601e+00
1.808031684073106993e+00
2.524679891054580683e+00
2.132222699396340015e+00
1.940593309943744460e+00
2.571522033241104843e+00
2.273336316738050922e+00
2.746440532055753891e+00
2.764261036578748332e+00
2.215778656523418100e+00
2.806747376336077515e+00
2.329185856001577015e+00
2.425586408419349915e+00
2.606118165262636843e+00
2.717352945186766622e+00
2.834262225498632048e+00
2.678106421036670515e+00
2.955577745773963372e+00
2.667674802975789738e+00
2.135265030491747318e+00
2.822909444960372660e+00
2.710023792572346490e+00
2.245935009242365332e+00
2.725012954219972805e+00
2.396412976508793147e+00
2.271361937562848876e+00
2.850157071576816303e+00
2.078767707481576466e+00
3.005393028315977322e+00
2.063094268704396050e+00
2.547253137803092038e+00
2.358854306742537155e+00
2.455416753931404905e+00
2.415650154716485698e+00
2.167972777575865706e+00
2.868977876388893122e+00
2.497092575786834523e+00
2.806840400454242435e+00
2.666032633520199813e+00
2.440953430732675677e+00
2.296083114983893392e+00
2.570730554659376832e+00
2.970986669180242234e+00
2.904470146106157724e+00
2.409071074628124531e+00
2.849799270592154876e+00
2.720933746575569412e+00
2.844255531151928196e+00
2.789303457540308617e+00
2.564642439323846279e+00
2.668485224504645981e+00
2.927047321037527627e+00
2.346091757350353468e+00
2.592971432063059911e+00
2.827711173319042093e+00
2.528183755682363643e+00
2.240668260879633333e+00
2.191686610239783395e+00
2.257833508684433887e+00
2.279246062866436606e+00
2.506517588361456994e+00
2.300936993779167938e+00
2.619696142728578536e+00
3.048499071047556797e+00
3.065460449718774960e+00
2.748896554143332338e+00
2.787137424555378828e+00
2.418488279312850153e+00
2.794670113209068774e+00
2.181459638793276312e+00
2.849888065611959398e+00
2.510608058991355307e+00
2.256437078696173160e+00
2.552555802375526817e+00
2.002401045499323295e+00
2.969706711080501105e+00
2.115000044171263305e+00
2.481757333523054054e+00
2.473191585580505336e+00
2.946829042497069118e+00
2.440282298334451649e+00
2.674714832558897637e+00
2.495096962908120997e+00
2.205266664097791818e+00
3.082255033623719331e+00
2.573343154504586394e+00
2.901761630271291192e+00
2.427024933748259894e+00
2.258641666381113744e+00
2.943650058743010334e+00
2.391868192375378399e+00
2.642888666420305288e+00
2.657172564646129498e+00
2.929209342649285119e+00
2.291385513547495645e+00
2.774851015225428874e+00
2.486825378908368300e+00
2.505926163532459228e+00
2.634066969536495328e+00
2.951869839035650145e+00
1.872267582780942297e+00
2.148338564818669028e+00
2.621026671491352378e+00
2.327502008729410488e+00
2.818149776694838238e+00
2.653356286579293677e+00
2.639491700038139932e+00
2.419275858656053657e+00
2.340932554232485252e+00
2.766508124662947932e+00
2.579872476977801643e+00
2.286398480189165028e+00
2.451202804347335729e+00
2.699535540552700397e+00
2.571250211361537197e+00
2.598969855172677867e+00
2.775918722323437393e+00
2.629306805791910673e+00
2.792703622460078972e+00
2.916553840996272573e+00
1.982785914274005634e+00
2.619766491693384491e+00
2.342138411115886942e+00
2.875400690498671974e+00
2.216115663423334770e+00
2.333112943214192381e+00
2.277043915377478633e+00
3.017228634892040962e+00
2.525478004195089277e+00
2.920576831227228887e+00
2.799351017347611936e+00
2.954674002703287616e+00
2.620641429509498632e+00
2.462024147912045269e+00
3.114430787225438202e+00
2.666935628011321668e+00
2.376606989676774084e+00
2.004179316862761517e+00
1.901876949386820614e+00
2.524635477097035618e+00
2.763279627535195182e+00
2.558583580475024988e+00
2.199588548722740899e+00
3.008648276865635296e+00
2.579141892739182484e+00
3.062197580692769261e+00
2.917905003810971731e+00
2.225121629347721619e+00
2.930643643762806061e+00
2.824657962271518219e+00
2.879714720139741946e+00
2.250136106168996619e+00
2.661786846503294335e+00
2.569406141813543876e+00
2.549202747857863383e+00
2.151235636488022962e+00
2.594617075634375158e+00
2.570240468422291258e+00
2.194654223622650502e+00
2.773649887358736077e+00
2.805058717956577130e+00
3.046264259196854951e+00
2.708591084082492273e+00
2.897730792410659451e+00
2.458576587267577107e+00
2.504762243212674822e+00
2.690755048341284095e+00
2.315777424274194196e+00
2.499117446960911426e+00
2.623704615780271254e+00
2.832079364964736001e+00
2.532369198424810453e+00
2.603998711682908862e+00
2.542603496672898533e+00
2.855837084584311292e+00
3.074190262794978867e+00
2.267956415348113097e+00
2.605205633264224385e+00
2.771111719081116753e+00
2.667861577643861892e+00
2.552665244394701105e+00
2.718876383391845231e+00
2.548397226380684444e+00
2.889870973170457269e+00
1.975527641231273002e+00
2.771285280704875564e+00
2.640253441672133938e+00
2.820842576491958908e+00
2.829185902492200810e+00
2.887492637109726257e+00
2.448083936513484105e+00
2.776751490474326012e+00
2.319454809019967811e+00
2.385852187923869216e+00
2.091687998882824306e+00
3.021711122511383518e+00
2.455094979672469702e+00
3.089739402267864143e+00
3.007197881084326507e+00
2.272082810149478771e+00
2.662461669577130152e+00
2.846879655522930541e+00
2.088951843316753099e+00
2.991696610156678204e+00
2.455195224160562795e+00
2.711000900500074362e+00
2.880953358350656579e+00
2.110090788814923179e+00
2.538918102995809445e+00
2.788912189604132674e+00
2.621462261578058062e+00
2.711745258735773323e+00
3.076551051969363293e+00
2.009206790573584200e+00
2.139468292341863531e+00
2.834952476279976707e+00
2.588835824720299161e+00
1.932396301421635432e+00
2.783622403785287691e+00
2.650497595713313448e+00
2.579067629226265534e+00
3.010427392664575486e+00
2.330335972479591788e+00
2.695691756747410572e+00
2.310194550290121551e+00
2.317710535599401211e+00
2.809254861783064605e+00
2.612422469561670457e+00
2.827817670159818775e+00
2.287321373309241235e+00
2.721647019225541531e+00
2.855029205966280959e+00
2.167568619956268261e+00
2.403917472925529708e+00
2.699361866443339864e+00
2.255381611539641007e+00
1.924192459624209706e+00
2.545171667601107135e+00
2.901183711749451888e+00
2.403869882366978405e+00
2.477450739114585687e+00
2.517690412828230251e+00
2.269912911784953913e+00
2.451510097812956701e+00
2.226694726245804556e+00
3.080874807900408907e+00
2.397704756563536765e+00
2.763248445507902940e+00
2.683150998809201493e+00
2.600981096743800070e+00
2.434172700782804455e+00
2.440551677864760904e+00
2.709255612842129679e+00
2.255871404106166267e+00
2.757447710307101119e+00
2.454476668064438982e+00
2.960515001212944419e+00
2.230774214425697011e+00
2.712787397199929451e+00
2.855615876736708358e+00
2.166644052995203573e+00
2.589380721544367159e+00
2.938219731128182133e+00
2.861462366110945954e+00
2.332161965343525267e+00
3.089136434867333136e+00
2.513036042587678764e+00
2.403788741296475351e+00
2.698105755560662455e+00
2.840660568534570274e+00
2.139667509725671213e+00
2.192683279093603499e+00
2.605599576904368941e+00
2.823962219784271976e+00
1.995231168702998659e+00
2.230453940051517314e+00
2.529717484788426951e+00
2.464348305169407283e+00
2.384710687361417669e+00
2.503728183576459987e+00
2.725557582959873493e+00
2.334969118636886609e+00
2.283331276473586247e+00
2.664494989523948476e+00
2.522015448077360666e+00
2.579454041370474293e+00
2.744540088660243793e+00
2.282723223624469000e+00
2.290455771458865364e+00
2.718558128031511867e+00
2.695615582459855997e+00
2.559952316454316090e+00
2.665062592776475725e+00
2.965850801470740539e+00
2.059601807471231449e+00
2.256132765270178364e+00
2.846970317546235751e+00
2.178799017953144457e+00
2.902898415296879087e+00
2.336142908054908762e+00
2.551869768669213556e+00
2.464031463331318950e+00
2.517771260660917942e+00
2.262337266043792816e+00
2.257277121943633169e+00
2.153149475617786912e+00
2.573796477421501194e+00
2.397482204813551565e+00
1.734897978926750239e+00
2.958621773630407681e+00
3.055240839910999817e+00
2.100466384336591386e+00
2.803302034547042521e+00
2.685885593753548850e+00
2.303357790543002714e+00
2.377086363454188778e+00
2.901640931832207837e+00
2.793394468384704066e+00
2.873092954498390306e+00
2.753478638705824100e+00
2.183531786898144755e+00
2.328678895824009665e+00
2.945839379871714847e+00
2.455775627456769694e+00
2.465562814101996292e+00
2.456431788251119297e+00
2.267967066822809130e+00
2.217687158133028635e+00
2.751206552224117807e+00
2.489398967682435959e+00
2.211069822189365652e+00
2.876971885990887046e+00
2.927244797894899886e+00
2.820427272727482393e+00
2.578380107444343317e+00
2.501913628960328317e+00
2.781470748870967569e+00
2.503016314871736814e+00
2.742271393955903136e+00
2.487016733027301640e+00
2.542649181073442399e+00
2.378562792391193170e+00
2.187181232684311638e+00
2.976566462903109223e+00
2.357500513653846497e+00
1.953024538988684888e+00
2.697483278231482373e+00
2.228623266582894669e+00
2.699598995016680991e+00
2.602414611515819765e+00
2.399992958743700111e+00
2.378739524078259393e+00
2.675137489240937416e+00
2.327883672409385873e+00
3.113987078186667645e+00
2.606141901108024239e+00
2.184889156258444487e+00
2.534676819982245810e+00
3.031425169085783189e+00
3.099432422135908638e+00
2.896716167627921834e+00
2.099109348399330166e+00
2.330924175953991373e+00
2.785085890056071989e+00
2.293560758527450449e+00
2.542944605955683279e+00
2.233784053227465094e+00
2.318569835461622652e+00
2.425040071493071103e+00
2.382904408726196799e+00
2.367587212793377027e+00
2.696020224174726643e+00
2.645239327489883330e+00
2.570976050218829911e+00
2.615977823211938613e+00
2.654528345729850081e+00
2.472386778411579389e+00
2.521361255818780123e+00
2.571583994500335368e+00
2.701880233786119412e+00
2.818181967581967484e+00
2.416943535236030005e+00
2.817478614023798400e+00
1.897592813404586520e+00
2.375720709615178450e+00
2.480961669378241474e+00
2.808645188556119887e+00
2.512196821215473719e+00
2.306470298794975893e+00
2.844383891532299646e+00
2.980964853716804974e+00
2.301551929803709928e+00
3.028718794545892656e+00
2.641169832948092377e+00
2.238844825367538593e+00
2.834388725486974181e+00
2.097253398062562724e+00
2.608268138629107558e+00
2.327040139195831081e+00
2.045135990612601873e+00
2.848119234743290651e+00
2.945853010128955951e+00
2.450585987672703414e+00
2.404536844077075131e+00
2.693497964354568897e+00
2.842677028940525208e+00
2.966292752332481353e+00
2.331370284511139257e+00
2.199156402933174270e+00
2.563289016046448321e+00
2.721808272188427580e+00
2.343943584454147189e+00
2.681294618524837858e+00
3.091798789866970321e+00
2.490716234033342413e+00
2.795681205956102033e+00
2.478525518262372884e+00
2.283068686252893720e+00
2.942396180172107467e+00
1.897041002718453884e+00
2.815322275146220132e+00
2.686699432507699825e+00
2.374630606205073491e+00
2.991581448067156757e+00
2.863440505967505878e+00
2.391597062301286325e+00
2.824761377834020593e+00
2.477602572789809443e+00
2.326356565836678048e+00
2.927927987727295012e+00
2.772257522352600034e+00
2.984185837899707039e+00
1.902545774321592331e+00
2.827647849904639799e+00
2.289288914964103583e+00
2.291752978725637213e+00
2.497664529456216087e+00
2.354061598919403586e+00
2.844393844443902530e+00
2.748533726889180517e+00
2.829062294193886995e+00
2.499151008897738002e+00
2.447846821934446915e+00
2.748711055212255783e+00
2.717304304244414492e+00
2.823802901080135541e+00
2.652818924243208532e+00
2.479236828993823583e+00
1.822195709954771425e+00
2.839867616244768467e+00
2.745061886141061169e+00
3.043048488929664064e+00
2.520056932619554324e+00
2.768589166017801251e+00
2.649753923036586301e+00
2.265268158740073812e+00
2.191549814591618350e+00
2.398156482821484303e+00
2.776018054794520573e+00
2.696003166630335457e+00
2.400441738789755863e+00
2.658999853296843074e+00
2.382387206126657109e+00
2.498529922857179564e+00
2.435144263117965835e+00
2.603836033606548028e+00
3.066155157272815845e+00
2.631660703917328981e+00
2.326264464670749987e+00
2.477979864590566184e+00
2.636358731921770282e+00
1.995096583075373964e+00
2.864139275597098244e+00
2.917772758215654072e+00
2.977401364073506418e+00
2.044380892168208952e+00
2.088367197570270228e+00
2.010918037018682547e+00
2.193133347678973166e+00
2.126199235040377111e+00
2.926313835109353612e+00
2.702778477216170039e+00
2.752260823191782002e+00
2.605137396959464446e+00
2.657952265100084865e+00
2.720065738858952642e+00
2.225066692948114877e+00
2.182896768014358724e+00
2.425932350557296058e+00
2.617633797342149293e+00
2.662549012195005282e+00
2.689544368219879189e+00
2.909047929231005192e+00
2.566334683108014048e+00
2.250715941976433321e+00
2.540837504803446834e+00
2.680997042501562788e+00
2.337309257471794854e+00
2.737607927482855086e+00
2.667624546190399126e+00
2.122113988501155735e+00
2.259989482451852716e+00
2.154177891803442435e+00
2.878013315686116069e+00
2.459695989855443798e+00
2.160896997351811955e+00
2.480848778164910229e+00
2.899244457327436741e+00
2.588523273351911680e+00
2.686836720285475710e+00
2.764474028118341309e+00
2.552106922319142157e+00
2.536440121984276264e+00
2.073204927378780482e+00
2.321715700935147009e+00
2.593886851971195284e+00
2.943118501183840330e+00
2.452169278167357636e+00
2.466207727099758440e+00
2.548482979096679202e+00
2.288579641163134060e+00
2.824543684236526797e+00
2.234942183785129544e+00
2.673759814001567925e+00
2.410662756120741879e+00
2.630686219753100019e+00
2.980587766505250702e+00
2.763315071082725005e+00
2.755297075581171651e+00
2.563240978592068231e+00
2.686193351511918515e+00
2.879635568123522837e+00
2.373073586517987277e+00
2.921315875992520628e+00
2.861443086617103670e+00
2.315465736934125385e+00
2.881955023928285176e+00
2.871883511117795607e+00
2.535289425732541346e+00
2.713913597173490899e+00
2.554616470527699690e+00
2.436804166504321856e+00
2.275788541003048948e+00
2.779637859841830760e+00
2.348101472690682812e+00
2.507839176778155377e+00
2.794828603129416500e+00
2.797433517465934827e+00
2.391782348415566695e+00
2.572138197035556573e+00
2.210184819199711104e+00
2.393144386356025777e+00
2.481936491059518968e+00
2.352738700154310525e+00
2.778413999044077265e+00
2.368409458536763879e+00
2.422960678682895441e+00
2.185972730701365219e+00
2.686494622437403557e+00
2.444469749004052339e+00
2.291654372855967292e+00
2.500069534558551076e+00
2.883575272006591472e+00
2.745043336617189134e+00
2.824121913999482203e+00
2.523921387215999790e+00
2.758931303629873710e+00
1.857482980583195387e+00
2.716393377213364158e+00
2.081663560124892509e+00
2.670291241117948910e+00
2.899089189101009545e+00
2.598109276626820119e+00
2.216416326841695650e+00
2.347339544013360424e+00
2.789761017474257532e+00
2.429846863017149694e+00
2.913736123179782922e+00
2.783541447796110013e+00
2.584477751814671986e+00
2.942758918370530274e+00
2.960704411132543346e+00
2.420044000410213503e+00
2.446477806802579646e+00
2.778215329110887755e+00
2.129087251143914727e+00
2.810736535005130765e+00
2.341817090692431158e+00
2.437460477069033349e+00
2.655293371570807359e+00
2.439318906812353305e+00
2.766671787638808500e+00
2.519244698860402032e+00
2.768946168547568032e+00
2.445569556082221041e+00
2.601756801402277830e+00
2.694056980409101243e+00
2.702387215234261841e+00
2.621545236322587957e+00
3.004224089098755268e+00
2.227665950213381763e+00
2.864417171650169625e+00
2.529667682923169458e+00
2.838904163348022536e+00
2.690499247485226952e+00
3.099782263731121645e+00
2.295248402237220375e+00
2.804571659885999768e+00
2.319387851685517976e+00
2.552652897214708005e+00
2.545234599476993154e+00
3.007051792262527279e+00
2.919694117649543674e+00
2.673034584608172448e+00
2.166523712787967515e+00
2.048465592672266133e+00
2.591945399052944854e+00
2.441148070516449664e+00
2.696235734546420737e+00
2.177919268106147221e+00
2.705779389977960303e+00
2.243703108934790080e+00
2.811882237810868990e+00
3.028255132961744867e+00
2.472293525510084411e+00
2.085405733372859061e+00
2.152432378604578034e+00
2.875039954037418521e+00
2.698868587948705322e+00
2.998744339636356226e+00
2.431734074777120114e+00
2.077649776983953700e+00
2.509355305819501503e+00
3.044502636503442439e+00
2.774689688842046476e+00
2.532292480225384779e+00
2.682504714499962528e+00
2.449078994860382164e+00
2.370634517797397756e+00
2.337333544284805775e+00
2.367652996772738216e+00
2.432276289627421928e+00
2.835007763395542835e+00
2.189425141703029265e+00
2.585617248646030042e+00
2.790540341731942320e+00
2.311837088110561211e+00
2.515772052680802950e+00
2.373797274135617474e+00
2.229781816804976557e+00
2.267521201556864874e+00
2.447884427518997708e+00
2.617273831870684297e+00
2.687358123681284461e+00
2.337021600204058025e+00
2.791025214935814347e+00
2.282182964958273885e+00
2.675424451282772065e+00
2.429259559747136699e+00
2.988821615217530425e+00
2.327198713269726937e+00
2.477622760371641863e+00
2.385597090201762693e+00
2.767861223038680318e+00
2.454967590472087569e+00
2.996552833222950962e+00
2.747611377372919161e+00
2.797497370861242949e+00
2.196295093796034603e+00
2.664534038475157907e+00
3.048203612050431666e+00
2.497293867859632588e+00
2.637118892947968529e+00
3.015308445950811489e+00
2.618802709088253966e+00
2.100659728429000062e+00
2.711272925110435494e+00
2.202450984604420903e+00
2.914138028447271100e+00
2.541174256391693476e+00
2.422035043723599124e+00
2.526644029369589095e+00
2.829635077839539825e+00
2.468711569005504813e+00
2.331014415455597621e+00
2.630778446382866509e+00
2.321333571262010675e+00
2.464609980411172074e+00
2.464898110972273848e+00
2.125612931068701528e+00
2.708078790328453334e+00
2.279688561748155706e+00
2.311330695671975022e+00
2.664453875066485899e+00
2.407002290082343343e+00
2.532960207676810516e+00
2.598342868442512277e+00
2.881277387916752364e+00
2.340975095797414252e+00
2.733697326009872697e+00
3.022141157014592405e+00
2.802551875359911904e+00
2.691131315307262462e+00
2.684872541888629449e+00
2.349326742108932109e+00
2.873467693879596663e+00
2.864330885287410755e+00
3.019478911663634246e+00
2.452631410528127720e+00
3.021363638404322760e+00
1.738630051778962127e+00
2.872106057075225038e+00
2.737047233907668353e+00
2.772198721086584605e+00
2.732410863613687901e+00
2.767998306776501494e+00
2.431112682869561503e+00
2.740653080796103591e+00
2.387327790296503771e+00
2.344963952044215816e+00
2.605441557879351944e+00
2.717328426487526372e+00
2.684764178020676795e+00
2.753726439520546077e+00
2.642479160267007909e+00
3.080731059990884368e+00
2.351055976378435108e+00
2.421599738425604720e+00
2.500322685149214408e+00
2.597407793995026637e+00
2.490974658899693495e+00
2.724385008366166261e+00
2.887071483583768305e+00
2.855962352491820955e+00
2.764209853820093432e+00
2.989272717577753813e+00
2.619974146389020042e+00
2.447997705685878600e+00
2.838377110035794626e+00
2.226735465460989882e+00
2.778190442099945923e+00
2.897179461802631195e+00
2.464321938164426129e+00
2.764410090986122004e+00
2.592456825422028821e+00
2.238053686916552376e+00
2.164930432901848167e+00
2.802014467708012546e+00
2.385217509123752855e+00
2.431619343749305884e+00
2.488112281601259745e+00
2.822494051296573048e+00
2.881682167865922128e+00
2.987354249090445446e+00
2.376111249530557856e+00
2.661407704359123549e+00
2.744412412149133562e+00
2.130282076517850065e+00
2.223679938173616755e+00
2.558765735113277096e+00
2.689145882893149153e+00
2.600857282351303201e+00
3.008528527757089677e+00
2.565935871980144167e+00
2.411701760029576480e+00
2.498155864575185792e+00
2.916523039203376300e+00
2.210716853571437213e+00
2.708129296611236470e+00
2.326198488102368067e+00
2.489026573777624485e+00
2.638858651400523669e+00
2.777718399927356252e+00
2.502473587888095707e+00
2.578256125162828205e+00
2.382768365329628768e+00
2.159379585692395409e+00
2.679167188534416599e+00
2.163342031964216705e+00
2.433680124935556854e+00
2.610643071742150934e+00
1.929946294208745083e+00
2.932913287855309026e+00
2.829946323539213271e+00
2.849942279698873371e+00
2.831589495317285987e+00
2.386897765770583213e+00
2.253517693139353462e+00
2.315048492757361132e+00
2.331945866150501701e+00
2.384358449976285765e+00
2.505334866784944214e+00
2.873100776589703642e+00
2.627200423891464354e+00
2.837114334110004688e+00
2.660430594177487507e+00
2.057515825471591508e+00
3.061874399729838103e+00
2.432665739139740602e+00
2.695631403960314643e+00
2.522343534950782118e+00
2.767024290224110228e+00
2.544543753543942799e+00
2.546016468819190859e+00
2.558459622458357785e+00
2.860883807862388828e+00
3.041863598907434074e+00
2.494433231549015861e+00
3.049715159254358543e+00
2.372908818113013130e+00
2.409091378146432039e+00
2.723561564892707398e+00
2.731958728653029578e+00
2.709084431457063680e+00
2.040871074048298262e+00
2.326555754923255392e+00
2.438478208376892553e+00
2.408579612770632483e+00
2.634710671210129362e+00
2.238625617375320065e+00
2.484320384588172725e+00
2.427592513460597790e+00
2.772825385730860681e+00
2.579946892449410889e+00
2.885384570102416557e+00
1.743794272463786488e+00
2.625328566195208602e+00
2.490170290862770752e+00
2.073384730810102106e+00
3.023151566226681464e+00
2.199322743743915343e+00
2.356727368190908223e+00
2.780177021487485245e+00
2.063921337716428273e+00
2.770759271471259222e+00
2.616422898236557604e+00
2.800257942860848726e+00
2.921664861539873481e+00
1.850308452271416160e+00
2.317595279997461510e+00
2.228215840496936551e+00
2.139360407189168534e+00
2.823842607869104793e+00
2.636115060957316292e+00
3.029322976642393694e+00
2.406611818199147823e+00
2.542964779755743976e+00
2.722596731301481832e+00
2.438627840215678244e+00
2.456048551440920491e+00
2.971122949432907667e+00
2.790231083464485007e+00
2.687889466625896340e+00
2.626794094127469226e+00
2.908244900806007394e+00
3.042840414886551326e+00
2.484703237327678060e+00
2.102866447250342663e+00
2.164597519665353076e+00
2.335417259318384620e+00
2.704686740545207080e+00
2.956490204550858092e+00
2.266483822389076863e+00
2.615641123781628608e+00
2.573308496591076633e+00
2.493625305723297991e+00
2.875654462567343472e+00
1.960698454210466624e+00
2.205098025374510051e+00
2.313880386142272982e+00
2.958632241461789825e+00
2.147428544031320552e+00
2.522626268957048001e+00
2.674966044814324651e+00
2.143595231737799978e+00
2.832785868657393458e+00
2.207620397863343520e+00
2.137662788559345550e+00
2.952018333028183505e+00
2.833380883112924575e+00
2.623481235390326738e+00
2.370875394648403578e+00
2.418482765131594547e+00
2.460167795275304492e+00
2.768030788355989813e+00
2.448059792714794902e+00
2.207316099974899082e+00
2.799453245298513693e+00
2.498847318534695994e+00
2.842931463973917605e+00
2.783749256957757545e+00
2.509279140050304502e+00
2.536980572011606316e+00
2.597627334014116052e+00
2.591326771141422736e+00
2.737024097222783059e+00
2.374938005509926509e+00
2.688924406857949201e+00
2.804914987886660604e+00
2.204221815633117476e+00
2.524485819318488034e+00
2.598000701446403937e+00
2.516613261463882534e+00
2.712446319908808690e+00
2.503142324183191825e+00
2.833961603162169496e+00
2.589158712037729515e+00
2.193205654937023130e+00
2.898972380874205168e+00
2.332639033839265519e+00
2.766406534045688037e+00
2.630336686318730965e+00
2.541603331108162500e+00
2.677212500604100764e+00
2.397743793707046933e+00
2.294138769186105264e+00
2.376010593523761205e+00
2.823438186289258578e+00
2.726143044287649975e+00
1.837816392168117874e+00
2.162850870101038048e+00
2.885939511279698166e+00
2.439090954580061421e+00
2.689150487859161220e+00
2.339306675786155587e+00
2.828200454698280186e+00
2.704897257664205856e+00
2.726603534872860557e+00
2.594490025816519552e+00
2.528987876946183100e+00
2.028158538741865691e+00
2.355142522179523024e+00
2.457637188721554011e+00
2.733577979673835312e+00
2.105502430711795103e+00
2.239587578807027413e+00
2.707686237167857612e+00
2.471786917107230863e+00
2.550099067633971206e+00
2.637678131969508843e+00
2.156564607981385162e+00
2.620819135344826467e+00
2.804960661392371435e+00
2.726091602632667588e+00
2.726543709333451915e+00
2.351464797861651412e+00
3.051715701822347526e+00
2.730913623699082748e+00
2.800055174251423473e+00
2.738287849155065956e+00
2.185705440303400859e+00
2.735937848354539348e+00
2.515931904716023571e+00
2.521742065712614167e+00
2.788139349534479283e+00
2.451619679937962815e+00
2.534985364994565060e+00
2.466896297142503691e+00
2.815862491110141974e+00
2.967182667114380390e+00
2.624372193387288110e+00
2.078377012709778704e+00
2.402421529110562393e+00
2.793665870962312336e+00
2.903364264263462502e+00
2.511673922261871805e+00
2.807998287838926466e+00
2.682449893821835296e+00
2.660502388731297962e+00
2.209947432674924883e+00
2.442800848334609753e+00
2.366361101010742818e+00
2.633740373796233047e+00
2.227524409954371176e+00
2.795541417849173094e+00
2.783432181344948297e+00
2.277708266141625693e+00
1.995999825977721187e+00
2.655995636592375586e+00
2.579897833568345789e+00
2.890419910823138760e+00
2.539258761594057390e+00
2.412993073609532413e+00
2.825579470136832416e+00
2.243403481577200154e+00
2.800975087470072733e+00
2.666425036645549529e+00
2.746942932963780226e+00
3.097927859877080081e+00
2.416163500417250809e+00
2.662179005102395912e+00
2.613723726271060865e+00
2.676698271877804736e+00
2.306580262284227523e+00
2.524122972464113879e+00
2.559745589198370030e+00
2.626134930663476474e+00
2.820756021674494018e+00
2.617881865682356590e+00
2.310017549183089436e+00
2.977245453766865779e+00
2.780948831865273085e+00
2.980649612523894376e+00
2.572440553797243012e+00
2.993404036265634005e+00
2.305476445744914837e+00
3.035903713254691549e+00
2.302068444204932174e+00
2.328801157757206752e+00
2.606322726591572714e+00
2.234730971808412736e+00
2.547460023234596527e+00
2.440011521199132005e+00
2.476324818222495061e+00
2.633680852312448195e+00
2.629136983698001195e+00
2.383802529003750337e+00
2.768036336672794029e+00
2.991013339011905803e+00
2.278208913386937429e+00
2.725575077718512151e+00
2.693816312314653683e+00
2.187658124121149683e+00
2.172855370863641333e+00
2.613884858567327552e+00
1.783033155416153370e+00
2.027985666001259624e+00
2.852809378721677724e+00
2.407928972553278424e+00
2.380522966279975172e+00
2.386272194424836179e+00
2.121672966508480584e+00
2.459969741121558862e+00
2.849556092831763365e+00
2.778968416194230961e+00
2.110637934976228536e+00
2.662895509714537479e+00
2.336795563027553424e+00
3.078102470358935250e+00
2.241588605548123780e+00
2.426822388741825431e+00
2.368133445123435266e+00
2.676843365219514048e+00
2.623642057100057823e+00
2.791452668736499110e+00
2.991151689226362098e+00
2.460906810395517841e+00
2.334919418894042753e+00
2.808605137923307016e+00
2.901848575638389605e+00
2.624194932752031306e+00
2.308637287900482171e+00
2.492765036370975018e+00
3.039474989919297876e+00
2.534355516710875555e+00
2.495802872939723027e+00
2.820952239178335041e+00
2.489268125333114146e+00
2.466445033978039270e+00
2.155264182208247004e+00
2.459675011758466034e+00
2.482450697887378599e+00
2.548085081522825313e+00
2.361588652126808796e+00
2.617826224017036019e+00
2.720627883165994909e+00
2.412355985352053533e+00
2.305452346663472429e+00
2.543562088933525978e+00
3.016785547894107022e+00
2.892910187130193211e+00
2.757414816706940552e+00
2.813502889654482253e+00
2.274339987758930981e+00
2.594794052781821847e+00
2.961671461116981874e+00
2.572458110023104538e+00
2.647247679887749783e+00
2.714933775590303355e+00
2.750165683639220315e+00
2.095564598006689927e+00
2.874569298713871568e+00
2.620789325457095309e+00
3.039899356805322750e+00
2.451332618370426708e+00
2.420548708965833740e+00
2.802427242803378959e+00
2.582159071791442884e+00
2.561764250677152077e+00
2.748405688536510461e+00
2.635416689859142458e+00
2.920933446492207874e+00
2.832116968310426586e+00
2.772763381285070938e+00
2.730492852182978769e+00
3.046743302956572030e+00
2.771604059652386987e+00
2.364366348210237057e+00
2.828905163292367408e+00
2.384571208645761775e+00
2.302273612055653729e+00
2.170050708177959642e+00
2.337624817489745155e+00
2.753041813298029439e+00
2.608974736105011516e+00
2.919598191019868505e+00
3.013112853088028231e+00
2.326213408201686317e+00
2.455192199643835504e+00
2.757454499805387815e+00
2.049498104887532257e+00
2.980429826716297637e+00
2.001318744550666828e+00
2.493661936206089891e+00
2.792953657717248017e+00
2.715103403992232600e+00
2.485351891805282154e+00
2.750163519690782099e+00
2.701853646712149448e+00
2.892219145661139024e+00
1.851867066429851327e+00
2.335276842818015286e+00
2.387114759110094298e+00
2.449559776612396433e+00
2.831592241454764736e+00
2.373473088576696810e+00
2.736700564963775228e+00
2.326178824091560848e+00
2.468208477742063423e+00
2.686862820485576009e+00
2.212412357401590146e+00
3.047107532950145359e+00
2.562132754790442668e+00
2.719878314893996674e+00
2.509223147331388404e+00
2.393769937648150936e+00
2.742788633831747536e+00
1.984481675754796726e+00
2.469338240465730028e+00
2.363541000628691435e+00
2.645691336881107247e+00
2.370444596293915573e+00
2.281925597598258193e+00
2.488830993724368223e+00
3.003419307853480991e+00
2.521051926314240355e+00
2.266959687016568470e+00
2.760098098450819659e+00
2.033639538742644248e+00
2.092261536362812535e+00
2.250811851192748403e+00
2.221967467848640077e+00
2.694473111500888862e+00
3.015784498193418095e+00
2.070097679308429139e+00
2.802868117247362179e+00
3.000888579437099857e+00
2.137334376810272829e+00
2.520817221148448084e+00
2.182904672825651815e+00
2.857253709196454050e+00
2.950149414760684152e+00
2.503773615806862640e+00
1.987461949233139569e+00
2.665541793764486744e+00
2.558789211228147398e+00
1.970435550423197402e+00
2.260004401588083134e+00
2.263473037032068369e+00
2.264179801534783820e+00
2.417737383124407113e+00
2.569544081574110628e+00
2.783015084212077106e+00
2.769379465383035921e+00
2.520166082892114190e+00
2.528437195276542759e+00
2.986915870189982058e+00
2.367572409741518058e+00
2.463450739664844402e+00
2.681270796171141058e+00
2.076094331407322358e+00
2.600993866405206134e+00
2.798431223726087325e+00
2.881936183214938385e+00
2.684016025744542677e+00
2.836930950844328336e+00
2.516835034136681415e+00
2.660893966011293799e+00
2.526049102747917274e+00
2.790267848402593565e+00
2.598467489450633217e+00
2.083866600651226086e+00
2.290218908108674789e+00
2.942265833742305770e+00
2.664148732295098299e+00
2.206260097825482713e+00
2.535293637257860055e+00
2.372410112156092321e+00
2.858320052690490609e+00
2.870757248098672498e+00
2.101318389582871315e+00
2.671513091065787382e+00
2.570672210945963876e+00
2.429776191326480372e+00
2.307525133499183312e+00
2.829207864293693753e+00
2.810664376477477688e+00
1.950168468425443002e+00
2.238719445061801316e+00
2.384179508203181364e+00
2.637677504075285118e+00
2.723596568964017806e+00
2.454481391382028033e+00
2.839675282744017260e+00
2.083732824447749543e+00
2.279523885155287921e+00
2.485534131283705150e+00
2.497742824602942502e+00
2.771021018241655032e+00
2.796448900084392175e+00
2.549436262094540773e+00
2.879084232400631826e+00
2.290240972543946540e+00
2.385964645437716136e+00
2.872280064770060815e+00
2.425395945642213835e+00
2.550070948428783346e+00
2.493518213705116171e+00
1.989973680362796538e+00
2.662709761545750453e+00
2.601306646241433818e+00
2.484164882072411373e+00
2.576493295780082349e+00
2.385504081590013925e+00
2.512536226861066702e+00
3.003528357214591882e+00
2.495411353666743270e+00
2.573917021171177044e+00
2.754356672241585979e+00
3.061394249269055567e+00
2.695095317556485348e+00
2.974655922055389645e+00
1.815697568493656933e+00
2.683498664908419151e+00
2.885581790020542492e+00
2.980923722550010257e+00
2.550002057278505596e+00
2.555946987743720200e+00
2.254676643357728771e+00
2.956544262884245100e+00
2.581627751508121627e+00
2.800665289513974088e+00
2.272404210101263367e+00
2.889592708551876221e+00
2.640235833982065294e+00
2.032484279938265193e+00
2.946511178423804278e+00
2.973740656731578724e+00
2.628064460270351788e+00
2.923036659660496195e+00
2.648740481467124930e+00
2.767528178564849561e+00
3.042243890062616973e+00
2.282190529219343400e+00
2.381703684743092353e+00
2.096420829828277821e+00
2.199789720587264075e+00
2.587684768970289984e+00
2.299095483254479877e+00
2.417125616989026504e+00
2.256911308616606604e+00
2.419609670524341727e+00
2.923247596552294603e+00
2.847360988773671497e+00
2.662172491116455930e+00
1.876691358711350288e+00
2.666244396732044386e+00
2.382684996183662030e+00
2.492007788413241887e+00
2.580184386640643091e+00
2.470288956632106903e+00
2.331553830805729088e+00
3.092900940674590871e+00
2.133170306847794073e+00
2.727482678404438587e+00
2.129434260414460489e+00
2.904209787554674627e+00
2.733846181228900107e+00
2.841324983190567810e+00
2.861346579415034785e+00
2.724380110064546390e+00
1.900296252704422040e+00
2.679824090069314213e+00
2.340216732752399054e+00
2.376877376341796744e+00
2.684031340212716721e+00
2.407375241097725826e+00
2.782663454397797942e+00
2.448613265311021525e+00
2.196113911548744024e+00
2.804931494359532707e+00
2.537660802923507930e+00
2.810013956496891563e+00
2.976829396573089870e+00
2.621488223441956755e+00
2.665505774788095028e+00
3.022039285723542079e+00
2.900029874529542973e+00
2.095659117934529192e+00
2.367683380129142812e+00
2.261149796254802169e+00
2.271394316094104582e+00
2.386924497006183810e+00
2.211713168689924736e+00
2.633443166422193560e+00
2.547876174781211756e+00
2.310939657685245230e+00
2.347898648602397387e+00
2.714464278297923805e+00
2.903737931311678455e+00
2.583045376068596966e+00
2.570350585267460630e+00
2.575958034345124492e+00
2.437827395887574244e+00
2.009256821277295213e+00
2.456542483651698472e+00
2.863084374978352997e+00
2.419041903298669638e+00
2.333803461799216272e+00
2.502036772234175199e+00
2.764397745257983985e+00
1.835443282695431444e+00
2.856584997844209273e+00
2.873525515483645876e+00
2.412500419718079492e+00
2.668056398496107207e+00
2.355537661682736594e+00
2.915092548765071179e+00
2.617880558360079490e+00
2.460278915315371240e+00
2.532860912234421225e+00
2.746669269404037994e+00
2.958606623634526311e+00
2.341553537462709222e+00
2.924559118544163727e+00
2.684613553350219561e+00
2.100503704772315849e+00
2.577899481286575867e+00
2.735922182306543160e+00
2.285471497201969626e+00
2.375689323349055915e+00
2.687457966044022761e+00
2.355087735370781754e+00
2.348002286431043029e+00
2.609090549795666458e+00
2.587497593503786941e+00
2.313410375466581126e+00
2.657907400967614908e+00
2.137071665995034842e+00
3.003277429587201119e+00
2.335542714612842907e+00
2.032275951388750723e+00
2.599612965467454018e+00
2.284746367140595424e+00
2.506240262012685349e+00
2.790970680260266512e+00
2.997241233275958816e+00
2.757367870989064329e+00
2.574068921187572023e+00
3.006520707650371715e+00
2.829120926540805048e+00
2.864012752763107628e+00
2.459712012149952720e+00
2.764065858974823708e+00
2.367611804679224718e+00
1.875856570583462002e+00
2.674213367021176069e+00
2.778653424139510886e+00
2.948091267704248786e+00
1.975432083227905977e+00
2.339726840263553598e+00
2.498340699808867083e+00
2.405710736728195354e+00
2.424620740969672283e+00
2.076373458294060725e+00
2.549368596630341433e+00
2.204081296083547414e+00
2.805498107242259564e+00
2.753865220009372283e+00
2.983202196248373017e+00
2.750639786710908918e+00
2.513185060477661104e+00
2.690295624939889940e+00
2.477647486516268316e+00
2.479499138891424703e+00
2.255124284010294300e+00
2.420155974082778272e+00
2.392888884622063284e+00
2.831004892547829499e+00
2.827814433339482569e+00
2.254314238201161391e+00
2.669596187957685274e+00
2.687790238100072671e+00
2.344210279307740397e+00
2.119508623236933786e+00
2.726456678756862928e+00
2.683467960964456278e+00
2.362543939006765292e+00
2.643917194113361901e+00
2.102847956329532142e+00
2.803190387157151520e+00
2.198142904289173138e+00
2.760135419040263383e+00
2.414739050481063742e+00
2.112401890622529699e+00
2.836225074429141291e+00
2.299257148107050064e+00
2.458660863627676108e+00
2.981675114051265396e+00
2.823998437381264548e+00
2.984379086226208955e+00
2.522398934037135554e+00
2.363564730349957621e+00
2.905165511662271882e+00
2.167053130977779851e+00
2.789201821356696254e+00
2.737764597236431729e+00
2.292729781279084555e+00
2.460728734279873375e+00
2.706048570701631295e+00
2.001780388203800776e+00
3.009320073115747007e+00
2.419603986968684950e+00
2.715636244056240489e+00
2.495587324973907339e+00
2.512247586644101638e+00
2.742980403553736402e+00
2.777415071135000524e+00
2.821405929655290024e+00
2.521037892441426287e+00
2.522667739746452309e+00
2.795882211095471082e+00
2.630000032556905953e+00
2.553612239044380949e+00
2.542058733753520983e+00
2.635748935688661199e+00
2.833875927853692467e+00
2.422536636726666526e+00
2.851086689576085131e+00
2.327921501572264074e+00
2.146261940093300069e+00
2.933203620378535881e+00
2.488125356290129542e+00
2.635911537178555086e+00
2.831887685891963713e+00
1.914968628179392951e+00
2.383006175881739797e+00
2.736004280386735044e+00
2.459323658059883400e+00
2.704582815384687589e+00
2.669425860383386695e+00
2.195925888709603591e+00
2.874691664330524699e+00
2.723972675924905218e+00
2.437373570288039470e+00
2.686577891719777345e+00
2.797734808829047903e+00
2.753967058432623904e+00
2.520661216418278894e+00
2.296086711371495781e+00
1.861205677911496492e+00
2.187232033947479337e+00
2.715592923923233482e+00
2.228910166961778572e+00
2.966294884319401248e+00
2.517551447383928220e+00
2.194695439517330371e+00
2.665498707938982470e+00
2.688672115286840025e+00
2.460590507921080583e+00
2.319706832779118599e+00
2.546320946766469362e+00
2.542357705590137851e+00
2.746461765560733959e+00
2.732078657996826365e+00
2.979523862780229848e+00
2.386108568563055421e+00
2.621743579558219128e+00
2.866918361806799265e+00
2.739692330859103908e+00
2.353144809211257016e+00
2.520210905013846592e+00
1.887689306688656199e+00
2.848884899036264073e+00
2.757877333351033577e+00
2.810580000208757756e+00
2.306691372416641794e+00
2.034240603738997066e+00
2.422619720692493317e+00
2.569638054025805030e+00
2.764723037220246926e+00
2.903854313996129477e+00
2.251500054149369046e+00
3.066370441678853975e+00
3.026915680041860846e+00
2.275423853892842185e+00
2.643813022517421452e+00
2.714741200129276333e+00
2.012365732334583157e+00
2.143696482920376400e+00
2.573363745300730088e+00
2.726632286106775549e+00
2.774897442300709560e+00
2.661049903368278624e+00
2.421888188676683207e+00
2.560567484155654494e+00
2.658308222220541861e+00
2.464546240763469065e+00
2.570209207493562076e+00
2.663509429958588193e+00
2.458706395621175211e+00
2.524500124479802654e+00
2.525660486508178870e+00
2.539445803464392526e+00
2.677250509619207186e+00
2.437674932863124422e+00
2.734766157557643407e+00
3.015618377914534687e+00
2.286662985545148352e+00
2.421688949410324199e+00
2.638370432430179768e+00
2.936434644396442195e+00
2.824858408502806562e+00
2.333246111679895485e+00
2.382421557062992079e+00
2.396614761741789668e+00
2.478409141482424971e+00
2.593807079248739100e+00
2.608797455660146980e+00
2.817314670522945264e+00
2.800571808199384449e+00
2.327768383443630462e+00
2.733265926605850993e+00
2.637889066454692788e+00
2.409927745419579992e+00
2.756687457231516092e+00
2.680470647099924886e+00
3.021315851895764126e+00
2.418604831844050729e+00
2.394017599745666747e+00
2.503113713279779162e+00
2.344322635027942248e+00
2.582309415582503487e+00
2.743215432615419669e+00
1.867292308824679337e+00
2.397740296216151812e+00
2.315089201304361133e+00
2.295089374685646888e+00
2.656350056747978972e+00
2.205917445328413606e+00
2.774083511619946929e+00
2.534129055246483464e+00
2.947508601475646639e+00
2.168298580301436296e+00
2.644858101887685997e+00
3.016788290557320451e+00
2.300675698976003769e+00
2.896363674276748235e+00
2.302702617872254276e+00
2.112594138744866790e+00
2.654692710271739919e+00
2.778394208182232816e+00
2.613117885298222642e+00
2.906954783999458947e+00
2.716097053306982811e+00
2.611523501726518148e+00
2.793567565437402145e+00
2.620081782313166574e+00
2.710235125178813931e+00
3.104744183718739059e+00
3.061119516438898902e+00
2.560498971613071273e+00
2.852079464005201181e+00
2.252189198479265908e+00
2.325501778455695945e+00
2.869986949898396311e+00
2.926787713487323028e+00
2.902882780916835159e+00
2.009383265387366002e+00
2.489348014876588078e+00
2.606120882881971745e+00
2.838101684250805778e+00
2.324530417841046859e+00
2.416263146536637763e+00
2.471516510720750848e+00
2.623100616221258896e+00
2.418660301624617315e+00
2.971022229417069394e+00
2.213117842042085393e+00
2.726708433259604547e+00
2.686832435328652124e+00
2.849612042353089514e+00
2.560458541594425874e+00
2.694007153999510518e+00
2.847340294900966295e+00
2.583578893968697887e+00
2.927877284992962181e+00
2.565345528650810891e+00
2.648670072717103530e+00
2.529946952629116286e+00
2.520979229519736631e+00
2.942528186592427097e+00
2.854420450277888932e+00
2.597093266735683414e+00
2.573499092200762561e+00
2.425970984774366013e+00
2.840222783173548926e+00
2.058782757029460342e+00
2.281273801361183295e+00
2.885828433980676344e+00
2.850899301206338610e+00
2.347519388806916574e+00
2.646020845643253239e+00
2.570638924672847825e+00
2.879377844080374338e+00
2.964400056659380667e+00
2.916128244885625609e+00
2.403847041542134022e+00
2.696372671275792943e+00
3.086882160006867437e+00
2.121266941996081457e+00
2.900057069017043965e+00
2.533016889002633665e+00
2.645400830532969927e+00
2.351455959943018481e+00
2.730280313380847979e+00
2.300768511157066154e+00
2.527382022882655566e+00
2.025002850847096969e+00
3.046073723409290945e+00
2.182331875946297295e+00
2.570079923646705122e+00
2.765775609451758488e+00
2.594744368601387130e+00
2.466167968598337978e+00
2.344706602914162108e+00
2.402205614527703759e+00
2.813973684585264756e+00
2.510964529467269113e+00
2.381432364020749759e+00
2.730602233309693094e+00
3.033631576014086395e+00
2.550372705144296148e+00
2.229049720069657514e+00
2.006564845347052817e+00
2.794566928430902930e+00
2.050310584454708263e+00
3.071919229541328900e+00
1.883673853210887428e+00
3.048574528394228711e+00
2.614304950872931688e+00
2.632899159859374283e+00
2.013886754270335810e+00
2.582625036108523009e+00
2.895737105211758422e+00
2.951455531687368516e+00
2.237329656843184189e+00
3.084008123629662368e+00
2.930272109033143835e+00
2.620583496075412633e+00
2.166130186664546819e+00
2.128045450696078866e+00
2.456316283526215116e+00
2.517098444207488406e+00
2.721470385450185603e+00
2.575916514592164308e+00
2.165540385700722936e+00
2.300613977209878591e+00
2.618407277435695679e+00
2.983080306959172479e+00
2.693263407769483919e+00
2.293082456132020219e+00
2.183517936617209276e+00
2.733564072789980148e+00
2.943221184368815635e+00
2.912167207045916584e+00
2.366315245449337468e+00
2.409306697199870229e+00
2.803555871857537074e+00
2.741627937171740470e+00
2.226581527543077144e+00
2.609572990333953513e+00
2.724303186652244246e+00
2.742433175006549817e+00
2.447779020617017132e+00
2.502073304765646711e+00
2.724548239438491670e+00
2.523061460429786962e+00
2.580288591241980178e+00
2.351019725625159040e+00
2.323653963461139060e+00
2.518768801505354205e+00
2.789060513396465879e+00
2.993466981826144568e+00
2.776814666023005973e+00
2.529996015250282948e+00
2.873305684943652238e+00
3.068973899418581119e+00
2.314949895805900049e+00
2.356592394862652817e+00
2.772083558282666171e+00
2.573392947609799197e+00
2.748641650007352055e+00
2.529892314961021516e+00
2.736811476696029644e+00
2.966119760248411730e+00
2.565313269842977473e+00
2.333369989516301146e+00
2.766036089914840623e+00
2.749682632919475012e+00
2.014247764517339334e+00
2.617903044368892651e+00
2.567664353962546997e+00
2.700512585190782300e+00
2.962028553418988519e+00
2.958421726429619092e+00
2.199577606875034785e+00
2.584303504864760015e+00
2.545616902475706489e+00
3.020248343426094273e+00
3.042882733021764707e+00
2.291293746164683398e+00
2.334848365306291029e+00
2.904299258797351513e+00
2.796807958254203363e+00
2.893491333845391367e+00
2.869178534900995281e+00
2.333726198254468365e+00
2.934700243881607218e+00
2.556504139239883955e+00
2.961967914241895095e+00
1.920976905794094192e+00
2.517137664763930971e+00
2.854801663655947674e+00
2.209822340151577968e+00
2.724516777352115948e+00
2.235397795077796346e+00
2.605613638389359554e+00
2.596335195681750641e+00
2.859677625757738983e+00
2.502075061500447895e+00
2.169215097824820582e+00
2.269910812465498751e+00
2.909950428901258324e+00
2.607583682352188958e+00
2.550344661532542467e+00
2.850053577931739746e+00
2.531543996368484262e+00
2.875863861070293126e+00
2.556521544378211441e+00
2.480152081981479295e+00
2.427557811332597293e+00
1.937537312138875034e+00
2.196311926786852720e+00
2.898920183276456175e+00
2.634235766330148110e+00
2.908336013370882434e+00
1.709669679384273833e+00
2.910964392724222360e+00
2.425946225638204279e+00
1.934608619719042855e+00
2.860018805507753115e+00
2.393631123054680732e+00
2.907572504391835011e+00
2.407871532162179307e+00
2.604056555488670099e+00
2.147051647613307246e+00
2.369410691699522786e+00
2.796799595128870219e+00
2.425576998334731282e+00
2.379678656369012213e+00
2.622697699714423791e+00
3.016849170374937383e+00
2.827337384263706177e+00
2.807569682736815952e+00
2.341587741742539031e+00
2.577865591356153008e+00
2.807159065986942537e+00
2.301664250566884284e+00
2.376892363300207922e+00
2.641050887065252262e+00
2.373108821011436831e+00
2.545708829160761244e+00
2.840202958431962799e+00
2.643405763345144432e+00
2.824446023992818411e+00
2.324059555060492333e+00
2.334302372288270533e+00
2.885219924170675299e+00
2.092910013303941774e+00
2.890295975995584854e+00
2.409064696705028208e+00
2.597017486658588226e+00
2.311228886116832193e+00
2.516927109464638601e+00
2.250253979310415264e+00
2.575594443678645540e+00
2.568561898527794263e+00
2.135454478985543858e+00
2.555995063346021112e+00
2.960511489967115217e+00
2.303547539087003493e+00
2.835541714084811371e+00
2.967928063049235732e+00
2.471786742987106766e+00
2.969512150820706964e+00
3.016442990758586795e+00
2.672359738612079205e+00
2.422791900783260122e+00
2.303302795829837546e+00
2.586317105986057463e+00
2.544982088774637496e+00
2.526050363160181167e+00
2.426308651649618398e+00
2.867809215013772395e+00
2.263724183993113037e+00
2.810403820479171699e+00
2.194963263400454334e+00
2.062088606555728010e+00
2.366861784998127938e+00
2.265330177103994203e+00
2.620134788222086897e+00
2.303269695896261737e+00
2.707989002373310861e+00
2.416727421615213700e+00
2.608414176888001812e+00
2.403583281422526863e+00
2.719415928548909012e+00
2.443604087748033393e+00
3.093111129191042696e+00
2.886096025384905062e+00
2.580087442486904692e+00
2.654418218241597849e+00
2.997106552605383722e+00
2.924065431262318882e+00
2.478119695906717546e+00
2.758389562242171245e+00
2.869115861030537840e+00
2.827073939273186287e+00
2.543142172568018999e+00
2.888475798524568816e+00
2.876599616453606512e+00
2.735393225319663557e+00
2.790005802355009390e+00
2.480288381868695158e+00
2.425888548563261971e+00
2.482385819372896041e+00
2.696351426381631278e+00
2.880624859656588654e+00
2.331679813183055394e+00
3.056196980521929785e+00
2.501094660784668022e+00
2.711755576134413648e+00
2.347409025059274068e+00
2.104133732249660049e+00
2.640551164563655462e+00
2.661800998462773293e+00
2.770442969209689910e+00
2.926887589059764316e+00
2.343062664383980476e+00
2.800549213582876451e+00
2.711106198770748321e+00
2.393217675059642335e+00
2.462680973998742751e+00
2.967986651387429120e+00
2.290340008480577616e+00
1.755232051997626552e+00
2.012627099097510808e+00
2.963096721920768228e+00
2.725706047394285569e+00
2.990935995515406898e+00
2.544981547813762734e+00
2.245323840537989390e+00
2.544986294102044688e+00
2.188732710152372363e+00
2.702302721796390639e+00
2.828550110452389799e+00
2.348274886496122260e+00
2.849423421029783743e+00
2.432901192457722850e+00
2.831356022475992162e+00
2.269153968788421238e+00
2.712981216361670445e+00
2.550680155071555433e+00
2.269897306981510265e+00
2.369220876081397087e+00
2.909923425286615739e+00
2.337377884148816420e+00
2.479279091005407665e+00
2.803847032166924880e+00
2.761419938097290583e+00
2.508038479796900866e+00
2.514167288988592208e+00
2.649751360590222760e+00
2.670630670280450758e+00
2.720527586968566336e+00
2.744330454583657541e+00
1.997006068976586279e+00
2.990830456232278500e+00
2.860047117430893238e+00
2.609444395389529880e+00
2.895034181139734208e+00
2.564107273702695977e+00
2.307758764450416944e+00
2.575706980069382368e+00
2.291147389819199631e+00
2.534430622922501097e+00
2.800131469583677646e+00
2.588444173933212245e+00
2.724905101995511281e+00
2.384070967804773566e+00
2.877207320941321367e+00
2.005827587551999081e+00
2.513216286225763874e+00
2.224564211543329506e+00
2.367729764298139195e+00
2.352891907185273190e+00
2.858865240236534433e+00
2.837697602437525113e+00
2.363323025606456795e+00
2.842461225549817172e+00
1.852417077456234962e+00
2.580481264930812202e+00
2.203991399199483947e+00
2.287879134539719139e+00
2.829208587700192012e+00
2.737031208844121100e+00
2.417000682315078475e+00
2.176194647786376279e+00
2.576119667196444141e+00
2.424572037364380428e+00
2.475173966073510812e+00
2.979028554699103104e+00
2.287897010750907789e+00
2.586614920544933582e+00
2.617152139027750568e+00
2.604032076823023623e+00
2.888539205570600288e+00
2.738792330631853567e+00
2.173413287593093379e+00
2.269936007911597997e+00
2.071620691074573806e+00
2.349054242226309874e+00
2.241026183254140047e+00
2.870364905326549199e+00
2.474655395638288624e+00
2.291729640568171078e+00
2.850802688109638439e+00
2.619519497505254702e+00
2.663030024607683455e+00
2.348431380035469473e+00
2.196517458114791044e+00
2.834788107571243998e+00
2.669909555451525307e+00
2.985272808768282271e+00
2.443618680929243503e+00
2.617382303624244066e+00
2.443853722855426014e+00
2.010935568068630719e+00
2.472221280601063942e+00
2.762623806424736372e+00
2.270996220906442709e+00
2.451377530401050997e+00
2.398755609429864322e+00
2.516772459001161977e+00
2.553769419620843362e+00
2.822915975655303278e+00
2.278314865244351672e+00
2.284733834030198363e+00
2.573222685275385668e+00
2.346708158424662294e+00
2.393723126993324790e+00
2.759140656378118894e+00
2.358085381637084588e+00
2.854931058085961038e+00
2.711247128103793536e+00
2.387383171821034100e+00
2.793073194601169984e+00
2.212400623194342497e+00
1.867578932447643059e+00
2.889870610551326102e+00
2.151222605856878634e+00
2.881401665629709008e+00
2.340195486885419118e+00
3.041241860804573260e+00
3.048847558150603376e+00
2.866937621998282282e+00
2.329135930934727927e+00
2.244868352000315426e+00
2.347499641721420005e+00
2.930668733072760546e+00
2.545738886805967827e+00
2.837725876384986634e+00
2.551990062855663766e+00
2.499698003543846969e+00
2.952303148684201073e+00
2.572944110872589452e+00
2.254145333570205079e+00
2.876762310276852475e+00
2.406917341241226360e+00
2.639148574698365390e+00
2.423232060016310641e+00
2.770710005629760886e+00
2.237971982808275140e+00
2.268374352996685772e+00
2.625996684122992697e+00
2.746827614031634113e+00
2.534297564983464923e+00
2.437529684796014173e+00
2.787687884327062715e+00
2.862767067933923659e+00
2.363741569609121296e+00
2.225593998158472253e+00
3.099687870973032666e+00
2.725692410690125911e+00
2.227882754824791700e+00
3.058869712322614731e+00
2.556688394241848350e+00
2.874613271620388488e+00
2.672250496687762045e+00
2.598350066449238049e+00
2.900556857183595127e+00
2.953205169956483189e+00
2.818991965359962215e+00
2.593913829162814544e+00
2.728368116787642350e+00
1.924041819718675494e+00
2.270750485065297752e+00
2.041750909976233874e+00
2.790453095443016007e+00
2.783032781351203688e+00
2.571654952202824251e+00
2.738021899986077479e+00
2.208282557531910939e+00
3.007552762138703262e+00
3.090068615996299339e+00
2.424950304469864371e+00
2.488177270047045031e+00
2.432760068251336172e+00
2.711607328201866007e+00
2.582615928206190237e+00
2.770602093388158771e+00
2.624458656367702147e+00
2.378689883791081261e+00
2.807170571635639433e+00
2.199288543138412599e+00
2.899672456824681888e+00
2.926897875000980420e+00
2.636039113736876605e+00
3.090562377981365572e+00
2.408913135810172523e+00
2.694927843460652284e+00
2.439163116371457551e+00
2.599399381040116364e+00
2.876780130854994511e+00
2.411081246452280169e+00
2.785277970545284809e+00
2.597431453567991877e+00
2.778769752009895733e+00
1.995669559256591175e+00
2.282622310112781161e+00
2.896307887847504148e+00
2.399254587691761031e+00
2.841097311897027744e+00
2.206177117540089050e+00
2.406814394771560561e+00
1.733610789764948423e+00
2.741565581985744959e+00
2.474008294275899633e+00
2.436649385539291668e+00
2.305562522718474838e+00
2.762011142551500154e+00
2.481899687656108355e+00
2.214186492173763732e+00
2.153975207459162711e+00
2.592719565965833084e+00
2.585876485458355134e+00
2.553215493016915971e+00
2.710465435231294240e+00
2.515423958279998651e+00
2.615522139484242725e+00
2.664445178727223862e+00
2.318178515064596823e+00
3.043271308766570371e+00
3.041614970539511464e+00
2.057513352018308872e+00
2.336362641160564468e+00
2.138408655154619531e+00
2.412465214890469056e+00
2.721725389355447611e+00
2.266406824622115401e+00
2.835405290869820405e+00
2.736491054410379764e+00
2.902603784374623519e+00
2.163709298243155832e+00
2.245828018490271027e+00
2.181151534972105122e+00
2.299923276148575724e+00
3.048912057627381156e+00
2.437397618869987959e+00
1.952302963713738793e+00
2.042754452837664658e+00
2.800753744347609153e+00
2.896001467700394461e+00
2.811659980207556586e+00
3.043452737178759637e+00
2.669407855878375369e+00
2.817750849395825430e+00
2.962617207618493786e+00
2.534116415948722612e+00
2.765793226854535991e+00
3.076820698726575820e+00
2.273468492162473709e+00
2.303247168247588128e+00
2.889170461362940756e+00
2.883475954883919723e+00
2.669032794436148492e+00
2.507356849845906677e+00
2.913227916114695670e+00
3.037901364759208356e+00
2.300360293493112440e+00
2.524274438426151068e+00
2.577221312242047091e+00
2.599057308198589489e+00
2.342317954937644053e+00
2.609185225050484558e+00
3.029306142863591678e+00
2.351393479426165278e+00
2.207976400056410604e+00
2.953473558887223405e+00
2.552575564539399711e+00
2.357031533262500034e+00
2.415852722899273886e+00
2.814364500336231867e+00
1.858113532312836380e+00
2.948397389586304485e+00
2.499487285917957102e+00
2.512744642491658631e+00
2.606650189410561147e+00
2.882370271834722608e+00
2.775173235405318461e+00
2.491867488218463933e+00
2.352048792621093565e+00
2.558666796233598273e+00
2.131002338493950266e+00
2.583997477074380988e+00
2.537829738497672238e+00
2.860750396660928452e+00
2.257757973176309108e+00
2.740451104011006223e+00
2.654521489691708869e+00
2.882885656438115340e+00
2.771644009962185073e+00
2.977189328122849865e+00
2.583697629081020963e+00
2.681917448739969068e+00
2.858269484719261566e+00
2.330675965414842121e+00
2.832277260155537935e+00
2.762913030832229389e+00
2.405290682794583912e+00
2.905953066684874297e+00
2.650985884606144705e+00
2.458472108611585494e+00
2.551629391208180664e+00
2.837946727490538557e+00
2.627702811397478744e+00
2.280591332856753084e+00
2.501219448012892421e+00
3.033030205587130990e+00
2.741808297532219552e+00
2.410525128881864099e+00
2.818572525540097296e+00
2.970951114468444842e+00
2.535692539802890444e+00
2.517608587034589451e+00
2.630901250039936023e+00
1.972631940105400661e+00
2.610489758121573800e+00
2.523557800195189493e+00
2.422250740552700954e+00
2.594293557014009544e+00
2.403169296951723766e+00
2.886089182398834385e+00
2.615372471266748988e+00
2.679821863292929152e+00
2.577539195110120751e+00
2.481121246942134206e+00
2.186654558158142692e+00
2.627893695698232612e+00
2.638849949267697781e+00
2.519659537682745754e+00
2.966978035250979140e+00
2.389855306145727276e+00
2.719982583465788029e+00
2.639908347042394521e+00
2.590870104734742885e+00
2.542955819921981941e+00
2.475154718147065225e+00
2.700816187787180134e+00
2.900635359986236228e+00
2.567684803750740041e+00
2.291747410251244066e+00
3.084586520589111203e+00
2.482787004836236378e+00
2.376225227098696546e+00
2.164090202972405841e+00
2.634422301946121703e+00
2.614993571294556229e+00
2.714040383947634361e+00
3.072325136105528376e+00
2.692505543618345598e+00
2.815464745850848605e+00
2.657508811383102021e+00
2.675757607160084373e+00
2.305495792615852579e+00
2.600519527526577779e+00
2.709530833657834314e+00
2.406362708044101684e+00
2.861649500140865499e+00
2.645719564582091010e+00
2.804188001663721508e+00
2.144511325875990693e+00
2.263264289891914416e+00
2.957414914435908315e+00
2.648173195991702755e+00
2.540286324316573641e+00
2.431733738590655225e+00
3.019234612947773844e+00
2.155159550343754837e+00
2.543918439106322538e+00
2.985200495045042590e+00
3.057058113156299051e+00
2.381101923069259829e+00
2.794075798739710237e+00
2.661677258016383885e+00
2.763183539205701145e+00
2.418260795835173393e+00
1.888468312207298494e+00
1.947790691273361352e+00
2.661481933435406066e+00
2.595838999282984449e+00
2.375515321123394141e+00
2.655439398159750386e+00
2.372889347847296104e+00
2.301481697763826162e+00
2.490076583990136427e+00
2.959512030954882356e+00
2.318574120178271691e+00
2.515960920546088886e+00
2.250078502074937425e+00
2.901023236422595630e+00
2.425219293153318745e+00
2.199933124085812430e+00
2.801804478537305076e+00
2.760110690908866182e+00
2.448625142327778725e+00
2.715002004188708185e+00
2.400670256425040172e+00
1.927559518491848589e+00
2.396436347423148927e+00
2.697262498622359672e+00
2.327731859187702312e+00
2.235250252210162714e+00
2.746274556083661444e+00
2.676454854088071933e+00
2.380284405041887652e+00
2.467000489096630389e+00
2.862506347680600083e+00
2.359469717552062473e+00
2.733935423212420446e+00
2.309436701316772034e+00
2.531348545095482017e+00
2.668812245938099181e+00
2.912034630518502532e+00
2.623628339298250900e+00
2.976223852594869879e+00
2.350665358749190137e+00
3.051292257478743331e+00
1.992589627257609575e+00
2.558365085445663212e+00
2.459123174326650840e+00
2.277551550575317219e+00
2.374494547355598506e+00
1.991233542778481080e+00
2.555485492308953610e+00
2.269793174661715263e+00
2.827326998132177138e+00
2.590719442234573844e+00
2.749313093935031649e+00
2.417240132777094708e+00
2.525243848495116072e+00
2.671354021701388248e+00
2.241584012639924239e+00
2.910166969637558942e+00
2.746196834713220181e+00
2.479541704436553307e+00
2.539842995326564878e+00
2.233877838520122339e+00
2.464299852320731787e+00
3.000175099895785014e+00
2.104317264236438056e+00
2.860547060230075100e+00
2.743974981032049953e+00
2.281522867464002680e+00
2.167729323125746621e+00
2.684040790245056485e+00
2.440173973618234182e+00
2.905315547319591740e+00
2.300534610375346567e+00
2.645813043218977256e+00
2.685390684134214556e+00
2.076019605552134717e+00
2.540686788627211090e+00
2.651984481278762296e+00
2.569749657967658418e+00
2.841119590488396796e+00
2.445276093499253900e+00
2.469912084824856358e+00
2.441198712651994285e+00
2.276702486661021485e+00
2.236071488948317754e+00
2.306995095946083651e+00
2.808431603262344201e+00
2.951576009598530170e+00
3.062222834168689900e+00
2.676366809732669161e+00
2.336070159015226189e+00
2.214191634809970388e+00
2.741163732819445809e+00
2.528874574120955288e+00
2.875445153314986513e+00
2.665985776760798398e+00
2.127436815296602557e+00
2.579275119886769385e+00
2.368242162200651979e+00
2.455007468822230532e+00
2.482563844986848345e+00
2.186675307625947084e+00
2.736039246293138660e+00
2.760708927599939688e+00
2.631858161232045745e+00
2.886518751196085475e+00
2.886939783084131683e+00
2.968827805786384388e+00
2.467780922287318823e+00
3.090761782823810755e+00
2.864319483684084400e+00
2.062740081375523893e+00
2.262845223864386135e+00
2.392614520216590712e+00
2.591105899321852313e+00
2.390501680841413901e+00
2.857393950156891460e+00
1.843138467369815681e+00
2.494785992937711416e+00
2.411882291479341411e+00
2.315776927474447522e+00
2.965672674739991077e+00
2.656129768393804547e+00
1.804791933893707512e+00
2.645771814860721882e+00
3.034211634801910140e+00
2.301928396951889777e+00
2.629999470679129203e+00
2.449609313221338347e+00
2.970484235374623250e+00
2.570933073651312739e+00
2.690044838285980067e+00
2.573828495994376020e+00
2.479372029278303025e+00
2.691325546140727276e+00
2.233615637859680980e+00
2.524274972134989525e+00
1.871975715498479742e+00
2.398970487135599683e+00
2.381728254333432382e+00
1.986010607342829859e+00
2.510905518786417101e+00
2.688427180103573733e+00
2.725211040505227000e+00
2.916654021998256852e+00
2.621777479983622872e+00
2.456596884026571281e+00
2.241449965388237597e+00
2.504539063411615363e+00
1.894085219667157594e+00
3.114753858622084870e+00
2.406336835711031519e+00
2.829411525713771081e+00
2.571182167188997614e+00
2.275661782170669500e+00
2.336427709351425630e+00
2.394261164930502339e+00
2.506862050356719163e+00
2.394389678802383514e+00
2.402996503453922905e+00
2.945870884006463797e+00
2.735429216060829560e+00
2.850368152203157646e+00
2.459536567203364221e+00
3.108379972983675188e+00
2.722276477985489773e+00
2.485675646121280558e+00
2.924707882339007359e+00
3.012747650586151682e+00
2.716105908896936594e+00
2.487798459436108001e+00
1.916958634272825535e+00
2.927948346510247823e+00
2.562743409291843744e+00
2.947474515834195952e+00
2.712721093249486515e+00
1.987932135480538820e+00
2.828104708425823066e+00
2.905281931075992752e+00
2.581573203897777447e+00
2.039787707480784640e+00
2.785275143761206884e+00
2.339658632881012945e+00
2.402588347912679723e+00
2.845997729576183577e+00
2.279798407888051770e+00
2.894428260626549676e+00
2.648059444133445517e+00
2.770609646882749466e+00
2.856359237278343954e+00
2.923876984206683627e+00
2.659473508327605540e+00
2.971914212799102284e+00
2.858394116818622432e+00
2.787475831389806480e+00
2.608887666077730039e+00
2.301516594575906183e+00
2.895521493080508879e+00
2.884716564421703211e+00
2.456179918649296745e+00
2.475198283746042449e+00
2.338374586498084717e+00
2.456743445718685415e+00
2.787250072386494359e+00
2.613893135263436918e+00
2.018850889585174002e+00
2.483666476978455773e+00
2.888031436825712728e+00
2.996050131306955855e+00
2.671323653163032219e+00
2.384002896402392491e+00
2.833404601239966514e+00
2.289866717562861975e+00
2.641803846781380471e+00
2.462307319068388178e+00
2.307518344283494116e+00
1.732876692485547432e+00
2.541397637822357058e+00
2.866564322517882069e+00
2.119089248119975899e+00
2.737196523455093011e+00
2.537595280708211831e+00
2.794677675100249559e+00
2.698063586907046396e+00
2.675815174607317548e+00
2.534824400944032163e+00
2.664770121606147235e+00
2.616034479934066681e+00
3.011505651836440034e+00
2.067641992236544102e+00
2.031782866039351099e+00
2.697887248953155570e+00
2.322253142018022576e+00
2.599963447958789864e+00
2.869258388951235084e+00
2.851674547259811732e+00
2.685592640714348445e+00
2.515484924029992797e+00
2.315033251628165090e+00
2.325571068807004149e+00
3.011340944550649823e+00
2.352047997753473840e+00
2.272759443737581098e+00
2.683675180178362485e+00
2.843811843355366964e+00
2.479085239286196618e+00
2.637068426636195895e+00
2.684924850091628290e+00
2.380367356719901295e+00
2.772009633983568921e+00
2.692001140140560800e+00
2.880481872393097387e+00
2.602945550885622961e+00
2.658652707532316750e+00
2.585973301404481006e+00
2.293368847316495263e+00
2.805930742123301069e+00
3.007814664493905443e+00
2.343664208646967229e+00
2.672521229924895270e+00
2.565341970423184126e+00
2.457333148402738310e+00
2.568750156132972418e+00
2.791223583052249602e+00
2.208569628081038072e+00
2.940006814106562949e+00
2.271658660048722744e+00
2.589681866734706794e+00
2.943470804469746405e+00
2.873316314495743651e+00
2.887997987765931640e+00
2.912355999713378996e+00
1.940464226606352538e+00
2.208444518116407629e+00
2.558145560116726003e+00
2.844605213009778755e+00
2.723447154182441654e+00
2.862185134678090215e+00
2.332539032109187893e+00
2.726871860134932213e+00
2.520262325160702588e+00
2.438186442676127275e+00
2.408940208783149295e+00
2.268651335499617616e+00
2.512250025706967094e+00
2.710731571409953133e+00
2.098585300609121518e+00
2.368347596122868826e+00
2.706730818015674167e+00
1.919547776816534546e+00
2.496815221146008845e+00
2.925638448437878125e+00
2.328797386964057026e+00
2.856671591385901987e+00
2.577051807444283860e+00
2.988396618676957051e+00
2.391544958670721144e+00
1.966143601034892052e+00
2.761446957593991502e+00
2.511822538520939840e+00
2.726599746281921366e+00
2.673116146746583599e+00
2.845562902698451690e+00
2.750495221356844766e+00
2.557051038874427640e+00
2.197896054612674455e+00
2.690599734365398010e+00
3.052889217481710382e+00
1.871415394983481750e+00
2.547811773837378890e+00
3.027080418749508173e+00
2.659989276273782011e+00
2.575899803080158534e+00
2.794145038536876680e+00
2.445357086042568628e+00
3.015789662278574923e+00
2.015656605707563109e+00
2.975878915999198071e+00
1.947959135832340261e+00
1.977759945927761942e+00
3.109047961091902845e+00
2.357644032347701035e+00
2.753806009750306316e+00
2.419214468704064647e+00
2.704555957454374493e+00
2.515924270477443159e+00
2.484352589518592502e+00
2.389261817673982602e+00
2.277001846727640277e+00
2.330730198822266175e+00
2.742536695060682206e+00
2.275814602215108895e+00
2.622153698770988139e+00
2.331837428710048510e+00
2.797123519149643300e+00
2.715960675472031127e+00
2.271757180184293290e+00
2.473723736819414487e+00
1.802548658691935035e+00
2.646174851533804162e+00
2.407391049250068527e+00
2.873848741350907954e+00
2.536968039736048119e+00
2.440355507685571190e+00
2.973060439883136397e+00
2.983820283767220971e+00
2.992880745784730401e+00
2.940365059125098046e+00
2.349779922064852311e+00
2.453320934376731710e+00
2.455021304854829278e+00
2.526478796529964210e+00
2.919668231199782582e+00
2.254680798096478700e+00
2.235686463972582416e+00
2.493002345539705011e+00
2.618633481477949942e+00
2.585139470719538313e+00
2.115584177678488054e+00
1.911744454961139317e+00
2.609464202016349432e+00
2.841240730796912750e+00
2.499874632293112686e+00
2.293392514841192220e+00
2.450243073904174285e+00
2.935503700816055161e+00
2.751343497845398112e+00
2.716953702393490655e+00
2.647893636813667850e+00
2.266617138512797780e+00
2.432897418806681422e+00
2.983054043791792509e+00
2.345444234407153328e+00
2.363845073212334391e+00
2.697374773257501968e+00
2.558711846587619743e+00
2.440398244985380494e+00
3.066207689072031339e+00
2.570360102929540869e+00
2.568057524833657013e+00
2.205691918066405854e+00
2.614199019112146694e+00
2.090728184318252580e+00
2.168300544252049100e+00
2.755869801987415268e+00
2.459257387559802055e+00
2.439559829360570031e+00
2.786740455538861294e+00
2.266549971430058541e+00
2.706407913863132286e+00
2.958370439720896972e+00
2.378948230914426976e+00
2.320083554969746942e+00
2.576272246637277163e+00
2.615955632296820710e+00
2.974760963420259419e+00
2.982044507027698188e+00
2.776214776697283337e+00
2.268988312797701301e+00
2.538668502120936754e+00
2.701028135818433373e+00
2.264347714980323723e+00
2.152768304437557401e+00
2.614330695903912094e+00
2.757021087295752348e+00
2.709291079715970163e+00
2.825839424630240515e+00
2.601705706281014940e+00
2.398413399396446710e+00
2.332327875842231002e+00
2.430169928246337818e+00
2.467886481770680707e+00
2.695365220507498272e+00
2.586371922150788816e+00
2.870062450118554320e+00
2.524309739970009403e+00
2.482879277434580700e+00
2.401105981981506599e+00
2.663096771165666343e+00
2.912704438241931371e+00
2.556589801957124042e+00
2.421235920319667390e+00
2.634174428637512833e+00
2.658165955721929485e+00
2.740487406079131993e+00
2.874641259676117055e+00
2.799652502131682041e+00
2.582049694263969464e+00
2.832251066069158885e+00
2.865661762896295262e+00
1.957413096379900797e+00
2.845077525889559755e+00
2.592699140881142394e+00
2.600111986411671516e+00
2.485742780729491397e+00
2.302407539968668537e+00
2.940661471233136037e+00
2.145904155956697590e+00
2.693174299600047839e+00
1.909015126995132094e+00
2.212459865562207195e+00
2.797536190429512182e+00
2.037274989251980806e+00
2.666828742364305338e+00
2.602303633078852041e+00
2.889028881139685367e+00
2.363217764226921425e+00
2.657612280049939546e+00
2.716301208772783582e+00
2.609085208226300523e+00
2.814825557436310799e+00
2.009911120436761678e+00
2.647081724873468822e+00
2.541474207128892715e+00
2.068006733199058811e+00
2.422952430735738627e+00
2.911384304929422129e+00
2.627730001008419691e+00
2.956198638028952885e+00
2.144121922039353922e+00
2.637265397551924906e+00
2.433388087492895480e+00
2.561571274276343679e+00
2.935131083269935548e+00
2.715932568158121008e+00
2.710257362164243844e+00
2.789337687471184601e+00
2.768376669800653556e+00
2.796272193745508616e+00
2.388471849300819905e+00
2.889798978184809908e+00
2.172124393173691104e+00
2.867762711742809056e+00
2.521801265995120112e+00
2.788254739696577111e+00
2.286250736896342950e+00
2.870485220676561866e+00
2.543486052811876341e+00
2.285255880753054747e+00
2.905132305440997875e+00
2.653401374450560457e+00
3.054244981719762997e+00
2.471393289607382471e+00
2.762348887438699219e+00
2.691992030756997334e+00
2.818836118343654551e+00
2.489553226740513381e+00
2.938316453512155313e+00
2.554844196651688382e+00
2.584286141265728531e+00
2.722176821319658657e+00
2.749505274732999105e+00
2.804708776419946314e+00
2.775085676696648296e+00
3.024670162038496368e+00
2.439272443333446283e+00
2.687482096938953458e+00
2.471609634972093517e+00
2.507650092770743910e+00
2.410524937710920579e+00
2.663384960784609401e+00
2.200296997399158183e+00
2.524246109703597085e+00
2.705448801502111422e+00
2.138750603220320734e+00
2.081273774033335577e+00
2.394027522768674920e+00
2.464558374014620856e+00
2.731963924267794219e+00
2.774682685645076141e+00
2.199610962635938360e+00
2.446296813603255238e+00
2.146321084053382400e+00
2.479292720428531105e+00
1.887533892266149982e+00
2.832413500600650114e+00
2.042882715279592087e+00
2.299469794788998822e+00
2.702484184316791271e+00
2.668941336942141085e+00
2.568540390185975575e+00
2.356142314504336532e+00
2.712605294866485828e+00
2.743907577498014838e+00
1.969576051217236445e+00
2.942930596521935893e+00
2.840313328611555832e+00
2.447567912663884737e+00
2.852601578499521562e+00
2.613273764557586532e+00
2.438679523680437278e+00
2.887544245685143895e+00
2.747071804336175482e+00
2.723732805993381412e+00
2.114177259877500159e+00
2.302928125525101954e+00
2.984241000104071784e+00
2.950192220416343325e+00
2.475414002202179553e+00
3.048008071833987032e+00
2.870884770882759174e+00
2.742552271730414493e+00
2.547558909014975281e+00
2.393970273103321222e+00
2.909073216239913329e+00
2.803448122035406165e+00
2.555712439727703789e+00
2.606616659838365102e+00
2.347221201269517277e+00
2.811982490465630313e+00
3.060269642525788925e+00
2.484478585856047861e+00
2.547131863989033018e+00
2.731975089279782498e+00
2.584222839074844735e+00
3.015991025289212590e+00
1.999690057539376564e+00
2.332862510869141204e+00
2.627509791864569344e+00
2.696198839051650697e+00
2.081303624722504964e+00
2.046637505863276640e+00
2.942441139744687462e+00
2.491587771940223295e+00
2.418561359106030650e+00
2.305020574545352918e+00
2.441381616293592405e+00
2.745390147178623064e+00
2.761045608480014124e+00
2.489285054850978618e+00
2.812859038513384924e+00
2.497400802644300200e+00
2.971280615604548814e+00
2.898020240517495960e+00
2.130161371174005502e+00
2.691871840566830265e+00
2.856562758036467642e+00
2.843403550043403172e+00
2.684483390294473359e+00
2.618728304465323120e+00
2.695476734683753151e+00
2.694642884830381835e+00
2.802852093899381725e+00
2.609083314806234011e+00
2.623876098937940604e+00
2.975884837580228925e+00
2.463654868818522914e+00
2.838649671771743321e+00
2.686066853369874607e+00
2.384561134262897397e+00
2.204789487742862875e+00
2.616850041740442556e+00
2.856128001864906452e+00
1.698158249067082348e+00
2.942475930469636403e+00
2.544335607663577026e+00
2.632832644847034054e+00
2.433067024556414992e+00
2.943252600378278849e+00
2.764512908360508892e+00
2.896986489342419091e+00
2.612793068942738106e+00
2.338695060700749284e+00
2.728245576316787879e+00
2.890384600057076980e+00
2.506908798719012843e+00
2.785968172608180637e+00
2.411033867196213265e+00
3.025241303373033208e+00
2.444722075137025108e+00
2.075337191696910111e+00
2.510099948814929149e+00
3.023985308289138363e+00
2.581237193570625976e+00
2.929781538399018004e+00
2.779278664815258537e+00
2.658646680745417878e+00
2.958530123900341202e+00
1.833201302936645183e+00
2.568363045501179442e+00
2.360403978574712625e+00
2.633915960955154567e+00
2.955832940433924527e+00
2.363893869274419135e+00
2.848520517398474450e+00
2.954642059392596387e+00
2.376061189156477127e+00
2.468157860418576099e+00
2.649698477518318995e+00
2.267169388933246488e+00
2.191592623470712375e+00
2.296747780438046505e+00
2.847891050089646381e+00
2.892339154072287144e+00
2.981214546725920123e+00
2.258775793189995440e+00
2.789270510341000708e+00
2.647553620267295127e+00
2.832095103063727581e+00
2.802058385783079419e+00
2.352039760129394086e+00
2.882446375152038165e+00
2.562611021114492349e+00
2.497164190080573221e+00
2.552724121345494979e+00
2.548314903905813722e+00
2.300698666540792470e+00
2.568939479326010744e+00
1.972427411187429147e+00
2.612358088977023485e+00
2.482259622154416423e+00
2.200927013667335341e+00
3.079839403929080621e+00
2.812295005548145266e+00
2.702398488157277345e+00
2.426401792383098499e+00
2.856816279509553080e+00
2.744076357473541172e+00
2.329427478966055176e+00
3.096799679257195237e+00
2.731155971040424735e+00
2.612926720162144001e+00
2.881581368205537785e+00
2.470214355787257787e+00
2.431628324503449790e+00
2.771903241225390335e+00
2.620514797451436451e+00
2.887782520554897481e+00
2.537868161233907571e+00
2.433785392713456730e+00
2.909817314779063135e+00
2.658505291968709550e+00
2.750543769657701976e+00
2.428142128929449584e+00
2.936479974199365905e+00
3.034425801285878244e+00
2.737400429622357745e+00
2.331041984602201467e+00
2.433842901085194743e+00
2.445926654678274303e+00
2.844097824292339372e+00
2.979890429058635881e+00
2.343440844149652591e+00
2.313095452965663767e+00
2.998976284792810976e+00
1.976557695756604005e+00
2.352291914747343782e+00
2.811031048036482183e+00
2.754330976344031789e+00
2.182924172720027478e+00
2.084987746548534915e+00
1.916025971706458497e+00
2.463174901634386238e+00
2.480063720242779990e+00
2.504181549424035147e+00
2.250806232672678764e+00
2.730884304585046607e+00
2.149255947805403633e+00
2.643699928638150620e+00
2.660961515172733716e+00
2.635378054738321651e+00
2.556519375811356909e+00
2.682115754257661688e+00
2.924389970827166341e+00
2.808932441190633789e+00
2.543389779910226522e+00
2.425906025652171838e+00
2.358376203178563113e+00
2.046118709223172516e+00
2.732750177289104077e+00
2.690373521783789190e+00
2.625339719718173370e+00
2.575227709569246848e+00
2.864573451753599009e+00
3.060159636157164798e+00
2.930374445155861984e+00
2.614496437465970047e+00
2.990877545781035707e+00
2.089869199132032840e+00
2.552029487091442839e+00
2.614457084784352681e+00
3.043170483799653603e+00
2.616433455435354993e+00
2.801112417260234189e+00
2.051331618075604268e+00
2.795318291151794199e+00
2.979732436801902917e+00
3.033457113911866010e+00
2.703440229699134001e+00
2.927457921740760582e+00
2.990627939124291146e+00
2.091321177446929802e+00
2.324049680863023326e+00
2.234159770445831583e+00
2.592447159853646710e+00
2.776077362162646001e+00
2.345103477427052496e+00
2.693097048476956079e+00
2.826979055301256594e+00
2.085434370735617993e+00
2.086438027173481480e+00
2.642575977214183247e+00
2.353106808706920905e+00
2.339657927361622036e+00
2.666626478800630196e+00
2.830739341073662541e+00
2.357775483610713874e+00
2.502889515123127850e+00
2.649661892652967587e+00
2.659550882042503783e+00
2.885049068346679402e+00
2.627649970229863907e+00
2.944300195244937690e+00
2.919662478097293512e+00
2.662400445372187896e+00
2.693537074679910326e+00
2.380313080175713747e+00
2.810767291768578424e+00
2.559704467824425844e+00
2.247616348459017921e+00
2.738306136977533445e+00
2.865206031247073515e+00
2.572569170386897142e+00
2.698364526620563364e+00
2.724056859355229676e+00
2.732961976104798296e+00
2.620984715969813195e+00
2.238638087164959600e+00
2.739319859436474935e+00
2.256098564752792690e+00
2.694394829400192926e+00
2.793448536225572099e+00
2.344520091584497479e+00
2.766887852897884859e+00
2.698322378226608365e+00
2.932462549194510881e+00
2.679522940954927712e+00
2.501760489834906842e+00
2.981976986020455467e+00
2.143513095849359118e+00
2.995529536815797478e+00
2.861308939349011204e+00
2.856960250650113942e+00
2.472067516656237363e+00
2.649552345163850298e+00
2.557455422387505006e+00
2.928953339138260947e+00
2.685748881064853766e+00
3.046945259444942877e+00
2.409424289904585681e+00
2.624879223807953466e+00
2.912409419268105371e+00
2.881091164577712860e+00
2.981665040345465201e+00
2.574889458127245234e+00
2.741075526149223229e+00
2.400768837404263056e+00
2.267580298818090423e+00
2.926771943159539813e+00
2.279679422642119757e+00
2.793770020784340780e+00
2.616094474024164285e+00
2.750352655055558593e+00
2.761534951351194422e+00
2.791434002650827750e+00
2.828037747275242264e+00
3.013727068951306265e+00
2.951762529029413606e+00
2.388137347080661943e+00
2.327111440120057662e+00
2.704223342103862393e+00
2.232104845641898372e+00
2.364964573061013375e+00
2.495044809452185319e+00
2.914873521869096873e+00
2.238968956197052940e+00
2.948030911980562330e+00
2.623453457633285080e+00
2.727729681756501545e+00
2.159412247356117476e+00
2.485827636310263156e+00
2.809360429833497985e+00
2.394078028463514585e+00
2.930585672683165388e+00
2.463026374234966287e+00
2.329031835553574403e+00
2.903156339880363479e+00
2.470326140291176920e+00
2.572343756355124800e+00
1.915259816543971372e+00
2.219831952885484405e+00
3.104241782775075897e+00
2.334211472855360459e+00
2.322406150521988621e+00
2.911945784471146936e+00
2.686865741430348731e+00
1.915300027752143031e+00
2.310449141678722729e+00
2.900272965445030326e+00
2.191514566470901926e+00
2.287136828109999520e+00
2.045293760318015686e+00
2.625254606243333289e+00
2.385530877485629198e+00
2.767358394733781424e+00
2.778934946526923966e+00
2.733310367390774598e+00
2.653423492374077597e+00
2.835881406760974333e+00
2.771180581817196842e+00
2.481207867469968242e+00
2.413066934620621495e+00
1.994016973885878174e+00
2.330914202134539259e+00
2.535080983351906347e+00
2.545520787886702330e+00
2.367568985977200668e+00
2.638371082688576230e+00
2.867146253823937396e+00
2.921729465404532267e+00
2.950713941610318525e+00
2.691871248587658805e+00
2.806218482698119576e+00
2.866419406499434164e+00
2.375728080675266529e+00
2.719597953526214695e+00
2.832764390699697543e+00
2.354472221909225560e+00
2.575633550973968511e+00
2.463605106298823344e+00
2.656901741496439762e+00
2.380398672629304713e+00
2.906900243263633499e+00
2.729179864184215099e+00
2.965725202003527627e+00
2.262043762005196967e+00
1.930083002691111105e+00
2.537262233641321973e+00
2.492127251370499508e+00
2.663925688259847213e+00
2.557846125660122816e+00
2.494630838593240529e+00
2.946368461353195300e+00
2.428604863279225423e+00
2.966531031722515088e+00
2.866238154436209218e+00
2.506257091810079718e+00
2.710085573441833429e+00
2.230782648690924574e+00
2.459316174447747638e+00
2.215178433915348410e+00
2.867898609897065132e+00
2.465701907967567497e+00
1.845727038382398044e+00
2.160389150748863507e+00
2.417050581569082368e+00
2.703426311409653948e+00
2.953285583650648860e+00
2.514466977881591347e+00
2.573537721344648865e+00
2.441554543933051935e+00
2.841859413972845694e+00
2.962552201035105526e+00
2.274573690029944917e+00
2.549630407687939027e+00
2.573324589931833550e+00
2.655206795445387069e+00
2.676209758051653509e+00
2.574153590439739681e+00
2.875191146467615866e+00
2.839500384040757996e+00
2.622538400112407686e+00
2.714324130433849458e+00
2.359653582361680435e+00
2.538803342718540357e+00
2.542224864643811699e+00
2.637426319283337151e+00
2.859546850187079770e+00
2.864293150693741019e+00
2.943325508343689556e+00
2.553435357271982120e+00
3.093235154660044728e+00
2.297835117753005640e+00
2.724079759569683290e+00
2.246362215072974955e+00
2.737811315509111942e+00
2.870812834181067696e+00
2.127370667419521855e+00
2.386785522140943083e+00
2.304130844201329964e+00
2.419905792703816783e+00
2.318806071641061006e+00
2.574322591884544487e+00
2.652537895310970395e+00
2.482944797713579899e+00
2.981037558230736906e+00
2.707937267229565403e+00
2.772375244677398154e+00
2.518937742895003939e+00
2.519068832823881721e+00
2.777470334458795431e+00
2.930625077855369298e+00
2.814137096678783312e+00
2.709233166385307978e+00
2.951202338287662652e+00
2.781308348120838492e+00
2.829656902743182378e+00
2.616371172151215951e+00
2.456730494157672418e+00
2.506264852587775316e+00
2.760372359269414044e+00
2.701999576496450395e+00
2.928028682418231998e+00
2.758546450364024683e+00
2.558241392314248852e+00
2.459472914515814956e+00
2.011216481270884149e+00
3.076802837407636826e+00
2.819067921897302487e+00
2.839656824964040815e+00
2.703366880483618395e+00
2.151723914754663625e+00
2.878720044355113750e+00
2.934046189270819838e+00
2.983232922304012824e+00
2.402177926427708776e+00
2.503943796779142694e+00
2.590137539957275248e+00
2.791411478406068625e+00
2.719065615704520322e+00
2.527244283348182297e+00
2.507156496366855336e+00
2.920693817905011702e+00
3.050608449365320496e+00
2.869127306349443796e+00
2.783698595585224478e+00
2.322546110763707539e+00
2.546868677294846783e+00
2.558906692433621455e+00
2.607265051441935100e+00
2.334688877806394114e+00
2.742991636508094633e+00
2.708344598688185556e+00
2.846289791230134369e+00
2.744498457655022428e+00
2.882853572822244637e+00
2.288395709005695888e+00
2.339068081285796463e+00
2.667258772724480309e+00
2.089356373762055519e+00
2.103159915751148468e+00
3.034971042426608978e+00
2.037172255538365562e+00
2.425625899731648882e+00
2.600384504241302963e+00
2.473721523145826051e+00
2.799696288759743190e+00
2.970524966414694656e+00
2.111213521327028442e+00
2.678996711991642243e+00
2.726668138431395771e+00
2.820134626502561748e+00
2.718026726401557180e+00
2.615313945637979476e+00
2.565728982466531694e+00
2.502261881559837420e+00
2.532011112781101136e+00
2.525326108430322680e+00
2.994177703490398468e+00
2.292846415580195973e+00
2.103176502154303407e+00
2.247291768294250591e+00
2.913242641484458328e+00
2.007920952517579405e+00
2.778753576901908051e+00
2.462430694619974769e+00
2.169224004989875443e+00
3.003711084271793119e+00
2.708318411193847197e+00
2.414666099117616316e+00
2.613617679689487883e+00
2.490493020877330821e+00
2.260639303213945350e+00
2.685916546137365302e+00
2.648732101644780457e+00
2.792568366034009930e+00
2.434420908703371023e+00
2.545009655981704810e+00
2.299028206772451455e+00
2.625473200629609760e+00
2.787402201630415188e+00
2.644086666906953376e+00
2.634099616846282910e+00
2.782326007067311924e+00
2.817777564184899219e+00
2.563807638376469189e+00
2.524844705908210862e+00
2.638915181024740875e+00
2.137564411186120950e+00
2.733305061050727236e+00
2.628220548464890172e+00
2.287514773422937520e+00
2.531933542751804378e+00
2.856509569376314062e+00
2.686115888262347262e+00
2.688286680895388692e+00
2.789934942735111001e+00
2.523255590844989626e+00
2.891428418179142756e+00
2.494064529282082887e+00
2.694548324411253137e+00
2.582876018774408422e+00
2.050074079227214963e+00
2.433306019897110595e+00
2.511743510277407498e+00
2.658372540577039533e+00
2.855923091815460779e+00
2.413286710304175298e+00
2.079612662961839220e+00
2.999454244780972445e+00
2.427671452162619481e+00
2.813688761563419405e+00
2.833222445265509482e+00
2.293345408100758931e+00
2.389430341260943891e+00
2.306307732282033562e+00
1.983859918240835407e+00
2.081966302544610237e+00
2.552733507655216894e+00
2.820053923772218418e+00
2.399293403195351448e+00
2.688567781432788628e+00
2.892080335552013715e+00
2.851509549530419463e+00
2.478609163912551594e+00
2.747798710094737640e+00
2.051844963541843203e+00
2.813022147900953840e+00
3.017567850590875178e+00
2.616687512557545947e+00
2.234571324689109684e+00
2.783373004336913592e+00
2.459602057782880102e+00
2.650599323776394733e+00
2.261632802893166705e+00
2.709761841301076224e+00
3.115372268936899225e+00
2.149371379451161079e+00
2.719257918494199622e+00
2.450513284620526200e+00
2.207301952861490335e+00
2.385464831685978115e+00
2.114004602569454327e+00
2.573070068380321818e+00
2.817097218530550062e+00
3.071906886633888334e+00
2.763136885333186576e+00
2.644659835790394098e+00
2.134589787090260593e+00
2.719051301015156241e+00
2.869514621831525503e+00
1.797224758110225418e+00
2.378652219466585116e+00
2.075924165055045734e+00
2.263352826731629630e+00
2.345690907118899826e+00
2.940080587886665153e+00
3.083474962691590271e+00
2.531174272302767481e+00
2.469171564623888315e+00
3.044905396949888488e+00
2.338122135905494670e+00
2.587484467021920587e+00
2.568234676220266799e+00
2.347226541916451303e+00
3.115661334186801579e+00
2.419971855368239222e+00
2.380303067511133186e+00
2.562203907354076993e+00
2.625120074188971309e+00
2.827462809181977121e+00
2.547841582386799253e+00
2.407825056862854751e+00
3.064206680516982306e+00
3.024317903990274115e+00
2.350096301928213727e+00
2.503659255164881969e+00
1.895883164241913610e+00
2.724369667284157526e+00
2.511624006493314631e+00
2.504178680713727179e+00
3.005505681169765797e+00
1.983159469545843212e+00
2.214218843633660949e+00
2.638006175631452344e+00
2.966313822152282675e+00
2.702057098111203093e+00
2.369601441307941148e+00
2.517254708119611717e+00
2.087029690254312175e+00
2.876576757594527578e+00
2.994278988596094315e+00
2.945281042628649093e+00
2.651579011210292158e+00
2.983022085386647149e+00
2.481658820741140747e+00
2.243782969679283923e+00
2.725661209911467431e+00
2.050848607486244202e+00
2.003568559743246880e+00
2.904544229123470434e+00
2.664862113075435968e+00
2.422813216742273124e+00
2.950729035627829511e+00
2.493396873433370242e+00
2.772598050757696608e+00
2.928416531306714532e+00
2.369897754339494789e+00
2.608374193754006143e+00
2.515467456415232839e+00
2.783565180334644396e+00
2.728755427407572931e+00
2.825376334099288567e+00
2.838210291339774205e+00
2.838786919992982050e+00
2.163904767405017360e+00
2.422515628084791928e+00
2.767374388715402311e+00
2.772484964112522654e+00
2.358187499127788911e+00
2.579628944215727859e+00
2.698690229259053996e+00
2.411774092546593806e+00
2.707160407601829633e+00
2.597310074044093753e+00
2.562469434515720845e+00
2.557572987603271564e+00
2.615678198733371040e+00
2.464360953833613088e+00
2.954802472880748265e+00
2.622213495830302943e+00
2.611092402215408281e+00
2.962797353972711711e+00
2.637060644530561326e+00
2.049915324590684484e+00
2.370154810666124767e+00
2.151136061839045155e+00
2.615120470694757948e+00
2.995070134958297992e+00
2.803169632548613510e+00
2.557851245843876686e+00
2.438280411000388170e+00
2.506915361645386309e+00
2.261906995907051687e+00
2.875166890455484570e+00
2.753511118187522477e+00
2.376345778548672349e+00
2.483553715599567280e+00
2.190075774265614950e+00
2.854058181018990226e+00
2.354482651688537764e+00
1.962639389165070858e+00
2.895001182639077353e+00
2.461482514597164606e+00
2.892556907411643508e+00
2.771275666997977449e+00
2.636000620302506370e+00
2.738308412394442559e+00
2.462739165097801664e+00
2.381332571813916665e+00
2.493108826534718325e+00
2.840761449998387533e+00
2.530688443194211157e+00
2.645480812625789824e+00
2.827021046125398840e+00
2.522103334943470276e+00
2.496466488582685272e+00
2.157102154136608441e+00
2.687764271795288096e+00
2.868227032055380654e+00
2.732088925349162700e+00
2.614424979699750740e+00
2.563019053099312661e+00
2.367215138172512390e+00
2.616764742200386351e+00
2.852863248648147554e+00
2.063874267758489367e+00
2.532698221144967565e+00
2.684599655407777341e+00
2.240523893646291675e+00
2.205122373881175157e+00
2.695716977984042639e+00
2.798796791576703136e+00
2.508551861929173121e+00
2.686191440549629661e+00
2.784859418734427550e+00
2.720078628121380238e+00
2.457463882728061044e+00
3.025451643779895949e+00
2.724452435290996011e+00
2.746360788186425150e+00
2.294138085411022931e+00
2.127690783152275777e+00
2.646880704509974258e+00
2.787129929609082346e+00
2.424971347134607047e+00
2.338583994634103824e+00
2.826502503938704169e+00
2.256768779877904585e+00
2.810102529461986798e+00
2.797812271032648290e+00
2.653443989034714345e+00
2.595143461215872804e+00
2.928835057196951031e+00
2.417057347616412777e+00
2.685873875473141936e+00
2.360096221286418938e+00
3.075956953880608857e+00
2.550770171315180246e+00
2.869214597188854299e+00
2.799994702734312835e+00
2.690167102999569959e+00
2.514130496927553970e+00
2.916909384669160943e+00
2.933495118214695996e+00
2.497668482629027409e+00
2.742323303083940900e+00
2.584754985804410765e+00
2.125301890726084331e+00
2.330663048307074714e+00
3.035060509603179302e+00
2.892644635324562064e+00
2.279344516275533472e+00
2.425705021426362684e+00
2.768013148517530553e+00
2.309366728817487058e+00
2.396968425214048626e+00
2.945214286750630350e+00
2.449266210158680401e+00
1.809716605265238254e+00
2.470848788385493044e+00
2.281926473641332720e+00
2.662419938695322674e+00
2.433347068789104117e+00
2.344902755069831812e+00
2.869064466397321045e+00
2.200794702157566896e+00
1.997026166886176179e+00
2.215600684073255611e+00
2.599314018599720555e+00
2.797218341997163016e+00
2.415913515967941017e+00
2.718781800331099507e+00
2.353199975036090130e+00
2.676369296160516775e+00
2.699165482943175043e+00
2.979532946341035160e+00
2.629141210133444595e+00
2.344471328026969559e+00
2.496905956866593446e+00
2.865197628837149235e+00
2.626787905892559394e+00
2.341135258034511057e+00
2.118789665021275859e+00
2.736285036222229738e+00
2.883113917687276206e+00
2.379625464576031302e+00
2.788987035532841663e+00
2.043946605975587083e+00
2.018736654396496633e+00
2.168021940058409314e+00
2.428087825770792296e+00
2.484913050901423226e+00
2.750827677559788853e+00
2.615703120859071085e+00
2.491418948121545629e+00
1.945244445361096419e+00
2.839778216699258451e+00
2.680468071188035317e+00
2.236206506895681123e+00
2.667190785136365427e+00
2.473672988940057493e+00
2.640531827601217518e+00
2.430109445070416818e+00
2.709067743815179341e+00
2.768072011635430929e+00
2.807194208796403689e+00
2.829548897726343437e+00
2.429380304436428162e+00
2.222523242109974984e+00
2.429270187567814876e+00
2.749373706324093725e+00
2.563351485293777987e+00
2.859164749744106615e+00
2.410367523235945164e+00
2.884051699139996039e+00
2.609980102853401540e+00
2.454456460651428529e+00
2.797186039660970458e+00
2.676166023964032803e+00
2.786831392209594860e+00
2.230463438237900498e+00
2.489101401598602159e+00
2.471117723591821580e+00
2.436664759460815510e+00
2.331331021382796020e+00
2.060410875241423412e+00
2.935672460064604028e+00
2.725185805232627878e+00
3.116543648121636423e+00
2.980919402135518315e+00
2.585087454707251986e+00
2.788843881644402778e+00
2.697961975058648321e+00
2.353691148639011299e+00
2.254425950178920779e+00
2.111466696045086522e+00
2.263371177296038983e+00
1.998475816783132464e+00
2.542859609105409646e+00
2.141419462988944922e+00
2.086895174293388777e+00
3.016846452375851584e+00
2.637696060203751358e+00
2.708087016747364295e+00
2.714378000571215477e+00
2.653586701443277462e+00
2.887026173175033072e+00
2.456044485558255275e+00
1.962437137805929765e+00
2.537476424977438416e+00
2.798834300953551679e+00
2.140874017141469743e+00
2.703976426325195970e+00
2.729465848405860928e+00
2.150298013983093171e+00
2.695548518542981942e+00
2.629104985486373280e+00
2.858490499971547028e+00
2.592894821078795875e+00
2.807359362696532745e+00
2.967082137589801327e+00
2.679769710160521345e+00
2.460634726713591736e+00
2.359302715136216477e+00
2.875174960231909438e+00
2.903830674555435643e+00
2.684483559101113137e+00
1.886184569710570580e+00
2.933672674255364488e+00
2.060507509527440995e+00
2.851501483610994647e+00
2.267122401734416037e+00
2.360630889885588335e+00
2.380661194856093843e+00
2.452478646996131495e+00
3.005828841551870578e+00
2.416332134921177932e+00
2.656706451918550815e+00
2.854411015942063035e+00
2.333333972001827128e+00
2.202073922105369785e+00
2.258958254301069779e+00
3.061125091994655989e+00
2.535817174101155924e+00
2.597546186354339870e+00
1.918862944223671319e+00
2.342699568761546836e+00
2.528008069020309279e+00
2.525634915259834301e+00
2.346791386912002064e+00
2.658554809149006104e+00
2.811361599918539511e+00
2.424723694792398021e+00
2.247059605024626983e+00
2.887428852933368262e+00
2.615375944642552852e+00
2.383869876280931166e+00
2.774177467354349336e+00
2.237414450045503322e+00
3.103153705962322206e+00
2.857460265756844198e+00
2.549760487853169444e+00
2.551686407388659816e+00
2.837083325711812432e+00
2.662388027629185583e+00
2.428889255177798301e+00
2.566827779093672213e+00
2.246786146103349591e+00
2.578198006809509391e+00
2.158109095015282364e+00
3.062908770795179425e+00
2.158932441223553766e+00
2.905766847076564741e+00
2.752951124648829850e+00
2.504505055055618268e+00
2.157823372770138803e+00
2.514078146189146601e+00
2.892979094336232571e+00
2.225185056213867529e+00
2.544849728317169379e+00
2.604189300846218025e+00
3.018702383452862126e+00
2.674285300980656643e+00
2.413644453211413854e+00
3.065567546538404908e+00
2.335344155528187748e+00
2.315660162010796164e+00
3.025822285869381734e+00
2.336108969066227559e+00
2.918822619404839447e+00
2.538774818048077808e+00
2.668699245515283813e+00
2.703001848824932996e+00
2.022044553283650181e+00
2.792715728451936386e+00
2.503679631254744464e+00
2.813547070249489135e+00
3.014760858382761644e+00
2.720302445328710572e+00
2.573872365359585856e+00
2.702588763502138391e+00
2.695644592108389581e+00
2.273452129497830043e+00
2.813311789385099626e+00
3.018447230585968200e+00
2.716394513175576897e+00
2.432272362374826358e+00
2.564987094529918910e+00
2.564400268651758186e+00
2.960588542106363796e+00
2.424180899636912301e+00
2.634229556792524907e+00
2.350687604284523946e+00
2.350646473526783353e+00
2.548495936214547619e+00
2.790347550405555932e+00
2.907475008375440151e+00
2.512967709503304725e+00
2.617477117482364779e+00
2.487776229197952382e+00
2.903045228294547364e+00
2.376195895917850187e+00
2.778134904850715348e+00
2.210826586127851101e+00
2.535300534117816973e+00
2.549127682207095180e+00
2.385332899588452626e+00
1.839656817677658651e+00
2.685356714852354276e+00
2.381182831643896769e+00
2.561288776993082994e+00
2.737316346550171975e+00
2.659768058017333292e+00
2.851468870273795808e+00
2.461908367245935647e+00
2.694426906603997196e+00
3.005555956250890670e+00
2.795725215963620336e+00
2.948959200913864986e+00
1.779265836110813348e+00
2.755247955414692917e+00
2.569756325025892352e+00
2.185980333808531739e+00
2.300649862883015651e+00
2.504669959977407601e+00
2.359335734232556270e+00
2.143610338507548452e+00
2.350537935432441827e+00
2.395872710880890821e+00
2.735267627646634114e+00
2.806800478296656021e+00
2.626954653077746560e+00
2.336541599503950462e+00
2.503138218323861519e+00
2.079018144925619982e+00
2.098671928252612062e+00
2.066927572546758185e+00
2.235362751866232678e+00
2.821243478671199068e+00
2.282287426068478009e+00
2.380567264398323335e+00
2.626249727964215186e+00
2.171644565969999885e+00
2.414335661620674589e+00
2.418081778862458897e+00
2.873699417215448193e+00
2.702996579684171063e+00
1.965179024750969283e+00
2.818832265907136314e+00
1.828517765464055644e+00
2.278641396691654109e+00
2.601259543736613722e+00
2.831316820902721965e+00
2.402029247499539721e+00
3.088883816274017757e+00
2.380488384651087141e+00
2.457196445470377189e+00
2.746142193619652616e+00
2.724906074968774128e+00
2.628927549943683495e+00
2.837370341808811425e+00
2.770892501714591116e+00
2.308607678016333598e+00
2.241275610037420485e+00
2.543778688403470323e+00
1.961377650486919366e+00
2.743032360937676994e+00
2.628626758399308372e+00
2.903876835546138846e+00
2.808376944714927603e+00
2.794399961276952116e+00
2.367424673134701507e+00
1.945222858870852001e+00
2.607391681479525491e+00
2.327776674002330459e+00
2.252454374706633011e+00
2.610110218330842891e+00
2.505446892264608483e+00
2.766246414173498369e+00
2.308917104292196321e+00
2.856010778826631125e+00
2.607012860495008244e+00
2.503336650412049558e+00
1.924218285732959721e+00
2.784251497298534161e+00
2.142908546086969235e+00
2.734925350397679367e+00
2.686550376814953456e+00
2.356269655066693502e+00
1.945929589781508096e+00
2.548122735602517341e+00
2.632835259658620419e+00
1.960708427086930383e+00
2.710635303217639347e+00
2.081313117202508778e+00
2.181008203062723361e+00
2.524074751490721358e+00
2.656988469532899355e+00
3.016972995872546637e+00
2.850020056455901063e+00
2.580082595100308573e+00
2.582903677136386911e+00
2.708074681737528078e+00
2.432109561153958488e+00
2.852915269490229999e+00
2.630448434126043900e+00
2.456917447538919497e+00
2.520895029378384500e+00
2.538836525565177471e+00
2.322633199686135352e+00
2.466941090205565068e+00
1.972248240838327060e+00
2.122964138335144746e+00
2.439642722480614090e+00
2.804937704169549129e+00
2.503803306432062836e+00
2.935421016692815854e+00
3.062887735894012753e+00
2.581071941237597311e+00
2.776059725393245081e+00
2.792962057261188402e+00
2.660546593481938782e+00
2.164660288587898052e+00
2.833838680818533184e+00
2.646284879552757374e+00
2.777544320426559743e+00
2.363109637032996702e+00
2.999996210944574582e+00
2.828008641164017956e+00
2.592758395762279733e+00
2.285607346610956103e+00
2.768020590484304044e+00
2.379254704166884338e+00
2.412944040107523058e+00
2.485815047356272789e+00
2.700151193413728112e+00
2.262574720879677148e+00
2.668697777093131496e+00
2.834014438828528437e+00
2.515921006478130550e+00
2.694817424546598339e+00
2.604965491024434865e+00
2.257880368588396358e+00
2.074430782258807504e+00
2.731271661798307715e+00
2.612659608493145935e+00
2.637624467118663496e+00
2.779102789226735037e+00
2.453352204202428943e+00
2.970080034219447551e+00
2.473662580099754038e+00
2.796886158676053835e+00
2.181906119964426516e+00
2.103156002784175360e+00
2.478741257641789542e+00
2.578154727317836237e+00
2.606358258995998600e+00
2.214940256850238764e+00
3.085983701704080762e+00
2.871920453975230103e+00
2.684942400893462366e+00
2.700811467958215584e+00
2.770650556125047625e+00
2.278455737130609116e+00
2.156230040229367262e+00
2.945588274803990991e+00
2.468764203178218430e+00
2.626463019437961677e+00
2.717156887268658672e+00
2.423935107498864205e+00
2.724567072194703510e+00
2.703626170760148995e+00
2.307580405822480696e+00
1.953130873493997610e+00
2.579945729533866583e+00
2.780980343930385512e+00
2.781364702410580758e+00
2.434275087094485368e+00
2.598321257495184611e+00
2.000915620179442911e+00
2.605754134985697412e+00
2.132772691928311204e+00
2.189443393367985546e+00
2.253317508648304379e+00
2.684828734997046773e+00
2.181915708929770936e+00
2.836456807422878423e+00
2.867892255375201760e+00
2.100604100212938086e+00
2.447186755574575656e+00
2.498392492113060470e+00
2.444073068177781138e+00
2.182779469363085756e+00
3.072352699224144779e+00
2.775822017581167422e+00
2.649926367607021493e+00
2.838145030184130668e+00
2.754180843409473667e+00
2.316360206260543730e+00
2.026228925152496529e+00
2.448950411659111204e+00
2.521679006121453348e+00
2.587028044001892013e+00
2.125776722334901780e+00
2.844784390636277749e+00
2.767354320602755546e+00
2.391043814837441772e+00
2.052195863959993538e+00
2.406307248939416166e+00
2.278715001821058017e+00
2.976609036577500422e+00
2.845609538533425020e+00
2.346766245505687909e+00
2.529344658542329594e+00
2.967374708334874711e+00
2.557425459834461012e+00
2.164748940054268544e+00
2.160964327315390676e+00
2.470004339243038860e+00
2.768606786293105415e+00
2.670599948046771033e+00
2.501337384514809692e+00
2.055107162085337169e+00
2.082988182185720127e+00
2.725584029291559407e+00
1.884167465768716854e+00
2.461332863710722574e+00
2.400772602909352571e+00
2.654037257082691337e+00
2.524995595347527377e+00
2.863773953023033503e+00
2.786417085142698813e+00
2.217577452131338056e+00
2.524731501632134112e+00
2.399202110212396377e+00
2.684414525440052657e+00
2.533198909782899744e+00
2.781933074319079768e+00
2.562350203473477972e+00
2.613482324374354793e+00
2.269974869092523662e+00
2.631313140825245256e+00
2.666201746406355877e+00
2.860701046541381576e+00
2.579788622834155110e+00
2.566742276715812565e+00
2.855954931092967275e+00
2.409401870294314740e+00
2.691850173687623027e+00
2.815323679260757217e+00
2.637499732172277511e+00
2.706384376868969266e+00
3.068284951541656813e+00
2.609661342584144617e+00
2.552436796138475739e+00
3.075329116606602575e+00
2.646498364580770701e+00
2.927818975417145086e+00
2.599094162190331403e+00
2.970800693670923032e+00
2.938834763766439817e+00
1.931148870509797666e+00
2.482035511750456891e+00
2.580810485017989819e+00
3.046157713668007361e+00
2.331924860401998423e+00
2.688643614587496344e+00
2.654068377770355092e+00
2.887655499373164680e+00
2.279024046178123264e+00
2.727458658832736305e+00
2.596880119118750052e+00
2.789946026426613379e+00
3.038803865998047193e+00
2.175414327635249556e+00
2.143620361069840996e+00
2.007107873219193372e+00
2.404355624617238174e+00
3.023877689300986660e+00
1.986126254445065298e+00
1.675142309584721101e+00
2.278039655592285939e+00
2.658148408791265460e+00
2.195015991737669481e+00
2.796361310233049569e+00
2.697308867114393660e+00
2.757731040764012320e+00
3.013872847207692551e+00
3.061654407638742192e+00
2.596168884220870332e+00
2.074817048238108974e+00
2.845135692667063232e+00
2.719971109640474172e+00
2.671192115640637965e+00
2.373976753392291972e+00
2.451247183555921083e+00
2.237918927637871924e+00
2.884950578860498105e+00
2.209420656518982007e+00
2.810953655069991619e+00
2.634795650254194044e+00
1.910223133881472579e+00
2.467405089240882532e+00
2.608581221991121524e+00
2.014018611113722379e+00
2.831284543251566976e+00
2.494146038518754160e+00
2.825634756375634993e+00
2.950924867423390996e+00
2.595934851392117881e+00
2.499886131913595655e+00
2.399622223981189073e+00
2.610047426056857134e+00
2.521512162945303892e+00
2.605720633594303948e+00
2.595896199740824084e+00
2.286028657928442342e+00
2.341637984511923953e+00
2.595822755807625448e+00
2.814486538818950834e+00
2.443074552776897335e+00
2.250995640906143347e+00
2.638333447610070159e+00
2.990938964176859560e+00
2.622991606177150103e+00
2.546897993920949066e+00
2.456719036102602338e+00
2.564514668588283808e+00
2.806394432701040387e+00
2.717884283245736832e+00
2.303794679333085238e+00
2.416556611339402139e+00
3.002808970553883849e+00
2.817178450099619980e+00
2.960266141633923542e+00
2.532557107287696230e+00
2.508223180810169151e+00
2.836749010686992811e+00
2.679809295357145515e+00
2.918339366928540901e+00
2.685738889473885393e+00
2.392606093508454101e+00
2.835515222347419151e+00
2.608449822337343349e+00
2.993390958810994817e+00
2.923899142090816916e+00
2.527099012669771216e+00
2.663750747284035825e+00
2.459829535902151143e+00
2.496453408886010195e+00
3.015618026359598414e+00
2.846663173184248219e+00
2.847511823273204179e+00
2.285966046959161613e+00
2.852391491863304207e+00
2.345226629343962088e+00
2.829901385654356449e+00
1.857954116350628793e+00
2.161810597414196788e+00
2.622147231939166545e+00
2.936325112365291812e+00
2.431081555079510625e+00
2.387780497248669143e+00
3.030374320094950225e+00
1.976438319190806814e+00
2.362684977246265916e+00
2.994215645500563738e+00
2.598655788301601710e+00
2.699051646799173643e+00
2.838943309310017593e+00
2.131479106674830426e+00
2.810876998148524653e+00
2.943038770315453689e+00
2.153223056009284431e+00
2.154639300602828822e+00
2.823103858194512927e+00
2.695649328795409083e+00
2.139309117837409513e+00
2.827109881514593415e+00
2.764720098493263389e+00
2.841355686463029162e+00
2.697508415352362299e+00
2.144995391274890029e+00
2.163503189779186098e+00
3.048665220766788586e+00
2.674835312950904154e+00
2.833197913713304317e+00
2.343207598474432718e+00
2.614433433653264860e+00
2.902299399816145709e+00
2.557764234100003087e+00
2.602578571253853390e+00
2.835528614445628204e+00
2.154835109946833693e+00
2.411342472623760447e+00
2.884558436524037539e+00
2.600502838535570405e+00
2.461142113038005341e+00
2.460454336277994258e+00
2.970426851551815961e+00
2.940930284244086756e+00
2.352230129744370846e+00
2.006427584249511842e+00
2.211291356905982219e+00
2.260882754519329740e+00
2.624737635237751832e+00
2.653693832748785120e+00
2.302974978064103340e+00
2.642397973789762933e+00
2.595721477276282663e+00
2.542525659088547219e+00
2.847140408634761588e+00
1.829707210853735555e+00
2.673963663318751571e+00
2.623604180601978531e+00
2.349720735592257803e+00
2.199336513620536504e+00
2.400764165187300403e+00
2.487293070178220322e+00
2.908777991954170083e+00
2.868340758182478467e+00
2.651386729507136053e+00
2.313334023302199061e+00
2.270853123454602773e+00
2.690182179018832720e+00
2.336135873091377491e+00
2.519760679883604304e+00
2.197641458218561716e+00
2.567083381858072944e+00
2.273880656273374434e+00
2.637266450258411776e+00
2.564338458802954968e+00
2.242740077943762511e+00
2.823531130293341462e+00
2.213784476989375527e+00
2.142066650399024663e+00
3.097427425511011023e+00
2.589060035824471750e+00
3.066223221117346132e+00
2.171913624554878464e+00
2.289468439340988759e+00
2.971873889191388951e+00
2.770998096217243134e+00
2.352590419429655633e+00
2.454435617306713002e+00
2.778976600408760600e+00
2.807850351268890599e+00
2.164727930064969996e+00
2.952171138568234099e+00
2.585806382934350722e+00
2.745083090420303407e+00
2.692974382820288781e+00
2.381547429397447679e+00
2.692494462158042001e+00
2.667772318372050755e+00
2.391233329927524576e+00
2.367634602826468093e+00
2.727028772134688417e+00
2.691728380576134505e+00
2.383837323569127697e+00
2.953548273584320150e+00
2.640271579670115276e+00
2.616640778106474663e+00
2.277040348672002779e+00
2.344807084234693750e+00
2.239572204315309456e+00
1.986175668266576544e+00
2.827302192419670845e+00
2.949043914554695611e+00
2.381939769097455528e+00
2.415481169626536584e+00
2.185750230529235338e+00
2.880188481234430942e+00
2.359397492717384637e+00
2.606254391989186736e+00
2.297211741945416108e+00
2.191897918633497255e+00
2.620131181683755361e+00
2.526807235165670296e+00
2.227776835845829417e+00
2.896193784404389682e+00
2.520834423005373193e+00
3.012484010054099937e+00
2.396607182756349985e+00
2.915620301186512719e+00
2.872260905422568289e+00
2.838689553041531255e+00
2.280413028094995465e+00
2.960946503370354144e+00
2.539499459807348369e+00
2.091814428701133544e+00
2.589498467126046588e+00
2.608776574333970810e+00
2.079151971348460748e+00
2.543058027251952957e+00
2.558206599219023492e+00
2.865286617354848353e+00
2.478542007925670365e+00
2.604487191961378123e+00
2.795524723541289003e+00
2.749465904154008822e+00
2.707341055121960327e+00
2.726709960450238945e+00
2.208773168457530467e+00
2.336627138186518238e+00
2.840388066172380377e+00
3.016590941626638323e+00
2.408858000841781699e+00
2.889078809423071270e+00
2.290103546544507651e+00
2.435094413041325900e+00
2.436074728968655290e+00
2.840638210499306204e+00
2.533289398999807318e+00
2.689793244512051373e+00
2.890400156229246065e+00
2.972975385636552392e+00
2.493360986554755687e+00
2.152829323852145649e+00
2.717308650645256396e+00
3.056751758598119650e+00
2.550326077562082627e+00
2.779708565294503941e+00
2.104718532424998845e+00
1.936920319826686665e+00
2.546632988771236672e+00
2.981671149691877076e+00
2.088543930654888747e+00
2.938369494009121397e+00
2.446288146698636368e+00
2.707640447921932925e+00
2.358600804536373552e+00
2.907637477201605147e+00
2.860327161549239161e+00
2.792422753652108458e+00
2.789934915399839621e+00
2.918212631198969564e+00
2.679329703695794596e+00
2.534078854797025659e+00
2.681725563788964095e+00
2.405581775920170529e+00
2.076992033322403230e+00
2.478575822309378118e+00
2.540591350165411377e+00
2.783344113882136206e+00
2.247080521242553974e+00
2.341544073079701249e+00
2.616913880687358418e+00
2.832263279191849392e+00
2.598052991772476616e+00
2.201782867329161064e+00
2.391854124047713359e+00
2.451678349140456348e+00
2.265753365994206625e+00
2.313832540432612994e+00
2.652123883676585692e+00
2.104641616629397305e+00
2.742386478352947687e+00
2.358186185841262272e+00
2.214005496097080083e+00
2.723766453516450525e+00
2.320155172810324018e+00
2.764034298511596432e+00
2.710194597873633260e+00
2.429353712946019428e+00
2.410694672103533165e+00
2.388766048485332139e+00
2.439947719411992288e+00
2.895657877638195377e+00
2.511740385017360744e+00
2.878388342343251693e+00
1.717184675124927562e+00
2.257856434794978551e+00
2.753001305669771970e+00
2.823992834795914675e+00
2.470223650426794038e+00
2.893633741924841463e+00
2.779187777277928983e+00
2.747541202023600526e+00
2.898728620338409723e+00
2.256504229977544185e+00
2.736992162360026626e+00
2.523461138937747261e+00
2.460122123401025540e+00
2.768289082618790697e+00
2.625617508923468790e+00
2.273140298186348218e+00
2.617069670304938533e+00
2.907054561685234795e+00
2.601603081494111347e+00
2.811961583790209662e+00
2.367687434143743275e+00
2.692587012124300738e+00
2.866755812873521769e+00
3.028544805797776629e+00
2.984935762752762400e+00
3.100549358383426046e+00
2.500586795830773923e+00
2.871978787805378630e+00
2.746209266261694815e+00
2.513389310557787582e+00
2.681449261479733615e+00
2.785923276107812985e+00
2.316159550518362309e+00
2.670355989395522212e+00
2.500675279764388748e+00
3.009605167806100212e+00
2.350078118978236041e+00
2.676543261075813085e+00
2.520661645212199709e+00
2.686979039359966848e+00
2.952522281510419511e+00
2.004992090475313571e+00
2.508314999349971597e+00
2.937660594172226691e+00
3.029655741558559878e+00
3.125737490071017977e+00
2.772130043939359023e+00
2.633054812296497182e+00
2.512342956754812562e+00
2.170897800905474462e+00
2.607972471731032638e+00
2.919434681115744112e+00
2.897004611834360865e+00
2.365807315234448094e+00
2.698150280764541886e+00
2.286830145720812002e+00
2.073692452308014467e+00
2.376713376032416392e+00
1.696235506777823421e+00
2.434778075003358300e+00
2.193503189281601706e+00
2.648067349864313691e+00
2.860564962139461098e+00
2.627143259889229032e+00
2.638124467778192539e+00
2.829544341305826549e+00
2.702560740416859453e+00
2.249835513235785456e+00
2.694605351077366429e+00
2.740780481356180243e+00
2.314229297572379274e+00
2.591567004420106457e+00
2.279913792552414442e+00
2.726784525820771243e+00
2.717380503359112076e+00
2.325800337963599418e+00
2.692664833976859295e+00
2.821111834952128916e+00
2.821339386096639146e+00
2.576613247034964527e+00
2.143487083456585562e+00
2.693801615733186772e+00
2.871635535766969394e+00
2.383769663440401310e+00
2.454471026292771363e+00
2.883448980432076869e+00
3.030466471081785240e+00
2.718430682817274846e+00
2.652691747334398720e+00
2.843986332936959460e+00
2.529422115902528301e+00
2.373353138035700471e+00
2.218093823819774713e+00
2.993767355359050697e+00
2.280350042838814595e+00
2.548234550295450429e+00
2.529654972042877148e+00
2.917006671067381873e+00
2.430219387651127327e+00
2.740116047049515391e+00
2.727648898548763245e+00
2.422818896734264982e+00
2.529484128184658509e+00
1.917092675279229885e+00
2.441071612262570856e+00
2.797954627569314567e+00
2.912863277349551083e+00
2.737814899543120628e+00
2.417493695723847313e+00
2.621612119714741063e+00
2.710981700592422605e+00
2.520115114948981105e+00
2.658561718876817359e+00
2.656978901564897466e+00
2.707977533448062690e+00
1.920028314903141853e+00
2.692847956501009055e+00
2.535404712286158713e+00
2.472952873117125083e+00
2.061513404750110467e+00
2.608291615330573077e+00
2.915586222583240517e+00
2.669890423232058385e+00
2.737882911271475539e+00
2.513891011672478637e+00
2.626527041526641071e+00
2.506687419532828365e+00
3.031718604572786191e+00
2.304623843552239482e+00
2.930619516491679288e+00
2.302108502291114078e+00
2.348158528558504266e+00
2.427615354841871742e+00
2.865649976740271221e+00
2.872703001686419011e+00
2.903996587547261310e+00
2.479806600235058500e+00
2.244797023011819270e+00
2.946426702960507793e+00
2.730720863215246652e+00
2.421084013745838703e+00
2.696635392335350545e+00
2.977990858257190787e+00
2.402894787774727980e+00
2.692647770594724044e+00
2.406088930488567534e+00
1.894510274332089406e+00
2.734294729255130285e+00
2.475856342660160969e+00
2.624795323079339049e+00
2.476436091504229164e+00
2.601477773956056616e+00
2.385003864575288901e+00
2.320737836873801641e+00
2.384029983055834467e+00
3.013072027146994625e+00
2.599198930193902690e+00
2.617029561420215700e+00
2.433977821893317017e+00
2.645039325098765826e+00
2.502432331197063320e+00
2.535796669372066603e+00
2.745707871119021704e+00
2.733379579767808654e+00
2.352216436877236472e+00
2.445678922429526114e+00
1.905274676570947179e+00
2.952020151011224947e+00
2.599874139069427770e+00
2.475321743869115299e+00
1.798875527247054018e+00
2.823655246750343739e+00
2.009779304543112488e+00
2.633115390505319731e+00
2.591495368801750132e+00
2.839532261611744879e+00
2.195636590220039430e+00
2.833230890319220929e+00
2.619440145286803912e+00
2.621011213407394180e+00
2.230998851168884300e+00
2.622885351755202876e+00
2.624214450284271027e+00
2.507967373239003095e+00
2.740733581103032446e+00
2.810681725332254466e+00
2.696145799505089702e+00
2.876087607412153968e+00
1.918788036960715537e+00
2.503315153553357320e+00
2.652633039204967957e+00
3.082487611574778352e+00
2.889659759923992155e+00
2.552040541191692657e+00
2.741213332953325033e+00
2.447441567902814974e+00
2.559302338768415286e+00
2.034726179598028928e+00
2.671355393035881320e+00
2.493965070640804971e+00
2.126351521432625180e+00
2.629915119991808048e+00
2.924274845937236744e+00
2.928401984307063888e+00
2.933180112746514911e+00
2.087325046330053446e+00
2.130369508338083584e+00
2.640335994297680067e+00
2.252546599804201577e+00
2.176142214696440647e+00
2.930038094192223497e+00
2.722978523427519892e+00
2.593902399759540067e+00
2.688647484172583368e+00
2.843466839174427552e+00
2.497178435598802704e+00
2.403803380747863372e+00
2.457737961558670747e+00
3.074264385718139092e+00
2.594333657418056660e+00
2.929798572031120152e+00
2.520344532995864473e+00
2.262523990079012393e+00
2.551463759744689419e+00
2.704167132720802780e+00
2.718726373772751170e+00
2.592690364391316393e+00
2.808870008695588449e+00
2.024767932981346164e+00
2.632997671109121640e+00
2.635000884216368799e+00
2.440458128511955316e+00
2.035925543069356358e+00
2.603962794341541542e+00
2.560851558471799017e+00
2.772913136188608352e+00
2.443136605760588775e+00
2.460343786614554773e+00
2.645143723835628791e+00
2.742236977743772730e+00
2.538412462422948046e+00
2.419257570507212129e+00
2.638548638655282996e+00
2.270099883178498423e+00
2.853941370254721832e+00
2.667684352427716288e+00
2.581732997669401897e+00
2.172366012279935532e+00
3.036226770395944463e+00
2.820462659341129719e+00
2.478356924810630524e+00
2.557206091856476959e+00
2.283783257152813828e+00
2.521136314478515938e+00
2.935070703642734369e+00
2.408243420449693417e+00
2.015267749769912520e+00
1.917521008149662531e+00
2.417463537445006416e+00
2.462020595175161475e+00
2.968234854056654548e+00
2.430459190307075357e+00
2.115987106594292122e+00
2.766307846474087562e+00
2.760022688734188545e+00
2.623376587219641731e+00
1.902969443734267463e+00
2.758757159967910599e+00
2.588075676323483787e+00
2.738720997256266720e+00
2.401845693320475039e+00
2.705136041275949310e+00
2.104545274060020787e+00
2.794864201680014482e+00
2.587469177703575873e+00
2.676484191281645053e+00
2.852162975736889372e+00
2.954543529367632981e+00
2.743832115743246813e+00
2.757712108655236527e+00
2.927384211867680275e+00
2.600544033891078133e+00
2.614347047538176039e+00
2.722141305044140758e+00
2.567565447382667898e+00
2.268438723498968468e+00
2.759452741017620614e+00
2.698879557999873668e+00
2.428854622480847603e+00
2.389984355218436995e+00
2.912033976402649049e+00
3.037485834125826401e+00
2.689988801833888221e+00
2.333881825753540085e+00
2.378357758705776259e+00
2.456082648874939878e+00
2.558421477734746929e+00
2.616891621728451245e+00
3.065147756893511932e+00
2.151169623561492550e+00
2.893413338193342454e+00
2.862496825954912172e+00
2.239918643269384724e+00
2.363527721033888085e+00
1.764219075444872109e+00
2.851961162913489112e+00
2.977300163336197958e+00
2.716855134045513598e+00
1.956410543314583306e+00
2.531407883475486287e+00
2.879046683325141576e+00
2.476457966261102150e+00
2.458740580326549185e+00
2.585374586526989482e+00
2.947687436626058144e+00
1.920834618616687361e+00
2.658457437977479465e+00
2.350533528473660816e+00
2.682094804462327620e+00
2.550375646009847230e+00
2.316711654265447784e+00
2.551470213311172408e+00
2.814145411240430494e+00
2.682153601771381624e+00
2.709651454070214793e+00
2.418919312588571291e+00
2.448944446009292619e+00
2.159152683101645209e+00
1.827033938400872026e+00
2.247537959424771969e+00
2.295469731290784132e+00
2.788043404451169938e+00
2.885996127307821624e+00
2.626241741921471196e+00
2.666505653033008461e+00
2.437968123121480701e+00
2.185037903517939029e+00
2.613817617325340681e+00
2.604875377019009619e+00
1.984131125126632256e+00
2.561719869436684505e+00
2.590886425859865838e+00
2.677092848900282984e+00
2.069390759024950288e+00
2.591901740714428914e+00
2.535388895236282636e+00
2.427505619161244521e+00
2.921432082001497843e+00
2.834609279621663092e+00
2.849044426499792060e+00
2.553092111225507388e+00
2.653933415522009565e+00
2.822517708618369259e+00
2.575637653966960983e+00
2.496930489728333757e+00
2.394368996431885943e+00
2.913077002279510275e+00
1.944355236284060151e+00
2.811385157503873966e+00
1.876054464231319052e+00
2.609412519191831148e+00
1.976862472839674867e+00
2.879323822655019960e+00
2.150082521878267094e+00
2.496095506131173813e+00
1.963686154496462999e+00
2.945319942906461375e+00
2.500772585319674501e+00
2.014147781037548768e+00
2.598070135821433091e+00
2.956549271466659690e+00
3.065480125843228709e+00
2.014902393177584017e+00
2.466060578699892147e+00
3.086267356700028941e+00
2.698470202872149226e+00
2.859492098084120748e+00
2.730012510313277296e+00
2.918794744801753271e+00
2.490111445547243285e+00
1.983554144867263114e+00
2.466450842118002473e+00
2.129550978805009986e+00
2.338778964156596807e+00
2.915145120977450155e+00
2.615742629945452702e+00
3.010372357718828606e+00
2.037092863977828294e+00
2.517201105343041867e+00
2.448894316152982586e+00
2.759882631544273046e+00
2.121812455501178363e+00
2.713911723676752707e+00
3.040641559298849828e+00
2.450547210119175645e+00
2.755610424791464563e+00
2.649050713104254218e+00
3.029646014941984600e+00
2.506486018600286414e+00
2.899592913796869897e+00
2.625366832108984028e+00
2.554536460020835786e+00
2.439521979145779174e+00
2.617970645172173150e+00
2.518933401227281710e+00
2.843326100730476202e+00
2.802840265807174713e+00
2.639583411379411437e+00
2.098639967214365853e+00
2.100223585832842854e+00
2.835535295860403426e+00
2.779823836655543001e+00
2.223608633036983306e+00
2.228645261567026026e+00
2.817922426732775154e+00
2.816360317277988301e+00
2.784998232761200398e+00
2.550456491486322808e+00
2.657675157768332852e+00
1.972008185727127438e+00
2.167678826971036532e+00
2.769828091016296678e+00
2.738543538840878977e+00
2.592794248359840292e+00
2.568938715102613290e+00
2.613912090346123929e+00
2.277435286539705395e+00
2.899701213314305637e+00
2.357331614494278416e+00
2.605791474994058721e+00
2.388834297585563426e+00
2.523149134202742339e+00
2.670016432720210275e+00
2.528895808911635790e+00
2.211338806418573277e+00
2.603799830270714821e+00
2.858860017805520126e+00
2.382893945979684069e+00
2.071805844260960594e+00
2.315360129583865501e+00
2.966775789333127022e+00
2.694885180015073711e+00
2.353957541118498753e+00
2.324087511894938896e+00
3.031562917814685232e+00
2.871381488972424290e+00
1.912732761741687160e+00
2.137799093179073573e+00
2.459515702463324516e+00
2.611183251227334079e+00
2.244428367827161708e+00
2.146878255199547780e+00
2.213589671561742023e+00
2.521881179707641252e+00
2.500659186294029279e+00
2.448582309071499541e+00
2.698757924352423565e+00
2.837535428085304456e+00
2.280930786453732040e+00
2.407859170862787224e+00
2.542198614661582923e+00
2.649753561910452415e+00
2.908616256515677900e+00
1.927822905481158422e+00
2.554176182074096690e+00
2.392984149978537367e+00
2.900055226218670068e+00
2.339989018958342992e+00
2.846310579948386099e+00
2.260923603937575965e+00
2.433477241927728407e+00
2.703057921630410476e+00
2.469828559292503556e+00
2.758722391547693054e+00
2.321204811156370340e+00
2.361303795600433020e+00
2.969515708355995987e+00
2.560766536621891465e+00
3.094118663634930932e+00
3.032134854004845170e+00
2.004576500414821272e+00
2.091896663118003818e+00
2.272149794905092612e+00
2.912423805739986271e+00
2.585978242486691947e+00
2.649695902545484927e+00
2.625216218624949249e+00
2.473017251146580886e+00
3.003869942371357737e+00
2.660923216846446504e+00
2.242272362224136728e+00
2.522469276807117744e+00
2.786265999602186128e+00
2.876940196628960056e+00
1.830516754767969712e+00
2.974617196607123315e+00
2.817527345740319600e+00
2.996140918100840267e+00
2.527175333582602157e+00
2.350960554135189895e+00
2.520249648066082315e+00
2.439322647811631661e+00
3.007362813035808990e+00
2.574564374515148746e+00
2.102310598152663079e+00
2.766418744723475598e+00
2.518663413142652630e+00
2.374979552238911218e+00
2.550089172230218360e+00
2.906411866054678939e+00
2.610908912696384476e+00
2.520296917675205250e+00
2.722432279443840919e+00
2.891215590648353206e+00
2.185189021263962861e+00
2.713646291862143123e+00
2.389131460148114172e+00
2.624029577841107574e+00
2.727208765972331861e+00
2.082811292278848647e+00
2.953107046665115476e+00
2.157313411274576875e+00
2.585808301903429030e+00
2.575656904351946608e+00
2.900483672752837361e+00
2.765825999746784891e+00
2.706297041260627534e+00
2.827021584030642742e+00
2.924950243862615817e+00
1.922075215353861610e+00
2.793374283564482141e+00
2.857317457369307867e+00
2.884008882027888632e+00
2.572383500317879435e+00
2.720691127150300925e+00
2.319361982280223167e+00
2.686532094576455698e+00
2.387819084300848438e+00
1.948345200542087374e+00
2.689082664319037530e+00
2.842862781265915739e+00
2.451877111526679087e+00
2.579984957495558895e+00
2.394285565264778093e+00
2.562437737885191247e+00
2.603991534158849319e+00
2.908229658146549657e+00
2.155563344531646663e+00
2.487723022242783522e+00
2.695997609581015642e+00
2.676688056926245007e+00
2.749045622070688477e+00
2.873211179696415041e+00
3.115158122744966285e+00
2.702995959440020357e+00
2.738436566970921859e+00
2.306217612960322683e+00
2.845286507696835443e+00
2.666361031646187207e+00
2.461118134758002896e+00
2.796540912174395821e+00
2.667388781033844136e+00
2.604256422524756864e+00
2.604573187773370435e+00
2.465247154583079414e+00
2.942558417694214334e+00
2.252743262124852208e+00
1.922028741297574728e+00
2.412328141019154604e+00
2.087906528477483370e+00
2.145260587650210660e+00
2.557698153600577839e+00
2.219270827238154276e+00
2.590901704716443987e+00
2.544099228435173554e+00
2.579543509595570328e+00
2.854233937445961100e+00
2.435376795671376104e+00
2.473351727354917262e+00
2.923337276233364701e+00
2.664488996749521998e+00
1.918569050594518988e+00
2.662305312820980596e+00
2.684544486731382573e+00
2.626149349245933351e+00
2.440047611167448061e+00
2.386682399620569495e+00
3.100179540062831585e+00
2.809273998283870810e+00
2.811509692775188807e+00
2.630858815012891316e+00
2.583940585770637455e+00
2.716558508816210971e+00
2.828592395690823658e+00
1.997190662214954227e+00
2.764497278107786560e+00
2.099356319533836057e+00
2.840285175014339636e+00
2.765416970350250470e+00
2.536699789753285028e+00
1.849198372056364725e+00
2.900754462190618721e+00
2.260265482966598682e+00
2.509101205662171985e+00
2.551561357548635556e+00
2.661897969506390460e+00
2.285096126646718684e+00
2.321643169641375515e+00
2.290984612043106328e+00
2.575128973374679386e+00
2.229391452762328640e+00
2.598825551583211713e+00
2.865529089180355982e+00
2.344006169871104994e+00
2.985942899114644167e+00
2.446517310674893420e+00
2.762997405097277870e+00
2.510291064636741787e+00
2.839935097880808446e+00
2.888896146878733084e+00
2.350070858668424023e+00
2.480775717988585427e+00
2.967490437743632192e+00
2.204569707981875570e+00
2.181027919855972108e+00
2.624445289812305848e+00
3.109189446878148022e+00
2.648917539643708796e+00
2.971547953057763092e+00
2.336091940672887279e+00
2.394344674124428973e+00
2.908382755490536820e+00
2.876428762707275322e+00
2.807718530707717708e+00
2.397358276830597212e+00
2.802650293867625653e+00
2.677415275197987832e+00
2.159827093333198000e+00
2.442628391102788399e+00
2.500366515309142557e+00
2.570209280799843121e+00
2.356487357158114637e+00
2.896894684209125881e+00
2.487507254898314368e+00
2.404756015414772907e+00
2.571179538578069135e+00
2.609751313813731155e+00
1.970601556641011554e+00
2.410949034889863452e+00
2.877434487666052476e+00
2.747062730708432099e+00
2.750744120029939843e+00
2.451780395210472641e+00
2.262463128114697408e+00
2.886944903296612797e+00
2.667876237536650930e+00
2.992386015841207225e+00
2.947530000783519455e+00
2.770812481559556506e+00
2.695656348872156549e+00
2.464244960209987845e+00
2.645513383204053159e+00
2.583655425477745737e+00
2.928669686895685853e+00
2.662153732377031012e+00
2.023487960599247515e+00
2.836371658286943376e+00
2.712634000468832518e+00
2.450628041348602792e+00
2.879710610388191760e+00
2.567467410939160644e+00
2.130702473235653649e+00
2.588094659981948098e+00
2.418504071631260910e+00
2.214500998224557371e+00
2.658176003692505507e+00
1.901817861769145024e+00
2.894704679825403026e+00
2.203904997370454311e+00
2.379196658156699229e+00
3.010721229676454502e+00
2.478386734326843754e+00
2.662121789744499534e+00
2.550309881888691788e+00
2.417532401989229918e+00
2.793792992502012851e+00
2.340099341866391569e+00
2.907482275661666726e+00
2.412540448262852966e+00
2.513299908650273640e+00
2.490856546755570111e+00
2.510017233441597551e+00
2.514631291103659017e+00
2.884570620806488961e+00
1.902381815037437418e+00
2.932817983805848350e+00
2.436822284457922372e+00
2.724515741997867391e+00
3.080333884800742883e+00
2.516973919314359875e+00
2.719875930861559432e+00
2.106572327013116919e+00
2.565489019792822400e+00
2.535399936256597986e+00
2.874194651775765941e+00
2.393016338574034840e+00
2.153021490962077955e+00
2.595358028464898048e+00
3.027335183781942884e+00
2.334296132292611681e+00
2.853880760764671898e+00
2.477530729239214136e+00
2.731118647357357876e+00
2.976325173246489264e+00
2.840336176935988721e+00
2.678129258930682877e+00
1.976750484436440525e+00
2.788604736444180610e+00
2.643222680746649011e+00
2.459587717385534500e+00
2.864771832951974684e+00
3.077644334558677919e+00
2.340905064885471010e+00
2.138177712270696862e+00
2.377447887595883547e+00
2.580871117964257611e+00
2.609203923500189148e+00
2.860490815904665141e+00
2.461428868522111291e+00
2.453529022042327590e+00
2.634213195819410824e+00
2.901818060173154912e+00
3.000217089518947500e+00
2.947661954911154236e+00
2.577562684801215198e+00
2.560342112222470323e+00
2.182998900698231104e+00
2.760699451480150834e+00
2.077430303615342311e+00
2.422735926902712666e+00
2.757008338381277568e+00
3.048093318242877992e+00
2.815729014134340957e+00
2.128914647715191677e+00
2.879824520365373175e+00
2.546747421885277252e+00
2.834961639464574468e+00
2.857449445553334577e+00
3.000790677293650344e+00
2.474604129368237704e+00
2.793558253843971162e+00
2.720481162008523857e+00
2.524813761359370634e+00
2.234984013710192841e+00
2.267439699581856871e+00
2.588729130258565547e+00
2.246836358457064087e+00
2.760275649215239380e+00
2.777162733797079675e+00
3.010120081599215069e+00
2.698554295402342706e+00
2.886381133719183367e+00
2.240154253936376350e+00
2.333453128917919450e+00
2.488729677852271394e+00
2.991914869662937626e+00
2.435980674404767843e+00
2.848563857641481789e+00
2.333456513704343482e+00
2.566969931844316211e+00
2.257729309725257760e+00
2.200801633148183001e+00
2.743300367601034129e+00
2.086138868174850280e+00
2.665549147647206851e+00
2.311870164456509613e+00
2.654860557670274623e+00
2.912472923442904094e+00
2.983955335159904632e+00
2.410059652932232233e+00
2.330760861672230178e+00
2.084979155785881666e+00
2.671329445552239168e+00
2.764280154285561952e+00
2.853665231518589973e+00
2.569114378360349171e+00
2.155254670620442514e+00
2.461884261392674134e+00
2.440484889573601102e+00
2.952673147238920492e+00
2.534269248811551467e+00
2.822634657728886332e+00
2.890323586548057211e+00
2.948770658561583602e+00
2.533530179532049065e+00
2.795047960483687532e+00
2.765360932819750595e+00
2.696382607685278820e+00
2.708059939356500134e+00
2.584415078089196349e+00
2.201109080031601550e+00
2.738535134926909809e+00
2.431103830490803475e+00
2.056557045627846136e+00
2.171797877848529623e+00
2.686351856477951383e+00
2.804698317375239114e+00
2.376073641939022707e+00
2.616629109859411439e+00
2.655846256540272510e+00
2.908093105833169378e+00
1.713412736125384139e+00
2.630774653971398536e+00
2.084136718047678638e+00
2.693248255183112505e+00
2.631770408753723256e+00
2.827641472434421210e+00
2.202986702001306529e+00
2.865764839445176015e+00
2.563311392919577436e+00
2.102851043897881578e+00
2.531347519790103640e+00
2.405491859965657397e+00
2.335546846545975441e+00
2.253031053125360117e+00
2.463474073092120964e+00
2.675503104185014358e+00
2.901183246179699360e+00
2.460892560973665599e+00
3.023196579313855992e+00
2.309830227460795360e+00
2.799293412638821810e+00
2.755041196416768035e+00
2.609589638303305925e+00
2.773736641871170860e+00
2.172888007637092667e+00
2.435234985200047220e+00
2.744738715294694931e+00
2.378643374869670257e+00
2.110464204119583798e+00
2.576427219472550600e+00
2.881039379718865590e+00
2.356478189890099273e+00
2.812400676744092554e+00
2.517906186576491567e+00
2.421645537434787165e+00
2.827278696007821779e+00
2.881193239074534063e+00
2.548300567674554706e+00
2.324451460965224925e+00
2.725750509494043516e+00
3.028465698713326493e+00
2.679255456171467653e+00
2.355188717784386210e+00
2.545733751428077785e+00
2.520387493527393552e+00
2.907753277895244626e+00
2.733274602043677337e+00
2.724072894195515460e+00
2.391731646251467502e+00
2.867851416584856317e+00
2.692366788678387746e+00
2.536722220946495909e+00
2.946124425291617221e+00
2.903648921634360391e+00
2.176533334553951704e+00
2.964857522204784601e+00
2.617910771431046335e+00
2.275456097820751644e+00
2.028937914498090134e+00
3.025416572145171124e+00
2.491343915018487287e+00
2.858070060785192101e+00
2.320952840639695758e+00
2.867474314558700499e+00
2.280534751138612926e+00
2.719608259901115321e+00
2.713527611535519135e+00
2.420709609136118878e+00
2.535504674757555588e+00
3.044253412736216635e+00
2.378217265081763454e+00
2.099903600978446860e+00
2.899325885932573232e+00
2.824828597173937084e+00
2.356441621275813247e+00
2.948475939894098286e+00
2.676355183465865206e+00
2.851462315799447644e+00
2.322219762468652693e+00
2.330757245302734759e+00
2.910063025866818087e+00
2.558955747303268247e+00
1.985608500007480348e+00
2.585443223781183075e+00
2.916750515515842856e+00
2.683725612122944693e+00
2.848299782645486999e+00
2.351788545094382510e+00
2.476066740960079837e+00
2.666428076960103866e+00
2.407912151776218312e+00
2.314796922184261696e+00
2.856540059576619939e+00
2.773899669204655805e+00
2.131180557352899463e+00
2.418602013344449908e+00
2.692127790484624139e+00
2.018621517802595022e+00
2.837006979151959651e+00
2.395349676891012525e+00
2.199717980771685344e+00
2.786504932257895639e+00
2.089257919599657676e+00
2.603734428360465536e+00
2.731719571578195893e+00
2.898460817458996086e+00
2.720907744106362713e+00
2.693519172625047808e+00
2.422111889282324348e+00
2.011309817461735427e+00
3.103640640247678828e+00
2.497872266358598381e+00
2.323668119537739329e+00
2.512299889008774656e+00
2.833730513035684684e+00
2.170578583094013858e+00
2.784338693416543276e+00
2.444497052205758969e+00
2.862327561290297862e+00
3.082030369863251185e+00
2.740578124705147722e+00
2.532789101722373371e+00
1.973169513031266531e+00
2.080043361135752722e+00
2.978291804067973558e+00
2.376155823961754621e+00
3.021732154013609062e+00
2.804172787501134412e+00
2.893071749188461439e+00
2.822282790544265563e+00
2.191810220401892106e+00
2.629646538137863310e+00
2.544131961113748286e+00
2.167657364538773113e+00
2.630033286219381150e+00
2.222846809495950371e+00
2.584996946812626817e+00
2.445076728847679348e+00
2.704909024309371190e+00
2.698567536475242168e+00
2.452384579958367006e+00
2.271660602091854386e+00
2.567371107020416154e+00
2.737708745230214902e+00
3.048946079517148355e+00
2.548497704131349462e+00
2.449393640600606048e+00
2.104329293907428067e+00
2.422549596475998879e+00
1.967517802521787873e+00
2.276065741488259686e+00
2.945678856091523468e+00
2.554402545044731632e+00
2.256168251902403110e+00
2.644998749448693509e+00
2.422027458938800670e+00
3.028914392550206003e+00
2.842033689200728741e+00
2.751424422968216543e+00
2.754874709706095270e+00
2.522729367961294322e+00
2.611978791580169545e+00
2.827387542556933919e+00
2.859944048585771892e+00
2.524775890585116755e+00
2.686420910290486574e+00
2.728142793919055009e+00
2.794533950968635772e+00
2.354101314164845693e+00
2.368062424399321131e+00
2.448204456681341235e+00
2.920674196202492912e+00
2.637153321392766259e+00
2.881419415692921149e+00
2.357966457773091662e+00
2.718981028742088135e+00
2.315668770784633956e+00
2.752857339823392202e+00
2.678059352010151883e+00
2.501886656839088729e+00
2.966532755577157232e+00
2.637861744405801900e+00
2.209800095208727555e+00
2.471940558158340906e+00
2.687103780655953678e+00
2.563258490564334746e+00
3.016275253444595794e+00
2.582738370655389026e+00
2.940622892915043529e+00
2.539941916725966475e+00
2.941632135800011483e+00
2.034314267435424206e+00
2.724826070218556495e+00
2.763918510711979692e+00
2.130989635011776961e+00
2.358354923589245811e+00
3.052914373038670970e+00
2.664223457060673095e+00
2.235201890428746729e+00
2.605188680169205462e+00
2.898087099319279325e+00
3.089241253398120168e+00
2.847326872652335972e+00
2.213230280262175498e+00
2.141438809419784484e+00
2.554879732808243986e+00
2.719326643044505332e+00
2.582231572534369857e+00
2.806163885453339724e+00
2.951973888243095256e+00
2.471161873514605034e+00
2.482430139460159335e+00
2.407282085512139957e+00
2.829125270952551841e+00
2.982032188857185684e+00
2.828408018292214887e+00
2.505302757761088905e+00
2.315180204932566710e+00
2.519675714747752870e+00
2.623271776130255084e+00
2.769356816880900851e+00
2.294998970045757147e+00
2.366935915828116244e+00
2.282753867738531284e+00
2.895826618541295971e+00
2.669005592175111907e+00
2.392775333201227816e+00
2.638297379719816149e+00
2.698777680305583182e+00
2.093356730206001437e+00
2.826285377561149836e+00
2.732728637007456829e+00
2.298985100523502467e+00
2.815656133387106408e+00
2.595043013283487188e+00
2.712993682706256848e+00
2.693456430777407817e+00
3.052789049322405912e+00
2.512822527803023842e+00
2.663579590443915013e+00
2.822438456676800378e+00
2.382415791319806964e+00
2.819633003677682215e+00
2.532058504742889404e+00
2.297420175591521563e+00
2.918262254467113515e+00
2.495673844466957281e+00
2.868041891823785328e+00
2.641542037622017780e+00
2.262913015044233145e+00
2.609145915247945702e+00
2.947324522440049499e+00
2.380009932974819442e+00
2.457585853459470115e+00
2.763359690917679412e+00
2.120058675958566230e+00
2.097878418159335290e+00
2.265364920884012090e+00
2.055180852415909420e+00
2.270941317447315644e+00
2.723110894007394922e+00
2.747587035637033992e+00
2.498284009425970620e+00
2.606576707610777532e+00
2.395498692633905691e+00
2.846353453156837965e+00
2.683638067245589287e+00
2.694122666220227114e+00
2.466876202096413007e+00
2.338513436638104181e+00
2.406531287219190851e+00
2.368078917693534624e+00
2.441503225994090975e+00
2.375974538707921191e+00
2.658296122044338183e+00
2.216320233170733900e+00
2.240527781152752862e+00
2.944226693147996787e+00
2.361553932135592504e+00
3.004519879146570815e+00
2.367535742375714403e+00
2.855886084442230466e+00
2.533599122190581365e+00
2.650238957408550089e+00
2.817855687572377033e+00
3.009025871583372425e+00
2.326199186518306039e+00
2.191644729716403006e+00
2.889314499358674571e+00
2.081945950392896094e+00
2.967127467087145920e+00
2.917488324756437379e+00
2.842697525579070295e+00
2.079861281264859585e+00
2.768256098905268914e+00
2.379420140971116648e+00
2.075483040306047577e+00
2.863013740406030738e+00
2.510987644297941301e+00
2.586899044702988260e+00
2.824217123746590286e+00
2.530390598175154881e+00
2.490127311227582574e+00
2.213204583739586617e+00
2.667712568929557104e+00
2.526258009657338821e+00
2.768713522662285875e+00
2.439777037371349433e+00
2.832589419563381394e+00
2.722359860406868837e+00
2.686635676826892194e+00
2.406128204457662623e+00
2.560195632085767059e+00
2.252693418067932107e+00
2.394701274282585501e+00
2.401991876381029734e+00
2.616051496814288058e+00
3.074527746333908684e+00
2.990904336538682706e+00
2.545057268755341440e+00
2.716756220330431848e+00
2.379200441332146365e+00
2.907783900466012650e+00
2.692463316048796074e+00
2.753080744818997783e+00
2.741160403758727604e+00
2.112215797359031200e+00
2.814368176812571676e+00
2.685245084802033055e+00
2.424002710315368070e+00
2.431751269744647725e+00
2.496758773804209852e+00
2.309418784201401120e+00
2.552940940661900360e+00
2.695661531365814323e+00
2.450790364357890994e+00
2.586471615489009945e+00
2.446918835875996567e+00
2.842591942780805514e+00
2.485333940676868192e+00
2.715781253612397972e+00
2.198961480026102588e+00
2.868470310961520831e+00
2.704607254417235485e+00
2.536811016066915947e+00
2.756218193117312865e+00
2.301412988699423234e+00
2.661767437235469824e+00
2.285643463517817331e+00
2.491763163858385699e+00
2.905134176595392415e+00
2.419442397438580361e+00
2.715777492474568788e+00
2.767239631752295370e+00
2.743532611255619535e+00
2.598572586827489150e+00
2.113017922777982172e+00
2.090466967517099039e+00
2.776215205675940378e+00
2.218742243866633768e+00
2.802777507653130051e+00
2.280567663694241354e+00
2.298548098581578714e+00
2.654507473069038781e+00
2.803691793773726459e+00
2.687278883731688772e+00
2.592406439687555242e+00
2.755640317962575914e+00
2.448142863610721420e+00
1.991966335594212323e+00
2.189641014193423274e+00
2.701204704416103386e+00
2.741190727837648389e+00
3.034051241752512507e+00
2.802495826914054522e+00
2.706972317242206216e+00
2.174576696701991274e+00
2.852014001036880408e+00
2.927236384908907141e+00
2.431702414250805688e+00
2.654178325461168164e+00
1.996255947928863739e+00
3.059050074052810153e+00
2.255246681250721252e+00
2.605916564753133269e+00
2.073440926152808395e+00
2.662344272053348782e+00
2.768116037059535017e+00
2.816288991808210351e+00
2.827635388246810599e+00
2.749013155273104747e+00
2.313291874121904623e+00
2.523734578968890752e+00
2.462866529955255679e+00
2.370090181193473367e+00
2.387290365646424384e+00
2.286860307035973872e+00
2.665214827358469041e+00
2.664191745906907549e+00
2.840856282273848343e+00
2.636728515469384249e+00
3.012484521460740527e+00
2.659265930212567408e+00
2.876670437574024408e+00
2.361389495762751256e+00
2.679550334795400168e+00
2.848620971990589723e+00
2.574572619984276223e+00
2.616483357558865741e+00
2.639432873770186205e+00
2.893894632117480548e+00
2.079755914003700745e+00
2.779405286317236268e+00
2.535597911739416510e+00
1.998039765433015091e+00
2.535449870155578989e+00
2.321269481949351565e+00
2.567367766240876037e+00
2.754288255563289489e+00
2.739581685507134878e+00
2.413487292184998800e+00
2.325039275972681896e+00
2.582295111504346874e+00
2.734936621225634745e+00
2.643750103362513926e+00
2.293514794116725319e+00
2.621080850450356436e+00
2.784486937703753107e+00
2.478176175192007502e+00
3.020992457770720563e+00
3.005129605435312268e+00
2.379807402397300375e+00
2.627555851962869671e+00
2.691805798875043010e+00
2.767437538150985255e+00
2.968263201495541459e+00
2.764823833068789760e+00
2.683409220060609890e+00
2.808457716560647910e+00
2.565359110235176932e+00
2.850104574106324229e+00
2.317169752282054240e+00
2.243896391372448562e+00
2.514545855066458113e+00
2.855110541983326033e+00
2.547135533780973571e+00
2.505343799061628296e+00
2.618707840796692388e+00
2.677410289958921386e+00
2.647743660419955791e+00
2.800262364717123642e+00
2.263431646271036435e+00
2.391600796701219167e+00
2.812018284365541021e+00
2.349177573437710720e+00
2.813398202207705090e+00
2.451062005607136829e+00
2.097267427204315915e+00
2.456383782261725379e+00
2.356709797239706194e+00
2.436773913628395682e+00
2.721167837529819611e+00
2.132028764487775341e+00
2.891420470648824903e+00
2.410111501099545528e+00
3.033700332185445880e+00
2.687772351619500011e+00
2.791918162634792644e+00
2.844441412422525239e+00
2.867140483014869901e+00
2.552193411841627402e+00
2.255132044663814561e+00
2.743985857766394698e+00
2.505497708794170997e+00
3.037421082199782241e+00
2.603119420060752365e+00
2.364664083806302219e+00
2.701864328049462305e+00
2.976767555125362730e+00
2.528446990632100544e+00
2.482877390783178484e+00
2.612836503273425315e+00
2.514714303274116602e+00
2.644962928507565092e+00
2.653218228661354594e+00
2.860111295815393362e+00
2.920681880737342695e+00
2.189455564469173776e+00
2.617682199483104100e+00
2.699214533726439491e+00
2.714432668717774000e+00
2.670471388246006050e+00
2.363682199586421895e+00
2.427637474755602653e+00
2.690529951780256113e+00
1.877594697365292387e+00
2.548986130255707749e+00
2.515514304392530764e+00
2.947375686822287566e+00
3.046116975608934130e+00
2.554437654492454524e+00
2.385376208529635722e+00
2.164653273322010740e+00
2.759069873453106947e+00
2.450021162615502845e+00
2.169347353765957553e+00
1.971719236082984938e+00
2.011113507921582055e+00
2.678645963784149764e+00
1.762500320977783641e+00
2.037513134366223611e+00
2.170057544759529833e+00
2.449889764743504728e+00
2.193883741174829538e+00
2.506024940208773977e+00
2.672572122570249675e+00
2.865843830732284214e+00
2.327114351804205672e+00
2.277944034143742247e+00
2.884664339938613598e+00
2.845820256386831559e+00
3.069742456230294181e+00
2.509804423263302109e+00
2.578105894942298804e+00
2.793253001250679546e+00
2.459903877506885550e+00
2.096837988669166819e+00
2.413384261415410847e+00
2.400093710395883928e+00
2.557495860056773651e+00
2.619030021172444211e+00
3.009858356269556001e+00
2.313815792805441696e+00
2.915864607569977451e+00
2.671585970174169766e+00
2.749928586702067523e+00
3.063438491986540058e+00
2.469449736080038704e+00
2.790455056184529603e+00
2.174246714446335993e+00
2.687335834248883337e+00
2.537891593381679911e+00
2.656570268830285464e+00
2.665141789926125160e+00
2.586599315017962475e+00
2.421908760531794158e+00
2.477477272428926902e+00
2.241262624222757793e+00
2.523287426408742817e+00
2.700331933727958322e+00
2.675460925093658737e+00
2.328760105269263470e+00
2.569028668129522686e+00
2.811099441363815288e+00
2.577606714636687002e+00
2.519009637879748631e+00
2.559313088531798730e+00
2.661046603038838221e+00
2.288552684346017774e+00
2.538587912961589588e+00
2.706944568600492484e+00
2.784500674378983298e+00
2.899245462038772647e+00
2.246718915242591041e+00
2.196152869297611332e+00
2.446358119284825605e+00
2.255577402177252999e+00
2.738379990746460102e+00
2.455577277216367538e+00
2.958523392058765022e+00
2.564704173711610746e+00
2.729791715116331119e+00
2.305879768516222672e+00
2.436715567857664411e+00
2.605772768134808182e+00
2.020732443747472296e+00
2.730370835797133022e+00
2.387496212583552158e+00
2.876371885663498329e+00
2.962721518461130632e+00
2.624583431220508523e+00
2.737879557191368995e+00
2.068855875582437776e+00
2.843325515105564527e+00
2.917204103554986716e+00
2.602867076777049871e+00
2.264951785481240432e+00
2.180922284946438250e+00
2.568101894204827040e+00
2.714506214520401528e+00
2.632409512768385973e+00
2.031587770616201993e+00
2.693201246833135443e+00
2.295587885318208343e+00
2.966253338654745164e+00
2.324964352853442939e+00
2.951569058866525541e+00
2.342098862227557365e+00
2.967690958109489685e+00
2.989530496789586600e+00
2.620820159116004966e+00
2.552395546343052768e+00
2.572020071619648185e+00
2.711391172912972714e+00
2.819784199671490743e+00
2.184693812131098589e+00
2.380756408597290985e+00
2.818007941949568274e+00
2.503301049280408641e+00
2.762196415000659933e+00
2.975674931988266270e+00
2.629815745839684471e+00
2.679441889087557094e+00
2.152316098131183963e+00
2.915751768758399809e+00
2.469715842508226622e+00
2.422449066510981908e+00
2.724732046279813691e+00
2.947523130867845786e+00
2.646746863967056829e+00
2.718607307981615318e+00
2.074597226461762922e+00
2.961341531598613130e+00
2.950022913361102894e+00
2.615954318543606938e+00
2.111492744996566806e+00
2.735947911526374288e+00
2.375040041998158546e+00
2.622643942250141080e+00
2.287232512892407144e+00
2.832013751118727551e+00
2.341861086815562043e+00
2.665072616286695339e+00
2.298680040066270802e+00
1.926348021155919410e+00
2.304902065570286318e+00
2.889547334008444324e+00
2.276049532333125569e+00
2.775429530588048532e+00
2.734488689861618749e+00
2.752258154999164486e+00
2.927692741597142323e+00
2.879395863816217815e+00
2.008989417148656198e+00
2.908312704226157397e+00
2.864520091159715953e+00
2.290078233401755980e+00
2.801845428990344722e+00
2.321432348066899465e+00
2.302941486800967219e+00
2.738223022205744428e+00
2.951723709297081832e+00
2.823909708156043585e+00
2.980387942986660654e+00
2.547708146940720120e+00
2.279808311154130962e+00
2.087188343588977535e+00
2.201221666502772401e+00
2.334821236126559896e+00
2.919983934286570548e+00
2.258669465437530999e+00
2.211896123549500270e+00
2.726604263329109656e+00
2.737235252701634813e+00
2.651751308396492313e+00
2.836156698427788392e+00
2.767282781270575143e+00
2.117738029023014779e+00
2.764276002275765087e+00
2.541872397428568853e+00
2.810427086389400753e+00
2.721260964972560092e+00
2.633681621147116125e+00
2.254500520660222662e+00
2.831923430684638365e+00
2.238294910882865807e+00
3.005695857929000070e+00
2.591271154944926991e+00
2.809635535638323578e+00
2.624053912720928583e+00
2.653095864004059834e+00
2.776528142103283248e+00
2.664179076630368126e+00
2.498047002911454761e+00
3.082765289999541469e+00
2.617223002889232042e+00
2.796309827265924142e+00
1.857058912702304054e+00
2.852840615974217453e+00
3.010500979704924251e+00
2.848462846205933374e+00
2.883628790649456430e+00
2.414561264254065698e+00
3.074206096782089670e+00
2.899246976028281075e+00
2.315853594400012483e+00
2.841209614436600361e+00
2.562012976072145953e+00
2.655207334802163643e+00
2.795466265740080836e+00
2.339181220147854567e+00
2.319652508640206889e+00
2.536441519831088787e+00
2.874091029075611203e+00
2.010145568710346886e+00
2.464515175372111067e+00
2.558988730634507824e+00
2.846998516605235618e+00
2.534786181657133319e+00
2.135612473833458758e+00
2.338841387153692164e+00
2.630454504638503277e+00
2.860065182413424001e+00
2.758801543157332947e+00
2.688676122784460443e+00
2.604432179404180481e+00
2.104765099992802480e+00
2.779785444048669785e+00
2.555257155158194848e+00
2.835673857766276562e+00
2.447819228455767604e+00
2.162437315420842943e+00
2.736682245455577256e+00
3.130056470337649888e+00
2.774238739680106036e+00
2.854137924836656293e+00
2.930700799143818092e+00
2.639815062515734834e+00
2.297352225137405668e+00
2.544782107949850936e+00
2.650688573492603783e+00
2.701527425522167292e+00
3.066485046007871862e+00
2.903422833144650106e+00
2.286659523430900620e+00
2.759780660317388890e+00
2.222398112074872145e+00
2.292587885709416184e+00
2.674547746515758551e+00
2.610288206523304400e+00
2.115189781289933624e+00
2.930260316746150284e+00
2.248406359875751992e+00
1.944439262715321970e+00
2.398045955798095541e+00
2.370970065073108923e+00
2.191798997157884621e+00
2.133867420612035826e+00
2.940452648778349776e+00
2.267434440290346576e+00
3.098380136142228736e+00
2.197763718834930380e+00
2.691319277304916824e+00
1.800758118482602477e+00
2.458288494847636674e+00
2.727008429591537109e+00
2.443764046267266732e+00
2.257906696155514314e+00
2.376921263738116075e+00
2.761924708257261329e+00
2.497056146026771728e+00
2.079962516250660087e+00
2.970731970952603884e+00
3.067314585170153762e+00
2.463884451663879815e+00
2.200156184280524396e+00
2.276557944049549143e+00
2.490914739574795700e+00
2.649860644321800240e+00
2.255863627430613860e+00
2.828820655911513438e+00
2.898882027264030992e+00
2.714038813566126418e+00
2.631881999637290637e+00
2.268775855359173477e+00
2.775933954286219141e+00
2.454726039916568237e+00
3.066272482482177875e+00
2.857351552881356671e+00
2.447055588407581972e+00
2.813349604158660977e+00
2.882111540655503568e+00
1.772979268711484702e+00
2.580692645716871070e+00
2.322304671262686249e+00
2.037308882765114681e+00
2.805224150262887850e+00
2.722672299942049179e+00
2.884395474972625273e+00
2.688830885158433937e+00
2.093695619691653409e+00
2.899827685665750998e+00
2.221675531847667973e+00
2.421439954735293831e+00
2.906659418947917128e+00
2.885319821122495743e+00
2.358975301606303532e+00
2.609168277141781012e+00
2.434782541611939077e+00
2.414272874506722122e+00
2.457485384644254367e+00
2.522883046937186347e+00
2.250051308325161425e+00
2.283176142363987360e+00
2.971467566365554536e+00
2.068330305216799836e+00
2.630109863564709549e+00
2.561038775259448563e+00
2.489564317732704257e+00
2.806801130483086659e+00
2.331517444777624348e+00
2.948199027674835992e+00
2.852617535850615837e+00
2.211957748613118113e+00
2.019182009306788927e+00
2.304869399004505937e+00
2.429506178416912299e+00
2.170341322768793546e+00
2.805970054795906776e+00
2.644838324902615945e+00
2.425369197772469843e+00
2.879370897120932415e+00
2.319882010958394414e+00
2.744193920335083803e+00
2.151476553272644754e+00
2.603198490020314004e+00
2.640071639244250257e+00
1.933202288032634497e+00
2.284588957875760329e+00
2.502150053836268651e+00
2.674218822216606561e+00
2.694749454389194998e+00
2.117166979364846213e+00
2.711386001811937785e+00
2.169527665217600543e+00
2.832804914726438916e+00
2.984442128850365528e+00
2.662349752466097730e+00
2.693646895236855077e+00
2.642255860349480567e+00
2.321956017834331032e+00
2.912762172649761450e+00
2.611271112816583528e+00
2.573537918158150362e+00
2.341836634440396470e+00
2.482061803450705373e+00
2.306914988033582858e+00
2.490527259416095873e+00
2.488692047243338479e+00
2.965741175959830667e+00
2.917774537406247592e+00
2.608492810385250937e+00
2.529108358360330211e+00
2.410098582560942226e+00
2.978643975410501188e+00
2.931705734369228988e+00
2.208898162886526073e+00
2.812256697957625562e+00
2.668852150606138007e+00
2.854435861282003994e+00
2.860040167037128267e+00
2.498987473323162067e+00
2.411797768094641636e+00
2.514193506822956614e+00
2.514519945701074288e+00
2.710895041176244469e+00
3.031309666282692383e+00
2.676207591204037506e+00
2.580404658392044137e+00
2.734119410869628286e+00
2.496780675161320850e+00
2.581305642113443710e+00
2.569181929015852628e+00
2.298591612698816178e+00
2.076103340246725271e+00
2.534246833361325280e+00
2.242822518601585990e+00
2.411723185768880118e+00
2.814591567533157423e+00
1.908189473463368424e+00
2.426808029589288651e+00
2.950276120774022459e+00
2.770132067247077057e+00
2.585230013278193795e+00
2.585011923288147884e+00
3.023228233103795404e+00
2.176306896609025543e+00
2.546874227012051684e+00
2.323242124596974545e+00
2.567166665224858146e+00
2.830785897887874825e+00
2.919667679294811968e+00
2.878085177783792137e+00
2.798473036643910561e+00
1.915922200001017650e+00
2.529169617528633562e+00
2.430803436458191413e+00
3.005920175930831384e+00
2.101005190508840048e+00
2.585844177766948082e+00
2.761479562419139278e+00
2.182051591982841376e+00
2.648526159030617944e+00
2.659131238677264975e+00
2.458499519092651298e+00
2.312375872409013766e+00
2.612052282227214306e+00
2.469939481955461424e+00
2.458215519028978946e+00
2.341503327889727260e+00
2.616187824944988805e+00
2.558977055224331831e+00
2.934756480661774081e+00
2.941026563916062209e+00
2.860850547782326281e+00
2.635518233899016405e+00
2.648154804191351186e+00
2.634618524198594880e+00
2.026982753549270377e+00
2.669738697898178525e+00
2.422492468828462808e+00
2.479968994763508849e+00
2.539959345062993812e+00
2.450448399160237045e+00
2.578759931874568867e+00
2.757866678322115295e+00
2.912377203224283395e+00
2.419364084918086188e+00
2.920829137639167516e+00
2.480630598219689897e+00
2.598762720620433786e+00
2.647069381164012913e+00
2.506761672456282675e+00
2.616216244943049052e+00
2.768040409221524278e+00
2.844982220547909613e+00
2.823318744165421723e+00
2.508901068066093476e+00
2.617033239119608723e+00
2.263732327112997655e+00
2.785258698894155671e+00
2.281781476138476261e+00
2.451749209686412634e+00
2.873368605043608248e+00
1.962373186182173601e+00
2.931765060971919468e+00
2.392950817724214474e+00
2.786667180837883784e+00
2.856711634998921667e+00
2.669686600822172906e+00
2.777497085650518116e+00
2.600589680897184675e+00
2.935841732013552807e+00
2.208489625567993109e+00
2.488359231293490126e+00
2.379874806376401697e+00
2.531331131128238709e+00
2.672049414073507378e+00
2.662555580116592324e+00
2.732787244088720424e+00
2.668367140259336523e+00
2.452026034978769253e+00
2.508052949909604923e+00
2.773719566208226794e+00
2.851779642735506659e+00
2.414672009597232716e+00
2.167802708670756751e+00
2.451857737090261669e+00
2.364801091019670398e+00
2.514298215380161849e+00
2.345067030331708935e+00
2.010084795182723205e+00
3.086955382580174767e+00
2.552776572712766701e+00
2.290347261318019356e+00
2.039390875842402640e+00
2.167336260983738327e+00
2.326059706552519479e+00
2.784410161208783929e+00
2.130275561818536278e+00
2.737627911075197318e+00
2.379857663734016970e+00
2.589976665017974078e+00
2.636077591946109244e+00
2.669664181842984707e+00
2.577243759021740743e+00
2.912289347258709693e+00
2.472025254024827312e+00
2.470940852658253473e+00
2.225010019444861875e+00
2.790390749406260085e+00
2.815793394628561597e+00
2.716764318126942523e+00
2.468040763852261232e+00
2.534466819768530499e+00
2.215672324337381038e+00
2.978576410665844332e+00
2.699885777344606996e+00
2.629788352202663049e+00
2.735377380311812878e+00
2.376416608335012004e+00
2.572069542648876439e+00
2.960725943723808928e+00
2.748061861456517541e+00
2.893619650149366951e+00
2.541044524017604278e+00
2.936686300233092961e+00
2.466864686342734814e+00
2.389789028083419087e+00
2.797033009382358326e+00
2.869987164468974061e+00
2.663812220497811634e+00
2.665634023628078886e+00
2.527168091512899117e+00
3.005933377363430026e+00
2.381158298310702026e+00
2.960629000092028118e+00
2.422844787989189896e+00
2.439101837841646248e+00
2.749425688018752645e+00
2.970732836257947707e+00
2.575253858059782353e+00
2.892899498494852839e+00
2.314318247195652933e+00
2.363892437035321592e+00
2.285750912730470485e+00
2.150667442089556403e+00
2.736183705282874801e+00
2.173796652728461343e+00
2.295321695931451522e+00
2.624340311313843710e+00
2.334553736418184755e+00
2.598124020341397333e+00
2.538149622040361209e+00
2.589098985141529141e+00
2.965830512876223235e+00
2.884598894604522901e+00
2.629004412587994111e+00
2.868170680540271356e+00
2.797196817176716976e+00
2.832244138828766022e+00
2.829906579920881349e+00
2.522237693909749279e+00
2.365899960028917892e+00
2.289651765624399538e+00
2.536684577613572689e+00
2.406766713999120455e+00
2.599070664129129682e+00
2.318533673232442638e+00
2.746334243960349308e+00
2.261686268215621354e+00
3.029917105279378298e+00
2.913814874257327325e+00
2.058281424923480429e+00
2.542782101138231887e+00
2.522077600577840251e+00
2.431557162767978841e+00
3.092024023164407609e+00
2.712576875403615695e+00
2.967452064316670857e+00
2.154025981046709948e+00
2.574991187016227645e+00
2.418226724830048191e+00
2.895478329524126426e+00
2.266529616958205651e+00
2.462490822779135335e+00
2.349055874485062034e+00
2.928111441124063852e+00
2.752473519177405237e+00
2.143408571500447390e+00
2.765701967953041684e+00
2.510103836468504657e+00
2.772308552042384466e+00
2.392693079047249149e+00
2.464411030935355296e+00
2.498049029424727507e+00
2.639026683433532305e+00
2.506771346222818497e+00
2.671354561592713672e+00
2.472350854325724878e+00
2.612115437623997671e+00
2.730709254786479079e+00
2.888473901382022202e+00
2.179928876636931800e+00
2.624452709052848220e+00
2.766438759734696440e+00
2.324204326309538438e+00
2.424899003431320033e+00
2.295018992128858848e+00
2.344702491909175457e+00
2.432617276923191074e+00
2.367507627897987632e+00
2.544268540294582603e+00
2.847420522812407206e+00
1.992109228956114864e+00
2.452436002816997362e+00
2.472014340150332501e+00
2.469039301569540434e+00
2.760713670702749312e+00
2.243789404485769801e+00
2.836007138616241097e+00
2.130528766852499700e+00
2.206774620999176761e+00
2.200479970749358749e+00
2.257649018227331883e+00
2.308880919334846737e+00
2.535002422637221642e+00
2.393414618956542839e+00
2.400043144317982158e+00
2.232423820189855412e+00
2.513809751403926818e+00
2.614892393401713644e+00
2.484873105885233358e+00
2.290036049093679082e+00
2.526589501191983000e+00
2.735530696420189756e+00
2.764614063276466194e+00
2.556010492506081366e+00
2.765622750214245862e+00
2.585578401420742356e+00
2.289498127328046806e+00
2.545082324784279315e+00
2.321137309320189246e+00
2.212406256322611231e+00
2.249257409013210918e+00
2.059127449473771687e+00
1.994014279440162296e+00
2.080924088462542620e+00
2.841704939312287070e+00
2.710937410962646954e+00
2.537402743889437762e+00
2.610829650811457903e+00
2.897628445586184043e+00
2.482754088704921536e+00
2.501170698470537079e+00
2.683949749331270063e+00
2.837234748956388053e+00
2.322625392084312956e+00
2.400207198135087872e+00
3.086711901732367203e+00
2.858313579252705683e+00
2.948017930610432380e+00
2.250102877459343453e+00
2.711159933025577118e+00
2.538903177903150343e+00
2.706329085841021609e+00
2.285899911972865350e+00
2.642272650602814466e+00
2.481938761881621769e+00
2.675538938892105811e+00
2.693415323241453940e+00
2.540744334389872794e+00
2.650018411670014729e+00
2.832235887698713039e+00
2.583126673585868893e+00
2.817329137706688691e+00
2.016611363901809284e+00
2.568173137149756258e+00
3.119406819330791336e+00
2.568458105521214563e+00
2.412206324952015812e+00
2.430839149918288644e+00
2.542097715620013076e+00
2.705288634505558676e+00
2.100357921891369273e+00
2.700692582517073781e+00
2.411510163820373531e+00
2.492415256112811228e+00
2.813926764199440989e+00
2.632384601236923416e+00
2.619888143898175592e+00
2.857875216238076277e+00
2.788484740887637425e+00
2.672766859985403087e+00
2.079271952764623066e+00
2.766391204929067094e+00
2.841784209787448834e+00
2.589419028737949713e+00
2.366036093112338534e+00
2.971237382247986503e+00
2.782857675334303504e+00
2.486013401189463679e+00
3.080525893671929527e+00
2.699573535361561749e+00
2.216642418715850216e+00
2.157670469801556301e+00
2.139139886109626687e+00
2.574105460264184853e+00
2.195676447193469549e+00
2.355466526810551020e+00
2.684831240043946021e+00
2.702171731528003384e+00
2.339277608204133330e+00
2.930023505722739063e+00
2.249433459156253701e+00
3.045230829575320985e+00
2.364333518965676895e+00
2.438238912261575742e+00
2.925831095723814723e+00
2.754673718799365290e+00
2.580645172354860684e+00
2.263256613734758282e+00
2.696836602806687466e+00
2.008408672066377854e+00
2.414085214961894987e+00
2.679093744326443538e+00
2.722407571064151988e+00
2.768557447838488006e+00
2.792858629840283768e+00
2.697122775887210722e+00
2.692493897259438551e+00
2.838013188559943334e+00
2.816873796736156343e+00
2.183591947721666315e+00
2.429730467548250061e+00
2.250915010302518393e+00
2.767014269983126606e+00
3.011196479492335598e+00
2.549103246832432834e+00
2.648255715130558574e+00
2.230480335003693249e+00
2.339293154044505219e+00
2.015401724375584180e+00
2.476413493311910408e+00
2.609880882127318280e+00
2.701094511991280811e+00
3.011155555016992835e+00
2.291143034976207637e+00
2.230313802356225228e+00
2.065016200983043504e+00
2.252900423086126924e+00
2.502010424562790103e+00
2.515514875812339568e+00
2.792243775066123312e+00
2.705652805485618817e+00
2.994158715924541969e+00
3.091363938094088937e+00
2.224774970157379350e+00
2.338496015977537201e+00
2.481465500701675708e+00
2.983898398975137312e+00
2.530299476280137849e+00
2.689366535280063086e+00
2.314698494957358132e+00
2.636388129577433403e+00
2.608027629247660961e+00
2.839643584801862186e+00
2.745420399713086823e+00
2.369443226496469990e+00
2.472204623556268022e+00
2.892283135904324176e+00
2.452611298249434135e+00
2.622581439819853699e+00
2.248892888500581666e+00
2.940679620737709943e+00
2.332181730343513504e+00
2.849531721255192718e+00
2.772654695396471247e+00
2.673547478869493954e+00
2.589489342171099828e+00
2.572456452820788719e+00
2.423142785179237979e+00
2.736430033530253603e+00
2.239327579986160721e+00
2.545257752732688061e+00
2.336548127012566756e+00
2.663108242489035327e+00
2.355151505254447386e+00
2.426374718555370791e+00
2.432630310543993701e+00
1.951690348123286123e+00
2.584870938488802228e+00
2.563631892502463483e+00
2.549053485382356321e+00
2.707732344162972815e+00
2.528088601272832747e+00
2.420387688537465110e+00
2.176055568541001684e+00
2.727101187453598197e+00
2.651261263439281812e+00
2.442181192502153042e+00
2.932603779350914763e+00
2.909625829015733522e+00
2.752653163467868147e+00
2.812116072904030872e+00
2.410969428668408465e+00
2.493080024269356709e+00
2.619536944940750178e+00
2.932895047386603782e+00
2.680670243343678649e+00
2.924282543655276623e+00
2.608482888361053575e+00
2.586570021269247288e+00
2.678963325019885655e+00
2.400305668818862870e+00
2.516681309942222278e+00
2.218670858136079893e+00
2.681176119828772464e+00
2.565121179896038051e+00
2.894139116388827038e+00
3.029746435434236052e+00
2.285641900759275202e+00
2.479272406681661600e+00
2.465034028568462432e+00
2.614858264414090971e+00
2.612192973064167756e+00
2.703811036337995688e+00
2.691069108804705401e+00
3.003060560563393988e+00
2.515300456112436134e+00
1.946712448335604639e+00
2.086484818156606913e+00
2.455318686152956786e+00
2.902526827438858259e+00
2.603591005849993145e+00
3.051067688720411120e+00
2.005046240598102436e+00
2.276184151774538922e+00
2.145321736331126772e+00
2.108916713598783410e+00
2.911565933294657071e+00
2.795272325374979161e+00
2.658383892426207318e+00
2.673592845563255604e+00
2.461183097687074550e+00
2.519566011911726910e+00
1.822150842860552844e+00
2.461858604949767937e+00
2.807394079323560998e+00
2.746144974885691870e+00
2.625984192695941744e+00
2.610482509554145292e+00
2.323737929796577006e+00
2.478239684630991757e+00
2.187418782856337618e+00
2.895834277456593497e+00
2.338667864018629583e+00
2.493765351037626754e+00
2.439069469607348051e+00
2.096370867445969566e+00
2.829910081512627684e+00
2.470076097801181536e+00
2.846832405548061828e+00
2.464822689323862726e+00
2.405546553385309760e+00
2.283876835907215685e+00
2.626055678804446458e+00
2.630553839486112100e+00
3.072541261553848102e+00
2.136766569181974162e+00
2.714045601839378818e+00
2.770070352627094667e+00
2.429900469998670598e+00
2.806649996720870455e+00
2.327955477248887739e+00
2.779317135352931789e+00
2.851396575521379262e+00
2.634557225511013456e+00
2.715711722926656968e+00
2.058771005145402899e+00
2.364683673447212087e+00
2.294246535414439236e+00
2.659073027121858779e+00
2.432496697369081584e+00
3.048902125492758408e+00
2.392088821958941569e+00
2.662181560345866949e+00
2.758128427722092102e+00
1.913198581779079976e+00
2.886518331077065458e+00
2.744208167085632866e+00
2.724298289211395829e+00
2.825254377010278706e+00
2.685149354799980070e+00
2.847605927834010675e+00
2.958624438506292087e+00
2.930626410225815714e+00
2.300651138078357860e+00
2.547958914197642422e+00
3.020050736254868973e+00
2.673412665452501891e+00
2.274286088833295860e+00
2.190142322933007701e+00
2.901742792354831124e+00
2.983773339461928575e+00
2.460787953433824171e+00
1.987518020221071602e+00
2.421901281761280167e+00
2.415306339498291877e+00
1.977523972090249771e+00
2.224498096244522660e+00
2.559954560379553712e+00
2.501889719419633451e+00
2.917052970194698780e+00
3.052095826492478459e+00
2.820547849605879343e+00
2.544389343234875867e+00
2.389945806714482313e+00
2.863793198603941992e+00
2.138968152817382506e+00
2.267351630413909191e+00
1.977535583750769765e+00
2.629237996143912959e+00
2.846846408638123993e+00
3.107291109076683266e+00
2.257572146083392628e+00
2.397354012392172606e+00
2.634148408891944015e+00
2.784358664287781338e+00
3.089932401782299554e+00
2.669671272693834307e+00
2.779919233413416180e+00
2.751070503141152201e+00
2.661932903140977746e+00
2.933839812605143038e+00
2.598506735150384106e+00
2.306756201176826782e+00
1.899090060806160496e+00
2.464700456956476327e+00
2.418911415847952107e+00
3.003779016856500839e+00
2.544361412468225225e+00
2.391593921806399958e+00
2.045411373116420961e+00
2.931371917276427652e+00
2.633637378979851729e+00
2.715089936291121386e+00
3.099901324912207823e+00
2.186594786548907265e+00
2.752543920051280679e+00
2.030633773220632765e+00
1.966874650137747649e+00
2.742371177209363520e+00
2.998499583253114498e+00
2.564847560995286546e+00
2.348582246285831232e+00
2.950736566102035052e+00
2.474906059918205337e+00
2.745657890946620050e+00
2.329935469356414046e+00
2.715837507986619048e+00
2.780730413987435146e+00
2.881053515870120929e+00
2.449429254021409985e+00
2.247460282778161123e+00
2.257195801162201310e+00
2.211774911063309368e+00
2.782861494268847657e+00
2.297443816057017418e+00
2.798138531717974331e+00
2.390212279035858423e+00
2.622903354604624759e+00
2.637792026907195719e+00
2.616406609052700283e+00
2.637744541096475270e+00
2.603742917228453191e+00
2.100934024110364451e+00
1.987996686897870457e+00
2.730829968016257325e+00
2.420932973492113671e+00
2.701011269933434100e+00
2.711367063172708924e+00
2.244862766724828429e+00
2.669413536992132130e+00
2.877870770552031665e+00
2.374966476346946020e+00
2.514576370158244867e+00
2.162964126335670034e+00
2.700594919099124525e+00
2.621291838755010595e+00
2.346140136016220623e+00
2.833246618570383735e+00
2.661417265841117707e+00
2.863051740197731121e+00
2.583397250928743727e+00
2.028197822321527788e+00
2.011327255996291363e+00
2.820555982396028227e+00
2.439706467192038097e+00
2.891458357921012023e+00
2.269401241070572173e+00
1.694161638455236707e+00
1.955501344908097572e+00
2.471740102171547271e+00
2.583698475655700211e+00
2.906109890550831576e+00
2.617592837217809887e+00
2.367857161828906598e+00
2.141524171708690361e+00
2.532537773131422476e+00
2.877272166675824749e+00
2.660791859972366336e+00
2.492103517057778550e+00
2.622365143165023227e+00
2.842899847143951497e+00
2.753384606975179061e+00
2.857710809533670737e+00
2.260992240147381871e+00
2.392510526809048965e+00
2.166069856811133842e+00
2.650845516923819645e+00
2.358920746421582670e+00
2.696298310875294924e+00
2.574599370931562881e+00
2.844789565973004031e+00
2.713696832619372667e+00
2.728037103268883712e+00
2.865348746367526456e+00
2.030554073627361067e+00
2.267588162961393650e+00
2.662492950470298769e+00
2.609575502804004632e+00
2.307153482680671441e+00
3.083300094379110678e+00
2.458307182265287771e+00
1.956138701071629571e+00
2.443176767932085269e+00
2.847399936885008032e+00
2.463526300874165464e+00
2.663558789072653088e+00
2.481864076419130427e+00
2.616234926135614813e+00
2.570041904410711009e+00
2.052039775708104585e+00
2.284596594128619262e+00
2.359083752300437986e+00
2.368821101552158748e+00
2.724958311594575022e+00
1.834849614878150792e+00
2.910506252285319118e+00
2.954495511558517862e+00
2.522810599054746472e+00
2.510422996181904676e+00
2.735969994252004600e+00
2.353741212006458472e+00
2.450794523580569262e+00
2.652890663949787786e+00
2.753804257595243499e+00
2.205381338090716792e+00
2.896034093376064877e+00
2.193892269235681702e+00
2.802580254109197089e+00
2.994291629456664161e+00
2.610805278864892554e+00
2.396569323126826578e+00
2.171283670107531094e+00
2.446242092650519506e+00
2.591308458307393980e+00
2.424158539742145901e+00
3.054353328758886654e+00
2.266699200491349320e+00
2.673620432504376865e+00
2.537343902889933833e+00
2.932326527455639820e+00
2.444674869177293264e+00
2.558568053593162084e+00
2.557325240762429175e+00
2.431808675744292714e+00
2.864106981283697895e+00
2.423298194863629185e+00
2.909156113000952004e+00
2.138430916024541606e+00
2.525257235847603532e+00
2.241292302890633970e+00
2.442849885145369715e+00
2.484909006929939768e+00
2.232252055347699660e+00
2.811627966581397686e+00
2.656790871414051125e+00
2.600352315178013018e+00
2.982507154474532740e+00
2.281071949038098623e+00
2.825836976647361887e+00
2.911260468711545535e+00
2.801178970129552859e+00
1.764951572620319320e+00
2.449223902485655913e+00
3.044416250424719195e+00
2.208409929157343576e+00
3.011358094436765054e+00
2.920135695687021915e+00
2.453817072557757051e+00
2.744802223982326872e+00
2.680830828784332098e+00
2.172009633786199156e+00
2.385220732251393638e+00
2.413548261684010932e+00
2.709322122003645195e+00
2.946736268811818160e+00
2.862431810794731746e+00
2.223254878179035110e+00
2.745409706471429345e+00
2.086673294110062749e+00
2.741430719073071565e+00
2.912026218306870806e+00
2.448697487505380188e+00
2.446026674699184777e+00
2.785637818777556785e+00
2.904570608790984831e+00
2.376563746282675638e+00
2.315032590995559580e+00
2.968771798130887429e+00
2.223674270120716390e+00
2.396756799606015953e+00
2.491731781856573846e+00
2.969481667380231560e+00
2.614920100791072510e+00
2.120609774387753887e+00
2.218694149996474074e+00
2.375092819411434242e+00
2.732468923497434865e+00
2.235800961514025964e+00
2.472947189620982034e+00
2.214766925722623903e+00
2.361804375697048375e+00
2.568644967560123504e+00
3.006040262393646412e+00
2.947402742605405912e+00
2.242352316533111622e+00
2.777686755001078645e+00
2.293593208073682277e+00
2.028963055018024875e+00
2.557870835919585417e+00
2.963837945645025673e+00
2.622622233044760609e+00
2.884086043761936224e+00
2.891215533197859511e+00
2.778336784916180857e+00
2.456689815575075819e+00
2.702306837709460119e+00
1.998201017766079612e+00
2.621261504303396883e+00
2.395200648873449190e+00
2.699889485841767467e+00
2.176018761035762417e+00
2.829627938383040497e+00
1.906512885261493873e+00
2.612972189285966529e+00
1.991514479613248234e+00
2.611094217032223774e+00
2.506080044478241842e+00
2.766779509156826133e+00
2.767345841658627847e+00
2.580891504084945165e+00
2.518221575780541954e+00
2.067175121733459520e+00
2.263183398541497304e+00
2.590906357406660643e+00
2.463802361486563619e+00
3.065881765948673898e+00
2.252681955211984111e+00
2.381823622864644552e+00
2.948838282858877502e+00
2.883605810169809658e+00
2.225773950371580767e+00
3.089160127487893703e+00
1.948972076573743495e+00
2.954001984056684016e+00
2.260177920134079255e+00
2.740541864743561984e+00
2.447017769789801456e+00
2.249169327034583610e+00
2.469396526574326067e+00
2.695790447565316050e+00
2.611631154022466816e+00
2.493351128332276900e+00
2.750875457375334676e+00
2.175019301884497214e+00
2.740838824372868299e+00
2.367741856981394832e+00
2.558702923390933748e+00
2.278953807625952344e+00
3.027325777206694379e+00
2.432238703487293208e+00
2.937326743638156046e+00
2.863737803690817429e+00
2.859676689228792146e+00
2.804048716869282476e+00
2.246322785995618965e+00
2.979344020916428359e+00
2.852842769821997138e+00
2.740640389403764754e+00
2.601676406154246113e+00
2.651901541931376727e+00
2.587178299786185853e+00
2.369437628384689631e+00
2.620519991290953588e+00
2.335059367049011847e+00
2.521097691309918787e+00
2.440800808509118625e+00
2.842459102401551529e+00
2.772687376682151594e+00
2.482111642188558509e+00
2.311171552974874199e+00
2.777835145135617356e+00
2.275444571562999396e+00
2.317543937125340570e+00
2.211766864600299254e+00
2.957534957830758593e+00
2.417886689600523997e+00
2.292226372085746533e+00
2.277671305122705103e+00
2.285244355415563700e+00
2.489560610769174787e+00
2.529245517204080862e+00
2.264591506628956363e+00
2.594513786157212287e+00
2.769353613045362206e+00
2.474389847614497207e+00
2.450468136481106285e+00
2.382022756185664392e+00
2.804122188256080506e+00
2.943854345152974616e+00
2.365321907525987477e+00
2.975062161651988557e+00
2.412422861366501969e+00
2.882935355141187816e+00
2.683993351181733544e+00
2.701483381601405220e+00
2.404028801282690697e+00
2.155093143959169844e+00
1.836736498831599063e+00
2.055262898676130767e+00
3.077700625786502719e+00
2.650473955823425598e+00
1.843250161490758821e+00
2.691935631558466824e+00
2.365820694878701946e+00
2.772659131253476961e+00
2.964360691185409902e+00
2.731944843813418178e+00
2.636060402757208099e+00
2.293212756809989816e+00
2.327735123488192670e+00
2.657647209878642780e+00
2.613244606376973422e+00
2.602172546858806168e+00
2.716854033109633804e+00
2.265787456923626486e+00
2.897719895244550425e+00
2.377959960427232122e+00
2.359867066790422019e+00
2.540695849837030451e+00
2.424834505090116998e+00
2.728434150209030573e+00
2.574159685847899226e+00
2.494096202787801975e+00
2.495368554457614518e+00
2.784711001783724438e+00
2.686719943143668132e+00
2.081352558927651586e+00
2.537077842614856582e+00
3.005227251117344789e+00
2.323185351293768797e+00
2.559247803138190225e+00
2.744640547871900260e+00
2.694513946916961444e+00
2.322125301457363289e+00
2.717776174425661218e+00
2.273001235110490459e+00
2.397896697018108370e+00
2.697480400841948178e+00
2.984469045341525906e+00
2.426967793357643011e+00
2.597263681110713485e+00
2.254779010076108481e+00
2.883482486736633099e+00
2.127020775098477756e+00
2.645704330837316487e+00
2.759248679671995941e+00
2.700171010287965689e+00
2.788397448195028883e+00
2.756749852831652969e+00
2.640036304821062885e+00
2.869720419690888757e+00
2.691458160557699042e+00
2.250103419827246043e+00
2.539598794024846562e+00
1.991734506817033568e+00
2.372924067220997468e+00
2.689514771916027502e+00
2.941019133222645632e+00
2.784440525693930635e+00
2.716644981469301889e+00
2.458251955460196481e+00
2.796492844430600311e+00
2.916873909833407996e+00
2.894058412479994846e+00
3.068090674282961672e+00
2.359633742429886549e+00
2.458587655922443549e+00
2.421808001885400685e+00
2.664924663991984133e+00
2.597845432937024412e+00
2.450202550425713444e+00
2.613735497767565974e+00
2.637227193095424305e+00
2.622787152284632661e+00
2.803234744757726382e+00
1.852454685405769297e+00
2.488136029651584646e+00
2.169708447477150415e+00
2.111167294974621633e+00
2.838753743195728596e+00
2.331919033153583509e+00
2.386725370768179477e+00
2.213975091520731908e+00
2.883374384397291212e+00
2.644254448807335400e+00
2.643312510439887131e+00
2.619714483325583210e+00
2.333173782974940380e+00
2.546445479688476343e+00
2.213823542701609970e+00
2.435199457848504778e+00
2.319807933853579751e+00
2.462454052931752901e+00
2.726586608690975577e+00
2.407798056338696480e+00
2.919514207873679545e+00
2.355430830090804672e+00
2.809702095028141500e+00
2.668195858441515078e+00
2.620889622434840138e+00
2.482203938023881840e+00
2.921034223285693177e+00
2.870505314889684190e+00
2.990307445033865807e+00
2.687208513100466156e+00
2.544801205233512498e+00
2.267755577035039494e+00
2.924650430109107191e+00
2.284334344279225881e+00
3.099943785953618747e+00
2.621319070485666369e+00
2.412462618032662487e+00
2.754447055695552482e+00
2.512890061596265490e+00
2.728474801562073004e+00
2.659995463492518475e+00
2.612712003844429809e+00
2.821765361306228126e+00
2.808430912470934349e+00
2.628776083475741210e+00
2.470200186705146184e+00
2.263757717707909567e+00
2.393720613031893318e+00
2.921482764444601976e+00
2.525132300506599314e+00
2.803638735361713596e+00
2.230806256842977398e+00
2.677272081239035817e+00
2.825925182697455629e+00
2.705501497399626309e+00
2.300294789572769893e+00
2.591108805440522023e+00
2.503708603035299518e+00
2.208774811609802491e+00
2.673380151068753374e+00
2.769178318080313783e+00
2.795082835206627259e+00
2.755956673765026288e+00
2.761970416668795725e+00
2.364397584939020192e+00
2.023034151962439520e+00
2.602990828061032325e+00
2.827259377849311583e+00
2.365133897939772467e+00
2.437737036985338168e+00
2.902536779999610239e+00
2.769721777779233118e+00
2.347689765143474272e+00
2.160604049302705221e+00
2.231491150299078630e+00
2.797549027224003559e+00
2.656041771354302305e+00
2.917152380897619413e+00
2.847277114833694167e+00
2.581832013887582100e+00
2.182782575796184066e+00
2.586031820897395583e+00
3.021010271037586126e+00
2.597661272095067808e+00
2.646641630721519256e+00
2.054359201082858188e+00
2.003704150713055299e+00
2.926916276165218544e+00
2.658315719668551402e+00
2.023992367252905655e+00
2.670687596322112611e+00
2.939552611472321164e+00
2.681889462467196061e+00
3.055779357486323455e+00
2.481233368709708120e+00
1.804443732088575336e+00
2.821150896978555700e+00
2.412477630514786142e+00
1.922505372339064822e+00
2.780604747147850109e+00
2.675770344907264509e+00
1.809260969242716621e+00
2.483114289489648741e+00
2.962497123970350810e+00
2.862707654348337627e+00
2.481146040053388457e+00
2.569094720410196153e+00
2.554518144070736518e+00
2.710431928567788251e+00
3.105137659180727372e+00
2.535716136816799526e+00
2.744423979413490144e+00
3.023632441316289388e+00
2.529639930661344849e+00
2.314307199238366586e+00
2.930356965425529037e+00
2.655013755101164552e+00
2.318138379891717893e+00
2.500650218618594600e+00
2.826047227488893920e+00
2.717641977071591608e+00
2.903947752709413521e+00
2.705104563372594306e+00
2.536632676358050009e+00
2.562932929908400936e+00
2.750236826133732215e+00
2.496372986612275913e+00
2.748008500287629996e+00
2.927244986080953293e+00
2.894813092556054457e+00
2.575065957580969567e+00
2.910721087489463788e+00
2.436847918879529562e+00
2.413524127086742244e+00
2.131838353583458190e+00
2.733724086378894302e+00
2.724891629364392998e+00
2.690425162988279606e+00
2.639990366148174505e+00
2.591849076052654688e+00
1.957652332093716030e+00
2.413059722179472288e+00
2.026602197636123925e+00
2.752917202594804102e+00
2.367967419705622856e+00
2.679688049162072705e+00
2.228446257635090078e+00
2.491833500834340409e+00
2.224258924630886369e+00
2.600715038456570483e+00
2.186635927905205445e+00
2.297649249550882455e+00
2.789151266743755464e+00
2.248927426394272899e+00
2.161662099800063075e+00
2.715395184581086419e+00
2.638499580660255361e+00
2.419675418724128502e+00
2.351920125185202437e+00
2.461956451133661794e+00
2.928899382858795697e+00
2.304843218669080152e+00
2.287415045203002872e+00
2.845024863802484205e+00
2.482740144575815933e+00
1.968876612903447176e+00
3.031744380237370251e+00
2.497858609785626349e+00
3.005682203688439635e+00
2.030193799923573295e+00
2.593300750287882650e+00
2.571070372398564174e+00
2.094918543244196130e+00
2.495169782874285591e+00
2.448649015960536968e+00
2.705502236279335726e+00
1.884312543634254933e+00
3.002508688055478991e+00
2.806958277659460155e+00
2.883538322598174997e+00
2.332467375434641443e+00
2.704488875717379948e+00
2.907523234902622988e+00
3.040894344098405533e+00
2.436057254796194727e+00
2.470274195810607587e+00
2.451233943698852613e+00
2.440640722231990356e+00
3.034089188421275729e+00
2.952873782802039493e+00
2.556733608925562784e+00
2.671346881923386096e+00
2.643659263249194424e+00
2.935204529016664399e+00
2.438589719559635327e+00
2.629247477940153566e+00
2.358350254219628628e+00
2.799808266724771677e+00
2.833245329685719849e+00
2.396416194240029274e+00
2.657269291011601364e+00
2.578273257295551790e+00
2.488053796305412568e+00
2.488886158924861647e+00
2.699524042215091235e+00
2.784781902347562621e+00
2.637836067033064502e+00
2.115984190111231733e+00
2.662691270773680507e+00
1.904947895870997776e+00
2.392627180900062100e+00
2.825834473332126340e+00
2.767157485895020308e+00
2.881416770179209941e+00
2.872183657530116285e+00
2.670030977611127287e+00
3.079326882924096953e+00
2.760693256387352079e+00
2.564378661055079611e+00
2.590749339239777793e+00
2.887919193976839161e+00
2.436707285037986281e+00
2.757158630747293948e+00
2.242119894024087401e+00
2.363626092008006996e+00
2.532670347855318749e+00
2.362375576546067446e+00
2.957907360539663078e+00
2.143200258317134121e+00
2.460993648264957478e+00
3.042104582326941475e+00
2.276338425128059839e+00
1.931931369922488484e+00
2.120440438555024176e+00
2.825071285535966759e+00
2.255256304794698075e+00
2.098164669989147413e+00
2.219796163009099654e+00
2.629601912924075080e+00
2.398680869281196060e+00
1.805258770058427498e+00
2.464996085136841764e+00
2.500073232262203238e+00
2.167888064063890230e+00
2.957625005867482226e+00
2.590485043819500177e+00
2.728216582204507024e+00
2.781490358428644338e+00
2.911696627069833010e+00
2.493786060915304859e+00
2.478900986556447528e+00
2.717310078390752448e+00
2.705472260864580925e+00
2.776770375735633234e+00
2.262744247012498100e+00
2.807330905966448409e+00
2.345555837702117952e+00
2.462395316460691319e+00
2.464775470181807648e+00
2.916408633261597494e+00
2.605179297609758748e+00
2.603307631657843402e+00
2.546132459140163284e+00
2.456121814379868873e+00
2.589377183507643121e+00
2.674847902969267999e+00
2.867022222817006583e+00
2.692949783749470249e+00
2.671706462913636670e+00
2.284104312559907868e+00
3.004521928459115365e+00
2.786425471405765464e+00
2.408732212724547850e+00
3.015500596009750289e+00
2.220035848570963921e+00
2.829740718740239469e+00
2.473913435684644391e+00
2.880257032491837954e+00
2.783480913844218030e+00
2.582268941456370204e+00
3.042897521227358126e+00
2.229308349344037765e+00
2.332766560403157996e+00
2.565182768649912237e+00
2.244548556443946463e+00
2.040917998580222825e+00
2.753633454273678449e+00
2.887968259919231784e+00
2.887309504921288905e+00
2.801781329949389665e+00
2.317367730569485751e+00
2.624563528692811509e+00
2.281860728311711384e+00
2.605704471981335590e+00
2.423416410010336808e+00
2.748820156541648352e+00
2.372583442998419834e+00
2.418249304705550440e+00
2.545330804307027073e+00
2.541086181707728819e+00
2.007189654796301514e+00
2.585025904305092048e+00
2.584495825085444398e+00
2.424063127689335850e+00
2.434077558544952780e+00
2.750593356402916800e+00
2.992862628090475319e+00
2.555831425289642134e+00
3.094246310964610558e+00
2.331061501292750915e+00
2.388839151954857520e+00
2.569004815074941384e+00
2.560552390421909408e+00
2.952084479492706137e+00
2.210217865123634162e+00
2.658432570947538043e+00
2.397406323119137816e+00
2.316258677863694437e+00
3.010426036419774576e+00
2.309963440774191579e+00
2.415625195369592859e+00
2.289630072639279312e+00
2.647109181744787154e+00
2.236651973104897273e+00
2.660548655893591352e+00
2.569875862645973896e+00
2.996494522485379175e+00
2.921642073210547252e+00
2.331742903511975662e+00
2.522081209620457454e+00
2.670703165007243918e+00
2.604098197815288618e+00
2.262987111571379995e+00
2.633796305718445030e+00
2.663783352770687785e+00
2.241454335733237713e+00
2.559643055535339329e+00
2.784346878662716129e+00
2.533763962130255010e+00
2.797441759352948587e+00
2.991150119341920099e+00
2.493365026585098398e+00
2.904445594370731243e+00
2.923725412843915183e+00
2.344894265381613163e+00
2.717888514785331111e+00
2.479041111364721051e+00
2.325934949258875228e+00
2.432526303305159843e+00
2.609306488694730142e+00
2.599624409927379975e+00
2.452068320234519927e+00
2.716529080714878752e+00
2.234364131778622919e+00
2.271480979079076423e+00
2.510972475701827467e+00
2.422501979065196043e+00
2.789862154179026277e+00
2.780424705489254578e+00
2.365672949887178245e+00
2.593909097487983484e+00
2.523966515108007069e+00
2.806017498094176332e+00
2.546697871219619103e+00
2.770058100596057393e+00
2.669274670437818742e+00
2.334097715147100516e+00
2.801712827999688571e+00
2.369972189156748232e+00
2.803817947584759995e+00
2.642098183649026044e+00
2.746747183113087853e+00
2.237747463665042513e+00
2.263651007824281081e+00
2.567659081482848382e+00
2.895667457182000692e+00
2.779752420089658838e+00
2.722801734669006546e+00
2.326713038418395385e+00
2.958218619739602318e+00
2.536163649513569318e+00
2.822671292098928308e+00
2.070790703288315271e+00
2.807306065240531723e+00
2.597233767100658675e+00
2.343430181369398735e+00
2.714917625526014788e+00
2.714516978608356279e+00
2.662389756124716733e+00
2.138893980044148435e+00
2.331138785626388987e+00
2.350201916884321118e+00
2.043965500550065428e+00
2.055731185848087783e+00
2.455744390030139446e+00
2.748047707980913135e+00
3.017750820724386607e+00
2.849344967144244123e+00
2.975359900573132155e+00
2.814601548173405909e+00
2.195836386406337049e+00
2.827390459002363521e+00
2.614881096733894239e+00
2.414455597100044315e+00
2.495320990935201877e+00
2.614643000701011299e+00
2.791461249147078050e+00
2.792387235524043998e+00
2.912319950339190555e+00
2.437211308700076628e+00
2.613512456607440360e+00
2.242407954274339588e+00
2.530606864557922719e+00
2.702989383532375278e+00
3.021910345462532010e+00
2.387591704922450653e+00
2.898604699214805791e+00
2.353592231732004159e+00
2.217891882966596562e+00
2.752754383024214491e+00
2.944370290129664447e+00
2.982493762584911945e+00
2.256234969268516188e+00
2.135556467171611850e+00
2.461416121407728586e+00
2.085145906371391966e+00
2.066322478567259147e+00
2.721546459531549722e+00
2.627111811002046604e+00
2.457518743761329727e+00
2.504785384454687680e+00
2.831385823080299957e+00
2.071246631377221092e+00
2.149260750674883091e+00
2.186728911312528112e+00
2.250319230576618867e+00
1.958807735058332833e+00
2.781334668178222280e+00
2.855489084539657441e+00
2.378400914492677654e+00
2.307919075895186634e+00
2.527839537285124116e+00
2.429206341056915353e+00
2.307939591789032185e+00
2.691959628489677847e+00
2.263287067455923562e+00
2.685028524236048764e+00
2.738746038302853236e+00
1.900892351127052793e+00
2.790638562760818342e+00
2.777416181761706682e+00
2.399516212915147939e+00
2.549641931674059059e+00
2.263422718743544948e+00
2.153253572150406026e+00
2.516634210107353109e+00
2.447261898265751690e+00
2.308861707176110389e+00
2.569197355061137333e+00
2.254596417132167296e+00
2.130234905896791098e+00
2.510881085037913074e+00
2.676185798876666411e+00
2.456987007572491777e+00
2.305831132325902644e+00
2.450425773030073806e+00
2.807474426824283498e+00
2.731217461510159872e+00
2.885043719036429088e+00
2.579150279510820987e+00
2.093951991265710078e+00
2.406730343690434371e+00
2.367723424177718972e+00
2.278116580285844073e+00
2.568141006692596484e+00
2.922891673700877657e+00
2.648963421000792184e+00
2.877201191419040960e+00
2.837854449026010251e+00
2.370597650639648002e+00
2.509738089438422914e+00
2.317963981712187760e+00
2.802347520304589779e+00
2.952790702979747550e+00
2.928524974875052589e+00
2.327714874134074297e+00
2.512718987536747051e+00
2.954463772196529003e+00
2.900888640600974622e+00
2.936532632961983857e+00
2.749966093491397867e+00
2.020958468851628442e+00
2.959850466103163047e+00
2.745685482477818962e+00
2.598216962421645793e+00
2.533450972165919080e+00
2.778475535955763576e+00
2.470370629424231357e+00
2.283287297388332693e+00
2.758377014180830589e+00
2.738558946902672986e+00
2.531603140352555403e+00
2.661167771064414822e+00
2.781685208129679676e+00
2.424353647745189022e+00
2.198389016785569972e+00
2.754707193626090955e+00
2.271892833332138650e+00
2.770023442282464554e+00
2.646835865144364863e+00
2.748368220651474125e+00
2.565402150847421403e+00
2.634816545160552081e+00
2.868260742692028575e+00
2.746632761920284160e+00
2.307076900746782844e+00
2.139658037635150833e+00
2.426951486020398896e+00
2.817467599126060041e+00
2.488577770763315211e+00
1.963715829286686088e+00
2.785010808577715657e+00
2.773345847467747927e+00
2.953506504067631155e+00
2.612952079130177463e+00
2.780462539208694572e+00
2.785663787849512296e+00
2.551373942028265507e+00
2.797556254328404712e+00
2.540022126071699304e+00
2.389498604009196114e+00
2.495579027186249021e+00
2.463989966505495843e+00
2.658439760015722797e+00
2.050731272297533714e+00
2.801241418989889986e+00
2.880576791367846390e+00
2.788223668359263829e+00
2.668041841966978467e+00
2.772433412293450417e+00
2.749409731983243788e+00
3.098573320818274190e+00
2.110248820918018353e+00
2.531617479403906579e+00
2.953853163522440983e+00
2.106092624312934092e+00
2.092318934661399510e+00
2.718515383060144952e+00
2.808335717235123319e+00
2.475583336168911686e+00
2.333942159300885777e+00
2.670237234876924326e+00
2.820831221548585788e+00
1.967847871314659436e+00
2.893000906696199692e+00
2.906120305488998135e+00
2.777438476912807985e+00
2.449409839172183023e+00
3.103968905253554844e+00
2.359178072100438506e+00
2.685340218781393062e+00
2.528640690382144118e+00
2.712101166620712878e+00
2.564249948200619578e+00
2.951332872186850587e+00
2.775868438321516862e+00
2.671430374910492400e+00
2.262418928842040433e+00
2.463390128755812203e+00
2.558585929919128255e+00
2.902934597573648468e+00
2.430860568604885863e+00
2.279262728958792561e+00
2.329173439522852718e+00
2.272195457936671215e+00
2.662926038667622564e+00
2.273133791001363591e+00
2.774203257747118290e+00
2.419317170263810546e+00
2.130654772343826053e+00
2.567007619695524490e+00
2.514450239663687636e+00
2.405580029452120794e+00
2.494062495693261550e+00
2.319624375950210649e+00
3.030805249515997168e+00
2.021746920657735647e+00
2.667523866824704992e+00
2.807024790059849728e+00
1.789017139042292204e+00
2.931800127346600782e+00
2.851218188674954579e+00
2.469251771242750859e+00
2.740324506553609041e+00
2.702295932775524268e+00
2.506834784756589052e+00
2.610220764506267166e+00
2.905034251978081183e+00
2.473424814542973138e+00
2.374767885668108924e+00
2.227231566185639000e+00
2.294982220475176415e+00
2.943054339782635420e+00
2.839921442497320037e+00
2.938289979054517609e+00
2.656051166549346032e+00
2.237531852862872928e+00
2.477321844767143677e+00
2.704262899971743295e+00
2.142867903073525149e+00
2.811670484934133185e+00
1.863047503292789564e+00
2.389638132764240197e+00
3.031888284782552567e+00
2.871582578403857333e+00
2.512877596729723884e+00
2.918015361166883093e+00
2.376381877603187309e+00
2.326875903328009976e+00
2.629589451875898654e+00
2.385895906711699155e+00
2.516477791354647664e+00
2.410356436063673335e+00
2.669941526058068781e+00
2.197786381086208607e+00
2.899038419981102344e+00
2.196094670215805511e+00
2.060127607529930849e+00
2.552222169095995419e+00
2.103519203538125382e+00
2.673887798774662539e+00
2.634802542317227658e+00
