2.603551004043874961e+00
2.058308101384777267e+00
2.125368408528538477e+00
2.214487468376435952e+00
2.479318216436804168e+00
2.131646724755660749e+00
2.523110422093614247e+00
1.966019547283464952e+00
2.460360594022623637e+00
2.804998209945218868e+00
2.385452886960098606e+00
2.163062306352792952e+00
2.616647295391803407e+00
2.096690121198869328e+00
2.312906301065679848e+00
2.310935451286573628e+00
2.132772137763656595e+00
2.320702322821249997e+00
2.542818792943660533e+00
2.632376089972585209e+00
2.701034437358816209e+00
2.066534301640421845e+00
2.048082068904182762e+00
2.474809396125792205e+00
2.776036148638145296e+00
2.019323654379088673e+00
2.498361998704643483e+00
2.522308344081630516e+00
2.351659660355876813e+00
2.755527111503945470e+00
2.269817352036186620e+00
2.806927735707770655e+00
2.134203068375511769e+00
1.965277982146254043e+00
2.165151430649930209e+00
2.116151994167830175e+00
1.926882949754137764e+00
2.468075590418971732e+00
2.870726475002935096e+00
1.944510227679804526e+00
2.234319411520819365e+00
2.389391034791326529e+00
2.695137469303369393e+00
2.923536395172573688e+00
2.323845732685982934e+00
2.181187657901517696e+00
2.188805444457026628e+00
2.589915554191572156e+00
2.686872353877833852e+00
2.888558810937944532e+00
2.549682281755451640e+00
1.835038567868908066e+00
2.360054205514201087e+00
2.197533296154749571e+00
2.419322580256671795e+00
2.750784583571798780e+00
2.650395910067908201e+00
2.435946038942198300e+00
1.905699478665779933e+00
2.395183112311712659e+00
2.254894220852563080e+00
2.185535181770170254e+00
2.486963061640063977e+00
2.344387647011358045e+00
2.968743895408382905e+00
2.534513550887364186e+00
2.222002641079996010e+00
2.464935681428059411e+00
1.859190127319926056e+00
2.766286881383678509e+00
2.403485811244158832e+00
2.528141746623469466e+00
2.596140460677652584e+00
2.786975680522876697e+00
2.287328536778323151e+00
2.269509759299542573e+00
2.589335244868457231e+00
2.181723237301013807e+00
2.881296740581280158e+00
2.521564007564040200e+00
2.802452271266926864e+00
1.881284610668288337e+00
2.518453552550989905e+00
2.264650198592133901e+00
2.149031686852706624e+00
2.108905090796479698e+00
2.679646853330091893e+00
2.002019136213463391e+00
2.529164176329157687e+00
2.541398101572004187e+00
2.747584086670435521e+00
2.591191298621081440e+00
2.053164611146439889e+00
2.593582505413515094e+00
1.886370211460692170e+00
2.173233828168290138e+00
2.258118440031431806e+00
2.035706865872355387e+00
2.186871685122732778e+00
2.295595186492684014e+00
2.539581264247587011e+00
2.197005301169078439e+00
2.803262190748752936e+00
2.663137298842927603e+00
1.915171691286954303e+00
2.518864945546440470e+00
2.298883174867960566e+00
2.815756858270723750e+00
2.420149030042295646e+00
2.745312521239657411e+00
2.560903433912612215e+00
2.443262614958347623e+00
2.218714149974879035e+00
2.212692451914326064e+00
2.174792224382778638e+00
2.349890944683375338e+00
2.574630323826086808e+00
2.453514344442539574e+00
1.965967001845120965e+00
2.674829046666748145e+00
2.201121780281058093e+00
2.127589407789685971e+00
2.309345444450704665e+00
2.370271670117330753e+00
2.322288165718065844e+00
2.393847810535403298e+00
2.811425247652457049e+00
2.625502853733087782e+00
2.455485499506309122e+00
2.337506787268408992e+00
2.411552975510990571e+00
2.486591826038671904e+00
2.696650649914466680e+00
2.435637921212872037e+00
2.239450773733200339e+00
2.261524381257817851e+00
2.295967141086837415e+00
2.381673743825622136e+00
2.425272955951717879e+00
2.497822093537124921e+00
2.393852900590709432e+00
2.102495936884861472e+00
2.128496043778584479e+00
2.470841783977716144e+00
2.090374115962289281e+00
2.151398231636253655e+00
2.060783920670279379e+00
2.247825567865952223e+00
1.957184434154248809e+00
2.587637215307593941e+00
1.665613736989488558e+00
2.453486080113615131e+00
2.459245657685674047e+00
2.288538556559866155e+00
2.630188834356534500e+00
2.647596516697500846e+00
2.152350142342613903e+00
2.513439985192229997e+00
2.871075308633585621e+00
2.256472180395205474e+00
2.679901149750730127e+00
2.139876554038530276e+00
2.500859416034891591e+00
2.532919566871030259e+00
2.674102299124501592e+00
2.457872823430359954e+00
2.016078804737631902e+00
2.050274787103161245e+00
2.230991559790508560e+00
2.916404239649375452e+00
2.751270073283056838e+00
2.732625914200564221e+00
2.325584961759573410e+00
2.452025250804155121e+00
2.670019272359442475e+00
2.604028409424218538e+00
2.174329529774223335e+00
2.356062476805079520e+00
2.586779630717744638e+00
2.076311964460649584e+00
2.618531707288140442e+00
1.738500923321300462e+00
2.361028374474988922e+00
2.571848617025064065e+00
2.823082748942171705e+00
2.396500935505866625e+00
2.306150160684013795e+00
1.973877118967513722e+00
2.426426705522310101e+00
2.112979215249674247e+00
2.195569898349319704e+00
2.520482315012968044e+00
1.704449287429419035e+00
2.631505000878458844e+00
2.465337267537365484e+00
2.593970585568721177e+00
2.837904240447131521e+00
2.808849305214549119e+00
2.749569977870120141e+00
2.358589765498921409e+00
2.677729725563598784e+00
1.969273730614709228e+00
2.374992836239219862e+00
1.987072295574601632e+00
2.572114686781058701e+00
2.635067213205014802e+00
2.545157792449988854e+00
2.393780284864144292e+00
2.316267747440536873e+00
2.357889775242265173e+00
2.842219330994131266e+00
2.961782239828510299e+00
1.860616743114543059e+00
2.685446481218776604e+00
2.391264499132783605e+00
2.117788682869600869e+00
2.624617014336497522e+00
2.107550293671032193e+00
2.433097902897241482e+00
1.928315648334180121e+00
2.312731355534658917e+00
1.751132833135360611e+00
1.862747195767790354e+00
1.811046645256369825e+00
2.018663712070199345e+00
2.603816536783295721e+00
2.441632783623977510e+00
2.469406938019809594e+00
2.522963314271289725e+00
1.964265813488659695e+00
2.693136697988390171e+00
1.962528791423108654e+00
2.066927636983780125e+00
2.281031253690556593e+00
2.252687895144723562e+00
2.606646962159812730e+00
1.911552296760306024e+00
2.209636647409222832e+00
2.562871089145367431e+00
2.724661488765006467e+00
2.464662112336571287e+00
2.117597835492747826e+00
2.213745235423709268e+00
2.011691563631377910e+00
2.592380483546174119e+00
2.218424759351286024e+00
2.670826192511599029e+00
2.176572349919066340e+00
2.750465222013692923e+00
2.661339889139449078e+00
2.055461481004825508e+00
2.410358731021994050e+00
1.882752433187093288e+00
2.366524791862690158e+00
1.947401456850076373e+00
2.120092669470091451e+00
2.384643941134787948e+00
2.250399088870779885e+00
2.633557269668495682e+00
2.604482667709756782e+00
1.729885843339706186e+00
2.400603842232315266e+00
2.224684049308094380e+00
2.334694916183396973e+00
2.153918047697756855e+00
2.176357510729139300e+00
2.592458453212081348e+00
2.575256304555114450e+00
1.953666940223967252e+00
2.028797537915731031e+00
2.289159564303456129e+00
2.010556672589785876e+00
2.288625687463763381e+00
2.052025045749592991e+00
2.738755337330887052e+00
2.226151835765471709e+00
2.414504399906165055e+00
2.586285863073742863e+00
2.591521558815429671e+00
2.469471651920797761e+00
2.171699619239743306e+00
2.870965640891224968e+00
2.687476247922802042e+00
2.695544942288646162e+00
2.799331247972964398e+00
1.917811445272984638e+00
2.544669998228923369e+00
2.036878599835355352e+00
2.406415037142187074e+00
2.416476458273466577e+00
2.491037031883700514e+00
1.903398127625584690e+00
2.446557431854730069e+00
2.638379233052035477e+00
2.212421014125350638e+00
2.044864755361025299e+00
2.988650363830264389e+00
2.045236487924420921e+00
2.132596719511656858e+00
2.672535000888026868e+00
2.362682435804143388e+00
2.565135744757641501e+00
2.550635039007663529e+00
2.295261531417710721e+00
2.614399556884210440e+00
2.046749603224712999e+00
2.214645659871705696e+00
2.593804069670014201e+00
2.523267713000778123e+00
1.963411382091313939e+00
2.443325224599163459e+00
1.815306155947866484e+00
1.845785717162234052e+00
2.430408443068276192e+00
2.072508976182135143e+00
1.952287669182031227e+00
2.573436048048009184e+00
2.437959173898255560e+00
2.328657549827353179e+00
2.656289286127337057e+00
2.631616756423746040e+00
2.573185402802187216e+00
2.596572753011595847e+00
2.411256760432341828e+00
2.723527484208537963e+00
1.987952664718429796e+00
2.069534554139985438e+00
2.273945890030484307e+00
2.557575080639839182e+00
2.504163411465679889e+00
2.534736085907201009e+00
1.919181471521188342e+00
2.302643202959989921e+00
2.762987517710387309e+00
2.649541793087993202e+00
2.141173922503024851e+00
1.915316095961567378e+00
1.976721601375819981e+00
2.358273817190355892e+00
2.679159206404788218e+00
1.920227889587870163e+00
2.699302182699050423e+00
2.549956386135737940e+00
2.830640319102951885e+00
2.650633545276157577e+00
2.141893941512657218e+00
2.299625301329955018e+00
2.298764895132060726e+00
2.696502649233149640e+00
2.479292287215714374e+00
2.569330314718811792e+00
2.332653908187442227e+00
2.880984424020614831e+00
2.301122103508357331e+00
2.095504201174164027e+00
2.034523022334050246e+00
2.455429397467375097e+00
2.043897953399310019e+00
2.179840768509102134e+00
2.514018855931935192e+00
3.067979920682630812e+00
2.473126708139341101e+00
2.388795740099901366e+00
2.131862374617448985e+00
2.057846736371251151e+00
2.689006545167190065e+00
2.373883545750752333e+00
2.103362667843926559e+00
2.190735800881410622e+00
2.246325993190315895e+00
2.731150359016909057e+00
2.021385996822474773e+00
2.252354575726904784e+00
2.166947171952067208e+00
1.831075184711909998e+00
2.315179271748265322e+00
2.070347199247492220e+00
2.039307920118742068e+00
2.542758476142786606e+00
2.151472417092665346e+00
2.630323591296806374e+00
2.882504196552431175e+00
1.690197352099669148e+00
1.770978227512265857e+00
2.370137238674166369e+00
2.606580167572259299e+00
2.103867824858292490e+00
2.074533466859311837e+00
1.869763329421654463e+00
2.249390492811886855e+00
2.385493936189813535e+00
2.257832806775272871e+00
2.414850803013711911e+00
2.585555204627392634e+00
2.810897199992458351e+00
2.326747785335040675e+00
2.476877564305760782e+00
1.949250817252077939e+00
2.108911684313063972e+00
2.106325714137685878e+00
1.966462698050341906e+00
2.450015377610285761e+00
2.225148969264962417e+00
2.574330390012167236e+00
2.951215973208951127e+00
2.664448457754833299e+00
2.395320323549003927e+00
2.298787780601916353e+00
2.587777528177191311e+00
2.210061680843877774e+00
2.155698531503189130e+00
2.507249355088279508e+00
2.377303526092768404e+00
2.310536335236621497e+00
2.593723841350830117e+00
2.384127383874667938e+00
2.608912116978902684e+00
2.479813687398405353e+00
2.408418858736591339e+00
2.402967882405052436e+00
1.808382431825826142e+00
2.052229137261122105e+00
1.707003331169338889e+00
2.875939389959554227e+00
2.703983244699705857e+00
1.996647780911708026e+00
2.443841774756045915e+00
2.526981233833061946e+00
2.159398003485426543e+00
2.798364063844443805e+00
2.098049946969469115e+00
2.841834255870269388e+00
2.613536511045512878e+00
2.487263703702673467e+00
2.365552007137221580e+00
2.780052211499450809e+00
2.018364180992275436e+00
2.524889388488444464e+00
1.938657151000002354e+00
2.081799521376480833e+00
1.999703640115085390e+00
2.299815358357800932e+00
2.266742316224684473e+00
2.521958451118801570e+00
2.374690544567984674e+00
2.446641067593729790e+00
3.042515778677878924e+00
2.562556591873760059e+00
2.051946552183745887e+00
2.115935887270262050e+00
2.251262378360211702e+00
2.493032810450927172e+00
2.073011945561688218e+00
2.278449046216434404e+00
2.754833437357232295e+00
2.639299842769057935e+00
2.117393825991995548e+00
2.270395233689191716e+00
1.811123984651300090e+00
2.291386069814964177e+00
1.940447942175417939e+00
2.696638331517205778e+00
2.397302788485313751e+00
2.453159025559185302e+00
2.290597688944163490e+00
2.398339818674705359e+00
2.792687744366358249e+00
2.170976426259977554e+00
2.354988396007998919e+00
2.122394241567371331e+00
2.148912901907543915e+00
2.686714866906922072e+00
2.253295881164742109e+00
2.093235710188898757e+00
2.301285982876256409e+00
2.439550348258271217e+00
2.490669972205914462e+00
2.370687606879409604e+00
2.631045133257636781e+00
2.219265488945453946e+00
2.292334437715262574e+00
2.282283795122903580e+00
2.529497259777540030e+00
2.093636021506145806e+00
2.506111123942521335e+00
2.532933410416197795e+00
2.131428494937817053e+00
2.178243907402666046e+00
2.230138735082507040e+00
1.930108394964329177e+00
2.853581799426954113e+00
2.104311675445626584e+00
2.689618517101239892e+00
2.144007980361218646e+00
2.411030697689044544e+00
2.714270411069828359e+00
2.495984724395820198e+00
2.856562786649281538e+00
2.390417654048812235e+00
1.960343028114832409e+00
2.439655810739973951e+00
2.000770485487017858e+00
2.360534786643213589e+00
2.113340242650744827e+00
2.604940882265598390e+00
2.318706972925109966e+00
1.725140679808191857e+00
2.061933295946054123e+00
2.497377420997182185e+00
2.364725762979960066e+00
2.138846821797254272e+00
1.799606096856964044e+00
1.933713301233614956e+00
2.660944374473216634e+00
2.715427503864181080e+00
2.506992380030544698e+00
2.126386500382221989e+00
1.978981676421716962e+00
2.550466005899014732e+00
2.418292295541762282e+00
2.542310920233825655e+00
2.239220292281565605e+00
2.400800069013040883e+00
2.503344382337843843e+00
2.456671966600136869e+00
1.957474313308117386e+00
2.721930297734718618e+00
1.860953598792182140e+00
2.561788632300580737e+00
2.442754789672871407e+00
2.168116371535012465e+00
2.249058364098417861e+00
2.782308260932901511e+00
2.804200109003599284e+00
2.290186850191424206e+00
2.430782453388006470e+00
2.097948239285216232e+00
2.206701689978531888e+00
2.490149702387940422e+00
2.575110451909765175e+00
2.694102047142396206e+00
2.339002308539708253e+00
2.458814304888163882e+00
2.498651557107834709e+00
2.248626982427214482e+00
2.904400707450308872e+00
2.313450146415141795e+00
2.691773826573244488e+00
2.344586406587336747e+00
2.403351481797727285e+00
1.923911952299236283e+00
2.039233890095622392e+00
2.300196404540225448e+00
2.793192229683964189e+00
2.684922149421068660e+00
1.821931404282157718e+00
2.557819738521886599e+00
2.111430938616237096e+00
1.965549422616325703e+00
2.858591170899807299e+00
2.312057828831952211e+00
2.151420684112038906e+00
1.955747642502110972e+00
2.730606797691304877e+00
2.335396522136873099e+00
2.178696848451222134e+00
2.160775576625076244e+00
2.485305462253985187e+00
2.396786076624966455e+00
2.706144401477921235e+00
1.964761543679446332e+00
2.835466268382070165e+00
2.966810442578214246e+00
2.597135432650477416e+00
2.578236548607867107e+00
2.470425827202113567e+00
2.533436793292588529e+00
2.334317450139695271e+00
2.276650439129534575e+00
1.948998243121901286e+00
2.180865392787799451e+00
2.557797098749022613e+00
2.074656779257016304e+00
1.789811380122746209e+00
2.014565124599717372e+00
2.450911249729720520e+00
2.621661744752101786e+00
2.498199416778942528e+00
2.404344270426735264e+00
2.367867081351626268e+00
1.953065970749264801e+00
2.070133275877169776e+00
2.528897850685797533e+00
2.683651197876068650e+00
2.532879011298767580e+00
1.887954224317483165e+00
2.018997235791027300e+00
2.187988819875144042e+00
2.227742921498090833e+00
2.909571054219503239e+00
2.656217965368283362e+00
2.095967728709863032e+00
2.937258229585926639e+00
2.801623872416553862e+00
1.901707844313200502e+00
2.145800374386073184e+00
2.441495606806924901e+00
2.564610411359292907e+00
2.649727435689544830e+00
2.835653858581579811e+00
2.608711734817473538e+00
2.269679398620537469e+00
2.321868684113901349e+00
2.069152696075063247e+00
2.446317546397064113e+00
2.113681108587209589e+00
2.039554491485546350e+00
2.074831875311202722e+00
2.747052562311649293e+00
2.672443203387705246e+00
2.435596073227261460e+00
2.363604391325854870e+00
2.615349357175713152e+00
2.231200608036616906e+00
2.553187582388620314e+00
2.111453814160042519e+00
1.974696618840904305e+00
2.545955394562883001e+00
2.903743221073164626e+00
1.990139442569744510e+00
1.928759888510152010e+00
2.156263150984495613e+00
2.649454770392483560e+00
2.666031741064660565e+00
2.374238622752020689e+00
1.867698182392500073e+00
2.408653563291152100e+00
2.131632777936746770e+00
2.535463238316371548e+00
2.749834849976940720e+00
2.747512336539729816e+00
2.267092552310282727e+00
2.532219132695281871e+00
2.591333063251954449e+00
2.202572170298221721e+00
2.422394858050225253e+00
2.228442364142231291e+00
2.547323770268062226e+00
2.459821879664078725e+00
2.381732423433197354e+00
2.212908989846841923e+00
2.162036777770332652e+00
2.159694140332418133e+00
2.721141809692648739e+00
1.964932738236419896e+00
2.596969236607223230e+00
2.137075619835116846e+00
2.787804188612126755e+00
2.575082552596360763e+00
1.862615518160197325e+00
2.738147878892764009e+00
2.279856400789786797e+00
2.406077066697636990e+00
1.740596391335649251e+00
1.833599295146709940e+00
2.543502826359433477e+00
2.297500604544042702e+00
2.206333990455063621e+00
2.680747320467239625e+00
1.772146445754926969e+00
2.230424703085809313e+00
2.049437457370084648e+00
2.834551725549786294e+00
1.768782950547592048e+00
2.301444024509210262e+00
2.880794964312966222e+00
2.519969104081081213e+00
2.323710006738515688e+00
2.047056799131887317e+00
2.098890263071524487e+00
2.799537805766329157e+00
2.107850258559362810e+00
2.390329652652627423e+00
2.175143507380475683e+00
2.890495705889727596e+00
2.562420467159003845e+00
2.049389395815218951e+00
2.078324175804887375e+00
2.269540866159870163e+00
2.535513769884309987e+00
2.554611478415842019e+00
2.753971128312339811e+00
1.764288759317393485e+00
2.093599373607540226e+00
2.306242876914980311e+00
2.430129799769300991e+00
2.186420733538417149e+00
2.174555135739665968e+00
2.423719643191891038e+00
2.244394410374227267e+00
2.295181002758969857e+00
2.332619552428074172e+00
2.603199381232103704e+00
2.475199013511353741e+00
2.874595346220111924e+00
2.709863978663566986e+00
2.672653271005663189e+00
2.287915021861800291e+00
2.528800550354492138e+00
2.639474024069234925e+00
2.566049282929312003e+00
1.791757369299183722e+00
1.911400483080166079e+00
2.283461436972177960e+00
2.071673846817365661e+00
2.247834297229933220e+00
2.659304907118338779e+00
1.979336503851465201e+00
2.532707180860223062e+00
2.450150078249328178e+00
2.730137911678241380e+00
2.044153350132365432e+00
2.630777887208306964e+00
2.151395191694021491e+00
2.470286757008383294e+00
2.259240272881894995e+00
2.090645195601645856e+00
2.186853064026348381e+00
2.005970062071617210e+00
2.518201249962148225e+00
2.097765764086529039e+00
1.915085008926770804e+00
2.378423636697259091e+00
2.647867408235192954e+00
2.173739278795563834e+00
2.493533004642162876e+00
1.812993792832497952e+00
2.444406048617765226e+00
2.505631689285035435e+00
2.436102097456885218e+00
2.265540759272694160e+00
2.134449187984357899e+00
2.558631175752748454e+00
2.613450244827163260e+00
2.853734030827111301e+00
2.066707758858847832e+00
2.749033321138538266e+00
2.348233218761009322e+00
2.565865278474713129e+00
2.342159418119846848e+00
2.211863543186785463e+00
2.812005327258356058e+00
2.874316474956003287e+00
2.150647731063019652e+00
2.797113895901997438e+00
2.294444902845320211e+00
2.736502979153075277e+00
2.523972912579679040e+00
2.173123459185164918e+00
2.393803842923143854e+00
2.526970930611485588e+00
2.592212268549925369e+00
2.687124118866465405e+00
2.218672467171280083e+00
2.332272277911213720e+00
2.791583710145454589e+00
2.336604996488323316e+00
2.360018689868767616e+00
2.157468687740559776e+00
2.291318921040763179e+00
2.589489841424538419e+00
2.247908475765404646e+00
2.548668116655615989e+00
2.725082623002962112e+00
2.075802172483714791e+00
2.897797697555000607e+00
2.195254841227490594e+00
1.749606619780692762e+00
2.133281795241942724e+00
2.321099154755675631e+00
2.314144703619613885e+00
2.539567922397538702e+00
1.956144098803634490e+00
2.748962612598467636e+00
2.314061689175363146e+00
2.270090367060035419e+00
2.598113588380312144e+00
2.485530800635829429e+00
2.193701553375015045e+00
2.342082015130849459e+00
2.414573133432859287e+00
2.047752093959859465e+00
2.769847930103792599e+00
2.714440609460654130e+00
2.404609413802412110e+00
2.455340171710183039e+00
2.597205087538257740e+00
2.014949247248638997e+00
2.002109440387551231e+00
2.409482361721067889e+00
2.589820703499342347e+00
2.060702236554963651e+00
2.373871263361084338e+00
2.106551046060023413e+00
1.849814733016842183e+00
2.886841518623307401e+00
2.507933678772266362e+00
2.500642330757830933e+00
2.127850983807772600e+00
2.176981544141446623e+00
2.497218120940102537e+00
2.370836376703541859e+00
2.533416539980327897e+00
2.262063318075850482e+00
2.495664387981909815e+00
2.398706674302300890e+00
2.798291758617339919e+00
1.857839122521214525e+00
2.021893456289515001e+00
2.213268161389159161e+00
2.601198738376395259e+00
2.446803441239735477e+00
2.224944945996062184e+00
2.556913687571128246e+00
2.436085396517098545e+00
2.662530483086360533e+00
2.243510539045281860e+00
2.585216696277722104e+00
2.181146166160247368e+00
2.485717765048222283e+00
2.814180166801675043e+00
2.033371605756591816e+00
2.504418347340981565e+00
1.908003417329262819e+00
2.556103167561043499e+00
2.432063137035240352e+00
2.114477932732603538e+00
2.271076077660867831e+00
2.142254098492638814e+00
2.161247823442820959e+00
2.473463465064199784e+00
2.458579321597948120e+00
1.913886352046355821e+00
2.623169508874539702e+00
2.732497974703457455e+00
2.167032043115723727e+00
2.458630242589971537e+00
2.266628839025008890e+00
1.945840388260221765e+00
2.283648526645805532e+00
1.923491401789596100e+00
2.536155889876622549e+00
2.469220839061921691e+00
2.380569062763864707e+00
2.784469483431649017e+00
2.684359914912322509e+00
2.573420391347791103e+00
2.681601068687706757e+00
2.655753280441691899e+00
2.488939916382897799e+00
2.586420478344479079e+00
2.249484788540911495e+00
2.202038162435188351e+00
1.938446411172827677e+00
1.814613880352270003e+00
2.435391688099189267e+00
2.260218791172932562e+00
2.303061010967304423e+00
2.157972525543839559e+00
2.595458984027468219e+00
2.606336841650830571e+00
2.961748771612268349e+00
2.436226505374745610e+00
2.454967188600700290e+00
3.088694606615852045e+00
2.724692695906453466e+00
2.152212075474463582e+00
2.655088398539009464e+00
2.456778659626463135e+00
2.228276275645661109e+00
1.823020481697290807e+00
2.664203360469115989e+00
1.828204772856444782e+00
2.965124431547205841e+00
1.889023201825386966e+00
2.214231087343760063e+00
2.413649585760615945e+00
2.802028638791215887e+00
2.661606399337666851e+00
2.912789486091750479e+00
2.266426470027874007e+00
2.327513112546187646e+00
2.502796516039192731e+00
1.736418433562501695e+00
2.488501158078471498e+00
2.642424520644021335e+00
2.605040913118983781e+00
2.403905297050289214e+00
2.206189242653008975e+00
2.307454244811219191e+00
2.309604363057723653e+00
2.358291516625273587e+00
2.770200345616061099e+00
2.579982217720438342e+00
2.712664479221158942e+00
2.592861950114388137e+00
2.870534165089106970e+00
2.185471998419809658e+00
2.133947794392401676e+00
2.549522083944402162e+00
2.117864051147015481e+00
2.129596984316367791e+00
1.840970204241556774e+00
2.409611360560632853e+00
2.504573472426137926e+00
2.404295547395121968e+00
2.496015739661557209e+00
2.104918340077557293e+00
2.661071345779239650e+00
1.890536614955328654e+00
2.563986904511677434e+00
2.526596523680029183e+00
2.562200139152558620e+00
2.105048413429550180e+00
2.625570739325588487e+00
1.622749454467029784e+00
2.444660049185370720e+00
2.601641310242974736e+00
2.591298357525974261e+00
2.430323520100058587e+00
2.185345462682771522e+00
2.476869677157478300e+00
2.523614494232171879e+00
2.335906909442133639e+00
2.507133904953034786e+00
2.120999981895163700e+00
2.688722593572754782e+00
2.545727843779395538e+00
2.288297733732552519e+00
2.477477441019622528e+00
2.346915227702044415e+00
2.445821233184437116e+00
2.211683283981076720e+00
2.728414513408956577e+00
2.166827746184279757e+00
2.114865795871293308e+00
2.378145507946546111e+00
2.182613791863393438e+00
2.355389237362042198e+00
2.259215087515261899e+00
2.691102683477460289e+00
2.594960378746240526e+00
2.539182719230583807e+00
2.404132068281794599e+00
2.452798137735688222e+00
2.484576634901533687e+00
2.653627479372715925e+00
2.082011878216804224e+00
2.030108439404610721e+00
2.109985202244892388e+00
2.011901891567815071e+00
2.008986678524932401e+00
2.456457960835308540e+00
2.631124767820728572e+00
2.086608024431407138e+00
2.702526852005308289e+00
2.163333253907121279e+00
1.850313711165749053e+00
2.385974903106801825e+00
2.403774463841795495e+00
1.760014347491329678e+00
2.385622291713572096e+00
2.208105457029410079e+00
2.161426146272528825e+00
2.619247326676505061e+00
2.969098670885654379e+00
2.347539141002671581e+00
2.423118977162159293e+00
2.666141056523586350e+00
2.506807232937805274e+00
2.398146541290849143e+00
2.504562931972072803e+00
2.524293766437535780e+00
2.191030764716514145e+00
2.391039739730715041e+00
2.470153262857114118e+00
2.015127406761872297e+00
1.882370446697410493e+00
1.941336964470298021e+00
1.831632325930113936e+00
2.037932896987638465e+00
2.158317726451477014e+00
2.172603258103361412e+00
2.487708982808394254e+00
2.589647083213610479e+00
2.779621564959279922e+00
2.620830418556295172e+00
1.839464384764247340e+00
2.400335195134168487e+00
2.188882018044899347e+00
2.455553350304819471e+00
2.168215038968622110e+00
2.580495888656745507e+00
2.671565586329982978e+00
2.652686707961520618e+00
2.567586795077827055e+00
1.999522729734487525e+00
2.453534653128415233e+00
2.673259791783124673e+00
2.602695777903657692e+00
2.127661935618083255e+00
2.175757367701161016e+00
2.259277896558222309e+00
2.016745455671209442e+00
1.939903544551560888e+00
2.175279774270259203e+00
1.904356285046184150e+00
2.327144191501226089e+00
2.473005108355227577e+00
3.048635893822237986e+00
2.083895215588646543e+00
2.222972829377391157e+00
2.112316246802156350e+00
2.307891373694838322e+00
2.116963598848977668e+00
2.303273106098772338e+00
2.323911587542513590e+00
2.171941962724598607e+00
2.012926640563328817e+00
2.437826123007840184e+00
2.359577214442465820e+00
2.515415476454847088e+00
2.657060154749296910e+00
2.442123623919250974e+00
2.261176411729321156e+00
2.628384582071088271e+00
2.831500699231520368e+00
2.909012532514965610e+00
2.524407294101371324e+00
2.576756537586246676e+00
1.982910823282611146e+00
2.125571095837245572e+00
2.388151823730674028e+00
1.869146433624876646e+00
2.319500860852440116e+00
2.771962898802156960e+00
2.108845434078930658e+00
2.118992657162984905e+00
2.000916811682285079e+00
2.470135869567226194e+00
2.230005504107729575e+00
2.334213543729340312e+00
2.556992422300765622e+00
2.079819715683673742e+00
2.174337453240201778e+00
2.779073156592239968e+00
2.465560422991146527e+00
2.558372453150310033e+00
2.189889261463998427e+00
2.347719233121613236e+00
2.525830889418838154e+00
2.222297798819915293e+00
2.256587885502417734e+00
2.648906448247988266e+00
2.089438157167742727e+00
2.265458930114398139e+00
2.300434137016024394e+00
2.057249227343882048e+00
2.178576454501430337e+00
2.316540862761429675e+00
2.600237522365646647e+00
2.749666591096619150e+00
1.732155128400915345e+00
2.058530235650593454e+00
2.392379040983145799e+00
1.735208461014605019e+00
2.409562821558500989e+00
2.259266158235540001e+00
2.585300125279075267e+00
2.533597812315640407e+00
2.478511690336969941e+00
2.421432852798173663e+00
2.476773176157532674e+00
2.678419169172488346e+00
2.662217805497649081e+00
2.468564850238952335e+00
2.680274467556408524e+00
2.689451603893995735e+00
2.881012614831686136e+00
2.380870283380010832e+00
2.575758116794128583e+00
2.211826907523864794e+00
2.235854134079141353e+00
2.474115312964709990e+00
2.793938867533857451e+00
2.495631013891748573e+00
2.311800012754563483e+00
2.521851180069245579e+00
1.943564226151459851e+00
2.742206010247009829e+00
2.251004631055036231e+00
2.737917412362632419e+00
2.490227595024548268e+00
2.306078638694752048e+00
2.208153366266497830e+00
2.574211874495571539e+00
2.485134809369252462e+00
2.350249616892106985e+00
2.620803717837604463e+00
2.118742977372798819e+00
2.417243517089538329e+00
2.431480977077216998e+00
2.811879583629767421e+00
1.790939430963980339e+00
2.088245647311479658e+00
1.954575934591691322e+00
1.845834722966211539e+00
2.372863828914060669e+00
2.871150123368819695e+00
2.205207390233290710e+00
2.188506748030493831e+00
2.177137204619218558e+00
2.417880854323890549e+00
2.546605307756373282e+00
1.898587269288067203e+00
2.234437563193515608e+00
2.624652197843930779e+00
2.303371504612361065e+00
2.242850090913887318e+00
2.386236844283454950e+00
2.593378768356704445e+00
2.600775637629678450e+00
2.570027555211823245e+00
2.569966722686954252e+00
2.724304875787730840e+00
2.258028190950517544e+00
1.993234206513893492e+00
2.002456984536709061e+00
2.290910835577657068e+00
2.427708036865293018e+00
1.896054815946418781e+00
1.861767818960397891e+00
2.385761179031425705e+00
2.161867956294873050e+00
2.130521138653292290e+00
1.979132029288199757e+00
2.440289815582487698e+00
1.700140703858606717e+00
2.790736660938238689e+00
2.256713450805384991e+00
2.413733809320173673e+00
2.417222320020159465e+00
2.346087024276164446e+00
2.097037697117571042e+00
2.311628932570916284e+00
2.860912211205195010e+00
2.299359932337206036e+00
2.778051433622317656e+00
1.838970924191403178e+00
2.018361547329906358e+00
2.683860139726609528e+00
2.582007156167911877e+00
2.146484051250371561e+00
1.811936162097301795e+00
2.841645513177478044e+00
2.071294513295637962e+00
2.409446098683225124e+00
2.340762480201703077e+00
2.768702314270277576e+00
2.465434844000361725e+00
2.443790049414685583e+00
2.939726510720159780e+00
2.482041853987714042e+00
2.151956188618278532e+00
2.244339462054221634e+00
2.234327304749726739e+00
1.916016126636189698e+00
2.779917033145971939e+00
2.273530682190892271e+00
2.412965816123123108e+00
2.556878821379222622e+00
2.638188970785288578e+00
1.979851937341577717e+00
2.153193603317169913e+00
2.283155398737831465e+00
1.897125884734479850e+00
2.329110003600479040e+00
2.581151334730142022e+00
2.485956441105264147e+00
2.045509051753326979e+00
2.227356597604425392e+00
2.760877298933871238e+00
2.039901105447506247e+00
2.512416524028288300e+00
2.814799258860847697e+00
2.041358646912505570e+00
2.569077429557674819e+00
2.141343056198586225e+00
2.325237783121678170e+00
2.643485743355566520e+00
2.467775591876236962e+00
2.080359142914840476e+00
1.784072081967454926e+00
2.465610075487246533e+00
2.009282894042124568e+00
2.153164411455260385e+00
2.136200502798226264e+00
2.753829930588681307e+00
2.698311246105757899e+00
2.023873403663006165e+00
2.989810119564767721e+00
2.354293725820916894e+00
2.446945959413408200e+00
2.417786179901979970e+00
2.596035515974958408e+00
2.236329160559404450e+00
2.535136576728592495e+00
2.047189344497349239e+00
1.975023476175312265e+00
2.395308306233417284e+00
1.814303819102846660e+00
2.699247397099374002e+00
2.082007800410350384e+00
2.088290227701493862e+00
2.322137290661866693e+00
2.614806114937293202e+00
2.511705329788419760e+00
2.695180084867395465e+00
2.556827300008950310e+00
2.196308848585301732e+00
2.784654867850645310e+00
2.523495192497170692e+00
2.497243208160364158e+00
2.264797740968243822e+00
1.826319469019838992e+00
2.516686604288167040e+00
2.729316163168008291e+00
2.812078289878481741e+00
2.462468924529758851e+00
2.307849000026809705e+00
2.546595092158399964e+00
2.946316085399147688e+00
2.194931561059760394e+00
2.101467345810818621e+00
2.418590800633205085e+00
2.585455069634862380e+00
3.012929918285986552e+00
2.637785903662655862e+00
2.518415973626790372e+00
2.611195330201038889e+00
1.802479487261182012e+00
1.941457991967402430e+00
2.071987651121776075e+00
2.410863009514867539e+00
1.983037003303710577e+00
2.309887767166432404e+00
2.330443663398557685e+00
2.121615217915164386e+00
2.735714296772207454e+00
2.909342175687211540e+00
2.743043293807779559e+00
2.771510585972990715e+00
2.772153303364622179e+00
2.521340198833840418e+00
2.816044627547588775e+00
2.089827110603075244e+00
2.898994243246252100e+00
2.785731966048873076e+00
2.013858017226813235e+00
2.266456858846467526e+00
1.984493053632405246e+00
2.613734685835592764e+00
2.379984737364274849e+00
2.531228197590523976e+00
2.426407596718512139e+00
2.283155077149255252e+00
2.596426028210673032e+00
1.999276550002916819e+00
2.543828366833983168e+00
2.424258472667124131e+00
2.128837719056539513e+00
2.501769595965906312e+00
2.492832614992404050e+00
2.430844277966090150e+00
2.139087308530230214e+00
2.538059734844754445e+00
2.768051371021834406e+00
2.498405946417601164e+00
2.469711754765720801e+00
2.529382452008197113e+00
2.227870052299508963e+00
2.225469321764526054e+00
2.585671026954253993e+00
2.153636121424436833e+00
2.814454144489587417e+00
2.405243280267714834e+00
2.014698546090228248e+00
2.699098982562666560e+00
2.353247566852583184e+00
2.162350598320188944e+00
2.148203391829999198e+00
2.664384268884870011e+00
2.666823759729931798e+00
2.755339420520481308e+00
2.753951924711647070e+00
2.571524230518833942e+00
2.214033615536059152e+00
2.620139781091680220e+00
1.988351791986311401e+00
2.364263731896458332e+00
2.682868760975275713e+00
2.149968656056691518e+00
2.556522847898582640e+00
2.791523857678047005e+00
3.029598022571406535e+00
2.635856263235539565e+00
2.256205466267352300e+00
2.395980500352648868e+00
2.396031754440186123e+00
2.390552819599124135e+00
1.970738530138963718e+00
2.558536662457731037e+00
1.765072611936697511e+00
2.213562283737664060e+00
2.660999005637984194e+00
2.923233805605968794e+00
2.281534472730166740e+00
1.943858127424406224e+00
2.456705317824036783e+00
2.576654157732459982e+00
2.025024424951221924e+00
2.426668677392062712e+00
2.486694177327294142e+00
2.263208487379943623e+00
1.995228547510161654e+00
2.053644538641182127e+00
1.998900813834335377e+00
2.221954958897968790e+00
2.739785491112623372e+00
2.475811501662406044e+00
2.424643894549350698e+00
2.542841671641085988e+00
2.574123182180214187e+00
2.320727472563118177e+00
2.497476420383380358e+00
2.367169863172889688e+00
2.502726263258144179e+00
2.795133758795255385e+00
2.648996566564921995e+00
3.001103264903096868e+00
2.074768774845384467e+00
2.632191045487202619e+00
2.716319864512301674e+00
2.582332505599422401e+00
2.287984028231822453e+00
2.365861232859500340e+00
2.126159686689296446e+00
1.689521012915932818e+00
2.468353188493932038e+00
2.792432721311076005e+00
2.720434912386715087e+00
2.845353670035246640e+00
2.244273182282915169e+00
2.587747880993150673e+00
2.077142324712106358e+00
2.125017261888485720e+00
2.589411337723212192e+00
2.892346536913691590e+00
2.175205646946314353e+00
2.588950607054099073e+00
2.677157390520688018e+00
2.439168546147125305e+00
2.106690361337607342e+00
2.064725496170160657e+00
2.360525897487175673e+00
2.298442825504908527e+00
1.932957616289827429e+00
2.738823615449414106e+00
2.188602759033060785e+00
2.169625338715216678e+00
2.803020125943800345e+00
2.446613924531416018e+00
2.399976666820746285e+00
2.201948475742169897e+00
2.652707663881146871e+00
2.737028364659134461e+00
2.108218333165263303e+00
2.446427957741140524e+00
2.788361709036450087e+00
2.262033347052113452e+00
2.007070757744382483e+00
2.593504977329005534e+00
2.660920238915303937e+00
2.598069992859345589e+00
2.396405657075026951e+00
2.875459214250664086e+00
2.103369085839254637e+00
2.402829792776031148e+00
2.703588326291586075e+00
2.192199198116700387e+00
2.485522552708351096e+00
2.273323527111970943e+00
2.104918412883150403e+00
1.965012341453025391e+00
2.801255338626679858e+00
1.988995114062167335e+00
2.777835795605876790e+00
2.426966233252226601e+00
2.328505089745000589e+00
2.291572587704598707e+00
2.781112900638577745e+00
2.677983338480980802e+00
2.289447957350326135e+00
2.563454675886752021e+00
2.355778283159935427e+00
2.510820568302932099e+00
2.624855466634329115e+00
1.750988058847838147e+00
2.527539152737968919e+00
1.768282596365055248e+00
1.873454927452927077e+00
2.222493415638775005e+00
2.740153332171282319e+00
1.852402887380205865e+00
1.908535133514561943e+00
1.939694483075274478e+00
1.594660037867101643e+00
2.244416416953519011e+00
1.848115728295156801e+00
2.235687108537902645e+00
2.137996176614716859e+00
2.830772645263159859e+00
2.780448167896069300e+00
2.769069261702763018e+00
2.625993167830429798e+00
2.590307544501329051e+00
1.813766337703408116e+00
1.752792766296273674e+00
1.845412363944531453e+00
2.547939002457503044e+00
2.161394435521579727e+00
2.474315840884628415e+00
2.616950249593682276e+00
2.697894918730114888e+00
2.463013135248541374e+00
2.683394298087850682e+00
2.494196270501250812e+00
2.209378676998956070e+00
1.920716172272661337e+00
2.478991718413496859e+00
2.264987383834153878e+00
2.270194697591957134e+00
2.492305857250598500e+00
2.228385912211309439e+00
2.529262403775428325e+00
2.696477987282159372e+00
2.344144276512470260e+00
2.552739780605784770e+00
2.485042048278572224e+00
2.239382118229751750e+00
2.611878087168248097e+00
2.285536450298020661e+00
2.457387202843157148e+00
1.905218469139441151e+00
2.439943732488202066e+00
1.997997753829060752e+00
1.847295286317919283e+00
1.797628579594394260e+00
2.221465977543566783e+00
2.527555233178324201e+00
2.890594230457910641e+00
2.879425312796942915e+00
2.638341625027296189e+00
2.213644488498576202e+00
2.036083395595730927e+00
2.676411692167488976e+00
2.104731742043133735e+00
2.356442197420464346e+00
2.764229200011755871e+00
2.623321010970789846e+00
2.371990585703056098e+00
2.717460979464747073e+00
2.722672481213637141e+00
2.090028409489933736e+00
2.601955862593524405e+00
2.405384396869051145e+00
2.119229563523196802e+00
2.341495699245959461e+00
2.467458227225393763e+00
2.253559053770631149e+00
2.515854435398627409e+00
2.767662185802977071e+00
1.977117317921543993e+00
2.464432215038036222e+00
2.193283822621794332e+00
1.991117186067943967e+00
2.204959958406503606e+00
2.020100483629543753e+00
1.699870422485507904e+00
2.219641154476303946e+00
2.657948683597238571e+00
2.727034130175394200e+00
2.024368512649068919e+00
2.073744525914694936e+00
1.855211195193201767e+00
2.493232949279005961e+00
2.498439895307807745e+00
2.492208325944087033e+00
2.326622827158077556e+00
2.505740267112555042e+00
2.679779218966055865e+00
2.266769870110103113e+00
2.632695280096026824e+00
2.581606647599656412e+00
2.525034747675362290e+00
2.107227486542976536e+00
2.581249878576676871e+00
1.759991128977232977e+00
2.608055055469459482e+00
1.952108282851865662e+00
2.712289405584663804e+00
1.938081800853769021e+00
2.762370117050982454e+00
2.371584705931675696e+00
2.417080288006770772e+00
2.332967442547695391e+00
2.151991968977234215e+00
2.090556331035359428e+00
2.708108837106274258e+00
2.399646824844824167e+00
2.477616281171349577e+00
1.838313115639705231e+00
2.722220034274065892e+00
2.150956590145316039e+00
2.340141552041891337e+00
2.626686440574002024e+00
1.918993866881767651e+00
2.049358044401658141e+00
2.838791587037847286e+00
2.416218948711975401e+00
2.017606126722326199e+00
2.476225516633300483e+00
2.865024129829003119e+00
1.717225997944857863e+00
2.820080883496303592e+00
2.325087729569797368e+00
2.339523637355036101e+00
2.231262769845828942e+00
1.935800639849425853e+00
1.963037758700593827e+00
2.661874993571854198e+00
2.521360621403625490e+00
2.725919679590866451e+00
2.575974713235239744e+00
2.178847774342376198e+00
2.867506888773879492e+00
2.458259687878608268e+00
2.940197551700944878e+00
2.419971999586963740e+00
1.945933990922866563e+00
2.243828009114354316e+00
2.341924987416054371e+00
2.319448779181858544e+00
2.609475844901122166e+00
2.218555762759612193e+00
2.224543363833490606e+00
2.387732088485399196e+00
2.600849581051926762e+00
2.049825898900390797e+00
2.100548649847231442e+00
2.401971752143714056e+00
2.046273633245466961e+00
2.764370576096251142e+00
2.407549602192684990e+00
2.089034217178010522e+00
2.653560532650387049e+00
2.739250783166124137e+00
2.404722260578358473e+00
2.673295078205775166e+00
2.661474721216986694e+00
1.847460844937961921e+00
2.519785574677582574e+00
2.427298516368948000e+00
2.239956680513309983e+00
2.717214159772053605e+00
1.907737498558687017e+00
2.102035379220886568e+00
2.284131067883741650e+00
2.469440550486160291e+00
2.431048120145472335e+00
2.591399103108285029e+00
2.556742060681029383e+00
1.730678971324349336e+00
1.988633678159174689e+00
2.525411126446759802e+00
2.011108916895876675e+00
2.184465003144834494e+00
2.822030093498700154e+00
2.060529485243901782e+00
2.133158445808456705e+00
1.999148190489144605e+00
2.092511907204725574e+00
2.446693731350168655e+00
2.222870458722439047e+00
1.913722136690694242e+00
1.989786720857250168e+00
2.438772119936827742e+00
2.398996848214081545e+00
2.378600329400886171e+00
2.000550061454305251e+00
1.932076774547505371e+00
2.295083841206273956e+00
1.805128971011409567e+00
2.585260527031167932e+00
1.739952173815761283e+00
1.990369865634286972e+00
1.970742837598317809e+00
2.593911562059937115e+00
2.437070679915244398e+00
2.883886680492756760e+00
2.142796230673265079e+00
2.967492684248813628e+00
2.201994590303902655e+00
2.100713327096855654e+00
2.615492023223716878e+00
2.138211700834840023e+00
2.049336888946648116e+00
2.539286124264933164e+00
2.633947200977765135e+00
1.971545901581655214e+00
2.303336613617176898e+00
2.350129559742874186e+00
2.555183578543919865e+00
2.426172055041364573e+00
2.096546686894429357e+00
1.993731968739075100e+00
2.712547009884358040e+00
2.543637354451049770e+00
2.153448252202857294e+00
2.427250736261969077e+00
2.384616918708148514e+00
1.792917353363945532e+00
2.148261749646854124e+00
2.593275151414429214e+00
2.326564356818921819e+00
2.441687973019601721e+00
2.896058642314880416e+00
2.261857550222647451e+00
2.717286902183864594e+00
1.991412509348549742e+00
2.503974298969992240e+00
2.801701766769016722e+00
2.119365189869503396e+00
2.778616686408899028e+00
2.230108282605558045e+00
2.494185021353938936e+00
2.348987659393448890e+00
2.332534479573133090e+00
2.230440287044825887e+00
2.176870077444578833e+00
2.720005852420138481e+00
1.939125809510610310e+00
2.672435733934042101e+00
2.376493311444107359e+00
2.312589086233032276e+00
2.617234342011903969e+00
2.450177546074485235e+00
2.426435283581679592e+00
1.897913675198606986e+00
1.980906500830568850e+00
2.281405537227923386e+00
2.251081000498722506e+00
2.691235093354340080e+00
2.298837936254422232e+00
1.903861866051163254e+00
2.324847497807126739e+00
1.887286579433506306e+00
2.376363034104354011e+00
1.990142614553188194e+00
1.953092723395507324e+00
1.844423816662655202e+00
2.461558947174878220e+00
2.627129185426319680e+00
2.010591375134122671e+00
2.369717272572682276e+00
2.055684927680518026e+00
2.204512574308054251e+00
2.094224969443461148e+00
2.690044277957861496e+00
2.571763583778958306e+00
2.467174399379074234e+00
2.046317545187062770e+00
2.534660864349896681e+00
2.336349201323326241e+00
2.412570143791172850e+00
2.171175267890702365e+00
2.423820464331311264e+00
2.149151523250437457e+00
2.105940698726741722e+00
2.363958199460480358e+00
2.010386159935813488e+00
2.171499758020210447e+00
2.783067658149549928e+00
1.845390192194285683e+00
1.888568132612760131e+00
1.678454777788249919e+00
2.474652733752868983e+00
2.571657917538133553e+00
1.871507478707935324e+00
2.427200816155127505e+00
2.483205361227780017e+00
2.512127619707149151e+00
2.725598279419135128e+00
2.862619117377470879e+00
2.400425292835530744e+00
1.771085853430318213e+00
2.640997791042161147e+00
2.776788442663936429e+00
2.251247737460432496e+00
2.126869908870181902e+00
2.144433552582373892e+00
2.132760145710888011e+00
2.490773029038836128e+00
2.693046984196035609e+00
2.100257469893480167e+00
2.174690298684888390e+00
2.300906910184252308e+00
2.457504440364111975e+00
2.286041678970085478e+00
2.611375731822780821e+00
2.436061549802964521e+00
2.394111532270704945e+00
1.971625240032665705e+00
2.627996128851993962e+00
2.193141801674105107e+00
2.774383971063611121e+00
2.423168942952130589e+00
2.086910429552228941e+00
2.624877817288229664e+00
2.821022374982326664e+00
2.285200071524170262e+00
2.689149270973620887e+00
2.495210855901258906e+00
2.516070534491871236e+00
2.194710526604663592e+00
2.711998331871103396e+00
2.230639290487596682e+00
2.915938202660638190e+00
2.884283648820582968e+00
1.847206689407883573e+00
2.527177968771709970e+00
2.210916695026747814e+00
2.471312890131708073e+00
2.661563926567103167e+00
2.535899517797189695e+00
2.630751636904461233e+00
2.104552032670172323e+00
2.960190546369702247e+00
2.822422952288187847e+00
2.413645989071334430e+00
2.581281157962962425e+00
2.871770466274658151e+00
2.604172071019990042e+00
2.347859209023000826e+00
2.322694510039070348e+00
2.067014126810468255e+00
2.635120480699717049e+00
2.505983501818542791e+00
2.023239094950309180e+00
2.316622989488038353e+00
2.616955792714240836e+00
2.864059176643824145e+00
2.598138775230764974e+00
2.230002524753424531e+00
2.651393014146860239e+00
2.309336310672297721e+00
2.804609111836710245e+00
2.484012953129501433e+00
2.505427895673914662e+00
2.287201112809835735e+00
2.603907821518754329e+00
2.725347682900414181e+00
1.990925312871060004e+00
2.254603814019294106e+00
2.282238745631480548e+00
2.451228810826441951e+00
2.311860476762722882e+00
1.929361552580958428e+00
2.656289631792632555e+00
2.652200850346760230e+00
2.696037297252122489e+00
2.393250721694398564e+00
2.460240962759772110e+00
2.076434805284021134e+00
1.979960382590249646e+00
2.299767746775104982e+00
2.657421915395660861e+00
1.901724171610234881e+00
2.549665810097308416e+00
2.468302613706983450e+00
2.201180800894126044e+00
2.277979175068818307e+00
1.875327542302011041e+00
2.535531818017847439e+00
2.105748120599328921e+00
2.439743753226909284e+00
2.552845025525319222e+00
2.429098219475861242e+00
2.482676289294610150e+00
2.580722787867717471e+00
2.500758650764440372e+00
2.219014119686093522e+00
2.385662217724267897e+00
2.603663374958053112e+00
2.407931232668635069e+00
2.726351431255123803e+00
2.549638945516218502e+00
2.482843051763596431e+00
2.676883966770858603e+00
2.688105380093414265e+00
2.796818655558769517e+00
2.385986843838802773e+00
1.928045823251745228e+00
2.600987743808865993e+00
2.925256992126268329e+00
2.877986186675062452e+00
2.539652194004620167e+00
2.562371216912817662e+00
2.503939173831460252e+00
1.991597180468468009e+00
2.375896246726184380e+00
1.978030856789905423e+00
2.845437911534034470e+00
2.482455543398849329e+00
2.730419077844135956e+00
1.824010628681540069e+00
2.541414904415464804e+00
1.822676208040779455e+00
2.482862645819095881e+00
2.280152244875341516e+00
2.320839229119309177e+00
2.034729421239702241e+00
2.003826151282170898e+00
1.965848459862499897e+00
1.997701178354655216e+00
2.515365318211581158e+00
2.413613374601803585e+00
2.415958049445948497e+00
2.212598446869302737e+00
2.427827155387161095e+00
2.454922718366093548e+00
2.236100796668497370e+00
2.714285271548037226e+00
2.761387399764974937e+00
1.832355201726613592e+00
2.757899296249028964e+00
2.751413110265756412e+00
2.824693828597608203e+00
2.367019444186819754e+00
2.369196004175065262e+00
2.215900765995731270e+00
2.466797232247643912e+00
2.382573808202004262e+00
2.163011812798584010e+00
1.757105990691688380e+00
2.122875740228950647e+00
2.669865359561698348e+00
1.678488511372919767e+00
2.256200703418250963e+00
1.980757686571572806e+00
2.540786211247689330e+00
2.494924077613658309e+00
2.557707540335009355e+00
2.498437038584825132e+00
2.675578147020448494e+00
2.391244330250704930e+00
2.467340864704634651e+00
2.445286219215012213e+00
2.671633938349844861e+00
2.367594604269274594e+00
2.166730670984525098e+00
2.597693813327432988e+00
2.467512542813729226e+00
2.218529529693492819e+00
1.804339500582014200e+00
2.774676193876442820e+00
2.665662264466638121e+00
2.507621063175538012e+00
2.627567369029344846e+00
2.753393345390406477e+00
2.357821185837774447e+00
2.432969207879830176e+00
2.401148515532799621e+00
2.521679324776789688e+00
2.828369683155785630e+00
2.404361861213091256e+00
1.835453481549205623e+00
2.319959076212247950e+00
3.024525989363219480e+00
1.758852048420032732e+00
2.588181064398515030e+00
2.102721922145112998e+00
2.306058456519930466e+00
2.033887070360210991e+00
2.448450255915037399e+00
2.510069924868966407e+00
1.864095233446630973e+00
2.898538964319876676e+00
2.053609695869753615e+00
2.432794974999035187e+00
2.617535096442691778e+00
1.980452261151177451e+00
2.470942854446304793e+00
2.096965902960171491e+00
2.347509733040094915e+00
2.598813294971226373e+00
2.630967780065171624e+00
2.840069690317616580e+00
2.517049294589998709e+00
2.302334754449361309e+00
2.086985230962068449e+00
2.136561258885079972e+00
2.877422527078517867e+00
2.245728415031451597e+00
1.886288298054237034e+00
2.236609842399667869e+00
2.408382403720293219e+00
2.393070120251810096e+00
2.405521963455730106e+00
2.249260309869693053e+00
2.351882035980265684e+00
2.758327772353727614e+00
1.993305876862488502e+00
2.701009480345787583e+00
2.598737149601808127e+00
2.225669133132889055e+00
2.613938537239429483e+00
2.556431086283049048e+00
2.324717083840612375e+00
2.406198331364133303e+00
2.597406866147451865e+00
2.939708501460666756e+00
2.191007920283391641e+00
1.938268231145595877e+00
2.639957853749192118e+00
2.636071435970473775e+00
2.064049614654673626e+00
2.274935476880121321e+00
2.503406107226816779e+00
2.346670394512504920e+00
2.239249758243550215e+00
2.608329700295795472e+00
2.690461142409546369e+00
2.758444464683203812e+00
1.945703684926447963e+00
2.371640185214712648e+00
2.525003626858455252e+00
2.444235488979359161e+00
2.235699172903834686e+00
2.397336219879093289e+00
2.135128011003895043e+00
2.466380478225763895e+00
2.229569245573900460e+00
2.338339177653864454e+00
2.194045704217726822e+00
2.497465208718786300e+00
2.377943990902154248e+00
2.201726884876323620e+00
2.297463270852873496e+00
2.838984442390016127e+00
2.287159657550405178e+00
2.112660768615488127e+00
2.648165346989339586e+00
2.389039868923205745e+00
2.492923318438625913e+00
2.536049511329380390e+00
2.226211287807553063e+00
2.197846244469519927e+00
1.760948537679709824e+00
2.179649170391632307e+00
2.678530395813373488e+00
2.963731934265545931e+00
2.293474084581153427e+00
2.646874463612879147e+00
2.275539871706949047e+00
2.350256744804495757e+00
1.933807114343007116e+00
2.401477945394091762e+00
2.587132700625882631e+00
1.811571874994333475e+00
2.200115583942368502e+00
2.889615059306954947e+00
2.199094002174725837e+00
1.876903076731679443e+00
1.880094554009904328e+00
2.455864591627867632e+00
1.902232602794933669e+00
2.317601209297454723e+00
2.614281154637984717e+00
2.743276259710908160e+00
2.649880577009132931e+00
2.772476999295739208e+00
2.119484445345765522e+00
2.518185681201515536e+00
2.109096135699934038e+00
2.787710591306654440e+00
2.177637506492091646e+00
2.524528702708334293e+00
1.931267533612761600e+00
2.657964854761333484e+00
2.570652421377982666e+00
2.612077641393629523e+00
2.839464565367316062e+00
2.095288769484076496e+00
2.535463490079412630e+00
2.457423968801915937e+00
2.174092508019912273e+00
2.301531898858461211e+00
2.386806558595790939e+00
2.159442669118940561e+00
2.650206375690641991e+00
2.514276269083079995e+00
2.670317348833342486e+00
2.068182005844649396e+00
2.008811777267904830e+00
2.470575346241155490e+00
2.308749568917298767e+00
2.544700772522301868e+00
1.945010520606530902e+00
2.443866227229278820e+00
2.195353043562339401e+00
1.907798197044564992e+00
2.514402125230371432e+00
2.421262629192744598e+00
2.315530640950905550e+00
2.733961889011451873e+00
2.093203821850746937e+00
2.831094403567471218e+00
2.135486321813764299e+00
2.066296387319288108e+00
2.584970396733485387e+00
2.397884077971253358e+00
2.090501548055606396e+00
2.229521789071553961e+00
2.053494471228956009e+00
2.039870082285212050e+00
2.706034207844730588e+00
2.156226758136779331e+00
2.543271814702598554e+00
2.702067658839955033e+00
2.225518225672935557e+00
2.442981645806185487e+00
2.591290480763477344e+00
2.481154516859003234e+00
2.362899432912480169e+00
1.946079876080783144e+00
1.677655656461647160e+00
1.779439941286899085e+00
2.102122054231688075e+00
1.854346763920842411e+00
2.687428158656245181e+00
2.592531724423398298e+00
2.975086378144952359e+00
2.365285853953049688e+00
2.423734591180531694e+00
1.844923927292780874e+00
2.553161205517544108e+00
1.975604336918918014e+00
2.357296877943447555e+00
2.486119714428093097e+00
1.973940794941814625e+00
2.461907246769956537e+00
1.900388865799178761e+00
2.605910878382974971e+00
2.549195792372710656e+00
2.468201885326807066e+00
2.456719894101161650e+00
2.223051192103082663e+00
2.956831610690390910e+00
2.306137468659390066e+00
2.086434785569138750e+00
2.441860852631251966e+00
2.814190766319490056e+00
2.459831436132345672e+00
2.459964830795105861e+00
2.716499579962376565e+00
2.401827111712439233e+00
2.404637020547008674e+00
2.527107431202368915e+00
2.098778305316710391e+00
2.247407726967890262e+00
2.088837352178873452e+00
2.496174639492804381e+00
2.522410607524220083e+00
2.257482203758012229e+00
1.862196290634148710e+00
2.314568594298003212e+00
2.334059583476649102e+00
2.537929732787731929e+00
2.672701779428912960e+00
2.893159182297678100e+00
2.205009339982120231e+00
1.809100749684857012e+00
2.569233701065686937e+00
2.739347965046918354e+00
2.521621194691937795e+00
2.801366032847275811e+00
2.506198855021278149e+00
2.809439680551003349e+00
2.244913069332842070e+00
2.563836825225421556e+00
2.553760577966347700e+00
1.877269070508237769e+00
2.487438596091645415e+00
2.523526382287080594e+00
2.588500549315981836e+00
2.054446732426248090e+00
2.320944890263409999e+00
2.707891566880532341e+00
2.397623598848515503e+00
2.313347874679438476e+00
2.029940803626239187e+00
2.415451616742085861e+00
2.542542953660174909e+00
2.274403117491288207e+00
1.916719667536760818e+00
2.828150153375108999e+00
3.030487047458199967e+00
2.388097998679180378e+00
2.729487629992025433e+00
2.234405361122202560e+00
2.217221605657195838e+00
2.395739762272301565e+00
2.788499394048206348e+00
2.083512242486365462e+00
1.855145539292669676e+00
1.951555405752182226e+00
2.816655151854923211e+00
2.580111719903793066e+00
2.497864341429644863e+00
2.664195785991841703e+00
2.521175041543738615e+00
2.487319770071879432e+00
2.032235529143275876e+00
2.076658924189189293e+00
2.636986152046732812e+00
2.050268001965289244e+00
2.313597364173462623e+00
2.986123727453816823e+00
2.604490875256603388e+00
2.024487913236358239e+00
2.008158812097087242e+00
2.615780933583426560e+00
2.120930012833592393e+00
2.798143795952604762e+00
2.153850980452728159e+00
2.424672123092936449e+00
2.239377225514632030e+00
2.234482265593758399e+00
2.252837495327370654e+00
2.381793164377237648e+00
2.063860743618288307e+00
2.271854213639035169e+00
2.844086006326979721e+00
2.790086383811542170e+00
2.627587285742683854e+00
2.590970565731435027e+00
2.648044854538833093e+00
2.285644595368060639e+00
2.269535600221886273e+00
1.870336956473209300e+00
1.759373763761771459e+00
2.895144005671590026e+00
2.047981469045276448e+00
1.928076755809229104e+00
1.987857613543473567e+00
2.773539069059721029e+00
2.480806345634132271e+00
1.928185118966349476e+00
2.214260361059238846e+00
2.238825060242834120e+00
2.269771035497443634e+00
2.540541114565070036e+00
2.570294422347743968e+00
2.299124526438023342e+00
2.479936228883385052e+00
2.347569275916006948e+00
2.566871866996067286e+00
2.662614157148308625e+00
1.903543677207993001e+00
2.218959822320959230e+00
2.468209874277228266e+00
2.512679225122602666e+00
2.810552486495458524e+00
2.549060025773403737e+00
2.881581274573383755e+00
2.172392259223590028e+00
1.996149270301730061e+00
2.800556521493589468e+00
2.332351859167019370e+00
2.769144404371989054e+00
2.172473545627696012e+00
2.690693583742675532e+00
2.664010047667654479e+00
2.111629457056953818e+00
2.352448152166653816e+00
2.693008267867333938e+00
2.539221973554794953e+00
2.368525084341629672e+00
2.079001449957496472e+00
2.735561188773537822e+00
2.033141461812109974e+00
2.184827500455166494e+00
2.247291031168728637e+00
1.837664505347639476e+00
2.708973356989869075e+00
2.108759454482944218e+00
1.972653150644431141e+00
2.344420829534760831e+00
2.191854752342776713e+00
2.854287069441038049e+00
2.687825497098056182e+00
2.171491480461481771e+00
2.571372834766226134e+00
2.208858916419027985e+00
2.979607001863916249e+00
1.996760623897690046e+00
2.872590938522555870e+00
1.923751895451268235e+00
2.336119212530639366e+00
2.223591038446006696e+00
2.074655695270778644e+00
2.406116611167327779e+00
2.966762778281053059e+00
2.598028296125991510e+00
2.126745730826052672e+00
1.951722269393787901e+00
2.692492873419136679e+00
2.002031861909138843e+00
2.355142863093355299e+00
1.684145674008343807e+00
2.287263213863458322e+00
1.935783294551719935e+00
3.013664226668965274e+00
2.166688699592079104e+00
2.130611617737127261e+00
2.486226805197482292e+00
2.473316378034936314e+00
2.223589631822958879e+00
1.972499433726804252e+00
2.742811655456035780e+00
1.851978124190105213e+00
2.121964767854324752e+00
2.302090138401347907e+00
2.398578636413243537e+00
2.128589037607534706e+00
2.366989635540074133e+00
2.216956703648722105e+00
2.351249429568849969e+00
2.383143033473666073e+00
2.742812904154074083e+00
2.903873957266512207e+00
2.501877086070934730e+00
2.646370115889760122e+00
2.369794894259523055e+00
2.644782068558288568e+00
2.462280219031312445e+00
2.257331693830806341e+00
1.771628365187386089e+00
1.724338912186940354e+00
2.162187300503132015e+00
2.216739509486303383e+00
2.370050558126117313e+00
2.545879925228222262e+00
2.937749533662732837e+00
2.472543623176013838e+00
2.497203262362216680e+00
2.497920917139933472e+00
2.440801406226605241e+00
2.525524019412434207e+00
2.841015881124741238e+00
2.368027839283678215e+00
2.385187223713698401e+00
2.605244906401029681e+00
1.908186613654901498e+00
2.286976206267065326e+00
2.182933648458185605e+00
2.390762736677849443e+00
2.220975577612282592e+00
2.441364714725204443e+00
2.643787911266751056e+00
2.138777028275753445e+00
2.549539135450599847e+00
2.465655409491998906e+00
2.799807755058180359e+00
2.549374142644381003e+00
1.887987987102984100e+00
2.114634878803054896e+00
2.147054898126244282e+00
2.468079538156779051e+00
2.281829261632393191e+00
2.614334744070906158e+00
2.145710739908758047e+00
2.185578026086563597e+00
2.650359556151649532e+00
1.731211567847480426e+00
2.486413586193852332e+00
2.232962076854310585e+00
2.094050575572208306e+00
2.690178012458682488e+00
2.167919986495129070e+00
2.408475557206435802e+00
2.647535279515060846e+00
2.193925476150506704e+00
2.293665016200031825e+00
2.437903321374310650e+00
2.421493776835366152e+00
2.212079173195675708e+00
2.195850606403890737e+00
2.856636079151037677e+00
2.201387851096939574e+00
2.195595207676006133e+00
2.101146109603662993e+00
2.737573796868141063e+00
2.521115665141568041e+00
2.853278871141268880e+00
2.212648360334426467e+00
2.432124626793407351e+00
2.503060906258313345e+00
2.617515897415874537e+00
2.094854622086179674e+00
2.805461635407417553e+00
2.188814994977747119e+00
2.400430401608349751e+00
1.990533250703339974e+00
2.314233844318205779e+00
2.338743721764017458e+00
2.209956735291693786e+00
1.972563813773181574e+00
2.092842459261070598e+00
2.353936930372278802e+00
2.416516765505010600e+00
1.755948397150333795e+00
2.131531438529948197e+00
2.498555843799774578e+00
2.532231230126773536e+00
2.084138965015479350e+00
2.626406897962103137e+00
2.180262852609958557e+00
2.302670663330529166e+00
2.887157860652899810e+00
2.264538403368010933e+00
2.290631300517527169e+00
2.731506507367032821e+00
2.260701314980573251e+00
1.896431141053149139e+00
2.578654338855884909e+00
2.335049786368641023e+00
2.070298748752707141e+00
2.314863079607090590e+00
2.295163661842652303e+00
2.276148770872672422e+00
2.190795918525823893e+00
2.530543148073320037e+00
2.493723515969932691e+00
2.384662318203035092e+00
2.037729641319690366e+00
1.980787192474918967e+00
2.074486420997960323e+00
2.304906222318743758e+00
3.023611863994248861e+00
2.272413898841730173e+00
2.459753156354928194e+00
2.256586518201490588e+00
2.379286464168592907e+00
2.532973567864745146e+00
2.182271824592755038e+00
2.168502476512730759e+00
2.235043435690051261e+00
1.922396272337618672e+00
2.486642453078473647e+00
2.638272244460756255e+00
2.781061447961963307e+00
2.444418667177477911e+00
2.029107641657420746e+00
2.420444393377255921e+00
1.910280877153540224e+00
2.150645460605001613e+00
2.518443410632456470e+00
2.210077123712887559e+00
2.191505727108025159e+00
2.305773188607527224e+00
2.316986883996607460e+00
2.418165805894888720e+00
1.751700446560837898e+00
1.788570697246097518e+00
2.078733934339008549e+00
2.323312065668440507e+00
2.231450074665011662e+00
2.905156332633256344e+00
2.158263400862469705e+00
2.805682835701724720e+00
2.363483897958288171e+00
2.816883973557484211e+00
2.301605140193571764e+00
2.769276428095099440e+00
2.296679644447794377e+00
2.017295434868174198e+00
2.167989134502053883e+00
2.710234737973695296e+00
2.565916454938213853e+00
2.461674231843947958e+00
2.187768279136647287e+00
2.308335295308117985e+00
2.281362275330875988e+00
2.236798001529247681e+00
2.419148107612399734e+00
2.500719868509378774e+00
2.785969045075576300e+00
2.602803523170006628e+00
2.103788449913362335e+00
2.258820982251416698e+00
1.864108392518956991e+00
2.041910463409084997e+00
2.319372235302370466e+00
2.320005173991261493e+00
2.983624118735279662e+00
2.073203683941587716e+00
2.979315935452754971e+00
1.827717613717794398e+00
2.414930888799474040e+00
2.535749861096754820e+00
2.300179590758846260e+00
2.511163319560884677e+00
2.644764867836801425e+00
2.481710544865753487e+00
2.573142528233919979e+00
2.527753156432598125e+00
1.907579217386871306e+00
2.218594165381193584e+00
2.365849139074399421e+00
2.556652845783708994e+00
2.385532065176218630e+00
2.392262305055553373e+00
2.439658788173327153e+00
2.400652707230789495e+00
2.785933776007083029e+00
2.598827868724896462e+00
2.598217277795836111e+00
2.993934277557920076e+00
2.799001969815749558e+00
2.505702937665008179e+00
2.328825806295815148e+00
2.176378783261124994e+00
2.420940695481018423e+00
2.739267584847067560e+00
2.110697629880856852e+00
2.798030204072379679e+00
2.929705305382797942e+00
2.338753423983154889e+00
2.808296948575550012e+00
2.042581523820355294e+00
2.637232690950280567e+00
1.892815427965885755e+00
2.967341366722425988e+00
2.138086053795265506e+00
2.376951049080939793e+00
2.854161617352180436e+00
2.441272958787046310e+00
2.046992127219471325e+00
2.467712656379280833e+00
1.716960461418231443e+00
2.682645170120408373e+00
2.828702799809717394e+00
1.913496495240070594e+00
2.646943006025828105e+00
3.123106733716487948e+00
2.862536690213306478e+00
3.017974672950631820e+00
2.840250870051436838e+00
1.965423081814063666e+00
2.506220304526818765e+00
2.323845474541200051e+00
2.196676132224103295e+00
2.512381600786486757e+00
2.355785334117702412e+00
2.983251955557513657e+00
2.381354161765172783e+00
2.701723287809396634e+00
2.133444215818758316e+00
2.191130484100254350e+00
2.550847518410888526e+00
2.206552837686650115e+00
2.489792621874272527e+00
2.662564741799988699e+00
2.435930772686568879e+00
2.164204487335761762e+00
2.222617059097938608e+00
2.352918999317452187e+00
2.671571730308742509e+00
1.923478863544827000e+00
2.437357279210406347e+00
2.609817564017363090e+00
2.427445822573497392e+00
1.865322037444410830e+00
2.068740926621338794e+00
2.191409930539302664e+00
2.616619305088211611e+00
2.062978772897870350e+00
2.599320622046917606e+00
2.317306361299879214e+00
2.371062007923804504e+00
2.048127242983389440e+00
2.254192654192188172e+00
1.723214092648246876e+00
2.332869826593304108e+00
2.631989029353358323e+00
2.531327710428997513e+00
2.447368117173029045e+00
2.226970800092101577e+00
2.690813054357739986e+00
2.308604903012648535e+00
2.688846754459198074e+00
2.503366103236781548e+00
2.608698771885565648e+00
2.015951732192893253e+00
2.287313608096780637e+00
2.437017074579464815e+00
2.054436380602366441e+00
1.982378982284044522e+00
2.801886766043828914e+00
2.302290817850727311e+00
1.836998550538630370e+00
2.258569155878871637e+00
2.300909688424135346e+00
2.081567034510493741e+00
2.160871413592892143e+00
2.346880622360132396e+00
2.177887524812886610e+00
2.703102528165340246e+00
2.485153360807765832e+00
2.477461844074431152e+00
1.745378292678445797e+00
2.717271391600728059e+00
2.880335954618411076e+00
2.478651419742414319e+00
2.290964698079671624e+00
2.606694965256632912e+00
1.970652639993586863e+00
2.373938711645484645e+00
2.393999978673547524e+00
2.304167059784388183e+00
2.424265279842610532e+00
2.798537621025311672e+00
2.566117021857994285e+00
2.521186982546057109e+00
1.790532705407643421e+00
2.167196394647231905e+00
2.078431129076857786e+00
1.931682627674734976e+00
2.278832918965766119e+00
1.940661024586736616e+00
2.696297674789609022e+00
2.375461420373296662e+00
1.824314399274885590e+00
2.498331198327268687e+00
2.540046161209831954e+00
2.668469943211693174e+00
2.392237008237144025e+00
2.318096671492735794e+00
2.360823048466571539e+00
2.065018695024961826e+00
2.633478531799009481e+00
2.389407982057044855e+00
2.537732451715745352e+00
1.960787988991457897e+00
2.998943986107166726e+00
1.977094538294365877e+00
2.952371294677213598e+00
2.236456772480427180e+00
2.599593818054973582e+00
2.024442787222936690e+00
2.052009331973553063e+00
2.326826940321367942e+00
2.710455656487346765e+00
2.191547297807205918e+00
2.343128600176770604e+00
1.901967052306457129e+00
2.449954544162276093e+00
2.608223260059276960e+00
2.317055469794244704e+00
2.469901110230624308e+00
2.676888486350380347e+00
2.323447791398063345e+00
2.453896399435562259e+00
2.667317242429295021e+00
2.615685027261598350e+00
2.880448665638357664e+00
1.963896085666205327e+00
2.798986292860440095e+00
2.264470268005445597e+00
2.083658490279102882e+00
2.076665536606999485e+00
2.161104097316814077e+00
1.823807483248548023e+00
2.074590842558435178e+00
2.604396005433142758e+00
2.341268321759412352e+00
2.198205895187847148e+00
2.371890956369145709e+00
2.536697626760326063e+00
2.284152728864198068e+00
2.465561755723480353e+00
2.469597424515087347e+00
2.618581663306923879e+00
2.189190107827522436e+00
1.823518810138528456e+00
2.153007175268565554e+00
2.800114142012300800e+00
2.120275461696139008e+00
2.441490328035390789e+00
2.182091877637418964e+00
2.589621163581131924e+00
1.853797563918957003e+00
2.694764753896308651e+00
2.080418457488899087e+00
2.456233127577840847e+00
1.890810016859827192e+00
2.218796871165754858e+00
1.889665782847462339e+00
1.943753603089243498e+00
2.240807939445035757e+00
2.100535081664530068e+00
1.951404651138066049e+00
2.133318227353697250e+00
2.011262945851213679e+00
1.760010761361422649e+00
2.438511945348888155e+00
2.463430208534969967e+00
2.805426461840149432e+00
2.768902403969014436e+00
2.331973978491865829e+00
2.424106821555549018e+00
2.015338743750227479e+00
2.351001790652433421e+00
2.552264298019922162e+00
1.917647178889489989e+00
1.726210383741585641e+00
2.589980087903442918e+00
2.707672498697237806e+00
2.318535582511592530e+00
2.256941998334201394e+00
1.986148047032950448e+00
2.863499740064869403e+00
2.410924106526793675e+00
2.085364912500629941e+00
2.583419714938907319e+00
2.224400238056625678e+00
1.953572356565247192e+00
2.596210680612271560e+00
2.394152120349271939e+00
2.331468548920191175e+00
2.922317847225964105e+00
2.084688378498823269e+00
2.798521816503907633e+00
1.948441156682483966e+00
1.835447090875407472e+00
2.328677031548831877e+00
2.626166488517325259e+00
2.382633466970355052e+00
2.288373060883158949e+00
2.409566284407504533e+00
2.504084689012808784e+00
2.145972243597108253e+00
2.679660686082420806e+00
2.575576960943750660e+00
2.024360718493285027e+00
2.535927737756179301e+00
2.162410053414187239e+00
2.870288567426541260e+00
2.051976961977715508e+00
2.483547477484389088e+00
2.428224178197957883e+00
1.984044852668077841e+00
1.844152819746917693e+00
2.650762788830566485e+00
2.483259173398787212e+00
2.149247940722355033e+00
2.726709359518111331e+00
1.796192126230123698e+00
1.879541383119225806e+00
2.816182507791219702e+00
2.249407614598187166e+00
2.390555677311105409e+00
2.514360571378091436e+00
2.603865310480276918e+00
2.250690064692047354e+00
2.007706781028500309e+00
2.537226846281244619e+00
2.246879152320041761e+00
2.189296904544043798e+00
2.458348350331550414e+00
1.875112615160904994e+00
2.485370357996658619e+00
1.889846734768886538e+00
2.072579636872168507e+00
2.483163321690818659e+00
2.114071564000145287e+00
2.041538959339597170e+00
2.582927212984385879e+00
2.029254365580333008e+00
2.485569679408569321e+00
2.754895470768958798e+00
2.012264977577646441e+00
2.191396242153230922e+00
2.191559279647592895e+00
1.980526958659376557e+00
2.458525848900986244e+00
2.568424883347636634e+00
2.130070227742649980e+00
2.658507832866308540e+00
2.331741252940740416e+00
2.404780164679044319e+00
2.321470998459254531e+00
2.778617918456814273e+00
2.629723579562107894e+00
2.356960200587548293e+00
2.237782665555703598e+00
2.696669240320571426e+00
2.041468070154182968e+00
2.083730216394774182e+00
2.240726355096483768e+00
2.348005545537975358e+00
2.030924611428361892e+00
2.818186249081164441e+00
2.074376583482720804e+00
2.248168691137981234e+00
2.504994940061191944e+00
2.305474025606621957e+00
1.975319127361286009e+00
2.216568209567475911e+00
1.786526890857109473e+00
2.350802779827084965e+00
2.293622098573916634e+00
2.263798446839525802e+00
2.925406744646750212e+00
2.398899688117488438e+00
1.864701310507206111e+00
2.105960139284175359e+00
2.664982497902624647e+00
2.227359988286945036e+00
2.102196676560411426e+00
2.043620152722146255e+00
2.681676817033753046e+00
2.109136922584753826e+00
2.313183001632366675e+00
2.181211607656445839e+00
2.241511095878559345e+00
2.495781142169032574e+00
2.287789293269010926e+00
2.099857071281945320e+00
2.240160702782767466e+00
2.457823480164971208e+00
2.457006812728291578e+00
1.747476720667396455e+00
1.980986079387098364e+00
2.227586850234272831e+00
2.602258473512146786e+00
2.724099880257288664e+00
2.949914050466379223e+00
2.102108076006399262e+00
2.572993816280461310e+00
2.526921648504276252e+00
2.464888605897496365e+00
2.287673478772947799e+00
2.430819601800433993e+00
2.342599260691858198e+00
1.957823881498309548e+00
2.155439135352509972e+00
2.180457193131103644e+00
1.962275551634064419e+00
1.872731322862066561e+00
1.954258689707884633e+00
2.335024157894758812e+00
2.052078644067567126e+00
2.276419058386401240e+00
2.745048966286169012e+00
2.493773582042284609e+00
1.819321433990229275e+00
2.610040639780507377e+00
2.164365276149574857e+00
2.533992085926969118e+00
2.090946533788062833e+00
1.883783881254578851e+00
2.070147315056015458e+00
2.406198401354228800e+00
2.833436332460478546e+00
1.736598247124980343e+00
2.112610546811438894e+00
2.079893215253909133e+00
2.334245325451279829e+00
2.748749138734354780e+00
2.122578447744019492e+00
2.437616602211233108e+00
1.983000971638001042e+00
2.470186651767518171e+00
2.661733626259072505e+00
2.472417052759668277e+00
2.386506307087072898e+00
2.251786616700502286e+00
2.144639660087674926e+00
2.216475804372465053e+00
2.179364072516764672e+00
2.371274056640587435e+00
2.658429977277783962e+00
2.579137468625031904e+00
2.576799446491516044e+00
2.406623741952707451e+00
2.672314589970490761e+00
2.380771288244650119e+00
2.783238320451343562e+00
1.887789146712150812e+00
1.912118927615117370e+00
2.343662128120094668e+00
2.178433706854292495e+00
2.588629261715718943e+00
1.963143195375368188e+00
2.499444509782963841e+00
2.563953604286205668e+00
2.578865043057624540e+00
2.625130363805716627e+00
2.429395060838031473e+00
2.806836156066835120e+00
2.543048439862005683e+00
2.418875670516985377e+00
2.160563876049353293e+00
3.087319842848543772e+00
2.129639714424946373e+00
2.520049359739277683e+00
2.624603567216039046e+00
2.456947315013484623e+00
2.321047582062808701e+00
2.852489501413928430e+00
2.347513233852537962e+00
2.542240562402271031e+00
2.184036587814545793e+00
2.267236680642842561e+00
1.952632938411480001e+00
1.858133323774804113e+00
2.187799450023974579e+00
2.616427112308104430e+00
2.770142270840238119e+00
2.648068828829118981e+00
2.286014414625277436e+00
2.284718453069239708e+00
2.340767600477755117e+00
1.881643102220150077e+00
2.871813075501111534e+00
2.336091520593350346e+00
2.053079989334016808e+00
2.182054345292431918e+00
2.845367116379927452e+00
2.274135967684823179e+00
1.811049387604912519e+00
2.528298253389309025e+00
2.014272495777452932e+00
2.965285990918448356e+00
2.301880366823747526e+00
2.138855883833664429e+00
2.530184836745836385e+00
2.323118871092101134e+00
2.951276075030631940e+00
2.868324337708166638e+00
1.647744991170151163e+00
2.828857099301739897e+00
2.458422260292937978e+00
2.354564203694640590e+00
2.286146491235315548e+00
2.308867265683144598e+00
2.525403272531972831e+00
2.685934451390903810e+00
2.718731265493759430e+00
2.640664362207904681e+00
2.023611398504018943e+00
2.189823474281555882e+00
2.161953241928078029e+00
2.405470015807023909e+00
1.755022533394487549e+00
2.901257998662167825e+00
1.991393826028733161e+00
2.184163991274394423e+00
2.321863719955865601e+00
2.928744437049623173e+00
2.835990173116907709e+00
2.539042422521903486e+00
1.836115039515133551e+00
2.875458754756392565e+00
2.336243717137465481e+00
2.765880289495102229e+00
1.894437590545934968e+00
2.606048805293348369e+00
2.686983037899503213e+00
2.750287380258607861e+00
2.478734072283784950e+00
2.344293750269717425e+00
2.055365685544551901e+00
2.423205547307644370e+00
2.244565411060298388e+00
2.122574043748836736e+00
2.219677428657749640e+00
1.981498926493733048e+00
2.304811929269538151e+00
2.366330006556013110e+00
2.117642272973867978e+00
2.289208585634655346e+00
2.800601716090007187e+00
2.187260421354836559e+00
2.227308134303993992e+00
2.428029585488685971e+00
2.234322760852142764e+00
1.975860603822783279e+00
2.163697404353867260e+00
2.541000459992642568e+00
2.596698003539619215e+00
2.730983812824050450e+00
2.265767460545439871e+00
2.404836084431686061e+00
1.911479871228436656e+00
2.242261666621192973e+00
2.417929896082109398e+00
2.245340890580447279e+00
2.203941589648083621e+00
2.341198707342464935e+00
2.479705765202034229e+00
2.680121643846343993e+00
2.919442485141638954e+00
2.304853494450065376e+00
2.392162763213936838e+00
2.405942620585893366e+00
2.526379390753169751e+00
2.211215302936479610e+00
1.808643069109847623e+00
2.390631374345717930e+00
2.439633547262829438e+00
2.559316688922571803e+00
1.729088466918499822e+00
2.215569249609639080e+00
1.788094959046330201e+00
2.444150013055421677e+00
2.310523792229367324e+00
2.519725531525406126e+00
2.426143499058421860e+00
2.091791079639581774e+00
1.691881370820186747e+00
2.447055102453763453e+00
2.185782621907994994e+00
2.034222117099289129e+00
2.546555963134206735e+00
2.719131835542007103e+00
1.745732057683949012e+00
2.751036401642181772e+00
2.623957939816414786e+00
2.466317937276008010e+00
2.072092044262157540e+00
1.851687981073544043e+00
2.228575154868672747e+00
2.616632721510081083e+00
2.341054122862821441e+00
2.562221005059181600e+00
2.401965241781212512e+00
2.780082648093160635e+00
2.031727158216780627e+00
1.884520177198893531e+00
1.919327057623843036e+00
2.247745426416052794e+00
2.634138487183108168e+00
2.627016364677552396e+00
2.330342896895335691e+00
2.211674652810834640e+00
2.707194216319534164e+00
2.186951438062437525e+00
1.875786293682137451e+00
2.166595730321274615e+00
2.213879781684807035e+00
1.804012165599169881e+00
1.883054142824119426e+00
2.659042468102887025e+00
2.385811046025919424e+00
3.063166302344202840e+00
2.700700632175708993e+00
2.464460019303216676e+00
2.480271978067515981e+00
2.265058161355153032e+00
1.729720633356940374e+00
2.071018780662599923e+00
2.116545554353344016e+00
2.480307363554830502e+00
2.221116241256815727e+00
2.800330834672406510e+00
2.118263318321898403e+00
2.460304935365216217e+00
2.711692733340099526e+00
2.575994998623052368e+00
2.585733084377267677e+00
2.176039360554939073e+00
2.506004763918680656e+00
2.697517279451048022e+00
2.793778773081733835e+00
2.417997694577180834e+00
2.211965983560117532e+00
2.554565670041640146e+00
2.848189435093632316e+00
2.524599927266431898e+00
2.675410426758125571e+00
2.675088545255688288e+00
2.515682213384327959e+00
2.381725381310987988e+00
2.812933266822094325e+00
1.674037996675872053e+00
2.498361060380567267e+00
2.045391876073704651e+00
2.580506090123873442e+00
2.314928568346477533e+00
2.088821420938486106e+00
2.003703465775686698e+00
2.749728769421508456e+00
2.485142499063737631e+00
2.620372783245718207e+00
2.669768922710566095e+00
2.669912142676553302e+00
2.825954240514593430e+00
2.294733576955419352e+00
1.716656077167760808e+00
2.644634950151792285e+00
2.687390025277271999e+00
2.805415437467790429e+00
2.949282469359050030e+00
2.294565591073426170e+00
2.352968413395029046e+00
2.195345390038673017e+00
2.435091582768915686e+00
2.455865760560063116e+00
2.821638374542234207e+00
2.674763340086481644e+00
2.507971549518383636e+00
2.563161354545901549e+00
2.341958487860881899e+00
1.979549853212941191e+00
2.185255643447499452e+00
2.294871261604868540e+00
2.722979243116010917e+00
2.272490795033624167e+00
2.345096807320765198e+00
2.859084057637080178e+00
2.463252340112170202e+00
2.228626344532223413e+00
1.896835624409594079e+00
2.310089279264658124e+00
2.420635420142184024e+00
2.109616491461105969e+00
2.251328712209201388e+00
1.958076689918773594e+00
2.273857366543718506e+00
2.606293420114114134e+00
2.468026100518332377e+00
2.819324831878057047e+00
2.075553062514732261e+00
2.869774932722430449e+00
2.328648799172371664e+00
2.266486408270561803e+00
2.090946742784841828e+00
2.460908419612318099e+00
2.278264591561157903e+00
2.836803435367921900e+00
2.439870170167743879e+00
2.074219620107212059e+00
2.225358624246176920e+00
2.839467626805893374e+00
2.288110945713297983e+00
2.402148046469944287e+00
2.176457047518903565e+00
2.727613755025818598e+00
2.230468665053312094e+00
2.550714226653460592e+00
2.592058856629590124e+00
2.209439756033711344e+00
2.813056426316274283e+00
2.001835086976359257e+00
2.600363436162620445e+00
2.663522748921312466e+00
2.574822340184041991e+00
2.681137388178743475e+00
2.313226507284769085e+00
2.364935174837018206e+00
2.486244992346742677e+00
2.807945396893849477e+00
2.610669522492331307e+00
2.295652646857147872e+00
2.625359703476353168e+00
2.012857283675205000e+00
1.957702345159895607e+00
2.417104049407721611e+00
2.607553103134074401e+00
2.407138657345310406e+00
2.483006309786084387e+00
2.059795771295269695e+00
2.554432268507354831e+00
2.439114608201041534e+00
2.301677228071930870e+00
2.634406741240117533e+00
2.668746169035487004e+00
2.040428744496605162e+00
2.081714504012192712e+00
1.962433009895973024e+00
2.491440980688400586e+00
2.197157190427871498e+00
1.826862300823554275e+00
2.525648343934922657e+00
2.273262020190419896e+00
2.292302705344729574e+00
2.323161107950868498e+00
2.611057922806473197e+00
1.901459054984496744e+00
2.578607990612352463e+00
1.992053369895046000e+00
2.533266873413441811e+00
2.001906340375637861e+00
2.373003326767356036e+00
2.174901414728246607e+00
2.357694416445866636e+00
2.085437098454046456e+00
2.658440444654361023e+00
1.985513562624544814e+00
2.265331205252265612e+00
2.384170919804761368e+00
2.394277085644526348e+00
2.500926924320908462e+00
2.350418604424972635e+00
2.753486520838944074e+00
1.991433245881851777e+00
2.576836499707551020e+00
2.701073545298066758e+00
2.795602855811304188e+00
2.021557522411948860e+00
1.906231577613217931e+00
1.798987674511009827e+00
2.302978772183460254e+00
2.407471541578608765e+00
2.861820542567323766e+00
2.240427166369376444e+00
1.885964965278419392e+00
2.282579272828337835e+00
2.734124965611812286e+00
2.576719630348574874e+00
2.843201114228783855e+00
2.733553135157456904e+00
2.289928077464035372e+00
2.611208108211876766e+00
2.694898964365999294e+00
2.370353524189551031e+00
2.265915160553117147e+00
2.233901097942251113e+00
2.076395835243257437e+00
2.252385358715715213e+00
2.505294892165072618e+00
2.022521249545831790e+00
2.707533184609283161e+00
2.373001243734115029e+00
1.928827135817641869e+00
2.209700829480283346e+00
1.975054006295747122e+00
2.352172128119964789e+00
1.988653348446369540e+00
2.152220532228961591e+00
2.120119948951161071e+00
2.431116501318407508e+00
2.128208730981958396e+00
2.121243685487113062e+00
2.470885415494191939e+00
2.411606886773253855e+00
2.757306839855421909e+00
2.394624035817672247e+00
1.979099989024370121e+00
2.487353644919906959e+00
2.829234906356073331e+00
2.601089857111677173e+00
2.847963075147568635e+00
2.076105511163726103e+00
2.366000852334353866e+00
2.828835102309645855e+00
1.939250508686431784e+00
2.706127787451712230e+00
2.682740433563413074e+00
2.635595342187173618e+00
2.353922253101122131e+00
2.263442199796512178e+00
2.205723367624895737e+00
1.994321442513589338e+00
2.109230665580922981e+00
2.172036447031294504e+00
2.547296185269535940e+00
1.733580449176172156e+00
2.797068990596747184e+00
2.627035663615979288e+00
2.186510304464693633e+00
2.213494080775634032e+00
2.053488514441951018e+00
1.870977575764721124e+00
2.198292640232232475e+00
2.303158131616819926e+00
2.224521590866324949e+00
2.144239451238544092e+00
2.809403527317738902e+00
1.973486333590569464e+00
2.571919466695857359e+00
2.359028765958372631e+00
2.085307165333147861e+00
2.465240834693035676e+00
1.950880396665356953e+00
2.028884429707886738e+00
2.877053846552805716e+00
2.042479304423348463e+00
2.155532482350717594e+00
2.456178679331180170e+00
2.587309853852342467e+00
1.829027245885822106e+00
2.165512664414634525e+00
2.722652479249939361e+00
2.234742792007045509e+00
2.642921995000236279e+00
2.628252124120055822e+00
1.821261997570334135e+00
2.471513413229823541e+00
2.538568400104941780e+00
2.556494782462029214e+00
2.665825608763813026e+00
2.207664308666521524e+00
1.975443160039382473e+00
2.349658030304695444e+00
2.495768944518713006e+00
3.010103073348172398e+00
2.362453981477182552e+00
2.445635508855175555e+00
2.366803323825398930e+00
2.317813288174039865e+00
2.446273341694815251e+00
2.563210833470461303e+00
2.590405131941811767e+00
2.601608966435226211e+00
2.082308355000290323e+00
2.119168924597470749e+00
2.531730653254395502e+00
2.381099700931496699e+00
2.525860209420368818e+00
2.657953401903279556e+00
2.741121349985258249e+00
2.120069232001108084e+00
2.312006724089306076e+00
2.768040964129552695e+00
1.877080747836413988e+00
1.925589364475114085e+00
2.830436302999470133e+00
2.385063684557837682e+00
2.757445527615750791e+00
2.491016362260666916e+00
2.937654374122139256e+00
2.468522828558827875e+00
2.465881223263205690e+00
2.397570973818809570e+00
2.708217279390246368e+00
2.188404699513487373e+00
2.223319976377345242e+00
2.046966872446258634e+00
2.272442332849918589e+00
2.085941179426501257e+00
1.952940965184527311e+00
2.490305924684217409e+00
2.235242318434614184e+00
2.528977322544291528e+00
2.658629532145575958e+00
1.890822616676600454e+00
2.175038953649881535e+00
2.025275743236816695e+00
2.534021870565831946e+00
2.404597912018399786e+00
2.157824112406879102e+00
2.254983673928310672e+00
2.455247949710871680e+00
2.334496224881061011e+00
2.343865996698225374e+00
2.112343195159559706e+00
2.338615134518327920e+00
2.429777636562269194e+00
1.823596231572585102e+00
2.728346425258362906e+00
2.388995123371874030e+00
2.625462128311226273e+00
2.414897370792290054e+00
2.862459507730833241e+00
2.321967293124804765e+00
2.104323258059184631e+00
2.527878185699763858e+00
2.226295220108831074e+00
2.790963606064577274e+00
2.501022867743809996e+00
2.521995148177411217e+00
2.325341028045472935e+00
2.892888777520063570e+00
2.870951841917943614e+00
2.174936937928410696e+00
2.546160195695068573e+00
2.481264778801365978e+00
2.831219814703918924e+00
1.906239231695605607e+00
2.171496047183795852e+00
2.226449054009057349e+00
2.750743770398444976e+00
2.424709220131886056e+00
2.108871073630805171e+00
1.937312223595472283e+00
2.098152210499572234e+00
2.538640747970486888e+00
2.153125406411414033e+00
2.830094387698450564e+00
2.331666023787176023e+00
2.571775280814770692e+00
2.325169259897351459e+00
2.112296870448434838e+00
2.842823771817228451e+00
2.438289071132810015e+00
2.264234412689612341e+00
2.673319060754099752e+00
2.230401555092517807e+00
2.061610766486587032e+00
1.731516014098867906e+00
2.699467100763520477e+00
2.534180376269637769e+00
2.293572025683868532e+00
2.229122977469874201e+00
2.593375534252333026e+00
2.047069104074589418e+00
2.496795318054005897e+00
2.927496204648472045e+00
2.673259917927549800e+00
2.846993426180219000e+00
2.802830419146224550e+00
2.256604715711219900e+00
2.006117288272856847e+00
2.372540955750070957e+00
2.374500507830079599e+00
1.830925771609099195e+00
2.611655351105451217e+00
2.440696438589345707e+00
2.551701525150562588e+00
2.499406349047013975e+00
2.495187781508894087e+00
2.030378911550453580e+00
2.137900000772880560e+00
2.196865153656588188e+00
2.184854663367731042e+00
2.123296547743544149e+00
2.379853490392358051e+00
2.155273809776843574e+00
2.636353819821383393e+00
2.211400865203660970e+00
2.884729232748351357e+00
2.315012974168527915e+00
2.208621724864229474e+00
2.476469179282537070e+00
2.473864775498362256e+00
2.446141715751682710e+00
2.528498846425784041e+00
2.658895944604317219e+00
2.088832552658341335e+00
2.455006342305556366e+00
2.401002035057316686e+00
2.350270312474251444e+00
2.231015472362220642e+00
1.794280553878053075e+00
2.611344552291824606e+00
2.514935148324136449e+00
2.798177937956848105e+00
2.100108620852139563e+00
2.524209066879144814e+00
2.533036301797758849e+00
2.207595280695626272e+00
2.707468859454253085e+00
1.897702551237297142e+00
2.243709976652021432e+00
2.185521462576145435e+00
2.560061309324859202e+00
2.179843605750383606e+00
2.132972347636954424e+00
1.946164701776876393e+00
1.769073597083055338e+00
2.490052305663509102e+00
2.353634264474927740e+00
2.350101888702629260e+00
2.865997721305143298e+00
1.692393167256391218e+00
2.005579667023708268e+00
2.508234610691483013e+00
2.708597690978768568e+00
2.643637319318491663e+00
2.213625875066627557e+00
2.203145754629936448e+00
2.140185058729839440e+00
2.471108410446960946e+00
2.638381070372716852e+00
2.379720961127416157e+00
1.891026875191526679e+00
2.024047218029713768e+00
2.833966015784588954e+00
2.111296208446489686e+00
1.661902961493848085e+00
2.268688067964671706e+00
2.081425127327888092e+00
2.628199970864016688e+00
2.015667767259298859e+00
1.971959508877794365e+00
2.329356412608492022e+00
1.898270344598579795e+00
2.697657517388659443e+00
2.394688938673478873e+00
2.319295602513678833e+00
2.471580344612466007e+00
2.443279185824322131e+00
1.965815677658944827e+00
2.109340298757875320e+00
2.240829203817731763e+00
2.816101997820914971e+00
2.485254912968763108e+00
2.596564225692357120e+00
2.515437626587570641e+00
2.380927023427517941e+00
2.485571053048464485e+00
2.213199638597453944e+00
2.553051323900039637e+00
2.293294119473395121e+00
2.086287061267582565e+00
2.031031528186464374e+00
2.043024961958153085e+00
2.418690435434645902e+00
2.881391302500985852e+00
2.499519523843392044e+00
2.221557748689217959e+00
2.011537166696800050e+00
2.119133148267488664e+00
2.811393532622108005e+00
1.792941253273455882e+00
2.568076609108543629e+00
1.964500352153037088e+00
2.180594353179873934e+00
2.436478147174578890e+00
2.616840009292912494e+00
2.325166176293356202e+00
2.383521360606227990e+00
2.056817532055374542e+00
2.522653364393045106e+00
1.920487103290044795e+00
2.444506615360034996e+00
1.815765700007234029e+00
2.226397555852323240e+00
2.547899605219244634e+00
2.694142543623154751e+00
1.934842376040529333e+00
2.101068327318957429e+00
1.932533151797110715e+00
2.343521988929719857e+00
2.627745190189006763e+00
2.338055841154625725e+00
2.403050508957317977e+00
2.380885735306470075e+00
2.732440964968847918e+00
2.026982682405414682e+00
2.291462960019283734e+00
2.905850067704677464e+00
2.702782726253573298e+00
2.278824149953610156e+00
2.795846238898351821e+00
2.475526872218807739e+00
2.537046611012224506e+00
2.244841980660296166e+00
2.515214084856699284e+00
2.354580017366465494e+00
2.606715484650069747e+00
2.285552073235333825e+00
2.078264589684360342e+00
2.482164995935015828e+00
2.225645888223761304e+00
2.780112259639607064e+00
2.287103676551096587e+00
2.631306454932563987e+00
2.206231882946561917e+00
2.162886563911674997e+00
2.710848774702925290e+00
1.901105408015159481e+00
2.502179377393148663e+00
2.140682245971475606e+00
2.498718382164648588e+00
2.431680318111583805e+00
2.211996202558221380e+00
2.507420251490661833e+00
2.690395111570042630e+00
2.289956707363296928e+00
2.785110503618005051e+00
2.530458289270729466e+00
1.914294729619293589e+00
2.577519372891658112e+00
2.840780715818540969e+00
2.431080117247732986e+00
1.998334089701635952e+00
1.930469013865402372e+00
2.652113601267928722e+00
2.278281464664712708e+00
2.700026166186141552e+00
2.190131623288540386e+00
2.834755029232563839e+00
2.982970457397962516e+00
2.276324466738934404e+00
2.401016629807866565e+00
2.089477558458465722e+00
2.047658153854325924e+00
2.469283307548462147e+00
2.820210722860097885e+00
2.300912135094728583e+00
2.191492676726259692e+00
1.648993619191563731e+00
2.577824493884675050e+00
2.638281298307568079e+00
2.385493165012070538e+00
2.386922913621859710e+00
2.546168326083381839e+00
2.591541536914117039e+00
2.767625848892316220e+00
2.150474772191867778e+00
2.624277710561355725e+00
2.262193386307788323e+00
2.483377958630068161e+00
1.910161625272465802e+00
2.617055922469520457e+00
2.863809950319488262e+00
2.110458996674545062e+00
2.438754252497005393e+00
2.309495552846762223e+00
2.929311984378117906e+00
2.921504085979640841e+00
2.145369902823117236e+00
2.104232407009731354e+00
2.905243036161636816e+00
2.303861495099823742e+00
2.255738082396857358e+00
2.333149424138371231e+00
2.033269380515088542e+00
2.089252406959793529e+00
2.343862289417760092e+00
2.606384395770430462e+00
2.759463111260022306e+00
1.838057941025497577e+00
2.418896147724614032e+00
2.494934214244354465e+00
2.109892835366007802e+00
2.658986197141460561e+00
1.869788758301812459e+00
2.447792872884761550e+00
2.353545150144300546e+00
2.296263350878253284e+00
1.840358315935018529e+00
2.439383045079559054e+00
2.569136698532258567e+00
2.349029039433173427e+00
1.872967822769024293e+00
2.285983556233857517e+00
1.979102663182049637e+00
2.124478606887976184e+00
2.327628959878786485e+00
2.474642127131881253e+00
2.295765773945721566e+00
2.548730364294581552e+00
2.273746281265603741e+00
2.328150961634719351e+00
2.044987272121027377e+00
2.552279661318783699e+00
3.046447788091693809e+00
2.692181684313675660e+00
2.715386730186425623e+00
2.771014624361393341e+00
2.786730252231904181e+00
2.845362480992295051e+00
2.714237518694095908e+00
2.089665166657725948e+00
1.969070661868121075e+00
2.352464459611016245e+00
2.401952702651227067e+00
2.998508295136235624e+00
2.706601554429995282e+00
2.545022742301279894e+00
2.744394214824263045e+00
2.450151626061749077e+00
2.734121106999760631e+00
2.679041000231754843e+00
2.096450119831386516e+00
2.279230302148117282e+00
2.079677117489107108e+00
1.745684334777047209e+00
2.412715013081733417e+00
2.433953830518401418e+00
2.360985202313798048e+00
2.347126661812801274e+00
2.276984249555968454e+00
2.049292051972431583e+00
2.339166569399836249e+00
2.226629475748602704e+00
2.513935185217324619e+00
2.566115495351859010e+00
2.669256315969224413e+00
2.349835402515562333e+00
2.851875313618955410e+00
2.643765102484577412e+00
2.277460206618216354e+00
2.148522575738820439e+00
2.055108419001369313e+00
2.203142013702548141e+00
2.639161117668995971e+00
2.552370153813486198e+00
2.377356226554413254e+00
2.109241921738933989e+00
2.200975707685059124e+00
1.943557062059030782e+00
2.394308868630425913e+00
2.256232194606632380e+00
2.357271689431940764e+00
2.243400311750483489e+00
2.698664471597239434e+00
2.168336262013766280e+00
2.275733597461328195e+00
1.970138027363154132e+00
2.560312721954881798e+00
2.098595377229586667e+00
2.186993189381270852e+00
2.763979974894980707e+00
2.434594735439143509e+00
2.664328899380850491e+00
2.101401897236826244e+00
2.224265431578018593e+00
2.684254559488467251e+00
2.535712945311758393e+00
2.394501117279292934e+00
2.920919980110729952e+00
2.669082587448148747e+00
2.678301543983584665e+00
2.005737847488458403e+00
2.129429277486932115e+00
1.729701137434498825e+00
1.954653065341802387e+00
2.621739865715735807e+00
2.359952797740077379e+00
2.531437725310821563e+00
2.391701393772570405e+00
2.824642325356260031e+00
2.473504011724961593e+00
2.609673701511845856e+00
1.937560261191586530e+00
1.917053282707921635e+00
2.375238751051295782e+00
2.158996173725112655e+00
2.564373897655078949e+00
2.289683529956154207e+00
2.171467319929432982e+00
2.725689111900252648e+00
2.728659432561326703e+00
2.319436969504512724e+00
2.499853186218125245e+00
2.345089004313201997e+00
2.424145704375531007e+00
2.780901966153458194e+00
2.262810863894111790e+00
2.307286356629141277e+00
2.038444191417442930e+00
2.535973860360121179e+00
2.721296941696272675e+00
1.771481141302207130e+00
2.014239870885132788e+00
2.463862138045383787e+00
2.834542374448621338e+00
2.437577067984911139e+00
2.140922568577904528e+00
2.565720575233360279e+00
2.605297837060199129e+00
2.277989870349527379e+00
2.362443347303438301e+00
2.374258462831309480e+00
2.573472990357176471e+00
2.083819627488129100e+00
2.486437394501392006e+00
2.606561613991290383e+00
1.805595166080757874e+00
2.240089132430686192e+00
2.457129378233845696e+00
2.619752639420083185e+00
2.831798703499051051e+00
2.593885457644232062e+00
2.327159712291189120e+00
2.324805183836938127e+00
2.469468659235375618e+00
2.544133510083377736e+00
2.038192771890184218e+00
2.767257322182964607e+00
2.929635735965500754e+00
2.498732626949844438e+00
2.249294632759821333e+00
2.113343601297593022e+00
2.636305694837250080e+00
2.324978844786819820e+00
2.287049899047067125e+00
2.938883704727979662e+00
2.248229300186657120e+00
2.678255492887226197e+00
2.613258018903719559e+00
2.436841639066640308e+00
2.245496232969387496e+00
2.556537433965882844e+00
2.590257937617396866e+00
2.362338095829441542e+00
1.925195622648244509e+00
2.826357059829394114e+00
2.573281013838656595e+00
1.887316454638429786e+00
2.622929757752610946e+00
2.752081344104453819e+00
2.311098172494399972e+00
2.133146307025087562e+00
2.377290986252750926e+00
1.674687202417409759e+00
2.212885309080704133e+00
2.406022670132872410e+00
2.316969856868473787e+00
2.860346201664999644e+00
2.787066465534250970e+00
2.154032379868834113e+00
2.491603938492664927e+00
2.671545603519818624e+00
2.426873463078070614e+00
2.491342995110607639e+00
2.059235273625798612e+00
2.431562776154931438e+00
2.632320134215681673e+00
1.981074835170104631e+00
2.489992270833202070e+00
2.249210512509568716e+00
2.759046544007882851e+00
2.274516788956091773e+00
2.655501123533666519e+00
2.121494203479408647e+00
1.873852544405676612e+00
2.844783443294828018e+00
2.579845141486938775e+00
2.600895697950474705e+00
2.062938864766731939e+00
2.522212321205484553e+00
1.951190564727263377e+00
2.819502746065754017e+00
2.399083788112418070e+00
2.160238493837397744e+00
2.457834643527369245e+00
2.724886765974694036e+00
2.459957552070748843e+00
2.571753092892059556e+00
1.928999065285853076e+00
2.427815048004215992e+00
2.811350250309511800e+00
2.003665341417105950e+00
2.813326274782371961e+00
1.938008305533767350e+00
2.621043553828600547e+00
2.343073655238224973e+00
2.005143670098942899e+00
1.823984774815285537e+00
2.088270187730067562e+00
2.315388557407810133e+00
2.742452859359802986e+00
2.264698562933757486e+00
2.430366525538129707e+00
1.644581457641922650e+00
2.044919158179383079e+00
2.693951123366689515e+00
2.900331528046141916e+00
2.418618927863229739e+00
2.382532166627741255e+00
2.421002356830867619e+00
2.523146755972971000e+00
2.268013817951541000e+00
2.706664759078317939e+00
2.410268786707545630e+00
2.056708763098330728e+00
2.288602193356984227e+00
2.514898100377633838e+00
2.892353432748863362e+00
2.591846750195270666e+00
2.509885656480135729e+00
2.240109223940137451e+00
2.435746795906988726e+00
2.328764588434155680e+00
2.609341393844022416e+00
2.475369062498353756e+00
2.908157072457278947e+00
2.564162435129982764e+00
2.156985532294091623e+00
2.116972562850775841e+00
2.083619287236272655e+00
2.353401028656837646e+00
1.958064204201771741e+00
2.365479751299599975e+00
2.184486090472558040e+00
2.124597741139630180e+00
2.204599147170925644e+00
2.641020887060901323e+00
2.273289670720273659e+00
2.309376728747234431e+00
1.984924728101453040e+00
2.282934029695520284e+00
2.262326977120938221e+00
2.457113540952279962e+00
2.519313835857782014e+00
2.074790662337834490e+00
2.919036209202746868e+00
1.823085068738560910e+00
2.584447864007425100e+00
2.411082946965411811e+00
2.411634801814500850e+00
2.391176141043352743e+00
2.558535334023644747e+00
1.852226557526128969e+00
2.598408115369637894e+00
2.154370028953922489e+00
2.180402972673682882e+00
2.591461878804165675e+00
2.513254219696839264e+00
1.893234585519958824e+00
2.174028260222152120e+00
1.789248988721044764e+00
2.253845334022934299e+00
2.277397497385368563e+00
1.914252417618995450e+00
2.000707047178773568e+00
2.763976942502690104e+00
1.960728467254958307e+00
2.945469913697886355e+00
2.927394244866956541e+00
2.047445261056546784e+00
2.132177664446473830e+00
1.906342014880776370e+00
1.844875456273984637e+00
2.188158445230665272e+00
2.170690090810499129e+00
2.115085786444013127e+00
2.376034166852594609e+00
2.415955260292625084e+00
2.333981228447214562e+00
2.709719476854203890e+00
2.687785148823877979e+00
2.552268595335287493e+00
2.111123144994186518e+00
2.453104021057749939e+00
2.617835578487096804e+00
2.504132133514433534e+00
2.469788372948499067e+00
1.761919080345438315e+00
2.812223315970426629e+00
2.285156839070353829e+00
1.796607412800171000e+00
1.995284493770027368e+00
2.176086031461630821e+00
2.354185350635538576e+00
2.623256768170464603e+00
2.341721602189155593e+00
2.098923072430231240e+00
2.618588760803898907e+00
2.604987142207609629e+00
2.861893968589925841e+00
2.232853263255404563e+00
2.345807341433450155e+00
1.858454833535328588e+00
2.805392771432713150e+00
2.638813598872025601e+00
2.194528059679511589e+00
2.134148399106313931e+00
2.103162316469373572e+00
2.420675658233190752e+00
2.018273022507738546e+00
2.222154017641003065e+00
2.285044405690352498e+00
2.522457891930831142e+00
2.510396812925449694e+00
1.872233847914952065e+00
2.281922631058034945e+00
2.266566024457749684e+00
1.783761199562837074e+00
2.154234719821449318e+00
2.642770020037001455e+00
2.668465350615982778e+00
2.256344663308183396e+00
2.106457597148654770e+00
2.236577622554083877e+00
2.293748409806440236e+00
2.615137701281754712e+00
2.491886379403761786e+00
2.044450060735858443e+00
2.398918606266969178e+00
2.480670666060575957e+00
2.411807303426624305e+00
2.881242352266981666e+00
2.631545378758804787e+00
2.323622904946413215e+00
2.062472853054935662e+00
2.226885907487376581e+00
2.390674190485504003e+00
1.928262521729197765e+00
2.044362531364164681e+00
2.620109719326368047e+00
2.582106881760999340e+00
1.944477554217770798e+00
2.968328623746492312e+00
2.160624078305778184e+00
2.872882390798892516e+00
2.158146362418435160e+00
2.348371775468083733e+00
2.644203146439415342e+00
2.258086382378570178e+00
2.490520191399267169e+00
2.754828413223347372e+00
2.512198947328545096e+00
1.755627479269732172e+00
1.966001072505219494e+00
2.072862413267423598e+00
2.234346854423185480e+00
2.631561303353517900e+00
2.192522407604152956e+00
2.361133761577782764e+00
2.320916679105713420e+00
2.572831423597816691e+00
2.573749425412299452e+00
2.177285228651105076e+00
2.220649843981667537e+00
2.775357455416178176e+00
2.056960621189729110e+00
1.980890593678404032e+00
2.764176930957251699e+00
2.451029149008229879e+00
1.955196177325745133e+00
2.531585118028787385e+00
1.947102932940221409e+00
2.521219004411263676e+00
2.738015615340380737e+00
2.723786634169327314e+00
2.409115011973264053e+00
1.934237903233550382e+00
2.223410023008311143e+00
2.844748388604121381e+00
2.488066107162981933e+00
1.794407997923521014e+00
2.564408287814323728e+00
2.318643839424360475e+00
2.779860621460162662e+00
2.393365978909063330e+00
1.910035618083453235e+00
1.740898833326200545e+00
1.822277849963602758e+00
2.158092444114011688e+00
2.004172702947791151e+00
2.115146344593532568e+00
2.199019061665030694e+00
2.006085170812524243e+00
2.883243019194236645e+00
2.370942415253201929e+00
2.267731470047919196e+00
2.437963586803801874e+00
2.672688253194403174e+00
2.373168176445165756e+00
2.147503417837405060e+00
2.390629647235409827e+00
2.167307957582841560e+00
2.743892866702206224e+00
2.680330905585541323e+00
2.539186057838665356e+00
2.473251534634330007e+00
2.168934678893436274e+00
2.637084489972473911e+00
2.062371323958134717e+00
1.783237239866303003e+00
2.198860528305197626e+00
2.408394930101726228e+00
2.829393738716232676e+00
2.483941525399606221e+00
2.590643424851464705e+00
2.615956958657879472e+00
2.321627506024877885e+00
2.461535209875939323e+00
2.202961158994074076e+00
2.265119500176900669e+00
1.877997137872315925e+00
2.039618473363645546e+00
2.481669975267313255e+00
2.396688082651715401e+00
2.837484340890044532e+00
2.489229489429534148e+00
2.166614216502196655e+00
2.500793997413554237e+00
2.090430572452455227e+00
2.320873582161435245e+00
2.304056182627531868e+00
2.646220623566208463e+00
2.205346976831650707e+00
2.574617502361988830e+00
2.441434938504504881e+00
2.504593342531187705e+00
2.574431943131601841e+00
2.066739375772248533e+00
2.392075320544492012e+00
2.513987642597725447e+00
1.905897063716952333e+00
2.195270428809706242e+00
2.272121861201436221e+00
2.533011411292058757e+00
2.520896108842709982e+00
2.699543973887303050e+00
2.133436173930018498e+00
2.520220770868365712e+00
2.754816341628537835e+00
2.032284373668297839e+00
2.060279458388831308e+00
2.142409404918026450e+00
2.243090646476410654e+00
2.353724715648987775e+00
1.979019122959385646e+00
2.248250631439362213e+00
2.605614092744855448e+00
1.953985167365333675e+00
2.979526640331539244e+00
2.344975044572223943e+00
2.725543969344962125e+00
2.022943042196261310e+00
2.870758706283663031e+00
2.396247665878774136e+00
2.487218223235603709e+00
2.110826401397809970e+00
2.418489852457400335e+00
2.135047941788884351e+00
1.834500663026663592e+00
2.537111631608042650e+00
2.787939905660023587e+00
2.242016631963320794e+00
2.026502178620281036e+00
2.299073164583420148e+00
2.914820341578521212e+00
2.178154296366322296e+00
2.845686717526066278e+00
2.045643524453886641e+00
1.990470228687136967e+00
2.527517014055079336e+00
2.252821899018601748e+00
2.674953998692903401e+00
2.410397510892019035e+00
2.450347070949297823e+00
2.767115971731483270e+00
2.597409048569958578e+00
2.838726656358036671e+00
2.507437733544767067e+00
2.702348691197302699e+00
1.854183470030615233e+00
2.318542186000169814e+00
2.261055679199172719e+00
2.763419414366921067e+00
2.299118494768766396e+00
2.346003828635828015e+00
2.580138370194981157e+00
2.375314815059823559e+00
2.321863761641146162e+00
2.865492715027366799e+00
2.484211921850520088e+00
2.790733067998527162e+00
2.360228252257961401e+00
2.454432537813393100e+00
2.430646794215030937e+00
2.247336726190717560e+00
2.617756271239692012e+00
2.109656846776216899e+00
2.586661803032238360e+00
2.222055058817129058e+00
2.389292729234116841e+00
2.520806927765857797e+00
2.667885316187712519e+00
2.092510959911449309e+00
2.313423349686786423e+00
2.265353992286151641e+00
2.185483077358726156e+00
2.331147185854797410e+00
2.425607771192593631e+00
2.146386653981194215e+00
2.455180589698100491e+00
1.977760373590436771e+00
2.253689189767593692e+00
1.906435941843932502e+00
2.449966785868283203e+00
2.534586568213595292e+00
1.995272544596634612e+00
2.306246259937936305e+00
2.476115110443906531e+00
2.465253125588376726e+00
1.683550959386929113e+00
2.033203204509251627e+00
2.359295515567682688e+00
1.951157780302280376e+00
2.196488999731609049e+00
2.624430730595955552e+00
2.132499791441230919e+00
2.574506596903264999e+00
2.387610143887767489e+00
1.981889588540890257e+00
2.138001778814057730e+00
2.885321138611955938e+00
2.568272016006710956e+00
2.009187409169653993e+00
2.358631714521734146e+00
2.284983265547004816e+00
2.045680551259735136e+00
2.655201315504691184e+00
2.480462648876555765e+00
2.589527211782447935e+00
2.137723069607538662e+00
2.254346127225595353e+00
2.346041097916276907e+00
2.147072149348248971e+00
2.247556159269188836e+00
1.952849870287991063e+00
2.822805371972124888e+00
2.051074622629324828e+00
2.339887790229302045e+00
2.567158387811214304e+00
2.238430023992099560e+00
2.072435996534226721e+00
2.811740877555056972e+00
2.357232810405882173e+00
2.400347304956397476e+00
2.594262609065983050e+00
2.573785157894004971e+00
2.079035917764672448e+00
2.219166298914590385e+00
2.429640978635897675e+00
1.962872251665411127e+00
2.306989393059925231e+00
2.423980930385320143e+00
2.492052480533709868e+00
2.286059454750760445e+00
2.106450991085926816e+00
2.369948266330859088e+00
2.434638897687228631e+00
2.555925920871668033e+00
2.562909280968382220e+00
2.011718382604287925e+00
2.339163484225978529e+00
2.432310426051969454e+00
1.686214191889809255e+00
2.719119973044118677e+00
2.002697176423048120e+00
2.189530260600856870e+00
2.414156595027549201e+00
2.377074513675607292e+00
2.968177128507733631e+00
2.756640725375395284e+00
2.739211107898314790e+00
2.402899583239523462e+00
2.523636374531440296e+00
2.480952780246775902e+00
2.613509001294890055e+00
2.137923696030855858e+00
2.358861639142476818e+00
2.321503149693680879e+00
2.983634980829509509e+00
2.151222111803787751e+00
2.234886724025571425e+00
2.629528544568611181e+00
2.821031142520346258e+00
2.051804204219356720e+00
2.183167868074204154e+00
1.862707930941401635e+00
2.361875590624480381e+00
2.415513751734693848e+00
1.925836763377591021e+00
2.685026579323773088e+00
2.524767812565306357e+00
2.565287400423865716e+00
2.336804805146089237e+00
2.917092305548029785e+00
2.956045512963627608e+00
1.713612230107327106e+00
2.347725960113893784e+00
1.761221073810514737e+00
2.854215807128011484e+00
1.894044969407469248e+00
2.213256602604250389e+00
2.820139068644952562e+00
2.536914406177698922e+00
3.041889986873695051e+00
1.879030818346407283e+00
2.310810005008790746e+00
2.427065121491897237e+00
2.747493384989865284e+00
2.616543818645361341e+00
2.757640383264716277e+00
2.509984076976036427e+00
2.549954265443158619e+00
2.141064765604013598e+00
2.545793686913150111e+00
1.873002315453845990e+00
2.215849973098465320e+00
2.599575507518920858e+00
2.490777347154453203e+00
2.604835423167506381e+00
2.369074285078413666e+00
2.365812408821495350e+00
2.681062642311348831e+00
2.383751549602485476e+00
2.762278410404321427e+00
2.124159508750967262e+00
2.625789882799303143e+00
1.983241897676071952e+00
1.911402835689838042e+00
1.883051892927076532e+00
2.144817073316814593e+00
2.030958838385013898e+00
1.958009400936649103e+00
2.401895987659941945e+00
2.534876435635511793e+00
2.399645374812193310e+00
2.802258318235066881e+00
2.732025577411477446e+00
1.760509946984648799e+00
2.208283200346243813e+00
1.877628230077363236e+00
2.688588137207376327e+00
2.491916147037322116e+00
2.813816931515904063e+00
2.700303097147545017e+00
2.329235501446298429e+00
1.681202653093500921e+00
2.725495497603553474e+00
2.139624347554752504e+00
2.371686789122549488e+00
1.991979069503955646e+00
2.181048738598962089e+00
2.899453245124659517e+00
2.342468404280493299e+00
2.636133381322047775e+00
2.134613290387879836e+00
2.018133497480414817e+00
2.119719275921776891e+00
2.679132364983357384e+00
2.672210514717201058e+00
2.482954382651811898e+00
2.769681684891168505e+00
2.011252432374030619e+00
2.011925550415800235e+00
2.888322209032818222e+00
2.507456743034301549e+00
2.555349625452087992e+00
2.141916161271819163e+00
2.443804500169077798e+00
2.443910816527104402e+00
2.118859369424102912e+00
2.679318893239214017e+00
2.562101937768507032e+00
2.516690066463892261e+00
2.104936822205093705e+00
2.020385199318475600e+00
2.077718552003697372e+00
2.880969714979342733e+00
2.559412386198804512e+00
2.349609298819931080e+00
2.656368523663892756e+00
2.219211528128710587e+00
2.308091052610405036e+00
2.557452470743809325e+00
2.748734053130757804e+00
2.147402781606514210e+00
2.710846959657242206e+00
2.432466167718983385e+00
2.800954956490237180e+00
2.476930042483319827e+00
2.173121881333740735e+00
2.047767437175896710e+00
2.232380512625065094e+00
2.701101946487524774e+00
2.848336548139402069e+00
2.584027505785276624e+00
2.746887295918788663e+00
2.179829434047443559e+00
1.875880808270122824e+00
1.827393207221404747e+00
2.388989021085394349e+00
2.375143237029699428e+00
2.692940065239750158e+00
2.813977776189803048e+00
2.351164334486941510e+00
2.176311176770262534e+00
1.999321767189622623e+00
2.331766921774581114e+00
2.661828410488219276e+00
2.546087100036408923e+00
2.049723207510296241e+00
2.476319365310606369e+00
2.695693216408832527e+00
2.214548602001106037e+00
2.051538820475768077e+00
1.981434133585700863e+00
2.969930401888535521e+00
2.315460238574537311e+00
2.127731793782404957e+00
2.271398591593081662e+00
2.672353282825953524e+00
2.444956825179571247e+00
2.443083954633523902e+00
2.138200299486391565e+00
2.918517589768214293e+00
2.598845485849968995e+00
2.937452845499632037e+00
1.661601059082334464e+00
2.837587434945151976e+00
2.460303296131618023e+00
2.352764421845920051e+00
2.178668353683765435e+00
2.098550473591216825e+00
1.912791167230192935e+00
2.031081346001379906e+00
2.084538759676279440e+00
2.324915462202920668e+00
2.003107552996762575e+00
2.100618721293190383e+00
2.295525486410253002e+00
2.073577605453415629e+00
2.369111337805692052e+00
2.633390528817738829e+00
2.272348654107579691e+00
2.157491533284446206e+00
2.354184517540964361e+00
2.660609951018883201e+00
2.759726705203620067e+00
2.713978172385587140e+00
2.505471822948670990e+00
2.628481302108491846e+00
2.079886786968470958e+00
2.302812210169757012e+00
1.869803915619424828e+00
2.715192967141916380e+00
2.828806796033095594e+00
1.808171648988664559e+00
2.846937318287119822e+00
2.157718185005073508e+00
1.918708795115580790e+00
2.253999051488656313e+00
2.672198747674987995e+00
2.119361667392190895e+00
2.692481195129817539e+00
2.066720189088241177e+00
2.200201075042894860e+00
2.540664387724366868e+00
2.543197325295088795e+00
2.456954840757843428e+00
1.827805280627602613e+00
2.155076550665557811e+00
2.380500625286235294e+00
2.251324736373237823e+00
2.546770663089001019e+00
1.942235553518524283e+00
2.776289875936344131e+00
2.695510847907219620e+00
2.298937830776599522e+00
2.628529506556840811e+00
2.244529305208601944e+00
2.309022446506114434e+00
2.017103849276356442e+00
2.787479271132272451e+00
2.004538321543795298e+00
2.389688384334542448e+00
1.916524977376454331e+00
2.387060599946633666e+00
2.013034514166651245e+00
2.387060824043358398e+00
2.062644693618991276e+00
2.278581898964342045e+00
2.599570351385567690e+00
2.894630197421937723e+00
2.717084580139461636e+00
2.528040335141458428e+00
2.275519399891767325e+00
2.046125809921149674e+00
2.518851188576985756e+00
2.361371709978246081e+00
2.457903600877114680e+00
2.035909515172591888e+00
2.515281161998459414e+00
2.269766524945691533e+00
2.017611455036142587e+00
2.510502738698058955e+00
2.269788646535552346e+00
2.710145525748800743e+00
2.237236039851049796e+00
2.606138892766680204e+00
2.113223600722348827e+00
2.275087360537103365e+00
2.513586151630206267e+00
2.661995827636034484e+00
2.652571208874807240e+00
2.492374235119792392e+00
2.084874543617367237e+00
2.040993348902435223e+00
2.274650550665870075e+00
1.945955984063928446e+00
2.200572878925529885e+00
2.236286153471024996e+00
2.190056092293090284e+00
2.057421687807784227e+00
2.388594937799921603e+00
2.708525659894409188e+00
2.517252449709717510e+00
2.907991601987187202e+00
2.641151622213354866e+00
2.417147269292886591e+00
2.125683880011464133e+00
2.146349124843200951e+00
2.276743535832653986e+00
2.484272289531789024e+00
2.299845860635038264e+00
2.572303772959742219e+00
2.437215992506569506e+00
2.427496240513583370e+00
2.731842049422423369e+00
2.752719200482212525e+00
2.182966740758915503e+00
2.121526905772438187e+00
2.720199476188079668e+00
2.377763871589404054e+00
2.143492423650388723e+00
2.517259909527640005e+00
1.935222146547626698e+00
2.631913526443803608e+00
2.073076632245923534e+00
2.988606405070764360e+00
2.482286300763098641e+00
2.006549072967992231e+00
2.241616148580878765e+00
2.222624824318041092e+00
2.632024296986339884e+00
2.601913957568278590e+00
1.878469388167930854e+00
2.542921059571439990e+00
2.521330961716551577e+00
2.137001582676883338e+00
2.426853471812575602e+00
2.849834853639821475e+00
2.457177040719144223e+00
2.415665298141478790e+00
2.749516868305664108e+00
2.374772938993983562e+00
2.459970812208646329e+00
2.443499149164463091e+00
2.249511690462523195e+00
2.145734509089912478e+00
2.411873024981483926e+00
2.657403638634117993e+00
2.479089201421614597e+00
1.938294196974839734e+00
2.223599955162335995e+00
2.203625149172363962e+00
1.863290363341763678e+00
1.906974690012929408e+00
1.839301818440888026e+00
2.475899480901677663e+00
2.189829239536878802e+00
2.158795951558786452e+00
2.519255015511815188e+00
3.019155261731238049e+00
2.254060493440403157e+00
2.710043330964149177e+00
2.346117294095181105e+00
2.352088142105348112e+00
2.196639974265131912e+00
2.243967283324861395e+00
1.925360741457386782e+00
2.680967774511452628e+00
2.038378711774455176e+00
2.734308401107981013e+00
2.570976764660437563e+00
2.707861765704451695e+00
2.706907188419733323e+00
2.254136565364976530e+00
2.727984640613688061e+00
2.738773705274063275e+00
2.434177171981533050e+00
2.370376267622185562e+00
2.740246837045482220e+00
3.007432353483253440e+00
2.269452812869255265e+00
2.267664142043268605e+00
2.076226708090785245e+00
2.288107622712935996e+00
2.179539876986261948e+00
2.447684180147966071e+00
1.916002029565091469e+00
2.441705063821911992e+00
2.603177173351446605e+00
2.608588021081192920e+00
2.635510997521730570e+00
2.422239786851368759e+00
2.786749684787841463e+00
2.503145945265400130e+00
2.385268920207076260e+00
2.428451420526525073e+00
2.690176361840945329e+00
2.128343842856307955e+00
2.737673608592366747e+00
2.897088472962864980e+00
2.334375407333185493e+00
2.599190819842537969e+00
2.369116987887381676e+00
1.963110638020311161e+00
2.130825819035083946e+00
2.593740940454646982e+00
2.517659763501677972e+00
2.402441797082638164e+00
2.573512829023222981e+00
1.867239528776359014e+00
2.512040864874159674e+00
2.096198923435602879e+00
2.578478579198854703e+00
2.613018033709890275e+00
2.040089881186847531e+00
2.428159000235831311e+00
2.120926530555439893e+00
2.511559698198543966e+00
1.970021338360640195e+00
2.256518915871862596e+00
2.124509643372370693e+00
2.041917460393583017e+00
2.304552994831720270e+00
2.633744860719284819e+00
2.576423231608328202e+00
2.368609898352090237e+00
2.524004583705750981e+00
1.919165860081199604e+00
1.859623679150071096e+00
2.593530161250870769e+00
2.741492135404943298e+00
2.337824186049689779e+00
1.822490821262449989e+00
2.548335158781676935e+00
2.414494223861012756e+00
2.227806056571393079e+00
2.977593664070112389e+00
2.719382195989448192e+00
2.364119059013431112e+00
2.129730959071331586e+00
2.273344584256693057e+00
2.957751957805541121e+00
2.757019725321526948e+00
2.529447794862352161e+00
1.985869396916900342e+00
2.253650863958757355e+00
2.290957094296487195e+00
2.802854236157054757e+00
2.683991892656014677e+00
2.854756834688908285e+00
1.977002613063092440e+00
2.537502706210896797e+00
2.635634513185557193e+00
1.931892861672246164e+00
1.965869276129556642e+00
2.604261992619000488e+00
2.525192742381719313e+00
2.453489089667296064e+00
2.176253529150762311e+00
2.442604473699489631e+00
2.792428844305850699e+00
2.577639525670582188e+00
2.262184767441203448e+00
2.772775615615780787e+00
2.470910239312981815e+00
2.273428983561933237e+00
2.380940252722474781e+00
2.141375634188244614e+00
2.432005304581264404e+00
1.905648934981973852e+00
2.454208898379260262e+00
2.514370970775846814e+00
3.047893713847438235e+00
2.760441303404246760e+00
2.290955010523335389e+00
2.769522321947885946e+00
2.328296045399863345e+00
2.615406348213642929e+00
2.811017512929008699e+00
2.985782995908732751e+00
2.732009372507853140e+00
2.128702450455446371e+00
2.108657599399440308e+00
2.017740116236073078e+00
2.516418837953219523e+00
2.118058707366953008e+00
2.552141665507050128e+00
2.605238847877333619e+00
2.928052021945525940e+00
2.578090809120830329e+00
2.508807029006103306e+00
2.715223075643182327e+00
2.717994476231711865e+00
2.763960378756322722e+00
2.230998962955191622e+00
2.514917864316982943e+00
2.676195170421406644e+00
2.667961280380993117e+00
2.176138496048892090e+00
2.409738605189043703e+00
2.264420009967083480e+00
2.446896857201132924e+00
2.432278663360325055e+00
2.603924221278952178e+00
2.150870410400972599e+00
2.580719320138134876e+00
2.954765199213960969e+00
1.787741045557143638e+00
2.325691770677328574e+00
2.569057599811126913e+00
2.680061557759827906e+00
2.168709551895176890e+00
2.133499024508909603e+00
2.325436795438013071e+00
2.521174811943762251e+00
1.906710810690299240e+00
2.145306702760685358e+00
2.525208641585805047e+00
2.366414186088207305e+00
2.520180927392649650e+00
2.200660790475137851e+00
2.161374270861936342e+00
2.889530742185472345e+00
2.164878067630689351e+00
2.615862334892186780e+00
2.010769937322460787e+00
2.616607442111869464e+00
1.847364374497886264e+00
2.470666858555060852e+00
2.758709690713213369e+00
2.175068625455871096e+00
2.174821910137287873e+00
2.695300818656006570e+00
2.061200343517347378e+00
2.933051483742993071e+00
1.798277179692513883e+00
1.867027303518817849e+00
2.678341206807877573e+00
2.411033908036313456e+00
2.742189898326413910e+00
2.328380651152128777e+00
2.646565535109233203e+00
1.948067966860518974e+00
2.234340380424070460e+00
2.197866026754896396e+00
3.088930642688656913e+00
2.333286591450066894e+00
2.329834211810430045e+00
1.721140511739039258e+00
2.589896913761822184e+00
2.637070094288542776e+00
2.875503068978212173e+00
2.595758886412924404e+00
2.794531153583343919e+00
2.039985822500547386e+00
1.898385491257450264e+00
2.674992016668280570e+00
2.648541266772223679e+00
2.036055988192867261e+00
2.547022843646479462e+00
1.771139708693594939e+00
2.191503980895676218e+00
2.552337107033981312e+00
2.287272592540070537e+00
2.725751243148759606e+00
2.361921117331535314e+00
2.138515099668563124e+00
2.965504039195304031e+00
1.819326375014926223e+00
2.186060717454046731e+00
2.608392155332740270e+00
3.033396637793246420e+00
2.697511541588168527e+00
2.842539220403621503e+00
2.106535318601443940e+00
2.094688194802593717e+00
2.021745458719949262e+00
2.375977274029860364e+00
2.348025916822080728e+00
2.662084988365069460e+00
2.157907258420177499e+00
2.745226916684419649e+00
2.758290544015137069e+00
2.618263466674924711e+00
2.611398986060013527e+00
2.345456307827749498e+00
1.968962917642138377e+00
1.686113887037274495e+00
2.310132604640121379e+00
2.533173270847543623e+00
2.773888272297612811e+00
2.313856351958301971e+00
2.516183725178403385e+00
2.810716690327645928e+00
2.009346868888654214e+00
2.447054344699556072e+00
2.686743265348264131e+00
2.263421368548032220e+00
2.172940140600193359e+00
2.356796043445942956e+00
2.543537063078269433e+00
2.607196596755442020e+00
2.386328328884832928e+00
2.242077106991318569e+00
2.671963413181074110e+00
2.842615100480823997e+00
2.490979588746437212e+00
1.998045580229452778e+00
2.638212655873642287e+00
2.584559058575921942e+00
2.434527453615526138e+00
1.946916726119812369e+00
2.648265175764964230e+00
1.980982972755561899e+00
2.297742444101909420e+00
2.189264854087842771e+00
2.725970099005874392e+00
2.009104733766756468e+00
2.450838557505874871e+00
2.568750572964662027e+00
2.395953806247619777e+00
2.112656866603775718e+00
2.378793047180526088e+00
2.643011561701773537e+00
2.566128057624010861e+00
2.684639131026908210e+00
2.184219292306484927e+00
2.606703162747324942e+00
2.523300732726410978e+00
2.584736696229696484e+00
2.302472328021973436e+00
2.323399077459143314e+00
2.176676894431382792e+00
2.640830279649702295e+00
2.360588360668744112e+00
1.922520976160629891e+00
2.615250061489256428e+00
2.314941215947603936e+00
2.397962775366559107e+00
2.004444631968258062e+00
2.567413082367587140e+00
2.586286872856671692e+00
1.766665701523829179e+00
2.861641133168059792e+00
2.761206381304882829e+00
2.571360943145700517e+00
2.374954784169156508e+00
2.461121801979170520e+00
2.054064226355705181e+00
2.014465422699517116e+00
1.908490929954643089e+00
2.339155421748325470e+00
2.251817239563767892e+00
2.496980990534992895e+00
1.795198575911052474e+00
2.018678960842797743e+00
2.025368750188388134e+00
2.729584547050026178e+00
2.556902983625073844e+00
2.179904622953639404e+00
1.869996495712795692e+00
2.159586947276417757e+00
2.759930571280239775e+00
2.028624256594080855e+00
2.041639618895442876e+00
2.222272231843542389e+00
2.577021766549129733e+00
2.658160407807308889e+00
2.481554085607601046e+00
2.860627622218024690e+00
2.331584262983750655e+00
2.362141855761275444e+00
2.581017394749129501e+00
2.710931676702974080e+00
2.696735298607486619e+00
2.668373553903179207e+00
2.730805521600352836e+00
2.150232124946561463e+00
2.310130923532966563e+00
2.627354094404028562e+00
2.267351837288302363e+00
2.718209411572550138e+00
2.570618035271412083e+00
2.623438968081211353e+00
2.065944642862589831e+00
1.969601048184445258e+00
2.371724960791681269e+00
2.570863400172289648e+00
2.773170139873136097e+00
1.954276875354392873e+00
2.217556575583295775e+00
2.524035019623565912e+00
2.934428509404454211e+00
2.692529697432624491e+00
2.556667486369403886e+00
2.189060773509462710e+00
2.176760892731656405e+00
2.340354027968844619e+00
2.438015155363269848e+00
2.294855710039798602e+00
2.544103849605657608e+00
2.527130754076697627e+00
2.216678065902805805e+00
2.857413025021886988e+00
2.256199745185733185e+00
2.844535785984081411e+00
2.720480089585045391e+00
2.251880414661289187e+00
1.819232172846500406e+00
2.569223200419440190e+00
2.640674643425640955e+00
2.324266724883958801e+00
2.222737072163730954e+00
2.596375492084836534e+00
2.255106666633206025e+00
2.509027471922649077e+00
2.258741536920855886e+00
2.198413175342762926e+00
2.414647854375688851e+00
2.297244227089045410e+00
2.737124661203556908e+00
2.553984065255028746e+00
2.050432955717682582e+00
2.961063300763451700e+00
2.041974613721516896e+00
2.382286704975891567e+00
2.331837066411223347e+00
2.443796376152072458e+00
1.844632935709963117e+00
2.601002450591396897e+00
2.441468320948064985e+00
2.103553072542317715e+00
2.040235109272355629e+00
2.290687344393534719e+00
1.902212398209744082e+00
2.705316131847616212e+00
2.294758107220713050e+00
2.556573815191366172e+00
2.111921197499085245e+00
2.510983391707298118e+00
2.323983889285176296e+00
2.944534494134421365e+00
2.093429947052670492e+00
1.737124305910720867e+00
2.597118851325942224e+00
2.485645583910709888e+00
2.424819097484382624e+00
2.234067735871897220e+00
2.526428725502696260e+00
2.758273336755915128e+00
2.767660653081825295e+00
2.084534244967732874e+00
2.765460207098398904e+00
2.493899093327238248e+00
2.273160730105826310e+00
2.384386747119301209e+00
2.335613547480702934e+00
2.463111293431987647e+00
2.346909191787022397e+00
2.861746271906170591e+00
2.776944989086624904e+00
2.692954559832270167e+00
2.327937633108208892e+00
2.599015552699849074e+00
2.058231030350627044e+00
2.483170017058656143e+00
2.191593152344895046e+00
2.511078795386805673e+00
2.762107822388912837e+00
1.984766517281677078e+00
1.781748068951404473e+00
2.440031828543658854e+00
2.098939305070347316e+00
2.596280218875048007e+00
2.336618622239554632e+00
1.839181599820136404e+00
2.453601379298088858e+00
2.315623402345791337e+00
2.498887194238901710e+00
1.965384193845225891e+00
1.841913235260806303e+00
2.587206956356335130e+00
2.637339382623206774e+00
2.094535522316766318e+00
2.219369785865955791e+00
2.336774380545731944e+00
2.194933592331759886e+00
2.454718895029788683e+00
2.815440313101559511e+00
2.930937225806451885e+00
2.378042757475969715e+00
2.066049255242097260e+00
2.116234976689176595e+00
2.320974460293762309e+00
2.901353557547635020e+00
2.133293179876602608e+00
2.841310725880796806e+00
2.439529963019938741e+00
2.727119164309009136e+00
2.416020031227280374e+00
2.896291038202196244e+00
2.104465840761610362e+00
2.397857618588858486e+00
2.015822731257928435e+00
2.083378781532246649e+00
2.038784768184618734e+00
2.602697928560111951e+00
2.628983865699014544e+00
2.385835405948901311e+00
2.799440943564269535e+00
2.243764610373895962e+00
2.088893378430176195e+00
2.004877627518338201e+00
1.996369076991173497e+00
2.130003407862800735e+00
2.702314583309870955e+00
2.368975441999197962e+00
2.594522486091046076e+00
2.463787657169105749e+00
1.853268107810781107e+00
2.422039211976416251e+00
2.145263999245282882e+00
1.856517675379577126e+00
2.365757040452712623e+00
2.786584083185189797e+00
2.508179165810546785e+00
2.537566547021087082e+00
2.104172114413267458e+00
2.267655485148826422e+00
1.932004637777176681e+00
2.588811426937457583e+00
2.334365945979514745e+00
2.171453558655654259e+00
2.405026479991565935e+00
2.537511432435587633e+00
2.311712029930281354e+00
3.013128697245360588e+00
1.972760455908134425e+00
2.380849596340423702e+00
2.312936661615760059e+00
2.748335738145494922e+00
2.107470496671329574e+00
2.776436359531913034e+00
2.521058786804943885e+00
2.485536048594446878e+00
2.136858671395286180e+00
2.060256258625794423e+00
2.229266045723303336e+00
1.958008883415557344e+00
2.349131797514511621e+00
1.958469120550851983e+00
2.152691317211767874e+00
2.448607457332751203e+00
2.477528797081026912e+00
2.680491486194389594e+00
2.731549509344652904e+00
2.658042503166943238e+00
2.131487261907198949e+00
2.381347095507018174e+00
2.029637579424263372e+00
2.009593311379658243e+00
2.581492664492276212e+00
2.555830784382945087e+00
2.739447239766474418e+00
2.508938624803269679e+00
2.273854530861615153e+00
2.420584591381236717e+00
2.246033177094245659e+00
2.643139640283511227e+00
2.667566391801667436e+00
2.499183737453977372e+00
2.909874799322100358e+00
2.138256814097505121e+00
2.528384439533575723e+00
1.858179765325033372e+00
1.817676756360500301e+00
2.576474200997354025e+00
2.309725020068854828e+00
2.612584164525970643e+00
1.947215778606779191e+00
2.598661864177392644e+00
1.865355781159208970e+00
2.049770198031295010e+00
2.737499879951445614e+00
2.358354797570056949e+00
2.816686572986707215e+00
1.898677794912122740e+00
1.983472382880387075e+00
2.659480625758013694e+00
2.916542272448785500e+00
2.394457830783585095e+00
2.901541128110116219e+00
2.430515531514453542e+00
2.592482353124387018e+00
2.530696922276009619e+00
2.538178555039123818e+00
2.760340067234605677e+00
2.444246607109810121e+00
2.806786893954525297e+00
2.094130587909442731e+00
2.905524569876374752e+00
2.255214027531441179e+00
1.653334283021759443e+00
2.891995516177081171e+00
2.311748541151454894e+00
2.311554398273397481e+00
2.040724583144773785e+00
1.953176338020003122e+00
2.563879365147857747e+00
1.810541806814060406e+00
2.639806131320900029e+00
1.981751131282891043e+00
2.002385609614592887e+00
2.550754171344767673e+00
2.484037808461691199e+00
2.638278855722465011e+00
2.456475555091082619e+00
2.561371918521451185e+00
2.209698003999799099e+00
2.662459785219480679e+00
2.697940121766952526e+00
2.518321442057662285e+00
2.706315151503047467e+00
2.505318375809700626e+00
2.507415941676026883e+00
2.244527083392334532e+00
2.347966721204227891e+00
2.690731821629264608e+00
1.939035930938491914e+00
1.887204951424436006e+00
2.352048494262762635e+00
2.151830232050397473e+00
2.432625317070584270e+00
2.551227898556001517e+00
1.872111678959950343e+00
2.092856467042766955e+00
2.883933145300376921e+00
2.432101027399628634e+00
2.605965378205557847e+00
2.635652563226871692e+00
2.284448923934402131e+00
1.978868398843086629e+00
1.962662466740554779e+00
2.622530753967831529e+00
2.229334540482905691e+00
2.304095381908548568e+00
1.900093272831972824e+00
2.100970709245163714e+00
1.896957201098763424e+00
2.234325695508703191e+00
2.907173383789032339e+00
2.693323494530643458e+00
2.822214684699170917e+00
2.360206285379825353e+00
2.611045136145532464e+00
2.830198930354903997e+00
2.062800557672376911e+00
1.923981389113753826e+00
2.596968212562015932e+00
2.250906359182867078e+00
2.119295103785848511e+00
2.678001566821587076e+00
2.655589283188160010e+00
2.857544595163730161e+00
2.162515085794907144e+00
2.477769141436319433e+00
1.968787284712019359e+00
2.409151302408569784e+00
2.028657990412042533e+00
1.994609230360437246e+00
2.500867478562001089e+00
2.677357287580573342e+00
2.020969346754046825e+00
2.277048420254334626e+00
2.486780275979257215e+00
2.285324792832617025e+00
2.527896400698385282e+00
2.232879930808421953e+00
2.021659156804596957e+00
2.211636693490843353e+00
2.402054478018386341e+00
2.036357757675430591e+00
1.826566844890758157e+00
1.876046578098132356e+00
1.964495781453217349e+00
2.903235067093204336e+00
1.907842033245217062e+00
2.927732137666432255e+00
2.189762962212944863e+00
2.438757678598644230e+00
2.270397352123291412e+00
2.372677266874353208e+00
2.777918319012411708e+00
2.473309071671225823e+00
2.105113770401532136e+00
2.452506622146810145e+00
2.278954265968925252e+00
2.942542485447074530e+00
2.117936728222955090e+00
2.665447939304878222e+00
2.222826196564399837e+00
2.491493103188685332e+00
2.609444897230981830e+00
2.901591233482186283e+00
2.803602301760486082e+00
2.504012014169566314e+00
2.083221478503406665e+00
2.731229878884107176e+00
1.732435722468285144e+00
2.587689218323882656e+00
2.219098715996734139e+00
2.338460080531965524e+00
2.045269024726035667e+00
2.197230006514534040e+00
1.712350635686749278e+00
1.914848725497204862e+00
2.824955304818763224e+00
2.433215212962369645e+00
2.229683322046685845e+00
2.316938908549190934e+00
2.043576564846599108e+00
2.032500759278629943e+00
2.328429565187443817e+00
2.111360184080160796e+00
1.911577070236605058e+00
1.956725713913255227e+00
2.473239023431215600e+00
2.629832793426795767e+00
2.082422819994470764e+00
2.059912909458632146e+00
2.515331084226973157e+00
2.672212743638303412e+00
2.394736549338232656e+00
2.010959886967586652e+00
2.403136199508765003e+00
2.180424505234586086e+00
2.313135357115748469e+00
2.230943560070361542e+00
2.168410257168549293e+00
2.371946975346774344e+00
2.854868567469524887e+00
2.469178563106703805e+00
2.172794929845720091e+00
2.503369227524704588e+00
2.322533331730794348e+00
2.202098227681483777e+00
2.498963429771574596e+00
2.749850026574812034e+00
2.774371368553575579e+00
2.264936040032079489e+00
2.786250003083222904e+00
2.215840520828913807e+00
2.580131933550239065e+00
1.930185030760472431e+00
2.509786000041899445e+00
2.145942143153953374e+00
2.814930273827313201e+00
2.560551162059509611e+00
2.557351982050911410e+00
2.471724341495391997e+00
2.867229698122685910e+00
2.683399410802719043e+00
1.713877233349847096e+00
2.132116275259518190e+00
2.255972931702725504e+00
2.373994484972513419e+00
1.826229049381634661e+00
2.130840901854649250e+00
2.580119591557251901e+00
2.802581217083095932e+00
2.706589825400128380e+00
2.580217111423724230e+00
2.394292427214010033e+00
2.497877611966334843e+00
2.398426695664491071e+00
2.376870159244207859e+00
2.366069478165703899e+00
2.234493138778420374e+00
2.460649922674046586e+00
2.198428726100973840e+00
2.920021171624760825e+00
2.967894156389728089e+00
2.738171916179889642e+00
2.694880695963354889e+00
2.594970500129406332e+00
2.702388900061043930e+00
2.795683772961076397e+00
2.706309095749145133e+00
2.309456544428920566e+00
2.028054695237350380e+00
2.006873392299651115e+00
2.317118403649210290e+00
2.853099261117320040e+00
2.496976588163771993e+00
2.386914740011765179e+00
2.745134073130959251e+00
2.220616655381698390e+00
2.261496358037264898e+00
2.070709883667913864e+00
2.171957388456792426e+00
2.597789287764339150e+00
2.183501803813861386e+00
2.301994086449927313e+00
2.265411545133788174e+00
2.208598675600937700e+00
2.139657407316263971e+00
2.478470847405067623e+00
2.419302852521490355e+00
2.460555915832258300e+00
2.074324603970114644e+00
2.572788585223619862e+00
2.484369288123556618e+00
2.318866231041317505e+00
2.241822996131432877e+00
2.562233435080877975e+00
1.998065548974723216e+00
2.763398932254563789e+00
2.639078807411328942e+00
2.300445368790835055e+00
2.833323193302228926e+00
2.384473830154031582e+00
2.444967336459499041e+00
1.887305608808077295e+00
2.441951718142568950e+00
1.916983158120412645e+00
2.843731466275289499e+00
1.993118763825826312e+00
2.019282881947055852e+00
2.217501951503843216e+00
2.274434538763124625e+00
1.829256402910770740e+00
2.520166428734354369e+00
2.794747705190220977e+00
2.251574697811169923e+00
2.753753466263942240e+00
2.329455034579225980e+00
2.378112372877283054e+00
2.236774308662020871e+00
2.354350843695921736e+00
2.292507761295563551e+00
2.530256475105742364e+00
2.386086785093690210e+00
2.810204486325475592e+00
2.355722839363097787e+00
2.122486878698730095e+00
2.161415800265567455e+00
1.774205502318345840e+00
2.497772893358067847e+00
2.624954536076794298e+00
2.220174548261682368e+00
2.349727315574182906e+00
2.760493340588323630e+00
2.152155947854300866e+00
2.208574611263319998e+00
2.192634737565445580e+00
2.449992305735940512e+00
2.304219093670838436e+00
2.173574882275599585e+00
2.668482232324068892e+00
2.362552501681995487e+00
2.738238970645532788e+00
2.340074374361056808e+00
2.101180411493276168e+00
2.426953339042863256e+00
2.390473939295223005e+00
1.995981575392669738e+00
2.642105313878294837e+00
2.335967260040947124e+00
2.071994070309610247e+00
2.344776872505303977e+00
2.717492274282017561e+00
2.224579498405152123e+00
2.867367991807936001e+00
2.643246926671181996e+00
2.202682077371687974e+00
1.953033946298958323e+00
2.024695196505118311e+00
2.190210310024340856e+00
2.521907694890141993e+00
2.102365918459162319e+00
2.145717171584917260e+00
2.095299803031798191e+00
2.615042632816077184e+00
2.411346227256156105e+00
2.417582232270820253e+00
2.542853160626381115e+00
2.353402064425798468e+00
2.212309835039515615e+00
2.351989446508856663e+00
2.045335936039919034e+00
3.036310862207099781e+00
2.673390234365257356e+00
2.665646802500167833e+00
2.438427701152294347e+00
2.608917641720340352e+00
2.239159799482833613e+00
2.554729228352920600e+00
2.351027480853256968e+00
2.559554838766754159e+00
2.673209305803606384e+00
2.560560781207891878e+00
2.136962597975681888e+00
2.113034927279855868e+00
2.259605545757893186e+00
2.990306450240890257e+00
2.147008715868177653e+00
2.626905465788659910e+00
2.206923204367190916e+00
2.675407048019187606e+00
2.313772708970480707e+00
2.663660907430727143e+00
2.684271103024211680e+00
2.658971652750491632e+00
2.648524284978684307e+00
1.956031123511691838e+00
2.198173652822329238e+00
2.111589079296763316e+00
2.212451415488790651e+00
2.200387171636078332e+00
2.109093945604448628e+00
2.042152987802824171e+00
1.878157265550334465e+00
2.188362497448920863e+00
2.249493440099866959e+00
2.626902994373230715e+00
2.537364106153431109e+00
2.569135871613366540e+00
1.977729624804996034e+00
2.619634175313957591e+00
2.416832188787786606e+00
1.926333134730511265e+00
2.832118653370699235e+00
2.024994150716037389e+00
2.436574806608807542e+00
1.938155524808247820e+00
2.358474293174301017e+00
2.667791171506450176e+00
2.282547245804352087e+00
2.612551626055601428e+00
2.417405385225340542e+00
2.169693144677160124e+00
1.925205695736461164e+00
1.787997042350569554e+00
2.361407177048974404e+00
2.536366871170991466e+00
2.314140519471978852e+00
2.409935721747794357e+00
2.647073101960243591e+00
2.507188822546273510e+00
2.719270298022557153e+00
2.151164619257670108e+00
2.121157483351137962e+00
2.655481748246597107e+00
2.433941054333033094e+00
1.952804882256284680e+00
2.311300218155947217e+00
2.751604341234520579e+00
2.617837578830211509e+00
2.657227377714017624e+00
2.835802339551186435e+00
2.499879824843490805e+00
1.774521988541006845e+00
2.168147445217498692e+00
2.210766391285268639e+00
2.031680313420707762e+00
2.780336319818749402e+00
2.032494188620423081e+00
1.958271605325012654e+00
2.079103741174731734e+00
2.004020369092423426e+00
2.707991768544085964e+00
2.121431203174231950e+00
2.095527414284457990e+00
2.223755534072751061e+00
2.312186700696858388e+00
2.306329081013488214e+00
2.461331674640217404e+00
2.491642621588217033e+00
2.278200336278284333e+00
2.300730061102131074e+00
1.974781533797105082e+00
2.266815342198980510e+00
2.003378716774022905e+00
1.671176039605020591e+00
2.496060475998000960e+00
2.167693122589912313e+00
2.612515713153379604e+00
2.332427808157004012e+00
2.561428823994240656e+00
2.500106063394945011e+00
2.566100373429415882e+00
2.298704090101837405e+00
2.522000004560363884e+00
2.655278475315729469e+00
2.765575575303610645e+00
2.782901068290382529e+00
2.226932752780379499e+00
2.701528346971122652e+00
2.510278635103383227e+00
1.785145766523352329e+00
2.198215494454340835e+00
2.146310066092426805e+00
2.008118404299904736e+00
2.605056256003147830e+00
2.527821848670238847e+00
2.707288186481580983e+00
2.287873807434813944e+00
2.135994632027699680e+00
2.632524050992382403e+00
2.154737834911421679e+00
2.074092797847696623e+00
2.461069692720275981e+00
1.751750389856544743e+00
2.528926825277629575e+00
2.086957380696667030e+00
2.541408303111355238e+00
2.324763907512588990e+00
2.362655306537910338e+00
2.158662959909262824e+00
2.649613886658061190e+00
1.948120175317171743e+00
2.158277114098146043e+00
2.663631835003112514e+00
2.654769358330634432e+00
1.993526035102406890e+00
2.203752647512899898e+00
2.305822842325256694e+00
2.237224291011483235e+00
2.291928716146808487e+00
2.429020641953260284e+00
2.763283713165097577e+00
2.527796749867293968e+00
2.413718960385794254e+00
2.493943012864637598e+00
2.752286373780869155e+00
2.185941682268015551e+00
2.316372835494090232e+00
2.091492437824638007e+00
2.638167664616308361e+00
2.872163509466395315e+00
2.043375679996051630e+00
2.659099762796046207e+00
2.386950770234808950e+00
2.412491525247019819e+00
2.045856269273571115e+00
2.136112632962595903e+00
2.580405955807123064e+00
2.529957789911042809e+00
2.576741568189891307e+00
2.019386723394070771e+00
1.858801412938907438e+00
2.453123858489870912e+00
2.338861148644866716e+00
1.941278292140022232e+00
2.664113868082271352e+00
1.950115054556111227e+00
2.088939655450782418e+00
1.865198981766997166e+00
2.017565666604988373e+00
2.481338700556010579e+00
2.631574118832334719e+00
1.948169386558832983e+00
2.481025620221496197e+00
1.878365333166809314e+00
2.839564992793781162e+00
1.992315147313280521e+00
2.303845018934748357e+00
1.969348360872482884e+00
2.213594463991614525e+00
2.098296679766783690e+00
2.624160275292854116e+00
1.806186447168679488e+00
2.685348493327396113e+00
2.765123104907995621e+00
2.577780831835819519e+00
2.983536804221246008e+00
2.421744001962713888e+00
2.631169035584148830e+00
2.512678699618950517e+00
2.475377021917897657e+00
2.030344847462732361e+00
2.403164686877886425e+00
2.716510225693562930e+00
2.348996462431235610e+00
2.038691620920762393e+00
1.985623760468921972e+00
2.574975707657494617e+00
2.119496671272884214e+00
2.151729609406407118e+00
2.694382351090236938e+00
2.534725323665480978e+00
2.514292935039375010e+00
2.419303519608280606e+00
2.270693396904614580e+00
2.027049200579004395e+00
2.481789882825903959e+00
2.357154553504712702e+00
2.320956439689553008e+00
1.821101213599508384e+00
1.847105659207796347e+00
2.113086911216548458e+00
2.666476238890110206e+00
2.334641991497214519e+00
2.617163136397814061e+00
2.151224244553584963e+00
2.556027566576855037e+00
2.626484411470176639e+00
2.275279865961334913e+00
2.524249460429177194e+00
2.700892741900036143e+00
2.892934083877694462e+00
2.780184388969745513e+00
2.234177745279732452e+00
2.003540494581972364e+00
2.760311729050583640e+00
2.375995451146071691e+00
2.679493009846635410e+00
2.315734375831465908e+00
2.649373248624018462e+00
2.328087746127732505e+00
1.942979795058692449e+00
2.780173399656900912e+00
2.617039894046864212e+00
2.770463222036276374e+00
2.315916725355069872e+00
2.646879941082133758e+00
2.749564508079045400e+00
2.213309145570583336e+00
1.944889117618344487e+00
2.183002248155590852e+00
2.309669866979167541e+00
2.111848643682999960e+00
2.385084336620044265e+00
2.038504994141729476e+00
2.098232118377885591e+00
2.202295612296662597e+00
2.508681771758090040e+00
2.372946358938966771e+00
2.080492011443499933e+00
1.881433761254812875e+00
2.081489092464482216e+00
2.587437799591820742e+00
2.538890648083756307e+00
2.056192813757042437e+00
2.690063375435527426e+00
2.172029431020757961e+00
2.884760248294836682e+00
2.078107202905821183e+00
1.759381193634997453e+00
2.067798363550520158e+00
2.305513154063119519e+00
2.162717036006479354e+00
2.409274738883425915e+00
2.745018987464932891e+00
2.586832322087946334e+00
1.941021199851479473e+00
2.538184622979216432e+00
2.656827203327751352e+00
1.939549654132557199e+00
2.673593749230782635e+00
2.976469753148739628e+00
2.911924160656979677e+00
2.728913144492050247e+00
2.384849291097750346e+00
2.311370627608605677e+00
2.282452785193725298e+00
2.413897300685472036e+00
2.755800084830213770e+00
2.435857106507441916e+00
2.874151211679713214e+00
2.270035394998915823e+00
2.469725815249738332e+00
2.482655086063948691e+00
2.189544969165230892e+00
2.938562151961975122e+00
1.949328213037992974e+00
2.109603784225595469e+00
1.870329830384806380e+00
2.717718726442134969e+00
2.656050111224212085e+00
2.088908740986251455e+00
2.286107295604185907e+00
2.560822863833881691e+00
2.174008644886569197e+00
2.613033251138679791e+00
1.825881487437509110e+00
2.385308296869333766e+00
2.639698422630722074e+00
2.509631241459718165e+00
2.501857738937048214e+00
2.136855377557811408e+00
2.616576519551418123e+00
2.763026052623007267e+00
2.348748170593685458e+00
2.228748640528083413e+00
2.132319735493415802e+00
2.850386417820184093e+00
2.573380761755564183e+00
2.493101955892943700e+00
2.555761618508033184e+00
2.325054288711294603e+00
2.591351951913086538e+00
1.739816860329640669e+00
2.294125280720112237e+00
2.142898509326728540e+00
2.512672464377353698e+00
2.262410784094187832e+00
2.706953599551956913e+00
2.025888639986862305e+00
2.081868230844179823e+00
2.271330629738407048e+00
2.644489570446102444e+00
2.131229142153230782e+00
2.405444340274482062e+00
2.376492966949877328e+00
2.255548961131517149e+00
2.667649252849545238e+00
2.261085125141850671e+00
2.442214704952252013e+00
2.667670129108094201e+00
2.478282219798511932e+00
2.014020929187105402e+00
2.250085157473125541e+00
2.728661400464601705e+00
2.184019959809562206e+00
1.985149032796792667e+00
2.139960753325071963e+00
2.809712819249890803e+00
2.045016946527475898e+00
1.765557220642647973e+00
2.546783569840612937e+00
2.837823100579336622e+00
2.228653624490809726e+00
2.394335668895752889e+00
2.562319304227254513e+00
2.590978196874773154e+00
2.064882387097997984e+00
2.768568251786946099e+00
1.938923433628835458e+00
2.608250563966525437e+00
1.988811773973077957e+00
2.175124072765044048e+00
2.603933807459972716e+00
2.216536344010355819e+00
2.504519085559311797e+00
2.767910862080298795e+00
2.461101043714421621e+00
2.939746187651324227e+00
2.161953877853866057e+00
1.943929232300634746e+00
2.671636308366821311e+00
1.990632805763091318e+00
1.911327929272460979e+00
2.604213886896650454e+00
2.166838354077738948e+00
2.047318305852448006e+00
2.423084068648757139e+00
2.682340443823067133e+00
2.370724671507044690e+00
2.925685016652529225e+00
2.221754212536864337e+00
1.992988547215366779e+00
2.588369194409226193e+00
2.229760112165778185e+00
1.871154782455672905e+00
1.814013373726513834e+00
2.643145125847852217e+00
2.497699414540991647e+00
2.749240112879182796e+00
2.524882811122338033e+00
2.345370793557427724e+00
2.081047116500426952e+00
2.582788724525920898e+00
2.334632170447415778e+00
2.753529015357629728e+00
1.927715917749940111e+00
2.505642833109412937e+00
2.558298890457831209e+00
2.201981073349646767e+00
2.478533207857744447e+00
2.307341214587114386e+00
2.812179615993015691e+00
2.231816870763171590e+00
2.377288264441574928e+00
2.137947257513510557e+00
2.474286140038644888e+00
2.204050558557375972e+00
2.880850316577185488e+00
2.531297305698804401e+00
2.593466595266205932e+00
2.580063287838033403e+00
2.615007837838380755e+00
2.387590646904257596e+00
2.402538802865275436e+00
2.479726337013615556e+00
2.112125221976667966e+00
1.975177047906910399e+00
1.992378928365879265e+00
2.427680329236070023e+00
2.391202895916290316e+00
2.226784942953468072e+00
2.631709961709068235e+00
2.325553621767745494e+00
2.793079245274129541e+00
2.301897061873638961e+00
2.080112532041019868e+00
2.057106363340375665e+00
2.292951790537296475e+00
2.483843999377285172e+00
2.407040194831907343e+00
2.559377450384912045e+00
2.209888007536648935e+00
1.958146794496071319e+00
2.551083924917861623e+00
1.779120462159549554e+00
2.367567939197553706e+00
1.977629447701577003e+00
2.165884837753956571e+00
2.659922728897345934e+00
2.924221054847903289e+00
2.426133929997751792e+00
2.819193271538785517e+00
2.595429778869910109e+00
1.990750698562299581e+00
2.069007579511197736e+00
2.399673314256239642e+00
2.507631994015053767e+00
2.325553237143600072e+00
2.607266316873434686e+00
2.175932098965533079e+00
2.476671246633290302e+00
2.328260426471728817e+00
2.492207927301819836e+00
2.058516912815040456e+00
2.627229760767141986e+00
2.006485518317518313e+00
2.388263570217831422e+00
2.226971561559832669e+00
2.445434273875451758e+00
2.418986656958410641e+00
2.692263898027335234e+00
2.155233480009569380e+00
2.639913803299837269e+00
2.007663025609898177e+00
2.480184950528602439e+00
2.415595068586672944e+00
2.758704949172866794e+00
2.378924238660698798e+00
2.413707203994883255e+00
2.261211216118733436e+00
1.998529420545934521e+00
2.281460748732546229e+00
2.200034835633585040e+00
2.195266558544330504e+00
2.134540085099263518e+00
2.810601386352137077e+00
2.325827595990883179e+00
2.171312332121194455e+00
2.716101466372383477e+00
2.792273809295695131e+00
2.231282608721392613e+00
2.303739267278973379e+00
2.322482623225247345e+00
2.478284725674020361e+00
2.282536404171747968e+00
2.590283440557532568e+00
2.868775832934022940e+00
2.369997889906528155e+00
2.371927208901691841e+00
2.293776972101214895e+00
2.438548362587891649e+00
1.786169167550589298e+00
2.422261913358995766e+00
2.090435520161091798e+00
2.577808566954854275e+00
2.251981072034311637e+00
2.352384126169536405e+00
2.236172769390870396e+00
2.140326841454720075e+00
2.398750224385985064e+00
2.390330177677647772e+00
2.365217974416097046e+00
2.443512891532610531e+00
2.267757917614280139e+00
2.520090139710437604e+00
1.843611363543372406e+00
1.856918656516620247e+00
1.869454391803777815e+00
2.066228765708823634e+00
2.571271319058918703e+00
1.922492000502029841e+00
2.066075254191401811e+00
2.502714024753142308e+00
2.572184807420025088e+00
2.935579519704555551e+00
2.112184653198058371e+00
2.466504864159137611e+00
2.384343932395993626e+00
2.121827979894256089e+00
2.571485170886716798e+00
1.974641606390471926e+00
2.191793699287425845e+00
2.602996915889318696e+00
2.557619651495055990e+00
2.455154893167721397e+00
2.291462975492300824e+00
2.125813035691730413e+00
2.414245307674379060e+00
2.693477855561145606e+00
2.850724427907083580e+00
2.378624411336258682e+00
2.986127604652297762e+00
1.779849897926178759e+00
2.068952327092564936e+00
2.270730589515474573e+00
2.222516212616969522e+00
1.774985606502348823e+00
2.679211980957256323e+00
2.184705282968142370e+00
2.280297822407800989e+00
2.381511854350640167e+00
1.678069153801836855e+00
2.723295830163237952e+00
2.325268906132812674e+00
2.392769819528296260e+00
2.307907475930599972e+00
2.330584443814151641e+00
2.475743742097892941e+00
2.404889262293480989e+00
2.807018962625168701e+00
2.519424571154026626e+00
2.178523236925345330e+00
2.048658063658675754e+00
2.560919402216872864e+00
2.273626309486433072e+00
2.551847309991023494e+00
2.631706967908501227e+00
2.422806797761871245e+00
2.393899522860936102e+00
1.984664216663886371e+00
2.569620197837966469e+00
2.287608772405234081e+00
2.590174619844731296e+00
2.476011577386713292e+00
2.815720522037219897e+00
2.250196968432882194e+00
2.424548406855230098e+00
2.573040651781111521e+00
2.590138455796709760e+00
2.542894841059257338e+00
2.423840812405590572e+00
1.815565086576631737e+00
2.637061956622033687e+00
2.111118164027388833e+00
2.637879246801923205e+00
2.171886157593263533e+00
2.552173706245083995e+00
2.255947123732251036e+00
1.798394808887372465e+00
2.706450012600742916e+00
2.365895325964213924e+00
2.703241110509416956e+00
2.056887962994403907e+00
2.905804058186614025e+00
2.314326743460699110e+00
2.534285091082154828e+00
2.831674298792019595e+00
2.223083720331808344e+00
2.066777917742738779e+00
2.319242438813756024e+00
1.770886972739272869e+00
2.404538482830084867e+00
2.370531217048692518e+00
2.137351846260864718e+00
2.008339708172417026e+00
2.297725088952275119e+00
2.826324379049065083e+00
2.190106097283291753e+00
1.645498136927235899e+00
2.217223474631299762e+00
2.842977934566926823e+00
1.946072287436676707e+00
2.605839109280967847e+00
2.125131380825126648e+00
2.501071628384623491e+00
2.731425058756494106e+00
2.460869003754851292e+00
2.187009926594012388e+00
2.715817175120488258e+00
1.990707078441922739e+00
1.813007704310722223e+00
2.077372430276763993e+00
2.642262825031332696e+00
2.672422227776948933e+00
2.111218572688661865e+00
2.443312182976480784e+00
2.433256035134165884e+00
2.647796286276689059e+00
1.841889877054725622e+00
2.376453501726304651e+00
2.529567422179018976e+00
2.617893955491767510e+00
2.681399214819238708e+00
1.897174466993563291e+00
2.734348585841912094e+00
2.298473330862243813e+00
2.597229652380560694e+00
2.410329051456062466e+00
2.977301419574450492e+00
2.530731508296889309e+00
2.569984262164093813e+00
2.608953978231513648e+00
2.689446870675593182e+00
2.619940307754612618e+00
2.645418070313324321e+00
2.599726609761197071e+00
2.159309621376739319e+00
2.979853118581281990e+00
2.271845478999266810e+00
2.034991270368154304e+00
2.950155285283917905e+00
2.209606153134732853e+00
2.526957726858160669e+00
2.068053854913075362e+00
2.214770282380403188e+00
2.438328861390242075e+00
2.753393177664837488e+00
2.538077293540132562e+00
2.547433251833067125e+00
2.608658630635631859e+00
1.948002963640449225e+00
2.423147357068887509e+00
2.177574811372986474e+00
1.906548836867460350e+00
2.106862510977608682e+00
2.231824670566597391e+00
2.625175174576155346e+00
2.117589372638351897e+00
2.674127702973058796e+00
2.253201433791581554e+00
2.385645354332887269e+00
2.178705565509712727e+00
2.008092922115491952e+00
2.671097139923815700e+00
2.789337751285886569e+00
2.750187884748612976e+00
2.335212111107214827e+00
2.138086928115627394e+00
2.331108272580097562e+00
2.331456679369475982e+00
2.471373363809181711e+00
2.038092044187372665e+00
2.625064091244631470e+00
2.146315759681625579e+00
2.034960344376461006e+00
2.010520037317020225e+00
2.782646625228596626e+00
2.658972319546184959e+00
2.165598544758931432e+00
2.491448611709849548e+00
2.106231222125896529e+00
2.684281867129916233e+00
2.620759752007081556e+00
2.623155273164950341e+00
2.626859759857790522e+00
2.292258780160373099e+00
2.197750399389911902e+00
2.395309336830218072e+00
2.196844133251097286e+00
2.568209260017448425e+00
2.097640194766400512e+00
2.166251759524982834e+00
2.273351143856319201e+00
2.644277425879554944e+00
1.954693487384660644e+00
2.307353747822190826e+00
2.451398576481708780e+00
2.174350203186729225e+00
2.513252137732426839e+00
2.159601647575542405e+00
2.031167772734606025e+00
2.746048951716530961e+00
2.747171311159673834e+00
2.513564747059438886e+00
2.795662440953504912e+00
2.119609048139428964e+00
2.811310878216429110e+00
2.651790323520101911e+00
2.496500504365846584e+00
2.406742254229787825e+00
2.145220181966187134e+00
1.967165219092042783e+00
2.193913687045801364e+00
2.526476908816725597e+00
2.739208733071183399e+00
2.131132271151871649e+00
2.196129682376958492e+00
2.482961573737322514e+00
2.316323048564678189e+00
2.939792031429085739e+00
2.289502487336043224e+00
3.017734677747535788e+00
2.277527961990433170e+00
2.316289402896375194e+00
2.876308984073449704e+00
2.256755285385655618e+00
2.552192707800930549e+00
2.282888108886398371e+00
2.668821020086234785e+00
2.217778771022376638e+00
2.109121197183523311e+00
2.644598345132734174e+00
2.493815222785140229e+00
2.177673303572604802e+00
2.220689701198909738e+00
2.201665274723753285e+00
2.585367161878510789e+00
2.238469250596208493e+00
2.270657698347704923e+00
2.302963022997321030e+00
2.404546431170746956e+00
2.054959109999582978e+00
2.120079057834898695e+00
2.236570361380150640e+00
2.299567088446880181e+00
2.135031064969219905e+00
2.288400750106273307e+00
2.512166873673200129e+00
2.695574987186219573e+00
2.786066552270801910e+00
2.470839209866689146e+00
2.523259646919935761e+00
2.971199733462840165e+00
2.109807686255347203e+00
1.997900195855393468e+00
2.682068781359904897e+00
2.612787556476827255e+00
1.868673615212167238e+00
2.039240014125062395e+00
2.455847793037631899e+00
2.296582973957216112e+00
2.892308415930770593e+00
2.609246030018718798e+00
2.438559741829086747e+00
2.283666769813617936e+00
2.098748918800620089e+00
2.058306097473478147e+00
2.150920060656827726e+00
2.719993679978570000e+00
2.331797690165948289e+00
2.031768452729028063e+00
2.546502337929661408e+00
2.466433381133617431e+00
2.386023543273226188e+00
2.339274957339332772e+00
2.764268604725502065e+00
2.050345502710543499e+00
1.895397721960583759e+00
2.408981598827288462e+00
2.128824102193072054e+00
2.520522782594378786e+00
2.056935350226261505e+00
2.777258712361650783e+00
2.317917522945231568e+00
2.384316852887817362e+00
1.808327784085479228e+00
2.130766636542544834e+00
2.533491048803225176e+00
1.981765343714868788e+00
2.025798073734395466e+00
2.694695400819228315e+00
2.601346022660433910e+00
1.921735698466035425e+00
2.328745664674489291e+00
2.439923245831949750e+00
2.254334684458451754e+00
2.460230100505999662e+00
2.162009487824048559e+00
2.364237504309135041e+00
1.997966620724864972e+00
2.590332312373643475e+00
2.057709118844695872e+00
2.040169531091597932e+00
2.325192447334671897e+00
2.387028907411791412e+00
2.229786629046911717e+00
2.469995205002646355e+00
2.633077984439817332e+00
2.377827851387294800e+00
2.487694569090321828e+00
2.338179370439855909e+00
1.797853309613560269e+00
2.681919735786153502e+00
2.126415487698039009e+00
2.318645432680806806e+00
2.397909980501000682e+00
2.005695642911441645e+00
1.921396894268950772e+00
2.331034046395202619e+00
1.810357527356267981e+00
2.505863268241763198e+00
2.455564795246004905e+00
2.569978682917368751e+00
2.512575381507462513e+00
1.966698754647907110e+00
2.118514658784188320e+00
2.607002721331761919e+00
2.302950736476786275e+00
2.493977012050675235e+00
2.677363389413369710e+00
1.959892316151121472e+00
2.011313971677725743e+00
1.951796923967269892e+00
2.773925791516398842e+00
2.673905720507207651e+00
2.375588212279892364e+00
2.080743589870370336e+00
2.451008581737850633e+00
2.301203760705158530e+00
2.750944595694378325e+00
2.763396690526181310e+00
2.330639415925719327e+00
2.488708374685079772e+00
2.266311812378529300e+00
1.906187732791109646e+00
2.077172048560630646e+00
2.301790473234012868e+00
2.923409559361366927e+00
2.605519463128962432e+00
2.579589833181981984e+00
2.613384244408924584e+00
2.205595541621634403e+00
2.488928796586764580e+00
2.503658478121926212e+00
2.300518068851124198e+00
2.530021338665391806e+00
2.527843229331444785e+00
2.710830006280227078e+00
2.095993703101506789e+00
2.787089119374322799e+00
2.941316790350914534e+00
2.759727472119342995e+00
1.935504958241746065e+00
2.722456080598077310e+00
2.162890788991239432e+00
2.569953146839621727e+00
1.828137558163866361e+00
2.648594068826793713e+00
2.529699570858741975e+00
2.142192821630058308e+00
2.652082930198868205e+00
2.225664817877322399e+00
2.467452558294951359e+00
2.738994653110785826e+00
2.668231775086908897e+00
2.236070484280447523e+00
2.247979683694823816e+00
2.760612394704535788e+00
2.168601915608501685e+00
2.646181574886757648e+00
2.606417047276686105e+00
1.934807099016645937e+00
2.444957987130717214e+00
2.105336631499890032e+00
2.273529392963231643e+00
2.370755472668089947e+00
1.935828833713462371e+00
2.582465466537222198e+00
2.229082653413993143e+00
2.493913731275729795e+00
2.130682245560334920e+00
2.336348109535282269e+00
2.742647924754302746e+00
2.929610687185497220e+00
2.685656321357833054e+00
2.065823751326436586e+00
2.045651592559716292e+00
2.140457855304240375e+00
2.387021620482854267e+00
2.208825591810701372e+00
2.283021539775059949e+00
3.102696282159263408e+00
2.423280220529757667e+00
2.446348294421904157e+00
2.651360828043062945e+00
2.172124040459241900e+00
2.224738502436755194e+00
2.535286487208130435e+00
2.368130585905379171e+00
2.083768208215444506e+00
1.964975352883606252e+00
2.722661838086418928e+00
2.913748076630753747e+00
1.834702058499346755e+00
2.600950884897885285e+00
2.305508444203805851e+00
2.403546934214760178e+00
2.662404358770893431e+00
2.430384441959940744e+00
2.907268760168352006e+00
1.907665379011006523e+00
2.696455219684117832e+00
1.912322165489359183e+00
2.185775437750504313e+00
2.611373823940506433e+00
2.502128164748883776e+00
1.733465453123018696e+00
2.107006670344970800e+00
2.227244236140835110e+00
2.628656003161705890e+00
2.225524734891813683e+00
2.448664525507166179e+00
2.340906845853460094e+00
2.535281144836126987e+00
1.967688234372695799e+00
2.074957383369906871e+00
2.176494945466381559e+00
2.829970577071224014e+00
2.354777280132629880e+00
2.553653911200229221e+00
1.769775480394409684e+00
2.699918395421622819e+00
2.627913877117142416e+00
2.306936895979680102e+00
2.742102832566261306e+00
2.486645673944714030e+00
1.877691804372768392e+00
1.926274604236755561e+00
2.944109736506354658e+00
2.261699769708263918e+00
2.257741999357222529e+00
2.577534212590986140e+00
2.564496337356652944e+00
2.183152272759986801e+00
2.286188167828608453e+00
2.051079849085821749e+00
2.693391898222071035e+00
2.414104567168628090e+00
2.650654532791941964e+00
2.445132795434364681e+00
1.708848238438723355e+00
2.869464511568836862e+00
2.445994351258437227e+00
2.338895387961250627e+00
2.857402101904257030e+00
1.933074476890296545e+00
2.571683509005453949e+00
2.868408490189425120e+00
2.064258274562631890e+00
2.476823257809197987e+00
2.703351521830119619e+00
2.190577680054697218e+00
2.343088169822270750e+00
2.715316140493846842e+00
2.511199405961259234e+00
2.354396036746658538e+00
2.473864987174865249e+00
2.075801189470181107e+00
2.712840516328065998e+00
2.649476305097190121e+00
2.264035980585224817e+00
2.347014685469284601e+00
2.441570143321647457e+00
2.761428858900041305e+00
2.913733053229551562e+00
2.533287041833840902e+00
2.753428035570697485e+00
2.553099628029880996e+00
2.623148584964190011e+00
2.501999842007895936e+00
2.893319117822973130e+00
2.782637563028644401e+00
2.405709178988627794e+00
2.322172757889402028e+00
2.032378204394525767e+00
2.035671964678494206e+00
2.509402229244394711e+00
2.081735768001870213e+00
2.296860351186545302e+00
2.452241577233877035e+00
2.869518450448759417e+00
2.486137324489229972e+00
1.835261562681276493e+00
2.390379072120541792e+00
2.634454719808898560e+00
2.715841821494138664e+00
2.986886640092956569e+00
2.430765410457685682e+00
2.130297846029794329e+00
2.558189682029389012e+00
2.287230490774863068e+00
1.715725423848126763e+00
2.052118293177419783e+00
2.358687771840174197e+00
2.327972004723511290e+00
2.201226749792622783e+00
2.142293875347067278e+00
1.899618678426143070e+00
1.945141674028872947e+00
2.211487441040274948e+00
2.443505598881727803e+00
2.773659409547089005e+00
2.538618988785174668e+00
2.303722261964098905e+00
2.262384793474408351e+00
2.266464607537506559e+00
2.082971625405144245e+00
1.687780851779465241e+00
2.646895521316684263e+00
1.949076762887453018e+00
2.196305509466431882e+00
1.984145026994408756e+00
2.855166084339274324e+00
2.564210060155730275e+00
2.784947485036011194e+00
2.745263364927200023e+00
2.232001297764011127e+00
2.158566975017091938e+00
2.188958799728914606e+00
2.335315382154036445e+00
2.200765362946935699e+00
2.204197968474399527e+00
2.111579381962987334e+00
2.428273516529328990e+00
1.843725503712325020e+00
2.381590435502364933e+00
2.670551511022646096e+00
2.494198200669803356e+00
2.541448633527390477e+00
2.407709337336167543e+00
2.088664017394685324e+00
2.757763037669584083e+00
2.342186173034113139e+00
2.798569873147378040e+00
2.392850601248959652e+00
2.594058655204361408e+00
2.244198633739866278e+00
2.810345177496301083e+00
2.179883321367480420e+00
2.825960975914240336e+00
2.857520967394739042e+00
2.853631842618035375e+00
2.422254122732811155e+00
2.663009249000536816e+00
2.639072920591410742e+00
2.239275926894360502e+00
2.573619875069035778e+00
2.675852069077510276e+00
2.224076500710879145e+00
2.432333224991450660e+00
2.565338689131779315e+00
1.965098187538949714e+00
2.518942555972839781e+00
2.681862229872843173e+00
1.709687225398224264e+00
2.388239368579616606e+00
2.568227266100859385e+00
2.232181387388840754e+00
2.928536632043122090e+00
2.448776323828082635e+00
2.166216898926498047e+00
2.546891502305534072e+00
1.896511522165208019e+00
2.837796694473841086e+00
3.043986037085911533e+00
2.612785459820273992e+00
2.272140844407106730e+00
2.043864884851445574e+00
2.081912818149039168e+00
2.695602911179208583e+00
2.528054134107009077e+00
1.993495844095036773e+00
1.822247377771348154e+00
2.024670732499267434e+00
2.436232081813090922e+00
1.963185249111347952e+00
2.326495847200902301e+00
2.656812013063523104e+00
2.213778895516649303e+00
2.310385164729196195e+00
1.980266668515780371e+00
1.801873316294933858e+00
2.449586134480588484e+00
2.650984210793290607e+00
2.239772220127858038e+00
2.393177623980899504e+00
2.335800428153299357e+00
2.251274789383911124e+00
2.040680744773605948e+00
2.206347791956912108e+00
2.766551704138452195e+00
2.362059584264708967e+00
2.041588763212681457e+00
2.314639984616183366e+00
2.634512131134481905e+00
2.236104913799082716e+00
2.300231834999539426e+00
1.948746303339162544e+00
2.355114950393904838e+00
2.348667479673446579e+00
2.110674455835176655e+00
2.916278749939670067e+00
2.061620292837690549e+00
2.112205989570765219e+00
2.487973183863431803e+00
2.306367509694886575e+00
2.014931766030336746e+00
2.367856408713968630e+00
2.377066369199942741e+00
2.051288523692705201e+00
3.027590273793444808e+00
2.797952782451818887e+00
2.465221952075564715e+00
2.488955200513029986e+00
2.590756810133039156e+00
1.882006490084202843e+00
2.887963602483493375e+00
2.755373182159897016e+00
1.814084609670160830e+00
2.591518941439475476e+00
2.275544723987477980e+00
2.404007777455003048e+00
2.719423289661089704e+00
2.599069555451841929e+00
2.111996339127760969e+00
2.568594652356963159e+00
2.099399213292527655e+00
2.216903229068217129e+00
2.681223912197873371e+00
2.154484350134591608e+00
1.673870823850407641e+00
2.445403188550116180e+00
2.174695348255999416e+00
2.468656244097507724e+00
2.683659984579594759e+00
2.390059375695916088e+00
2.095195160861781147e+00
1.965878402275992309e+00
2.719951570368497329e+00
2.152457061190566900e+00
2.434991476275063516e+00
2.086451148448330351e+00
2.753087323425100763e+00
2.533658548434361002e+00
2.296605372603210515e+00
2.344191841943671584e+00
2.556957559754343023e+00
2.523950923761451026e+00
1.879019216671051096e+00
2.267164698576755288e+00
2.676908533902354392e+00
2.464351043319386037e+00
2.489767523453886078e+00
2.228243545429323458e+00
1.794930731128638879e+00
2.154659657507557391e+00
2.369374765285200191e+00
2.326803308930842640e+00
1.850167233405656697e+00
2.684984155474471113e+00
2.265349049302818774e+00
2.665083591110736894e+00
2.737321297611773119e+00
2.220727650876038517e+00
2.078581356934831703e+00
2.017478946322207811e+00
1.954608185147109989e+00
2.648933335814779078e+00
2.216528528878164650e+00
2.023022904395262334e+00
2.480965735456167387e+00
2.574269937139130882e+00
2.575663830143504640e+00
2.609006673454802083e+00
2.366273753620586007e+00
1.930066706999374659e+00
2.547439551426049498e+00
2.811356203423750255e+00
2.143649954134628111e+00
2.693624461149862093e+00
2.002818244315791141e+00
2.514339863134265052e+00
2.085995755703974996e+00
2.264443123995756313e+00
2.332393292110360061e+00
2.513968152801756339e+00
2.315665698440681819e+00
2.391443263801252161e+00
2.191721926042224933e+00
1.832513208061018695e+00
2.911582827295573495e+00
2.425294765850529721e+00
2.491228155481949535e+00
2.491829223368707158e+00
2.254664095086416520e+00
2.478215617557163686e+00
2.274204385921151594e+00
2.129708613956521557e+00
2.309304270051228514e+00
2.688488421097896097e+00
2.947596695839380665e+00
2.668144286363141049e+00
1.860130038065156199e+00
2.745472953101156133e+00
2.358316362685289214e+00
1.993718283798966207e+00
2.324703986989850257e+00
2.593756341684898992e+00
2.459581378882515157e+00
1.863134088259737142e+00
2.812807990053128204e+00
2.328389995850808969e+00
2.942397702960266148e+00
2.444391614640449184e+00
2.098893980636471479e+00
2.476344372282299755e+00
2.239641621581338171e+00
2.079896847912262370e+00
2.221343862134627312e+00
2.224288491504673448e+00
2.171481618262828484e+00
2.611261634754721506e+00
2.356516928534821975e+00
2.325474102669542908e+00
2.452895791214964039e+00
2.207901705781470714e+00
2.370347729775988732e+00
1.988407342155735558e+00
2.257483146509690730e+00
2.705681236499799081e+00
2.473162327211358313e+00
2.588383749474045370e+00
2.665781302376020179e+00
2.034360992025405324e+00
2.039601694695365008e+00
2.123470140812115936e+00
2.478289426614244562e+00
2.379748667426081710e+00
2.369290207070322563e+00
2.133877325542131054e+00
2.353312795459243656e+00
2.670955879568456037e+00
2.607234162629695540e+00
2.416473661941916262e+00
2.291701109936807423e+00
2.120243861667220120e+00
2.551235944732188621e+00
2.522505821770591794e+00
2.215216921594048038e+00
2.662685946180399554e+00
2.528697449028844524e+00
2.287603634261816676e+00
2.196065607683281407e+00
2.188895147089993110e+00
2.813932659569473582e+00
2.519630852064941529e+00
2.112105669263899976e+00
2.147050515200837228e+00
2.214770277065948978e+00
2.540544585471601557e+00
2.147387276684867619e+00
1.912106224775885766e+00
2.917889014641250611e+00
2.559898179271804519e+00
2.915722622638935668e+00
2.898568330867800302e+00
2.659430022216925593e+00
2.022573112297207931e+00
1.775805692946173631e+00
2.634346747948121070e+00
2.375808238915145143e+00
2.791139571527033070e+00
2.295922288015284529e+00
2.583713618369674947e+00
2.208488909902921016e+00
2.289297791917181968e+00
2.503483042272721448e+00
2.407940037649889398e+00
2.480039652798422978e+00
2.591442152432731127e+00
2.433241570002082188e+00
2.330168851608031666e+00
2.365064455621974204e+00
2.391166345685840078e+00
2.623642200359302734e+00
2.297290487290494454e+00
2.164383182642353187e+00
2.187663595668328576e+00
2.452122880796915982e+00
2.661771292084983198e+00
2.071218459499807985e+00
2.688043688059119418e+00
3.063304847020444921e+00
2.278134858429852194e+00
2.900920141492598692e+00
2.888210937387472477e+00
2.457612857463666867e+00
2.435776820301653434e+00
2.335346415956398580e+00
2.259454444611830315e+00
2.502744858241443104e+00
2.603417606866108791e+00
2.227719607655474388e+00
2.584565008502048844e+00
2.353525493179134287e+00
2.655884411574865211e+00
1.742342555972179907e+00
2.166969477324991011e+00
2.264659292401672186e+00
2.399484112201540675e+00
2.639315201041783965e+00
2.282376254078143596e+00
2.487271802826596989e+00
2.420055736584374007e+00
2.188642213287145921e+00
2.254728528322836656e+00
2.891686595507471758e+00
2.751692016157654574e+00
2.234638900547623486e+00
2.192796705046561101e+00
2.253972480209355922e+00
2.049180325660272750e+00
2.810367433466538056e+00
2.503540321922645528e+00
2.496174406511321830e+00
1.843181515198974552e+00
2.254351951030167278e+00
2.227695329067639562e+00
2.452529392513229212e+00
2.489101505038239015e+00
2.175169477139323959e+00
2.314919451395868855e+00
2.793124443627813758e+00
2.554831775373271885e+00
2.392109927474218356e+00
2.646783156658678582e+00
2.363003895489691253e+00
2.221962294685025263e+00
2.732217368900138332e+00
1.886985178464882784e+00
2.071038669864800674e+00
2.223316619093896662e+00
2.554147497403078670e+00
2.611384255384354258e+00
2.550345201885141577e+00
2.755984056243609981e+00
2.647813146322742117e+00
1.774668204221615753e+00
2.562292770219894322e+00
2.336410001457076113e+00
2.460758477180095216e+00
2.345988860607356230e+00
2.039056479526808907e+00
2.469211349791772925e+00
2.227930088546342891e+00
2.570922310786684761e+00
2.033696392573899558e+00
2.432557439500949048e+00
2.409572734626931556e+00
2.091444489465347445e+00
2.392730707130136025e+00
2.575802830670049559e+00
2.281728441221118953e+00
1.748016866501821198e+00
2.458071316768228876e+00
1.934640086027927586e+00
2.212941966961113671e+00
2.415313846362574957e+00
2.208466898566478154e+00
2.498097624838686581e+00
2.024034925041762190e+00
1.708178658249508430e+00
2.682048518106657120e+00
2.397465655937726314e+00
2.695534893070766991e+00
2.089454133595583407e+00
2.671684053325811270e+00
2.557876405751139615e+00
1.993606521396152909e+00
2.505947028925670228e+00
2.611546400640016863e+00
1.996543455257720145e+00
1.864435014865335027e+00
2.344669569318056368e+00
2.108508531975145317e+00
2.651031114526431143e+00
2.493671350930878994e+00
2.256371790394527732e+00
2.076823798327534831e+00
2.805184470208381686e+00
2.129370696757328929e+00
2.503757671688817688e+00
2.705237952033864524e+00
2.769748353683322950e+00
2.388205228256303769e+00
2.200014548960328664e+00
2.441705916161454049e+00
2.539086073090718987e+00
2.211530536134774572e+00
1.853815819596873027e+00
2.413039805720833986e+00
1.937969305285803800e+00
2.377476147521445426e+00
1.953135094657835191e+00
2.460482718709441574e+00
2.724579177552210574e+00
2.335904239752959910e+00
2.513648697080078875e+00
2.690660803034842008e+00
2.032891234595108454e+00
1.966485019494686570e+00
2.613708027625041286e+00
2.742044553771254112e+00
2.372243958585348089e+00
2.182839797652942337e+00
2.326112123461386183e+00
2.055160422752559946e+00
1.900784593095538932e+00
2.746739298632276505e+00
2.828974128616049910e+00
2.304018453220388452e+00
2.226849754622173716e+00
2.437266603906472096e+00
2.870639063905604971e+00
2.395213560768015171e+00
2.417209468367483183e+00
1.703352798058937134e+00
2.330730863108501083e+00
2.179187768050096174e+00
2.725682393934750092e+00
2.563160768588200966e+00
1.864009659463756075e+00
2.195309072896132196e+00
2.324441055822431323e+00
2.268350400683280199e+00
2.213856430747858983e+00
2.099812283529778334e+00
2.578337390197640300e+00
2.199852926519923368e+00
2.703687723181248170e+00
2.481292491593051430e+00
2.649989578146131564e+00
2.071230278885065168e+00
1.811784328879460837e+00
2.722363414107505264e+00
2.097169321517615703e+00
2.140717958094642270e+00
2.231418566567316297e+00
2.337453994125763046e+00
2.399096142318556613e+00
2.386227776011387469e+00
2.298936414160400510e+00
2.731720997573469312e+00
2.434447493343589564e+00
2.526174750463963115e+00
2.476925988516767596e+00
2.512725235573880944e+00
2.446252095708372654e+00
2.188282919316464792e+00
2.657232831621114233e+00
2.429130230165908344e+00
1.835102423100389624e+00
2.481149745097362747e+00
2.534390343469245188e+00
2.016755962019960435e+00
2.236471297696271066e+00
2.985614366799035579e+00
2.277816801014940218e+00
2.859966865331199593e+00
2.564568971844828571e+00
2.068768264799021317e+00
2.096128733687679269e+00
2.274482401149738209e+00
2.593399867995950459e+00
2.224285495818371317e+00
2.473135013830211726e+00
2.160821857558501868e+00
2.757597881441968379e+00
2.148901257662259034e+00
1.870610716063914269e+00
2.566028146716021752e+00
2.027115059197744706e+00
2.451147068077097924e+00
2.520843731078293182e+00
2.117121544918588061e+00
2.532588286006518974e+00
2.097899757884603922e+00
2.201337814677955862e+00
2.285276533290731660e+00
3.125853839955066160e+00
2.284691258004662107e+00
2.490545111065883610e+00
2.130105101949567370e+00
2.612290027968766193e+00
2.264047883580013298e+00
2.293524030000077651e+00
2.846819190108634601e+00
2.051973635642901694e+00
2.485042160979513248e+00
2.842455990949233513e+00
1.858706300050938065e+00
2.388813038539169042e+00
2.643635874000027641e+00
2.293777786537819274e+00
1.783229004543125829e+00
2.556249565278361668e+00
1.916733894340111544e+00
2.564489210208615422e+00
2.332760755537634623e+00
2.555167806070393510e+00
2.441941650834665634e+00
2.173183995409230462e+00
2.861763643752131436e+00
2.345577850140462939e+00
2.177593375976664358e+00
2.566961026802447421e+00
2.418354146445290453e+00
2.147199745989268216e+00
2.212909421136651567e+00
2.037674072651678436e+00
2.808620274813584228e+00
2.688441975602011702e+00
2.316067365642729747e+00
2.169108691240852149e+00
2.656452897039673466e+00
2.800797615760619586e+00
2.444806976477883254e+00
2.954692590452717926e+00
2.320249434993942650e+00
1.939412600834229616e+00
2.194724913785636389e+00
1.957822218540432146e+00
2.865064150597051551e+00
2.172665512182830660e+00
2.408551165995295840e+00
2.183236437118433848e+00
2.045303974928347479e+00
2.235676250518117136e+00
2.429880384468029231e+00
2.156798944840018883e+00
2.646627058714220659e+00
2.463275475297670436e+00
1.874670637408398788e+00
2.382019116673899539e+00
2.338125392622925069e+00
2.499033435143987347e+00
2.362730970596005342e+00
2.218207895482510850e+00
2.898898258796547722e+00
2.142946054693378066e+00
2.058873389219308514e+00
1.994820527666645527e+00
2.302990596073437146e+00
2.631592922015380864e+00
2.238501123991782027e+00
2.027687187610744957e+00
2.275558515236083768e+00
2.285120705182214884e+00
2.199963817385146569e+00
2.391079664971800689e+00
2.486952454482111996e+00
2.547941889147718353e+00
2.179137321388034287e+00
2.216142949329029221e+00
2.277614924445952038e+00
2.811717257415307980e+00
2.136943208592217758e+00
2.482637594713884344e+00
2.083466420085154702e+00
2.915923165125109850e+00
2.334064098097366813e+00
2.683463725767245123e+00
2.160199987998989268e+00
2.800935529462817541e+00
1.905260455344856441e+00
2.838144438325492125e+00
2.344611387967217464e+00
2.526048053461280585e+00
2.060397916417516573e+00
1.836558679914155778e+00
2.117216558357465583e+00
2.739715959342791329e+00
2.614995960952279930e+00
2.483399647089030271e+00
2.632343749371513386e+00
2.269409781909548229e+00
2.837151076610653355e+00
1.949759532152366193e+00
2.333303683584925903e+00
2.262538057192782670e+00
1.693852268855714716e+00
2.489872434454235783e+00
2.418379375287630140e+00
2.072210976018990181e+00
2.040477294524507101e+00
2.888425232412405563e+00
1.963734772306975573e+00
2.255767192780516073e+00
2.138345298517073445e+00
2.649245827298463585e+00
1.983520019206439722e+00
2.313781638682051778e+00
2.260104917162093052e+00
2.627873489159468168e+00
2.139256748403207453e+00
2.340679460118187727e+00
2.509547849157333754e+00
2.388127184454012841e+00
2.054996461783301864e+00
1.966872777486939006e+00
2.866664312032010109e+00
2.241283430067320559e+00
2.078746722885865594e+00
2.470519312700814485e+00
2.228167148049093882e+00
2.536014358100775468e+00
2.837674939547233599e+00
2.180124857733785060e+00
2.478977599698479306e+00
2.139339463942474762e+00
2.772651183095954153e+00
2.274726497044803342e+00
2.895630055766237998e+00
2.171254995208651728e+00
2.436879818860904656e+00
2.136988601603477811e+00
2.423509014834217101e+00
2.562881339627593125e+00
2.203488226606174383e+00
1.966774353569696210e+00
2.291301293688948526e+00
1.878683806851804583e+00
2.719245770295598774e+00
2.503871692901369350e+00
2.528077107409556934e+00
2.199060163939527524e+00
2.619348166433151270e+00
2.504120425842633058e+00
2.841079616456964274e+00
2.797801913493378478e+00
2.122215403716601667e+00
2.627087703901523241e+00
2.064005520028967755e+00
2.904933513067173401e+00
2.704495199069877565e+00
2.277743984431978230e+00
1.871249516552777159e+00
2.592499181944826425e+00
2.324097580296547338e+00
3.003734289985466877e+00
2.197731227050891523e+00
2.360131843911768890e+00
3.014795477238084498e+00
3.017334533978133670e+00
2.646109668006023430e+00
2.655672659184960427e+00
2.103508972090735618e+00
2.311217629063357926e+00
2.373679769271411111e+00
2.627986771944780919e+00
2.490306979594844705e+00
2.432992255337377507e+00
2.452246696626505518e+00
2.833396864805259874e+00
2.869140230582078566e+00
2.565029557853564679e+00
2.497392667800391486e+00
2.518043049586184523e+00
2.051913185743845958e+00
2.540567146186191394e+00
2.241010045054515842e+00
2.546990226220679165e+00
2.652476837572103729e+00
2.547822890250605710e+00
2.222337355128243264e+00
2.010010866326225720e+00
2.458610026354097311e+00
2.193686007110927427e+00
2.173625296068764534e+00
2.753439581573585038e+00
2.504968455968406893e+00
2.323599904639340963e+00
2.352145682715545583e+00
2.318739061537631763e+00
2.271053048611268554e+00
2.333986883668337065e+00
2.901853417712651595e+00
2.261064608544007815e+00
2.625020504963116785e+00
2.468764546657129522e+00
2.314257119549727904e+00
2.248558336853154316e+00
2.751083897068329343e+00
2.695461170640896853e+00
2.367517512043139316e+00
1.892539426167191063e+00
2.158888756271756915e+00
1.783494468946069444e+00
2.154904129744628527e+00
2.450389350811005507e+00
2.537825113848108050e+00
1.803055488667291373e+00
2.205282137574693380e+00
1.977707052024715972e+00
2.156634345011450460e+00
2.122984154053162875e+00
2.134215992424629782e+00
2.403647710088518519e+00
2.083251051718006508e+00
2.508540387575133312e+00
2.588417437171530278e+00
2.788004500271437092e+00
2.776112777167633272e+00
2.400938979515496730e+00
2.279521209471139453e+00
2.371440864824931882e+00
1.744294528240216025e+00
2.224680790237133277e+00
2.246823120214640923e+00
2.141483874115927222e+00
1.987187125976083379e+00
2.254823684237749148e+00
1.963407907024200538e+00
2.017906584770403189e+00
2.045295700550482376e+00
2.243210661671593442e+00
2.365627404217946150e+00
2.645394285638820620e+00
2.376192287547060022e+00
2.617769436533455174e+00
2.609602112469150192e+00
2.193388587606944551e+00
2.610558245195198523e+00
2.730412813282736106e+00
2.349713043888642439e+00
2.510471358527836205e+00
2.124202857981548842e+00
2.077395625645221067e+00
2.546465838342792054e+00
2.500973037423702028e+00
2.683600632219492521e+00
2.403453277325886539e+00
2.360522501066319556e+00
2.484517851151602841e+00
2.414549920886331691e+00
2.173492220989784229e+00
2.181639990878815993e+00
2.435348027018074735e+00
2.148226536471292469e+00
2.261515277226086695e+00
1.815197407991033574e+00
2.648692982415339348e+00
2.117032550079154696e+00
2.402204102760675752e+00
2.463961399407280428e+00
1.978685022142077754e+00
2.074262801930469635e+00
2.752708458280859194e+00
2.294682797626053539e+00
2.043009715062461318e+00
2.170953027727480666e+00
2.079580839536754766e+00
2.857396528532696767e+00
2.171137675185956351e+00
2.785636808274921883e+00
2.198478653099780189e+00
2.776044188338668839e+00
2.566358493091073445e+00
2.360023420679739470e+00
2.833110273800456547e+00
2.693238896740427712e+00
2.769356613746365436e+00
2.245974366230635511e+00
2.482164475492125710e+00
2.787703751761226201e+00
2.586834247844188361e+00
2.567486445755740032e+00
1.763030867486664821e+00
2.298470836546631091e+00
2.909563374877569331e+00
2.045199940068308297e+00
2.444826552093910088e+00
2.417243754567059533e+00
2.218242345278876648e+00
2.513686153128163792e+00
2.873632424424572562e+00
2.361873608768767063e+00
2.310570603062414019e+00
2.004176103167812251e+00
1.904693271780091068e+00
2.431043215498271959e+00
2.239867552800800077e+00
2.572127931271630086e+00
2.449380116333798707e+00
2.735841990469423113e+00
2.044812802096660498e+00
2.733228176720924552e+00
2.222193490549143835e+00
2.108223864866511477e+00
2.573003775614585376e+00
2.546330288669298447e+00
2.264301602409383829e+00
2.275424762648511567e+00
2.833585116192613551e+00
2.947686172784929948e+00
2.428863172783502833e+00
2.284892137405929002e+00
2.724632723468229045e+00
2.255591682023387889e+00
2.329097143971094575e+00
2.397203233940325529e+00
2.775728904855618850e+00
1.993613325928501157e+00
2.316087668755598461e+00
1.905473179614986634e+00
2.867015852669673404e+00
2.399795975651514368e+00
2.476780917298278872e+00
2.646819694668941292e+00
2.109593578915135215e+00
2.470981643717694354e+00
2.225360126563526109e+00
2.768013284100690363e+00
2.773246824653715858e+00
2.919706466115681298e+00
2.575770662304221137e+00
1.862108122728559856e+00
2.418041210361210780e+00
1.942318643765157615e+00
1.723609148503852273e+00
2.345489120725226861e+00
2.456131822600487347e+00
2.569284888362907804e+00
2.585611940127017228e+00
2.396313480288747133e+00
2.481004564383685551e+00
2.476144474672822504e+00
2.000956141129626165e+00
2.249544253453321208e+00
2.389016340899406288e+00
2.450117211729086808e+00
2.628311784531172535e+00
1.959284089214165636e+00
2.599780754783441949e+00
2.275147184169628467e+00
2.157652994410314218e+00
2.463725681040017434e+00
2.101898417444911793e+00
2.209607578723692622e+00
1.962528264338839534e+00
2.612843821476406703e+00
2.090197474978792602e+00
2.658775598184566658e+00
2.420071377396596279e+00
1.716916547022800499e+00
2.321226792195507649e+00
2.523133715060736471e+00
2.503480980725552030e+00
2.488474374199996397e+00
2.419832825183265257e+00
2.520863070418785767e+00
2.143413030138877851e+00
2.597245151088218851e+00
2.322974698492314971e+00
2.775954055167932033e+00
2.118001703179155371e+00
2.415771681141291261e+00
2.577394702708510899e+00
2.336113599696662213e+00
2.232431350449727514e+00
2.379676796953712259e+00
1.881201216583950009e+00
2.385945501576324901e+00
2.703552890993157654e+00
2.556644816408787602e+00
2.154682967878658317e+00
2.687794325067730306e+00
2.476904789768363813e+00
2.681700706981973603e+00
2.721366161133711437e+00
2.692541294817479169e+00
2.179014003833061430e+00
2.441565979060907221e+00
2.472374485521181775e+00
2.339145764856350063e+00
1.869571487035189383e+00
1.967582789268653043e+00
2.414901346567214890e+00
2.363709000250714176e+00
2.328183936718591251e+00
2.150583928564182123e+00
2.080887808828106866e+00
2.276882415486816136e+00
2.203544835969110771e+00
2.470576282519643563e+00
2.278627334278191530e+00
2.492175922131874444e+00
2.347501922864108082e+00
2.314494412074635132e+00
2.588796556707782415e+00
2.710417003206193165e+00
3.010196362443859019e+00
2.490828113851407899e+00
2.369483873134724305e+00
1.942419008570734018e+00
2.587763739231260907e+00
2.619122208156348997e+00
2.265294005801713695e+00
2.263237825355139066e+00
2.826817656290966596e+00
2.242518040073486318e+00
2.578177235434303327e+00
2.321808063013351298e+00
2.097896962481851535e+00
2.017469874746641079e+00
1.973525512827850603e+00
2.698716222636953876e+00
2.604617543942293167e+00
2.971280944935154711e+00
2.440172493947223575e+00
2.129665081632805101e+00
2.302190446699960980e+00
2.398574162574586222e+00
2.710812340473232940e+00
2.639256935464465492e+00
2.424179427091725181e+00
2.919101517659969502e+00
2.587746512616702521e+00
2.291300752118687001e+00
2.191842001632737347e+00
2.633197470754945702e+00
1.867481025545624673e+00
2.324279400653276539e+00
2.435421999806838045e+00
2.043397586329223969e+00
2.160971067659883893e+00
1.678150444254155715e+00
1.818470540534381730e+00
2.334284463031851331e+00
2.061837278019285513e+00
2.103905121291923308e+00
2.501258089176411126e+00
2.201905065249096793e+00
2.397832768122893476e+00
2.059849403517977962e+00
2.277906206135558165e+00
2.507490147456743923e+00
2.184644019139030835e+00
1.723083514615365575e+00
2.494328492324698665e+00
2.259288821831907601e+00
2.776742380271900679e+00
2.296558662427078179e+00
2.355293248557709607e+00
2.510014366976108136e+00
2.138983351319211579e+00
1.682122501343453091e+00
2.389878435784395627e+00
2.258043670925246715e+00
2.516521130598785128e+00
2.538826957114053595e+00
2.493221138070960130e+00
2.449939823683870976e+00
2.426815635056843945e+00
1.927061211502149263e+00
2.596777098980144860e+00
2.340299998636312218e+00
2.296090956365941960e+00
2.699872731114891344e+00
1.949159804804091012e+00
1.988566060800128765e+00
2.659464805219645012e+00
2.760402124665154666e+00
2.673834790708539355e+00
2.605369770080312453e+00
2.420528848862340876e+00
2.908881014485540817e+00
2.013636623475977494e+00
2.747685438402657443e+00
2.178752026853453039e+00
2.249287061353649531e+00
2.413587762106209844e+00
2.087245278309625807e+00
2.388917224352481661e+00
2.409879315892358598e+00
2.321501594969514137e+00
2.900086096216829556e+00
2.166713356069197349e+00
2.269152098365198267e+00
2.162904738053717857e+00
2.368027373259938617e+00
1.734217735245728864e+00
2.756728725178854589e+00
2.032482702243686656e+00
2.266074930801403653e+00
1.933396099628146292e+00
2.543368417904998680e+00
2.275283895869793849e+00
2.151954727237554543e+00
2.429965173401345435e+00
1.922499776345634404e+00
2.325012467010624029e+00
2.731251772835018521e+00
2.064028336555079779e+00
2.266515548951284487e+00
1.998325361006080270e+00
2.488385826746472240e+00
2.182892004556039822e+00
2.097635613582702785e+00
2.800531825939877706e+00
2.173716603547811488e+00
2.708754433078187418e+00
2.345734124443334068e+00
2.843949430349211660e+00
1.782451420014210974e+00
2.217241415782393865e+00
2.339824486219394206e+00
2.768251459170600892e+00
2.588326271496226738e+00
2.156561813878400624e+00
1.950330926221313765e+00
2.581209156072605815e+00
2.294852999287320561e+00
2.125260573289067700e+00
1.908189093326042141e+00
2.187029465105355452e+00
2.464770577176742528e+00
2.062270275619286330e+00
2.162219808444475255e+00
2.203802176352415820e+00
2.268483304875968720e+00
2.117630132969105183e+00
2.672231601127005973e+00
2.548730806584297959e+00
2.631406630942990432e+00
2.300281626929657541e+00
2.738045233894827568e+00
2.300193398383123977e+00
2.528173411463430220e+00
2.713493590144943290e+00
2.485256513061504524e+00
1.885267053868660891e+00
2.716744218630836816e+00
2.349389942778239426e+00
2.390439308276848696e+00
2.219756666204286688e+00
1.850873456157241526e+00
2.501467895269911867e+00
2.454756790800646904e+00
1.795328087187175514e+00
2.898072889613061420e+00
1.869806052504250582e+00
2.079563846218198009e+00
2.488197463806820053e+00
2.202470803382627462e+00
2.787357101048796082e+00
2.158440351148326108e+00
2.280573512802143377e+00
2.978636825695426982e+00
2.140518224401410485e+00
2.480515588644990999e+00
2.062245927032372528e+00
2.631646008711787665e+00
2.604067224050029772e+00
2.256411410563935238e+00
2.326460886803516814e+00
2.295247683676968187e+00
2.084640974698467097e+00
2.072550551955582687e+00
2.001308207809667117e+00
2.701968465797803809e+00
1.941284372119252311e+00
2.546805445964344106e+00
1.801815918100813541e+00
2.567341179283064712e+00
2.480683819629306175e+00
2.038999445385171416e+00
2.856819873498933848e+00
2.346558240685239216e+00
2.401713143074501566e+00
2.374325909100716281e+00
1.731170563758174685e+00
2.606178525059976714e+00
1.869611748322157485e+00
2.761046483476430335e+00
2.481113296362964959e+00
2.622288181479389912e+00
1.879900645124732650e+00
2.887032115314809744e+00
2.656666676354896950e+00
2.224210308904591038e+00
2.547608720040413832e+00
2.334955459624345586e+00
1.943746907340522467e+00
2.682790623850664691e+00
2.206058518351786457e+00
2.272386317185199900e+00
2.577980777162026449e+00
2.554235539329932081e+00
2.481029226488747685e+00
2.235773337958162355e+00
1.996306406089781715e+00
2.640077005889475359e+00
2.521617415101785831e+00
2.260790116800893479e+00
2.770193532021558269e+00
2.238146080640150526e+00
2.247366149224522491e+00
2.368862135675670721e+00
2.525217136429018794e+00
2.381608139703131677e+00
2.883004417485192761e+00
1.948804971885649495e+00
1.938639871440742013e+00
2.793079076353135015e+00
1.977965099928237436e+00
2.460482262821292121e+00
2.768064459266493582e+00
2.611236466886279750e+00
2.462045999591494283e+00
1.919616370999218447e+00
2.695836130964728738e+00
2.319927746801599966e+00
2.438927110544465648e+00
2.636885644694554998e+00
2.306175065692215753e+00
2.294578960699833026e+00
2.344853086738915682e+00
2.495633434152413344e+00
2.124431932389745814e+00
2.653411505225557576e+00
2.321560952550886903e+00
2.297655999935427573e+00
2.235961451762979557e+00
2.298147701286988642e+00
2.412952751236580706e+00
2.808165649522425866e+00
2.342586485653064265e+00
2.461024231744159962e+00
2.432527786008409798e+00
2.721627487298608816e+00
1.958506240264889620e+00
2.195041311256182404e+00
2.584243574668844801e+00
2.484648570786189836e+00
1.919024396489217077e+00
2.780012169304705516e+00
2.732907044105211014e+00
1.849916234966445971e+00
2.017989984018035088e+00
2.314352253248736169e+00
1.904269185988670232e+00
2.152155242212584252e+00
2.687293993674366277e+00
2.842707617065688641e+00
2.247179084663224913e+00
2.890756363879293911e+00
2.352526733195949404e+00
2.261423362596981512e+00
2.141790502350669367e+00
2.399819569764081173e+00
2.710371132026557550e+00
2.963126698221251409e+00
2.823210082769589846e+00
2.631085607110361657e+00
2.448099827971105924e+00
2.559739402524978225e+00
1.777386640445199673e+00
2.462506593516496700e+00
2.714874303617249129e+00
2.763280619969871399e+00
1.682284351174848425e+00
1.921844000332960656e+00
2.695946316170510837e+00
2.324434903994629043e+00
2.470223630757928390e+00
2.347677839531149946e+00
2.220194838903767565e+00
2.346603163345847065e+00
1.843425232033944594e+00
2.375512862964113125e+00
2.684681963642491009e+00
2.690383124725359121e+00
2.628605488797264300e+00
2.410600497225903638e+00
2.025408469324761818e+00
2.569198075729154596e+00
2.931824628318628445e+00
2.056614467424856763e+00
2.604923174405380237e+00
2.130459640742023986e+00
2.129381354203496279e+00
2.248132580445213247e+00
1.839866794404412254e+00
2.621607385287399783e+00
2.003150317620133514e+00
2.755730629852600533e+00
2.423209331426811719e+00
2.602285421993078884e+00
2.642217197259174810e+00
2.649821408528167055e+00
2.611513584185578996e+00
2.371624568906627761e+00
2.177465911854574721e+00
1.885351333171931598e+00
2.783951578184105990e+00
2.447150468490336461e+00
1.923255519792557378e+00
1.961521836057945389e+00
2.429438517096352168e+00
2.624321719117866714e+00
2.919923410477825776e+00
1.957427848551685390e+00
2.523614647500596053e+00
2.292161852560611557e+00
2.342175671400107184e+00
2.773391520994378467e+00
2.883589026218214002e+00
2.322831652735913188e+00
2.360043144815838989e+00
2.501375628100459991e+00
2.573872413501348433e+00
2.453996349518082543e+00
2.333332388496573095e+00
2.479033959678225152e+00
2.085604928781427780e+00
2.502867870908451753e+00
2.952594228694298994e+00
2.570539702602489207e+00
1.935284989850535320e+00
2.803962819956701491e+00
2.484150388352579064e+00
2.509201036661425466e+00
1.870877806029285884e+00
2.305082438826020041e+00
2.800743141454728136e+00
1.932614128063058212e+00
1.851959952669411935e+00
2.347020902458039071e+00
1.853362913641682486e+00
2.385788303682284450e+00
2.272874521184578445e+00
2.440582466177885657e+00
2.094952624441893896e+00
2.622858093624616860e+00
2.806069409246117363e+00
2.796340530760236032e+00
2.925282814353087346e+00
2.654060318019981324e+00
2.029858963758222945e+00
2.318827395930792346e+00
2.593149561849600548e+00
2.616636846448250342e+00
2.429500811552152584e+00
1.893593491578207111e+00
2.711900199728330296e+00
2.686504466480808428e+00
2.648954246929280387e+00
2.590958491787676454e+00
2.549056945011029640e+00
2.565562311398239981e+00
1.750657224557089719e+00
2.424359977919970266e+00
2.326361244934773698e+00
3.029378959970458585e+00
2.253831613537361722e+00
2.579626425785869870e+00
2.155618396601010289e+00
2.570657118075769798e+00
2.333230091312498367e+00
2.424562775839863349e+00
2.273772926525365889e+00
2.330903379536344744e+00
2.389912159883743392e+00
2.103983814476817926e+00
2.764367227229464596e+00
2.426589605061000299e+00
2.131983554516983403e+00
2.560563210616402241e+00
1.982167906022906267e+00
2.434999561853620875e+00
2.646139486257618856e+00
2.299031182653646699e+00
2.676920060469389462e+00
2.013952894442684993e+00
2.491257726031334219e+00
2.067520332606841649e+00
1.725587003589214685e+00
2.292101545709090527e+00
2.812118505056331763e+00
2.573557915231853954e+00
2.559267971983159029e+00
2.007463974802097262e+00
2.466377880739251793e+00
2.107971876392945365e+00
2.172730229678711211e+00
2.588655009962601561e+00
2.997827110343988632e+00
2.020941053131055654e+00
2.251038195998432467e+00
2.068356033349074696e+00
2.270611441009667608e+00
2.214583896903102644e+00
2.565949990873617637e+00
2.002845128493853544e+00
2.523562324537234947e+00
2.591508895064670526e+00
2.309459234248704806e+00
2.223079875414238238e+00
2.204826584888462726e+00
2.426872256678437090e+00
2.335010375762266221e+00
2.224568435777563913e+00
2.699406854766969399e+00
2.802377024635550384e+00
2.647245665521948954e+00
1.958743719379166359e+00
2.032111776248305191e+00
1.778960608314091196e+00
2.341666161433880067e+00
2.040512001670766740e+00
2.354294744091733449e+00
2.344010021796537391e+00
2.202539452078070781e+00
2.443724765785704633e+00
2.294574576085412154e+00
2.224944440556522629e+00
2.075745187605001263e+00
2.543657296609418417e+00
2.007149360370100943e+00
2.557927589166803184e+00
3.005609643221722305e+00
2.184461800702995227e+00
2.444240564979351937e+00
2.052841007383599425e+00
2.333601275731435720e+00
2.455489674456549309e+00
2.305580917965137644e+00
2.153818786878789471e+00
1.799824332009800409e+00
2.157214722171630683e+00
2.752187369384366367e+00
2.439783035146177781e+00
2.300756718505584608e+00
2.442343880282525692e+00
2.347358072078818747e+00
2.048613694932128304e+00
2.178691933503905442e+00
2.268803694693560580e+00
2.538988087823924822e+00
2.291826115796464336e+00
2.434475387552131664e+00
2.596316333688773792e+00
2.845878479400419270e+00
2.423538664794156361e+00
2.363114979301328411e+00
2.580774538951098762e+00
1.726846166271763794e+00
1.877218879862962986e+00
2.394930479727813033e+00
2.409697216111962526e+00
2.375580149497867222e+00
2.492277606003939106e+00
2.035530620875451557e+00
2.771295277003838375e+00
2.332302984429157178e+00
2.790556692349354329e+00
2.230477721583756345e+00
2.653646210806771766e+00
2.091804097221801051e+00
2.311017145263055461e+00
2.699780290930350102e+00
1.716171204116752502e+00
2.735732878007212321e+00
2.685261749343331505e+00
2.041121368399323899e+00
2.473889519875863474e+00
2.280393595748708702e+00
1.996348069960108829e+00
2.607703611633888308e+00
2.015338525496215283e+00
2.371575604864135656e+00
2.803880228077486159e+00
2.182610478754017258e+00
2.517024970361426472e+00
1.890819901994988950e+00
2.408162288285650821e+00
2.440113917409739486e+00
2.548655660605174678e+00
2.593942486012859927e+00
2.382231943812841202e+00
2.126993648672892867e+00
2.711798516398152170e+00
2.286728475661274462e+00
2.783611564975446040e+00
2.258723503022608714e+00
2.595477788469622293e+00
1.901289314754658344e+00
2.461166910564663191e+00
2.548417112335710666e+00
1.935661539807221887e+00
2.839476533602851127e+00
2.343770842833852619e+00
2.666827264055223523e+00
2.792700406251200640e+00
2.557983855013017394e+00
2.162774528963582465e+00
1.839058697681326127e+00
1.961199652451445896e+00
2.167440263892352892e+00
2.262404455247602364e+00
2.624140087905310725e+00
2.495768508575202826e+00
2.615592274740845102e+00
2.705707358689663167e+00
2.449686144268129695e+00
2.140685012628907202e+00
2.114646104132048787e+00
2.363376713725549028e+00
2.537058899983738236e+00
2.518957196580699609e+00
2.785849988530430199e+00
2.781799727783168308e+00
2.516531454292027625e+00
2.096195591061775332e+00
2.220947335006840273e+00
2.113908495037150281e+00
2.265393412190495059e+00
2.875797622902722672e+00
2.255244054786287311e+00
2.927986125063646305e+00
1.958457338343999155e+00
2.421921762424496194e+00
2.276235986282179269e+00
2.752822195109724923e+00
2.429005787851059139e+00
2.242891807345079869e+00
2.128010133548786875e+00
2.476001629815416827e+00
2.113439026760842054e+00
2.460705619509599096e+00
2.846808374031707167e+00
2.374621330620638737e+00
2.398492580001864827e+00
2.702143647953214156e+00
2.567482608732001736e+00
2.697528691974039106e+00
2.323549362136664520e+00
2.364956104408899584e+00
2.925912962555704766e+00
2.416316597343018735e+00
2.149806253356674191e+00
1.918097877825434505e+00
1.802451901140531998e+00
2.394356829136265130e+00
2.440480648856554247e+00
1.724994227560702198e+00
2.415256746219344830e+00
2.100004708014834076e+00
2.607706483033408240e+00
2.504734115305764064e+00
2.752110063996942912e+00
2.685463499180066105e+00
2.273727010260077730e+00
2.092022317691607292e+00
2.053692150823615670e+00
2.625651740764366693e+00
2.392471044376086819e+00
2.104192614742370182e+00
2.636923574933764947e+00
1.894167176633803962e+00
2.345352897825727645e+00
2.481752994222372166e+00
1.890412273709534352e+00
2.159857527184989578e+00
2.182319721522672396e+00
2.643875414730846529e+00
2.419235131406968442e+00
1.809076328611094020e+00
2.633838864187027617e+00
2.467966270737162127e+00
2.715528327539789011e+00
2.851670068805129077e+00
2.166604935139278432e+00
2.235639823657332936e+00
2.576851925803282928e+00
2.856465514921183058e+00
2.090353381579878267e+00
3.043253116505256539e+00
2.690979178751975454e+00
1.717334190109363057e+00
2.534823793257404922e+00
1.832093976175730221e+00
2.479830004502789897e+00
2.151578610014999171e+00
2.309046286581251550e+00
2.064948204915212582e+00
2.720720743374380746e+00
2.864948725631841775e+00
2.297770668467972399e+00
2.843267358460146443e+00
1.940613985234429517e+00
2.550397845188451029e+00
2.142161776630955305e+00
2.775297267858103822e+00
2.196946804054818347e+00
2.389114177352469781e+00
2.921761333997551446e+00
2.653231235700700186e+00
2.583327075435409625e+00
2.433276148939788275e+00
2.695751802306764588e+00
2.271630248126580209e+00
2.581649574151945181e+00
2.717264383661520455e+00
2.492458715766810329e+00
2.319456214750985623e+00
2.810558310000900839e+00
2.714897769287080820e+00
2.443461628476414127e+00
3.016618056229329881e+00
2.414568750415495568e+00
2.714374071973647329e+00
2.446654204483927231e+00
2.475274144326546466e+00
2.684256234827526733e+00
1.864815359224989866e+00
2.693003617325599564e+00
1.881409353597917056e+00
2.396901536642139785e+00
2.480626941125042784e+00
2.626588358617431673e+00
2.612214903799309429e+00
2.508617838998033367e+00
2.420102460250754817e+00
2.015560040557706767e+00
2.715679212120596375e+00
2.479790086033829777e+00
1.872070117765440633e+00
2.452583227271174948e+00
2.754840107621612688e+00
2.504036622347582952e+00
2.142651490435052875e+00
2.701553318560350636e+00
2.449727911925822621e+00
2.096916268886477308e+00
2.363469930834277921e+00
3.046636745737508534e+00
1.879893857349963948e+00
2.842591555981743401e+00
2.334882875776177258e+00
2.353675582396870247e+00
2.122189766277969181e+00
1.800720421623646983e+00
2.796654493356784510e+00
2.394032222715132274e+00
2.792303331527753674e+00
2.786243502466993149e+00
2.441529375377477606e+00
2.595768126134108567e+00
2.375222054283559370e+00
1.990811027981788772e+00
2.146359154980657102e+00
1.933305953275420874e+00
2.421028562889111502e+00
2.210975648926117643e+00
2.430649855353056665e+00
2.190094673697629002e+00
2.236670055020169912e+00
2.087117084047793725e+00
2.488571230720930672e+00
2.869410318834390683e+00
2.684507853589810367e+00
2.245423085061405644e+00
2.858487455886645989e+00
2.088867229908475842e+00
2.308717075460088530e+00
2.300997125115325836e+00
3.010031543466122450e+00
2.567154502527205118e+00
2.526829529287236475e+00
2.609019583145265386e+00
2.375733762913210700e+00
1.978475702913474521e+00
2.492171294013133309e+00
2.273003075903254455e+00
2.344759192110715595e+00
2.447330216608381459e+00
2.373404586626972623e+00
2.393747097403934099e+00
2.725123569941942048e+00
2.035950440495281288e+00
2.133063802296507827e+00
2.386996005421694989e+00
2.055678186549103614e+00
2.048206056103381023e+00
2.680319675880549202e+00
2.158421851176394846e+00
2.384823143625499853e+00
2.391007415490173038e+00
2.212090219470360442e+00
1.872916499384903011e+00
2.978612578337737293e+00
2.455082913634109687e+00
2.777401044597209712e+00
2.435824768139232432e+00
2.098763612046978366e+00
2.233169434126631714e+00
2.227559479624062977e+00
2.132482453034644898e+00
2.877508292809732637e+00
2.169107813008809060e+00
2.452282309799288296e+00
2.863492243901082368e+00
2.292220495900194166e+00
1.925217692132340952e+00
2.501599593245778408e+00
2.445076343581499057e+00
1.804630875581219263e+00
2.710801520837230250e+00
2.798349891520375277e+00
2.436755337703231383e+00
2.318873619714994838e+00
2.349716245161480366e+00
2.118161950267333005e+00
2.368841013340615476e+00
2.714969980416964912e+00
2.251429984567441700e+00
1.875999790319227811e+00
2.641723129266088765e+00
2.188663790545732013e+00
2.101328668374827124e+00
2.802512674920619506e+00
2.549355959164064878e+00
2.114151404290530056e+00
2.713366939724145332e+00
2.786380247115011421e+00
2.462608396646698061e+00
2.193953249821896101e+00
2.007945752257095595e+00
2.180947961208008046e+00
2.440277483755123988e+00
1.876522890197654059e+00
2.732907189502119749e+00
2.317159110687541990e+00
2.443904946245203380e+00
2.915179381714538831e+00
2.638864181575336865e+00
2.413408870724166988e+00
1.969914945832264896e+00
2.941857929371007874e+00
2.485919859383552311e+00
2.346015808544047232e+00
2.864045373493674607e+00
2.535362426901621724e+00
2.336524079449003199e+00
2.112949769272518097e+00
2.366460763156498448e+00
2.232110048959623505e+00
2.121111308970609066e+00
2.374896722723603748e+00
1.974106261928314066e+00
2.554557174096037997e+00
1.901496011524951069e+00
1.956300778095391379e+00
2.104586905100397587e+00
1.925107863804007780e+00
2.633218658388883693e+00
2.731321569800372107e+00
2.495854554137605597e+00
2.237983417593351287e+00
2.140086810874122669e+00
2.109415857822102502e+00
1.959801181190200747e+00
1.910148155830962313e+00
2.637434423858674215e+00
2.964827455553577185e+00
1.852353821818643054e+00
2.007574635101705418e+00
2.263787469581052925e+00
2.050689225440674335e+00
2.562581548497159467e+00
1.944464683951225403e+00
2.159705855052578727e+00
2.657073555575008239e+00
2.361472600277235490e+00
2.192959656738821650e+00
2.739252766116653248e+00
2.301354453565813252e+00
2.367868567167767502e+00
2.627562920228343479e+00
1.908136549410675009e+00
2.108768410640786684e+00
2.623190177201072615e+00
2.472787216579548364e+00
2.851581150034822265e+00
2.024583437171045830e+00
1.902303146023188507e+00
2.125504150565677985e+00
2.375245004452573916e+00
2.712610084604218930e+00
2.132946877372387640e+00
2.383334031034519018e+00
2.707030552416112457e+00
2.629021321591414662e+00
2.469867070829196543e+00
2.216424922830285027e+00
2.928940710701237293e+00
2.618580373960245566e+00
2.696544779258913227e+00
2.204149994023796744e+00
1.926283640280253451e+00
2.591512156842861625e+00
2.574377854979043256e+00
2.408469517828310202e+00
2.164421288443585389e+00
2.374680004200185213e+00
2.592741851456672464e+00
2.190725922424145544e+00
2.484512737440358610e+00
2.513126465400727927e+00
2.310589762089622745e+00
2.502838683500240968e+00
2.659855363403315298e+00
1.769089174347374227e+00
2.583325936049998273e+00
2.454710912898879105e+00
1.961680488886523799e+00
2.825625899766861515e+00
1.683758036512227108e+00
2.549172174628082210e+00
2.668869753737649564e+00
2.257323022859992534e+00
2.110336222121639516e+00
2.764267667018922126e+00
1.928415040422724491e+00
2.372949371318953116e+00
1.927875321149446597e+00
2.974460103525214283e+00
2.497342289657884962e+00
2.892723498722814757e+00
2.860552781945566725e+00
2.291745446228784289e+00
2.306610369745659916e+00
2.311460794052151435e+00
2.570588939176467136e+00
2.556565625469908731e+00
2.383165700820732535e+00
2.649580998665827192e+00
2.116533016005353929e+00
2.496328223407417557e+00
2.627036099821641546e+00
1.903921069968548485e+00
2.241968961400549354e+00
2.178752461764982051e+00
2.042308838291530204e+00
2.494377039355788028e+00
1.937967050803379276e+00
2.125709749007143046e+00
2.335861751594865421e+00
2.377742351173955715e+00
1.731654233223569372e+00
2.694991644921182594e+00
2.342842724110663521e+00
2.138773435521191146e+00
2.393957334685338889e+00
2.633267399321010060e+00
2.221104732659351377e+00
2.504294232617642280e+00
2.175010309981360024e+00
2.642861536567626679e+00
2.407235240373171159e+00
2.218384339556195073e+00
2.311705631963156815e+00
2.538746911712881804e+00
2.749588797767062331e+00
2.254841519797329052e+00
1.972254312359126516e+00
2.207668253086247478e+00
2.906375391249051976e+00
1.902902347603683486e+00
2.104924051139537511e+00
2.218299694675978539e+00
1.945806374649013959e+00
2.060331762642865883e+00
2.731444454260961052e+00
2.070559063543717215e+00
2.612944341764749545e+00
2.444264222515602381e+00
2.695072342671884780e+00
2.381380817474485045e+00
2.891112688476537684e+00
2.306792402084631544e+00
2.820899941608646433e+00
2.384198481733392327e+00
2.276369309796668183e+00
2.355677422201642113e+00
2.778715660145933519e+00
2.627499042606973756e+00
2.196182531671841964e+00
2.395445008456200675e+00
1.768520684477094429e+00
2.403500681955926144e+00
2.226391119208166014e+00
2.872393500357769636e+00
2.350336789611317201e+00
2.481729317782879196e+00
2.597258381191320797e+00
2.490533474607826925e+00
2.549509381866425173e+00
2.781047112482304851e+00
2.661019860988811825e+00
2.041731197802724829e+00
2.616996913242748413e+00
2.366129355400946821e+00
2.538743434409153732e+00
2.102463436902776817e+00
2.666996472556086406e+00
2.009802141225220495e+00
2.568951171850594850e+00
1.934150932101851073e+00
2.533461214810968976e+00
2.511136657425532270e+00
2.051455528870777645e+00
2.403083631843088597e+00
2.146427417570425433e+00
2.781109202454481899e+00
1.810783507583045182e+00
2.518987429647148613e+00
2.068219146028039468e+00
2.860703463738991204e+00
2.746071417257609060e+00
2.453790398428261632e+00
2.019023955891870337e+00
2.707317294363624782e+00
2.414847199463988403e+00
2.044311995478346411e+00
2.589858679178113299e+00
2.060663624319307274e+00
2.385996473473341872e+00
2.301548786534433066e+00
2.899550949836093849e+00
2.818954228308680587e+00
2.621473586117808896e+00
2.374478272638886889e+00
2.296579359126626585e+00
2.811597673053384483e+00
1.869637737501397501e+00
2.255319543544055616e+00
2.454602688441412717e+00
2.661960061915813469e+00
2.226276628881673325e+00
1.795715486435139674e+00
2.602522196124822162e+00
2.534280039885217217e+00
2.190990385075814117e+00
2.647858086841195391e+00
2.714850547179162632e+00
2.176419940575882173e+00
2.414380486758842093e+00
2.430403088678605883e+00
1.904773211742924799e+00
2.091315402863823003e+00
2.547974815821822503e+00
2.140200735604102178e+00
1.894504310649457235e+00
2.026544447902028256e+00
2.021634804353139359e+00
2.572988054045389550e+00
2.674090414693468976e+00
1.889165040152372743e+00
2.461439333238778282e+00
2.542505300888492581e+00
2.525462596611350641e+00
2.592245677419404259e+00
2.246155376662026804e+00
2.190675469548495791e+00
2.251904053233450664e+00
2.484626300220441397e+00
2.849180679691794893e+00
1.974573814774539304e+00
2.447665219867676267e+00
2.676710485629461900e+00
2.734492975126039838e+00
2.719954929890683992e+00
2.066456327974634632e+00
2.844017494838015470e+00
2.326171683101494914e+00
2.140270362169163221e+00
2.535968926548448188e+00
1.927410346397341323e+00
2.144152392214029756e+00
2.261293440348105310e+00
2.719115929363430162e+00
2.489900226428693131e+00
2.120676241861410460e+00
2.542479631312426491e+00
2.668101476728140575e+00
2.473533528015594563e+00
2.148669920334117744e+00
1.778935540494724465e+00
2.548552925852335171e+00
2.350822338110530652e+00
2.294193055204827747e+00
2.718565555700957592e+00
2.563884894278343651e+00
2.501501081583400232e+00
2.620357403575691357e+00
2.546572477308240323e+00
2.466052912256508023e+00
2.569349206990971801e+00
2.848503547086033372e+00
2.091664332906411961e+00
2.174142012131568880e+00
2.185676087762985276e+00
2.131389910357445405e+00
2.051190974996409455e+00
2.602383515825120508e+00
2.185442297962893132e+00
2.442115287419099889e+00
2.594771959675925999e+00
2.248460177939819005e+00
2.619973260512201030e+00
2.052179390926903046e+00
2.420766431737131352e+00
2.610452312657327134e+00
2.593763344020116435e+00
2.192255600828562301e+00
2.950573480199078169e+00
2.689502837799628399e+00
1.696020178903736575e+00
2.465482598724082486e+00
2.431255035100067907e+00
2.035531324711522316e+00
2.537109102731129440e+00
2.438478041964455834e+00
2.201153647995771401e+00
2.350038116823496281e+00
2.738874885386399782e+00
2.588145742295580920e+00
2.978493458384170456e+00
2.848192438175515928e+00
2.175240348874823759e+00
2.402058754160227849e+00
2.354182891471884531e+00
1.946590444283178734e+00
2.274157955487207783e+00
2.545996129207593661e+00
1.791857131008094184e+00
2.685628642025888801e+00
2.608327307289243890e+00
2.389435823691441474e+00
2.116799758031423728e+00
2.353240084701273993e+00
2.146087180265874750e+00
2.366914246041304626e+00
2.737123542820047994e+00
2.316465534578859842e+00
2.393427147961157964e+00
2.628991570481943540e+00
2.361667782855554343e+00
2.340025488679230659e+00
2.183421032521661864e+00
2.785833125323676107e+00
2.686574360099289294e+00
2.248512803062705512e+00
1.955369855279687430e+00
1.912709196771510189e+00
2.892081446223571106e+00
2.295684577672317594e+00
2.362051892125326624e+00
2.043199476785097612e+00
2.108736284245118497e+00
2.848538474435842183e+00
2.688334649335582860e+00
2.111946879944991196e+00
2.448798326768431011e+00
2.143208013062656292e+00
2.272472773585284322e+00
2.805534481699160310e+00
2.073268224028473661e+00
2.942642464525189627e+00
2.095689614739468798e+00
2.324812930530246735e+00
2.305144005593389611e+00
2.371142323707517985e+00
2.310519990226683529e+00
2.481536080333008876e+00
2.346240123214330620e+00
1.944817246454310977e+00
2.436871267672713337e+00
1.905723638123095975e+00
2.479289035601823787e+00
2.305129639769566197e+00
2.652157911764537079e+00
2.033045293416876120e+00
2.847754637547553536e+00
2.735068835799845388e+00
2.936952109722315019e+00
2.693610110840186866e+00
2.161495264111215064e+00
2.337639548699820491e+00
2.319720847120619212e+00
1.877840474144079952e+00
2.156117827584926872e+00
2.277191093879299633e+00
2.420060925052502032e+00
2.561330053976234034e+00
2.010150804520681511e+00
2.343929962267652378e+00
2.578879757075076995e+00
2.159575659186094398e+00
2.574210790580145236e+00
2.752419691742716612e+00
2.470638164316691920e+00
2.571192172814058097e+00
2.495108186761085367e+00
2.160546267006064447e+00
1.769202768833795236e+00
2.560550840604248535e+00
1.805199438236900544e+00
2.597608038671580744e+00
2.261944259330556317e+00
2.121202124534410594e+00
2.239637835785353470e+00
2.180377861553747909e+00
2.698826561374943811e+00
2.232062753535570376e+00
2.680628587448310896e+00
2.267294055017525789e+00
2.615505557462178388e+00
2.583429077933091289e+00
2.540814628064151481e+00
2.350582877043048580e+00
2.300409722236853582e+00
2.154159083357265470e+00
2.128285868077817611e+00
2.281145526423336456e+00
2.468582775438981081e+00
2.277262483103247526e+00
2.062328857052575515e+00
1.961502768649785899e+00
2.457337321450746792e+00
2.660782156917063546e+00
2.618097183727643884e+00
2.634068094334099275e+00
1.771597438338943009e+00
2.355322234399002124e+00
2.157169980473575777e+00
2.258086252068449262e+00
1.983847286146787292e+00
2.783324580250107871e+00
2.040778915106897351e+00
2.533552730085086857e+00
2.457462938657428264e+00
2.814841693676849221e+00
2.471975969502831827e+00
2.241464230835173321e+00
2.585883961163187195e+00
2.235435974296906103e+00
2.070355577511318934e+00
2.678646064955458428e+00
1.809178120843910387e+00
2.017999667055206725e+00
2.598185556065429225e+00
2.505655193626230570e+00
2.008372940079207858e+00
2.759535630440152598e+00
2.330676767113759595e+00
2.976031102479598012e+00
2.137666641855751504e+00
2.422006687514710599e+00
2.212902596423468538e+00
2.766519426497164424e+00
2.852038943132734872e+00
2.408582042261237177e+00
2.155150591963515883e+00
2.426890184688290653e+00
2.722642036678101007e+00
2.458318111999826527e+00
2.158147041642226593e+00
2.516315577003373605e+00
2.523098715615210708e+00
2.528149331119518894e+00
2.538880584773044458e+00
2.553367810506448343e+00
2.586578474205322831e+00
2.228803651162614141e+00
2.585785020986568039e+00
2.028436262937999945e+00
2.351704695854065719e+00
2.108848631831826470e+00
2.334134198764101775e+00
2.324403912649930071e+00
2.792308033091951636e+00
2.566050422078427040e+00
2.868690673216396370e+00
2.361000111823021719e+00
2.087633734356667325e+00
2.309213779671067002e+00
2.589616613691409608e+00
2.180993410766108198e+00
2.613481440729211513e+00
2.368594989671453099e+00
2.508700867464777495e+00
2.432981650458795997e+00
2.502172817602871469e+00
2.228403205734968751e+00
2.421646619374809184e+00
2.151803588416608903e+00
2.494320455638165068e+00
2.810921360979669714e+00
2.574929810016874487e+00
2.308509031010283596e+00
2.023294764670175105e+00
2.199396972185196475e+00
2.713299263805201367e+00
2.477659005733058528e+00
2.294194782422227519e+00
2.145633047022513118e+00
2.784247811531930683e+00
2.191231132580607532e+00
2.781559772477586456e+00
2.562286360303713373e+00
1.792054933485113466e+00
2.181192177187833536e+00
2.244861744575180840e+00
2.430262363198139042e+00
2.100046376196743836e+00
2.256191718710906180e+00
2.542963420180447187e+00
2.372009858692751383e+00
2.587145008272819791e+00
2.737171920879685860e+00
2.309186797214435760e+00
2.561709873587181274e+00
2.119932655506445496e+00
2.807326524891904818e+00
2.527367163907771719e+00
2.235071898175470029e+00
1.946633338499469179e+00
1.915322210451839702e+00
1.919462302407390908e+00
2.722431912968523715e+00
2.557613570474782883e+00
2.207753555213854746e+00
2.088902291367133124e+00
2.236312997081963516e+00
2.369446742849065313e+00
2.551622660658785513e+00
1.774692982963471444e+00
2.486155050402526712e+00
1.918003917954687942e+00
2.334369822888137769e+00
1.824202849108758295e+00
2.666654038328505116e+00
1.986778082383693134e+00
1.949336981084363707e+00
2.551896424529284779e+00
2.565440807626274911e+00
2.092347340026818436e+00
2.349960941344458654e+00
2.313432898893919898e+00
2.232182657488953836e+00
1.919632156386029465e+00
2.289423619594685544e+00
2.557479963882481222e+00
2.562566584755017196e+00
2.395512298971552045e+00
2.764320353433337374e+00
2.382083962989493209e+00
2.040790972935301983e+00
2.474491068108244818e+00
2.495044243550354590e+00
1.874680820152428540e+00
2.102848766540028613e+00
2.514721000222794434e+00
2.500490981474418284e+00
2.061873198113671535e+00
2.427838781490684106e+00
2.019987564600540519e+00
2.689771016051693220e+00
2.731656332827547828e+00
1.933048393661094710e+00
2.489385889816412512e+00
2.391656850335386775e+00
2.700016475487092560e+00
2.482358192451274981e+00
2.643430838821531736e+00
2.713782790272813106e+00
1.707622933189874015e+00
2.330278670866722024e+00
2.658449057070033206e+00
2.674528924127859142e+00
2.609326778025361726e+00
1.695915580396758493e+00
2.086856173570905248e+00
2.101300660805859088e+00
2.322854072624757737e+00
2.503411028107222158e+00
2.640721806022223284e+00
2.668648207473347522e+00
2.265242703107537281e+00
2.896642986508885631e+00
1.648086437506050439e+00
2.816941614417595829e+00
2.250139473257064537e+00
1.966533081352421330e+00
2.278029258415177338e+00
2.117228743695256377e+00
2.573895622321229038e+00
2.873471353206333401e+00
2.115024930684589854e+00
2.089157523195014576e+00
1.939372504637585370e+00
2.385727946232886865e+00
2.336209675038566580e+00
2.790053021840442238e+00
2.088275195792900885e+00
2.818471293659471133e+00
2.220109657280020965e+00
2.375957179762366422e+00
2.101649963065222337e+00
1.873809540849566524e+00
2.761216529050103397e+00
2.486106934781692424e+00
2.391605294653011526e+00
2.345487046121731201e+00
2.693731962659243528e+00
2.244441175833002067e+00
2.665191348828697571e+00
2.109518160985577317e+00
2.029159141145470358e+00
2.134954000522492290e+00
2.438347841948867778e+00
2.246817478226515341e+00
2.064348283115784444e+00
2.976946291982796478e+00
1.890738553637248742e+00
2.646688303920193608e+00
2.517740590643381182e+00
2.473540227732226704e+00
1.740041661072855739e+00
2.380967588513234645e+00
1.862153645967984161e+00
2.018262728087938385e+00
2.108235172039885974e+00
2.173771458574347282e+00
2.472644087590774031e+00
2.182796744310490311e+00
2.273147016060788950e+00
2.364843176327405594e+00
2.311594056527516816e+00
2.603914794053481252e+00
2.110939859862938306e+00
1.972038904856825203e+00
2.042671975957317532e+00
2.174560994778843792e+00
2.249190909088101265e+00
2.606243461296904318e+00
2.409038050423792043e+00
2.655110730081113424e+00
2.509550767946358008e+00
2.441125490264890452e+00
2.299191481669779158e+00
2.458270022617439210e+00
2.755791359597395740e+00
2.350077573866510061e+00
2.260902812264413253e+00
2.059725267310699159e+00
2.513874883007950256e+00
2.685374690297376077e+00
2.555861437543205827e+00
2.729223487844000928e+00
1.729990422081049584e+00
2.719521156111079030e+00
2.349923347898830173e+00
2.526155217292736843e+00
2.331182352122036949e+00
2.311359049271138222e+00
2.008519752629110755e+00
2.526231621685453899e+00
2.023677883565303759e+00
2.490663923289824222e+00
2.616988031653818325e+00
2.385241160938497362e+00
2.282164419039703684e+00
2.516123694195764315e+00
2.395883547145396975e+00
2.787760906023190266e+00
2.290690461462565608e+00
2.477023179757948945e+00
2.530207729134482442e+00
2.842550202232800416e+00
2.728609339248953436e+00
2.160537455475643132e+00
2.652941040983029186e+00
1.774751501935595943e+00
2.583928741920481276e+00
2.282536980869013910e+00
2.519502145658887748e+00
2.832531050690596519e+00
2.507473271190310271e+00
2.261035691148147286e+00
1.650217182732462096e+00
2.899364713742144772e+00
2.393031646360611830e+00
2.240516112180745090e+00
2.407277808942882569e+00
2.970942467979854840e+00
2.445410040703268173e+00
2.566219715138139179e+00
2.498736456582793863e+00
2.652015815042291447e+00
2.987733929804151867e+00
2.241488829988988130e+00
2.603486130019856404e+00
2.703538536666203917e+00
2.605092145302777773e+00
2.123395459057162427e+00
2.309043644430230469e+00
2.223815168984770274e+00
2.352474930571652134e+00
2.676835689721102973e+00
2.396238917900765486e+00
2.700161150518416431e+00
2.620001406863565308e+00
2.647870147318478473e+00
2.786283702499595005e+00
2.650621288371225681e+00
1.749175112221226014e+00
2.477246391645091528e+00
2.190624298310295703e+00
2.492124005077953619e+00
2.458745166827878137e+00
2.025032646985755136e+00
2.259450571821805198e+00
2.616774819551844544e+00
2.664539535588292374e+00
2.367976506412651894e+00
1.849008253835715321e+00
2.566671944359582902e+00
2.801055927529982448e+00
2.428916511574492176e+00
2.645798942286593292e+00
1.969553329367794703e+00
1.661818778602202284e+00
2.211094812769849316e+00
2.364553254002921712e+00
2.515500357985986923e+00
2.506924799701923057e+00
2.283169551927941576e+00
2.366022879924264632e+00
2.721937535699208599e+00
2.252148268387131225e+00
2.409237857874128697e+00
2.052941905360803343e+00
2.869741828604678080e+00
2.019438530152195099e+00
2.158446539011272591e+00
2.357486328177887280e+00
2.406101200762543968e+00
2.753244747199468101e+00
2.229047954229658846e+00
2.642659706098594796e+00
2.394086949124468955e+00
2.079021823769632960e+00
2.330214802949693187e+00
2.560526588496477629e+00
2.745089866831886383e+00
2.605583490979023420e+00
2.075587806531364876e+00
2.673298155427121792e+00
2.064175562128071739e+00
2.684309723782710044e+00
2.778275044257499715e+00
2.529723734493288134e+00
2.621029987273109541e+00
2.908482949857877919e+00
2.608029089979044812e+00
2.533284712739483524e+00
2.126357334497686935e+00
2.653853746825445281e+00
2.553033575725929261e+00
2.227251191750758252e+00
2.876184146200897906e+00
2.661283331780099903e+00
2.102946816118718143e+00
2.674155007788583394e+00
1.963623552703058994e+00
2.433499988596103503e+00
2.763675720330593943e+00
2.093838544988183337e+00
2.069858598793676840e+00
2.099447428937874172e+00
2.118484092234641736e+00
2.398949413952037535e+00
2.100250152597110453e+00
2.657735475331003627e+00
2.019713190007992765e+00
2.177202287736686337e+00
2.173763376124884239e+00
2.761661648368634481e+00
1.919823158161815257e+00
2.174174209742262054e+00
2.296575182898429102e+00
1.746134200886084509e+00
2.548118321358575855e+00
2.343592078759235253e+00
2.255576635225212900e+00
2.339193761482540879e+00
2.155163243102049542e+00
3.097017771690969479e+00
2.480624890040713737e+00
1.977536971131241161e+00
2.765093322849007773e+00
1.934536796437883677e+00
2.331060168418034984e+00
2.540914620695299497e+00
2.691289990199869031e+00
2.207125750185772173e+00
2.467157323873697017e+00
2.452527397391417896e+00
2.683612154272421613e+00
2.421758302977762067e+00
2.347725807869553982e+00
2.346207312524311028e+00
2.403139206545708895e+00
2.078577797426619522e+00
2.109132065950047874e+00
2.262785100333407406e+00
1.925210130819996257e+00
2.141288554029800117e+00
2.506988923189743979e+00
2.200297176400384913e+00
1.685820078215505058e+00
2.103511380397237396e+00
2.219396541079023955e+00
2.580796609811462083e+00
2.365746089602931423e+00
2.314675544540713226e+00
2.804706554187049949e+00
2.276536554053894434e+00
2.853545650104182041e+00
2.526919650369515491e+00
2.183645951741479685e+00
2.629367833927912734e+00
2.988741268198206402e+00
2.000490478077539436e+00
2.362437324580186626e+00
2.188834801792234774e+00
2.672651210831373803e+00
2.437307876601348955e+00
2.777600132772001018e+00
2.309703180639317122e+00
2.542908551248634907e+00
2.411659785031687875e+00
2.284685971716155617e+00
2.659082308786596016e+00
2.709140255764969307e+00
2.095679514381430852e+00
2.179984413865597936e+00
2.132194917394793165e+00
2.282890700798574812e+00
1.884086896510342557e+00
2.034790634966674006e+00
2.405287826303378118e+00
2.890892722088253208e+00
2.502986345323153117e+00
2.817453361787213506e+00
2.641602161386466197e+00
2.589470282169671567e+00
2.616293902900259649e+00
2.350947371798022711e+00
2.719166936478469410e+00
2.905381783988763900e+00
2.573815001904124600e+00
2.688045421423624681e+00
2.797916007559137164e+00
2.058565636156744816e+00
1.964604015646381985e+00
2.244260806069997116e+00
2.049698506745997406e+00
2.707341548624084826e+00
2.448228806995810469e+00
2.384561564755048657e+00
2.891434674888188283e+00
2.463447268474836971e+00
2.371915088188440546e+00
2.435031730123056182e+00
1.996291620257034438e+00
2.251743427207595794e+00
2.067618663520144562e+00
2.610679443438865377e+00
2.663649728389697380e+00
2.364793427668546943e+00
2.291464092723737522e+00
1.917978238785313483e+00
2.722897057591827430e+00
2.537248469012884922e+00
2.587287656040007988e+00
2.645362260630620632e+00
2.219706653854237821e+00
2.281534518817833312e+00
2.537746659797583071e+00
2.101849221140795088e+00
1.792579173713731544e+00
2.551462141342572654e+00
2.771628910289514636e+00
2.503547560261151439e+00
2.152348931297814794e+00
2.680534057037244899e+00
2.672770105641664617e+00
2.234467238377939591e+00
2.639996388895154311e+00
1.991743155751266148e+00
2.058096824059087560e+00
2.023975711362420604e+00
2.093536236351001278e+00
2.309105556441091167e+00
2.849570772315347611e+00
1.871608323630223891e+00
2.619918701890458390e+00
2.200205641972795778e+00
1.823404005452835097e+00
2.053978785111358007e+00
2.340860627641410119e+00
2.455598220329131554e+00
2.561366296731739212e+00
2.595365435390911468e+00
2.018343828286116803e+00
2.429415531765275471e+00
2.374722593208752563e+00
2.289669353762901594e+00
2.141211979175887237e+00
2.007061892261136293e+00
1.719304516443182829e+00
2.492579537727908079e+00
2.651443171941919807e+00
2.699423657370342067e+00
2.058912489740234442e+00
2.878596476451795727e+00
2.020338913057649677e+00
1.993656615127127552e+00
2.778085960417948197e+00
2.739059320961744426e+00
2.404500271446686543e+00
1.807088561527127268e+00
1.922836227109610219e+00
2.067325868867972094e+00
2.381679966006263527e+00
2.269216298438358592e+00
2.769048067290245996e+00
2.181983251612110486e+00
2.748565165492811158e+00
2.241500718065310149e+00
2.320349519954179929e+00
2.952648845280248402e+00
2.703512947259606669e+00
1.949214718474163943e+00
2.674168438044603580e+00
2.750926213429625289e+00
2.419430219445367403e+00
2.236071522861904359e+00
3.020364373274233127e+00
2.356385953275632161e+00
2.798522825334157194e+00
2.238351982649206207e+00
2.199045019282141133e+00
2.859564055505035896e+00
2.511524931322405951e+00
2.416054581157565551e+00
2.433606528975431615e+00
2.023250464067380072e+00
2.830348532854904953e+00
2.157514892620021829e+00
2.394891024841103722e+00
1.771386480272053365e+00
2.522171980005556424e+00
2.677283163761167817e+00
2.259376105171615912e+00
1.896905030691463212e+00
2.402242003895374012e+00
2.332581976758795861e+00
2.647424203845174517e+00
2.087243130892359577e+00
2.481611628390895330e+00
2.386784550983860775e+00
2.456731447870240004e+00
1.833505657035371605e+00
2.251187615728974301e+00
2.154216992673490871e+00
2.253169957975198479e+00
2.456374013907577591e+00
2.620990986825523006e+00
2.759650208344642142e+00
2.226184348192673301e+00
2.432433992527888833e+00
1.971810400572445499e+00
2.842931108807797091e+00
2.894910825757742501e+00
2.795958813444002100e+00
2.318344461695712511e+00
2.481698200457081782e+00
2.314492246737915426e+00
2.217217985617723208e+00
2.339380996034595039e+00
2.352127558278521491e+00
2.204985694028177345e+00
2.576914938488628959e+00
2.051504074423489143e+00
2.727024015568569659e+00
2.818028933469608699e+00
1.895531245672643195e+00
2.690890513267540918e+00
2.216877338958961108e+00
1.894447511176412524e+00
2.622593206567744417e+00
2.192957297958069596e+00
2.378755695094247002e+00
2.770353720054878011e+00
2.547109225296961377e+00
2.826466116237122961e+00
2.315788236164054936e+00
2.048609253960812282e+00
2.449159606075315576e+00
2.318426671645525516e+00
2.844399638871822678e+00
1.888002317035347266e+00
2.189435821495612444e+00
2.006636609282635320e+00
2.443109892806446304e+00
2.317466479900274212e+00
2.072088848076576895e+00
2.410833047586721456e+00
2.601251663293369543e+00
2.053073103716426040e+00
2.536857653174275917e+00
2.385131722485017480e+00
1.619007789343008374e+00
1.969982079829507127e+00
2.427279175529846622e+00
2.551470362362628030e+00
2.785376638716002606e+00
2.483765360844724768e+00
2.310651038289578185e+00
2.146314051048743732e+00
2.461457459563222816e+00
2.470347320025145788e+00
2.478763729507383218e+00
2.391680097790644943e+00
2.715679238012657759e+00
2.127545493293844903e+00
2.861531456012301966e+00
2.190520078748718902e+00
2.636411780154968021e+00
2.730023792046935238e+00
2.613288315863099065e+00
1.837176194969061704e+00
2.163078549976709120e+00
2.145910784884399014e+00
2.771831307445974613e+00
2.100617223926153354e+00
2.277687629143511305e+00
2.495126129294960915e+00
2.458086048863255879e+00
2.426394564991272151e+00
2.487064785842306502e+00
2.249614729432344085e+00
2.381554552767144450e+00
2.589544080432006457e+00
1.793477966603528762e+00
2.627695152159287062e+00
3.125933591347680007e+00
2.344528011436799009e+00
2.406066590665535632e+00
2.260637579923574503e+00
2.507920740572548102e+00
2.809363873242995080e+00
2.388995750634744120e+00
2.223280271130269714e+00
2.369905274325805777e+00
3.013157220681218273e+00
2.515415814308427755e+00
1.940315908120428423e+00
2.292866051407799421e+00
2.212109706142019405e+00
2.283034187601369780e+00
2.267073065655727415e+00
2.201388999574165339e+00
2.253530373636824180e+00
2.655898359277816034e+00
2.172865985592459470e+00
2.080723019920970973e+00
2.608561660127595161e+00
2.098390941502471740e+00
2.384295381408039649e+00
2.278236842204935719e+00
2.828676451404020575e+00
2.071558386194439549e+00
2.206991262473294135e+00
2.023696755318441731e+00
1.984878046448218747e+00
2.446900329312089006e+00
2.810069053590225074e+00
2.605133309967607502e+00
2.197116451985777541e+00
2.448152482500912885e+00
2.446708756845412225e+00
2.248387059280258171e+00
2.385929145054653588e+00
2.747783013494790261e+00
2.399880713211451244e+00
2.011656642914155135e+00
2.349919284401580377e+00
2.020818941776885591e+00
2.028770199134882546e+00
1.978530798968201943e+00
2.329930310657951864e+00
2.585226128753062458e+00
2.864554146495899012e+00
1.855209706480507315e+00
2.436522560187381892e+00
2.716026558591638995e+00
2.522109851522544854e+00
2.123047567960135940e+00
2.766443743547172485e+00
2.730663637733390825e+00
2.356315823792461295e+00
2.505917378199322698e+00
2.057729076949412317e+00
2.002409691464933861e+00
2.124976444449975688e+00
3.045414855297978729e+00
2.013638055109604252e+00
2.125422046736665571e+00
2.315062947529893833e+00
2.248540446409582838e+00
2.523621868055488715e+00
2.754422051727647869e+00
2.253007818234121551e+00
1.973458377600172176e+00
2.555371512811562607e+00
2.446702118593719000e+00
1.928114362368762880e+00
2.147085449578403082e+00
2.602697950742058453e+00
2.267911642221230650e+00
2.472760390526864693e+00
2.613037837989360845e+00
2.545752306150265376e+00
2.714914828425114557e+00
2.178667348673441140e+00
2.371678231308411267e+00
2.124459818253482624e+00
2.613880432397496456e+00
2.426104639681566866e+00
2.475814238005477286e+00
2.771918678146732873e+00
2.687250475230697599e+00
2.317369066554303636e+00
2.722091461938098256e+00
1.768915966685225882e+00
2.233685231057498832e+00
2.467711761511276691e+00
2.385892313190914216e+00
2.596799088837476788e+00
2.890043463907065124e+00
2.774006285573422215e+00
2.196049083945115221e+00
2.784252644039208580e+00
2.239098498022359163e+00
2.628809493019832466e+00
2.691103652256208179e+00
2.203258764816983017e+00
2.290181878236108748e+00
2.822266087984898419e+00
2.315667029015535228e+00
2.162560798444340016e+00
2.414932898028203212e+00
2.287516716574496733e+00
2.174608729141974006e+00
2.384433935850385211e+00
2.713690426099979902e+00
2.226694818078234661e+00
2.151450774670895516e+00
2.040393451759599408e+00
2.046994020520204405e+00
2.657768600862290498e+00
2.409063146826149193e+00
2.387728929484311369e+00
2.346920824253647453e+00
2.687648115107642344e+00
2.735310646287000491e+00
2.457490012440314509e+00
1.965275132216685039e+00
2.650092826979265404e+00
2.128808478916050184e+00
2.359705608553343215e+00
2.076842715070720491e+00
2.576146545646076813e+00
2.923505430244899728e+00
2.551145359239956889e+00
2.709666598821716121e+00
1.914230639440516413e+00
2.293393747225260793e+00
2.927104621887534286e+00
2.340562924574257853e+00
2.526676751734250104e+00
2.596026799684411301e+00
2.244602294982674717e+00
2.774374048985675412e+00
2.167924416259199738e+00
1.866541807719900303e+00
2.710331615608108979e+00
2.000186402265626384e+00
2.287702474973108746e+00
2.063547379066497101e+00
2.743433381439155383e+00
2.010065777707517043e+00
2.600624693959087352e+00
1.693664645827563042e+00
2.402529707982151486e+00
2.449761899355086925e+00
2.260108969096674247e+00
2.120320791190202225e+00
2.132559473836940445e+00
2.266562290411598735e+00
2.393126789804455701e+00
2.227151672918376235e+00
1.879803042687060000e+00
2.387705767835917037e+00
2.474069525016095561e+00
2.896397442227367058e+00
2.401850827250151088e+00
2.655616824350855776e+00
2.498734586277863379e+00
1.959903249552587434e+00
2.399155749812580396e+00
2.756735817800775923e+00
2.580202738272888929e+00
2.625707821208702608e+00
2.731207082817433740e+00
2.513008766025639495e+00
1.959283512773457803e+00
2.440898447711222552e+00
2.515513556941826323e+00
1.923501408733342410e+00
2.310020998952621696e+00
2.507903293664382804e+00
2.829560338057685254e+00
2.115419704764283537e+00
2.024207162629934054e+00
2.566518413249929687e+00
2.986827829138178458e+00
2.358040455705139316e+00
2.021986908580819531e+00
2.634117285917976226e+00
2.432054508030697892e+00
2.326947672012702473e+00
2.522412205166308041e+00
2.966028879873294777e+00
2.127605840575748530e+00
2.542185550942615890e+00
2.369157342151987145e+00
2.609930450712668826e+00
2.554337044679229063e+00
2.463525620956899420e+00
1.691129012153715694e+00
2.512192732659170424e+00
2.597291529085708373e+00
1.884399561369720200e+00
2.231570506517919217e+00
2.535742486089693326e+00
2.022277500683175244e+00
2.633000538802747315e+00
2.791594831670069610e+00
2.513175666937021546e+00
2.563775322324267414e+00
2.445914731034545042e+00
2.676288465573906095e+00
2.416465545890396971e+00
1.688674462605522786e+00
2.849988018125960032e+00
2.406333511404617820e+00
2.425743579744237710e+00
2.221200944160898416e+00
1.854164074932387773e+00
2.318076825419301379e+00
2.011451323172889438e+00
2.115397828674333347e+00
1.939566571560824570e+00
2.735346060179004279e+00
1.915543654512862792e+00
2.883838865104179749e+00
2.213320379153146611e+00
2.733385944836951076e+00
1.748224454225393520e+00
2.505261632518679171e+00
2.060520592236740889e+00
2.510315352124505406e+00
2.595585656135061647e+00
2.048600452748075895e+00
2.579937768475620619e+00
2.726949519246273379e+00
2.083730400678572181e+00
2.452117520143889173e+00
2.464029160567044130e+00
2.479658277108261366e+00
1.925616060268645846e+00
2.597076201819433550e+00
2.786946419364861871e+00
2.419468088753326640e+00
2.325601440674795573e+00
2.286872295956467571e+00
2.151020244444571183e+00
2.023169147191055561e+00
1.864396211255777924e+00
2.340068667019209681e+00
2.679530733571144463e+00
2.099350517352170264e+00
2.336188709219163329e+00
2.214976426602677684e+00
2.347873421808966299e+00
1.804761751829900840e+00
2.285492540952090756e+00
2.612186374775490982e+00
2.220389910040039272e+00
2.488658961225672428e+00
2.234137959128770667e+00
1.987305858613485077e+00
1.950619546868010534e+00
2.010558506063816253e+00
2.008316565851983704e+00
2.153706574753427638e+00
2.623145251848460813e+00
1.841610638256727661e+00
2.153102389284924811e+00
2.484555319901585513e+00
2.027921436764685836e+00
2.141973440259483219e+00
2.363913761968692739e+00
2.323769729963014452e+00
2.027758098931873310e+00
2.589793501626210137e+00
2.139342145206292400e+00
2.192796410223710968e+00
2.333968845391140245e+00
2.357920729442750662e+00
2.618953326024094252e+00
2.363278306581027000e+00
1.743614565281917272e+00
3.012701928212518254e+00
2.335601257345993886e+00
2.608890804158600751e+00
2.358740655755866111e+00
2.852235808562165076e+00
2.535166875647327345e+00
2.420143510928914221e+00
2.170788452797288937e+00
2.163865956062161811e+00
2.483414006976069288e+00
2.753978179378831825e+00
2.413689104194553625e+00
1.789876498081356182e+00
2.694010606221012960e+00
2.157826498485043043e+00
2.302746003420657939e+00
1.721946088775568873e+00
2.252442819504897997e+00
2.777439640137906895e+00
1.776603247176511857e+00
2.386320239830836965e+00
2.945475785346410191e+00
2.430145393204866444e+00
2.473536176915049900e+00
2.842064166692185090e+00
2.198338372068027624e+00
2.376531315308891834e+00
2.169432678948205240e+00
2.386952226750107098e+00
2.243640918467116219e+00
2.407322601927616823e+00
2.141959043750229164e+00
2.456719727900489758e+00
2.639512866699605720e+00
2.010830609936180124e+00
1.793055758258929933e+00
2.428457719856074171e+00
2.410966161519352724e+00
2.221403297301483004e+00
2.309818857492547561e+00
2.074420326717823393e+00
2.214072980823125647e+00
2.018064691328161242e+00
2.387549481955499431e+00
2.317995028133471358e+00
2.451709524415830010e+00
2.756897458428942294e+00
2.093967555098124933e+00
2.964868601738984921e+00
2.150912509287159935e+00
2.353601610487544349e+00
2.310838444820618509e+00
2.876663564843229715e+00
2.255377415031023070e+00
2.795594891935831328e+00
2.375788115591042970e+00
2.253481669912404506e+00
2.753998858001419414e+00
2.518056686787850218e+00
2.163537374397474178e+00
2.168876846042883777e+00
2.670651350590245166e+00
2.325651814844955645e+00
2.359792837193477766e+00
2.630022285714602059e+00
2.249270115516660784e+00
2.066329147266536381e+00
2.377218436187544803e+00
2.186436310417796847e+00
2.128130684609874645e+00
2.070138464553057833e+00
2.766595970521290582e+00
2.716947103580673595e+00
1.858747578140994561e+00
2.351037234535490406e+00
2.433698908180875087e+00
2.509604862009303439e+00
2.124586909483255681e+00
2.313664337621355038e+00
2.403275591804479028e+00
2.350777968373681581e+00
2.782881185142238589e+00
2.114290486879017550e+00
2.767504820582737057e+00
2.086965386165777758e+00
1.845244236865210885e+00
2.641576667748499752e+00
2.119651570578918509e+00
2.785593274062622804e+00
2.025272315515933563e+00
2.319421961074274119e+00
2.420835870314746785e+00
2.198303681916260022e+00
2.170878809898216133e+00
2.690171673063797453e+00
2.404434117536825788e+00
2.176426770560265567e+00
2.386458490161721624e+00
2.183800225946218809e+00
2.625117909459762977e+00
2.358457529354244020e+00
2.530320878931860307e+00
2.772023766497823338e+00
2.036783798063153128e+00
2.882112337269418845e+00
2.302147128100577422e+00
2.283052700051332096e+00
2.572924417841063072e+00
2.129857332365332923e+00
2.703479009860836335e+00
2.386078235541907677e+00
2.304381774912649838e+00
2.581845802387073174e+00
2.217026990822449584e+00
2.525388353722525459e+00
2.588914808117120714e+00
2.193489553722473229e+00
2.351003026179371069e+00
2.616155373172139420e+00
2.160434444827265210e+00
1.865730353537603081e+00
2.374643251051670845e+00
2.379649254435935113e+00
2.216610345103314117e+00
2.541432229098567586e+00
2.565747460484952391e+00
2.004101373089154592e+00
2.849556887694500773e+00
2.795050998125565123e+00
2.402812987252499255e+00
2.323157039829755632e+00
2.370792747845268167e+00
2.559253027582988338e+00
2.452999806226308976e+00
2.400648306289133505e+00
2.767397605055172072e+00
2.358387909498490753e+00
2.320127029984636380e+00
2.839847565501832705e+00
2.059472666567119248e+00
2.934520606352357230e+00
2.408829830838597807e+00
2.586606720692082195e+00
2.761127264951786398e+00
1.916274246045360563e+00
2.101054461582283039e+00
2.083278261462823799e+00
2.111509270036264319e+00
2.254456921180379769e+00
2.839493592008552447e+00
2.359632491618675498e+00
2.722976213034779658e+00
1.830006624683187200e+00
2.218747353267227940e+00
1.913199442740660228e+00
2.547040535427641750e+00
1.901859702838071930e+00
2.446333103204008541e+00
2.165655237246753018e+00
2.156115754777646387e+00
2.214709804153738748e+00
2.151517146006480807e+00
2.763291303282453093e+00
2.330725855699353311e+00
2.555996048949008337e+00
2.239345192158736175e+00
2.316440697084352962e+00
2.209549508663791961e+00
2.429754295553644639e+00
2.901603705349725004e+00
2.731144560919662734e+00
2.338878853030101901e+00
1.733189061836895917e+00
2.208708082422909946e+00
2.562532715997160704e+00
2.476878380074892583e+00
2.381853951317775220e+00
2.453048332043418434e+00
2.074682171291899024e+00
2.793234812158224667e+00
2.535059926427720711e+00
2.411864349531195550e+00
2.495009917689919643e+00
2.974464572359694525e+00
2.331083435102808465e+00
2.428590274458281240e+00
2.262122212282403400e+00
1.804184805326652041e+00
2.296293178196306073e+00
2.351155979621393222e+00
2.575963224734042711e+00
2.329996001752086876e+00
2.231417073060490974e+00
2.024300936869817047e+00
2.747701926932342609e+00
2.626806661953701827e+00
2.219807215421195856e+00
1.979774650512890588e+00
2.466063991524555021e+00
2.934354443451820948e+00
2.475247626186741545e+00
2.531438779668705230e+00
2.480529001014330159e+00
2.877876845561246899e+00
2.045518277787952144e+00
2.449847988989449554e+00
2.149793970389293207e+00
1.823151328906410962e+00
2.911466808780668103e+00
2.491772330302891802e+00
2.109842873581734501e+00
2.732812913107297348e+00
2.153557980218453682e+00
2.374525373479387635e+00
2.019797454652798141e+00
2.506421309684160992e+00
1.912615056595774465e+00
2.483877026039603919e+00
2.055681504419820449e+00
1.993519894257528735e+00
2.721941984762928701e+00
1.922348069795978942e+00
2.544452645800055812e+00
2.100435376116472241e+00
2.097902448008364562e+00
2.713468940856122558e+00
1.712584214572287822e+00
2.719136280219562884e+00
2.472433327286952309e+00
2.335728849816733010e+00
2.682802645414055220e+00
2.363590339552930963e+00
2.399412854304881382e+00
2.323721889082680292e+00
2.436444965333576018e+00
1.948329872833251653e+00
2.696252810005962175e+00
1.978073207487750063e+00
2.378713483994371547e+00
2.028736188068202217e+00
2.461050760393914683e+00
2.410040079101206434e+00
2.384697028709415800e+00
2.304230954131827769e+00
1.821285993378799262e+00
2.432049929605378136e+00
2.663444686140090223e+00
2.892577288551806625e+00
2.302239877840771332e+00
2.437418652173085398e+00
2.659322117233898553e+00
2.622202845962786633e+00
3.004166056012207875e+00
2.545934431433470646e+00
2.644410741290686317e+00
2.654657453906922093e+00
2.522282424204094209e+00
2.107952632265830406e+00
2.489787350053011217e+00
1.776830700406449193e+00
2.429185300886621768e+00
2.757556710040844905e+00
2.667707250213957160e+00
2.383063780397433717e+00
2.178937050498099381e+00
2.222745916219505791e+00
2.360316117784446277e+00
2.770541905698250762e+00
2.408286493149059293e+00
2.498642846568871700e+00
2.376820568817252344e+00
2.497986212413701779e+00
2.105350193366095191e+00
2.501829184411367812e+00
2.310108825285539069e+00
2.394463026725441424e+00
2.536090957591929929e+00
1.851759827522425184e+00
2.211272206677422858e+00
2.234514211133530992e+00
2.613072173266094644e+00
2.950903022362779460e+00
2.482845803785590277e+00
1.808295297119111300e+00
2.765229692627490188e+00
2.743538239984302241e+00
2.398198888255667960e+00
1.997316058734860400e+00
1.762241277725296928e+00
2.757347021781427543e+00
2.828526216331028742e+00
2.291019008107455512e+00
2.618987846538145092e+00
2.078897897424333507e+00
2.565504507771077858e+00
2.844020239409682738e+00
1.896623602091687122e+00
2.563993868048846547e+00
2.895305173129225196e+00
2.064304001262868393e+00
2.330137717610031967e+00
2.529270321069255978e+00
2.471174179301294238e+00
2.406558351720965216e+00
2.840099304289412707e+00
1.992188578498412133e+00
1.994909918039785346e+00
2.547181891006991439e+00
3.025967407494767780e+00
2.464988684611169045e+00
2.100237000377478402e+00
2.588455060967388643e+00
2.875093939268244636e+00
2.363828488605234313e+00
2.148390617843499051e+00
2.328538837933317396e+00
2.421396859743865981e+00
2.303924648142413822e+00
2.187369030071802722e+00
2.251520957476182971e+00
2.140035243737376192e+00
1.937977032341429373e+00
1.820992981913985842e+00
2.888283700008102084e+00
2.347912955621601849e+00
2.125287407982619392e+00
2.621890773601417646e+00
2.957582258145112775e+00
2.262296565937286008e+00
2.450970642512656283e+00
2.263906034618490715e+00
2.683625479516552836e+00
2.431107532454436893e+00
2.281395102129145425e+00
2.756956846348950663e+00
2.156632522382880168e+00
2.929451271304558180e+00
2.625381268797446488e+00
2.198703667104787929e+00
2.764983323665661796e+00
2.643741130752792046e+00
2.078056841961354095e+00
2.102040768651312508e+00
2.485547810663004675e+00
2.747744254033043454e+00
2.473543911214861168e+00
2.636620500954100610e+00
2.105469354618840772e+00
2.342416007135990075e+00
2.739698800867583550e+00
2.321291732189006751e+00
2.115042950244943931e+00
2.788785586331248734e+00
2.506160107983249841e+00
2.618051920611211614e+00
2.333594840670910830e+00
2.739143702005589986e+00
1.802595704270716803e+00
2.150076584809261782e+00
2.067374280196550451e+00
2.511324084315212257e+00
2.174142340341413959e+00
2.211063291662685781e+00
1.911642643138270925e+00
2.435499973762794035e+00
2.309603747928162143e+00
2.277512774182680388e+00
2.779395619103538273e+00
2.407654357377401855e+00
2.572323335728199822e+00
2.210022432783127488e+00
2.552632090382695118e+00
2.506222638435327887e+00
1.697025865188576788e+00
2.904603247309179181e+00
2.673077391906911515e+00
1.995839919908608096e+00
2.432715614334809651e+00
2.311253798485098265e+00
2.321287103934513318e+00
2.937918731052600929e+00
2.587057813124239658e+00
2.368241039188198727e+00
2.193234443797154931e+00
2.561652235464949356e+00
2.488256478359731183e+00
1.942465838085496221e+00
2.464784775466235978e+00
2.656362401277990060e+00
2.129318257017034810e+00
2.618792020038696933e+00
2.198843801889069027e+00
2.481774381026707665e+00
2.649755404772356826e+00
2.030334209000729917e+00
2.374395346708922716e+00
1.982267305811163061e+00
2.134179089148964703e+00
2.698488461830460317e+00
2.608572141759664564e+00
2.155353689400272721e+00
2.267836789476678661e+00
2.559861080881641549e+00
2.264581989025892916e+00
2.023635300473781484e+00
2.422159056354854734e+00
2.006839139797245153e+00
2.571238588117964241e+00
2.488714298471545128e+00
2.282470110697364163e+00
2.403112562834258448e+00
2.393576660469325823e+00
1.952961364634512309e+00
2.784179902703121545e+00
2.122407508273116417e+00
2.491459844583898686e+00
2.606495410072038776e+00
2.484725121625026123e+00
2.454630808714465040e+00
2.111757628386405017e+00
2.330895946065931312e+00
2.217494252326952076e+00
2.027930300529423580e+00
2.511116568735986654e+00
2.264838958761585808e+00
2.021411688559938469e+00
2.426341824346771148e+00
2.519999108638649954e+00
2.353687129690070101e+00
2.367578834148976075e+00
2.810084910910918055e+00
2.270062394666870098e+00
2.682149128238315861e+00
2.662233918037182345e+00
1.993619140293451997e+00
2.450917577773724876e+00
2.410124237519942536e+00
2.737170599598935272e+00
2.106997011364333261e+00
2.143006117943424549e+00
1.971864384292741246e+00
2.659900397853136589e+00
2.346660408012948729e+00
2.259552690970556110e+00
2.359999412858676315e+00
1.724816902108486705e+00
2.522532952604547241e+00
2.378778268142037078e+00
2.607553830481855961e+00
2.229483709857887241e+00
2.433055648124612613e+00
2.453455750320362228e+00
2.576103782519737262e+00
2.531434656623550161e+00
2.294992760759833494e+00
1.999475843568629951e+00
2.123130485929703326e+00
2.737962650758129168e+00
2.445327239415328258e+00
2.460566241531618736e+00
2.625263045213742430e+00
2.670772624320870481e+00
2.533253109833593086e+00
2.600108596241700987e+00
2.883502519500583450e+00
2.339364190108187636e+00
2.325608959363034245e+00
1.969213477248555666e+00
2.529943412646380452e+00
2.304636613339992479e+00
2.276361262285068410e+00
2.249427775899057735e+00
2.574738577668186146e+00
2.208168700418038810e+00
1.963086973020213177e+00
2.322518165028865322e+00
2.121765150941438804e+00
2.738548864432943653e+00
2.749513457793317350e+00
2.445106518468103118e+00
1.884650814461921176e+00
2.471158246216598187e+00
2.026541230388620107e+00
2.225486363711978832e+00
2.053027805939945161e+00
2.659930172700750273e+00
2.286392009962065597e+00
2.163196739512015743e+00
2.315515652564400728e+00
2.220339697150338854e+00
2.436738817201776541e+00
2.618465483281090300e+00
2.383023869168630515e+00
1.836033587012989354e+00
2.549864480358511987e+00
2.550465683441833331e+00
2.231982046318719881e+00
2.846686204411288390e+00
2.608671589509985012e+00
2.581872055333199079e+00
2.650695210434613092e+00
2.645241626745268526e+00
2.302675290211618986e+00
2.359286229981135907e+00
2.078810155618489475e+00
2.330955925519175409e+00
2.026059627746694680e+00
2.046545072837169688e+00
1.798478111016585501e+00
2.301118425934399081e+00
2.245861355736233023e+00
1.975598796901956389e+00
2.686792342292315006e+00
2.364569953691504800e+00
2.299871580443882735e+00
2.366467373230528359e+00
1.827587432628960729e+00
2.306493567990212323e+00
1.758694903994603376e+00
2.868340571018978213e+00
2.604494918206522680e+00
2.133948174190296587e+00
2.785763157246889499e+00
2.066309486899673864e+00
2.146963844899985929e+00
2.797747634729433663e+00
2.789913911382168266e+00
2.237361781424428653e+00
2.292661238544278390e+00
2.357496035185378425e+00
2.398125664705800908e+00
2.553307179342723110e+00
2.494468626016814294e+00
2.420783941446508880e+00
2.062524674307938177e+00
2.744514720995637536e+00
1.945970968888967034e+00
2.639027487584900022e+00
2.132710923309282691e+00
1.940876562988291143e+00
2.442793778670717675e+00
2.542026705063307190e+00
1.875198410476982991e+00
2.064661614589563321e+00
1.762479417452248676e+00
2.862747813859214396e+00
1.822571417400208116e+00
2.326199009800214768e+00
2.048986762176886245e+00
2.461798393366572135e+00
2.242714254368060711e+00
2.715317955838028485e+00
2.197451800006888778e+00
2.914957058112261024e+00
2.309653928812944734e+00
2.786397187892754257e+00
2.173686779982674455e+00
2.434763562444433482e+00
2.852397160815908883e+00
2.666854213501516746e+00
2.504331830385798874e+00
1.813906922167626057e+00
2.451632331210527926e+00
1.981283868262895265e+00
2.387398262538941829e+00
2.848444108928053886e+00
2.179228277583266316e+00
2.595405452286800863e+00
2.750740591305016913e+00
2.489057387343138750e+00
2.165722679985459642e+00
2.518196805038330766e+00
2.721774716902597646e+00
2.235239286574337569e+00
1.829386068130306242e+00
2.076280163115352906e+00
2.282072295607056489e+00
2.528456521582428618e+00
2.906781017517888532e+00
1.764596402081082926e+00
1.816698964080064371e+00
2.148983825050889251e+00
2.661147052774946342e+00
2.036772306031796820e+00
2.365402913940426011e+00
2.502036873707834452e+00
2.004903211575811639e+00
2.138182361008581722e+00
1.849464414473070306e+00
2.062581971891021215e+00
2.397719936263853491e+00
2.362342309325733858e+00
2.469674221812083736e+00
2.110285816463465469e+00
2.277870671505785261e+00
2.736079692132598939e+00
2.778748237781479613e+00
2.341999042114947471e+00
1.969873963255327265e+00
2.634163939383511011e+00
2.541916074903800560e+00
2.526759985232454930e+00
2.496093852454464912e+00
2.527751402145947068e+00
1.903192390628952513e+00
1.834011006002694621e+00
1.941355354939683808e+00
2.271092820245177002e+00
2.395161400841903099e+00
2.253382942573353365e+00
2.218373601229957082e+00
1.901372570226076641e+00
2.657172350592099885e+00
2.472997539775323883e+00
2.679728858734228059e+00
2.436035235404340860e+00
2.591278729638994527e+00
2.440761314421561856e+00
2.203261374935483019e+00
2.561869837822441376e+00
2.329922760777590973e+00
2.176997934913165622e+00
2.016526384804272709e+00
2.654294734982035830e+00
2.154237627260556565e+00
1.784898049018127653e+00
2.347501849525404083e+00
1.931037773447898731e+00
2.292108640771814976e+00
2.544545119663085053e+00
2.289260421110688171e+00
2.315392716034762710e+00
2.155984318451499959e+00
2.637725948531382425e+00
2.484886415948585281e+00
2.849125718037358812e+00
2.854265669407793915e+00
2.050228109624788519e+00
1.882387063637138480e+00
2.240600938745500592e+00
2.641991279498342671e+00
2.858279441844000068e+00
2.341264092255999962e+00
2.578678343792775607e+00
2.578269933414141235e+00
2.517212756415752484e+00
2.571237918409464918e+00
2.748750371298748441e+00
2.001969228560224856e+00
2.488964048776868054e+00
2.349892897597670949e+00
2.288384747182680368e+00
2.662113249082815436e+00
2.165832287975261838e+00
2.219847891146478958e+00
1.963305141225431871e+00
2.536343306966469591e+00
2.648765660102400332e+00
2.211552441927465917e+00
2.416072923607130996e+00
2.787706432166830339e+00
2.807288906708448994e+00
2.536414800581206830e+00
2.158729252400930942e+00
2.310849578354303713e+00
2.200987796937260210e+00
2.156972086061379024e+00
2.583493064235736103e+00
2.094682672992854044e+00
2.553442442905969667e+00
2.080189902937872315e+00
2.151647378016051881e+00
2.433569734154439779e+00
2.712768869193265431e+00
2.578002624801615905e+00
2.305102630311194556e+00
2.697556540481116372e+00
2.346355882268759796e+00
2.390721326962480742e+00
2.074847708925874556e+00
2.564378639984793651e+00
2.535583667059514212e+00
2.907443866509637154e+00
2.555021852137135951e+00
1.907438657278020422e+00
2.427041910092129662e+00
2.428938893581839675e+00
2.012345881250207746e+00
2.391450029051595205e+00
2.673541556914118544e+00
2.360332978586138442e+00
2.091030155556434345e+00
2.653866000898758237e+00
2.085349845883254005e+00
2.140699925078048960e+00
2.205929137610670665e+00
2.220418793370968480e+00
2.694864970699857754e+00
2.503250836446127003e+00
2.289449209436473343e+00
2.192362975546942039e+00
2.356314981900242689e+00
2.622519349975767966e+00
1.689458149203254322e+00
2.558799915577717243e+00
2.554432201748663367e+00
2.568643763373900324e+00
2.360044885337118981e+00
2.560273799444936049e+00
2.503056663428907314e+00
2.889927954013199241e+00
2.343326994121229578e+00
2.801340276877096525e+00
1.858633016358278711e+00
2.255900422199322186e+00
2.486662878848466818e+00
2.284277455665612688e+00
2.691701660016504682e+00
2.441309319233047948e+00
2.492866801995605286e+00
2.412880668290033448e+00
1.915975651400410262e+00
2.372814854213315172e+00
2.908660277769318458e+00
2.364920325908858700e+00
2.660635976275340209e+00
1.772602697235149627e+00
2.955145932241763695e+00
2.194344865143962764e+00
2.525880949159059696e+00
2.403487768462172269e+00
2.685219028012639342e+00
2.482559129644689833e+00
2.793300150572207041e+00
2.294688665837577801e+00
1.788171808177130728e+00
1.948818942264932019e+00
2.029223885081091083e+00
2.418955329227206796e+00
2.218378842335200218e+00
2.300653648759934722e+00
2.282522151976892566e+00
2.739374456679771530e+00
3.045989911593363075e+00
2.610351142835696692e+00
2.264636976225430143e+00
2.411946766090569128e+00
2.016228119113321782e+00
2.322274315100983255e+00
2.854981927992176871e+00
2.185893918863629715e+00
2.851751781525830864e+00
2.627363936705103153e+00
2.436708235673413103e+00
2.135328994948097581e+00
2.503871781065935664e+00
2.513593395227014859e+00
2.077175996423520132e+00
2.438165424428261119e+00
2.190417199155320738e+00
2.352692491693632704e+00
2.083914705647754939e+00
2.683619279237023036e+00
2.425875317531987374e+00
2.492259571075253977e+00
2.191991438696274663e+00
2.315558086683670247e+00
2.572677043955874154e+00
2.811012117200689442e+00
2.819984325331049035e+00
2.627228615479364482e+00
2.590360357616098952e+00
2.328283522335392153e+00
2.319340545722710090e+00
2.553402092581267269e+00
2.541469348477415124e+00
2.815207080903858738e+00
2.290202397823422054e+00
2.461459981639371186e+00
1.917643932393835904e+00
2.530066105568561596e+00
2.959332872656773361e+00
2.472511461429609092e+00
2.724315089797375578e+00
2.499751249827362187e+00
2.887390610049445971e+00
1.889435070315510501e+00
2.652668114981421077e+00
2.768264698627160847e+00
1.801422453604007989e+00
2.378075840371390193e+00
2.064530224641569767e+00
1.917135949258855332e+00
2.093981224591686008e+00
2.272694574748355123e+00
2.139174558316996322e+00
2.651639221459828999e+00
2.086485093522058687e+00
2.537434338889088092e+00
2.895856363915979337e+00
2.833749059793713165e+00
2.042770588947873112e+00
2.321711002327458306e+00
2.188806371161091668e+00
2.638575276931211189e+00
2.585040295426586976e+00
2.273284185703265070e+00
2.087458256839715531e+00
2.027170037232631117e+00
2.393760215998354646e+00
2.552792086743413513e+00
2.693007910035252195e+00
2.359897452394024153e+00
2.152584631417262973e+00
1.966886441446834111e+00
1.757562600236297401e+00
1.861572302868895079e+00
1.655442384558978741e+00
1.919431240076074463e+00
2.219531193478317732e+00
2.291378992588827046e+00
1.845537368156797253e+00
2.644515594581624995e+00
2.582665289881123094e+00
2.386320200342961773e+00
2.588510690656659285e+00
2.252374558186018838e+00
2.586251582865302989e+00
2.184643761868938050e+00
2.398247647899001578e+00
1.731795950772370141e+00
2.583171279119046204e+00
2.366925476979743870e+00
3.022312894491605562e+00
2.055632795712663885e+00
2.496693303402760300e+00
2.211658083121533114e+00
2.853684562339783071e+00
1.994532092465038264e+00
2.257960483273071084e+00
2.405128968665252831e+00
2.518355732644618428e+00
1.961187952992562433e+00
2.216007792017583355e+00
2.539315002252105380e+00
2.075014301103483394e+00
2.185715567011873084e+00
2.307401632963520299e+00
2.858185767350735151e+00
2.806074373586213255e+00
2.193356718644864589e+00
2.248588163670790507e+00
1.937562814909371545e+00
2.431301390757530267e+00
2.236942336860942238e+00
2.394984189609329128e+00
2.555215321346855362e+00
1.893186329462221096e+00
2.395100696070107560e+00
2.322199774163533181e+00
2.499724898043608867e+00
2.199016384092914667e+00
2.087202393313801529e+00
2.788494337222219066e+00
2.550874842530607367e+00
1.949365672388979620e+00
2.651343946715271738e+00
2.481930837235159615e+00
1.984109458492113509e+00
2.686043772009978348e+00
2.600306614607865718e+00
2.290626793992646792e+00
2.552549189774900640e+00
2.886858708097022053e+00
2.380319570134397988e+00
2.734503646988354575e+00
1.983984794591227452e+00
2.251206228329220682e+00
2.794558905421032691e+00
2.324300306931529114e+00
2.740471540820704099e+00
2.343336352527223276e+00
2.147998575613306649e+00
2.646225251448658167e+00
2.821180085221959732e+00
2.574807702347005733e+00
2.939945662269218385e+00
2.465282382749309775e+00
2.985769098544621247e+00
2.296800279157172220e+00
2.701361703286073279e+00
2.500048875479517374e+00
2.424848170406249004e+00
2.888828094009472380e+00
2.466039122893624036e+00
2.320959679934067488e+00
1.854597015181606912e+00
2.700925954041743182e+00
2.675964062211126482e+00
2.335793810381593616e+00
2.668087683337947880e+00
2.374674248267931720e+00
2.641525523139329756e+00
2.386012763958700766e+00
2.072111592802007518e+00
1.867182385815500778e+00
2.520636752246322665e+00
2.777917458347486601e+00
2.574803920959832126e+00
2.568087143968984964e+00
2.712757070805621673e+00
2.307838309681141009e+00
2.417441553687443179e+00
2.738605482501801802e+00
2.700130073014271215e+00
2.540363671824453107e+00
2.536012920604005405e+00
2.757373663860811064e+00
2.516048087298608849e+00
2.346374575151312314e+00
2.312593806315036637e+00
2.233561726369888589e+00
2.081838044565746060e+00
2.058647482901657888e+00
2.339468115690197969e+00
1.801318904844333879e+00
2.193839631326241602e+00
2.671553574330090441e+00
2.126515404276100973e+00
2.224324083868043367e+00
2.828969542992219921e+00
2.188060326426418456e+00
2.259187342057793924e+00
2.630549024436900751e+00
2.722220917331804824e+00
2.595685400862204339e+00
2.101101245257825934e+00
2.623151401012802530e+00
2.264793037715243429e+00
2.330341067103915975e+00
2.253467669527926542e+00
2.386207040353475417e+00
2.692976400068336051e+00
2.581346381628419451e+00
1.902886922402628134e+00
2.741371689861621164e+00
2.057543130243808083e+00
2.734213639355017822e+00
2.577301467124261336e+00
2.209066854993138485e+00
2.471031527471434064e+00
2.865082407205333581e+00
2.159315791801421192e+00
2.312429685947584357e+00
1.748713494200237362e+00
2.361736236978639880e+00
2.655891382708665649e+00
2.425316335921526179e+00
2.495234869373880837e+00
1.955399814608529852e+00
2.605525162613007595e+00
1.953849994059498663e+00
2.134485520885657017e+00
2.136187225546370527e+00
2.723316714564153695e+00
2.817103669512205588e+00
2.840821708173911553e+00
2.745305547671303081e+00
2.180308245692392344e+00
2.161357521460398168e+00
2.617080366741615371e+00
1.921597387130449253e+00
2.766391321577982954e+00
2.050188118074736110e+00
2.024490474699987885e+00
2.436974146744554481e+00
2.775369682443427966e+00
2.373129204435478812e+00
2.723597819831620193e+00
2.380647351747117391e+00
2.109154759038160964e+00
2.577362249425082297e+00
2.149348110211578344e+00
2.450916496416848389e+00
2.663023321088336282e+00
2.265442365515814238e+00
1.943752774781292159e+00
2.117364092739934200e+00
1.819898651768152797e+00
2.257743068466200320e+00
2.101783529107063231e+00
2.546171298909768677e+00
2.705891095638063959e+00
3.058657412533211328e+00
2.456386296916958312e+00
2.153272748549275306e+00
2.186193131368071807e+00
2.652516664352349451e+00
2.554561809325398336e+00
2.450971157280488200e+00
2.187476456608174580e+00
2.174551531472457278e+00
2.348450624414234689e+00
2.332963848658229367e+00
2.514877817176349950e+00
2.516703968394341739e+00
1.837847734026416768e+00
2.401805348099575355e+00
2.316041056315706115e+00
2.228868498697028855e+00
2.152947526743198559e+00
2.232362484256187329e+00
2.728499731808878170e+00
2.962408631877946341e+00
2.630531374629921704e+00
2.658639005473591332e+00
2.529322174668946044e+00
2.801672347257412099e+00
2.115044879045773651e+00
2.354902681417895050e+00
2.133817537746454107e+00
2.235168406483854842e+00
2.765382796131009790e+00
2.326198664834351781e+00
2.472578196740178313e+00
2.557603677506583573e+00
2.227174264854027363e+00
2.405115152397096612e+00
2.321764414172062807e+00
2.994006246676940375e+00
1.967674533095236100e+00
2.333254341782311947e+00
2.978620482230900368e+00
2.121887004759702933e+00
2.186430637750538697e+00
1.890614601788678906e+00
2.276060963971195950e+00
2.761833149495465545e+00
2.769796150274120183e+00
2.077710501465222848e+00
2.127029441141518262e+00
2.369399036847274154e+00
2.576632771631433449e+00
2.762238766860640293e+00
2.416717291460306782e+00
1.969846619465141391e+00
2.493218632676201363e+00
2.338321622198294314e+00
2.652991686234374757e+00
2.754116141022259434e+00
2.334655610672669468e+00
2.605070772378411004e+00
2.835490553578829509e+00
2.641980256801254257e+00
2.253337117945152013e+00
1.982919962338632436e+00
2.188400826381604602e+00
1.774522014025739836e+00
2.658663344621387647e+00
2.259050275005107355e+00
2.364382028018944926e+00
2.046596405052766521e+00
2.764221665474820178e+00
2.825909216180488848e+00
1.920693599368806126e+00
2.230299711096763282e+00
2.357018541901398478e+00
2.651287440409809459e+00
3.068703682693651125e+00
2.284945483164102953e+00
2.524234612778085030e+00
2.294755797893002658e+00
2.508274157378582725e+00
2.310020658331128018e+00
2.360439684296916418e+00
2.941249008848127122e+00
2.190977863172717477e+00
2.189723280707565500e+00
2.676166758336640861e+00
2.460462293295249125e+00
2.014658588667852079e+00
2.007682999911653887e+00
2.920127634611662693e+00
2.301624971410491938e+00
2.203830080341914854e+00
1.863554812087101942e+00
1.755547398669170756e+00
2.463138142835084032e+00
2.867302044501621960e+00
2.267373563346557042e+00
2.419317232846642352e+00
2.464987092447151529e+00
2.386264178025268023e+00
2.019411919484945361e+00
2.095209400680893452e+00
2.593017277699175338e+00
2.315743988767679173e+00
2.432695394363361352e+00
2.929154557518458990e+00
2.556358275531935842e+00
1.944332246555502186e+00
2.085267467503747696e+00
2.260118898325703896e+00
2.792515655817176423e+00
1.776353740672774073e+00
2.232584678628279029e+00
2.687176217257608801e+00
2.734629181408187559e+00
1.888495486805290779e+00
2.682037056438837830e+00
2.335609044014680169e+00
2.673610162400926971e+00
2.341342872300633537e+00
2.237378911544221971e+00
2.562483985557227673e+00
2.614110197765577404e+00
1.981356384091784939e+00
2.193830537418258952e+00
1.895394824879812257e+00
2.856757349349473341e+00
2.118769956570104362e+00
2.446915770618368846e+00
2.598620326916177170e+00
2.413581545537049067e+00
1.928654068533474097e+00
2.451543082409592067e+00
2.448040747607110212e+00
2.060066044000789631e+00
2.534023194844027049e+00
2.430517164315809442e+00
2.236617888992301850e+00
1.937668339748396695e+00
2.394446917146070497e+00
2.577197380439754770e+00
2.498728512204898333e+00
2.272145385050234001e+00
2.390440387829342317e+00
2.431091772361054115e+00
2.239475045385412422e+00
1.858047368876485583e+00
2.883618836124606233e+00
2.393948799888135248e+00
2.298097031039568083e+00
2.575918210543735487e+00
2.749652078335696359e+00
2.308268390781284651e+00
2.573217171326429131e+00
1.957561339609984241e+00
2.087965120983316325e+00
2.497460427164244656e+00
2.455295323277933761e+00
2.341741402920103354e+00
1.933135791307845519e+00
2.581561882931721286e+00
2.752552419049961507e+00
2.384058328767328483e+00
2.652223704300566087e+00
2.364594084458135903e+00
2.418024752422093027e+00
2.695694756753269861e+00
2.562948992807064563e+00
2.842059382012363855e+00
2.711924344081442673e+00
2.224383868640915196e+00
2.634075840675343283e+00
2.462574430621891963e+00
2.624225314386235297e+00
2.010246236503228978e+00
2.073440304272396340e+00
3.050803961089546767e+00
1.946770491160034089e+00
2.756406698083526230e+00
2.755274745403976766e+00
2.298350595213076275e+00
1.972350801202844783e+00
2.318234033295254015e+00
2.491654591858638135e+00
2.161760236523468937e+00
2.521908007107689365e+00
2.247904517909348421e+00
2.704076191305708310e+00
2.768232124666990757e+00
2.136243254634353939e+00
2.263335353666662275e+00
2.694604787124019740e+00
2.382601246704564524e+00
1.965124297261665820e+00
1.961911412899501883e+00
1.953121283117904339e+00
2.350171437932581764e+00
2.337063372192306421e+00
1.792128583903595196e+00
2.809472615798418005e+00
2.163885148170840544e+00
2.542925070740291726e+00
2.464517907134952335e+00
2.247109107717059295e+00
1.998908762089966595e+00
2.188569211182683993e+00
2.480081679507620152e+00
2.021037760109983594e+00
2.652250893672696286e+00
2.697211347378580815e+00
2.721559961590198640e+00
2.425280681848069442e+00
2.166210674282247783e+00
2.020860180400188000e+00
2.044954513203625091e+00
2.653972160763591770e+00
2.602209249922279533e+00
2.315775188886051161e+00
2.591781745670688863e+00
2.885135898619522354e+00
2.326972933873367122e+00
2.334827189821488069e+00
2.475454954763314230e+00
2.624873182080017742e+00
1.798472908738075082e+00
2.175587818972616994e+00
2.413097789923477343e+00
2.172288793136468943e+00
2.122519238253063989e+00
2.468987164596826656e+00
2.896626856048086118e+00
2.008740822738671827e+00
2.132790071337246296e+00
2.650007951341819101e+00
2.535483822199950499e+00
2.604562287437538703e+00
1.906052830365680961e+00
1.995915197136807206e+00
2.413824495072316001e+00
2.080629372963153312e+00
2.324968018458644980e+00
2.678307208285589880e+00
2.220181721042004064e+00
2.706626591434628359e+00
2.937584656712617814e+00
2.678313797503239613e+00
2.163158194950955515e+00
2.510455927097138940e+00
2.782648520438528728e+00
1.998970074832884025e+00
2.765261675398779317e+00
2.837280791384363621e+00
1.921724331697938437e+00
2.220972623710546934e+00
2.819794620797190454e+00
2.522101693186823645e+00
2.145762448215796425e+00
2.703615796799795135e+00
2.784770211935366113e+00
2.637942396350248853e+00
2.092648176679772654e+00
2.790182939196864886e+00
2.418228445252236014e+00
2.274823730225331353e+00
2.236820367685870448e+00
2.457014906588439018e+00
2.533100720710831588e+00
2.301497880714776567e+00
2.105687069964242042e+00
2.198849855339541026e+00
2.334703756308709188e+00
2.725244195298257566e+00
1.813230691288918228e+00
2.296651880567503579e+00
2.316953216878230304e+00
2.550073055470972960e+00
2.047365607988055114e+00
2.574792947136212096e+00
2.431111139565767854e+00
2.631467475967647740e+00
2.926720715634834047e+00
2.707313062853208052e+00
2.729779489132185599e+00
2.866473087520072127e+00
2.609355139138490376e+00
2.705592654407899644e+00
2.386112739825150708e+00
2.755884694912550614e+00
2.746155270197229381e+00
2.306116067785072943e+00
2.633071934013812676e+00
2.303865827730719573e+00
2.334924057189918578e+00
2.316122343824966290e+00
2.157310839431092031e+00
2.065310360215809826e+00
2.011738233621791494e+00
2.858243462369162380e+00
2.334407118675652093e+00
2.360503492709987050e+00
1.857723533116925063e+00
2.547503155544145415e+00
1.946251953894810205e+00
2.605730512618084749e+00
2.604071700674782441e+00
2.141908467106306446e+00
2.747756804503665329e+00
1.875182711006250669e+00
2.668999025238630640e+00
2.164549472903726013e+00
2.257159097708550721e+00
1.942288710076810698e+00
2.465832078127212057e+00
2.369885265176570499e+00
2.461118637018217203e+00
2.238294350482249673e+00
2.081412257313665748e+00
2.722059875675125085e+00
2.297994080335878042e+00
2.220270828727030743e+00
2.265607195914888461e+00
2.643397562262133960e+00
2.263344935262612712e+00
2.296644097586724165e+00
2.308488511708963742e+00
2.122414363041100760e+00
2.266270173711224079e+00
2.755248863950827687e+00
2.628458812000534994e+00
2.267497308689130353e+00
2.750943365155928078e+00
1.875654305836118141e+00
2.437105835800408293e+00
2.718160647146037778e+00
2.392344334541677053e+00
2.386348206622339152e+00
2.241552848897359507e+00
2.251601338741983316e+00
2.830459772175150324e+00
2.805740440354430376e+00
2.405939989566695747e+00
2.276279366691479566e+00
2.373337206613031825e+00
2.547792858103303359e+00
2.153465187560646310e+00
2.550744778469918650e+00
2.639588332313859809e+00
2.314879670113042298e+00
2.461150972804623471e+00
2.562844217672358038e+00
2.103993872329549930e+00
2.043028478279557802e+00
2.209438334799807002e+00
2.074236800636079181e+00
2.642484799441090715e+00
2.387385450773115814e+00
2.440350605968738318e+00
2.620295192672606799e+00
2.463380070180278381e+00
2.598711567833328573e+00
2.193365507733570308e+00
2.999917488127540555e+00
1.869803233465167747e+00
1.918943073339075323e+00
2.214275312145318253e+00
2.075022733441755918e+00
2.355306774878557441e+00
2.405090037557907401e+00
2.828983706786794450e+00
2.576532677858438536e+00
2.351644013461337224e+00
2.479941468764536694e+00
2.284668558517361614e+00
2.485958757499994842e+00
2.500634194612199046e+00
2.594536434157298732e+00
2.599196259888652882e+00
2.530178514308200732e+00
2.126091756557742407e+00
2.268464260489358786e+00
2.645947402564166495e+00
1.966404800597684410e+00
2.268936534842507236e+00
1.937152229243059631e+00
2.340954215277533557e+00
2.316843051811106058e+00
2.187841653472290648e+00
2.600993099815825271e+00
2.396795586377175713e+00
2.969120523943835188e+00
2.445193257116984764e+00
2.167761066951582105e+00
2.334922096138166481e+00
2.184739769411692567e+00
2.247109503540912545e+00
2.331467212864834160e+00
2.417031717603879137e+00
2.746231322779845829e+00
2.570000122397441356e+00
1.914579190253651531e+00
2.350681895268866839e+00
2.550667972445884946e+00
2.435352085684686418e+00
2.835589021226491813e+00
2.056369394074550883e+00
2.028228626261656675e+00
2.277353320152436744e+00
2.101767087325321359e+00
2.422054157360499449e+00
2.472306141367737631e+00
2.748937941139425245e+00
2.355155221013010891e+00
1.870273953130455524e+00
2.947939970316836966e+00
2.356469729888082121e+00
2.106611099624121408e+00
2.381893532985900563e+00
2.009739560594402619e+00
2.378022013675480828e+00
2.267654896392818475e+00
2.415527072993663982e+00
2.857979618682672029e+00
2.090534143525018429e+00
2.778410924173602137e+00
2.869935099734307382e+00
2.252546240030823377e+00
2.701020506891645745e+00
2.124940392746649920e+00
2.351888281057605834e+00
2.148770771750700526e+00
2.361590515524607525e+00
2.049510328036610929e+00
2.983642133498451532e+00
2.557406054303497100e+00
2.570198590607616129e+00
2.578360138089211606e+00
2.688154718977726176e+00
2.722920262433686567e+00
2.086163490360152473e+00
2.023536288598212884e+00
1.882277802917428744e+00
2.244683961187149634e+00
2.164248417657965717e+00
3.016806706510367864e+00
2.679025273187511047e+00
1.987138139236076295e+00
2.523936002114182120e+00
2.129746725753652647e+00
1.917011050607730915e+00
2.567705459376993460e+00
2.527947721557948668e+00
2.572192204229726720e+00
2.412195696777171161e+00
2.641477882561189539e+00
2.028142968766823540e+00
2.757238897453296644e+00
2.398414995939220695e+00
2.583298981780719927e+00
2.011318264324967853e+00
2.476227780383409183e+00
2.217751052320232841e+00
2.496363894115919191e+00
2.460945236328096808e+00
2.847086647446727348e+00
1.823637291334060162e+00
2.074611182590154534e+00
2.643368189458698669e+00
2.183007970829629052e+00
2.310670136983538292e+00
2.472711243840177708e+00
2.093261354507498950e+00
2.585495879432683441e+00
2.218124257771184382e+00
2.686317443475594757e+00
2.552655745799965903e+00
2.023387273027902111e+00
2.104902338450547639e+00
2.306766802535821004e+00
2.520398580435784019e+00
2.546587279439864737e+00
2.261712870977609313e+00
2.687221404570381722e+00
2.143977611602509548e+00
2.010637723281289535e+00
2.686737655602734698e+00
2.351012471465839582e+00
2.059875604579381125e+00
1.934763750728243581e+00
2.172460870650765763e+00
2.523378722475366764e+00
2.199200350685587058e+00
2.327454824343820228e+00
2.315195500897722969e+00
2.898079079255908574e+00
2.353753224201203142e+00
2.261532528843882339e+00
2.389488372591689114e+00
1.807071042679930351e+00
1.919014694443871960e+00
2.847541622986375032e+00
2.056614438117957633e+00
2.551470900644742468e+00
1.852244023202432643e+00
2.479518192565937973e+00
2.429850951967647443e+00
2.565038103507473188e+00
2.088174696147720333e+00
2.684540403205215586e+00
2.198309105109605532e+00
2.229250759463674125e+00
2.321199990053869122e+00
2.401682822861654021e+00
2.913435397579623665e+00
2.688412225417929236e+00
1.750580984939400953e+00
2.320666123145204818e+00
1.694860858374302559e+00
2.762460793112218482e+00
1.769984877757155184e+00
2.337861062546721769e+00
2.552074474116750480e+00
1.923632017729547838e+00
2.190865696059104639e+00
1.855904303299689362e+00
2.244826090696261822e+00
2.269065075922016561e+00
2.298105244484788479e+00
2.322996230047408073e+00
2.233856430454398190e+00
1.986319143937266496e+00
1.966830753889222239e+00
2.278353260329777807e+00
2.122374835673347171e+00
2.360792319992323307e+00
2.179562118071148191e+00
2.851229958359974059e+00
2.461796139867162836e+00
2.348944243320945091e+00
1.933448271061780854e+00
2.491935976376025152e+00
2.575044116632864810e+00
2.117724239272404940e+00
2.608243835271111699e+00
2.572045098269794661e+00
2.414978036336770550e+00
2.330443319534244218e+00
2.167109549554109726e+00
2.094868080349443495e+00
2.657913001501679418e+00
2.675825799513824599e+00
2.270069940118408347e+00
1.979732823507154071e+00
2.185502334322076745e+00
2.195575017108215121e+00
2.003998168908780908e+00
2.623523310180074120e+00
2.303479992268457011e+00
2.579646241498100512e+00
1.749875199409989035e+00
2.565974525512689564e+00
2.514068172714989391e+00
1.822036319042488861e+00
2.434731468474248484e+00
2.402630398888553120e+00
2.840546248867321211e+00
2.700339577132935265e+00
2.148778089450945394e+00
2.490726848794463599e+00
2.431797086186435752e+00
2.702134699695386111e+00
2.220322466442231413e+00
2.563601688036232229e+00
2.796856191510338707e+00
2.168594047325856700e+00
2.461752466463117628e+00
1.763010783431790740e+00
2.414834419651812336e+00
2.675659664929785908e+00
2.445895770001644376e+00
2.702148025181201341e+00
2.201036995419768605e+00
2.218329395911614821e+00
2.658175154927349126e+00
2.097770707537109480e+00
2.022654080200957161e+00
1.939481535551390579e+00
2.512853847272467078e+00
2.176545386074471011e+00
2.840841134355272413e+00
2.338592988770792580e+00
2.130010719496170601e+00
2.094019684351629884e+00
2.644684957781733292e+00
2.393421271920781912e+00
2.813001222753809927e+00
2.203610387700419171e+00
1.882903856820582256e+00
2.446888174182118458e+00
2.318204089560409464e+00
2.256001145304734834e+00
2.538763539927567869e+00
2.268426509996767759e+00
2.594669428346730644e+00
2.163727409983716043e+00
2.332262271582764335e+00
2.438383610095080645e+00
1.863690922787565762e+00
2.973780319395421312e+00
2.082889831399193703e+00
1.968731333453806354e+00
1.853336152905785239e+00
2.751098950957803879e+00
2.283069413465499409e+00
2.280247803473709034e+00
2.596047654958618445e+00
2.204140683837080061e+00
2.503669331973060075e+00
2.793002981765805970e+00
2.965160179984978051e+00
1.820510771413317075e+00
2.348823790230273545e+00
2.074776653768996226e+00
2.582742774627746041e+00
2.062912372704463593e+00
2.173073588537980605e+00
2.373822856193652520e+00
1.774895172669513910e+00
2.293409521895092951e+00
2.118391952029878400e+00
2.532522960107641552e+00
2.070739251287474048e+00
2.526394117210963408e+00
1.808483742453351972e+00
2.195083383030108859e+00
2.332913779446577962e+00
2.220785235544696423e+00
2.024218420526809670e+00
2.595290268392474786e+00
2.258280211899864387e+00
2.311188085477305698e+00
2.619253841843230290e+00
2.652390240818906619e+00
2.803478208048541642e+00
2.572362285360894507e+00
2.210928998760171460e+00
2.492601558894382396e+00
2.289749376369714984e+00
1.822339658994702294e+00
2.534709177760696264e+00
2.701739791291147164e+00
2.594252293644737417e+00
2.631952922227076108e+00
2.318909825593046925e+00
2.353236844275234940e+00
1.938796831049114600e+00
2.574189955309615918e+00
2.259201033996468322e+00
2.350250856080681405e+00
2.203308730588331432e+00
2.079028299158153459e+00
2.578600660987172333e+00
2.849064820311633550e+00
2.322908249673806935e+00
2.436416840794601413e+00
2.112365683008527562e+00
2.725726980166952806e+00
2.577845601862029046e+00
2.044034060254250385e+00
2.178707479270449276e+00
2.327597878024776357e+00
2.437499751891846422e+00
2.993425913155513207e+00
2.655036092981629015e+00
2.409082071829655725e+00
2.333914460794315637e+00
2.434344307765519133e+00
2.127416645153987762e+00
2.273804460043036269e+00
2.114233540943708967e+00
2.882746314531075882e+00
2.438021119385862523e+00
2.148402436913336988e+00
2.647524351005451138e+00
2.114561698338853546e+00
2.386283382289147159e+00
2.937724326852284129e+00
2.452983186350091938e+00
2.022101802766991696e+00
2.077115219966828796e+00
1.812074360840068676e+00
2.371579865557699840e+00
2.390444616187545002e+00
2.880436647733262578e+00
1.718181254580234407e+00
2.956356613242275166e+00
2.387758547209475779e+00
2.364350796988107017e+00
2.259711705145786009e+00
2.434817101673843798e+00
2.810255763883743096e+00
1.896205674969351218e+00
2.677074986956251568e+00
2.078241027373880279e+00
2.578639862864331445e+00
2.446375262697623398e+00
2.510727236557892539e+00
2.630686405796457628e+00
2.285663779654416139e+00
2.633590311046872134e+00
2.031677690770232303e+00
1.962490294974045701e+00
2.278674976850795009e+00
2.349583461704729537e+00
1.930170070818474137e+00
2.297433106025631222e+00
2.548387926537877046e+00
2.252230006181179078e+00
2.221514457591184488e+00
2.332280242405712745e+00
2.179501138317823106e+00
2.789727544907789181e+00
2.268970992712543655e+00
2.273168900707406959e+00
2.903023750708884965e+00
2.365923766121051486e+00
2.029924445623252360e+00
2.372658672273426639e+00
1.896791250467817047e+00
2.381897693601391364e+00
2.162582522691296916e+00
2.069776818700271637e+00
2.082097176627526025e+00
2.011890404062002258e+00
2.575213992373545313e+00
2.321877406123287635e+00
2.175633897504450243e+00
2.591793389638857192e+00
2.781111562887666810e+00
2.907360446347823313e+00
2.741133507466776642e+00
2.503229546858438681e+00
2.490435566248904387e+00
2.090186972563835788e+00
2.533767318126644685e+00
2.071716805071954326e+00
2.708979082530487581e+00
2.297259507837919212e+00
2.596949346001474979e+00
2.019155505089439639e+00
2.274709673636181151e+00
2.183386030784419507e+00
2.513228876169065096e+00
1.863905503016181076e+00
2.812362611149243463e+00
1.832601293165329936e+00
1.658827924913158114e+00
2.482795263170340938e+00
2.448140272327432143e+00
1.755950237858318053e+00
2.761163354498739064e+00
1.743688668152343357e+00
2.752116422384821348e+00
2.685923658435815931e+00
2.533625780870214061e+00
2.383760503807124120e+00
1.756989480396093262e+00
2.316125931642809554e+00
2.751689842610709924e+00
1.992655685630499329e+00
2.391984350360271794e+00
2.686944982870831833e+00
2.234835062939013017e+00
1.872113697070377336e+00
2.927844670602796295e+00
2.096401626848837019e+00
2.418541032142910829e+00
2.176853680042877937e+00
2.217388480416267349e+00
2.377756350768827964e+00
2.729020821276109121e+00
2.395360228764964017e+00
2.314926693766817589e+00
2.304980937814831154e+00
2.616150054382060830e+00
2.782606375958497580e+00
2.088036665615709886e+00
2.326690362954025204e+00
2.209232295831897730e+00
2.819314966575366732e+00
2.710243493156750283e+00
2.123505970117776975e+00
2.520312839900722413e+00
2.430066844346539412e+00
2.775092774164927611e+00
2.414432402889064022e+00
1.927402274366811330e+00
2.766895875475213096e+00
2.162634864191283590e+00
2.402023436286500058e+00
2.170670210146787404e+00
2.065795467642155714e+00
2.916650021799785719e+00
2.189720543733274294e+00
2.004191689662327747e+00
2.386097461756264249e+00
2.291304073745382475e+00
2.468830721915149518e+00
1.865928027597807626e+00
2.540220478656429748e+00
2.674679057138306781e+00
2.711661929432595208e+00
2.500261398782757105e+00
2.513355055244077985e+00
2.682354159293265816e+00
2.397878597106356313e+00
2.520307251192550169e+00
2.167189099059758650e+00
2.478701513071095874e+00
1.998088937805417631e+00
2.405279415967545908e+00
2.847105516334320630e+00
1.814461016052864029e+00
2.687645239622940885e+00
2.611416965186637462e+00
2.684281138687015567e+00
2.236127666027720284e+00
2.002221359133554479e+00
2.040966576986939618e+00
2.308058207246559412e+00
2.437867225081055800e+00
2.538355535725466794e+00
2.495898471084222692e+00
2.519939057763092904e+00
2.779420751015546642e+00
2.595989904816793370e+00
2.278308576486350656e+00
2.123060736909824442e+00
2.056957619359242706e+00
2.366141097230139767e+00
2.990921438396595633e+00
2.862200164565558147e+00
2.214978943983659576e+00
2.086606339483149775e+00
2.182777381086522528e+00
2.390891962311185281e+00
2.351702342914581134e+00
2.038615411692171087e+00
2.162361656150042499e+00
2.616452085036184538e+00
2.676263776680511075e+00
2.330911746240352134e+00
2.870119455734364777e+00
2.246166958362765698e+00
2.126051381694493703e+00
2.880987650260390165e+00
2.366925114495990634e+00
2.560193875558595789e+00
2.175700378953900227e+00
2.365007526810309457e+00
2.404130066479857941e+00
2.851724774312297761e+00
2.359896648873607727e+00
2.618400616049914920e+00
2.107069649848686943e+00
1.877364704146861962e+00
2.496962955246720739e+00
2.731413529641698812e+00
2.124596120027983037e+00
2.072978696477843386e+00
2.336481765372680819e+00
2.772632062094034566e+00
2.643680062162685029e+00
2.635891657938701282e+00
2.677262682412674177e+00
2.458973601381010621e+00
2.467069402486257612e+00
2.450280507030787813e+00
2.028483395461405880e+00
2.518222058513203798e+00
2.315362192588722667e+00
2.803937265933840628e+00
2.797015218421210481e+00
2.594039367456480338e+00
2.501611194455363396e+00
2.763740435882536151e+00
2.313441712350452484e+00
2.746071024820184725e+00
2.238116024411435312e+00
2.697021633797481943e+00
2.192645804640355855e+00
2.700091677512103772e+00
2.700148712665537243e+00
2.873614236728750715e+00
2.693533954992220814e+00
2.170036275079694210e+00
2.386219366544301668e+00
2.447097130723228098e+00
2.711769849321050696e+00
2.618964105127882025e+00
2.194555289931904074e+00
2.831760284043808085e+00
2.688129422805186852e+00
2.435962440391503669e+00
2.428461002394136869e+00
2.453682476243884025e+00
1.941442517162710324e+00
2.403158619394427209e+00
2.178977634652115025e+00
2.656737800513017334e+00
2.371580313479898727e+00
2.761118683210994629e+00
2.332427610602699541e+00
2.112246975293913032e+00
2.860685716285398250e+00
2.088366200294491826e+00
2.444349122754064574e+00
2.814973033574297290e+00
2.679980676451768851e+00
2.382402321114376331e+00
2.579678784834819272e+00
2.339425736201358852e+00
2.878679297594531672e+00
2.707333170601105010e+00
2.041071478722546573e+00
2.647813906856814725e+00
2.201449075557554647e+00
1.672445852126667409e+00
2.423288700243415583e+00
2.035279343240940619e+00
1.967593032979540357e+00
1.806835008499717343e+00
2.487016722991019169e+00
2.130909884070756100e+00
2.396545080710505982e+00
2.875974713613682621e+00
2.010423662797434563e+00
2.586385899518364617e+00
2.642291658115336173e+00
2.170515980109274157e+00
2.155714245920889116e+00
2.281021245154386534e+00
2.687258837109051335e+00
2.658857999049929255e+00
2.215750869606308182e+00
2.658349188706914834e+00
2.593767728765602243e+00
2.596681365576809064e+00
2.795730975886999481e+00
2.342409123529540338e+00
2.292973745906845107e+00
2.341955268128102396e+00
1.850809807410209062e+00
1.896692436946469051e+00
2.220295503593318287e+00
2.701933618852795149e+00
1.701497333921104582e+00
2.223301662451294902e+00
2.368100918307203262e+00
2.039950201142452180e+00
2.129413157512114019e+00
2.886252198183048900e+00
2.566239530450863615e+00
2.852909831129908813e+00
2.804353819778684365e+00
2.474384890790092051e+00
2.415539288191968392e+00
2.699252520144953760e+00
3.010015964183406556e+00
2.112398412364024480e+00
2.155561909583530777e+00
2.393321879855450529e+00
2.870833717986557065e+00
2.579599432715417251e+00
2.096673670048169402e+00
2.447535287621604105e+00
2.087743018207255385e+00
2.354576939466144658e+00
2.749041879660642618e+00
2.645611534474626048e+00
1.953991764550717658e+00
2.706630125251261454e+00
2.125945703160288414e+00
2.642734667450586272e+00
2.099637113428594493e+00
2.077241974307963979e+00
1.871974379119633047e+00
2.479852646266241578e+00
2.368873027102811779e+00
2.597535593865666570e+00
2.226724082523949821e+00
2.258059002962429673e+00
2.819248854461664067e+00
1.944000782423935147e+00
2.288923892548030192e+00
2.490761351423690151e+00
2.281418471207767862e+00
2.926716695506715205e+00
2.489702358941872973e+00
2.108851619868135518e+00
2.269525278755213371e+00
2.121962222637089113e+00
2.247913365273265018e+00
2.653095499835057325e+00
2.047371846747279456e+00
1.853157720257256669e+00
2.731099601623451889e+00
2.902223984315613237e+00
2.451600051411666037e+00
2.260877550682576675e+00
2.038712064479086372e+00
1.648743792138334330e+00
2.507690342254415228e+00
2.211502451672730185e+00
2.482974541189782336e+00
2.928274423715662600e+00
2.535424078813463211e+00
2.317610005450601030e+00
2.350854980063485478e+00
2.242556048399769519e+00
2.517648284643988710e+00
2.585164424574124098e+00
2.232635066367312682e+00
2.833192922306178474e+00
2.547713364298266558e+00
2.895163585385326588e+00
2.587836152544610968e+00
2.393913155342499266e+00
2.234862381444242985e+00
2.666226561683648910e+00
1.956404581175082091e+00
2.337548891899964953e+00
2.620736462283954626e+00
1.870604881357696980e+00
1.994209959260494269e+00
1.819918764246871490e+00
2.323650704939888900e+00
1.951297856363287453e+00
2.081828754529458259e+00
2.280130788277732634e+00
2.550879528110429284e+00
2.103301338757999073e+00
2.197483313030028640e+00
2.526193319962088957e+00
2.308726716987766103e+00
2.110039153438138637e+00
2.137960075095479251e+00
2.473526765195685595e+00
2.048990479478639770e+00
2.221077506167825621e+00
2.526095111495946011e+00
1.853351055999284736e+00
1.691825079119842590e+00
2.416124424837319040e+00
2.667589282277916585e+00
2.899924677384646543e+00
2.867956335352539465e+00
2.162129715489758297e+00
2.376849451903447097e+00
2.678793387044583252e+00
2.146966313590534359e+00
2.009423555822722918e+00
2.807181458577607813e+00
2.892135153013956295e+00
2.273655228193519839e+00
2.632176231958407442e+00
1.827490172187762552e+00
2.262038349760191469e+00
2.286978988755881126e+00
2.251391489061100870e+00
2.469760297272050931e+00
2.369097203477148916e+00
2.243607150631770963e+00
2.478204446152002749e+00
2.586514967055041136e+00
2.124473557118271572e+00
2.686098105637764633e+00
2.406645830651316320e+00
1.989945423684257308e+00
2.782171533373778871e+00
2.170723594888646968e+00
2.448247624243112597e+00
2.732492011854679603e+00
2.871090208014480005e+00
2.646010908650587634e+00
2.201694135429762333e+00
2.666138450503353852e+00
2.643791950952141256e+00
2.819664455143002790e+00
2.541239454194691660e+00
2.318191401480232283e+00
1.850952407852301418e+00
2.975844544540394487e+00
2.053260510927319871e+00
2.968460076335484921e+00
2.741196959156911639e+00
2.598402829029478944e+00
2.435637932283244211e+00
2.124536876633614568e+00
2.457820980992688753e+00
2.227747061912526139e+00
2.874450286081588146e+00
2.125169812488360677e+00
2.522023333221836250e+00
2.652259137453971238e+00
2.650140483696460603e+00
2.355283038324613720e+00
2.560037852006975978e+00
2.243095125545559565e+00
1.941671833775372225e+00
2.839022029879700426e+00
2.665882116573247362e+00
2.540126690488479611e+00
2.111439719644669477e+00
2.541016781215552633e+00
2.098113083080224150e+00
2.051398080577643501e+00
2.294771791272128603e+00
1.818661798792566620e+00
2.104017863340426509e+00
1.911467758209577816e+00
2.298329225825518574e+00
2.607025016487387603e+00
2.125495555949399318e+00
2.522805835335039326e+00
2.660973516431394792e+00
2.667777464815632271e+00
2.296186405665911145e+00
2.615202388853123061e+00
2.198554685421836297e+00
2.804921624737680474e+00
2.146870434938231931e+00
2.118400964667053632e+00
2.521823542506270943e+00
2.529016458843637682e+00
2.871792180620500901e+00
2.720167142846193986e+00
1.986992114992206737e+00
2.781452692011364913e+00
2.230328493029842818e+00
2.586888706198501087e+00
2.643872269421683630e+00
2.170290126482099957e+00
2.009782767155559036e+00
2.216209021969845594e+00
2.549868801681362207e+00
2.073661384293155940e+00
2.181920052751760153e+00
2.149442914034227492e+00
2.363021545805946921e+00
2.436280146819998382e+00
2.519621458645379342e+00
2.409596932859499496e+00
2.277172110032536168e+00
2.340323097820794729e+00
2.592879717170320841e+00
2.192266577281140272e+00
2.328326055450063770e+00
2.470422677329298544e+00
2.196027457609822431e+00
2.521128309927001876e+00
2.549995078593221720e+00
2.659909389228687804e+00
2.393355024943469189e+00
1.952625322434347277e+00
2.535428986718485156e+00
2.178791869382333157e+00
2.350871677556209072e+00
2.622940099535018277e+00
2.599183829212035501e+00
2.871555419572488166e+00
2.422834143343630231e+00
2.773376885581429363e+00
2.422206435196959884e+00
2.022107009032689362e+00
2.104453535872963243e+00
2.702381324327516321e+00
2.247994548222826516e+00
2.561956622794284044e+00
2.613207008341699389e+00
2.507093383114691321e+00
1.923025879007098649e+00
2.655648487258142953e+00
2.461639317854816156e+00
2.360606431694306728e+00
2.245263833450422464e+00
2.588571407600927632e+00
2.079793453309259910e+00
2.234720609766539301e+00
2.622287913078058086e+00
2.999610002951230925e+00
2.379768036352554184e+00
2.344647023290135746e+00
1.894172427815759230e+00
2.232389890588922121e+00
2.850922126227269260e+00
2.041173921342086750e+00
2.167585066465977484e+00
2.465944031280321802e+00
2.349643624297926614e+00
2.018235303173194772e+00
2.380257940696825614e+00
2.685588332371845244e+00
1.996685586337364704e+00
2.013849355181998035e+00
2.385245236831825544e+00
2.299249033461656655e+00
2.074002570443735927e+00
2.316562058310846606e+00
2.305814696621112159e+00
2.584343045913128911e+00
2.232526740891767503e+00
2.346646562167645111e+00
2.206816716154002656e+00
2.558468450673293759e+00
2.119892270614025520e+00
2.881694828855239088e+00
2.639483803197527845e+00
2.278212407149306173e+00
2.259173999175728476e+00
2.100441349505595134e+00
2.297270361264838190e+00
2.668548949286163818e+00
2.919338557286808467e+00
2.860342564785943953e+00
2.309736124816539782e+00
2.181185274672802432e+00
2.754592003986576998e+00
2.371356761768171229e+00
2.878947748348332336e+00
2.382454579564921016e+00
1.835424898306154295e+00
1.844255374225149069e+00
2.425864948872392901e+00
2.379295428573185767e+00
2.533010345293508436e+00
2.628550746934302573e+00
2.880425591602609803e+00
2.796890695149059525e+00
2.592256915496466974e+00
2.610706542048073953e+00
1.880928660881166836e+00
2.466766016398392658e+00
2.369805075994551036e+00
1.933611378170506656e+00
2.552658283947833340e+00
2.484978461791768289e+00
2.959535073336286182e+00
2.255537574290105596e+00
2.391447231346284230e+00
2.295049820933106055e+00
2.617580254411006724e+00
1.994129504427015309e+00
1.910010786878046485e+00
2.610910728612062304e+00
2.482629024295928133e+00
2.705462085453693710e+00
2.382695037587480247e+00
2.794102381193237061e+00
1.972017595976007787e+00
2.520809700487047778e+00
2.911258381234552051e+00
2.288450225421278628e+00
2.719751482019172606e+00
2.031099185141425956e+00
2.492644941585469454e+00
1.934219534973809385e+00
2.954098153806757665e+00
2.480620995939320839e+00
2.226094258852851837e+00
1.987873767590846885e+00
2.447072699995104461e+00
2.407571843743725459e+00
2.508170467417059513e+00
2.237846335725742097e+00
2.729441347532661766e+00
2.060332739916430178e+00
2.788922052976317456e+00
2.593329009392849382e+00
2.206767299450001385e+00
1.862160339016698085e+00
2.721038550710080717e+00
2.969338261905343224e+00
2.064923994404230356e+00
2.166144728690574617e+00
2.571434553532967904e+00
2.766751173310430634e+00
2.389811300832061391e+00
2.349611648310292011e+00
2.021769873273591589e+00
2.543992076254290691e+00
2.547717455283375454e+00
2.244772758306969429e+00
2.728030210584326376e+00
2.135819280351916927e+00
2.421350381777934935e+00
2.396857487854798130e+00
2.103144718857436146e+00
2.190486789556413960e+00
2.294213573515772264e+00
2.029609992248960104e+00
2.354919347996430989e+00
2.616899930983858980e+00
2.227680318903000778e+00
1.663963630272575100e+00
2.444732616316898977e+00
2.033258879330881896e+00
2.620500031127128260e+00
2.108913712039706123e+00
2.834781897138389795e+00
2.059240637130433704e+00
1.868969345145812033e+00
1.939900463458817947e+00
2.513412336785076473e+00
2.793201081986782963e+00
2.545737094127040301e+00
2.253241173859060087e+00
2.572274453923204973e+00
2.268080209726440533e+00
2.347770063247012651e+00
2.398449231751136779e+00
2.119666982796288401e+00
2.040063979762294810e+00
2.380624087150601920e+00
2.137179083892188025e+00
2.529181375974027368e+00
2.548497148676772905e+00
1.801066164395614955e+00
2.095458160452466245e+00
2.429888854992231728e+00
2.004911880514944400e+00
2.802309860325642887e+00
2.559063879936454011e+00
2.136430162236019115e+00
2.496764604581064084e+00
1.775192417286990398e+00
2.433915150859141452e+00
2.122082940775123827e+00
2.757136359828525229e+00
2.042208045250348825e+00
2.033559118815750022e+00
2.121314969731684208e+00
1.945927591961702730e+00
2.098497033854936689e+00
2.603355591837413385e+00
2.051968825908268013e+00
2.308816572564789116e+00
2.487180273445904977e+00
2.509541064556441103e+00
2.717189874057940102e+00
2.429783211260770237e+00
2.086234050390876504e+00
2.480433587344159641e+00
2.097430847192749859e+00
2.371947185783879419e+00
2.320646967290357132e+00
2.090975768416621694e+00
2.942492618675373262e+00
2.611031324346817062e+00
1.998013778904211613e+00
2.712184891210357218e+00
2.109031630168921811e+00
2.055936397242885683e+00
2.722406820537560890e+00
2.461500645993824676e+00
2.347764938647326272e+00
1.872300291449094933e+00
2.535023324437509551e+00
2.723124717895594404e+00
2.891661689307294836e+00
2.342255528039736134e+00
2.922629829478335495e+00
1.908575391452508763e+00
2.422758749443685300e+00
1.859957161612126875e+00
2.916040808629051462e+00
2.520055788462480351e+00
2.027046112310291193e+00
2.476147562937840885e+00
2.495176345406044938e+00
2.287805356497628395e+00
3.017518884500751231e+00
2.054526120819554436e+00
2.381608159018829163e+00
2.257153152273946972e+00
1.645844495827649911e+00
2.044971757314601124e+00
2.403289589368150736e+00
2.333132848343347554e+00
2.633378060606403004e+00
2.359242665408608275e+00
2.444527281741871061e+00
2.561444687126174458e+00
1.984378572738730417e+00
2.500946118259236517e+00
2.095644027991415470e+00
2.666840271959723729e+00
2.463562890304835662e+00
2.611781724112869796e+00
1.953582758147437204e+00
2.187564630494883922e+00
2.070069262249083497e+00
2.192299595977710513e+00
2.702412812887614812e+00
1.997411288371292004e+00
2.540277222984272498e+00
2.075354762860835756e+00
2.183022643305712940e+00
1.773324107552749052e+00
2.814801981060928604e+00
2.452835194617808412e+00
1.905581060617439704e+00
2.683408832316467763e+00
2.679714042352872916e+00
2.262540750855397853e+00
1.951127290108909618e+00
2.410560583804151946e+00
2.755070952030566289e+00
2.397276070402598158e+00
2.737896628340598326e+00
2.572965042510672262e+00
2.531272903050036049e+00
2.355586445338299306e+00
2.203229864257550297e+00
2.135575243661759437e+00
2.349471345742456307e+00
2.591096500554370685e+00
2.283976039915103229e+00
2.342090644642080388e+00
2.487390795036620084e+00
2.305808378144399207e+00
2.642080727068102597e+00
2.189520168976370584e+00
2.320948089631507116e+00
1.959882008243248874e+00
2.576248401567060142e+00
2.237863457367470055e+00
2.349937049745453699e+00
2.288951754810002903e+00
1.857999865536734463e+00
2.345316223580810266e+00
1.903007664763549656e+00
2.025297967216530104e+00
2.337087906564095263e+00
2.374670322884117279e+00
2.004226192639609661e+00
2.388903127212092858e+00
2.365381246537963555e+00
2.701817487574888155e+00
2.363497219695377627e+00
2.284312863308266550e+00
2.714049456662427140e+00
2.831114764220489022e+00
2.703079985048731704e+00
2.557639740653598892e+00
2.593503573854808675e+00
2.201749897730057803e+00
2.487615168764814477e+00
2.566784078567101446e+00
2.596724794129819713e+00
2.273260424205214569e+00
2.956695707337489321e+00
2.341059186766983657e+00
2.432251675054244888e+00
2.207944632811800201e+00
2.099233354282380226e+00
2.141386667076521366e+00
2.917732045435494470e+00
2.340390523722188032e+00
2.201644133444868423e+00
2.704029628721011491e+00
2.569005748501250963e+00
2.623003280010546501e+00
2.531742373887650110e+00
2.176365938078025586e+00
2.975264787962309754e+00
2.118449025479691716e+00
2.449592737331052206e+00
2.062975662599155768e+00
2.303834579585386511e+00
2.582756410243268519e+00
1.959434132756995961e+00
2.190603684290558295e+00
2.554306962685875870e+00
2.670519125196579413e+00
2.178536253782621834e+00
2.332089478240567892e+00
2.390660764641951097e+00
2.708257776954501761e+00
2.421002653745591982e+00
2.046626116976606902e+00
2.467354379076349691e+00
1.930678951664101417e+00
2.136935005502293539e+00
2.635397898258192040e+00
2.271893215216030271e+00
2.200920062149460676e+00
1.964537921932089537e+00
1.896326898349448342e+00
1.809429599094958485e+00
2.490821180344812369e+00
1.763820406649041939e+00
2.142010758462818298e+00
2.093269698572272297e+00
2.199775296014367498e+00
2.286180548015938729e+00
2.022833976139584156e+00
2.273839708295225748e+00
2.290162330662835366e+00
2.528738364314174980e+00
1.828926599620038562e+00
2.549800974860148894e+00
2.867274359572832942e+00
2.423648237810176909e+00
2.511689877306405361e+00
2.616600107886454474e+00
2.397675690836023055e+00
2.093150512829085930e+00
2.728478260514621390e+00
1.891284951134063697e+00
2.386731658671781275e+00
2.784264863302675863e+00
2.560296028171873406e+00
2.964972034421303526e+00
2.454864268533231364e+00
2.447357614119060720e+00
2.447296478265541086e+00
2.166918138699184482e+00
2.773642201118936335e+00
2.925352036930406463e+00
2.731106867299590846e+00
2.408737371081596912e+00
1.682175908037463419e+00
2.373844800242526087e+00
2.523103758509669170e+00
2.673916237821879704e+00
2.257888831418886522e+00
2.483521511696339168e+00
2.376229498771230908e+00
2.084365565460972292e+00
2.120914955333748075e+00
2.163934323724906683e+00
1.862904772785333396e+00
2.785148327103923904e+00
2.274197646874273282e+00
2.489859181291680823e+00
1.943073675834994907e+00
2.500200314984558858e+00
1.886094645144817727e+00
2.561369252918151318e+00
2.576739378000294067e+00
2.348730859504069901e+00
2.172760964063152223e+00
2.112129127443826082e+00
2.459347428929487656e+00
2.522450636325126894e+00
1.754326394476904083e+00
2.033143702068364256e+00
2.549225081009596661e+00
2.494502893541796773e+00
2.510408695904797760e+00
2.745752986696067488e+00
2.393546596730137033e+00
2.338878642566074362e+00
1.901752707478326476e+00
2.939875834816270128e+00
2.633145469793602089e+00
2.306871085384988973e+00
2.833851693825128137e+00
2.847675425255601134e+00
2.731083186563413090e+00
2.757365159767113383e+00
2.202117939552381998e+00
2.655372451681371704e+00
2.393966691548660819e+00
2.087537801656923708e+00
2.095668595071094042e+00
2.301815999209962715e+00
2.762584456398193389e+00
2.083321615536014804e+00
1.851036161361535815e+00
2.230357812028570308e+00
1.812836361542597086e+00
2.771860411434527993e+00
2.357464705720810461e+00
2.021804252505180699e+00
2.884417808651097204e+00
2.769621874540332485e+00
2.318265326611947064e+00
2.329970262946841952e+00
2.319263112439470920e+00
1.966410318974063154e+00
2.110572770129416575e+00
1.973430756639752426e+00
2.362862415935726990e+00
2.060582446618851371e+00
2.536254765857475668e+00
2.216923939059243231e+00
1.897670162976742514e+00
2.085720303379426710e+00
2.566288288415205177e+00
2.805191744331679171e+00
2.310406754079692426e+00
2.426324764647198151e+00
2.293140003858379572e+00
2.278697794812431177e+00
2.335666510607286028e+00
2.609697391040217251e+00
2.275509215446143596e+00
2.430103760590185402e+00
2.157939123544286630e+00
2.619531965434917176e+00
2.274269035289129715e+00
2.735083810477538346e+00
2.639077570964122543e+00
2.239626797405345648e+00
2.401878681102396218e+00
2.472511194141086222e+00
2.314081406535799079e+00
2.142360524811693256e+00
1.965677210627954530e+00
2.391878572521351387e+00
2.203143910247423953e+00
2.287418014310709680e+00
2.669734288802938948e+00
2.529414141613530287e+00
1.858444246539801448e+00
2.477690971228556194e+00
2.180700245290583261e+00
2.733431791756898210e+00
2.826600778153669946e+00
2.704761896749491967e+00
2.167126568440919776e+00
2.239262755296987706e+00
2.333706599594643549e+00
2.993610829343704705e+00
2.222790070376571059e+00
2.720526263620933971e+00
2.479161786861803662e+00
2.416889265236015660e+00
2.339290751849968153e+00
1.752096836801303681e+00
2.171851276845524925e+00
2.484786788571035743e+00
2.626299096295668267e+00
2.526809623070755961e+00
2.595213390373299234e+00
2.363270494720357551e+00
2.415329012241723916e+00
1.957048142948246916e+00
2.264688154910685647e+00
2.285918810638861931e+00
2.636867751736522436e+00
1.771019370209901744e+00
2.306829159608801305e+00
2.734045061799102339e+00
2.526462864156855836e+00
2.182033078575516427e+00
2.521054413671746985e+00
2.299393870953616137e+00
2.262119809401038406e+00
2.113309425596385793e+00
2.493196537047503547e+00
2.776284341514455356e+00
2.728515958148774789e+00
1.988601327114341233e+00
2.280270756232977813e+00
2.170275159058681069e+00
2.652416155787960861e+00
2.189748804222225509e+00
2.355675303982263546e+00
2.780168199435082421e+00
2.259718034490505900e+00
2.666912016472728464e+00
2.436128511403688357e+00
2.729652919711662129e+00
2.017318442850875027e+00
1.978307609292360825e+00
2.533894926971977490e+00
2.383164383982456336e+00
2.247177313942495314e+00
2.156866276112521241e+00
2.343442497957431758e+00
1.938177074991971560e+00
2.848896756818898091e+00
2.378074297547791094e+00
2.749110883101530955e+00
2.647769722556409633e+00
2.057061403006841704e+00
2.355178385753501136e+00
2.664728044554650843e+00
1.992752335388046747e+00
2.700589431888983150e+00
2.232113878799964812e+00
2.598002621054409822e+00
2.148890980953615859e+00
2.584753488890770168e+00
2.094287797669361684e+00
2.356445496208737111e+00
2.551361807929047654e+00
2.753493277348972867e+00
2.787305358237355701e+00
2.057245120290241758e+00
2.439285086255720714e+00
2.576901289646912119e+00
2.131849599213746060e+00
2.261134677717544506e+00
2.311784836251092212e+00
2.469404826358498450e+00
2.296263760110015539e+00
2.263874858878177854e+00
2.758296825776576977e+00
2.676349182257826698e+00
2.236485232467688267e+00
2.258140075614697206e+00
1.929939180746604643e+00
2.494991917633972989e+00
1.738132801036730957e+00
1.914837157208425067e+00
2.889465081219798837e+00
1.789881346744089274e+00
2.516336435832914997e+00
2.053990548892397072e+00
2.394453114973738916e+00
2.111564159859582901e+00
1.899577134818538404e+00
1.788651103195242564e+00
2.686942567809264215e+00
2.848399782422076587e+00
2.487513134038198626e+00
2.734028874320151292e+00
2.135434407541571211e+00
2.199792371271931390e+00
2.260515211569701588e+00
2.676472389102197535e+00
2.435173809093799768e+00
2.781617230533846907e+00
2.332456362896244251e+00
2.199105885778077862e+00
1.754737456509136928e+00
2.501992726867700689e+00
2.136870470860604332e+00
1.891439515752644906e+00
2.638259045153104054e+00
2.662031572901793375e+00
2.553661086555807813e+00
1.906417100627526118e+00
2.461405093205663697e+00
1.826636480016597730e+00
2.571558468394847363e+00
2.484712801209744804e+00
2.307353629948603047e+00
2.202391022099643436e+00
2.077620937152563130e+00
2.604413381936428795e+00
2.633575505873916978e+00
2.824939830219748593e+00
1.812717542807442017e+00
2.626016180501156594e+00
1.996652015979057948e+00
2.594089004164283452e+00
1.969056792288811142e+00
1.977016378966595989e+00
2.282486962252433305e+00
2.409720731285062367e+00
2.631982985528894314e+00
2.721268563635396376e+00
2.070515449898985949e+00
2.222826486823533898e+00
2.583691487332947734e+00
2.082006301867159515e+00
2.772013553691629273e+00
1.679262365686702729e+00
1.898560559816967697e+00
2.098897039267223263e+00
2.808998507854902904e+00
2.821678418755831697e+00
2.033231554008957609e+00
2.298448683015490879e+00
2.472541416933548675e+00
2.069895609352113475e+00
2.583529183529090112e+00
2.046644883427310546e+00
2.067340338841832548e+00
2.099036111569495766e+00
2.809083639613994432e+00
2.056401437643570418e+00
2.082548833902234442e+00
2.089492041668339795e+00
2.644655495363426034e+00
2.359001744323652616e+00
2.078388319236668114e+00
2.740704481306326823e+00
2.705548988724451043e+00
2.438126060803067041e+00
2.628985876357962326e+00
2.407786370083948135e+00
2.215379916544880423e+00
2.916869037773643925e+00
2.713940631460831643e+00
2.957039904409099584e+00
2.377809595701356304e+00
2.033559961325358323e+00
2.435781675143358527e+00
2.253574349023185874e+00
2.431653408874545619e+00
1.756836963928307238e+00
1.970998168016261820e+00
2.079576519399491730e+00
2.452551151757430770e+00
2.346924630122981803e+00
2.158806349899824006e+00
2.577152317387574332e+00
2.541624277126000031e+00
2.121003512402101165e+00
2.345188495202819468e+00
2.293392864678082343e+00
2.365377822347487946e+00
2.819240761517555871e+00
2.590235373521947437e+00
2.008198859447354323e+00
2.671131455450432846e+00
2.726412379325784840e+00
2.229193083751017213e+00
2.567551157549192276e+00
2.874154893908307695e+00
2.331820247384654987e+00
2.728115483890561244e+00
1.987714655968409794e+00
2.182047827622831448e+00
2.567714401598856000e+00
2.384315889535521205e+00
1.997546559126242238e+00
1.997255064718253648e+00
2.469580782470631952e+00
2.462583908156941170e+00
2.137441292735672960e+00
2.480364477774684939e+00
2.528442904739265806e+00
2.716221731722728183e+00
2.506699405247074797e+00
2.267213362384863373e+00
2.365781443843760101e+00
2.887521686655206921e+00
2.435190874246026649e+00
2.431423336758188114e+00
2.187205349952558553e+00
2.671010617987163993e+00
2.949617174605597025e+00
2.583700045015423719e+00
1.864231132740153063e+00
2.037580778872480458e+00
2.631987199317115778e+00
1.935303662406549607e+00
2.529802611582743666e+00
1.992121338569202482e+00
2.612847645604097213e+00
2.202236376901234749e+00
2.583589224462139899e+00
2.070672771975455628e+00
2.433237077344741373e+00
2.479715180059886670e+00
2.485192039160941224e+00
2.496596897568161388e+00
1.974522156561104858e+00
2.599863409535127623e+00
1.919699589126818928e+00
2.426473550440879201e+00
2.680544295154094758e+00
2.772817683166406866e+00
2.705899911302852345e+00
2.114552130413043685e+00
2.337473092960108634e+00
2.570698879892075350e+00
2.693536807852126458e+00
2.482010252261688699e+00
2.434551067463682994e+00
2.739860566183902169e+00
1.857645606225329038e+00
2.787955428760739096e+00
2.319361633030401215e+00
2.419823421968878563e+00
2.546916680994935955e+00
2.018939042153961694e+00
2.446629295635538437e+00
2.570621141656788122e+00
2.626665627904276157e+00
1.756591159365519017e+00
2.516174234544316768e+00
2.294323929649004778e+00
2.146295321486656249e+00
2.380693692968302688e+00
2.367647727124627011e+00
2.202485293375852304e+00
2.262776756486553520e+00
2.230728833661396848e+00
2.022774249342250918e+00
1.927302693589175275e+00
2.902896395109892946e+00
2.575471018074229512e+00
2.603403043684666240e+00
2.227059594558333355e+00
2.402093318416262058e+00
2.136311389548624096e+00
1.672592297142490692e+00
2.659314329460993775e+00
1.941432611100893268e+00
2.857329499967132147e+00
2.332504980569543029e+00
2.194703650401952810e+00
2.577977811143326470e+00
2.450649408100491478e+00
1.972756034323317698e+00
2.066832171281198782e+00
3.056534381595077399e+00
2.214238996894130285e+00
2.254617083855178450e+00
2.599093806773371984e+00
2.147279054178517832e+00
2.715038991035097382e+00
2.648901789661333162e+00
2.377009369011076512e+00
2.079608532616714189e+00
1.923627367439221691e+00
2.268516007985951433e+00
2.695112673013007942e+00
2.260524704955269470e+00
1.758198631719267935e+00
2.544168497897165260e+00
1.953085419806740441e+00
1.958549030874460639e+00
2.101441572344503683e+00
2.744603030007147559e+00
2.145574650212859424e+00
1.704323563020644139e+00
1.786542253851082895e+00
2.379566651517195819e+00
2.845332566444427336e+00
2.930335289419599309e+00
2.517782139734467073e+00
2.480437866457807949e+00
2.778816965842550779e+00
2.548970706107599682e+00
2.501110497614563499e+00
1.938239709371158970e+00
2.312030580628141152e+00
2.232604017440971589e+00
2.440829241611174538e+00
2.535084273571156288e+00
2.773337637077972762e+00
2.145410820231049343e+00
2.354381456014208673e+00
2.576016504520644901e+00
2.520370239208486574e+00
2.924782863049284032e+00
2.769292046038085431e+00
2.191904160402845747e+00
2.868199959598505266e+00
2.682390821746162946e+00
2.169040571566057896e+00
1.995301446895201503e+00
2.553238406636872071e+00
2.514369668374907718e+00
2.214574951098498889e+00
2.686490127808144557e+00
2.626695598025597267e+00
2.720746211069468679e+00
2.651930509863047902e+00
2.782077006494372284e+00
2.484836250175708194e+00
2.374279390394640199e+00
2.322718117846313657e+00
2.269925359122209940e+00
1.882201207535800558e+00
2.430001146143112578e+00
2.506262446828907642e+00
1.910978080876367446e+00
2.255759733038092740e+00
2.481448669709235055e+00
2.299355716467124111e+00
2.711792345742198407e+00
2.745629544372236275e+00
2.503991883906540927e+00
2.374983217920486833e+00
2.477327833636409515e+00
2.067507494097963416e+00
2.475529171320376864e+00
3.011744772118807312e+00
2.381875566811721523e+00
2.374980595020355967e+00
2.546488566476788673e+00
2.689899994031474506e+00
2.162895290961353023e+00
2.611863413242632159e+00
2.571978696949471122e+00
2.550829675408803787e+00
2.611054595754173757e+00
2.723783563342021097e+00
2.565490484367641599e+00
2.339780913075276469e+00
2.260845194275095338e+00
2.513346060792911452e+00
1.989295236050426130e+00
1.892517476140969102e+00
2.267590122256505580e+00
1.886300769801441568e+00
1.970009818582395766e+00
2.456470946063142424e+00
2.211811738848968201e+00
2.523335162126319364e+00
2.559955152683893065e+00
2.112027167367899416e+00
2.498693546949079636e+00
2.020524561738824332e+00
2.301596573779785437e+00
2.431360125248551718e+00
2.736785848168387325e+00
2.071949838690099632e+00
2.559895940751477639e+00
2.859456459920124871e+00
2.434499104671299818e+00
2.553675188969661836e+00
2.093726652382999820e+00
2.698176339297313486e+00
2.332278847088286700e+00
2.385286699119113951e+00
2.496940286136357212e+00
1.955199634658111751e+00
1.951782114434988280e+00
2.271722207725930254e+00
2.538085177646731694e+00
2.438131019366362562e+00
1.970496882833178587e+00
2.146807665761939710e+00
2.407975589534204985e+00
2.303719387204511637e+00
2.415636594830334438e+00
2.210140418826949116e+00
2.720186962285986443e+00
2.113138466778153646e+00
2.147540523880276719e+00
2.068636391150080911e+00
2.450898176678809826e+00
2.086987183124831446e+00
2.172727756320600445e+00
2.035709260099497708e+00
2.272475946807801961e+00
1.890009956806286473e+00
2.334334850758382984e+00
1.976778777712699053e+00
2.766802518755682616e+00
2.011966913794738687e+00
2.351349362960486467e+00
2.279770718264487073e+00
1.797473498067479136e+00
2.244416926207058349e+00
2.390719242022811830e+00
2.421575748326898925e+00
2.095649353681112270e+00
2.034886464023685448e+00
2.284817833019966216e+00
2.743724907968057458e+00
2.319326092297091080e+00
2.693099564113784261e+00
2.028932933540374073e+00
2.139880178263743105e+00
2.775874425657256506e+00
1.945247848919867462e+00
1.939150771043536503e+00
2.427713836117958657e+00
2.574478360929233212e+00
2.485393437815025308e+00
2.625295618586725777e+00
1.858331351542345633e+00
2.668836053821530996e+00
2.493737517703729534e+00
2.445078023585887550e+00
2.155776388122074838e+00
2.659348325712035610e+00
2.214221377714599370e+00
2.987852961436425758e+00
2.112536024185240890e+00
2.623616333524400268e+00
2.739575759774662167e+00
2.818270566584148096e+00
2.278189225579916766e+00
2.199000901705137068e+00
2.602458609058265093e+00
2.388857518169643868e+00
2.139363788511055908e+00
1.795068057004230555e+00
2.225543824268764848e+00
2.161146275330069866e+00
2.265643492754579658e+00
2.431053866760946924e+00
2.291335347089613617e+00
2.845472306311489064e+00
2.493936828299981645e+00
2.659663156977760234e+00
2.220632906563873021e+00
2.508732033686931651e+00
1.981276450413291590e+00
2.742476155182855369e+00
2.474940916205631503e+00
2.256149545934370781e+00
2.970849601360087799e+00
2.140270389150340513e+00
2.180545513556514159e+00
2.085483377057977705e+00
2.830193809793123627e+00
1.986568597392518898e+00
2.842291932284137790e+00
1.989131019648968435e+00
2.574902333140996813e+00
2.543810588028754704e+00
2.631461305815268048e+00
2.392658230111228690e+00
2.730201566519538936e+00
2.755195055802936110e+00
2.637377716649699888e+00
2.670932536020169668e+00
2.058380279509400168e+00
2.025949861324175316e+00
2.492104932185561061e+00
2.424419006662561049e+00
2.174908362405424622e+00
2.178865080829347267e+00
2.795363622750752342e+00
2.636411918331862836e+00
1.799395302055750490e+00
2.549390095045378946e+00
2.389008148952191046e+00
2.008839724599439158e+00
2.361828062962043173e+00
2.125311024446218333e+00
2.585268272955327795e+00
2.401880895262738402e+00
2.158289683997200115e+00
2.494650271799043750e+00
2.479553646474074835e+00
2.320528739579354571e+00
2.301240347267722530e+00
2.926067456035685410e+00
2.540170046958570182e+00
2.498416776635302483e+00
2.235522295358932876e+00
2.584341759263626415e+00
2.126479569354775112e+00
2.797770874423296306e+00
2.375212603056951810e+00
2.179767308045497565e+00
2.317641303505185491e+00
3.010038464808294734e+00
2.788043745612843072e+00
2.393635545024568323e+00
2.152906375278272222e+00
2.317541769532789786e+00
1.924075969108993922e+00
2.282825930078110410e+00
1.679247100102710277e+00
1.852453261235662119e+00
2.651513103944408201e+00
2.720544018167494471e+00
2.798078236276301034e+00
2.686078857262202302e+00
2.764266548409155977e+00
2.512194553797623797e+00
2.709989504942079463e+00
2.196341960105707702e+00
1.858494515237193445e+00
2.207750930022216451e+00
2.316380096969028912e+00
2.888522871844493967e+00
1.876835514159138185e+00
1.856649340015394722e+00
1.782736752914403811e+00
2.348559790460225116e+00
2.829826379147384330e+00
1.916735279220852295e+00
2.766153288687875911e+00
2.028316246006207191e+00
2.406462644523035266e+00
2.563668478245759275e+00
2.295000757889936516e+00
2.668547865147877118e+00
2.529678382854338103e+00
1.930930493173077078e+00
2.029402046100909462e+00
2.540688259896820789e+00
2.104283893218148460e+00
1.982059315861975257e+00
2.581680824795684170e+00
2.595243303868767892e+00
2.278072381044580652e+00
2.263574575351813500e+00
2.515667313982714148e+00
2.283976664090028308e+00
2.126650501409359517e+00
2.849547311107725189e+00
2.462580768597984804e+00
2.586381984437823522e+00
2.639797541331826203e+00
2.034252653782789189e+00
1.598384561626017053e+00
2.732060277731512166e+00
2.409375244922518533e+00
2.886472629096887399e+00
2.342822472778435916e+00
2.473887736296928708e+00
2.215936728994691851e+00
2.694672546051228412e+00
2.165761753917888832e+00
2.948118099293580485e+00
2.731572341712912966e+00
1.974665177427655793e+00
2.122551751728664726e+00
2.227761528512422817e+00
2.257754607323513518e+00
2.265100139488970488e+00
2.067895629682163339e+00
2.354402820124332774e+00
2.493401356809702207e+00
2.457137469884395298e+00
2.525285810278546705e+00
2.869634402696505937e+00
2.449022792995271924e+00
2.683291094968155654e+00
2.510105047191692584e+00
2.037940698437191500e+00
3.115848946759624205e+00
2.193180847646213572e+00
1.901999667391212290e+00
1.968472218263480622e+00
2.318467308856758002e+00
2.889654787027520211e+00
2.800057839705293095e+00
2.948499139471614239e+00
2.509768898607913634e+00
2.282083519156154150e+00
2.660765689450582450e+00
1.946588418200947634e+00
2.500128249268845249e+00
2.075834632129647694e+00
2.795150027284929894e+00
2.252256719973241061e+00
2.237963896987277046e+00
2.121585323202298312e+00
2.111576857784600580e+00
2.025208868661336314e+00
2.667558250155996458e+00
2.007287914497243086e+00
2.876527696315692495e+00
2.303225827832732886e+00
2.477694817424925589e+00
2.235796841339253938e+00
2.390373129885344561e+00
2.349363815875819661e+00
2.165931420091909310e+00
1.913940601159048516e+00
2.293944215544726273e+00
2.161295319805138782e+00
2.283770179507573772e+00
2.259816719377324645e+00
2.331604133101325083e+00
2.199848706750821670e+00
2.183198508584975883e+00
2.259646386616787073e+00
2.723241515153531189e+00
2.417691079812533061e+00
2.547755058056771826e+00
2.942201519469618720e+00
1.802696457411505193e+00
2.400962492431270690e+00
2.488302209869728276e+00
2.559636518912748127e+00
1.764184901924027882e+00
2.338720221654055464e+00
2.016133339744345498e+00
2.243378882959365050e+00
2.316408877497204255e+00
2.461808527174263794e+00
2.344311444538713651e+00
1.815221212363569592e+00
2.660625915937468555e+00
2.509785605711298828e+00
2.570258078434195959e+00
2.596161663683820731e+00
2.636478264209342726e+00
2.408704457454320824e+00
2.226189284379072930e+00
2.253902264341237860e+00
2.517395710051070878e+00
2.462652065240733101e+00
2.580421990583546155e+00
2.334377407663698278e+00
2.246190652406298227e+00
2.738416410565204906e+00
3.022124282219798008e+00
2.496069822607999811e+00
2.603296244914258484e+00
1.925794222258901067e+00
2.304364195326202402e+00
2.457044490434498130e+00
2.618529929619952679e+00
2.516678985901569909e+00
2.437095169995492583e+00
2.511675881023610835e+00
2.053890558147016598e+00
2.833742038170670607e+00
2.703003222734901012e+00
2.372456857930232754e+00
2.391693658513255549e+00
2.564720041533909090e+00
2.715011166728688252e+00
2.388646126294826644e+00
2.715137981468403794e+00
1.885477862014810935e+00
2.398647073680122421e+00
1.708919544968347859e+00
2.424349895100890162e+00
2.135753706373553218e+00
2.530530520195875432e+00
2.906207742202129740e+00
2.840465438838927437e+00
1.732501039777097684e+00
2.486581310407822265e+00
2.283182425889586753e+00
2.147631321040566199e+00
2.503514878370122432e+00
2.502661441855489777e+00
3.021967032151280375e+00
2.328188910292011471e+00
2.206059793963872195e+00
2.225065634149808513e+00
2.042238418706951109e+00
2.102353660831392190e+00
2.479867920556810823e+00
2.669554923734734242e+00
2.288920546416937540e+00
2.392593231514740459e+00
2.885060760784107892e+00
2.578904403343367235e+00
2.087306873196737023e+00
2.248675550448169691e+00
2.664655560735024409e+00
2.325740606457724180e+00
2.192306618648847127e+00
2.601955917420383901e+00
1.723304427284927165e+00
2.548888314361231977e+00
2.436486307355571590e+00
2.735019194038037504e+00
1.890925617542290382e+00
2.722176770089230757e+00
2.098258987730064806e+00
2.912244768719122412e+00
2.417892460570777224e+00
2.458915567338506580e+00
1.760886316962073872e+00
2.707276786065688334e+00
2.315704362969136287e+00
2.346284902784346649e+00
1.835795629710013532e+00
2.757341718504894068e+00
2.510354250106103802e+00
2.279206212644230067e+00
2.064889463587369356e+00
2.180431702015236173e+00
2.314602690892236136e+00
2.513476699550516891e+00
2.443572808698061039e+00
2.732983110993558284e+00
2.451024081983806724e+00
2.580993726094154006e+00
2.196641698373422269e+00
2.599252297730101802e+00
1.822185864263819344e+00
1.773120282250263857e+00
2.308225717872375959e+00
2.158393582329019900e+00
2.981159848895388542e+00
2.454078491286741048e+00
2.251913963804768049e+00
2.315257894808195438e+00
2.319306173844795538e+00
2.613674389467787407e+00
2.107929614404614682e+00
2.181434073146173880e+00
2.258907921498225502e+00
2.009209980794052441e+00
1.768347779126310249e+00
2.050835712062548666e+00
2.435974565998813901e+00
2.667612251543300950e+00
2.043659739708849621e+00
2.586978247176157986e+00
2.262283169172792263e+00
2.558084921206065232e+00
2.549867870918537172e+00
2.708526748619054736e+00
1.814796077889177628e+00
1.975345738074490765e+00
2.543656073590292443e+00
2.140280076832488554e+00
2.583805764410451289e+00
1.885727217286919721e+00
3.015028134669173632e+00
2.791032755638098717e+00
2.520321007381805423e+00
2.288279205770816560e+00
2.743538774923103496e+00
2.312180843716765466e+00
2.773012800613693152e+00
2.208690080785837395e+00
2.790852453803056132e+00
2.492076225295631886e+00
1.747607867152229266e+00
1.928296143418007702e+00
2.432706240492028549e+00
2.308369660742474849e+00
2.572923589100558850e+00
2.030407209867449492e+00
2.187947095437031031e+00
3.087803574287102393e+00
2.106771960655168030e+00
2.420238890260000275e+00
2.545375770087748180e+00
2.155871421507921326e+00
2.344490198449351581e+00
2.954974036212499655e+00
2.727585939409070903e+00
2.373037405075034467e+00
2.392832127443702106e+00
1.811690153779922374e+00
2.739908272537639355e+00
2.092160751451675793e+00
2.631559433247989244e+00
2.154586407731001518e+00
2.675568634689893255e+00
2.605778901931613767e+00
2.188810874380630267e+00
2.086598960168019268e+00
2.085865884732972297e+00
2.084166742204850653e+00
2.330812151058779591e+00
2.636360852862332571e+00
1.934207776342143248e+00
2.464035092597501642e+00
2.438004998532145251e+00
2.793898659859308964e+00
2.000690161372903564e+00
2.175367300140814031e+00
2.081560571914862212e+00
2.489072416040606583e+00
2.983267611842645106e+00
2.348048098710766141e+00
1.932056344550868054e+00
2.629216438494021091e+00
2.271759129097666197e+00
2.178595067158915377e+00
2.781682552922694729e+00
2.490792847412681255e+00
2.539604001445696646e+00
2.344450719591917753e+00
1.914818288477664776e+00
2.564082438658906948e+00
2.620255584954825689e+00
2.447851587005787088e+00
2.286993335794499593e+00
2.382011831431199766e+00
2.859773991702796891e+00
1.756859665673205839e+00
2.277952493991200367e+00
2.275948284388895182e+00
2.492990049894696192e+00
2.238114020889039768e+00
2.425060222449176184e+00
2.579711766022456665e+00
2.429067132179786093e+00
2.250297610588566144e+00
2.128822119941381263e+00
2.034205980978617490e+00
2.414947905037587272e+00
2.706443709600438119e+00
2.246595387855991444e+00
2.427130500859941975e+00
2.095544515669464758e+00
2.013227008362293180e+00
2.147851055968184930e+00
2.426268234409396207e+00
2.736734902097961886e+00
2.067549501691404057e+00
2.260605790199929910e+00
2.136685795862561577e+00
1.975103801624882305e+00
1.700681517536786425e+00
2.067566140057556456e+00
2.637896163127802396e+00
2.806675103910147406e+00
1.876294663044238309e+00
2.661498494706283857e+00
2.087379867702349401e+00
2.675696426795675098e+00
2.361414238891403006e+00
2.629991287431857394e+00
2.787667258914217960e+00
2.494402951120657796e+00
2.701827550223397711e+00
2.922103091455387602e+00
2.374160039406230549e+00
2.036662177289690678e+00
2.449503011141441533e+00
1.824195822375623166e+00
1.846403455188990961e+00
2.165677424653919658e+00
2.587150599053837041e+00
2.496826148673147561e+00
2.696009709592925851e+00
2.630158923862999654e+00
2.846110141684290440e+00
2.669694720302816737e+00
2.362173006684811671e+00
2.179150016863429240e+00
1.783005101764469913e+00
2.436801747854918432e+00
2.806762588442416551e+00
2.269254690293445176e+00
2.475539390146018981e+00
2.748023656163493200e+00
2.295518479013007873e+00
2.685428565754594210e+00
2.064237642192345845e+00
2.170971055521057291e+00
2.023087618728485637e+00
2.160786780839432097e+00
2.514210419378346550e+00
2.089889982495116705e+00
2.255986466695158121e+00
2.890681880041483076e+00
2.173622747808157118e+00
2.363371606941329972e+00
1.670523435753049402e+00
1.974289966214817449e+00
2.663594838257976605e+00
2.112208528290810960e+00
2.374210908429825295e+00
2.256187520451671258e+00
2.922098041264612256e+00
2.180085686827161418e+00
2.472783557478378746e+00
2.471005458339512018e+00
2.851447777550914608e+00
2.347259343166842704e+00
2.558011233358184811e+00
1.947414461096350857e+00
2.082943607692862464e+00
2.576670114256714772e+00
2.350751807374606983e+00
1.854377412862637353e+00
1.966267852984832754e+00
2.814180819999504202e+00
1.994195131633838880e+00
1.873595279085329413e+00
2.383970449573321826e+00
2.362932785662415380e+00
2.698903831223717908e+00
2.174143727530865711e+00
2.210332790041506623e+00
2.161071089726225303e+00
2.910698578073485532e+00
1.873197482038070127e+00
2.572199838834271723e+00
2.008744040113386031e+00
1.945888197880375481e+00
2.339240929450477235e+00
2.228028034585484818e+00
1.875615552483788973e+00
2.743185346015449166e+00
2.309532941666032624e+00
2.541826877284222075e+00
2.636937346547128413e+00
2.500385168948422887e+00
1.934579227900868448e+00
2.865429749001123572e+00
2.261655050302993519e+00
2.181237014999895862e+00
2.320655815507614683e+00
2.211407912066181147e+00
2.843265209967050566e+00
2.077621560870488437e+00
2.394376720223406085e+00
2.872073313714448073e+00
2.799424643195494333e+00
2.352439693354065220e+00
2.475054804338097547e+00
2.196314834885567890e+00
2.348286629965851358e+00
2.318109905140089744e+00
2.044665790515399539e+00
2.457238420213275543e+00
2.681603544068248191e+00
2.245055471517939161e+00
2.298451776777798106e+00
2.320291053517386182e+00
2.631295322863695940e+00
2.261272833238721969e+00
2.518400394471924209e+00
2.240530006823336251e+00
2.828482573879276707e+00
1.698779934318757734e+00
2.576559458567877492e+00
2.508146962399139035e+00
2.657089799132236418e+00
2.317242850874179361e+00
2.465597413217943679e+00
1.725219040339612375e+00
2.525345450577295647e+00
2.594433927114257799e+00
1.880190433292867835e+00
2.005577782826608146e+00
2.331512941704537045e+00
2.628266047313380760e+00
2.852104395906349676e+00
2.101488512027153366e+00
2.219481794032966970e+00
2.004152525023597420e+00
2.671637438737171522e+00
2.514659149820056783e+00
2.358376816836543988e+00
2.346195505029256445e+00
2.667194684895621393e+00
2.821653077072743709e+00
3.068606450933664576e+00
1.972622379002675341e+00
2.221685055531770203e+00
2.660673955444320171e+00
2.556482648989083728e+00
2.399547415584618371e+00
2.315730495881640483e+00
2.674511509000526033e+00
2.629520184879983624e+00
2.599874713313045316e+00
2.562590959009776626e+00
2.375210641340366635e+00
2.344525112714978654e+00
2.609651827354233511e+00
2.715344860013204631e+00
2.324975519692631831e+00
2.033181723771280147e+00
1.947675213462819466e+00
2.367016213832384253e+00
2.759917935976871295e+00
2.468901480044678021e+00
2.276121151267224363e+00
2.631752563984477433e+00
2.327851000828688122e+00
2.004626693022640183e+00
2.277304453642895243e+00
2.522825257053887604e+00
2.087282369476884281e+00
2.281921978224605851e+00
2.650551778411753379e+00
2.302022455052939343e+00
1.964300518409023644e+00
2.621994001303222355e+00
2.326386575051007988e+00
2.700286882855420956e+00
1.797904114848601020e+00
2.530705330467185377e+00
2.429217937914512682e+00
1.894319678560127951e+00
2.475916499652484060e+00
2.269271777751250330e+00
2.315672021411736115e+00
2.366650124861351401e+00
2.080231850797077620e+00
2.719085273126818691e+00
1.994180039633111523e+00
2.087676700353876313e+00
1.837222696816436684e+00
3.053801920186471897e+00
2.071261216942768435e+00
1.959528148271115322e+00
1.906935734605107235e+00
2.916531436960895896e+00
2.141468687030099627e+00
2.241222612090572053e+00
2.949143703198704003e+00
2.739424366502110075e+00
2.000129090512601238e+00
2.242014836515500154e+00
2.141328992078575855e+00
2.793582436963486071e+00
2.562549643348168260e+00
2.128802483868490469e+00
2.456278440398555141e+00
2.212087808739231054e+00
2.760489895570237717e+00
2.936088752722523676e+00
2.502342263554140356e+00
2.737668378424344073e+00
2.184303688171336688e+00
2.355019368627729648e+00
2.753211841685589967e+00
2.466399161895088454e+00
2.518883656581274000e+00
2.376489346824058657e+00
2.527275702678784874e+00
2.376988113495064781e+00
2.752880980580827419e+00
2.827435040415358536e+00
2.878844252178285323e+00
2.727386242960554874e+00
2.157095044014090135e+00
1.948407929692269835e+00
2.575694876079153595e+00
2.251928561274444185e+00
2.509934750335357290e+00
1.925829754597209842e+00
2.154669122733444908e+00
2.412657830043703377e+00
2.609955140664439011e+00
2.616629674544511452e+00
2.313097635724026269e+00
2.394625179554192407e+00
2.705035232388637745e+00
2.605695318504509306e+00
2.085574868940550886e+00
2.075935663366405226e+00
2.609975024783346864e+00
1.943443242759514078e+00
2.115957081400150930e+00
2.513733954233198897e+00
2.478469579159982672e+00
2.265589135188899039e+00
1.983933854272762476e+00
2.408674298427371685e+00
2.722231441786264305e+00
2.167355861826143038e+00
1.862341792866122558e+00
1.996662653398127985e+00
1.973591412445449667e+00
2.665591168097952934e+00
2.684914654389531030e+00
2.393922883223498221e+00
2.547605348354586852e+00
1.690345550952821574e+00
2.415108224278842641e+00
2.230711485067313760e+00
2.573976321568746339e+00
2.094462795885078332e+00
2.344540913425355644e+00
2.726750144504272555e+00
1.914607255884388959e+00
1.934301923911276866e+00
2.462777404186836883e+00
2.366647104035202620e+00
2.350597437078822072e+00
2.083923289197550766e+00
2.533140620774418039e+00
2.018004953155267955e+00
2.226770329009741811e+00
2.602111641704225597e+00
2.484101860401340733e+00
2.048089998284264190e+00
1.953381005679611482e+00
2.616616982904382382e+00
1.892762315300705600e+00
2.202460149900344888e+00
2.419705125399482792e+00
2.336170621783492773e+00
1.837342081559702356e+00
1.983005622905363863e+00
2.205341736125169927e+00
2.105969347414258230e+00
1.799285414535218397e+00
2.157935614162251436e+00
2.389728639250551456e+00
2.574394369271081562e+00
2.098339100009856573e+00
2.277906394677843505e+00
2.372021661139689819e+00
2.527193350119456561e+00
2.481396314203240472e+00
2.841923222153091011e+00
2.083067683737886533e+00
2.341376379162911636e+00
2.553810131107957737e+00
2.200149503278826302e+00
2.793193998825096003e+00
2.283587758463827555e+00
2.577018673973396901e+00
1.748690498135671012e+00
2.237924118770123094e+00
2.490785910656700075e+00
2.815707669198504348e+00
2.552964577661310575e+00
2.189430018977438941e+00
2.671551081121930959e+00
1.995775724103673321e+00
2.646012820956015865e+00
2.591028503162186247e+00
2.330187360862450596e+00
2.321492364455016943e+00
2.711555166014636420e+00
1.932787558760670876e+00
2.526467891538731081e+00
2.381319846082901925e+00
1.888560846596008203e+00
1.886284896120077770e+00
2.271723738904954715e+00
2.750534955593798347e+00
2.695216694847160088e+00
2.215339361845854782e+00
1.833309523839238731e+00
2.059632326574149630e+00
2.767341881168040807e+00
2.231659751942451919e+00
2.263393850878689939e+00
2.775620918288391081e+00
2.599682953166924992e+00
2.576242137727105863e+00
2.459645501108111532e+00
2.429564919940438550e+00
2.215038988550269039e+00
2.200267162491803763e+00
2.493429920529680377e+00
2.581961078832583745e+00
2.893574444855557370e+00
2.319929083163777772e+00
2.260388994056529377e+00
2.651173672875559273e+00
2.289412649425236701e+00
2.586912050065616420e+00
2.607618704264531573e+00
2.431793258882340325e+00
2.531068732868651860e+00
2.613917004146632639e+00
2.208820074803647504e+00
2.833381287473617949e+00
2.166171037913724007e+00
2.015148548284938723e+00
2.037436581906309829e+00
2.204072797692948615e+00
2.203488717117993545e+00
2.355308748391011342e+00
2.188308531556645953e+00
2.603416800715386614e+00
2.176451849737274902e+00
2.375663267737628814e+00
2.514261450751614113e+00
1.962512176992315727e+00
2.116917539030588991e+00
2.133006576440535706e+00
1.747776003972904002e+00
2.168577836745812615e+00
2.326880402105560464e+00
2.466734598277608992e+00
2.443336731763793956e+00
1.974740850800994929e+00
2.050152505821713156e+00
2.486222867206437037e+00
1.962324778876709308e+00
2.101811814380493360e+00
2.531571292678056473e+00
2.724616213372931028e+00
2.311080836141985007e+00
2.701825913537609036e+00
2.387714398134428428e+00
2.320716006811699206e+00
2.005064312832122830e+00
2.187013352875823102e+00
2.433406867126392648e+00
2.141484337775698688e+00
2.411179943530880276e+00
2.339960488581183551e+00
2.613907026213403650e+00
2.250441769475710174e+00
2.063856395611357364e+00
2.702178353753536655e+00
2.273301928647045500e+00
2.220970180211115697e+00
2.540608988242092359e+00
2.608629362376161609e+00
2.426781581119252795e+00
2.513186884220307782e+00
2.859206542882406055e+00
2.489869119718870483e+00
2.233698585237651191e+00
2.714621056750093242e+00
2.879798466796140488e+00
2.690654491811488302e+00
2.852499883210906084e+00
2.762767974918575842e+00
2.513877137473206513e+00
2.928457782271948417e+00
1.896319450515909777e+00
1.914359070935777396e+00
2.638091487516309286e+00
2.004625271217638449e+00
2.267457546744844343e+00
2.643949444377550417e+00
2.673066143174377185e+00
2.251509816668202824e+00
1.731405230985876509e+00
2.501925095276409827e+00
1.840343044527747773e+00
2.796078286463042240e+00
2.790678287668427071e+00
1.903388396960932649e+00
2.420710789295342558e+00
2.349469662992813568e+00
2.571117899432502352e+00
2.759953963778093655e+00
2.640660974053989918e+00
2.617683804066904152e+00
2.971391668356262450e+00
2.284469850068385988e+00
2.679658331327221532e+00
2.798035625515420843e+00
1.995154763542943854e+00
1.700139560855503440e+00
1.955465848056324063e+00
2.836993942769922672e+00
2.038846124067946519e+00
2.430608507961345310e+00
2.407725662254958543e+00
2.564993941867316440e+00
2.252233032535246426e+00
2.118473133491349358e+00
1.908395590570743261e+00
2.659179827673703755e+00
1.837699805728564728e+00
1.928270509336527327e+00
2.237875908507700906e+00
2.079782368858213992e+00
2.264614526712907416e+00
2.610169915977013311e+00
2.606242827587514022e+00
2.780548258057332411e+00
2.522515854695991155e+00
2.665747791895620278e+00
2.471745423100928818e+00
2.047993713199331101e+00
2.203578527544469701e+00
2.886082179278748772e+00
1.894715034157524514e+00
2.692275967593793062e+00
2.743967491409669002e+00
2.877523026834868158e+00
2.346113545689894941e+00
2.214225055823777488e+00
1.793585323754218308e+00
2.395439483941450121e+00
1.888628148667698348e+00
2.881905316126859518e+00
2.592904630990974901e+00
2.158019506326900316e+00
2.556465540923474666e+00
2.351284021518854850e+00
2.228750083723554987e+00
2.180625569824479637e+00
2.065237789403317592e+00
2.327020018498439313e+00
2.673545610381284021e+00
2.461370955070731448e+00
2.604373960182539083e+00
2.494638137795265997e+00
2.450903193858864348e+00
2.104310652596836473e+00
2.148280183382991204e+00
2.342541134897003108e+00
2.248372015646284972e+00
2.250954920121846836e+00
1.841221757817227855e+00
2.034664915223990178e+00
2.573362211862553650e+00
2.219374487640090265e+00
1.893840010255097628e+00
2.342283209528081667e+00
2.077199735546275683e+00
2.355408434248944971e+00
2.760086721587569958e+00
2.226399741104478025e+00
2.720749749397919359e+00
1.892112268972725220e+00
2.069468807430598467e+00
2.528323238898902314e+00
1.967647414075471390e+00
2.313876263651601484e+00
2.660457780129157346e+00
1.953086196265433561e+00
2.781363115656644514e+00
2.465891162792161140e+00
2.888697434815493459e+00
2.708899028041169998e+00
1.829269837601006810e+00
1.927766358961332971e+00
1.950000734105822087e+00
2.487115817971300213e+00
2.413256749104306653e+00
2.422923210219165568e+00
2.157773051202388270e+00
2.578784140030759175e+00
2.215311619335921911e+00
2.689193458344331766e+00
2.434726319712541720e+00
2.258569131171205946e+00
2.209759842839046140e+00
1.765581191011589057e+00
2.496052878503718375e+00
2.364313023182917917e+00
1.835983916125968785e+00
2.742759901067771455e+00
2.471054818907399753e+00
2.513638198702188298e+00
2.454836492466359488e+00
1.808905971920402367e+00
1.654834419782448052e+00
2.426916363038593705e+00
1.962078726952673380e+00
2.686104885097008399e+00
2.388864465657665637e+00
2.232429669136678285e+00
2.819946366020642525e+00
2.565798707837954051e+00
2.157539427561351086e+00
1.992771494948024191e+00
2.029979382398038545e+00
2.135361822976159729e+00
2.571414644050665999e+00
2.336744416693208315e+00
2.199520407784240739e+00
2.211677751795403601e+00
2.035673003368204448e+00
2.122039629334209643e+00
2.867580510105539382e+00
2.319227531058646541e+00
2.359987973056043575e+00
2.583493190158101971e+00
2.267242905695933786e+00
1.875867577196602687e+00
2.377647475840216185e+00
1.792419373407696526e+00
2.109872905400704823e+00
2.459991981559336516e+00
2.193500756823896225e+00
2.546018347197288367e+00
2.443794987132914542e+00
2.717579274911507969e+00
2.780838217986862482e+00
2.611358788480417914e+00
2.865205449060952425e+00
2.495298260680312019e+00
2.717475791885592962e+00
2.762366876217309919e+00
2.656959767106887860e+00
2.469258604478718144e+00
2.489755281745076765e+00
2.575237427802441026e+00
2.499226695814785959e+00
3.020015763560758959e+00
2.389180695433007706e+00
2.402564738220410945e+00
1.742156152103904621e+00
2.611827508519207086e+00
2.739980536980186177e+00
2.503872066081548553e+00
2.508591210387339565e+00
2.517831390797014457e+00
2.243443751362458105e+00
2.448971179041058210e+00
2.577465537120279926e+00
2.222829839127689500e+00
2.021865740252702714e+00
2.768924529462346129e+00
2.839330842455821013e+00
2.789788604579817921e+00
2.437184517355622582e+00
2.619330131520700711e+00
2.192448705566987677e+00
2.701365009962267472e+00
2.561720166020009071e+00
2.655036963776074455e+00
2.596863137419597400e+00
2.851612188834508732e+00
2.547743019188598801e+00
2.251464375178912292e+00
2.554128486591167313e+00
2.648582777019005796e+00
2.408268474902184320e+00
2.088638004925289504e+00
2.822326281506515322e+00
2.513225207974008502e+00
2.891524272875185542e+00
2.268310675559604306e+00
2.311077245109696587e+00
2.581942843505790286e+00
2.394493919214651712e+00
2.250937170607072435e+00
2.330675889809019630e+00
2.590275708415418432e+00
2.565508820257871303e+00
2.297204995444191766e+00
2.988028283903527260e+00
2.122957927274264023e+00
2.816995984081472670e+00
2.270999600373248661e+00
2.560612407427612869e+00
1.931350496995863031e+00
2.375600200435482368e+00
2.765028482219945793e+00
2.836652455557767460e+00
2.719148446205109426e+00
2.648434214137072473e+00
2.490643589200972841e+00
2.186719732751103429e+00
2.090738928161604004e+00
2.865187628249366014e+00
2.410107040000274647e+00
2.674326773679835068e+00
1.944935877597435470e+00
2.568128748715134524e+00
2.583538436478375111e+00
2.890084918565445804e+00
2.289181867956222582e+00
2.195367403342817436e+00
2.459396346278992063e+00
2.343931947399610749e+00
2.575252439551595440e+00
2.398167525378805287e+00
2.441022210223330102e+00
2.114385246073762659e+00
2.907914857873535652e+00
2.571837054490646590e+00
2.465049202264265382e+00
2.003105189867400604e+00
2.059818669646562128e+00
2.321582264942760432e+00
2.375512272515658996e+00
2.382575133863091832e+00
2.520353603402216702e+00
1.975237850320986865e+00
2.287275087097146553e+00
2.281809127630654910e+00
2.166525854899717718e+00
2.683260129016491025e+00
2.155262710918358415e+00
2.305283856530626174e+00
3.057586102497937830e+00
2.059479183038439576e+00
2.587634785873253129e+00
1.993829500254746812e+00
2.479565428576301578e+00
1.994667510734129623e+00
2.476338854588683969e+00
2.851977916264667456e+00
2.750816772505911167e+00
2.336720368165624340e+00
2.385426366395142939e+00
2.414606444627198201e+00
2.139139938102391447e+00
2.322743862258217717e+00
2.295382233093551605e+00
2.313563666281198472e+00
2.702702386351083508e+00
2.695910274076338542e+00
2.443131984121506228e+00
2.725823583483950596e+00
2.246000605887137791e+00
2.556119346864263786e+00
2.673886281103279305e+00
2.683433705718729190e+00
2.687485105039015387e+00
2.545194226547383476e+00
2.342358903087253807e+00
1.913984491264449694e+00
2.486722779430660779e+00
2.279119490433943351e+00
2.670669090565544579e+00
2.771667795163474057e+00
2.605691636697958558e+00
1.973540568759839298e+00
2.419397613104566691e+00
2.570678567697600947e+00
2.715993415703868319e+00
2.668784591615808832e+00
2.932919511457774853e+00
2.296810041828042603e+00
2.442151905145020230e+00
2.172087806218075734e+00
2.046561434924677236e+00
2.395284077549075352e+00
2.630173260800114043e+00
2.483459714558090781e+00
1.933180547699762997e+00
2.699277791097703716e+00
2.572880412315582621e+00
2.492811085999839360e+00
2.457360788238208471e+00
2.872531221258411982e+00
2.382836778167484404e+00
2.414789263352338899e+00
2.594969457736827412e+00
2.941616309769455206e+00
1.831905330993621073e+00
2.416609449597013626e+00
2.412796468742191447e+00
2.187994169177600590e+00
1.711069905737166108e+00
2.375807133680257532e+00
2.267963000576000532e+00
2.092639652624959989e+00
1.888490419419800892e+00
2.601168913780403713e+00
2.386518745510627149e+00
2.282513030947866284e+00
2.487461788507776550e+00
2.615741013195858056e+00
2.330386225998357208e+00
1.853342996336632797e+00
2.581397705165008549e+00
2.151028944450802172e+00
3.064085073066991960e+00
2.343222148328349963e+00
2.001477878720582915e+00
2.311605861325052302e+00
2.514590099907322518e+00
2.146835000947175498e+00
2.440001564005672030e+00
2.226543685856892552e+00
2.228091832836573971e+00
2.416686828465867798e+00
1.813046377392173003e+00
2.585521078959771124e+00
2.280062099662410802e+00
1.881151735631710009e+00
2.411286665868141554e+00
2.208699197844487205e+00
2.427657838554426739e+00
2.013241742377724908e+00
1.846103412440496250e+00
2.619168782325866474e+00
2.167776221889055499e+00
2.121344491863907500e+00
1.903915882667232218e+00
2.145292364976738142e+00
2.485976508987464584e+00
2.538834560788217232e+00
1.933639819405963189e+00
2.292656775017403614e+00
2.888674627569539854e+00
2.059819524705672755e+00
2.482236290404921775e+00
2.424812623274744006e+00
1.975538466678059546e+00
2.183942577947139974e+00
2.040401321316397620e+00
2.209528229486329209e+00
2.111330419251284063e+00
2.467870578058800834e+00
2.127420015816254839e+00
2.633850420651859814e+00
2.422913117855625575e+00
2.592969260226898331e+00
2.128485521962813376e+00
1.903732154713513536e+00
2.631477322130001184e+00
2.275761000724868754e+00
2.035909293101775930e+00
2.204133582593147178e+00
2.276646823960478017e+00
2.248700748407575389e+00
2.565277984590912830e+00
2.323078147792335013e+00
2.262385172134116385e+00
2.446293651812703640e+00
2.269485655527981649e+00
2.362888320972751810e+00
2.478478851198546717e+00
2.930237404939140422e+00
2.859880573812962457e+00
3.015103546934315482e+00
2.137515657505111299e+00
2.733623266430151411e+00
2.216055306508057932e+00
2.036738695348339068e+00
2.412898077938453678e+00
2.780278201880025168e+00
2.594162360926254074e+00
2.027441413369488465e+00
2.653745828910837545e+00
1.855618322432276868e+00
2.093968702282711813e+00
2.176580510628061127e+00
2.445639267944160977e+00
2.146132980624896991e+00
2.788064752459683771e+00
1.988559270999707085e+00
2.116433691990038390e+00
2.163372246873076943e+00
2.553650547610412325e+00
2.148003948099579397e+00
2.075066033887343231e+00
2.618246991859637607e+00
1.963794358665979622e+00
2.363300863137088648e+00
2.295652385446207866e+00
2.816242567756486181e+00
2.396267330251931060e+00
2.478592395621016298e+00
2.660137584894681773e+00
2.762885831664768865e+00
2.550414541109049082e+00
2.152186996987511591e+00
2.444077870445389600e+00
2.128157802612268057e+00
2.494988873622929759e+00
2.307305473980683086e+00
2.487722289473500936e+00
2.467617168297033370e+00
2.773161629834249187e+00
2.489512607624301044e+00
2.638460282607688612e+00
2.273907842736704765e+00
2.069432956879301067e+00
2.184988498267558032e+00
2.838445197874162051e+00
2.116978627613230302e+00
2.341484500061706164e+00
1.883059555535632423e+00
2.201796909292818683e+00
2.316870004249690584e+00
1.998449562094035459e+00
2.581038565266463358e+00
2.096477849185816034e+00
2.521875905839352061e+00
2.573623855206669031e+00
2.428642495440026305e+00
2.433267796959840634e+00
2.534168578185989062e+00
1.808994168383895706e+00
1.868049870920620803e+00
1.940041321864211410e+00
2.644074825676748119e+00
2.684131388613583802e+00
2.154655179738978354e+00
2.650840343373691788e+00
1.754607655690501034e+00
2.211520189245014034e+00
2.942053851041531498e+00
2.653896511952114068e+00
2.196568500647150035e+00
2.337776064062331738e+00
1.807815137124195726e+00
2.329133480941107948e+00
2.577900863872078396e+00
2.527487465590607663e+00
2.735975701952855665e+00
2.729372453924474140e+00
2.449920966883079476e+00
1.772960321333951983e+00
2.517367938765442403e+00
2.951840578886579358e+00
2.045404496138007122e+00
1.828040721508886968e+00
2.486580010652736039e+00
2.408993023838187586e+00
2.626263073106039236e+00
2.475800668125467840e+00
2.549286099773489855e+00
2.184740663255936965e+00
2.167462304962654684e+00
2.526212211869365731e+00
2.407744598920794399e+00
2.936503866425004272e+00
2.306931888309651235e+00
2.117607350775421615e+00
2.156736201519335427e+00
2.416998081064520409e+00
2.812201346640797794e+00
2.567518004022000255e+00
2.029493695855004276e+00
2.409028768931474218e+00
2.729031975821893496e+00
1.914897416818094333e+00
2.437799745666120455e+00
1.862486967916594960e+00
2.384473030657555892e+00
2.157685246710154825e+00
2.343831928335943893e+00
2.293616039787051086e+00
2.717754990674669635e+00
1.805061935133143169e+00
2.429727253903886552e+00
2.791971513356905632e+00
2.132058046823816611e+00
2.026075355972333014e+00
2.502994999482894833e+00
2.640514982799722521e+00
2.379068203771714796e+00
2.171117643501305317e+00
2.626856384559045132e+00
2.033812026694024055e+00
1.884902556785852834e+00
1.816140127918803859e+00
1.904436247525285841e+00
2.138555859064957154e+00
2.761866391961679934e+00
2.406515888596945985e+00
2.239474318601461178e+00
2.900157125421769067e+00
2.132357921349454788e+00
2.017977637159748205e+00
2.178168963573056338e+00
1.899710103691232943e+00
2.356820162986110745e+00
2.418419661325453607e+00
2.288228080248585261e+00
1.948371526683362776e+00
2.215922023447169487e+00
2.587669267070582535e+00
2.468299721588204321e+00
2.519780626046423944e+00
2.084847724728367435e+00
2.324968763254122717e+00
2.400341721731878319e+00
2.324615530702079713e+00
2.929038864919147223e+00
2.414666315214450520e+00
2.120273293965591499e+00
1.743304527393631620e+00
1.926305248421142258e+00
2.545615269323418417e+00
1.930167032306746799e+00
2.420742444761840861e+00
2.126550690420811129e+00
1.993920929254268337e+00
2.217985983831570973e+00
1.684126618811025100e+00
1.817181817086820139e+00
2.575324593788562488e+00
2.281422164702619604e+00
2.044393660765155385e+00
2.784586066632390278e+00
1.874419703421813521e+00
2.253132100301449725e+00
1.897830995326276415e+00
2.613510014914848689e+00
2.729899756261164434e+00
2.157050699797153470e+00
2.511050266964629962e+00
2.311771407189803007e+00
2.181420448684734836e+00
2.541945828279073005e+00
2.150862954400996951e+00
2.596250845998151924e+00
2.399662649301262718e+00
2.092718559371807174e+00
2.555066119035154237e+00
2.637031935707470076e+00
2.045481000557652695e+00
2.501011426510402202e+00
2.604686986848158359e+00
2.484962987744406160e+00
2.187336080752256606e+00
2.293984414341029954e+00
2.205983181300092522e+00
2.153247381971890029e+00
2.490190176009737133e+00
2.250812042263360624e+00
2.151366818647338253e+00
2.318404940902237144e+00
2.727961003845954302e+00
1.984880599415758118e+00
2.219916983654646625e+00
2.608529285041650603e+00
2.650926397075742624e+00
2.814749297122479899e+00
2.671761095133187602e+00
2.145938756801110792e+00
2.201352410368066614e+00
2.125972440920934403e+00
2.168160772707068418e+00
2.531330296568986782e+00
1.978541521890846866e+00
2.150623655320693217e+00
2.319551563144327311e+00
2.724097289383947462e+00
2.531944754103781836e+00
1.895582067034686347e+00
2.635343631915728402e+00
2.415718321920397926e+00
2.681121302490752978e+00
2.275098434111028745e+00
2.799663103690272603e+00
2.506616582877713828e+00
2.077059479787157770e+00
2.607426296524633980e+00
2.153070060123737584e+00
2.423410720501995463e+00
2.413294101553253412e+00
2.653596822504825870e+00
2.215069622700127638e+00
2.274160758125849391e+00
2.100997707798123670e+00
2.484094885873441960e+00
2.801528368666406976e+00
2.094979199843375994e+00
2.501516239397465480e+00
2.228822916152285671e+00
2.773596508474595268e+00
2.242783364738994756e+00
2.429866810505698638e+00
2.437879631007490833e+00
2.158311233641330595e+00
2.333573304728656428e+00
1.980318722289086786e+00
2.372520967715196605e+00
2.318028915719538396e+00
2.970005302159871352e+00
2.004705008856848103e+00
1.658989364054737514e+00
2.223955543414280811e+00
2.101736266878129200e+00
2.184313413832060569e+00
2.233186152978287708e+00
2.454376797219998796e+00
2.080577190751348837e+00
2.533899489580343722e+00
2.181934273358449694e+00
2.822495906083698269e+00
2.451096860362851793e+00
2.561030792295266867e+00
2.738869701376470900e+00
2.699928797778397005e+00
2.811789515536355033e+00
2.539716290951958833e+00
2.245941382398137787e+00
2.408916832697558963e+00
2.286418545218833920e+00
2.679304565047044395e+00
2.441541997965359201e+00
1.931545127618274016e+00
3.025706101618192978e+00
2.396351588676103095e+00
2.905778743684428456e+00
2.328917789837570140e+00
2.690591655993547437e+00
2.466034320310834360e+00
2.240296419264838690e+00
2.310068493549125357e+00
2.343872397880688574e+00
1.931041466327636291e+00
1.847675656874420813e+00
2.377491536318084187e+00
1.926657011735985359e+00
2.221122571218317354e+00
2.688313422088011162e+00
2.414725497448739322e+00
2.575949801443987663e+00
1.994543359146088823e+00
2.140260333028227713e+00
2.551646979985016550e+00
2.377357104463717175e+00
2.818227890112551481e+00
2.568946800248149032e+00
2.271713816930611252e+00
2.110329627244814432e+00
2.479235311792781005e+00
2.434130929594595205e+00
1.988933673225673271e+00
2.592931015013605567e+00
2.739406297162882975e+00
1.946700474586894991e+00
2.402215533158397864e+00
2.746688999728084113e+00
2.678384310014270575e+00
2.120630090672203760e+00
1.955505136442535763e+00
2.675800643487260988e+00
2.617766024002839753e+00
2.481861312807948750e+00
2.667116156851002007e+00
2.253108489630334610e+00
1.878140750996193375e+00
2.345754961958104623e+00
2.532652057819880120e+00
2.480032871516436810e+00
2.450312730063442412e+00
2.432220033259542724e+00
2.726372896069916507e+00
1.865858384599541786e+00
2.701219943265726009e+00
1.720956788160304285e+00
2.468920736809075756e+00
2.277852686279068450e+00
1.926656397611295812e+00
2.170041549739353037e+00
3.012910699804353332e+00
2.387505163467130487e+00
2.872906345126453154e+00
1.675412019115854578e+00
2.887577146289889374e+00
2.672987344088432415e+00
1.896888466618301905e+00
2.072590155779844956e+00
2.641509027067073578e+00
2.598296970985958687e+00
2.491742688764563507e+00
2.387017376206227670e+00
2.923898688343235186e+00
2.228184404678813291e+00
2.585135737477294526e+00
1.875189259392723962e+00
2.473323491560966758e+00
2.252529748597217996e+00
1.920650060803809511e+00
2.519139582839913238e+00
2.616879014510626433e+00
2.760226879875244066e+00
2.448533610438986319e+00
2.662787233838002532e+00
2.508767798026978912e+00
1.980053673734726738e+00
2.612088611269908878e+00
1.777856904739949284e+00
2.096351422005652942e+00
2.273557312326297097e+00
2.716371366230172946e+00
1.772934646087674260e+00
2.537635554089877399e+00
2.382907578622162958e+00
1.834077602079327018e+00
2.563101736436085520e+00
2.318349020710946284e+00
2.160363825980657460e+00
2.202939821124653808e+00
2.153051454283444244e+00
1.931245555964264504e+00
2.767192582473486429e+00
2.144673891538081634e+00
2.084944184869571782e+00
2.111187227007344624e+00
2.798381675511281586e+00
2.711890447102994983e+00
2.619770393034247746e+00
2.637680502429898599e+00
2.767314682819043359e+00
2.659889069591727218e+00
2.044412930252559768e+00
2.476049934831446642e+00
2.674832196585152921e+00
2.665432945301686729e+00
2.660733351046842721e+00
2.580714021414511450e+00
2.628293214770042407e+00
2.618193662516604903e+00
2.495213050672386856e+00
2.728046772228144068e+00
2.562186955230320251e+00
2.475587356903115488e+00
2.449023341049517022e+00
2.782242049643730564e+00
2.274754293630690594e+00
1.907880243346961713e+00
2.025016537936338512e+00
2.433107463900367140e+00
2.418806614604292804e+00
2.095518234834776727e+00
2.141118904193501926e+00
2.314096217909605624e+00
2.720676793121679093e+00
2.060734422378524222e+00
2.593242188011688043e+00
2.355061904829157449e+00
2.252761414561697428e+00
2.600743709220921573e+00
2.119497391682836351e+00
2.722316214651761435e+00
2.270845391249958656e+00
2.187653676253615842e+00
2.268033793827954003e+00
2.349260314293403873e+00
2.173901562055492676e+00
2.452150088474549072e+00
2.128330339803531146e+00
1.949342710433752179e+00
2.556276928594679809e+00
2.605255027057926220e+00
2.212757604718909477e+00
2.324210710318294737e+00
2.309169447971496147e+00
2.340904829133124920e+00
2.246482952810804345e+00
2.321835567135034584e+00
2.054578998994379901e+00
2.205150073468847616e+00
2.676863623099438705e+00
2.170159592574042229e+00
2.506441690366649766e+00
2.214390522262837280e+00
2.215054326053561340e+00
2.233990323573548764e+00
2.344245524917598189e+00
2.717731099391075045e+00
2.123555112422812030e+00
2.004174145617811931e+00
2.712046280712312019e+00
2.067637530516436062e+00
2.119746008117127989e+00
2.107165008557958075e+00
2.776224287568087146e+00
2.204107777167947368e+00
2.924846890889426287e+00
2.090237992027115688e+00
2.729471938541119247e+00
2.542547628072605814e+00
1.828484540939214753e+00
2.294735556726896775e+00
1.961731325019840044e+00
2.567182555014047463e+00
1.870393278888556221e+00
2.876089846556858731e+00
2.103755591000745273e+00
2.045163765716381477e+00
2.114943393517750181e+00
2.818218323171911344e+00
1.904429786419701509e+00
2.555779492901455008e+00
2.002450895350775806e+00
2.191393706192628965e+00
2.684383981342766567e+00
2.006434808700315653e+00
2.137672334299639321e+00
2.701206053916783922e+00
2.624296282475726549e+00
2.395262693699030887e+00
2.381538650603729490e+00
2.647403190654609162e+00
2.514174947053283926e+00
1.995940953901309323e+00
2.410961963884334036e+00
2.007929160520535383e+00
2.179558144293607835e+00
2.048190620858968192e+00
2.895154316810204076e+00
2.278139482463970467e+00
2.538012017585317803e+00
2.350687209192693139e+00
2.032286376846660580e+00
1.851292593162664479e+00
2.157542585361702514e+00
1.947304114167441647e+00
2.653755165958646245e+00
2.369673928419831821e+00
2.244573301337649873e+00
2.335926518486803438e+00
2.182711116438158960e+00
2.320302724545163287e+00
2.484336140578156105e+00
2.296212022564422917e+00
2.508422977761618267e+00
2.851396753961127128e+00
2.380417010036677716e+00
1.937319279741629208e+00
2.054312798762816250e+00
2.542687343506352171e+00
2.354609276848627086e+00
2.928919809264843632e+00
2.324804496411888799e+00
2.333980839063888979e+00
1.823087875427416238e+00
2.531210151573441092e+00
1.955258211350908493e+00
2.470341862784229292e+00
1.850713941998447298e+00
2.146794361727431877e+00
2.157747507016539945e+00
2.639189109881249884e+00
2.462551346694473065e+00
2.656040926148311776e+00
2.097487148380982269e+00
2.526180681783296134e+00
2.433401674931563896e+00
2.850665271823971558e+00
2.697704950111095012e+00
1.982500525192814278e+00
2.840605885919663010e+00
2.571409125723707056e+00
2.164448634160727192e+00
2.660718099873053966e+00
2.194567654155087588e+00
2.720631626649730350e+00
2.051420571314887642e+00
2.348645518390882536e+00
2.981232346332502559e+00
2.038323200204114727e+00
2.118822537137292628e+00
2.002718806387782990e+00
2.632889722409177402e+00
2.578630717806991157e+00
2.405669749197766105e+00
2.000605350487091538e+00
2.269257146939007264e+00
2.161308370894466258e+00
2.314795902384922943e+00
2.930354803525181850e+00
2.169769718841552564e+00
2.284280713243754590e+00
2.285162727695344564e+00
1.935321876473941050e+00
2.342310958262109555e+00
1.966907792602727190e+00
2.190176136029039267e+00
2.477042857892273631e+00
2.436061077955270271e+00
2.257005524745103298e+00
2.682463737928479475e+00
2.167879307860713922e+00
2.899185154443474133e+00
1.916082060492656058e+00
2.316209913607712778e+00
2.716516916266755288e+00
2.700978138575433896e+00
2.547327357928748537e+00
2.256891024586233918e+00
2.455332609654482745e+00
2.196727385930922871e+00
2.198880681897068534e+00
2.231560028473505763e+00
2.275179616894678958e+00
2.105132986959876717e+00
2.656424948190742263e+00
2.673850131897305360e+00
2.273171753492822855e+00
2.811312977086395382e+00
1.843865786786399008e+00
2.955961926965622322e+00
2.534819580173093279e+00
2.623354060033324497e+00
2.187098918227167843e+00
2.331882637230491717e+00
2.097875320906180008e+00
2.590518134505900072e+00
2.069634434215719132e+00
2.403477570479459757e+00
2.943162949804677186e+00
2.213957935055398174e+00
2.387565027588575806e+00
2.405298035546604929e+00
2.437728883867172680e+00
2.084146861269707607e+00
2.652693198277811693e+00
2.268898988416344409e+00
2.289224660388824883e+00
2.805046596928388869e+00
1.924963788173690071e+00
2.284294913314492526e+00
2.655483111209415270e+00
2.485063923739661895e+00
2.295283911459573556e+00
2.502845982320510476e+00
2.596706386785166298e+00
2.831670406698973075e+00
2.575335528525395823e+00
2.633183047880359062e+00
2.483222171503935982e+00
2.463837650926723910e+00
2.044975246801264745e+00
1.780025449091387824e+00
2.536356244764536250e+00
1.898978014200634057e+00
2.369310610978475840e+00
2.434026552005754684e+00
2.575446419740521353e+00
2.432207767208767635e+00
2.304471102378727210e+00
2.626991854349149946e+00
2.388256544508432277e+00
2.961720445956240066e+00
2.674194621918114745e+00
2.400612972555642433e+00
2.509996729331843923e+00
2.661657713110275658e+00
2.367601805857640240e+00
2.290273601899799338e+00
2.492267484117930643e+00
2.111852497986053123e+00
2.693555961347317229e+00
2.522941396063040465e+00
2.236480094704091481e+00
2.671990008724210774e+00
2.376828529849309035e+00
2.161806608606463342e+00
2.493193260646898946e+00
2.579013015858965918e+00
1.894346558293087623e+00
2.542385503327764695e+00
2.324059720593253608e+00
2.248594899343097087e+00
1.845852734134441064e+00
2.529654854559451049e+00
2.458813382923038748e+00
2.358976473580239652e+00
2.358268763792434886e+00
2.399130861585678787e+00
2.436843719612105996e+00
2.381611531166876183e+00
2.112298796736488349e+00
2.665511124540402843e+00
2.956813475925938128e+00
2.189318297979391925e+00
2.589884812582217144e+00
2.298614454901755089e+00
1.986705040209332696e+00
2.166723287782847951e+00
2.070502020154979306e+00
2.227624802964945694e+00
2.142392420716880075e+00
2.810211766824410873e+00
2.667141760286307672e+00
2.991223911552829851e+00
1.846497013237847096e+00
2.258051836293795134e+00
2.531211995587061558e+00
2.716546123657902267e+00
2.612121871870923151e+00
2.026871856444762976e+00
1.960345241047528608e+00
2.965536774883833271e+00
1.916926859447898979e+00
2.440830694637220688e+00
2.715164891601981267e+00
2.152201682167525831e+00
1.756413830559707456e+00
2.670927800286265974e+00
2.146063486153482636e+00
3.007529780919780293e+00
2.524323008418179803e+00
2.180672452995430888e+00
1.899502058962733386e+00
2.408541329385954555e+00
2.289790343250845073e+00
2.261706716626081359e+00
2.181143868650151418e+00
2.399467839763373966e+00
2.693640260500883343e+00
2.333890313981219489e+00
2.256415547223160623e+00
2.890444011359257992e+00
2.418947789345984312e+00
1.932469729268828429e+00
2.047461992519629348e+00
2.285158927394076223e+00
2.156720416753738157e+00
2.637211465063407090e+00
2.149503741985653527e+00
2.205171549262225916e+00
2.595728498144616925e+00
2.395761158343131747e+00
2.629082338448877287e+00
2.442734316764352265e+00
2.282475246626429310e+00
1.892079718687844858e+00
1.959257055775517120e+00
2.547767588098828639e+00
2.713320307731213354e+00
2.448281180696485038e+00
1.939150101567388651e+00
2.362969078652083610e+00
2.511844698498781003e+00
2.654366429807693883e+00
2.336054033069136171e+00
2.855939146726434341e+00
2.263802908083095922e+00
2.286732425227504528e+00
2.834167075619888898e+00
2.654235531063753317e+00
2.548255113345077039e+00
2.429418881810212483e+00
2.999082035296150917e+00
2.162897236675155987e+00
2.312706299523988651e+00
2.152699702648797064e+00
2.568716251447199284e+00
2.134939691531289707e+00
1.968967932388003161e+00
2.117372307408716736e+00
1.802297905907509046e+00
2.350973110686006784e+00
2.111470746736396009e+00
2.709178376330932725e+00
2.496145286538349328e+00
2.271169035249094303e+00
2.440833444060549695e+00
2.490471875868470075e+00
2.479058776227446526e+00
2.018119741522060195e+00
2.921562973225133142e+00
2.582937165352602982e+00
2.310068066180017698e+00
1.917686899179127158e+00
2.108695682768641610e+00
2.779601753142182829e+00
2.253111227334837707e+00
2.925577302994669449e+00
2.477750625259242057e+00
2.416801814358892742e+00
2.217279247517422114e+00
2.302166779817846010e+00
2.467675844808769448e+00
2.521470285032470393e+00
2.209204944129897097e+00
2.298918243788202087e+00
2.407221648487865018e+00
3.028947246593352904e+00
2.451490158425954746e+00
2.187831104828895867e+00
2.529466375387219745e+00
2.556927987045405359e+00
2.577650806171129627e+00
2.554851451447595956e+00
1.741266020775677381e+00
2.393887709395148278e+00
2.013209295348763916e+00
2.215155203771765002e+00
2.398719036001778271e+00
1.985834704156756336e+00
2.372606801092835394e+00
2.412553689011811553e+00
2.563226764268174307e+00
2.068122591851189185e+00
2.553804816455619520e+00
2.669668406513551862e+00
1.871531422707473968e+00
2.492772213969896455e+00
2.494025056958657949e+00
2.751807445084176518e+00
2.149061922289734916e+00
2.898718292743747149e+00
2.655544646595838554e+00
2.657186618575941406e+00
2.524649230943622591e+00
2.112251187388233475e+00
2.022532668766316100e+00
2.393999407463671236e+00
2.593822827626761196e+00
2.430394452282718110e+00
2.509503364289156213e+00
2.502146965617152219e+00
2.390061833588002393e+00
2.852308806760866844e+00
2.138544605385996000e+00
2.804992625638165649e+00
2.647238247467404548e+00
2.515031048060293095e+00
2.061537491765914609e+00
2.136402182025958219e+00
2.827819267649070767e+00
1.931599110561484478e+00
2.716662965263966001e+00
2.471114071937156709e+00
2.641234550029239792e+00
2.510438875116037583e+00
2.013797249354511099e+00
2.489683730930905448e+00
2.587434191461891686e+00
2.375579494283494242e+00
1.817179765720319473e+00
2.990232146339754760e+00
1.766393953010772400e+00
2.814149630852747830e+00
2.646482129192372135e+00
2.567897257706847736e+00
2.403090546364435198e+00
2.476885717091725780e+00
2.478635950960189849e+00
2.182031509423996596e+00
1.950429265900234244e+00
2.649371071959259805e+00
2.709808154382847611e+00
2.254500544992002364e+00
2.318206373773406437e+00
2.269393178648775766e+00
2.567309728873618191e+00
2.270730309692384985e+00
2.418489776744849884e+00
2.399258790867896174e+00
2.705916048617766023e+00
1.703856155254871663e+00
2.296423527567433176e+00
2.636926448608437390e+00
2.286717821871390832e+00
2.163568213705303833e+00
2.666823132615872893e+00
2.283752556842946202e+00
2.379280755216544918e+00
2.499681355476415234e+00
2.730468607984523732e+00
2.453706423177305584e+00
2.089531079013680070e+00
2.155412071428768339e+00
1.981830156402141441e+00
2.200698322978491106e+00
3.040676717165514464e+00
1.997924486359877960e+00
2.719020850078473828e+00
2.268589874432657361e+00
1.749309508378183553e+00
2.390940524829712643e+00
2.514552949440526319e+00
1.914450128031594422e+00
2.185369749361813163e+00
2.250144258424297217e+00
2.534536106495428154e+00
2.243412869466754334e+00
2.669615302213896424e+00
2.128562933505233623e+00
2.001729944498769065e+00
2.713243842573254128e+00
2.497032262137050651e+00
2.372169689445976282e+00
2.031871828855593254e+00
2.501757123702708974e+00
2.841192998201723441e+00
2.178438191156695680e+00
2.080525859591574545e+00
2.146744549327585183e+00
1.983811648540933170e+00
2.480387294136947141e+00
1.997281788114924295e+00
2.696580257081976573e+00
2.764851699438276356e+00
2.092229049295898591e+00
2.712334299392967107e+00
2.643217581365428615e+00
2.409308140266690046e+00
2.032262319227847946e+00
2.398069248299678602e+00
2.464056717935666718e+00
2.370927183572646868e+00
2.484369348542695199e+00
2.376159841916864579e+00
2.547855062155528483e+00
2.477184977406764244e+00
3.002916466106842819e+00
2.206473607898063793e+00
2.386207736100380838e+00
2.490662033017766230e+00
2.192035249797427365e+00
2.135619292460106955e+00
2.710220341189390147e+00
2.736710735812018402e+00
2.694431809857777083e+00
2.235068930160288403e+00
2.490896221158584112e+00
1.821005922415045220e+00
2.425853940880975834e+00
2.514902029053016630e+00
2.843808543081745022e+00
2.425911595367361784e+00
1.897053662851801548e+00
2.679261218801636701e+00
2.899163580244668026e+00
2.511429444825422852e+00
2.407027096068568017e+00
2.064305866851348981e+00
2.688890336886495369e+00
2.474790832510328720e+00
1.958915233054996596e+00
2.651329302160092105e+00
2.229092548937764207e+00
2.210931864070257546e+00
2.623898351439196919e+00
2.346293246453245551e+00
2.937051718431287650e+00
2.113581033363360007e+00
2.338352025788135613e+00
2.602331225972945639e+00
2.369492127650439262e+00
2.530627285259856585e+00
2.635936918387351557e+00
2.276871617348018351e+00
2.166806483572159880e+00
2.362186424037013843e+00
2.493974013522552546e+00
2.574330819830591643e+00
2.076564663146776013e+00
2.168190999096035299e+00
2.683631284140655548e+00
2.289427145083103632e+00
2.139066220860048606e+00
2.019262231196993440e+00
2.629635278488443806e+00
1.987128610842344267e+00
1.894176992139732452e+00
2.477032785987024699e+00
2.356649913765923365e+00
2.560206299489772075e+00
1.840742254168134195e+00
2.434798465542590939e+00
2.207782142667424452e+00
2.232498458813855891e+00
2.242277500060442019e+00
2.360876706957232507e+00
2.261344426554313891e+00
2.072410434458766382e+00
2.344915452476582729e+00
2.219906961700212289e+00
1.706773445740023876e+00
2.132132246707817202e+00
2.000567422191476652e+00
2.578228684146262495e+00
2.296199013988157844e+00
2.310888942068628715e+00
2.581699386294323162e+00
2.865075410871108286e+00
2.617925154555905021e+00
2.414797655865711157e+00
2.150950376485703419e+00
2.467723902831305161e+00
2.560388306928113700e+00
2.943952382197326578e+00
2.076136368463990856e+00
2.788232984470358389e+00
2.489271292943191938e+00
2.083822995563519687e+00
2.433591490264937374e+00
2.363544359219259317e+00
2.912251729957219482e+00
2.194881560043045354e+00
2.378627511212586754e+00
1.862667319927937104e+00
1.992975029610058346e+00
2.190141280736194407e+00
2.178587195144268129e+00
1.735989573935164954e+00
2.216134870410406243e+00
2.378749858989373855e+00
1.895151978388202263e+00
1.874947044994972556e+00
3.062768402363200249e+00
2.391032530088359032e+00
2.114261664202263802e+00
2.150006175880407433e+00
2.085245504266026728e+00
1.982677392324619481e+00
2.020536357641007363e+00
2.316104026511803582e+00
2.285570423092312620e+00
1.875684403174200376e+00
2.926537374423408000e+00
2.468698166093920676e+00
2.067184765842589478e+00
2.590623720795072416e+00
1.816914348996207629e+00
1.995297632787453423e+00
2.697546728334673460e+00
2.282388844076397749e+00
1.976988884436521321e+00
2.454219293149482617e+00
2.024706494408500923e+00
2.215260683962691601e+00
2.014697643886819378e+00
2.267479018741202168e+00
2.685518758703969056e+00
2.487898948604272409e+00
2.280628658019087318e+00
2.754141492540953085e+00
1.869875072210204214e+00
2.496311754123870852e+00
2.842190234411746452e+00
2.333255216931584997e+00
2.314401052350555155e+00
2.489701811575654844e+00
1.987594724456765993e+00
1.825501908950455832e+00
2.466874612093739927e+00
1.854228763004465597e+00
2.252330073054160220e+00
2.090735379474074396e+00
2.356922440783809414e+00
2.131447905426968603e+00
1.716933610153878131e+00
2.666349847943720430e+00
2.279457655653540193e+00
2.604483441451575843e+00
2.838454701584145035e+00
2.414107484052383068e+00
2.443824397726610087e+00
2.524687405507358928e+00
2.672077766143621247e+00
2.568335246310843090e+00
2.474244168769843100e+00
2.570791980397791221e+00
2.743931470071027778e+00
2.104732541636772147e+00
2.346752934253442113e+00
2.478977465561670979e+00
2.311302741337482480e+00
1.675382320161835192e+00
2.751156499502922959e+00
2.331977812576112363e+00
2.532711555186618391e+00
2.482851955718999193e+00
2.177085244091129912e+00
1.917125517393877487e+00
2.668832432714973280e+00
2.202667434290757065e+00
2.151887381407255440e+00
2.195752772864808744e+00
2.723129468474312809e+00
2.286321814549447051e+00
1.947357493002362938e+00
2.358332818860017888e+00
2.896802131742927777e+00
2.803637898715229504e+00
2.693575713564835272e+00
1.801103727914190156e+00
2.568276864222100553e+00
2.507629458818422918e+00
1.797785728612042222e+00
2.038264915217932405e+00
2.096807615848661044e+00
1.732540086050117667e+00
2.445308680731504758e+00
2.332400100002729015e+00
2.735127318508030037e+00
2.597642941184591603e+00
2.101723486186473977e+00
2.295155993199917255e+00
2.818586272410949611e+00
2.465146437277310643e+00
2.123169333726048880e+00
2.145758258553058351e+00
2.650535218646713265e+00
2.417258413827275021e+00
2.479390283755955160e+00
1.794522836769282037e+00
2.167029669197835684e+00
2.229709589165934869e+00
2.367333132392077211e+00
2.444969623434811723e+00
2.803291607557306442e+00
2.104518416767138689e+00
2.472249285066574043e+00
1.851788594154611944e+00
2.789687352020966404e+00
2.294862159071456631e+00
2.192969405945831785e+00
2.335567782492311562e+00
2.206988284428614833e+00
2.990064347141663692e+00
2.880420917621052457e+00
1.980965337600604892e+00
2.557069442215819333e+00
2.805564581568072757e+00
2.513864114242942538e+00
2.631622517863234201e+00
2.009084993747291215e+00
2.317299228543771239e+00
2.607207375642897951e+00
2.623590783760627598e+00
2.094561924071494996e+00
2.191489032867969922e+00
2.299159899426658438e+00
2.319362421091753390e+00
2.558254766174980155e+00
2.431177452810358464e+00
2.442722260977320481e+00
2.154539365732453859e+00
2.576753924439695531e+00
2.164127658374591867e+00
2.463076535890377006e+00
2.075306888449975240e+00
2.063240250072056803e+00
2.396664197766843696e+00
2.453340929628507361e+00
2.090830708840121677e+00
1.915296636744399095e+00
2.043876355043865445e+00
2.628717328216648497e+00
2.710898586697644941e+00
2.249178840827580572e+00
2.094856273254352974e+00
2.642450039162646647e+00
2.787759254719012425e+00
2.463564817023054854e+00
2.599611950765603474e+00
2.084866172483305746e+00
1.947413827849089119e+00
2.607712960334421126e+00
2.364745355461777443e+00
2.324489233970677304e+00
2.408448781075684497e+00
2.304931876212698683e+00
2.137684587037725681e+00
1.653773425372153660e+00
2.248311792222479344e+00
2.874057868776647595e+00
2.660036638537284226e+00
2.078425029043557082e+00
2.395724985073638624e+00
2.375404526346690748e+00
2.194842828154859760e+00
2.649661196605867630e+00
1.780679724544099063e+00
2.112084871626492166e+00
2.004629466037854524e+00
2.329336676721843524e+00
2.040754147094808069e+00
2.625766743497145228e+00
2.577755784325639787e+00
2.104523028600876700e+00
2.299815887823682736e+00
2.047240320252830870e+00
2.573244753640794080e+00
2.191170397922409308e+00
1.898310297887171094e+00
2.152547956333896728e+00
2.736112914554379660e+00
2.542589659333229335e+00
1.837617693938276453e+00
1.654955530678409836e+00
1.901752102060344729e+00
2.504638052773239920e+00
2.470196685097687972e+00
2.480003450485205985e+00
2.605765431056918491e+00
2.504174765203988517e+00
2.112591891705691616e+00
2.850410260681722985e+00
2.524163218970153277e+00
1.934350357565048917e+00
2.756643214049299129e+00
2.906059546773927860e+00
2.552605536585541124e+00
2.246362077647255262e+00
2.060512802688084122e+00
1.946194827078305600e+00
1.915212491119766769e+00
2.548409751170424453e+00
2.007406068109028219e+00
2.002474033393958130e+00
2.332116901175753210e+00
2.289159165799852680e+00
2.084854992229774773e+00
2.126548671509421506e+00
2.051301460460849491e+00
2.620935758009843575e+00
2.141084002763541605e+00
2.012491036852054549e+00
2.365796188082016194e+00
2.498809827190740407e+00
2.049871593554882576e+00
2.262218414076698991e+00
2.815755760698678056e+00
2.273740647131339720e+00
2.448930711271815497e+00
2.125293958035448405e+00
2.287527765901585131e+00
2.498505651383898130e+00
2.897604652976510931e+00
1.860556372563484606e+00
2.027706697409222159e+00
1.994520426144990921e+00
2.870665314087531783e+00
2.596956469148893554e+00
1.848320362934100070e+00
2.101431851165870057e+00
2.659776580224222808e+00
2.158659750901021024e+00
2.522926564120076875e+00
2.542164153954676209e+00
2.392494730714368689e+00
2.652047874078838241e+00
2.387967297115697551e+00
2.418646204350284545e+00
2.444864916892981910e+00
2.376360984792668773e+00
2.344779749693583604e+00
1.955281277412838303e+00
2.241000124457549703e+00
2.404384264802607696e+00
2.204684147866189381e+00
1.881094854511370151e+00
2.541391366817681075e+00
2.796078057381802040e+00
2.512055372598846148e+00
2.342025124564843352e+00
2.584427330870783024e+00
2.577028219222041727e+00
2.498056015177667621e+00
2.498039694480489459e+00
2.847525300161287465e+00
1.926269646470370800e+00
2.626527377258159657e+00
2.590728048536717676e+00
2.242574412496031400e+00
2.813401190835903787e+00
1.784833478108426297e+00
2.055020012507101868e+00
2.557109380380606645e+00
2.497679849565375587e+00
2.200842511083594744e+00
2.047981368662077806e+00
2.696328530198078610e+00
1.994988365152007281e+00
2.609826132007289523e+00
2.348091061406980096e+00
2.369829193390157407e+00
2.321569992577914743e+00
2.680349819291313551e+00
2.459870590804249968e+00
2.714001569100977118e+00
2.353986085474312873e+00
2.123848172479401164e+00
1.946986185484011811e+00
2.380106370851621023e+00
2.398299258337166062e+00
2.116296378819141122e+00
2.289254724599509849e+00
2.135824199838682880e+00
2.592130528950627788e+00
2.505310663578066865e+00
2.016531572000110017e+00
2.976829017190075088e+00
2.299287219499405399e+00
2.740564825265253912e+00
2.219570853328357352e+00
1.742610059397970534e+00
2.404389592685986177e+00
2.022726629081847971e+00
2.133357342475870944e+00
2.779241096451678938e+00
2.036927777618861679e+00
2.454051699764869365e+00
2.453895352367924332e+00
2.430674296010182811e+00
2.210908534251978974e+00
2.253721546072108062e+00
2.655343058446431925e+00
2.448254520107962406e+00
2.757176934719548722e+00
1.921789789835973927e+00
2.085502383591295583e+00
1.830735074876252533e+00
2.130288087143190179e+00
2.698839700040511769e+00
2.591326420226051752e+00
2.015513102674188151e+00
2.058619920429014982e+00
2.019836388505650504e+00
2.211332692853652304e+00
2.408989679840116693e+00
2.797229860588423822e+00
2.693181439118977227e+00
2.226270808153598679e+00
2.238695450840301415e+00
2.192941989134662428e+00
2.581991912743191175e+00
2.304917167353880192e+00
2.314249929527774530e+00
2.315668118703552381e+00
2.915976634564057868e+00
2.490120747808394874e+00
2.503571969269879460e+00
2.218288859471055030e+00
2.755318862678441505e+00
1.722482051454721441e+00
2.141524166514058081e+00
2.519797057982103183e+00
2.312282515676765904e+00
2.814325145002433803e+00
1.909618315108152053e+00
2.593197404801201422e+00
2.718103247548640411e+00
2.330773505716948524e+00
1.995342634453848296e+00
2.826386832374107261e+00
2.364634520377661087e+00
2.730496543057832959e+00
2.217320941531880862e+00
1.879369468574268121e+00
2.527004301585797030e+00
1.993270591269442393e+00
2.223841177563107951e+00
2.114858642067554140e+00
2.436421234168997696e+00
2.791835337078498736e+00
2.653248929641004228e+00
2.601130282795867110e+00
1.934560150829673919e+00
2.400961351456270876e+00
2.545346086585249967e+00
2.182913062862197329e+00
2.388401716261960850e+00
2.316133939957047971e+00
1.976790117656711088e+00
2.200947198290424289e+00
2.672001172045655792e+00
2.039419025720983214e+00
1.852622465082550685e+00
2.560942762746021728e+00
2.777479768987967113e+00
2.376837170716831871e+00
1.910368866734022841e+00
2.679173720751104604e+00
2.871725397739749663e+00
2.077822884374325607e+00
2.461925607745583555e+00
2.659331964598204312e+00
2.209836294803920076e+00
2.270987209722206135e+00
2.277862141988679312e+00
2.453123341509336530e+00
2.560523162111494777e+00
2.423538617845007792e+00
2.585159045479345608e+00
2.322856838677586744e+00
1.834573180432879314e+00
2.917047388295706867e+00
2.300792629527547817e+00
2.016753304658734258e+00
2.364093975085657107e+00
2.348480258933220988e+00
2.280084839255438922e+00
2.414849326582888089e+00
2.594691231889611593e+00
2.336224602345458035e+00
2.246429256131620811e+00
2.171950503775919472e+00
1.828706765761543895e+00
2.849410304510034297e+00
2.030644519554013261e+00
2.909045738341900833e+00
2.187202278497324848e+00
1.938401213013196678e+00
2.602095875624018895e+00
2.387453623944530534e+00
2.207036041036667839e+00
2.535784649713705097e+00
2.293812678135974448e+00
2.480738317966661999e+00
2.267500864228471080e+00
1.991798249678441435e+00
2.635993733243179094e+00
2.205973618637035116e+00
2.663927185820469834e+00
1.782137754271464258e+00
2.423389312626533787e+00
2.357077929001340166e+00
2.533575611136952510e+00
2.707199338487134010e+00
2.092231156208517184e+00
2.304610598730777227e+00
2.556846912785769366e+00
2.394773288399119959e+00
1.976174168241083828e+00
2.692919998735852971e+00
2.599171558926871572e+00
2.161595467442555041e+00
2.589961989544238730e+00
1.958164274354203815e+00
2.332602349916126361e+00
2.166615962437001830e+00
2.220444626716966408e+00
2.247576969871778019e+00
2.750465517722002762e+00
2.323131536825289167e+00
2.369936329444557011e+00
2.346254972613321943e+00
2.449955112725889617e+00
2.673982411767100054e+00
2.674968419830007438e+00
2.169497675313532881e+00
2.424996704682490734e+00
2.422646197798052903e+00
2.949522337170644715e+00
2.060317947931579852e+00
2.139546489186948897e+00
2.269977668702249929e+00
2.553922864642355073e+00
2.092595757288998826e+00
1.758617328341634645e+00
2.119406704364563687e+00
2.690096814427046734e+00
2.623017815075699311e+00
2.196277246537714056e+00
2.040429468106089494e+00
2.500095183589855274e+00
2.437621629923714561e+00
1.941641406535715042e+00
2.922636415528609088e+00
2.302939346030042689e+00
2.207743061211039137e+00
2.625140566742693693e+00
2.410939011506727958e+00
2.272744777943218164e+00
2.091380610329728995e+00
2.460360389116357460e+00
2.242483247306400251e+00
2.063398051859341997e+00
2.678087633074504925e+00
2.783327281728863234e+00
2.629638105572716267e+00
1.982129887268796464e+00
2.617047720953073586e+00
1.972528192262599900e+00
2.097013929686602385e+00
2.382354585553147164e+00
2.191199804171888310e+00
2.657359367348908208e+00
2.794999992521951526e+00
2.151669817027999088e+00
1.992218305930583133e+00
2.304798563565371161e+00
2.256594204090608180e+00
2.428802446376886692e+00
2.143950062176646298e+00
2.679742380133235180e+00
2.302999022542010721e+00
2.425542861995716670e+00
2.765805229803040888e+00
2.288352107882484887e+00
1.906007396362942474e+00
2.444850851225233601e+00
2.336111907245151720e+00
2.296822373917559723e+00
2.578277559667521590e+00
1.822876997427171908e+00
1.663479167236059375e+00
2.645839833611048686e+00
2.235344821518070901e+00
2.120942794627135974e+00
2.330197660454714992e+00
2.043198270287812424e+00
2.503022584586442889e+00
2.504806136909088377e+00
1.858708996738778652e+00
2.072030972458571263e+00
2.516555798370513131e+00
2.367830384945799338e+00
2.525902909380887351e+00
2.453832446942634249e+00
2.911587657635914983e+00
2.088302403476017588e+00
2.257921717768952785e+00
2.407402555504724706e+00
2.248290981212169193e+00
2.868410504092111957e+00
2.785754082530242481e+00
1.761746051971960991e+00
2.712892391027216910e+00
2.511420575343865202e+00
2.316080251013788782e+00
2.552516171019457936e+00
2.351710599975161742e+00
2.174808091489365047e+00
2.325827322235800132e+00
2.754997097629315217e+00
2.420114060162096958e+00
2.026021845526677190e+00
2.326959531552374560e+00
2.358890128796460317e+00
2.181292623705324729e+00
2.455066011151141758e+00
2.185045627037475846e+00
2.851881070708990329e+00
1.962230058631148744e+00
2.737749880279154890e+00
2.083194897307525384e+00
2.634965145185444335e+00
2.443209601198946146e+00
2.660260832688719823e+00
2.816470909338516293e+00
2.171644997006368705e+00
2.479006074126353987e+00
2.005074519912771525e+00
1.973257935298569965e+00
2.705127469385177896e+00
2.773750429000811923e+00
2.654870455372666527e+00
2.312320451199863403e+00
1.982459774098042748e+00
2.776668660111581310e+00
2.597793078997341798e+00
2.050196838069566319e+00
2.801945950698178756e+00
1.906008075043416072e+00
2.414225431269352740e+00
2.238395483740236891e+00
2.378633996337881307e+00
2.665354257610049959e+00
2.809045620575882474e+00
2.721974236899830313e+00
2.249633745516695704e+00
2.466731681761668682e+00
1.769426667541389664e+00
2.552998324598203084e+00
2.549406622806974276e+00
2.336482922558547948e+00
2.294472538373749426e+00
2.185976790272801562e+00
2.454673315905131492e+00
2.195662352871295742e+00
2.512463402833820858e+00
2.354763311067226805e+00
2.713427489310493268e+00
2.838020963691693321e+00
2.290271596187388958e+00
2.483996672385247351e+00
2.200319598992404035e+00
2.591523834865412379e+00
2.393404001479293441e+00
2.726569424327741853e+00
2.542628451984886517e+00
2.173240005638846117e+00
1.920521293426371789e+00
2.294356322854029795e+00
2.357609806785601503e+00
2.738929485336090153e+00
2.242416398598282790e+00
2.139116018363759864e+00
2.174566270029009374e+00
2.854362522450102801e+00
2.132704310555697091e+00
2.330695547577521509e+00
2.336114857351045071e+00
2.460264877573738573e+00
2.337357215210504435e+00
2.555869279275356565e+00
2.359521586031513518e+00
2.367523769878097539e+00
2.178370744710497853e+00
2.121521409610824360e+00
2.432648307675156385e+00
2.416460921286855967e+00
1.856995248759947703e+00
2.593123708423202611e+00
2.484277506022573245e+00
1.815340210176554780e+00
1.821578265380989547e+00
1.906932181408033999e+00
2.339556161746258134e+00
2.681711538865564570e+00
2.601644148780199117e+00
2.719300418825067123e+00
2.669369342700047554e+00
2.455786571560172327e+00
2.281814166901201979e+00
2.374692868456069750e+00
2.588009152527343204e+00
2.513802322651121024e+00
2.931043798572328551e+00
1.982642527708904590e+00
2.366057380333097093e+00
2.575567302972456396e+00
2.090353371963874274e+00
2.113212240758561400e+00
1.772505461388780512e+00
2.596509769560003456e+00
2.314340528996019053e+00
2.612846764196989913e+00
1.908455067913360059e+00
2.722049724835515327e+00
2.566377874735804809e+00
2.167496415553350708e+00
2.199065255713696487e+00
2.455428390861329913e+00
2.294154022364010448e+00
2.100612673962724219e+00
2.485476127919940215e+00
2.133041631167576391e+00
3.020755785773373781e+00
2.609331749534204992e+00
2.417988483248961984e+00
2.654256371423907357e+00
2.742487402002939501e+00
2.685838017867799632e+00
2.108746658435236121e+00
2.848745827857583013e+00
2.142946899008009165e+00
2.739537162583299601e+00
2.884342662832417137e+00
2.817433737265654159e+00
1.737807081055840808e+00
2.302069323644876597e+00
1.959216805829051333e+00
2.029547118071180378e+00
2.240674624410778470e+00
2.303339383763015391e+00
2.133347408898623954e+00
2.482853458250586343e+00
2.261988521798832252e+00
2.083948170662205612e+00
1.776672781327965467e+00
2.413441608883112544e+00
2.744414499924113571e+00
2.208943680852074820e+00
1.959683890291691100e+00
2.419916924051872975e+00
2.492993496194023884e+00
2.547151503851965426e+00
2.631722299428462808e+00
2.061939936118271088e+00
2.364083266932122562e+00
2.022692963981676861e+00
1.904514906477741576e+00
2.283726004807565602e+00
1.903062798392699762e+00
1.910143960357941539e+00
2.519972228090627375e+00
2.732961520676375322e+00
2.677612767739829813e+00
2.256627456567444234e+00
2.526799712783935004e+00
2.976279488769943082e+00
2.542716981638206253e+00
2.299971523118298666e+00
2.332920065756068695e+00
2.391710276631574761e+00
1.862307411263634416e+00
2.484343097458370231e+00
2.445439810286105242e+00
2.526122686090586544e+00
2.728184273666508286e+00
2.785456978222582869e+00
2.287620572319474910e+00
2.112159225015379782e+00
2.520345656194136641e+00
2.436465008722842995e+00
2.171797720127058184e+00
2.028352437636810279e+00
2.887301456131879274e+00
2.065114504717935340e+00
1.879079003084150656e+00
2.838964594267681552e+00
2.410325065906135933e+00
2.277275161499189515e+00
2.311429168593739369e+00
2.026616777402014513e+00
2.146397448402046937e+00
2.362363484431186045e+00
1.944675639341683526e+00
2.410268249817859143e+00
2.051727910534298260e+00
1.919366196390736024e+00
2.497117778063154159e+00
2.134167410743127213e+00
2.517814964000713029e+00
2.352256423023187715e+00
2.194506207072432158e+00
2.867438555560096525e+00
2.270552733551059355e+00
2.509804909191033051e+00
2.248313999066694269e+00
2.447493868522796046e+00
2.414778590537839609e+00
2.091637194338535899e+00
1.725528619887866100e+00
2.178197914046446471e+00
2.399323961276710104e+00
2.239346219915933300e+00
2.676592682262572964e+00
2.342871056281227382e+00
1.754891593752956114e+00
2.834466903271917637e+00
2.595113590211084897e+00
2.669528669027595669e+00
2.600465318936204362e+00
2.621514836096568324e+00
2.668029863700433602e+00
2.158118847375684268e+00
2.150890860232622437e+00
2.528417729236406508e+00
2.188338738725279509e+00
2.487376501733884915e+00
2.326776900451799968e+00
2.281334422289558628e+00
2.575473131628133849e+00
2.151914536465119099e+00
2.156827591532556099e+00
1.871469889833174527e+00
2.204405462747379474e+00
2.980833199750767104e+00
2.062268333856303482e+00
2.472814624501828540e+00
2.293107563622250211e+00
2.709626832353790427e+00
2.345689560155393760e+00
2.914039318742255968e+00
2.681315728381804764e+00
2.569167842974355409e+00
2.475244864095626163e+00
3.020129878534068002e+00
2.191278924482832124e+00
2.448690566991689632e+00
2.619123730770727576e+00
2.506898413900966460e+00
2.592235799509983174e+00
2.339031162196352653e+00
1.994107317742523922e+00
2.743683955668417163e+00
1.876406843891108123e+00
2.095973231892643618e+00
2.276696694016215883e+00
2.225963060270919058e+00
2.654982177592601023e+00
2.433902298196711556e+00
2.520488029763959581e+00
2.792014620071661124e+00
2.628886235650958803e+00
2.786437164889589813e+00
2.008649843720730299e+00
2.245828959902041788e+00
1.982038453275235756e+00
2.147984229560813141e+00
2.027318766109497794e+00
2.986030980240658828e+00
2.375386076883993169e+00
2.061181003258039102e+00
2.179325390682468111e+00
2.942581457239011211e+00
1.851578942012849005e+00
2.521350833039438299e+00
2.110299134719076264e+00
2.060936296755992547e+00
2.292804842539154286e+00
2.091697997321412039e+00
1.967086646787911342e+00
2.883666891572090663e+00
2.865552347527923427e+00
2.330394571106486623e+00
1.881564466578082850e+00
1.957845030239079964e+00
1.682449898466822136e+00
1.960023703573730680e+00
2.187561818690138438e+00
2.035359194729686294e+00
2.684387151255724913e+00
1.761039106881476357e+00
2.244076324519600707e+00
2.269521629230477622e+00
2.466806209996756039e+00
1.806000019933658107e+00
2.167783390056780668e+00
2.361757047464587700e+00
2.064672023958276093e+00
2.603229619627113856e+00
2.632193084291291729e+00
2.061696129928013654e+00
2.036895249787485263e+00
2.242264575769295387e+00
2.120339606455406312e+00
2.434564721649907781e+00
1.981546436071484063e+00
2.452475393214436750e+00
2.252931494646441823e+00
2.343420470747810125e+00
2.403993460913301128e+00
2.282990163781596138e+00
2.495072011922013999e+00
2.105822870754111786e+00
2.263635176410597527e+00
2.797589705259859727e+00
2.354312693614247110e+00
2.904949987043007553e+00
2.703766565284885459e+00
2.166019275870600502e+00
2.926784387154618194e+00
2.356589299048995834e+00
2.156644194708590589e+00
2.438150882840375289e+00
2.359855015326325578e+00
2.254084352909129674e+00
2.575415235337337627e+00
2.676710373079312255e+00
2.314325941912856344e+00
2.277439488876469298e+00
2.401533743983177871e+00
2.336274098673126076e+00
1.900848760266102389e+00
2.589527800489059839e+00
2.335872428133148659e+00
2.905686218094433837e+00
2.035248961608892238e+00
2.290733434346758468e+00
2.465027139555412639e+00
1.846437216246128665e+00
2.254261055859507756e+00
2.491620013031302427e+00
2.051130335044858644e+00
2.414248094261027155e+00
2.365839087958926168e+00
2.650800350210251288e+00
2.192686309333562455e+00
1.945964990465143485e+00
2.341745082637637143e+00
2.427675457817282556e+00
2.264000865882165314e+00
2.798013893964935495e+00
2.783608947852787896e+00
2.455201017873343439e+00
2.267569360489815722e+00
2.471452949238992503e+00
2.243036336115153961e+00
2.640737594870827820e+00
2.363745738525145246e+00
2.242876089354807423e+00
1.733383184042271319e+00
2.543536156683614546e+00
2.120986446232327793e+00
2.107641199612559468e+00
2.311690803698791541e+00
2.091003537048787386e+00
2.023143683467757636e+00
2.315671141051118820e+00
2.623293663294622213e+00
2.341551496661089971e+00
2.401894249603966358e+00
2.104030181163348168e+00
2.107869314554470908e+00
2.269449542524409669e+00
2.663397954170676485e+00
2.765108807109235123e+00
2.715053387115999417e+00
2.457326733556090215e+00
1.940646012455340852e+00
1.856043563206747349e+00
2.216356263778293201e+00
2.553734296266558346e+00
2.573043687159478843e+00
2.236298341984979565e+00
2.058881915724621869e+00
2.437069751700073894e+00
2.411564667709708232e+00
2.235722011172354584e+00
2.559345565811331102e+00
2.177697143720339845e+00
2.391521125299816308e+00
2.191895051722780430e+00
2.196517131491937391e+00
2.039784577157067957e+00
2.752215990374191623e+00
2.230991374874627731e+00
2.635890308112646352e+00
1.972445827229214688e+00
2.671636982212950429e+00
2.120719570179598001e+00
2.497793467251633981e+00
2.168941249681169303e+00
2.480984260088406224e+00
2.387255552841192063e+00
2.071025187573164228e+00
2.239686668103929801e+00
2.221762317595527669e+00
1.909887812131195517e+00
2.257774155515928527e+00
2.480207333543283266e+00
2.304664559892458886e+00
2.357648164374908095e+00
2.634220179987867283e+00
2.053150498039348015e+00
2.374502118652436877e+00
2.196009096200627564e+00
1.899057850244592061e+00
2.331678710477211425e+00
2.208844143082762113e+00
2.210805807071234419e+00
2.795073182160802361e+00
2.316921952055786882e+00
2.294350083783492700e+00
2.254675716442734235e+00
2.595506294497373467e+00
2.325497741471266533e+00
1.990767898584062001e+00
2.759519765266194913e+00
2.653170344673284387e+00
2.313185924674497684e+00
2.096786392093993534e+00
2.143154799360836194e+00
2.519098410925551423e+00
2.196618719546736376e+00
2.469523776243898183e+00
2.351178640680638310e+00
2.768789027361561850e+00
2.425204129236004924e+00
2.007721147059677413e+00
2.745926117429354996e+00
2.527950830143714800e+00
2.779592884277005460e+00
1.991721877682495201e+00
2.309209547029341891e+00
2.838791775951095886e+00
2.326291495627915928e+00
2.184583710096543285e+00
1.953430749244821962e+00
2.333122716125727525e+00
2.426541293498275298e+00
2.040449699705517705e+00
2.254197593991966286e+00
2.891258392115733322e+00
2.563994600836335014e+00
2.995662143447498149e+00
1.821867512648087217e+00
2.043178830647805810e+00
2.509559069808623200e+00
1.986671177748725370e+00
1.908855066824916458e+00
2.268985848646867254e+00
2.431711103010866015e+00
2.534576477739012290e+00
2.367253742397840366e+00
2.481401210431637416e+00
1.963128144273054154e+00
2.062281958759734302e+00
2.749177611988738779e+00
2.665919122693337862e+00
2.129178149871467252e+00
2.357367993276490381e+00
2.049899287752784627e+00
2.214280550941916559e+00
2.859911830227318319e+00
2.182578450966646155e+00
2.453160121654135217e+00
1.844064108801177326e+00
2.079096882241683097e+00
2.840618400801765198e+00
2.340396588789740662e+00
2.579781383028000086e+00
2.112878610649107536e+00
2.163918158550696358e+00
2.597119292917698274e+00
2.699985335232101047e+00
1.745245136953125664e+00
2.106166047886741666e+00
2.307155625594245585e+00
2.269577516642582449e+00
2.094403212510725254e+00
1.880475025757728957e+00
2.767743759902981271e+00
2.461851902709156992e+00
2.085698621392773955e+00
2.534102256276595799e+00
2.699472069926503348e+00
2.488118681616964700e+00
1.718179854798187911e+00
2.452290551557888332e+00
2.349245266489802475e+00
2.367208348337682011e+00
2.533726956368282046e+00
2.450530479284432239e+00
2.399497336192619734e+00
2.449586609941358351e+00
2.267930657227842595e+00
1.776332789945410662e+00
2.301140093081173177e+00
1.788303956253860294e+00
1.978596698120633768e+00
2.425413378316223056e+00
2.744774071184619135e+00
2.178364554858162272e+00
2.315220203626398021e+00
2.551024631909375451e+00
2.116313270885922027e+00
2.061943762216509768e+00
2.107884228974728380e+00
2.468502081851242647e+00
2.404711396718874905e+00
2.316813417921330220e+00
2.275640208630447248e+00
2.697628760584697805e+00
1.866006283349356476e+00
2.181744244760912999e+00
1.977365576097708244e+00
2.601031937938910854e+00
1.939827376907901302e+00
2.922219234637030816e+00
2.225117118373681535e+00
2.637200695259713346e+00
2.156600060610263103e+00
2.581802185506659963e+00
2.248125961236763004e+00
1.781892899397987007e+00
1.946101305564134964e+00
2.352517136027000078e+00
2.928066886602125329e+00
2.160581489498120789e+00
2.503996784662477104e+00
2.779257421956040197e+00
2.630687400771103412e+00
1.950813709489833681e+00
2.452670759620048102e+00
2.569944913904421036e+00
2.002199283291164811e+00
2.596041080540008039e+00
1.975048754840516452e+00
2.326844242584448885e+00
2.339783714968398876e+00
2.404218170460646675e+00
2.378101497534222286e+00
2.395468622373671419e+00
2.514449047492085754e+00
2.058471123889368926e+00
2.299722553756101462e+00
2.501144288599492338e+00
2.184639030671120086e+00
1.800959552099397731e+00
1.652754295004632556e+00
2.589862186567402080e+00
1.971224250959928925e+00
2.571984729805989023e+00
2.305832390574608315e+00
2.567646227261027203e+00
2.131191789081310795e+00
2.318414994482234981e+00
2.226483548155586245e+00
2.125067379016391644e+00
2.618616290905459110e+00
2.611482270092977398e+00
2.189668118829199539e+00
2.762118095970128806e+00
2.345310387398894747e+00
2.142412300711733941e+00
2.851383068822817446e+00
2.435684213553210853e+00
1.835590495132151556e+00
2.472014227822893595e+00
2.965817921157827719e+00
2.197330008067382767e+00
3.020156837237909730e+00
2.000823273261393531e+00
2.797600277850060380e+00
2.776615803214921296e+00
2.274933672303728116e+00
2.333351560197612251e+00
2.923253308302635300e+00
2.014645139182958289e+00
2.506030138090637127e+00
2.625004581511911184e+00
1.775111581485942835e+00
2.229715910080181551e+00
2.286843955845034415e+00
2.589502884314541564e+00
2.683308621354466794e+00
2.233036170161156964e+00
2.065061373687790969e+00
2.220615311594608343e+00
2.688678621058176343e+00
2.454109184879555539e+00
2.469908494708551228e+00
2.025208089805822897e+00
2.556441243534535168e+00
2.282229476377027222e+00
2.858719030132227168e+00
2.457919499341441050e+00
2.146922503897082279e+00
1.965660933780466690e+00
2.109567753640308130e+00
2.789520750442918917e+00
2.351444902446921059e+00
2.490048462467258084e+00
2.721142057149206206e+00
2.564585954899428977e+00
2.472247192941607441e+00
2.293623226013809191e+00
2.095079255458976775e+00
2.032845745843612661e+00
2.109196414241434780e+00
2.013066764175993839e+00
2.559488275842341398e+00
2.373988129726368523e+00
2.434084349227445543e+00
2.172161199942288512e+00
2.345261535676059328e+00
2.309085289632246685e+00
2.637906912477492316e+00
2.098296383412436850e+00
2.024137523122139903e+00
2.050036733729261318e+00
2.486122666931732894e+00
2.266230214244304264e+00
2.062679655648438803e+00
2.533667647383420984e+00
2.191974642587876776e+00
2.560477093567033346e+00
2.883766873963157451e+00
2.320804037991830882e+00
2.731343242853583764e+00
2.058294276303131554e+00
2.490396775331671364e+00
2.432783549200143725e+00
2.507106352284772299e+00
1.856948303226828800e+00
2.490543532115554903e+00
2.086398613348779740e+00
2.199785386683910104e+00
2.328512574501439225e+00
2.214701717698302375e+00
2.126952723777205456e+00
2.510760437052329319e+00
2.461303467049579918e+00
2.485221210599262154e+00
2.493282274663171982e+00
2.372214052530895678e+00
1.890005871120794767e+00
2.919839189359755949e+00
2.365262348755218014e+00
2.077326714290246734e+00
2.162640897841476839e+00
2.542643563048001099e+00
1.825916450111742861e+00
2.755286110888920170e+00
1.827190062376876201e+00
2.535213213229001727e+00
1.856917789513536476e+00
2.648881696742563907e+00
2.038329678231275643e+00
2.844005620058831063e+00
2.588145847031303681e+00
2.154689636365625383e+00
2.268226874330667719e+00
2.443008352353801982e+00
2.125733961848252029e+00
2.452896481465517642e+00
1.770963998020550045e+00
2.013214000169403661e+00
2.410470080806950577e+00
2.199282127161182210e+00
2.360694654196888287e+00
2.787357672300090350e+00
1.994699682750700642e+00
1.848958562689401397e+00
2.576503589580007247e+00
2.316314379410111535e+00
2.796365167909575788e+00
2.518711224200668397e+00
2.302666760372493293e+00
2.555401686205298617e+00
2.402318509068565699e+00
2.590994229088796619e+00
2.922263054132180571e+00
2.027319466684074811e+00
2.408227576389814217e+00
2.083197274143608446e+00
2.074310336072418437e+00
2.387895812899352599e+00
2.288004665915535973e+00
1.975826844891287681e+00
1.831119255827427628e+00
2.345289297081542657e+00
2.865001307136100905e+00
2.223270371880142537e+00
1.933549715477380415e+00
2.512890285150233272e+00
2.380446365898440941e+00
2.098331068035740543e+00
2.750386896046002949e+00
2.170736536623650181e+00
2.595995295748303899e+00
1.873525508491391323e+00
2.039633282320529428e+00
2.454296933702697192e+00
2.808633021325943169e+00
2.098866754544138402e+00
2.326255033140773421e+00
2.424802771478083319e+00
1.971453654717686188e+00
2.218910391596112142e+00
2.366567372770632449e+00
2.409624411199282168e+00
2.373178842212369855e+00
1.985514593063858468e+00
2.848560076282677489e+00
2.669035750318631717e+00
2.400030884393938635e+00
2.741362888299768485e+00
2.846004750092701929e+00
2.336618838242507934e+00
2.161801340629497581e+00
2.432908731976906935e+00
2.608915916023711645e+00
2.534315364730409748e+00
2.847235871807442642e+00
2.501927361706659969e+00
2.716932056020496145e+00
2.512048920679437636e+00
2.473893869474203200e+00
2.037603067557150816e+00
2.767871278263542401e+00
2.739780296896819678e+00
2.207818587848452196e+00
2.261699949266708032e+00
2.904064842275811742e+00
2.057022382186906029e+00
2.267769530705794789e+00
2.290823050867670130e+00
2.230792032232764122e+00
2.289249600987389499e+00
2.251446162216692137e+00
2.533994541092359665e+00
2.522201543590359751e+00
2.357167772021640850e+00
2.052416637183811066e+00
2.816309728375918642e+00
2.914380094052336112e+00
2.772891387026116039e+00
2.217801146824048164e+00
1.899283078465116237e+00
2.017317391045592601e+00
2.623696357089547071e+00
2.572045864658391245e+00
2.932951347460939662e+00
2.525787275438939883e+00
2.392849228073092416e+00
2.585653328222628833e+00
2.161446859170831569e+00
2.893396246908356950e+00
2.577084551577240923e+00
2.549624788551502430e+00
2.680029115141676854e+00
2.756054233010174048e+00
2.195822926976365164e+00
2.260231983279969104e+00
2.417056984071689563e+00
2.620966409906240191e+00
2.339381572821479072e+00
1.965807450820940216e+00
2.437904809396069350e+00
2.050182545264891409e+00
2.751581477019651611e+00
2.714227420998776008e+00
2.404615351602236828e+00
2.360385873231187315e+00
2.657709776125025236e+00
2.417495714988209254e+00
2.084656734276882695e+00
2.388436919978009776e+00
2.628806976057698641e+00
2.637746836320506105e+00
2.516491403890395162e+00
2.568111584724972474e+00
2.800438084389545779e+00
2.227710097868427663e+00
2.514282511272921017e+00
2.819436282969371543e+00
2.404292584236948915e+00
1.950233279459849145e+00
2.891557078674255266e+00
2.325334659175275931e+00
2.698883802880126304e+00
2.362412634834782033e+00
2.544719918080597054e+00
2.134394260152698841e+00
2.169051510863031051e+00
2.705112973776266472e+00
1.967841917716681488e+00
2.086071596236628078e+00
2.387689028613075415e+00
2.606379036054265796e+00
2.788786498281307757e+00
2.427581378156411063e+00
2.473945985101950296e+00
2.278520349675171808e+00
1.961169753484359068e+00
2.645941410340240108e+00
2.478341164458746526e+00
2.218160344012432450e+00
2.255070800095241079e+00
2.629159956273368515e+00
2.224073373627613037e+00
2.718187909854336670e+00
2.384714817792668029e+00
2.816351571569528645e+00
2.398851968222750930e+00
2.184757922342935199e+00
1.799667097784366732e+00
1.988962608753861439e+00
2.434491581795405146e+00
2.261465761993831425e+00
1.774211533132073804e+00
2.119303066146223991e+00
2.237443140320451107e+00
2.523192142982460862e+00
2.342243000888888815e+00
2.539490861922866216e+00
2.698563329934557942e+00
2.302256629107340746e+00
2.164977565718845476e+00
2.600842482836967839e+00
2.457998057509038325e+00
2.409239476826017246e+00
2.577548919372618652e+00
2.298394156836770730e+00
2.528942786892380390e+00
2.865329820587021015e+00
1.911301119937852455e+00
2.346254106412371865e+00
1.952114933697997490e+00
2.761786082043855117e+00
2.227684600735342357e+00
2.436351616614482296e+00
2.631289946104332866e+00
2.084057703977350684e+00
2.247690317849466268e+00
2.266804739361177212e+00
2.636914354379849890e+00
2.398252732460869563e+00
3.010173419601525957e+00
2.479684455668848209e+00
2.399436177589103991e+00
2.677291962163090844e+00
2.205607451451272460e+00
2.462818244020676062e+00
2.469548198145878004e+00
2.266429003730577207e+00
2.353978138990926006e+00
2.562639870830508926e+00
2.284717425413664849e+00
1.909577909807979701e+00
2.649647279861448101e+00
2.277765002642052394e+00
2.008437566973665600e+00
2.416818087167738938e+00
2.844468274191744417e+00
2.737066750979179286e+00
2.408760132824926625e+00
2.226164484016540435e+00
1.855958113817073540e+00
1.989549171383603765e+00
2.567394288372372380e+00
2.829536012794358513e+00
1.921265319884713607e+00
2.077518870484090563e+00
2.442736044178024812e+00
2.270708613992604263e+00
2.643727956161534998e+00
2.652201055445517763e+00
2.656369699173109833e+00
1.947900367166667479e+00
1.926758991660659115e+00
2.007786927358797158e+00
2.637207299875845123e+00
2.281762930676415113e+00
2.229944287675485803e+00
2.681378511211194304e+00
2.326337806646313844e+00
2.444551932834619912e+00
2.211313126152364195e+00
2.033106212180927130e+00
2.384662529722884727e+00
2.118897789025251832e+00
2.383750825211383706e+00
1.776520934358154280e+00
2.418490961741595502e+00
2.415906219787996356e+00
2.418681457564304083e+00
2.285860954651593779e+00
1.959984475054759034e+00
2.131675925252424442e+00
2.334445289087967446e+00
2.337843076592097002e+00
2.395269624687629939e+00
2.499657991315098027e+00
2.408743700801763143e+00
2.893941383647272048e+00
2.605452414646450610e+00
2.250018887280456070e+00
1.622027251596183106e+00
2.029560123464890342e+00
2.394170420729358373e+00
2.746140288985710498e+00
2.320615919607865063e+00
2.016987612142081332e+00
2.282792424302834355e+00
2.313662101383731073e+00
2.426460209370006282e+00
2.358701864259196146e+00
2.930712754045271318e+00
2.103748763475858929e+00
2.507037189535935795e+00
2.006887473236819375e+00
2.114214796694034781e+00
2.717385706020492897e+00
2.209475307442956726e+00
2.495389494255908058e+00
2.356821406667435781e+00
2.652538025456438131e+00
2.170423722640587805e+00
2.128424172883103704e+00
1.984809268672828475e+00
2.476510117947345879e+00
2.647864893280606147e+00
2.264798075524300458e+00
1.967546954122346703e+00
2.323617404558339761e+00
1.917626404550724306e+00
2.118717979044952404e+00
2.149533167026574709e+00
2.476376641036067916e+00
2.564430220167352115e+00
2.088597555958696894e+00
2.021374576604467954e+00
2.720865924303184968e+00
2.364321220424532299e+00
2.405455439668656492e+00
2.067417961385488834e+00
2.453500422049246232e+00
2.302235592679290566e+00
2.104161293648606712e+00
2.307144141521931591e+00
1.998015392241203614e+00
2.300711249475991149e+00
1.844420404649802281e+00
2.406174514350259752e+00
2.826778188556387850e+00
2.656161174266723268e+00
2.341093633430526566e+00
2.446657612464723464e+00
2.598407914481662306e+00
2.695920707397380767e+00
2.880353764170195063e+00
2.363888406451376767e+00
2.495719707908334861e+00
2.375218568953177289e+00
2.626963732339663959e+00
2.512489544538936137e+00
2.271173210794926067e+00
2.034160588123306024e+00
2.062013309296657049e+00
1.921167566040470565e+00
2.493120516114011753e+00
2.678479946163186742e+00
2.109688134459237308e+00
2.603794690526606281e+00
1.951586975298768012e+00
2.563199114828212721e+00
2.400491133183983106e+00
2.259517781281475735e+00
2.311543518854742185e+00
2.162567624603703997e+00
2.569292591792500247e+00
2.087543443265531096e+00
2.800372947942712187e+00
2.807234752093554331e+00
2.258302661414708368e+00
2.599722162038434092e+00
1.954739063014895750e+00
2.725809003664012575e+00
2.960403154366646472e+00
2.400029728660997286e+00
2.189745878931229850e+00
2.436981597025543067e+00
2.681557391140666713e+00
2.158135069102208980e+00
2.222963295517771609e+00
2.326681222052494835e+00
2.881637731392157509e+00
2.768731166380833386e+00
2.605117435233740952e+00
2.700503986579411375e+00
2.641087318373246173e+00
2.841911853395372223e+00
2.245487210624332874e+00
2.093039134033556792e+00
2.810393543714818421e+00
2.182727865455320604e+00
1.995045421191117940e+00
2.368325391086717691e+00
2.210909869810137707e+00
2.582896877473312536e+00
1.971737197845293332e+00
2.058565083806561447e+00
2.566815423530148355e+00
2.266136234889994494e+00
2.075995765049164721e+00
2.639199165464733099e+00
1.765292358538675943e+00
2.090714964825981070e+00
2.073277234949810754e+00
2.626729500775147663e+00
2.111304162550764918e+00
2.073652706914549615e+00
2.257343666830873286e+00
2.265292145310203065e+00
2.828631225892861867e+00
2.779523771193574966e+00
1.774114542458842481e+00
2.848316169946417009e+00
1.910583818490128039e+00
2.273170567734895453e+00
2.057176092156655756e+00
2.501228931751671603e+00
2.511685316641666610e+00
2.458115715921731059e+00
2.613440899566702225e+00
2.610431291146785071e+00
2.369162737998068202e+00
2.170108803643271855e+00
2.249534701574932960e+00
2.135947620926939017e+00
2.753715939334102192e+00
1.944232395930099999e+00
1.798301896324121074e+00
2.372801199071707501e+00
2.228235507388387937e+00
2.607494848039935587e+00
2.331353810988353814e+00
1.739062444021331588e+00
2.710577999118906956e+00
2.293201833281843793e+00
2.520222209925821577e+00
2.315936648367087791e+00
2.608752218512668364e+00
2.357803670218689973e+00
2.599230972905058223e+00
2.012528618258218938e+00
2.235510909342298014e+00
2.598008590957120223e+00
2.216879384238234607e+00
2.383147526064906430e+00
2.385828762521408297e+00
2.771714086762548046e+00
1.995797883337695700e+00
2.431521551359376421e+00
2.633583654967286414e+00
2.729064876467548917e+00
2.473367401086170148e+00
2.045893789621333170e+00
2.474198463784988977e+00
2.408777352682461625e+00
2.272997194041539437e+00
2.822432870101041047e+00
2.467180705074963232e+00
2.814699177937881380e+00
2.727975691057601626e+00
2.633702344997798317e+00
2.571513550636217893e+00
2.245624986976465287e+00
2.447990447747698362e+00
2.512284922310838553e+00
2.003689999156024193e+00
2.677308611273843120e+00
2.106729561258096961e+00
2.116160198311789475e+00
2.759118780673985860e+00
3.018253413768221538e+00
2.388628110607210253e+00
2.516172612346049053e+00
2.621962647410904790e+00
2.813160377505982801e+00
2.344599508160102985e+00
1.959637125097805077e+00
2.391874868308982105e+00
2.275962738340735925e+00
2.586329351721531555e+00
2.088044485561934671e+00
2.454673840850421840e+00
2.086145822777624392e+00
2.535756483051598842e+00
2.228835721219072141e+00
1.899559528768576255e+00
2.471527210934131524e+00
2.280317766592960815e+00
2.255539861236787846e+00
2.191927062199552800e+00
2.652914534834364346e+00
2.587957273776869904e+00
1.894905985465522136e+00
2.676889648273368394e+00
2.079177989298561791e+00
2.180470463475553622e+00
2.245047582016509224e+00
2.459962524547189222e+00
2.209351135616888229e+00
2.564036661822332697e+00
1.951878603965607306e+00
1.849738399359257324e+00
2.247683060372388297e+00
2.109990859978505107e+00
2.128688518945932806e+00
2.109608068680237203e+00
2.159516254454391326e+00
2.316520632216585440e+00
1.828383438815811557e+00
2.374258662680468035e+00
2.634093197939124220e+00
2.023225589346073772e+00
1.994043015842368538e+00
2.573749096185610874e+00
2.666779080205474273e+00
1.814558099539461899e+00
1.863098079218225678e+00
2.644479032091293647e+00
2.712277465810820853e+00
3.034052121728032958e+00
2.646874857396378289e+00
2.189188264401568329e+00
2.559889708133996855e+00
2.095928443156530374e+00
2.206721010945437378e+00
2.645964317184378967e+00
2.269089963638247553e+00
2.318020740108356570e+00
2.241818037127914831e+00
2.523869642850117057e+00
2.787771144030894988e+00
2.522963318494987117e+00
1.908933651194914427e+00
2.405340439434513922e+00
2.549478465229939150e+00
2.659399797016356981e+00
2.634268425703505390e+00
2.907061705735227264e+00
1.808659229042173244e+00
2.459001274264161374e+00
2.394908973616921344e+00
2.332315076012779986e+00
2.133244840491391070e+00
2.674520591584796048e+00
2.833709845997017585e+00
2.601151489739591760e+00
2.425299951979198454e+00
1.840854580715106659e+00
2.633110978273158764e+00
2.145052230401566451e+00
2.043775097374141758e+00
2.057064642298184420e+00
2.886017124960849056e+00
2.188334989341446324e+00
2.371879621631727719e+00
2.283816882911922530e+00
2.557466371862044063e+00
2.482641597545860446e+00
2.660851411233874586e+00
2.806542146920431691e+00
2.305035136565006137e+00
2.026479110094355107e+00
2.060546176211731861e+00
2.680920116607016457e+00
1.774212026151077870e+00
2.627885674298418905e+00
2.092830214172998637e+00
2.330899223678861709e+00
2.447882754198760669e+00
2.147027246750055518e+00
2.425602610386485836e+00
2.477188721027882234e+00
2.334430481239080812e+00
2.141564564003712423e+00
2.036360364021058800e+00
2.527098380445541359e+00
2.338794466672287076e+00
2.074093211347620702e+00
2.741984356992446248e+00
2.747741819928193330e+00
2.331681986751926061e+00
2.313330516301986606e+00
2.445991190577129881e+00
2.103132048439015911e+00
2.279263608497553495e+00
2.044198856163098377e+00
2.419075438595201355e+00
2.783092630988158511e+00
2.067602900077930350e+00
2.661146168940639711e+00
2.257438686332969624e+00
2.216146712078304937e+00
2.334352422173989972e+00
2.679460649655616589e+00
2.031957236591573235e+00
2.115729572101114897e+00
2.257427776057816970e+00
2.365530498120461012e+00
2.398016034592205692e+00
1.867149868994355533e+00
1.891102636302435691e+00
2.327620807927189173e+00
2.814619673543451217e+00
2.373266753509921223e+00
2.267226694252212127e+00
2.037064636970044695e+00
2.513637855610899585e+00
2.611728917348503654e+00
2.721184664656131957e+00
2.690187266838809155e+00
2.114497934456543327e+00
1.986530158708578853e+00
2.290894212336679114e+00
2.612565345536823180e+00
2.317928117277282318e+00
2.189760522695106459e+00
2.569521317741678690e+00
2.262142247820449370e+00
2.527900624732915880e+00
2.167722387598896017e+00
2.344633542707228013e+00
2.541198756550271831e+00
2.443957979267565861e+00
2.243711714843381166e+00
2.269986495865210951e+00
2.236356073867057148e+00
2.548428843923248532e+00
2.160678602045560837e+00
2.653762409161044111e+00
2.501773377011091704e+00
2.571316902862963438e+00
2.395213468532603418e+00
2.513216591926493493e+00
2.734542889516290654e+00
2.107878231823966164e+00
2.451219562735362345e+00
2.443832839609317187e+00
2.538245539714782506e+00
2.433780115224315921e+00
2.278531335260910673e+00
2.050243788836387804e+00
1.772997999549409620e+00
1.958819638218309844e+00
2.425380702930137744e+00
2.331033032955171169e+00
2.631295965379330859e+00
2.414275385071781077e+00
2.234070967889352666e+00
2.275847656818302589e+00
2.316548637438542890e+00
1.832217543905572121e+00
2.892800865977898539e+00
2.058653380549862355e+00
1.906533124084353270e+00
2.179115664980273426e+00
2.480892026275727247e+00
2.758091834851857271e+00
2.430031064013875586e+00
2.353289782985415357e+00
2.652406268642660603e+00
2.588499983343899746e+00
2.044367112199695136e+00
1.960105981962026123e+00
2.691896558813707596e+00
2.813772211091494668e+00
2.599682844291471007e+00
2.623300459888688430e+00
2.317196892283875265e+00
2.496857867423098121e+00
2.763919559219587097e+00
2.718988254069291344e+00
2.462373722650103236e+00
2.165082883641095357e+00
2.469221022022401346e+00
2.687169890512302040e+00
2.425253885475766147e+00
2.256929566409199062e+00
1.955492966475445016e+00
2.148572644861874714e+00
2.458420177449459842e+00
2.730430250715146556e+00
2.720059972078072708e+00
1.924754208010664103e+00
2.319227680289089655e+00
2.417979215530777992e+00
2.026467872391914504e+00
1.707017486702080422e+00
2.414836826639126244e+00
2.762817972567564340e+00
2.395104775690424237e+00
2.257393802392965831e+00
2.365968129410233267e+00
2.058741428339215140e+00
2.125258024769647314e+00
2.396169376595326028e+00
1.975289025860153203e+00
1.830389133270326152e+00
2.159861272488172723e+00
2.522176699244278897e+00
2.612498684704551266e+00
2.613086871640105890e+00
2.691924216395841007e+00
2.505680264525212309e+00
2.931635910527966793e+00
2.481404870509633653e+00
2.173337710030823988e+00
2.782287244897888812e+00
2.119016333884060188e+00
2.114038884241335570e+00
2.235590544892239517e+00
1.821506537013753313e+00
1.968844702688529624e+00
1.940573293083726503e+00
2.333845671438951719e+00
2.563651277845341969e+00
2.170252001686514109e+00
2.803313594588900504e+00
2.116742895843599648e+00
2.900481381114432988e+00
2.689286297937464987e+00
2.785742087836764025e+00
2.541072219918704356e+00
2.427839119221382180e+00
2.565687191630553698e+00
2.288478666718035903e+00
2.518995376953224508e+00
1.957909193103160916e+00
2.332885062425197109e+00
2.336209439967932955e+00
2.365558099914867540e+00
2.698805317571754792e+00
1.927785667952466975e+00
2.179131611259456314e+00
2.523412000885382866e+00
2.732045993536841966e+00
1.949684038002354791e+00
2.609357085475537019e+00
2.500984582061962946e+00
2.260688704530299020e+00
2.372046069256424694e+00
2.437198804276247799e+00
2.430207779165017623e+00
2.350729758449181084e+00
2.134075260328407886e+00
2.371925057769905365e+00
2.586100712377488176e+00
2.860149108843800914e+00
2.055241782694641195e+00
2.472678823815697591e+00
2.433090087062574458e+00
2.534305420112547225e+00
2.435932761374001387e+00
2.357117926500691851e+00
2.409040818679665463e+00
2.505523852118638040e+00
2.599034725528058587e+00
1.983779535061660937e+00
2.072114038643615430e+00
2.428226984264917121e+00
1.972710102387613462e+00
2.526359775310888178e+00
2.572729357674584438e+00
1.947572461154941426e+00
1.985672056194850210e+00
2.016440662388854221e+00
2.191240971694149220e+00
2.508199902643928780e+00
2.421473917462782843e+00
1.989081538793897153e+00
2.130734196307187744e+00
2.526936526238274361e+00
2.981788667458564301e+00
2.403682995939687039e+00
2.830423244073878575e+00
2.067944905635750175e+00
2.769674543673588563e+00
2.097136371824536383e+00
2.270417699377138998e+00
2.707794421697309772e+00
2.538839579386824585e+00
2.097978764210502778e+00
2.520164709182970419e+00
2.394414228212143669e+00
2.728858631402715229e+00
2.805772833678846112e+00
2.246328296283522707e+00
2.128951664550640999e+00
2.272280127126783622e+00
2.852135093378898478e+00
2.821746604315864548e+00
2.445909109218938671e+00
2.264263650374484627e+00
2.462589801566089864e+00
2.937763712262498217e+00
2.475607554828277657e+00
2.610955642429918733e+00
1.923108338038175713e+00
2.470599931115668113e+00
2.503484204730878737e+00
2.132417813156743946e+00
2.266553949590386807e+00
2.108747495549057938e+00
1.745660238109941087e+00
2.548361181691628286e+00
2.369102462387939312e+00
2.328539180542584131e+00
2.154843277252029399e+00
2.302076930443899716e+00
2.386266194157759202e+00
2.889537619031259830e+00
1.996643697161248010e+00
2.043750957041212679e+00
2.136325904325135916e+00
2.988621638955839543e+00
2.118149181423369498e+00
2.415949517405206581e+00
2.167011326664637139e+00
2.995562121541576417e+00
2.262312807663017900e+00
2.822359157097303228e+00
2.224209481396962396e+00
2.636357099516613456e+00
2.400803280909527437e+00
1.764293657795689807e+00
2.604500002301461947e+00
2.589687818850040735e+00
2.100153747788527703e+00
2.547509575723726272e+00
2.884163644712779639e+00
2.240042599356202313e+00
1.953242505609475987e+00
2.140762940470384290e+00
2.527305055523610733e+00
2.340475481552316772e+00
2.241240984877431952e+00
2.624259030643813162e+00
2.417950469733924024e+00
2.463511709223477286e+00
2.408664160975330315e+00
1.909949896909967748e+00
2.637524890884337836e+00
2.703461598211113870e+00
2.051984694202781512e+00
2.389820590987323357e+00
1.996862526716575825e+00
2.048082450530324117e+00
2.464586917100812791e+00
2.439919048703484528e+00
2.485598728306004812e+00
2.184031924587018558e+00
2.365533747850207646e+00
2.339708827731977081e+00
2.358756447560421687e+00
2.412208923526097948e+00
2.053097694830399611e+00
2.732071268915480911e+00
2.172147081413140057e+00
2.164004403865728676e+00
2.449394916446303583e+00
2.464510084452014915e+00
2.407062491103714841e+00
2.150035129489587860e+00
2.892415750145214570e+00
2.672759162648299380e+00
2.117672424210910176e+00
1.835843833564423599e+00
1.880361012187788283e+00
1.840804176723414232e+00
2.386646911831802331e+00
2.272957279617225268e+00
1.986118747524406647e+00
2.730741832949691528e+00
2.050078498101529423e+00
2.620192860233270693e+00
2.228745683304923286e+00
2.555132140617229819e+00
2.384762411533441373e+00
2.677773320467804918e+00
2.829397659680827015e+00
2.550381791950549371e+00
2.508262350898283977e+00
1.922744493738930416e+00
2.933240450921289266e+00
2.092395580869434113e+00
2.102139858413751394e+00
2.438237081505695070e+00
2.377438414401238376e+00
2.093839267076424093e+00
2.740655485129776192e+00
2.609532976847774854e+00
2.139463478823635079e+00
2.659750343699089026e+00
2.344563063716763374e+00
2.264975472740362150e+00
2.294372882103194122e+00
1.796262776329206057e+00
2.281528524996252916e+00
2.636950663707459785e+00
1.877531668200685067e+00
2.604424099357553590e+00
2.526490407490042056e+00
2.521484174477015117e+00
2.810016441775172069e+00
2.334398052944844260e+00
1.774806653209711094e+00
2.732543497254120712e+00
2.294245294722503825e+00
1.940513535015194080e+00
2.809684322425623382e+00
2.432982480038375250e+00
3.036872546376470527e+00
2.505395658474763643e+00
2.635303193064010507e+00
2.633232633875207895e+00
2.481771883272945622e+00
2.770357493160531259e+00
2.843078699460081626e+00
2.770758137048532799e+00
2.813460070483164710e+00
2.057239368209028640e+00
1.654897614596804623e+00
2.542985169044129190e+00
1.915748122613642135e+00
2.648612657410005511e+00
2.111274879225354173e+00
2.128832325492842958e+00
2.183889579192581198e+00
2.474889753196377828e+00
2.517200868237384981e+00
2.151674161132887786e+00
2.252659953937192316e+00
2.776031579876545141e+00
2.284832635304928417e+00
2.297875802879616902e+00
2.406135768491534321e+00
2.095960872888557258e+00
2.349811610573139031e+00
2.333329080832946101e+00
2.435631918041896604e+00
2.096420597166902322e+00
2.535321522011841022e+00
2.090697660750652886e+00
2.766917524404368667e+00
1.961005291176137755e+00
2.434040852840824165e+00
2.124473929195062283e+00
2.147315282462548325e+00
2.376159975884978515e+00
2.843949999321921052e+00
2.153675537784336846e+00
2.412261703617331055e+00
2.830081689913038545e+00
2.152323760052937462e+00
2.471789052640907425e+00
2.411556009332603168e+00
2.279280437004224780e+00
2.545273446521815863e+00
1.663770101373925892e+00
2.944159395774168519e+00
2.114754804087632500e+00
2.223550964677144748e+00
2.549144207463821310e+00
2.724546884798275226e+00
1.891388670023790741e+00
2.191702075471555489e+00
2.296878819689418538e+00
2.387851535669503367e+00
2.214476466418503708e+00
1.903145482026044277e+00
2.407422136854767913e+00
2.017821866576405831e+00
2.470653275701057527e+00
2.894827628264429631e+00
2.680695965038092154e+00
2.407888132097541600e+00
2.724174713031688899e+00
2.433047482319294463e+00
2.514703674080217333e+00
2.062056577633094800e+00
2.849232674743076288e+00
2.232738839327459868e+00
2.119093325031804032e+00
2.073778500464842356e+00
1.813378357554926712e+00
2.632489272906502364e+00
2.869554495911786685e+00
1.950432047001028790e+00
2.122608902254264684e+00
2.540267457567854770e+00
2.492725528128750145e+00
1.792786174147373623e+00
2.673594276986179352e+00
2.450956591580586874e+00
2.666634224997541214e+00
2.633998646114380282e+00
2.513733851380191009e+00
2.538479378291782496e+00
2.125548877128530023e+00
2.688807123545949196e+00
2.285600890519312145e+00
2.335569389491624293e+00
2.704660274834375766e+00
2.500579707501714211e+00
2.490448386068123021e+00
1.953960966141351951e+00
2.788610178922542815e+00
2.398966034667459724e+00
2.271412630064334248e+00
2.256782236974113509e+00
2.747641165002218777e+00
2.210581050150216775e+00
2.582673526369060557e+00
2.325421734783354122e+00
2.187436598663402343e+00
1.811867042830927366e+00
1.915775776510606931e+00
2.099348853366676426e+00
2.953757665661189691e+00
2.164294949031202009e+00
1.991126791887375402e+00
1.598145295884135564e+00
1.894629606693521540e+00
2.069818172375752496e+00
2.648000112018327190e+00
2.680499265256890418e+00
2.556422657015358535e+00
1.833006107340897417e+00
2.084739477975082522e+00
1.861456288502502110e+00
2.048754788607631827e+00
2.570876795013290472e+00
2.590620580051423705e+00
2.185093928242774819e+00
2.413659921554196952e+00
2.884339937539354359e+00
2.370452674298926254e+00
2.545348762686837407e+00
1.907248378289483348e+00
2.265177306965548532e+00
2.352130277318010165e+00
2.351353046182793172e+00
2.235342189368478394e+00
2.690068423882562509e+00
2.762595688111956438e+00
2.219338921810507070e+00
2.575175697602781533e+00
2.665961904701100949e+00
2.132440059608990524e+00
2.292057254003759148e+00
1.950510246388770907e+00
2.437099647412618530e+00
2.008710717525662659e+00
2.007139302480651644e+00
2.123985491552978555e+00
2.449348496350246318e+00
2.454850222760610379e+00
3.010417644025071393e+00
1.949164740300341814e+00
2.088161130284986733e+00
2.788654912020318122e+00
2.164373277604758616e+00
1.818559026246282739e+00
2.022944014058951190e+00
2.619613215998916722e+00
2.404818158295855657e+00
2.349796199755147086e+00
2.145397136149262529e+00
2.890980797013894765e+00
2.052109354373774508e+00
2.490151956984824722e+00
2.415163847962992882e+00
2.282144878901185336e+00
2.125837205576531996e+00
2.667867824011814104e+00
2.724057829346178572e+00
2.742403331732468530e+00
2.196990595187373163e+00
2.019077642258385374e+00
1.866500902090659331e+00
2.456569245224937248e+00
2.257558835821314336e+00
2.010598238259223791e+00
2.498032208224021833e+00
2.724932256320964807e+00
2.405720950037962158e+00
2.151254702521744555e+00
2.568024903695455663e+00
2.242537476641628391e+00
2.868136182710103732e+00
1.768847090902666563e+00
2.504749936772955543e+00
2.570371365659017471e+00
2.323998243174600020e+00
2.381423889000712890e+00
2.127697181274605498e+00
2.493368237105884067e+00
2.405822735114095501e+00
2.146216645046115534e+00
2.191540229119702587e+00
2.903787946869875292e+00
2.066256203091391797e+00
2.023774301217418525e+00
2.818162534714695688e+00
2.221388400608592217e+00
2.565558533978158362e+00
2.343714303770382923e+00
2.542564633352610848e+00
2.747794532204574036e+00
2.323902797111872420e+00
2.319569093675939442e+00
2.532926212688823231e+00
2.434040231444220215e+00
2.637618915099888550e+00
1.758186720339568687e+00
2.314243503851297401e+00
2.772547336426615328e+00
2.362825283561473810e+00
2.310826229367884288e+00
2.822334134795981164e+00
2.054148109211451967e+00
2.176739435020193625e+00
2.584133613452692213e+00
2.788739090007896770e+00
2.085132797511284330e+00
2.378063538028948987e+00
2.618212056879845928e+00
2.141594877677352571e+00
2.500929416321656440e+00
2.836268008661346318e+00
2.046222679790665744e+00
2.520999067395422788e+00
2.702647598825687947e+00
2.286459328717863837e+00
2.659602654568537616e+00
2.704820931851269261e+00
1.998184627589241869e+00
2.526952256795384155e+00
2.564244899797742949e+00
1.751855806122394554e+00
2.589130284041039065e+00
2.296512437382146388e+00
2.154770190031346289e+00
2.005629858251716691e+00
2.801975510419694615e+00
2.343274527645943905e+00
2.694935944099341008e+00
2.149596897534925333e+00
2.410187059097419482e+00
2.806001275766744296e+00
2.711793188504629359e+00
2.892931259495757246e+00
1.950552430578508467e+00
2.074417394001129900e+00
2.259868150639903206e+00
2.800719194347850660e+00
2.641947552950767442e+00
2.563052399514279323e+00
2.894634828447880892e+00
2.133557766958248614e+00
1.756578103630308307e+00
2.787033636609997256e+00
2.445066154157463867e+00
3.041422403830514209e+00
2.366900599106802616e+00
2.365704036927211984e+00
1.880909794538490498e+00
2.006577087180103192e+00
2.312625012116215295e+00
2.290288391092543119e+00
2.877104171914427688e+00
1.972567050424681279e+00
2.305067765367033061e+00
3.008705314496629146e+00
2.276215126555652279e+00
2.311263319463748189e+00
2.436693332274861845e+00
2.816321147736253749e+00
2.629819872347787246e+00
2.592218606480244603e+00
2.322245525549821998e+00
2.485604710923691840e+00
2.792199700323098277e+00
2.396422910257514083e+00
2.429931733027248519e+00
2.412243020993518616e+00
2.483209701027566663e+00
2.439015410089615088e+00
1.802164074074692035e+00
2.413289907786235311e+00
2.883390506322427882e+00
2.010302479280405841e+00
2.254021676025362186e+00
2.065991284014690343e+00
2.390245574004250528e+00
2.390408829301555294e+00
1.994822910337212818e+00
2.226253420538917727e+00
1.942804372674551860e+00
2.623251443009141148e+00
2.519801648217323553e+00
2.271214361893771017e+00
2.616894967761729252e+00
2.055797059014994321e+00
1.815210322864140524e+00
2.643115568297289109e+00
2.331186749042821305e+00
2.445528529120343464e+00
2.554742913029855789e+00
2.059793588114609442e+00
2.261750106076796385e+00
1.883680177250006027e+00
2.413460080650960737e+00
2.865895425879010361e+00
2.287632288600667252e+00
2.636404490905074116e+00
2.554752976382610452e+00
2.541943575087428187e+00
2.500782644768364094e+00
2.130128960479905409e+00
2.383969493104697523e+00
2.563267480150501321e+00
2.712998903439988396e+00
2.449261040434909997e+00
2.462212916689961340e+00
2.448371634093138294e+00
2.640644109786686844e+00
2.679011759592724751e+00
2.320063169022694716e+00
2.733349574365282919e+00
2.036755628813856411e+00
2.793838000373899622e+00
2.366998599699129180e+00
2.723209195931166615e+00
2.117432593360649484e+00
2.270430458575040333e+00
2.292886673427718236e+00
1.889777353638345980e+00
2.545576853890017865e+00
2.648844243302082013e+00
1.933309318569380375e+00
2.551951513880613476e+00
2.378245457586390277e+00
2.410031706769818705e+00
2.139596461688511919e+00
2.428924211672219613e+00
2.235537671967432694e+00
2.408715901914165514e+00
2.275847361580457306e+00
1.796758383765059586e+00
2.354045887897149303e+00
2.217744364736095264e+00
2.249717564050327301e+00
2.244368807928379006e+00
1.960885190710196735e+00
2.193280070990553998e+00
2.499690846401436684e+00
2.357928087679005635e+00
2.314274471152227619e+00
1.930291625684941170e+00
2.272593434290364200e+00
2.656128486735582328e+00
2.512869058539194178e+00
2.785235866611783351e+00
2.663309677039685575e+00
2.185384404885138743e+00
2.596110718914338200e+00
2.443071940900955141e+00
2.569886368055769310e+00
2.833947524739218515e+00
2.239613984360450782e+00
2.155472345207519069e+00
1.714897739580470981e+00
2.619948339371786616e+00
2.093277809688546931e+00
2.727706959299919465e+00
2.415368538830407363e+00
2.252046301336826595e+00
2.097945211706282898e+00
2.025301877806050754e+00
2.422846737939665651e+00
2.359377915687050020e+00
2.279329979779908921e+00
2.495410757332483076e+00
2.169476454654691189e+00
2.093149671361689279e+00
2.389908105635963231e+00
2.097819665089033947e+00
2.438520969626280177e+00
2.682869987071688556e+00
2.249801538290425285e+00
2.027652786801819929e+00
2.252065172089545264e+00
2.535196790701929270e+00
1.862577886295198271e+00
2.741641826137296345e+00
1.906605608634547089e+00
2.189896002441349854e+00
2.291678763457325907e+00
1.929728942018841042e+00
2.837592202866799695e+00
2.069850282358640214e+00
2.141170442159017639e+00
2.472385638915900241e+00
2.587419376431712603e+00
2.297807258990184565e+00
2.202047419869309408e+00
2.451701642548399285e+00
2.681036318803945662e+00
2.509411374566941078e+00
2.751868928492763544e+00
2.500172837625415756e+00
2.629847631950092079e+00
2.651768701470145206e+00
2.620442427008611297e+00
2.117452360202881412e+00
1.856067394373458690e+00
2.895077334928521484e+00
2.625768945311339309e+00
2.096714932086121586e+00
2.364212701983816167e+00
2.204021059162367457e+00
2.007415289190704222e+00
2.831841807956843038e+00
1.988771295680329620e+00
2.207123482271937664e+00
2.778542217301271045e+00
2.865455459119368165e+00
2.931889267117158138e+00
2.443444871800043217e+00
2.788181523228150827e+00
2.607305152220165567e+00
2.316540795973824451e+00
2.497460352813751783e+00
2.518911429966533611e+00
2.051525049663185385e+00
2.663773968823311744e+00
1.900448405521446560e+00
2.682589087352445834e+00
2.519416654096914954e+00
2.425129299789416493e+00
2.695070578102845449e+00
2.484749804688451746e+00
2.523725004746990130e+00
2.041876338704052607e+00
1.791120115692824699e+00
2.547251773393639507e+00
2.180168389273076990e+00
2.116118867758891131e+00
2.418766947155698066e+00
2.603702055806757620e+00
2.401422582846352238e+00
2.268223332206782406e+00
2.480159554715164028e+00
2.342725736845371998e+00
2.228368527549816402e+00
2.606517133482438187e+00
2.516343235000042533e+00
2.882195079581360009e+00
2.848691036401079124e+00
2.625957936949774751e+00
2.401830939070481286e+00
2.234249745997476833e+00
1.887555554708967076e+00
1.946593579099021865e+00
2.322825577348216264e+00
1.910697673926349038e+00
2.791809157208973158e+00
2.577444511751476597e+00
2.559914001611335976e+00
2.763829227399985822e+00
2.454161441720859926e+00
2.473702872870527258e+00
1.928925830373146022e+00
2.257523124522967883e+00
2.800170439887789353e+00
2.394214960435969708e+00
2.604443931290297165e+00
2.132692767984680771e+00
1.921131673213454905e+00
1.923228347450323117e+00
2.526726895763158787e+00
2.074657491848317825e+00
2.000070774112376881e+00
2.083540853894207068e+00
2.584455439158096723e+00
1.720186519115171953e+00
2.198659248326184201e+00
2.356697261433096546e+00
2.202001454050213525e+00
2.387644861586185385e+00
2.019887342613229109e+00
2.299573220094637271e+00
1.912388203205953596e+00
2.116599520317625771e+00
2.859106580074175508e+00
2.243898565109271992e+00
2.909830409889255787e+00
2.164673319513652050e+00
2.379778796815897657e+00
2.425100286628054658e+00
2.663512153145513484e+00
2.553715200398805507e+00
2.029870933590390614e+00
2.962806410928100043e+00
2.075254617396535828e+00
2.686131457338482242e+00
2.472161930008028641e+00
2.878199544660483333e+00
2.674404685248949587e+00
2.020306152756902840e+00
2.197474962040883550e+00
2.016867711876981772e+00
2.264959321077439025e+00
2.411866884371204112e+00
2.427241275795883446e+00
1.850964788762977653e+00
2.096386035509027135e+00
2.792245903361339820e+00
2.232246033864810908e+00
1.852144226256701831e+00
2.268551394773569374e+00
2.128424552602113273e+00
2.125019499230058173e+00
2.244364478804021346e+00
2.870768074468726283e+00
2.881697197535837418e+00
2.136958483677192433e+00
2.111442754957900014e+00
2.817033494660138526e+00
2.078334413049316431e+00
2.202433510302144182e+00
2.293458692941976462e+00
2.624208559055010159e+00
2.056097905387492819e+00
2.216576834067543356e+00
2.440016873555912458e+00
2.650711556547397763e+00
2.855682210211111904e+00
2.517574330673951977e+00
2.355130848408999000e+00
2.028405466984429140e+00
2.622972446468192942e+00
2.459576775067035648e+00
2.432281104884244982e+00
2.511517891699636795e+00
2.927851964738017454e+00
2.876932642769651771e+00
2.739302768746052497e+00
1.870382896702307063e+00
2.757148021278196914e+00
1.987633552967579709e+00
2.539299314890611114e+00
2.427375197413415897e+00
2.453456359546610788e+00
2.544074900287717877e+00
2.758560299336084487e+00
1.967624118005168121e+00
2.665710085250935446e+00
2.304224059208252573e+00
2.201286061815210360e+00
2.679097253918315769e+00
2.337559039234688996e+00
2.930764738965064176e+00
1.855125884007669201e+00
1.910239179711000101e+00
2.459020460947402675e+00
2.324566549504398782e+00
2.742334436906525674e+00
2.606275558864664887e+00
2.365081485715024634e+00
2.331052070306887103e+00
1.936432490931118577e+00
2.841558762268411975e+00
1.847879124796167227e+00
2.328394295601343700e+00
2.046842692325743229e+00
2.327536939189278620e+00
2.179939824893868838e+00
2.803488701911311498e+00
2.292447925534351949e+00
2.737076590988554159e+00
2.412959559752948735e+00
2.771605645302356091e+00
1.949959351509420902e+00
2.737155346631591435e+00
2.324583654506959807e+00
2.163530933410826140e+00
2.369798878294550715e+00
2.283510238377779888e+00
2.346072147214073755e+00
2.575354536168534825e+00
2.642551094868828443e+00
2.016420171738976919e+00
2.319106531473511978e+00
2.190156229442818958e+00
2.216570471553191979e+00
1.875013440372333084e+00
2.453380973558361156e+00
2.728669597906120625e+00
2.318798777486803520e+00
2.113477731616692168e+00
2.174938342966536542e+00
2.515735080860566075e+00
2.566829768170824977e+00
2.448267799415605239e+00
2.429102483634491438e+00
2.145120534402536805e+00
2.764534437877137485e+00
1.994269644527642660e+00
2.189095606301265651e+00
2.734469178067936213e+00
2.265449865206287328e+00
2.345762809433560747e+00
2.461296507655260868e+00
2.389094729203075751e+00
2.063458076130607388e+00
2.227554552522337694e+00
2.808886001171717606e+00
2.150056682317155854e+00
2.803860943319754995e+00
2.088109924106726467e+00
2.742140037699043020e+00
1.749091177836619382e+00
1.991267831093250784e+00
2.091089398871621263e+00
2.805066552632017984e+00
2.779812374428259680e+00
2.594642079783332278e+00
2.811846588334022901e+00
2.234019941862168679e+00
2.654509258863837928e+00
2.422182761432079445e+00
2.590669050483933589e+00
2.423049368127765391e+00
2.283028268406367189e+00
2.153299383715404858e+00
2.663707306732467028e+00
2.129302760735382272e+00
2.445746074238089207e+00
1.802516908727751055e+00
2.162585474275778630e+00
2.778745554165967580e+00
2.871177961629334696e+00
2.411722361481861920e+00
2.374459596957755991e+00
2.191077128454728573e+00
2.515317593358044057e+00
1.836512402744790773e+00
2.722248636824226242e+00
2.932771801693579761e+00
2.649267641305122822e+00
2.185845096060426762e+00
2.186689563394808911e+00
2.770399967970685218e+00
2.749813232606678870e+00
2.729571012287771659e+00
2.272088235253649113e+00
2.246159143875459563e+00
2.435264643805251872e+00
2.702785119451495355e+00
2.272096744040839500e+00
2.241701884925256572e+00
2.039763856451294544e+00
2.627527001630258763e+00
2.125198059116646387e+00
2.793275130367093073e+00
2.558773339689459192e+00
2.310165620945261011e+00
2.825529712309721386e+00
2.488680464438381978e+00
1.836316747212894507e+00
2.755321035245075212e+00
2.004886389270338576e+00
2.786582348660167519e+00
2.699060856245706574e+00
1.940429927405921795e+00
2.046070974609541793e+00
2.131038306403628901e+00
2.623400277695590699e+00
2.401125174678370833e+00
2.792855245848734569e+00
2.390426030297307491e+00
2.115034092218064821e+00
1.958456101307838093e+00
2.785974703755728754e+00
2.426740478958813618e+00
1.682001197723902663e+00
2.074155892678026358e+00
2.310642488558696694e+00
2.910537355824466932e+00
2.127276643046604576e+00
2.235911070263701728e+00
1.942417308594466929e+00
2.683318173546706653e+00
2.819067564791085445e+00
2.466420125350483605e+00
2.337062283369768956e+00
2.713626190138576089e+00
2.637879208176517665e+00
2.352154066564968282e+00
2.430746279223483963e+00
2.023333786307466298e+00
2.538194118853358106e+00
2.605218649783260787e+00
2.325113935106800422e+00
2.312736853005532112e+00
2.406439835069467126e+00
2.756355747208451668e+00
2.399868680972807589e+00
2.440829273952390910e+00
2.340170959568801390e+00
2.012304631281098821e+00
2.419183311001423142e+00
2.305772712685229209e+00
2.337008121853007658e+00
1.817170361586838423e+00
2.126060585491937438e+00
2.488671918907339631e+00
2.417936170315092781e+00
1.965492269796700553e+00
2.287497608020624185e+00
2.226475117893761180e+00
2.127256123429756673e+00
2.286431215710296172e+00
2.201280944230028069e+00
2.543160898915912682e+00
2.384334189346018817e+00
2.196447493099629611e+00
2.102522449550639383e+00
2.710414813077604901e+00
2.543108781297293230e+00
2.290323647212817448e+00
2.194461539852517795e+00
2.481648241602110616e+00
2.511641813269563706e+00
2.335629695475351042e+00
2.474108712084562178e+00
2.317267429128837541e+00
2.108902995443024064e+00
1.959957391531156556e+00
2.534529496375261814e+00
2.152276529071847300e+00
2.753580308515939379e+00
2.658306481668321730e+00
1.874755241824070939e+00
3.023832951039262529e+00
2.337274472715654472e+00
2.245293303262963835e+00
2.954354167476996196e+00
2.188113891328522076e+00
2.578449978481454075e+00
2.649659493564310964e+00
2.602674479692915543e+00
1.965253616089187361e+00
2.216285756447326172e+00
2.299910315133009142e+00
2.137257261350037574e+00
2.871572347783184931e+00
2.471301041780589625e+00
2.246738142381183856e+00
2.489765975198674930e+00
2.478109141469586607e+00
2.749752309986122967e+00
2.230803095728998375e+00
2.747956839456900724e+00
2.820112750405034507e+00
2.169890858239241549e+00
2.555008312844611940e+00
2.264682516394543210e+00
1.730557579851685457e+00
2.460486213991163851e+00
2.472975723672826032e+00
2.613605416040267748e+00
2.310597985330583803e+00
2.308187464145954326e+00
2.282023412245739902e+00
2.227175818643396976e+00
1.937045600510733712e+00
2.356324609162013584e+00
2.276012471535322490e+00
2.714314481090293718e+00
2.374293664127876013e+00
1.753732533410925720e+00
2.787140863810543046e+00
2.801164685419354150e+00
2.420515970542880702e+00
2.616486001157862340e+00
2.182460827751587562e+00
2.658176603022849083e+00
2.396769029889215030e+00
1.858727928334555912e+00
2.392323824109807706e+00
2.465745905370880120e+00
1.814213483849895558e+00
2.123653186151124750e+00
2.546565652563849369e+00
1.934564282908152189e+00
2.771830553591725810e+00
2.537895142982404373e+00
2.719979803386150863e+00
2.692237048160471602e+00
2.825431024382572431e+00
2.461047087672120881e+00
2.493258535815195298e+00
2.504062139426374678e+00
2.505705723453786504e+00
2.562926253243429375e+00
2.914042441957323870e+00
2.247489961143408266e+00
2.720199192884778405e+00
2.517676335350393479e+00
1.825066471100288856e+00
2.614002574502328535e+00
2.358159020699257979e+00
2.916332713295378465e+00
2.624200087072630527e+00
2.055585339553688051e+00
2.415624545294234871e+00
2.137114377838717161e+00
2.522138610793338120e+00
2.644665141027748856e+00
2.282607408251036585e+00
2.266741096001983369e+00
2.659718931487878635e+00
2.617886722767071461e+00
2.542093099381241394e+00
2.397031384151178557e+00
2.618668175109419849e+00
2.652426620351745701e+00
2.627943565130464343e+00
2.963352618752208123e+00
2.127066363155022177e+00
2.142911693186108746e+00
2.650206151412302535e+00
1.874790721421192297e+00
2.158826332827160854e+00
2.253363185036937999e+00
2.110779757054648709e+00
2.628137318865542582e+00
2.880214515884728321e+00
2.826918567027409512e+00
2.029997738897624693e+00
2.548049194987539678e+00
1.988405333055502711e+00
2.160929298743898386e+00
2.561965725722871401e+00
2.552971179487560693e+00
1.817113667578903691e+00
2.077032928902332820e+00
2.299566910975719747e+00
2.633133847040401321e+00
2.016518673857392585e+00
2.462616646173242607e+00
2.291609840699459610e+00
2.007345169687147823e+00
2.037057367246065454e+00
2.721063427090483433e+00
2.198265568901120126e+00
2.510867420764151259e+00
2.139003189097356206e+00
2.343436573693852054e+00
1.750072882606712232e+00
2.200643682353387920e+00
2.818431620387278791e+00
2.289293697660890636e+00
2.725292322882550078e+00
2.680100031242184322e+00
1.951513746653456671e+00
2.593589882341966302e+00
2.729256876796862130e+00
2.489645447428046943e+00
2.512835581273354713e+00
2.466406501929047757e+00
1.846593621836086996e+00
1.896180354304360050e+00
2.496519951157750050e+00
2.546666335385654456e+00
2.790973522088022740e+00
2.436744682016567687e+00
2.583325194877117426e+00
2.582068961014408082e+00
1.751633797097418288e+00
2.585989779237350739e+00
2.492872423819542771e+00
2.670438154186248081e+00
2.444221643612613626e+00
2.439430446432774957e+00
2.582952820910250136e+00
2.543464933240083159e+00
2.310211167668101417e+00
2.000145031950983920e+00
2.744638048217112214e+00
2.930216736905551844e+00
1.939811692007392674e+00
2.968670908018183674e+00
2.171222122817771272e+00
2.287714455803580016e+00
2.159006662476308680e+00
2.480946906578116895e+00
2.868869547957490607e+00
2.691078623378207801e+00
2.453959772392243277e+00
2.139221822461234712e+00
2.672620710453271542e+00
2.353407545047732086e+00
2.506594740770410557e+00
2.225326048219914199e+00
2.456039524564578969e+00
2.332423388091048100e+00
2.119872155547183112e+00
1.732566628926226038e+00
2.582415357676432599e+00
2.514445415593166366e+00
2.675312646445176412e+00
2.316428983586287238e+00
2.505132207587219106e+00
2.359798999785317264e+00
1.889288542334104593e+00
2.598735288754723705e+00
2.153188730572406229e+00
2.280096623395063915e+00
2.231566229807113277e+00
1.713179999710217727e+00
2.261561836962278971e+00
2.682348165939793638e+00
2.189191314183501547e+00
1.815231591160141766e+00
2.434811868012199731e+00
2.814852034616370346e+00
2.010212938174965380e+00
2.261886041229045130e+00
2.382706277462493194e+00
2.629570373342215106e+00
1.850440189400208491e+00
2.206697465537335034e+00
2.233580082777366194e+00
2.533427838050511749e+00
2.307449999603028878e+00
2.446557117456515495e+00
1.866201055542680676e+00
2.771074388289516577e+00
1.772245173284161091e+00
2.780061931386071716e+00
2.725606666655846499e+00
2.432453696414873523e+00
2.628909655596845418e+00
2.249512103322250933e+00
2.192317222764641471e+00
2.728323445886922993e+00
1.934523348616791205e+00
2.160909914264419029e+00
2.710202541380260399e+00
1.785758002756585139e+00
2.954298882907687052e+00
2.805331608971433077e+00
2.815454075200586992e+00
2.775667712422667854e+00
2.713266743982823748e+00
2.927749749389813694e+00
2.196485034219409993e+00
1.928985866024601759e+00
2.643803401779095452e+00
2.007064514013288115e+00
2.847791519066814825e+00
2.487527177246427357e+00
2.513437693109465076e+00
1.982490522707219816e+00
2.225886211811211712e+00
2.474425475394450125e+00
2.647429114954384488e+00
2.338984285833134003e+00
2.593803978751008099e+00
2.588415676713564650e+00
2.716745025903354982e+00
2.399061163764549143e+00
2.676372732458608183e+00
2.176829129004114627e+00
2.717930283607516095e+00
2.202152033883304938e+00
2.223570287821999614e+00
1.958401999127843185e+00
2.961850093974047748e+00
2.531340522621939648e+00
2.306268243926748784e+00
2.429167960206161325e+00
2.212117275304783970e+00
2.801362121285712270e+00
2.250549321284470938e+00
2.363285793810085966e+00
2.471957062602759159e+00
1.954092820811310194e+00
2.456583095872565181e+00
2.911750263189893495e+00
2.570839918813965674e+00
2.430905389188152910e+00
2.492493979611672739e+00
1.958300429219265615e+00
2.492917759394638555e+00
2.786682180359122185e+00
2.420502058333114270e+00
2.509181617634730799e+00
2.272559261201198666e+00
2.504262897506150054e+00
2.094408482216176814e+00
2.481463613931309986e+00
2.654824250090276117e+00
1.765782772715643212e+00
2.577894098870171291e+00
2.808493838567057921e+00
2.671773256570989297e+00
2.392252377971747279e+00
2.890681431529402268e+00
2.615267555716944692e+00
2.729776190817906567e+00
2.835035720069137177e+00
2.467384338535146604e+00
1.828265049529092190e+00
2.252058577626340430e+00
2.162330302184218400e+00
2.144087402751285953e+00
2.240915645262832712e+00
2.697479063624878215e+00
2.568384369288253311e+00
2.211130147906937182e+00
2.144769293852751169e+00
2.469699060083514031e+00
2.175866221261077982e+00
1.834313263922814130e+00
2.529243401170149674e+00
2.595960678899381868e+00
2.152342670567243932e+00
2.579538318139754871e+00
2.616480024775545310e+00
2.052617449679986272e+00
2.616794397171454012e+00
2.123025830950037385e+00
2.713394175341391268e+00
2.073902475188917904e+00
2.101338013418510009e+00
2.332589400423246140e+00
2.411326328979703337e+00
2.815129360503602296e+00
2.547053141729674230e+00
2.600607060286002969e+00
2.998389724121165667e+00
2.644026293560338470e+00
2.661165351002743318e+00
1.946152533757895764e+00
1.739179604948981606e+00
1.787172775382568135e+00
2.407734330440198800e+00
2.427393843256935746e+00
2.527212206780813375e+00
2.717289369913786334e+00
2.545745356189068609e+00
2.098350530929830704e+00
2.081142575200390699e+00
2.844013784703999015e+00
2.529039148572509887e+00
2.451027295257582672e+00
2.084326139817053836e+00
2.212396909184600524e+00
1.904136532339865795e+00
2.194257776792895243e+00
2.738715390078867440e+00
2.872793071368274997e+00
2.710593050501774570e+00
1.875831331352791453e+00
2.372607602265134119e+00
2.186475638540555710e+00
2.775010313045922050e+00
2.316778545911887921e+00
2.227751404533259816e+00
2.265820593464643373e+00
2.102021039735483043e+00
2.323455543285345204e+00
2.861108708003928580e+00
2.368228457516533769e+00
2.086109383908436143e+00
1.917889045553391014e+00
2.802050479318994203e+00
2.437504613858934910e+00
1.937482920078882787e+00
2.837512740792468957e+00
2.492936299391315114e+00
2.052818432908256163e+00
2.402458195907144933e+00
2.107703546546068729e+00
1.820488233779307574e+00
2.722019798368193744e+00
2.442528415660648378e+00
3.007515151575646861e+00
1.975490968200427133e+00
2.510114503823106524e+00
2.201813497884703708e+00
2.282249084739349065e+00
1.992412827381768725e+00
2.836614688818262398e+00
2.590016391314867494e+00
2.176084913891720429e+00
2.606252014133400685e+00
2.466433540241599331e+00
2.476751286733142265e+00
2.245157700227827569e+00
2.512502955395498283e+00
2.515242916828267283e+00
2.357277197270506441e+00
2.462391590364328309e+00
2.304666842993684739e+00
2.391579411340850392e+00
2.106641235370404708e+00
2.384529023808580117e+00
2.311700067929995495e+00
2.674469163582437137e+00
2.029085860963582455e+00
1.843677342377707307e+00
2.776623087268065948e+00
2.703336433955859874e+00
2.705864508631099508e+00
2.311977444854663055e+00
2.713174559081531712e+00
1.931935286358210879e+00
2.443601609237553873e+00
2.889132899324579284e+00
2.665031589877987717e+00
2.588887331937866687e+00
2.286329571155337526e+00
2.378193091509706925e+00
2.529289037460424439e+00
2.252497041394143196e+00
2.659202165667331919e+00
2.370305450047605067e+00
2.865590043971789846e+00
2.658666271863689978e+00
2.254105698282701464e+00
2.233320005003398556e+00
1.942836390844000283e+00
2.555901855095554787e+00
2.355462222564898678e+00
2.197683840272372180e+00
1.948185818988659168e+00
2.430758769131139196e+00
2.021491334496216652e+00
2.726327310996026210e+00
1.891964466799359590e+00
2.134784393471866437e+00
2.695319608135601452e+00
2.428330614538197985e+00
2.580812246104550400e+00
2.757415752190962355e+00
2.343648883635141011e+00
2.544658396000038625e+00
1.993913533056678178e+00
2.221993127629279030e+00
2.537854630024518165e+00
2.377733132090527945e+00
2.269846380775070394e+00
2.773835939242712101e+00
2.824632429273808754e+00
2.145268499235853277e+00
2.396523305767864542e+00
2.306700129635409713e+00
2.427043743305214107e+00
2.130678673290225422e+00
2.115499319694901015e+00
2.756094980284251594e+00
2.641442656360529551e+00
2.934384766801681366e+00
2.836266513627386132e+00
1.956929426889595813e+00
2.761982889833185073e+00
1.874827550700634671e+00
2.798689611601027138e+00
2.363785137516332568e+00
2.698930773333275468e+00
2.283558013000007936e+00
2.129430697329862898e+00
2.133638331910031827e+00
2.681928215336436772e+00
2.355074732916322411e+00
2.536963511691721518e+00
1.956969152720490879e+00
2.390106451271064358e+00
2.053606992345440307e+00
1.705027109970464139e+00
2.437054070662973970e+00
2.385382620524696407e+00
2.694859984374051276e+00
2.902249955670530124e+00
2.860773584783099288e+00
2.168060828929367911e+00
2.380995415817040328e+00
2.364948460430620347e+00
2.535684993965312550e+00
2.892202265025749064e+00
1.988089527640215071e+00
2.701029615692903452e+00
1.723850581381664471e+00
2.165816821775466305e+00
2.368017567312966420e+00
2.763093522124075996e+00
2.310524776378986012e+00
2.372538803709517641e+00
2.836668081303488353e+00
2.477312181148763948e+00
2.624389370846495595e+00
2.703013836239810619e+00
1.897121258944798994e+00
2.423673908213241024e+00
2.369464769655436065e+00
1.953607145440862780e+00
1.841522378260129544e+00
2.890011694201690684e+00
2.101079000451268719e+00
1.760376233074706143e+00
2.563449971275337802e+00
1.925948710529487240e+00
2.614103099711152289e+00
1.873275950690214131e+00
2.058607341905924315e+00
2.803002856183946179e+00
1.994114829406027134e+00
2.286651952633568907e+00
2.719923724593624748e+00
2.390493241575745387e+00
2.104031493095236183e+00
2.565271250916913992e+00
2.178782938824062043e+00
2.649406077466184506e+00
1.779079213338715437e+00
2.103080766224329601e+00
2.034331563656095021e+00
2.569691653359999606e+00
2.518703151012201324e+00
2.612592772220237780e+00
2.806206375612240844e+00
2.418905063953625589e+00
1.704398787483019984e+00
2.792771976213727303e+00
2.689418101026199714e+00
2.598247689900692325e+00
2.487573986631418155e+00
1.899308461681572524e+00
2.744339926433904342e+00
2.375479170505006898e+00
2.667518734891440424e+00
2.295898357035458748e+00
2.367194628989779837e+00
2.200355834935113997e+00
2.710110815091530512e+00
2.444303103968036517e+00
2.529668841885325925e+00
2.277086165932580286e+00
2.497142660383425028e+00
2.201490418991639775e+00
2.147403571298931446e+00
2.456590729950349772e+00
2.663727965037743228e+00
2.809108990542933615e+00
2.508019349949453858e+00
2.485704916699354339e+00
2.085405667268210195e+00
2.929024047510819795e+00
2.451523290735123872e+00
2.136036775485168793e+00
2.423612215880053711e+00
2.056440843958107223e+00
2.791751943160802885e+00
2.223771022890824511e+00
2.492004864248535068e+00
2.824464308768392939e+00
2.197216801654649387e+00
2.562629521596960114e+00
2.552161419757563721e+00
2.012792190131241554e+00
2.680737937047648956e+00
2.626436816228338245e+00
2.631169898998352519e+00
2.724158330551339269e+00
2.529592773925347871e+00
2.581208240493726436e+00
2.225625250071625594e+00
2.131032846624221655e+00
2.520953435133891141e+00
2.592071945072308203e+00
2.288989198919163304e+00
2.621140405446723776e+00
2.716674839690463195e+00
2.257290921658106075e+00
2.381610933905927929e+00
2.256016349517655506e+00
2.342468010572889892e+00
2.380988186829613440e+00
1.999100679490690702e+00
2.777808054827104911e+00
2.438498394149598791e+00
2.379811938189198894e+00
2.125635994363475501e+00
2.517984198123795370e+00
2.463534049309416663e+00
2.362600695244871041e+00
1.914382073699804732e+00
2.590050147119347113e+00
2.592557140107075053e+00
1.979456659522701667e+00
2.606951637219914630e+00
2.171146572445439293e+00
2.276081914725367028e+00
2.277534111048629573e+00
2.521107045837998495e+00
2.337387811075695154e+00
2.508331336865279759e+00
2.520545898913352012e+00
2.334533288035053999e+00
2.375492420459468956e+00
2.434716314855343011e+00
2.365865604789185728e+00
1.760859898453615235e+00
1.887789064677112272e+00
2.196999664102725625e+00
2.335789710071773939e+00
2.785960544337050759e+00
2.073683842687020107e+00
2.545475309453448354e+00
2.816369888753007977e+00
2.054883431677930972e+00
2.411373007800916124e+00
2.514053364514254429e+00
2.610675810916816442e+00
2.624224350059144673e+00
2.518729063372111110e+00
2.527796173773354749e+00
2.089896191292288208e+00
2.887762757760216736e+00
2.858112758397464148e+00
2.716209260947676007e+00
2.475994623871596190e+00
2.197349952298693676e+00
2.749624376575948492e+00
2.655215157600223197e+00
2.366270978320458074e+00
2.102462074248307555e+00
2.778205275742257729e+00
1.956848836868316122e+00
2.088145100535149012e+00
2.119822405061097648e+00
2.280650014622645827e+00
2.539887619341852254e+00
2.652452052380249281e+00
2.030073627872665654e+00
2.530380410973052996e+00
2.071689002696131432e+00
2.622757016345362402e+00
2.555150889851094398e+00
2.655595275050387727e+00
1.812757477184353982e+00
2.130258066916391968e+00
1.956668420012103171e+00
1.913222907658172378e+00
2.710701583690344307e+00
2.414591502251638655e+00
2.079357046604681791e+00
2.893711272481358066e+00
2.170174858847847332e+00
2.053268478759536997e+00
2.435207484328364202e+00
2.628748533843527024e+00
2.733816632826901127e+00
2.720970559809513745e+00
2.455477596331445245e+00
2.313006807106741114e+00
2.921930528977207953e+00
2.242132088366182163e+00
1.909287887438890552e+00
2.060255558919450447e+00
2.646888099553516227e+00
2.143686854523068064e+00
2.357849383126198628e+00
2.358914085665443583e+00
2.282708363445253852e+00
2.224196459692213690e+00
2.932585179583194535e+00
2.554392594553518858e+00
2.508800568954050902e+00
2.474062173442986179e+00
2.543667965638691797e+00
2.136713351211839473e+00
2.205749172286862958e+00
2.684769944753945481e+00
2.681546192512657800e+00
2.408782651805054797e+00
2.702575168090181279e+00
2.733896261456036036e+00
2.348490963994716019e+00
2.602418317068044828e+00
2.900954262137610318e+00
2.580528229952737895e+00
2.599720170852433121e+00
2.314520058351280607e+00
2.517568920464571924e+00
2.586302431887356867e+00
2.188342262090599011e+00
2.196332308610322581e+00
2.162072507124295218e+00
2.834515273561827087e+00
2.609520061582896844e+00
2.526002994058838880e+00
2.158161146487961535e+00
2.289562602782923229e+00
2.425154689383799855e+00
2.916413596050224655e+00
2.057684238543837196e+00
2.713168653300721100e+00
2.024314554424892165e+00
2.790776948361325616e+00
2.335841546065823948e+00
2.120484176448700797e+00
2.513682067566260336e+00
2.085224983093902473e+00
2.467375295411008640e+00
2.872499624453671352e+00
2.791141150902399559e+00
2.228469389287817570e+00
2.703382667599262046e+00
1.672921577658449843e+00
2.546829459519072802e+00
2.650191018161952350e+00
2.519962954896972640e+00
2.086092431942955905e+00
2.684340349742584841e+00
2.909879016883873959e+00
2.503922532647378407e+00
2.892811720857747293e+00
1.932320672604780132e+00
2.579323759366642044e+00
2.007948909738621168e+00
2.489492717054413884e+00
2.494490067559038238e+00
2.225658676250210632e+00
2.116653745629840877e+00
1.758511215321904908e+00
2.135095081416922724e+00
1.967127337201766801e+00
2.153384704605957989e+00
2.062283201087577567e+00
1.967272164320560623e+00
2.746027845724550165e+00
1.840439215736404233e+00
2.659703017087906574e+00
2.306655052973931586e+00
2.617492827293118829e+00
2.966115503595190717e+00
2.035341551394054704e+00
2.107130537710362184e+00
2.387938899014720562e+00
2.013905237143339466e+00
2.364235117837533817e+00
2.142890192436976982e+00
2.903439669260587941e+00
2.088642257950807490e+00
1.812543643795530457e+00
2.798017260046690602e+00
2.104061733552600622e+00
2.182766417417689286e+00
2.132547643559976613e+00
2.153585491202575586e+00
1.709722730492794884e+00
2.827119924635871584e+00
2.638895419161513711e+00
2.371407886832241019e+00
2.305411194244195272e+00
2.329499903938604621e+00
2.115776305405401736e+00
2.146490823304142204e+00
2.722385997438852900e+00
2.121672225375557552e+00
1.859702447589163254e+00
2.665798351943338140e+00
2.462096267254575643e+00
1.922720245625012758e+00
2.115422653055242463e+00
2.038653768803519561e+00
2.228843490976957220e+00
2.163611024357214419e+00
2.567394585312238409e+00
2.232546826820855035e+00
2.805437550217120268e+00
1.778300094876191340e+00
1.792836735185898478e+00
2.450903270067213757e+00
2.609911549106368689e+00
2.680972713647244099e+00
2.150618984353510399e+00
2.409857811497765123e+00
2.314899909048305116e+00
2.763796994907298465e+00
2.574831551454768164e+00
2.582700738359667625e+00
1.878830261880540364e+00
2.549782871490728908e+00
2.611021297566739729e+00
2.701221402765895618e+00
2.258177788740812986e+00
2.364416555874502723e+00
2.307315184247261897e+00
2.675510392441678320e+00
2.620842547092999020e+00
2.920358183128413998e+00
2.454814856578999116e+00
2.371816715014702925e+00
2.373469830151995197e+00
2.396857705920083959e+00
2.636860531663554497e+00
1.821483430597163444e+00
1.737470907854192559e+00
2.502149193914235514e+00
2.011391877627424662e+00
1.633517813089238491e+00
2.642363594806065308e+00
2.447130030977581416e+00
2.709162196368677833e+00
2.216746409971857457e+00
2.680649699224398219e+00
2.548150773759556564e+00
1.972500074015922644e+00
2.349706904585574296e+00
2.685801351483235955e+00
2.757433597671477443e+00
2.597227762568022680e+00
2.010951919333186844e+00
1.908414642833245800e+00
2.487955408057193729e+00
1.782290134075259935e+00
1.914063261521865345e+00
2.412712390722726141e+00
2.558513143325099382e+00
2.221910604701942571e+00
2.534493396934871967e+00
2.597356466929380936e+00
1.877825484431274727e+00
2.491693531415041907e+00
2.346018838576370502e+00
2.554559514224584937e+00
2.176770674753341073e+00
2.832347286597516334e+00
2.189287024179443542e+00
2.432881840901881532e+00
2.555072120490855081e+00
2.343153733329202293e+00
2.691938009929859099e+00
2.095795596928349269e+00
1.966894582570557937e+00
1.974055099438278837e+00
2.114314437526435775e+00
2.175861260649941897e+00
2.855574629252092933e+00
2.358664737712214077e+00
1.698283875483768135e+00
2.064038468439188367e+00
2.368885085426031267e+00
2.707797230257149579e+00
1.956360099076782655e+00
2.181603128138885239e+00
2.135176959629230709e+00
2.187934466707510239e+00
2.242315042107455803e+00
2.885345872027674563e+00
2.499617886481348528e+00
2.718851612563361719e+00
2.043723351545533973e+00
2.581650985397403453e+00
2.239693868221174000e+00
1.983055751935292266e+00
2.471928886890937704e+00
2.732350479586086678e+00
2.721410626093722307e+00
2.405459809986495223e+00
2.709809379651442640e+00
2.369643806538213937e+00
2.487859624390465818e+00
2.161659131331267858e+00
2.292894847921775447e+00
2.387662129722092352e+00
2.145520649282652847e+00
2.061720144892009721e+00
2.851908185698535991e+00
2.212709900988323319e+00
2.246711566930510440e+00
2.517724444099570746e+00
2.306990780606517077e+00
1.881495178299697590e+00
2.049599869896502558e+00
2.200058608853919573e+00
2.554683804162952043e+00
2.221764828495047972e+00
2.304414881647519842e+00
2.301764992033862978e+00
2.427182574954322991e+00
2.054229737138004275e+00
2.182881784740339448e+00
2.769635938653140617e+00
2.773030079551639382e+00
2.242604239636104779e+00
2.304987271704479479e+00
2.020889796223860557e+00
2.122608831380714989e+00
2.822037259360109740e+00
2.369310832141752421e+00
2.147338304712286483e+00
2.530206426910689643e+00
2.395876653906070963e+00
2.599518583194392995e+00
2.673282089762876179e+00
2.781393525491298480e+00
2.505634799294037762e+00
1.743440341253480019e+00
2.844489610285258152e+00
2.281948468007385600e+00
2.521603161391412051e+00
2.084198915359718907e+00
2.359961966692480928e+00
2.541895373888298781e+00
2.315277788924314351e+00
2.174803970435517098e+00
2.408494853882645170e+00
2.286974998135691717e+00
2.826463854186393121e+00
2.827900716744414122e+00
2.420216422968181735e+00
2.676613305938857934e+00
2.622908411655515248e+00
2.115950834151553828e+00
2.753065197667503572e+00
2.438499270548482478e+00
2.483748667445149216e+00
2.671295477158226905e+00
1.977718243127152720e+00
2.346253494650276217e+00
2.509923752033999200e+00
2.374563040026180794e+00
2.858589015381309384e+00
2.079399275117636670e+00
2.478581637450595121e+00
2.290019550601789078e+00
2.510375017979733947e+00
2.529453693469692954e+00
2.192223453076645789e+00
2.261793657756816067e+00
2.462484702790828983e+00
2.426558101723926164e+00
2.493993296436859630e+00
2.371754745983215784e+00
2.480322858664505414e+00
2.517074409691630876e+00
2.487783571570630681e+00
2.058548802678258571e+00
2.229470175673880394e+00
2.383665128281179602e+00
2.560180869510285895e+00
2.038379544070022753e+00
2.898301487536898424e+00
2.141466352651751670e+00
1.816400487830929222e+00
2.740112988647876335e+00
2.211038366082326512e+00
2.153015237347019273e+00
2.405883836996679292e+00
2.545685054132471148e+00
2.823780170863727346e+00
2.444604747430128899e+00
2.318242500711953369e+00
2.650994679447563396e+00
2.649314845393323292e+00
2.705706068234913886e+00
2.844693755895872034e+00
2.594900707709187682e+00
2.449194372928755747e+00
2.116597668375689967e+00
2.027729748710846103e+00
2.319158654605569581e+00
2.357378412955812408e+00
2.862309509009071551e+00
2.275136471003326832e+00
2.304927328775057127e+00
2.340091217215977348e+00
1.835860774796363337e+00
2.172523774403698038e+00
2.187018979967119137e+00
2.681150118095353196e+00
2.147671787564304324e+00
2.670770471207402963e+00
2.553762630928691379e+00
2.649638389425543306e+00
2.156667041318307554e+00
2.662430075157156573e+00
2.694260013272801846e+00
2.352825816453684382e+00
2.248968486839674874e+00
2.400595959603287088e+00
2.394812611760559484e+00
2.468944065696854651e+00
2.387303104408459387e+00
2.503903993606845901e+00
2.142467015467663050e+00
2.980359267538078782e+00
2.373875618813855670e+00
2.531859430839106473e+00
2.257542600515797915e+00
2.575818247371044922e+00
2.966408808868219893e+00
2.270238986622680866e+00
2.507755863920364980e+00
1.922226488136856926e+00
2.548856101886237902e+00
2.035107533771133959e+00
2.495909726440386667e+00
2.423946578739105462e+00
2.411342711604181233e+00
2.395835483507857688e+00
1.885280285157771019e+00
2.248919812023447484e+00
2.258060175386777502e+00
2.368130473023921656e+00
2.426537629698624521e+00
2.426958975639384342e+00
2.446952734249125516e+00
2.099598722975464682e+00
2.584147650544606378e+00
2.613272405091289663e+00
2.037244092355792624e+00
2.565953994619233569e+00
2.798369224177907011e+00
2.494169023497813775e+00
2.356438781854883757e+00
2.648490965148768694e+00
2.070690111263298938e+00
2.013911093209273417e+00
2.658086862398089778e+00
2.386506501834936955e+00
2.476334142420919981e+00
2.070499637203703891e+00
2.050653153016289032e+00
2.631943569267091831e+00
2.402347975802597180e+00
2.409204479921821740e+00
2.188438434420472589e+00
2.180174669165518608e+00
2.328181684311963373e+00
2.055356041007531331e+00
2.136285557099058430e+00
3.012968409291477911e+00
2.688185631695196420e+00
2.626432082133730361e+00
2.850682900326476421e+00
2.330687122902732611e+00
1.809653896697813513e+00
2.225803436777090916e+00
2.610730292020776222e+00
2.067005245200950636e+00
2.265050133050581671e+00
2.396327492043680341e+00
2.445900530532192807e+00
2.527078268056558663e+00
1.793789316714563098e+00
2.499626264754486016e+00
2.408885507490925004e+00
2.273172327631003853e+00
2.632267993752866353e+00
2.659272037142566436e+00
2.460226014503684056e+00
2.621561801088790222e+00
1.930707378441750333e+00
2.025495197786244539e+00
2.529182642335216613e+00
2.035671020621775185e+00
1.784629313843423715e+00
2.328733734034977854e+00
2.340057467838576155e+00
1.930461231236098030e+00
2.688613428920327397e+00
2.693093789337399624e+00
2.305053158048595119e+00
2.271141850457051525e+00
2.491664195708673812e+00
2.721704875431627535e+00
2.236840451676325170e+00
2.139976185131978070e+00
2.761123795944584458e+00
2.529837295471964786e+00
2.445241928271123744e+00
2.037703673041246333e+00
2.486354420662882703e+00
2.178625976985737900e+00
2.131495630815653630e+00
2.197705069471584061e+00
2.371123135431370432e+00
2.553539667830712290e+00
2.775817454609508239e+00
2.182019049013813827e+00
2.155956986377303153e+00
2.233662055024043358e+00
2.513874453499313599e+00
2.300300086293292523e+00
2.250524295425229582e+00
2.564163510741574115e+00
1.926174109143144131e+00
2.435041246961741734e+00
1.910114233966985431e+00
2.404776604330650436e+00
2.227519867530083353e+00
1.960704270470648547e+00
2.560520558289512749e+00
1.764857801329762887e+00
2.352342667194738723e+00
2.545414992303943524e+00
2.544379463386258422e+00
2.858069293225531826e+00
2.962029066740244243e+00
2.309262440309453712e+00
2.702539161818263480e+00
1.789598902826780247e+00
1.744647605465657669e+00
2.258492495873056782e+00
2.556152499017431801e+00
1.973207788358997128e+00
2.264559457805300546e+00
2.468305702616945485e+00
2.322776764516448100e+00
2.826030986285417601e+00
1.912560417794398004e+00
2.637118904717270951e+00
2.508107791115070206e+00
2.305036829597930659e+00
2.649003727888554316e+00
2.252496620874809619e+00
2.502569959680543299e+00
2.712339041496580450e+00
2.199529629217730431e+00
2.402857992224274319e+00
1.878790030153937973e+00
2.176248334929968831e+00
2.699397984273715689e+00
1.866462026432225807e+00
2.525334703708067341e+00
2.701157830263145154e+00
1.780312303543013730e+00
2.494586833838295270e+00
2.083371734590966362e+00
2.068519247023576924e+00
2.279605878840053723e+00
2.379442283214758813e+00
2.254685549845989012e+00
2.196792019537806784e+00
2.350298023812385395e+00
2.273598868365291015e+00
2.559273285123203401e+00
2.916815867714712240e+00
2.502083616214235473e+00
2.758463327269509158e+00
2.570770958703686659e+00
2.508060136033232634e+00
2.623647972218916546e+00
2.519805359037122106e+00
1.977086687210589000e+00
2.696308261754604807e+00
2.407868403856608275e+00
2.401190725342141619e+00
2.390172471033600310e+00
2.525093567846757203e+00
1.977410645844412507e+00
2.495471975688924982e+00
2.017339798614450785e+00
2.330431655484578979e+00
1.977279642961920159e+00
2.399688845427780937e+00
2.324361208428302739e+00
2.721922551132981205e+00
2.593157495559324399e+00
2.639890860181342891e+00
1.983847864305068098e+00
2.082818453095114819e+00
2.236082502003296391e+00
2.070501006043768299e+00
2.563426259821462772e+00
2.971252655096021655e+00
2.727589052681510307e+00
2.345250909582998755e+00
1.891703260795224217e+00
2.167535942938116023e+00
2.419316328183704456e+00
2.211405403833778482e+00
1.939701642800244930e+00
2.234548702554979727e+00
2.020043592676691091e+00
1.915717341531525841e+00
2.767266518116368257e+00
2.548309944710669406e+00
1.993206262257466443e+00
2.325696593680381952e+00
2.526422401602829826e+00
2.602984597428859459e+00
2.339148178303803061e+00
2.127844231967409350e+00
2.465455820262136388e+00
2.367650121109463157e+00
2.412441185524321963e+00
2.266710618196780214e+00
2.389605928928924428e+00
2.124464210291807209e+00
2.521328972279786917e+00
2.186885401049599498e+00
2.363595419186563795e+00
2.189070534824394176e+00
2.177103056777705881e+00
2.553998522646025560e+00
2.099346205109819508e+00
2.464446231569945578e+00
2.578497787533136076e+00
2.240644857597106299e+00
2.360288836280977964e+00
2.498462553265866859e+00
2.435125538352014729e+00
2.063046655770508941e+00
2.170486172978453254e+00
2.620450011570939264e+00
2.417466730716570478e+00
2.836953867719618216e+00
2.075216922853063473e+00
2.648789431198242728e+00
2.679685361685492317e+00
2.476251935992492825e+00
2.428371425553626395e+00
2.338818984752023766e+00
2.591160095000516250e+00
2.488964082851102599e+00
2.392037986656978532e+00
2.440993935479672583e+00
2.434305812870135810e+00
2.626094253919834642e+00
2.385591632633865089e+00
2.263581544570742565e+00
2.288901861531648319e+00
2.695018627825294999e+00
2.862925479797533868e+00
2.344997788477824585e+00
2.277662662294638984e+00
2.688952400193171499e+00
2.524241288674685002e+00
2.383782814840509356e+00
2.676892906424091834e+00
1.734868145040201037e+00
2.275341229150455558e+00
2.900553843574221968e+00
2.366755003246753919e+00
2.618849285733137577e+00
1.946760295499626370e+00
2.170139401453579531e+00
2.205879482489558452e+00
2.615209844323667099e+00
2.113283023403702110e+00
2.376137504884541229e+00
2.820420432455744919e+00
2.561054854377589063e+00
1.949605621665237765e+00
2.398549252129046572e+00
2.376333552991979570e+00
2.997663957422071146e+00
2.505217828571932426e+00
2.083434677952778813e+00
1.933744746752450228e+00
2.185579202505131047e+00
2.847214625931585807e+00
2.789222853948507552e+00
2.257670409554377144e+00
2.722031618498994998e+00
2.128766263929664060e+00
1.965866873191782993e+00
2.275960290938023434e+00
2.412360188228003022e+00
2.142773010040867732e+00
2.599206430749881669e+00
2.164148017074980057e+00
2.067131399786791057e+00
2.577801707634434170e+00
1.847430622655267696e+00
2.090211378395589570e+00
2.316766444792953905e+00
2.433292336084165619e+00
1.980238678019775156e+00
2.277956011382115342e+00
1.961899644098494822e+00
2.272178891562704361e+00
2.628138698856599120e+00
2.459787735706372214e+00
2.594252036747243917e+00
2.109402107347996935e+00
2.199032367801093457e+00
2.520831184790597757e+00
1.959354857030526587e+00
2.714260917816494700e+00
2.526122519455548776e+00
2.164707477777349620e+00
2.002227966818156624e+00
2.321838526063380925e+00
2.034996368024134306e+00
2.001825427505601773e+00
1.956704081380691074e+00
2.791402966961730403e+00
1.951349577099003918e+00
2.316692817971055529e+00
2.430612411856056365e+00
2.691223171056761565e+00
2.072678320922517692e+00
2.159567592851913354e+00
2.456371390993562720e+00
2.339573122653072268e+00
2.465162201041611212e+00
2.610322520928995083e+00
1.800337663499399721e+00
2.808489728814593356e+00
2.732306293163913047e+00
2.379505621501239343e+00
2.279054665549411496e+00
2.513068681761604584e+00
2.201896574628583014e+00
2.574236815880520446e+00
2.932390126466734248e+00
1.896299492770389783e+00
2.069141625925622563e+00
2.382828903112022445e+00
2.826293599587343941e+00
1.894576960993983983e+00
2.167812710974717838e+00
2.412978811600718032e+00
2.182238093584443650e+00
2.410209326234948435e+00
2.932355066275332600e+00
2.629169850660372454e+00
2.391174897538954180e+00
2.127997118338185167e+00
2.242406636199003600e+00
2.398130670652975471e+00
2.529106717008235528e+00
2.141498742777817377e+00
2.240442515232310861e+00
2.640688829258436954e+00
2.590240104052449421e+00
2.682747983946428327e+00
2.712713330354030283e+00
2.014802209199842764e+00
2.776100200867620771e+00
2.213292331582056072e+00
2.362612200258718875e+00
2.026253726554792411e+00
2.542516001394197644e+00
2.300527310437431971e+00
2.504355893873315253e+00
2.783674496399894505e+00
2.218078474573538905e+00
2.216954018641267954e+00
2.712338936404938838e+00
2.513301477161183239e+00
2.810154050109765045e+00
2.035969312879992721e+00
3.058855651950628918e+00
2.340722820287691963e+00
2.564658042610609812e+00
2.039922372044434162e+00
2.047825740047693799e+00
2.777325790462613408e+00
1.962226336070079791e+00
2.482817728293814419e+00
1.970234750565987181e+00
2.096222250357567596e+00
1.909407465026210726e+00
2.570523184598867417e+00
2.292222636145302417e+00
2.623639728632429335e+00
2.160219639291663718e+00
2.306075092759573231e+00
2.869947330988429357e+00
1.787364243013407572e+00
2.332271892333747765e+00
2.706443975570544058e+00
1.975917568178113370e+00
2.528921738393005381e+00
2.312096262666416102e+00
2.672925283087711712e+00
2.855058525502310651e+00
2.931707962173688120e+00
2.109440936367886543e+00
2.884554037410027583e+00
2.468414472733093668e+00
2.149115047731091632e+00
1.964775462697036623e+00
2.735557530304183693e+00
2.695504312234898059e+00
2.314268585985883586e+00
2.211303237070365135e+00
2.231404411983339831e+00
2.676267911084157625e+00
2.034816255551369579e+00
2.831432960337639138e+00
2.273689996034809369e+00
1.887412416680902982e+00
2.631263230996455427e+00
2.129949604711351085e+00
2.419836626260793544e+00
2.605008568333478269e+00
2.570785387723526050e+00
2.129899077022349374e+00
2.622646779909888259e+00
2.333239425699418668e+00
2.564147856741737286e+00
2.145841224109537482e+00
2.497249897450185774e+00
2.746759255759637419e+00
2.276257672413450450e+00
1.683833334414982730e+00
2.019853017846588994e+00
2.358416483072224956e+00
2.507382230685782698e+00
1.990897655374571862e+00
2.405567546951371760e+00
1.737841396568704955e+00
2.126592731085477972e+00
2.401535630180437586e+00
2.511845216410850234e+00
2.414469457933617669e+00
2.236163008895655668e+00
2.735688676990296386e+00
2.457543632202130901e+00
2.515649707446308891e+00
2.719573721422299695e+00
2.557385606778173504e+00
2.373621240270692212e+00
2.261358827309742470e+00
2.250919952236788646e+00
2.435502648702867035e+00
2.392065542137843615e+00
2.398269858925235809e+00
2.542695276836251406e+00
2.558391384703657678e+00
2.791529033259807946e+00
1.933861053861028356e+00
2.183868049687531787e+00
2.227657904992755178e+00
2.690858393489373057e+00
1.865854619957017624e+00
2.358696489031018029e+00
2.141016892846637987e+00
2.075061180991657928e+00
2.291287267403364414e+00
1.756329501318912856e+00
2.149925695753679200e+00
2.390127941102706099e+00
2.345580922260869894e+00
2.610608932096730506e+00
2.492970732644248510e+00
2.247860147642955830e+00
1.953222040186509911e+00
2.327752285380686903e+00
2.368988936325811867e+00
2.350812221651240819e+00
2.125772714557546017e+00
1.834639935687257806e+00
1.994002468856076238e+00
2.048988943255079853e+00
2.526155891299306511e+00
2.361753014619259794e+00
2.530380952343200818e+00
2.377073129241489280e+00
2.502008778374479547e+00
2.352502884341794775e+00
1.758800698107005678e+00
2.314908026081345938e+00
2.864343785874158055e+00
2.372872926997153353e+00
2.730003402254326694e+00
2.801018806899148395e+00
2.841561227645728938e+00
1.978102410150106794e+00
2.494650204348580758e+00
1.992634419197065743e+00
2.179748647513526816e+00
2.328181196914752782e+00
2.295030924707427644e+00
2.196427446381727933e+00
2.663470862127880423e+00
2.975293597439577553e+00
2.900023015195851706e+00
2.398681518910649402e+00
1.803562621853514791e+00
2.270904464793049193e+00
2.096725551864921933e+00
1.996030190965739415e+00
2.128393200442943112e+00
2.699694100181995182e+00
2.218667775775978068e+00
1.942851062894830338e+00
2.272182183432161828e+00
2.405307083613750230e+00
1.983897613249046454e+00
2.523591899391492976e+00
2.035435971149902379e+00
2.287014861924308029e+00
2.047588740758475634e+00
2.526399663776647486e+00
2.418219213425724323e+00
2.271478957315760994e+00
2.514174320846502386e+00
2.537241090554375411e+00
2.512711873632279769e+00
2.384832958771869738e+00
2.437744266765138335e+00
2.391714379812954760e+00
1.926114813159217176e+00
2.212705952652529895e+00
1.939737738984850246e+00
2.522323294376137781e+00
2.217573747002703488e+00
2.103112089723768285e+00
2.194654579144270201e+00
2.793274239137998993e+00
2.493557641726409813e+00
2.543515448993084682e+00
2.613182206909337335e+00
2.920639078516166443e+00
2.336161083946296291e+00
2.718449999015408292e+00
2.287076538451490393e+00
2.570265628805179059e+00
2.869820457175973338e+00
2.149632413403821385e+00
2.110374272653631422e+00
2.012036584270822104e+00
2.018750441821607566e+00
2.288155751561672169e+00
1.812349711974750255e+00
2.339107978540315269e+00
2.646807148685130340e+00
2.510238685665457048e+00
2.064868069626511371e+00
2.464342259663087731e+00
2.291571880898136016e+00
2.671395377144974770e+00
2.573094291633565511e+00
2.444962130019672220e+00
2.550532452860573507e+00
2.235943876570270383e+00
2.176364344465720801e+00
1.861242304847785300e+00
2.013293111672169733e+00
2.356403924770891667e+00
1.997974417750405962e+00
2.335108408802620161e+00
2.658492259291383331e+00
1.948721161501862031e+00
2.355701119877675609e+00
2.228530776805324187e+00
2.875068689272942901e+00
2.201263960806426834e+00
1.773592031894279053e+00
2.504624055986707010e+00
2.065463417660101442e+00
2.176956055296525250e+00
2.517407296919135895e+00
2.679517709555311544e+00
2.298117239728497463e+00
2.410103849365647921e+00
2.339441167230079444e+00
2.563520918011364724e+00
2.498777294798951054e+00
1.843955470839327315e+00
2.212984940935776468e+00
2.822550957295830276e+00
2.578612135301011854e+00
2.395893533421188160e+00
2.706870831523215060e+00
2.272143670134401550e+00
2.126293982741946920e+00
2.206542421163858680e+00
2.525155843616000428e+00
2.069255649640433070e+00
2.339837964007747573e+00
2.446303692108978023e+00
2.387613059366653800e+00
1.866063613948860223e+00
2.242746650829289923e+00
2.315550696322181246e+00
2.548934618154110154e+00
2.894177455964675794e+00
2.101763293856565795e+00
2.415097136886723561e+00
2.523180687717622828e+00
2.673839911384211732e+00
2.431997866197410652e+00
2.217799766882243340e+00
2.518400615329571934e+00
2.009525506297973330e+00
2.486854136114012626e+00
2.667027430266666332e+00
1.925321627598237884e+00
2.155192743484439788e+00
2.322883121040657972e+00
2.659462886634086143e+00
2.552587973892252116e+00
2.417035413905601171e+00
2.629961758706842012e+00
2.080548405029903680e+00
2.384076104013943542e+00
2.447062719940099385e+00
2.420027411081789204e+00
2.127235471991748561e+00
2.332301525727753955e+00
2.239998877461546911e+00
2.637346939217558806e+00
2.381502265925240280e+00
2.598419107025438990e+00
2.221683022351413239e+00
2.086528488069292919e+00
2.101850974397988736e+00
2.824952818292387313e+00
2.093439684289599256e+00
2.704051300382521728e+00
2.399495302601938995e+00
2.587287077458425344e+00
2.779607752378099317e+00
2.504821704960212170e+00
2.401556309205398421e+00
2.717148730753167207e+00
2.553778566120782578e+00
2.052018979030814982e+00
2.030300876557326717e+00
2.360634981633634943e+00
2.521853726415495878e+00
2.414374163044809674e+00
2.534696211099423113e+00
2.744454295461805859e+00
1.627093879598723092e+00
2.195254585006304993e+00
2.698552905337235241e+00
2.090846688293462208e+00
2.158574758951465888e+00
2.457753838936063140e+00
1.960173201100201990e+00
2.558878501802177130e+00
1.846706193403573115e+00
2.187620449051950189e+00
2.629192419574684525e+00
2.522947262517553746e+00
2.807564911597922208e+00
2.083514431253195465e+00
2.430410420637647118e+00
2.502362395235136816e+00
2.517782654508371021e+00
2.479693261999360576e+00
2.307975925297717446e+00
2.420536236182198930e+00
2.527404262754945119e+00
2.453381890859322567e+00
2.627183523374303498e+00
2.459037943962618211e+00
1.808244443447391658e+00
2.456485467874043760e+00
2.257485217186400384e+00
2.474542976581424192e+00
2.791237603868403028e+00
2.398418420597010048e+00
2.659513659418419884e+00
2.797040228863810540e+00
1.950260620182020954e+00
2.666693343788588688e+00
2.244688240803413226e+00
2.362902250680970262e+00
2.552368589076774441e+00
2.700730973616165986e+00
2.540541310258549679e+00
2.187431100593851596e+00
2.483342680536606562e+00
2.581901188288750149e+00
2.451177838598427083e+00
2.224814532427124458e+00
1.839367034752377617e+00
1.930682632823546241e+00
2.434929592879027549e+00
2.225844040737719354e+00
1.862705065985286845e+00
2.308305650607533899e+00
2.174772044893143796e+00
2.631105697347841055e+00
1.998612877429649881e+00
2.346152567548148049e+00
2.442802162563155299e+00
2.144478822449511490e+00
2.559731504701328486e+00
2.536070482322980268e+00
2.692734460169864619e+00
1.893785142713714453e+00
2.138215916958452922e+00
2.759933314514094960e+00
2.220299492680194220e+00
2.284723459693514425e+00
2.645840824965814964e+00
2.519945488522554289e+00
2.139210242752614732e+00
2.202776796714339902e+00
2.566251978207892304e+00
2.019956875260156881e+00
2.272477233288562104e+00
2.508735708556250277e+00
2.716685220913050092e+00
2.461161463652863368e+00
2.393342193895224845e+00
2.037022508831660250e+00
2.638169118904518218e+00
1.863187028526215094e+00
2.492874110584541114e+00
2.693084306393816352e+00
2.500765651074225993e+00
2.173312111636827915e+00
2.813742617671745716e+00
2.851042977277879586e+00
2.635802274580794080e+00
2.570906603991021999e+00
2.739353123063118289e+00
2.365514296619068979e+00
2.687845774166098600e+00
1.839238973114492470e+00
1.750947601104950735e+00
2.399286965930180759e+00
2.346111649320372194e+00
2.075023246535812049e+00
2.241663125045104010e+00
2.314892646086128991e+00
2.621182149220802948e+00
2.746071913550738763e+00
1.899272045854667468e+00
2.162643424809625792e+00
2.517065288002264811e+00
2.351785224709992406e+00
2.051878758666859870e+00
2.446610839887251476e+00
2.597193977313042357e+00
2.134901004723994689e+00
1.766803915983730766e+00
2.088509093653803106e+00
2.520192328303961560e+00
2.699666585731145485e+00
2.607995782201777413e+00
2.324731486508760714e+00
2.995178581896914327e+00
2.405922388718730431e+00
2.861513544278872612e+00
2.199537284658596104e+00
2.340037888961803425e+00
2.888042806984003619e+00
2.384961993445040562e+00
2.171623074119356733e+00
2.395049328924108600e+00
2.395472263216994691e+00
2.203064364152631516e+00
2.313882420596494960e+00
2.028628338392702624e+00
2.067341338283662289e+00
1.900964191804803693e+00
2.224102505161723364e+00
2.217665209491002543e+00
2.260038435026490600e+00
2.707640895548499405e+00
2.848018846400071080e+00
2.237201346192541518e+00
2.355158562339699113e+00
1.935522705844920699e+00
2.826450275242540222e+00
2.304080426919282942e+00
2.731205395214511000e+00
2.636765082760984757e+00
2.815968280385392486e+00
2.992753193257021938e+00
2.058084271188432179e+00
2.299891306379898026e+00
2.048498819054320741e+00
2.896818685519342740e+00
2.465936488140962890e+00
2.572296653478284068e+00
2.182841545033116226e+00
1.967557330107315927e+00
2.394707089341544304e+00
2.718343401573744877e+00
2.430520176783760533e+00
2.426625291852522182e+00
2.294667065535402450e+00
1.854920771867091700e+00
2.969873388011894821e+00
2.439930728617723865e+00
2.676666576131071729e+00
2.357840192645135335e+00
1.876670842237452286e+00
2.371636790347102508e+00
2.644256703394043395e+00
2.230086470917058694e+00
2.478346087050558477e+00
2.077409912122678115e+00
2.596294126351780918e+00
2.689869724952452579e+00
1.901521943879918908e+00
2.604038089296592418e+00
2.449369958258823310e+00
2.925109386115002597e+00
1.783370120611017295e+00
2.498821415895823961e+00
2.546824732861580731e+00
2.212065824486619370e+00
2.273095588501018671e+00
2.343076587165751068e+00
2.534619775439538980e+00
2.549269158803303181e+00
2.379725186152362948e+00
2.070531995720775953e+00
2.109699467881393176e+00
2.695764809374513238e+00
2.363318406613290179e+00
2.495464564062682467e+00
2.024063916474476699e+00
2.459264263240569903e+00
2.452561407325235976e+00
2.330969624093260695e+00
2.966193626332663147e+00
2.810861066448055556e+00
2.703113138360981882e+00
2.298645621952138285e+00
2.540546808023957492e+00
1.937511872911189537e+00
2.735694787735009736e+00
2.755330048732258064e+00
2.667422611752504391e+00
2.177647453286782664e+00
2.377738437062414167e+00
2.403858822690605024e+00
2.385225302352496968e+00
2.251147882016848900e+00
2.506040150760123097e+00
2.259380101823023956e+00
2.304436152944901561e+00
2.575683778035429583e+00
1.933312148313658385e+00
1.976276890530978880e+00
1.905907754048315139e+00
2.601109194672571956e+00
2.161635711801320969e+00
1.595474397827331359e+00
2.702255063735437446e+00
2.353325175841784578e+00
2.846948714392447677e+00
2.380133170699880729e+00
2.454240381546010763e+00
2.171127834990594252e+00
2.510433739375800943e+00
2.409858146765468057e+00
2.465635412513057734e+00
2.637026651127017729e+00
2.751028603368395942e+00
1.662603261153413614e+00
2.607021195048671469e+00
2.388468114528140340e+00
2.690438925046015228e+00
2.675729797252347719e+00
2.443324013296819697e+00
2.029629588385980732e+00
2.774578618624013782e+00
2.368616227983835643e+00
2.122259148129600703e+00
1.745856796611378492e+00
2.187032500237235055e+00
2.066987498272866652e+00
2.690067118179250372e+00
2.704038379932456770e+00
1.716342219505973210e+00
2.544909824166052825e+00
2.761706784771380985e+00
2.139412681255012494e+00
2.625582746271740930e+00
2.368498911531068174e+00
2.906106605363220741e+00
2.227472971706575766e+00
2.431124072559467386e+00
1.997903854323178185e+00
2.683031379035349495e+00
2.755206577713116722e+00
2.733338173756285627e+00
2.359581324330168428e+00
2.184546125403110217e+00
2.013241802879696785e+00
1.955283649964454362e+00
2.360940606665460351e+00
2.024372417404072699e+00
2.574918887061794948e+00
2.360833058891457004e+00
2.745873490520186699e+00
2.529533595589069428e+00
2.896305990751047332e+00
2.614214269940388302e+00
2.424717935055094031e+00
2.720224850495804425e+00
2.336016363043316169e+00
2.512964151694680570e+00
1.958043339882157063e+00
2.237672579126948946e+00
2.280737873420755513e+00
2.508474389248260383e+00
2.149892727786250290e+00
2.183690076161058702e+00
2.538713715450322095e+00
2.507812573693664504e+00
2.009995287746015435e+00
2.626911287375921056e+00
2.529515734460193066e+00
2.014386411539172972e+00
1.990823307195694447e+00
2.055954187541684242e+00
2.216727237403072426e+00
2.016943671807970517e+00
1.867140060188456241e+00
2.588559499628328986e+00
2.878151993822794186e+00
1.920011323162856165e+00
3.015010005821585182e+00
2.700491658975169962e+00
2.593316132438750365e+00
2.158769940534830845e+00
2.115520432720667365e+00
2.192997439877176102e+00
2.265681090719527724e+00
2.644589867546090822e+00
1.927273447313860189e+00
2.511872315303118164e+00
1.862346807213192346e+00
2.577006946560244316e+00
2.323748275440710831e+00
2.245411535181184082e+00
2.698982569600135939e+00
2.668608595775828540e+00
2.216865562412251300e+00
2.770030265244575851e+00
2.777161968095189781e+00
2.351949834948411144e+00
1.916592407689399868e+00
2.081908437973144288e+00
2.336273466412280175e+00
2.274417520390137781e+00
2.073406194448983442e+00
2.300926700567219818e+00
2.283255593225484770e+00
2.443047785001883909e+00
2.960514011453752481e+00
2.175736466678129144e+00
2.756858944046911564e+00
2.703111529802087798e+00
2.510268251465531453e+00
2.825849249261342067e+00
2.595987974447748314e+00
2.184767032044175217e+00
2.831041975440554914e+00
2.784914177371865307e+00
2.159879232635643298e+00
2.191970010942131619e+00
2.690667776986249038e+00
2.126001669738307509e+00
2.021937561710251074e+00
1.939397183920556822e+00
2.796867703317889031e+00
2.055646910549985495e+00
2.763927764108637497e+00
2.865399332697481150e+00
2.437902223458799700e+00
2.745586855559913442e+00
2.380926979223301210e+00
2.229647299687590678e+00
2.308818339949758602e+00
2.489545968588775970e+00
2.097785559312267623e+00
2.679440372558647532e+00
2.268435239781783963e+00
2.316955592784381679e+00
2.286994822470612920e+00
2.396368668479720299e+00
2.175094118201261306e+00
2.455684890572682022e+00
2.046231687186361725e+00
2.411180507051286614e+00
2.801872682168336404e+00
2.435781326427717719e+00
2.730706523919037565e+00
2.307211824576822501e+00
2.612377107504641138e+00
2.551381833860610016e+00
2.869432044623906108e+00
1.972267912314435323e+00
2.742802736561906762e+00
2.577195765532160898e+00
2.644891943412000401e+00
1.699396071712014011e+00
1.864333433749296498e+00
1.890554647237501662e+00
2.231986698762491006e+00
2.636970785329644240e+00
2.621628534350561868e+00
1.677743861943725712e+00
2.704467476696454931e+00
2.230033671341795642e+00
2.719402662276628302e+00
2.342028028486699220e+00
2.474818989693283733e+00
1.998626055139615110e+00
2.288505069266130842e+00
2.604469511535316251e+00
1.809069656030397821e+00
2.418588484508150227e+00
2.628881789880432862e+00
2.309582350872811052e+00
2.562467172703730256e+00
2.406241075476290181e+00
2.720811575673425242e+00
2.345384001588368239e+00
1.814147409636372998e+00
2.860415856494510578e+00
2.721815165425359950e+00
2.626037468002144770e+00
2.222189247649808408e+00
2.084569044487408984e+00
2.260014818954329208e+00
2.405251807866968239e+00
2.958223323099646418e+00
2.410704840718678632e+00
1.928437307332127260e+00
2.614104147642108522e+00
2.363615906861385341e+00
2.295378419809011916e+00
2.052929298550421500e+00
2.543579682408075193e+00
2.508698351782142399e+00
2.031140687573702586e+00
2.518298656561936522e+00
2.028713539231830953e+00
2.503979028212306890e+00
2.916522740923244150e+00
2.640308418563261483e+00
2.062097346836260225e+00
2.366066450169231228e+00
2.182543465781653147e+00
2.332989720553609647e+00
2.530331894053538644e+00
2.629602889499633278e+00
2.054671125653320551e+00
2.226353102505576054e+00
2.171417424269180607e+00
2.907915172215644883e+00
2.005446006471685472e+00
2.729657027160993454e+00
1.741193588350288479e+00
2.657987740710544777e+00
2.559580272852806537e+00
2.263677003149133338e+00
2.430793592096671230e+00
2.970212714306393220e+00
2.601835881348982582e+00
2.379235471917285238e+00
2.398991707291120434e+00
2.587270073244562152e+00
2.215804211388403555e+00
2.940436331410793525e+00
2.486727602515398594e+00
2.391209650560805144e+00
2.153567938458755826e+00
1.995839910362841696e+00
2.869225140370643690e+00
2.687177955718930811e+00
1.977109769712182663e+00
2.441938963191447431e+00
2.596602250856549610e+00
2.210992645200442475e+00
1.997831485355644920e+00
2.432215319487249339e+00
2.301763407118461391e+00
2.961099053664076219e+00
2.459557067862867541e+00
2.873097349160372627e+00
2.564189108754600710e+00
1.987242929013239623e+00
3.103954937778013790e+00
2.555996457871554828e+00
1.779648426525222371e+00
2.922330802520755721e+00
2.170507022589251100e+00
2.038786322521614736e+00
2.951882510131027537e+00
2.306430142045153175e+00
2.337502191081733294e+00
2.110162305054487319e+00
2.488709261414841389e+00
2.633067569328953361e+00
2.438613238403897210e+00
2.388037441229981628e+00
2.264300301582484298e+00
1.856144873298120501e+00
2.591747108327263405e+00
2.027450580869398777e+00
2.150922737516614003e+00
2.447953463435688981e+00
2.090154792568859499e+00
2.741448728538319557e+00
2.426076841327096556e+00
2.010102702868326041e+00
2.066652128422770573e+00
2.810785353621199523e+00
2.493406790036833076e+00
2.446315869512476482e+00
2.403570561920505888e+00
2.681234054760583962e+00
2.363288636736490922e+00
2.033706413269209978e+00
2.352528222738054620e+00
2.260439442932673515e+00
2.696035548743583199e+00
2.523372264175791635e+00
2.709239616102232517e+00
2.202563072226992880e+00
2.350463772074861346e+00
1.885134149347738486e+00
2.343826582875837339e+00
2.474310912976355414e+00
2.516575942880294292e+00
2.424094544267999751e+00
2.668567463675038276e+00
3.020202440306179348e+00
2.395465601087059859e+00
2.005513747866920937e+00
2.486548976788871101e+00
2.677947716125474109e+00
1.931596625127590672e+00
2.345809093867605277e+00
2.259608774781087348e+00
2.441388668600453116e+00
2.485245692150317876e+00
2.509420407449412860e+00
1.996904319459814836e+00
2.433951818661909350e+00
2.327595106350187848e+00
2.405136200594677032e+00
2.628900333830825886e+00
2.515511641815137089e+00
2.119299209869383915e+00
2.099033613081140004e+00
2.207165810123688843e+00
2.369789557294990523e+00
2.654652970313441607e+00
2.062849606409695280e+00
2.175785228358550150e+00
2.555084783627412648e+00
1.880475682615921684e+00
2.607583158303294457e+00
2.252122943634428331e+00
2.272018342132121838e+00
2.637150219275707475e+00
2.621419004432474331e+00
2.516919634265329719e+00
2.333217182373843013e+00
2.387734274094734488e+00
2.182902651772835156e+00
2.141213716812734980e+00
1.941316590239926088e+00
2.131807281320849512e+00
2.143453200069108888e+00
2.552824956599959449e+00
2.868404601091664397e+00
2.152668495155046990e+00
2.620630010733134174e+00
2.459313839701147586e+00
2.174159001092565102e+00
2.554126771313983468e+00
2.529665181832307930e+00
1.742015606593160015e+00
1.739596013477112013e+00
2.265669562990427988e+00
2.819008802177447315e+00
1.894132666030642564e+00
2.128885872392334733e+00
2.459192454083813040e+00
2.400950620361251175e+00
2.933313959684507033e+00
1.863864324399520100e+00
2.893207199562032983e+00
2.609138304953324994e+00
2.137033048723012918e+00
2.424895313703795630e+00
2.093311550712297908e+00
1.855664613666711205e+00
2.799198597479974460e+00
1.997162180345475768e+00
2.637101797065512621e+00
2.199056527748331380e+00
2.272862779343266304e+00
1.928588968626391287e+00
2.735045665638538015e+00
2.418126526748578975e+00
1.881655784071715631e+00
1.853180795630048783e+00
2.160700303776455389e+00
2.329087542668644151e+00
2.369532096880642591e+00
2.074556806983157475e+00
2.281489956485270199e+00
2.738194581120885651e+00
2.460807029183877059e+00
2.601368775887057172e+00
2.226045497752894509e+00
2.513541507683116016e+00
2.745575867165644723e+00
2.778249831308076789e+00
2.626595231595437063e+00
2.411853922962440055e+00
1.910895452853255128e+00
2.739284991419033588e+00
2.525937365746534713e+00
1.894887810327591904e+00
2.279732816333774892e+00
2.530394187444892751e+00
2.083637132991597696e+00
2.575026760885023247e+00
2.183744735338518428e+00
2.367213744266840614e+00
2.934726590300611893e+00
2.111141454490932379e+00
2.690306400408013054e+00
2.832629354080453243e+00
2.534199048378383612e+00
2.584116337624272841e+00
2.577632570836529968e+00
2.131417829075123116e+00
2.426709353218157172e+00
2.422115370463096440e+00
2.571487678460563586e+00
2.486113353852792862e+00
2.040538502413057564e+00
2.543786967841170199e+00
2.491087993200288508e+00
1.935587423372462812e+00
2.722913450416220016e+00
2.245472714206300235e+00
2.426632098480349775e+00
2.338962969974547335e+00
2.275991236803036166e+00
2.080239756463119871e+00
2.176690057254075938e+00
2.198144134582300957e+00
2.050258468855128413e+00
2.066568711393069080e+00
1.809048721447721997e+00
2.454434576342045204e+00
2.189915754075119736e+00
2.026478738580732575e+00
1.853289188831307888e+00
2.211851049857361140e+00
2.149220294024660305e+00
1.846789916361998074e+00
2.340419986270757757e+00
2.727614277083623584e+00
2.577103202909480473e+00
2.407860717731700184e+00
1.820519469395322609e+00
2.622585137446935111e+00
2.267581327468356278e+00
2.220890075418465059e+00
2.011795420222474817e+00
2.308129006165573927e+00
2.227016372104594577e+00
2.457004261443089810e+00
2.705223825349431621e+00
1.755070396933100518e+00
2.129729571889312112e+00
2.443298941752439113e+00
1.884523063238059404e+00
2.185913731158390494e+00
2.105344666814830568e+00
2.396875723829430704e+00
2.427167148908885075e+00
2.049631038208534761e+00
2.614698543816947662e+00
2.416776505843127421e+00
2.927431267480559374e+00
2.029985142144646204e+00
2.604089392898443656e+00
2.694936322447174071e+00
1.973768100545410409e+00
2.111044214781627737e+00
2.000430686746037079e+00
2.520722234928289396e+00
2.548233119785274781e+00
2.379314127859624595e+00
2.411307254375997466e+00
2.178090987512848464e+00
2.240098523795789998e+00
1.952237793392241905e+00
2.090620140017735551e+00
1.945676129296971979e+00
2.427738841388274782e+00
2.487755112974109561e+00
1.974020709213320401e+00
2.388850033072703383e+00
2.191580761006625799e+00
2.614327756843242145e+00
2.453942387563560423e+00
2.507127723310310419e+00
2.946620617639579720e+00
2.324980163379747999e+00
2.244903887880874471e+00
1.728916991985725460e+00
2.597970459078157823e+00
2.392418598456343304e+00
2.526030192288402088e+00
2.332376835159457151e+00
2.259539913843879866e+00
2.466826902284338097e+00
2.162796155022930211e+00
2.817936825929908462e+00
1.774458395398934130e+00
2.153752146295503600e+00
2.719332499563857475e+00
2.270322531944636513e+00
2.330471581457482788e+00
1.835504032402043517e+00
2.432523464300003546e+00
2.179613240623506254e+00
2.421283570499992877e+00
2.087946042503365351e+00
2.397752842297489639e+00
2.487285733663006315e+00
2.421539547767517231e+00
2.015517138341942349e+00
2.152742187795457784e+00
2.873237569217235166e+00
2.841040113917479903e+00
2.575023643591312972e+00
2.475064644138002645e+00
2.293069454654102834e+00
2.150341404607481355e+00
1.871735283672028682e+00
2.618764627188267191e+00
2.255818666531768546e+00
2.104661781820192701e+00
2.202663218671024659e+00
2.129389495395610066e+00
2.019382275645433822e+00
2.523905244075358656e+00
2.192374845839484720e+00
2.174113641557095633e+00
2.683009230575085891e+00
2.633653970436673042e+00
2.689470053305199837e+00
2.593145957953990166e+00
2.485872876826590527e+00
2.213649792303243657e+00
2.504702554530808367e+00
1.722111401928133390e+00
2.777770537410754415e+00
2.644762992226155518e+00
2.799680612076385966e+00
2.599031544458298093e+00
2.021583816329203920e+00
2.663281917440741609e+00
2.334903828464513165e+00
2.182943275298846686e+00
2.605573709291492346e+00
2.115191360907587192e+00
1.954424503537138813e+00
1.907398417509177602e+00
1.910800879793738805e+00
2.577351564773751491e+00
2.174133292319256228e+00
2.857528321439529506e+00
2.680385536203432562e+00
1.864931334331068946e+00
2.452958009046536159e+00
2.436226640781272934e+00
1.792757946478128916e+00
2.033845253004683329e+00
2.228599847390472455e+00
2.499714664296414313e+00
2.028569599428206693e+00
1.881124819006543936e+00
1.986227703807744049e+00
1.924666224058790620e+00
2.345031387120636968e+00
2.390844866909301203e+00
1.805850635491261791e+00
2.244304354637577603e+00
2.603974101228630822e+00
1.915053370024672796e+00
2.336820833374748219e+00
2.578631102166481170e+00
2.890797762884193212e+00
2.252636008117260946e+00
2.492589696093165497e+00
2.473645050799873957e+00
2.267932128493636235e+00
1.853976253500627669e+00
2.316499332834899505e+00
2.453265029854438062e+00
2.373537081634152557e+00
2.913568667877323826e+00
2.547296100996327528e+00
2.088742394622367993e+00
2.686082290357727942e+00
2.944277444588180526e+00
2.134246193821543791e+00
2.583356989303870588e+00
1.847837660117471970e+00
2.288187155762051006e+00
2.202994139237556936e+00
2.294891509278443209e+00
1.767019127117618993e+00
2.420971708317688709e+00
1.777864498180937947e+00
2.248959325062836356e+00
2.571760797079563954e+00
2.639529672410071637e+00
2.157155042951137247e+00
2.593768181135791995e+00
2.478806901636694260e+00
2.117362102082444686e+00
2.309189165640196162e+00
2.421404820213650666e+00
2.055903133353198076e+00
2.382834666589784600e+00
2.524959395512559990e+00
2.561721810739784111e+00
2.239176151899665346e+00
2.764339834944357310e+00
2.347265291638180873e+00
2.287531840679569051e+00
2.069072875619949681e+00
2.545198666946819177e+00
2.103385996637741950e+00
2.501684000876813307e+00
2.288211169829706293e+00
2.460204461216333627e+00
2.837054371198446834e+00
2.550043898995969283e+00
2.397339246770443744e+00
2.219658427425921676e+00
1.906897900601068230e+00
2.088868929706804156e+00
2.070399249029165389e+00
2.007704398318020722e+00
1.970526118153645534e+00
2.588790767288471795e+00
2.492676182262589357e+00
2.219600709153726648e+00
2.284541758807839607e+00
2.759543793385645483e+00
2.275529257930261728e+00
2.520595902174684433e+00
2.443020004774222542e+00
2.488600198707616062e+00
2.223316852863293391e+00
2.208240815161747861e+00
2.255082870528729355e+00
2.593362930468505301e+00
2.308639918407626723e+00
2.154038285345159398e+00
2.351304476706859159e+00
2.509272235359965464e+00
2.439551544118961246e+00
2.565226844538646134e+00
2.361434741976101037e+00
2.519997587579653864e+00
2.274279009909220939e+00
2.471102524507247544e+00
2.310685267457747827e+00
2.261254328125545499e+00
2.518778380770787528e+00
1.823143656575858973e+00
2.315877321677387357e+00
2.498275740685856228e+00
2.458387078392876290e+00
2.342874926151167436e+00
2.321414941370217200e+00
2.607286022312300666e+00
1.803694940162623439e+00
2.149116930490149180e+00
2.595918703664469973e+00
2.675930685223756544e+00
2.372715516600508945e+00
2.107805693807954128e+00
2.005042031604149955e+00
2.209744965618752666e+00
2.480768909994581328e+00
2.450821814875777438e+00
2.534431020301764370e+00
2.168630420420094573e+00
2.387384567393653789e+00
2.391657710875456644e+00
2.218486752844857079e+00
2.321220629615931230e+00
2.402398250324948137e+00
2.366476809155584782e+00
2.183788536734371455e+00
2.421416937669487179e+00
2.569393528979847297e+00
2.768734467478851435e+00
2.605574839767845319e+00
2.164676021941121853e+00
3.060006885136975274e+00
1.830445260872831659e+00
2.410908394536814825e+00
2.084918052662119159e+00
2.420456273746901310e+00
2.541009022115364058e+00
1.995312408062948517e+00
1.983021969426949971e+00
2.451802648684713315e+00
2.297953753471262850e+00
2.126466584416264904e+00
2.619062738815989722e+00
2.483524546702505109e+00
2.693101738446371129e+00
2.239870059616657194e+00
2.166442536027380683e+00
2.491049566453117592e+00
2.722198418476110326e+00
2.886287816590283217e+00
2.518879554774082319e+00
2.651383967422537680e+00
2.171609135912881516e+00
2.613977125960468051e+00
2.074583989880610435e+00
2.296277721370830527e+00
2.249673910145850275e+00
2.271247399390731836e+00
2.794024937453460478e+00
2.808410866097240888e+00
2.705558529613264263e+00
2.040588256115627885e+00
1.991512450121597722e+00
2.323525931666615030e+00
2.108478218783323754e+00
1.962616351770429146e+00
1.961910231340355582e+00
2.538047700557995778e+00
2.228845638670187590e+00
2.696453880605536035e+00
2.526301583185490252e+00
2.315883077664219414e+00
2.383250189390783813e+00
2.303543513187537251e+00
2.229542349454496808e+00
2.460315457912998216e+00
1.704535929034221686e+00
2.319691872295387647e+00
2.582983518590732608e+00
2.679159878959191943e+00
2.851033856519049614e+00
2.083894217916363978e+00
2.005270427530487343e+00
2.437579630801075758e+00
2.414208345512644627e+00
2.517997677088403830e+00
2.746114468647343099e+00
2.394335636906894216e+00
2.544562620749659665e+00
1.778197792303193303e+00
2.250205479598147651e+00
2.531561316163100539e+00
2.252360071227872851e+00
2.699117346939525763e+00
1.948858586066697152e+00
2.772510191350344932e+00
2.016637573938415251e+00
2.475621382020130490e+00
2.275176559802149612e+00
2.520469217083687319e+00
2.446256930405584562e+00
2.880610468134269908e+00
2.136509171334208812e+00
2.734080748226824120e+00
2.626252013279063213e+00
2.140990052659840437e+00
2.012467513523523710e+00
2.527235137116740749e+00
2.404301133045064987e+00
2.359909851497091093e+00
2.700126505389158993e+00
2.447146964072544950e+00
2.399699463143531553e+00
2.810410433985800260e+00
2.075096613845319737e+00
2.535958394171367036e+00
2.402339664998281332e+00
2.195864357431346559e+00
2.707515783530238807e+00
2.633976786672471260e+00
2.344847870982353033e+00
2.949609039794324872e+00
2.490293993215464408e+00
2.319837730378841556e+00
2.786980912066436833e+00
2.860488594466320311e+00
2.029730411972949344e+00
1.937709817384537958e+00
2.352392033695626772e+00
2.259987560476267365e+00
2.873251037696066934e+00
2.478218599276140743e+00
2.291256013215994258e+00
1.994661624027753932e+00
2.716319195092805394e+00
2.491551002980883389e+00
2.367652607470370096e+00
2.069020373288273706e+00
1.943497555725207659e+00
2.522140035017467863e+00
2.510239163238962679e+00
1.977942603678611633e+00
2.223110731320504296e+00
2.403811138994969010e+00
2.108912172151159226e+00
2.381468922818809286e+00
2.139575595658773643e+00
2.390289897607132730e+00
2.356764445493310767e+00
2.311272443686161804e+00
2.383876975475188065e+00
2.409541955365764210e+00
2.441367746527068672e+00
2.183533553940374183e+00
2.109821122377625091e+00
2.212301268959916634e+00
2.894735471270825311e+00
2.147027000897255178e+00
2.029544883504618369e+00
2.575019285673948222e+00
2.182370259398033419e+00
2.663456856868898104e+00
2.131213055966082237e+00
2.598716373729550444e+00
2.259392769575093496e+00
1.884440098305619093e+00
2.916311439236076275e+00
2.356168023121130162e+00
2.521562143952720270e+00
2.576983328521567085e+00
2.028026985529352011e+00
2.309353843487778946e+00
2.022673290079350927e+00
2.595351193730832229e+00
1.900792864691440265e+00
1.934336121061755787e+00
2.748321595651147753e+00
2.478135286332380893e+00
2.839590828586371352e+00
2.575997412138806286e+00
1.769285031385284812e+00
2.506559441017470302e+00
2.156284949758004998e+00
2.408718959962664385e+00
2.813664887578923857e+00
2.434487263376442279e+00
2.211292511619704637e+00
2.649716461154336677e+00
2.045950867519389593e+00
2.455300443589424564e+00
2.137614539033392269e+00
2.650011664687251578e+00
2.564747047994536011e+00
2.006107895942458974e+00
2.100031306759825078e+00
1.962146693664165831e+00
1.909035973405045716e+00
1.761619264479378000e+00
1.959286813236969182e+00
2.536597343560071494e+00
2.798546796548225135e+00
2.999020664835432726e+00
1.899259657415328650e+00
2.477224562966829247e+00
2.260506358597819787e+00
2.095055148839621850e+00
2.583615378395978546e+00
2.450247008999272058e+00
1.964204247776176082e+00
2.256684057437030599e+00
1.884698655120723432e+00
1.785643731897766040e+00
2.594793206523975826e+00
2.585703468120820858e+00
2.449779525748022380e+00
2.273969840719292534e+00
2.385297230725240247e+00
2.175836155281590578e+00
2.920471819213342535e+00
2.495300055381388660e+00
2.233443690986737451e+00
2.209575276623698237e+00
2.363093037822378228e+00
2.434399166271881576e+00
2.559719444934585475e+00
2.413456494850978462e+00
2.272215691292684081e+00
1.783643993177890685e+00
1.921711515202612075e+00
2.782587179767193941e+00
3.010456390441834440e+00
3.014446996285027325e+00
2.570711423573461385e+00
2.222738299301965093e+00
2.924661900345811194e+00
2.416114553674547416e+00
2.143102930869665634e+00
2.601072492065596542e+00
1.900481962417583048e+00
2.050780925193190996e+00
2.781035455186339878e+00
2.780201596509463968e+00
2.659752769351237500e+00
2.422291353261338820e+00
2.335793513563420909e+00
2.052767522708376369e+00
2.280625856701597343e+00
2.431230680883888606e+00
2.217393702973769365e+00
2.081383762019180850e+00
2.242983200452041359e+00
2.242337845369358096e+00
2.146712773258641072e+00
2.741500385786429739e+00
2.960145880273365115e+00
2.418469752038185927e+00
2.521255523406982668e+00
2.672666900048638716e+00
2.618092831662321984e+00
2.210578067679198178e+00
2.246956673556562034e+00
2.365724309066514763e+00
2.217761972807204884e+00
2.600344751996079395e+00
2.056401020639380128e+00
2.568547291790547416e+00
2.536355159933917136e+00
2.399666844980973934e+00
2.173531064759615106e+00
1.984189170483161790e+00
1.936475474730629864e+00
2.654201432242773606e+00
2.550582291354514197e+00
2.604508577162831351e+00
