2.813587350039498336e+00
2.273420852570247952e+00
2.723867704567884740e+00
3.013366145660551609e+00
2.935638188752327071e+00
2.718652258099472530e+00
2.610557772037006785e+00
2.194065781346545396e+00
2.752442262807233142e+00
2.321221402677720924e+00
2.206269121956812462e+00
2.529463297530186061e+00
2.666383553751545232e+00
2.794022739184290671e+00
2.780724817211663868e+00
2.784300694628275341e+00
2.484171383540565436e+00
2.455362066417595912e+00
2.773975980208525982e+00
2.629646618505542932e+00
2.601045700590675747e+00
2.598600269705274357e+00
2.523565147689056598e+00
2.384574164016127540e+00
2.636645797459719276e+00
2.497535258562486149e+00
2.852941076392528696e+00
2.233807061250685511e+00
2.464452810475983302e+00
2.201108929094627964e+00
2.432309703773554155e+00
2.753555943488232405e+00
2.585657044333869337e+00
2.746148395745015236e+00
2.025398833801931087e+00
2.864157923137557127e+00
1.928479566440195692e+00
2.643421754512424116e+00
2.385510501727439170e+00
2.891482344305682961e+00
2.249164510959810848e+00
3.087232914084392377e+00
2.939479474408487114e+00
2.248148780936535474e+00
2.549289255454530334e+00
2.440438613080667007e+00
2.538749685153367963e+00
2.654251211391191134e+00
2.432439851499374583e+00
2.589419580997222692e+00
2.347884616961615656e+00
2.556518037343901373e+00
2.891839101096212339e+00
3.013402402101027278e+00
2.432102993707285776e+00
2.699078722152129295e+00
2.254053565830332673e+00
2.709730211660270172e+00
2.965283823080128389e+00
2.441435817151473398e+00
3.062946130510997733e+00
2.561751638751538884e+00
2.534897146826991410e+00
2.680352607272627807e+00
3.089544679066418276e+00
2.966013330196288322e+00
2.805873775945146420e+00
2.379790371157616491e+00
2.304241966162334343e+00
2.577574865317338926e+00
2.593797928122603125e+00
2.164415767297689364e+00
3.040562655074826814e+00
2.909291534317096861e+00
3.009085843393241699e+00
2.350970867951570842e+00
3.028349812377151729e+00
2.562074013864195088e+00
2.520843935982751027e+00
2.520609724148485942e+00
2.677740434821943794e+00
2.568981806309279747e+00
2.816031295390732048e+00
2.219677246756107003e+00
2.797771050940876858e+00
2.870423782094194021e+00
2.539148392718795666e+00
2.486386108849505838e+00
2.560001231833240798e+00
2.635791631928878331e+00
2.803344631864805869e+00
2.529427812425146360e+00
2.566709047671606569e+00
2.780393734437658804e+00
2.902848318793911364e+00
2.421421291998397951e+00
3.023825319441116211e+00
2.518464589754756844e+00
2.260346951307083074e+00
2.519091831887096067e+00
2.466203414561533691e+00
2.994442574199823515e+00
2.117717781696051293e+00
2.577135619414969714e+00
2.129304828062902111e+00
2.416369231404247309e+00
2.567114158458377204e+00
2.543246813401844442e+00
2.646621432204766755e+00
2.499909211468315462e+00
2.649503519453852540e+00
2.182849131980010071e+00
2.590629394586744905e+00
2.416682025976636172e+00
3.012534027313431562e+00
2.542558017599947817e+00
2.711235699123655252e+00
2.831649835986714159e+00
2.923091743185197267e+00
2.858410042813913865e+00
2.673270644763688697e+00
2.327519733697211990e+00
2.877211610611460468e+00
2.808627469237622964e+00
2.941714998494860733e+00
2.081265490418500619e+00
2.260153928776847287e+00
2.995027773251442316e+00
3.030191689115393938e+00
3.039453463346572626e+00
2.763959658106528217e+00
2.888404331187555130e+00
2.987626682628842900e+00
2.398168560739907917e+00
2.866365334314070257e+00
2.386165795649876742e+00
2.792434260088251463e+00
2.840312055115207013e+00
2.978413279837127892e+00
2.783259448371794953e+00
2.405084024163923750e+00
2.483447773908567413e+00
2.704557289821421406e+00
2.721839994556717990e+00
2.887487869949003194e+00
2.654576854968428545e+00
2.283097797346149260e+00
2.819768525254741753e+00
2.637596585898531742e+00
2.510456136321426612e+00
2.745191884460786103e+00
2.748510132564068620e+00
2.198098197086704619e+00
2.158922004795857497e+00
2.466259326891179882e+00
2.829433837476829972e+00
2.298758700470873162e+00
2.460716771062227526e+00
2.500207171828959130e+00
2.648295549521346270e+00
2.131424837298832031e+00
1.941911960177854279e+00
2.538091861091909429e+00
2.350608449276661460e+00
2.567778674503001568e+00
2.783299881591054792e+00
2.779995398886939473e+00
1.851912931521818351e+00
2.263987999588155997e+00
2.469933729391251553e+00
2.435740723493570847e+00
2.670709550200576654e+00
2.658686637954871923e+00
2.751504773416808103e+00
1.657933052032755761e+00
2.403469076253786252e+00
2.788982842820809882e+00
2.691457108759164107e+00
2.946610923250947423e+00
2.956088399948034517e+00
2.201773065904231608e+00
2.539957720770510630e+00
3.126565997429264332e+00
2.948624167055201362e+00
2.208322350737846662e+00
2.623019227929944464e+00
2.002597973856675040e+00
2.266803526160676263e+00
2.521778882178878245e+00
2.832267240630774729e+00
2.447957702873149621e+00
2.251825920212407794e+00
2.393349975696681398e+00
2.763656536110679074e+00
2.728294213856741202e+00
2.566937523736887439e+00
3.004060218370724122e+00
2.275576361315740925e+00
2.432957618289821600e+00
2.560398310633944963e+00
2.806392647676719143e+00
2.319914360811592413e+00
2.660248228797326142e+00
2.677582814161397984e+00
2.982498253071443450e+00
2.817828409846482973e+00
2.127584110747763990e+00
2.397502821781613669e+00
2.887525499989524125e+00
2.997549092842906937e+00
2.507125388519809484e+00
2.767784140414977667e+00
2.211481473601568659e+00
2.609452953923671270e+00
2.946006914445528757e+00
2.647756706089911205e+00
2.841195609756772100e+00
2.668205510842677430e+00
2.689683906240544431e+00
2.529456313910702914e+00
2.709910955324043691e+00
2.716564274881253738e+00
2.532660090380687734e+00
2.994413974256572075e+00
2.872995325217503559e+00
2.731906918471279866e+00
2.858972144554070560e+00
2.476907242960447508e+00
2.935570038227055534e+00
2.338281527197037413e+00
2.870312409675208620e+00
2.516539030559409085e+00
2.636410502101107056e+00
2.461358221770003851e+00
2.152018281007141987e+00
2.776949671402684228e+00
2.685181879476228772e+00
2.441718027483264830e+00
2.312983697972117447e+00
2.621687245315365900e+00
2.916115445510880200e+00
2.812976341383320644e+00
2.735050262017760137e+00
2.237105908927277120e+00
2.489752039445325416e+00
2.854146707203453204e+00
2.873584352982144541e+00
2.683278496081445308e+00
2.572242276474084210e+00
2.301319233170111112e+00
3.074121106914111223e+00
2.273789443296820867e+00
2.065139430986578262e+00
2.374107889195696153e+00
2.237672694162606390e+00
2.521755107006367957e+00
2.437228313713382555e+00
2.238337791888385553e+00
2.766568313666280865e+00
2.333399785269630655e+00
2.061472294050058274e+00
2.318257132753749339e+00
2.348052520604711368e+00
2.693714050050827424e+00
2.897337640985118590e+00
3.019671901408721659e+00
2.719002863354218480e+00
2.790525604912631685e+00
2.255263789269870589e+00
2.627638267072790246e+00
2.812117926078775199e+00
2.218243529041140416e+00
2.530622736268182127e+00
2.642826661366445506e+00
2.682336961109732965e+00
2.895755389084404552e+00
2.514302444474125764e+00
2.823640585915194734e+00
2.550531043480832150e+00
2.601452206611308604e+00
2.449657259648710284e+00
3.092311740066637782e+00
2.544629542314095438e+00
2.440429025186927170e+00
2.526649670180776130e+00
2.979492693319662600e+00
2.700320159098970940e+00
2.926651725143720739e+00
2.422532546761060335e+00
2.469639782755521207e+00
2.701940802275139664e+00
2.585669514328070129e+00
1.637463824856679517e+00
2.641878611463503113e+00
2.911962716654029393e+00
2.869940308950721608e+00
2.738863994586483663e+00
2.418576055811879399e+00
2.180222762165955341e+00
2.223088537402050147e+00
2.537932070207515878e+00
2.927096492302595721e+00
1.916520866423968794e+00
2.463246622646357853e+00
2.253728314983264980e+00
2.091348891386385134e+00
2.298704599540783100e+00
2.922579225753646259e+00
2.380408116254238315e+00
2.373400886635697482e+00
2.397208520755531147e+00
2.133049576961682625e+00
2.450408175443318015e+00
2.415162898939034797e+00
2.706762135016142601e+00
2.818446187775208056e+00
2.674654158997429310e+00
2.788282598513719623e+00
2.725574965176193132e+00
2.484654136122435020e+00
2.740217350733654911e+00
2.670962163903136233e+00
2.563356734429891759e+00
2.785791906841674326e+00
2.511495175995108742e+00
2.905725291002444699e+00
2.198551202739316146e+00
2.519501604512604409e+00
3.062131707743156461e+00
2.669919668749697994e+00
2.773962129101352758e+00
2.384355739516814232e+00
2.429916245504296857e+00
2.278003983129964105e+00
3.046182302060554736e+00
2.365704938189285400e+00
1.857681494731208360e+00
2.494457950901975085e+00
2.940188568296780769e+00
2.489679031538698517e+00
2.551200397256477626e+00
2.530502702695903494e+00
2.183710733521952996e+00
2.887557098858542837e+00
2.515419735102841337e+00
2.698701319750409056e+00
2.545971010488940589e+00
2.734038807391051318e+00
2.421373449745005679e+00
2.895153548426566914e+00
2.339910613512425908e+00
2.809819593395706860e+00
2.126020472066519673e+00
2.438883167927922369e+00
2.159624209642535320e+00
2.849520793661921125e+00
2.223383689438915845e+00
2.763354298016321930e+00
2.784316628480305145e+00
2.942299388685796213e+00
2.856201029917824208e+00
2.561371383379652311e+00
2.689259835281792466e+00
2.705088613860575197e+00
2.643218268752308475e+00
2.437311346232433173e+00
1.986266362933883700e+00
2.492050286564198913e+00
2.916587328457665773e+00
2.143510505703856150e+00
1.965476665398996792e+00
2.418541228060592019e+00
2.731646799543426596e+00
2.158334782001848140e+00
2.716570830160572214e+00
2.069937976329088158e+00
2.616920058081149136e+00
2.748276769938100106e+00
2.538156520728881205e+00
2.255110841754369488e+00
2.870519122085952723e+00
2.486088491459030436e+00
2.448165506972380889e+00
2.452521880418851996e+00
2.343026866254332763e+00
2.987281442725574276e+00
2.411487457175248039e+00
3.071773845964897998e+00
2.945711855913674349e+00
2.547613541459889497e+00
2.331672505289225761e+00
2.652884955061510563e+00
2.432681498902926620e+00
2.905028882273540169e+00
2.662555275270416466e+00
2.584408120022849253e+00
2.783110236422887684e+00
2.268411365552012615e+00
2.251328915314868784e+00
2.502573335093368101e+00
1.918178720545799187e+00
2.092835726618986758e+00
2.558936614573894097e+00
2.535444283089510087e+00
2.729687075493274495e+00
2.680976176994978921e+00
2.494645615955821683e+00
2.423168055980691626e+00
2.957672071744842590e+00
2.969920402374497836e+00
2.917027947045724101e+00
2.770845793245371613e+00
2.740463178794158239e+00
2.523400706720426712e+00
2.056098783946941566e+00
2.890445654818904142e+00
2.600394333931591362e+00
2.678903135888092368e+00
2.579300587612804119e+00
2.789870373347411725e+00
2.950155782175370334e+00
2.235957086455325538e+00
2.701327443504466963e+00
2.775588819480363512e+00
1.922602282378409022e+00
2.206399408154341213e+00
2.535032413190024592e+00
2.752836048629933696e+00
2.323727592731651637e+00
2.278429412520063480e+00
2.888576736150502366e+00
2.501664415758538151e+00
3.084288920574150605e+00
2.792884006402637009e+00
2.385838150787789935e+00
2.656648812046258357e+00
3.094009137267552223e+00
2.346482242845022270e+00
2.307057784418389268e+00
2.833696662742121841e+00
2.811290555574462946e+00
2.831753841285701512e+00
2.653617846659453772e+00
2.488069812699196248e+00
2.528457968036262216e+00
2.428715528162340931e+00
2.566152634050447023e+00
2.471616658111028819e+00
2.122532479706080277e+00
2.339179682385373660e+00
2.492898901315497628e+00
2.052749693638273421e+00
2.450226435087300203e+00
2.428668442800084204e+00
2.788125588230072172e+00
2.339542179122959809e+00
2.553035900981504014e+00
2.212014277701085163e+00
2.766316482733830906e+00
2.612296551985489934e+00
2.603820330770459712e+00
2.419548512857587319e+00
2.640216494280252402e+00
3.009949525470088982e+00
2.813399918602085936e+00
2.966344977112806536e+00
2.770898329279019912e+00
2.762585883115559859e+00
2.747840332863794366e+00
2.856075600966212047e+00
2.759662851342268297e+00
2.618509617267354983e+00
2.543140051757778242e+00
2.223742537414664433e+00
2.432696049821876372e+00
2.563994588420491993e+00
2.447487125518436279e+00
2.587229310040537467e+00
2.751470556580509541e+00
2.742418128979369651e+00
2.716066259678275419e+00
2.631401195316743546e+00
3.016407838415963827e+00
2.256238785224701449e+00
2.518877093767244890e+00
1.909836516329288747e+00
2.648369671982532925e+00
3.009632739278793157e+00
2.037627879573315148e+00
2.746250857400817758e+00
2.160792599193379626e+00
2.984392393925493714e+00
2.794728919553907787e+00
2.077102717029194245e+00
2.438021583910130907e+00
2.919387853427906965e+00
2.344511238790325525e+00
2.955278674584566279e+00
2.199986373036209031e+00
2.548797729958778735e+00
2.092414374547799216e+00
3.108478624881726216e+00
2.556002206491747586e+00
2.497941039697143761e+00
2.445781506844229014e+00
2.531963408232658974e+00
3.005454665370947076e+00
2.556982600866140931e+00
2.419326062572189073e+00
2.669210162519157770e+00
2.905645073851027327e+00
2.436526662971772339e+00
3.014324819793186006e+00
2.630948389657721709e+00
2.544738641274261859e+00
2.509853066960450185e+00
2.662584760112109983e+00
2.459594505038832146e+00
2.158818561015399151e+00
2.696584188525681824e+00
2.813143767699952669e+00
2.770941756870709316e+00
2.534027628301263491e+00
2.116970826078771850e+00
2.981238852747633672e+00
2.530190062087187108e+00
2.163459197342644025e+00
2.717792958233952838e+00
2.281430469516257276e+00
2.342849814334040826e+00
2.206971238954698933e+00
2.918972277440073260e+00
2.870146949017251536e+00
2.207785888030067145e+00
2.949934301952501503e+00
2.618658194894652347e+00
2.181113141761442886e+00
2.870488386506714118e+00
2.649510779555692253e+00
2.215661568594707198e+00
2.976391192596441471e+00
2.095144736310932121e+00
2.814426889163316847e+00
2.699913455481500968e+00
2.797783968765536589e+00
2.422382477110394117e+00
2.250062352595208370e+00
2.791320418195388342e+00
2.386914861236221874e+00
2.532379900898590552e+00
2.387291188666495145e+00
2.342416649241182647e+00
2.578025238075729142e+00
2.543420107694610355e+00
2.616366907847065715e+00
2.750631818358337366e+00
2.674989486825807727e+00
2.941624269320279872e+00
2.472196840127767636e+00
2.771816027773203128e+00
2.853704518996994732e+00
2.784584680480162167e+00
2.458896261000782069e+00
2.837154994804882868e+00
2.724868768948809805e+00
2.869150520416642092e+00
2.818194840335277007e+00
2.869153212804774533e+00
2.693655556733973722e+00
2.861175956767848305e+00
2.597185954174764166e+00
2.772377477268465729e+00
2.458277331750098327e+00
2.794401722976290081e+00
2.292453132994626053e+00
2.247618901881490050e+00
2.466099105188992446e+00
2.813143031723401855e+00
1.901262330438426407e+00
2.772738513960133488e+00
2.901910190117512833e+00
2.845933821897827620e+00
2.586588708650737090e+00
2.630411488831910560e+00
2.452441581565060869e+00
2.729632095161383276e+00
2.300986037997267974e+00
2.935736103333906666e+00
2.240926044490192393e+00
2.447062042083953948e+00
2.479548277943331769e+00
2.990495331209710450e+00
2.841181977534868786e+00
2.465959661516909485e+00
2.552622928987872353e+00
2.464419323193072220e+00
2.662495823964621700e+00
2.811971433403172682e+00
2.784216163765714125e+00
2.330691204753955859e+00
2.659018356577103948e+00
2.342281227615830019e+00
2.523831080915437397e+00
2.092741855766627523e+00
2.824877530012178006e+00
2.502137813934396604e+00
2.592516765075045804e+00
2.545945248700175245e+00
2.848980139481822604e+00
2.611101465336706617e+00
2.954283156269466470e+00
2.709707420829918334e+00
2.508531731848790525e+00
2.443452215643057812e+00
2.319768667489762848e+00
2.802932851885949539e+00
2.354442339468993062e+00
2.359057090729078432e+00
2.370190540357734577e+00
2.661465458334559830e+00
2.295421472900222248e+00
2.219054760651778757e+00
2.239522822788037715e+00
2.848414115704891891e+00
3.101141457181277428e+00
2.751235199596717251e+00
2.331923277126421112e+00
2.901964492328592549e+00
2.636857913704846457e+00
2.515180524082693658e+00
2.877647323558069292e+00
2.931719191804288194e+00
2.701808043078709698e+00
2.825705376311481221e+00
2.545287668640074941e+00
2.232088297904210705e+00
2.851636455894898781e+00
3.010228145569649794e+00
2.393990409458752744e+00
2.780634495888816726e+00
2.334096313990299265e+00
2.613534230283723669e+00
2.824960710276508191e+00
2.717740161408510158e+00
2.556975659094287145e+00
2.695210536790618505e+00
2.783553733480409242e+00
2.542557909486020229e+00
2.468820790602964443e+00
2.411582948152994454e+00
2.197006539752328180e+00
2.384461514211478672e+00
2.499561494039096221e+00
2.852565160528661714e+00
2.327866885785074835e+00
3.008859218977644190e+00
2.422682776110357317e+00
2.546280851095953146e+00
2.491174524722251427e+00
2.647533530706754679e+00
2.441669851212753706e+00
2.815904776683373356e+00
2.692245610838768233e+00
2.816221680700746965e+00
2.102297716126471094e+00
2.847689187324927484e+00
2.917065297573671501e+00
2.466553074517580768e+00
2.655141582526425736e+00
2.595555954728070880e+00
2.787034310134805626e+00
2.292506002158535505e+00
2.857546283091437544e+00
2.758383748434557248e+00
2.581608650646394665e+00
2.632764313883728224e+00
2.684873120491315213e+00
2.744070810350504708e+00
2.376723117080444148e+00
2.382877401307289755e+00
2.331613067820735186e+00
2.077080430901530050e+00
2.441790369622351520e+00
2.554868469930648089e+00
2.418237230276368610e+00
2.140829819659763267e+00
2.941359984291320284e+00
2.722071496915067446e+00
2.695755746836749012e+00
2.985887606561107965e+00
2.068689543689353094e+00
2.424590428454055147e+00
2.787415427042075677e+00
2.976488390224261149e+00
2.761326511878045231e+00
2.351545904325671010e+00
2.695907150528729090e+00
2.400193661001472911e+00
2.550259437398792350e+00
2.136120673298856687e+00
2.648028073455960474e+00
2.510619246681037531e+00
2.335185825687231098e+00
2.226147429206078776e+00
2.567581160796944761e+00
2.110757571544991329e+00
2.662271490327817069e+00
2.845832971109991227e+00
3.026230911623446485e+00
2.359495725081711015e+00
2.279367434336260434e+00
2.380857595639870539e+00
2.520425691454946993e+00
2.898158808445866264e+00
2.711855001132238652e+00
2.339218642451226238e+00
2.715308718602314375e+00
2.559465588910356804e+00
2.959211975003234407e+00
2.565421072109184131e+00
2.815929626309828127e+00
2.429233491027152247e+00
2.384051980808761684e+00
2.246365651791588647e+00
2.613685500808915041e+00
2.833755578749413750e+00
1.880840387689244109e+00
1.755142146838235995e+00
3.022760813510209754e+00
2.668548067232108689e+00
2.735786675679090063e+00
2.310368028408487540e+00
2.535182884685818649e+00
1.847565051697253269e+00
2.628319868144540550e+00
2.738903911526155976e+00
2.893675543486508683e+00
2.418809912531216799e+00
2.611859897269301900e+00
2.726714409867381672e+00
1.947949905721420905e+00
2.162465270244657400e+00
2.308169951260989006e+00
2.904363602741020678e+00
2.583368250605651895e+00
2.909933238986703419e+00
2.910916445872617775e+00
2.549639867555943074e+00
2.151771747561583847e+00
2.658940237529335171e+00
2.357118202386358163e+00
2.557417770226409370e+00
1.835252828802394154e+00
2.528858198873964014e+00
2.944855632636085296e+00
2.710617213886112875e+00
2.216656350039189594e+00
2.778519980424418279e+00
2.272094787584037157e+00
2.477223785433336545e+00
2.346549715731852004e+00
2.219603681876651358e+00
2.789356202288299613e+00
2.448538837995635653e+00
2.334830047921010454e+00
2.271368918733418951e+00
2.915313891095212995e+00
2.456515080215927682e+00
2.650683627094344352e+00
2.730671803304852041e+00
2.016938237792538668e+00
2.256694843841669851e+00
2.724306493101506632e+00
2.674754892658196770e+00
2.335672222474589610e+00
2.509116946764219591e+00
2.411797979159213678e+00
2.617376343533574179e+00
2.537679842078181203e+00
2.680095633349791839e+00
2.328922088619822972e+00
2.740663266246143426e+00
2.711852306913380861e+00
2.762266033634547924e+00
2.154079370936543114e+00
2.658497695994860521e+00
2.498475392968515951e+00
2.778830479603857206e+00
2.449406751327664278e+00
2.117465001181579431e+00
2.073780400314512828e+00
2.330859441228299911e+00
2.469093790934322463e+00
2.324967732469905624e+00
2.767583901701814675e+00
2.348563716808729218e+00
2.380066672092711055e+00
2.658385837957637055e+00
2.877200101861665082e+00
2.863746369862448571e+00
2.464071168142758061e+00
2.889809444977183617e+00
2.460660864244274659e+00
2.778340643226305584e+00
2.822720453178030997e+00
2.965659641768295884e+00
2.941836855464936118e+00
2.970343721587950903e+00
2.662640687268430728e+00
2.698505962138584735e+00
2.738194071122104223e+00
2.677999471670966525e+00
2.750769736987566105e+00
2.300349533885415187e+00
2.601472469049907144e+00
2.481263584803003575e+00
2.543495426313731489e+00
2.516881538147579533e+00
2.745128657917922155e+00
2.584109078487673461e+00
2.572413919557610118e+00
2.667100951728835323e+00
2.911766891442524319e+00
2.351664936666638894e+00
2.324365252919789349e+00
2.706890403010068891e+00
2.390195914389047438e+00
2.338929199777497914e+00
2.376974877465684699e+00
2.546880613886671529e+00
2.704992502631665019e+00
2.706242275361113947e+00
2.491862834326315390e+00
2.848691774148727873e+00
2.390984576266331985e+00
2.613070865463664738e+00
2.323432676862958512e+00
2.413691166441974012e+00
2.783288135842702626e+00
2.743282868135127561e+00
3.018201571281811102e+00
2.003844390566129174e+00
3.032606118822957164e+00
2.471722064648627537e+00
2.677419224934669550e+00
2.657829000719473367e+00
2.865450821272000237e+00
3.005860360149850585e+00
2.721936186514638756e+00
2.508654880682840371e+00
2.761809129874244206e+00
2.319207204047029069e+00
2.830726366790640380e+00
2.730535196877689419e+00
2.870237319484016947e+00
2.876729627372354603e+00
2.640169004576681022e+00
2.691913999103937361e+00
2.792898354141200912e+00
2.017494419830469177e+00
2.660063017687424924e+00
2.431781967736587280e+00
2.652604762588728349e+00
2.714381130495140404e+00
2.211312895004885704e+00
2.722624584709342432e+00
2.881105542395777874e+00
2.601768569519236962e+00
2.550344232820054291e+00
2.566598075151889979e+00
2.428478285461982633e+00
2.516308934347756932e+00
2.456597125532046011e+00
2.582210122635005156e+00
2.530268640602355568e+00
3.033798473525169737e+00
2.502245446338095203e+00
2.184043448975479862e+00
2.468838405706247130e+00
2.753375349394686644e+00
2.599580163235588159e+00
2.641902694065652035e+00
2.663256584737642818e+00
1.971534006838401298e+00
2.904773232563870433e+00
2.344529836858809446e+00
2.394199067624929178e+00
2.979833431032763436e+00
2.412607221747328445e+00
2.841728749643307683e+00
2.336788068838529853e+00
2.763659254855921787e+00
2.957906164706550101e+00
2.381450392913733172e+00
2.798478392390189029e+00
2.356983428768996802e+00
2.525622104519169575e+00
2.911341020972823657e+00
2.758583386705584228e+00
2.893640470801108755e+00
2.452299699392420429e+00
2.539576906643309595e+00
2.588059596665202022e+00
2.295307741605157936e+00
2.696540520887021231e+00
2.497237731737157684e+00
2.122841349877015116e+00
2.617045580203503974e+00
2.432380086220578885e+00
2.550846555587690023e+00
2.924974178028014293e+00
2.276803034310896923e+00
2.721112742201478252e+00
2.787212173526114167e+00
2.724116523435501591e+00
2.478257007528803513e+00
2.892349347381101499e+00
2.979201364738902846e+00
2.871884805791376394e+00
2.363318100922087162e+00
2.604426396214233996e+00
2.619381786314012306e+00
2.023424839347130355e+00
2.680990544636756567e+00
2.164100896235614968e+00
2.981608796731158861e+00
2.779798667484174146e+00
2.825994531572195267e+00
2.606048629878352507e+00
2.482018602488351711e+00
2.825188424493007666e+00
2.729972897440235080e+00
2.460330533939461883e+00
2.094870304504326874e+00
2.087208933405684697e+00
2.897827776873053818e+00
2.357199657342006649e+00
2.922002409096383868e+00
2.699049192144679754e+00
2.579129242947280520e+00
2.180408964204494371e+00
3.012778397092568117e+00
2.675650952060503851e+00
2.298690850157205645e+00
1.989027446646657760e+00
2.238172559692335195e+00
2.023264770042001892e+00
2.002009785854751200e+00
2.558822813539118890e+00
2.889291123046164866e+00
2.404465587929764059e+00
2.361621378451263187e+00
2.459446248544850278e+00
2.789278907871168833e+00
2.833897716421205804e+00
2.462105820367660236e+00
2.409068060938603928e+00
2.737329742263959531e+00
2.942845783862298337e+00
2.146538604940222861e+00
2.845951895552071065e+00
2.788728987354163191e+00
2.740996079750695813e+00
2.597855562034808941e+00
2.638025801286672412e+00
2.616423253420020689e+00
2.387926237050580269e+00
2.930261412091601514e+00
2.942159295722035051e+00
3.058589052713768908e+00
2.850525836490365617e+00
2.800175514771063412e+00
2.490055275538372026e+00
2.281549124308451582e+00
2.642707099277311400e+00
2.674709651093041707e+00
2.938189592084282875e+00
2.367252591041321796e+00
2.852456290442448417e+00
2.473028364117577205e+00
2.714072672900306848e+00
2.385282260015988420e+00
2.641773116259841458e+00
2.574606380839701725e+00
2.575987472420269597e+00
2.779235447372003343e+00
2.349048796486186141e+00
2.718110023956769261e+00
2.540649145047348512e+00
2.379979765450877860e+00
2.992944420538337980e+00
2.514916798943147569e+00
2.430751890750857402e+00
2.574631134806563360e+00
2.756301277154677543e+00
2.453094768599386910e+00
2.696744569314738271e+00
2.622580337310433496e+00
2.435008591251580423e+00
2.510332474776069578e+00
2.722040024764297517e+00
2.768774023455948807e+00
2.081781419018073009e+00
2.398617105549781137e+00
2.974752702977222718e+00
2.499779774741886396e+00
2.245486587605900475e+00
2.970328226152739504e+00
2.796344313512660218e+00
2.444645706774798199e+00
2.367072053958134692e+00
2.858772128620507225e+00
2.781581935569594766e+00
2.661639097755085892e+00
2.607939813632312642e+00
2.808455301377660085e+00
3.040687215651773911e+00
2.466008468955321664e+00
2.240368509752904025e+00
2.639630310473003227e+00
2.388806953733085159e+00
2.111361083824034868e+00
2.737131055469627761e+00
2.926673598786210029e+00
2.843552840196945208e+00
2.356911606363767397e+00
2.904121115725553537e+00
2.255666888225238864e+00
2.848684154101873478e+00
2.492400665611771426e+00
2.432276606748251080e+00
2.230161195692849319e+00
2.504110884237128687e+00
2.743584437740661741e+00
2.791228192341541181e+00
2.035855496730364145e+00
2.618636405986544791e+00
2.787079272599839896e+00
2.558872925394673814e+00
2.659924942384039426e+00
2.341363161897612954e+00
2.654122272452075659e+00
2.288637760314363057e+00
2.677489194730390487e+00
2.569883262772853616e+00
2.443812699165897051e+00
2.957297393018651466e+00
2.953249202194767165e+00
2.583427382396996208e+00
2.894382313479425761e+00
2.668819834357125220e+00
2.830199187285161067e+00
2.593281717366531236e+00
2.966091046434550904e+00
2.111618288921325082e+00
2.242235418945139891e+00
2.688571074103642822e+00
2.585388123882324418e+00
3.056589952508267594e+00
2.759923292440071396e+00
2.722359859024918727e+00
3.001839698659160227e+00
3.018648901993258526e+00
2.152868968795048410e+00
2.560090350183024999e+00
2.675115079247738059e+00
2.045295290794323151e+00
2.542553113953350152e+00
2.837269854274660830e+00
2.511932901840682408e+00
2.434033026056577675e+00
2.491769390794511985e+00
2.756239720256699499e+00
2.248858979718313389e+00
2.276985317082928617e+00
2.348177096499354466e+00
2.721826977887267240e+00
2.427885733590885664e+00
2.538078888409532663e+00
2.978258354833927424e+00
2.757807626412112079e+00
2.528322441168736390e+00
2.952958607829124560e+00
2.712008722290901286e+00
2.713467194648260250e+00
2.602272584255805654e+00
2.844793157368672887e+00
2.889778938746285331e+00
2.673862260663165902e+00
2.626446190423064042e+00
2.577510753454909764e+00
2.373936198613268544e+00
1.781154602565786504e+00
2.373010617627397068e+00
2.344083401469299943e+00
2.567428896460727472e+00
2.498864443609516872e+00
2.880437510504907372e+00
2.717706512967117849e+00
2.640947356626471176e+00
2.645846115382867403e+00
2.347810340325799494e+00
2.759755912550337253e+00
2.194463811860117630e+00
2.112337296477094561e+00
3.005199193977651451e+00
2.647194548096819311e+00
2.131306633812857676e+00
2.311850515493680813e+00
2.926750720360789426e+00
2.643454411817180993e+00
2.669809874613588985e+00
3.048635265715913256e+00
2.314217413718711924e+00
2.258695982278484227e+00
2.607195998229584255e+00
2.375768597647525127e+00
2.572075331981740653e+00
3.112229386681993226e+00
2.645033619662421565e+00
2.169020319682224418e+00
2.324573977010782944e+00
2.029615186124972048e+00
2.730173928739737299e+00
2.367020592595838302e+00
2.540778461279484368e+00
2.561030809521961604e+00
1.692496319932544679e+00
2.279159172966902513e+00
3.006301451560990046e+00
2.367853903926214976e+00
2.702864188203797369e+00
2.678715574329048277e+00
2.334897402908788777e+00
2.160917278839299183e+00
2.764182107867388716e+00
2.328739389045685115e+00
2.511058552915895525e+00
2.388163145649802033e+00
2.502329541538973245e+00
2.347729674598191707e+00
2.236839756450624161e+00
2.432535932588036243e+00
2.016511957700071633e+00
2.363162043867158779e+00
2.717063258617056221e+00
2.428405935797370407e+00
2.478067991125051162e+00
2.220934478025546888e+00
2.265094555368409424e+00
2.783597458005888203e+00
2.733908898787003494e+00
2.179174257547445315e+00
2.773946194623345463e+00
2.730194660412991414e+00
2.884481249753596988e+00
2.584339921324266154e+00
3.065574439628346415e+00
2.432534473618883641e+00
2.531016883067342960e+00
2.987045207190249574e+00
2.030470956919665948e+00
2.751113784870864443e+00
3.091098748664572682e+00
2.404754996363885233e+00
2.966069552246424212e+00
2.298469650110476437e+00
2.746612522189309402e+00
2.164776124011317027e+00
2.721331009530014278e+00
2.605841796192915893e+00
2.605530965553815470e+00
2.693690073839016375e+00
2.447028181694922200e+00
2.668454299028006460e+00
2.554599844726663349e+00
2.312065197732948718e+00
2.579395131476017511e+00
2.495146069202739625e+00
2.545682658709486734e+00
2.341664424418100410e+00
2.980178809968549558e+00
2.704037460136726079e+00
2.035905357175256114e+00
2.261023798683285069e+00
2.763000681112317114e+00
2.947697058541716597e+00
3.008198057693279637e+00
2.437051262687786046e+00
3.004545613164127715e+00
2.207918654716201967e+00
2.688827225584812464e+00
2.955926928104966489e+00
2.514126637329697544e+00
2.616961138374908735e+00
2.181655874831005093e+00
2.419574940769416926e+00
2.661455901068709107e+00
2.429595941105190615e+00
2.724527876308512120e+00
2.684040707470371157e+00
2.647358267884280192e+00
2.423507154661017182e+00
2.685049911085806151e+00
2.627414307999410781e+00
2.285743250520191339e+00
2.402056800182253760e+00
2.971929887916125779e+00
2.501383587896155447e+00
2.522518590236348501e+00
2.267669269894632578e+00
2.351073918522979422e+00
2.574335182879362360e+00
3.014450923671429194e+00
2.424060869597747914e+00
2.740183069614422706e+00
2.654816006138015272e+00
2.912721592786733371e+00
2.600365763172611366e+00
2.804388706549105770e+00
2.383510949469304308e+00
2.575435212338204938e+00
2.188565645007479521e+00
2.224721840385245564e+00
2.504611690527648538e+00
2.378582302800750448e+00
2.723395085993498999e+00
2.381652241517161706e+00
2.757574823358632798e+00
3.018957047778597858e+00
2.551467370692900971e+00
2.774947805754466756e+00
2.758043625962969259e+00
2.445294919802368128e+00
2.660223904311181720e+00
2.939736314945944340e+00
2.165852484103586661e+00
2.524231303715732011e+00
2.610250590354790123e+00
2.608466365137088516e+00
2.214320677321331754e+00
2.568862697876665990e+00
2.787962652677146824e+00
2.351562327184952395e+00
2.736075723641601343e+00
2.202553003814998522e+00
2.933810621177606492e+00
3.003504923546116867e+00
2.829603303024452288e+00
2.877731312337329150e+00
2.036312551578521202e+00
2.143809643637448303e+00
2.679202244896170981e+00
2.194972204909631408e+00
2.773739369323970472e+00
2.733082854855310995e+00
2.744444966779855832e+00
2.348084876410444721e+00
2.507004024477565540e+00
2.632308018425660201e+00
2.629772495890618345e+00
2.752884930177520229e+00
2.356194925852610034e+00
2.097075523209943615e+00
2.933986949948919953e+00
2.419164888238599431e+00
2.950242700017449149e+00
2.846581000747514079e+00
2.304649905278219890e+00
2.110190522252814560e+00
2.617679759538948936e+00
2.127499052477094477e+00
2.870861039301082496e+00
1.851272865039589544e+00
2.473476301448575221e+00
1.893974429287806460e+00
2.482704170006304611e+00
2.643978770607184892e+00
2.227210659464954556e+00
2.920289300613858607e+00
2.739215567210055102e+00
2.248443727056003372e+00
2.377197857522351576e+00
2.589955691960847073e+00
2.926674322569794651e+00
2.817910095334441589e+00
2.681704169829290496e+00
2.332657972265244961e+00
2.717495087307086887e+00
2.517806033284711198e+00
2.742673986602287339e+00
2.497811892339174555e+00
2.918617504903905147e+00
2.828436053899104241e+00
2.635886974462881227e+00
2.780392706200921715e+00
2.338459664795712101e+00
2.172064636562937245e+00
2.145150248226345813e+00
2.123826791193435426e+00
2.199457901668508519e+00
2.571172167474495396e+00
2.672231266502928193e+00
3.023086478091240092e+00
2.557301240749284332e+00
2.752354141302120194e+00
2.800605731050403335e+00
2.536057677004728728e+00
2.584060603452337457e+00
2.534005161984959287e+00
2.467980911400996291e+00
2.754228319578442274e+00
2.326987118238809327e+00
2.619327313163077875e+00
2.378996944287006254e+00
2.512287342656787104e+00
1.996609752172565422e+00
2.733763831504724351e+00
2.831389346968292919e+00
2.502607842313117281e+00
3.003344380248675893e+00
2.256499299853018670e+00
2.366556216346989316e+00
2.746455782872294193e+00
2.668935982656099437e+00
2.482222535674339703e+00
2.440279577608620354e+00
2.637577764832242710e+00
2.248232704357605805e+00
3.076004085139567579e+00
2.732188621644700444e+00
2.568370417266390593e+00
2.675044656155721956e+00
2.512315814009916881e+00
2.926121281347588088e+00
2.133753844798819799e+00
2.836517371566277923e+00
2.417034226151716148e+00
2.818898717696920464e+00
2.642202418376494055e+00
2.840174575275690838e+00
2.437977587807856672e+00
2.531386262196830828e+00
2.349044847277987014e+00
2.599985382358902530e+00
2.137917321390284897e+00
2.739233737869973151e+00
2.420902054286874439e+00
2.495032984553138711e+00
2.851939978038028567e+00
2.203137013526325294e+00
2.272032355361153222e+00
1.916152282279511621e+00
2.675975391617939181e+00
2.500916017462009311e+00
3.129736207892876543e+00
2.156828420942728197e+00
2.797481974028462215e+00
2.706683922238073414e+00
2.504847807928827663e+00
2.683840935021159169e+00
2.635376096939351154e+00
2.836944669937819352e+00
2.269397382108133687e+00
2.522031024015522149e+00
2.457569841740608219e+00
2.774703369501057448e+00
2.204273891533104379e+00
2.671959285429541975e+00
2.715080770052929804e+00
2.909655043742280789e+00
2.302343029008874442e+00
2.953918891614694786e+00
2.806850007457307949e+00
2.406086844091862353e+00
1.787609074558117239e+00
2.258603635398869436e+00
2.935619102763404431e+00
3.044418031947132786e+00
2.221973379228849854e+00
2.367793725490001222e+00
2.620603842247466009e+00
2.750681642272753802e+00
2.895945660641440877e+00
2.757831898688194450e+00
2.542550457264031394e+00
3.027981813550899126e+00
2.708455561677101553e+00
2.682121159009770217e+00
2.799616572293216699e+00
2.634962974821517090e+00
2.487077243696401041e+00
2.935210822017874754e+00
2.598258493282765702e+00
2.142424495000466500e+00
2.243568908105209925e+00
3.082739235547241385e+00
2.651668894586757919e+00
2.815732026973121194e+00
2.946265481389648944e+00
2.569976312829293619e+00
2.900476903008154750e+00
2.944807784221865621e+00
2.775048055001323455e+00
2.996728265474364328e+00
2.747731325562074112e+00
2.317011907585822872e+00
2.740637559787704181e+00
2.612814155481760103e+00
2.965953355987840823e+00
2.419241243676875097e+00
2.610516240236423258e+00
3.015431015976143048e+00
2.436617347882060081e+00
1.982979412418077514e+00
2.393824117222783432e+00
3.012204852825874912e+00
2.534104467024670626e+00
2.698813830881981790e+00
2.270699583338360306e+00
2.816408905371028393e+00
2.728076522375643798e+00
2.327446151092082083e+00
2.531266407293562004e+00
2.335073106682209687e+00
2.232066454765195385e+00
3.011017729934321263e+00
2.616891982068767053e+00
2.861413405517615693e+00
2.835324786643254491e+00
2.176503263909681518e+00
2.788749577124637113e+00
2.857962154891819928e+00
2.394275265732934255e+00
2.863821300857130936e+00
2.664953101119395207e+00
2.546853696225886754e+00
2.777955732558309077e+00
2.540045246811105883e+00
2.515120017646531814e+00
2.558193981464485844e+00
2.572313304405603684e+00
2.757625142332742030e+00
3.035545442690062323e+00
2.133465618184867463e+00
2.444561172426678919e+00
2.617990859529316872e+00
2.896861553289073576e+00
2.515072189260129765e+00
2.732566843497147513e+00
2.194687882208717244e+00
2.468983727792932292e+00
2.839510265977334136e+00
2.678693515990469010e+00
2.626704433867174782e+00
2.434585685844597336e+00
2.627544346990489998e+00
2.648628790227801844e+00
2.804198217820041528e+00
2.572645564906463456e+00
2.131736948556928635e+00
2.689724237453979594e+00
2.617389969383661530e+00
2.741389665627579131e+00
2.679787463009805748e+00
2.550811754987986735e+00
2.474452172328085009e+00
2.699806588415779807e+00
2.179167947781067483e+00
2.314531444335781174e+00
2.762387220139768118e+00
2.488666015520686337e+00
2.480649339307218426e+00
2.593549425722113444e+00
2.359582386523375153e+00
2.937415034976344153e+00
2.604127318990694384e+00
2.515291479573632305e+00
2.909099006185727809e+00
2.347058356999414563e+00
2.776668029962205075e+00
2.489386455461113812e+00
2.625595649034408119e+00
2.852263951373195550e+00
2.548595377024849284e+00
2.256355294929741184e+00
2.847693896140275349e+00
2.310836342989176728e+00
2.879665964534594558e+00
2.798997322715564895e+00
2.456602326221595689e+00
2.704376284116193130e+00
2.644241474472123432e+00
2.987951019796167618e+00
2.675786114386619730e+00
2.739317650181698482e+00
2.552333085012819414e+00
2.423672393591554730e+00
2.756896735894957207e+00
2.442436294798364660e+00
2.486434372199053389e+00
2.424690081823941412e+00
2.469886015110558386e+00
2.535935465516670373e+00
2.876940761747260211e+00
2.276317161996975980e+00
2.449567951552890754e+00
2.749827608120321898e+00
2.700147052781351587e+00
2.226078459107237340e+00
3.016498012249199778e+00
2.604673484592991972e+00
2.592961980556064638e+00
2.763646329907338384e+00
2.424919183133811718e+00
2.849464585637100811e+00
2.222168689281679654e+00
2.261647952622143354e+00
2.832275501589510025e+00
2.186935172871928401e+00
2.688973789914784973e+00
2.194421748270749539e+00
2.407526946553942171e+00
2.484221193494993596e+00
2.426630966565890724e+00
2.781676039789086730e+00
2.452675904617680036e+00
2.311100708977194440e+00
2.724641995529847538e+00
2.631840699804511630e+00
2.501192804384630097e+00
2.961889284950634860e+00
2.210818772051762249e+00
2.509549744115849190e+00
2.401212939360822141e+00
2.021565813272477641e+00
2.222741420433105741e+00
2.527469255354444222e+00
2.811015116005205705e+00
2.185736511069119814e+00
2.467281135543397674e+00
2.772420880692718193e+00
2.294921843078906676e+00
2.005570734242272835e+00
2.325892220671819555e+00
2.168887320445103573e+00
2.881523836611138201e+00
2.567120551224077563e+00
2.622598938220149556e+00
2.717029140158601752e+00
2.721825458018070965e+00
2.886324334001268532e+00
2.449258268646719916e+00
2.900274186104542462e+00
2.235522927337530774e+00
2.294732195309553191e+00
2.693410015771910082e+00
1.882685116966851924e+00
2.624256064783208053e+00
1.937977152443312256e+00
2.709116508356535391e+00
2.505343651816780870e+00
1.938969925346986756e+00
2.041626783562144887e+00
2.202220642330482647e+00
2.439112616804908207e+00
2.355465971081620147e+00
2.228448432584979599e+00
2.813138900041111778e+00
2.949676004962090037e+00
2.982788130200487053e+00
2.387366687004236709e+00
2.980367382614595329e+00
2.723423113242435356e+00
2.579578978668235933e+00
2.755348601081774707e+00
2.564414947655905497e+00
2.861473717465536915e+00
2.578703206280323457e+00
2.887774126926288432e+00
2.737242444368964911e+00
2.614374951248604084e+00
2.759162858940120255e+00
2.554913599309365679e+00
2.096822901067479261e+00
2.412027984286865490e+00
2.354805767622575097e+00
2.877612590917081103e+00
2.619915147998359117e+00
2.580880198164494654e+00
2.827149206667957770e+00
2.074049029102152719e+00
3.042742171229951165e+00
2.619780431727122050e+00
2.511412887539596461e+00
2.063733710820015332e+00
2.479972700841838851e+00
2.290347977082312525e+00
2.132338119719760172e+00
2.680291769444256289e+00
2.565220655121277282e+00
2.401354964652435253e+00
2.426860619485589510e+00
2.779066455135470459e+00
2.691088481205152760e+00
2.705727138792724862e+00
2.917555528787696417e+00
2.685110819067492827e+00
2.294009237452559802e+00
2.088165861414111646e+00
2.843674201382315747e+00
2.624393510293509646e+00
2.778978098478210867e+00
2.712981071616569650e+00
2.171511842813197202e+00
2.401136607353667962e+00
2.614388689450211078e+00
2.021973704163196217e+00
2.098349031128213582e+00
3.026077715975842075e+00
2.739252734204149498e+00
2.835124013590763159e+00
2.608509481798900964e+00
2.693076580297106393e+00
2.134451031642485397e+00
2.406873554954183980e+00
2.778911297786343493e+00
2.591493991618600390e+00
2.673108443958703617e+00
2.508049176827468418e+00
2.340066253953794639e+00
2.348292199663018831e+00
2.272502388846740828e+00
2.759949471536631282e+00
3.000482461993704497e+00
2.814923471318568904e+00
2.365124763189632162e+00
2.512555194775066170e+00
2.446133270299075235e+00
2.559671747948711218e+00
2.916089599313083536e+00
2.518760182788029045e+00
2.762229873240872990e+00
2.758046097053247436e+00
2.755598208445100727e+00
2.534464132807817904e+00
2.863367996598740639e+00
2.447755318281471748e+00
2.733357756503423275e+00
2.510399483792995934e+00
2.496264468725246211e+00
2.445275102626919494e+00
2.188444122929334323e+00
2.532000781504834652e+00
2.781246024684773221e+00
2.879286774884100009e+00
2.604830123311216994e+00
2.276624752706483790e+00
2.861977340882332577e+00
2.459205364702896190e+00
2.075744847789319003e+00
2.358541879863912172e+00
2.889127317486988922e+00
2.308039156340717213e+00
2.895030875408412641e+00
2.278877789721313274e+00
2.246622385804202260e+00
2.645486609560355529e+00
2.129942128212350738e+00
2.070303072371555864e+00
2.113396169643082523e+00
3.038444908372068820e+00
2.482830094669890908e+00
2.338976010220693347e+00
3.031684773601338367e+00
2.511184844466031851e+00
2.073367810623382379e+00
2.808744955908285768e+00
2.553315750762637393e+00
2.264379752456155082e+00
2.524972120936369357e+00
2.351374146524484399e+00
2.827884875931458097e+00
2.199473313563398591e+00
2.849391027244942975e+00
2.388951180324663248e+00
2.562039655641813241e+00
1.996634775293268049e+00
2.971427598316405128e+00
2.949912542429469653e+00
2.482247009321998821e+00
2.634004364120713149e+00
2.112725441222920608e+00
2.502065861994028584e+00
2.769960696362188557e+00
2.617597045486412810e+00
2.776685103704114255e+00
2.749782730799974928e+00
2.939456795971700398e+00
2.480745244563841823e+00
2.713342918565478268e+00
2.535641849922680713e+00
2.614268045311053612e+00
2.370147644923821240e+00
2.083595824246306627e+00
2.562629170588833549e+00
2.582278903903509448e+00
2.475461615312861685e+00
2.884972407740468814e+00
2.807161852572466643e+00
1.955775385232866093e+00
2.354718423641161351e+00
2.467744699987627577e+00
2.503516627291801022e+00
2.843899879666420993e+00
2.284720038431315103e+00
2.669722765043422541e+00
2.390772484592520897e+00
2.967444319498410810e+00
2.193703366275027378e+00
2.471361809997835834e+00
2.658362129557252374e+00
2.094714482518587495e+00
2.587445666011282785e+00
2.433596247244064426e+00
2.873861797197671653e+00
2.804497397609460929e+00
3.006723572064291972e+00
2.548064883049768081e+00
2.997626068619758666e+00
2.357964397139269419e+00
2.624118923711145079e+00
2.405549142407696461e+00
2.851734633124946683e+00
2.570865611091617708e+00
2.475973264496698967e+00
2.413000910657443931e+00
2.923091473331168366e+00
2.843861512628810928e+00
2.857639432765873622e+00
2.615007123683696477e+00
2.819008112931169041e+00
2.448442058664873855e+00
2.395755275120192707e+00
2.304505745017143781e+00
2.698284441517774024e+00
2.924925801250083168e+00
2.597793545244130087e+00
2.919035397416529065e+00
2.507011142654388625e+00
2.457642852605300021e+00
2.781294793511239760e+00
2.250352408998277376e+00
2.157837756836129106e+00
2.760071806158248986e+00
2.397901198222064600e+00
2.683042570856581932e+00
2.642805945004844226e+00
2.462729101065552761e+00
2.308214621669944400e+00
2.443332562785597517e+00
2.344895163540259730e+00
1.952014427172130473e+00
2.205417061663102363e+00
2.974799541440968476e+00
2.591367037462587231e+00
2.718003739569512245e+00
2.665385064191277742e+00
2.302817568205197674e+00
2.759415337614823382e+00
2.859666934701338370e+00
2.325911762863392962e+00
2.878997273350507591e+00
3.047107094961630569e+00
2.312270849220633195e+00
2.058811387360973910e+00
2.165606398454421821e+00
2.453419736238518833e+00
2.877862879536341456e+00
1.968006014946032778e+00
2.695263555679154432e+00
2.725393213926886826e+00
2.722529091554468206e+00
2.657016049915011280e+00
2.667708159231489962e+00
2.626340813876384406e+00
2.537467338917930970e+00
2.786544296580414581e+00
2.405862552985192693e+00
2.690630812850223208e+00
2.580391707245150990e+00
2.442235617486849364e+00
2.881991256300163062e+00
2.490292772723567083e+00
1.969083009926894334e+00
3.084834347660325715e+00
2.716663267499007883e+00
2.642575582053347638e+00
2.634346728152515471e+00
2.343318776987257213e+00
2.729328802032947365e+00
2.453123902940153922e+00
2.334252540876161408e+00
2.742455511338353080e+00
2.298051342293367938e+00
2.024210624435327954e+00
2.646142753001020864e+00
3.073712009108698240e+00
2.307972899672023903e+00
2.537503359673922709e+00
2.481654225108318457e+00
2.552466148935581547e+00
2.339204893223183035e+00
2.238735858577765026e+00
2.575628036807676935e+00
2.514622582300140685e+00
2.276164304287012552e+00
2.512890152404484212e+00
2.573663187519217743e+00
3.079327953086324676e+00
2.945584299576547327e+00
2.361504429714121223e+00
3.026441972291359583e+00
2.910842583600130595e+00
2.594437082225670821e+00
2.347849123448261910e+00
2.175450698438241570e+00
2.280988251124330901e+00
2.805533977989141281e+00
2.735909982943190766e+00
2.917874740777055553e+00
2.740338768583613138e+00
1.827362233200486630e+00
2.110788253736139097e+00
2.771335779321570936e+00
2.967103108740633655e+00
2.669761962234267649e+00
2.382375964904978716e+00
2.447854254705939869e+00
2.526202898133028896e+00
2.935365467381324756e+00
2.864544717695363563e+00
2.858831877091505547e+00
2.273858178340763647e+00
2.864229222349175430e+00
2.863602508058312512e+00
2.566108213954319428e+00
2.789497118019053534e+00
2.684110624036891490e+00
2.208336110146876585e+00
2.745003797072139040e+00
2.622045882270071626e+00
2.856792329510528639e+00
2.133062960944250186e+00
2.817894576922770788e+00
2.632386384938949941e+00
3.029765058456878268e+00
2.500935454220738485e+00
2.741802289372788248e+00
2.379676113713900421e+00
2.383389441034639233e+00
2.970078805886209761e+00
2.303806014888313491e+00
2.343544745616509051e+00
3.059735655155793932e+00
2.438861050680289466e+00
2.754806689002041953e+00
2.676493652526535705e+00
2.451840439545408312e+00
2.613764315606724065e+00
2.756911346242479688e+00
2.519854598263971734e+00
2.844185213466444484e+00
2.698903771520053230e+00
2.646922074833756966e+00
2.694563765698036129e+00
2.900116391361974966e+00
2.423789001477656857e+00
2.272837301563927603e+00
2.563109767568676034e+00
2.361919830251584695e+00
2.287485161415547363e+00
2.960932294519891261e+00
2.188472784309532848e+00
3.091587571510747257e+00
2.941571796942021422e+00
2.221727857951429463e+00
2.616820804345982854e+00
3.058672649858598991e+00
2.401801657575106219e+00
2.117729348613860196e+00
2.778822118661633311e+00
3.029776454746829106e+00
2.755232018027172547e+00
2.026792237869514235e+00
2.216537527504498950e+00
2.695819687008472076e+00
2.802100992940069535e+00
2.570784009848691376e+00
2.751306520181192372e+00
2.800728000917943827e+00
2.815022539540600999e+00
2.853803398938485003e+00
2.230196647982314762e+00
2.823966262255591442e+00
2.485431987178860602e+00
2.456487530940008490e+00
2.655881794073846613e+00
2.766997582763682129e+00
2.786623149856523707e+00
2.335542096799083644e+00
2.916469322707634593e+00
2.241514557142342490e+00
2.368624423258125944e+00
2.193006880052883467e+00
2.753411037356886304e+00
2.338194531740667159e+00
2.459019798822736025e+00
2.327178363646176251e+00
2.387453798448269104e+00
2.315263662340335316e+00
2.508855986689758399e+00
2.178113672995256156e+00
2.471734823076135790e+00
2.878254216384506847e+00
2.760921352602670797e+00
2.575233279048871893e+00
2.823591564201206161e+00
2.135029492977312593e+00
2.145953804102355811e+00
2.492774977850143792e+00
2.055418152493456496e+00
2.403565385276499988e+00
2.965978063560581024e+00
2.876833064304062049e+00
2.678711122860383931e+00
2.346591408581610860e+00
2.443305913729333145e+00
1.935125691997250152e+00
2.921233521635695052e+00
2.502757456769354683e+00
1.996150263235380251e+00
2.839534231019159360e+00
1.925727876595920263e+00
2.553691273213345880e+00
2.559654597010609489e+00
2.912220619662433840e+00
2.966486731733952276e+00
2.681060439423509134e+00
2.668611221003228007e+00
2.782233301574703166e+00
1.919154646673031817e+00
2.677968123526066169e+00
1.973295645553322819e+00
2.554396478349849176e+00
2.717266252146106620e+00
2.211646492361774463e+00
2.441928825552061255e+00
2.466163347864256394e+00
2.904811344309768284e+00
2.443987229984454057e+00
2.556285134522942926e+00
2.530183926072623546e+00
2.574256666438880181e+00
2.817025577519400414e+00
2.383414437754006521e+00
2.690042095427545021e+00
2.869292597734631745e+00
2.291448233381664590e+00
2.699744582557057626e+00
2.329506149304763518e+00
2.920085978330845933e+00
2.983656564725742921e+00
2.319124950440191846e+00
2.987466789318786287e+00
2.717181082039346052e+00
2.953039923066568040e+00
2.394924719298234805e+00
2.595258712542516832e+00
2.401969783842511141e+00
2.657462157634202349e+00
2.906820446207388109e+00
2.590359277825765361e+00
2.822011715442632962e+00
2.512215361465247376e+00
2.761898254372629147e+00
2.859077762595219951e+00
2.579966429490477609e+00
2.612576469538594903e+00
3.086337229494294565e+00
1.959451987335960155e+00
2.754757815299572421e+00
2.437507765529028703e+00
2.496537163612686072e+00
2.226734049617082878e+00
2.781784453790970169e+00
3.039119996205970065e+00
2.969399977797433365e+00
2.488888327079871843e+00
2.208286381023776279e+00
2.687614281445418918e+00
2.250321334556418584e+00
2.326791380952040189e+00
2.991710327860255259e+00
2.721277037733980553e+00
2.471056189887423482e+00
2.292960429291334812e+00
2.317307442204801227e+00
2.657853568469596972e+00
2.795978843750305920e+00
2.475905549716922671e+00
2.636182957755567102e+00
2.447913304391866607e+00
2.631572413878562777e+00
2.344319527570089434e+00
2.196806734963581142e+00
2.709194582534392381e+00
2.665784844890588978e+00
2.561754152486123814e+00
2.810817537637563923e+00
2.691913926869032636e+00
2.135592493851970364e+00
2.094503253273213517e+00
2.891318253069213196e+00
2.551019587475985784e+00
2.838481980076525524e+00
2.523035067801765230e+00
3.050727921834956557e+00
1.996136816562857463e+00
2.678296064777661023e+00
1.901719784740386388e+00
2.347451578377957482e+00
2.645761514091180100e+00
2.560053144793219548e+00
2.773630076762557461e+00
2.797233685626842270e+00
2.391849788477738770e+00
2.245828811724604357e+00
2.272448293480184400e+00
2.290469967522456685e+00
2.763521514987766103e+00
2.220034552670270056e+00
3.043702903919606406e+00
2.240403646537199478e+00
2.759255371999976170e+00
2.792701434507468772e+00
2.193042386598558213e+00
2.578889288677773894e+00
2.672658132273296960e+00
2.785345500485853165e+00
2.195649500655869168e+00
2.316120351825004420e+00
2.347649559996696667e+00
1.970994757131169006e+00
2.088681881326352574e+00
2.524452074183635375e+00
1.949001876616812234e+00
2.784772384500393549e+00
2.588994898342300566e+00
2.925930504724126635e+00
2.817981034026249443e+00
2.114355664228506626e+00
2.557960997769879175e+00
2.406389816715895247e+00
2.649375270677286398e+00
2.187710731153509336e+00
2.559634772597278118e+00
2.130455384274733355e+00
2.909392898343456046e+00
2.622616358379670665e+00
2.224447710142838375e+00
3.044314935777136188e+00
2.249493764441996557e+00
2.644263948921333096e+00
2.690259507576652886e+00
2.708310416559193801e+00
2.259944346684036987e+00
2.159246313476026913e+00
2.571502736444002402e+00
2.857816558541135699e+00
2.216803382255297716e+00
2.322191502174252520e+00
2.245244254686471930e+00
2.991693275102948579e+00
2.430811368713073684e+00
2.016113570020443557e+00
2.917862248839077743e+00
2.460181710295312740e+00
2.609229696981924196e+00
2.854053015583508657e+00
2.701659993509909707e+00
2.876523980432294181e+00
2.465114652025786057e+00
3.048293261097590801e+00
2.207200513442099776e+00
2.817530743005830729e+00
2.719527100509786077e+00
2.526154991523549498e+00
2.637389731896122136e+00
2.662442982650453871e+00
2.866463349006529437e+00
2.128008032614525646e+00
2.455687708888576459e+00
2.163067421496378095e+00
2.449051394047173424e+00
2.763426322929183776e+00
2.953676017810090482e+00
2.296840178817582512e+00
2.908839360204785507e+00
2.727247918346947131e+00
2.717867330465455034e+00
2.717879990207493712e+00
2.300037125437217611e+00
2.147556773042266443e+00
2.579240489559846417e+00
2.612494017253316425e+00
2.400693768060799371e+00
1.876551932153683211e+00
2.395389807362930057e+00
2.740489128884688874e+00
2.508844149601265006e+00
2.523031531736967814e+00
1.941602895003735396e+00
2.819198066254559265e+00
2.496092128440229096e+00
2.476456112788532948e+00
2.684473570444597890e+00
2.473587917210026355e+00
2.669670778316722171e+00
2.727504548735705470e+00
2.540587506236400728e+00
2.448949811044586866e+00
2.831839468323725129e+00
2.142511428052918276e+00
2.516263066361730694e+00
2.571784956372459519e+00
2.729753621785316664e+00
2.370090110341257716e+00
2.027559832086172520e+00
2.814817118743541791e+00
2.834249588798056774e+00
2.446761705913325535e+00
2.446236116752444456e+00
2.699956988939253844e+00
3.005633816547571335e+00
2.437597330721920308e+00
2.765936018230151561e+00
1.984723136312870784e+00
2.532290740324846912e+00
3.045264780063554610e+00
2.851124931331179724e+00
2.664957150501307659e+00
3.056115959417562422e+00
2.613272969006435353e+00
3.019144710142436683e+00
2.349390396672411008e+00
2.557875155689168345e+00
2.803906814899800981e+00
2.783624066171203282e+00
2.236243544631643765e+00
2.904308338629317365e+00
2.555623192444016922e+00
2.087144303029303316e+00
3.040121374015875233e+00
2.833521691638620332e+00
2.924563934793168229e+00
2.476023575281633970e+00
2.681622244526208565e+00
2.634443441936445307e+00
2.538610696598579519e+00
2.481977929224570723e+00
2.791955166415805767e+00
2.905759263044250140e+00
2.656565435656562890e+00
2.029912726148883628e+00
2.382375372596297503e+00
2.501639222920220895e+00
2.340555410319961283e+00
2.421565405741552990e+00
2.522433095558365590e+00
2.619680131475655038e+00
2.843810915637429826e+00
2.732347211432582412e+00
2.257589891642894031e+00
2.532441906232898443e+00
2.575980649028595693e+00
2.684285985784554018e+00
2.804474243777741904e+00
2.853412587027991609e+00
3.015215991268146212e+00
2.319574532033033876e+00
2.763997938505939445e+00
2.794145006732587255e+00
2.643091658144304912e+00
2.664124570567463213e+00
2.795338479786486641e+00
2.816324720058318132e+00
2.364579751747413638e+00
2.325315803583809071e+00
2.536257844880966061e+00
2.394899333704226585e+00
2.284843568917213297e+00
1.880082327969067713e+00
2.739582059517210677e+00
2.524770093088720468e+00
2.633773354833314428e+00
2.360617372059841568e+00
2.449377823520010100e+00
2.986973417392857932e+00
2.406895700532114990e+00
2.432238773438710311e+00
2.790842562276840688e+00
2.479633377468541955e+00
2.283621575562174044e+00
2.754893080311543230e+00
2.381547163494680763e+00
2.320110101055373075e+00
2.887626356072059419e+00
2.567031997562123191e+00
2.705671897669196913e+00
2.945603302773704080e+00
2.159353137790336774e+00
2.707354711257353941e+00
2.484865488835885650e+00
2.933974577917007220e+00
2.960235344534514201e+00
2.854344495655345870e+00
2.522695809652546917e+00
2.881443871713483151e+00
2.116205795036918413e+00
2.583747424073624455e+00
2.655408249901835660e+00
2.465824265729898990e+00
2.937921613416235367e+00
2.587529260469270120e+00
2.013302525833124079e+00
2.743998035668737678e+00
2.539175204537562180e+00
2.601757219082872830e+00
2.801860392532055322e+00
2.816087360738826817e+00
2.387151426637782237e+00
2.427168604378508565e+00
2.430815343022492137e+00
2.711279077088383893e+00
2.213870530931278058e+00
2.058168686642229517e+00
3.044827733703435513e+00
2.199124118465604738e+00
2.567315889906845783e+00
2.472713002448409192e+00
2.465556013545470382e+00
2.571498739891891372e+00
2.481241524566221823e+00
2.921095465317973705e+00
2.817587867598453588e+00
2.704647395191988490e+00
2.522478659844968885e+00
2.992216578013769279e+00
2.192208927103269644e+00
1.953418379104130409e+00
2.961536695702246202e+00
2.991167520296456050e+00
3.027149172948893074e+00
2.667171850083814189e+00
2.454734388820576374e+00
2.870469615387487572e+00
2.489431290802584407e+00
2.903430225918160801e+00
2.790083857428158343e+00
2.784486837730274278e+00
2.678795305220702083e+00
2.847022196520386128e+00
2.542797705256557350e+00
2.589247245443615064e+00
2.579012966290979314e+00
2.535315074572589644e+00
2.457429025300877701e+00
2.776784696574686517e+00
2.184583619843254887e+00
2.183938621989962137e+00
2.130090950504635927e+00
2.497269406288157523e+00
2.273787739189605528e+00
2.167921370971864992e+00
2.778833922389501332e+00
2.939577279229904860e+00
2.513246783399320172e+00
2.548143957247043900e+00
2.184778239139151701e+00
2.373791257262950261e+00
2.713765584079588677e+00
2.984485939064138282e+00
2.643676291796369426e+00
2.871244077297435915e+00
2.657747238049845695e+00
2.166054715603373815e+00
2.782585951259522350e+00
2.955693271122490806e+00
2.445965700556731903e+00
3.007129328982073968e+00
3.018750401218681212e+00
2.477587226864395475e+00
2.403123411026058420e+00
2.479815846907017729e+00
2.387624904977200035e+00
2.205614635768867071e+00
2.144354442166711117e+00
2.836624475354915464e+00
2.942316603911324435e+00
2.841286594318971570e+00
2.691158256062541554e+00
2.737348042055558484e+00
2.376503626579341333e+00
2.422015753135802196e+00
2.519890509452269445e+00
2.758289452233422256e+00
2.275559397410055418e+00
2.705861641862398415e+00
2.751488961920125931e+00
2.826732171327200671e+00
2.255254669655916810e+00
2.324322064931710230e+00
2.702340923064913358e+00
2.654393673885203864e+00
2.306266755437253568e+00
2.995105590363496439e+00
2.716141100838387334e+00
2.949564992001731056e+00
2.457584242306388944e+00
2.791139612865804587e+00
2.430733067244376766e+00
2.471423203114010647e+00
2.821025851059063339e+00
2.804806840728273798e+00
2.823453489178459286e+00
2.648432434349330844e+00
2.283098500943154363e+00
2.201432468376617990e+00
2.892517504042185550e+00
2.628009363078185778e+00
2.476978815662547628e+00
2.975178283001390422e+00
2.412314627079099605e+00
2.627403893030885840e+00
2.447360983241541277e+00
2.801962937893966110e+00
2.753776473011762427e+00
2.837842790662102654e+00
2.786778942638980627e+00
2.160221089137237982e+00
2.437598779451595643e+00
2.325067784857136832e+00
2.822230478514126784e+00
2.366737435363103437e+00
2.210806681936174911e+00
2.693425285190303775e+00
2.754056490792577971e+00
2.658427304581935324e+00
2.918151510229722856e+00
2.243518300634612217e+00
2.587335733924431835e+00
2.208471411498741155e+00
2.316995992548979366e+00
2.458625322644814926e+00
2.760796648362023209e+00
2.121948656911853082e+00
2.494007032358953602e+00
2.856272594186190172e+00
2.424719851390157555e+00
2.599767310013548549e+00
2.658533186085879407e+00
2.464307332432749575e+00
2.668612964380059349e+00
2.906966001606187344e+00
2.142569193661757243e+00
2.842322849794027828e+00
2.867364703539536208e+00
2.543581884463127274e+00
2.702953959542845119e+00
2.729870761364257881e+00
2.056882690161685900e+00
2.768829986221084560e+00
2.521881915124899898e+00
2.309350612946448500e+00
2.831483894898044085e+00
2.602669006062752199e+00
2.311644815575647272e+00
2.975903163366093285e+00
2.220569136186802517e+00
1.973964027360056939e+00
3.030229494391788236e+00
2.830079936177535949e+00
2.451665953759522232e+00
2.701384814241012400e+00
2.437098260844350328e+00
2.756200991616523321e+00
2.182503827982837041e+00
2.596839304253978131e+00
2.386597659795248738e+00
2.721335781036875012e+00
2.282087138076200894e+00
2.382441955159987579e+00
2.924394775872626973e+00
2.752540139772835293e+00
2.509926795097600749e+00
2.918478561141031324e+00
2.953779246659833824e+00
2.602903030819135655e+00
2.290032354946914595e+00
2.804823717912788617e+00
2.283804284182029409e+00
2.467670533484139561e+00
3.048756455007346489e+00
3.097150227344636075e+00
2.967447536899419980e+00
2.767680346683182080e+00
2.363054526216126661e+00
2.376145561796774164e+00
2.658515397908336020e+00
2.201627650979771200e+00
2.432758340958921739e+00
2.202029618436228464e+00
2.770363201998059743e+00
2.622404522869226096e+00
1.855724321368561025e+00
2.729431933849665537e+00
2.212053264909914496e+00
2.994673974237994418e+00
2.290966201249162282e+00
2.731460075284342537e+00
2.703084356470674798e+00
2.518397016342909467e+00
2.534155223313763194e+00
2.728716317936097369e+00
2.034801972007988624e+00
2.489911453272730224e+00
2.225456013893906348e+00
2.315742553064223941e+00
2.570281836930739416e+00
2.367613280363282779e+00
2.804415611027664568e+00
2.808020165709146809e+00
2.609405514794785219e+00
1.825633095844353626e+00
2.791040143108769911e+00
2.680606594589138414e+00
2.533634280584452725e+00
2.707324872583259712e+00
2.437069141128986871e+00
2.691204669958477069e+00
2.264408778588479443e+00
2.738453346549508449e+00
2.106088675646725861e+00
2.803030262163798803e+00
2.671218016806494511e+00
2.471467915051082098e+00
1.969835014938983386e+00
2.887087706195841097e+00
2.556074360838521020e+00
2.782914566679956181e+00
3.072563338069151051e+00
2.492640330067600107e+00
2.065441349870578591e+00
2.586848101226983054e+00
2.407511218925866725e+00
2.673809279926544935e+00
2.860352913395266761e+00
2.561092693284748201e+00
2.607786332235861426e+00
2.154674710132092663e+00
2.342434976671079472e+00
2.555334556151414915e+00
2.779780978770574063e+00
2.710983197115750531e+00
2.808949106473406232e+00
2.297988973259054379e+00
2.573292380117747857e+00
2.813996387535209198e+00
1.874794694376864079e+00
1.974475852278859911e+00
2.408875319675039428e+00
2.799791762714888499e+00
2.345751582740299490e+00
2.709879621641462677e+00
2.648278929651978864e+00
2.656545208726079910e+00
2.369000581407513017e+00
2.135692121200991167e+00
2.510708283607659297e+00
2.627610955660717451e+00
2.559728626071640090e+00
2.564697088683047799e+00
2.594292927726936426e+00
2.469123297134141026e+00
3.085210529069391860e+00
2.599589247069524323e+00
2.160032077595819278e+00
2.359415996062749432e+00
2.073401749874461686e+00
2.113628004937446292e+00
2.933926791225773378e+00
2.443576750738408965e+00
2.393180050885120647e+00
2.838489834412031509e+00
2.306103953742584256e+00
2.282397975012677271e+00
2.834236501349185477e+00
2.934626881760018513e+00
2.844475286271318737e+00
2.821109758389847677e+00
2.622173230163424407e+00
2.274475515663178626e+00
2.741430363670706249e+00
2.764664507756846135e+00
2.693947292813652084e+00
2.254356629489054242e+00
2.259172053849265893e+00
2.459467084506439249e+00
2.405822541090240296e+00
2.835404669180920045e+00
2.730199827414315550e+00
2.884700454864672192e+00
2.705707851619211457e+00
2.376775490300390814e+00
2.557679975303217113e+00
2.836911015281304405e+00
2.980748924752569806e+00
2.412909006679210044e+00
2.384030096223256123e+00
2.463420733831222620e+00
2.857440125472447967e+00
2.811126887780742045e+00
2.946991418936372398e+00
3.008113406576903515e+00
3.023675158076417624e+00
3.129473585790668366e+00
2.858320460187815826e+00
2.622739217396416134e+00
2.609929595635087640e+00
2.945070601116091868e+00
1.838496150072335800e+00
2.831960018284370051e+00
1.762353683771169077e+00
1.831545763639032653e+00
2.919033247898717320e+00
2.230440499648755459e+00
2.541969876132815109e+00
2.756561396246603568e+00
2.606199167287845064e+00
2.947606109647222361e+00
2.796482243638195975e+00
2.639856438350620671e+00
2.169099817698603605e+00
2.253862318461085756e+00
2.723457246539600973e+00
2.199456487160433849e+00
2.312250922407973253e+00
2.717684159869337535e+00
2.901943072578903937e+00
2.764931850037404271e+00
2.414362201038712019e+00
2.691125883339386959e+00
2.540049546485337650e+00
3.114229934877356776e+00
2.294785353967089936e+00
2.725771094259977989e+00
2.621550177539905047e+00
2.924304480747306645e+00
2.358521751616327489e+00
2.529583906478102495e+00
2.343389205488982885e+00
2.631724003363717479e+00
2.082044299839888701e+00
2.984327188060586167e+00
2.634523600403290367e+00
2.155379303726403073e+00
2.723718825027592771e+00
2.487776463607901611e+00
2.425342546604498661e+00
2.618500293772876297e+00
2.263346062595426034e+00
2.391090155393102989e+00
2.513702438567817055e+00
2.360337944001614119e+00
2.676362287399198348e+00
2.982268821566639971e+00
2.772931691611890237e+00
2.555698075518731738e+00
2.844146001006176316e+00
2.166237112232462625e+00
2.329624666120701626e+00
2.107375337935831539e+00
2.539483382069788853e+00
2.821223169222774718e+00
2.934293450472524434e+00
2.524471407028149095e+00
1.822314360282860202e+00
2.442738940966258099e+00
2.773503254140804675e+00
2.772721286502183080e+00
2.200384705903912330e+00
2.315448457727433240e+00
2.064935148809025733e+00
2.607273797211573374e+00
2.748521530048211758e+00
2.727388620682135389e+00
2.126398150587226255e+00
2.433170238726562129e+00
2.340562205381330863e+00
2.344083705903770021e+00
2.336072199459261256e+00
2.349173950700413460e+00
2.843979892573938795e+00
2.537913910659401751e+00
2.286815760420352284e+00
2.457364506722382824e+00
2.043475638171448061e+00
2.687044545154834374e+00
2.847163007675827640e+00
2.202494523579208163e+00
3.001716890720819375e+00
2.279957918501536618e+00
2.922787031008913239e+00
2.029622493676789929e+00
2.292958446456649035e+00
2.480770487500063570e+00
2.278190347830716611e+00
2.004658639654815389e+00
2.756689382117463616e+00
2.025122527193930377e+00
2.686482638083028895e+00
2.237963826995018390e+00
2.941441121757952359e+00
2.569962260757752581e+00
2.836452550900086411e+00
2.975807353046347803e+00
2.326561183945832667e+00
1.778373563645674782e+00
2.059472826333131223e+00
2.378576490926358922e+00
2.804392146314866441e+00
2.935146018669969603e+00
2.600266624343138044e+00
2.316009664458526629e+00
2.568695730356163054e+00
2.797902919750118400e+00
2.199165978929006116e+00
2.510377404194910955e+00
2.920964860881828606e+00
2.937816300159468152e+00
2.185167497922747781e+00
2.433795954742594247e+00
1.933911119813448432e+00
2.649999649578466787e+00
2.675731002500989053e+00
2.844762395252155240e+00
2.118274709015612878e+00
1.998658022182616678e+00
2.816320156649699591e+00
2.596885939123521503e+00
2.344083012113781006e+00
2.640276209798045670e+00
2.456593087688668575e+00
2.617688471168318820e+00
2.623737623592346413e+00
2.053874684761235692e+00
2.750244340555046740e+00
2.780157853419886749e+00
2.635471480583949866e+00
2.456316736685460356e+00
3.021558358791039289e+00
2.172614813711486903e+00
2.162915753191087198e+00
2.682346937438260692e+00
2.314093190508706765e+00
2.045987466767249074e+00
2.296072304705583544e+00
2.550505130576612434e+00
2.582646547197275932e+00
2.736084443209655603e+00
2.849172888426976247e+00
2.569009454664267444e+00
3.060537810933342762e+00
2.820214733601425827e+00
2.778001198019594664e+00
2.653943603032087317e+00
2.505791347525871515e+00
2.598796009983944444e+00
2.539471642784255856e+00
2.444707127306968708e+00
1.997063512856821488e+00
2.482608486541322268e+00
3.014612264212056747e+00
2.249376206414270385e+00
2.945835159000658177e+00
2.460575462294123383e+00
2.629719144035505884e+00
2.661862757938274981e+00
2.931808875728028951e+00
2.485974456925694298e+00
2.711911333637393895e+00
2.451573986636026881e+00
2.229542718305567828e+00
2.338353088831818916e+00
2.952164538814409767e+00
2.923187510188055782e+00
2.553708582809261607e+00
2.776199035201139864e+00
2.743634609872069419e+00
2.680265563967024534e+00
2.779721064446480483e+00
2.730748412299687011e+00
2.574125530515952498e+00
2.836235873706266286e+00
2.623647404266869820e+00
2.423065943367689545e+00
2.440299500548865463e+00
2.503996034910591195e+00
3.025972383188797465e+00
2.410913584903226159e+00
2.804792534640768942e+00
2.361135854461197781e+00
2.621921240337334869e+00
2.644853986917234945e+00
3.030468641906293392e+00
2.854739924061203471e+00
2.293929535905197881e+00
2.892774647602446958e+00
2.382417206281562727e+00
2.822714447357340894e+00
2.654116951618060938e+00
2.920135467973346444e+00
3.004645056670510073e+00
2.431089014173824392e+00
2.297384999372940051e+00
2.065213110627970750e+00
2.380147792484889280e+00
2.061117754164260241e+00
2.615726132918930968e+00
2.856253797046425458e+00
2.208610221796901030e+00
2.395356232134701280e+00
2.559333350396667761e+00
2.574053534032975765e+00
2.724652985460384702e+00
2.518909962444155326e+00
2.663941034382529605e+00
2.322216881564927782e+00
2.885629290873385600e+00
2.728172794289694281e+00
2.410806766386702993e+00
2.423655907355302119e+00
2.523401008234458232e+00
3.078999355926688608e+00
2.045601490088360119e+00
2.911677651249372722e+00
2.656329111317583092e+00
2.956188938279016742e+00
2.697619134214116254e+00
2.203947258684076260e+00
2.128308771827090329e+00
2.968075589032280526e+00
2.572412005571133697e+00
2.893133339005843130e+00
2.941335652184249305e+00
2.231620337629441231e+00
2.710637062695454791e+00
2.721096264200500325e+00
2.595211418443812423e+00
3.105666772314482849e+00
2.328872583392346485e+00
2.578908647712556235e+00
2.474659989068881405e+00
2.206574631974413947e+00
2.378765100782996633e+00
2.427581023478746935e+00
2.899253838304203246e+00
2.776469017237697123e+00
2.956873119808258732e+00
2.600187727559659656e+00
2.495378898682635960e+00
3.042088380850222595e+00
2.441798549193633594e+00
2.839691764544015395e+00
2.769496171673530682e+00
2.695583963741580380e+00
2.163620246571875683e+00
2.379284674579161596e+00
2.593150684673094286e+00
2.841953041863141571e+00
2.711927389120460496e+00
1.967470994187618283e+00
2.440425107481211331e+00
2.436725196171252161e+00
2.553796667135067366e+00
2.335657786479523601e+00
3.052534295303396927e+00
2.308849229987358420e+00
2.910599597605267874e+00
2.394174280465549920e+00
2.288222992920526000e+00
2.625816632219777791e+00
2.590010528053004357e+00
1.719037171856027779e+00
2.362316910815445592e+00
1.860675708002793804e+00
2.675526867239911954e+00
2.933618232025106298e+00
2.753842167796905827e+00
2.901229189339953773e+00
3.029750699245653323e+00
2.774079586766281746e+00
2.690386523062608948e+00
2.447753850363477923e+00
2.429264479504193552e+00
2.665338056364380925e+00
2.245919241697063917e+00
2.714690523496678942e+00
2.425231688574124966e+00
2.201515136375850279e+00
2.566881453077419106e+00
2.636386272184845225e+00
3.023405246213202613e+00
2.776551493525854397e+00
2.372975011956525826e+00
2.729579369610732886e+00
2.751188081654933004e+00
2.995999368737057189e+00
2.586474803346247242e+00
2.758189505269407871e+00
2.584426540784978688e+00
2.745228823843226085e+00
2.535437524694606815e+00
2.459732051737238301e+00
2.000800701239176860e+00
2.242179639641773026e+00
2.623041428559381494e+00
3.073997163901315055e+00
2.661056493410624668e+00
1.992651033775792335e+00
2.727758404570455486e+00
1.861926687131844504e+00
2.842371436037987920e+00
2.511481807636782193e+00
2.493996382219703989e+00
2.879418232440356551e+00
2.714371747715481842e+00
2.169684117138454216e+00
2.482895262266183067e+00
2.952570161292651818e+00
3.017794571715653351e+00
2.438934705852343843e+00
2.578537791742869789e+00
2.553205688926623917e+00
2.710692822199308072e+00
3.032618117517344558e+00
2.488031577533910355e+00
2.339753742942809467e+00
2.230074747713618244e+00
3.071845340388807521e+00
2.289992897902157321e+00
3.064479669401436457e+00
2.670712049513757957e+00
1.905210178238078589e+00
1.933699414352974655e+00
2.389641310486532166e+00
1.889395566888473432e+00
2.137268285291979986e+00
2.693397633057768026e+00
2.166429777820524372e+00
1.964432594688976685e+00
2.152355526619596837e+00
2.572651466076054216e+00
2.170078169909087418e+00
2.868863594950933127e+00
2.799264910663195050e+00
2.466713123032112875e+00
2.317733842976747560e+00
2.689489801173497785e+00
3.003633902107140319e+00
2.629003671355720773e+00
2.722923197586288424e+00
2.813553932644599520e+00
2.817211389654323828e+00
2.354764112134540177e+00
2.095254309244586999e+00
2.594440707403220969e+00
2.406556015852376884e+00
2.877891378298037317e+00
2.516655172934429974e+00
2.932648915614529894e+00
2.975232565094639181e+00
2.207225463039126367e+00
2.489098933853826523e+00
2.737942569878913268e+00
2.319025257327481881e+00
2.735535904553198616e+00
2.934535194207414044e+00
2.101349896371509374e+00
2.460240058975761368e+00
2.712139063776753289e+00
2.247037638241832447e+00
2.811070011604681618e+00
2.196863485123121684e+00
2.203272202914642097e+00
2.683347926465914135e+00
2.479162992416681810e+00
2.826995172715407456e+00
2.450982209375400789e+00
2.816853120041422187e+00
2.930120362580673543e+00
2.619297419001044069e+00
2.090376388958750553e+00
2.111062079925859258e+00
1.990229420531478333e+00
2.720295868788268123e+00
2.885055810279252064e+00
2.358336805093969701e+00
2.954333850734539357e+00
2.164103182430142436e+00
2.958562530341600105e+00
2.775676060763808461e+00
2.548164332634830220e+00
2.608349314817185238e+00
2.819923613397055551e+00
1.927143430377571853e+00
2.808985873995808014e+00
3.033458365975846505e+00
2.592766285398231396e+00
2.613277451744798974e+00
2.618473171515751652e+00
2.363420301282678437e+00
2.044874180078607218e+00
2.556049501154296522e+00
2.245852989320376913e+00
2.934541345307364768e+00
2.334847848374200119e+00
2.050677675093250940e+00
2.851284153084203243e+00
2.631999429715102146e+00
2.638289949731026152e+00
2.883523637834068509e+00
2.758284381771245908e+00
2.387676732554306458e+00
2.697177663762079458e+00
3.088988322703409839e+00
2.726975025786118945e+00
2.803146939217236344e+00
2.249944006275504726e+00
2.776049751665448984e+00
2.251516401851909155e+00
3.019695275748973895e+00
2.823785637228712897e+00
2.009188433574926602e+00
1.919568562169738923e+00
2.741492770701337456e+00
2.593173586594637925e+00
2.964805988909078316e+00
2.615666658514352427e+00
2.502157933611047103e+00
2.448850807395573259e+00
2.055070647028307995e+00
2.339678287769941356e+00
2.661091852888394449e+00
2.836043151768003145e+00
2.776023590139472308e+00
2.111959509557557624e+00
2.348265504284214877e+00
2.302443773969527818e+00
2.290465900412654854e+00
2.791280847247981978e+00
1.806002595490690643e+00
2.432487153936710556e+00
2.359159714709487599e+00
2.521576121126306802e+00
2.330171788219301821e+00
2.637485962929771777e+00
2.465200119491224307e+00
2.604244021796096042e+00
2.602948172018458628e+00
2.948653672333684472e+00
2.529243448631374847e+00
3.080013216404750676e+00
2.417547177438036154e+00
2.479653749653185191e+00
2.147099101836853929e+00
2.395026178250538429e+00
2.791520516147457887e+00
3.023663320884105943e+00
2.476497827347564851e+00
2.516975318094276659e+00
3.058869210500091640e+00
2.516485094241472709e+00
2.785425264354660424e+00
2.921452920258483132e+00
2.505068585101171141e+00
2.542985030647837874e+00
2.384596371990987951e+00
1.996653614838967528e+00
1.981966954171990425e+00
2.563530170895448101e+00
2.428402262689310476e+00
2.233034417459833332e+00
2.357168014099940478e+00
2.648203332978993352e+00
2.311868819265860076e+00
2.612458486531900270e+00
2.387103697979674699e+00
2.858476841243770217e+00
2.244970270940292334e+00
2.117753401952545467e+00
2.872770711363525464e+00
2.493187578431292906e+00
2.286193047917762122e+00
2.139875057357992993e+00
2.927353619948786623e+00
2.632806989302424405e+00
2.564913262455936760e+00
2.448864450799091763e+00
2.995917825533272350e+00
2.167817679484525861e+00
2.797056416590271155e+00
2.393084350313052333e+00
2.957064199532965620e+00
2.874860404639306033e+00
2.123995081654658001e+00
2.887896937020399069e+00
2.273311236012513614e+00
2.137098494862266218e+00
2.306939937484567160e+00
2.028898506501676469e+00
2.440113509767944056e+00
2.413272679572122659e+00
2.584748506093918152e+00
2.356053595527417777e+00
2.295840634621480802e+00
2.498520015054207732e+00
2.292389312891206732e+00
2.427255874447768136e+00
2.428658094310960358e+00
2.351819603917635781e+00
2.946261097102170545e+00
2.566874702475196557e+00
2.178392014572514856e+00
2.559167358947404658e+00
2.492823905799809392e+00
2.598002127561298558e+00
2.188414267891251708e+00
2.664902470831262526e+00
2.282184933328532672e+00
2.863459003109206424e+00
2.351792825524689157e+00
3.073561359135048576e+00
2.695653863129503058e+00
2.645979295044718960e+00
2.747780195085195665e+00
2.704999836572306027e+00
2.761878475962215695e+00
2.704006874090118195e+00
2.779553554443748187e+00
2.216616674833399081e+00
2.545429916021836547e+00
2.613188548050975335e+00
2.862357670879834615e+00
2.737674591602904162e+00
2.086086145496540034e+00
2.579394291749288026e+00
2.743613633026401377e+00
2.344293767216473867e+00
3.027723288403953550e+00
2.530633040497251240e+00
2.795459279689321175e+00
2.534804401511371985e+00
2.513625070198131528e+00
3.077888777389664376e+00
2.339487439458818763e+00
2.512714530855382655e+00
2.373213010660853328e+00
2.877957017186946853e+00
2.534674109954001331e+00
2.378473039632676311e+00
2.824751066627096296e+00
2.721603812755047258e+00
2.627402578498527319e+00
2.771753491161102367e+00
2.529920269266494159e+00
2.988459940985252139e+00
3.019443929573137009e+00
2.836550488645602996e+00
2.696915893899876959e+00
2.453212907680970112e+00
2.350695741440896658e+00
2.294148834840868290e+00
2.821065627497739925e+00
3.128499006738672428e+00
2.583401182332692336e+00
2.143153170035982491e+00
2.405927679418713439e+00
2.566496498551391170e+00
2.453930547195386502e+00
2.884264491216931958e+00
2.633056733178321007e+00
2.033971872516020518e+00
2.652848308706406311e+00
2.281583963654267411e+00
2.412014022302988003e+00
2.841751719249340447e+00
2.758191040166819263e+00
2.675321182055141023e+00
2.292749860953145369e+00
2.838588431960054947e+00
2.887000949277414019e+00
2.320269821010970013e+00
2.121580307347898042e+00
2.898772172863039565e+00
3.072559105936099488e+00
2.458818309620467879e+00
2.474455188261234895e+00
2.962055133372516025e+00
2.453431842393783313e+00
2.683597162756617749e+00
2.050838092670889790e+00
2.841789966836685277e+00
2.656695499776128955e+00
2.957076918639260921e+00
2.940820460346182053e+00
2.570487842719114902e+00
2.975836960454212754e+00
2.946581319965535517e+00
2.610018326984592019e+00
2.669275154499003211e+00
2.621540809621258461e+00
2.873652167208503805e+00
2.939224123284245760e+00
2.364135566628013940e+00
2.639295176167761436e+00
2.808785848909566507e+00
2.919158213921110079e+00
2.694735121544268086e+00
2.693644528132427496e+00
2.717522859776163813e+00
2.747273597372087650e+00
2.775680916558569855e+00
2.236674637621682837e+00
2.410556365391998135e+00
2.157676506720668907e+00
2.575527884631437558e+00
2.525391739376110500e+00
2.109109610286089342e+00
2.542258797289117300e+00
2.627926593670917299e+00
2.619905758336307677e+00
2.928540380343222171e+00
2.622069531786022090e+00
2.697022713247222203e+00
3.078700881354569319e+00
2.882727136350693442e+00
2.910498218274559346e+00
2.983473604548026792e+00
2.862308972352165970e+00
2.302471081021337795e+00
2.696019468621150494e+00
2.933578007508410579e+00
3.032743528559685764e+00
2.582432423388735465e+00
3.021021526737892149e+00
2.634926809447319496e+00
2.065366191599719237e+00
2.171948293959761855e+00
2.610382550066159268e+00
2.700159706569757567e+00
2.701125866817377208e+00
3.033093170972985586e+00
2.549948368922219988e+00
2.964213575215465912e+00
2.745593470095643696e+00
2.412881696645155838e+00
2.298084425994926683e+00
2.554375090530363046e+00
2.434320426056677089e+00
2.505944425683117593e+00
2.925843689112796575e+00
2.870621916299056497e+00
2.496015873428659049e+00
2.306977384795664943e+00
1.897492506829246972e+00
2.230867405323821551e+00
2.786170263424561533e+00
2.681780333422461027e+00
2.508605263434233734e+00
2.805804896176678387e+00
2.919193134609906704e+00
2.360531326468321200e+00
2.781963925640611457e+00
2.549636641158552930e+00
2.292987615861631134e+00
2.754443352187275096e+00
2.576869545930523309e+00
2.961180212992592597e+00
2.217897103891906863e+00
2.988193441680257134e+00
2.329325399923972029e+00
2.856611984443821139e+00
2.908587895721422623e+00
2.888931650334662926e+00
3.049874854826724047e+00
2.213700507858438193e+00
2.513191704423694439e+00
2.644282774908665257e+00
2.175094662283070690e+00
2.745402969012696204e+00
2.393319525963827132e+00
2.751924606752941926e+00
2.273039319528884494e+00
2.243108133934014869e+00
3.052021307955957052e+00
2.420939218637594870e+00
2.232897184409559976e+00
2.758631371918002007e+00
2.130022342499930943e+00
2.734041850032193466e+00
2.867585279717348001e+00
2.498110062918002860e+00
2.816070656815278461e+00
2.698707701783655821e+00
2.524937533322232142e+00
2.784543236788801224e+00
2.625421052720064985e+00
2.671342792205792183e+00
2.748121991291406996e+00
2.431619556683963346e+00
2.953254397745767257e+00
2.179086167735772239e+00
2.353520010345577340e+00
2.700632179294765400e+00
2.731185436390523247e+00
3.026468114791585950e+00
2.009379857307681316e+00
2.687050694135152629e+00
2.809417685513240226e+00
2.199596824279635765e+00
2.924828536894611641e+00
2.736870196026883306e+00
2.666987810785813373e+00
2.740497973599677284e+00
2.894245646411420569e+00
2.939659670119985080e+00
2.945086566573787312e+00
2.589131547984748316e+00
3.088806666003143242e+00
2.929924126735440559e+00
2.359473273572125329e+00
2.551641721291768139e+00
2.453552685919004883e+00
2.755152200618899094e+00
2.336666034503148026e+00
2.641708722779583240e+00
2.761711509342067217e+00
2.642608608474075638e+00
2.643344699510448592e+00
2.754839503210246399e+00
2.459465935429440808e+00
2.384990775179694378e+00
2.575108992629683069e+00
2.637713669038994624e+00
2.294857160439057076e+00
2.484105777841427276e+00
2.126405619829340843e+00
2.881220682151617751e+00
2.532225686231439621e+00
2.591065260369981527e+00
2.402547083852475840e+00
1.966626952317666488e+00
2.460858361685553053e+00
1.785379126407384609e+00
2.928629586607982116e+00
2.629815398909813862e+00
2.463091002998062162e+00
2.134024250960375735e+00
2.568621322908557048e+00
2.563648835790633740e+00
2.376149549934933436e+00
2.719857182942725160e+00
2.638581959965319079e+00
2.788725235137496039e+00
2.674715793455500812e+00
2.605280028167646034e+00
2.488551605196795080e+00
2.287561159037457159e+00
2.994682785200959874e+00
2.415235644585391750e+00
2.487465579108570246e+00
3.025584882567347034e+00
2.556216886906964803e+00
2.762431790711926460e+00
2.751683901652868691e+00
2.694009379076680144e+00
2.235737570985957934e+00
2.710889014716875600e+00
2.517097379957232040e+00
2.472507762706580792e+00
2.592257787710985362e+00
2.506854872629224573e+00
2.584689693494267804e+00
2.128737624953705776e+00
2.239786334190235983e+00
2.531796169798576912e+00
2.889564829335657503e+00
1.970429190678297582e+00
2.660864395341135502e+00
2.823510566672999822e+00
3.043347738320326457e+00
2.169553903318648835e+00
2.206589968167666616e+00
2.972294394627574388e+00
2.217750140070273268e+00
2.262314414418465258e+00
2.924497705586203811e+00
2.465549856211595170e+00
2.586638371427292693e+00
2.819722071120671636e+00
2.468032876208940962e+00
3.040154303066668007e+00
3.097337772680538670e+00
2.512320764045290922e+00
2.477469102879377161e+00
3.033385039633915259e+00
2.825340745048624314e+00
2.679887262406838389e+00
2.791008581706273528e+00
2.333025564526951534e+00
2.234711712210854184e+00
2.488483997854012753e+00
2.505514796922013954e+00
2.230187003394858980e+00
2.066005774140704077e+00
2.431236084606587688e+00
2.706454553976514354e+00
2.780012460029948951e+00
2.449006731548798221e+00
2.844943885647451154e+00
2.825922127432256126e+00
2.667767249486206804e+00
2.088791393019881149e+00
2.674472371916112756e+00
2.992793010038967694e+00
2.198581047431523494e+00
2.861754342762493408e+00
2.946770095900450137e+00
2.540697780511000037e+00
1.954814509606828787e+00
2.258990492045720888e+00
2.260637994671725881e+00
2.105893345321632637e+00
2.984254300550165162e+00
2.758600244505710286e+00
2.857315389174144293e+00
2.732676755419307213e+00
2.579194789801943166e+00
2.629611923583055066e+00
2.869270631985884723e+00
2.132561508535465222e+00
2.666432421144353970e+00
2.140693908288556102e+00
2.679207279270599429e+00
2.945535818330470512e+00
2.474687347608064414e+00
2.812946116605945956e+00
2.727982411124553863e+00
2.806511748104044468e+00
2.780349910708675765e+00
2.649438765463484113e+00
2.675332923614882397e+00
2.500805258843441514e+00
2.608111717979783695e+00
2.726031411380792413e+00
2.309026925787684092e+00
2.925214923816691570e+00
2.051563121023731284e+00
2.476387155020953301e+00
2.585806897804469262e+00
2.958385215768641441e+00
2.751440712318892423e+00
2.936900232467026139e+00
2.367287647586804322e+00
2.575880633124457031e+00
2.714696890624634040e+00
2.490651754459455969e+00
2.935222121945378682e+00
2.526421808665251234e+00
2.180173107062927329e+00
2.471902621579423975e+00
2.384415587539578940e+00
2.527452557753935292e+00
2.819985806250666194e+00
2.479330896077174273e+00
2.753234524126835669e+00
2.940072780089748150e+00
2.463518401160837090e+00
2.761896748905466215e+00
2.903023785615385322e+00
2.739931417219104937e+00
1.996507795774869587e+00
2.789452437805787000e+00
2.169199435715515101e+00
2.813100233580934528e+00
2.294636486463887515e+00
2.221515002452742582e+00
2.516115404280863999e+00
2.719652941555991355e+00
2.702786203161602785e+00
2.893414891392401600e+00
2.906470719620513954e+00
2.430731613650898737e+00
2.790584905705153496e+00
2.307974788474575156e+00
2.731059683042562636e+00
2.967329473381879801e+00
2.492347214191532601e+00
2.568301198939662022e+00
2.698757636296967188e+00
2.744897862530827126e+00
2.318552632473061870e+00
2.706282411695648982e+00
2.623487559743001629e+00
2.851778229496249484e+00
2.847584545688215840e+00
2.108976503370083133e+00
2.348133193813345621e+00
2.485733446024616988e+00
2.714706588990158043e+00
2.680883498126019227e+00
2.634266045378897747e+00
2.347577282303227708e+00
2.803286673745856827e+00
2.504179734033077143e+00
2.489815433140587952e+00
2.267100631987092996e+00
2.912391359969277893e+00
2.466243451360798034e+00
2.544135123105412788e+00
2.525281219064644311e+00
2.853934989997649829e+00
2.662775007894282897e+00
2.854628210204968042e+00
2.419144705787320770e+00
2.937473434530258665e+00
2.650885424664676471e+00
2.630790387795718388e+00
2.356432871627686332e+00
2.512513460703710066e+00
2.442336142481404515e+00
2.641383319507951910e+00
2.597610019620688604e+00
2.824233720328529706e+00
2.776344472839775257e+00
2.545971114581099926e+00
2.233251731981779731e+00
2.875526521488414922e+00
2.644289150670330990e+00
2.489320123673807394e+00
2.977257062884881122e+00
2.254296772756878564e+00
2.470754863152904601e+00
2.606600661900248195e+00
2.667664808351361216e+00
2.544726699556192351e+00
2.758018703181871700e+00
2.572966193079198050e+00
1.673199013664365298e+00
2.505568516990877015e+00
2.511201729445589059e+00
2.008464650294131904e+00
2.292648709570841881e+00
2.855456106191431864e+00
2.918761263381062232e+00
1.963353105632643425e+00
2.921275467484096833e+00
2.192813257140652450e+00
2.793960734386558897e+00
2.601334845260664608e+00
3.087374728708922600e+00
2.301081827869861485e+00
2.672593509095954278e+00
2.750180441980667911e+00
2.576800371711673421e+00
3.079861700360401411e+00
2.917843994933910334e+00
2.780880807706976210e+00
1.809792159962597680e+00
2.453762813964373013e+00
2.953308839430764721e+00
2.978433676873729397e+00
2.851380015566048254e+00
2.453315197504932321e+00
2.891831963511097392e+00
2.727939567016437028e+00
2.497694408395640941e+00
2.365791471233068766e+00
2.730486338193172990e+00
2.787084067890463146e+00
2.772685032656173831e+00
2.878063812411540301e+00
2.511876930961848053e+00
2.420785114201157384e+00
2.464451540823458409e+00
2.481388740290414674e+00
2.648932826466117607e+00
2.563632429586732542e+00
2.804579442191346139e+00
1.940728152236220527e+00
2.907577405249794467e+00
2.787218973871223859e+00
2.218810029100092063e+00
2.668465673678181105e+00
2.500054712489254261e+00
2.748787344937197119e+00
2.196824262670820094e+00
2.370183750579860416e+00
1.786130398411631681e+00
2.431750901356054761e+00
2.442785026297393358e+00
2.489769456095271671e+00
2.777757751857445445e+00
2.738399119811100402e+00
2.551719922886821479e+00
2.194324852298024098e+00
2.937034372939300031e+00
2.481253900320913530e+00
2.777462178664204195e+00
2.651843412695067403e+00
2.584173749633725148e+00
2.736131031846022577e+00
2.984717656455433854e+00
2.561525112893231260e+00
2.723988253357196854e+00
2.423996916704648008e+00
2.354037203156754021e+00
2.467363140976040814e+00
2.618509192858994972e+00
2.357425027753452529e+00
3.068418883321407886e+00
2.795217747993637758e+00
2.863341727644163726e+00
2.902607358315319352e+00
2.625348401329250958e+00
2.798936861036468216e+00
2.517348248327620830e+00
2.614685629706200665e+00
2.293739521613018972e+00
2.389586114817590534e+00
2.872622354669718714e+00
2.390702939562444840e+00
2.316668310517652873e+00
1.990730513440716276e+00
2.057342289850391914e+00
3.007597710662687884e+00
2.415570613593803095e+00
2.979255111827575853e+00
2.628596772169613516e+00
2.897375850809955189e+00
2.250692796349481384e+00
2.494730784365715159e+00
2.536897735682514199e+00
2.538867240587668661e+00
2.587431025489186354e+00
2.701428592071175583e+00
2.938674357393981751e+00
2.590446474281607347e+00
2.266742910548917855e+00
3.099323103216834685e+00
2.398994525677526912e+00
2.611164436430386537e+00
2.913315758317801318e+00
2.896101342195631645e+00
2.674952514456475416e+00
1.748582776657133353e+00
2.569191058064566047e+00
2.267497731203926392e+00
2.039864472970104536e+00
2.691850211196558540e+00
2.604090105859524940e+00
2.958440867043335309e+00
2.828994194630260584e+00
3.003109679091429562e+00
2.616498608660452696e+00
2.619330705902024992e+00
2.584085544293820202e+00
2.457322344599037756e+00
2.284918389842260478e+00
2.198831912085803530e+00
2.509118422429760908e+00
2.088767548291303289e+00
2.284685332251620071e+00
2.196819332348848963e+00
2.152397706206418793e+00
2.192520370715338007e+00
2.782925429229117675e+00
2.796593865757487141e+00
1.997363031488979201e+00
2.698286681505941864e+00
2.453201276847015500e+00
2.979790781990023785e+00
2.908826478520959657e+00
2.499927598340453194e+00
2.747572038304446185e+00
2.608295327942502517e+00
2.313717416938165794e+00
2.966501813627863804e+00
2.917867264847826991e+00
2.769518457037213111e+00
2.214482839408792536e+00
2.159958161600390447e+00
2.081408401117808893e+00
2.609192186822044235e+00
2.424005350049445173e+00
2.176886588310201986e+00
2.032781161875086173e+00
2.711059377432605721e+00
2.794507238478252553e+00
2.677138935276833109e+00
2.264826765105062645e+00
2.475113747516898499e+00
2.695435715908200525e+00
2.674994416306848866e+00
2.291896955225730004e+00
2.622737518154829139e+00
2.514235456914374112e+00
1.926512852584225666e+00
2.626593987822269494e+00
3.107665819676176611e+00
2.867439585086260401e+00
2.139782091527342445e+00
2.905556319013878230e+00
2.452946138077089167e+00
2.405343399694303663e+00
2.074899665307244234e+00
2.269955926096852927e+00
2.240897082635230575e+00
2.908926219834529370e+00
2.510326147703893618e+00
2.657667897258553236e+00
2.738976792026676765e+00
2.698685965143238441e+00
2.193521993346489118e+00
2.296984509342623326e+00
2.462700506806935419e+00
2.458879207823278179e+00
2.685223883530065248e+00
2.621452475721009812e+00
2.414346066998255047e+00
2.623123526652611393e+00
2.093404309983937228e+00
2.831923864571841420e+00
2.271399537325942575e+00
2.755465888755801007e+00
2.722054792575258286e+00
2.789301237587215709e+00
2.626334402821794534e+00
3.112211663977252130e+00
2.481006803438439157e+00
2.948535012350545603e+00
2.823296733488263044e+00
2.709097664669444239e+00
2.947542164027418643e+00
2.020511604553197671e+00
2.501091804564552490e+00
2.394192299148295788e+00
2.601662636601439260e+00
2.783971748071524033e+00
2.019050018754851905e+00
2.101805766619262883e+00
2.930077437605407731e+00
2.796473470855861176e+00
2.510355306160286570e+00
2.471519880727098606e+00
2.381776934240967147e+00
2.214007851908121438e+00
2.179682515457906256e+00
2.544927121281498117e+00
2.594572143412654963e+00
2.640878708369961192e+00
2.147242388930277635e+00
2.973354976148380402e+00
2.322098584622876327e+00
2.341649007435967711e+00
2.266120708058067645e+00
2.978645209340903488e+00
2.832575082327467353e+00
2.704625100920622582e+00
2.453816159679945486e+00
2.818266855376891922e+00
2.451285774657385286e+00
1.738678345729213426e+00
2.840372762314055333e+00
2.905151694525088590e+00
2.897220257953954992e+00
2.794090424744235523e+00
2.123277828266182166e+00
2.631280092792282588e+00
2.996401158012107047e+00
2.914507990589663144e+00
2.302326110691109928e+00
2.342120805406708417e+00
2.554076466461524308e+00
2.209958465593853116e+00
2.314293017364604133e+00
2.506738737458889421e+00
2.473417427968828353e+00
2.090753911309328750e+00
2.664226745300342536e+00
2.060769302385105917e+00
2.620916148507580701e+00
2.559769879950551275e+00
2.665606105392912539e+00
2.339439419956959476e+00
2.680188485833976397e+00
2.650889632151558484e+00
2.722270306709773990e+00
2.591630173488360889e+00
1.836734244105654001e+00
2.376796276445785061e+00
2.315259971556482554e+00
2.709183788664942583e+00
2.495198598866297246e+00
2.428240523903115289e+00
2.653562613196584152e+00
2.592588539715080742e+00
2.584892027939274417e+00
2.315476334813453718e+00
2.432493415198201170e+00
2.753535484709088710e+00
2.508422454472072793e+00
2.826891472218276746e+00
2.435455923544318946e+00
2.393927619452972611e+00
2.871676565033551398e+00
2.920364544481102609e+00
2.571737941433718255e+00
2.654259158443844413e+00
2.527468148173228624e+00
2.417219681998882486e+00
2.740755067900853881e+00
2.141378901345090568e+00
2.256233588794144040e+00
2.620247898724066715e+00
2.648029756385144040e+00
2.119556533540627896e+00
2.145432597584722156e+00
2.566488945609425532e+00
2.805069669991593795e+00
2.377461623092069765e+00
2.061921502953950824e+00
2.756968039025086803e+00
2.752457752748758590e+00
2.551189477130801020e+00
2.047648149021974451e+00
2.479262795844468847e+00
2.511443633183414015e+00
2.619029082165837519e+00
2.854744291337641293e+00
2.545201921092213659e+00
2.679284257903114863e+00
2.575928954062868037e+00
2.378475686097194952e+00
2.429048216015769590e+00
2.374895168027549186e+00
2.312589781492974339e+00
3.026353870264335555e+00
2.989446526739659493e+00
2.585907526867625261e+00
2.458040214844422255e+00
2.680261449030337584e+00
2.859602206603693908e+00
2.331547994968631077e+00
2.322277209383137198e+00
2.200291997925231335e+00
2.877771974601907257e+00
2.607349858357145944e+00
2.440094962454493643e+00
2.288179633521826961e+00
2.249979351448762710e+00
2.316918725681176294e+00
2.666833619841331604e+00
2.288174427481056039e+00
2.875288684870763056e+00
2.400043971959598288e+00
2.446938533834578156e+00
2.401338730349205086e+00
2.516361909738724201e+00
2.082168373488614499e+00
2.571865504225412380e+00
2.495527418980068468e+00
2.438817630448612217e+00
2.724949477844519130e+00
2.068873681760613259e+00
2.901322308824091589e+00
2.757792556276705387e+00
2.615956546119107884e+00
2.575189843260715872e+00
2.254546966607694714e+00
2.454158469830241884e+00
2.443284445542531103e+00
2.867239144670038264e+00
2.797203416611035554e+00
2.704995777985232053e+00
2.671728472499902640e+00
2.363936274550942240e+00
2.338701125918587032e+00
2.493970899324024604e+00
2.490576202834077435e+00
2.452997486968002683e+00
2.577927156443309720e+00
2.865088255393776429e+00
2.644343741904647160e+00
2.879370131399265453e+00
2.949475766124857845e+00
2.546445330549898411e+00
3.004372049237687303e+00
2.860930902807575116e+00
2.409777048327511384e+00
2.862897819534833133e+00
2.761474830260224778e+00
2.890130199843564895e+00
2.928120338769071740e+00
2.157667407941233240e+00
2.603694636682064356e+00
2.323399068502363107e+00
2.423742429900293427e+00
2.447351492476832924e+00
2.269123166869936536e+00
2.102441890884266584e+00
2.640208333537390040e+00
2.692244749300869433e+00
2.342813041578541533e+00
2.981246893361202854e+00
2.697670716685825809e+00
2.461302829683328142e+00
2.527098256976698210e+00
2.513094761607439054e+00
2.325426735441676662e+00
2.862860952008598581e+00
2.930539915726487532e+00
2.512105299551646187e+00
2.566034145653112386e+00
2.467391588738803154e+00
2.047749885784529766e+00
2.983901037224513164e+00
2.776905229226991789e+00
2.661687515226761391e+00
2.481660620825854480e+00
2.568579876006827245e+00
2.408922738338937108e+00
2.687264775178774379e+00
2.503502306177892489e+00
2.629068760610492994e+00
2.462463603330411033e+00
2.755936297947091163e+00
2.162914143908726938e+00
1.879198886160733606e+00
1.797975682396928399e+00
2.718105223254552172e+00
2.902106390413747405e+00
2.343189204924059688e+00
2.009920417678186855e+00
2.754187852487350430e+00
2.750821679079287208e+00
2.522291686130780253e+00
2.130888188182003873e+00
2.817609863293218275e+00
2.548885808543855713e+00
2.674186834761649312e+00
2.782905407453411417e+00
2.439401090008438189e+00
2.154476038565003471e+00
3.092003127177001875e+00
2.481843113887418628e+00
2.408599279603416576e+00
2.134497915259252920e+00
2.265638770777848254e+00
2.701241086563562988e+00
2.186583749302995816e+00
2.312788741602587184e+00
2.927446435802937952e+00
2.560305088480031799e+00
1.974939903320030554e+00
2.793180420075402015e+00
2.383755503832535094e+00
1.893831338401684494e+00
2.935610170566886890e+00
2.945877394971748053e+00
2.686888645657529384e+00
2.655266227458249695e+00
2.630355190208685467e+00
2.564666218014707066e+00
2.403574900902260225e+00
2.371705223314461097e+00
2.774700916657959038e+00
2.517681722679738776e+00
2.626118470512710523e+00
2.210351575248703515e+00
2.683256463269378944e+00
2.937034968227157705e+00
2.264512148258432944e+00
2.369431156787734416e+00
2.088136948191244624e+00
2.521156834010894077e+00
2.832902759513741930e+00
2.795972186012999572e+00
2.506803438989092303e+00
3.001353213191454206e+00
3.083485915182095471e+00
2.641863571950170186e+00
2.739606738966705368e+00
2.865129798088654756e+00
2.993799094128615668e+00
2.994098031311127617e+00
2.729653270058671755e+00
2.738222056228930779e+00
2.521576722683282146e+00
2.965518396403971302e+00
2.643276768591123371e+00
2.773748711838979197e+00
2.431264316194203801e+00
2.599090767675932057e+00
2.004870518825459413e+00
2.448317013073549653e+00
2.672884996484372166e+00
2.563950105333772100e+00
2.605223303025180126e+00
2.667029663040681342e+00
2.556620341106292216e+00
2.696339218628675649e+00
2.857152967984522896e+00
2.745465657378680202e+00
2.309098579845039634e+00
2.584486461702609095e+00
2.765236012414868050e+00
2.776763394253638495e+00
2.098256264598040488e+00
2.934564677338839633e+00
3.025952585756512381e+00
3.025598092733243760e+00
2.741389026691782416e+00
2.216348629933596825e+00
2.285331500886062628e+00
2.477640317565354966e+00
2.693301842521935274e+00
2.641939583845466011e+00
2.925610902810399594e+00
2.328588434307457877e+00
2.534914027182931129e+00
2.420392378227928631e+00
2.238967938210729702e+00
3.013340802587575418e+00
3.049137978221402534e+00
2.189533518606294749e+00
2.746752961119486525e+00
2.724713727346195213e+00
2.484962585766959275e+00
2.309732217771764073e+00
2.802254319309209318e+00
2.954508598531704777e+00
2.748219295743436597e+00
2.570735657035438493e+00
2.556415955398135154e+00
2.412477341176905821e+00
2.991896535300269999e+00
2.956662648058558496e+00
2.729943622077716459e+00
3.031047482988504349e+00
2.510327677204824859e+00
2.569651295470723795e+00
2.863825468526529860e+00
2.548520002717137967e+00
3.021119587654468308e+00
2.825034042806638723e+00
2.799652985375990610e+00
2.646933398685149541e+00
2.736804248920671867e+00
2.768343891771403165e+00
2.281419229754038547e+00
2.321390374134940870e+00
2.740467326089853550e+00
2.483138077781469555e+00
2.588705755849817880e+00
2.746991457728804598e+00
2.720710602208627371e+00
2.834680961249429032e+00
1.959517413308138334e+00
2.279019994222934553e+00
2.464759265208577244e+00
2.659262986723857303e+00
2.418573869921498698e+00
2.279805889366619986e+00
3.026202230555054218e+00
2.303691781331369537e+00
2.380264327375257505e+00
2.507684201518878275e+00
2.662524435983415483e+00
2.418023011881138995e+00
2.568091448586531378e+00
2.272100768906942125e+00
2.707532898091954188e+00
2.542600054396616738e+00
2.436314762646518695e+00
3.081324529339291463e+00
2.671761610506487639e+00
2.794868133824457423e+00
2.298828712332850799e+00
2.371689992215237019e+00
2.727478951176782296e+00
2.401187898408583266e+00
2.515613931257214553e+00
2.693737046452434392e+00
1.829702873044596556e+00
2.346848576905562034e+00
2.396145119141195323e+00
1.711557888745212086e+00
2.757759729279641636e+00
2.270836268424659909e+00
2.608859791803949335e+00
2.937184924620680704e+00
2.738872535066704916e+00
2.461672558891370599e+00
2.311051052815424889e+00
2.458105525295827043e+00
2.190060559450803801e+00
1.930810679439655786e+00
2.012269952273605611e+00
2.322983498368329069e+00
2.721671640547232762e+00
2.639504223259462545e+00
2.370024075446174550e+00
2.945088834037616454e+00
2.071779699237529915e+00
2.392074642156036379e+00
2.639354798726675888e+00
2.853427918079148640e+00
2.920444713496041178e+00
2.501799145846574923e+00
2.378755631241628699e+00
2.576720292901882203e+00
2.762556897123249922e+00
2.318689172836887469e+00
2.489091002342243453e+00
2.647486688480205075e+00
2.531731332904126663e+00
3.007600926084569082e+00
2.711706344785331346e+00
2.545354376776060690e+00
2.400059827893154640e+00
2.606378500580052826e+00
2.883628701047963094e+00
2.543274650095838307e+00
2.331503126634563827e+00
2.892660121178538102e+00
2.415126848698591733e+00
2.773470789259049329e+00
2.934533898235161420e+00
2.213313026327459632e+00
2.377282927189895645e+00
2.402919954727050111e+00
2.402748700555109806e+00
2.455846402628076852e+00
2.823892295217214521e+00
2.430744487496829809e+00
2.618114545941736537e+00
2.678310838010897754e+00
2.211297661599423314e+00
2.690550573108627663e+00
2.584221287184288673e+00
2.810242428129283265e+00
2.598090171618406607e+00
2.482687662328102896e+00
2.769029906100643590e+00
2.745934581756578563e+00
2.552117852014379906e+00
2.509955934743896222e+00
2.572777668921953698e+00
2.634998839482246780e+00
2.092264108493413488e+00
2.062055507614209304e+00
2.742563392085985985e+00
2.759981733476867483e+00
2.884058827802394198e+00
2.433878733412423667e+00
2.907418044826277637e+00
2.172934134453783805e+00
3.079524457776617208e+00
2.357904386406283415e+00
2.412286383698530656e+00
3.104498673871747272e+00
2.763628400863257006e+00
2.698338422824654081e+00
2.582481319780691287e+00
2.562827722799348784e+00
2.687585275736414925e+00
2.515534876725722846e+00
2.768599854701800922e+00
2.233553901157073085e+00
2.712004200134680687e+00
2.587606183541085514e+00
1.948459878200013096e+00
2.887933735724306672e+00
2.297044996923820470e+00
2.851460529205670280e+00
2.660067852012041101e+00
3.000758231401714049e+00
2.138093004939297437e+00
2.647382326230160565e+00
2.968566383013011567e+00
2.541802372908907870e+00
2.287568281090062605e+00
2.657352536787561448e+00
2.906785779632563127e+00
2.241661732809319574e+00
2.386386759671327518e+00
2.957409888109759244e+00
2.525984779299395910e+00
2.861894981651782022e+00
2.423638564991338118e+00
2.385743517102397959e+00
1.946640007500645364e+00
2.233240217845051667e+00
2.622265297863844324e+00
2.714927452902997196e+00
1.974926884946186512e+00
2.695758032558089656e+00
2.502243517145879448e+00
2.499370251310867097e+00
2.741150973747594310e+00
2.267238727665084053e+00
3.010185559706754610e+00
2.382982357001847795e+00
2.939157244280312220e+00
2.093709419038183306e+00
2.387932186102295073e+00
2.874953251829499568e+00
2.656481203121712653e+00
2.717450472338439837e+00
2.897138448893905593e+00
3.006921825983277063e+00
2.892338283633885343e+00
2.332904161287856493e+00
2.309745611500386708e+00
2.806201343927289038e+00
2.455404064489753679e+00
2.456712622711431315e+00
2.847893025420257018e+00
2.189111387105268314e+00
2.620088167832627324e+00
2.744268280482336841e+00
2.832978785680017264e+00
2.922999507962976029e+00
2.499476253802565218e+00
2.660550114879080219e+00
2.924173741686078021e+00
2.794652217226408997e+00
2.544325269897872666e+00
2.394027422614744882e+00
2.456535850274452315e+00
2.488650367177786649e+00
2.800206328808083622e+00
2.245252536662638576e+00
2.744152307828296777e+00
2.536297270556204797e+00
2.752118891499799602e+00
2.402939635554393494e+00
2.511039552448139922e+00
2.969162595778660041e+00
2.940585975315566980e+00
2.928656416075471114e+00
2.652240159234446004e+00
2.593724645964084807e+00
2.689418453433220613e+00
2.733360884856274708e+00
2.375091779352560106e+00
2.256371720526009650e+00
1.993443879413415276e+00
2.151186375303594023e+00
2.550608394032047421e+00
2.381203304348533223e+00
1.914559347052015692e+00
2.528799920969387660e+00
2.510767547453232051e+00
2.812740349641933868e+00
2.266055718504813576e+00
2.220881195488821014e+00
2.876603919926500108e+00
2.997785423329732524e+00
2.462096378359566629e+00
2.566950666885336130e+00
2.585280440220802500e+00
3.074472231210972684e+00
2.732776994509663382e+00
2.510447309594112664e+00
2.645815906088035963e+00
3.044752702204152950e+00
2.749542976588748910e+00
2.415917283141479910e+00
2.473388486515508689e+00
2.416983278632447885e+00
2.453668448386324918e+00
2.290220125212623081e+00
2.742128433785399722e+00
3.014181898757203104e+00
2.647347301469540337e+00
2.344890834356816889e+00
2.531559471225912183e+00
2.619257071802315373e+00
2.611302185884889493e+00
2.543033544692719250e+00
2.284418608474969137e+00
2.282998839276059400e+00
2.950362490246057678e+00
2.280223406876037640e+00
2.274811428604622598e+00
2.395251920754522867e+00
2.325890420169593575e+00
2.221389411569951289e+00
2.185861333376007742e+00
2.702965701774048046e+00
2.962574762110438797e+00
2.457243508290500866e+00
2.679838595434219872e+00
2.044316917646245457e+00
2.778705394483340640e+00
2.380280810662151580e+00
2.096952688079514626e+00
2.856949693491828146e+00
2.645250629192903435e+00
2.372762297497456263e+00
2.037248927684828015e+00
2.603109554789003965e+00
2.862695452243501304e+00
2.840514172666491532e+00
2.909015150387622040e+00
2.614928586503197039e+00
2.731430423834076748e+00
2.733242599101812331e+00
2.249587028973802028e+00
2.708923113751252831e+00
2.376162614208440882e+00
2.934544287769853543e+00
2.724277978580476045e+00
2.633954854145315494e+00
3.074156979200216799e+00
2.190898226357136824e+00
2.081711092093675664e+00
2.999908327809715392e+00
2.864784067774780674e+00
2.326425365143033996e+00
2.802359019838267074e+00
2.515554235486545664e+00
2.727481466981572567e+00
2.694359391970822415e+00
2.603827663535764891e+00
2.377557305218238159e+00
2.553781410640388660e+00
2.641194279258134436e+00
2.617295203179299534e+00
2.253991544557785609e+00
2.881400651231178500e+00
2.121039990789981289e+00
2.837661541624463268e+00
2.391987389256674312e+00
2.752267895108751805e+00
2.720596060550592554e+00
2.459114211469442424e+00
2.860970101380492014e+00
2.126594292395582286e+00
2.573021126987188101e+00
2.740804451279593490e+00
2.441961007784165805e+00
2.706118007628548039e+00
2.530017781319615189e+00
2.710014640134385200e+00
2.598798701544215994e+00
2.243194358855560289e+00
2.792562679770639988e+00
2.297019106152847989e+00
2.802710920310840237e+00
2.376498471474621788e+00
3.112083763949228032e+00
2.844617976200307208e+00
2.428204840696476019e+00
2.528399182544463386e+00
2.138779582278384161e+00
2.699268232895504216e+00
2.094632274234253799e+00
2.964203781298405893e+00
2.328927043661965346e+00
2.843100276268453630e+00
2.756611314474428642e+00
2.631662670265349391e+00
2.573425035017347096e+00
2.853130787797329759e+00
2.872344420699942447e+00
2.630324618392978486e+00
2.553764663249999067e+00
2.933274608994436594e+00
2.599911231429204772e+00
1.873826440079339628e+00
2.614825436552536519e+00
2.129178700373861588e+00
2.475782850387475253e+00
2.780059004782302168e+00
2.196984838086566860e+00
2.186095291783435535e+00
2.626421321276128040e+00
2.015822946037574059e+00
3.077266599875302600e+00
2.776372131717174785e+00
2.824140991548214519e+00
2.434396363687021836e+00
2.332247257385127170e+00
2.207522444357564506e+00
2.345892750654791747e+00
2.588322501709618528e+00
2.171165059883688020e+00
2.863211638646611767e+00
2.262167581253752058e+00
2.560937831202244386e+00
2.584727017966363949e+00
2.736496463243180521e+00
2.324575702569873670e+00
2.555846611151159742e+00
1.922139049074097272e+00
2.184296978395449340e+00
2.888636814995874325e+00
2.247523494474387373e+00
2.854472465754517074e+00
2.666547581887388940e+00
2.417342193029279329e+00
2.567598433222546994e+00
2.392457602116769610e+00
2.963675545121718713e+00
2.631279672375418599e+00
2.097131150402142374e+00
2.653171261580429707e+00
2.550963670899737412e+00
3.036377236808128099e+00
2.344807638211305889e+00
2.265093669277373323e+00
2.632365551423456740e+00
2.689621710453719228e+00
2.534659639464457825e+00
2.990054659925510450e+00
2.326338640508676558e+00
2.431700544563375921e+00
2.709738152074915529e+00
2.089923118013937930e+00
2.898122460818702173e+00
2.860936295779680449e+00
2.883823509968127308e+00
2.492188593552489895e+00
2.887735342351008150e+00
2.838968640329477822e+00
2.511886299647831500e+00
2.505571741387312645e+00
2.178320978167241240e+00
3.044398109628246196e+00
2.258193737805851864e+00
2.619193305342145450e+00
2.489407616644957244e+00
2.719868791055180868e+00
2.542312272355244485e+00
2.412585835425304026e+00
2.112949706210723200e+00
2.359055374238432812e+00
2.649092167381679630e+00
2.336197064629987885e+00
2.293241506712166533e+00
2.522624333289008369e+00
2.026286452218618805e+00
2.236961067036897788e+00
2.277871581296912584e+00
2.762907148701957638e+00
2.731911477632257945e+00
2.809027613747427043e+00
3.051332073458704830e+00
3.085150193946879060e+00
2.935321249672802058e+00
3.070440844992929019e+00
2.622416366096605778e+00
2.519093078707681954e+00
2.669081139309917639e+00
2.829757490975176815e+00
2.772360642185109914e+00
2.608435523911507126e+00
2.754087184503527741e+00
2.187493439453885191e+00
2.894940157221312926e+00
2.523887594223372055e+00
2.689269191798600023e+00
2.588478802820389113e+00
2.562591246960320035e+00
2.109550012150235521e+00
2.389969794487784682e+00
2.524792488641466548e+00
2.436165815041560379e+00
2.227426466251556381e+00
2.713447424160991606e+00
2.611612172477158822e+00
2.508409354026464477e+00
2.550766876013618845e+00
2.750367117316284915e+00
2.771017117006794983e+00
2.664280877793683722e+00
2.464641413671120329e+00
1.889165485032802794e+00
2.878258879710194229e+00
2.509704542578166553e+00
2.895796869910627347e+00
2.478022091527961379e+00
2.351613593143902836e+00
2.723155426740883733e+00
2.131825965955871816e+00
2.384989378389061887e+00
2.924672351418846628e+00
2.548343106345902331e+00
2.508056572600537937e+00
2.794616690937567149e+00
2.571888932563593855e+00
1.992959668346462099e+00
2.335790905513515980e+00
2.296072251987582469e+00
2.740882194520277260e+00
2.864666304978257916e+00
2.547526198067334047e+00
2.466537918825018938e+00
2.058470417068051006e+00
2.254422317817859955e+00
2.434971751033295551e+00
2.054992013921840943e+00
2.325291685490668669e+00
2.654664010934459917e+00
2.410049704285675887e+00
2.726281424731644698e+00
2.696948562819041495e+00
2.540669359424336804e+00
2.782629138657001011e+00
2.840142617953991255e+00
2.784723546897283519e+00
2.287257321374323915e+00
2.896291998893455233e+00
2.887698189428463014e+00
2.414387436148853538e+00
2.167050896795053028e+00
2.523032289381221815e+00
2.751447053159025380e+00
2.348879033885525214e+00
2.496596577788120275e+00
2.573171406357633639e+00
2.331318540403950035e+00
2.086367938431322067e+00
2.631976063719299486e+00
2.776529223697477455e+00
2.706061300064664277e+00
2.228754799800715780e+00
2.616188439011630340e+00
2.783345716495232658e+00
2.107758863591870035e+00
3.074764911834747316e+00
2.646957477225312161e+00
2.233790840374306974e+00
2.657650409642165368e+00
2.524132801835946349e+00
2.951511020172850941e+00
2.750883806215554284e+00
2.695777534842145773e+00
2.669779768277245502e+00
3.006389716125704048e+00
2.685854476329545992e+00
2.579609071541371090e+00
2.853325085256292581e+00
2.878651297637162543e+00
3.038411861077368492e+00
3.108340746236482044e+00
2.280689458531351299e+00
2.427357243257576513e+00
2.915297038838053467e+00
2.734111876497848925e+00
2.723394305541783744e+00
2.302053123741390372e+00
2.813988405856648001e+00
2.572197016927027402e+00
2.338153658933824097e+00
2.404221436557411273e+00
3.037889056168775248e+00
2.374039909405984083e+00
2.669595476217272001e+00
2.774399189982212466e+00
2.232855885607516022e+00
2.916343145578678353e+00
2.635825025069613581e+00
2.478670503688877869e+00
2.638327160786238856e+00
2.193579365272186443e+00
2.426555773389826864e+00
2.598467487545864429e+00
3.044527688346000627e+00
2.708629265124354646e+00
2.308121474489497782e+00
2.718451276786650883e+00
2.366333963418188802e+00
2.594463000445031753e+00
2.541808052040413823e+00
2.908633585695703072e+00
2.706532146737903322e+00
2.537268089724852071e+00
2.097812797845553856e+00
2.311249138096011624e+00
2.782205071580488465e+00
2.571740952222558274e+00
2.972709112961323452e+00
2.346460087544878004e+00
2.346104464508070198e+00
2.245009614298855816e+00
2.557043728060491183e+00
2.710332959937250319e+00
2.377684473193363957e+00
2.183026134691786080e+00
2.463996587910020519e+00
2.671151122300746472e+00
2.751659424822027411e+00
2.402146577602565891e+00
2.716507434795079057e+00
2.417443606005477363e+00
2.668786597294134477e+00
2.511238514323566040e+00
2.781132019460181848e+00
2.643887806870513835e+00
2.678171141819603918e+00
2.505563003809267109e+00
2.217007298503080648e+00
2.830480188207103343e+00
2.724607571394529693e+00
2.214496792315006513e+00
2.216073325038066422e+00
2.903637656103721820e+00
2.568123784778538088e+00
2.919471340646854873e+00
2.209287432409900109e+00
2.755671408288619784e+00
2.402872037199683231e+00
2.448762952712677521e+00
2.669340095313787575e+00
2.363793265204861438e+00
2.744540557253623447e+00
2.938866902290268257e+00
2.540929458676226105e+00
2.465620885569286269e+00
2.903022023005669361e+00
2.197942078193234394e+00
1.920569360100763401e+00
2.294344746240366995e+00
2.700809560886551886e+00
2.761315136420584793e+00
2.882040539535163148e+00
1.989438158954145885e+00
2.528992758064227964e+00
2.395353437934884422e+00
2.884437861002726144e+00
2.568520114745416194e+00
2.587027471704540282e+00
2.641264156794312257e+00
2.258365740580439596e+00
2.342608079996280956e+00
2.344122766086166543e+00
2.794166769565173070e+00
2.667768070327990237e+00
2.586642506841028144e+00
2.605738390962664575e+00
1.992758369128796669e+00
2.099473085785846127e+00
2.446860556094143657e+00
2.807612585632902835e+00
2.799185427814784077e+00
2.864420638482665371e+00
2.756335769930977619e+00
2.382532627284637883e+00
2.319778486024384190e+00
2.500129566114097646e+00
2.604382374207124595e+00
2.700127852180882027e+00
2.353791039903652571e+00
2.395787011659976873e+00
2.963769724732736588e+00
2.825541992340747655e+00
2.486091247525973991e+00
2.260474452519118493e+00
2.890274362979520006e+00
1.676223000122079476e+00
2.626812370748139447e+00
2.852747519560890233e+00
2.397731166681773995e+00
1.976466492054278490e+00
2.865847644899786051e+00
2.147850567835735802e+00
2.595068708055127793e+00
2.615234557800953930e+00
2.765016006927002667e+00
2.951135574785572313e+00
2.262120451183058378e+00
2.874484054905821484e+00
2.811104888264383650e+00
2.505548980889319211e+00
2.606161064269088889e+00
2.843402036601853311e+00
2.122136629815095432e+00
2.372718424829844963e+00
2.953118414166133299e+00
2.967087707064671953e+00
2.007503007019498575e+00
2.837319974328699868e+00
2.958809466755933482e+00
2.432257726302611278e+00
2.497145195398098760e+00
2.908105886470825130e+00
2.596399595610017208e+00
2.622517158793241876e+00
2.829607467042485780e+00
2.876719204324833523e+00
2.943367579650038479e+00
2.873174988769818139e+00
2.691340427973412552e+00
2.739599191589150884e+00
2.304012488429652450e+00
2.645341769416095890e+00
2.356297021178380025e+00
2.067223651472113399e+00
2.619300529406777933e+00
2.697317796439380189e+00
2.584020319547031708e+00
2.501395054220849623e+00
2.327924905053467164e+00
2.228032442226385967e+00
2.693624239451749780e+00
2.679794578749560063e+00
1.950262031642340688e+00
2.626457056896232878e+00
2.148452075365883118e+00
2.715062948227676465e+00
2.358715941200546506e+00
2.609656298904047489e+00
2.598325169626154008e+00
3.124740331010321448e+00
2.181879635533723771e+00
2.636797298169209824e+00
2.743652116585795664e+00
2.505022917423953555e+00
2.500431675407334353e+00
2.477807594566972860e+00
2.987908554595400279e+00
2.562394760697419116e+00
2.601070123142363411e+00
2.821453911575893425e+00
2.301230459650930982e+00
2.444802333723737675e+00
2.696496738186404230e+00
2.713141107376548788e+00
2.894613622136071207e+00
2.392379656712328995e+00
2.948740169998559590e+00
2.585592612787564359e+00
2.579787614803634277e+00
2.587589825081297867e+00
2.859196139272490722e+00
2.426578519841668058e+00
2.119832581995478193e+00
2.636190382840096991e+00
2.405748069414254342e+00
2.664331918050276915e+00
2.838765269241508626e+00
2.735219297798524796e+00
2.131843409932169919e+00
2.784200672669254306e+00
2.299283230504815201e+00
2.823928786165572635e+00
2.575598118601349462e+00
2.497114362924671482e+00
2.762679512238397805e+00
2.974960602367972662e+00
2.681364164298972064e+00
2.334676492923315472e+00
2.313927605436246537e+00
2.770420392863159886e+00
2.973662834858113779e+00
2.443226320062233281e+00
2.965041375359051656e+00
2.770223499133579903e+00
2.792427830080785878e+00
2.650953280865561812e+00
2.461429407439949202e+00
2.575902880668872186e+00
2.650783274678483181e+00
2.456623913438501727e+00
2.297618713900532406e+00
2.324419799882160298e+00
2.506844745032217325e+00
2.471284846581796035e+00
2.644651005410147082e+00
2.242436993300493953e+00
3.040921770642750488e+00
2.447785392649368674e+00
2.933303914392694445e+00
2.535007984868562492e+00
2.249424177205219699e+00
3.059428086055373086e+00
2.118901879640046282e+00
2.468275117328626145e+00
2.424760979504063663e+00
3.032917338612192815e+00
2.560096679986217705e+00
2.599248488478451247e+00
2.625880668056940870e+00
2.856025665976955619e+00
2.189222515711725325e+00
2.447243230264516622e+00
2.645271128235267444e+00
1.884396452326527971e+00
2.558954800589309464e+00
2.558725945389203726e+00
2.647200471645350106e+00
1.991690519873045906e+00
2.746341417108637550e+00
2.455689752836072604e+00
2.758649882317233182e+00
2.837421363875678448e+00
2.836620688899989418e+00
2.460681558217898690e+00
1.981516797213441761e+00
2.256432210111457337e+00
2.144283081247067457e+00
2.450519065657428275e+00
2.541257155913113408e+00
2.642922888099314971e+00
2.406322110655668922e+00
2.921310757087239640e+00
2.882744104693234721e+00
2.447825965448696017e+00
2.399344385830435744e+00
2.445454850034894267e+00
2.419849448543486492e+00
2.757801152505600761e+00
2.606352202897406212e+00
2.149680511956572282e+00
2.515681579032523096e+00
2.695892619274966151e+00
2.914512957180396491e+00
2.338245350378494791e+00
2.426607197511424729e+00
2.309697705771626808e+00
2.794121302186121536e+00
2.755718217042007367e+00
2.432327571426245783e+00
2.769409378784822628e+00
2.201922804078551010e+00
2.594424658390868998e+00
2.685466771918175954e+00
2.164610121595492487e+00
2.877923676784381879e+00
2.608836603303468671e+00
2.229116843800574621e+00
2.696749746046801288e+00
2.175001788569947081e+00
2.606824140014611935e+00
2.790790561891226762e+00
2.930478130786790203e+00
2.455344873535321604e+00
2.389958349910114688e+00
2.153985753565122341e+00
2.652900864181168661e+00
2.347604541457995353e+00
1.769862898901670034e+00
2.402664518364528767e+00
2.566649615229113834e+00
2.767801531576341567e+00
2.800899234522261860e+00
2.863598757779433068e+00
3.080195395850189310e+00
2.375391719558210823e+00
2.551051343946856953e+00
2.336282436526893047e+00
2.022253167657990680e+00
2.825991777609631050e+00
2.262976177223805507e+00
2.397019898584703324e+00
2.159747191333693195e+00
2.858133218688097887e+00
2.347146129034471951e+00
2.219740889276419438e+00
2.128935289168299771e+00
2.445101644108177208e+00
2.812661284311404053e+00
2.594181929260995112e+00
2.032912916899151767e+00
2.617535296286796154e+00
2.094028601399594791e+00
2.462437353441344179e+00
2.465608328028547458e+00
2.792961502029964294e+00
2.762892846033708771e+00
2.267673543039327111e+00
2.462262244242785503e+00
2.893165956138080919e+00
2.572242651416125625e+00
2.433762312388638271e+00
2.621275975386258228e+00
2.494003407563510688e+00
2.874730055754345148e+00
2.768867405847569962e+00
2.194941362562386811e+00
2.204907649391590674e+00
2.329649774476206581e+00
2.283387464990136451e+00
2.253030668232003819e+00
2.600034497700828950e+00
2.559456435440817135e+00
2.759671529854810679e+00
2.230563615553961210e+00
2.621422432093206911e+00
2.746651052125685499e+00
2.703986256316984971e+00
2.385489652716876741e+00
2.673162686874077210e+00
2.603505696093920019e+00
2.890608000498031238e+00
2.565573059727408456e+00
2.791570336553284459e+00
2.007527165661302959e+00
2.551724739988698420e+00
2.647523154216099073e+00
2.510463507279230733e+00
2.467560300032349829e+00
2.287027019073304857e+00
2.475221304583064441e+00
2.550557209004209902e+00
2.561642734212159933e+00
2.560506678001940095e+00
2.821810538353549447e+00
2.902625425284886873e+00
2.872395307534318043e+00
2.519296355865098036e+00
2.249422090833646415e+00
2.474357747324014589e+00
2.596342456970625268e+00
2.765055645756621772e+00
2.637043125284128209e+00
2.508556487539108648e+00
2.009781440676537301e+00
2.524073512237333006e+00
2.076365931084558802e+00
3.013389130415385253e+00
2.431678263857153688e+00
3.043478546308651111e+00
2.342635400123521450e+00
2.263340016559790335e+00
2.556109821569230611e+00
2.796516827633873881e+00
2.813210224893057276e+00
2.470216686132697959e+00
3.043306032551023055e+00
2.170522838061264448e+00
2.834398901542366733e+00
2.970154957802272122e+00
2.867864480988395748e+00
2.586707324206412473e+00
2.874919448128676169e+00
1.812692394734144230e+00
2.332926460729116691e+00
2.897179036685287645e+00
2.619841843088408950e+00
2.964855543607685107e+00
2.577912756107676007e+00
3.003305501838548608e+00
2.350694847056207681e+00
2.130891843321483847e+00
2.461228554757088016e+00
2.631800634753228785e+00
2.974396488627677471e+00
2.594264221341481491e+00
2.490506333497280789e+00
2.282385159719417800e+00
2.716505433650414858e+00
1.768132146037626251e+00
2.599075448669696087e+00
2.760908887799390143e+00
2.277419917855567189e+00
2.229253111661660736e+00
2.562649904893124386e+00
2.334788374434412894e+00
2.866540660029161192e+00
2.660427526780869911e+00
1.864794784002628880e+00
2.605661467618317850e+00
2.683328065394991135e+00
2.536410926300595392e+00
2.653569162473838006e+00
2.008288288629932250e+00
2.743852459417707390e+00
2.787414658573747150e+00
2.908868320332167912e+00
2.430232511447679045e+00
2.555596365465878872e+00
2.792675872466141129e+00
2.688529388639035123e+00
2.769588268563266009e+00
2.590326450766811561e+00
2.404768523873594965e+00
3.005857827941075033e+00
2.652256221521622770e+00
2.889907584459970646e+00
2.534804244318650035e+00
2.649749991949867933e+00
2.437849714401293166e+00
2.731853790989426933e+00
2.490742540200852062e+00
2.195332144271470831e+00
2.596177977190360142e+00
2.668135752815786965e+00
2.345933686519793060e+00
2.340711940461629226e+00
2.488300967037886835e+00
2.646194083507855677e+00
2.450034056459861720e+00
2.760515193885357821e+00
2.565435240146452855e+00
3.042221257881509100e+00
2.616093550595548933e+00
2.312686411416626786e+00
2.732000119333436672e+00
2.312922242153072183e+00
2.541243735367753942e+00
3.113865125026329395e+00
2.815315361040529929e+00
2.404122073399837412e+00
2.723797682704651724e+00
2.590485922826387011e+00
2.625464698061661828e+00
2.652731826410141824e+00
2.332981916023742830e+00
3.048433976492624708e+00
2.481957906496597754e+00
3.049910999309281223e+00
2.969860574646195683e+00
2.715732607039861524e+00
2.240659480350235100e+00
1.881598464968314177e+00
2.959362711605735718e+00
2.586406483382164723e+00
2.493133355957366071e+00
2.877793554136333753e+00
2.859274543817664771e+00
2.508809565103310213e+00
2.558594879795194732e+00
2.154919490072691346e+00
2.462822322887212145e+00
2.499621492786075816e+00
2.877676140157050089e+00
2.629060871281114764e+00
2.855569167974237654e+00
2.175064951652345258e+00
1.988874679344786678e+00
2.747480286311704489e+00
2.942702206846347313e+00
2.537750183525991687e+00
2.768970848549335173e+00
2.518833657700994877e+00
2.735433303097503988e+00
2.147827852212572886e+00
2.762602432625144822e+00
2.720305275359222730e+00
2.439467342203448297e+00
2.650259667875264569e+00
2.492339289890004306e+00
2.722971561685428643e+00
2.423558065458444766e+00
2.193755412037893926e+00
2.687003004120297689e+00
2.299144116775053703e+00
2.555508276198633855e+00
2.621228028035483160e+00
2.433266964752068162e+00
2.358744871910105623e+00
2.333429807919118026e+00
2.738933589535589075e+00
2.653642437447751412e+00
2.599451382757482776e+00
2.843987458303043336e+00
2.912687663845521246e+00
2.885077850325334925e+00
2.359767948957787631e+00
3.017962414593024612e+00
2.921842655557648882e+00
2.828923095652148945e+00
3.078596915562930025e+00
2.804910464564669859e+00
2.606084475204893725e+00
2.124644681040543048e+00
2.489891371519984631e+00
2.414520331227381966e+00
2.870279742770906140e+00
2.004851722398063529e+00
2.552565178106488197e+00
2.778562517352489269e+00
2.463748139362189615e+00
2.449167336377629844e+00
2.514925896028818997e+00
2.352718093285274481e+00
2.239861291547459388e+00
1.898902226106350621e+00
1.970856305258606334e+00
2.495164472406343759e+00
2.636406475621418721e+00
2.217337258876011852e+00
2.445282008665323303e+00
2.237520739194827080e+00
2.326703234151899835e+00
2.845942520313277324e+00
2.033454121174665730e+00
2.451305346037500055e+00
2.647561042532757813e+00
2.791803218151105437e+00
2.837989397378615664e+00
2.758626390303026810e+00
2.364508672300302372e+00
2.978976957942493176e+00
2.755489273272377027e+00
2.634457793652273949e+00
2.384442655535313094e+00
2.021232535643441075e+00
2.936565726355497397e+00
2.050700727687504443e+00
2.843377297133225845e+00
2.644677946919814282e+00
2.671077939517251476e+00
2.370191629482809148e+00
3.016897815092397295e+00
2.374768941132987976e+00
2.789521445888573759e+00
2.579340814993990705e+00
2.444916588578390115e+00
2.744198665286756711e+00
2.026763922381166427e+00
2.094998717627523099e+00
3.052982285263556417e+00
2.815925239327431218e+00
2.449765240974805636e+00
2.397140978923820942e+00
1.999054772548601866e+00
2.658162492211709527e+00
2.328017180823243049e+00
2.355658897210602731e+00
2.629742196432695689e+00
2.403525105121250505e+00
1.969435863697446276e+00
2.583004571233456836e+00
2.311212279633974465e+00
2.366663003840432378e+00
2.767400541140417225e+00
2.908316005042454133e+00
2.223359584747274464e+00
2.150267747903304105e+00
2.968499196071584745e+00
2.478772924362827812e+00
2.231152026456417303e+00
2.788612657767051584e+00
2.337278781954644558e+00
2.464233527625571352e+00
2.417803582191020872e+00
2.594613355361924611e+00
2.007830807302876330e+00
2.407760398673961078e+00
2.578056024922185774e+00
2.852221989421501291e+00
2.539053919721217856e+00
2.545392868043083290e+00
3.008272036362515500e+00
2.879596717318495536e+00
2.359622783331576379e+00
2.878688035260887901e+00
2.430052351365041829e+00
2.369901830480005245e+00
2.249649100681794245e+00
2.073322768882616352e+00
2.197278862449126624e+00
1.788721067813555887e+00
2.977800280602636462e+00
2.788487092097511777e+00
2.298416830427504554e+00
2.376958007623390934e+00
2.861454550647026807e+00
2.837123916973897764e+00
2.294919875499612516e+00
2.535067706256215470e+00
2.619101143078105487e+00
2.122939228039763648e+00
2.562333094345216722e+00
2.572887670422137507e+00
2.819532040930045724e+00
2.624625123038854202e+00
2.519272753839466361e+00
3.008432955187052560e+00
2.545949374739064908e+00
3.021727902352579598e+00
2.882429650508121277e+00
2.817476183095081410e+00
2.960358746096503513e+00
2.225654229457554756e+00
2.318825974100388709e+00
2.902756933534163863e+00
2.499316472129924804e+00
2.833267078016111107e+00
2.737035988281201426e+00
3.052447720817247578e+00
2.511622752014307736e+00
2.882767110699485436e+00
2.566247793445540992e+00
2.587728782231290214e+00
2.014305240765875027e+00
2.723860226201473278e+00
2.910490873850162696e+00
2.420876851863402290e+00
2.303565991115819500e+00
1.959421648133812033e+00
1.954814174212743172e+00
2.792047362029929758e+00
2.967416682218120272e+00
2.199214763793159388e+00
2.660317505988652798e+00
1.977297788427930803e+00
2.391196166484394592e+00
2.740256850552976076e+00
2.870856862508273544e+00
2.762034040431519788e+00
2.064957750837137063e+00
2.793477166694451785e+00
2.679161299208952407e+00
2.317832505563121259e+00
2.703028893694035872e+00
2.901130466770807992e+00
2.712853409018852968e+00
2.545895206026086655e+00
2.722051404698011101e+00
3.082362809514992641e+00
2.197926998743326532e+00
2.073185107655662662e+00
2.167909127785341727e+00
3.001172321339721449e+00
2.497846936759958503e+00
2.233888234994247934e+00
2.840779083847712272e+00
2.373474006288737836e+00
2.446851073956382905e+00
2.003290090149528524e+00
2.282859264655359155e+00
3.030471508350880860e+00
2.329294138284649485e+00
2.650648237963219245e+00
2.179113638654526230e+00
2.638268521240311859e+00
2.550845215161817059e+00
2.549349763622156484e+00
2.983095089916159459e+00
2.772261261194787441e+00
2.586197533492169853e+00
2.909685255534304460e+00
2.256015300104471599e+00
2.035730269016869265e+00
2.562539862616640463e+00
2.188386843390548009e+00
2.224499186055845179e+00
3.047033409368489654e+00
2.413577253675425638e+00
2.599537926875861160e+00
2.129039414348167014e+00
2.334321540328843092e+00
2.274504440843529096e+00
2.493060494379109926e+00
2.834676017009506666e+00
2.615828158018612015e+00
2.344690887634753196e+00
2.599395253201820299e+00
2.618580704789541969e+00
2.265311582606666541e+00
2.325045317804411482e+00
2.466853090734152154e+00
2.350044106604697980e+00
2.843013735887564231e+00
2.572634206680556090e+00
2.293436676564835963e+00
2.556397821462790709e+00
2.491698135386131607e+00
2.839556125009907284e+00
2.974229319936245730e+00
2.770878973250996413e+00
2.657345478049895071e+00
2.401014227264674616e+00
2.738353675380223340e+00
2.692352809866800811e+00
2.881104164361476982e+00
2.896886095269472605e+00
2.449121019900636131e+00
2.604623203436536638e+00
2.445922046560015328e+00
2.638778129458783539e+00
2.323134725592643335e+00
1.908946986933855783e+00
2.355141685272610808e+00
2.063199747081377211e+00
2.726707148732806729e+00
2.769708079770236253e+00
2.428816541484143610e+00
1.875697061107793440e+00
2.909398203996130583e+00
1.788925816737963137e+00
2.602347935940116486e+00
2.170574914641611564e+00
2.620482023897567014e+00
2.214341142993126788e+00
2.545494760256097333e+00
2.568759065673013708e+00
2.331998010692998058e+00
2.335171682987895903e+00
2.877581016298864203e+00
2.883664453583500986e+00
2.719745655249347749e+00
2.846213415103484579e+00
2.725402609270367371e+00
2.615040511773798482e+00
1.832319159685014576e+00
2.487021033662295988e+00
2.448877652078679024e+00
2.693830273618546212e+00
2.753035340860472857e+00
2.621911793578704852e+00
2.747931393156215041e+00
1.895196211175471879e+00
2.631643201759941153e+00
2.227624693091823538e+00
1.727469537247030118e+00
2.326388262246568139e+00
2.435433274538623571e+00
2.829919562946964895e+00
3.102105069338106702e+00
3.054227955530302019e+00
2.677855295151450044e+00
3.001593621361186237e+00
2.904022394960502851e+00
3.125673151493423063e+00
2.318371171704144640e+00
2.034309961750578211e+00
2.322390991029666729e+00
2.585292704555183896e+00
2.531584730923027493e+00
2.417138840380651299e+00
2.351350724214599452e+00
2.787586005421778257e+00
2.719959335122668964e+00
2.618169214987218218e+00
2.656416154844315258e+00
2.751780471140105711e+00
2.444650730684991391e+00
2.929017913115013361e+00
2.253405159280498893e+00
1.886481998372271374e+00
2.110194778597661802e+00
2.488124726967852585e+00
2.841640108536720000e+00
2.643523400095039388e+00
2.264079294865953607e+00
2.550935029365265727e+00
2.278364837223353145e+00
2.484492615045049924e+00
2.864062482555978839e+00
2.189508237537023838e+00
2.844114958029245521e+00
2.891850323039433679e+00
2.342548716203034509e+00
2.390469030193542288e+00
2.257255822484927066e+00
2.182336984619925424e+00
2.558141950029095391e+00
1.956199256550960053e+00
2.769144604607100657e+00
2.327870715794742473e+00
2.750169764055365285e+00
2.772336317324832322e+00
2.364411827036961178e+00
2.176135928949962661e+00
3.083324252145659194e+00
2.189119085039794577e+00
2.581975051173480473e+00
2.859344451935621478e+00
2.336222538645546631e+00
2.886241048943144261e+00
2.495356743899565188e+00
2.806067588948534919e+00
2.616496806982609780e+00
2.747744756053782211e+00
2.359070963689025913e+00
2.711983292029125359e+00
2.747326539159740566e+00
1.957893957160084852e+00
2.606838099153287125e+00
2.379525650835351502e+00
2.167671027857049459e+00
2.796342666372761521e+00
2.809449202553482294e+00
2.778882534030816309e+00
2.859255227150128142e+00
2.722969661125241636e+00
2.994232080374014338e+00
1.849569295429185800e+00
2.539367466502242987e+00
2.142630997171670604e+00
2.916045835166348521e+00
2.550980153735379119e+00
2.838802415280549774e+00
2.756525852052170933e+00
2.556315791462882459e+00
2.448293842756180894e+00
2.410197043585367904e+00
2.467896350681107798e+00
2.752164354105075983e+00
2.486607273637553295e+00
2.265705472155593370e+00
2.948227071697671953e+00
2.427903321222246280e+00
3.081338879718702906e+00
2.786280832555842579e+00
2.879950805251639157e+00
2.381691113369217128e+00
3.030649720687998983e+00
2.676833333098521894e+00
2.523500781544382399e+00
2.616583043665780206e+00
2.275117884554511249e+00
2.450790769786423073e+00
2.581478009312768496e+00
2.531261023890370332e+00
2.657888999008507724e+00
2.075256355045741685e+00
2.862553697268287234e+00
3.001033527977053694e+00
2.995059093331828848e+00
2.745382876316015075e+00
2.664585826661959977e+00
2.348848773040641102e+00
2.391834116162111279e+00
2.468314057976166431e+00
2.060017118281382675e+00
2.821345611763969252e+00
2.648963062590965922e+00
2.688838855559064100e+00
2.704211379099995316e+00
2.359365966941620485e+00
2.723280372367782309e+00
2.983092623884722627e+00
2.363101127921185984e+00
3.022113227365951893e+00
2.323914200644308981e+00
2.465940014135442393e+00
3.135416121769032394e+00
2.767779937034572590e+00
2.735559303855967350e+00
2.671219786463538526e+00
2.317873745213017589e+00
2.753014222097735164e+00
2.307143174139500097e+00
2.324003152280996520e+00
2.314615139644824904e+00
2.792844117442686791e+00
2.636590400068814510e+00
2.346847173597007341e+00
2.347423972285476168e+00
2.573694093265882277e+00
2.635785744332993286e+00
2.466721343820224011e+00
2.614814699419086175e+00
2.660208128765314761e+00
3.096027347575710742e+00
2.646109077632190054e+00
2.318965005597677820e+00
2.864326018405761065e+00
2.746448134651264805e+00
2.207722642818825687e+00
3.002131988247473959e+00
2.355738553358836640e+00
2.582773923886605871e+00
2.668768807706693114e+00
2.765488947966713962e+00
2.581850363191430464e+00
2.530886220805859566e+00
2.762664142952943713e+00
2.454821721204308638e+00
3.053020966646665002e+00
2.199601905803053370e+00
2.370124052086167499e+00
2.748700626190675678e+00
2.397754906776326411e+00
2.591297873581289934e+00
2.851537634541941202e+00
2.280397550555856245e+00
2.612549683910653897e+00
2.700765413008436422e+00
2.800953285009142757e+00
2.238921959160235176e+00
2.436113944941916909e+00
2.699811080580893030e+00
2.672447866849220866e+00
2.880811296332586480e+00
2.651088739802966554e+00
2.446536494942298745e+00
2.554692708858834926e+00
2.197160513810156424e+00
2.506870505503524083e+00
2.576555675950352065e+00
2.415056240381011854e+00
2.993108402949527402e+00
2.545688887859289817e+00
2.072447778832458898e+00
2.485726885787410190e+00
2.944764479680407110e+00
2.928273367493888113e+00
2.764090212504694222e+00
1.980725550871361262e+00
2.650253605325323392e+00
2.562896754268344068e+00
2.638588653503838533e+00
2.739990538016045640e+00
2.154069799216050018e+00
2.667403745225692013e+00
2.736818824862583543e+00
2.584368985409865260e+00
2.797300004780364890e+00
2.643057335188938151e+00
2.671168035504575933e+00
2.516196582487168598e+00
2.912386510783405935e+00
2.651462521680217677e+00
2.712552807409447819e+00
2.458637965513476686e+00
2.964978008098589690e+00
2.733804233444088627e+00
2.625721202898214202e+00
2.720164398906868897e+00
2.810612107278397609e+00
2.372175367197950191e+00
2.228418436099935285e+00
1.749168811742077834e+00
1.979719389640247851e+00
2.667066116094425787e+00
2.663715590843828807e+00
2.744078193092942541e+00
2.897444999682073252e+00
2.887374817061494348e+00
2.636718016266560660e+00
2.839288944596154440e+00
2.118944279834425792e+00
2.492618468350874306e+00
2.537437967251952031e+00
2.624580604567916975e+00
2.453151486620811284e+00
2.355100577816016560e+00
2.667501714772826382e+00
2.934449700921633486e+00
2.811830497704494558e+00
2.668886041615920135e+00
2.650577326602013173e+00
2.445015703678786068e+00
2.799729678738955396e+00
2.434395700356900782e+00
2.611430586615047567e+00
2.672751873926082045e+00
1.975142018337868954e+00
2.468899398997523864e+00
2.675390620059019398e+00
2.765747101119529816e+00
2.480971066582793316e+00
2.682818721384203631e+00
3.072783996429507614e+00
2.291329034538860832e+00
2.702345417596745403e+00
2.599981281858279925e+00
2.481772682313119649e+00
2.902252123524919014e+00
2.111504614379285716e+00
2.276108329577516631e+00
3.055862031586427108e+00
2.933835724942093659e+00
2.235390647137678322e+00
2.844316152255558450e+00
2.418005800745294032e+00
2.669220266059129543e+00
2.592233551323285035e+00
2.864898942683371086e+00
2.453081682389600893e+00
2.773679342071774467e+00
2.230927378115937998e+00
2.162474259956781442e+00
3.020554627623198485e+00
2.382379477642006638e+00
2.127842550746058770e+00
2.148755083117901421e+00
2.530661589248229149e+00
3.025592949046049362e+00
2.728132766665402276e+00
2.651983439531145237e+00
2.731825538496014172e+00
2.610508197976117550e+00
2.383061430293898386e+00
2.358479563865678585e+00
2.643656444260432892e+00
2.546117452352655519e+00
2.279367880806213442e+00
2.354962536125343231e+00
2.591472005675871770e+00
2.596914459110498896e+00
2.535888850790373183e+00
2.487684358582207267e+00
2.879455826687763231e+00
2.262081165270013461e+00
1.811229670446399709e+00
2.794609723444411831e+00
1.803616513027973767e+00
2.416180557044844690e+00
2.072190425597737473e+00
2.744166443459934435e+00
2.900560409766558490e+00
2.280136651241545742e+00
2.738922320528745402e+00
2.539157841141268079e+00
2.512289692008227160e+00
2.523009438469211219e+00
2.962655762642458779e+00
2.821912824041619139e+00
1.946015607802505265e+00
2.421823183816868674e+00
2.548668524529475565e+00
2.338383149252858839e+00
2.809785086633642237e+00
1.943880090971381813e+00
2.422795141860170531e+00
3.036251307950232015e+00
2.416886528320516980e+00
2.364640557978834323e+00
2.592219772563859159e+00
2.827155782090045033e+00
2.771216641122640212e+00
2.530664900841399056e+00
2.942548645547413244e+00
2.367705435756292331e+00
2.623188337263204772e+00
2.315109448846177198e+00
2.626542496282214145e+00
2.402646318063714759e+00
1.777626900232673002e+00
2.552751393408966951e+00
2.202360171451995807e+00
2.075896037899832347e+00
2.906450252225672326e+00
2.816215244728989209e+00
2.312644783091823975e+00
2.440670851566719701e+00
2.929857521661023867e+00
2.917146315219869557e+00
2.833456836332160389e+00
2.419108059298169522e+00
2.798163640600495938e+00
2.835452845873689398e+00
2.890330819868149437e+00
2.853017738336775633e+00
2.576798279581280493e+00
2.529275472714086259e+00
2.497330753775219403e+00
2.598809679153164076e+00
2.977066573864140864e+00
2.653974194337564096e+00
2.007734320081512092e+00
2.708362278708555504e+00
2.777978523197336624e+00
2.701355988799058139e+00
2.333019438695998815e+00
2.792314153308845803e+00
2.889975817774385725e+00
2.727433180495260956e+00
2.394629684790524848e+00
2.824590156590891077e+00
2.295965396545367909e+00
2.744493601587876253e+00
2.951976098053449071e+00
2.390149905487776838e+00
2.117330457060665694e+00
2.814190198652675612e+00
2.060216726845287560e+00
2.393601619282646809e+00
2.568794854495634272e+00
2.860057096816723821e+00
2.501174150699561061e+00
2.455530849847782360e+00
2.014188056372817837e+00
2.456843579103577646e+00
2.277193305736680884e+00
2.773057695375984011e+00
2.142337867931174422e+00
2.459994606898484371e+00
2.961889834412688938e+00
2.226912645678066127e+00
2.855423377924702244e+00
2.712200971004816275e+00
2.698189415584919537e+00
2.544638265774487262e+00
2.514275220325792759e+00
2.816966161728835516e+00
2.527091443382055935e+00
2.343951984126443122e+00
2.823513392199100469e+00
2.382743503947494901e+00
2.397180243015856416e+00
2.492393247874995943e+00
2.981163164003775901e+00
3.020313030182724567e+00
2.641750701199647278e+00
3.055818232677431912e+00
2.352465225403434612e+00
2.543955093680785318e+00
2.388345939543510266e+00
2.834409905691354314e+00
2.173927500414402747e+00
2.801522616412424060e+00
2.772782934526490273e+00
2.457785950253900342e+00
2.645294162281363270e+00
2.302485991335994964e+00
2.675743248806314423e+00
2.153622219840475083e+00
2.378755884027378809e+00
2.992877847818044224e+00
2.830162452897308611e+00
2.789174728206201603e+00
2.723669083043392281e+00
2.291463025116693863e+00
2.493633335264742179e+00
2.498884980805589517e+00
2.277963485333164506e+00
2.393813081073336235e+00
2.197836587060643332e+00
2.590085973595853908e+00
1.816559176321698832e+00
2.731838972390131737e+00
2.759091844828303941e+00
2.981631406018095731e+00
2.678909398909576467e+00
3.069226863639859193e+00
2.438287114445794934e+00
2.348878718457229731e+00
2.251052645984784828e+00
2.752295828940890754e+00
2.170952899262848845e+00
2.386598737081937927e+00
2.769088925855195171e+00
2.125531622092190709e+00
2.146846601569489366e+00
2.807961405390062559e+00
3.040499747426369748e+00
2.468098998369503860e+00
2.920633954826522327e+00
2.804250219321019699e+00
2.239674569262208870e+00
2.696717732666509715e+00
2.826588739425835772e+00
2.160990621356257524e+00
2.734728253775196460e+00
2.820952766192521999e+00
2.157813190287199312e+00
2.845687603809198052e+00
2.260580511408829985e+00
2.013506024850218346e+00
2.451191908760665505e+00
2.582335968692841099e+00
2.370087604664460557e+00
2.425781926402235555e+00
2.866338993618843478e+00
2.363065101709399762e+00
2.370242755332932827e+00
2.786657358434133425e+00
2.291934745084849290e+00
2.792188082261063187e+00
2.904017549466551884e+00
2.755948338950202636e+00
2.189941503510751897e+00
2.715032955653087221e+00
2.675584317185714767e+00
2.870176846580200891e+00
2.663678007032108663e+00
2.745725077081901055e+00
2.738364518905095579e+00
2.103465865948553670e+00
2.498726027162087693e+00
2.785498275729689777e+00
2.845282222659134774e+00
2.208043536186714118e+00
2.046050062728582475e+00
2.818786602106878814e+00
2.371230525403647871e+00
2.729117488032323902e+00
2.311034690217232512e+00
2.406588429453321076e+00
2.346498116044718696e+00
2.604271020467555875e+00
2.173906125053557403e+00
2.359801421646113617e+00
2.613246935359132106e+00
2.593240488240323049e+00
2.885491336577298505e+00
2.530639054384062003e+00
2.256456819850206408e+00
2.074664982255744583e+00
2.208214466799149012e+00
2.828342327966714809e+00
2.396712332285986236e+00
2.856631142997065442e+00
2.916701745282724190e+00
3.030126594197184886e+00
1.898793457196076728e+00
2.150439996180103286e+00
2.215542943632992312e+00
2.996754471177129453e+00
2.534291595543616715e+00
2.456904607045234279e+00
2.792568905319942729e+00
2.189085656490786125e+00
2.903959779609865510e+00
2.502946005961018461e+00
2.620873724582968745e+00
2.595377053177574833e+00
2.165994628244557685e+00
2.687767349505779890e+00
2.523220950647456551e+00
2.320236556526061644e+00
2.416304656961863806e+00
2.790586326341572665e+00
2.752483695548637588e+00
2.830738352418883608e+00
2.742255833688269639e+00
3.040105414936653982e+00
2.307304612226356078e+00
2.384181116641639342e+00
2.724754908288422595e+00
2.687076966953262147e+00
2.347306743306033283e+00
2.329696152335744674e+00
2.797483454716154672e+00
2.477414117293150753e+00
2.218941729171657329e+00
2.754304183138045481e+00
2.689330931697775817e+00
2.383264648161133259e+00
2.613397222843273582e+00
2.832258137068470738e+00
2.781225318465251561e+00
2.383595982248441825e+00
2.777381693162948917e+00
2.839569446449388135e+00
2.959349083954853299e+00
2.686022506718920511e+00
2.236722418680178848e+00
2.970467193901665137e+00
2.976162080070748228e+00
2.564650530866225964e+00
2.329974243374728360e+00
2.598031969049670931e+00
3.020632794164487933e+00
2.165136432077499951e+00
2.697006540388489526e+00
2.556369669215527551e+00
2.618099739099157386e+00
2.386318034774374652e+00
2.551620253820501283e+00
2.698288891789956345e+00
3.002125028514779803e+00
2.964817541116451238e+00
2.873328991128261567e+00
2.305877537311014081e+00
2.069403983783846712e+00
2.815868033254570690e+00
2.963981457526979835e+00
2.482689337897868498e+00
2.310649956738798583e+00
2.851914875473355426e+00
2.794243387757407771e+00
2.266407032581580161e+00
2.226033229538607383e+00
3.083232154004418302e+00
2.627803674495144293e+00
2.055449430101534247e+00
2.576389291913867119e+00
2.544431039856211552e+00
2.650330647299758535e+00
2.726295389095417576e+00
2.878036281208197433e+00
1.990541942829168853e+00
2.815682636329364108e+00
2.736702270638974088e+00
2.448662195396857477e+00
2.402895999773577707e+00
2.797662232253173009e+00
2.642298617664755600e+00
2.616199080403450949e+00
2.938759594857104585e+00
2.526113434295161664e+00
2.549375789586026730e+00
2.403860343122289134e+00
2.628588934253479170e+00
2.600365950365983281e+00
2.691002908764326129e+00
2.276040359307680561e+00
2.302938487124015055e+00
3.000379123078021681e+00
2.779970547730532093e+00
2.771190709886135917e+00
2.579965368128379399e+00
2.074805154452989520e+00
2.161192810146701504e+00
2.770738225051181836e+00
2.925204804951839765e+00
2.834040888554302029e+00
2.002570124083035807e+00
2.234413454022448065e+00
2.817524475144393747e+00
2.081615950465436349e+00
2.924178463834324226e+00
2.494514425915230760e+00
2.152647904071920415e+00
2.680865921081439840e+00
2.712209838662593242e+00
2.553938202037207894e+00
2.804196131066996944e+00
2.298781100686724699e+00
2.766190197019550823e+00
2.614986313968536980e+00
2.730503885993246449e+00
2.927809004172031937e+00
2.876079212344634151e+00
2.443346462944293584e+00
2.775490807259993531e+00
2.628876523542170496e+00
2.524748528606874043e+00
2.688809577428357578e+00
2.769549621308005971e+00
2.359000844039000455e+00
2.758761533269173949e+00
2.432421499978208335e+00
2.683524096210563759e+00
2.884051951552351944e+00
2.497604571088941405e+00
2.856074137823414905e+00
2.151390188804610748e+00
2.183771928884789215e+00
3.043920669962116410e+00
2.155645382900867268e+00
2.781649002168385287e+00
2.295771543226642120e+00
2.445462894698159140e+00
2.752842187723629763e+00
2.098049722058583200e+00
2.336223207324639173e+00
2.620854207862165275e+00
2.445389507826567055e+00
2.753290597183451816e+00
2.866623326679683004e+00
2.297628590471881616e+00
2.982736273381468628e+00
2.233513739663581354e+00
2.952048665297698271e+00
2.738572750209712137e+00
2.306257538776729898e+00
2.700607492637315143e+00
2.445284385050924048e+00
2.714068705086791322e+00
2.580276710318798905e+00
1.915620622077167878e+00
2.299495695095753689e+00
1.963534709844876103e+00
2.601148204294068567e+00
2.001932394467218934e+00
2.417742278977327963e+00
2.426134298632495856e+00
2.375677081635878540e+00
2.571978099611844204e+00
2.327851998558348789e+00
2.377911288800981904e+00
2.628879726649413939e+00
1.895647716513968239e+00
2.779444599445536568e+00
2.767820900559134323e+00
2.629198380353276132e+00
2.850108963972441067e+00
2.543753531549049818e+00
2.932473461407303805e+00
2.473488861381815784e+00
2.903628298958200737e+00
2.195995437532505701e+00
2.429026056782893406e+00
3.029133902025913816e+00
2.745563394113535338e+00
2.200042027193928273e+00
2.506883345880097202e+00
2.833006233490454662e+00
2.642652988438188189e+00
2.877930939834418389e+00
2.078879825519768687e+00
2.193878332938495657e+00
2.414051743781127968e+00
3.112509387103256753e+00
2.556965018775582799e+00
2.613875242862427672e+00
2.451490651125750375e+00
2.538633244337990646e+00
1.950330298450596800e+00
2.460930846471659272e+00
2.258551038686516854e+00
2.497529380029575030e+00
2.388810162594682041e+00
2.421232567654001855e+00
2.492524051079042735e+00
2.950822789086095188e+00
2.004422583333631991e+00
2.914190892382106490e+00
2.778105364558133505e+00
2.410824249355586701e+00
2.949472328605424298e+00
2.679971941789681011e+00
2.271731903350602710e+00
2.495915692780646289e+00
2.132772188775771127e+00
2.254613054985580511e+00
2.481077814933112080e+00
2.519613645368703025e+00
2.855624966580893709e+00
2.069590307390624773e+00
2.863427377896264225e+00
2.675489253681762047e+00
2.836243715034665769e+00
2.425542325332989080e+00
2.495078180493337072e+00
2.863437977803250600e+00
2.884596421571804736e+00
2.536465979989486197e+00
2.393958982209927200e+00
2.879643441071833898e+00
2.839235971094308475e+00
2.899653067336095180e+00
2.530863945114794511e+00
2.859603465466258765e+00
2.421182689150532585e+00
2.826929813709332162e+00
2.171276539515239801e+00
2.693291711124328636e+00
2.391332551102630433e+00
3.078115587765393180e+00
3.053672694374608643e+00
2.593449264770341323e+00
3.128837045636054359e+00
2.669602287788878314e+00
2.333668164920340793e+00
2.395808121447072558e+00
2.091122341913165705e+00
2.159142550976024921e+00
2.872750303138989381e+00
2.870452648601772960e+00
2.908784973289247233e+00
2.700156828118065455e+00
2.467261373491139054e+00
2.877865004584091224e+00
2.947318537082247225e+00
2.803099116745614072e+00
2.817395762515341406e+00
2.315087647156497397e+00
2.328141515042887910e+00
2.689642737952721241e+00
2.534433191745985692e+00
2.594419975738760709e+00
2.700128193832235901e+00
2.733319797844914856e+00
2.558943923746424876e+00
3.001716109022258383e+00
2.547995026472254843e+00
2.581190933908307450e+00
2.372297349348497786e+00
2.823811622645699515e+00
2.576423346951286497e+00
2.583460223330085626e+00
2.749552429869328130e+00
2.789891969300707153e+00
2.503335984256850999e+00
2.742997086245337002e+00
2.626435257948538826e+00
2.373042740977743037e+00
2.695277286489398794e+00
2.363633722702943363e+00
2.512599370746865013e+00
2.468270105396819680e+00
2.386891751937967765e+00
2.763502843486079552e+00
2.921703624907022068e+00
2.537382110565546967e+00
2.415321037601558807e+00
2.615744550358845899e+00
2.386694675052523973e+00
2.297973851605807472e+00
2.588390111034335916e+00
2.666808704899809257e+00
2.345249537953409291e+00
2.180905625250891600e+00
2.312676975984338412e+00
2.362390676835223857e+00
2.639843252834947585e+00
2.659615140326779148e+00
2.351204526139972550e+00
2.679590233140727751e+00
2.779345646408305281e+00
3.021441900776295597e+00
2.411042105221129717e+00
2.600007043161818299e+00
2.840974905053677446e+00
2.612315605541189800e+00
2.434038875334658236e+00
2.184779178124812926e+00
2.962084368506245902e+00
2.615107965407765356e+00
2.406928703935048208e+00
2.189215987187141277e+00
2.617892631023909900e+00
2.002880420470022571e+00
2.922420649270511817e+00
2.850895649874638504e+00
3.069021393107601359e+00
3.049563151644638648e+00
2.204242197337479059e+00
2.903560089084740614e+00
2.304384871740074558e+00
2.502007222750193716e+00
2.123387512370642050e+00
2.916222738626846223e+00
2.439921998579830831e+00
2.972477901697923475e+00
2.956091488965026048e+00
1.774186977440070034e+00
2.700752091669238908e+00
2.080118406583888913e+00
2.710417733563470044e+00
2.982831747821913737e+00
2.770896530918023792e+00
2.755853754109891085e+00
2.562887920637016315e+00
1.911912025448295305e+00
2.142654186054331333e+00
2.794421050393596673e+00
2.462493888591618330e+00
2.319389684991863376e+00
2.553825746164015698e+00
2.526529117302759087e+00
2.115310670455247344e+00
2.764214989919464571e+00
2.825606566550673993e+00
2.243462607284635091e+00
2.889808314876339601e+00
2.305016705545467115e+00
2.574842760817124709e+00
2.598700277107556467e+00
3.031273022480867052e+00
2.480851532710628859e+00
2.700901471587416669e+00
2.751081040333438477e+00
2.614055511503944107e+00
2.755795560940661026e+00
2.768820808473070993e+00
2.184359188045421174e+00
2.150531653077874417e+00
2.013410964187726471e+00
2.504548775299619834e+00
2.398398781770687993e+00
2.398370511538356009e+00
2.433687488692796386e+00
2.948746359401555495e+00
2.002445172238688009e+00
2.600750608808324316e+00
2.097094108124418543e+00
2.239230508275895204e+00
2.515291922610550568e+00
2.398137076663062306e+00
2.964084607841179775e+00
2.127752570794287479e+00
2.653634738783525737e+00
2.532797515818352885e+00
2.903550786969328001e+00
2.363164239629174102e+00
2.669993305697905939e+00
2.476319730479707992e+00
2.745893370800889688e+00
2.829093044757923892e+00
2.497234158031691909e+00
2.119772337078171809e+00
2.410402680678262577e+00
2.671082783404477912e+00
2.634841914572371380e+00
2.918797462839707535e+00
2.687406407438388989e+00
2.465890014997598634e+00
2.708588413461443078e+00
2.104507616537063974e+00
2.821657182164628797e+00
2.324492634026790405e+00
2.920374303644369895e+00
2.275516688616967542e+00
2.436452578303081928e+00
2.524317297479939715e+00
2.369304354141828384e+00
2.724780813559608994e+00
2.183931745888943787e+00
2.417832668987983880e+00
2.614755187594981933e+00
2.755443713906612135e+00
2.394316810276947205e+00
2.302806852197627929e+00
2.767343636657560779e+00
2.387868742912968134e+00
2.497855248728541255e+00
2.471767198663948673e+00
3.038065988504217163e+00
2.177312491541755435e+00
2.594638042372133580e+00
2.289687550518693104e+00
2.798891907425710368e+00
2.608692180462583110e+00
2.536446593860260279e+00
2.721349020865369894e+00
2.284209368481272762e+00
2.975928265599011358e+00
2.325344571653683357e+00
2.579020153217740585e+00
2.634547644222553053e+00
2.944758650993693827e+00
2.807896405795881734e+00
2.808545870474139949e+00
2.806220880839593423e+00
2.768787511806419133e+00
2.781940040987181284e+00
2.620702924684772839e+00
2.360008636726712794e+00
2.574939110208112059e+00
2.688626325887732094e+00
2.469849511168049183e+00
2.706725424279946335e+00
2.708348708657253745e+00
2.713530596616316792e+00
2.538805135739312213e+00
2.458257794650035244e+00
2.363418920624511088e+00
2.441981487461410971e+00
2.626063256471958596e+00
2.146947211543821954e+00
2.383954844667781181e+00
2.531374848772278696e+00
2.199458059844658031e+00
2.699658402672314939e+00
2.524727113855382399e+00
2.397926816456495747e+00
2.927595773041017146e+00
2.210065191085071490e+00
2.761320548398603414e+00
2.823096885936537070e+00
2.871530767912653381e+00
2.501686551040938067e+00
2.641568922030967492e+00
3.007504850579497901e+00
2.860549014141903434e+00
2.642225125286154164e+00
2.450490141416933554e+00
2.889901701829926672e+00
2.689436825147076160e+00
3.010733306682408017e+00
3.011251199423054636e+00
2.777316806492265755e+00
2.895852306691043321e+00
2.998041615084812594e+00
2.012834766375335427e+00
2.278039574120941602e+00
2.306432396191504086e+00
2.972756176349706347e+00
2.315451504321958787e+00
2.921621131050371023e+00
2.501225849599477691e+00
2.413450079342070342e+00
2.566919802180404275e+00
2.352306457359034653e+00
3.086137058126799726e+00
2.740557668456977236e+00
2.397712389692249868e+00
2.411112253022387186e+00
2.664076151403572457e+00
2.577377612216434244e+00
3.015389465400920788e+00
2.444094796665185143e+00
2.598509340003322343e+00
2.738899305095255698e+00
2.664022432251855754e+00
2.390226153141226106e+00
2.604017609599735383e+00
1.982207891062039762e+00
2.791378484646682701e+00
2.149364043116063883e+00
2.888074528219214621e+00
2.674835408163191985e+00
2.228254947200976943e+00
2.895314783343071685e+00
2.140939081653011833e+00
2.105465284648784241e+00
2.698276228589342463e+00
2.303715475910273369e+00
2.822048985002955757e+00
2.652679868646881545e+00
2.786825704573042461e+00
2.795127985278678118e+00
2.500197167292332878e+00
2.162953801049162017e+00
2.782553998178898702e+00
2.100604426222007159e+00
2.432427720603367316e+00
2.672564697915345455e+00
2.425280317223434956e+00
2.671872648674756601e+00
2.815332980247381212e+00
2.556016606306274142e+00
2.254881830357163608e+00
2.997683489032442417e+00
2.716009157252448070e+00
2.540834655268943809e+00
2.384216811522820834e+00
1.807870393807452070e+00
2.538557861652230407e+00
2.092233263008901112e+00
2.737610898896539524e+00
3.054037966927337422e+00
2.703698968939459935e+00
3.124002040757173138e+00
2.850005525940772166e+00
2.980839979107832605e+00
2.947817148186091973e+00
2.700299055706913531e+00
2.319467774937621130e+00
2.698557839994174756e+00
2.903182018870149150e+00
2.661067600037643199e+00
2.716439833924400027e+00
2.464508109074430742e+00
2.580566035096693689e+00
2.095147166443747100e+00
2.545915284954181068e+00
2.527584007883137751e+00
2.746045628110561410e+00
2.780726138997228869e+00
2.686112570807663413e+00
2.771414926316256633e+00
2.293225523039297720e+00
2.119908916336636917e+00
2.717550712172245753e+00
2.390537588393342183e+00
2.145458582185892915e+00
2.252006722846502385e+00
2.428141251400442790e+00
2.192397808434057627e+00
2.626840670432419422e+00
2.362586144919348374e+00
2.504193562892896185e+00
2.824627424996318581e+00
2.336378142105547173e+00
2.488239022802186007e+00
2.612395495866192352e+00
2.660078755819645480e+00
1.965897769653371929e+00
2.132477333859445601e+00
2.219350525017203424e+00
2.315419135973619369e+00
1.897399890160435643e+00
2.362811969327051287e+00
2.258843193740112110e+00
2.813056800480391750e+00
2.347859133579488056e+00
2.189023327021886178e+00
2.296052189297754786e+00
2.747364562871823956e+00
2.582244962773787123e+00
2.417600593166087997e+00
2.595308658292754256e+00
2.904448324572432405e+00
2.634996503389455125e+00
2.780796101758309824e+00
1.859825252311211541e+00
2.932213901792120492e+00
2.874464991449810380e+00
2.488118201686168263e+00
2.737040852145163683e+00
2.649181043367156985e+00
2.593537286771070427e+00
2.985932648315095861e+00
2.412454886149312028e+00
2.565420458827492478e+00
2.120964026222950771e+00
2.657778467267008171e+00
2.692734182266744103e+00
3.139753653770759101e+00
2.710628832399796906e+00
2.609261607075127998e+00
2.769547529880669767e+00
2.688695197737674292e+00
2.466795001213146321e+00
2.118673226242255403e+00
2.708255339239808990e+00
2.683581207490774112e+00
2.856727153048453260e+00
2.253733122566441871e+00
2.496640813224924926e+00
2.370654538238201603e+00
2.337193777437761355e+00
2.170946573131625534e+00
2.357249505702128545e+00
2.789181903573815458e+00
2.740397672647330474e+00
2.211808848173259623e+00
2.502145355311262698e+00
3.024749294784416342e+00
3.024169946925037156e+00
2.897347104865415801e+00
2.567441201493719571e+00
1.974445393053268161e+00
2.134655629340876715e+00
2.257369527871307735e+00
2.778652490887619564e+00
2.404626759039277584e+00
2.803066106167390270e+00
2.349198905154498362e+00
2.369188368029307323e+00
2.836653395140569689e+00
2.868576973042071820e+00
2.635466450244656311e+00
1.994815687725449926e+00
2.971651611545380156e+00
2.245312065038515215e+00
2.302320995019172312e+00
2.551215518537649274e+00
3.102642716772346265e+00
2.612250074585535042e+00
2.153756948880514166e+00
3.102001118838129123e+00
2.628313013402389320e+00
1.710704851146929162e+00
2.384008569540705835e+00
2.462687346397349764e+00
2.582857822766739808e+00
2.222980923680848875e+00
2.637062185441669371e+00
2.520742333668009927e+00
2.221620330234076679e+00
2.345454520605893656e+00
2.676231844912953406e+00
2.770724144115968457e+00
2.505429695206061957e+00
2.592038843135088921e+00
2.601764207920946870e+00
1.974229365742590225e+00
2.592539286985946489e+00
2.918092090162387464e+00
2.972693763379106180e+00
2.808258174676136143e+00
2.618042836204891533e+00
2.648506370039709790e+00
2.527199846581254405e+00
2.371164065385983122e+00
2.326298532410005837e+00
2.525713468059671563e+00
2.828276707127920453e+00
2.599564361052608241e+00
2.873023332377907746e+00
1.827737227322006053e+00
2.442620916067134385e+00
3.116932249474092753e+00
2.466892932442442010e+00
2.123222222510628754e+00
2.717723490526971375e+00
2.573362347681464879e+00
2.561453905088958649e+00
2.241740267495534233e+00
2.538341800714305041e+00
2.485285793902232143e+00
3.027027849244912527e+00
2.564377472159407922e+00
2.912488153578795202e+00
2.865353201394584381e+00
2.536550710663872721e+00
2.546788854313162709e+00
2.845406768515108986e+00
3.122396950242157576e+00
2.173444061688722950e+00
2.964985164862790956e+00
3.061032451916284813e+00
2.717678094861022409e+00
2.685158291685738163e+00
2.764039819591489699e+00
2.946316941801316869e+00
2.932993999598761281e+00
2.875869740400674335e+00
2.628198630218625542e+00
2.244270232294188094e+00
2.486315982057297980e+00
2.770149947303326421e+00
2.732416705516934385e+00
2.096668366868422062e+00
2.750277155302551790e+00
2.329135830952197228e+00
2.333456033816163178e+00
2.800616668738225457e+00
3.099207488092223794e+00
2.814420472195902079e+00
2.692985931302876335e+00
2.253018993098115708e+00
2.340282838003350463e+00
2.286784923957338123e+00
2.576849206887874555e+00
2.017353891205524441e+00
2.846547774882912663e+00
2.497221500130633043e+00
2.440834451360946566e+00
2.486072122186977928e+00
2.709319362783724650e+00
2.802416272047757229e+00
2.713795176598512437e+00
2.444224229107831547e+00
2.408623034689385101e+00
2.820432347453566191e+00
2.856385575364545293e+00
2.668847724425235768e+00
2.558992969468549816e+00
2.891194024062966772e+00
2.408799397742062531e+00
2.821194270427256789e+00
2.193544229329872142e+00
3.072824452069582435e+00
2.579965421614696552e+00
2.579968907011765289e+00
2.882957589018249056e+00
2.286216252482759614e+00
2.880749177347946777e+00
2.954227871884698153e+00
2.344729919853511202e+00
2.955099197921844389e+00
2.696880927734839783e+00
2.561734557211446273e+00
1.953190208473467582e+00
2.770472709931256272e+00
2.942585752458541482e+00
2.699600173379665513e+00
2.251713435329266932e+00
2.207081554759963815e+00
2.778571177138591253e+00
1.677054943179633328e+00
2.664704989674217650e+00
2.882115881637637766e+00
2.364088298202930538e+00
2.532366135449009459e+00
2.519658535145509415e+00
2.546187004154220723e+00
1.976776384161499811e+00
3.008892726039724685e+00
2.653442189741773483e+00
2.586179771299107255e+00
2.752587019667313672e+00
2.199435456241148668e+00
2.653126767650054507e+00
2.533033886985045946e+00
2.481300773687619365e+00
2.492178728909905328e+00
2.891893128008392377e+00
2.367109151596226813e+00
2.101698942512506552e+00
2.349997300638173581e+00
2.344661759477874696e+00
2.508484703176522501e+00
2.533878325695641198e+00
3.096491515281484030e+00
2.443988908753287781e+00
2.294646172139103157e+00
2.694454480219375725e+00
2.833907224445347151e+00
2.276628222613610752e+00
2.967424283129064921e+00
2.550632842227294805e+00
2.423714371926584565e+00
2.838140505739572994e+00
2.284550311336090989e+00
2.283635391272918813e+00
3.095166943511171276e+00
2.213198168091597307e+00
2.305748604735093021e+00
2.669477162937115011e+00
2.966490479203071295e+00
2.050111675843142578e+00
2.329195473920801174e+00
2.579223916412595852e+00
2.691685599412888319e+00
2.352324678312395001e+00
2.583824484834747359e+00
2.991374864678741474e+00
2.898775253668650187e+00
2.112643512624591047e+00
2.934538498853032973e+00
2.111664928246676176e+00
2.395714880340809483e+00
3.031954051591023713e+00
2.420320012888192540e+00
2.384225243703512298e+00
2.289159715514455407e+00
2.250847879425478482e+00
2.871221420578839112e+00
2.555441563462480303e+00
2.258644594157167340e+00
2.276719255022541688e+00
2.544651119973886377e+00
2.154455638535429429e+00
2.255278136229119212e+00
2.644654672523813588e+00
2.780189938951441952e+00
2.554818443431295272e+00
2.515748063790810729e+00
2.560541474358152048e+00
2.765144422133706925e+00
2.381200778102313009e+00
2.593454443053214042e+00
2.270843411497649900e+00
2.530993665350262933e+00
2.731043242032766383e+00
2.522289753936969525e+00
2.932102895073026794e+00
2.706798612793595016e+00
2.909344313965424256e+00
2.851289354843707713e+00
2.432195204208011496e+00
2.911713864814476693e+00
2.107205301574641254e+00
2.773485878505188573e+00
2.497649899315221411e+00
2.889329662552552858e+00
2.458912982610276909e+00
3.000490685421482784e+00
2.838995208053312513e+00
2.027463870941708990e+00
2.810948495357112886e+00
2.063813110442215049e+00
2.855459725142575067e+00
2.067630406208515570e+00
2.914680178169263058e+00
2.634155620198259662e+00
2.557521842027001391e+00
2.711739792328268450e+00
2.404069405013336436e+00
2.490227861331189896e+00
3.000250448426969641e+00
2.537525997154953750e+00
2.836635428069036458e+00
2.916560079524273874e+00
2.872546437803747743e+00
2.612754884207284078e+00
2.666306461903139358e+00
2.659902754992866214e+00
2.681359581956717975e+00
2.293944696977785469e+00
2.481047570420911619e+00
2.568332774238236915e+00
2.165128916392187630e+00
2.579891705602106899e+00
2.859840920899562544e+00
2.733860719656274085e+00
2.614662432950930260e+00
2.564213203745056013e+00
2.612888558456360588e+00
2.272831735903438233e+00
2.389678894330947934e+00
2.031488822413880513e+00
2.852078137700378324e+00
2.381867195068484211e+00
2.530013078491938128e+00
2.405079734427550076e+00
2.880362998694554921e+00
3.118666691634242927e+00
2.673736129259285832e+00
2.762684939771355097e+00
2.193607468117905412e+00
2.863644297065728761e+00
2.287094091651803218e+00
2.786676958988934416e+00
2.400127506986636128e+00
2.787265495668812765e+00
2.274231601330625185e+00
2.519521846446606705e+00
2.542228066329949687e+00
2.649660517326124065e+00
2.405105621269432614e+00
2.441888769796294323e+00
2.868542907960585531e+00
2.804676714712351249e+00
2.220760589946614516e+00
2.935716673139405763e+00
2.715572638237409908e+00
2.724191968646568540e+00
1.960868241091879405e+00
2.529350840237175824e+00
1.994586887954862053e+00
2.547006595673349416e+00
2.797547322366170430e+00
2.876015357469163813e+00
2.702936918389521992e+00
2.797740859273942782e+00
1.988936986936211904e+00
2.040186676336078531e+00
1.719596428982144820e+00
2.554416939537536457e+00
2.574720366685520734e+00
2.736441098385092641e+00
2.730041885582428662e+00
2.729987107230710919e+00
2.109423999596555355e+00
2.710009243646919419e+00
2.961665187522407372e+00
2.256263417531663595e+00
3.073410414001898960e+00
2.129976897521037582e+00
2.709199170824281300e+00
2.657100019475336694e+00
2.144279912467265792e+00
2.040385703419620889e+00
2.676033807142990106e+00
2.846611212804762037e+00
3.013305737951046837e+00
2.310029754887955811e+00
2.696505033154653841e+00
2.672256788663037952e+00
2.505603015146362633e+00
2.732423243597145390e+00
2.478913380683129830e+00
2.567620660844891933e+00
2.340802292014667163e+00
2.779078663140688299e+00
2.585749393713691280e+00
2.935088190023360522e+00
2.276073161992907323e+00
2.996490650347265916e+00
2.828090825753467819e+00
2.621153623189787396e+00
2.716617889578588851e+00
2.873403250912642370e+00
2.969654414419351518e+00
2.465632481148148258e+00
2.275219494166021761e+00
2.933230625251752599e+00
2.607027931535748522e+00
3.068457400056166406e+00
2.861739369229611807e+00
2.832549254486369961e+00
2.772887967005812193e+00
2.424808006856394638e+00
2.330341793802245931e+00
2.628166800477141241e+00
2.470347287506510447e+00
2.672023736703227570e+00
2.763237908852166136e+00
2.618405788291629399e+00
2.667288169967439337e+00
3.098502176173381972e+00
2.610248252906818056e+00
2.850684755351538868e+00
2.708169939126185088e+00
2.448806770151640499e+00
2.284111941098243115e+00
2.160581713153097994e+00
2.693542823107856421e+00
2.887192905419546651e+00
2.409921451051543873e+00
2.869320523127358857e+00
2.422009503296946420e+00
2.618741281802499987e+00
2.932169417176415660e+00
2.001888652962493076e+00
2.809559784613469002e+00
2.123164134746374998e+00
2.141418410278045137e+00
2.857115941383872482e+00
3.008253025104254075e+00
2.638097647959758874e+00
2.632697343526135825e+00
2.017469100475607569e+00
2.806428227693533284e+00
2.080299524973129977e+00
2.830857972317912807e+00
2.452984602515607460e+00
2.797249910669167061e+00
2.863695450004964727e+00
2.949118698909035885e+00
2.564858187366257702e+00
3.019702200956488003e+00
1.832631627061946045e+00
2.407008349671084790e+00
2.663637353196306901e+00
2.561832323118852006e+00
2.671878128635619021e+00
2.364650772660050748e+00
2.781509913820657598e+00
2.668648613308770123e+00
2.221933054238530048e+00
2.094157153193816789e+00
2.491704543610675948e+00
2.763765211598584237e+00
2.209113258101027100e+00
2.426004405431536171e+00
2.104946637253385155e+00
3.016786587880263770e+00
2.717044826632024179e+00
2.625788959852543680e+00
2.360369502961659371e+00
2.007967638400064203e+00
3.043829288006553391e+00
2.601984094063424902e+00
2.075844677125167070e+00
2.845039868339047651e+00
2.089445682682397720e+00
2.688428807559996248e+00
2.588735697022605642e+00
2.687506934982538453e+00
2.342222798572687559e+00
2.912961941019004186e+00
2.582855434322917088e+00
2.766699742518615501e+00
2.491255862291234191e+00
2.768751196333725684e+00
2.398826124388206082e+00
2.623723355714693728e+00
2.558636092798883155e+00
2.911642503073375909e+00
3.033453139182390235e+00
2.576961224592970279e+00
2.322586407734311464e+00
2.249889904644037486e+00
2.790474608750533214e+00
2.719629988038773760e+00
2.353571006205603666e+00
2.290445989952333505e+00
2.671069609141052403e+00
2.669957866104744060e+00
2.647478220760491663e+00
2.301987669898512223e+00
2.990683397934388754e+00
2.404668554243683420e+00
2.463354084467746841e+00
1.769302488592003897e+00
2.257911943177029812e+00
2.425950280504510559e+00
1.948820332654058740e+00
2.780561636015508320e+00
2.466050995676660751e+00
2.559257367691603058e+00
2.844818501908199515e+00
2.571964832668609979e+00
2.760722863031918717e+00
2.604184318630391459e+00
2.670643542189576003e+00
2.311954234230156224e+00
2.822512366600671285e+00
2.512660755519133371e+00
2.404909496433677685e+00
2.487252682310977292e+00
2.533262479461068750e+00
2.845213138166184930e+00
2.645450425605775813e+00
2.746783005646994624e+00
2.861932514792090210e+00
2.474823004211604616e+00
2.038283234391700560e+00
2.020819149255966618e+00
2.703078549314057444e+00
2.798987356965922491e+00
2.721379621839861596e+00
2.766243823297378501e+00
2.768492072501838042e+00
2.271165272002150903e+00
2.916115677212996804e+00
2.673185413309083103e+00
2.902346170349703769e+00
2.888528630769158223e+00
1.944930158193442393e+00
2.615753242044778659e+00
3.046994624000755714e+00
2.850345865483196128e+00
2.730945262766388382e+00
2.587534810823797216e+00
2.928798151731777377e+00
2.375848163132523005e+00
2.734874857220528810e+00
2.886548705693857464e+00
2.256640426521654419e+00
2.747341901401791464e+00
2.056354209124178656e+00
2.800524959764382871e+00
2.714166845428043651e+00
2.208712152517927851e+00
2.859376121414909822e+00
2.786536961483613961e+00
2.144085379132737668e+00
2.478043472536888281e+00
2.743639462189450207e+00
2.930258940806749202e+00
2.174512788851131084e+00
2.927222585526482401e+00
3.060242005376621055e+00
2.177723637579510818e+00
2.634331945221551230e+00
2.850210886799419807e+00
2.552870004085608713e+00
2.346718268314592848e+00
2.600308242983615514e+00
2.953039523584546799e+00
2.885234499968629240e+00
2.708010221074798274e+00
2.713706642597577545e+00
2.284777377815937260e+00
2.799945538320210758e+00
2.632962511849467724e+00
2.620877993879870083e+00
2.681814307987462787e+00
2.137869005145901724e+00
2.981676293477931505e+00
2.357544198734825347e+00
2.764775355182365502e+00
2.814943158615462515e+00
2.965050926628381323e+00
2.934623284968598256e+00
2.302182291828993144e+00
2.209316247205665995e+00
2.284635297667712006e+00
2.487147358119765173e+00
2.225954960339216360e+00
2.918693183835598504e+00
2.580644986805467944e+00
2.680482686165547968e+00
2.326677344482122933e+00
2.333129135733067461e+00
2.387420952185034917e+00
2.277751416708734933e+00
2.522933249572980152e+00
2.875877513875070957e+00
2.381649189350148799e+00
1.965346514758752328e+00
2.681035111724751285e+00
2.460943750379725348e+00
2.242426799557867945e+00
2.415104814014394030e+00
2.816389078621592379e+00
2.614946569691059430e+00
2.021603277026475354e+00
2.417251634694530082e+00
2.781239250170378874e+00
2.141302231242618426e+00
2.601111073430497633e+00
2.609325444134587890e+00
2.426470625981131057e+00
2.837389766358257681e+00
2.580172159255648356e+00
2.776751307977158412e+00
2.586392289404199740e+00
2.460947294536567131e+00
2.725744544555907201e+00
2.116172965658314808e+00
2.762066510210940962e+00
2.895507473076103011e+00
2.133251282080991018e+00
2.733986737239243681e+00
2.882625229228575225e+00
2.763527640755651937e+00
2.934989589237105623e+00
2.100053876256225749e+00
2.947732681125975862e+00
2.970826340028793755e+00
2.227866632628433763e+00
2.640226616837107798e+00
2.342969262504203343e+00
2.488871397798801066e+00
2.631240394525590442e+00
2.962761677532633975e+00
2.894017375331316977e+00
2.568540520826314122e+00
2.651378009746699682e+00
2.338615433809267508e+00
2.464117147205362457e+00
2.963658286671084774e+00
2.426046156942630816e+00
2.486006105458891113e+00
2.408383304763301869e+00
2.608698206049957058e+00
2.390677740413408969e+00
2.367405903462092454e+00
2.704570674490923032e+00
2.421470278285539734e+00
3.013855217324519664e+00
2.735639632619426553e+00
1.921575862190117334e+00
2.553463416886290194e+00
2.668762494576673916e+00
2.941992659573068991e+00
2.673210577419614875e+00
2.688162632577979494e+00
2.840948627891154654e+00
2.683836992276487088e+00
2.962102221475434227e+00
2.949602781514601091e+00
2.921628806402139844e+00
2.705599448257408834e+00
2.304490059618224507e+00
2.950276475195884096e+00
2.180064259911647540e+00
2.712610701970137317e+00
2.699020055431317733e+00
2.431160126705785629e+00
2.622593232438413580e+00
2.372746741841641249e+00
2.571788139434933562e+00
2.828809129761726382e+00
2.243778686086338681e+00
2.354196584351174515e+00
1.893443483650545156e+00
2.705825913044805908e+00
2.127890770265649323e+00
2.343484210001174350e+00
2.666119861189741425e+00
2.305326325834599288e+00
2.820288587800710456e+00
2.471811955194874066e+00
2.143647566854713915e+00
2.717173827216959214e+00
2.754042318023918412e+00
2.161718611676350932e+00
2.367041375444830287e+00
2.287979089999077065e+00
2.059525586156516930e+00
2.375909242328646975e+00
1.929182995465509309e+00
2.774825906068420167e+00
2.544931448274967423e+00
2.251158776861576172e+00
2.887043906883126176e+00
2.383274273936483389e+00
2.588076362014122278e+00
2.667472572360769956e+00
2.583415697525978771e+00
2.528263337787761689e+00
2.564977843541661251e+00
2.622864607123446490e+00
2.632290723125380705e+00
2.902622502123479720e+00
2.736695722029867994e+00
2.514892039194694284e+00
2.708106316307316686e+00
2.479506253413563677e+00
2.466871508327733498e+00
2.909448808565421540e+00
2.760560665786768730e+00
2.843660073855232451e+00
2.956170466100036087e+00
2.754699325787458797e+00
2.831998972828288608e+00
2.758845138707621825e+00
2.595438400080031460e+00
2.528305699439555632e+00
2.696643928101829957e+00
2.947801934587180206e+00
2.552879976260824080e+00
2.395083220255735057e+00
2.241577295083001076e+00
2.927543234630522573e+00
2.683391859034162330e+00
2.701618422578155432e+00
2.947928792588393243e+00
2.787045628163129063e+00
2.509996212815097216e+00
2.801644994529914001e+00
2.672849761719188422e+00
2.371592452851932542e+00
2.533390726063376341e+00
2.340670379030457493e+00
2.704670715673947790e+00
2.659281992612422929e+00
2.625328018595785018e+00
2.256074209658995411e+00
2.508657339217577498e+00
2.389026988673260021e+00
2.570810434800432809e+00
2.869261605920998104e+00
2.493149847186236112e+00
2.416393832537084840e+00
3.060183857000562391e+00
2.818483900151879329e+00
2.354147347613223307e+00
2.770980712475524577e+00
2.867977516578628538e+00
2.928640557171268810e+00
3.050643451448687316e+00
2.918519483794583813e+00
2.480217660914198596e+00
2.480532290349599656e+00
2.156658783327729978e+00
2.955777297061651598e+00
2.756076018845301068e+00
2.789902003763435445e+00
1.998980190005568591e+00
2.678609253727535666e+00
2.331186949264113295e+00
2.797812112998572243e+00
2.728830388021670217e+00
2.265556931651297567e+00
2.211679314485214043e+00
2.074579286860806171e+00
3.096922714267342780e+00
2.299085967215078519e+00
1.883997444535172372e+00
2.954376225107665288e+00
2.370191208667544736e+00
2.856651402833273234e+00
2.358814892124710294e+00
2.901347361185045326e+00
2.865135983256598351e+00
2.380353156160517791e+00
2.523893426980058585e+00
2.726498970430327962e+00
2.290164625775651608e+00
3.088764694254478638e+00
2.548776812526861058e+00
2.913570319859873692e+00
2.349581661602891725e+00
2.062896335380197232e+00
2.622702563610541660e+00
3.024408328774019328e+00
2.731718717208387215e+00
2.511976941812475328e+00
2.538610799930941297e+00
2.848359735547762561e+00
2.338694597057223490e+00
2.968814019350356492e+00
2.632699969666520534e+00
2.175768724916248065e+00
2.919068172754622381e+00
2.628096876223483314e+00
2.717928904220089592e+00
2.615071945134353815e+00
2.936483701939876845e+00
2.297896839089345278e+00
2.945952668672018326e+00
2.367273457195866460e+00
2.460772524829968777e+00
2.053191881950659159e+00
2.469013399267098396e+00
2.709915463930954171e+00
2.485045539449045826e+00
2.592049005553554775e+00
2.778556061295147650e+00
2.570921181861489657e+00
2.190076676171007541e+00
2.647734819238354742e+00
2.861110310634799259e+00
2.781037708268272457e+00
2.375398103263504535e+00
2.547999009472084353e+00
2.981363346054111130e+00
2.703735194670498831e+00
2.839749278597107462e+00
2.579312414607485060e+00
2.344828937639158006e+00
3.013946328798537966e+00
2.659472389466635445e+00
2.767784141031311318e+00
2.196707494194470200e+00
2.795944579986530343e+00
1.927606839384054638e+00
2.796065301564351291e+00
2.702881840276670111e+00
2.575443112737083595e+00
2.573118608119206563e+00
2.454591415658320841e+00
2.226272274410177054e+00
2.695074690117707394e+00
2.798849124397131849e+00
3.031621483532732420e+00
2.911791794257194699e+00
2.806050165764553572e+00
2.699435935149447019e+00
3.027262576807185468e+00
2.384196266310558254e+00
2.258376304026106229e+00
2.866852909317953557e+00
2.183183906774019523e+00
2.720443689718183844e+00
2.618904069252850686e+00
2.103817536783125774e+00
2.494472648293821315e+00
2.838984648133409561e+00
2.788875787156922303e+00
2.334509197208791687e+00
2.318712192211105361e+00
2.761470317006665010e+00
2.382674634288584059e+00
2.876836015565900517e+00
2.489993780709772064e+00
2.654399371283594267e+00
2.455753196721983667e+00
2.661018606845774848e+00
2.178953897666608963e+00
2.174714710524922712e+00
2.642847367438259099e+00
2.625683340012996858e+00
2.243665064390267361e+00
2.022103902809027964e+00
2.231607196780725388e+00
3.014550382934097161e+00
2.427402602533085485e+00
2.978145856864586438e+00
2.786812342946578092e+00
2.419904881210576342e+00
2.526738011092537040e+00
2.742137943655976073e+00
2.031660603354326966e+00
1.999724375847991897e+00
2.672206428842989201e+00
2.268090372958008416e+00
2.752302946490297053e+00
2.468679105588952094e+00
2.894770967273917694e+00
2.779879370472178923e+00
2.218953043355289090e+00
2.735778253127882920e+00
2.354224032000065581e+00
2.498602863468369240e+00
2.377546688226821026e+00
2.907368952714297627e+00
2.639549981157546465e+00
2.527256871349846445e+00
2.590273234517493250e+00
1.975737364228016490e+00
2.091299933378648390e+00
2.468226036847690708e+00
2.224968270704647644e+00
2.133489325607969889e+00
2.593755225662207842e+00
2.613619387029844976e+00
2.572210597054168879e+00
2.568755403540199822e+00
2.226854889673318016e+00
2.727294627007414096e+00
2.602383233644010474e+00
2.699594863228355290e+00
2.237684512156307814e+00
2.505553897485237158e+00
2.410329003102210876e+00
2.851737342938760467e+00
2.880198707407950920e+00
2.926631678407227266e+00
2.492596342204298487e+00
2.511228236977058437e+00
2.316135250474676166e+00
2.703480834013950673e+00
2.877452758790624898e+00
2.868268004457293241e+00
2.608967945968626356e+00
2.642723599853978644e+00
2.453615168274735581e+00
2.473657940290162394e+00
3.004582659773251674e+00
2.231353028400820282e+00
2.727108522152051684e+00
1.772981208194840619e+00
2.892861299907832251e+00
2.641169250384096223e+00
2.908373660625035217e+00
2.550890672957943028e+00
2.581587672144848966e+00
2.674491898536664358e+00
2.343502277329318151e+00
2.794739385609360305e+00
2.582758539438440692e+00
3.031239204124301256e+00
2.743306006523942298e+00
2.781922666210626005e+00
2.601836679853007261e+00
2.893733563210669768e+00
2.836647276823867081e+00
2.598754031423615274e+00
2.557312648109936859e+00
2.825312616375502905e+00
2.295289788452845592e+00
2.237645221368361526e+00
2.234178373523106220e+00
2.590036980792204790e+00
2.722709364811989996e+00
2.146212991143689131e+00
3.031570811833039780e+00
3.089257870838801434e+00
2.087971716627658125e+00
2.695785028426977092e+00
2.906549408612709051e+00
2.746417169841451233e+00
2.313297309982596861e+00
2.425515154550536678e+00
2.626284195796044774e+00
2.771729563000157270e+00
2.537683120184177632e+00
2.444108433181455098e+00
2.879361188131165594e+00
2.823739413545058419e+00
3.103833578253065717e+00
2.444187599419868295e+00
2.498445451240415949e+00
2.892899034762089983e+00
2.682906099707343284e+00
2.301415388487268121e+00
2.651865518395502441e+00
2.833733105486841986e+00
2.760875463256344364e+00
2.606827399898592024e+00
2.840051596677345191e+00
2.920113180714980938e+00
2.724199379261664333e+00
2.466170969134508173e+00
2.694973577047687030e+00
2.754202450084567655e+00
2.718374575524002967e+00
2.315614265920011405e+00
3.090255242228490129e+00
2.539407744349585272e+00
2.761989043474390115e+00
2.838016641633580139e+00
2.518964717724727187e+00
2.711868447083380040e+00
2.430373710556356759e+00
2.312171054089344757e+00
1.678120831767600851e+00
2.814952928140344479e+00
2.645254080701101351e+00
2.353602540274545962e+00
2.661139448467682911e+00
2.824401994667047333e+00
2.233984081437172975e+00
2.270451930343595492e+00
3.053489526765098994e+00
2.759436530323142733e+00
2.870891555168531450e+00
2.287220134065034216e+00
2.925971747926690014e+00
2.593604866271595366e+00
2.434807351664282749e+00
2.698865445112670791e+00
2.188694926084838510e+00
2.673799132926071742e+00
2.499005938469327504e+00
2.001976205770503725e+00
2.478849145160612721e+00
2.683448148809717271e+00
2.629680011676762241e+00
2.385215359685791014e+00
3.001365543303062822e+00
2.671252009562831375e+00
2.930332600756520911e+00
2.815719311433069194e+00
2.608000355408422344e+00
2.806021269462139589e+00
2.475723616842383290e+00
2.893135336245819644e+00
2.450290326928404649e+00
2.417661929256747833e+00
2.688030395961205965e+00
2.068109465722903995e+00
2.760271451632979822e+00
2.651089467274733380e+00
2.960182699454889654e+00
2.612677539196743837e+00
1.847783620861340959e+00
2.521227188441852896e+00
2.441721144444885638e+00
2.312129378625054077e+00
2.407031344628699721e+00
3.064661434514448501e+00
2.590491757911313364e+00
2.793636710672435797e+00
2.131670906777454633e+00
2.740404204432287827e+00
2.027223156784940805e+00
2.984455976230419694e+00
2.669219751019402231e+00
2.194390236172007125e+00
2.459267417943109102e+00
3.111717651096458148e+00
2.633378536811364690e+00
2.619210944308368205e+00
2.175971931952884741e+00
2.554544137798972159e+00
2.209488533612280925e+00
2.805056263023407492e+00
2.382429218203491850e+00
2.954340329224533157e+00
2.248201817086428633e+00
2.808925668614098647e+00
2.529843454566711891e+00
2.650619505227026718e+00
2.758164285705058560e+00
1.922148340191917715e+00
2.034429625235901096e+00
2.545930364834197324e+00
2.723010774957216107e+00
2.617751743253375452e+00
2.687613980672362235e+00
2.612132080450246807e+00
2.822164663802341877e+00
2.400891961643027983e+00
2.609739393054428369e+00
2.607845018733899067e+00
2.930737037969620040e+00
2.172708951557962287e+00
2.463920883441552689e+00
2.463063838589150123e+00
2.912829539715499738e+00
2.935956409767257469e+00
3.027508161342011395e+00
2.507564039892213437e+00
2.304191076657305270e+00
2.460207136232593683e+00
2.629600818987694932e+00
2.353049171261174521e+00
2.563351931452412913e+00
2.612958845045098233e+00
1.940238087614791773e+00
2.714259336282846213e+00
2.510590442135575806e+00
1.908026218720902500e+00
2.166550555315314597e+00
2.082488613419686274e+00
2.812295688810881433e+00
3.030596851793686763e+00
2.533417864590577828e+00
2.819401988324828690e+00
2.267192132423698325e+00
2.305560157084734385e+00
2.973653993679996610e+00
2.359863666913852409e+00
2.507946613529252744e+00
2.780850065491631273e+00
2.288095124549217374e+00
2.864329024271895729e+00
2.074510211420603767e+00
2.328542769688034308e+00
3.015799222789500522e+00
1.884470204828266215e+00
2.210427521117686922e+00
2.092167643969369273e+00
2.505303096518883166e+00
2.797370448076443417e+00
2.658929285107186846e+00
2.755919007594668013e+00
2.366809796457706838e+00
2.551731465929701681e+00
2.376089641235660910e+00
2.687012619090215271e+00
2.786439705339978090e+00
2.746127584947900324e+00
2.437635774018508616e+00
2.612222019041616328e+00
2.900091190500782901e+00
2.479713100737808595e+00
2.950062990124158180e+00
2.783322383701474667e+00
2.506370171401564484e+00
2.712737012554764515e+00
2.086774019983152151e+00
2.057883106768588988e+00
2.994346906438565270e+00
3.087818408667857728e+00
3.075491936484469946e+00
2.981533389637127662e+00
2.888319945082770790e+00
2.704680757445056649e+00
2.678481457675190303e+00
2.106090676098245851e+00
2.606196637385400638e+00
2.617511921147023912e+00
2.324610409041220738e+00
2.402236989957517999e+00
2.190208857553203714e+00
2.679568740274575589e+00
2.690575105542356571e+00
2.322932462852661306e+00
2.890512007433760022e+00
2.325950167022325488e+00
2.826594606189838821e+00
2.404068405157339328e+00
2.546679478267362740e+00
2.574387613991408585e+00
2.631677946964540382e+00
2.283572952760274610e+00
2.354481335057065028e+00
2.860735849384972607e+00
2.358179735800354671e+00
2.584305064832926213e+00
2.744178922878663052e+00
2.233940159954497684e+00
2.997897663045539396e+00
2.682849568751132896e+00
2.478792531058620519e+00
2.301788121288845357e+00
2.794998892206789431e+00
2.374993847795999091e+00
2.264775910869997411e+00
2.747862949832467372e+00
2.328861977916357073e+00
2.367221059778974013e+00
2.702813247988801848e+00
2.927998698097217467e+00
2.732318918050012702e+00
2.007317911947503752e+00
2.228188214739194706e+00
2.820442287068816167e+00
2.626389304632204436e+00
2.207575978718223197e+00
2.840439173746914570e+00
2.779821979840778390e+00
2.578083600343732851e+00
2.786727454929287529e+00
2.608399999761599197e+00
2.395343590051863814e+00
2.268125489284323226e+00
2.735062878238041950e+00
2.269299019223764091e+00
2.799256334394029544e+00
2.673416579055616804e+00
2.972598539395796990e+00
2.941028603833085509e+00
2.395830392090850580e+00
2.468279478015977801e+00
2.899541493064258013e+00
2.497881250921487606e+00
2.156010540649802465e+00
2.262285353714630354e+00
2.694242680390080302e+00
2.381697747332876425e+00
2.642524005850714008e+00
2.753880456920551278e+00
2.785934422937965227e+00
2.677818148177321333e+00
2.692211007501358111e+00
2.804534260896349718e+00
2.657615135724223698e+00
2.514272508817945173e+00
2.979314799435009320e+00
2.698850190775926805e+00
2.460054286892835229e+00
2.828131421961429304e+00
3.001393335253303984e+00
2.858649733369486245e+00
2.200713586896724916e+00
3.030560207910272030e+00
2.649684064856899113e+00
2.747484612447432362e+00
2.593931142636441756e+00
2.429824097760814539e+00
2.428969629247742290e+00
2.777221847984642888e+00
2.359100844098379834e+00
2.598996325192338475e+00
2.209416229782021901e+00
2.544181336053100040e+00
2.491061904334396004e+00
2.617339554570123017e+00
2.161063829426005167e+00
2.383618516416439626e+00
2.426865787016077469e+00
2.251396328552798476e+00
2.802675118280623323e+00
2.662196276295094588e+00
2.675696589754894994e+00
2.636379820228334836e+00
2.669342234666673086e+00
1.923247867025062563e+00
2.543998168613298194e+00
2.418749184182498624e+00
2.536787470085467788e+00
2.440503404046409308e+00
2.440874476376890811e+00
2.767464751391775390e+00
2.151145620867083164e+00
2.486247423342839546e+00
2.747210662768192702e+00
2.231279716552468706e+00
2.604806684841862285e+00
2.837826228705086162e+00
3.028290984067445013e+00
2.079971721242162008e+00
2.778745013252232443e+00
2.416364445372789937e+00
2.712914941021022042e+00
2.440809735606772612e+00
2.803446698553565763e+00
1.723369464643862869e+00
2.289919874194318083e+00
2.367078779457792326e+00
2.620222593123110677e+00
2.501849201943831869e+00
1.862027321771841937e+00
2.240631415396865833e+00
2.231434752532204691e+00
2.605904608972703151e+00
2.902128452089804522e+00
2.380909210221516581e+00
2.586231650275512273e+00
2.890115423594205257e+00
2.803195822110279956e+00
2.503028601713225942e+00
2.761689591323263304e+00
2.735266832839582385e+00
2.307933512916810148e+00
2.293936606934107836e+00
2.594164312871489297e+00
2.085282974003085599e+00
2.687247195956841139e+00
2.785804066897294096e+00
2.693631377323133513e+00
2.649427416119663814e+00
2.665722494016526500e+00
2.530449993773411066e+00
2.777262978984565311e+00
2.493840100465480436e+00
2.572445944345021829e+00
2.130969906395973723e+00
2.652323420340526372e+00
2.494480609760125311e+00
2.368757310487842993e+00
2.918192818399968136e+00
2.531229536322652685e+00
2.318142210168021577e+00
2.385674506327585043e+00
2.635962388219394104e+00
2.616212414753645632e+00
2.748892658184165061e+00
2.777165044278369521e+00
2.477003136491569002e+00
2.543942297981032219e+00
2.553000065383308481e+00
2.561025146537075692e+00
2.521360191793478034e+00
2.686654908472372760e+00
2.455667662259342965e+00
2.376691638826073039e+00
2.422027498120436828e+00
2.677634016218167989e+00
2.825538789912990900e+00
2.369612813322709233e+00
3.062882128330795428e+00
2.670083868895082535e+00
2.584807376241572641e+00
2.505001827847171292e+00
2.215913589815055040e+00
2.451462509627760689e+00
3.043606101871691116e+00
1.647049217054582293e+00
2.633977002338692586e+00
2.596171932291750917e+00
2.647963815425840028e+00
2.179678488971879879e+00
2.823765200232571715e+00
2.533705617683742695e+00
2.566811079601773127e+00
2.477979921817228259e+00
3.037698189266079929e+00
3.031816649600465929e+00
2.573154553875431017e+00
2.371529993976071005e+00
1.941632715985173618e+00
2.622322759146461291e+00
2.807705224625657081e+00
2.929448525263941949e+00
2.466669005534511072e+00
2.547238000469532526e+00
2.935472332322253575e+00
2.878542886705006243e+00
2.607798158585096893e+00
2.122703658336928534e+00
3.015657813454664549e+00
2.878752224049264896e+00
2.925259161808113184e+00
2.722197208631700782e+00
2.711611082932872119e+00
2.853025366049887435e+00
2.878534678882359810e+00
2.099990783648089554e+00
2.462219743413611717e+00
2.687452245833120479e+00
2.966750690214562614e+00
2.817935128343442397e+00
2.823494019047184445e+00
2.299284333606903985e+00
2.571321161412811751e+00
2.189502590288127326e+00
2.891280510054933917e+00
2.927665155651674844e+00
2.785816355058050586e+00
2.123445403258855890e+00
2.448578593878929510e+00
2.707183551966896751e+00
2.753534915382491732e+00
2.623963118303660913e+00
2.621988944785143438e+00
2.899201102459663559e+00
2.663519691065474593e+00
2.567302917460604572e+00
2.624291772659732125e+00
2.835468489644357160e+00
2.680602587485041433e+00
2.964765199807482432e+00
2.526927770841862930e+00
2.324573074520875249e+00
2.377217793587556471e+00
2.529585465019424717e+00
2.783540078375751570e+00
2.153038088385879512e+00
2.694534325965634469e+00
2.156034577330422586e+00
2.695395675690072768e+00
2.569558663281657829e+00
2.479355605800203310e+00
2.994071027720234479e+00
1.890558586867456814e+00
2.881939754119658303e+00
2.796561561413111185e+00
2.065466430888085014e+00
2.702673070091308638e+00
2.440270840284121778e+00
2.422919351782266695e+00
2.130793981339179410e+00
2.841346894413922630e+00
2.154540071205362395e+00
2.867798487696164855e+00
2.566287130961980800e+00
2.996798392035556091e+00
2.913653847180312617e+00
2.775686326790375524e+00
2.668744748192325211e+00
2.664817856549622999e+00
2.900872231286673042e+00
1.948427494771980628e+00
2.546719420327266725e+00
2.726514040485943369e+00
2.431118782356628483e+00
2.266754420087150113e+00
3.033644363463563476e+00
2.801609165472545904e+00
2.224736303918306568e+00
2.163814512712742388e+00
2.592908365523529213e+00
3.063298211403850502e+00
2.335957306835021008e+00
2.474517423647989212e+00
2.944606026227940543e+00
2.826017300233764740e+00
2.783147148153805706e+00
1.945095089340462158e+00
2.586391078090590767e+00
2.553672647607079682e+00
2.478873517348255007e+00
2.433174306228141681e+00
2.491464525695360255e+00
2.657401086486575803e+00
2.761750739797190768e+00
2.857798466700079310e+00
2.368632972235308998e+00
2.536035036343668558e+00
2.606644586154839516e+00
2.012675962254077966e+00
2.691539173241184191e+00
2.887075392932245688e+00
2.570125646162177979e+00
2.615308430004173790e+00
2.374980145005474164e+00
2.727390424595931950e+00
2.898781734906840324e+00
2.603836545344211384e+00
2.782782481024598908e+00
2.348104146420106897e+00
2.777000971827486175e+00
2.447471679102782183e+00
2.607726957395724909e+00
2.273054470013345707e+00
2.844817063270189905e+00
2.872929607301810684e+00
2.763958890264594181e+00
2.554061780482371979e+00
2.927392968608436785e+00
2.675141436204548029e+00
2.517238386909203207e+00
2.276870007369405258e+00
2.509787631746021486e+00
2.645080908091784977e+00
2.692718307484312845e+00
2.545643614156208212e+00
2.031948033784533703e+00
2.880499666002378500e+00
2.519036503433442320e+00
2.169011069169728856e+00
2.834053988558021153e+00
2.840976028025147926e+00
2.654445753292251187e+00
2.303683522570145303e+00
2.007810887276735290e+00
1.852325225302499989e+00
2.852240470546173245e+00
2.222429330234655609e+00
2.378402479513361367e+00
2.563349963638289708e+00
2.886485689285089862e+00
2.894684683316106621e+00
2.487972019949673541e+00
2.172365279803953442e+00
2.529947942626222357e+00
2.079269547142892360e+00
2.754395083136314426e+00
2.210533585609483431e+00
2.587622999537370738e+00
2.749730051051689106e+00
2.472304342679116473e+00
2.363305184036733841e+00
2.654581244307562482e+00
2.470460661800657043e+00
2.887662558830695225e+00
2.589461806661844889e+00
2.655137850088292950e+00
2.311214000788273992e+00
2.144275280059410260e+00
2.408496236103964350e+00
2.685399368670446929e+00
2.533577243575522608e+00
2.231032631086125484e+00
2.426972796511520425e+00
2.803947158403984563e+00
2.530467563019056509e+00
2.573116410652063646e+00
3.042395020396337468e+00
2.341487081285089200e+00
2.897502805337829557e+00
2.921536649679931319e+00
1.996430127742981009e+00
2.257661384685389017e+00
2.705422186298578335e+00
2.644903003267471853e+00
2.618832266900893657e+00
2.745490990385479613e+00
2.842165409478204730e+00
2.940224918132763765e+00
2.544578705656374673e+00
2.614818062105174867e+00
2.643541471125249842e+00
2.801300784546888689e+00
2.400720215652889067e+00
2.446635694437159003e+00
2.295977276455947180e+00
2.536036857000732780e+00
1.987500487395319038e+00
3.071294455789006062e+00
2.569453974871040991e+00
2.455643107929649904e+00
2.363387382328991038e+00
2.305507068268511262e+00
2.305785815097554980e+00
2.488000048973971978e+00
2.810405582625583598e+00
2.230097851738563008e+00
2.271218215974000199e+00
2.345407322312134113e+00
2.395594401862176870e+00
2.676715997015999271e+00
2.070279486960091564e+00
2.836263701613162436e+00
2.724949627228462568e+00
2.654816468036790056e+00
2.848317421696535234e+00
2.911521917477307930e+00
2.255750790219106072e+00
2.743581789939568694e+00
2.408113532769458498e+00
2.129768070681557823e+00
2.382480385688657165e+00
2.583393988812751729e+00
2.815857360629147710e+00
2.643725915520039660e+00
2.628186491038934314e+00
2.219618721039147591e+00
2.859682007466528564e+00
2.517975821830308547e+00
2.474402014921982307e+00
2.862682999243484794e+00
2.436021313056107473e+00
2.611332806952114449e+00
2.972387164509309176e+00
1.948202590389955136e+00
2.844299891388679669e+00
2.534484065456457991e+00
2.569888298149120232e+00
2.507961454845216487e+00
1.846738670873144583e+00
2.583796805938253893e+00
2.911356612445533010e+00
2.039536948187346876e+00
2.228415410994412760e+00
2.667374888351357942e+00
2.175514412599430347e+00
2.965414815984517283e+00
2.688978165596875414e+00
2.681201560293514419e+00
2.498120133905419760e+00
2.226762668210015228e+00
2.268589645647392405e+00
2.029074264013449813e+00
2.305480403437800696e+00
2.869911974324551363e+00
2.483893883413835990e+00
2.879045239267520540e+00
2.674242411714062850e+00
2.427430282258607352e+00
2.613357684652713786e+00
1.957335108060955120e+00
2.342274738838525217e+00
2.656759478207914249e+00
2.704845254188168457e+00
2.750148556748186035e+00
2.509729648938603397e+00
2.876300590376909661e+00
2.337972012343061845e+00
2.675545483299071492e+00
2.476085984751047686e+00
1.934019366134807738e+00
2.763148202656230179e+00
2.582082004267367559e+00
2.058833127072047908e+00
2.279591982543149431e+00
2.470410466413120787e+00
2.437612520972427532e+00
2.923714828847872038e+00
2.306749008737867257e+00
2.612019836685216756e+00
2.150610911656333890e+00
2.862260159508272395e+00
2.974126290891407010e+00
2.139553361278139221e+00
2.827882920936564126e+00
2.438039679123355175e+00
2.414820612839400304e+00
2.414092586487962766e+00
2.487495423699062957e+00
2.141345109063920837e+00
2.430684436666200821e+00
1.812113019575744000e+00
2.218158552818474405e+00
2.686703450183648201e+00
2.791902668228301021e+00
2.715859236383038944e+00
2.535246013287146827e+00
2.529310907429445976e+00
2.376602052939364995e+00
2.045845720091557407e+00
2.871281841401320811e+00
2.578385395690103277e+00
2.503542772656618176e+00
2.242246555986513457e+00
2.248409109484152957e+00
2.352586622670044481e+00
2.776158880525137373e+00
3.068998592287557781e+00
2.680056310354719251e+00
2.419703934815380819e+00
2.256732306050900139e+00
2.347845976315158012e+00
2.786358322170102486e+00
2.846953642254460348e+00
3.071346192246384277e+00
2.178823331196668267e+00
2.821202089016924486e+00
2.671223864256961011e+00
2.878374115855338644e+00
2.576558548637879476e+00
2.497724047178554674e+00
2.316762042729720417e+00
2.687056299555733219e+00
2.504894450612825008e+00
2.736358364750903327e+00
2.671364971250773213e+00
2.720148782551671918e+00
2.787229713011490251e+00
2.185467934366792875e+00
2.780353545964412643e+00
2.532202536657009784e+00
2.695137843157219937e+00
2.565950470501782821e+00
2.452367903474209854e+00
2.400210865568681573e+00
2.591029999900603897e+00
2.870483299338022931e+00
2.021480189009275286e+00
2.847356705138610167e+00
2.606630043483821435e+00
2.342298116088860738e+00
2.222277585515865184e+00
2.300727318419076628e+00
2.487844780990565496e+00
2.623446743409790116e+00
2.255353623685816267e+00
1.993696178772478067e+00
2.158926046592858583e+00
2.590276092166706512e+00
2.919375156521371917e+00
2.445994551972768605e+00
3.103216951343428232e+00
2.577762173445329985e+00
1.861669518239060572e+00
2.728216711288246721e+00
2.126113225346201396e+00
2.567227037947145796e+00
2.165824161075375898e+00
2.574635367983483469e+00
2.607947163971865656e+00
2.613952072242419877e+00
2.299139681749870601e+00
2.911186665668164419e+00
2.668927045050400793e+00
2.727129613570558053e+00
2.730508869797177329e+00
2.734679294399075644e+00
2.572625654283694274e+00
2.636065712300506902e+00
2.384510777054295261e+00
2.823405424604560121e+00
2.750786148788264107e+00
2.517544453184313635e+00
2.482083415898978185e+00
2.183399007313063578e+00
2.926143382644201818e+00
1.992730302506698914e+00
2.661291185570401119e+00
2.996295127750793874e+00
2.516667971217319000e+00
1.939160049449442980e+00
2.495635655784003148e+00
2.819228418378743495e+00
2.725190331759782758e+00
2.200056117909321873e+00
2.542164804179501747e+00
2.432524361921117872e+00
2.738845021713340433e+00
2.899444538268325822e+00
1.997428863162415080e+00
2.469964803620506633e+00
2.790556076384640427e+00
2.799587220289537104e+00
2.425502582177109900e+00
2.290743195640851049e+00
2.832683456755802798e+00
2.471961711502683734e+00
2.558148403038414287e+00
2.692655365485083774e+00
2.821115280007365111e+00
2.813149502206425012e+00
2.432473731985606236e+00
2.552706609838042873e+00
2.278038659163607704e+00
2.425907181878426577e+00
3.121704289066975502e+00
2.512895992307858428e+00
2.651358655202121994e+00
2.733814632965445135e+00
2.746640453086877542e+00
2.278326406350183575e+00
2.468424760152498898e+00
3.054844126272348692e+00
2.825738047308027578e+00
2.529266681300549990e+00
2.748089259460356537e+00
2.499300235614958954e+00
2.450809054286310129e+00
2.811266035995796386e+00
2.149641829269860693e+00
2.943697062301256384e+00
2.490013531463698193e+00
2.985834739489907630e+00
2.805526317236588962e+00
2.753357134914963922e+00
2.498718798548231312e+00
2.691023507084413069e+00
2.524356169630946667e+00
2.539966127545163044e+00
2.326672464702050469e+00
2.907263714061341098e+00
2.218534614421833417e+00
2.418394281070769036e+00
2.662067336279533070e+00
2.674741101244939578e+00
2.622037604657060150e+00
2.658840679797253248e+00
2.755974495916529765e+00
2.516084065365175260e+00
2.507331730525423907e+00
2.736737017718537501e+00
3.014183482558980831e+00
1.993130933301411334e+00
2.685386398563641031e+00
2.363404064025717233e+00
2.473373194804639574e+00
2.596139070643006086e+00
2.513564266305844619e+00
2.476817447554835905e+00
2.396542597735903612e+00
2.404890093101070381e+00
3.029419961682105811e+00
2.780858188663001496e+00
2.516191744416667042e+00
2.501623689202451928e+00
2.751850245076324697e+00
2.579161138413338161e+00
2.255646886953091901e+00
2.610450402781900880e+00
2.405122415588270446e+00
2.597735490721967189e+00
2.405391940792381167e+00
2.722600012192456731e+00
2.190665178668744772e+00
2.580703266468960866e+00
2.679721056203127727e+00
2.834088252345744241e+00
2.673273805367021083e+00
2.472538317572596789e+00
2.790027429088826505e+00
2.258680343337573948e+00
2.600223842811836938e+00
2.786261668400266345e+00
2.356928882472960396e+00
2.397885792326604371e+00
2.545309340503453033e+00
2.585763941652016396e+00
2.583407453183186320e+00
2.560874542897786821e+00
3.052536531120609187e+00
2.522548314390141933e+00
2.333082499021124079e+00
2.625463356327311537e+00
2.432723169541961106e+00
2.309979333230062437e+00
2.873523767051387789e+00
2.254028354665625677e+00
2.739896776234083564e+00
1.711916562218571913e+00
2.928072845308562488e+00
3.117082705827462163e+00
2.723259407267424770e+00
2.806899674857161742e+00
2.525595715977359212e+00
2.401796116486743404e+00
3.012205040548034507e+00
2.551842714615881302e+00
2.448294016865690814e+00
2.671574637817222708e+00
2.709038433590382766e+00
2.343274184615128597e+00
2.518584514207123703e+00
2.218440176621673032e+00
2.542518129248081848e+00
2.723779857709103691e+00
2.984930416070297632e+00
2.515061101322315196e+00
2.483705203788539428e+00
2.593598930689294590e+00
2.198135463956333080e+00
2.445525468179398310e+00
2.797637402347951774e+00
2.999577636284506355e+00
2.427586044256309084e+00
2.797193251455565743e+00
2.776491499719238476e+00
2.588667302910862222e+00
2.518205119147065574e+00
2.707392814053353636e+00
2.761352499856980280e+00
2.900553286977073597e+00
2.546243103537332075e+00
2.186175317210583557e+00
2.776177927801815493e+00
2.710860022780368084e+00
2.539628223387465855e+00
3.016628536464498911e+00
2.863906135526665064e+00
2.716165371355517166e+00
2.131987980910283298e+00
2.806495107891411322e+00
2.219450217221609289e+00
2.959019309920065233e+00
2.894423668999460464e+00
2.754209103374684275e+00
2.630867400634242070e+00
2.400596999176156210e+00
2.729710944820629592e+00
2.892133674342488803e+00
2.679975099446779030e+00
2.387396447568525204e+00
2.855543110256416384e+00
2.970333182362640656e+00
1.910785168749064900e+00
2.643684835246399523e+00
2.468990772132404476e+00
2.412130715828609606e+00
2.795092275773356505e+00
2.791254510275883227e+00
2.374270313629165852e+00
2.040688126589586204e+00
2.711839552984960378e+00
2.470167690412098160e+00
2.928842326697114196e+00
2.696169922307897426e+00
2.946341088464236257e+00
2.871868323501132192e+00
2.823587042783986423e+00
2.161346017644321993e+00
2.986436273672470776e+00
2.811893021781401991e+00
2.177272258996554744e+00
2.024847766321108633e+00
2.923997509352108004e+00
2.905183897767067425e+00
2.450005123675767393e+00
1.929937310446251830e+00
2.708207691811112205e+00
2.781737917739691923e+00
2.593282621389455755e+00
2.451774324201291488e+00
2.766061845228983795e+00
2.085586427841200852e+00
2.906917318463470234e+00
2.671524837209195091e+00
2.854508883248753737e+00
2.577208153694821924e+00
2.678054833546411384e+00
2.637581648977470383e+00
2.432766014460520765e+00
2.746836376800978918e+00
3.012335923798355353e+00
1.942213590717511318e+00
2.590584547253618197e+00
2.894912736695059330e+00
2.712489606389104413e+00
2.703022003179549326e+00
2.819068880555223977e+00
2.120650984915636972e+00
2.956598283594298771e+00
2.741413058299408068e+00
2.515621371742739143e+00
2.581917227669919601e+00
2.587327691779159000e+00
2.881851278310941122e+00
2.696469618551392777e+00
2.898486923315634289e+00
1.947652794650457375e+00
2.327310495076343244e+00
2.028110669984117820e+00
2.746912073488699146e+00
2.292400207674142987e+00
2.802032344491043325e+00
2.487721944366671600e+00
2.882080505837560036e+00
2.773154242552896331e+00
2.082499802529747868e+00
2.886952962076287488e+00
2.955828871779188294e+00
2.076817610228633981e+00
2.628723400423379264e+00
2.333234811904499661e+00
2.569775705772629593e+00
2.186798916637552548e+00
2.352387208640015270e+00
2.701273716881489761e+00
2.519254961037128648e+00
2.123528191640089435e+00
2.910257047214732218e+00
2.632106648824590778e+00
2.581116420439503845e+00
2.648530753217509748e+00
2.532622063272736312e+00
2.469140560966916365e+00
2.809536287012038613e+00
2.441901496906503599e+00
2.727626301756334470e+00
2.683358996070015490e+00
2.549240775757466437e+00
2.600481706271313254e+00
2.858177650909059508e+00
2.247116223366814047e+00
1.957851099716179988e+00
2.501574300232947135e+00
2.908722915242255347e+00
2.533053318399526965e+00
2.744080305325205860e+00
2.619566062664625328e+00
2.546818787051784660e+00
2.970726449930860547e+00
2.512003261223651585e+00
2.250549177244945298e+00
2.587094350984697311e+00
2.798739369989769799e+00
2.860342969133006008e+00
2.418040128099870678e+00
2.625282480434800725e+00
2.088143214516604118e+00
2.432568861063892474e+00
1.965608064988392245e+00
3.068855053662482568e+00
2.507704429963377279e+00
2.463948362958983562e+00
2.537042767847589531e+00
2.785790654412187095e+00
2.613202755261415877e+00
2.555808510883026852e+00
2.865162911992003458e+00
2.381484223100296838e+00
2.631784558579868261e+00
2.380597749931525176e+00
2.608594756719400110e+00
3.018870325894217999e+00
2.902318841992820531e+00
2.783860338452785133e+00
2.533980132778677952e+00
2.969199283495715935e+00
2.717592183496473801e+00
2.426239636060202098e+00
2.444299652285481184e+00
2.380590952379801450e+00
2.765176555573940487e+00
2.601915982299408014e+00
2.317130208037547767e+00
2.371376657821743006e+00
2.696097711183509382e+00
2.976005680616619742e+00
2.314892104239019588e+00
2.392910313524196475e+00
3.023464471096124484e+00
2.356280314849136470e+00
2.643728458127776459e+00
2.904389888067049341e+00
2.711005666086121035e+00
2.651903605708568978e+00
2.694707313899930234e+00
2.003184217004995382e+00
2.377101818286571966e+00
2.453429128729839981e+00
2.737038737585070880e+00
2.485938963712918337e+00
2.716782097860822809e+00
2.515425760076216655e+00
2.694929301270639677e+00
2.983930201027925833e+00
2.304295006860196615e+00
2.468043369021773792e+00
2.472880687478315132e+00
2.582617909613071916e+00
2.863352428412989426e+00
2.492435258064364945e+00
2.743662359752326196e+00
2.865333765051857107e+00
2.566332163723672455e+00
2.618987696479603056e+00
2.383733832141099462e+00
2.730734755597207464e+00
2.918545065948196182e+00
2.716923931557494676e+00
2.803678603916525347e+00
2.541524681636568861e+00
2.808595824192236634e+00
2.583262436307313337e+00
2.674214682306145452e+00
2.127536307389154224e+00
2.006100373791102509e+00
2.143019529221938058e+00
2.496107186826369340e+00
2.654653106016324760e+00
2.766510011022112803e+00
2.592603232664125290e+00
2.820256648495464979e+00
2.476482562483259819e+00
2.616732246214203972e+00
2.316070071058375479e+00
1.906961320251794545e+00
2.407294045762579771e+00
2.656663507696633619e+00
2.328310952727850491e+00
2.560686997538434539e+00
2.568144712861523793e+00
2.351296248504426423e+00
2.288495677783441096e+00
1.947105766878748589e+00
2.274085074506014159e+00
2.414344653787771744e+00
2.813149730601383069e+00
2.815932469211101186e+00
2.907755481074242088e+00
2.420480012164900163e+00
2.925213837300022934e+00
2.524038990452009301e+00
2.703022481636407459e+00
2.328738585036405961e+00
2.350133102701751575e+00
2.566265735600023135e+00
1.835293656884604552e+00
3.007430054501233574e+00
2.436029076136852822e+00
2.874735278433762531e+00
2.221804255401316652e+00
2.629971226026165620e+00
2.586781994039458077e+00
2.814485819442277936e+00
2.771518529400757380e+00
2.819760420371358212e+00
2.956214106672300446e+00
2.746367830072534488e+00
2.249326777412158584e+00
2.996543965701142564e+00
2.995972798199128206e+00
2.707733803523622473e+00
2.194019341029568082e+00
2.821406183211957686e+00
2.856062729368960440e+00
2.685231160619403035e+00
1.946463491427507408e+00
2.858686748093689722e+00
2.111860391452839103e+00
2.388035654733473123e+00
2.396622606859092564e+00
2.352087770300228531e+00
2.266115001211246316e+00
2.329373918007004995e+00
2.868382423483608168e+00
2.131995811616435255e+00
2.236396871925670382e+00
2.918367181877115524e+00
2.485392751125831357e+00
2.729981205205745720e+00
2.873575120803008254e+00
2.428277900442851411e+00
2.427811088727862554e+00
2.867808631728365309e+00
2.660817187675622364e+00
2.967099082171904989e+00
2.308167669029673963e+00
2.492152800636824761e+00
2.485589280776428822e+00
3.093973025247823472e+00
2.895115633420199508e+00
2.773067268397607421e+00
2.272549944091187157e+00
2.112266857103118234e+00
3.082434577769966655e+00
3.020150029481490694e+00
2.606484332815323768e+00
2.361651723616438048e+00
3.052390281621935930e+00
2.702128072862884700e+00
2.143126252061664072e+00
2.276028088738463850e+00
2.330889451989984096e+00
2.715933034583464689e+00
3.008606757396352194e+00
2.411467902310997058e+00
2.303288104898257416e+00
2.653360732549852052e+00
2.390360032452737649e+00
3.050250173312988533e+00
2.778721908326121426e+00
2.541706880001946445e+00
2.872180562830011219e+00
2.640625364904464867e+00
2.948342902595750381e+00
2.235986259964507727e+00
2.752133718392563821e+00
2.785755834889743987e+00
2.737716053429143592e+00
2.933524456056709528e+00
2.330206350850592578e+00
2.480204479862949007e+00
2.311772015409577552e+00
3.077583663880006704e+00
2.284750731820827330e+00
2.543695056018378864e+00
2.709509956905273409e+00
2.804485850141325454e+00
2.297733487272991759e+00
2.287523206997725822e+00
2.594192424766256444e+00
2.908238471979713857e+00
2.920713318585901774e+00
2.907859491150658116e+00
2.639236797141639723e+00
2.756620976316107807e+00
2.415624833434563801e+00
1.795144473732527057e+00
2.935498915384476160e+00
2.588183578046516331e+00
2.811680889619026846e+00
2.881232376416294372e+00
3.000753495815825733e+00
2.889761720240040965e+00
3.018901390698645937e+00
2.405673311952305493e+00
2.252853667074401933e+00
2.237228267078336774e+00
2.832538914003901009e+00
2.342008693635218464e+00
2.597887861782902430e+00
2.155612426988693375e+00
2.552019052040891633e+00
2.174702255534621820e+00
2.282392809996166783e+00
2.686468501754383453e+00
2.386280546069235786e+00
2.720640478079674018e+00
2.288496459701271135e+00
2.528619255797776688e+00
2.469867880499515334e+00
2.512938948500258451e+00
2.939919002156880623e+00
2.577167785802490396e+00
2.700620542726789530e+00
2.758051269422378216e+00
2.431659294018474249e+00
2.252306470405347927e+00
2.834698714166242528e+00
3.029407786598683927e+00
2.178679480880166608e+00
2.672798132621770684e+00
2.874364171959746361e+00
2.811617320671463194e+00
2.472862661157755770e+00
2.234924380952936218e+00
2.785306858397972540e+00
2.373060839209272466e+00
2.708684159237171318e+00
2.004517699921011253e+00
2.074154432227690581e+00
2.951031771616493327e+00
2.455169426851345982e+00
2.625803994924848617e+00
2.513848868500944800e+00
2.712765512820948910e+00
2.611635439091428701e+00
2.605652857043693871e+00
2.732383622867936346e+00
2.773906773998722652e+00
2.390149032735108037e+00
2.572508988207207636e+00
2.633836027408975156e+00
2.766528618788225646e+00
2.974346441087936554e+00
2.256049368669160504e+00
2.149176111866058836e+00
2.886461673062981959e+00
2.359049651059266228e+00
2.637230513185941039e+00
2.689077531990308856e+00
2.170112966353114903e+00
2.889351691494831176e+00
2.898523905313857174e+00
2.329234904961524855e+00
2.294955123161670940e+00
2.284219535867738848e+00
2.298383532606473434e+00
2.907364609524528909e+00
2.521898669693275252e+00
2.821347652775438863e+00
2.730908654441294381e+00
2.689070736996182376e+00
2.384924007483108621e+00
2.589457346303484453e+00
3.080962905449196043e+00
2.572530844773073255e+00
2.377919961080683819e+00
2.597245953875877866e+00
2.769026465470568965e+00
2.809161386641865210e+00
2.083553984596359765e+00
2.623262039056309725e+00
2.669707467627462805e+00
2.405882792662851877e+00
2.683560118778752113e+00
2.652235695727036102e+00
1.894467571629710356e+00
2.967652651698418520e+00
2.391940212735794269e+00
2.544310266944481036e+00
2.315203773830834422e+00
2.676780464787583913e+00
2.786426813934173907e+00
2.767441916960571735e+00
2.963089164068046344e+00
3.050305871174223249e+00
2.081760031311595149e+00
2.746147135326354682e+00
2.307007630997945480e+00
2.330362405519323943e+00
2.597437998962718098e+00
2.596396758179926323e+00
2.754364052148690956e+00
2.839510898270436456e+00
1.906100903769545107e+00
2.130143246184305283e+00
2.693865803616302568e+00
2.441507699184921165e+00
2.497210700283997387e+00
2.746884671779802556e+00
2.337383915608147511e+00
2.448370705671905512e+00
2.280005972055292762e+00
2.339509318493263379e+00
2.835221979785274016e+00
2.502064549246546754e+00
2.458393641246308547e+00
2.881909991729054710e+00
2.025631475931750636e+00
2.953904004637297742e+00
2.541999745997382654e+00
2.991493978991206504e+00
2.543309055339553204e+00
2.396052004769283705e+00
2.698872364619003594e+00
2.780856207525657098e+00
2.938707301467749833e+00
2.649964265255426277e+00
2.773995987290041487e+00
1.919135421135921282e+00
2.224437004199397716e+00
2.205486238358050244e+00
2.135804573408779827e+00
2.410290092228303038e+00
2.483075790533508354e+00
2.636882142441526078e+00
2.799159572340103708e+00
2.314821711561482864e+00
2.083991592591960540e+00
2.136148802521233847e+00
2.843780898396029322e+00
2.814730178501552160e+00
2.512037288596056239e+00
2.837598885156487061e+00
2.533225001453949243e+00
1.913289198380359046e+00
2.694163664055254870e+00
2.122004650289923688e+00
2.270608920995386804e+00
2.477525484739092398e+00
2.977735050991857868e+00
2.882874449091508140e+00
2.749209290131279460e+00
1.819034214542724959e+00
2.245177239362172283e+00
2.027420799584098710e+00
2.099109144323330955e+00
2.570646215525973943e+00
2.665211650241672725e+00
2.364433735751165333e+00
2.727758646539494070e+00
2.508357513081159063e+00
2.467833214913600859e+00
2.658784297617382553e+00
2.609755064700131744e+00
2.187120534830743868e+00
2.835877242544490251e+00
2.703395151629091497e+00
2.866011937518612385e+00
2.435373560784648728e+00
2.574339697865184462e+00
2.827558250857261868e+00
2.042454166543937966e+00
2.137154550242179596e+00
2.455690447652617792e+00
2.524673602183450605e+00
2.448912267210771265e+00
2.517122637837354127e+00
2.898614714366264611e+00
2.698950222777132257e+00
2.061061150539247322e+00
2.744175843639556245e+00
2.921558214839884204e+00
1.796478207454111242e+00
2.415587309680581996e+00
2.279999321802375523e+00
2.921253618451048251e+00
2.551759967792770034e+00
2.497923691645516975e+00
1.707765834899749313e+00
2.082055923446947787e+00
2.230188268922637551e+00
2.586454154258118088e+00
2.453329335789592669e+00
2.014450805825664048e+00
2.436310257994631190e+00
2.737348647293607939e+00
3.050774130028710562e+00
2.637333491913718575e+00
2.319255491823608573e+00
2.776278741829874885e+00
2.326337449944920976e+00
2.391168118895056871e+00
2.047607936993521172e+00
2.557032758909546288e+00
2.972481554809526028e+00
2.512987864222405499e+00
2.555334642480584506e+00
1.938975378248108283e+00
2.335111138568906952e+00
2.951011562474418870e+00
2.922596905561101632e+00
2.854725392074774604e+00
2.272179711701328930e+00
2.935731434641440707e+00
2.699859595249490596e+00
2.736845644976880543e+00
2.604180489803819665e+00
2.504970832804681802e+00
1.763589661708272915e+00
2.330438829347822427e+00
2.719170776265100287e+00
2.659800154660275417e+00
2.577542563041421264e+00
2.136718738412923813e+00
2.892306358916316711e+00
2.712386781533313140e+00
2.484070949495299718e+00
2.497009986972111850e+00
2.597265389568694793e+00
2.544518000026981586e+00
2.334668272659050192e+00
2.418130991403622865e+00
2.504129445147976973e+00
2.311965344141131862e+00
2.125454013199789660e+00
2.602834186233732972e+00
2.432500862734069180e+00
2.786385228360286792e+00
2.492314357020891435e+00
2.836716720899127964e+00
2.831719561218267511e+00
2.901829530758418763e+00
2.388514896999783588e+00
2.628749293551582156e+00
2.351576621404467993e+00
2.348607182340581634e+00
2.660399734113696457e+00
2.436935555088318495e+00
2.090570420779425120e+00
2.423554688618602349e+00
2.825380209143473209e+00
3.101491977480718809e+00
2.867486303560264460e+00
2.211079186260807461e+00
2.002322521141152833e+00
2.556099092695844011e+00
2.218237736912113789e+00
2.903284645942094233e+00
2.766666732684697205e+00
2.549983136296638975e+00
2.783798885813621116e+00
2.760680177319621897e+00
2.673029144782088640e+00
2.950578152764631756e+00
1.745364215873561831e+00
2.305252109944325500e+00
2.660426745689286498e+00
2.948944255495436373e+00
2.338751420478022425e+00
2.880690596081186605e+00
2.393082366530422611e+00
2.494930752129499663e+00
2.881988386844459349e+00
2.789992993127340171e+00
2.087933708429257962e+00
2.350252397620184563e+00
2.640942330569139962e+00
2.110829624559894313e+00
2.641375657989744052e+00
2.575535170017320574e+00
2.488732231917871296e+00
2.350311474751285434e+00
2.583578689370239267e+00
2.724097685095398624e+00
2.031430303972447504e+00
2.906035241077031817e+00
2.323765002370115518e+00
2.133645959104132572e+00
2.772274267996192254e+00
2.491503829225087063e+00
2.747838670067696221e+00
2.951137425429809280e+00
2.610064840214100457e+00
2.279470114564959182e+00
2.937225845374548783e+00
2.720273731014698271e+00
2.462295047136541903e+00
2.728553261822730391e+00
2.822046416609111485e+00
2.790913495106169595e+00
2.762501578021481663e+00
2.896231078988182439e+00
2.881683688738345683e+00
2.133124663868382065e+00
2.848558031987540318e+00
2.428020256800953902e+00
2.868187715536302029e+00
2.623435073568428422e+00
2.364558841912177911e+00
2.680633038245553657e+00
2.592386937397235247e+00
2.535689180972625856e+00
2.311244676236933859e+00
2.804964520101699943e+00
2.377367428406107042e+00
2.711263335227467763e+00
2.460514393446178616e+00
2.107666953111863251e+00
2.365180994596324027e+00
2.545347328600782610e+00
2.905264102423311456e+00
2.709410536265790981e+00
2.882438616678245857e+00
2.377358422146616412e+00
2.483891573768819860e+00
2.610466172081751246e+00
2.263405865716832999e+00
2.734434829776644094e+00
2.725980500051765620e+00
2.463890944191353682e+00
2.460174828115132772e+00
2.974206413273432048e+00
2.778609832129247614e+00
2.115545257719653627e+00
2.572638825221314374e+00
2.705863976240029611e+00
2.648496533998325297e+00
2.734345060454532295e+00
2.801929422488002697e+00
2.683752086168588846e+00
2.406038874374513359e+00
2.021262883825859724e+00
2.236205832564842400e+00
2.656158712817253686e+00
2.774295497604652994e+00
3.005200000338625443e+00
2.835990263438802117e+00
2.679619748271282909e+00
2.781616204599021369e+00
2.781261232114438098e+00
2.545783453056893464e+00
2.146267115846541174e+00
2.427131406015610615e+00
2.274276749711482637e+00
2.350425431689216360e+00
2.672016166625687639e+00
2.331415518591698266e+00
2.253302275243858066e+00
1.922548441095878635e+00
2.278169832255012572e+00
2.937962381958711955e+00
2.606456415840085583e+00
2.527293998135697883e+00
2.781124916117083679e+00
2.230574240335847946e+00
2.219534066226294122e+00
2.482575692026705916e+00
2.603407543506956134e+00
2.971479873996081711e+00
2.394044465634695307e+00
2.772306064500312139e+00
2.772366339374660704e+00
2.008981581357943913e+00
2.184704439972233736e+00
2.228917362843690242e+00
2.915870697237412212e+00
2.943636917772738837e+00
2.983529912451020394e+00
2.683124675300777806e+00
2.745085684375037083e+00
2.671617820951783795e+00
2.981667871405435655e+00
1.880366050109099962e+00
2.607846759436392325e+00
2.750943125920813692e+00
2.863018038107026264e+00
2.637961845589813059e+00
1.817180447376373742e+00
2.419457411808326963e+00
2.056715276498818579e+00
2.436829043249586046e+00
2.789686843908213643e+00
1.971454390840120086e+00
2.229370789500925376e+00
2.777440012831991822e+00
2.832242364316445382e+00
2.662990661260093983e+00
2.232579034637877768e+00
1.881423601299717641e+00
2.668854804022655181e+00
2.804158297395098032e+00
2.777839509171425192e+00
2.907529751406796148e+00
2.278577389169307743e+00
2.536254895254703268e+00
2.569075500476839302e+00
2.901734441280373389e+00
2.586066647277732500e+00
2.840385071367751646e+00
2.862271305345982508e+00
2.568479703568968375e+00
2.525699527803907607e+00
2.999374471818435861e+00
2.128217660393740829e+00
2.358546733690276564e+00
3.010463739322011723e+00
2.576318760833768984e+00
3.035458516275243657e+00
2.007071850740528518e+00
2.813740822092996474e+00
2.601616179431804454e+00
2.656510643867911803e+00
2.693464812963469068e+00
2.885309334447391016e+00
2.928673066045141660e+00
2.685483877725027835e+00
2.022212798928579414e+00
2.309653042674759682e+00
2.617170397910133950e+00
2.687356555982931106e+00
2.738542763992783513e+00
2.752841970395295323e+00
2.288660297813021938e+00
2.914114548772853919e+00
2.801013978644255165e+00
2.353949302630432783e+00
2.713774226349044305e+00
2.483619135926446564e+00
2.882083720737782517e+00
2.896372755410573596e+00
2.882063396799065647e+00
2.648750914027537817e+00
2.944898579030437169e+00
2.543274294365937660e+00
2.482166329277105454e+00
2.670372107352740887e+00
2.787020659202207096e+00
2.184431139373413266e+00
2.712882835433334971e+00
2.570930869281733422e+00
2.988828463216095077e+00
2.779019568358745751e+00
2.348238439781924480e+00
2.852312004589320438e+00
2.212873304525332596e+00
2.884301555089683777e+00
2.757450141974047142e+00
2.384702756648412247e+00
2.901775692890435465e+00
2.784206648115080895e+00
2.725734425419313656e+00
2.754910891544698703e+00
2.695013341045577882e+00
2.329557798800363955e+00
2.768155217640931198e+00
2.013517440948646708e+00
2.257965035892421035e+00
2.929765092581674946e+00
2.152563366044084603e+00
2.320374036786458483e+00
2.835913624693943369e+00
1.998947644582305561e+00
2.560891452837620985e+00
2.473365864985840545e+00
2.502252334234546183e+00
2.570553444086470130e+00
2.745553323999716966e+00
2.342116444065685421e+00
2.729406777417940688e+00
2.864850484761613636e+00
2.467156797371349075e+00
2.628057832590712906e+00
2.796532391429035869e+00
2.699154703669706112e+00
2.879601873857810634e+00
2.782961206319981340e+00
3.098678950233576757e+00
2.707413753502058817e+00
2.605323917977315773e+00
2.209800307360572535e+00
2.767299021860258001e+00
2.568864820873223209e+00
2.458543183561762824e+00
2.833558928875433480e+00
2.550852283233937534e+00
2.357010012912347463e+00
2.394997049073798845e+00
2.556974093711604112e+00
2.562940403272985890e+00
2.941642696164832760e+00
2.653510873526592206e+00
2.763191034384788303e+00
3.025697873613466538e+00
2.798539559951180422e+00
2.851429148351249943e+00
2.511481888262786288e+00
2.035725643203067037e+00
2.683935014410854247e+00
2.999034182355463596e+00
3.028560010007903536e+00
2.276661733771264018e+00
2.634162793835366223e+00
2.298675442038120575e+00
2.434812935465063166e+00
2.329025424332325400e+00
2.434634874103894120e+00
2.693213462419881132e+00
2.541807088298563055e+00
2.561878632359622099e+00
3.026315562390047731e+00
2.255069345532178637e+00
2.356780680816608076e+00
2.350668419151337396e+00
2.214260562748010308e+00
2.659695953213828901e+00
3.024922782955456135e+00
2.976933581728810285e+00
2.382109931116246138e+00
2.609933371752318987e+00
2.911519451732293984e+00
2.530571108759879451e+00
2.382244653075484386e+00
2.662329588799841051e+00
2.806691043105395966e+00
2.958225126684232542e+00
2.117194385038112969e+00
2.152240524661800603e+00
2.115110765740808141e+00
2.176697418669047313e+00
2.721580135705798043e+00
2.040406075834647837e+00
2.834098229461562202e+00
2.714545683680094967e+00
2.470935714504145508e+00
2.460619096245542980e+00
2.256208466274775670e+00
2.981068047309607838e+00
2.200797017765116603e+00
2.234496857894421318e+00
2.303652691608409686e+00
2.315958122334432101e+00
2.910412687660126618e+00
2.468585808388859881e+00
2.365670649901974176e+00
2.814984305800925402e+00
2.349888646654297197e+00
2.960499264416263543e+00
1.965292371152154383e+00
2.629042027465361642e+00
2.949834128768590968e+00
2.263903264997014553e+00
2.972837901961052687e+00
2.082509668268722969e+00
2.556070811189672831e+00
2.916376071192510633e+00
3.126826771645935477e+00
2.480148436961082670e+00
2.909645619638404845e+00
2.550198347761403195e+00
2.417913076801263106e+00
2.279149613973926236e+00
2.436400178124291216e+00
2.517665342252765726e+00
2.698810018023207302e+00
2.755293832419643874e+00
2.491257096158950191e+00
2.760188865208249354e+00
2.480886539034106608e+00
2.340430748801553218e+00
2.722479383290837163e+00
2.215939789913359270e+00
2.687362835653198001e+00
2.685172774460315992e+00
2.203740925128932382e+00
2.211217277034988271e+00
2.655467518058651777e+00
2.531462385163690598e+00
2.777156438041080477e+00
2.542024817634917166e+00
2.761339704055512101e+00
2.352586120129570801e+00
2.538346944460295962e+00
2.513839209126158547e+00
2.824045737724215410e+00
2.368488823723364334e+00
2.327146771792341973e+00
2.498625697725690209e+00
2.811158075021134461e+00
2.559082789287322690e+00
2.557221243716846892e+00
2.848285096042359577e+00
2.437227555303831394e+00
2.517732380107386536e+00
2.841174244937235027e+00
2.792155147466888643e+00
2.742513368211562774e+00
2.864989117948381292e+00
2.415870955122114694e+00
2.743881071095195523e+00
2.786866961032226531e+00
2.650083980712605758e+00
2.529727748845028490e+00
3.040037740929184995e+00
1.986075552762094132e+00
2.967782880482489283e+00
2.644629960457237416e+00
2.641893723615440948e+00
2.870450546126756208e+00
2.959962244541236132e+00
2.661702144655469837e+00
2.870123617868725052e+00
2.436356801040875375e+00
3.066822705866696364e+00
2.288528056527568300e+00
2.672675837427887391e+00
2.193410541399847258e+00
2.710189936107227027e+00
2.427328790410052228e+00
2.594485367605740223e+00
2.665142536115944427e+00
2.657482465141231209e+00
2.657408601563186590e+00
2.052179784881194902e+00
2.093332887491890393e+00
2.742691428848277990e+00
2.814005014423104800e+00
2.920226463943600859e+00
2.926396041664871994e+00
2.543027312515553362e+00
2.706915264280665756e+00
2.724549022398933040e+00
2.617967975147376780e+00
2.618644429497396509e+00
2.571613251170158598e+00
2.947119206151575188e+00
2.654422310610168978e+00
2.609222978959660377e+00
2.860636167403061592e+00
2.603076975589140751e+00
2.617722195935908491e+00
2.309700944291734004e+00
2.797430708467295357e+00
2.593170963247041438e+00
2.644552469996785504e+00
2.467459069751308132e+00
2.796618173648361072e+00
2.387630793993716249e+00
2.041642715892042936e+00
2.541735696369857411e+00
1.962432625314384893e+00
2.548664689023887320e+00
2.845615372503238483e+00
2.573058066504767538e+00
2.371656882973335989e+00
2.507536408494821956e+00
2.598756930545891741e+00
2.493998400001341320e+00
2.231252565859511705e+00
2.831164345762061441e+00
2.803729077797198155e+00
3.018798313435936187e+00
2.950998601773897612e+00
2.346757094578557190e+00
2.028118025350674536e+00
2.446025494324466365e+00
2.619942891042497113e+00
2.689224657510481009e+00
2.549817049224651910e+00
2.760201550581674379e+00
2.524183387048582361e+00
2.412132742016535936e+00
2.189033118708138215e+00
2.463515994909158735e+00
2.183324396684214630e+00
2.594424335849047303e+00
2.583666690192738535e+00
3.018687336983175484e+00
2.674933086202404109e+00
2.270667210728527508e+00
2.381682851446419669e+00
2.493083530330385766e+00
2.323036588979056738e+00
2.384087822362879638e+00
2.100480230339494714e+00
2.943806385426525729e+00
2.941093647117738463e+00
2.827941668269465136e+00
2.566481278698598878e+00
2.329395796179536404e+00
2.828817992998466035e+00
2.905857290343353938e+00
2.769144247111266388e+00
2.192358958435115746e+00
2.122390040225722529e+00
2.674562629307410511e+00
3.059329429581748805e+00
2.892967041381204751e+00
2.928577906448318835e+00
1.954805725835327523e+00
2.413570379740838323e+00
2.670927397705021633e+00
2.467876785496550429e+00
2.792489417154557785e+00
2.617416582502348099e+00
2.647067590426887662e+00
2.435692303308378381e+00
2.582746216815006601e+00
2.277578120342047097e+00
2.688930666284442328e+00
2.713002006219689122e+00
2.575234417606997450e+00
2.505416339944355641e+00
2.491090668655902896e+00
2.934588837265437622e+00
2.433001095553573911e+00
2.936777297276749632e+00
2.373801631217899555e+00
1.990659005123343039e+00
2.705271498986976830e+00
2.756525283693971762e+00
2.485739629408467710e+00
1.902781690660047653e+00
2.998296700912348012e+00
2.515003986405369929e+00
2.768547887485695469e+00
2.537539740163018642e+00
2.586842537953349286e+00
2.423590117833749780e+00
2.638931689556870630e+00
3.029526519088106884e+00
2.147505945035972807e+00
2.840275478449588498e+00
2.589572315450272555e+00
2.806754974512594369e+00
2.921546908581206470e+00
2.838251192756244379e+00
2.555726882936931510e+00
2.278413143629342663e+00
1.957783790826588710e+00
2.451295434987152078e+00
2.918118845249736637e+00
2.597436600822379482e+00
2.202963896577720071e+00
2.077209387373930127e+00
2.763031960371453266e+00
2.219308032558338972e+00
2.648319922557576866e+00
2.068627806990070539e+00
2.447888945521412563e+00
2.816165795809211225e+00
2.763027096895503298e+00
2.537019275630550741e+00
2.668693770438813395e+00
2.903295745267549410e+00
2.881621843578070497e+00
2.402736409733870815e+00
2.886149701696847814e+00
2.157184114480999337e+00
1.722316852691446964e+00
2.255111635065808251e+00
2.390919352340745707e+00
2.481272603728788884e+00
2.623376664158072025e+00
1.928331425420901413e+00
2.200517266334501620e+00
2.531856830431743255e+00
3.075364963527468021e+00
2.879845717559008200e+00
2.574943008663475474e+00
2.522415622293190829e+00
2.416602955684762133e+00
2.730524251855921847e+00
2.799351553204042276e+00
2.135968904833719595e+00
2.483499435389284304e+00
2.759920085524550259e+00
2.797207341103808531e+00
2.805119294597045787e+00
1.825629134316623770e+00
2.975388547406943474e+00
2.666603388781131567e+00
2.416101908299541634e+00
2.424765268010539820e+00
2.858231375538049512e+00
2.519086963857985140e+00
2.049238907154445677e+00
2.992962195390286073e+00
2.890092036500642170e+00
2.392499460008262968e+00
2.802292059356948251e+00
2.586519934118777009e+00
2.644517198617890141e+00
2.089276022165124758e+00
2.461080200602762780e+00
2.041756084888034728e+00
2.859694141208244833e+00
2.152802940730571990e+00
2.590115003442252206e+00
2.744105647015159910e+00
2.793986319003521679e+00
2.506264780273827153e+00
2.807530711881807584e+00
2.492721551340419062e+00
2.515247200275968265e+00
2.928343999810821163e+00
2.109260512861970138e+00
1.778761966200070654e+00
2.822252156320438132e+00
2.179579716531774736e+00
2.737617096918886883e+00
2.620042566067029899e+00
2.913343463876514328e+00
2.166320650737829645e+00
2.003485800118193438e+00
2.533898757525046896e+00
2.628319753815348658e+00
2.470776487158631074e+00
2.402181653965069330e+00
2.470302282092848412e+00
2.430126252704708278e+00
1.998532018504237007e+00
2.331228417643854023e+00
2.422713458737126402e+00
2.932721909400611615e+00
2.826692962723902802e+00
2.501886602626430367e+00
2.736594777371836429e+00
2.932003451688281803e+00
2.315378931747648750e+00
2.786905975100762767e+00
2.750469908651140383e+00
2.291386140911221947e+00
2.890813740426590339e+00
1.904319704089560306e+00
2.915570718239761216e+00
2.736387660087170381e+00
2.027988336250968082e+00
2.959180230688313262e+00
2.378023703613445949e+00
2.530495911135266951e+00
2.145403561611069598e+00
2.541514656921986415e+00
3.094143854883326217e+00
1.909079600093413154e+00
2.662587796378861782e+00
2.945985399749978306e+00
2.783213857534386992e+00
1.975688434338302102e+00
3.070184165335794191e+00
2.690333201006051667e+00
2.615779667159402244e+00
2.641546141683632776e+00
3.072668760601447779e+00
3.047748760286994596e+00
2.653323837124334172e+00
2.593375995590672112e+00
2.577222104898814870e+00
2.835754438279268097e+00
2.370340032200208391e+00
2.830751044061920130e+00
2.153577845925866097e+00
2.624310993480891252e+00
2.404647159211568130e+00
2.487449500185236584e+00
2.842309404523035710e+00
2.285980303553992066e+00
2.416375302073597187e+00
2.351920398818542424e+00
2.902221411894555736e+00
2.711143777490464757e+00
2.853963163321725727e+00
2.388338123289413417e+00
2.357233446670244703e+00
2.704276151589928290e+00
2.528245581885963045e+00
2.432394082665898516e+00
2.180084353275019815e+00
2.196497173753560794e+00
2.810140762547952420e+00
2.091758968968475685e+00
2.798365352392315764e+00
2.239038813067201428e+00
2.653086139773036312e+00
2.010116722534395883e+00
2.580793516773168594e+00
2.958030893946149931e+00
2.753119418600276536e+00
2.497573504375734998e+00
2.605025978370951734e+00
2.900455657517566177e+00
2.366668174040728267e+00
2.426261233463926636e+00
2.884179416852846511e+00
2.594340457806321609e+00
2.841254720185558025e+00
2.202838520774694775e+00
2.354626207720757147e+00
3.016719573909013796e+00
2.013655046430514073e+00
2.292488922726414469e+00
2.446365238162698130e+00
2.491773665096776558e+00
2.160741594519036468e+00
2.375716848691165950e+00
2.464729904889602974e+00
2.635467388663594868e+00
2.521566207269469118e+00
2.970101431499109434e+00
2.293605328585380576e+00
2.240031332661724051e+00
2.380832187583809656e+00
2.275750357953594705e+00
2.851480041669809395e+00
2.475131212714381412e+00
2.741020363741436761e+00
2.720306038098645018e+00
2.848941996910046459e+00
2.770634214300833342e+00
2.505308517578243244e+00
3.019718712841208852e+00
2.220757083888877492e+00
2.242709115401534614e+00
2.704238110668421680e+00
2.442765921546202534e+00
2.747909487623708458e+00
2.813455892176782047e+00
2.107520853485351786e+00
2.654404856828488146e+00
2.905880825672507939e+00
2.894874969892792471e+00
2.480966106892789291e+00
2.404908501531412668e+00
2.170410426930901693e+00
2.328896697473750166e+00
2.893664749050996576e+00
2.379681950968119075e+00
2.317948646975521942e+00
2.452650214606778345e+00
2.605848120644556065e+00
2.881476656032115446e+00
3.031882391965886381e+00
2.547386584313602320e+00
2.043027064016823324e+00
2.511990279808395954e+00
2.666367150103120309e+00
2.744585801315947204e+00
2.860481412682612579e+00
2.092514205680933159e+00
2.497593813374294314e+00
2.030462139538518063e+00
2.285144713855463916e+00
2.769443294684421630e+00
2.815333943926001226e+00
1.962840331872105049e+00
2.278414699485096229e+00
2.926436073202625110e+00
2.800920276700703315e+00
2.496618033461348141e+00
1.946530995609407455e+00
2.626261842086603515e+00
2.925066525299115927e+00
2.545554374180584389e+00
2.070795242526263014e+00
2.622143876883369806e+00
2.634048006066304737e+00
2.313127764330182856e+00
2.939570376755261893e+00
2.775207570074496921e+00
2.941845262334207511e+00
2.471138325480064513e+00
2.718176512333103645e+00
2.501309226260302943e+00
2.326234555722261454e+00
2.690049912781937280e+00
3.014543598674513714e+00
2.987253631683858490e+00
2.840530606190788454e+00
2.805086948116575662e+00
2.623792332645684677e+00
3.038353924355776670e+00
2.125328247281012217e+00
3.034546043584754660e+00
2.640992722722653951e+00
2.540400097907030030e+00
2.600518532072549238e+00
2.281404105330779419e+00
2.128116674767574157e+00
2.720626474067471712e+00
2.378745208195222727e+00
2.299139845053733033e+00
2.235127523253402693e+00
2.257010394718756086e+00
2.813385020550504656e+00
2.122008435338986310e+00
2.549273350253985271e+00
2.087001962222145401e+00
2.183189905061670100e+00
2.317020352693498708e+00
2.491447236421326039e+00
1.908793813132802830e+00
2.423149508910235284e+00
2.875001269200985199e+00
2.531213368833150401e+00
2.520042114374873243e+00
2.550490262626920579e+00
2.919153173568877602e+00
2.429845494561848618e+00
2.792191393620710116e+00
2.488142139420985721e+00
2.300253731399039658e+00
2.448756938996448973e+00
2.446503215940649234e+00
2.438900939479795582e+00
2.521866385714594649e+00
2.862713943935958572e+00
2.864026799818949254e+00
2.631321326207022526e+00
2.583932447472537586e+00
3.019297370528793767e+00
2.584072530951359248e+00
2.804087902224536855e+00
2.617344566989780574e+00
2.825433711960506411e+00
2.177477247150279460e+00
2.118330781765958459e+00
2.337055819129303380e+00
2.575529494402068131e+00
2.304555106744944570e+00
2.894589302533379982e+00
2.873229091302714533e+00
2.861605920214298937e+00
2.766286540071817068e+00
2.723810623724710389e+00
2.359337772126349542e+00
2.905127931592313750e+00
2.468113354442536433e+00
2.518828692409376568e+00
2.772563339303667718e+00
2.709476608237985307e+00
3.004484416013858628e+00
2.843623180853439347e+00
2.333631152205398962e+00
2.075488576429743492e+00
2.481916651115732897e+00
2.782864004881039577e+00
2.627873247232351162e+00
1.916287683787791352e+00
2.678499690830869362e+00
2.295304764817404752e+00
2.712265941510501932e+00
3.025642069962157343e+00
2.863885597671913530e+00
2.415444574685026602e+00
2.871528667142170477e+00
2.824586680878886202e+00
2.352980747544547224e+00
2.675391566122831577e+00
2.553871391258186296e+00
2.177059513388428513e+00
2.874756945191697888e+00
2.861780555549517935e+00
2.445982110191037062e+00
2.444795914597722941e+00
2.343159981010355164e+00
2.292131814507435195e+00
2.388956244871645929e+00
2.011922653328222843e+00
2.548317042534929300e+00
2.525603565569016329e+00
1.940968539126820769e+00
2.490418534295280040e+00
2.619763336025028977e+00
2.931746516477140130e+00
2.844105757537274126e+00
2.700637856217744215e+00
2.874110301828006531e+00
2.516581858688557105e+00
2.592118832680494478e+00
2.705818428243790930e+00
2.441231213573899161e+00
2.212477648039415712e+00
2.829290857006624194e+00
2.359684061712412184e+00
2.470590022619590709e+00
2.493326895018150413e+00
1.963247721099325327e+00
2.696151180313376639e+00
2.758023794233502191e+00
2.506175580505730416e+00
2.878634383622846737e+00
2.634844977673266975e+00
2.159901426156533244e+00
2.226058280258757183e+00
3.056815265318109098e+00
2.014965930144211104e+00
2.580925656529299062e+00
2.406718428239893903e+00
2.170888892084523736e+00
2.869619424340304814e+00
2.024963313935868037e+00
2.248340710789947128e+00
2.673446690730911346e+00
2.050749138214710499e+00
2.296905345642282548e+00
1.887814995205429058e+00
2.337311852118063804e+00
2.904695126475158151e+00
3.056942356968451513e+00
2.182965129877354027e+00
2.284772959993899288e+00
2.022200430957641348e+00
2.454038442741982351e+00
2.217686765445868513e+00
2.419720870046142558e+00
2.649044470281428865e+00
2.689464791382928599e+00
2.257715362066548437e+00
2.393568831526684537e+00
2.923099186905938396e+00
2.391325052601012136e+00
3.070162563861612348e+00
2.600452511495511931e+00
2.445783794596441574e+00
3.040771029260461944e+00
2.424903307900996730e+00
2.017895644525216525e+00
2.623942916262388625e+00
2.452855093919571683e+00
2.068201494579030353e+00
2.607513731752562069e+00
2.695948199247740984e+00
2.582558930579181844e+00
2.849160062411048688e+00
2.819352840217205003e+00
2.787152200235730071e+00
2.519647495581914143e+00
1.865994050712864949e+00
2.872493953931654076e+00
3.050665109583832191e+00
2.552070041837947389e+00
2.855514257331718042e+00
2.281341530548420593e+00
2.849023101148533854e+00
2.563690721765570224e+00
2.488435443514482426e+00
2.586713729190055044e+00
2.679488648051879807e+00
2.467726266692426229e+00
2.378665551151950552e+00
2.626774068713279675e+00
2.891845871870043272e+00
2.474525694909845974e+00
2.919947050581534587e+00
2.873801056233668216e+00
2.633745352263920481e+00
2.214270277527254471e+00
2.858429449449115367e+00
2.602277431291253329e+00
2.395630379050920578e+00
2.300130685752851178e+00
2.900723777028777484e+00
2.614188350608162015e+00
2.426672048558756067e+00
2.369126475064503801e+00
2.334510537782684914e+00
2.376305438647722479e+00
2.030612719132181443e+00
2.585758532410254773e+00
2.946972382478667107e+00
3.075161459755759719e+00
2.930477114673349703e+00
2.533362218715316416e+00
2.720754440806227414e+00
2.513542782931214692e+00
2.101739420490687849e+00
2.513845800253409202e+00
2.596009627361308247e+00
1.784576455942670004e+00
2.262448066377237055e+00
2.517831930926901052e+00
2.478251909464813885e+00
2.865470547644093813e+00
2.679272944061113826e+00
2.851467798818098309e+00
2.629181564770147972e+00
2.356579379122257567e+00
2.244330321640027659e+00
2.876460307731144805e+00
2.773503609092572209e+00
2.967684560441849584e+00
2.998006792101145734e+00
2.226803503215509572e+00
3.048563161194129290e+00
2.716221356972781997e+00
2.973866798622776919e+00
2.657572120368212332e+00
2.623532167706656537e+00
1.844452721583632160e+00
2.973777713138019418e+00
2.804364752958221185e+00
2.804814659006606981e+00
3.030707432700453730e+00
2.876473535961244110e+00
2.337128400266788919e+00
2.809627071903715745e+00
2.156603696267455739e+00
2.857946391080990356e+00
2.554963187075600217e+00
2.128462582186406493e+00
2.634795649750381941e+00
2.376449449363651212e+00
2.500089345667238838e+00
3.002709282112512312e+00
2.605793711533058055e+00
3.083523531583357347e+00
2.675060527034105906e+00
2.783932711209849309e+00
2.762340768102268473e+00
2.681643363381863931e+00
2.402510190097141951e+00
2.485909255507367632e+00
2.847523762087102117e+00
2.182487726625936375e+00
2.302465564841493340e+00
2.494653482451099968e+00
2.446759614972010777e+00
2.457767229521652830e+00
2.660266989811161942e+00
2.735055316865765196e+00
2.515189034938702051e+00
2.902724098531926700e+00
2.792034994477166965e+00
2.968339134794464762e+00
2.368499222100766133e+00
2.380194506593596770e+00
1.787021914001487799e+00
2.719377631865750988e+00
2.290051309015532777e+00
2.659835969383632648e+00
2.838342022627189376e+00
2.482212891807469735e+00
2.861866438498255949e+00
2.485177281803888860e+00
2.328307218814590129e+00
2.735182437156064239e+00
2.853306197736240613e+00
2.493272038641954236e+00
2.437572733635911870e+00
2.854926057151540242e+00
2.149421043607580017e+00
2.093400861384279388e+00
2.686421622595072556e+00
2.317634474356239593e+00
2.748078148812385102e+00
1.649740450744417553e+00
2.346786682639805388e+00
1.953967973716195461e+00
2.904158293352673503e+00
2.829062583707833589e+00
2.849674786480144384e+00
2.437189268194916547e+00
1.984160572018150770e+00
2.770101868092353037e+00
2.181665830904625292e+00
2.808994841909007167e+00
3.087966859196753955e+00
2.639875625453364627e+00
2.516847956320241941e+00
2.416790031795605032e+00
2.671471292300623190e+00
2.418604161982903733e+00
2.633770450671494956e+00
2.396918926779611603e+00
2.062315362611413683e+00
2.814945948350011662e+00
2.342773287976101848e+00
2.027161086545588020e+00
2.728690409278064166e+00
2.883445133065651422e+00
2.550286745633504104e+00
2.806365297984627194e+00
2.128217230114830105e+00
2.715548809035881028e+00
2.482631777360259306e+00
2.598971789720218251e+00
2.975039386779977590e+00
2.881921094294932484e+00
2.738873378316513119e+00
2.715561958783415886e+00
2.293312905455627160e+00
2.246418417900945208e+00
2.551722458160862850e+00
2.896939114698716899e+00
2.331951959646590744e+00
2.480990930078105450e+00
2.995326729072091965e+00
2.767396465399233119e+00
2.009390133407850776e+00
2.884254400498951210e+00
2.235675741497392011e+00
2.860424236487178362e+00
2.549111319688698529e+00
2.633100423435826176e+00
2.479422517762206013e+00
2.573786275688175085e+00
2.303364332457111807e+00
2.438612224227483249e+00
3.035368449270296587e+00
2.567627985816137937e+00
2.546338696718964734e+00
2.630896658709219071e+00
2.731543788010413643e+00
2.213394598580674888e+00
2.537807349345294838e+00
2.765527463398983699e+00
2.462909618626038188e+00
2.173539613295267792e+00
2.843543697190433317e+00
2.827964699484062816e+00
2.446804278521168108e+00
2.216270120950055933e+00
2.354732871501022728e+00
2.780500415125710667e+00
2.862578432805345408e+00
2.560120197805511921e+00
2.468364594361941666e+00
2.613122343058002173e+00
2.196909359753801194e+00
3.001397563141575020e+00
3.021626270499049305e+00
2.443962345894436616e+00
2.974855609081907826e+00
2.453734311439469629e+00
2.244447313072203354e+00
2.500929736871828180e+00
2.289446656257049462e+00
2.995103017900162978e+00
2.606163024145629947e+00
2.788428395864709142e+00
2.875382542164653721e+00
2.657567228928189973e+00
2.849115387477439310e+00
2.214460339438881320e+00
2.117035273367750658e+00
2.484721065589505340e+00
2.650650044562891328e+00
2.840178640652102349e+00
1.983516094532414398e+00
2.606008159824975579e+00
2.707172067532261917e+00
2.798432131841091408e+00
2.485412586536131840e+00
2.843331491958221768e+00
2.437873088380511533e+00
2.628468192568234496e+00
2.725283834899471902e+00
2.957763372369857091e+00
2.882759875078012346e+00
2.509485139724818126e+00
2.859060160629141478e+00
2.289999462627654303e+00
2.829365853679419285e+00
2.361334454777859193e+00
2.925910832605627121e+00
3.075593248248739364e+00
2.408004593044958508e+00
2.356464239187722853e+00
2.605857614788431142e+00
2.555517066019149741e+00
2.943221371994941382e+00
2.885909307496389520e+00
2.938370270522069561e+00
2.628405920584367728e+00
2.712789776622885007e+00
2.934918530994613750e+00
2.240021727975566534e+00
2.658762688523048645e+00
2.647181722572117923e+00
2.237476608167472847e+00
2.533597242795206927e+00
2.528011501345659884e+00
2.326028033211269275e+00
2.544319481791047721e+00
2.872539257841311588e+00
2.720589279959936935e+00
3.056362458158939699e+00
2.255516604067302033e+00
2.647654262957855220e+00
2.820810621290030795e+00
2.661584000706418429e+00
2.520050866923134514e+00
2.600501961376568971e+00
2.359083671564967233e+00
2.127049880904673618e+00
2.053753232919325544e+00
2.363020095565752321e+00
2.599393588300241031e+00
2.390152305738332927e+00
2.468620597778768300e+00
2.561537370799912505e+00
3.065538313214329680e+00
2.509819965308702550e+00
2.313605314789155543e+00
2.672174404188098595e+00
2.352227369275591062e+00
2.679158716878151658e+00
2.145087255360523137e+00
2.061697604761774549e+00
2.816018196180736233e+00
2.880927398490750413e+00
2.565464768853679356e+00
2.789645717835355310e+00
2.465062932220368097e+00
2.959373064622190075e+00
2.120481642398065247e+00
2.727151587066263705e+00
2.477780561121342373e+00
2.281245864524461542e+00
2.762111433908172486e+00
2.043391352850160825e+00
2.590839861893170948e+00
2.475753902514907345e+00
2.758564598300167869e+00
2.212062178949667057e+00
2.479189382356238980e+00
2.638374619053697856e+00
2.772334711337283597e+00
2.745709492364985849e+00
2.955235867831174534e+00
2.704246468149208216e+00
2.682713433992477192e+00
3.028277391923306361e+00
2.812782411324019627e+00
2.409745133923968385e+00
2.041564671795344399e+00
2.640334375817688262e+00
2.604398122434531171e+00
2.210681257872899597e+00
2.912116149737921766e+00
2.086063114023829712e+00
2.887267308262065679e+00
2.526402505812539889e+00
2.984413044102013579e+00
1.832444451576977551e+00
2.738394031829670450e+00
2.788706318723753075e+00
2.602529154854423599e+00
2.253426699755828544e+00
2.807783964654754882e+00
2.273587024789284428e+00
2.598107621783667831e+00
2.489586508950125676e+00
2.837726130810036551e+00
2.448325216138481863e+00
1.959191729312111052e+00
2.928642988730024488e+00
2.458239511161151913e+00
2.502521718339256296e+00
2.359786624927537879e+00
2.694237742653727175e+00
2.497893092736335419e+00
2.513800559104482080e+00
2.898359196492578338e+00
2.413606659530443288e+00
2.460516795618315378e+00
2.671468533366339493e+00
2.741691481059124857e+00
2.519304472202865242e+00
2.241430990922811617e+00
2.949409567067049043e+00
2.585178612505404594e+00
2.707036388511293357e+00
2.302418021783763091e+00
2.728477569540328496e+00
2.237780437550212831e+00
2.700619518329545166e+00
2.734676834210678642e+00
2.457721147578419973e+00
2.418906651428130772e+00
2.657364914154911606e+00
2.913269947281441841e+00
2.504829859510583567e+00
2.073585705202783736e+00
2.351960357604393703e+00
2.449556251006851149e+00
2.741673309975680262e+00
2.731245832509376026e+00
2.182469355327501859e+00
2.851251492475826765e+00
2.270792376592916106e+00
2.500948492401009027e+00
2.857545752588295240e+00
2.333886317042663805e+00
2.497446105144417672e+00
2.964899424358205859e+00
2.507768066165354082e+00
2.874005188205369876e+00
2.787643122140344154e+00
2.693497980186943863e+00
2.493183595809737252e+00
2.599591322955282724e+00
2.481513253789044526e+00
2.306468761309411697e+00
2.327527620116216500e+00
2.941893441367491757e+00
2.845973238488096246e+00
2.167997884094885919e+00
2.934976402761652281e+00
2.613927085779775172e+00
2.669773873500857153e+00
2.392654009226812928e+00
2.340911138430548544e+00
2.654667222282582006e+00
2.529955374647975042e+00
2.226103472348994750e+00
2.992700302770856080e+00
2.804853419320230135e+00
2.458535220876616911e+00
2.652346057665075030e+00
2.965747828278150866e+00
2.124636173048744414e+00
2.345910524241121564e+00
2.335617803072305598e+00
2.215225473213925600e+00
2.467307503953265702e+00
2.374948127490477567e+00
2.969318028305791834e+00
2.267190737276401080e+00
2.303134559551967442e+00
2.749908099704438058e+00
2.551620603529659359e+00
2.743546327197807333e+00
2.722688216125934257e+00
2.429615416733716948e+00
2.272739138181024909e+00
2.997715355763051370e+00
2.453887801988758444e+00
2.507071413496226864e+00
2.742011220179835007e+00
2.865491832624179835e+00
2.882944641807837716e+00
2.425240962874243955e+00
2.277346427137344254e+00
2.359440115608468780e+00
2.640674918410423899e+00
2.843867602291427321e+00
2.701473486857957074e+00
2.155745079390631869e+00
2.720459942232051009e+00
2.873145949532954546e+00
2.225228216534822501e+00
2.725516551358842410e+00
2.482496441268826626e+00
2.338271631130070638e+00
2.086496394734783877e+00
2.933236262840250408e+00
2.415809414211806949e+00
2.115595846152751758e+00
2.595996778801229254e+00
2.042309732595985139e+00
1.973200112694351915e+00
2.389959139268751809e+00
2.106492606401248580e+00
3.023833159269835757e+00
2.381541172350564395e+00
2.115772809440897184e+00
2.608800149625048803e+00
2.964210336320820094e+00
2.508234881349982182e+00
2.335990759226158175e+00
2.734516795986883686e+00
2.523493403122764711e+00
2.142527888360008514e+00
2.467502805855979808e+00
2.748035363948628351e+00
2.782595326746614361e+00
2.925210768256322424e+00
2.761670604846194088e+00
2.658134838572832503e+00
2.273451309155207767e+00
2.918779512649761099e+00
2.312364115089755590e+00
2.879961334610733559e+00
2.235450676492788169e+00
2.871696981634653589e+00
2.258241883467078992e+00
2.764340021243378853e+00
2.282252762824705794e+00
2.386133482258240068e+00
2.620905996098007673e+00
2.360961844511208163e+00
2.602472252187650437e+00
2.435576900899039110e+00
2.893542249338427741e+00
2.765670076588988113e+00
2.689972208226820261e+00
3.021901531602441349e+00
2.449152276568319131e+00
2.776049226967663319e+00
2.879364079523702991e+00
1.901094707135605688e+00
2.492471654200903330e+00
2.667690607045900553e+00
2.459983765678264156e+00
3.084911430325636417e+00
2.308821369018474901e+00
2.677292689898580491e+00
2.497440817532460056e+00
2.619150048112535156e+00
2.193559891988158483e+00
2.862223968358314607e+00
2.140737265108922038e+00
2.718231998991319731e+00
2.704972062832178281e+00
2.780973740042463227e+00
2.284812938221527645e+00
2.669797039476316414e+00
1.634669456888767192e+00
3.078778208919626280e+00
2.269232537819693807e+00
2.725696575371462149e+00
2.772648219978977480e+00
2.702275986713427169e+00
3.052514952528253556e+00
2.911520103309871654e+00
2.293213838575107300e+00
2.723500132843228005e+00
3.070782873248358857e+00
2.843512591750124496e+00
2.906313213385248950e+00
2.589591220443477670e+00
2.424688886695168133e+00
2.699941173217065948e+00
2.501713085836807515e+00
2.117355550901982575e+00
2.020110695618035912e+00
2.939549199338602037e+00
2.550423511017142708e+00
2.518993666543952514e+00
2.971621706811962138e+00
2.245013165431907876e+00
2.857815828193366769e+00
2.424992634702121563e+00
2.321595869266225520e+00
2.680105770610004434e+00
2.544966368252259858e+00
1.722602674592988548e+00
2.996266358623165260e+00
2.486734687755589590e+00
2.764026481719739969e+00
2.659887855028952863e+00
2.424907034459827582e+00
2.713860617771774120e+00
2.381914274891058447e+00
2.741818679754806087e+00
2.518652075354028241e+00
2.710558700368346230e+00
2.687019471808548943e+00
2.392942824966846516e+00
2.639578958078787174e+00
2.873568603656935672e+00
2.580004734307526970e+00
2.816941736725413037e+00
2.558852706758976137e+00
2.910915579249333973e+00
2.513918096905619404e+00
2.692831189501215583e+00
2.499848286255992758e+00
2.644498486404172066e+00
2.130708702810960808e+00
2.225361755704110767e+00
2.730333204140845460e+00
2.591034932561055548e+00
2.371313518437248913e+00
2.733223253000205411e+00
2.604860626013543179e+00
2.501909146686355445e+00
2.613591933052856309e+00
2.605862886471701945e+00
2.550749337024021290e+00
2.511932865356536038e+00
2.979756807147418307e+00
2.949678565932107865e+00
2.466863351102154933e+00
2.893536586125755594e+00
2.620545019640152518e+00
2.563112620390167073e+00
2.539342866706217894e+00
2.769072628940300262e+00
2.179884091739932028e+00
2.950621245885630017e+00
2.191328235306605698e+00
2.207185375405845029e+00
2.456314289075560708e+00
2.762387931998625756e+00
2.321981716893262160e+00
2.739169159102203377e+00
3.054175870780119428e+00
2.666240200378489522e+00
2.416621737534066838e+00
2.700633771060534372e+00
2.409553353148275345e+00
2.147707154491307335e+00
2.413963106450250251e+00
2.488085251408526766e+00
2.408578706589659113e+00
2.325353430857527215e+00
2.836044692692310409e+00
2.495234921459229760e+00
2.322017128748809611e+00
2.862623995783837305e+00
2.352602307754715572e+00
2.309700055532684537e+00
2.275518936143676285e+00
2.218395582160613611e+00
2.914318681925601062e+00
2.139312608261945137e+00
2.331985252511987294e+00
2.655728515602110207e+00
2.234189990863144626e+00
2.415048250853859102e+00
2.572057664332130678e+00
2.880211003219322663e+00
2.699181181140505537e+00
2.228283951667279883e+00
2.459524395694211218e+00
2.630341737195016183e+00
2.832159862337559453e+00
2.461727495925606135e+00
2.486368818352223453e+00
2.677278179728944885e+00
2.090116286395651279e+00
2.803131877569978503e+00
2.530814574411104800e+00
2.574703975982735482e+00
2.299657229307133566e+00
2.595918977003942363e+00
2.471799688373604198e+00
2.520637789698668030e+00
2.384648379650882610e+00
2.336205135684111145e+00
2.254152695885903057e+00
2.614796193342500352e+00
2.300542753923493500e+00
2.636657415517465353e+00
2.479471053028531990e+00
2.439676878829038387e+00
2.466200947670191379e+00
2.570882172670662325e+00
2.677738358095444582e+00
2.563787469615646408e+00
2.848321573317066591e+00
2.225411536968803006e+00
2.490918444610878968e+00
2.857707546030812562e+00
2.823067662581931980e+00
2.527878807559110097e+00
2.626954536877963875e+00
2.538075118546185838e+00
2.135154057434147212e+00
2.676686794010949111e+00
2.130426232954230503e+00
2.875914018026651586e+00
2.702811503320671882e+00
2.937933483134295809e+00
2.198507916098617621e+00
2.297119850613854375e+00
3.022609660731552239e+00
2.495015532365456146e+00
2.678199721326475657e+00
2.758163438317036587e+00
2.831163631725754470e+00
2.977066097767939734e+00
2.529405665462999053e+00
2.507392285934039400e+00
2.265551233669787834e+00
2.783084056394303119e+00
2.391182566884879179e+00
1.926876903297518151e+00
2.857973209462348674e+00
1.710991256587821363e+00
2.181243278885927062e+00
2.404824076213143869e+00
2.325496883556841698e+00
3.016123000481250038e+00
2.106425685546925664e+00
2.651532456388467907e+00
2.660026326828314858e+00
2.601139302864164726e+00
2.271150134020141209e+00
2.652625482414145086e+00
2.415061192594401884e+00
2.550260043350738304e+00
2.605678880625567295e+00
2.065014990615033685e+00
2.262844544922653078e+00
2.396043281134644154e+00
3.109919706761992586e+00
2.294249917186736987e+00
2.435687503292658818e+00
2.539490600546762344e+00
2.147465582545692087e+00
1.952831966244521045e+00
2.928634988304067654e+00
2.757341807617717855e+00
2.349645392156308521e+00
2.748877827168808352e+00
2.731306183308162439e+00
2.438177723355698490e+00
2.698365800572312345e+00
2.812337078161154746e+00
2.368786317210844317e+00
1.944306890505294705e+00
2.898043112877414007e+00
2.662092829592157095e+00
2.774137012016876014e+00
2.497209474409253893e+00
2.689880225182388784e+00
2.610062732643501082e+00
2.795050732521060066e+00
2.305138123506275782e+00
2.401416503002252512e+00
2.169557265138941649e+00
2.790706120558503311e+00
2.208311331229287244e+00
2.212253570853701667e+00
2.435883315764234780e+00
2.733654323389441476e+00
2.302679878564489968e+00
2.670932600478309382e+00
2.145031017852214283e+00
2.361512761559480644e+00
2.766819585436128826e+00
2.638314697278168364e+00
2.786746177112779499e+00
2.529186605102895058e+00
2.069750663444092531e+00
3.057280904376832975e+00
2.397571779851402241e+00
2.475168509689231300e+00
2.083625066778878487e+00
2.838029910096039998e+00
2.474390628411516246e+00
2.310163548773729758e+00
2.842761007578992416e+00
2.792199173709285720e+00
2.815200529277614994e+00
2.415612651653880061e+00
2.950340869610094785e+00
2.717698436971596188e+00
2.831545571964088737e+00
2.845822115060048674e+00
2.243935072372721162e+00
2.707222134074184883e+00
2.719315029277512341e+00
2.718874369903034882e+00
2.748146866022570745e+00
2.538327382082975703e+00
2.205875278246407056e+00
2.796050530955773716e+00
2.532185234567392307e+00
2.452696042905255780e+00
2.296476899770061753e+00
2.296273857188308121e+00
2.267739700832664962e+00
2.226553554740862140e+00
2.702422982473217328e+00
2.562794442411195028e+00
2.578721728135711988e+00
3.020974900774616945e+00
2.401362671047137187e+00
2.261279871565197386e+00
2.980407480144615651e+00
2.661783296948214250e+00
2.144862387562876727e+00
2.742411145024408192e+00
2.031570515145383560e+00
2.952683575294762441e+00
1.767563395157990547e+00
2.288733380027446529e+00
2.412855568573921694e+00
2.634948290662832981e+00
2.861719887074450241e+00
2.145520611686013712e+00
2.267908639910166890e+00
2.246281413392213544e+00
2.655292753915692749e+00
2.561197070296228340e+00
2.517837126760166910e+00
2.428669072354399106e+00
2.901655924402915865e+00
2.853429235628031080e+00
2.462430216018963058e+00
2.403664701262749670e+00
2.619805140976219082e+00
2.788161912382937757e+00
2.559193201977629339e+00
1.824442451442124913e+00
2.925823608142251064e+00
2.724589239364876736e+00
2.579701884895190034e+00
1.997138336669681102e+00
2.229479524450995953e+00
2.264802175246114491e+00
2.987748512538831225e+00
2.613747494789808723e+00
2.623480544840684825e+00
2.462499567495058272e+00
2.513838277913631902e+00
2.423369907217309382e+00
2.678045303493798990e+00
3.038836540291515398e+00
2.582893790308998128e+00
2.830147342677216571e+00
2.370870980686070162e+00
2.557494632577886229e+00
2.347942425923264853e+00
2.791221749416621822e+00
2.385078700545095298e+00
2.701460876704513847e+00
2.940488872959509781e+00
2.667876406743055817e+00
2.635048392148033880e+00
2.566243650317904024e+00
2.234453930290073220e+00
2.857048581413904387e+00
2.348427409852742898e+00
3.017826735790402282e+00
2.932688915308998556e+00
2.872150494541684029e+00
2.561979358114506944e+00
2.853970915026300403e+00
2.758502051870169947e+00
2.811911090138282443e+00
2.762555259212769787e+00
3.049814575299754971e+00
2.461590836174243790e+00
2.704244195458023636e+00
2.873429348893097313e+00
2.369677914346997927e+00
2.775966572109295427e+00
2.413276251405770623e+00
2.684669689742264165e+00
2.682154289472526987e+00
2.703645873008147404e+00
2.620611033559887115e+00
2.467750474375633107e+00
2.812460601442326791e+00
2.684556645379563733e+00
3.003581420893137732e+00
2.637446865925594963e+00
2.302352439019800912e+00
2.083443894726437762e+00
2.940931395025407902e+00
2.745158534053265154e+00
2.503292016017416355e+00
2.346877132865663906e+00
2.522039269409636741e+00
2.656807874262807179e+00
2.466349322334858485e+00
2.575640181948568141e+00
2.613186354332143413e+00
2.627418050336651767e+00
2.192465940408308001e+00
2.355484143118356855e+00
2.594253069898256214e+00
2.777037753846484769e+00
2.775937925539260664e+00
2.888488411197457140e+00
2.777259120271414972e+00
2.411721708295439193e+00
2.955511236073612658e+00
2.480795160513227238e+00
2.955801155345216369e+00
2.332335906173783613e+00
2.302088740310515025e+00
2.512703361440995931e+00
2.850223312272173182e+00
2.540490895105798508e+00
3.019627501156464167e+00
2.813542992834433321e+00
1.902434526280570193e+00
2.643190780410015428e+00
2.400782461066391260e+00
2.427556459018531232e+00
2.634897938010173135e+00
2.686623738917635063e+00
2.036053926024488092e+00
2.513135785407740741e+00
3.037986571645112654e+00
2.628700688768358606e+00
2.750347060242571473e+00
2.897123085005899767e+00
2.572927306342361220e+00
2.700255637714112478e+00
2.724674101703633333e+00
2.220241463895610945e+00
2.391544214085883358e+00
2.563222925133600949e+00
2.536538040831348262e+00
2.361026849129238769e+00
2.476247434419210691e+00
2.262128575402266861e+00
2.448144407093618913e+00
2.445168047708205172e+00
2.213306705986715972e+00
2.120398558061620697e+00
2.207055224119519821e+00
2.910571930155960274e+00
2.522284050938271793e+00
2.015352119594074676e+00
2.636370916209224369e+00
2.197187256159865321e+00
2.283081176471887463e+00
2.670307975515866517e+00
2.653360031962950227e+00
2.300771165503465721e+00
2.603420576722729862e+00
2.272912600308912179e+00
2.481158950967928600e+00
2.635437964918378562e+00
2.721458449958700676e+00
2.706177395922797047e+00
2.765602479829446736e+00
2.744785237339887107e+00
2.966863083393263434e+00
2.974299809729626265e+00
2.952462929306712613e+00
2.729323093803303735e+00
2.523577102982976328e+00
2.670824419490418045e+00
2.444848819473452117e+00
2.640029613517773210e+00
2.623310587325225374e+00
2.747115704378923606e+00
2.972601267289787241e+00
2.317838303950725098e+00
2.203056742727176776e+00
2.397764004646802949e+00
2.408674892250743937e+00
2.631577072759237357e+00
2.367404378295560274e+00
2.531323586068107367e+00
2.596843346292652122e+00
2.422168059438953858e+00
2.705364182574010457e+00
2.376403452305489772e+00
1.955057398508756261e+00
2.782414263888906891e+00
2.698972768678924439e+00
2.573828697350906136e+00
2.277728909296207416e+00
2.879180141156507666e+00
2.626219474962582456e+00
2.722397165476293956e+00
2.665348168893706848e+00
2.538974565719983367e+00
2.083685413862986557e+00
2.220704020791068434e+00
2.919458775002925055e+00
2.512320515156035050e+00
2.968477408521402516e+00
2.609763062029100134e+00
2.308649465741445805e+00
2.354771031465366260e+00
2.556673353713025953e+00
2.416408923618146520e+00
2.539826782467859090e+00
2.792910471416605311e+00
2.475129416364235002e+00
2.825013843669758717e+00
2.622857071905597692e+00
2.452420651643526739e+00
2.127014794508133022e+00
2.532572076488121660e+00
3.044194323000247060e+00
2.515149442607368169e+00
1.984411198439719248e+00
2.756333462177387172e+00
2.091923023548539540e+00
2.419322170234363689e+00
2.440623657955452774e+00
2.860196196850912642e+00
2.730461427906952121e+00
2.749628190248166959e+00
2.724923507710415915e+00
2.738317745347648824e+00
2.721423120255653583e+00
2.385670154359426753e+00
2.738455809932681007e+00
2.894813919719829265e+00
2.620430745663814065e+00
1.807633396690923044e+00
2.516376613471935642e+00
2.772851666044206187e+00
2.747508211874371220e+00
2.658147214746966469e+00
2.504899254021725863e+00
2.324683144209077845e+00
2.614562867539406366e+00
2.844334767971596900e+00
2.580880376247908004e+00
2.577644875220293841e+00
2.293414988443472691e+00
2.941056380115806057e+00
2.782260789885790064e+00
2.641090788585469973e+00
2.481451558248919387e+00
2.908941569346832345e+00
2.944226553473564767e+00
2.953203788809961594e+00
2.785784627385091916e+00
2.456373224242252462e+00
2.659473468134207597e+00
2.239182504503728133e+00
2.581680467067037466e+00
2.855087945821459083e+00
2.768928880364878164e+00
2.034579233114670149e+00
2.440048087516916819e+00
2.438933055614472600e+00
2.388384442712637501e+00
2.431764399123317322e+00
2.518350005562014715e+00
2.280513888661553246e+00
1.931585011976320709e+00
2.912659125790702408e+00
2.686579614048399289e+00
2.723101181763181611e+00
1.850631287770904576e+00
2.396187214256790377e+00
3.090739331830648418e+00
2.644709381425213390e+00
2.313175236206280516e+00
2.869384109526775362e+00
2.553554802821768277e+00
2.552327983187582916e+00
2.490493161005518097e+00
2.497742400418865749e+00
2.445227507682292245e+00
2.304061280159285019e+00
2.191963697039639225e+00
2.903131690327270142e+00
2.436419269068708537e+00
2.584075787819363423e+00
2.579287600304787986e+00
2.755580709550119689e+00
2.934645143961589486e+00
2.375987388089495056e+00
2.594757462335008036e+00
2.741305911833348929e+00
2.638656175793785863e+00
2.865059416345455467e+00
2.252363285843452800e+00
2.452751464490422251e+00
2.434149951667063938e+00
2.314580132193228224e+00
2.098704501436510661e+00
2.777426919930479965e+00
2.761077831511574932e+00
2.458972106369506250e+00
2.965776257464823651e+00
2.180189861768246029e+00
2.535976404056229594e+00
1.933571155220852100e+00
2.986920823236340894e+00
3.044706236200281690e+00
2.595760534410621823e+00
2.549389174961135929e+00
2.311487289508581622e+00
2.534954429155333422e+00
2.587043707656576430e+00
3.011000968060738803e+00
1.991867873190577454e+00
2.252360662396161395e+00
2.328495458351959257e+00
2.250835211356527310e+00
2.593323744605365189e+00
2.909520401707070825e+00
2.611784817197133624e+00
2.165160130557874041e+00
2.793397822046185475e+00
2.414919716852543363e+00
2.670124539713921052e+00
2.457771764314463425e+00
2.119157608163291684e+00
2.820695792183398165e+00
2.359667408417675194e+00
2.324141645070300299e+00
2.397110107725374029e+00
2.532210323386368866e+00
2.351533142725795500e+00
2.856105063230430119e+00
2.554541880021078182e+00
2.440163745284081642e+00
2.305530286724972289e+00
2.370599768406497443e+00
2.403619611872634287e+00
2.169284554393653863e+00
2.420780101677270757e+00
2.782521477186299830e+00
2.054446002704068519e+00
2.042417488165264139e+00
2.510156009901177931e+00
2.510294850369232389e+00
2.641298820347694587e+00
2.609167922370632553e+00
2.878149894191156744e+00
2.781246332808345656e+00
2.776751996439124071e+00
3.000214387701278795e+00
2.412149241363497509e+00
1.974228376938052865e+00
2.442546974082354438e+00
2.442557934955878807e+00
2.425400693102679472e+00
2.632751128434999366e+00
2.491356681242423488e+00
2.400995740726338479e+00
2.337987971427838652e+00
2.326962449529339949e+00
2.500435205426267959e+00
2.419400940191720473e+00
2.077816989357060606e+00
2.401108892443348797e+00
2.041375068139593907e+00
2.613317428452080371e+00
2.691979713753338554e+00
2.648975724844087054e+00
1.974601825087804130e+00
2.651805864701897608e+00
2.612632497924741060e+00
2.318704500704822813e+00
2.781470036689377867e+00
2.426141408769646013e+00
2.312219114418419430e+00
2.332647463634256457e+00
2.700281773709449773e+00
1.657512795551316032e+00
2.383610474071834240e+00
2.098530959616667246e+00
3.002730252942338751e+00
2.498494511716480293e+00
2.807058715726752585e+00
2.487777427239164840e+00
2.625754624623708011e+00
2.402431586577318257e+00
3.074785700253726883e+00
2.154278115480393385e+00
2.841121499159454444e+00
3.046059340609363009e+00
2.467875632947342801e+00
2.561229084238312748e+00
2.476470121431056270e+00
2.619684067638235803e+00
2.521945894690337919e+00
2.889351250740809451e+00
2.779126375066771182e+00
2.440062571386181212e+00
1.970585759495399492e+00
2.539560462115010075e+00
2.166116878045077243e+00
2.335300421886209232e+00
2.382467956574040535e+00
2.674242416468015637e+00
2.373784736844573029e+00
2.632654247528152691e+00
2.979249506225842836e+00
3.020216144183377249e+00
2.912926244355824590e+00
2.175878125402487484e+00
2.487306439745553988e+00
2.982432052703128278e+00
2.338816787906458750e+00
2.579874160232981772e+00
2.358784344197130345e+00
2.818946685248423734e+00
2.105059121412497181e+00
2.375285094643592387e+00
2.302120540763634260e+00
2.521124602058006481e+00
2.583005635379433951e+00
1.712530390294536575e+00
2.226744843949689745e+00
2.642447784647580455e+00
2.074537198035472763e+00
2.107158217915096277e+00
2.831120722076478913e+00
2.134910560963154680e+00
2.476092708401786968e+00
2.439472497198873491e+00
3.026598893456747152e+00
2.648614541989255944e+00
3.047376629705106144e+00
2.542392822528613650e+00
2.466877496606032061e+00
2.599109900575976795e+00
2.276743444882300960e+00
2.939626664019619806e+00
2.755712453693667463e+00
2.472104651847846224e+00
2.818810187305421877e+00
1.939088121431185030e+00
2.627961176350999573e+00
2.716329580776730257e+00
2.960637147676298486e+00
2.543854347288356355e+00
2.332757453841929784e+00
2.755699110411812036e+00
2.649875771086268816e+00
2.967527926397827365e+00
2.468051640131713853e+00
2.350427155010594849e+00
2.836537159389696861e+00
2.621349638214056199e+00
2.443770395385347349e+00
2.998277600369602336e+00
2.441018518637916301e+00
2.595230477951679937e+00
2.940576017418962795e+00
2.511323755242003575e+00
2.884950187821265555e+00
2.220281389091176560e+00
2.912941653126242869e+00
2.207263308537140922e+00
2.427318876729485098e+00
2.828172467692678715e+00
2.678009854587911409e+00
2.618628765569368522e+00
2.452987017901368194e+00
2.946862254548680671e+00
2.242545791902134766e+00
2.107756707779507188e+00
2.775702884616050969e+00
2.190035598870755607e+00
2.971480485176982711e+00
2.572836186822613058e+00
2.649582663672653382e+00
2.697627987475046396e+00
2.356946733339506217e+00
2.141161606171247733e+00
2.838898954244950090e+00
2.029074666625481971e+00
2.690352579046586090e+00
2.506464029420005790e+00
2.785722813651557050e+00
2.709487481667856468e+00
2.672454387569568546e+00
2.729529599160084974e+00
2.708188531318887815e+00
2.531213689024673918e+00
2.635129490120005080e+00
2.847936028017146182e+00
2.948574760900965597e+00
2.749555045538644382e+00
2.612223987110426471e+00
2.865400489114993565e+00
2.218242225853332084e+00
2.729816009223069440e+00
3.007800724638767687e+00
3.092258820673674524e+00
2.445777465554848984e+00
2.900415591485712596e+00
2.449133498177181067e+00
2.625026492630119890e+00
2.420886278370100175e+00
2.475002735907746221e+00
2.714933331781682391e+00
2.147694703252351900e+00
1.925132269533249341e+00
2.909849955637235031e+00
2.725345870990126151e+00
2.865517267662070378e+00
2.843707683278470011e+00
3.029411007136140643e+00
2.677260094350185859e+00
2.882179520894252889e+00
2.881344089441710832e+00
2.463351870998049975e+00
2.855848481931811289e+00
2.802283153486481826e+00
2.864063732917345284e+00
2.616611523678613604e+00
2.540096555182507654e+00
2.845650764167682478e+00
2.691642835299497438e+00
2.691040117797154352e+00
2.701389400836499366e+00
2.650989762829556007e+00
2.445949363549819289e+00
2.311970869975009446e+00
3.008411652828087313e+00
3.111124646494271673e+00
2.316801692031511983e+00
1.921600641530949671e+00
2.726794266304350511e+00
2.917267250187390637e+00
2.461694531216542803e+00
2.633569501042017258e+00
2.071085046243066330e+00
2.520597899282549292e+00
2.484799470318550085e+00
2.228330863992169064e+00
2.538449916338541890e+00
2.443408118485725034e+00
3.033553462212799090e+00
2.281198656990850449e+00
2.762699454294238244e+00
2.769005371587866193e+00
2.599550053632557756e+00
2.857207440936484044e+00
2.719263629076356548e+00
2.420592924008007962e+00
2.656454065473889514e+00
2.167181680055984216e+00
2.889035521312352639e+00
2.559550730922315331e+00
2.583849460570988743e+00
1.918070210848519030e+00
2.691540168099915586e+00
2.413850822029228738e+00
2.589064629638621717e+00
2.916853435768659519e+00
2.647837464757486714e+00
2.603263620963355507e+00
2.640629628327243239e+00
2.333192683871807116e+00
2.223918986034043588e+00
2.823127960679512771e+00
2.424350543115113776e+00
2.214880644404151333e+00
2.832224140980683202e+00
2.622311392109035744e+00
2.777784034660682799e+00
2.445372415005172773e+00
3.005720665239914435e+00
2.425464007788336041e+00
2.682196019829596434e+00
2.930246599458704804e+00
1.953309514476900821e+00
2.537988390793803894e+00
2.389945390044575735e+00
3.024373147310400967e+00
2.578256585482057606e+00
2.129781120237495884e+00
2.674788828745932268e+00
2.216558341268184851e+00
2.467753664540837999e+00
2.962402831684209481e+00
2.913117758858392303e+00
2.407344785938883902e+00
2.477220149826197204e+00
2.730671764309157812e+00
2.361873811445343918e+00
2.791821614115403971e+00
2.908364109459365743e+00
2.726931903026602377e+00
2.615077606163231927e+00
2.415463411664347859e+00
3.126049619443816319e+00
2.325776256372258377e+00
2.380764238391654963e+00
2.508204830942684538e+00
2.303433564333086547e+00
2.689490697747342285e+00
2.629767548427931700e+00
2.554909318161222576e+00
2.278552115455574789e+00
2.397065869125767357e+00
2.478192160724296045e+00
2.766326977697752376e+00
2.194437393779401280e+00
2.107033077811716559e+00
2.462295262669119467e+00
2.933481530713577978e+00
2.762457598025476635e+00
2.540665413103578185e+00
2.578756827298851917e+00
3.029932647808875057e+00
1.958097986834516524e+00
3.013964365944023616e+00
2.579351284976519665e+00
2.970843100660486069e+00
2.580237823654682572e+00
2.854047119204273564e+00
2.926617584820200513e+00
2.501702890913357180e+00
2.582543071397520595e+00
2.176230440479797856e+00
2.334204162455775222e+00
2.737931719059616853e+00
2.520026147772409963e+00
2.331970723785580901e+00
2.697683643445788704e+00
2.100846838371159375e+00
2.682119395112540161e+00
2.804531173119393817e+00
2.240335661795810118e+00
2.444971508661828441e+00
2.563881205653670392e+00
2.925482252386013116e+00
2.735676232817581432e+00
2.473907616790680386e+00
2.913093582191895958e+00
2.668401714251210421e+00
2.581572314885459019e+00
2.265253831925909012e+00
2.944648137941671795e+00
2.217868510928861170e+00
2.638845890114914994e+00
2.562318724733264386e+00
2.681724961159647425e+00
2.780175730900667386e+00
2.481562304729669766e+00
2.214575861360739584e+00
2.376376388558591124e+00
2.668276611039180235e+00
2.033132486451623144e+00
2.563582713814556158e+00
2.465509066759277612e+00
2.893715298531120084e+00
2.984845390516156272e+00
1.924256275795663385e+00
2.290633123884751488e+00
2.711909620201625071e+00
2.446055939760331199e+00
2.787060769813896499e+00
2.095923405525666361e+00
2.527292549693338053e+00
2.503211845524449419e+00
2.305689183017030519e+00
2.389812883988438497e+00
2.128515276331411687e+00
2.604068232088597057e+00
2.624835506514912264e+00
2.513912283436839701e+00
2.133852704893003605e+00
3.057747231566034340e+00
2.607115790852969628e+00
2.771789918862014979e+00
2.134194572182019911e+00
2.434528094158797451e+00
2.559229426366706139e+00
2.551890736897487688e+00
2.503051316322969289e+00
2.980198614446081251e+00
2.781489533647147461e+00
3.002446225022012083e+00
2.646264282210854191e+00
2.550924369226479360e+00
2.551621117922080906e+00
2.508063897590498748e+00
2.864167973779537135e+00
2.529599157158053835e+00
2.393637887544074250e+00
2.988408216197112388e+00
2.632498286494719508e+00
2.691376175754933264e+00
2.219855761838394947e+00
2.667012767690898123e+00
2.253964069517293556e+00
2.602872031651285223e+00
2.235903838788257936e+00
2.742022040212803269e+00
3.095096585185395544e+00
2.148207530384297126e+00
2.796686628189776869e+00
2.429671018710629848e+00
2.729401907983034725e+00
2.003655965772290770e+00
2.537423673440987404e+00
2.386235439130954816e+00
2.932416751285577217e+00
2.944370451678257616e+00
2.501096775674971795e+00
2.642430990346309905e+00
2.718018669026907919e+00
2.653704169983171823e+00
2.815467801688384508e+00
2.807390725285487054e+00
2.877489737676900639e+00
2.571465016820711380e+00
2.538549355286808584e+00
2.353771208216691058e+00
2.889896866589218405e+00
2.842220485013021047e+00
2.860823932468465891e+00
2.777207281864238375e+00
2.704354061207586923e+00
2.206667343287637806e+00
2.471021404985061398e+00
2.298647599731217017e+00
2.647638006351402673e+00
2.896579037859801087e+00
2.667991673916188411e+00
2.234092790014584828e+00
2.995528473167512473e+00
2.775282939374962510e+00
2.772535698269513738e+00
2.875307764418124190e+00
2.245370697574005980e+00
2.613598127302031671e+00
2.388632089213100329e+00
2.676798401079618195e+00
2.834926884294143967e+00
2.728613169559721108e+00
2.665194862946945520e+00
2.683186402709770935e+00
2.205798732053566358e+00
2.560604717883101955e+00
2.160185524379008459e+00
2.616788641523423831e+00
2.353641486495996915e+00
2.812774387606241877e+00
2.884990556761472202e+00
2.481125534330591353e+00
2.515606072753581390e+00
2.371440021868679526e+00
2.868122304542177314e+00
2.429950168906291896e+00
2.679890863004282142e+00
2.434596055515809709e+00
2.054788601714728991e+00
2.716491837444288127e+00
2.301075507978163515e+00
2.773831578240587792e+00
2.546589101244250308e+00
2.943734624495809804e+00
2.679542899531696332e+00
2.245872851383508895e+00
2.742369925473268299e+00
3.107502392188540519e+00
2.615116231437650818e+00
2.760568896530438909e+00
2.340614976465186459e+00
2.747010804793774685e+00
2.319010100572786115e+00
2.594363489683185087e+00
2.674779013704788877e+00
2.312264560929479185e+00
2.483463231658068260e+00
2.742271351238043220e+00
2.875080998300771462e+00
2.679154093284448201e+00
2.695740683642813273e+00
1.813846036632077441e+00
2.562133498111874630e+00
2.769195825430143643e+00
2.420745634491685117e+00
2.333550853194631181e+00
1.969731277626848742e+00
2.789015500121520219e+00
2.595016710594234333e+00
2.343129269865293018e+00
3.005631402874191949e+00
2.613155977808748975e+00
2.645337123698544346e+00
2.900423234791355664e+00
2.443690838785542940e+00
2.905982481308769572e+00
2.531707584821994317e+00
2.433852712636727311e+00
2.974397720863303896e+00
2.644546661344806981e+00
2.850025510714556898e+00
2.100479148438810562e+00
2.069508587593070992e+00
2.310592418024802974e+00
2.642355217696557013e+00
2.571009081377816141e+00
2.334996882494205561e+00
2.573355521813006419e+00
2.468641682973371942e+00
2.586049325134771149e+00
2.339280876869032966e+00
2.487520502461662009e+00
2.929553268350749917e+00
2.542910650684206963e+00
2.535804887375406214e+00
2.541072896459939834e+00
2.983229176360888246e+00
2.452269302646701732e+00
2.497395590396237708e+00
2.255420624556215614e+00
2.652418098626629472e+00
2.402722970475899888e+00
2.271730485247244857e+00
2.789021700530412762e+00
3.033832765842825019e+00
2.454633906495726325e+00
2.581610448807394320e+00
2.195205438430214429e+00
2.411792888660635903e+00
1.620723056359871350e+00
2.874096925714330286e+00
2.652381289411610776e+00
2.552436247062490171e+00
2.928968343442444944e+00
1.789255660178064034e+00
2.593883451008280439e+00
2.891653747176566203e+00
2.662090480409640136e+00
2.450428477412463835e+00
2.939588592743806572e+00
2.252364525681290086e+00
2.047653803333407296e+00
2.550346583192828476e+00
2.656501192088611685e+00
2.746356958652407698e+00
2.797773417537746443e+00
2.517273890290887994e+00
2.988330704376882530e+00
2.830452574567791757e+00
2.350274314949452936e+00
2.556987144323231487e+00
2.769166616395382530e+00
2.291067029295302593e+00
2.862802449400918103e+00
2.565788738794469559e+00
2.966522019511727226e+00
2.897514953574535479e+00
2.783849040556746424e+00
2.067988007298040554e+00
2.271955130401315692e+00
2.474291274150990816e+00
2.733559244557715484e+00
2.214429218306951164e+00
3.005454725146631034e+00
2.033647178097038655e+00
2.838023841723702478e+00
3.043941444304810062e+00
2.158629747844392099e+00
1.932625876648257135e+00
2.355928727268116418e+00
3.002222837379568077e+00
2.420973184682146950e+00
2.798105014121024858e+00
2.805963219418007970e+00
2.885509731878591388e+00
2.552244129775987247e+00
2.242283590185408571e+00
2.611452548604894286e+00
2.941495072679787270e+00
2.556829225023851571e+00
3.053150464838041866e+00
2.725066670239294275e+00
2.293457086169557346e+00
2.235662148466694088e+00
2.356021927527076620e+00
2.834494065185459100e+00
2.750957897343084824e+00
2.581384429145106907e+00
3.020755274543659663e+00
2.290139615780955040e+00
2.836267436551201726e+00
2.603654744775440122e+00
2.714666148274466284e+00
2.453157985948668518e+00
2.454046164853810996e+00
2.768845255997489208e+00
2.739816343149120037e+00
2.498940682110974532e+00
3.119300522437207679e+00
2.720868868362699367e+00
2.919644027031606637e+00
2.131836306250059820e+00
2.639771429537254743e+00
2.683686325805933137e+00
2.281822616025126926e+00
2.589577344389446534e+00
2.600431197559308849e+00
2.149932373046450795e+00
2.800874693064588694e+00
2.658691983205792475e+00
2.735156915052963988e+00
2.277978236324506245e+00
2.633437859725223706e+00
2.401858593163492817e+00
2.292440527958337970e+00
2.605217924312455580e+00
2.081801865806193419e+00
2.627535005158464720e+00
2.835444229499155089e+00
2.670530057110631184e+00
2.924674364287347395e+00
2.638389871825576716e+00
2.945146891739945261e+00
2.506599816078363574e+00
2.909099769053312023e+00
2.885275977100028921e+00
2.729621475464867331e+00
2.126356487931947203e+00
2.577221536098455168e+00
2.807950915751093568e+00
2.709399412393147966e+00
2.640424342054133788e+00
2.785476738062963253e+00
2.152362806281740149e+00
2.861147354900423601e+00
2.783346026694147213e+00
2.720188990705418863e+00
2.252779795156818476e+00
2.262086383974561965e+00
2.123796546531563578e+00
2.435670020776783851e+00
2.802782636742714661e+00
1.993259888034951244e+00
2.421365990174809468e+00
2.760448859869727656e+00
1.957249105572618886e+00
2.197415022798106854e+00
2.557743451183113415e+00
3.061830959383874617e+00
2.615154431482736186e+00
2.319084557968900118e+00
2.304008590694468950e+00
2.848102279921560953e+00
2.705502674584932432e+00
1.990532617259915593e+00
2.785440286291675172e+00
2.180261279331119795e+00
2.608109239436037452e+00
2.350768664915277473e+00
2.718142234251865297e+00
2.024136457123501209e+00
2.883606764871166739e+00
2.689790541984353300e+00
2.994770161939309006e+00
2.795369706643581864e+00
2.000329580798968276e+00
2.439768228416617113e+00
2.862353381841726829e+00
2.809965265792339295e+00
2.527300525737720793e+00
2.285780291994788271e+00
2.621680400530524757e+00
2.119645958997078417e+00
2.880964429045668407e+00
2.860478616243533612e+00
2.559496604438752598e+00
2.638547012692883609e+00
2.347924750115217396e+00
2.517444538541706578e+00
3.033315924598375624e+00
2.227813086469260018e+00
2.219165603071209247e+00
2.222720798542161980e+00
2.431959266712955259e+00
2.379353472455782548e+00
2.641858829216985338e+00
2.542727635066770020e+00
2.547318843690921764e+00
2.736382418576454700e+00
2.718979298604192518e+00
2.194108919429434756e+00
2.208891428515081135e+00
2.501560989325717799e+00
2.851671109583981512e+00
2.933434765776516961e+00
2.976297367028778229e+00
2.499178851550424518e+00
2.828413375654774242e+00
2.555541072197100139e+00
2.662548227968352332e+00
2.533494711962299029e+00
2.383089007566921325e+00
2.407344219651522454e+00
2.487232393704233768e+00
2.023926430585835767e+00
1.957511193909063474e+00
2.843041447737053140e+00
2.448284449654276607e+00
2.602712226308890209e+00
2.479905029921940507e+00
2.705318809854419637e+00
2.507258650259990507e+00
2.645581167265265599e+00
2.800256476017076501e+00
2.659876082658936269e+00
2.563488699267781001e+00
2.434696872851802141e+00
2.922150372480656344e+00
2.676630875405484833e+00
2.562690398062386521e+00
1.752678905776017260e+00
2.895775080411113755e+00
2.803783687753772291e+00
2.028692924378906248e+00
2.570003506080457800e+00
2.588113470616920875e+00
2.584128423737033220e+00
2.576915546925102607e+00
2.863330933775170006e+00
2.012811213015551104e+00
2.858403262449138893e+00
2.656904190429004053e+00
2.437232721448252981e+00
2.325309337339693805e+00
1.989941304001135336e+00
2.789961268558124541e+00
2.187456465057929123e+00
2.956249228683618835e+00
2.388133056187441650e+00
2.719109797588935784e+00
2.908585296715839430e+00
2.335008299290755929e+00
2.655110895194959575e+00
2.587048326185017899e+00
2.322415518076430985e+00
2.871423943581586258e+00
2.596072335183468027e+00
2.548948799191545156e+00
2.964956208732235865e+00
1.965471349231308729e+00
2.345011078539154248e+00
2.220043487918658354e+00
2.795685213977718853e+00
2.102071727478892704e+00
2.629753156018395543e+00
2.345862903672007782e+00
2.917225715911423656e+00
2.681614887478445564e+00
2.434135944886109737e+00
3.035808737764236653e+00
2.489972086756129244e+00
2.695375838696649318e+00
2.891266227963785962e+00
2.760285583590106562e+00
2.608990380917027174e+00
2.637995079641858975e+00
2.780039329579845564e+00
2.755618443427213293e+00
2.734460812747917746e+00
2.192635978455521162e+00
2.420542067426010746e+00
2.295195480923601039e+00
2.665467617589581728e+00
2.867635935225358423e+00
2.855567305762671371e+00
1.867091242770525517e+00
2.285128190183023378e+00
2.139020115145676471e+00
2.366347382039097003e+00
2.733516157975901084e+00
2.532795770412124892e+00
2.552267577439156998e+00
2.019680789052117120e+00
2.445078103823617788e+00
2.667589308744265253e+00
2.749004348941185949e+00
2.207267374722579945e+00
2.921157852408293287e+00
2.688262124860086644e+00
2.535813349968051966e+00
3.056161795028716988e+00
3.072403363377451679e+00
2.477731111390261809e+00
2.573634593167689832e+00
2.888391265519518747e+00
2.703569093345617347e+00
2.707468247325663935e+00
3.015580574696128391e+00
2.564745146608716553e+00
2.089487798384508821e+00
2.431706119422522239e+00
2.635323864883777123e+00
2.584600224655298817e+00
2.519391789870668141e+00
2.813435448663315519e+00
2.203297209309462712e+00
2.361414698347981123e+00
2.579425191493405656e+00
2.174554376947992917e+00
2.470047056996139467e+00
2.811830982834425896e+00
2.181460542848115303e+00
2.639941139982248774e+00
2.137684668485091866e+00
2.577075862520686655e+00
2.816721835285743936e+00
2.824946855349405261e+00
2.882598936143003776e+00
2.643884884178675065e+00
2.861511434692095790e+00
2.306642532068421847e+00
2.876534782376689137e+00
2.736157597744865555e+00
3.056899685278862577e+00
2.568206618136545494e+00
2.520022944763904871e+00
2.969433708400155858e+00
1.964639708657146100e+00
2.436213320881257083e+00
2.135739936546309004e+00
2.458595652487477246e+00
2.750571745238388210e+00
2.124058856706330101e+00
3.017585599235250715e+00
2.623060105925627106e+00
2.648234259394048884e+00
2.770120677671763509e+00
2.753473313512829090e+00
2.582901331005423184e+00
2.562740655960908942e+00
2.861041719452417809e+00
2.716777913527878674e+00
2.617200891472198254e+00
2.335568064041168235e+00
2.638654862062074002e+00
2.956652986248872850e+00
2.684560982834647724e+00
2.611657535947446096e+00
3.042954738972262874e+00
2.909382082489808674e+00
3.030380017764865208e+00
2.946513296044291241e+00
3.011052803374627551e+00
2.528956095466678544e+00
2.705183578851519055e+00
2.880893441055715432e+00
2.189975620665230327e+00
2.575561342461196279e+00
2.693537463549005029e+00
1.974840535283592491e+00
2.876742574155406462e+00
2.697529526302835823e+00
2.868024276862586319e+00
2.625453975202652224e+00
2.941275141271631810e+00
2.791728832705912211e+00
2.598001250002275331e+00
2.755674564633977308e+00
2.304363665264094863e+00
2.581456938966608661e+00
2.667381257613392176e+00
2.772190844942345134e+00
2.981471019263464139e+00
2.625178613403214456e+00
2.861313795142089056e+00
2.270398605414557291e+00
2.420009335661329697e+00
2.533054402986709697e+00
2.609411950603700348e+00
2.968451675139925250e+00
2.465018466739058223e+00
2.294112049379147145e+00
2.466377364303839137e+00
2.866534386033730009e+00
2.354612412643239505e+00
2.868940691133377463e+00
2.096281891540631825e+00
2.773028864732891563e+00
2.042989168440857206e+00
2.548356606668980007e+00
2.205096453489193475e+00
2.369134878776651743e+00
2.545167265478659235e+00
2.685692851760484778e+00
2.596076322390088897e+00
2.747569263749246371e+00
2.119446165734076182e+00
2.462373600658054329e+00
2.048446083127782202e+00
2.098906476958406930e+00
2.614055032369757114e+00
2.333792982935384508e+00
3.086790790563727960e+00
2.138208389687708433e+00
2.937196118876606921e+00
2.498436792165318554e+00
2.270315474587686566e+00
2.182228119431106172e+00
2.744732110008247794e+00
2.498639522714294348e+00
2.866863132453076446e+00
2.673545532451596873e+00
2.685755525289385215e+00
2.921783853192036595e+00
3.003067624106011912e+00
2.839938364805000948e+00
2.961003604526049049e+00
3.067797784158023955e+00
2.732592352014862058e+00
2.349429194330666437e+00
2.779012654125118331e+00
2.375416401392762111e+00
2.164628364813053985e+00
2.466488150126659118e+00
2.023818572029418839e+00
2.469221980649827231e+00
2.112664701939030998e+00
2.643516646076347065e+00
2.629117436121735096e+00
2.468305200159624846e+00
2.600952364289745411e+00
2.993155742164822719e+00
2.394835854026908351e+00
2.740046317772914186e+00
2.503254024369976349e+00
2.317989621051463445e+00
2.596249272020992205e+00
2.434957344228126708e+00
2.307913738899562972e+00
2.542716025121720680e+00
2.405934940046445369e+00
2.041304041141515313e+00
2.579001574545742415e+00
2.845000957030107802e+00
2.807468766629584334e+00
2.974914549322984048e+00
2.307895803694405057e+00
2.654097606592853431e+00
2.358986671032673232e+00
2.961158889359076785e+00
2.407362777269203669e+00
2.710307428073962299e+00
2.456359853959511064e+00
2.660554683052712477e+00
2.907420599850957466e+00
2.257775288372525946e+00
2.095996760902068878e+00
1.921666361730038464e+00
2.578009836241153430e+00
2.608056611273219527e+00
2.143340644788487737e+00
2.614768417113691790e+00
2.466802166849813460e+00
2.336577216626615439e+00
2.226567837927557747e+00
2.408316628405009929e+00
2.416371583086589947e+00
2.250132754638928478e+00
2.781339238623885102e+00
2.878233752156658998e+00
2.630457291147052068e+00
2.968259941916596478e+00
2.778605613671417451e+00
2.338979528466861524e+00
2.712205943827377563e+00
3.008065716047803928e+00
2.628327892193448534e+00
2.931932372070737536e+00
2.121119617604596996e+00
2.656541846061143630e+00
2.518057669981003777e+00
2.885421324037802826e+00
2.684237354449578117e+00
2.781329005790722508e+00
2.845752745761221281e+00
2.601698918808099670e+00
2.292359802620750564e+00
2.444660954756697091e+00
2.785770841982130985e+00
1.949827556323345590e+00
2.735521265067449193e+00
2.603838497431111509e+00
2.787181531118727573e+00
2.621698678849710085e+00
2.625681458783458488e+00
2.628161753218031471e+00
2.752936893949430974e+00
2.881809693076398560e+00
2.486267806778556189e+00
2.747896363835379496e+00
2.243591739874705837e+00
2.643342097638578192e+00
3.116203957844206673e+00
2.087885340687988922e+00
2.670913815427226723e+00
2.214319604365011962e+00
2.580726179877587789e+00
2.225905357053314049e+00
2.519024204015416935e+00
2.209320861570535754e+00
2.192381926703007800e+00
2.797484701177570976e+00
2.832080221837124157e+00
2.652680111880323377e+00
2.595464092840094494e+00
2.344320269782220301e+00
2.882255390156211128e+00
2.882670000899801188e+00
2.687953517010444493e+00
2.917859158254264340e+00
2.796421747483225584e+00
2.494788046477347088e+00
2.470358259305086790e+00
2.607627393528931137e+00
2.049961259823029902e+00
2.849278323689995673e+00
2.563034813244640109e+00
2.187925164038886372e+00
2.794659481216049013e+00
2.348304315088838301e+00
2.460236201890044772e+00
2.645771370160235225e+00
2.558902763261979629e+00
2.899309741396562501e+00
2.276465003498655104e+00
2.746213019388984211e+00
1.991855648042230476e+00
2.485348419653802043e+00
2.768525495007654325e+00
2.446480103046997812e+00
2.865570709821227080e+00
2.562599943102362943e+00
2.786295326893664992e+00
2.811984785843913315e+00
2.433630201264345594e+00
2.630848343179662763e+00
2.815527027696274498e+00
2.807834183922540028e+00
2.518134907958673452e+00
2.935563498846100128e+00
2.197398535125667074e+00
2.480873258890068378e+00
2.549769958602449371e+00
1.992041214471280020e+00
2.096807343704718551e+00
2.722282727448518624e+00
2.058724724788552507e+00
2.529709034393550215e+00
2.647954474496862609e+00
2.676299144226496285e+00
2.527066385356544487e+00
2.687705617210755626e+00
2.796268861069439282e+00
2.305082240041647967e+00
2.392732883654681952e+00
2.617658634534147488e+00
2.875493388645691706e+00
2.707445291622767147e+00
3.077715640582869838e+00
2.349140610680313213e+00
2.633943788194543778e+00
3.072055964344769130e+00
2.984650695243868945e+00
2.043969472480449134e+00
2.945870811122810906e+00
2.800925182122906421e+00
2.295243864658500055e+00
3.017789603902947704e+00
2.696284439478098705e+00
2.220986306943744104e+00
2.700022242710543363e+00
2.364153630690211116e+00
1.833209749864122440e+00
2.322409496584681765e+00
2.573200701685217417e+00
2.616535306070307598e+00
2.795657918862835434e+00
2.583772403630074432e+00
2.323794134291252700e+00
2.798413266763850160e+00
2.791061323972823693e+00
2.466165652647106299e+00
2.401491404644899852e+00
2.648292643678042069e+00
2.570496642980171664e+00
2.509799164296714125e+00
2.442911585234384564e+00
2.408921284102547133e+00
2.400979329602618062e+00
3.050982072569448977e+00
2.930356658313043816e+00
2.832309238702983567e+00
2.855305449826697650e+00
2.658051095167091038e+00
2.676924643021931338e+00
2.661306312873389146e+00
2.685377703422950901e+00
2.290612232619688715e+00
2.740395600774289786e+00
1.867129938748569140e+00
2.742203676894710007e+00
2.623207686538722161e+00
2.563217667761963359e+00
2.902027753645024077e+00
2.999514742947129164e+00
2.162624530353835173e+00
2.313484309335675171e+00
2.727934749700540173e+00
2.029197862924800866e+00
2.826113218037626496e+00
2.863189582938764577e+00
2.471589197718654596e+00
2.433004040276530056e+00
2.934384313696133173e+00
2.754791687725953064e+00
2.562723941502509373e+00
1.832052957173091912e+00
2.584574530737613784e+00
2.587404916920894138e+00
2.621942566028097055e+00
2.957750364993779968e+00
2.816255428541376560e+00
2.071767247456230976e+00
2.033400116051358175e+00
3.088840522362064966e+00
2.456164495684680205e+00
2.927485434653974927e+00
2.381527282771840781e+00
2.495811780782531741e+00
2.560554256594618661e+00
2.542618664912539739e+00
2.868894407486690667e+00
2.937796279369321528e+00
2.712280895476232523e+00
2.913862202203511664e+00
2.325488343855945939e+00
2.380781019919275820e+00
2.705982687858571989e+00
2.525468259660452297e+00
2.289662151569175741e+00
2.301137951132115944e+00
2.308760841846535961e+00
2.761575759684645970e+00
2.712361990899551767e+00
2.683667460994909160e+00
2.420821197219201970e+00
2.520647637183676348e+00
2.788388259677228032e+00
2.711444417072458091e+00
2.843733764745429049e+00
2.789125913500809517e+00
2.749391068117951420e+00
2.392933493278484036e+00
2.837249273255289861e+00
2.900196846623614100e+00
2.447395925321638632e+00
2.791913506076477702e+00
2.584276867692392177e+00
2.842751649473292730e+00
2.020374467807910079e+00
2.514269486481106153e+00
2.219628546035156802e+00
2.153193933288114259e+00
2.806101987964685129e+00
2.749133009571120834e+00
2.559711528810227676e+00
2.862119328666356211e+00
2.656912385625903816e+00
2.042305229537010547e+00
2.720398848191394769e+00
2.626193277297528272e+00
2.706212589142822367e+00
2.870127200300678805e+00
2.757044080109279705e+00
2.827998646018627937e+00
2.814728498813771296e+00
3.077102515305915276e+00
2.412435063495084631e+00
2.428918861246958549e+00
1.846384113872142851e+00
2.302833853564740796e+00
2.743777940439159124e+00
2.653784748760949608e+00
2.834460738960621562e+00
2.236342077208678170e+00
2.259048957998087026e+00
2.647079627547038072e+00
2.131846915344541848e+00
2.908504731708411839e+00
2.625837703557057257e+00
2.612438757537169476e+00
2.810172089752398072e+00
2.047562386176209337e+00
3.057119104259666376e+00
2.885232083531624969e+00
2.444836816712463445e+00
2.130368481891940391e+00
2.500804041430848113e+00
2.642905277660917207e+00
2.864258132715776117e+00
2.912178558599388456e+00
2.683321811873073504e+00
2.873549764779483873e+00
2.732506932288775392e+00
2.947480893711495131e+00
2.148160522496866953e+00
3.003986431960385062e+00
2.673053183767034380e+00
2.052665767575422961e+00
2.655321518744192755e+00
2.621559380440383613e+00
2.357742715761110830e+00
2.738471062475312578e+00
2.426345566068977888e+00
2.118688285486038048e+00
2.402557812454281905e+00
1.911487769774581125e+00
2.271967560075711212e+00
2.693028026154046906e+00
2.561006708232168805e+00
2.743300541265869530e+00
2.793241645417125163e+00
2.435323449744301705e+00
2.695816271157278621e+00
2.649383561638521289e+00
2.318982846324420422e+00
2.474843021857911829e+00
2.640218468128385343e+00
2.243141009792316787e+00
2.848121965857350890e+00
2.304440704316689903e+00
2.135888264225987765e+00
2.847513956516185551e+00
2.641013403446012209e+00
2.671378910970083176e+00
2.898077631879300675e+00
2.408260818005915738e+00
2.710643394833256892e+00
2.548998649712500786e+00
2.687388063024767071e+00
2.494734380008668762e+00
2.496580570339858696e+00
2.628227950760629650e+00
3.037112793599030081e+00
2.613975324865365657e+00
2.519805375607856668e+00
2.199819909749168190e+00
2.323838600700596668e+00
2.525066743637540245e+00
2.958264999081068769e+00
2.603419060650757011e+00
2.792294351037846845e+00
2.385949252082181005e+00
2.481314140260350687e+00
2.295848802802747279e+00
2.575514425501806759e+00
2.590775301795198882e+00
2.391713526291037173e+00
2.485461647962710074e+00
2.923625924235746520e+00
2.792186962784578341e+00
2.172760400604165643e+00
2.747845991879751537e+00
2.219085485122280765e+00
2.734314810693531328e+00
2.826905546178080098e+00
2.559224719458584651e+00
2.189823213904393384e+00
2.150974677531431567e+00
2.398937115689578459e+00
2.575018455053013078e+00
2.967849126377737790e+00
2.469562587024580758e+00
2.837990768716815992e+00
2.726758855873562037e+00
2.917935800879075892e+00
2.283120868071562448e+00
2.896620953640687723e+00
2.611390048601660130e+00
2.555148277009348323e+00
2.826875262641858289e+00
2.743757285800302981e+00
1.762653845205699898e+00
2.756160512320039224e+00
2.365792029172226307e+00
2.777855928921111328e+00
2.816821548139925468e+00
2.579538857388643081e+00
2.551488174273843335e+00
2.844706472531290942e+00
2.086877197841141118e+00
2.701708686242350943e+00
2.684062370639624717e+00
2.397007429724973715e+00
2.837079775723252872e+00
2.832705459778870782e+00
2.668309236536979157e+00
2.312565768410441258e+00
2.556547055656658074e+00
2.473283339199109143e+00
2.523446736352506825e+00
2.554609564375056152e+00
2.131801654827471637e+00
2.510168198568330844e+00
2.816692238620932098e+00
2.014998541098744766e+00
2.967914636541581164e+00
2.998318751542738081e+00
2.802400996366624764e+00
2.489433640945666770e+00
2.309687420394649582e+00
2.906484097796204313e+00
2.725341920222609904e+00
2.929039844404234483e+00
2.375102131753634715e+00
2.820549971588609317e+00
2.480692135512499785e+00
2.990310084567524562e+00
2.999465168801245252e+00
3.032022486472151002e+00
2.785919963155926382e+00
2.531376672377366077e+00
2.027757611924390524e+00
2.186238710209993830e+00
2.893982983777494411e+00
2.296559083061525453e+00
2.926783939932884326e+00
2.584502095874710026e+00
2.094852229159247514e+00
2.014054368915144000e+00
2.682549258698326611e+00
2.178846807130073504e+00
3.061869805324840765e+00
2.641564730090924407e+00
2.402696807489591357e+00
2.892320737349825865e+00
2.704990164267120356e+00
2.065213477868641068e+00
2.845403451499970426e+00
2.288183536849622612e+00
2.127337384913958296e+00
2.040597569587232929e+00
2.742913605367355068e+00
2.758983641166218082e+00
2.423181670295280199e+00
2.378930005517046364e+00
2.972719556101409477e+00
2.639212156102540341e+00
2.540679759747295208e+00
2.770953822708218439e+00
2.357751251754434119e+00
2.504714999752786220e+00
2.775964184602437879e+00
2.546369720792972302e+00
2.979985417522025504e+00
2.328043510935409621e+00
2.436726889475576030e+00
2.228097409520318983e+00
2.262184305969992426e+00
2.098292561573151360e+00
2.726844637654282089e+00
2.288127726224313818e+00
2.750346234032154502e+00
2.938072353515424062e+00
2.769600789158082499e+00
2.452240840473856043e+00
2.469560024003638610e+00
2.255163799746227049e+00
2.938891177965879287e+00
2.648037361492719732e+00
2.853126454338418050e+00
3.025871713743635283e+00
2.949817154862079960e+00
2.333482264886250768e+00
2.818715640526565203e+00
2.685181868873179667e+00
2.253811556404909044e+00
2.408950540311689537e+00
2.234634617900542963e+00
2.670689497991403094e+00
2.474347675064701768e+00
2.686283219148972723e+00
2.800432588723398730e+00
2.678143766111399593e+00
2.521721450059303482e+00
2.867087150906744597e+00
2.760994581481220678e+00
2.636508616341432187e+00
2.685250142003135387e+00
2.590607390200744931e+00
2.055866154547346891e+00
2.690903434783741055e+00
2.534783620441428020e+00
2.279617622855334869e+00
2.676944740159119540e+00
2.673849178448905572e+00
2.865871879111681508e+00
2.773920394530560163e+00
2.589802596719922079e+00
2.024615317173830142e+00
2.421865535778448209e+00
2.295316754309222773e+00
2.959911293307242452e+00
2.823016184600535272e+00
2.749382195642734672e+00
2.406119042321375634e+00
2.403957985552290566e+00
2.688024494160863309e+00
3.012739945249083728e+00
2.703388538569909461e+00
2.554230829699079663e+00
2.123738538151481947e+00
2.429890893178916933e+00
2.885330757959603698e+00
3.031956678897480995e+00
2.519269689396278267e+00
2.521494549078302505e+00
2.506898288747688497e+00
2.387007829593516206e+00
2.879143289896119562e+00
2.793265574509863569e+00
2.457244592756202550e+00
1.842205376937441352e+00
2.449963079947734101e+00
2.618941477528990536e+00
2.950596297978251847e+00
2.908008644948690158e+00
2.570736979659361321e+00
2.439885065095575012e+00
2.959982325995864194e+00
2.509086002230757728e+00
3.067383890345706021e+00
2.702498454782481296e+00
2.435780898771170211e+00
2.566149717407380848e+00
2.959819819312063949e+00
2.774379898046736237e+00
2.845166563180585140e+00
2.492259667827069869e+00
2.789869568785297460e+00
2.101469524656153887e+00
2.499621628746858448e+00
2.689089183790038806e+00
2.265068619756710255e+00
2.991268159097676627e+00
3.025893850489531189e+00
2.462875322191822036e+00
2.551117439788626484e+00
2.654046315157286617e+00
2.607424406474128986e+00
2.488883077016477152e+00
2.638162745293236355e+00
2.787777545573999483e+00
2.641771568670062464e+00
2.588681427346421593e+00
2.659195741191803464e+00
2.684216248892716816e+00
2.562236166952623240e+00
2.698620624234536969e+00
2.519746262474218845e+00
2.922158826141342480e+00
2.202701754182692984e+00
2.657434026943225280e+00
2.758590830322869891e+00
2.836500454011606553e+00
2.966514214020805618e+00
2.563241118305040089e+00
2.530711712556007242e+00
2.435490329212548488e+00
2.755076566423143802e+00
2.746070125366518067e+00
2.754048329060155176e+00
2.403903540317255505e+00
2.922776416086791507e+00
2.877377147441497307e+00
3.028837281925429004e+00
2.385009070923318930e+00
2.653527733586651394e+00
2.528458664950888668e+00
2.812628490229863054e+00
2.563009917089019929e+00
2.402530825907323475e+00
2.295204755694042031e+00
2.913480255677072250e+00
2.025080152608550677e+00
2.058791361918750340e+00
2.687230172855572086e+00
2.246355700451073911e+00
2.622987271107915852e+00
2.343915099178187411e+00
2.793066920664689423e+00
2.827215372801131110e+00
2.858821621336469221e+00
2.376795186079645017e+00
2.871478794811013646e+00
2.616948830279885563e+00
2.611963148953538205e+00
2.846503221844439491e+00
2.725575286164101829e+00
2.922703263983436717e+00
2.875107820136559411e+00
3.104207367645080762e+00
2.136035024097982404e+00
2.606293611340893435e+00
2.223946376484401632e+00
2.899089262395119437e+00
2.376925701670979052e+00
2.745968476884774745e+00
2.587091857921889115e+00
3.006100793356571987e+00
2.269003710922969042e+00
2.346698811396776829e+00
2.924891607229635593e+00
2.821688401822502357e+00
2.892127983910115052e+00
2.976988354529240599e+00
2.515984992635052819e+00
2.657385920064078366e+00
2.733847434777365581e+00
2.235603690291207535e+00
2.508439791760198823e+00
2.548374634819766449e+00
2.139739047106397507e+00
1.967925021731967483e+00
2.254261810687877787e+00
3.055360798129310052e+00
2.720427253567614834e+00
2.861945406685004301e+00
2.049625977930274345e+00
2.686560640253070176e+00
2.591389371707789380e+00
2.546900689862559464e+00
2.938148016901302562e+00
2.597138239975890439e+00
2.799377026758287812e+00
2.410221935657550496e+00
2.315223599201836624e+00
2.491666882565792385e+00
2.789689947115606916e+00
2.873468747502169407e+00
2.332524004500028170e+00
2.532953291847065191e+00
2.610378137168098078e+00
2.871230410962582358e+00
2.794871131616468496e+00
2.305924765233150264e+00
2.633795180809255676e+00
2.639537819006251063e+00
2.376063725600237930e+00
2.718357540353486090e+00
2.169703999014347851e+00
2.612515001262533776e+00
2.713485697950012376e+00
2.590279776083902696e+00
2.761645534782800393e+00
2.579317469578255029e+00
2.447617303224010499e+00
2.365450796939780886e+00
2.820235245965933224e+00
2.190393036901162382e+00
2.467021209816328664e+00
2.697149088591578980e+00
2.469811810796831875e+00
2.374674946679420806e+00
2.798692212346551855e+00
2.522729380988304460e+00
2.731583800688277108e+00
2.871242487763553619e+00
2.608587731664982368e+00
2.667604033012514364e+00
3.027177415875454525e+00
2.981587928938113308e+00
2.847668299378149470e+00
2.297301702952909697e+00
2.991601855311156299e+00
2.515229375073396501e+00
3.031198728394303377e+00
2.191199534238473134e+00
2.642596914895203319e+00
2.624360225903964672e+00
2.431054669547739522e+00
2.879298569654667794e+00
2.736488512701234388e+00
3.039760032053728800e+00
2.325534247944330168e+00
2.429210341258784212e+00
2.693038878166685635e+00
2.817388665687868610e+00
2.356236577494963846e+00
2.480699101692690256e+00
2.976656497446196425e+00
2.768867407374679512e+00
2.398751478318583263e+00
2.280047577900767841e+00
2.199853977200909583e+00
2.563126840779642368e+00
2.874365712993027788e+00
2.625223168941495988e+00
2.694243416360075027e+00
2.376023541629963098e+00
2.277059110950768517e+00
2.968275120519869414e+00
2.503716072414051030e+00
2.667992720553377328e+00
2.582376412362837215e+00
2.867857868648622244e+00
2.346381075839893526e+00
2.870481543499254773e+00
1.967530861905029127e+00
2.215647104077472118e+00
2.330221562036477234e+00
2.232258360932826591e+00
2.547160420747805354e+00
2.471724182254041224e+00
2.596922155595979831e+00
2.744983405172702895e+00
2.383895518981054451e+00
2.594196670420258144e+00
2.597502243511847553e+00
2.373692407757175271e+00
2.588599092307674709e+00
2.982582894998436540e+00
2.600111425625148076e+00
2.240736690438916767e+00
2.284179430128425281e+00
2.404206891670581214e+00
2.564645915428412692e+00
2.574385369996433859e+00
2.672736089868556597e+00
2.137658017221209406e+00
2.326493345863401618e+00
2.080723997281252569e+00
2.691996155287974091e+00
2.480368818163064315e+00
2.878143119464225741e+00
2.408094422432125015e+00
2.115534943075393581e+00
2.455638766624687719e+00
3.051116686666611066e+00
2.512826892664445921e+00
2.591883856962449606e+00
2.609039796304794656e+00
3.044018298312911597e+00
2.842676472872699200e+00
2.355544131362391269e+00
2.139700419437336798e+00
2.920902347344569883e+00
2.579695608644613003e+00
2.320578914019586048e+00
2.291567283113734366e+00
2.074678287425423484e+00
2.727269929561847217e+00
3.035110651692019434e+00
2.057935299915841121e+00
2.616384196868639656e+00
2.550123485076395191e+00
2.067907857934893734e+00
2.753700578726696158e+00
2.698963516277884445e+00
2.188756165953761101e+00
1.825764687865406133e+00
3.030549361854873336e+00
2.750012478699328522e+00
2.004237863067312109e+00
2.976755876310573701e+00
2.714488357106147554e+00
1.836433866182994645e+00
2.561572980967979696e+00
2.489880354459281797e+00
1.664353654234226321e+00
2.867920361311242061e+00
2.466847116432788312e+00
2.813224789557664529e+00
2.927283726743791892e+00
2.281002236544189543e+00
2.997954668726227734e+00
2.503036469057471347e+00
2.965339233479767245e+00
2.623215154259912918e+00
2.529954112756632956e+00
2.681721057512767459e+00
2.745323159734894602e+00
2.622995907571740837e+00
2.359898867450641369e+00
2.030449207595527383e+00
2.866816257601292328e+00
2.931983242474571760e+00
2.511307596246255436e+00
2.573748301451466602e+00
2.528492443594358985e+00
2.412377331572272077e+00
2.406012211361962194e+00
2.245217882224344930e+00
2.068966669978054895e+00
2.816585918359262752e+00
2.344016059003277253e+00
2.435646413018958789e+00
2.838718663822014321e+00
2.384942074229684739e+00
2.778295659940491991e+00
2.691273554849113125e+00
2.335414854772556392e+00
2.717298059443894243e+00
2.256460418899564502e+00
3.090983656772547938e+00
1.855964333340800687e+00
2.590296967799897043e+00
2.581287746134610206e+00
2.549418609014071357e+00
2.432219829079406370e+00
2.617881365700304386e+00
2.759766055810753294e+00
2.682357648732217381e+00
2.524075043751984992e+00
2.198192951620716151e+00
2.660171606398157973e+00
2.732818362929807954e+00
2.790424919616506294e+00
2.547473579937377774e+00
2.674959113091614604e+00
2.113360206511614159e+00
2.608479810730151005e+00
2.700566646423929740e+00
2.569067126949353241e+00
1.997505076949371405e+00
2.842478716762161461e+00
2.553740731961443355e+00
2.904097049554735133e+00
2.762609345571751973e+00
2.402025017387368955e+00
2.653671127086131953e+00
2.433737634508328362e+00
2.158219472636570657e+00
2.556041558148893333e+00
2.586655665929399106e+00
2.131777926155619340e+00
2.648368804917292874e+00
2.314926129747238548e+00
2.657713593491083603e+00
2.958636490296649768e+00
3.001579297601104201e+00
2.790494123963096040e+00
2.313286758362691931e+00
2.801191600435509521e+00
2.569341020503304485e+00
2.534593803723041994e+00
2.604491437438510637e+00
2.879377542533469558e+00
2.089485230668250537e+00
2.443100612481145184e+00
2.863949601833911895e+00
2.919469563711049265e+00
2.467310067992369405e+00
2.436143643488390520e+00
2.144435626157896291e+00
2.891822368571080659e+00
3.087253787286821982e+00
2.689855805822033208e+00
2.421436939999515037e+00
2.392600854041803782e+00
2.868839690515873730e+00
2.839705458108400471e+00
2.911170321425428309e+00
2.605672030415963736e+00
2.369396711969309344e+00
2.301818142211879525e+00
2.712148766499438590e+00
2.851022444163133773e+00
2.597301136528053611e+00
2.806997219029781832e+00
2.133757735610263939e+00
2.259141454830842832e+00
2.569471893629448722e+00
2.534824284000895211e+00
2.815100000618021792e+00
2.049348516420459454e+00
2.791021409755460425e+00
2.390538210462339386e+00
2.897348867212206969e+00
2.616772230250188791e+00
2.571552388176303605e+00
2.415202452434151326e+00
2.103100380239154354e+00
2.358904093112546452e+00
2.959136213461159848e+00
2.453512403482983828e+00
2.772920672807958731e+00
2.621539741575219296e+00
2.930140554223460647e+00
2.987492218138180000e+00
2.779425339614950641e+00
2.538358087868976209e+00
2.331448270048139371e+00
2.653692663859419820e+00
2.451091744288270480e+00
2.197234836992083995e+00
2.337682259769925608e+00
2.779140725262295941e+00
2.621960777862945680e+00
2.600857992232914473e+00
2.618162043346325962e+00
2.398974529309754189e+00
2.451513152670650619e+00
2.599125289365602054e+00
2.770011888088127261e+00
2.844574031668550163e+00
1.931710740869915011e+00
2.431869849299686415e+00
2.761832709447807233e+00
2.704232752884391022e+00
2.922505126013816401e+00
2.734356099848798571e+00
2.650598265066649084e+00
2.144798899593326702e+00
2.442543979560360956e+00
2.765336988161895881e+00
2.881057048434811918e+00
2.870192403652939817e+00
2.453341242614909046e+00
2.060284066334397757e+00
2.837833887808053568e+00
2.818069003643004056e+00
2.414849203487759333e+00
1.908526939283631041e+00
2.644233699295930773e+00
2.648224226114322732e+00
2.476143153986717582e+00
2.599640928554107333e+00
2.763250533258791553e+00
2.275162477280715301e+00
2.543376493419760909e+00
2.477924855612285260e+00
2.434556295403772719e+00
2.297397840323271989e+00
2.991605681840247666e+00
3.015232926158828430e+00
2.676454156311745436e+00
2.885891082312492362e+00
2.365550873122045594e+00
2.843346521173408803e+00
2.172221460257738546e+00
2.771276177001688268e+00
2.365908756101081867e+00
2.252466729309615445e+00
2.104255928276261400e+00
2.595671003566900836e+00
2.129161354070205459e+00
2.507462196863551540e+00
2.928367778977651881e+00
2.060408850200337483e+00
2.117376282951931366e+00
2.537960308125964737e+00
2.654220799780755424e+00
2.600505341155530559e+00
2.636326637054278166e+00
2.895581426345973153e+00
2.358411150000972789e+00
2.274593946093188102e+00
2.902301432580343565e+00
2.445579151170053311e+00
2.766637648767332092e+00
2.836539292388363886e+00
2.589209164023259291e+00
2.689917691499651653e+00
2.739354595264843262e+00
2.642086438574473561e+00
2.727790016584856314e+00
2.232081016856056532e+00
2.342660808881593670e+00
2.572950246484137171e+00
2.935758664176809862e+00
2.506442791764141198e+00
2.946567382787174338e+00
2.333822571677835800e+00
2.387086990168971745e+00
2.446527107650282140e+00
2.791346748695259006e+00
2.656379626586962139e+00
2.545398724522619283e+00
2.545573440650480634e+00
1.882097712840729464e+00
3.073081447371011521e+00
2.814022207145520760e+00
2.269968137464368318e+00
2.575337195694644699e+00
2.714372223862542732e+00
3.077678559725937735e+00
2.679564396487660982e+00
2.732821821060668732e+00
2.779199998725255583e+00
2.651378998231753936e+00
2.319559016156571118e+00
2.826125171887104770e+00
1.820965029515947409e+00
2.502485342879766872e+00
2.635776168988640311e+00
2.441845987174378951e+00
2.464453191435625801e+00
2.870639560303522853e+00
2.158414442790159704e+00
2.625457526015710474e+00
2.914009906101149294e+00
2.111135936460720952e+00
3.080337877593112506e+00
3.005124555825752442e+00
2.933372520736568845e+00
2.885832177812265087e+00
3.053032498086309943e+00
2.754859704656434261e+00
1.892818435390903442e+00
2.776522232322113481e+00
2.237724863761797689e+00
2.246595148151036447e+00
2.705095568589433341e+00
2.417570034666138401e+00
2.480378728043982850e+00
2.352757695221433742e+00
2.555122294013311368e+00
2.415981929022405605e+00
2.274685123871685644e+00
2.047049967118061087e+00
2.390518976295957110e+00
2.727324286082143612e+00
2.387157839532902504e+00
2.625701064364732495e+00
2.607596141587580352e+00
2.792882333995134303e+00
2.226176488176165869e+00
2.858515005896845818e+00
2.860217594807386909e+00
2.842770689703430609e+00
2.550767309590515453e+00
2.721334504617029637e+00
2.699767252431597431e+00
2.884622806393461580e+00
2.495864901625770127e+00
2.955282832057194220e+00
2.832014918072333298e+00
2.893064364600689053e+00
2.751042404502235250e+00
2.393917066400753857e+00
2.772563001729576371e+00
2.541785032111728349e+00
2.771688461043807283e+00
2.992269215627930024e+00
2.798653909801453565e+00
2.863889219278810128e+00
1.966402183972268292e+00
2.461933197380317573e+00
2.542263802441850018e+00
2.628884947532853289e+00
2.582746808061467725e+00
2.243530521836000879e+00
2.344352182588178124e+00
2.476483335402534181e+00
2.342085972218261425e+00
2.788374854942171854e+00
2.617650556418864571e+00
2.681625707568609407e+00
2.397229281055868189e+00
2.862243312582792409e+00
2.481016545710094334e+00
2.301568755018879919e+00
3.007925311572658966e+00
2.636953916368473205e+00
2.569435249180324732e+00
2.585015505152182147e+00
2.483205849036626667e+00
2.865075775367553756e+00
2.160131430671835773e+00
2.941670580689493164e+00
2.848255199003503879e+00
2.110304215289222185e+00
2.725046510995607019e+00
2.983157289500261378e+00
2.527199717654828426e+00
2.717433990241690189e+00
2.674827665958842804e+00
2.614708713236407078e+00
2.211849509239813827e+00
1.855644841122952249e+00
2.453374332435795502e+00
3.102741668855130808e+00
2.830386504169434048e+00
3.055146797550963189e+00
2.935107159893728834e+00
2.455894716267006395e+00
2.363529067981682719e+00
2.664286012339629917e+00
2.236892650466967503e+00
2.433486447281042242e+00
2.447864718230587489e+00
2.575851613898316295e+00
2.409920498694518187e+00
2.172871896911819256e+00
2.084256802584786961e+00
2.450742015968552234e+00
2.546014567087933500e+00
2.747547536498989196e+00
2.669604464137592892e+00
2.689722917437286309e+00
2.042937618462906002e+00
2.834884262404599120e+00
2.086831560165448352e+00
2.729796029171992267e+00
2.154690169876912531e+00
2.193741469643091246e+00
2.532855109902834911e+00
2.703988346988640767e+00
2.808927943870102251e+00
2.138832645428591306e+00
2.858661630859374192e+00
1.992400594967794980e+00
2.688466768750086722e+00
2.807679468107267429e+00
2.865726775727310827e+00
2.928089831018764855e+00
2.457631785834674787e+00
2.322667097473067876e+00
2.262548087598628133e+00
2.304458756476837067e+00
2.787698335130537330e+00
2.835959561664298967e+00
2.476696173734535211e+00
1.926929808160079638e+00
2.477715514100520267e+00
2.409145799178627367e+00
2.682872346648241368e+00
2.427978281315925635e+00
2.103479480284958569e+00
2.107863619199187966e+00
2.720834962276176050e+00
1.894602212817931841e+00
2.976976383096797019e+00
2.505515747421866113e+00
2.679950776869181261e+00
2.251011888084105461e+00
2.614918765543857937e+00
2.284139419708631991e+00
2.614099920905267993e+00
2.351155837375122459e+00
2.059032504871586511e+00
2.073020179869253798e+00
2.300365074584375780e+00
2.116014801910078624e+00
2.574492391749690690e+00
2.493504316499909557e+00
2.277888245330955463e+00
2.121522091838512925e+00
2.732818505003677512e+00
2.673810883588891851e+00
2.491652156611798841e+00
2.857207994997230660e+00
2.678434573900013937e+00
2.771867361203252500e+00
2.880797368526515800e+00
2.260665295870469382e+00
2.915693792102870496e+00
2.509533998123012477e+00
2.167913141217643336e+00
2.293487187471908051e+00
2.379123678320147484e+00
2.866218553406537861e+00
2.889670578675159529e+00
1.999992185876228401e+00
2.765507567639883035e+00
2.944689000318044592e+00
2.305597967847506258e+00
2.416980614296175833e+00
2.389000418168904183e+00
2.513753291365997899e+00
2.920293752202816062e+00
2.548771535023222512e+00
2.498475699191828880e+00
2.316689284290813777e+00
2.674900341005613136e+00
2.877264986420081883e+00
2.277993596230964979e+00
2.542767487025335171e+00
2.713654699212284527e+00
2.024149061252612292e+00
2.932284479101490149e+00
2.147545705086639334e+00
2.775525580134751369e+00
2.443743335179608955e+00
2.042958440837926659e+00
2.548622681504761900e+00
2.328304889140330403e+00
2.667305792672472364e+00
2.682730209298449520e+00
2.690849401741031599e+00
2.865114863288663383e+00
2.724005094693488616e+00
2.321963463262846972e+00
2.729104961284661623e+00
2.862209331453693828e+00
2.481973232744044910e+00
2.959076560115681875e+00
2.498739192704697576e+00
2.944351223149380914e+00
2.948417190502007568e+00
2.669334537530551721e+00
2.942208990277299208e+00
2.794663724775145131e+00
2.907130817791993227e+00
2.925258959623759036e+00
2.532119958312845753e+00
2.247217353149870256e+00
2.822226545805748277e+00
2.108818703884016710e+00
2.131970882430527681e+00
2.745963487537982584e+00
2.662820940334887254e+00
2.985325927258987377e+00
2.907745620012441634e+00
2.552482561129319372e+00
2.866389711217338210e+00
2.552828967162475315e+00
2.457263811800009634e+00
2.349447775822080420e+00
2.304407852551441760e+00
2.881548965983399935e+00
2.694770693407654072e+00
2.606220260409117362e+00
2.906627617537384189e+00
2.243161346326868255e+00
2.899146728681154084e+00
2.474742264531187175e+00
2.245331055373608997e+00
3.101115498353988364e+00
2.730937366069243755e+00
2.827878906585910457e+00
2.696242514294337589e+00
2.775967272210997816e+00
2.991369864629504605e+00
2.556990295871467200e+00
2.749692316666018321e+00
2.071575136961541386e+00
2.577861889056646927e+00
1.854638259215866558e+00
2.748452427047929802e+00
2.298342956358306655e+00
2.974828579261961536e+00
2.709557135973757802e+00
2.381574952302054626e+00
2.220183698537449235e+00
2.721965970592866046e+00
3.057660827940836601e+00
3.006839012127952238e+00
2.745577319975817332e+00
2.847872767739848321e+00
2.812727485469293409e+00
2.700561292497156263e+00
2.599259842446851820e+00
2.010751427655651735e+00
2.532841824194016933e+00
2.508752816686135922e+00
2.811361845588304487e+00
2.788561865505717829e+00
2.581120649459540672e+00
3.019463170815886333e+00
2.606938418937931878e+00
2.777194012338916274e+00
2.654698673155003963e+00
2.462883978526680728e+00
2.576071009185201266e+00
2.460982223158762139e+00
2.682289783590300569e+00
2.668450895218591246e+00
2.157714985482647840e+00
2.725349168052034976e+00
2.454159065308004095e+00
2.700763806226488040e+00
2.799526613044052148e+00
3.034290541506363681e+00
2.539973918284961663e+00
2.713896475664083319e+00
2.098991789011573683e+00
2.694904407255860335e+00
2.175498621620373108e+00
2.608221415951852862e+00
2.728766159798625690e+00
2.823472910908422229e+00
2.782585980180819263e+00
2.793497495960570731e+00
2.074596199321236956e+00
2.592679540182370790e+00
2.150846239866491150e+00
2.278447657711001995e+00
2.241364652692454218e+00
2.892722897378425362e+00
2.962606097553023510e+00
2.754296027670243507e+00
2.236222580112274816e+00
2.571609969101635862e+00
2.613130826106766058e+00
2.837972538686150070e+00
2.575668636980080528e+00
2.455501487216577683e+00
2.748357647422586592e+00
2.957672776362927802e+00
3.050177850900581689e+00
2.707052116044255108e+00
2.769935905592255665e+00
2.866371873259927927e+00
2.626818657705531468e+00
3.028131325372551252e+00
2.430100354474928892e+00
2.638750496516713895e+00
2.907851184914914011e+00
2.635439045585595164e+00
2.987969132519985305e+00
2.974275886062564656e+00
2.769311269223822425e+00
2.247939320694917420e+00
2.902358926315766308e+00
2.552055181040199905e+00
2.553605531963190067e+00
2.869147697573477984e+00
1.980684624470657962e+00
2.715889140221610987e+00
2.536217709767295769e+00
2.455083533221386283e+00
2.642733224088462229e+00
2.430801129665023375e+00
2.592252635096084834e+00
2.550496737673968450e+00
2.054229444098813140e+00
2.148941522133931414e+00
2.863901735402972548e+00
2.533753573263414882e+00
2.957552845941417985e+00
2.775130885828447802e+00
2.595238526176520288e+00
2.517276479263298672e+00
2.777892594297000084e+00
2.632299175836958050e+00
2.947446406261993612e+00
2.379480364277196003e+00
2.340436931797435172e+00
2.462073784867582660e+00
2.866648383104392295e+00
2.615419068414074122e+00
2.492118108637917828e+00
2.386284495367461567e+00
2.903791843957515439e+00
2.564022858783861381e+00
3.032759786855778295e+00
2.345235442139801396e+00
2.935596289829814687e+00
2.311516298809995096e+00
2.361916700977627404e+00
2.062617090688597443e+00
3.038057080006784982e+00
3.056651638768124624e+00
2.276651630804119364e+00
2.761641867831795327e+00
2.270537043725983750e+00
2.936304465527166396e+00
2.936519272530489832e+00
2.272272887401838748e+00
2.806454342237736821e+00
2.625946852659314601e+00
2.400192813110903600e+00
2.306688702810566038e+00
2.429272399485554068e+00
2.117674089082692834e+00
2.831722599976408627e+00
2.940467986872309591e+00
2.732420359751856154e+00
2.486797526088621701e+00
2.626571847982143826e+00
2.184426210017779812e+00
2.575901103446932350e+00
2.739760973263818400e+00
2.022416727503800526e+00
2.425738070782795575e+00
2.908891239542343410e+00
2.334248824018548607e+00
3.026576762480112759e+00
2.757405085185422156e+00
2.429340442996617888e+00
2.320750283277444481e+00
2.388738326234286724e+00
2.901010729001599397e+00
2.440648844946441187e+00
2.956137003113150641e+00
2.540772697030003524e+00
2.538005128692755186e+00
2.945745771282721304e+00
2.912774954919349568e+00
2.642244825902821503e+00
2.668412389360011794e+00
2.580181005704694996e+00
2.994525051109952596e+00
2.440431273544959367e+00
2.643394722788323215e+00
2.540944294661922953e+00
2.410929037144803999e+00
3.053535620324400401e+00
2.732361969818414504e+00
2.685119113840669591e+00
2.797021531001794514e+00
2.502042395085944282e+00
3.067074790103742288e+00
2.262986789155426059e+00
2.628780959553254526e+00
2.473261696599135639e+00
2.321734529448380435e+00
1.996167554848484293e+00
2.932051463196023722e+00
3.001581822604175276e+00
2.172034611850540919e+00
2.709776169397617451e+00
2.585608435282494177e+00
2.818322754099536809e+00
1.904485194057152109e+00
2.423147122486045024e+00
2.761961899144154131e+00
2.592362760386689668e+00
2.487269314658973052e+00
2.638231283605346089e+00
2.105319806684391004e+00
2.284587967442159417e+00
2.757414481012880891e+00
2.669663679016509583e+00
2.752530659468450658e+00
2.391063937597233124e+00
2.789959261409765467e+00
2.408011195540903593e+00
2.418329353366019063e+00
2.351008751661912477e+00
2.457270082966477975e+00
2.318268994297512986e+00
2.566609184332026672e+00
2.429561401056822945e+00
2.381735812389228268e+00
2.818978165930229984e+00
3.028128697406790693e+00
1.754539820440873754e+00
2.642877504829387547e+00
2.355894968692688884e+00
2.392045296358869422e+00
2.565120590851111437e+00
2.789253382333909848e+00
2.484151650450495019e+00
2.573747407423688571e+00
2.643087860356448715e+00
2.956953114508024782e+00
2.620206231472882230e+00
2.609860598954688804e+00
2.742397105308846950e+00
2.735337613665418832e+00
2.451452608258479327e+00
2.559351828808055007e+00
2.613731343046317157e+00
2.755413414266752348e+00
2.564081674642362252e+00
2.264693950033500158e+00
3.043343498743479092e+00
2.011773817018153832e+00
2.360291338011754725e+00
2.548330896689129155e+00
2.692327127854465374e+00
3.004820964488711610e+00
2.467470075968698051e+00
2.994206465899738490e+00
2.629852082560224069e+00
2.444954495162137142e+00
2.934760039742184912e+00
2.662174397985835217e+00
2.546416343751397360e+00
2.106664577528070570e+00
2.522599508416922376e+00
2.282282519973241719e+00
2.290039309327452699e+00
2.655322995290636534e+00
2.114938845457610128e+00
2.968610543693256609e+00
2.053991610055991845e+00
2.343384716871943496e+00
2.360263929627834045e+00
2.971564895870605127e+00
2.119234422440011922e+00
2.845495318271320073e+00
2.345905492108687707e+00
2.161175837290632451e+00
2.670743844549241963e+00
2.576532638776693140e+00
2.927576436405282312e+00
2.289986210259894683e+00
2.509641880420815596e+00
2.244226417030826148e+00
2.930854483977664238e+00
2.012803640428107776e+00
2.800175509005712549e+00
2.703269304601220391e+00
2.306264264091783645e+00
2.653662511321140283e+00
2.579532074386039486e+00
2.638917553587385445e+00
3.009950394215019642e+00
2.614780194249476608e+00
2.482257754981691988e+00
2.316637877519356792e+00
1.795344519384885595e+00
2.596210297376948084e+00
2.448048746555990363e+00
3.077754709710851966e+00
2.330159281230699264e+00
2.271663069373385913e+00
2.868140818411959891e+00
2.902638344623722944e+00
2.808601658147766411e+00
2.603794848168092368e+00
2.676961774325156362e+00
2.265380072446767645e+00
2.046660016110164015e+00
2.648557779222538766e+00
2.382296271197409609e+00
2.709671805663790956e+00
2.236186863374895584e+00
2.548495547453750731e+00
2.591518806804356867e+00
2.703493968191745811e+00
2.063674605048323230e+00
2.829724611561865721e+00
2.661178366288085684e+00
2.721598995670626575e+00
2.228505461151299549e+00
2.814036795009994041e+00
2.821737689371564883e+00
2.398014078620659184e+00
2.494102984849325910e+00
2.436651427814232385e+00
2.504930300411322364e+00
2.219004523276351559e+00
2.078657322012067876e+00
2.948483099586800105e+00
2.841030494510276228e+00
2.693576209368574226e+00
2.474943999495071267e+00
2.622403778527929941e+00
2.951900608833236017e+00
2.388588733063453429e+00
2.814738203536497174e+00
2.753086728090283763e+00
2.021553511703796158e+00
2.406272525287096897e+00
2.722512591589579589e+00
2.453753309125817683e+00
2.300217566915915057e+00
2.394100270439552869e+00
2.413782118402003629e+00
2.899269843397621393e+00
2.213656939966957893e+00
2.504412863695318681e+00
2.348285818845834871e+00
2.768498815699868665e+00
2.727348936297078197e+00
2.835633458598942891e+00
2.649133566092104708e+00
2.745255455471568684e+00
2.027078193331052880e+00
2.610787680335701744e+00
2.135958042434031423e+00
2.685625871245662211e+00
2.466631131693746593e+00
2.872507379006671524e+00
2.608879710805468655e+00
1.834920767322695712e+00
2.939941035828932403e+00
2.625425361136865199e+00
2.845496209741904980e+00
2.949620332197448569e+00
2.825475287925732548e+00
2.592537657205747692e+00
2.376559081286107045e+00
2.827684913195728456e+00
2.471984818412047424e+00
2.302121924472363634e+00
2.409751246521995682e+00
2.547537908185035782e+00
2.772072400665352987e+00
2.611687220119017105e+00
2.800443860213027936e+00
2.185844186304969128e+00
2.557433948643441202e+00
2.369106392771102687e+00
2.889120708820935413e+00
2.252547575146457426e+00
3.003506890676874708e+00
2.794569439646663156e+00
2.133804817891202354e+00
2.644664081463467653e+00
2.892323774030654437e+00
2.487734949743292567e+00
2.288387709356146882e+00
2.101671826920306074e+00
2.103768595676658748e+00
2.256762446527863286e+00
2.910572307145744553e+00
2.693719837709871001e+00
2.689282906946812268e+00
2.606539231660655709e+00
2.514333209861352003e+00
2.933684383959285213e+00
2.700647580449290874e+00
2.678316614423267072e+00
3.065577780641386862e+00
2.530756438333544800e+00
2.422215771722458832e+00
2.347488991513503542e+00
2.772588289380229387e+00
2.633691045829813948e+00
2.654022054845954770e+00
2.717950133507431865e+00
2.338779885008228199e+00
1.967819219231116135e+00
2.500900370494717251e+00
2.600287148631536649e+00
2.885751004777945994e+00
3.033824244346226884e+00
2.135408180819573509e+00
2.741070353133366222e+00
2.383647965120606393e+00
2.655838957007478740e+00
2.835162181698761330e+00
2.625343547426762569e+00
2.773718552164506246e+00
2.029153693478362719e+00
2.279250807963255632e+00
2.537660890116496759e+00
2.314426730589555170e+00
2.178826534232761070e+00
2.758127398637758798e+00
2.786241831349636655e+00
2.390326372012041567e+00
2.682345794023212715e+00
2.606894402401494393e+00
2.840659711344463378e+00
2.916678346013931833e+00
2.351379350499595233e+00
2.604080173409082377e+00
2.405104378624884021e+00
2.766779402163162871e+00
2.369584647538251154e+00
2.899392435199491302e+00
2.345352770422530320e+00
2.826142906055394644e+00
2.737054660066839507e+00
2.287316436266826791e+00
2.932498230678854068e+00
3.091351779679809564e+00
2.979484576690956121e+00
2.595333474219214676e+00
2.902730903111609972e+00
2.698521339492399918e+00
2.428412239663038985e+00
2.708585136336857602e+00
2.516591107301167085e+00
2.361492324274997223e+00
2.575749987364567062e+00
2.650698697947848181e+00
2.838065297318087765e+00
2.917601224653180392e+00
2.935195592789970664e+00
2.500611567506349608e+00
1.826076243428650825e+00
2.741705990817352667e+00
2.452000529806197537e+00
2.818245046048975855e+00
2.396424413015441068e+00
2.971686181710100794e+00
2.638262693150219107e+00
2.574981988934137878e+00
2.331702790151919835e+00
2.740202099567317084e+00
2.066059267173855574e+00
2.528349609686649124e+00
2.327927666317653799e+00
2.632251946333843406e+00
2.333827941990876731e+00
2.474452211800658663e+00
2.894003191573006450e+00
2.937354821195544474e+00
2.344540938810212083e+00
2.900876919729554082e+00
2.522169413603577048e+00
2.672759510925521997e+00
2.172881356428562061e+00
2.307524616236920956e+00
2.584488573389542854e+00
2.060754834831412197e+00
2.983953866497179863e+00
2.714591881171761756e+00
2.142136767830711275e+00
2.219800267983957909e+00
3.077990540119915686e+00
2.068294624687905703e+00
2.129231165058902420e+00
2.816064257668569493e+00
2.737795916681844854e+00
2.174046576121400509e+00
2.236262590442615217e+00
3.060579113109570759e+00
2.635266230896297301e+00
2.717976143524548416e+00
2.959317462687769851e+00
2.675334301813944382e+00
2.569580378771239459e+00
2.604320441873825498e+00
2.151594057773106972e+00
2.572855824206361497e+00
2.907135996664053312e+00
2.986867285444855469e+00
2.861086892827453987e+00
2.454442625337473594e+00
2.475487981061845755e+00
2.956748825076304321e+00
3.049954645429682198e+00
2.588990334314151820e+00
2.892974394423258211e+00
2.583331912972082200e+00
2.229184103524557869e+00
2.233999082672996739e+00
2.934402491479779940e+00
2.444488179967172936e+00
1.933673957921266950e+00
2.650004929218458205e+00
2.427392365428798549e+00
2.740750281394484844e+00
2.675255538308926706e+00
2.612494084286861806e+00
1.765667466295857135e+00
2.427702267034934636e+00
2.072989773138602665e+00
2.335139762989632661e+00
2.249477364396774259e+00
2.687175429969915985e+00
2.306611703406394653e+00
1.898400595689272219e+00
2.609068686115148417e+00
2.712174486478363455e+00
2.415567387756053286e+00
2.025271334259724831e+00
2.448580719347793533e+00
2.850614401091577044e+00
2.920191073993838593e+00
2.589004920064768456e+00
2.468386973162922882e+00
2.779975426797962612e+00
2.456262489735016707e+00
2.499218601207881196e+00
2.144461262049700334e+00
2.789847398828658953e+00
2.852753471708829203e+00
2.542268057822175464e+00
2.734685904485071539e+00
1.991404386519865843e+00
2.383453321719834594e+00
2.706516181222786699e+00
2.526216268014125355e+00
2.827245277288796821e+00
2.597687309877998008e+00
2.847038682613302285e+00
2.302804276133354033e+00
1.896683836388945110e+00
2.385986579125898732e+00
2.851432681648819578e+00
2.721669084592501786e+00
3.030123839595397772e+00
2.633331678734609937e+00
2.894842015389623047e+00
2.387401077266810390e+00
1.977054156295522169e+00
2.834993120677937739e+00
2.643371366812921952e+00
2.753658428745760833e+00
2.712033755265140123e+00
3.008349038279407139e+00
2.981135282247752816e+00
2.794413631667072018e+00
2.452575208199980317e+00
2.953025975680775073e+00
2.380421706020196204e+00
2.433326643618657137e+00
2.836732742603128354e+00
2.716351451678991946e+00
2.795862243965987481e+00
2.700082448539465219e+00
1.968056325579282007e+00
2.465231750051504189e+00
2.212633581572989616e+00
2.521445341829722242e+00
2.661628248311560085e+00
2.415445688199058694e+00
2.810403652402202468e+00
2.888923695318536211e+00
2.598787631423117972e+00
2.661703430145687665e+00
2.570113628753551982e+00
3.087132841963571295e+00
2.706528041609726820e+00
2.579279965276247033e+00
2.809067161228681275e+00
2.294945138751737002e+00
3.119911064916966570e+00
2.157745157181505835e+00
2.298236230784663547e+00
2.410628515729968946e+00
2.929104507459346252e+00
2.397964164328211467e+00
2.478157259423335645e+00
3.041960319682959213e+00
2.643898565719899896e+00
2.584521894253156482e+00
2.958908906002765349e+00
2.374044410522420989e+00
2.402475679199966851e+00
2.627452702085244063e+00
2.739448758653610927e+00
2.576720570112353670e+00
2.802994739858487794e+00
2.325616970564907682e+00
3.131758729818534981e+00
2.655042966580486219e+00
2.851548978633080544e+00
2.428085472002373013e+00
2.255065343169697201e+00
2.693156451475786639e+00
2.435743181301953886e+00
2.695857531041160549e+00
2.974404557816255679e+00
2.369805876946689871e+00
2.889709598138948898e+00
1.989981084251883026e+00
2.023997875147503844e+00
2.743689320088683381e+00
2.694780436299887505e+00
2.025614059668881417e+00
2.894046651976325268e+00
2.738488983092516982e+00
2.765893326811765807e+00
2.862746993220221636e+00
2.389426692837372190e+00
2.735673508599207882e+00
2.946110849423517752e+00
2.719882888157403755e+00
2.754890874975752357e+00
2.597792728662193795e+00
2.963428909408356571e+00
2.915994588564715606e+00
2.408435780160488093e+00
2.902997230557962549e+00
2.531220887737688940e+00
2.973875171729989830e+00
2.253231589828226689e+00
2.638180462973462426e+00
2.451018211227836918e+00
2.759777677033709242e+00
2.624180095306755334e+00
2.002971120770906666e+00
2.809711914281980860e+00
2.511501563934391612e+00
2.837934620278080633e+00
2.181780938814604998e+00
2.165492282094378051e+00
2.760206164440342835e+00
2.409176471787538354e+00
2.691422633308527601e+00
2.841451866363120082e+00
2.975154851919205257e+00
2.658143146927186784e+00
2.668842044593126239e+00
2.399201514845534788e+00
2.556058952969134879e+00
2.471448263300300763e+00
2.693103434163743870e+00
2.918763641698585598e+00
2.605020373273823520e+00
2.464378349215020858e+00
2.680087855751028592e+00
2.919459465063034997e+00
2.834278853919601104e+00
2.439977917426429777e+00
2.012447997384910980e+00
2.297043862779901691e+00
2.105449054893114624e+00
2.716628077636181970e+00
2.442932849962741848e+00
2.313914663737475230e+00
2.884868188932779631e+00
2.518823604208761058e+00
2.675731267211742370e+00
2.693008204020759244e+00
2.671070333359822246e+00
1.895767539718911099e+00
2.002706626096476761e+00
2.574692623671816616e+00
2.805989440677155944e+00
2.780631365739379302e+00
2.636829649574645273e+00
2.643225678109071275e+00
2.850732304380041882e+00
2.765990028275486790e+00
2.020165610432324232e+00
2.299430035496928149e+00
2.760292644444043653e+00
2.686006839072837771e+00
2.177963073632544599e+00
2.503897886835758868e+00
2.408159804991809594e+00
2.324625723850531234e+00
2.919839902986044677e+00
2.714173873848982232e+00
2.518544064651780712e+00
2.702524738973568930e+00
2.988440900751397677e+00
2.690594132484814160e+00
2.558352716557199980e+00
2.338819265862848162e+00
2.677864672805296387e+00
2.644620714734063238e+00
2.115651768999223581e+00
2.692034878167557377e+00
2.685798731655712590e+00
1.957552423276003095e+00
2.462968688938858897e+00
2.261454857116469874e+00
2.565363577367958392e+00
2.938376339347535282e+00
1.979761854449887393e+00
1.847773669397146712e+00
2.791605050873388727e+00
2.210962565617418996e+00
2.614364315119046100e+00
2.644453001513883628e+00
2.692502113798004526e+00
2.895955382972899450e+00
3.013531968158479568e+00
2.745847558964404911e+00
2.531138375821127440e+00
2.919888579936408490e+00
2.737841702630360530e+00
2.570548900904462197e+00
2.271875226541484327e+00
2.311182936041421332e+00
2.649311280821093018e+00
2.630053704541852166e+00
2.479377857366494187e+00
2.724789845215977557e+00
2.180378676447416897e+00
2.983883206352710538e+00
2.932397364402529405e+00
2.067296572471961191e+00
2.630703150632062837e+00
2.660179233920256348e+00
2.801047786195895561e+00
2.463533500959539602e+00
2.521483804419750285e+00
2.084351297294579908e+00
2.537449216353964587e+00
2.717728569963543173e+00
2.244546495429983857e+00
1.725352896864067898e+00
2.783898275785698928e+00
2.753052818117106781e+00
2.419039412959860691e+00
2.510683002481882919e+00
2.826148963542283177e+00
2.218960805120541835e+00
2.764946735758273988e+00
2.982906739300907439e+00
2.821183324558857564e+00
2.975276525279334283e+00
2.383546085017080429e+00
2.664495531583496390e+00
2.382375217208949181e+00
2.374961423756771328e+00
2.404261787406394291e+00
2.636592108628704523e+00
2.420173863044937423e+00
2.712691718733895474e+00
2.878888252007977488e+00
3.082404051225555275e+00
2.409989074281928101e+00
2.502572022963129417e+00
2.506751961803750373e+00
2.996716918900116600e+00
2.383601588420061201e+00
2.818694669428929878e+00
2.456945139311779602e+00
2.342999384830106280e+00
2.826697512091429054e+00
2.222634387563969582e+00
2.280758816000589384e+00
2.474856452136272811e+00
2.899840598150630111e+00
2.688410511902805222e+00
2.435711979981494579e+00
2.060095567019021967e+00
2.438008766632710156e+00
2.219997636478000747e+00
2.934326468820369627e+00
2.741919924639586004e+00
1.708711391626270393e+00
2.776605033196553052e+00
2.430823785391594161e+00
2.514940672739752969e+00
2.702851461693468682e+00
2.394195361772617936e+00
2.459194489694504604e+00
2.929603972009824364e+00
2.749819624417807251e+00
2.930968910881119438e+00
1.977837228419872195e+00
2.839493036531520964e+00
2.293760531796317004e+00
2.660800345387538623e+00
2.375899251254995903e+00
2.433852797943331758e+00
2.302923141591864731e+00
1.744305790109277776e+00
2.968765871973112702e+00
2.604232228364032231e+00
2.726682519203380561e+00
2.442786388022189392e+00
2.767571315773815321e+00
2.010895380102351915e+00
2.891225735900848637e+00
2.897406981626921674e+00
2.691272506395854691e+00
2.968748094160616802e+00
2.613415060388219135e+00
2.779317365266857465e+00
3.097977957752546807e+00
3.055507100125424813e+00
2.728294046394423855e+00
2.283569659345739744e+00
2.883185447057564854e+00
2.896368580511996083e+00
2.452013395794539807e+00
2.374630536156562055e+00
2.952357098777498301e+00
2.955962080214225907e+00
2.218289263266401967e+00
2.890900401782038553e+00
2.580771662658785992e+00
2.056755357522709993e+00
2.917148317846885774e+00
3.032935958295926326e+00
2.439673071193836140e+00
2.619125960441230472e+00
2.363927457060621684e+00
2.601201804415369967e+00
3.004819344301760786e+00
1.898120521206533740e+00
2.364272943411947381e+00
2.545444040086395354e+00
3.030920020465801556e+00
2.671784747037328156e+00
2.556753347467344728e+00
2.127656082286079720e+00
2.777883747156284500e+00
2.525036278704136272e+00
2.480644882684093222e+00
2.519596921019975344e+00
2.706889234799879418e+00
2.006064564016706075e+00
2.762086320532559647e+00
3.026757874312417940e+00
2.438678695087872050e+00
2.671920794435338919e+00
2.393035273854734690e+00
2.684292421755611446e+00
2.998773310787164359e+00
2.643565236766516779e+00
2.427928502020501256e+00
2.600677627638562583e+00
2.919457730173721011e+00
2.696754953643027086e+00
2.873105228701712921e+00
2.639593486336911710e+00
2.515749193504541736e+00
2.826649051732196938e+00
2.873115294725685942e+00
2.675103093378891295e+00
2.444189187892881421e+00
2.970589569103172511e+00
2.092132383304492027e+00
2.101063746205388494e+00
2.875205285581201586e+00
2.131690035254962368e+00
2.722669706594861516e+00
2.361691643931619566e+00
2.734398638803726911e+00
2.736003815742687806e+00
2.168918860203607579e+00
2.992643383887943376e+00
2.460301325103907644e+00
2.392662502064889729e+00
2.593193678443340922e+00
2.711230919875196488e+00
2.029508316813072977e+00
2.732740325523613123e+00
2.519031480326590078e+00
2.215857388740040790e+00
2.574201769768395653e+00
2.364983031411112879e+00
2.842489703063121542e+00
2.299559929359305421e+00
2.354699314963657919e+00
2.844790538202716768e+00
2.618766825764090367e+00
3.001111410731606366e+00
2.234658266641756263e+00
2.813230035520095651e+00
2.990323897210215520e+00
2.486509385021235197e+00
2.354297703101566608e+00
2.459897154655142693e+00
2.034369194461647545e+00
2.573500927234217528e+00
3.024935963534384875e+00
3.004452253580162768e+00
2.857825180977497936e+00
2.959311786386205068e+00
2.043504053503735207e+00
2.597828540704770539e+00
2.262414387200299526e+00
2.388124910292491077e+00
2.874037336055998537e+00
2.373557512078040777e+00
2.694396659500015279e+00
2.620204201251580045e+00
2.563838966769147021e+00
2.607753633337986265e+00
2.910638572912696009e+00
2.833518338112557711e+00
2.292829051124442685e+00
2.370595597373933217e+00
2.426593035385721020e+00
2.386836154683136257e+00
2.228424145478845375e+00
3.012724120199950839e+00
2.631256241718115341e+00
2.647627887767506127e+00
2.120545919165212734e+00
1.889911246129490241e+00
2.996355620967883215e+00
2.713672811236143012e+00
2.631716093179152338e+00
2.678442726585688494e+00
2.495344241575603306e+00
2.653007170158605099e+00
2.808435530822699810e+00
2.647307546743452367e+00
2.838715930797631959e+00
2.607854088813201354e+00
2.321003604442773316e+00
2.738573051210553722e+00
2.631004376846530768e+00
2.609952738403573669e+00
2.642133994565734501e+00
2.878518668551240722e+00
2.225023209193901508e+00
2.332687983400971721e+00
2.835224712072625053e+00
2.829204174423350260e+00
2.626424930550911085e+00
2.688503573698351801e+00
2.832317313148591253e+00
2.863031007053366217e+00
2.612786571587266238e+00
2.465670966978537937e+00
2.805289212121542253e+00
2.567902720620968360e+00
2.509270681053000551e+00
2.871797119909197171e+00
1.867629178028206383e+00
2.406114991018125426e+00
2.269894318613606465e+00
2.719358752356102915e+00
2.422384196511383259e+00
2.953978464881902077e+00
2.162371187072024359e+00
2.559130960822736611e+00
2.619380946360121420e+00
2.793115597620893897e+00
2.741093854191158918e+00
2.339149123801735453e+00
2.917055361789744783e+00
2.436833510187127683e+00
2.657842247703795291e+00
2.590594838613970552e+00
3.036835106575725973e+00
2.860776580980764372e+00
2.520716629601594594e+00
2.447940918954614631e+00
2.238059664170123142e+00
1.835975353900623164e+00
2.565638962227378528e+00
2.649415830924778170e+00
2.025140130275413952e+00
2.456437255778987527e+00
2.844234849761141604e+00
2.354752857099870589e+00
2.323949606354848818e+00
2.840182192686091511e+00
2.218073170914536263e+00
2.631636493410763222e+00
2.706758527015133975e+00
2.465756184320201605e+00
2.387294942890866523e+00
1.998323293808317080e+00
2.519600475957073815e+00
2.765276000437581594e+00
2.933414787710150851e+00
2.107768003071786467e+00
2.799294615410456988e+00
2.520019243800153852e+00
2.313825983991125934e+00
2.223654404530966300e+00
2.700476757621217416e+00
2.738751401438541233e+00
2.349161345377440036e+00
2.213071555043392369e+00
2.025880697195896030e+00
2.516045063581775487e+00
2.288672762930676896e+00
2.932388825431078594e+00
2.784196728338395044e+00
2.167584846412181854e+00
2.666770258318904130e+00
2.569660888675535659e+00
2.638387344139741408e+00
2.396010241814932051e+00
2.318900369852773036e+00
2.426936824045416330e+00
2.351348073501366542e+00
2.829331175416725408e+00
2.414513342863931822e+00
2.362528418122621154e+00
2.425935495037774281e+00
2.083600508714011923e+00
2.574921101120932310e+00
1.903538440668373521e+00
2.098402717009712148e+00
2.445214463345108058e+00
2.845927559060109857e+00
2.257698245778083646e+00
2.542196361891829959e+00
2.452907287811012971e+00
2.478537864982723882e+00
2.723912369004330092e+00
2.904245660176500987e+00
2.790103096535176519e+00
2.818049426257559720e+00
2.481590653673465319e+00
2.868011374899221977e+00
1.996686950396487026e+00
2.885977065029968092e+00
2.995286229967916825e+00
2.235185176171149646e+00
2.331887241467083705e+00
2.968081409645571433e+00
2.729899140057820528e+00
2.894468077378898663e+00
2.753199690970205893e+00
2.670737142388423191e+00
2.463605651081543169e+00
2.395847391873713761e+00
2.603381315098474147e+00
3.042544179664822046e+00
2.884316744450004411e+00
2.563173841798871422e+00
2.602748086191469135e+00
2.230835718983704474e+00
2.360370184897579104e+00
2.603505972284246184e+00
2.710123196146217328e+00
2.111396117593002941e+00
2.666965512385336634e+00
2.494254836146797327e+00
2.645463060991178672e+00
2.211113717938847589e+00
2.218114949869106400e+00
2.363205615436534401e+00
2.760010064758971371e+00
2.500433559480731649e+00
2.358249610809837193e+00
2.475814643270770166e+00
2.794256621675500263e+00
2.920806247782945064e+00
2.487465772640600647e+00
2.539312911908954806e+00
2.194454580678673494e+00
2.971170721125029335e+00
2.293876437886842368e+00
2.587882590126334037e+00
2.135944439927111915e+00
2.848793603290115328e+00
2.521842478367639639e+00
3.043031240141157223e+00
2.144162256864454275e+00
2.303264473869262474e+00
2.756811125894672365e+00
2.726461914924475760e+00
2.520173970655800844e+00
2.739428239130593745e+00
2.202421771955212826e+00
2.574209247208951279e+00
2.242422657315534806e+00
2.249094626172675859e+00
2.503805687216730025e+00
2.423474133631671634e+00
2.703010643921124334e+00
2.723159200975921124e+00
2.518128289284552235e+00
2.915072105593967677e+00
2.663441962417903319e+00
2.591415279846006836e+00
1.870550658827998758e+00
2.410959326938444391e+00
2.475362545871008457e+00
2.481692822499488305e+00
2.104580163101626766e+00
2.840582650883991978e+00
2.261638204003788566e+00
2.344662564404885963e+00
2.818185950234481041e+00
2.036341565078984672e+00
2.870361616131853477e+00
2.378084311753569491e+00
2.505470593441385674e+00
2.774610826437602373e+00
2.652202909137417741e+00
2.850440980948438785e+00
2.659767494112641462e+00
2.843084785030956407e+00
2.685666334752446538e+00
2.716407665791512382e+00
2.539200957383801249e+00
2.041360250454283154e+00
2.863747270706241466e+00
2.654161844252615587e+00
2.928267077000691110e+00
2.596164711348722065e+00
2.569584375698145795e+00
2.455054071548398831e+00
2.457546131406446843e+00
2.710827912382553606e+00
2.413388825195398102e+00
2.850092415929342149e+00
2.465887719741894912e+00
1.939623557465803394e+00
2.144318204726435972e+00
3.032919417893471525e+00
1.964846044748363996e+00
2.148655453052629838e+00
2.576557617982152770e+00
2.280686923535008681e+00
2.053857208085476671e+00
2.781809063666338400e+00
2.974258930755310448e+00
2.810338596139369205e+00
2.889150914959655925e+00
2.154374647203573634e+00
2.810039931930604862e+00
2.380447654093472920e+00
1.747916918479729409e+00
2.484432584623911477e+00
2.259093621483514003e+00
2.220773153944759049e+00
2.747446245438235124e+00
2.068567034242899005e+00
2.754274498931572168e+00
2.595791482864456157e+00
2.874450324277788127e+00
2.255899487010359472e+00
2.648850454753855388e+00
2.601938446362771273e+00
2.948890887225065427e+00
2.576245608172875290e+00
2.602908326751496304e+00
2.703270989986198192e+00
2.606353084046217905e+00
2.870402320679619201e+00
2.428381479473800564e+00
2.577904490048704922e+00
2.405779936700977562e+00
2.476946856394712793e+00
2.529357046060294767e+00
2.369435500087551105e+00
2.447973842341061967e+00
2.226709122200241531e+00
2.418204691197426204e+00
2.698775414974046605e+00
3.020195435489997582e+00
2.622714336086924725e+00
2.485790071056410699e+00
2.862148118284113973e+00
2.440120749417732160e+00
2.637047404499045733e+00
3.041705451869598509e+00
2.390112810346330274e+00
2.756868978315849095e+00
2.407906177147664639e+00
2.801332590048688509e+00
2.887581408246754133e+00
2.780501869799612891e+00
2.480750269849494316e+00
2.673023730937301501e+00
2.719097229142352301e+00
2.430273227208583187e+00
2.627001090564830665e+00
2.181316190712135672e+00
2.705945163588187707e+00
2.538225055853738255e+00
2.702602119799394131e+00
2.785945444477278432e+00
2.614605363385042125e+00
2.572687010738854863e+00
2.491206572817513454e+00
2.619468903584312169e+00
2.556765041705924446e+00
3.070139667858797772e+00
2.290865840722555280e+00
2.344734458959429002e+00
2.959995317008414784e+00
2.238081788983836251e+00
2.497000320789884320e+00
2.872593245361629410e+00
3.057506560431659359e+00
2.650392627071964213e+00
2.248924823818554408e+00
2.591506130361073801e+00
2.058656536463624676e+00
2.365262552850338817e+00
2.747853922332353260e+00
2.506399568296562297e+00
2.951580949852416591e+00
2.357306052707794031e+00
2.357145349633685161e+00
2.426851462347974220e+00
2.481735095058943408e+00
2.693812677648792508e+00
1.850180085650208195e+00
2.421488276834329767e+00
2.572367062395951365e+00
2.909171980133811175e+00
2.625979263425445964e+00
2.257724125557604378e+00
2.316709157274722486e+00
2.750350510692831651e+00
2.702309814137044963e+00
2.856772958887015879e+00
1.840190887985264867e+00
3.064061606771129931e+00
2.460319890299292656e+00
2.314716182409569889e+00
2.339191198281055595e+00
2.480730605833797231e+00
2.092369941007708789e+00
2.969287492631344172e+00
2.713185760453269868e+00
2.713633453135750884e+00
2.595921884390185674e+00
2.580699657781662104e+00
2.514184014646198673e+00
2.605001267575800306e+00
2.688068115227404409e+00
2.830425015635855246e+00
2.965634638742364881e+00
2.750328539275828543e+00
2.498831639290445050e+00
2.317657351237107033e+00
2.241593691456600812e+00
2.881922997615332438e+00
2.632540239856778097e+00
2.620339286436129456e+00
2.504697095146509511e+00
2.879367137399114540e+00
2.640686421409327078e+00
2.978952065359820267e+00
2.025032151051809670e+00
2.375779018911271301e+00
2.719616623303407810e+00
2.678371554210474681e+00
2.987731476610171466e+00
2.417507197291659082e+00
2.840753399583768601e+00
2.846744222013439796e+00
2.704647872256442209e+00
2.783861633412050729e+00
2.498573611589714361e+00
2.301328666770742437e+00
2.885893663337590009e+00
2.655224725951016218e+00
2.468600329318915598e+00
2.736366579840647351e+00
2.797461548045817370e+00
2.093620187830430357e+00
3.059473034030210314e+00
2.823407089582217644e+00
2.669255826267670884e+00
2.654032149012553798e+00
2.229783953779212347e+00
2.632177844169668823e+00
2.322246670829263948e+00
2.462530332309903258e+00
2.784917682413956985e+00
2.640287549483065543e+00
2.794937895628119229e+00
2.869779019921678831e+00
2.506701266090375135e+00
2.270891311646533683e+00
2.659155397440388757e+00
2.309023333289882185e+00
2.398136589051917511e+00
2.802539568255735247e+00
2.206452373219707663e+00
2.823172485392450692e+00
2.830684618171106059e+00
2.164106806566063579e+00
2.633824823243227087e+00
2.838388347994674543e+00
2.352981343853912666e+00
2.863516896550482915e+00
2.820056971180070704e+00
2.635886584543619460e+00
2.523336565963970823e+00
2.873655919481524990e+00
2.900167733422348348e+00
2.854826037630942892e+00
2.555317702729231755e+00
2.673037375373637836e+00
2.616285058767827909e+00
2.932281934992394756e+00
2.664150529750144436e+00
2.381704754182259798e+00
2.754363780979568244e+00
2.565089835280273789e+00
2.989796624418264770e+00
2.642968117892984026e+00
2.695083206125503672e+00
2.356686911881507918e+00
3.064956995213081736e+00
2.324424316249597666e+00
2.802672029149873012e+00
2.749739262515592308e+00
2.825121967710986226e+00
2.396142188404333684e+00
2.734955235390464257e+00
2.636155246139254782e+00
2.810604502187592502e+00
2.362666409266392264e+00
2.919325017839670355e+00
2.942990260102400502e+00
2.256599994362372463e+00
2.478937327774760835e+00
2.822120952427269458e+00
2.282403933896342441e+00
2.792672985877175051e+00
2.293758418429261869e+00
2.861303656844058185e+00
2.721441289816890041e+00
2.750269438474588490e+00
2.509639444251885898e+00
1.964164258295267862e+00
2.355943849326030293e+00
1.847798843849996153e+00
2.905395466735651855e+00
2.828554793256768285e+00
2.574401575082372773e+00
2.428055019087309141e+00
1.886290513403092728e+00
2.075893775309504363e+00
2.627753086318986853e+00
2.654832073974337625e+00
2.683511518837820020e+00
2.378227492709036994e+00
2.265112455179237205e+00
2.297125322614231191e+00
2.707421704328845991e+00
2.317333631219111734e+00
2.869953072724433341e+00
2.686213009659657036e+00
2.510719464095017450e+00
2.643753055883830694e+00
2.973410449913246989e+00
2.236401547404607726e+00
2.978817749465734188e+00
2.434417850212282630e+00
2.535828253164675417e+00
2.911103671556332984e+00
2.740994836974590676e+00
2.682258070325720389e+00
2.308405673078576914e+00
2.209413473761025593e+00
2.718608519401021439e+00
2.954524314170260180e+00
2.469080687600347712e+00
2.712931589635511287e+00
2.901430363703072945e+00
2.331974633855184997e+00
2.087112075842877168e+00
1.960735341082310512e+00
2.364081202191375741e+00
2.128693266863224132e+00
3.083117221614819492e+00
2.882961019938846459e+00
2.694906182964172725e+00
3.014908313671110118e+00
2.649229900058745812e+00
2.583548506562362679e+00
2.976253687907908230e+00
3.019434525904822753e+00
2.585236019899312954e+00
2.417125517740445595e+00
2.494787557748588291e+00
2.422840635900723960e+00
2.898163203456940895e+00
1.919085944817115807e+00
2.358445748151430266e+00
2.870439300746387978e+00
2.810043284378774597e+00
2.705158380280472841e+00
2.567649486183787744e+00
2.549756774092539757e+00
2.818909084265571074e+00
2.928108189203973755e+00
2.792184349596773973e+00
2.799611047153239163e+00
2.385764368270772096e+00
2.492574819054383273e+00
2.493318515924092260e+00
2.566673028145608271e+00
2.870084825178348176e+00
2.721322871230760221e+00
2.826680840884065571e+00
2.900040075561980402e+00
1.901860136252293332e+00
2.914282100329515401e+00
2.900750543287609062e+00
2.690222073965654381e+00
1.963293874950922113e+00
2.094808496160994071e+00
2.985935548726400768e+00
2.284468429669710865e+00
2.747609584685825723e+00
2.911825651385447244e+00
2.285994329987755425e+00
2.181658270685812084e+00
2.674274076384663523e+00
2.625217399042732325e+00
3.024745903844655359e+00
2.509378005402178147e+00
2.638068135690781801e+00
2.246893453714616129e+00
2.456007544150750732e+00
2.268262097827306256e+00
2.264395487573553911e+00
2.307714628248276778e+00
2.682135061316803348e+00
2.578655070751563194e+00
2.954627283022074558e+00
2.465074042358338158e+00
2.471538032566809484e+00
2.674098438278888601e+00
2.069172614419441558e+00
2.157606127240552674e+00
2.595121690087750732e+00
3.063967361893862318e+00
2.085028628348645441e+00
2.778699321064455496e+00
2.557970584233274280e+00
2.556036197098377372e+00
3.089373085735456659e+00
2.149012129810990324e+00
2.719717036932693954e+00
2.440248141838428531e+00
2.310878132225018255e+00
3.053832514482885063e+00
2.618228350272728377e+00
2.238053125440734092e+00
2.751055534854148110e+00
2.975249598828733077e+00
2.492679851891133946e+00
2.573505299500959520e+00
2.399448361394861173e+00
2.829542274691306591e+00
2.607514244927301661e+00
2.435975498445115406e+00
2.556326081420071450e+00
2.708806917478755683e+00
2.400533443187848448e+00
2.692925049257725689e+00
2.419624238332506394e+00
2.784880180187753851e+00
2.583180684174329222e+00
2.752761304874833836e+00
2.937542881543171003e+00
2.878089051235710016e+00
2.484274916842929226e+00
2.679063776758805471e+00
2.340507955881184543e+00
2.894689000230026288e+00
2.714376897842799341e+00
2.707676458499561623e+00
2.331045600624251257e+00
2.529563331909901791e+00
2.308753185029325028e+00
2.131079536712239708e+00
2.576635160480174935e+00
2.745941961619184468e+00
2.708845925579027369e+00
2.727593462349663156e+00
2.584593894808908665e+00
2.953212721661787388e+00
2.719343299548502735e+00
2.524789710159731637e+00
2.313036282220414463e+00
2.555833158133010485e+00
2.888919469387747352e+00
2.591573471350177016e+00
1.835502581351002860e+00
2.472051442564782597e+00
2.340741078440484735e+00
2.262835311168574837e+00
2.898816212805204184e+00
2.723644472438544462e+00
2.829129080246996164e+00
2.205963770448982952e+00
2.526253011485110278e+00
2.896282538564790787e+00
2.572967200502060070e+00
2.681397320116820637e+00
2.990254724274527653e+00
2.853061864815608750e+00
2.712014184845427778e+00
2.228056535839338714e+00
2.751027706187317179e+00
2.898205279502918064e+00
2.665503417422967036e+00
2.953095297269241470e+00
2.540581228136271186e+00
2.488990913375010994e+00
2.414969892499803983e+00
2.724922378377102383e+00
2.766181668448504105e+00
2.668759485833159140e+00
2.302315416188156050e+00
2.302207328140914555e+00
2.695514977390382594e+00
2.776013597532450028e+00
2.484863497250590747e+00
2.902334504641816082e+00
2.680543433302852385e+00
2.894306872721608137e+00
2.260082360548017366e+00
2.194140302771105944e+00
2.312070273257769149e+00
2.371518586427530551e+00
2.462800217657820312e+00
2.849468065619855661e+00
2.539643903507112555e+00
2.449946347573392469e+00
2.759455736086565469e+00
2.394174457488550622e+00
2.558210111961944033e+00
2.628538467964609993e+00
2.859344969229708155e+00
3.026891554158870346e+00
2.386200578193287569e+00
2.030953121052848864e+00
2.745625037804355184e+00
2.799365972610208697e+00
2.600848323833567566e+00
2.384418951757991678e+00
2.894688333694821480e+00
2.148963401814212304e+00
2.791203373189935277e+00
2.479809526358718763e+00
2.429696227831991351e+00
2.531182272333845518e+00
2.783246900356748821e+00
2.085468213038351060e+00
3.001127057891149974e+00
2.796140422523456515e+00
2.572410517728356272e+00
2.836578333422788312e+00
2.911979280034850959e+00
2.625625995360117759e+00
1.872606325612268030e+00
2.524090094518728122e+00
2.742421237008179524e+00
2.512356495504390885e+00
2.545780652298911928e+00
2.628014978571781235e+00
2.217668750107481657e+00
2.668591700871092876e+00
2.157446999284301725e+00
2.757562249252228259e+00
2.487507523037124635e+00
2.880941189219938359e+00
2.779100907272543441e+00
2.452318089032742066e+00
2.967719241335603719e+00
2.154435997457174956e+00
2.674481450846578401e+00
2.432590445041407978e+00
2.090377256729992084e+00
2.639628183844713316e+00
2.696870938515680383e+00
2.431024259075889926e+00
2.375064828212994694e+00
2.144508906439822837e+00
2.781020454459564917e+00
2.347935353717515383e+00
1.967852124630327770e+00
2.877483415908963948e+00
2.228102772799800402e+00
2.635018137898331503e+00
2.749300453206585448e+00
2.581506986325284192e+00
2.929093566158919248e+00
2.333785756880741857e+00
2.433724203370656092e+00
2.387868370934969509e+00
2.575568473999958030e+00
2.726468036275375706e+00
2.759411781334460301e+00
2.478960931291501080e+00
2.720293207573762917e+00
2.815340226872272478e+00
1.985697876106305992e+00
2.743106279193868069e+00
2.946640472962692936e+00
2.554896381161444907e+00
2.317435959224948938e+00
2.979377751161490728e+00
2.554982991131814707e+00
2.214959637691193972e+00
2.261771572067185154e+00
2.929592196387102554e+00
2.578622329013345649e+00
2.643866476171061297e+00
2.093319338755483372e+00
2.755245927369644132e+00
2.553659642888480796e+00
2.392860229044968090e+00
2.716335086097922513e+00
2.698850764587879425e+00
2.441181660192968561e+00
2.485685163305863199e+00
2.608401898000075825e+00
2.754435072500255988e+00
2.607411243017570879e+00
2.771896233109734986e+00
2.567934304897715236e+00
2.334961230129884768e+00
2.902990193286341558e+00
2.480065305350874993e+00
2.574333114026784664e+00
2.810485260470831914e+00
2.755601027133000258e+00
1.954212285566501839e+00
2.833900975236198772e+00
3.099112978402726704e+00
2.643916433076781924e+00
2.814652099788043316e+00
2.288482662646010635e+00
3.003986608001764758e+00
2.350115828505962234e+00
2.451977769475496061e+00
2.871871864002941699e+00
2.689272304854899431e+00
2.785207879966880906e+00
2.636205568195745919e+00
2.558398957273782415e+00
2.173572237584304734e+00
2.683740905821653477e+00
2.938168252259228730e+00
2.740102168305925456e+00
2.946551049139825462e+00
2.616961043421755839e+00
2.484351654292170419e+00
1.974173276272297883e+00
2.876623196853393960e+00
2.789253719011588029e+00
2.791545988389108945e+00
2.926340478075422080e+00
2.963715788431857678e+00
2.768843565556163178e+00
2.599617433840669900e+00
3.032935739937062003e+00
2.676260114320610395e+00
2.619502805120407007e+00
2.848437392852615435e+00
2.823250544546576535e+00
2.804939987468746398e+00
2.731907406155415163e+00
3.012073393592098469e+00
2.569194148526884547e+00
2.968149443838382862e+00
2.587721248727812728e+00
2.925084129766616581e+00
2.081529740909481951e+00
2.550448991199775861e+00
2.654610898559328636e+00
2.552249068294921486e+00
2.763255879384004743e+00
2.571940610636806124e+00
2.395751667775621208e+00
2.681308228078991274e+00
2.400351564126709469e+00
2.266364950229045494e+00
2.605660001231644873e+00
2.407195584052667314e+00
2.459657438685170838e+00
2.541379766255978279e+00
2.975692901142985125e+00
2.305094010576334007e+00
2.545739224620877206e+00
2.807659211202293115e+00
2.294794850231459904e+00
2.153783240394606668e+00
2.860970027725088016e+00
2.537908284047279306e+00
2.500033885597051864e+00
2.350873684454567236e+00
2.465052578332003197e+00
2.591628720140572550e+00
2.583161134805217696e+00
2.783223227586036241e+00
3.079547689572546432e+00
2.516847454076352797e+00
2.147158408117297412e+00
2.246458058407473146e+00
2.483965148291165992e+00
2.661599905912044761e+00
2.984547148403766226e+00
2.931819890763801340e+00
2.236189629670863432e+00
2.683369234091659727e+00
2.930221283293983348e+00
2.660161282045745423e+00
2.540407178849242609e+00
2.777621417550301341e+00
2.623731300748226580e+00
2.832380961188199819e+00
2.735543071859384501e+00
2.773403992945194130e+00
2.248947148520925587e+00
2.166732877645140221e+00
2.123997030994424051e+00
2.696102227280425812e+00
2.749987002678399239e+00
2.771357696801261206e+00
2.720439108834864506e+00
1.842686239611453614e+00
2.393384215457863728e+00
2.811973818275756543e+00
2.788063220885052651e+00
2.862377737176323933e+00
2.624799179058394216e+00
2.076244495905469112e+00
2.799804147813730548e+00
2.691953191704677728e+00
2.900793726199589084e+00
2.595992425452127161e+00
3.064725091997392958e+00
2.801229092395199682e+00
2.697043370420988406e+00
2.419440136308996347e+00
2.672410594686153829e+00
2.100144001498057911e+00
2.546261128221093628e+00
2.759389249089596596e+00
2.417855218549925578e+00
2.557752601675891135e+00
2.707622473574748057e+00
2.818629818278518329e+00
2.254853538708409211e+00
2.687341548517262257e+00
2.543853840302358282e+00
3.026411265308035947e+00
1.851079092844316598e+00
2.759358145419452679e+00
2.645551337227031397e+00
2.711982910695771132e+00
2.156359372033074706e+00
2.208230127621865435e+00
2.526398456314041141e+00
2.347968427011228876e+00
2.284707482314622951e+00
2.324718001005470658e+00
2.704734092739563334e+00
2.902562414173930350e+00
2.686895116818027063e+00
2.721618508417106508e+00
2.829884025820905702e+00
2.728413807393871071e+00
1.994437873544917972e+00
2.897418882490414127e+00
2.459653403256688353e+00
2.385656721269312719e+00
3.067704411284916777e+00
2.835971799731519027e+00
2.788360152433698502e+00
2.569449040343350532e+00
2.902508619742425910e+00
2.426656552760688701e+00
2.518492622998806496e+00
2.580785425789396292e+00
2.810777229661257870e+00
2.481597295289262206e+00
2.845967388845636492e+00
2.543126653611974319e+00
2.549682918666368536e+00
2.752915907168746124e+00
2.738052830047759123e+00
2.648056963255441154e+00
2.821147464381351444e+00
2.944831102910581588e+00
2.161690841967393251e+00
2.484542740004793693e+00
2.811508139142433027e+00
2.701754073502109499e+00
1.996684949590068037e+00
2.503051956720242721e+00
2.964606756139070320e+00
2.978276094086375725e+00
2.649559664779052692e+00
2.599566844179233893e+00
2.872433769309504115e+00
2.507141601980945822e+00
2.578276376234346579e+00
2.948713013650325898e+00
2.545458342209478531e+00
2.370971209016887293e+00
2.863169668363337639e+00
2.857217928482057800e+00
2.726506106690350428e+00
2.161160081546013245e+00
2.428328855352595461e+00
2.074811211884517448e+00
2.797692224138329742e+00
2.839733031356192594e+00
2.810612537606487216e+00
2.001740065219919984e+00
2.842716870510534566e+00
2.646631698669040134e+00
2.163954008528731876e+00
2.810330127730038097e+00
2.653786891509294144e+00
2.698867433475641509e+00
2.533394348029477605e+00
2.829019263930128147e+00
2.799982111528720008e+00
2.398925439908186519e+00
2.636335044757624146e+00
2.540873399434072866e+00
2.823211396895175085e+00
2.539714919777310342e+00
2.944003253593909353e+00
2.289463886056056108e+00
2.880097656325317335e+00
2.962235605944548045e+00
2.658063851988863746e+00
2.264709167475687845e+00
2.613748482381026861e+00
2.674883203279741828e+00
2.682484966151027717e+00
2.726795867689384423e+00
1.989259186498549159e+00
3.015230059238313665e+00
2.788723957110091245e+00
2.337636369851826768e+00
2.833120582253288777e+00
2.688510956295819376e+00
2.630764562918601612e+00
2.481316005779182099e+00
2.500310513474840235e+00
3.052309781889695373e+00
2.661548810839203139e+00
2.260167192975706119e+00
2.318448948046639924e+00
2.357491388605982952e+00
2.505275409966870814e+00
2.497603498310499326e+00
2.989107193842300170e+00
2.520905414117455834e+00
2.346610565763701306e+00
2.956334465002024903e+00
2.220430125094543516e+00
2.810113013358769063e+00
2.190946664282915624e+00
2.791855652512704289e+00
2.942464315144165177e+00
1.978158464490298529e+00
2.845647841008381640e+00
2.421244407954806999e+00
2.901556624444144639e+00
2.600316210556883334e+00
2.673683445047051244e+00
2.600881887479869814e+00
2.899689705231389691e+00
2.818223246370394897e+00
2.301300160736484024e+00
2.430390370467186756e+00
2.833381483856362681e+00
2.273027350468442620e+00
2.495879240094350138e+00
2.750191138528943480e+00
2.247516725283116745e+00
2.464516849857102176e+00
2.548581340673482742e+00
2.521614185090912397e+00
2.725998251318425325e+00
2.686116420237180336e+00
2.855910003193780078e+00
2.383203595430750887e+00
2.487418061560338067e+00
2.684072514543932808e+00
2.971400256755036384e+00
2.748995957997099282e+00
2.665334696495486710e+00
2.867942964925143556e+00
2.507635382785670775e+00
2.447939685157238365e+00
2.152924224431585376e+00
2.778682460187316128e+00
2.753710926205919840e+00
2.576680167878702132e+00
2.868422969586346127e+00
2.508245275287551923e+00
2.755577263300637458e+00
3.025146069341646093e+00
2.869623298419534230e+00
2.863138759529659794e+00
2.629362956297505605e+00
2.455165803609485664e+00
2.810685842243953569e+00
2.028213565282886321e+00
2.322385232164788871e+00
2.573152755693079108e+00
2.464723382594844914e+00
2.802634739425550414e+00
2.335983706158319517e+00
2.355200146472318234e+00
2.132262187306191326e+00
2.398050487717865220e+00
2.866890478842093248e+00
2.260098819097307032e+00
2.346514262820260210e+00
2.506260833846819747e+00
2.585789626817684983e+00
2.672379008400687095e+00
2.807398465649145969e+00
2.461622541519780327e+00
2.239040302010427919e+00
2.245949682982127271e+00
2.980251972015953932e+00
2.736051643319165727e+00
2.886650801633614094e+00
2.631568932327304378e+00
2.153048034990783677e+00
2.511113164809590792e+00
2.798422156180151887e+00
2.973430447437083846e+00
2.704568985570593220e+00
2.953628527611892540e+00
2.283529354479909124e+00
2.315534893078874390e+00
2.537713496576164296e+00
2.435799893716459774e+00
2.145994393472185902e+00
2.583729604087323217e+00
3.040382806437097685e+00
2.641296810741376788e+00
2.877284271048069719e+00
2.501050170243058091e+00
2.578561096431417177e+00
2.697177872114115083e+00
2.603898652806624359e+00
2.707653706165673579e+00
1.777159353754459659e+00
2.447270793778560272e+00
2.448580149663156291e+00
2.761996012481946039e+00
2.043676764756689579e+00
2.624209612687891990e+00
2.153885637247283213e+00
2.707750414638182335e+00
2.322265165710513557e+00
2.946026274291739799e+00
2.831222638058461971e+00
2.222268775209458092e+00
3.013980261594872978e+00
2.672625012532003019e+00
2.015563420795054128e+00
2.340311748129251246e+00
2.607322234873753253e+00
2.284799898056122380e+00
2.573799118309037404e+00
2.142113769464713879e+00
1.980337587192177562e+00
2.763352467476695828e+00
2.601244779784674499e+00
2.748755551607125813e+00
2.065100318383812805e+00
2.282859417838202454e+00
2.506456890397473103e+00
2.710862572276149685e+00
2.666904873845128421e+00
2.184265774219763756e+00
2.557050760526321298e+00
2.376913817344931346e+00
2.130536122983908598e+00
2.745616720532153998e+00
2.790369776911640898e+00
1.915501009226959761e+00
2.568599928592416148e+00
2.331398259643054693e+00
2.804739478236311978e+00
2.604774623848795656e+00
2.332633032812724050e+00
2.677436347899163849e+00
2.539035977573112390e+00
2.301652508636730321e+00
2.338696232964615263e+00
2.824267833258073068e+00
3.037928316073507773e+00
2.841806577333170214e+00
1.822349736340777682e+00
2.643718538752254599e+00
2.599207005825360906e+00
2.834771447575302972e+00
2.266175640615940345e+00
2.193038837021425547e+00
2.506468243882923552e+00
1.883028868112061716e+00
2.700333314168831045e+00
2.111979231777106669e+00
2.389859815369181018e+00
2.269186796473207757e+00
2.862869938076735288e+00
2.536928260394027745e+00
2.505979977334685138e+00
2.490699696379752304e+00
2.284650948611543608e+00
2.657439129882954276e+00
2.762590004550277811e+00
2.253239310442408438e+00
2.679063497168912900e+00
2.331246265005260110e+00
2.544649349038996533e+00
2.455072039750314072e+00
2.692570394480880314e+00
2.090038285188950073e+00
2.463736143070021534e+00
2.428429430564372549e+00
2.459814060458520135e+00
2.672285583376144302e+00
1.849597526267487524e+00
1.970293097596675480e+00
2.717082683833160761e+00
2.478919086770209113e+00
2.509995309111678452e+00
2.329501295286928730e+00
2.812972895157919595e+00
2.414000238679892441e+00
2.752989529665069490e+00
2.627598786457630009e+00
2.423440772516687325e+00
2.728069288158573524e+00
2.566838532124923855e+00
2.322516231177108814e+00
2.750935339683846959e+00
2.618143083050390452e+00
2.324159523005600025e+00
2.481821730321083663e+00
2.369512085236628263e+00
2.820185688132780477e+00
2.220099474048917720e+00
2.868826029345518336e+00
2.242795741609973970e+00
2.205404954172041521e+00
2.395361532670391203e+00
2.569333255210082712e+00
2.459823197941926942e+00
2.727007615801030127e+00
2.561525009644970208e+00
2.636942577086192951e+00
3.086212119627788741e+00
2.687318128191164668e+00
2.891343758091444727e+00
2.913109701471783275e+00
2.694004058153555370e+00
2.696976419883366560e+00
2.868443024386181595e+00
2.463347132912261817e+00
2.735963788546033726e+00
2.348484193493217020e+00
2.580770072367980283e+00
2.531299563553018661e+00
2.679200351993863194e+00
2.464043558050207139e+00
2.860096329429510753e+00
2.597100447088105835e+00
2.205147927763228211e+00
2.646517674620323390e+00
2.686206757181299754e+00
2.793626436481837505e+00
2.937063627799788357e+00
2.279488739385377105e+00
2.804045551872019537e+00
2.424415723868960981e+00
2.364718456592746598e+00
2.470236360047649793e+00
2.480059763439117049e+00
2.643648097653816365e+00
2.398637389992087421e+00
2.206742173963096576e+00
2.746974356408163231e+00
3.090492419956029302e+00
2.627167780839516631e+00
2.172755339054756263e+00
2.261904865825433042e+00
2.487758126325207986e+00
2.944308670490411117e+00
2.372770233590928868e+00
2.867074961216098394e+00
2.230482421807692184e+00
3.055018711667663478e+00
2.737748115473348065e+00
2.575268714030237049e+00
2.286141652603355556e+00
2.912178626230419010e+00
2.665644446486306052e+00
2.490277521455543486e+00
2.293196005257672976e+00
2.596381863002998891e+00
2.932454931705467338e+00
2.764568562507526917e+00
2.711700440964662118e+00
2.072143751843122494e+00
2.226326999035451948e+00
1.909755207193168047e+00
2.422582375274935806e+00
2.458255680048174963e+00
2.808483161440350706e+00
2.852958087854175151e+00
2.535956902729175511e+00
2.840380043473015537e+00
2.977686754371505540e+00
2.924320851758373863e+00
2.463535859455451060e+00
2.447523239953016017e+00
2.333339893965911571e+00
2.525586018715025638e+00
2.338630612106156637e+00
2.943494787214254949e+00
2.147872004482886954e+00
2.681504703131549761e+00
2.390829495680648620e+00
3.017237144122944414e+00
2.905879801725991030e+00
2.764628566755148231e+00
2.316448892051029773e+00
2.562988175555152459e+00
2.952328589066074649e+00
2.935909409836265471e+00
2.354069094274921170e+00
2.143577760812412691e+00
2.629634486743273492e+00
2.421644037483178913e+00
3.029520621251186263e+00
2.648610746857998688e+00
2.443846987567642959e+00
2.272386846375781033e+00
2.994396627496521468e+00
2.934079744774336085e+00
2.425312700579860259e+00
2.612394483980864379e+00
2.674922333863688717e+00
2.418744718250511738e+00
2.852637091736467401e+00
2.519939483442336314e+00
2.501520460328242379e+00
2.530363645871278599e+00
2.544469172888056185e+00
2.262126297901007721e+00
3.035098686022472236e+00
2.953965424462459577e+00
2.853032305432600779e+00
2.204797527481622943e+00
2.542533272819416545e+00
2.681273311198748566e+00
2.233671168277409969e+00
2.370929136090078604e+00
2.518639441300671855e+00
2.762791743189387805e+00
1.838360237798316366e+00
3.116921411106590600e+00
2.534642149208530260e+00
2.671377016236333279e+00
2.697945847815871101e+00
2.649512469825042960e+00
2.580188785500496795e+00
2.791518705511204956e+00
2.985639436656633450e+00
2.824551641535686386e+00
2.863298826918687645e+00
2.129375659659073161e+00
2.469027235888116678e+00
2.228162809009651468e+00
2.926529408383639286e+00
3.011735286526056488e+00
2.278894542681976443e+00
2.838570868689914040e+00
2.588846622113628815e+00
2.558135941145621040e+00
2.220806720275043666e+00
2.441127568746136234e+00
2.775459790614456246e+00
2.946737298190944987e+00
2.361902699944526951e+00
2.561597417468132853e+00
2.620341677301709638e+00
2.703500306281078291e+00
2.487882564117019690e+00
2.223874822319451106e+00
2.911687226631074932e+00
2.920101694601549003e+00
2.916606765373045196e+00
2.661014095752133990e+00
2.188010636403727727e+00
2.320544251716983197e+00
2.684861466266840857e+00
2.888723433274133612e+00
3.015326502593312252e+00
2.237449846009037735e+00
2.733385217850612392e+00
2.142674095430588288e+00
1.922245178441863267e+00
2.343571887063680137e+00
2.525044274492894925e+00
2.734046444099776707e+00
2.363646078028721842e+00
2.428467980187138053e+00
2.649434967717511302e+00
2.903612712413941033e+00
2.732951122563080038e+00
2.949629794681559947e+00
2.687261308274414784e+00
2.591467452216695389e+00
2.798487895798857039e+00
2.323876426054571454e+00
2.699947587031028551e+00
2.682932491711198963e+00
2.257509205571106570e+00
2.422501797278860280e+00
2.506587412617151234e+00
2.567682850249153770e+00
2.653239639562279706e+00
2.546929624489423727e+00
2.809438331498978592e+00
2.669542047307368549e+00
2.377557971748953225e+00
2.473755969055257964e+00
2.687468834779243920e+00
2.906444182374372520e+00
1.804915406918556453e+00
2.491768272178031651e+00
3.025320068188511069e+00
2.456933057871702797e+00
2.890909055395705973e+00
2.114055188281773301e+00
2.825608617113696042e+00
2.754036730070859029e+00
2.083702680426082310e+00
2.476571320166676582e+00
2.668063618957271288e+00
2.820199137565062131e+00
2.350742058634029075e+00
2.039961567385142338e+00
2.350381738026129153e+00
2.571492456484333999e+00
2.190319671699867854e+00
2.511321239052931809e+00
2.646742298485112777e+00
2.596531386337566527e+00
2.457893923359208088e+00
2.542447441100252448e+00
1.870211895176350891e+00
2.792564979341054965e+00
2.563788545443876465e+00
2.892201650484203412e+00
3.007675612320235725e+00
2.789002118119001672e+00
2.781918207500254425e+00
2.394762497462254558e+00
2.566521841647630531e+00
2.285805923235889381e+00
2.714539464472994990e+00
3.047656768923419968e+00
2.360171757132171422e+00
2.091984139494447170e+00
2.711213348713656934e+00
2.575506533387642349e+00
2.101496397420434370e+00
2.859322575560594437e+00
2.949859444696651511e+00
2.145500245756382984e+00
2.662476506185544878e+00
2.971226773717328573e+00
2.268988995474402692e+00
2.972215249725238095e+00
2.854109519983837107e+00
2.436447105055517426e+00
2.752851136013789279e+00
2.732270721002358016e+00
2.189297350066817138e+00
2.106751366880094789e+00
2.474199343861235523e+00
2.925410463723617127e+00
2.541142356015628767e+00
2.362503790513185375e+00
3.009872625025203252e+00
2.431156895242639226e+00
2.350864540724072249e+00
2.819550200837622533e+00
2.193197707084282300e+00
2.633484268092906255e+00
2.149760922958221965e+00
2.673320664282151871e+00
3.041190198986990278e+00
2.674563444463575301e+00
2.470342093329879862e+00
2.491894935264015842e+00
3.080241644260522715e+00
2.210143857489969665e+00
2.207368312998788884e+00
2.229136744281061677e+00
2.846543465951300256e+00
2.023168971301407826e+00
1.949005950473099213e+00
2.419232757652085120e+00
2.252147143847850863e+00
2.387637563848668432e+00
2.630185434810905054e+00
2.781427091918373229e+00
2.251018559648990891e+00
2.457825864088565293e+00
2.248433971490406691e+00
2.369952674276326388e+00
2.367403878297846376e+00
2.748113666235194152e+00
2.710259150499961578e+00
2.748203310092855567e+00
2.609796505649760068e+00
2.242810609631949781e+00
2.773098354093917806e+00
3.102177919820808594e+00
2.322400016419948088e+00
2.623755943152861647e+00
2.724904554475399809e+00
2.034696139999235598e+00
1.895079115550224236e+00
2.564747933879510278e+00
2.242596634520714449e+00
2.545894897470597940e+00
2.297854152492623037e+00
2.610315654274921293e+00
2.569401712276516481e+00
2.962477222291047596e+00
3.066285610936982930e+00
2.686612423853255383e+00
2.323890734244292489e+00
2.509159573172412117e+00
2.942311102239888676e+00
2.561917508589838022e+00
2.437298167226242818e+00
2.786471646404745872e+00
2.783669216762013399e+00
2.536569834184479788e+00
2.791325199187996819e+00
2.361792949247681239e+00
2.466666797000482969e+00
2.877392622588040627e+00
2.554679547477487045e+00
2.419538993141221006e+00
2.582118013745531737e+00
2.824813583014434304e+00
2.568311746904003101e+00
2.822658277597843934e+00
2.305261963798452829e+00
2.689394771329391975e+00
2.466199348715933048e+00
2.107354994848228635e+00
2.618079038939458592e+00
2.499077227173692961e+00
2.925322026088591265e+00
2.836051903233048677e+00
2.737303511576571591e+00
2.790196446474966230e+00
2.996166735929208791e+00
2.355688256539684833e+00
2.337040712286284183e+00
2.082012792518766808e+00
2.705674910745045292e+00
2.254226737112216217e+00
2.649423098663523213e+00
2.484883424376753247e+00
2.487702988248732261e+00
2.786738461372160192e+00
3.108304717939569528e+00
2.636815888143718034e+00
2.602209561849437414e+00
2.304405091542296447e+00
2.815191316209055827e+00
2.999996779603163688e+00
2.593237007193134325e+00
2.654215695395175434e+00
2.267007263828811681e+00
2.467519417782376934e+00
2.948191349769331282e+00
2.857962217300168195e+00
2.648455753124143719e+00
2.477677008167123773e+00
2.682993490612659571e+00
2.070674255987450696e+00
2.279369030311694910e+00
2.888938318083221102e+00
2.291434664634099949e+00
2.543131915014875233e+00
2.494352107135652474e+00
2.991426434733738038e+00
2.946924691427256882e+00
2.757161959430839193e+00
2.471208112266286339e+00
2.203352488909858131e+00
2.410605439526195326e+00
2.752953050436696358e+00
2.659623902302723053e+00
2.141648262395319691e+00
2.469832627370485589e+00
2.231031014558872982e+00
2.227337668909537882e+00
2.600132247081198944e+00
2.713492427611631896e+00
2.837911211816921853e+00
2.541995063104441233e+00
2.747802716690180613e+00
2.454566548318750652e+00
2.474187053770792843e+00
2.254938411696373990e+00
2.242857583654799924e+00
2.480513911377585146e+00
2.642324426048590080e+00
2.475307980088060855e+00
2.441548602223609254e+00
2.779112295515909992e+00
2.776080641093456869e+00
2.584008059410220159e+00
2.840584740595028634e+00
2.705963368718217854e+00
2.434713406545932379e+00
2.809198199617759961e+00
2.220762602812547115e+00
2.834222905958050376e+00
2.514935852871089672e+00
2.363535252183498692e+00
2.739070251032559966e+00
2.910612355359941006e+00
2.977374880319498374e+00
2.677052166856568771e+00
2.981907944245980602e+00
2.883785549425216921e+00
2.460966383300143612e+00
2.452256857974539628e+00
2.848542510577758868e+00
2.957054851089399250e+00
2.464437920915728775e+00
2.138718440337737725e+00
2.220617803749144414e+00
2.463538832800603373e+00
2.650458784926908784e+00
2.647700409535262089e+00
2.771957035309593032e+00
2.989996109152695869e+00
2.626590960066478075e+00
2.300353110697522130e+00
2.045997365462561390e+00
2.786921429705055964e+00
2.839831312069165392e+00
1.898965219132436433e+00
2.176087151261504982e+00
2.628708991609755685e+00
3.003688947883783378e+00
2.458522705662109953e+00
2.802012634089446674e+00
2.111041481514054574e+00
2.489860336858179313e+00
2.768054409520140702e+00
2.880798437613384611e+00
2.250342507723699814e+00
2.806447058693440244e+00
2.766016391920401052e+00
2.597855657830372866e+00
2.551748675032734504e+00
2.900553237471500179e+00
2.761389871704841958e+00
2.490549272133088188e+00
2.355937179607961340e+00
1.958799238994789915e+00
2.628705404503525411e+00
2.846769121567355398e+00
2.796220550625295953e+00
2.956663830176849750e+00
2.779547371526636113e+00
2.728602267526919256e+00
2.592845182735707965e+00
2.923035880456384739e+00
2.058416851678054549e+00
2.667790714624136417e+00
2.564954860964745009e+00
2.898288225775915716e+00
2.621348082784986211e+00
2.763022314494955278e+00
1.771626899594962223e+00
2.692696821083436998e+00
2.671470603226814955e+00
2.351153998337848439e+00
2.439246812275755794e+00
2.725817817127604847e+00
1.990685782076970778e+00
2.035510585446012488e+00
2.514707721381313821e+00
2.458653152719144863e+00
2.451249421326892719e+00
2.347606541931294366e+00
2.601295540712592391e+00
3.015680433195565335e+00
1.995356886725543122e+00
2.287493211026698781e+00
2.428087030186607986e+00
2.706457243266212842e+00
2.192748727521728114e+00
2.439177016111064855e+00
2.432060334658041612e+00
2.644419079706209263e+00
3.125674020557406063e+00
2.387444268720480434e+00
2.746185937911929997e+00
2.399450808960575277e+00
2.433110200107636345e+00
2.958760059385529217e+00
2.361817421860676891e+00
2.399714092557892808e+00
2.586671076271288339e+00
2.783423172272963875e+00
2.791273858436349009e+00
2.531193411935504400e+00
1.817348528974629618e+00
2.507174841982714675e+00
2.444167014691827511e+00
2.783949132339843313e+00
2.703491930072307703e+00
2.276557045116199163e+00
2.597755621919222158e+00
2.641726437023591334e+00
2.041708058388127967e+00
2.376016454419376700e+00
2.907258572193791135e+00
2.322565687955424174e+00
2.506887607493541559e+00
3.046692331430532974e+00
2.949700804368153850e+00
2.987655607191302742e+00
2.673857948718143973e+00
2.880684159024482049e+00
2.415677041987517981e+00
1.853824638578745354e+00
1.827350980250358026e+00
1.973309685148779913e+00
3.001998480083441390e+00
2.654382024496637626e+00
2.738489995724010306e+00
2.907503635338611225e+00
2.246360366011137977e+00
2.645561689413199247e+00
2.699420715549191829e+00
2.825532171031428064e+00
2.648994644698971168e+00
2.454699468640654469e+00
2.715624609620845842e+00
2.005437119192159834e+00
2.081596860793997195e+00
3.044292656616680137e+00
2.467350491540814428e+00
2.548339305270344024e+00
2.613228796801033038e+00
2.678147303386510192e+00
2.770001563426043312e+00
2.438594190462763045e+00
2.727735441605757760e+00
2.704838128085711446e+00
2.987370108129629553e+00
2.247443546434584327e+00
2.758864368440198778e+00
2.673851370430734953e+00
2.753298945477148152e+00
2.420944631684807558e+00
2.488455836136326482e+00
2.888172126480299973e+00
2.039720809298685378e+00
2.776648565559091786e+00
2.473482391299332228e+00
2.554917955176989608e+00
2.539237985385719654e+00
2.845536058085965880e+00
2.885993620061582998e+00
2.831155017021302456e+00
2.696192357957394314e+00
2.507147779259908837e+00
2.855177878194474328e+00
2.818733542397956260e+00
2.360037530246366089e+00
1.860216159837375649e+00
2.653105301572920460e+00
2.592503602838507781e+00
3.041921644918718748e+00
2.832676630002966434e+00
2.232858609073935074e+00
2.695910089568753776e+00
2.296653610490916542e+00
2.568316756716328975e+00
2.179561372695225430e+00
2.090017787414653050e+00
2.583884287144938785e+00
2.930433391297828649e+00
2.349405550781141105e+00
2.908290604010773439e+00
2.835692997711912966e+00
2.611169153066860815e+00
2.376536107611823656e+00
2.742251812815786227e+00
2.979064665890631236e+00
2.996054339058900506e+00
2.952278600805303022e+00
2.226016782642898484e+00
1.929182727968736355e+00
2.844068425679587619e+00
2.973291932263902648e+00
2.802390150586652418e+00
2.188440468514110560e+00
2.447610325169316869e+00
2.790955072533022996e+00
2.944116302246950312e+00
3.011866447058686003e+00
2.725016818307944622e+00
2.462965406249649547e+00
2.807829439917014280e+00
2.765661914215469253e+00
2.687975352936040174e+00
2.405820275394621621e+00
2.301201274349392811e+00
2.324586853652209850e+00
2.843357947326138113e+00
2.847061571466994234e+00
2.387408128999535251e+00
2.754861536180202908e+00
2.411865360619282139e+00
2.085383540784457423e+00
2.440758166076128610e+00
2.052947478237769019e+00
1.942377843826909922e+00
2.171975231786020366e+00
2.819219859016600882e+00
2.655087522166973191e+00
2.048489714462598421e+00
2.306873818974602752e+00
2.850703935679311574e+00
2.657429178595332342e+00
2.305445554361524874e+00
2.588489531348379558e+00
1.996809348865473011e+00
2.474130233286666591e+00
2.339036937670138094e+00
2.997256867276717252e+00
2.055217486713668329e+00
2.964112735489492056e+00
2.417124769282165353e+00
2.953409635401251343e+00
2.926820338290161416e+00
2.687587657827688492e+00
2.754335308459477272e+00
2.471764335281587677e+00
1.998244664223415512e+00
2.381782607656040440e+00
1.817434492650945810e+00
2.638665124103958259e+00
2.920583508393283179e+00
2.626469013538903052e+00
2.289707845914514817e+00
2.755211563905712868e+00
2.417510159215066512e+00
2.522168630723905736e+00
3.047147224773734564e+00
2.828027438083572598e+00
2.347765347130597924e+00
2.893495608660101137e+00
2.236064666442707960e+00
2.367879868919005037e+00
2.563777723776817563e+00
2.721459086160423979e+00
2.626974715046968889e+00
2.198818439591851970e+00
2.824743282619557760e+00
2.280849105258845988e+00
3.009571341372150322e+00
2.453073726410567090e+00
2.546035251513700803e+00
2.785753182617284551e+00
2.566445272300449609e+00
2.546238026681123312e+00
2.668574498132422868e+00
2.516601362786350826e+00
2.356416794805477721e+00
2.914408015334410074e+00
2.495665628415028703e+00
2.891881582743724532e+00
2.623953046526151134e+00
2.531933481300074451e+00
2.388624900857185374e+00
2.903058410718127202e+00
2.248652123795551461e+00
2.518423317633257774e+00
1.894673286630666587e+00
2.071746409542645218e+00
1.927431864503749592e+00
2.545028501136878063e+00
1.990217665842481720e+00
2.801995666267872664e+00
2.403003287647166530e+00
2.146686666947819511e+00
2.878573853762501411e+00
2.736691579048952772e+00
2.584894104907731638e+00
2.915537875996162320e+00
2.601200411466398688e+00
3.030597412877487074e+00
2.618434586069507297e+00
2.728187452312110128e+00
2.509618828612589336e+00
3.078062037708239274e+00
2.919112602579185811e+00
2.753974897136821642e+00
2.434192319138045235e+00
2.356997809156037071e+00
2.875005798407673119e+00
2.738588702017200838e+00
2.450740184395367116e+00
2.577973579069231747e+00
3.021822801311190965e+00
2.476134924806786763e+00
2.467109820488934346e+00
2.104360205158565034e+00
2.527186179381240905e+00
2.422439661676304645e+00
2.511348657506715654e+00
2.420730171400933273e+00
2.698909401449258727e+00
2.837853697142743492e+00
1.941548783992349758e+00
2.569346018690073841e+00
2.847290987452842703e+00
3.107579198632155482e+00
2.586920442724376379e+00
2.815331984604970028e+00
2.253645158304367513e+00
2.907027664987807292e+00
2.267042354280441874e+00
2.905996227998987269e+00
2.025931450816397472e+00
2.357643996750852455e+00
2.282256603028335107e+00
2.954827891720171795e+00
2.821822710663681733e+00
2.326309467083551574e+00
2.966505333323552041e+00
2.870752630277387141e+00
2.627647118352212985e+00
2.123408334514728324e+00
2.648506525144658230e+00
2.397613473028088027e+00
2.578093365524792624e+00
2.667856914257124679e+00
1.740055083709787231e+00
2.617639520716783075e+00
2.677311112214517674e+00
2.167924645991225141e+00
2.525330777875900434e+00
2.558659086543925376e+00
2.931026493508883224e+00
2.277357550950239062e+00
2.911068085000204864e+00
2.446285632788850251e+00
2.234638421926745888e+00
2.447148596063398074e+00
2.335552903996793273e+00
3.018903339162912758e+00
2.833834607060129684e+00
2.454510023751537151e+00
2.607857267254473754e+00
2.050812620090351146e+00
2.950139457222069606e+00
2.178567148395164743e+00
2.174581029427675283e+00
2.120865100619715449e+00
2.662572821503700560e+00
2.642735444731683980e+00
2.829011238513801096e+00
2.665040585230391113e+00
2.539244213207070722e+00
2.784820876209018969e+00
2.272586103853765138e+00
2.307586493695904295e+00
2.972880204900860246e+00
2.384736994217968586e+00
2.447048399146260600e+00
3.012907301319866615e+00
2.126613802537998144e+00
2.767013824831750846e+00
2.454599395812127050e+00
2.102482424893297619e+00
2.851376014299003003e+00
2.753465565582458918e+00
2.290400483563949319e+00
2.463804716669001138e+00
2.500442787032874037e+00
2.836461295099866664e+00
2.425423502000753739e+00
2.734250920183265432e+00
2.649556306026184860e+00
2.729145886759732242e+00
2.346397822345826611e+00
2.468700559370675673e+00
2.644045770621523683e+00
2.722976028730996756e+00
2.748180969877714652e+00
2.380450061110846782e+00
2.226714409827654784e+00
2.172635324952170599e+00
2.344648285739952431e+00
2.640074394939676772e+00
2.079906129437933959e+00
2.486893601893579220e+00
2.725864580280784377e+00
2.561777234699893047e+00
2.714571033460230431e+00
2.611146319877780009e+00
2.114808915628147545e+00
2.462581550929763274e+00
2.681033750863905940e+00
2.106789909045331921e+00
2.373752391359017277e+00
2.491865841178884100e+00
2.701067392531868006e+00
2.789788490375217034e+00
2.845110869845649759e+00
2.488003243513716711e+00
2.456115734400821538e+00
2.300744521574353829e+00
2.813637931776271195e+00
2.076481721819484427e+00
2.663066214698274869e+00
2.513602215899112480e+00
2.568813090156098156e+00
2.639413997169981485e+00
2.667642424734909312e+00
2.360338159565513294e+00
2.356984836580988230e+00
2.513812101531739174e+00
2.457899232454367144e+00
3.020190743719778581e+00
2.751355569711393834e+00
2.826426669436222561e+00
2.863788934657900409e+00
2.619761564090104411e+00
2.423432594572801246e+00
2.852600504850451912e+00
3.046914163930746433e+00
2.710393974029121633e+00
2.442969753779272057e+00
2.506148962956819659e+00
2.875992805110902495e+00
2.919519413026355981e+00
2.417778905469393447e+00
2.658890548651949182e+00
2.935930115308782895e+00
2.889111272840190647e+00
3.004648973035990434e+00
2.858914506285209267e+00
2.809883510897365433e+00
2.096173815894969650e+00
2.231068538817835289e+00
2.260673424551580712e+00
3.034333032300443822e+00
2.753020775878658899e+00
2.439096552456565981e+00
2.194441271871648169e+00
3.019735410411588550e+00
2.384538233116654915e+00
2.831930210973751194e+00
1.846753288992091901e+00
2.968826259531387013e+00
2.751460948202319123e+00
2.639034288966639163e+00
2.192852503311563339e+00
1.861559388729274733e+00
2.545885897153488564e+00
2.476855473636121019e+00
2.202524337835376933e+00
2.934223154169763870e+00
2.590878643497888323e+00
2.226484257595638283e+00
2.356724047861018967e+00
2.491187677192231664e+00
2.714703463060865296e+00
2.472486806209547971e+00
2.778129660125889799e+00
2.450602677144456010e+00
2.820382487283457085e+00
2.708074177001936089e+00
2.666710243259648561e+00
2.647582266467940038e+00
2.677202563446733574e+00
2.698336915734366848e+00
2.550715080720442174e+00
2.499582108990570095e+00
2.517283524775893788e+00
2.829954394694401465e+00
2.906303881115315235e+00
1.921010371547270834e+00
2.243163876901254739e+00
2.909059374254952424e+00
2.490935787864487327e+00
2.237185705027666671e+00
2.202885203220792398e+00
2.339047517698476852e+00
2.556301281704043582e+00
2.814257771239073502e+00
3.007090251532617220e+00
2.376977906520862938e+00
2.849384217641577788e+00
2.779180303865427248e+00
2.477670478429886636e+00
2.781174778247964774e+00
2.910866989661435422e+00
2.873725488665619388e+00
2.810617146274250189e+00
1.893592107271613090e+00
2.616497104771510873e+00
2.661040553193007696e+00
2.577392021483900120e+00
2.365036076635544049e+00
2.230758766696104622e+00
2.717793648665518536e+00
2.575871987577480038e+00
2.356636056459377127e+00
2.672752492924319601e+00
2.072267071961582552e+00
2.525902594419183078e+00
2.790599279172830016e+00
2.529873791946152473e+00
2.307884066122748656e+00
2.434710464864195067e+00
2.969200659922678565e+00
2.656424748919606227e+00
2.962328307973078889e+00
2.709834868421633569e+00
2.376846972072848896e+00
2.609999117787880518e+00
2.664365391393684224e+00
2.759767940226194760e+00
2.373105749324550651e+00
2.324049060303519987e+00
2.735595932195814761e+00
2.401935326893713807e+00
2.370207923724666710e+00
2.479167420320414816e+00
2.348540944142141207e+00
2.439205220396091001e+00
2.656919963599546186e+00
2.539177735788626045e+00
2.220260957191632301e+00
1.964530311894195913e+00
2.317669200699377097e+00
2.127659147804186190e+00
3.028971543101161679e+00
2.862394862018812436e+00
2.639108193507076816e+00
2.798110812817904858e+00
3.102606997463877025e+00
1.949923969401714086e+00
2.707868972759258419e+00
2.904591818970006845e+00
2.855133317761576084e+00
2.545015336391302618e+00
2.414943670577132107e+00
2.700397457351154440e+00
2.305046988701737742e+00
2.723134878902591538e+00
2.396208021718837955e+00
2.457102619783569253e+00
2.652096448043292032e+00
2.941034049071038936e+00
2.446545965914216136e+00
2.830152505604363267e+00
2.220483680154055950e+00
2.499843073573927210e+00
2.801767133484389660e+00
2.656738873738013762e+00
2.196776079588598662e+00
1.823203495962236076e+00
2.119966875186063859e+00
2.925499958409174095e+00
3.072235229837953163e+00
2.328928787877940998e+00
2.910086802273930129e+00
2.937391768628866640e+00
2.768935504140311199e+00
2.996343199550470349e+00
2.641629127992244364e+00
2.387336863411134935e+00
2.598650481294432879e+00
2.440444888316465555e+00
2.572243784230351604e+00
2.855947655910655136e+00
2.501027059583065704e+00
2.716222260883701889e+00
1.706880474615568577e+00
2.885210782795825768e+00
2.707945229168605472e+00
2.000969972973873467e+00
2.747315305572100463e+00
2.839310908080145079e+00
1.979108228794501878e+00
2.945608287558947769e+00
2.582952231506724594e+00
2.539610526009446811e+00
1.997836265623520680e+00
2.327607752530241214e+00
2.197494777660011334e+00
2.153720288514240355e+00
3.057940863456604763e+00
2.653484496992696506e+00
2.719698723621490455e+00
2.278776922316329667e+00
2.820187208707690019e+00
2.837119647328787408e+00
2.957842859859702411e+00
2.630065774691349390e+00
2.858335830532014121e+00
2.194559234933397995e+00
2.683281272660750894e+00
1.888051860472513832e+00
2.232975414971944073e+00
2.221895422863500613e+00
2.192752260102684758e+00
2.514246103993841963e+00
2.736232185715357978e+00
2.458263271732596067e+00
2.640051273889171934e+00
2.240618873424446988e+00
2.721760424513327337e+00
2.747751357696619490e+00
2.408758533352376219e+00
2.778407700486273502e+00
2.885600347043258296e+00
2.513206859959892903e+00
2.200798712242091337e+00
2.665655291743667998e+00
2.087044312285161851e+00
2.733816333511255081e+00
2.805719639869548754e+00
2.088396776501422636e+00
2.988170790807289201e+00
2.509737867670860378e+00
2.546765606563929918e+00
2.684718014644553286e+00
2.716256541448582418e+00
2.398503985129099014e+00
1.996429696626110362e+00
2.603165183884796008e+00
2.530756499304532170e+00
2.321252414252754193e+00
2.178764852604020419e+00
2.683436146295143043e+00
2.145782399221871195e+00
2.258772695021368015e+00
2.317932448411583302e+00
1.911789245438541007e+00
2.852109539688242101e+00
2.291344789724540476e+00
2.690346664983367386e+00
2.870178417771431789e+00
2.465250620779831703e+00
2.853417078250444217e+00
1.976778586810931326e+00
2.660446403836750129e+00
2.564811828201232657e+00
2.255821756240523612e+00
3.008982933929437387e+00
2.571937316474452118e+00
2.917932506925714709e+00
1.930599491597532413e+00
2.606467836888094691e+00
2.867856903501103893e+00
2.563014310320529177e+00
2.806691722692117086e+00
2.241269251048899847e+00
2.163833158596645045e+00
2.010628811120517057e+00
2.662340978447856443e+00
3.011225664527427348e+00
2.699853195297975184e+00
2.616153118369398012e+00
2.240778525595792381e+00
2.709422340279224350e+00
2.435143219795486758e+00
2.749206200738873562e+00
2.723889311543838510e+00
2.994069565866697147e+00
2.469194155643989586e+00
2.957981666713556113e+00
2.630820970430487016e+00
2.756525760064504116e+00
2.177311941594559208e+00
2.635526575860413168e+00
2.476825340864032388e+00
2.397092345692277693e+00
2.221416364816490852e+00
3.069579737738729275e+00
1.900874167343000298e+00
2.497381407316987989e+00
2.885640692609611424e+00
2.247855325008335736e+00
2.584463468762614013e+00
2.851710480122586766e+00
2.404056831165303887e+00
2.138493957417801461e+00
2.834226986766127609e+00
3.061316820939018246e+00
2.711283033059202818e+00
2.540180547821233592e+00
2.532421256429007173e+00
2.115923007570846170e+00
2.741675690976931090e+00
2.483920666188762283e+00
2.524858056807428142e+00
2.641185112379652811e+00
2.213064689146208242e+00
2.418097018622711314e+00
2.284032925785066226e+00
2.943928240095421422e+00
2.582695101685397177e+00
2.951455906875239066e+00
3.026931584884978488e+00
2.119172703463529484e+00
2.585265403746838775e+00
2.288584419071091780e+00
2.762955271949556924e+00
2.116617925291266467e+00
2.367336925365095546e+00
2.048019132459035774e+00
2.213839763593094645e+00
1.993780902138618361e+00
2.412755204367428963e+00
2.616086101727570501e+00
2.523079776518782680e+00
2.447335294050875465e+00
2.876723675883064768e+00
2.347893731925647209e+00
2.378912985354202814e+00
2.426842480031061733e+00
2.621945130928946099e+00
2.263992467784855744e+00
2.456393835282068672e+00
2.683549826184302933e+00
2.327238358487336622e+00
2.396067735062390458e+00
2.832252175604394573e+00
3.055062136532300965e+00
2.146153438169969174e+00
2.923239113607756234e+00
2.742333498843327888e+00
2.533959050684154501e+00
2.826941150879812792e+00
2.583390401722261753e+00
1.901584010775942524e+00
2.437406814898755325e+00
2.795278105920287803e+00
2.165282574127681769e+00
2.458467320332996753e+00
2.604953119581725929e+00
2.803133202706469707e+00
2.557292285658852471e+00
2.773224313625391346e+00
2.630314815138893980e+00
2.352870480844070133e+00
2.299927503563182540e+00
2.611618724432970495e+00
2.455516908636065310e+00
2.941043335559830663e+00
1.860657456951197553e+00
2.177454514621150583e+00
2.637519131654203264e+00
2.208513933540000806e+00
2.401086333467084000e+00
2.864033310457476666e+00
2.526196829264092614e+00
2.456228337723181721e+00
2.623347476315545546e+00
2.915819516442909265e+00
2.361892559954233306e+00
2.847209063713345145e+00
2.574027199881063765e+00
2.709141861600986800e+00
2.916603141340081251e+00
2.547770248493603784e+00
2.355902149110016275e+00
2.854378946740121492e+00
2.547200625524113526e+00
2.688452227689138940e+00
2.524242446588707001e+00
2.577729341551695086e+00
2.047613172037517248e+00
2.759781110123470604e+00
2.844373607832362261e+00
2.977545380401761310e+00
2.331953144649749898e+00
2.469230767755040468e+00
2.792662061326618428e+00
2.478388141499347164e+00
2.151443723623885695e+00
2.685185682919961181e+00
2.024740187973580241e+00
2.692907842686579123e+00
2.194485075535125507e+00
2.068966757616973684e+00
2.760787867478047719e+00
3.072103640587777740e+00
2.353084052465208131e+00
2.660094750310781464e+00
2.179922758239606129e+00
2.889059100111789569e+00
2.603340078089247278e+00
1.998748028494366391e+00
2.646161165941216531e+00
2.804097667714110287e+00
2.335759340919107530e+00
2.938394893547782605e+00
2.697031683168289007e+00
2.611375220748983317e+00
2.396623492334035710e+00
2.119106739140484308e+00
2.078803925143144049e+00
2.314524136877069260e+00
2.448614105872023661e+00
2.747034752843868333e+00
2.165742660312541368e+00
2.392348915488091254e+00
3.119277007350252262e+00
2.703944749906295630e+00
2.312805346347292179e+00
2.832542720303691475e+00
2.646964100987512669e+00
2.585373992586608161e+00
2.764692937296861608e+00
2.849695514120651030e+00
2.351460348593044536e+00
2.733934953521485411e+00
2.545088605739976195e+00
2.115548719730119487e+00
2.598847411726741274e+00
2.913064866762956839e+00
2.634572101357491203e+00
2.480316276014333354e+00
2.337133909121881903e+00
2.953667792852245899e+00
2.764606560479752062e+00
2.169162090330563508e+00
2.593120003426031772e+00
2.465886001806351313e+00
2.230987330842678418e+00
2.824288664482461186e+00
2.669193453500050328e+00
1.768532669520868517e+00
2.356120430024759127e+00
2.000764451265655275e+00
2.806172884019423108e+00
2.647244874942343618e+00
2.631727396709019118e+00
2.733177458404872695e+00
2.858453713599555801e+00
2.107302439863039556e+00
2.874049074823031180e+00
2.770434437628009672e+00
2.479871897588356688e+00
2.209283252474451231e+00
2.273246512702699729e+00
2.854805979145710992e+00
2.414166184101256718e+00
2.982752497213188914e+00
2.542561208942975881e+00
2.712054548218415295e+00
2.728270662883324427e+00
2.895223028356354256e+00
2.391339240311339598e+00
2.846016312460010855e+00
2.763709599814197393e+00
3.029468776635471983e+00
2.578361498838642074e+00
2.655664516071089221e+00
2.596864767104521299e+00
2.753556468847141225e+00
2.228087244748667928e+00
2.861937927549413008e+00
2.687192588006962257e+00
3.037845648577383262e+00
2.504248823929839052e+00
2.130577117260106235e+00
3.018143587253667715e+00
2.283154991849720705e+00
2.530602953903898999e+00
2.092949669124751999e+00
2.246695112272184325e+00
2.671687450154943466e+00
2.680039554012028091e+00
2.456728318451848470e+00
2.088914081632608166e+00
2.579663016587880442e+00
2.825245156694185855e+00
2.974621518306149515e+00
2.703739045345596725e+00
2.957364817928177292e+00
2.739234206108582814e+00
2.637235457857551424e+00
2.285320784261474447e+00
2.487431223309766626e+00
2.775563243136585534e+00
1.906122184922090401e+00
2.234699297714031196e+00
2.397315867786103283e+00
2.123151754035220495e+00
2.373547152998976451e+00
2.969204831290571001e+00
2.192761651252392863e+00
2.472724052069658285e+00
2.932133331695862655e+00
2.519489341308224883e+00
2.640625138383215553e+00
2.198822538254863623e+00
2.505130341675789296e+00
2.271074912961060122e+00
2.033934621872139914e+00
2.635193501154264872e+00
2.119721709565722367e+00
3.019996810206345028e+00
2.492979941951392053e+00
2.862362344678055948e+00
2.429468771664276439e+00
2.590264241434944825e+00
2.554761193331499314e+00
2.438805338711083515e+00
2.132157433730046403e+00
2.255986433327274998e+00
2.645681406615597808e+00
2.733472076321419308e+00
2.528711791432439515e+00
2.741274380080028106e+00
2.449474559297553089e+00
2.580515416594118872e+00
2.283363006454862454e+00
2.580148353504680969e+00
2.823774297214566076e+00
2.378183809145821392e+00
2.750401687863551103e+00
2.304762889287172101e+00
2.756182549221495748e+00
2.710952698183694665e+00
2.626231031877482192e+00
2.949379398270614683e+00
2.581813584269818662e+00
2.472965580850342349e+00
2.463046202363158965e+00
2.533599146415051351e+00
2.604489851294661928e+00
2.710961010164190998e+00
3.075671874795045557e+00
2.555511902165416238e+00
3.003165972755660551e+00
2.710146545809508201e+00
2.956706337832138765e+00
2.926060572881573840e+00
2.078336421829772185e+00
2.191573070541461554e+00
2.507475011003204912e+00
2.176881653445744469e+00
2.092128799755601065e+00
2.775051104466906171e+00
2.639840719246729250e+00
2.648898464637954753e+00
2.471169460756948766e+00
2.642700503164381320e+00
2.696301262231068474e+00
2.675142635105296041e+00
2.291978749632573198e+00
2.701634688789500416e+00
2.630122271461995176e+00
2.881355755589259271e+00
2.362306581423676999e+00
1.713695692657847047e+00
2.494058547603076104e+00
2.103923672269171874e+00
2.731477277190654807e+00
1.943891925850675495e+00
2.075351002822434232e+00
2.131441498131210643e+00
2.365843606530602550e+00
2.308526015970041811e+00
2.239007024718298933e+00
2.488306863226098287e+00
2.454906159897837892e+00
2.519727655447737469e+00
1.947625016640229800e+00
2.572098214339128663e+00
2.460013631597312234e+00
2.655951833274423191e+00
2.760892335504589123e+00
2.319210034054228320e+00
2.570207228744557426e+00
1.948926653045614410e+00
2.343494494468802980e+00
2.520481425374222262e+00
2.862600491736038588e+00
2.723190020338785100e+00
2.408477471376000878e+00
2.930475364343309685e+00
2.321430742719430729e+00
2.866800390293900769e+00
2.712288463427475094e+00
2.348190949560780449e+00
2.688294556260602874e+00
2.254662242102942749e+00
2.506864721511537830e+00
2.447210299866152461e+00
2.720195976922622272e+00
2.256360760414694688e+00
2.143993705904724045e+00
2.851546020324025044e+00
2.905669560812444985e+00
2.335036375395970420e+00
2.857869280477346674e+00
2.804666465860290003e+00
2.573891215848707503e+00
1.692807494553692838e+00
2.984761973270911639e+00
3.019746321667859945e+00
2.577944299234123715e+00
2.476429909448556899e+00
2.319059758743720501e+00
2.528447348590635801e+00
2.696737531262774823e+00
2.687890060769416056e+00
2.723085779937965079e+00
3.030604729435278699e+00
2.224514084069731279e+00
2.637014058424267837e+00
2.642279081127646201e+00
2.652155176428484751e+00
2.955543297289111138e+00
2.071538489598833355e+00
2.533636403529636816e+00
2.500017087176815700e+00
2.968703791558227056e+00
2.249522885963783914e+00
2.801181431090654428e+00
2.933120521867705222e+00
2.375693055617762450e+00
2.526444677081457257e+00
2.050798757816272300e+00
2.222753130690943824e+00
2.726670438595526491e+00
2.079029498919330088e+00
2.594984053345603670e+00
2.136683717446703046e+00
2.636982119646393841e+00
2.569643837900940309e+00
3.083832806469603671e+00
2.641309812919958144e+00
2.868911923327916114e+00
2.862903343238959675e+00
2.657631718346014527e+00
2.425136563299895354e+00
2.754475417002831161e+00
2.168086598711540525e+00
2.411068532771315720e+00
2.703995351550481541e+00
2.043895124414645714e+00
2.714651328388564711e+00
2.399945483581086059e+00
2.442615159182153661e+00
2.216290089401249830e+00
3.017695174972514938e+00
2.223418756043326727e+00
2.438113703920184783e+00
2.734491153202164515e+00
2.426039404136782096e+00
2.231666856583307990e+00
2.643501999767746469e+00
2.426261639467680364e+00
2.798255198244255837e+00
2.618340930280459222e+00
2.968442279507312875e+00
2.374556937181995675e+00
2.690185126630854295e+00
2.393635649928736342e+00
2.168995119426351703e+00
2.316613130091845996e+00
2.544211203984677816e+00
1.812651761590631017e+00
2.449481191069299069e+00
2.934696520043453827e+00
2.878260954744309430e+00
2.369240145987073554e+00
2.654795456194776193e+00
2.954785949433003545e+00
2.530601412529307481e+00
2.571456025192908612e+00
2.475011772924899489e+00
2.743573882391928898e+00
2.620376121211738685e+00
2.601901246553702141e+00
2.574493004170878230e+00
2.589742339067236720e+00
2.277756616879972107e+00
2.846933937742551102e+00
3.083175645408184007e+00
2.977801810060740184e+00
2.478635133972837856e+00
2.743588236649949330e+00
2.575370784489118936e+00
2.851773868436306536e+00
2.820319558244027025e+00
2.390778843871533610e+00
1.936384576083807429e+00
2.536333600775962260e+00
2.926883276621256691e+00
2.899891835228204151e+00
2.773604514614064875e+00
2.698338071821038131e+00
2.544456904535985498e+00
2.283466122273303256e+00
2.210434670800406565e+00
2.970869300126240731e+00
2.434983901210901802e+00
2.869790295455419304e+00
2.615012856632418892e+00
1.889075886788781133e+00
2.580126144887945561e+00
2.534636719292702178e+00
2.207228423585611665e+00
2.608981267123850145e+00
2.304580597625171201e+00
2.689409735683638392e+00
2.696265147425366937e+00
2.836108876622662756e+00
1.924244839688931119e+00
3.047080373814095466e+00
2.838461286979983900e+00
2.402794958999650898e+00
2.333331144296364901e+00
2.807150181473162753e+00
2.264552681249027977e+00
2.707464530068480979e+00
2.290430807305309457e+00
2.330425843434598576e+00
2.614635657881952735e+00
2.763930070556288143e+00
2.078125863003869256e+00
2.541930410363800519e+00
2.210737830127294856e+00
2.924827859727374246e+00
2.337881144862682170e+00
2.800504981145470751e+00
2.433966287759106617e+00
2.292878418415156716e+00
2.753941922761714345e+00
2.921262688826643306e+00
3.022053435554870493e+00
2.755994497733676329e+00
2.568578619035085442e+00
2.616318657491186528e+00
2.449000529841037110e+00
2.891254581267098889e+00
2.569460702702688781e+00
2.724497412361988058e+00
2.616297147317713012e+00
2.613719444308115314e+00
2.992509226530470912e+00
2.101231649016574110e+00
2.339132335431224341e+00
2.330788292531023487e+00
2.394996242759737548e+00
2.354648126441327705e+00
2.063590094287357513e+00
2.466132862869464315e+00
2.500490112877369775e+00
2.275478228231897937e+00
2.701409574850998307e+00
2.758985682556072128e+00
2.315445717026186401e+00
2.928577062669552422e+00
2.522179457459685636e+00
2.260196539235056701e+00
2.827812650277315321e+00
2.277226098662607612e+00
2.732133790863755074e+00
2.534245127713580459e+00
2.409627213260034484e+00
2.649346675861008027e+00
2.855518501753048000e+00
2.314202859366507603e+00
2.505789955948754866e+00
2.909987215789119119e+00
2.366900245017499849e+00
2.305327953735055502e+00
2.966839644906003048e+00
2.755105418278672946e+00
2.523751895564720016e+00
2.725075924203538502e+00
2.441067445336795760e+00
2.435826543405148037e+00
2.752288371927532395e+00
2.205134407112204542e+00
2.913323989935241887e+00
2.387134472658491546e+00
2.464901114651133263e+00
2.498237575412293854e+00
2.637227898376611535e+00
2.592985318754791546e+00
2.346076155074776626e+00
2.072185661245202315e+00
2.778577042267340591e+00
2.040347107697017659e+00
2.215993246330098643e+00
2.439713705808388866e+00
2.671306132593592064e+00
2.195862542876552581e+00
2.674353091086135059e+00
2.625643937971668951e+00
2.885382772664114359e+00
2.780787196699079811e+00
2.966062054119198876e+00
2.344211572416784684e+00
2.289710073917936128e+00
2.012969973026843995e+00
2.387392226427634156e+00
2.490502237444634392e+00
2.446088786492220724e+00
2.217653450376069202e+00
2.277505942740818856e+00
2.470351553344903195e+00
2.275329592509076626e+00
2.479939446347280807e+00
2.280967737479267399e+00
2.197999965060170702e+00
2.946756283917653985e+00
2.116641908982581199e+00
2.418445464729975125e+00
2.846281653601228534e+00
2.370542133482042679e+00
2.443948008236988656e+00
2.703418116249914682e+00
2.464195421032082667e+00
2.582814049908717990e+00
1.996508028102112142e+00
2.257282680359751659e+00
2.530786147527931629e+00
2.393007564186708347e+00
2.832542600258266319e+00
2.601837519639906393e+00
2.758458628973166515e+00
2.653357241106456321e+00
2.641543044660150663e+00
2.754080957531508833e+00
2.936197600546036846e+00
2.584594139465461904e+00
2.672620783289313184e+00
2.956916835551545386e+00
2.362384078168477952e+00
2.609611326733842329e+00
2.458366281980711054e+00
2.815476459445994895e+00
1.986292946039677432e+00
2.570165045647267554e+00
2.225687019910469466e+00
2.159794901539649370e+00
2.849462064740251321e+00
2.673777407166608722e+00
1.911387360849515549e+00
2.613729008970108403e+00
2.326311925628973931e+00
2.711818228819176557e+00
2.757673339775708499e+00
3.074208817577596342e+00
2.737964828152449126e+00
2.735877699043250288e+00
2.837528702607037268e+00
2.971470718009987522e+00
2.936339853828890956e+00
2.553913192029965362e+00
2.862585345051706476e+00
3.090709392940505840e+00
2.524004452042587499e+00
2.729553236127313820e+00
2.657296035360701580e+00
2.291000290288840890e+00
2.499761440626235842e+00
1.911042040951148602e+00
2.637938396977333788e+00
2.930611560090873091e+00
2.889493477807553390e+00
2.356992358184035297e+00
2.650388607190066637e+00
2.700235788464386832e+00
2.427827789532232217e+00
2.355778633536562250e+00
2.577440117100078254e+00
2.141953544391190789e+00
1.981032366417127877e+00
2.648169356144269848e+00
2.312044734916930189e+00
2.605474061747863779e+00
2.604935076472771449e+00
2.254344430847620373e+00
2.696413424313623963e+00
2.791877074983468265e+00
3.042662783013634353e+00
2.593209589698628470e+00
2.676900385249974423e+00
3.011707061070388658e+00
2.733286893233330517e+00
2.807235663078116339e+00
2.173494402776502188e+00
2.398778094291918794e+00
2.506250614037443647e+00
2.656674857399601297e+00
2.872212822606691418e+00
2.838623294311547696e+00
2.466074036197301922e+00
2.801609876360668050e+00
3.110884576362328069e+00
3.026925069491012810e+00
3.100765002854727559e+00
2.825174304326915298e+00
2.594790029810787324e+00
2.785369830101507738e+00
2.711645439227539534e+00
2.263477396157203891e+00
2.401721598019822324e+00
2.496360195852372232e+00
2.826146811850949181e+00
2.645315501930418201e+00
3.045745016382045645e+00
2.831584204197283849e+00
2.705110264506215501e+00
2.780158148964411602e+00
2.838688494484175706e+00
2.564675245967610984e+00
2.529995170499076185e+00
2.661524863326008905e+00
2.356332627872213425e+00
2.804123910552860810e+00
2.262014624371181171e+00
2.493391435003267986e+00
2.347679883557730829e+00
2.580894620042068599e+00
2.942269206726951136e+00
2.385901003274207177e+00
2.006337485904942319e+00
2.547053476089009560e+00
2.225429550221357466e+00
3.021099995500710733e+00
2.970551867374453536e+00
2.306529762271122497e+00
2.418080929997386885e+00
2.632573488137657236e+00
2.161308576184567176e+00
2.453149734043623020e+00
2.632951081014602845e+00
2.420614290173009664e+00
2.336450406127982937e+00
1.891898060722184693e+00
2.541749306568622302e+00
2.611508643642216576e+00
2.663194894531216050e+00
2.209991626429584688e+00
2.014672389651181561e+00
2.927384175451992476e+00
2.144312687131415540e+00
3.112671087449260021e+00
3.012213158448168393e+00
2.460397544581799156e+00
2.802288168262553114e+00
1.958944275550082992e+00
2.331280488369129600e+00
2.114562925027246187e+00
2.629854920438321919e+00
2.956615226094057913e+00
2.660371269315882081e+00
2.173624709876811778e+00
2.660275633892282166e+00
2.608349261904105099e+00
2.797761749731623393e+00
2.271942176250780321e+00
2.847484455658908509e+00
2.466839041666642807e+00
2.678719877401586569e+00
2.660094675390442198e+00
2.805702754392365605e+00
2.218785752888103424e+00
2.750496532122061133e+00
2.103196842966950975e+00
2.824552030114075851e+00
2.914061537729297324e+00
3.004410853058449238e+00
2.997315648820183309e+00
2.647330799745610808e+00
2.930274508472376915e+00
2.492127573955047026e+00
2.845446409633329843e+00
2.952241110669510782e+00
2.842576839253693866e+00
2.563026672162846520e+00
2.562570617154362740e+00
2.811732776916448628e+00
2.856667984063782306e+00
2.033876310410422938e+00
2.627055723442315749e+00
3.086802102632580702e+00
2.656718370906356874e+00
2.021559980702019921e+00
2.869976653741734829e+00
2.545818842212141053e+00
2.943867393898897955e+00
2.636463889870395150e+00
2.527608007264572798e+00
2.900443411527918958e+00
2.460279834536883925e+00
2.329319042868191136e+00
2.689431147287248081e+00
2.334019447334484187e+00
2.784351195655430988e+00
1.714330628845777360e+00
2.160441439784921869e+00
2.026499957923899586e+00
2.578577179998181812e+00
2.803973340708566298e+00
2.271405996146758532e+00
2.476106012959784053e+00
2.934908792098372743e+00
2.585570002511995646e+00
2.468096941396499044e+00
2.547499885437179312e+00
2.400639323617357768e+00
2.831806463126515183e+00
2.858490702421605079e+00
2.846130810985401549e+00
2.863506277287683144e+00
2.444432707002591521e+00
2.813130120214484720e+00
2.944097416458900440e+00
2.662338325579346687e+00
2.420537297356380346e+00
2.227949573442722375e+00
2.575971636226846773e+00
2.606963714564864532e+00
2.910762079310136752e+00
2.873424812372953774e+00
2.617623271715260103e+00
3.026913001978796647e+00
2.886200747367265507e+00
2.613900561220316998e+00
2.182546312658979026e+00
2.083386852894445251e+00
2.184159751228718083e+00
2.882493330404768628e+00
2.872876125912833700e+00
2.590315746625964977e+00
2.756938208452488936e+00
2.583356953514113208e+00
2.162468987324915215e+00
2.610106567330770844e+00
2.760999249935226274e+00
2.395529690726705407e+00
2.251250245622710811e+00
3.017435650003995384e+00
2.063963755997335614e+00
2.935979789962694042e+00
3.118201779305952215e+00
2.826211742386336212e+00
2.239044563394154697e+00
2.860087753606278316e+00
3.051691736132930544e+00
2.377535215116200362e+00
2.132462968685577831e+00
2.808272485637933968e+00
2.635058239841482131e+00
2.447501214634103750e+00
2.228596528684901212e+00
1.847644215903639919e+00
2.812210080079832863e+00
2.416633022285251897e+00
2.664261832339243075e+00
2.633086458749665848e+00
2.054078065005408682e+00
2.962008130361282188e+00
2.911632388226782275e+00
2.755901497648145959e+00
2.641725725866698404e+00
2.544155080988995454e+00
2.846530957181478083e+00
2.379474747468954376e+00
3.034058530049922098e+00
1.995400071059014291e+00
2.865000686471641078e+00
1.891072761712129457e+00
2.198460282195777715e+00
2.696347573117669150e+00
2.193156814425881063e+00
2.908708646452398572e+00
2.630755759180149589e+00
2.746925010833368486e+00
2.486284319781897789e+00
2.664927877284620994e+00
2.112977363760142779e+00
2.298722195100446619e+00
2.723217175054092998e+00
2.662275362138440293e+00
2.652869828508324090e+00
2.021898419874496700e+00
3.049361137367231578e+00
2.554026144232572904e+00
2.261645980610612394e+00
2.714317645556470371e+00
3.076797352253074269e+00
2.828027401871956670e+00
2.025310400313054426e+00
2.530924758161644306e+00
2.710848739870364454e+00
2.496375034831063822e+00
2.045853213511754198e+00
2.916436115567336618e+00
2.627639072556881672e+00
2.757026469355916110e+00
2.318004448062881639e+00
2.430882698737754755e+00
2.656083027450360845e+00
2.440086388314617327e+00
2.750600196508787842e+00
2.470893633385769839e+00
2.761510020988992675e+00
2.728836402413343354e+00
1.978237415266749455e+00
2.817129990321798783e+00
2.225022195452694973e+00
2.747413790336568518e+00
2.605377320391060181e+00
2.444648133866726969e+00
2.549069085555941250e+00
2.869776129297219036e+00
2.810981613376406507e+00
2.562211407026987686e+00
2.278799343831724222e+00
2.478413089366028554e+00
2.535280241895228492e+00
2.722197764913315332e+00
2.762327907939797988e+00
2.448172519458284846e+00
2.156744854392451671e+00
2.166997540824767920e+00
2.671490518236616651e+00
2.526848335974959170e+00
2.312842935096440122e+00
2.386388926053261805e+00
2.906638363873828457e+00
2.818496168666671409e+00
2.343340797081584270e+00
2.840377723630346463e+00
2.720245611527923657e+00
2.766645919609232784e+00
2.506979503150708055e+00
2.204986115178312112e+00
3.023451051314900440e+00
2.033713001928314945e+00
2.942975735610113386e+00
2.810191346374468324e+00
2.383404706326730960e+00
2.743503361430886134e+00
2.382507860551847934e+00
2.199798738532127373e+00
2.808641393179820867e+00
2.326394146855449208e+00
2.577286415291140109e+00
2.553925016728622932e+00
2.594507960764128374e+00
2.454124305650777327e+00
2.929273018657781780e+00
2.575425644220759480e+00
2.407225188348039779e+00
2.787574142360186968e+00
2.569215358975894148e+00
2.834470638172396750e+00
2.932836519244925277e+00
2.461912365266441416e+00
2.433298550420727402e+00
2.738743798616531944e+00
3.006042517558512817e+00
2.087729268127174187e+00
2.574961771193245319e+00
2.888339473243778599e+00
3.081568617119831544e+00
2.528851959258840765e+00
2.661402600120020168e+00
2.937484235718861303e+00
2.317696048207221526e+00
2.775406452129048684e+00
2.781553390329615461e+00
2.187205683361721498e+00
2.760769724818819881e+00
3.009719051530017619e+00
2.673712951384602743e+00
2.724259245226647419e+00
2.946273839809470552e+00
2.443699655308065655e+00
2.546664146085192204e+00
2.720215167974586734e+00
2.171290054136627568e+00
2.669584236583915526e+00
2.180706121851366142e+00
2.757458590747743798e+00
2.425807684998087854e+00
2.541788188386360670e+00
2.965624893244019233e+00
2.815361020607844100e+00
2.679415036582851517e+00
2.636575216967621316e+00
2.937128976082151954e+00
2.651614092225572872e+00
2.269224621592212721e+00
2.830500051056136002e+00
2.152665431517648997e+00
2.785361776115105492e+00
2.381577043409735861e+00
2.314706499855541111e+00
2.573278183164188881e+00
2.702192433637475411e+00
2.825388255503134882e+00
2.550666201397366883e+00
2.854757899915121300e+00
2.409204398566532568e+00
2.755827169948923849e+00
2.093400536065546547e+00
2.042023526325079885e+00
2.378511848608759305e+00
2.701045949210273633e+00
2.779196510108750573e+00
2.919954987359582255e+00
2.192155086489858906e+00
2.628816793270994268e+00
2.523891260505422895e+00
2.648402113023856419e+00
2.675082911818771336e+00
3.011790566973611583e+00
2.956820681226602243e+00
2.584897822040371995e+00
2.867076780705658745e+00
2.788211615800036736e+00
3.000735288231368703e+00
2.168393990293356666e+00
2.497033543754799467e+00
2.465424157741062938e+00
2.847283663398839870e+00
2.708289918426177501e+00
2.949169240219927879e+00
2.304557335690179176e+00
2.927785626405242869e+00
2.955014673048053098e+00
2.574629214971746460e+00
2.639463658532696488e+00
2.548049916433283713e+00
2.405653727131976005e+00
2.043806445053427012e+00
2.242996025060958853e+00
2.925867354166861833e+00
2.747781151467719951e+00
2.857014750770514588e+00
2.961179818078988113e+00
2.382909368486276769e+00
2.905281340603606655e+00
2.746162780836593154e+00
2.311945513691771481e+00
1.977112081186473080e+00
2.369963860975672354e+00
2.083906170377125555e+00
2.945556771198746482e+00
2.904136495292778175e+00
2.313973740989021088e+00
2.800458773957942959e+00
2.612243463443531422e+00
2.768906271154532028e+00
2.630444090164506754e+00
2.655712558666858403e+00
2.429488414052786815e+00
2.757840540767152238e+00
2.333541492735087264e+00
2.600382481050026229e+00
2.793284722532256126e+00
3.053846104913995330e+00
2.733877796127231363e+00
2.314359011312391523e+00
2.939066728093080005e+00
2.906391629365188134e+00
2.545157766830208779e+00
2.347514667930105325e+00
3.039653580557656110e+00
2.643296665361123843e+00
2.738072640841363814e+00
2.619168167746360965e+00
2.406523345167053130e+00
2.671613375791296097e+00
2.602908223332107696e+00
2.622798256004797768e+00
2.823787281731045873e+00
2.711068595251620028e+00
2.658181585875972530e+00
2.396249917310403710e+00
2.918013273784103578e+00
2.653233170409019959e+00
2.029833022068711745e+00
2.539095383644486503e+00
2.449480758265831337e+00
2.733611073896814680e+00
2.611280509193805166e+00
2.308520919826989370e+00
2.905278624071982119e+00
2.471928393457758055e+00
2.472722898868457087e+00
2.319490646398249645e+00
1.990920461439080968e+00
2.435226844211937802e+00
2.360514434210602364e+00
2.934109696546840063e+00
2.396972008756589112e+00
2.158641951069093956e+00
2.934724574362265859e+00
3.053624386440855432e+00
3.098435141353225397e+00
2.440358001588669445e+00
2.378729578496471930e+00
2.656672941709757652e+00
2.557320230915542947e+00
2.859008127818123857e+00
2.816228161762121651e+00
2.749306186109235384e+00
2.811926091216253809e+00
2.816087216108738023e+00
2.302568252218410993e+00
2.187376859571405152e+00
2.484573920651528933e+00
2.527277142680045330e+00
2.190433989637727397e+00
2.248625332718104275e+00
2.975457359542182711e+00
2.564788586757242417e+00
2.142035795456721736e+00
2.802326441099485699e+00
2.305251180444773063e+00
2.911943679949553498e+00
2.377020616774487394e+00
2.385632769339601111e+00
2.663090435049881854e+00
2.649803946893819262e+00
2.381525962532704987e+00
1.702048347898273750e+00
2.913006067781624520e+00
2.761351858042879748e+00
2.635243408158198797e+00
2.631296264183460742e+00
2.477851648485207114e+00
2.805612864790769656e+00
2.650014709952480008e+00
2.160540641443875032e+00
2.738451051724022367e+00
2.500951014468261402e+00
2.541121530023463304e+00
2.671237146267885443e+00
1.994590284294967208e+00
2.630072687082436467e+00
2.409553071438692129e+00
2.650798238142167307e+00
2.841958604042738479e+00
2.902004662279360492e+00
3.010006123043916570e+00
2.470568516008246451e+00
2.664610374270123927e+00
2.250737572532186537e+00
2.524147614651921501e+00
2.737347623733381141e+00
2.516357282477677426e+00
2.448247053504899018e+00
2.904403524612975573e+00
2.360741193094489265e+00
2.830914100783108900e+00
2.482234659588080206e+00
2.494949304937025936e+00
2.477022872520415309e+00
2.356962248831084850e+00
2.248834322292458054e+00
2.391759316210653630e+00
2.353537497048282745e+00
2.526845696025370458e+00
2.217363728592122385e+00
2.603467170765882077e+00
2.552691481797949358e+00
2.773599584562076004e+00
2.685771985384101335e+00
2.634584539675814518e+00
2.511178467560772454e+00
2.921064651261167988e+00
2.660618124177994481e+00
2.764194235014122203e+00
2.043592260297034002e+00
3.061144747299729740e+00
2.791760931818159541e+00
3.014939952350939922e+00
2.624372002227051581e+00
2.321491522596041968e+00
3.028715632440543093e+00
2.727136346296703096e+00
2.474171715231891611e+00
2.689098434576313146e+00
2.373953028095359574e+00
2.565568859949191260e+00
2.352557098460492213e+00
2.788595860722335118e+00
2.641921191201236141e+00
2.574215490555110897e+00
2.261658306377496874e+00
2.990089759741694220e+00
2.772124536131670425e+00
2.882779791442559691e+00
2.471214924042175021e+00
2.866559190199689855e+00
2.088885243410179893e+00
2.589609289138733672e+00
2.819074243393342449e+00
2.697190620321632704e+00
2.814585502352193735e+00
2.612522918337906397e+00
3.092161978862690841e+00
2.173160961369803523e+00
2.239897614400320425e+00
2.532496530788674427e+00
2.186356899379327867e+00
2.996081171819517053e+00
2.642677878941462666e+00
2.919264807150765861e+00
2.081075113524288867e+00
2.044717970122265527e+00
2.505732533167574605e+00
2.495436406548162456e+00
2.721896597538172813e+00
1.817618901322713088e+00
2.603378986914306470e+00
2.903707069868540103e+00
2.004416758393063436e+00
2.173360503497195229e+00
3.111153392918106331e+00
2.736760433144473481e+00
2.242247690932813509e+00
2.296707169010288929e+00
3.064618685550275945e+00
2.758125241898610192e+00
2.519702404994148104e+00
2.668652095957370740e+00
3.003518189883778167e+00
3.044285864895458715e+00
2.968629774407742339e+00
2.662860146132040029e+00
2.834236211070079836e+00
2.508298924759067461e+00
2.766227843719836432e+00
2.672691062324957567e+00
2.563421802430499330e+00
2.833574515314355668e+00
2.653096296010661437e+00
2.534822303619938211e+00
2.268847462913081259e+00
2.624434618193973279e+00
2.502623013325030676e+00
3.051453192293595240e+00
2.311149098095476084e+00
2.817447202537302520e+00
2.450547144807204702e+00
2.725729544864180287e+00
2.629447403179653975e+00
2.473652810541338454e+00
2.710699311120719379e+00
2.005064835092489783e+00
2.132295513460301439e+00
2.492710711566324733e+00
2.532515917631432689e+00
2.418879439033573497e+00
2.673079376355075976e+00
2.616540387292622505e+00
2.803255674180350265e+00
2.454466312441017983e+00
2.301483502514250823e+00
2.935808880536608712e+00
2.731309743559443337e+00
2.175993688364188827e+00
2.452998627939718901e+00
2.659626362425735024e+00
2.420562741394259643e+00
2.826111791307484022e+00
2.086505503870980327e+00
2.261679134605013797e+00
3.022720185977415319e+00
2.812832085017074490e+00
2.045009153107704591e+00
2.909630809044151611e+00
2.648128728031122314e+00
2.654404820683934574e+00
2.640238223866340661e+00
2.714674788963294727e+00
2.950053524035830321e+00
2.881241027639608987e+00
3.041632666511826066e+00
2.528769810626118275e+00
2.889244213388873384e+00
1.904990159019937623e+00
2.493465673641566127e+00
2.491953913275561483e+00
2.364930590916210829e+00
2.728944912703423764e+00
2.282395827165877744e+00
2.680379418610220998e+00
2.390028661946880018e+00
2.448003671620602617e+00
2.532902748619777711e+00
2.719820719456408131e+00
2.631833184200849995e+00
3.037270029761065970e+00
2.440306540079411945e+00
2.307761846617168544e+00
2.909941784310577706e+00
2.413966177907566291e+00
2.485992585533935539e+00
2.411173850272550379e+00
2.830868780582691091e+00
2.840951195429150644e+00
2.475654405329251517e+00
2.630508496197680568e+00
2.241813741714539177e+00
2.907395363417639267e+00
2.152248184504326645e+00
3.062020501026367914e+00
2.525606485163369275e+00
2.901764393135874975e+00
2.938030335347924904e+00
2.171603151220844019e+00
2.590635442947827993e+00
2.636222845200227205e+00
2.760209125301099409e+00
2.270580816179054384e+00
2.383091311658494860e+00
2.405949636295072747e+00
2.306911884469639240e+00
2.249185662784496387e+00
2.929432526090272049e+00
2.839097900653900997e+00
2.315464031006598145e+00
2.959003267706485474e+00
3.072985795484978855e+00
2.316600284328626191e+00
2.906105808701597848e+00
3.059241540463932374e+00
2.094630929730248781e+00
2.770596611023821154e+00
2.147446640967665132e+00
2.567439896118441478e+00
2.070268448361808566e+00
2.017126581672438856e+00
2.503681062673071001e+00
2.591979866688652212e+00
2.658422319020133706e+00
2.818959856306544332e+00
3.033460411487952424e+00
3.048416635940811137e+00
2.782433777033276989e+00
2.281722542446012802e+00
3.037028233024542612e+00
2.721905274526880802e+00
3.032119248629655317e+00
2.656654367309388753e+00
2.833324055767227456e+00
2.666874893168911242e+00
2.496060529777629711e+00
2.472196804224705335e+00
2.731019108816941987e+00
2.875061591371508296e+00
2.735575716315992612e+00
2.507027118845600366e+00
2.221523990235587220e+00
2.754002260039984940e+00
2.300244928225414931e+00
2.150604537789743365e+00
2.523489582175034052e+00
2.143195781465158767e+00
2.652515939116085519e+00
2.621118644971822675e+00
2.722191657282147847e+00
2.645988018876184622e+00
2.148857391834927633e+00
2.857242438492774372e+00
1.737464611053565422e+00
2.470209301436025573e+00
2.153499922843190362e+00
2.328023658122184703e+00
2.578713853080480067e+00
2.833713396976882848e+00
2.808615977495132032e+00
2.203465263103364435e+00
2.592780783929397703e+00
2.804030091812927949e+00
2.559746647318304369e+00
2.285376152040786479e+00
2.884440468021728599e+00
3.046227797816342342e+00
2.969975594591429680e+00
2.726974228157587721e+00
2.451940368078297183e+00
2.847409965876034565e+00
2.607768829678838607e+00
2.650900721382724257e+00
2.961784723924436147e+00
2.459771998712591667e+00
2.954466255564665467e+00
1.972229540673637427e+00
2.436277125288300205e+00
2.503548645015955199e+00
2.551143732172934886e+00
2.643470670536261391e+00
2.695229628294635749e+00
1.894225158211029880e+00
2.294298302349005780e+00
2.099380676298491899e+00
2.436152155750047399e+00
2.905681792628268312e+00
1.883551549368531752e+00
2.648615752216811003e+00
2.386315751752028369e+00
2.724511962376805485e+00
2.615010696890894604e+00
2.540598329737156824e+00
3.000989547316829764e+00
2.470507625673465490e+00
2.215411931187901473e+00
2.544161000006225581e+00
2.481150613816315964e+00
2.708596565460657413e+00
2.939563119342393005e+00
2.750253474092877681e+00
2.389460032325522842e+00
2.180406356022448477e+00
2.750411074124228250e+00
2.649890515132091284e+00
2.305159940524159179e+00
2.806724566482488026e+00
2.364460435090431467e+00
2.515946019764159658e+00
2.954186176764180605e+00
2.155088051813471850e+00
2.511313713079808885e+00
2.747468653965816632e+00
2.936854549189896524e+00
2.094068845374138732e+00
2.847413622386179455e+00
2.558098355585836980e+00
2.770688872725517005e+00
3.073598409333142101e+00
2.239999006864129782e+00
2.579481406452653225e+00
2.140549300726413584e+00
2.504881165598949799e+00
2.879243619648234276e+00
2.722808326929096356e+00
2.855884907696566444e+00
2.699947717149469462e+00
2.243884184680836835e+00
2.850119850333398652e+00
2.055096257535865334e+00
2.437931392169768507e+00
2.969402101156764839e+00
2.644853936128462202e+00
2.371700363769777553e+00
2.622094909131233997e+00
2.543938599338695372e+00
2.449963218769116935e+00
2.545799898172523612e+00
2.843870840779422871e+00
2.825998152217342518e+00
2.192252851134404601e+00
2.412867210222602310e+00
3.017816763600028374e+00
2.131129123047730722e+00
2.188245146104448313e+00
2.339713800118556009e+00
2.811319426296884139e+00
2.502413564262554679e+00
2.781480377332802512e+00
2.894838539720773873e+00
2.620079896009203768e+00
1.974078824030194301e+00
2.484790825934872771e+00
2.211550772091187334e+00
1.945228250305394146e+00
2.680533290762192600e+00
2.796883778026296952e+00
2.252380183910094313e+00
2.980492751837592103e+00
2.584983063368142542e+00
2.837551449881321464e+00
2.997901486948467475e+00
2.696788715611421416e+00
1.984459841740660258e+00
2.724980621785050072e+00
2.414557986495315056e+00
2.615074972915044871e+00
2.485509852260997299e+00
2.693363982211746777e+00
2.141632836966332221e+00
2.366148305443522837e+00
2.772310351339189793e+00
2.801633562042880055e+00
2.672641612348344520e+00
2.750153430523232245e+00
2.961332904324288418e+00
2.789988760171269622e+00
2.235024312117388945e+00
2.502862671471409506e+00
2.378103490928967112e+00
2.830389824760777717e+00
2.081332665563848217e+00
2.006423316610367991e+00
2.487561472830697618e+00
2.726656445612309021e+00
2.978241937605446310e+00
2.931734662838598737e+00
2.751020548738163818e+00
2.759938284585579105e+00
2.690140300834213072e+00
2.639228792511817634e+00
2.726272552603534294e+00
2.475146743654579318e+00
2.206162631139156005e+00
2.434472600893045069e+00
2.803189148816252807e+00
2.064884403430017557e+00
2.587868924752761757e+00
2.231141208561352229e+00
2.884133451221710498e+00
2.299429322983653989e+00
2.616176281240283341e+00
2.141593709664141976e+00
2.798970142475385892e+00
2.598026587926787201e+00
2.060464746721149432e+00
2.577668083288478851e+00
2.826425149255464397e+00
2.970684930007218671e+00
2.645305408247216494e+00
2.841297317208702822e+00
2.624058245633332120e+00
2.692802582244668397e+00
2.463960358961473140e+00
2.405762784547982758e+00
2.503890843172879244e+00
2.480716969579356945e+00
2.517363962301104152e+00
2.636907561793062182e+00
2.943335306501726922e+00
2.227483359762206128e+00
2.757280216094632586e+00
2.601246512959951573e+00
2.438564713789600269e+00
2.558970130412228094e+00
2.742786729608495122e+00
2.561390249279980491e+00
2.518679231795191598e+00
2.159973069447783445e+00
2.721055077918924869e+00
2.858976249400620784e+00
2.359899844878874831e+00
2.970233244933014216e+00
2.438151276874650719e+00
2.929163029288843312e+00
2.901991203282312970e+00
2.783108620888237184e+00
2.215967057166440490e+00
2.838705550902707042e+00
2.466560504710316515e+00
2.605294144531479894e+00
3.048169036686864342e+00
2.253313672252442501e+00
2.815779619834588132e+00
2.830295847507224405e+00
2.798644096515541690e+00
2.722465198553764232e+00
2.718144803240571061e+00
2.828437248789872349e+00
2.580792939073350389e+00
2.725859681954927893e+00
2.921191004277222891e+00
2.491048074368941823e+00
2.309893425733865246e+00
2.800501278675830097e+00
2.336954623218486127e+00
2.175159298038946254e+00
2.581935863028084643e+00
2.799235564133287113e+00
2.525399593926594299e+00
2.545994047096401758e+00
2.186530136783673584e+00
2.959779310015256737e+00
2.328944383986057964e+00
2.484847563193215869e+00
2.822068502377332866e+00
2.837937568365409113e+00
2.641265292736033388e+00
2.100085211525116513e+00
2.953703039413106524e+00
2.507692638011299380e+00
2.627254031814627133e+00
2.913064387461692384e+00
2.582168581123706730e+00
2.853539044746644215e+00
2.319234351155146534e+00
1.962440007409382181e+00
2.372387467966258878e+00
2.602423282804830595e+00
2.528665245218808977e+00
2.082405546295362342e+00
2.871983135039137380e+00
2.770739725105983542e+00
2.832298855331444543e+00
2.454261297056587132e+00
2.392390277657291175e+00
2.856235044149825875e+00
2.461812075462756155e+00
2.470467888041723903e+00
2.686486399452879592e+00
2.727188885757545478e+00
2.611395992390382670e+00
2.814429094854516755e+00
1.953663127962280255e+00
2.403250648316687776e+00
2.554292884138632758e+00
2.428557928511263064e+00
2.612224625115604493e+00
2.631730960674424580e+00
3.020653864907624886e+00
2.805394051877534878e+00
2.154659907351035297e+00
2.792894507606865862e+00
2.639162300015716056e+00
2.639301197924639908e+00
2.145308271104631181e+00
2.573488632149899757e+00
1.888231844098419376e+00
2.334320121512135415e+00
2.952757184674452695e+00
2.378028669884461266e+00
2.580069254804509882e+00
2.771343080983179608e+00
2.346998558643991650e+00
2.314493786570784195e+00
2.782362885262799068e+00
3.004054046004577927e+00
2.400691674163670797e+00
2.619424666556521508e+00
2.425240642083127174e+00
2.725984616319935938e+00
2.961865288774418570e+00
2.361582015474412710e+00
2.923273170723110770e+00
2.665495700205684493e+00
2.175565910434166472e+00
2.565320871979297479e+00
2.352648291497862587e+00
2.856983450692399007e+00
2.370922147748310671e+00
2.838562168372151362e+00
2.239424152225125919e+00
2.613284309798936889e+00
2.599145651813406843e+00
2.093432976839132209e+00
3.003572194694537512e+00
2.962517669996313607e+00
2.744301934632515927e+00
2.691834860952022179e+00
2.603110612549471625e+00
2.109413357166512348e+00
2.333500705165833189e+00
2.746219265645057028e+00
1.770322102979922985e+00
2.793869163526289334e+00
2.270175439271870488e+00
2.693298316578053075e+00
2.570103811429630625e+00
2.514568328123177210e+00
2.494858801027531214e+00
2.651422901493806883e+00
2.971808524960684483e+00
2.609594798603758647e+00
2.475294609613833519e+00
2.070933205038757663e+00
2.374628469291098387e+00
2.658669173813641429e+00
2.709871660408111893e+00
2.629937342004687650e+00
2.398935472487324638e+00
2.608720491698378385e+00
2.904007185265297775e+00
2.474324397519908736e+00
2.994988241509527249e+00
2.367622498729700542e+00
2.309327021355723542e+00
2.651908731831329469e+00
2.235200357816971461e+00
2.459066789300764277e+00
2.251493154430858290e+00
2.786887789567547014e+00
2.247604378214172360e+00
2.568013015184983150e+00
2.496401897760104571e+00
2.461946124782129708e+00
2.224295378255066069e+00
2.542085596359593858e+00
2.568880578342075172e+00
2.583977973636582437e+00
2.717263143050119734e+00
2.112155659705702071e+00
2.624335041470464702e+00
2.591860800278690036e+00
2.411007016219703480e+00
2.521611759623562321e+00
2.754688377301899749e+00
2.556692903343080747e+00
2.722488121344200263e+00
1.860841336878670704e+00
2.366824817561690608e+00
2.795143248507516720e+00
2.759494550210012775e+00
2.846332894576733441e+00
2.803822897406557324e+00
2.601288510078546778e+00
2.576758307799952519e+00
2.944501335130871311e+00
2.769329014366906705e+00
2.945061155736372616e+00
2.088871032292156649e+00
2.003140160600271891e+00
2.409659337389251643e+00
2.790320369141282342e+00
2.888954991554550933e+00
2.599862808052045615e+00
2.386986051010633325e+00
2.843045126528994437e+00
2.212848320478784547e+00
2.456152324311997148e+00
1.677041950293351569e+00
2.618692821661586123e+00
2.748748088427857450e+00
2.762373479385233477e+00
2.542342464335574093e+00
2.958399664167008503e+00
2.092571339563818800e+00
2.436104415658201905e+00
2.139381805518444146e+00
2.525775613949734932e+00
2.277034386979492009e+00
2.980630642722761348e+00
2.706867390358457026e+00
2.373044482544493405e+00
2.716769269256411157e+00
2.389769684774208702e+00
2.719588902872578373e+00
2.234510365744125870e+00
2.807413919319242446e+00
2.837663843434916622e+00
2.147900804719396817e+00
2.315705238385677767e+00
2.461231016963315366e+00
2.256849293669854983e+00
2.406698516924461462e+00
2.592538657693157944e+00
2.926215097391378972e+00
2.192325961532957557e+00
2.351782432730854300e+00
2.823018304468446260e+00
2.186740124064611823e+00
2.166325211688545860e+00
2.495647207945352886e+00
2.363283398509983257e+00
2.384015287697384800e+00
2.522202157217941831e+00
2.897666783648333855e+00
2.351698970272895650e+00
2.462775240426484658e+00
2.633029739869098940e+00
2.326342677506268330e+00
2.718004965558786346e+00
2.715541702686245618e+00
2.583961890125122896e+00
2.979261173086394709e+00
2.457495280347089750e+00
2.798390820471971630e+00
2.793781925434394520e+00
2.866828979040174197e+00
2.819051050959063609e+00
2.781255967531950812e+00
2.370010065869999405e+00
2.177884589339221577e+00
2.355173020486096114e+00
2.592681180813135811e+00
2.911689585952968784e+00
2.828087333804033765e+00
2.440938074040439165e+00
2.601245392716266647e+00
2.570598355177263095e+00
2.668231349926895035e+00
2.505500194409613801e+00
2.806475696610780446e+00
2.972317792310403828e+00
2.712450160189652237e+00
2.691098695410137243e+00
2.564230966166372916e+00
2.542815715705176949e+00
1.888985266002091823e+00
2.299915366240278924e+00
2.961208113982156220e+00
2.326906899911505455e+00
2.279686854025121168e+00
2.526995279165476838e+00
2.370853163144722942e+00
2.407114479018615860e+00
2.895939761185186256e+00
2.439025556770386682e+00
2.691075653039492366e+00
2.637951035047144011e+00
2.590672564099581798e+00
1.879075881305699580e+00
2.441196207081041347e+00
2.702435289957755948e+00
2.927084826094909609e+00
1.954993524330660204e+00
2.105024129968923852e+00
2.343522665751181844e+00
2.690216654934450169e+00
2.314083511295939921e+00
3.071327149772091758e+00
1.831210699316477397e+00
2.607777591127354633e+00
2.477631582351023987e+00
2.615084471198350080e+00
2.520242009359446644e+00
2.220231933612947017e+00
2.593431693481953459e+00
2.918280629468244847e+00
3.058634730541462510e+00
2.409795980055405185e+00
2.221708496193872229e+00
2.430160713101771730e+00
2.290554027064704901e+00
2.393418571774687642e+00
2.610874321191801961e+00
2.448994124580762488e+00
2.590508356253717004e+00
2.313636279451569688e+00
3.013491031824112820e+00
2.295278101904700829e+00
2.676201792454253603e+00
2.086395538585902543e+00
2.628692401783046861e+00
2.869868222694742510e+00
2.518242349037520533e+00
2.744061009178186072e+00
2.815860335772512268e+00
2.830246251062742857e+00
2.846323530277399261e+00
2.388990011521710422e+00
2.595607536038578633e+00
2.297414958766793358e+00
2.085956912420324549e+00
2.516275164046443358e+00
2.733322680811257399e+00
2.890139243761723709e+00
2.796293038763836503e+00
2.779295599272274764e+00
2.732444659947612209e+00
2.739038113790185136e+00
2.617467534767807802e+00
2.171486814376041519e+00
2.628264264055227173e+00
2.528003417539944842e+00
2.505674653432231391e+00
2.799814482762502443e+00
2.691589943627788806e+00
2.252179841811164263e+00
2.416237931582213783e+00
2.504558965801309878e+00
1.921648387838497340e+00
2.659439701017439983e+00
2.462724854134915375e+00
2.904742183811843681e+00
3.040350397723727394e+00
2.434863625258133268e+00
3.014791753108951866e+00
2.766447238994805602e+00
2.678596376785185917e+00
2.870345333722034820e+00
2.431984901850737124e+00
2.380556332452627988e+00
2.594677502783799383e+00
2.832184655004128082e+00
2.746889877940347002e+00
2.411185210351227237e+00
2.836264364931602167e+00
2.809567176436474245e+00
2.302953917156201236e+00
2.643020014618341573e+00
2.976716854862722528e+00
1.985986073038447985e+00
2.300503656279048847e+00
2.658083870450610675e+00
2.306948177130367483e+00
2.699607789263054336e+00
2.755673319529228671e+00
2.846617700030221521e+00
2.694847396567030984e+00
2.309360508624853647e+00
2.695943935274746295e+00
2.323561858707182015e+00
1.996500273379267165e+00
2.313418597450347836e+00
1.841786774289288386e+00
2.326145212335076096e+00
2.504577406085699121e+00
2.888498145588394017e+00
3.003833717477268905e+00
2.858247930561005568e+00
3.031860792360249857e+00
2.511001231581834414e+00
1.906674774695340746e+00
2.473988208359712448e+00
2.636294205983764627e+00
2.700216716525196681e+00
2.668827026011636239e+00
2.879331384725207776e+00
2.792884861008756658e+00
2.747623931476780079e+00
2.995170556500723169e+00
2.540080925012656365e+00
2.561951390749626523e+00
3.066975413794677863e+00
2.379401709515406083e+00
2.591239157051833164e+00
2.168617586467461056e+00
2.748591231105151689e+00
2.890760414993837291e+00
2.902124751298528427e+00
2.553867851706677961e+00
2.473500958075483869e+00
2.279241469368392448e+00
2.688455949121415944e+00
2.421947738322015375e+00
2.628294882465990412e+00
2.682823075199434193e+00
2.801434468954179913e+00
2.823196247188368257e+00
2.761213541245460590e+00
2.960957352184839575e+00
2.340713358885877504e+00
2.383106050430974676e+00
2.864196906371276885e+00
2.063995952630407693e+00
2.691742756620220778e+00
2.776381176221796920e+00
2.478302234883810851e+00
2.791941443712688375e+00
1.905436945996350717e+00
2.442393731659033396e+00
2.185723635430705247e+00
2.693234597341122694e+00
2.884953474976533538e+00
2.517764295797980001e+00
2.201108447086514097e+00
2.860509194640249664e+00
2.567011365040086091e+00
2.703670491395187447e+00
2.775603110111271921e+00
1.995582763518885194e+00
2.408597192214799954e+00
2.886764808609184829e+00
3.077818281131354361e+00
2.893076185001670186e+00
2.797511352666904649e+00
2.688883166226919030e+00
2.087911201374147208e+00
2.604224003986757019e+00
2.627252364048833666e+00
2.369134868008725192e+00
2.691300117565229577e+00
2.666526496062781248e+00
2.556198584649641337e+00
3.007387904984645921e+00
2.137107595002782467e+00
2.673794427543702668e+00
2.823567600481567297e+00
2.078793616342831996e+00
2.861617091111788191e+00
2.673966594805888608e+00
2.936980277387875482e+00
2.433621515894360599e+00
2.461795810029476783e+00
2.464036396649607497e+00
2.673278726162538366e+00
2.766129759277085487e+00
2.585388301292587343e+00
2.300717811888747022e+00
2.885763262382301964e+00
3.056302035553829288e+00
2.501122451703050142e+00
2.204659531616210089e+00
2.579705818013105834e+00
2.656340944114838010e+00
2.203117936186925085e+00
2.109277754155504336e+00
2.372054405958824663e+00
2.617410712237433046e+00
1.869176859178597105e+00
2.685151490289530152e+00
2.578533443598050923e+00
2.391631492570497564e+00
2.870921906020317049e+00
2.754013654447864834e+00
2.108860451558099314e+00
2.937607520268508576e+00
3.051853215034443512e+00
2.332235773589109495e+00
2.808084549179848288e+00
1.895759464580616172e+00
2.542425552435524594e+00
2.660464281492825656e+00
2.389938874332856678e+00
2.958573977140705580e+00
2.447256639347525020e+00
2.426746783509801553e+00
2.865357570693655820e+00
2.317033212707221956e+00
2.522640570748421851e+00
2.748146858671976833e+00
2.841685926005999008e+00
2.172484139349509569e+00
2.941769283071901775e+00
2.574402223418591262e+00
2.395687228767967358e+00
3.045993801428186654e+00
2.346641647956813959e+00
2.168255364854271505e+00
2.822280015510786555e+00
2.457468041659293778e+00
2.507084178224047832e+00
2.773669190598562651e+00
2.682817659818906186e+00
2.471596582183447133e+00
2.659033823601674396e+00
2.774780427077452316e+00
2.305241687414016472e+00
2.789260776731112834e+00
2.848602800196184059e+00
2.781148920654031631e+00
2.462877738252012616e+00
2.415423117973514167e+00
2.770309057198892422e+00
2.400139731785188246e+00
2.351387427994698243e+00
2.585417822379110220e+00
2.607937344337735830e+00
2.241285873375818305e+00
2.882135598060888704e+00
2.266784218988139088e+00
2.796986008911938271e+00
2.656316152139369446e+00
2.657061101624619504e+00
2.849791171985159188e+00
2.853730344847265954e+00
2.880479459351292792e+00
2.596956551067930441e+00
2.562110335961120366e+00
2.495604179010742385e+00
2.709229413461083258e+00
2.230950221629609764e+00
2.784039715323137543e+00
2.537726676854870966e+00
2.594024839943666727e+00
2.687102585948581535e+00
2.529089676474036708e+00
2.556037314275494854e+00
2.531471281683349783e+00
3.006934103710612316e+00
2.655062894603827939e+00
2.274045297755288075e+00
1.977280396854931732e+00
2.082144005594471103e+00
2.686479744504595590e+00
2.249140641883133895e+00
2.217624739327172634e+00
2.673546409640461530e+00
2.999713540665285283e+00
2.826199796577389733e+00
2.374751471865171215e+00
2.341085118687825428e+00
2.266805358786324387e+00
2.217563747637977034e+00
2.700242810765970169e+00
2.629211555549866297e+00
2.796620691461591868e+00
2.368377474119576220e+00
2.360117348024419304e+00
2.826322411218891162e+00
2.446551190347977300e+00
2.252880090047453265e+00
2.452405110395621257e+00
2.465770504965880683e+00
2.610190539504761986e+00
2.740411005583288873e+00
2.688938445866955629e+00
2.616083228165824170e+00
2.155982792847801477e+00
2.779380189353750197e+00
2.723807591030695807e+00
2.355793507127557973e+00
2.435882078555424712e+00
2.916141762209840671e+00
2.346474083675268663e+00
2.562367049541691255e+00
2.698126391462328133e+00
2.781359708973780265e+00
2.529502722044913554e+00
2.695382604582120312e+00
2.971263693157277785e+00
2.846773794428275828e+00
2.340391571931871528e+00
2.407755288179221687e+00
2.522324808741128521e+00
2.777594665436044608e+00
3.075075716611915588e+00
2.434374825252103580e+00
2.431491982442247846e+00
2.632437443016258705e+00
3.023190190698667124e+00
2.246983675890930066e+00
2.522430792658282073e+00
2.397170179753957076e+00
2.456755320207113069e+00
2.248703670285174816e+00
2.415800262518683628e+00
2.751208720700665911e+00
2.156269167467141923e+00
2.743790479451138520e+00
2.922050251294121992e+00
3.013999886194725253e+00
2.784364737805760548e+00
2.297386897454209986e+00
2.553382472575776330e+00
2.204042719581472021e+00
2.946600479888116908e+00
2.346332565862403463e+00
2.924610637521000367e+00
2.516226524583556667e+00
2.285255290920622073e+00
2.870397335000538064e+00
2.524405820551320900e+00
2.609372786942600442e+00
2.811119274532178913e+00
2.740593210334390406e+00
2.283460078438531493e+00
2.439165969784157895e+00
2.155447320376779885e+00
2.500544427323743601e+00
2.465268297407662068e+00
2.547189002761325760e+00
2.247590673229875158e+00
2.725046281075821142e+00
2.781094041854847099e+00
2.194754080255512108e+00
2.566544356013078065e+00
2.775613062919706664e+00
2.823004874691786181e+00
2.866809634886676950e+00
2.551650881983194452e+00
2.214022913544021254e+00
2.485200752762288801e+00
2.735891183342796573e+00
2.470088995087824202e+00
2.425530961819154285e+00
2.708515605392641135e+00
2.375998855285570865e+00
3.111409109052682531e+00
2.987644709987887115e+00
2.752853489624233596e+00
2.391493899260308531e+00
2.997233610734464371e+00
2.548382485406104792e+00
2.600981398211073881e+00
2.651771613024486385e+00
2.303254257222004053e+00
2.537699636755233801e+00
2.907803276938504045e+00
2.935528931906282502e+00
2.852073830739555671e+00
2.361067206817609954e+00
2.914540834490040755e+00
2.185379556646735111e+00
2.640826113329554303e+00
2.716789890493697790e+00
2.839407351626011877e+00
2.911799852220125828e+00
2.223534795380018192e+00
2.673983260690382391e+00
2.956054605783094313e+00
2.560064083311011096e+00
3.085533988190060306e+00
2.990697353192711461e+00
2.700062267740300559e+00
2.850354920740353570e+00
2.882695695049011242e+00
2.732328042710129079e+00
2.416722416005979035e+00
2.200652593881656571e+00
2.589971812019189024e+00
2.770765511587283569e+00
2.151540265150451603e+00
2.204904207155311990e+00
2.719428616101306595e+00
1.960742323914592022e+00
2.637445639048691337e+00
2.491529688887861749e+00
2.496690094428416273e+00
2.245821177897597831e+00
2.300308464576097389e+00
2.465740961413630750e+00
2.300693845671352822e+00
2.138002548267724734e+00
3.035705933242977217e+00
2.280083889009395737e+00
1.992809811088145144e+00
2.794228644727785316e+00
2.469727808404248659e+00
2.808098911347772120e+00
2.685482568870788178e+00
2.476220607519180827e+00
2.827123430847431784e+00
2.689026041165846426e+00
2.217201650477182984e+00
2.642185364150269056e+00
2.511090097173624969e+00
2.110450064956473248e+00
2.204838042021993516e+00
3.040007458244178284e+00
3.049297203597063799e+00
2.823094915647674785e+00
2.891640417798946316e+00
2.719320146405646899e+00
1.954141726210065100e+00
2.272355893073554345e+00
2.604202329631043700e+00
2.796652517887222356e+00
2.844289697237698977e+00
1.879970570885843406e+00
2.744061850088965748e+00
3.026455650915718110e+00
2.466078154679702372e+00
2.453965739747367980e+00
2.756821097364575035e+00
2.678102650288376907e+00
3.021468710387126944e+00
2.684178536913317092e+00
2.006289651743827562e+00
2.622000197602156302e+00
2.355339068145264836e+00
2.358112511874357331e+00
2.106062689625159301e+00
2.556899017694667542e+00
3.070445081882265725e+00
2.324883839890675929e+00
2.049267230362968206e+00
1.912053991348108273e+00
2.476483488973078906e+00
2.911420519433745913e+00
2.548147373058132992e+00
2.288984650382996477e+00
2.797280693478921165e+00
2.832309630897299257e+00
2.703713472623304082e+00
2.618515956827755620e+00
1.883435823883882421e+00
2.826257664605930309e+00
2.930801185173594892e+00
2.516310503494074258e+00
2.430857384929312470e+00
2.566334751504069533e+00
2.389713531958102877e+00
2.197295711853632483e+00
2.955687142976533455e+00
2.119784635088714619e+00
2.666286534443347733e+00
2.899551009557944425e+00
2.641064100821060023e+00
2.196147439117714484e+00
2.088127836549561245e+00
2.001469262141780447e+00
2.642584428939873664e+00
2.742690466147301276e+00
2.104209681030097201e+00
2.127604902652167063e+00
2.284268440921648491e+00
2.668091061288692778e+00
2.525522216209477477e+00
2.810300458046585792e+00
2.230644326549928724e+00
2.168409365772917763e+00
2.220953007887163100e+00
1.808014089313950468e+00
2.728739093175460706e+00
2.701743157711541166e+00
2.901595365204145516e+00
2.279396808658428419e+00
2.338545005755810813e+00
3.055440310673442017e+00
2.686097455834463688e+00
2.596470373760532357e+00
2.693328774719608631e+00
2.345532295435911241e+00
2.544225220390666120e+00
2.883628464635314970e+00
3.063900180963843756e+00
2.429675030770670041e+00
2.963217955031737461e+00
2.986767584913453621e+00
2.583603953336292669e+00
2.495060891469934816e+00
2.376620176256976968e+00
2.737898758982423075e+00
2.930392931448239757e+00
2.911189121722729922e+00
2.414523057140223639e+00
2.408730748747912376e+00
2.963173734848860708e+00
2.162453898888790249e+00
2.646111244044620392e+00
2.591398683395832681e+00
2.887376783702762850e+00
2.161775439519396880e+00
3.008522104839953748e+00
2.422255928850363560e+00
2.855774720213815954e+00
2.596157395876356855e+00
2.723136732277743999e+00
2.970482888418600087e+00
3.036173946231924603e+00
2.261207670191678787e+00
3.038609547297328906e+00
2.624774460806472032e+00
2.700540671252959157e+00
2.210160763185454513e+00
2.447903129847686099e+00
2.408810060326120439e+00
2.688900117045490479e+00
2.303590448036590299e+00
2.727709975180964364e+00
2.857680671697254038e+00
3.002821718881165225e+00
2.457464294518356240e+00
2.514601535789111164e+00
1.975927246683321092e+00
3.066758063382472699e+00
2.632715897865715249e+00
2.441275247867730869e+00
2.598302893555953119e+00
2.635951947145942498e+00
2.377238482493662541e+00
2.763271362424637001e+00
2.184775178479446467e+00
2.511453989710103585e+00
2.763044503055542833e+00
2.938898724295136322e+00
2.142357413219314832e+00
2.448236390816142638e+00
2.220542453436757491e+00
2.587029815209012984e+00
2.312440188430335830e+00
2.516977490557803510e+00
2.924848400815822203e+00
2.345246828920188431e+00
2.886708640064518328e+00
2.589488301090518974e+00
2.849229914026318422e+00
2.424538870406641955e+00
2.379292895562350907e+00
2.484615585558716866e+00
2.486640819428417082e+00
2.674491085490465547e+00
2.583045173191069743e+00
3.068913694582575680e+00
2.257681060047529886e+00
2.756494483749434288e+00
1.878789642925749126e+00
2.675201300298389206e+00
2.950108648621271534e+00
2.512754796113274569e+00
2.653288605564500635e+00
2.033368320706611776e+00
2.832119098646317390e+00
2.842240548223317287e+00
2.106725005002775930e+00
2.479875665704910581e+00
2.979263145591387385e+00
2.786353336125291680e+00
2.097506289253673550e+00
2.739883649468443760e+00
2.277441342871743490e+00
2.158147222238845586e+00
2.534125950463000709e+00
2.658262073455145202e+00
2.700883682345875059e+00
2.748502023583237364e+00
1.945307661271322708e+00
1.874414345752669853e+00
2.847620618415491744e+00
2.668716610030452241e+00
2.863125048659413530e+00
2.732735503858676473e+00
2.915517003036997679e+00
2.066307356949266705e+00
2.471183905924582369e+00
2.594166192502119550e+00
2.463478499456366322e+00
2.692631027713005221e+00
2.723449991543039683e+00
2.614513173265029522e+00
2.260510996352778967e+00
2.487295856348315404e+00
2.441505799932052856e+00
3.019838636940750831e+00
2.931310567281243618e+00
2.997907952206818383e+00
2.951994342809560745e+00
2.515126412924341803e+00
2.510937777668989845e+00
2.847273490517528760e+00
2.786349223334032121e+00
2.996563272567103198e+00
2.379931111730956061e+00
2.536566968540918232e+00
2.837520275846303175e+00
2.601885891326467082e+00
2.486791084894573345e+00
2.743305983466862052e+00
2.846494451396956560e+00
2.415935681106005539e+00
2.624156967682872654e+00
2.422805466912008043e+00
2.584870588612394382e+00
3.011269864013027764e+00
2.658435973177187162e+00
2.348136783839109842e+00
2.392176436002689144e+00
2.508912334182182846e+00
2.796039156281305615e+00
2.459194066741400064e+00
2.725564007303856506e+00
2.704465133816686961e+00
2.939533237221764850e+00
3.000510817072597369e+00
2.591521982218856657e+00
2.645254455731336662e+00
2.977379902451774640e+00
2.259558292687099623e+00
2.059063183271815589e+00
2.787998246192775031e+00
2.171576144488113869e+00
2.786140367033732357e+00
2.764146379878742898e+00
2.315771196106477969e+00
2.694227088428466477e+00
2.213045435262451566e+00
2.583877230703909511e+00
2.370664568955674234e+00
2.457580706519651770e+00
2.537974077036541765e+00
2.419021705219821960e+00
2.397097045137611460e+00
2.973938369508539292e+00
2.869414625090959792e+00
2.617184148231396446e+00
2.831990799442976936e+00
2.253835484351335960e+00
2.430985749984989397e+00
2.790221756108681728e+00
2.665170893874638125e+00
2.395983566164261003e+00
2.540563435534468617e+00
2.722183025696708558e+00
2.485941719056246502e+00
2.651841668641483629e+00
3.086111177575045161e+00
2.972727671914245917e+00
2.547690665702364576e+00
2.275823786566743667e+00
2.208234480484412732e+00
2.345106240001879172e+00
2.747698675173219307e+00
2.975665570458647213e+00
2.718115202656150142e+00
2.955448749048100954e+00
2.805167745324538497e+00
2.845288034332554616e+00
2.870858968882349149e+00
2.473652645912712167e+00
2.092091814150406126e+00
2.608222726832592819e+00
2.464383763773494884e+00
2.822045956690195645e+00
2.993248356582539849e+00
2.577724752625511595e+00
2.516947016894656830e+00
3.077650079101102332e+00
2.229908601509162036e+00
2.922274943899750177e+00
2.693591893098238099e+00
2.334365619583921969e+00
2.847130889523045827e+00
2.554859512026848023e+00
2.628426914465032294e+00
2.651066616831265321e+00
2.642467231644520798e+00
2.979771621183467722e+00
2.435687264931257534e+00
2.120146164358573948e+00
2.873038833696269556e+00
2.779821358797894604e+00
2.619876692745508606e+00
2.259541757763203762e+00
2.583369966265559370e+00
2.006715756545571772e+00
2.811221020737831200e+00
2.357777397417648135e+00
2.620010686789953080e+00
1.978310585205499850e+00
2.512566187130628848e+00
2.395495837759986646e+00
2.171843830875150427e+00
2.221974134061598605e+00
2.544432464476269917e+00
2.797963089231929601e+00
2.706728641709884364e+00
2.340574640252572003e+00
2.861350813588043884e+00
2.377394253084177400e+00
2.805547408267608844e+00
1.948061029871157368e+00
2.511679134343799191e+00
2.932653976298873477e+00
2.731073883585651618e+00
2.172654983801490136e+00
2.099080919332805273e+00
3.085968087466069321e+00
2.909806865977764723e+00
2.554297710939889221e+00
2.650570143827585490e+00
2.249672450978601024e+00
2.373212652191036831e+00
2.376768891936896555e+00
2.705905638675169644e+00
2.408541284479742473e+00
2.400245715374871303e+00
2.878661192247932377e+00
2.918166571339612769e+00
2.999502550414936408e+00
2.711436962062430123e+00
2.278980578215610286e+00
2.503193338690948178e+00
3.030924278995318133e+00
2.428120966764905297e+00
2.461267809424824815e+00
2.602799771558566011e+00
2.878059838292925221e+00
2.840180386155533476e+00
2.566199482863719794e+00
2.850524746139525778e+00
2.594188968200610290e+00
2.683460991126013440e+00
2.743414984293118586e+00
2.281899191883658418e+00
3.119559716989364517e+00
2.551679046709819598e+00
2.246837421803546953e+00
2.433527342544597794e+00
2.687543415696957982e+00
2.924626717997747871e+00
2.000109011580700979e+00
2.787448777643488640e+00
2.514107392126873286e+00
2.259119240527666772e+00
2.941551103372258336e+00
2.452658356601317369e+00
2.414787010221292718e+00
1.906360422107877817e+00
1.853632905153411281e+00
2.737210526653103049e+00
2.965656313118733678e+00
2.293140673225996906e+00
2.770541772688760673e+00
2.645943767596807383e+00
2.513110084906247987e+00
2.650735416977799908e+00
2.680996234181292515e+00
2.412469630429754375e+00
2.859183287830396658e+00
2.241505384008779078e+00
2.475808803416809312e+00
2.226124848291280323e+00
2.426113885087783473e+00
2.040107807552122843e+00
2.846511354912994562e+00
2.681313550925159106e+00
2.310398119704987874e+00
2.766126380514376315e+00
2.599819581391613177e+00
2.355049351828343518e+00
2.014416294960950538e+00
2.947974087459833026e+00
2.250445142734722737e+00
2.315372112345785105e+00
2.673085639155301507e+00
2.691068413556735983e+00
2.733135473205748678e+00
2.730087157730581193e+00
2.597567986623499525e+00
2.459459529844737702e+00
2.825097351942894353e+00
3.075996010533452285e+00
2.603882787943512689e+00
2.717098743189222620e+00
2.958560289502392138e+00
2.946117837697033615e+00
2.460080155284254388e+00
2.746713402803504067e+00
2.459740158144991362e+00
2.900678745337805786e+00
2.640707746996473482e+00
2.748161177774062214e+00
2.286498285239523476e+00
2.196758329714289193e+00
2.496016180762005376e+00
2.797668405234669198e+00
2.156082160571496154e+00
2.667420634261012058e+00
3.037432519981846823e+00
2.534553655598358102e+00
2.382342281098412062e+00
2.470585874941919613e+00
2.309227031998763557e+00
2.892435637449851882e+00
1.977950497784953798e+00
2.719002957398561904e+00
1.967998216119956734e+00
2.031270881802059058e+00
2.066671041956164245e+00
2.121007551734735763e+00
2.731126088853759626e+00
2.486167560057450654e+00
2.980615572610564534e+00
2.827901160992585705e+00
2.413696811199457670e+00
2.588598100229041687e+00
2.081142359650210771e+00
2.626367204724055604e+00
2.113606887902661935e+00
2.737415931581058004e+00
2.919202097134297791e+00
2.503391967196919143e+00
2.494839397672294901e+00
2.629108037294989764e+00
2.966272498030484872e+00
3.012250649567017380e+00
2.155140954343179871e+00
2.330389497292264078e+00
2.829462272714371007e+00
2.846576127246185806e+00
2.606863576227058665e+00
2.499098170686397058e+00
2.542635226495864931e+00
3.094659744716806049e+00
2.964669477552722476e+00
2.563399700558758987e+00
2.364709134974466664e+00
2.187222014063225917e+00
2.724587390965790501e+00
2.952149462513817380e+00
2.042909496487950172e+00
2.599137119107699956e+00
2.613312407112329705e+00
3.046214820246436528e+00
2.513352340081031588e+00
2.401277932622264633e+00
1.991654395429222735e+00
2.950642545520837157e+00
2.532802464142541510e+00
2.688197917192898245e+00
2.236677898051218971e+00
3.042901059793739371e+00
2.850301875194321433e+00
3.079839928131568705e+00
3.064764922710929707e+00
2.791150159375312079e+00
2.440483722076077999e+00
2.682307534537745397e+00
2.519793344330040430e+00
2.877044160474860224e+00
2.014886293720358434e+00
2.924277131524550821e+00
2.516670315731272645e+00
2.874214654822027093e+00
2.935913166503244742e+00
2.838553528513149793e+00
3.003549475203989072e+00
2.928792229005739767e+00
2.270555834012607299e+00
2.790524892999302509e+00
2.408025916479209716e+00
1.978165077843303310e+00
2.494576555617256552e+00
2.819366937640376047e+00
2.761597160887761859e+00
2.611887897939703329e+00
2.074709174335642281e+00
3.046854878949543544e+00
2.996158980500458924e+00
2.617356257950680387e+00
2.705590725029297428e+00
2.600162461792316027e+00
2.579280758135749974e+00
2.433700922695966717e+00
2.477285785630190418e+00
2.369959172865168551e+00
2.447539154695558494e+00
2.593909583575024769e+00
2.988127279988923135e+00
2.242993657597878165e+00
2.002429547417896138e+00
2.540946695928958832e+00
2.618508453445623552e+00
2.425389175042501844e+00
2.909657656544572202e+00
2.947398837626883150e+00
2.744731255068373343e+00
2.629541676518821536e+00
1.972997463440439025e+00
2.455464767960536143e+00
2.455473608024905552e+00
2.827827498404678952e+00
2.509534443682715832e+00
2.620987607850275847e+00
2.544117411326861422e+00
2.207509856404155091e+00
3.069880550314165291e+00
2.500946420966913664e+00
2.802120328646381164e+00
3.043731825177865780e+00
2.792193577658436343e+00
2.157285807968456037e+00
2.537505141832539834e+00
2.392071662848352709e+00
2.769089917590778160e+00
2.568826915528466426e+00
2.800677803608135008e+00
3.088077492529252233e+00
2.304263775030134465e+00
2.985891574558736661e+00
2.761133446895233767e+00
2.245152864765609380e+00
3.015003357204759205e+00
3.085732030722413644e+00
2.225706371377861092e+00
2.834679591547305311e+00
2.484849321162610813e+00
2.724497435499932951e+00
2.682809640218674296e+00
2.876652722967147913e+00
2.339897859014368642e+00
2.792251613522555687e+00
2.593912673346275621e+00
2.031128302871496594e+00
2.460651121258874863e+00
2.732744028861156416e+00
2.595633867226283975e+00
2.434695542493566567e+00
2.398175496107479265e+00
2.675362375082524835e+00
2.485512006045051514e+00
2.959447076055308212e+00
2.023182674555781269e+00
1.873093898598040985e+00
3.071022740782682448e+00
2.677554207181869650e+00
2.310086058437053502e+00
2.372832072310091966e+00
2.281740572161330416e+00
2.284770972258680644e+00
2.501247724661288974e+00
2.482559179545078543e+00
2.762118976228857381e+00
2.569405833146527041e+00
2.152087333325477303e+00
3.057763264876722342e+00
2.462687382864573671e+00
2.843512537283766406e+00
2.674677257998089086e+00
2.103185945804391110e+00
2.345300701534288379e+00
2.770711539260289236e+00
2.583230292387274751e+00
2.989864187543871399e+00
2.425847510568957865e+00
2.844161118024516544e+00
2.939252105392318182e+00
3.054695063462746774e+00
2.573067704939440592e+00
2.582564930940004722e+00
2.434556406823972452e+00
2.142364197785011193e+00
2.448920206501689290e+00
2.769921552838221501e+00
2.072663490644536033e+00
2.832010580802757360e+00
2.288449896443492282e+00
2.540778047074061519e+00
2.815865937259897755e+00
2.994105735612436536e+00
2.730451154255694846e+00
2.773476568288012700e+00
2.565176852516676487e+00
2.266725009868584717e+00
2.328310932143794698e+00
2.789426352220334859e+00
2.168893021890966999e+00
2.766159116202155488e+00
2.750553760453124497e+00
2.374922699712965546e+00
2.797600736345084549e+00
2.918038309786660900e+00
2.905101280777986794e+00
2.312786486713054313e+00
2.910872198485580320e+00
2.498694902360112824e+00
2.551468977095877388e+00
2.357096692345807654e+00
2.721634060021804746e+00
2.741516838794268107e+00
2.822111450113757858e+00
2.586426763693149944e+00
2.679312318625223011e+00
2.294393562283242982e+00
2.362657937750166415e+00
2.532117760673860296e+00
2.834373280494929759e+00
2.524122159464383675e+00
2.516924455710204622e+00
2.639307063019799227e+00
2.648096722121247470e+00
2.434602645697024226e+00
2.365489069232130426e+00
2.709491031412667894e+00
2.359449499094276703e+00
2.476637154213915171e+00
2.762163965818251299e+00
2.683936538268647087e+00
2.786579383171689184e+00
2.723110670002228062e+00
1.889881836057439868e+00
2.719245215592052567e+00
2.971574911946222475e+00
1.988060857912903323e+00
2.400828460893417837e+00
2.873607173510935198e+00
2.375955375113952162e+00
2.818957375530501075e+00
2.933544391552576069e+00
2.239221179990364519e+00
3.053990301704167187e+00
2.116729810442677717e+00
2.055480013012456197e+00
2.569556814091868979e+00
2.181448409273953448e+00
2.929799241898912943e+00
2.824963143840277358e+00
2.479156980789536391e+00
2.454848919227658577e+00
2.421087482906866484e+00
2.789741408109837284e+00
2.398595252589883042e+00
2.479995858162726829e+00
2.772821399799507702e+00
2.482893399836703541e+00
2.520364190869349486e+00
2.936248708543540253e+00
2.233335947959317114e+00
2.857652706949434851e+00
2.127690669652380961e+00
2.703129051471748312e+00
2.602195633530378416e+00
2.945917926653513597e+00
2.216793468712171311e+00
2.796502693367398873e+00
2.229374489341379828e+00
2.891162981469065141e+00
2.546409456757491085e+00
2.906657751851655647e+00
2.641263820075942625e+00
2.750425924006413503e+00
2.309648006127936970e+00
2.344277232557537616e+00
2.450320647179780487e+00
2.610741259552070037e+00
2.466819884758691739e+00
2.121970470443978130e+00
2.473502232915405052e+00
2.346332085397834888e+00
2.787060745564518882e+00
2.838853303617866697e+00
2.243272735105305671e+00
2.902521840466350866e+00
2.847100327873757220e+00
2.391999677620683773e+00
2.342367860750785180e+00
2.220618016999672761e+00
2.864436098051911905e+00
2.696529762181461898e+00
2.368795848378789870e+00
2.748666523777767878e+00
2.729644560903885520e+00
2.683604457661426412e+00
2.172066766266782079e+00
2.574513886221033498e+00
2.395665207156489451e+00
2.511049710944622149e+00
2.617909589070869902e+00
2.227314864023429930e+00
2.825240460046485325e+00
3.040852589995341582e+00
2.192090726964320613e+00
2.508988645861148115e+00
2.150016899923011149e+00
2.683434207570391195e+00
2.824363864112276801e+00
2.056003223319881279e+00
3.071471220237300681e+00
1.942653552678271112e+00
2.857540626350262514e+00
2.842330570280095170e+00
2.076206447564404201e+00
2.870564016641925065e+00
2.404009732320347759e+00
2.420443493460957995e+00
2.531276875555535710e+00
2.507885002183906309e+00
2.429022686770678341e+00
2.833164466264550096e+00
2.268836024909581361e+00
2.345672765357679435e+00
2.474244533894051745e+00
2.966854420217325039e+00
2.341166763980580878e+00
2.813087668182839174e+00
2.221932560772702736e+00
2.906711468531268050e+00
2.948266554626270519e+00
2.683262452939005449e+00
2.341540860884803177e+00
2.507438800449945937e+00
2.980286840470076193e+00
2.719799137994974636e+00
2.899408339583253280e+00
1.945902894156796625e+00
2.936085428167965361e+00
2.359395618257479121e+00
2.138601835416885422e+00
3.050534201573820159e+00
2.607272883982134193e+00
2.407555925181513956e+00
2.724207534338150882e+00
3.027909928541742790e+00
2.620631156758207680e+00
2.470235703366322255e+00
2.354197147400520329e+00
2.320929667864137791e+00
2.715586065797321424e+00
2.283045714246235924e+00
2.581487313402758943e+00
2.825712451322350383e+00
2.764225560119529135e+00
2.202397350779103480e+00
2.659151527600627229e+00
2.579960423707849504e+00
2.574573934360338434e+00
3.019376497667754844e+00
2.270304401158909968e+00
1.877746197805368222e+00
2.570717744953623818e+00
2.603198840014833149e+00
2.735377327289769234e+00
2.627672341808857226e+00
2.846505991922295919e+00
2.808663538784065938e+00
2.000102764959921231e+00
2.737370206026223052e+00
2.987576351072903869e+00
2.478257001307262897e+00
2.376716325479216074e+00
2.739635830325569454e+00
2.600469355764717161e+00
2.694617859569444995e+00
2.085371026425736130e+00
2.436929648318566954e+00
3.079645127172742303e+00
2.747546020602388950e+00
3.052250442346275960e+00
2.983117715972332107e+00
2.841090985710855943e+00
2.458495026055534716e+00
2.563880134592736226e+00
2.190456857585037831e+00
2.607751530398874529e+00
2.635684228345042346e+00
2.536950548128711347e+00
2.705646597952836352e+00
2.998290156080233970e+00
2.603535082742995499e+00
2.597103839967049410e+00
2.664932480253868530e+00
2.717359158993653434e+00
2.233013940807584419e+00
2.302705673944219988e+00
3.007625639491273706e+00
2.189224810430637547e+00
2.431675815351984404e+00
2.939552931930482949e+00
2.445900737778342826e+00
2.467900396936490548e+00
2.177064706452771059e+00
2.219106619292011917e+00
2.789025350991038987e+00
2.759953869030973728e+00
2.332124235893297204e+00
2.499342194460718147e+00
1.896857755981240734e+00
2.923028441573962688e+00
2.648890502724238871e+00
2.564557575335507877e+00
2.672916272270460691e+00
2.881689741992243814e+00
2.236262006128114876e+00
2.276611591949399216e+00
2.433959501132855419e+00
2.947770149059367739e+00
2.055590575914671980e+00
2.760579915873996093e+00
2.426217141423790746e+00
2.477129041676348287e+00
2.542454917793699476e+00
2.096044248385250164e+00
2.586866199698475199e+00
1.791625438254252245e+00
2.336479174925258473e+00
2.564567139802289564e+00
2.649452797292769723e+00
2.685018125683660717e+00
1.827708457693730804e+00
2.468243221064672532e+00
3.090580082498876724e+00
1.971858696630554464e+00
2.875042946472554206e+00
2.667452885528362572e+00
2.498609911236135517e+00
2.876798313832128251e+00
2.307742581512842062e+00
2.362372802009883976e+00
2.764389457093529678e+00
2.828528501139564444e+00
2.973832181874842995e+00
2.369112158776722765e+00
2.433123771737525143e+00
2.848553677129357808e+00
2.728222069741151667e+00
2.052291385771563448e+00
2.961062774104352258e+00
2.356187851922101562e+00
2.331724299475637086e+00
2.496408601313271802e+00
2.495541315637562541e+00
2.517347087837167763e+00
2.148469980770400412e+00
2.719282229847127752e+00
2.531516889871012310e+00
2.407502892319472565e+00
2.649740158729655182e+00
2.171442298995402531e+00
2.508377557831037663e+00
2.850622565797652719e+00
2.650555015283131866e+00
2.197420434352516772e+00
2.680657645725145866e+00
2.926307657545577090e+00
2.435302572289304468e+00
2.469480221928917363e+00
2.791864176311882773e+00
2.567129196817875325e+00
2.781221972535643516e+00
2.851178613502075354e+00
2.181900074892132668e+00
1.979278812732026438e+00
2.523331291686735423e+00
2.304785946977999878e+00
2.111642344124740056e+00
2.377266850285821853e+00
2.728832195765723778e+00
2.422031876867873024e+00
2.337473442971473858e+00
2.730741714254153685e+00
2.856006268179480223e+00
2.550341333679117195e+00
2.279194081438014052e+00
2.873521186023661134e+00
2.965162001776933565e+00
2.409285996275581709e+00
2.337138480044061328e+00
2.725328822689019326e+00
2.793546323212230398e+00
2.368411806980522893e+00
3.043131700936312800e+00
2.680497616561801077e+00
2.714868240698157464e+00
2.805282184560348835e+00
2.574467498455742742e+00
2.539144255415292761e+00
3.033505442539788710e+00
2.072850701554191488e+00
2.609369324447894378e+00
2.093664967623040774e+00
2.484814973473499666e+00
2.291388373397226008e+00
2.560516642655696451e+00
2.909066182557762836e+00
2.158096207942532985e+00
2.930817408316507500e+00
2.813443429002602247e+00
2.391142013215904250e+00
2.425440142884631722e+00
2.513992506098546187e+00
2.576522961620109964e+00
2.928513100575810935e+00
2.729704588436550505e+00
2.331680233818403281e+00
2.467918195210389243e+00
2.157948480272828373e+00
2.912578394182229413e+00
2.293582050027681341e+00
2.480765841799209781e+00
2.508303854835625124e+00
2.601325352803749436e+00
2.553979593648239899e+00
2.967208843050628264e+00
2.728524231521553212e+00
2.504830754203925203e+00
2.858101294638882628e+00
2.620288327809829010e+00
2.452605160801321293e+00
2.175986535132202526e+00
2.674984572799272708e+00
2.819051429050645652e+00
2.393209182118433365e+00
2.968607890187694220e+00
2.336551620418863440e+00
2.387782140202016734e+00
2.383562639620965484e+00
2.352191484061453952e+00
1.933658481743766977e+00
2.323450549680228683e+00
2.030873839834610894e+00
2.398822922982594807e+00
2.647620801501161303e+00
2.530240329056097082e+00
1.820562134556893197e+00
2.506463073152414012e+00
2.076652052919815361e+00
2.166795799130919686e+00
2.139006608799830733e+00
2.919851279289246815e+00
2.307047315152152223e+00
2.780779986324357189e+00
2.872528015615364971e+00
2.512150370015411749e+00
2.498667560420713585e+00
2.829301483208821910e+00
2.881380526259794461e+00
2.695037646399893294e+00
2.117770861969092699e+00
2.916455440834057722e+00
2.894731044412869547e+00
2.216660497503097904e+00
2.635146899994398773e+00
2.835867706969841695e+00
2.369793572995945397e+00
2.447271579116586437e+00
2.727159897599810368e+00
2.812876743930444512e+00
2.600826660816687230e+00
2.778631505138476232e+00
2.311624856299484332e+00
2.465246213833421685e+00
2.689861424839231852e+00
2.993079671600721525e+00
3.008473431696253808e+00
2.949743272016686735e+00
2.769106107707096420e+00
2.841150222116811452e+00
3.090828650992123894e+00
2.684913597129145568e+00
2.998618856132182930e+00
2.580986481612208117e+00
2.785181920908701869e+00
2.183986895348442037e+00
2.680432779170252466e+00
2.474147026125701476e+00
2.546504210842505778e+00
2.748741744884220406e+00
2.803734347401991567e+00
2.171284362916108268e+00
2.786320837822789276e+00
2.437187577539866368e+00
2.424469222965432547e+00
2.974955229186513783e+00
2.759889690501575732e+00
2.497545955819785224e+00
3.001956364692755397e+00
2.549353437526860944e+00
2.643112748831823566e+00
2.384981450063971664e+00
3.025972634925945481e+00
2.518734258006894766e+00
3.138637753137846875e+00
2.987446145086856131e+00
2.759992832421652054e+00
2.339933452684002990e+00
2.395607392092884869e+00
2.865361031633514965e+00
2.598215946305606483e+00
2.166139057856483419e+00
2.968779290356923450e+00
2.474806164178925627e+00
2.304359710660280669e+00
3.027661324368018825e+00
2.615249025295305341e+00
2.332472160396215521e+00
2.510012676067375104e+00
2.002215166280025826e+00
2.648042449750938943e+00
2.462364050871530985e+00
2.956659616566066795e+00
3.016609625947952011e+00
2.527489680556562757e+00
2.712350805472587556e+00
2.878893393337678575e+00
2.252696503875205369e+00
2.458677194197981919e+00
2.720397542227633636e+00
2.485191313606794683e+00
2.745256572174589405e+00
2.845133544365078038e+00
2.620274412135983333e+00
2.310119904285766523e+00
2.174291545119615421e+00
2.687181414779990174e+00
3.000914844993690433e+00
2.489232370268482430e+00
2.920335712709972498e+00
2.452621119701884123e+00
2.361612530782688513e+00
2.692856389237081149e+00
2.490431258052666408e+00
2.691946882284538489e+00
2.559521895348367604e+00
2.404910616212481145e+00
2.538182844737317367e+00
2.041101082121668853e+00
2.735758327288801084e+00
2.633827761895739528e+00
2.367297959527394191e+00
2.671721556613544379e+00
2.546317433196998881e+00
2.809222208065583093e+00
2.279566428875391626e+00
2.477055282675939996e+00
3.046141837387132068e+00
2.554111644065518494e+00
1.950513647455248689e+00
2.499543084694584749e+00
2.442492928168645605e+00
2.672009729897254271e+00
2.668180547970396166e+00
2.609800121145243956e+00
2.710541698013290368e+00
2.850903625253301321e+00
2.776591327905279183e+00
2.709786788376833400e+00
2.191673893563280018e+00
2.798940460848325706e+00
2.571562388442651059e+00
1.771391511544306185e+00
2.750543009154338581e+00
2.107335915826932027e+00
2.437965306980417246e+00
2.913853944691511266e+00
2.858394175672802628e+00
2.089736587581807470e+00
2.818325874438987189e+00
1.837490108939475064e+00
2.370138574552375310e+00
2.848383017366812542e+00
2.455993905872889016e+00
2.635779481270460245e+00
2.899916259852525435e+00
2.666178652698800278e+00
2.699910053569069657e+00
2.623856173912216594e+00
2.791114264376846510e+00
2.444321603211788485e+00
2.803848248263466125e+00
1.966936544741374693e+00
2.666530487307574582e+00
2.296619337533068350e+00
2.861575205438021019e+00
2.800731884954280382e+00
2.726773346592933134e+00
2.764313252762088613e+00
2.417074439923553086e+00
3.028914307440454756e+00
2.963887506479967016e+00
2.513935608601105098e+00
2.943346727147769570e+00
2.786099558036477131e+00
2.817076666076009595e+00
3.009588413173110322e+00
2.324753195694343244e+00
2.531275862653432185e+00
3.008527583880706846e+00
2.119556565651445013e+00
2.725170944164319931e+00
2.231671871003876984e+00
2.274099561038319894e+00
2.764138020742431312e+00
2.607212183035265696e+00
2.932600836668756816e+00
2.117367270796102208e+00
2.631842177798255022e+00
2.919532571545611077e+00
2.112624393286190561e+00
2.395653868453566204e+00
3.127425563836920386e+00
3.021317156510680668e+00
2.307882189695971586e+00
2.404954101220875717e+00
2.352276981562992475e+00
2.489353196055567263e+00
2.826890378317337138e+00
2.045924843646838465e+00
2.431452078059666899e+00
1.984018006884122665e+00
2.291991979201824847e+00
2.312602632613439457e+00
2.396909057025155665e+00
2.611824751042275405e+00
2.917092180305053351e+00
2.439330759894838163e+00
2.455525322080826633e+00
2.486535478002201316e+00
2.980444088727533192e+00
2.502587583657143178e+00
2.590392466692095219e+00
2.549118298390010029e+00
2.936435261745749870e+00
2.645440722492767183e+00
2.499867514627577947e+00
2.602423831283676048e+00
3.005373567018428727e+00
1.915781354000253289e+00
2.523206849792423601e+00
2.164313561288753629e+00
2.285647877421644214e+00
2.473528733784726263e+00
2.494638377939364382e+00
2.340786374515189117e+00
2.993652011985229677e+00
2.811105190160841261e+00
2.783241558952682215e+00
2.851358074715464763e+00
2.726608021524032921e+00
2.883946683604952099e+00
2.429559681261617143e+00
2.762347580813220738e+00
2.589475993635472317e+00
2.604148813909047178e+00
2.521110410946100888e+00
2.725155844997255272e+00
2.901886616514022244e+00
2.459589476802514163e+00
2.760958718201774076e+00
2.478650236523495032e+00
1.996408656851125896e+00
2.864337713463199986e+00
1.935278904283575852e+00
2.893230124709508022e+00
2.654253259657936237e+00
2.555947960932200669e+00
2.810232277417651137e+00
2.505057839844781142e+00
2.867535015240147978e+00
2.820569202622623450e+00
2.286332915213266315e+00
2.995343240668815188e+00
2.349688325465570049e+00
2.899015520816504488e+00
2.799484386243099365e+00
3.036794852004246259e+00
2.211443964509485660e+00
2.313206114093631083e+00
2.207621985159585964e+00
2.203757271244946025e+00
2.698795038592509687e+00
2.404954117460982310e+00
1.739944988616059174e+00
2.092700476098417361e+00
2.303394625839622734e+00
2.777115446517889996e+00
2.607430616613484187e+00
2.760458658202701088e+00
2.961143648322100308e+00
2.720282969622443758e+00
2.859951025701624516e+00
2.792507873177878075e+00
2.758734048777852443e+00
2.819861056423803358e+00
2.170294444830874525e+00
2.916856571137627974e+00
1.832018062581891371e+00
2.474837366180942411e+00
2.980562754099767453e+00
2.568653035096951420e+00
1.922815636280275742e+00
2.834610502011468469e+00
2.293817087040392444e+00
2.935691880867534742e+00
2.751241246187893452e+00
2.881008799748243199e+00
2.839887176321784779e+00
2.436906267287281214e+00
2.575613084491341631e+00
2.875127237006574354e+00
2.708810682940580694e+00
2.776937655500987034e+00
2.608423478652891259e+00
2.790236376396366236e+00
2.393261877754475186e+00
2.661814361410498542e+00
2.785868772403222948e+00
2.502670183737632836e+00
2.718461343021449927e+00
2.724378808974265098e+00
2.774089306776613917e+00
2.408655630994727126e+00
2.909385075839051815e+00
2.863339956263561081e+00
2.218062264255359572e+00
2.509960660382561493e+00
2.095348856452129205e+00
2.790706317791627811e+00
2.926123811405435760e+00
2.861943148414772597e+00
2.865617314277702388e+00
2.886339976422009901e+00
2.205888289566475979e+00
2.083004622772073766e+00
2.973863154864429870e+00
2.489437609515794847e+00
2.758630593092351813e+00
2.663351252443605155e+00
2.296376431175239485e+00
2.142343003392089162e+00
2.311171947833812634e+00
2.712226624111980566e+00
2.327463532031215809e+00
3.018663289099176694e+00
2.793920278806142132e+00
2.093819067364385500e+00
2.328346146699652230e+00
2.528885621271625528e+00
2.234989216911410281e+00
2.519138259460855345e+00
2.735129114095308900e+00
2.154816865788457658e+00
2.850204568402218364e+00
2.879434951946371335e+00
2.715349175816851535e+00
3.052316928640828930e+00
2.894068831862059543e+00
2.452835464057256942e+00
2.194081198831378643e+00
3.002378312820471074e+00
2.880406141895584415e+00
2.577830067774488754e+00
2.637360015151852366e+00
2.490640795211326530e+00
2.632456223039176368e+00
2.469653251266052507e+00
2.720765766063498958e+00
2.241209385321650593e+00
2.643004265229271788e+00
2.596559375205425457e+00
2.873836058597141196e+00
2.276203217785501387e+00
2.972476769330219870e+00
2.414397682159525438e+00
2.543762246796912763e+00
1.888656125105438122e+00
2.435281941383851567e+00
2.381833448397356445e+00
2.942955432128551152e+00
2.756705861428231596e+00
2.583125697465208148e+00
2.208767182332745715e+00
2.741983081625569696e+00
2.461449760821199817e+00
2.891396916301812947e+00
2.467956927165533276e+00
2.557469422010945959e+00
1.861621185042944049e+00
2.460477697215837090e+00
2.852814723094544647e+00
2.440366148511944999e+00
2.612810063418107287e+00
2.635945453038540442e+00
2.967039301720464817e+00
2.235668881306891898e+00
2.344296652281331106e+00
2.404949731987262140e+00
2.519469325761835687e+00
2.075709698810671355e+00
3.022557698265201598e+00
3.017168480055601787e+00
2.908290311953378726e+00
2.713741134534502830e+00
2.784417836301438687e+00
2.528096464375391150e+00
3.107739391627237779e+00
2.097071240192343922e+00
2.661748884702565210e+00
2.704889828211138880e+00
2.566200835353373400e+00
2.673203997134485643e+00
2.404394023436819072e+00
2.745581353261659530e+00
2.428486315777154125e+00
2.751154356777625765e+00
2.514716879286336138e+00
2.355360493133150435e+00
2.682164235686569587e+00
2.524878282840880228e+00
2.661974121721255138e+00
2.441827080905747405e+00
2.841917478892198368e+00
2.603891570685477053e+00
2.601244711067601578e+00
2.621671175977674295e+00
2.541372400019307420e+00
2.719175019368301971e+00
3.055042286073405222e+00
2.030036809142766074e+00
2.716197257526568709e+00
2.539498346894150327e+00
2.515793115557993342e+00
2.591151547691233681e+00
2.524598539314427903e+00
2.642755325878848982e+00
2.343489230611150553e+00
2.090939421293429135e+00
2.876152665848675127e+00
2.873160127118974838e+00
2.437852536161940087e+00
2.287961128787594500e+00
2.875008624869476836e+00
2.568035874034229948e+00
2.355417393516272107e+00
2.320521084514655552e+00
2.876518652892769090e+00
3.057171978112400712e+00
2.861045424532132397e+00
2.819076488223561050e+00
2.155640408253345797e+00
2.671364208416640906e+00
2.518150936657749028e+00
2.619888341007200694e+00
2.576633690569559931e+00
2.725478969575746646e+00
2.811080024905478147e+00
2.688558746626476648e+00
3.053321773903389769e+00
2.918390175782575202e+00
2.969884747547784087e+00
2.410934402502423524e+00
2.529881163074285677e+00
2.515935682513192440e+00
2.636600669143599251e+00
2.116256218167108294e+00
2.241722183649466515e+00
2.823464129586985560e+00
2.138556795305561309e+00
3.031241019701905959e+00
2.738661243275492652e+00
2.954177584599121609e+00
2.655120443751492143e+00
3.005549340806604075e+00
2.140120359470693234e+00
2.382607622366107236e+00
2.422522445989955475e+00
2.257404791401454336e+00
2.941304583339603429e+00
2.771765808566182709e+00
2.876486275768922241e+00
3.055893323766428082e+00
2.627029257701165132e+00
2.670025963222088183e+00
2.525575843893080652e+00
2.689963931847763945e+00
2.490996147128373917e+00
2.904150374750435137e+00
3.004378235102422412e+00
2.218346262365887611e+00
2.852177901174826058e+00
2.311890779409757180e+00
2.833244199532134910e+00
2.661631745237380997e+00
2.253790218381969801e+00
2.392250739836641937e+00
2.453564851574121519e+00
2.981511630058211182e+00
2.684641427751974341e+00
2.076870185844045480e+00
2.838556083906694116e+00
2.222234197069271389e+00
2.610867924655961403e+00
1.881505599577941279e+00
2.796658544895377574e+00
2.521069473774125047e+00
2.539178999035420325e+00
2.753102227472107089e+00
2.738616369522320682e+00
2.344636152518699834e+00
2.637549416495938104e+00
2.833193587234306587e+00
2.539592614733449771e+00
2.823710026366668568e+00
2.375515436286333326e+00
2.431284455863993443e+00
3.016267298766550198e+00
3.119934963967595287e+00
2.184355449069410149e+00
2.924394475994162246e+00
2.723209136138101893e+00
2.979102953144148191e+00
2.720833965045827085e+00
2.836315251092464074e+00
2.589409803225402484e+00
2.191783776161123409e+00
2.770756819851403652e+00
2.689996874464868348e+00
2.213447090488673386e+00
2.919170863996334742e+00
2.573595742986784174e+00
3.047626812302491217e+00
2.313055472343553021e+00
3.018355749131590660e+00
2.192478573312514278e+00
2.641262808329003065e+00
2.707775709136229558e+00
2.453629358861654453e+00
2.682640283589476926e+00
2.850538715191086592e+00
2.825561034586026921e+00
2.706361019814999658e+00
2.301831679453586688e+00
2.322635655444825087e+00
2.265019376337975565e+00
2.771210542672712496e+00
2.443069526628823152e+00
2.949952940460522033e+00
2.085409227195360593e+00
2.690936305676606022e+00
2.113797969788930864e+00
2.786722414442298401e+00
2.853341090768943822e+00
2.490109162794159392e+00
2.748274166307923316e+00
2.417806947114125471e+00
2.849881536866928577e+00
2.476717518748224656e+00
2.777534976425139135e+00
2.714639157301631300e+00
2.811281698598086187e+00
2.119724272880755045e+00
2.475964255107290235e+00
2.537065101148574975e+00
2.918874371774212939e+00
2.608534986585404170e+00
2.642550077793959229e+00
3.049901992719985078e+00
2.954460741912124710e+00
2.856686793705966565e+00
2.816242760119290534e+00
2.574268661459448992e+00
2.511118116859464511e+00
1.950439536157693388e+00
2.311465975346599144e+00
1.981843245183839697e+00
2.561478991401228811e+00
2.632255159205183936e+00
2.965792006160548944e+00
2.801176027544005631e+00
2.017499918104513235e+00
2.277056257109710380e+00
3.030015245260551104e+00
2.780275051953010390e+00
2.244430929861659152e+00
2.331315181877265719e+00
2.572578274842612700e+00
2.183917461897422641e+00
2.685931711393660937e+00
2.954244756245649750e+00
2.240856781863616920e+00
2.327792760258129867e+00
2.677210040589218742e+00
2.024232077835632637e+00
2.636923012127600607e+00
2.409729340606769021e+00
2.422818493084779590e+00
2.148769183777980540e+00
2.083605181044493992e+00
2.410198881246078617e+00
2.091837011066075114e+00
2.327282416734766102e+00
2.283325036070158021e+00
2.770742286038781366e+00
2.484826976513292429e+00
2.915997967031816795e+00
2.399885329220530661e+00
2.678154252026784032e+00
2.384868064563701484e+00
2.641954454792970974e+00
2.968975926812776223e+00
2.801656138190249834e+00
2.377574149556345162e+00
2.755141723831939782e+00
2.772580822778263787e+00
2.040155588958791455e+00
2.778044584804231221e+00
2.687719784733699768e+00
2.758667441093189510e+00
2.161063419997292456e+00
2.548255332012923979e+00
2.505911130677840326e+00
2.213681926805248779e+00
2.182772668612372069e+00
2.481471002420250649e+00
2.670423397031576496e+00
2.436130776856639812e+00
1.999461748950844164e+00
2.425409313827108893e+00
2.452956581236201306e+00
2.316034804696249338e+00
3.092838470874931467e+00
2.970221178591953226e+00
3.090577010722473705e+00
2.923136813633050668e+00
2.141464250891393917e+00
3.020497682638903836e+00
2.877154162946039762e+00
2.169115892232775344e+00
2.737098314786031494e+00
2.055448328275532255e+00
2.780533540483044241e+00
2.684049364650847203e+00
2.295518660605463168e+00
2.570144294405313001e+00
2.613208467087121178e+00
2.573680793408358092e+00
2.962461588932956857e+00
2.576254511854432661e+00
2.231242362197765061e+00
2.230532315392637521e+00
2.531263597589110681e+00
2.735462694701344510e+00
2.673829199208814789e+00
3.008818412466609082e+00
2.543817802155493357e+00
2.769698300520436529e+00
2.871993855810780705e+00
2.952301687661019969e+00
2.602631502832720045e+00
2.767450169614731781e+00
2.370051846339855661e+00
2.731844222447011639e+00
2.229491165491552351e+00
2.778933460018518709e+00
2.858220751898951750e+00
2.304239560659505415e+00
2.601962528762002513e+00
2.286378476136692761e+00
2.511427868617269521e+00
2.591825760944054924e+00
2.893321908315528823e+00
2.346923561511830680e+00
2.483022088493501922e+00
2.593819596991400633e+00
2.349895316371642728e+00
2.711286377205405884e+00
2.828446062965760621e+00
2.297115045030859726e+00
2.724012903660203655e+00
2.516666470923670573e+00
2.720233676349547380e+00
2.780671608959238039e+00
2.527304104284447295e+00
2.560961154785132088e+00
2.941722150955978776e+00
2.510929285931829735e+00
2.276616298108809389e+00
2.926763883084903206e+00
3.091943409936470655e+00
2.661984974205192866e+00
2.517417930845134322e+00
2.937140448730443776e+00
2.149443345942327888e+00
2.653030359538363747e+00
2.421379402714823659e+00
2.372455880419360064e+00
2.768163090239707635e+00
2.638889568973296740e+00
2.281358185682727857e+00
2.446162288765159953e+00
2.977153956371954457e+00
2.489573785304926901e+00
2.736643420877265420e+00
2.946792041430655651e+00
2.358796173492015313e+00
2.392383379501745733e+00
3.008767485641682171e+00
2.501615967260171214e+00
2.754917867795021458e+00
2.247312706925939985e+00
2.604250312113616239e+00
2.041670832493651666e+00
2.576984486320297751e+00
2.606980862562574330e+00
2.441286720935603949e+00
2.569759871971380782e+00
2.216265649427902940e+00
2.954374885968488407e+00
2.553722346813233290e+00
2.942385399670120805e+00
2.810789883623084240e+00
2.486038354838314923e+00
2.786542063997915264e+00
3.034471119633153524e+00
2.547119649160179744e+00
2.600001296471704748e+00
2.592525262295913180e+00
2.482536421818249295e+00
2.352744255388951267e+00
1.818292281093905727e+00
1.811044652133121824e+00
2.659706082780829206e+00
2.286977172114447399e+00
2.700774989866886244e+00
2.954463626529891584e+00
2.477916396129450582e+00
2.671017150995141698e+00
2.748813166998841595e+00
2.602935045258064850e+00
2.054668523697383176e+00
2.426278072797497298e+00
2.965747681884728593e+00
2.849298355471421740e+00
2.095164583799728142e+00
2.470168654487583382e+00
2.432718511470167932e+00
1.996768252965620105e+00
2.709564592098166358e+00
2.462226668900802551e+00
2.919429835036708276e+00
2.408342893753522063e+00
2.498543838053507216e+00
2.135132912548553197e+00
2.593160308363544608e+00
2.923590997349117870e+00
2.598022600765345302e+00
2.818906495764774256e+00
3.051664101059116341e+00
2.305929099341054389e+00
2.754972287318411261e+00
2.804408303579317696e+00
3.034740919745366305e+00
2.771115677255913567e+00
2.635067581084510557e+00
2.551807619764502988e+00
2.169909216562253107e+00
2.754612381659606424e+00
2.785475934744894300e+00
2.488895607296764734e+00
2.311817846181799752e+00
2.963003825460704288e+00
2.764752624281406668e+00
2.442177499344211355e+00
2.747727579650457219e+00
2.858488551497734065e+00
2.634967014947872777e+00
2.374656276470090699e+00
2.965913581602312554e+00
2.355682078037214300e+00
2.931257285749939712e+00
2.731988890959442084e+00
2.350592410889833506e+00
2.255828123515610351e+00
2.846840195664299245e+00
2.819547493131301152e+00
1.797255506110538192e+00
2.802177708755345886e+00
2.559249419942671633e+00
3.064978689977516435e+00
2.937041319901012582e+00
2.503306867409433867e+00
2.787878875822872082e+00
2.438635381590844808e+00
2.508020314106792270e+00
2.263233852312231953e+00
2.548514788974509226e+00
2.633758451307267379e+00
2.175113432452759898e+00
2.504121672623483619e+00
2.292200612024895445e+00
2.781906621061618790e+00
2.488328525545254966e+00
2.851477223484328860e+00
1.983012522613630590e+00
2.633696170775706502e+00
2.836897464544510861e+00
2.535981814239767207e+00
2.711436264661646334e+00
2.126925741107098311e+00
2.351423726702622563e+00
3.005228718053138071e+00
2.276806679211649254e+00
2.461410121361303105e+00
2.855101818181434936e+00
2.358882865702319087e+00
2.558436004068065373e+00
2.033958055340050919e+00
2.377361117152197334e+00
3.066675447397813947e+00
2.547966946063792815e+00
2.496906124849945563e+00
2.705218982634016278e+00
2.803169042911680009e+00
2.427840225897750948e+00
2.247894189425977629e+00
2.352096372597436424e+00
2.920796221081667809e+00
2.868780894445273510e+00
2.678925445678618011e+00
2.506963116568067473e+00
2.342106866109616270e+00
2.779790459701196870e+00
2.326524075314994278e+00
2.941962285614059258e+00
2.611735686057878425e+00
2.597652797374698341e+00
2.586016136937569154e+00
2.457106944221114642e+00
3.097077710607853085e+00
2.795983395694526585e+00
2.145311814862072453e+00
2.829229148654787362e+00
2.423857877775996705e+00
2.099029558639613047e+00
2.844922541257005832e+00
2.525259935176479953e+00
2.602570168640792492e+00
1.805686968894488764e+00
2.752112398145703853e+00
2.965321233792257427e+00
2.631839175601650371e+00
2.417146498842241975e+00
2.429505262428137691e+00
2.639371698103538666e+00
2.777400781481843328e+00
2.340685349230837708e+00
2.689712292332828714e+00
2.789882621089250669e+00
2.402770256226903101e+00
2.420650811884682341e+00
2.810801536870650263e+00
2.572483722069308865e+00
3.012198278367077542e+00
2.473006191775899865e+00
2.648628317608085592e+00
2.310563458469465203e+00
2.746872175000942384e+00
2.764710264094600856e+00
2.821660241373415534e+00
2.873322261727158100e+00
2.317558657282702939e+00
2.537394969332509298e+00
2.970315126930155536e+00
2.325426557770737812e+00
2.876347314734316818e+00
2.687744307545502309e+00
2.547171412671344726e+00
2.434458526327931249e+00
2.176633730566292613e+00
2.703561167122642495e+00
2.080357625211254557e+00
2.406438950929732812e+00
2.113424247388003607e+00
2.336541422491839270e+00
2.615886452568199960e+00
2.907434275609991570e+00
2.719955241324397921e+00
2.342592201415274467e+00
2.865665710705195934e+00
2.566672355344289613e+00
2.895993536672688329e+00
2.400765758604733957e+00
2.158869815807616277e+00
2.707875181947741794e+00
2.671246347489287132e+00
2.722302839609202607e+00
2.836828226068189629e+00
2.522091211900345353e+00
2.751486113085372498e+00
2.841444109024276798e+00
2.448201184480019776e+00
2.439711571921415523e+00
2.261236328488575253e+00
1.829772447782358258e+00
2.553676843425019438e+00
3.049627331306425049e+00
2.801664420332821148e+00
2.879011215510820065e+00
2.529323367901913144e+00
2.527988982446950583e+00
3.009733943605022777e+00
2.602861936302516277e+00
2.950818383531006450e+00
2.652154282040965150e+00
2.005652234574485604e+00
2.428335737291419605e+00
3.043214764990429533e+00
2.341147268134989634e+00
2.608549775245162294e+00
2.936888635369953704e+00
2.718996240615587645e+00
2.312569638532020910e+00
2.041253479005005200e+00
2.836097371189037819e+00
2.533865215339516030e+00
2.844270165254960236e+00
2.753632967122606523e+00
2.366419283018772468e+00
2.152579538207844756e+00
2.494200637397309350e+00
2.388184593696954572e+00
2.873247857213462986e+00
2.668896886410387914e+00
2.303441680420145854e+00
2.841019017231751320e+00
2.713390003063264277e+00
2.364261946717143292e+00
2.408104510759927930e+00
2.299301289734348774e+00
2.799411243731027454e+00
2.956476275577372803e+00
2.564639896525757301e+00
2.408416187205481673e+00
2.053145281434155311e+00
2.875603291930598715e+00
2.149810435744186066e+00
2.796017217106558039e+00
2.483804042091577458e+00
2.354786805826327267e+00
2.480887249178626242e+00
2.455594262280984097e+00
2.942275608005012977e+00
2.691020344185813595e+00
2.596477345707704387e+00
3.117912627746204368e+00
2.552563996015512870e+00
2.616435798262926493e+00
2.743838422128983989e+00
2.004429031300071884e+00
2.628565541658624216e+00
1.833418515467870158e+00
2.612904237793620688e+00
3.030965451155761325e+00
2.607981106987611764e+00
2.795293799122539280e+00
2.709937588027583111e+00
2.762502569023284060e+00
2.302692916498162656e+00
2.782424401659693736e+00
2.642749071760567503e+00
2.525688625269092213e+00
2.714086511195544116e+00
2.487514959101824630e+00
2.589024046685297620e+00
2.749355507891857897e+00
2.216011168355066285e+00
2.392761119166599837e+00
2.126219471511980874e+00
2.635314653295349085e+00
2.458674854223495743e+00
2.990217817459732252e+00
2.843158451093023231e+00
1.891095039927265020e+00
2.328797762331973331e+00
3.012976559215782224e+00
2.972801322485865594e+00
2.913128021377607624e+00
2.790056191633154548e+00
2.676901696447339773e+00
2.308749525125791457e+00
2.562888220353593205e+00
2.560404851177454422e+00
2.652773650504446579e+00
2.572006046613405594e+00
2.306885917018878907e+00
2.476639088469619665e+00
2.938981239552975744e+00
2.719859417180284122e+00
2.858484083699628364e+00
2.619470921368296956e+00
2.465881677208602962e+00
2.853472062509391893e+00
2.626444597842820805e+00
2.359441181788536568e+00
2.517427791301136697e+00
2.596732518951821334e+00
2.849084661565638221e+00
2.305100225925206026e+00
2.009526189664998519e+00
2.868427905839694869e+00
1.806871903992683270e+00
2.855969659366648372e+00
2.721829800410005440e+00
2.619364909218010684e+00
2.633602195197855433e+00
2.733700033796118145e+00
2.830478885520405274e+00
2.467404034688573056e+00
2.559406159779380019e+00
2.720837023616264450e+00
2.948893603424358911e+00
2.999557689874577715e+00
3.132082796797068358e+00
3.028233013446600452e+00
2.626316108063686983e+00
1.976922580483087888e+00
2.314224224028491150e+00
2.511283589371636538e+00
2.331750970777874965e+00
2.883450478142642659e+00
2.834514529829460283e+00
2.759513256321802999e+00
2.276246426568509840e+00
2.615677272766624650e+00
2.813768316868997310e+00
2.354933670267324253e+00
2.621144186104348517e+00
2.267945648763275646e+00
2.732797116979168273e+00
2.165347265161605250e+00
2.544284410069910685e+00
2.298753534090156592e+00
2.387620116352391353e+00
2.637452893314656155e+00
2.698483835619374993e+00
2.455867403414415673e+00
3.128852456306286278e+00
2.344621697463067811e+00
2.942272591803967607e+00
2.692050308368546752e+00
2.881949786706862859e+00
2.359538065010399421e+00
2.383395446943777252e+00
2.429315403474345381e+00
1.764169568222142992e+00
2.305566132443146454e+00
3.006352748528061891e+00
2.500767857083118884e+00
2.940273991047694935e+00
2.328767901910842486e+00
2.907084509675184947e+00
2.732875696130096177e+00
2.434024064172906066e+00
2.215877053950308984e+00
2.613532910665765208e+00
2.483042416993372470e+00
2.766535230134965495e+00
2.393908701597971866e+00
2.659747499574430130e+00
2.253871157491065702e+00
1.966205637028288322e+00
2.489745456167980819e+00
2.869138267611096360e+00
2.472156747998054183e+00
2.455221023827794280e+00
3.014459719262248427e+00
2.762307089208380084e+00
2.393574209820205301e+00
2.735258617776668455e+00
2.639617330700914088e+00
2.727643555730313363e+00
2.321524373711257194e+00
2.441543938473976105e+00
2.562446342679641553e+00
2.443198982229208838e+00
2.786805239045123450e+00
2.399593809042993353e+00
2.745670298392139053e+00
