m_TF_0,timestamp0,m_TF_1,timestamp1
-0.4621349573135376,1750165544.0,0.3470793068408966,1750165544
0.9612597823143004,1750165544.0,0.1869656145572662,1750165544
-0.3594757914543152,1750165544.0,-0.2459982186555862,1750165545
-0.8060435652732849,1750165546.0,0.414492517709732,1750165545
0.050677090883255,1750165546.0,-0.5314988493919373,1750165546
0.6719911098480225,1750165548.0,-0.7063876390457153,1750165547
-0.2438167631626129,1750165550.0,-0.6675975918769836,1750165547
0.4626308977603912,1750165551.0,1.0671675205230713,1750165547
0.4939247667789459,1750165554.0,0.1814052909612655,1750165548
0.4468012750148773,1750165554.0,-0.0855531692504882,1750165550
0.0681182220578193,1750165554.0,0.5167457461357117,1750165550
-0.5223184823989868,1750165556.0,0.4687077403068542,1750165552
0.6051549315452576,1750165556.0,-0.6897293925285339,1750165552
0.4353495240211487,1750165558.0,0.7022688388824463,1750165554
-0.1844232827425003,1750165560.0,0.6702072024345398,1750165554
1.2196682691574097,1750165561.0,-0.4390462636947632,1750165554
-0.6709172129631042,1750165562.0,0.7517836093902588,1750165555
0.4020762145519256,1750165562.0,0.3923098742961883,1750165555
-0.1530017405748367,1750165563.0,1.4261207580566406,1750165556
-1.2596246004104614,1750165563.0,0.4901611804962158,1750165556
0.4057949781417846,1750165563.0,0.6740192174911499,1750165557
-0.6107078790664673,1750165564.0,-0.0665704905986785,1750165557
0.0058896518312394,1750165564.0,1.1124777793884275,1750165557
1.4036998748779297,1750165564.0,-0.779445469379425,1750165558
-0.4733853638172149,1750165564.0,-0.5714963674545288,1750165559
0.4203381538391113,1750165565.0,-0.577467679977417,1750165559
3.885784864425659,1750165568.0,-1.0271601676940918,1750165559
-1.333585500717163,1750165568.0,0.5212594866752625,1750165560
-0.1152968034148216,1750165569.0,1.0025099515914917,1750165560
-0.5315741896629333,1750165569.0,0.4647411108016968,1750165561
-0.4804905951023102,1750165569.0,0.5027857422828674,1750165561
-0.690029501914978,1750165573.0,-0.3985022306442261,1750165562
0.4139870405197143,1750165574.0,0.4450075030326843,1750165563
0.7019662857055664,1750165576.0,1.805957555770874,1750165563
0.4359212815761566,1750165582.0,1.5279719829559326,1750165563
1.2032921314239502,1750165583.0,0.1894380152225494,1750165563
0.0034330817870795,1750165584.0,0.4789216816425323,1750165563
1.0498589277267456,1750165585.0,-0.4313811957836151,1750165563
-0.68245530128479,1750165585.0,0.6271578073501587,1750165563
1.8549538850784304,1750165586.0,0.647974967956543,1750165564
0.4288927316665649,1750165588.0,0.0524113662540912,1750165564
0.7156723737716675,1750165589.0,-0.0879390314221382,1750165564
0.4871093034744262,1750165591.0,0.7931629419326782,1750165564
2.0647671222686768,1750165591.0,1.0726419687271118,1750165564
0.3849315345287323,1750165592.0,0.0707002654671669,1750165565
-1.155988097190857,1750165592.0,1.1284717321395874,1750165565
-0.4220546782016754,1750165593.0,-0.4615505635738373,1750165565
0.5029266476631165,1750165593.0,0.623279333114624,1750165566
0.2416953891515731,1750165593.0,-0.0803239420056343,1750165566
0.4314565360546112,1750165593.0,1.0570943355560305,1750165566
-0.6881470084190369,1750165595.0,-0.7066380381584167,1750165566
-0.4539798200130462,1750165597.0,-0.11091248691082,1750165567
-0.9238792657852172,1750165598.0,-0.4230480790138244,1750165567
0.70936518907547,1750165598.0,0.390444278717041,1750165567
0.4642135202884674,1750165600.0,1.0575748682022097,1750165568
-0.4966187179088592,1750165601.0,0.1944765448570251,1750165568
0.2438879758119583,1750165601.0,-0.7097144722938538,1750165569
0.7215021252632141,1750165602.0,-1.0526401996612549,1750165569
0.1265864670276641,1750165603.0,0.8907597661018372,1750165570
0.4132805466651916,1750165605.0,0.2782339453697204,1750165571
0.6971320509910583,1750165608.0,-0.0049593527801334,1750165571
1.7497049570083618,1750165608.0,0.4235948324203491,1750165573
-1.0932433605194092,1750165609.0,0.6896489262580872,1750165573
0.1386639177799224,1750165609.0,0.0938136950135231,1750165573
1.3098219633102417,1750165609.0,-0.7228933572769165,1750165573
1.8611845970153809,1750165610.0,0.46806800365448,1750165573
0.0077368859201669,1750165610.0,1.0347900390625,1750165573
-0.4599453210830688,1750165612.0,-0.3903073072433471,1750165573
0.4233814477920532,1750165613.0,1.3697834014892578,1750165574
-0.4517641365528106,1750165614.0,-1.008940815925598,1750165574
-0.4610600471496582,1750165619.0,0.953043818473816,1750165574
0.5801526308059692,1750165620.0,0.7085205316543579,1750165575
1.9533103704452517,1750165620.0,-0.3625569939613342,1750165576
-1.2984933853149414,1750165621.0,-0.2398574203252792,1750165576
-0.6859710812568665,1750165623.0,-0.2534293830394745,1750165576
1.2978359460830688,1750165626.0,0.7310051321983337,1750165576
0.1972906738519668,1750165626.0,-0.3253683149814605,1750165576
-0.5150049924850464,1750165629.0,0.4615422487258911,1750165577
-1.152623414993286,1750165630.0,1.0874212980270386,1750165577
-0.400877445936203,1750165631.0,0.4209151864051819,1750165578
-0.1572205424308776,1750165633.0,-0.0422945208847522,1750165579
-0.3549912869930267,1750165634.0,-0.4558776617050171,1750165579
0.4070658981800079,1750165635.0,0.3107109069824219,1750165579
-0.5706175565719604,1750165635.0,-1.0502716302871704,1750165580
0.7544379830360413,1750165636.0,-1.5669060945510864,1750165581
-0.562319278717041,1750165637.0,-0.0764882341027259,1750165581
-0.0121877826750278,1750165638.0,0.0446885377168655,1750165581
0.9176404476165771,1750165639.0,0.3081731796264648,1750165582
0.7425996661186218,1750165641.0,-0.0585708282887935,1750165585
-1.055890440940857,1750165642.0,0.4084165692329407,1750165586
-0.5313669443130493,1750165642.0,-0.7273456454277039,1750165586
0.7172212600708008,1750165645.0,0.472732812166214,1750165586
-0.2806012630462646,1750165645.0,1.5424838066101074,1750165586
0.7582360506057739,1750165646.0,0.0536990277469158,1750165586
-0.4555984139442444,1750165646.0,1.510903000831604,1750165587
-1.813016057014465,1750165647.0,1.224200963973999,1750165588
0.4549904465675354,1750165647.0,-0.0084451297298073,1750165589
0.7896188497543335,1750165649.0,0.0930412039160728,1750165589
0.708151638507843,1750165650.0,-0.69223552942276,1750165589
-0.0133359506726264,1750165651.0,0.6993562579154968,1750165589
0.4202686250209808,1750165651.0,-0.1238518878817558,1750165590
0.5420219302177429,1750165651.0,1.2556514739990234,1750165591
0.1601065397262573,1750165652.0,0.5766375660896301,1750165591
-0.4370670318603515,1750165652.0,1.3993163108825684,1750165591
-0.6432573199272156,1750165653.0,0.1792944222688675,1750165592
1.0014022588729858,1750165654.0,-0.4580663442611694,1750165592
0.1013152003288269,1750165657.0,-0.6714668273925781,1750165592
-0.564603328704834,1750165657.0,-0.4525351226329803,1750165592
0.0143033033236861,1750165659.0,-0.6829545497894287,1750165592
-0.996652901172638,1750165661.0,-0.4128570556640625,1750165593
-22.23356819152832,1750165661.0,-0.3912080824375152,1750165594
-0.4422433376312256,1750165662.0,0.1360131353139877,1750165594
-0.6885785460472107,1750165663.0,-0.2916636168956756,1750165594
0.5891303420066833,1750165664.0,-0.4457779228687286,1750165594
0.6844630241394043,1750165665.0,-0.6641772389411926,1750165594
-0.0108754159882664,1750165669.0,1.2046258449554443,1750165594
1.4918373823165894,1750165671.0,-1.212190866470337,1750165595
0.4455978572368622,1750165671.0,0.2992435395717621,1750165596
0.4564016163349151,1750165672.0,-0.4180535078048706,1750165596
-0.2887763381004333,1750165672.0,1.4752734899520874,1750165597
-0.3698956370353699,1750165674.0,0.7052649259567261,1750165598
0.4629646241664886,1750165675.0,0.1067165359854698,1750165599
-0.2289336174726486,1750165677.0,0.7007033824920654,1750165600
-0.754571259021759,1750165680.0,-0.5803539156913757,1750165600
-0.2221311926841735,1750165685.0,0.2048477977514267,1750165601
0.5476774573326111,1750165685.0,-0.0701577886939048,1750165602
0.5028801560401917,1750165686.0,0.0386885441839695,1750165603
0.4234362244606018,1750165686.0,0.4924840331077575,1750165603
0.5017353296279907,1750165688.0,-0.4685367345809936,1750165604
0.0962646827101707,1750165690.0,0.3805260360240936,1750165604
-0.1183395981788635,1750165692.0,1.0560556650161743,1750165605
-0.3843651115894317,1750165693.0,0.7191129326820374,1750165606
-0.5380534529685974,1750165695.0,0.2838619947433471,1750165607
1.723905324935913,1750165697.0,0.0914965346455574,1750165607
0.5411805510520935,1750165697.0,1.0249998569488523,1750165607
0.6993551850318909,1750165698.0,-0.4119264185428619,1750165608
-0.4908771812915802,1750165699.0,0.0121477544307708,1750165608
-0.0006839292473159,1750165700.0,0.6918847560882568,1750165608
-0.7278860211372375,1750165703.0,-0.5512848496437073,1750165609
-1.949265956878662,1750165705.0,0.0481105893850326,1750165609
-0.8793113827705383,1750165705.0,-0.6719710826873779,1750165609
0.2031297832727432,1750165709.0,0.0586262792348861,1750165609
0.5446874499320984,1750165709.0,0.941741943359375,1750165609
-0.5565407276153564,1750165710.0,-0.0019034190336242,1750165610
0.5944033861160278,1750165711.0,0.6279493570327759,1750165610
-1.2582132816314695,1750165711.0,0.0044504846446216,1750165610
0.0065276962704956,1750165713.0,0.4085499346256256,1750165611
0.3016767501831054,1750165715.0,0.4373246133327484,1750165611
0.7883303761482239,1750165718.0,1.5425010919570925,1750165611
0.6843580007553101,1750165718.0,-0.863940954208374,1750165611
-0.0058663333766162,1750165719.0,0.448564350605011,1750165612
1.4556210041046145,1750165720.0,0.4633324742317199,1750165612
-1.0010939836502075,1750165721.0,-0.4209505319595337,1750165613
-0.7006869316101074,1750165723.0,0.4119095206260681,1750165613
0.1325556188821792,1750165723.0,-0.4429730176925659,1750165613
0.4316201508045196,1750165724.0,1.1941018104553225,1750165613
0.4767898321151733,1750165726.0,0.0446438901126384,1750165614
-0.0367001220583915,1750165728.0,-0.2009130418300628,1750165614
0.7007784247398376,1750165730.0,-0.4638295471668243,1750165615
-0.8022916316986084,1750165731.0,-0.9762818217277528,1750165616
-1.1746422052383425,1750165731.0,0.0211757402867078,1750165617
0.0426160879433155,1750165733.0,0.4499960541725158,1750165618
1.2262492179870603,1750165734.0,0.1150083616375923,1750165618
-0.7020370960235596,1750165735.0,-0.4696895182132721,1750165618
-0.7099152207374573,1750165735.0,-0.5058926343917847,1750165618
0.0319067053496837,1750165736.0,-0.5138819217681885,1750165619
-0.4355511367321014,1750165737.0,-0.4353662729263305,1750165619
0.5224756598472595,1750165738.0,0.5721583962440491,1750165619
-0.9879817366600036,1750165740.0,-0.2258082330226898,1750165619
0.4793562591075897,1750165741.0,0.1536828130483627,1750165619
-0.4193334877490997,1750165745.0,-0.4422142207622528,1750165620
-0.5690276622772217,1750165745.0,0.9522134065628052,1750165621
2.451222419738769,1750165745.0,-0.4712817072868347,1750165621
1.0734275579452517,1750165747.0,-0.473172664642334,1750165621
0.6280361413955688,1750165750.0,0.1977773159742355,1750165621
1.596689224243164,1750165751.0,-0.185596227645874,1750165623
1.6015126705169678,1750165752.0,0.9053042531013488,1750165624
1.0360350608825684,1750165754.0,1.2606384754180908,1750165624
0.6956700682640076,1750165754.0,0.7615280151367188,1750165625
2.589720726013184,1750165754.0,-0.0440824963152408,1750165627
-0.219799593091011,1750165755.0,0.5023594498634338,1750165627
-0.2882629632949829,1750165756.0,0.6529089212417603,1750165627
-0.4784352779388428,1750165757.0,-0.4178712964057922,1750165628
-0.9843299984931946,1750165758.0,-0.0006363353459164,1750165628
0.6964544057846069,1750165758.0,-0.7207531929016113,1750165628
0.0705457106232643,1750165759.0,0.6650293469429016,1750165629
0.7094531655311584,1750165759.0,-0.0074778161942958,1750165629
0.7150221467018127,1750165759.0,-0.7395809888839722,1750165629
0.6870154738426208,1750165760.0,-0.4552038609981537,1750165630
-0.6180184483528137,1750165762.0,0.9481098651885986,1750165630
-0.2659920156002044,1750165762.0,-0.6652140021324158,1750165630
1.098868489265442,1750165762.0,-0.9213624000549316,1750165634
-0.4614129662513733,1750165763.0,-0.0722049623727798,1750165635
-0.7019433975219727,1750165764.0,0.413381963968277,1750165635
-0.2196239084005355,1750165766.0,-0.6303389072418213,1750165635
-0.2369695752859115,1750165766.0,-0.7271243929862976,1750165636
0.4117318093776703,1750165766.0,0.4086464941501617,1750165636
-0.6606284379959106,1750165772.0,-1.0264254808425903,1750165636
-0.6919974684715271,1750165772.0,-0.4635514616966247,1750165637
1.219451665878296,1750165772.0,-0.4403627812862396,1750165637
-0.7113435864448547,1750165774.0,-0.7135552763938904,1750165637
0.5727840662002563,1750165783.0,-0.4136872291564941,1750165637
0.4192927777767181,1750165784.0,0.0709157213568687,1750165637
-0.73068767786026,1750165785.0,-0.4661581218242645,1750165637
1.1271511316299438,1750165785.0,-0.6898609399795532,1750165638
1.238328218460083,1750165788.0,-1.5540300607681274,1750165638
-0.7136806845664978,1750165789.0,-0.7347067594528198,1750165639
0.4311918020248413,1750165789.0,0.0524568259716033,1750165639
-1.21980082988739,1750165790.0,0.713190495967865,1750165640
-0.4592665731906891,1750165792.0,-0.4384524822235107,1750165640
-1.0560368299484253,1750165792.0,0.2732064723968506,1750165641
1.3465906381607056,1750165792.0,-0.6217361688613892,1750165642
0.2486693710088729,1750165793.0,0.6944528222084045,1750165642
0.062612697482109,1750165794.0,0.1100380793213844,1750165642
-0.2929455935955047,1750165797.0,-0.0020865213591605,1750165645
0.1717608422040939,1750165803.0,0.0627984553575515,1750165646
-3.773778200149536,1750165804.0,0.633438766002655,1750165646
0.3916559219360351,1750165805.0,0.0407836623489856,1750165646
0.2195983231067657,1750165808.0,-0.0926597192883491,1750165648
-0.3742769062519073,1750165809.0,1.2298121452331543,1750165649
0.7714617252349854,1750165809.0,1.0606151819229126,1750165649
-0.5852734446525574,1750165810.0,0.65012127161026,1750165650
1.2850794792175293,1750165811.0,0.0126876598224043,1750165651
-0.8604468703269958,1750165812.0,0.0761571526527404,1750165652
-0.0879502072930336,1750165813.0,0.4196971654891968,1750165652
1.1542176008224487,1750165814.0,1.191187858581543,1750165653
0.4555490016937256,1750165816.0,-0.3177125453948974,1750165653
0.5933482050895691,1750165818.0,0.4308594167232513,1750165653
-1.1522225141525269,1750165818.0,-0.7331453561782837,1750165653
-0.7404963374137878,1750165819.0,-1.308690309524536,1750165654
-0.4175898730754852,1750165819.0,0.7085655927658081,1750165654
0.2115282118320465,1750165819.0,-0.4201491475105285,1750165655
0.6151472330093384,1750165821.0,-0.3629600405693054,1750165655
20.1646728515625,1750165822.0,-0.4322329759597778,1750165655
-0.2937959730625152,1750165823.0,0.0428710244596004,1750165655
1.0476279258728027,1750165823.0,0.4337127208709717,1750165655
0.820000410079956,1750165824.0,0.960146188735962,1750165656
-0.0440900139510631,1750165826.0,-0.4595367908477783,1750165656
0.4201167523860931,1750165827.0,-0.451121062040329,1750165657
0.6678385138511658,1750165827.0,1.052588939666748,1750165657
-0.0537040308117866,1750165829.0,-1.66231107711792,1750165657
-0.4667314887046814,1750165829.0,1.036328673362732,1750165658
0.118357241153717,1750165830.0,-0.011641395278275,1750165659
0.8639841675758362,1750165831.0,0.511341392993927,1750165660
0.7148014903068542,1750165831.0,-0.3558728098869324,1750165660
1.6075294017791748,1750165831.0,-0.4647201001644134,1750165660
0.3999098241329193,1750165832.0,-0.3972556889057159,1750165660
-1.34217631816864,1750165832.0,0.6798998117446899,1750165661
-1.78495991230011,1750165833.0,0.4559274315834045,1750165661
0.4563844799995422,1750165836.0,1.3747179508209229,1750165661
-0.1430542767047882,1750165838.0,0.4672296047210693,1750165662
0.4595879316329956,1750165839.0,0.0003050195518881,1750165662
-0.5266671776771545,1750165841.0,0.9664105772972108,1750165662
-0.4080719351768493,1750165842.0,-0.1253810673952102,1750165662
-1.0929256677627563,1750165842.0,-0.4500991404056549,1750165663
-0.0352711863815784,1750165842.0,-0.0053072110749781,1750165663
0.339664101600647,1750165843.0,-0.0789244174957275,1750165663
0.7845383286476135,1750165843.0,0.5986891388893127,1750165663
-0.3725763261318207,1750165844.0,0.778720498085022,1750165664
-0.4054252505302429,1750165844.0,0.6966627836227417,1750165665
0.0099758123978972,1750165846.0,0.1449471563100814,1750165665
0.4235203266143799,1750165847.0,-1.0755047798156738,1750165666
-0.5112484693527222,1750165847.0,-0.1917844712734222,1750165666
-0.4055008888244629,1750165848.0,0.0811599269509315,1750165667
0.4473650455474853,1750165849.0,0.0016062547219917,1750165667
-1.5570902824401855,1750165850.0,-0.4365236163139343,1750165667
-0.3042620420455932,1750165850.0,0.0671484097838401,1750165669
-0.3051131069660187,1750165852.0,-0.0004331645322963,1750165670
1.033129096031189,1750165854.0,0.5338073968887329,1750165670
-0.4388855993747711,1750165855.0,0.4988948106765747,1750165671
-0.5037524700164795,1750165855.0,0.7135523557662964,1750165671
0.0597350671887397,1750165855.0,-0.0939509272575378,1750165671
-0.6534210443496704,1750165856.0,-0.4664056599140167,1750165672
-0.4634779989719391,1750165858.0,-0.1758294254541397,1750165672
-0.5538777112960815,1750165858.0,-2.066423892974853,1750165672
0.8911606669425964,1750165858.0,0.2544292211532593,1750165673
-0.4646413326263428,1750165859.0,0.3316622972488403,1750165674
0.3894857466220855,1750165861.0,-0.789789080619812,1750165674
-0.6215941905975342,1750165862.0,-0.0691296681761741,1750165674
-0.0958787575364112,1750165863.0,0.5383710265159607,1750165675
-2.282254219055176,1750165866.0,0.4966186583042145,1750165676
-0.7993486523628235,1750165867.0,1.0671037435531616,1750165676
0.5518040657043457,1750165867.0,-0.7110709547996521,1750165676
0.3751220107078552,1750165867.0,0.4325717985630035,1750165677
0.33107590675354,1750165867.0,0.0063288151286542,1750165678
0.6892289519309998,1750165871.0,-0.012436144053936,1750165678
-0.4884625375270843,1750165872.0,-0.0640909224748611,1750165678
-0.4554378986358642,1750165872.0,-0.68670654296875,1750165678
-1.0844119787216189,1750165874.0,-0.2732653617858886,1750165678
0.4402302503585815,1750165874.0,0.4685633778572082,1750165678
1.0756011009216309,1750165876.0,0.0758325979113578,1750165679
0.108187086880207,1750165878.0,-0.3182894587516784,1750165679
0.7131618857383728,1750165880.0,0.6965036988258362,1750165679
-0.459478348493576,1750165881.0,0.3971173167228699,1750165679
-0.5119699239730835,1750165883.0,0.3441778421401977,1750165679
1.570759415626526,1750165885.0,-0.1726124584674835,1750165679
-0.1091249957680702,1750165886.0,0.5936691761016846,1750165679
0.4436180591583252,1750165887.0,0.469037652015686,1750165679
0.6866468191146851,1750165889.0,-0.0699810832738876,1750165681
0.7033181190490723,1750165889.0,0.0241725519299507,1750165682
-0.0158469695597887,1750165889.0,-0.2065552175045013,1750165682
-0.5160661935806274,1750165890.0,0.2573749125003814,1750165682
0.3300489783287048,1750165893.0,0.4253750443458557,1750165682
0.638893723487854,1750165893.0,0.5743811130523682,1750165682
-0.984156370162964,1750165895.0,-0.4458248913288116,1750165683
0.4301494061946869,1750165896.0,0.1093418225646019,1750165684
-1.1510367393493652,1750165899.0,0.0207560732960701,1750165685
-0.8885819911956787,1750165899.0,0.6605172157287598,1750165685
0.0395354963839054,1750165899.0,-1.7347663640975952,1750165685
0.6695860028266907,1750165905.0,0.668471097946167,1750165685
0.2945682406425476,1750165905.0,-1.6368114948272705,1750165685
-1.1523035764694214,1750165906.0,0.0150745818391442,1750165686
-0.6942670345306396,1750165906.0,-0.5705623030662537,1750165686
1.3118290901184082,1750165908.0,-0.0145823946222662,1750165687
-0.1093800067901611,1750165908.0,-0.7332609295845032,1750165687
0.4174140095710754,1750165910.0,-0.6954477429389954,1750165687
-0.105130486190319,1750165912.0,0.0833805799484252,1750165687
0.6928857564926147,1750165912.0,-0.426286906003952,1750165688
0.6955961585044861,1750165914.0,-0.7176027894020081,1750165688
-1.3238929510116575,1750165916.0,0.4545025527477264,1750165688
1.558785915374756,1750165917.0,0.4274855852127075,1750165689
0.492014616727829,1750165918.0,-1.2512764930725098,1750165689
-0.6331576704978943,1750165918.0,0.0667247325181961,1750165689
0.5550808310508728,1750165919.0,0.4561249017715454,1750165689
-0.4093882143497467,1750165920.0,-0.6844519972801208,1750165690
0.2260360717773437,1750165920.0,-0.1719381213188171,1750165690
-1.3702073097229004,1750165920.0,0.7806612253189087,1750165690
-0.3899460136890411,1750165923.0,0.6927328109741211,1750165691
0.4117399454116821,1750165924.0,0.4655898213386535,1750165691
-0.7066348195075989,1750165926.0,0.3809460997581482,1750165691
1.882235646247864,1750165926.0,0.680578887462616,1750165693
-1.6980791091918943,1750165926.0,0.6571643948554993,1750165693
-0.5834134817123413,1750165926.0,1.0565595626831057,1750165693
-0.4224368333816528,1750165928.0,0.7335734367370605,1750165694
-0.2554758787155151,1750165931.0,-1.825566411018372,1750165694
-0.7127965092658997,1750165933.0,0.442193329334259,1750165694
0.6549766659736633,1750165933.0,0.2681023776531219,1750165695
-0.4430983960628509,1750165934.0,0.616947591304779,1750165695
0.5063794851303101,1750165935.0,-0.0571960024535656,1750165695
0.0787139236927032,1750165939.0,-0.142791286110878,1750165695
0.1350052505731582,1750165941.0,0.283265084028244,1750165696
1.1664066314697266,1750165944.0,-0.5691523551940918,1750165696
0.0031463282648473,1750165945.0,1.1500239372253418,1750165697
-0.7310975790023804,1750165947.0,0.4721489250659942,1750165697
0.4663188755512237,1750165947.0,-0.2496944069862365,1750165697
-0.168742761015892,1750165951.0,-0.2812793552875519,1750165698
-0.6142545342445374,1750165953.0,0.6871157288551331,1750165698
0.6652594208717346,1750165953.0,-0.2575243711471557,1750165698
-0.5086575746536255,1750165955.0,0.7308028340339661,1750165699
0.4150125384330749,1750165955.0,-0.432913213968277,1750165699
0.4144836962223053,1750165956.0,0.6574315428733826,1750165700
1.2670198678970337,1750165956.0,-1.2590750455856323,1750165700
0.1322255283594131,1750165959.0,-0.7009581327438354,1750165701
0.0199351087212562,1750165960.0,0.5856979489326477,1750165701
0.635152280330658,1750165961.0,0.5701615214347839,1750165701
0.1856573522090912,1750165961.0,0.4634523391723633,1750165702
-0.7224283218383789,1750165961.0,0.4259487688541412,1750165702
0.4604702591896057,1750165964.0,-0.2323516905307769,1750165704
-0.6935134530067444,1750165965.0,-0.0587382651865482,1750165704
-0.1631020009517669,1750165967.0,-0.1716806441545486,1750165705
-0.713504433631897,1750165967.0,-0.0786423683166503,1750165705
0.6949031352996826,1750165967.0,-0.7467033863067627,1750165706
1.4007773399353027,1750165968.0,-0.7692393660545349,1750165706
1.142279028892517,1750165968.0,0.0863381028175354,1750165707
0.990101158618927,1750165968.0,-1.0597786903381348,1750165707
-0.5272669792175293,1750165969.0,0.4162894785404205,1750165707
0.4154439866542816,1750165970.0,-0.8594141006469727,1750165707
0.7614176869392395,1750165970.0,1.122834324836731,1750165708
-0.3726548552513122,1750165970.0,-1.0624375343322754,1750165708
-0.7464497089385986,1750165972.0,-0.94768089056015,1750165710
-0.2426332086324691,1750165972.0,-1.16052508354187,1750165711
-0.6790652871131897,1750165972.0,-1.0537513494491575,1750165711
1.0692070722579956,1750185526.0,-0.4345392882823944,1750165711
-0.1442688703536987,1750185527.0,0.639365553855896,1750165711
-0.7376543283462524,1750185528.0,1.0020383596420288,1750165712
5.8923659324646,1750185528.0,0.7137139439582825,1750165713
-0.0630624443292617,1750185529.0,0.4279197156429291,1750165713
0.0571259297430515,1750185533.0,-0.6002084016799927,1750165713
-0.4232451021671295,1750185534.0,-0.4788683652877807,1750165713
0.6564707159996033,1750185534.0,0.6633744835853577,1750165713
0.0168084390461444,1750185535.0,-0.6911623477935791,1750165713
-1.2413471937179563,1750185538.0,-0.6048972010612488,1750165713
0.4542880654335022,1750185538.0,-1.154786229133606,1750165713
-0.0357062369585037,1750185539.0,-0.4429425001144409,1750165714
0.5278684496879578,1750185540.0,0.273990124464035,1750165714
0.511273205280304,1750185542.0,0.4351979494094848,1750165715
-0.7118461728096008,1750185542.0,0.3871746361255646,1750165716
0.6576786041259766,1750185545.0,0.4757529497146606,1750165717
0.4823187887668609,1750185549.0,-0.4404547810554504,1750165718
-0.7174696326255798,1750185549.0,0.0295464172959327,1750165719
0.5607172846794128,1750185549.0,-0.4213424026966095,1750165719
-0.170309916138649,1750185549.0,0.4744099080562591,1750165720
0.4936196804046631,1750185550.0,-1.0838687419891355,1750165720
0.3260501325130462,1750185551.0,0.5396624207496643,1750165720
0.628230094909668,1750185552.0,-0.4178469777107239,1750165721
0.1023253798484802,1750185553.0,-0.1772753000259399,1750165721
-0.6944808959960938,1750185555.0,0.0049638636410236,1750165721
-0.6324119567871094,1750185555.0,-0.686689019203186,1750165721
0.4498999714851379,1750185556.0,0.4474915862083435,1750165721
1.105330467224121,1750185559.0,0.5704114437103271,1750165722
-1.0956964492797852,1750185560.0,1.280730962753296,1750165722
-0.7136455774307251,1750185561.0,0.0494220107793808,1750165722
0.0045290798880159,1750185562.0,-0.0034828188363462,1750165722
-1.2437362670898438,1750185563.0,0.4580124020576477,1750165723
0.7145435810089111,1750185564.0,1.3658182621002195,1750165723
1.637505054473877,1750185564.0,0.4646717607975006,1750165724
0.4146559238433838,1750185564.0,0.3356365263462066,1750165724
-0.4182823300361633,1750185565.0,-0.6936144232749939,1750165725
6.0760273933410645,1750185565.0,-0.6305373907089233,1750165725
0.3297339081764221,1750185565.0,-0.5736228823661804,1750165725
-0.620337188243866,1750185567.0,0.7209344506263733,1750165725
-0.4422933459281921,1750185568.0,-0.0077346093021333,1750165726
0.4868161976337433,1750185569.0,-0.6127075552940369,1750165726
0.4320623874664306,1750185569.0,0.4557614326477051,1750165727
-0.7058340907096863,1750185572.0,0.4503108859062195,1750165727
-0.7223857641220093,1750185573.0,0.477914035320282,1750165728
-0.0067659700289368,1750185576.0,-0.6492780447006226,1750165728
0.6493311524391174,1750185577.0,-0.4537675976753235,1750165728
0.6008267402648926,1750185580.0,-1.5616058111190796,1750165728
0.1400816291570663,1750185581.0,-0.1350867748260498,1750165730
-0.3743813335895538,1750185581.0,-1.6172499656677246,1750165730
0.0552137307822704,1750185582.0,0.5159838795661926,1750165732
-0.4178587794303894,1750185582.0,-0.487429141998291,1750165733
-1.1249268054962158,1750185584.0,-0.5577043294906616,1750165733
-0.2275548875331878,1750185586.0,0.4176362156867981,1750165734
0.3504373133182525,1750185587.0,0.4387422800064087,1750165736
0.296399712562561,1750185588.0,-0.3976376354694366,1750165736
-0.5708572268486023,1750185588.0,0.3320973515510559,1750165736
0.4684858918190002,1750185590.0,-0.4238670170307159,1750165736
2.7526700496673584,1750185590.0,-1.099953055381775,1750165736
1.0522533655166626,1750185591.0,-1.277434229850769,1750165737
-0.7134554982185364,1750185595.0,-0.7446746230125427,1750165737
1.1577905416488647,1750185595.0,-0.1489076018333435,1750165737
0.596015453338623,1750185595.0,0.0004889643169008,1750165737
-0.4881404936313629,1750185596.0,0.16520556807518,1750165738
1.817137718200684,1750185596.0,-0.6768078804016113,1750165739
0.4005012214183807,1750185597.0,-0.4896453022956848,1750165740
-0.6960330605506897,1750185598.0,-0.1150130331516265,1750165740
0.4807741940021515,1750185599.0,0.5315313935279846,1750165740
-0.7051340341567993,1750185599.0,-0.8596168160438538,1750165741
0.425270140171051,1750185600.0,-0.0130545170977711,1750165741
0.5814284682273865,1750185603.0,-0.2014504671096801,1750165741
-0.449544221162796,1750185604.0,-0.5656347274780273,1750165743
-0.6193177103996277,1750185605.0,0.7621356248855591,1750165743
0.1924313306808471,1750185605.0,-1.0276730060577393,1750165743
-0.6580355763435364,1750185612.0,-0.3461439609527588,1750165743
-1.0569485425949097,1750185612.0,-0.4812154173851013,1750165743
0.3356640934944153,1750185613.0,0.0170650109648704,1750165743
0.4406568706035614,1750185615.0,3.866575002670288,1750165743
0.4704301059246063,1750185616.0,0.3275645077228546,1750165744
-0.7150297164916992,1750185617.0,0.5701286196708679,1750165744
0.5315579771995544,1750185617.0,-0.0944667980074882,1750165744
0.9108012318611144,1750185618.0,-0.7194775938987732,1750165744
-0.2753795683383941,1750185618.0,-0.7565320730209351,1750165745
-0.0137186590582132,1750185619.0,-0.4607467651367187,1750165745
-0.2933433353900909,1750185620.0,1.2905960083007812,1750165745
0.6910732984542847,1750185621.0,0.1068504601716995,1750165746
-1.610334873199463,1750185622.0,-1.0264345407485962,1750165747
0.4828437268733978,1750185624.0,-0.463822603225708,1750165747
-0.7536452412605286,1750185625.0,0.4195835888385772,1750165747
-0.6775418519973755,1750185625.0,-0.3995987772941589,1750165748
0.4332740008831024,1750185626.0,0.0961655899882316,1750165748
0.743628740310669,1750185626.0,1.5886493921279907,1750165748
-0.4768963456153869,1750185627.0,0.0773009061813354,1750165749
0.6777712106704712,1750185628.0,1.3265610933303833,1750165749
-0.4552610516548157,1750185628.0,-1.2579519748687744,1750165750
0.6645374894142151,1750185631.0,-0.8611034154891968,1750165751
0.0273100808262825,1750185632.0,-0.2711973190307617,1750165751
1.1635116338729858,1750185634.0,-0.4614681005477905,1750165751
-0.4386901259422302,1750185635.0,-0.7799254059791565,1750165752
-0.7247193455696106,1750185635.0,0.7065762877464294,1750165752
-0.1224857494235038,1750185636.0,-0.883659839630127,1750165753
1.2011562585830688,1750185637.0,0.3629809021949768,1750165753
-0.113411858677864,1750185638.0,-0.430000752210617,1750165754
-1.285663366317749,1750185638.0,1.2848920822143557,1750165754
0.0543446652591228,1750185640.0,1.0899356603622437,1750165754
0.8644130229949951,1750185640.0,0.464712381362915,1750165756
-0.6893561482429504,1750185641.0,-0.0098796961829066,1750165757
0.5962383151054382,1750185641.0,-0.95207017660141,1750165757
-0.5269591808319092,1750185643.0,-0.0809433683753013,1750165757
1.1125080585479736,1750185645.0,0.632698655128479,1750165757
-1.128437042236328,1750185646.0,-0.617973804473877,1750165757
1.2570830583572388,1750185647.0,0.7995267510414124,1750165757
1.11973237991333,1750185647.0,-0.0874743238091468,1750165758
0.4420066773891449,1750185649.0,-0.5263354182243347,1750165758
-0.4455947279930115,1750185651.0,-0.4273779392242431,1750165759
0.6846720576286316,1750185652.0,0.3988384008407593,1750165759
0.5402362942695618,1750185652.0,0.2096354365348816,1750165760
0.6782797574996948,1750185652.0,-0.529096245765686,1750165760
-0.8909913897514343,1750185652.0,-0.7363797426223755,1750165760
0.7336180806159973,1750185653.0,-0.5572363138198853,1750165761
-1.0310319662094116,1750185654.0,0.527762234210968,1750165763
-0.6377624869346619,1750185654.0,-0.1639597713947296,1750165763
-1.3076156377792358,1750185654.0,-0.7137144804000854,1750165764
0.6635554432868958,1750185657.0,0.0648293271660804,1750165764
-1.064072608947754,1750185658.0,0.5749801397323608,1750165766
-0.3637655675411224,1750185658.0,0.4512209892272949,1750165766
-0.7592572569847107,1750185658.0,0.0370083004236221,1750165767
0.0797435492277145,1750185659.0,0.662636935710907,1750165767
-0.2897616624832153,1750185660.0,0.1561104953289032,1750165767
1.840144753456116,1750185661.0,0.0611350908875465,1750165769
-0.4211158752441406,1750185662.0,1.1150996685028076,1750165769
-0.6681725978851318,1750185662.0,-1.5160939693450928,1750165769
1.0003001689910889,1750185664.0,0.4259945154190063,1750165769
0.0231571421027183,1750185665.0,-0.3224614262580871,1750165770
0.7213701605796814,1750185666.0,0.483847826719284,1750165771
-0.3853119909763336,1750185666.0,-0.6655258536338806,1750165771
0.9302337765693665,1750185666.0,-0.6825321316719055,1750165771
0.0072909286245703,1750185669.0,0.283813327550888,1750165771
-0.506991982460022,1750185669.0,0.4563424289226532,1750165773
-1.1526837348937988,1750185669.0,0.752077043056488,1750165773
1.0846190452575684,1750185670.0,1.305872917175293,1750165774
1.2370805740356443,1750185671.0,-0.5049713850021362,1750165774
-0.1566165685653686,1750185675.0,-0.4907856583595276,1750165774
-0.2862040102481842,1750185677.0,0.4489735066890716,1750165775
-0.4260664582252502,1750185678.0,0.4093962609767914,1750165775
-0.3996068239212036,1750185678.0,-0.004057643469423,1750165776
0.0476013422012329,1750185678.0,-0.4151630103588104,1750165776
-0.6989710330963135,1750185679.0,0.6592327952384949,1750165776
0.4105817973613739,1750185680.0,-0.0766545981168747,1750165777
-0.4074986279010772,1750185680.0,-0.1597064584493637,1750165777
1.0227988958358765,1750185683.0,0.0588221214711666,1750165777
0.4819016754627228,1750185683.0,0.4629952609539032,1750165777
-1.1425386667251587,1750185683.0,0.2499690949916839,1750165778
1.047511100769043,1750185685.0,-0.7754966616630554,1750165778
-0.7150695323944092,1750185687.0,-0.7182452082633972,1750165778
1.1576321125030518,1750185687.0,-0.4536137580871582,1750165779
0.7957316040992737,1750185687.0,0.7512332201004028,1750165779
0.406142920255661,1750185688.0,0.1537070125341415,1750165780
1.0147781372070312,1750185688.0,-1.2953927516937256,1750165780
0.4602141976356506,1750185689.0,-0.0906835719943046,1750165781
1.6265233755111694,1750185690.0,-0.5615065693855286,1750165782
-0.1851858347654342,1750185690.0,-0.482165664434433,1750165782
0.5404682755470276,1750185691.0,0.1318957060575485,1750165784
0.7443625330924988,1750185691.0,-0.2611116468906402,1750165784
1.5132521390914917,1750185693.0,0.4821850657463074,1750165785
0.7322609424591064,1750185696.0,-0.2826683521270752,1750165786
0.9618493914604188,1750185697.0,0.0122518613934516,1750165786
1.397794485092163,1750185697.0,-0.0335482768714427,1750165786
1.172008991241455,1750185698.0,-0.0326023064553737,1750165786
-0.0013829615199938,1750185699.0,-0.0015595087315887,1750165787
0.6974999308586121,1750185700.0,-0.6492989659309387,1750165787
-0.4935833811759949,1750185702.0,-0.6586068272590637,1750165787
-0.3413871228694916,1750185704.0,0.5760308504104614,1750165787
-0.6641001105308533,1750185704.0,1.214105486869812,1750165788
0.4437862634658813,1750185704.0,-0.3831709623336792,1750165789
1.169053077697754,1750185706.0,0.0346860215067863,1750165789
0.3355027735233307,1750185706.0,0.3434782028198242,1750165790
0.7123417854309082,1750185706.0,0.4560081958770752,1750165791
-0.5867264866828918,1750185708.0,0.3662889897823334,1750165791
-0.5074743032455444,1750185708.0,-0.1013237610459327,1750165793
1.0102804899215698,1750185710.0,-0.6578091979026794,1750165793
2.8989717960357666,1750185711.0,1.2896318435668943,1750165793
-0.4686282873153686,1750185712.0,-0.7058789730072021,1750165793
0.3933459222316742,1750185714.0,0.4396019577980041,1750165795
0.0084959790110588,1750185715.0,-0.0004401567275635,1750165796
0.4839202165603637,1750185715.0,-1.1384538412094116,1750165796
0.0803306773304939,1750185716.0,0.0376334674656391,1750165796
0.8547061681747437,1750185718.0,-0.0067913043312728,1750165798
0.7334306240081787,1750185718.0,0.9605833888053894,1750165798
1.150170087814331,1750185720.0,-0.4614282250404358,1750165799
-0.5573654770851135,1750185720.0,-0.6263769268989563,1750165799
-0.6382936835289001,1750185721.0,-0.0785172507166862,1750165800
1.6565181016921997,1750185721.0,-0.1003964394330978,1750165800
0.743453860282898,1750185723.0,-1.370462417602539,1750165800
0.0931547209620475,1750185723.0,0.7170405387878418,1750165801
-0.7005898356437683,1750185723.0,-0.5820378065109253,1750165802
0.5838086009025574,1750185724.0,-0.973398745059967,1750165803
-0.7338902354240417,1750185725.0,-0.2162931859493255,1750165804
-0.8089613318443298,1750185725.0,-0.5797348022460938,1750165804
-1.5094525814056396,1750185727.0,0.4221720397472381,1750165805
-0.7649195790290833,1750185728.0,0.5064074993133545,1750165805
-0.6831745505332947,1750185728.0,0.2035284638404846,1750165805
-0.5950713157653809,1750185729.0,0.7153270840644836,1750165805
-0.4499251246452331,1750185732.0,-0.7395907640457153,1750165805
-1.2713782787322998,1750185733.0,0.4546011388301849,1750165806
-0.4749729037284851,1750185734.0,0.0168714169412851,1750165806
0.6967127919197083,1750185736.0,-0.4584831893444061,1750165806
0.6618078351020813,1750185736.0,-0.042666520923376,1750165807
0.7187128067016602,1750185736.0,-0.3324043452739715,1750165807
0.4941323399543762,1750185740.0,0.0982201099395752,1750165807
0.4077416062355041,1750185741.0,0.9229369759559632,1750165808
0.2641248703002929,1750185743.0,1.0837366580963137,1750165808
0.5322283506393433,1750185744.0,-0.3821007311344147,1750165809
1.3740988969802856,1750185745.0,-0.9646682739257812,1750165809
-0.3112092614173889,1750185747.0,0.3704484105110168,1750165809
-1.4032667875289917,1750185748.0,0.4676486551761627,1750165809
0.4832265675067901,1750185748.0,-0.70824134349823,1750165809
-0.7682192325592041,1750185749.0,0.0653769299387931,1750165809
0.0997999757528305,1750185750.0,0.0165294297039508,1750165810
-0.4301368296146393,1750185752.0,0.330687552690506,1750165810
-1.2728910446166992,1750185754.0,-0.0222896244376897,1750165810
0.2433285266160965,1750185754.0,0.4081150591373443,1750165810
-0.496262788772583,1750185756.0,0.4297460615634918,1750165811
-0.4926574230194092,1750185756.0,0.3502990305423736,1750165811
0.706305205821991,1750185757.0,-0.0265771672129631,1750165811
-0.627723753452301,1750185758.0,-0.3385855257511139,1750165811
-0.7499421834945679,1750185758.0,1.0469648838043213,1750165811
0.6325889229774475,1750185758.0,0.749800443649292,1750165813
-1.5242359638214111,1750185759.0,0.3863615691661834,1750165813
0.7687440514564514,1750185759.0,-0.4141819477081299,1750165814
-0.6974332928657532,1750185763.0,-0.6126523017883301,1750165814
-0.6890621185302734,1750185763.0,0.1653132140636444,1750165814
-0.1910994201898574,1750185765.0,-0.8472824692726135,1750165815
0.7643439769744873,1750185765.0,0.4606364667415619,1750165815
-1.892505764961243,1750185767.0,-0.5617772936820984,1750165815
0.3773959279060364,1750185768.0,0.6957878470420837,1750165815
-0.6602573394775391,1750185768.0,0.710824728012085,1750165816
-0.0987320840358734,1750185771.0,0.4682185351848602,1750165818
-0.0661504790186882,1750185771.0,-0.7518993020057678,1750165818
0.723054826259613,1750185772.0,0.8084703683853149,1750165818
-0.0606854893267154,1750185775.0,0.7000505924224854,1750165819
-0.0450448803603649,1750185775.0,0.4338435530662536,1750165819
0.6893768310546875,1750185775.0,0.0948809683322906,1750165819
0.2551944553852081,1750185777.0,0.0805160328745842,1750165819
0.2497375160455703,1750185777.0,0.3935751914978027,1750165820
-0.4133145809173584,1750185778.0,-0.5250462889671326,1750165820
0.6759851574897766,1750185778.0,-0.0021249447017908,1750165821
-0.4495366811752319,1750185779.0,0.0097510106861591,1750165821
-0.1595823317766189,1750185780.0,0.3249989151954651,1750165821
0.4199636280536651,1750185782.0,-0.1235309094190597,1750165822
0.8550785779953003,1750185783.0,0.0282190889120101,1750165822
0.4686935842037201,1750185786.0,0.4879471361637115,1750165822
0.5143024921417236,1750185787.0,0.7225273251533508,1750165823
1.1707605123519895,1750185792.0,-0.0338052362203598,1750165823
0.4577296674251556,1750185792.0,0.7448220252990723,1750165824
0.6707545518875122,1750185793.0,-0.2036974281072616,1750165824
-0.4605254530906677,1750185794.0,0.4576440155506134,1750165825
0.4256151616573334,1750185794.0,-0.2288548946380615,1750165825
-0.07737897336483,1750185796.0,0.0939277336001396,1750165826
0.2628758549690246,1750185797.0,0.4961984157562256,1750165827
1.615617752075195,1750185797.0,0.1806620806455612,1750165828
-0.7106150984764099,1750185798.0,1.6103918552398682,1750165828
1.277996063232422,1750185798.0,-0.4780728220939636,1750165828
0.2484379857778549,1750185801.0,-1.399176836013794,1750165829
-0.1021849140524864,1750185801.0,1.169609785079956,1750165829
-0.2837295532226562,1750185802.0,-0.0398163236677646,1750165829
0.3285476565361023,1750185802.0,0.1195036843419075,1750165829
-0.6645452976226807,1750185803.0,0.0946969836950302,1750165830
-1.0586856603622437,1750185803.0,-0.4508918523788452,1750165830
0.4590197205543518,1750185804.0,0.2254924327135086,1750165831
-0.686006486415863,1750185804.0,0.105988785624504,1750165831
-0.8073357343673706,1750185805.0,0.3963854610919952,1750165831
0.7274476885795593,1750185806.0,0.1312186270952224,1750165832
0.7557560801506042,1750185807.0,-0.0091180494055151,1750165832
0.5349603891372681,1750185808.0,-0.3719517886638641,1750165832
-0.7018978595733643,1750185810.0,0.6375647783279419,1750165833
0.698889970779419,1750185810.0,0.0368436835706234,1750165833
-0.2181733399629593,1750185812.0,0.3461892008781433,1750165833
1.1785669326782229,1750185813.0,-0.455184668302536,1750165833
-0.2514386773109436,1750185814.0,0.1402624398469925,1750165834
-0.6454080939292908,1750185814.0,0.7840353846549988,1750165834
0.1924397349357605,1750185815.0,0.5767474174499512,1750165834
2.147921323776245,1750185815.0,-0.447004109621048,1750165835
0.2536351978778839,1750185815.0,1.2087409496307373,1750165835
-0.2970283627510071,1750185816.0,0.1070061847567558,1750165835
-0.4195253849029541,1750185817.0,1.5905708074569702,1750165836
0.387638509273529,1750185817.0,0.2632802724838257,1750165838
-0.146832674741745,1750185818.0,0.4574244618415832,1750165839
0.501531720161438,1750185819.0,-0.1939664483070373,1750165840
0.3762063086032867,1750185819.0,0.6376857757568359,1750165841
-0.9144455790519714,1750185821.0,-0.6557524800300598,1750165841
0.6760900616645813,1750185822.0,0.4645335972309112,1750165841
0.5918148756027222,1750185822.0,-0.6947223544120789,1750165842
0.2614140510559082,1750185823.0,0.037199106067419,1750165843
-0.0996605828404426,1750185824.0,-0.5764492750167847,1750165844
-0.6623712182044983,1750185826.0,0.3720307648181915,1750165844
-0.4871351718902588,1750185827.0,0.719639003276825,1750165844
0.1884144395589828,1750185828.0,0.1862944662570953,1750165845
-0.000448835780844,1750185829.0,-0.4410574436187744,1750165845
0.3835052847862243,1750185832.0,-0.070637509226799,1750165845
-0.0053809373639523,1750185834.0,0.3674255609512329,1750165846
1.5159146785736084,1750185835.0,-0.4060623049736023,1750165846
-1.1599140167236328,1750185836.0,-0.1563823223114013,1750165847
-0.5775241255760193,1750185837.0,-2.4444093704223637,1750165848
0.5914307236671448,1750185838.0,0.3660475611686706,1750165848
-0.6758952736854553,1750185839.0,0.7047566175460815,1750165850
-0.6835957169532776,1750185840.0,0.0716421604156494,1750165850
0.5708951950073242,1750185841.0,0.679959237575531,1750165851
0.7191712856292725,1750185843.0,-0.7401862740516663,1750165851
1.0933107137680054,1750185844.0,-0.7665523290634155,1750165851
0.2421173751354217,1750185844.0,0.4297338426113128,1750165851
-0.1680435836315155,1750185844.0,-0.6706159710884094,1750165852
1.0563726425170898,1750185846.0,-0.6552237868309021,1750165852
-0.4568698108196258,1750185848.0,-0.4132042229175567,1750165853
1.0433720350265503,1750185848.0,-1.097208857536316,1750165853
1.4987328052520752,1750185849.0,0.4512939155101776,1750165853
0.1377442777156829,1750185850.0,0.4691818058490753,1750165853
0.4116832613945007,1750185850.0,-0.0356675498187541,1750165853
0.0153249893337488,1750185850.0,-0.026589386165142,1750165854
-0.5938811302185059,1750185851.0,-0.469438761472702,1750165855
1.701560139656067,1750185851.0,-1.513717770576477,1750165855
-0.7495239973068237,1750185852.0,0.1752568036317825,1750165856
1.1498275995254517,1750185853.0,-0.1563213914632797,1750165856
0.0084306402131915,1750185854.0,0.0005449320888146,1750165856
-0.5860220789909363,1750185855.0,-0.5834989547729492,1750165857
0.695960283279419,1750185860.0,0.4478292167186737,1750165857
-0.5187793374061584,1750185860.0,-0.4390443563461303,1750165857
0.0285010747611522,1750185860.0,0.3535098433494568,1750165858
0.6866165399551392,1750185862.0,0.4864351451396942,1750165859
0.0640535652637481,1750185864.0,-0.7456328868865967,1750165860
0.1127228885889053,1750185865.0,-0.6183679103851318,1750165860
-0.1174409165978431,1750185866.0,0.0246516577899456,1750165860
0.4215039312839508,1750185868.0,0.6215436458587646,1750165860
-0.7651015520095825,1750185869.0,-0.7520744204521179,1750165860
-0.0047736195847392,1750185870.0,-0.1237015575170517,1750165861
0.6929381489753723,1750185870.0,-0.269497811794281,1750165863
-0.7493408918380737,1750185871.0,0.4265455901622772,1750165863
-0.0134878261014819,1750185872.0,0.4279530942440033,1750165863
0.7115194201469421,1750185872.0,0.3122860193252563,1750165864
0.4103484153747558,1750185872.0,0.8588804602622986,1750165864
-0.5731537938117981,1750185874.0,0.3088371157646179,1750165865
-0.8251623511314392,1750185875.0,-0.4433079659938812,1750165865
0.1241215169429779,1750185877.0,0.473376601934433,1750165866
0.5068778395652771,1750185877.0,-0.8628723621368408,1750165866
1.0757508277893066,1750185878.0,0.5224711894989014,1750165866
-0.5926358699798584,1750185878.0,-0.6719691753387451,1750165867
-0.7059670686721802,1750185879.0,-0.7075804471969604,1750165868
0.3123933970928192,1750185879.0,-0.4637395739555359,1750165868
-0.5759420990943909,1750185880.0,1.109794020652771,1750165868
1.0603100061416626,1750185883.0,0.0777131915092468,1750165870
0.6966278553009033,1750185884.0,-0.1386269032955169,1750165871
0.426238089799881,1750185886.0,-0.4979913234710693,1750165871
-0.8190349340438843,1750185889.0,0.7330547571182251,1750165871
1.2146401405334473,1750185890.0,0.4289092123508453,1750165871
-1.046602487564087,1750185890.0,3.715603828430176,1750165872
-0.6949798464775085,1750185895.0,-0.410526305437088,1750165872
0.0500758998095989,1750185895.0,0.068459041416645,1750165872
0.692877471446991,1750185895.0,-0.525303840637207,1750165873
-2.0687732696533203,1750185897.0,-1.0528769493103027,1750165874
-0.6911479234695435,1750185899.0,-0.9866101145744324,1750165874
-0.132717564702034,1750185900.0,-0.671863853931427,1750165874
0.2537266314029693,1750185900.0,0.8982285857200623,1750165875
0.33792844414711,1750185903.0,-0.3685337901115417,1750165875
0.6871703863143921,1750185905.0,0.6979767084121704,1750165875
-1.3232773542404177,1750185906.0,-0.0968455448746681,1750165876
-0.1835277676582336,1750185907.0,0.8758655190467834,1750165876
-0.0796487852931022,1750185907.0,-0.4953108131885528,1750165876
0.7075910568237305,1750185909.0,0.4676747918128967,1750165877
0.6824356913566589,1750185909.0,-0.4185674488544464,1750165877
-0.9147101044654846,1750185911.0,-0.3643794655799866,1750165877
-0.6192594766616821,1750185912.0,-0.004345457535237,1750165879
0.7044700384140015,1750185912.0,-0.3251571357250213,1750165879
-0.4255552887916565,1750185913.0,0.1030960828065872,1750165879
-0.2760213315486908,1750185914.0,-0.5697286128997803,1750165879
-0.0146967582404613,1750185914.0,0.7172048091888428,1750165879
1.224295973777771,1750185916.0,0.2795159220695495,1750165880
0.0151417655870318,1750185918.0,0.3699817359447479,1750165880
1.267369031906128,1750185920.0,-0.4389152228832245,1750165880
-0.6794796586036682,1750185920.0,0.4501250386238098,1750165880
0.6811412572860718,1750185922.0,0.7895286679267883,1750165880
1.001559853553772,1750185923.0,-0.0080982074141502,1750165880
0.7357219457626343,1750185924.0,-1.1036057472229004,1750165881
0.9694793224334716,1750185927.0,0.4323288202285766,1750165881
-0.759870707988739,1750185929.0,0.4525319933891296,1750165882
0.4551667273044586,1750185929.0,0.8550879955291748,1750165882
0.6961899399757385,1750185931.0,-1.1256415843963623,1750165882
-0.5305893421173096,1750185937.0,-0.6658766865730286,1750165882
0.5715420842170715,1750185937.0,-0.3224990665912628,1750165883
-0.8688062429428101,1750185937.0,-0.0100923152640461,1750165883
0.6512045860290527,1750185938.0,0.2789888978004455,1750165883
0.4634933173656463,1750185938.0,-1.5944653749465942,1750165884
0.9531729221343994,1750185939.0,-0.2138482630252838,1750165884
-0.5312478542327881,1750185940.0,0.7010781168937683,1750165885
0.6744330525398254,1750185941.0,-0.4124548137187958,1750165885
1.12201189994812,1750185941.0,-0.2939788997173309,1750165885
1.3962011337280271,1750206795.0,-0.1954377144575119,1750165886
-0.9003517627716064,1750206796.0,0.4422287940979004,1750165886
0.4601433277130127,1750206797.0,0.1999794244766235,1750165886
1.231023192405701,1750206797.0,1.2226738929748535,1750165887
0.4231600761413574,1750206800.0,-0.0687592104077339,1750165888
7.912166118621826,1750206803.0,-0.6723499298095703,1750165889
0.2423405051231384,1750206806.0,-0.7000429630279541,1750165889
-0.1226596161723136,1750206808.0,-0.0451754368841648,1750165890
1.153756856918335,1750206814.0,-0.4383493661880493,1750165891
0.0543424747884273,1750206815.0,0.4638220071792602,1750165891
-0.4194932281970978,1750206816.0,0.2964114844799042,1750165891
-0.952577829360962,1750206817.0,0.414490282535553,1750165892
0.3995675444602966,1750206820.0,-0.0496662892401218,1750165893
-0.4094651937484741,1750206820.0,-0.1538585126399994,1750165893
0.4644459784030914,1750206820.0,0.505279004573822,1750165893
-0.3162339627742767,1750206820.0,0.2644857764244079,1750165894
-0.4717552959918976,1750206823.0,0.5808312296867371,1750165894
0.578441858291626,1750206824.0,-0.0707660987973213,1750165894
-0.6618357300758362,1750206825.0,-1.6177440881729126,1750165894
0.6619991064071655,1750206825.0,0.6842180490493774,1750165895
0.5663396120071411,1750206826.0,0.6921172142028809,1750165895
1.9987212419509888,1750206828.0,0.3489205539226532,1750165895
0.0514126345515251,1750206828.0,0.0334907062351703,1750165895
-0.6774108409881592,1750206828.0,-0.6616557240486145,1750165895
-0.655931830406189,1750206830.0,1.2571642398834229,1750165896
1.4369090795516968,1750206830.0,-1.0570493936538696,1750165896
-1.0540987253189087,1750206830.0,-1.1567667722702026,1750165898
0.7643300890922546,1750206831.0,-0.0622314438223838,1750165898
0.4530750513076782,1750206831.0,-0.39766526222229,1750165898
0.0160871744155883,1750206831.0,0.6424335837364197,1750165898
0.2301673740148544,1750206831.0,-0.8465900421142578,1750165898
0.4451837539672851,1750206832.0,0.7766578197479248,1750165898
9.797100067138672,1750206832.0,0.2997712194919586,1750165899
0.4530861377716064,1750206832.0,0.6248810887336731,1750165899
1.0765321254730225,1750206835.0,-0.1991050988435745,1750165900
-0.4164612293243408,1750206836.0,0.6771702170372009,1750165900
-0.6880421042442322,1750206836.0,0.146538108587265,1750165900
0.7705038189888,1750206837.0,0.4559176564216614,1750165900
0.5349054932594299,1750206837.0,0.5798737406730652,1750165901
-0.7011539936065674,1750206838.0,0.1782043427228927,1750165901
0.4654398262500763,1750206839.0,-0.4420594871044159,1750165901
-0.4821203052997589,1750206841.0,0.94999897480011,1750165902
0.6916176676750183,1750206841.0,0.4466715157032013,1750165902
-0.0341218374669551,1750206841.0,1.158326506614685,1750165902
-0.1953529715538025,1750206842.0,-0.3355686664581299,1750165903
-0.7350597977638245,1750206844.0,-0.0012936851708218,1750165904
1.053247094154358,1750206844.0,0.726624608039856,1750165904
-0.3566593527793884,1750206845.0,0.432395875453949,1750165905
0.3964416980743408,1750206847.0,0.1924794912338256,1750165905
0.6799247860908508,1750206847.0,-0.2483661323785781,1750165905
0.6106442809104919,1750206848.0,0.7053483724594116,1750165905
0.3652437627315521,1750206848.0,-0.57927006483078,1750165906
-1.2971948385238647,1750206850.0,0.7323577404022217,1750165906
0.4846131801605224,1750206850.0,0.925411581993103,1750165906
2.582710266113281,1750206854.0,0.0367738828063011,1750165906
-0.4202930331230163,1750206856.0,-0.0638329982757568,1750165906
-0.0324221439659595,1750206856.0,-1.2602843046188354,1750165906
-0.3946980834007263,1750206858.0,-1.101531744003296,1750165907
0.4488412737846374,1750206858.0,-0.9695792198181152,1750165907
0.4586721956729889,1750206860.0,0.4397217929363251,1750165907
-0.1646182090044021,1750206860.0,-1.5489263534545898,1750165907
0.4817578494548797,1750206860.0,-0.12763412296772,1750165908
0.3890748620033264,1750206861.0,0.4424626529216766,1750165908
0.7770042419433594,1750206861.0,1.2608985900878906,1750165908
0.8214061856269836,1750206861.0,-2.993833541870117,1750165909
0.7567323446273804,1750206862.0,-1.684093356132507,1750165910
-1.0242985486984253,1750206863.0,0.1782242953777313,1750165910
-0.4049251973628998,1750206863.0,-0.8978068232536316,1750165910
0.4218498170375824,1750206864.0,-0.4348776638507843,1750165910
0.4499813616275787,1750206865.0,1.02252459526062,1750165911
0.6276233196258545,1750206866.0,0.4539210796356201,1750165911
-0.43718221783638,1750206866.0,-0.229084700345993,1750165911
0.6512086987495422,1750206867.0,0.4428565502166748,1750165911
-0.4777992069721222,1750206867.0,0.7414728403091431,1750165912
-0.3286980390548706,1750206869.0,0.1396550685167312,1750165912
0.7514336109161377,1750206870.0,-0.1385449171066284,1750165912
-0.3725737035274505,1750206872.0,0.6899873614311218,1750165912
-0.6830922365188599,1750206873.0,0.5454769730567932,1750165912
0.7373647093772888,1750206873.0,0.2934526801109314,1750165913
0.4363724887371063,1750206873.0,-0.1399714946746826,1750165913
-1.2003556489944458,1750206874.0,-0.1208326444029808,1750165913
-0.5688362717628479,1750206877.0,-0.5896120667457581,1750165913
-0.9329637885093688,1750206877.0,1.0558916330337524,1750165914
-0.464064747095108,1750206881.0,-0.4987939298152923,1750165914
-0.6860026121139526,1750206882.0,-0.3735571503639221,1750165915
0.1495479643344879,1750206882.0,0.4589646458625793,1750165916
0.4678095281124115,1750206883.0,0.4040210843086242,1750165916
-1.6142882108688354,1750206885.0,0.3795924782752991,1750165916
0.5590980648994446,1750206886.0,-0.1197835877537727,1750165917
0.6504619717597961,1750206886.0,0.7272492051124573,1750165917
1.626279592514038,1750206887.0,-0.959870457649231,1750165918
-0.8677962422370911,1750206889.0,-0.7377055883407593,1750165919
-1.230690360069275,1750206889.0,0.0642393231391906,1750165920
1.3253169059753418,1750206891.0,-0.4982781112194061,1750165920
-0.701460063457489,1750206892.0,0.4556938111782074,1750165920
0.6844841241836548,1750206896.0,-1.098270297050476,1750165920
-1.072636604309082,1750206897.0,-0.0443244613707065,1750165921
0.6993041634559631,1750206899.0,1.0646700859069824,1750165921
0.7366926074028015,1750206902.0,-0.0349462665617466,1750165921
0.2287387996912002,1750206903.0,-0.674727737903595,1750165921
0.8849865794181824,1750206904.0,-0.4250245094299316,1750165921
-0.4804532527923584,1750206904.0,-1.237221598625183,1750165921
-0.6886953115463257,1750206905.0,-0.6990187764167786,1750165922
1.5193487405776978,1750206905.0,-0.0049086580984294,1750165922
1.127555251121521,1750206906.0,0.4311580955982208,1750165924
-0.4014983177185058,1750206906.0,0.7603592872619629,1750165924
1.4627273082733154,1750206907.0,-0.463957279920578,1750165924
0.952466070652008,1750206907.0,-0.2883823215961456,1750165924
0.3473372459411621,1750206909.0,0.0825274884700775,1750165924
-0.5677470564842224,1750206910.0,0.6880002617835999,1750165924
0.0195318143814802,1750206912.0,1.685605764389038,1750165925
-1.1691429615020752,1750206912.0,-0.1325142979621887,1750165925
-0.3986024558544159,1750206912.0,0.7144287824630737,1750165926
-0.6788312196731567,1750206913.0,0.3064042925834656,1750165926
-0.46706622838974,1750206914.0,0.0023605448659509,1750165927
-0.5446525812149048,1750206916.0,-0.2306024730205536,1750165928
-0.5772523283958435,1750206919.0,1.3295040130615234,1750165928
0.4651590883731842,1750206920.0,-0.0755556225776672,1750165928
0.01178924087435,1750206920.0,0.1629470735788345,1750165930
0.7090023159980774,1750206920.0,0.085744597017765,1750165930
-0.7072542309761047,1750206922.0,-0.4187852144241333,1750165930
-0.2124028503894806,1750206923.0,-0.1978280991315841,1750165931
-0.8122919797897339,1750206923.0,-0.2965580224990845,1750165932
0.24312125146389,1750206923.0,2.3432111740112305,1750165932
-0.3355552554130554,1750206924.0,-0.2952292561531067,1750165932
-0.0009032048401422,1750206925.0,-0.1727080643177032,1750165932
0.0518976375460624,1750206926.0,0.6246142983436584,1750165933
1.056995868682861,1750206928.0,-0.4456286132335663,1750165933
-1.7117608785629272,1750206933.0,0.5956379175186157,1750165933
1.1153863668441772,1750206933.0,0.3806191682815552,1750165933
1.351725459098816,1750206933.0,-0.566676139831543,1750165934
-0.6408645510673523,1750206934.0,-0.0753094553947448,1750165934
-0.1687788367271423,1750206936.0,-0.6101779937744141,1750165934
-0.4236611127853393,1750206936.0,-0.0707650035619735,1750165934
-1.0053774118423462,1750206938.0,-0.1315530091524124,1750165935
0.4150659739971161,1750206938.0,0.6990946531295776,1750165936
0.4759683907032013,1750206939.0,-0.4812901616096496,1750165936
-1.0491197109222412,1750206940.0,-0.7223749756813049,1750165936
0.7022832632064819,1750206941.0,0.2431507110595703,1750165938
0.0784718170762062,1750206945.0,0.229218378663063,1750165938
0.2339505404233932,1750206948.0,0.7657396793365479,1750165938
-0.563115656375885,1750206948.0,-0.66212397813797,1750165939
-2.034301280975342,1750206948.0,-1.266014814376831,1750165939
0.4645540416240692,1750206950.0,0.4302753508090973,1750165939
-0.5472007989883423,1750206951.0,-0.4487185478210449,1750165939
-0.4446244537830353,1750206954.0,0.1551267653703689,1750165940
0.6053323745727539,1750206955.0,-0.1170716062188148,1750165941
-0.6759572625160217,1750206955.0,0.7116685509681702,1750165941
0.5094020962715149,1750206957.0,-0.7602180242538452,1750165942
-0.716481626033783,1750206957.0,0.4923606216907501,1750165942
-0.4989571571350097,1750206959.0,0.0356187373399734,1750165942
-0.5673176050186157,1750206959.0,-0.2426809817552566,1750165943
0.2287214994430542,1750206960.0,0.3855884671211242,1750165944
-0.1909535527229309,1750206961.0,1.4535735845565796,1750165945
-0.3041670024394989,1750206963.0,-0.6278718113899231,1750165945
-0.1542813330888748,1750206963.0,-0.6645369529724121,1750165945
-0.699562132358551,1750206965.0,0.6185597777366638,1750165945
-0.2543326914310455,1750206965.0,0.4541071355342865,1750165945
0.0201736278831958,1750206966.0,-0.6533308029174805,1750165945
0.1012747585773468,1750206966.0,-1.4840202331542969,1750165946
-0.701214075088501,1750206969.0,-1.1604734659194946,1750165947
0.6697167158126831,1750206971.0,-0.0244910232722759,1750165949
0.1064220666885376,1750206971.0,-0.0577916353940963,1750165949
1.63212788105011,1750206973.0,0.2363070249557495,1750165949
0.6445019245147705,1750206973.0,0.6777846217155457,1750165949
0.3822373449802398,1750206974.0,0.4217533469200134,1750165949
-0.7201604247093201,1750206975.0,-0.6051321029663086,1750165950
0.464529424905777,1750206977.0,-0.1523158848285675,1750165950
-0.0088237226009368,1750206979.0,-0.6683750748634338,1750165950
1.8212995529174805,1750206981.0,0.6961486339569092,1750165951
0.1993172913789749,1750206982.0,0.4617302119731903,1750165951
1.2490788698196411,1750206987.0,0.0063306423835456,1750165952
0.5419802069664001,1750206988.0,-0.3545431196689605,1750165952
0.6837418675422668,1750206991.0,-1.169172763824463,1750165952
-0.1203628927469253,1750206994.0,-0.5021402835845947,1750165952
-0.9259101152420044,1750206994.0,-0.7021411061286926,1750165952
0.283386617898941,1750206994.0,-0.4763632714748382,1750165953
-0.6970333456993103,1750206994.0,-0.6785247921943665,1750165953
0.4733928740024566,1750206995.0,0.3235360085964203,1750165954
1.2587246894836426,1750206996.0,-0.6284831166267395,1750165954
-0.5912850499153137,1750206996.0,-0.0285785868763923,1750165954
0.463083416223526,1750206996.0,-0.2521248459815979,1750165954
-0.3918493390083313,1750206996.0,0.4269327223300934,1750165954
-0.7450476288795471,1750206997.0,-0.5693145990371704,1750165955
-0.6644919514656067,1750206998.0,1.2854182720184326,1750165955
1.606353759765625,1750206999.0,0.4439446032047272,1750165955
0.450813889503479,1750207001.0,0.029872678220272,1750165956
1.155112624168396,1750207005.0,0.1459228843450546,1750165956
1.0614354610443115,1750207006.0,0.2065467536449432,1750165956
-1.29474937915802,1750207006.0,1.063452959060669,1750165956
-0.4631678462028503,1750207008.0,-0.0668260380625724,1750165956
-0.3657208681106567,1750207009.0,-0.0211225897073745,1750165956
-0.4544732272624969,1750207009.0,0.8405126333236694,1750165958
-0.2715528607368469,1750207011.0,-0.7406811118125916,1750165958
0.6346946358680725,1750207012.0,0.573529839515686,1750165958
0.5327762365341187,1750207013.0,0.1358566284179687,1750165959
-0.6652403473854065,1750207013.0,0.001174394856207,1750165959
-0.0765172690153122,1750207013.0,0.7025710940361023,1750165959
-0.6527094841003418,1750207014.0,0.0756711512804031,1750165959
0.4870680272579193,1750207014.0,0.6890984177589417,1750165960
0.7147272825241089,1750207016.0,2.1330831050872803,1750165960
1.1784706115722656,1750207018.0,0.4596823751926422,1750165960
0.5555633306503296,1750207020.0,0.668815016746521,1750165960
0.7087724208831787,1750207020.0,0.0040058516897261,1750165960
-0.7728978395462036,1750207024.0,-0.5037927031517029,1750165961
0.665182888507843,1750207029.0,0.4693870842456817,1750165961
0.4097886085510254,1750207030.0,0.7815275192260742,1750165962
-0.818221390247345,1750207031.0,0.8331729769706726,1750165962
24.336076736450195,1750207033.0,0.577945351600647,1750165962
-0.2772619128227234,1750207034.0,-0.1318694055080413,1750165962
-0.5306850671768188,1750207034.0,0.5785366892814636,1750165963
0.0094266301020979,1750207035.0,0.5614542365074158,1750165965
-1.297417402267456,1750207036.0,0.0917254239320755,1750165967
-0.9746777415275574,1750207037.0,0.1440144181251526,1750165968
0.4564314186573028,1750207037.0,-0.1971613615751266,1750165968
1.0880845785140991,1750207037.0,0.9982593059539796,1750165968
-0.0135285789147019,1750207038.0,0.5444201827049255,1750165968
0.4253461062908172,1750207040.0,0.8665174245834351,1750165968
-0.0503886342048645,1750207040.0,-0.4132930934429168,1750165969
0.4279574453830719,1750207042.0,-0.4435188174247741,1750165969
-0.5378921031951904,1750207043.0,0.4618166983127594,1750165969
1.1363497972488403,1750207045.0,0.443971037864685,1750165970
-1.7052456140518188,1750207049.0,-0.4378626048564911,1750165970
0.7225449085235596,1750207050.0,-0.2272029817104339,1750165971
-0.5874333381652832,1750207050.0,-0.198074460029602,1750165971
-0.8856144547462463,1750207051.0,-0.4652381539344787,1750165971
0.7362372875213623,1750207052.0,0.4250363111495971,1750165972
0.6795886158943176,1750207052.0,-0.4380694031715393,1750185525
-0.5815597176551819,1750207052.0,-0.4621772468090057,1750185525
0.452146828174591,1750207053.0,0.5778477191925049,1750185526
-0.5686447620391846,1750207055.0,0.7274652719497681,1750185526
0.8502956032752991,1750207055.0,0.4533558189868927,1750185526
0.4120150804519653,1750207056.0,-0.4855794012546539,1750185526
-0.4018695056438446,1750207056.0,-0.7005808353424072,1750185527
0.5721904635429382,1750207059.0,0.1363431811332702,1750185528
-1.0792460441589355,1750207060.0,0.7112690806388855,1750185528
0.350865364074707,1750207063.0,-0.4121206700801849,1750185529
0.6213982701301575,1750207067.0,-0.4262013435363769,1750185529
0.0392644293606281,1750207068.0,-1.4710347652435305,1750185529
-0.002513030078262,1750207071.0,0.4159715175628662,1750185530
-0.4391271770000458,1750207072.0,-0.46290984749794,1750185531
-0.4311399161815643,1750207072.0,0.4581003487110138,1750185531
-1.148784875869751,1750207073.0,0.5679147839546204,1750185532
0.6368526816368103,1750207073.0,-1.2328691482543943,1750185532
-0.6813939809799194,1750207078.0,0.7326561808586121,1750185532
0.6265791058540344,1750207079.0,-0.3660271763801574,1750185535
-0.5630617141723633,1750207080.0,0.2710669040679931,1750185535
-0.6515084505081177,1750207081.0,1.3784847259521484,1750185535
0.1822697818279266,1750207082.0,0.6689598560333252,1750185535
-0.0713784322142601,1750207083.0,-1.0510847568511963,1750185535
-0.7278546690940857,1750207084.0,0.7488254904747009,1750185535
0.4766106009483337,1750207085.0,0.7346861958503723,1750185535
0.7200667262077332,1750207088.0,-0.3857824504375458,1750185536
0.1171155199408531,1750207088.0,-0.5364484786987305,1750185536
1.0820242166519165,1750207090.0,-0.6123189330101013,1750185536
0.7095291614532471,1750207091.0,0.5827475190162659,1750185536
0.7877233624458313,1750207095.0,-0.7361962795257568,1750185537
0.5889458060264587,1750207095.0,0.1101638600230217,1750185537
0.4193206429481506,1750207098.0,0.442401111125946,1750185538
0.493441492319107,1750207099.0,-0.4251181781291961,1750185538
0.1541052460670471,1750207100.0,-0.3826330602169037,1750185538
-0.9245637059211732,1750207101.0,0.0814695209264755,1750185540
0.0341321527957916,1750207101.0,-0.1236679479479789,1750185540
0.4240940511226654,1750207104.0,0.2088392078876495,1750185540
-0.585701048374176,1750207105.0,1.0706584453582764,1750185541
1.1902995109558103,1750207106.0,-0.1588824540376663,1750185541
-0.4248510897159576,1750207107.0,0.5736579895019531,1750185541
-0.6074739694595337,1750207108.0,1.580904841423035,1750185542
-0.9893224835395812,1750207112.0,0.4481483995914459,1750185542
-0.3218622505664825,1750207114.0,0.6796274781227112,1750185543
-0.0878345221281051,1750207115.0,-0.0957408547401428,1750185543
0.1032883003354072,1750207116.0,0.4683668613433838,1750185543
1.4788026809692385,1750207117.0,0.4397479295730591,1750185544
0.6941116452217102,1750207117.0,0.2969898581504822,1750185545
-1.143791437149048,1750207118.0,0.0476655513048172,1750185545
0.4082711040973663,1750207120.0,0.3609160780906677,1750185545
0.5957089066505432,1750207124.0,1.0500580072402954,1750185546
-0.7164028882980347,1750207124.0,-0.4733678698539734,1750185548
-1.2540149688720703,1750207124.0,0.4261190593242645,1750185548
2.2546045780181885,1750207124.0,-0.1181459203362464,1750185548
-0.389695256948471,1750207125.0,0.6815531253814697,1750185548
-0.6964051723480225,1750207125.0,-0.2477540969848632,1750185549
-0.3817551732063293,1750207127.0,-0.6991074085235596,1750185549
-0.7478516697883606,1750207127.0,-0.4399824142456054,1750185549
-1.3310002088546753,1750207130.0,-0.0124550219625234,1750185549
0.1202487796545028,1750207131.0,0.6834596395492554,1750185549
-0.4770748019218445,1750207132.0,-0.6596318483352661,1750185551
-0.3540385961532593,1750207134.0,-1.1525824069976809,1750185551
-0.4459472298622131,1750207135.0,0.1951804906129837,1750185551
-0.1050371900200843,1750207136.0,-0.4070143103599548,1750185552
-0.0574782639741897,1750207138.0,-0.3388629853725433,1750185552
0.5484462380409241,1750207138.0,0.4124724566936493,1750185553
0.4670928120613098,1750207138.0,0.6898894309997559,1750185553
1.999045729637146,1750207139.0,-0.4517830014228821,1750185554
0.4218057990074157,1750207140.0,0.7193976640701294,1750185554
-0.7011424899101257,1750207140.0,-0.3190780282020569,1750185555
-0.1483236253261566,1750207144.0,0.0740154087543487,1750185556
0.6795673370361328,1750207145.0,0.4508689343929291,1750185556
-0.4515291154384613,1750207148.0,0.4356385767459869,1750185557
0.2121525108814239,1750207149.0,-0.4109033644199371,1750185557
-1.2593601942062378,1750207149.0,0.3469744920730591,1750185558
-0.002918308135122,1750207149.0,-0.7859641909599304,1750185558
0.7101243734359741,1750207150.0,0.4662081003189087,1750185558
0.8464967012405396,1750207152.0,0.050575915724039,1750185559
0.4365532994270324,1750207152.0,0.4379121363162994,1750185559
-0.6941294074058533,1750207153.0,1.3181354999542236,1750185559
-0.723156213760376,1750207155.0,0.4288641512393951,1750185560
-0.3730069994926452,1750207157.0,-0.055357776582241,1750185560
-1.300785779953003,1750207158.0,1.6578305959701538,1750185560
0.545185387134552,1750207159.0,0.4224556684494018,1750185560
0.4131370484828949,1750207159.0,0.0004659422265831,1750185562
-1.6099311113357544,1750207160.0,0.7726210951805115,1750185562
0.6734733581542969,1750207161.0,0.4587726891040802,1750185563
1.2084593772888184,1750207162.0,0.0879458710551261,1750185563
-0.5745230913162231,1750207167.0,0.3920100033283233,1750185563
0.6466912627220154,1750207167.0,-0.2131358385086059,1750185564
-0.6919885277748108,1750207167.0,-0.475001573562622,1750185564
0.242917001247406,1750207168.0,0.690466582775116,1750185564
-0.9938007593154908,1750207169.0,-0.4370208084583282,1750185564
0.6822676658630371,1750207169.0,2.580024242401123,1750185565
-0.0630545616149902,1750207171.0,1.1846537590026855,1750185565
-0.1489438414573669,1750207173.0,0.6502053141593933,1750185565
-1.2534725666046145,1750207174.0,-0.4588044285774231,1750185566
-0.3791618645191192,1750207174.0,0.0106975249946117,1750185568
-0.2781970798969269,1750207177.0,1.162043571472168,1750185568
0.388933390378952,1750207177.0,0.0433426052331924,1750185569
2.968597888946533,1750207178.0,-0.6939975023269653,1750185569
0.2408687174320221,1750207179.0,0.7467156648635864,1750185569
0.4610263407230377,1750207181.0,-0.0530533120036125,1750185569
-0.4345234930515289,1750207181.0,0.4487459063529968,1750185570
0.1808439791202545,1750207182.0,-0.062356948852539,1750185570
-0.4325160384178161,1750207182.0,-0.2540195286273956,1750185570
0.7218306064605713,1750207183.0,-0.7386786341667175,1750185571
-0.5783320665359497,1750207184.0,-0.5254565477371216,1750185571
1.6917667388916016,1750207184.0,-0.7629339098930359,1750185571
-0.1676769405603408,1750207185.0,0.7222076654434204,1750185572
-0.3821390569210052,1750207185.0,0.4805461764335632,1750185572
1.2677953243255615,1750207186.0,-1.2133432626724243,1750185573
0.7252420783042908,1750207188.0,-0.4473598599433899,1750185573
-0.7952037453651428,1750207188.0,0.5593999624252319,1750185573
1.1516350507736206,1750207189.0,0.0049791168421506,1750185573
0.6892654299736023,1750207190.0,1.0543086528778076,1750185573
1.1709362268447876,1750207192.0,-0.1412273645401001,1750185574
-0.6660525798797607,1750207198.0,0.1118538752198219,1750185574
0.7150768041610718,1750207199.0,-0.6886571049690247,1750185574
0.0139645989984273,1750207200.0,0.14528189599514,1750185575
0.3994147181510925,1750207200.0,0.0655009523034095,1750185576
0.4315088391304016,1750207201.0,0.582830548286438,1750185576
0.5235794186592102,1750207202.0,-0.452042818069458,1750185576
-0.4754233360290527,1750207204.0,0.5544271469116211,1750185577
0.3459209203720093,1750207204.0,1.499358057975769,1750185577
-0.7002410292625427,1750207205.0,-0.451461523771286,1750185578
0.6990529298782349,1750207206.0,0.5777934193611145,1750185578
0.9615070819854736,1750207206.0,-0.449739009141922,1750185579
0.2997424006462097,1750207206.0,-0.4129495024681091,1750185580
0.4127228856086731,1750207208.0,0.4507384002208709,1750185580
0.4564501941204071,1750207211.0,-0.0212952177971601,1750185580
-0.1029573008418083,1750207211.0,0.3711223900318146,1750185580
-0.1094980984926223,1750207211.0,0.6996139883995056,1750185582
-0.4620903134346008,1750207212.0,-0.7847576141357422,1750185582
-0.221497967839241,1750207214.0,-0.5914995074272156,1750185583
-0.1312485933303833,1750207217.0,0.0515937618911266,1750185583
-0.0214435122907161,1750207218.0,-1.3208880424499512,1750185583
-0.941277027130127,1750207218.0,0.4192603826522827,1750185583
0.7232274413108826,1750207220.0,-1.0422940254211426,1750185584
-0.4551718831062317,1750207220.0,-0.6758346557617188,1750185584
-0.7689609527587891,1750207224.0,1.480920910835266,1750185584
-1.066267967224121,1750207225.0,1.5772197246551514,1750185585
0.2759639918804168,1750207226.0,-0.3157613277435303,1750185585
-2.4957921504974365,1750207227.0,0.4236569702625274,1750185585
4.156060695648193,1750207227.0,-0.468594878911972,1750185586
0.4663190543651581,1750207228.0,-0.0624800510704517,1750185587
-0.4304324984550476,1750207228.0,0.391914963722229,1750185587
0.724656879901886,1750207229.0,0.4227759838104248,1750185588
-0.4828774631023407,1750207229.0,0.1701798141002655,1750185589
2.0646138191223145,1750207230.0,-0.4811222851276397,1750185589
0.9402908086776732,1750207230.0,-1.0026202201843262,1750185590
-0.6868758201599121,1750207230.0,0.7080909609794617,1750185590
0.7070087790489197,1750207232.0,-0.0228211022913455,1750185590
-0.4459545612335205,1750207232.0,-0.6645275354385376,1750185591
1.1074472665786743,1750207235.0,1.1389474868774414,1750185591
1.2551686763763428,1750207236.0,-0.7239333987236023,1750185592
0.0085951332002878,1750207237.0,0.2585168778896332,1750185593
0.0515921004116535,1750207238.0,-0.2207120656967163,1750185594
-0.4735299944877624,1750207240.0,0.9295034408569336,1750185594
-0.6897604465484619,1750207240.0,-0.1045367941260337,1750185594
0.421488493680954,1750207241.0,-0.50653076171875,1750185595
0.5245043635368347,1750227261.0,-0.3945266306400299,1750185595
0.6646090745925903,1750227261.0,-0.7003776431083679,1750185595
-1.1408501863479614,1750227261.0,-0.0081092463806271,1750185595
0.6130189299583435,1750227263.0,1.2659412622451782,1750185596
0.7108275294303894,1750227265.0,-0.8940709829330444,1750185596
1.0751464366912842,1750227267.0,0.9803121089935304,1750185596
-1.0720373392105105,1750227270.0,0.7177762389183044,1750185596
0.014554469846189,1750227271.0,-0.7376901507377625,1750185597
-0.4623737633228302,1750227272.0,-0.2043911516666412,1750185597
0.7544299960136414,1750227272.0,-0.8249367475509644,1750185598
0.6571085453033447,1750227272.0,-0.9797993302345276,1750185598
-0.94678795337677,1750227276.0,-0.1030225679278373,1750185599
-1.4443302154541016,1750227277.0,0.7608602643013,1750185599
1.2234790325164795,1750227277.0,0.5031772255897522,1750185600
0.1055787205696106,1750227279.0,0.4252000451087951,1750185600
0.9964137673377992,1750227279.0,0.4522000253200531,1750185601
0.4626729488372803,1750227283.0,0.7614821791648865,1750185602
-0.4768712222576141,1750227285.0,-0.7493186593055725,1750185602
-0.5821678042411804,1750227286.0,0.7232169508934021,1750185602
0.244091510772705,1750227286.0,-0.7200426459312439,1750185603
0.3805514276027679,1750227287.0,-0.1186550483107566,1750185604
-0.7590736150741577,1750227288.0,-1.0841323137283323,1750185604
-0.1677670180797577,1750227290.0,0.4170861840248108,1750185605
0.5648823976516724,1750227291.0,-0.4217774569988251,1750185605
-0.1667100191116333,1750227292.0,-0.7529098987579346,1750185606
0.5911200046539307,1750227297.0,0.4144724011421203,1750185608
0.5576494932174683,1750227301.0,0.9827434420585632,1750185608
0.5793423056602478,1750227302.0,1.4695734977722168,1750185608
0.7336569428443909,1750227303.0,0.2081953734159469,1750185608
-0.4204324781894684,1750227304.0,-0.0012794414069503,1750185608
-0.1705639362335205,1750227304.0,-0.3749725222587585,1750185609
0.0911515802145004,1750227306.0,1.4501079320907593,1750185609
23.65890121459961,1750227307.0,-1.599403977394104,1750185609
0.4680752158164978,1750227307.0,-0.366276353597641,1750185609
-0.0051291622221469,1750227308.0,-0.2782692015171051,1750185610
-0.7745025157928467,1750227308.0,-0.4183523058891296,1750185610
-0.6197057962417603,1750227309.0,-0.6914406418800354,1750185611
0.7306867241859436,1750227310.0,0.56121426820755,1750185611
-0.0139495497569441,1750227313.0,0.7234289050102234,1750185612
0.4646788537502289,1750227314.0,0.5420902371406555,1750185612
-0.1367406547069549,1750227315.0,0.7662037014961243,1750185615
-0.2016372382640838,1750227317.0,0.4780949056148529,1750185615
0.401175707578659,1750227321.0,-0.452360600233078,1750185615
0.7044693231582642,1750227322.0,0.167630523443222,1750185617
-0.462113618850708,1750227322.0,1.2682175636291504,1750185618
-0.7140215039253235,1750227322.0,0.2101177275180816,1750185618
1.0456513166427612,1750227323.0,0.6760507225990295,1750185618
0.435219407081604,1750227323.0,-0.5688889622688293,1750185618
1.3066818714141846,1750227324.0,0.8024371266365051,1750185620
-1.6536821126937866,1750227325.0,0.2388529032468795,1750185621
-0.4615558087825775,1750227326.0,-0.4389800429344177,1750185621
-0.4413961768150329,1750227326.0,-1.205730676651001,1750185622
-0.6757621169090271,1750227329.0,-0.5828782320022583,1750185622
-0.595244288444519,1750227335.0,-0.8647141456604004,1750185622
1.707058310508728,1750227335.0,-0.4774729609489441,1750185623
-0.5688338279724121,1750227335.0,-0.7413047552108765,1750185623
-0.5244015455245972,1750227336.0,-1.7155146598815918,1750185623
-0.7315504550933838,1750227338.0,0.3489489257335663,1750185623
0.6199408769607544,1750227340.0,-0.1545066386461258,1750185623
-0.02991858497262,1750227341.0,-0.9085094332695008,1750185624
0.4630453288555145,1750227342.0,-0.0465057417750358,1750185625
0.4745431244373321,1750227343.0,0.1331169605255127,1750185626
-1.1559699773788452,1750227345.0,-0.0913086831569671,1750185626
0.0296389181166887,1750227345.0,0.458624392747879,1750185627
2.199545621871948,1750227348.0,-1.596105456352234,1750185627
-0.4091759622097015,1750227349.0,-0.6904410719871521,1750185627
0.6758402585983276,1750227349.0,-0.5865111947059631,1750185627
-0.0679340884089469,1750227351.0,0.4431028366088867,1750185628
-0.6997701525688171,1750227353.0,1.333456039428711,1750185628
1.5204143524169922,1750227353.0,1.069441556930542,1750185628
0.5703164339065552,1750227354.0,0.4405503571033478,1750185629
0.329265832901001,1750227354.0,-0.2334942519664764,1750185629
0.4888843595981598,1750227356.0,-0.1785355806350708,1750185630
-0.4673735797405243,1750227361.0,-0.4687745273113251,1750185630
0.4753366112709045,1750227363.0,-0.3753522634506225,1750185630
0.7720721364021301,1750227364.0,0.897601842880249,1750185630
0.512722909450531,1750227364.0,0.4256445467472076,1750185631
1.0528206825256348,1750227367.0,0.3139270842075348,1750185632
-0.6674846410751343,1750227368.0,0.5805779695510864,1750185632
0.2318750768899917,1750227370.0,0.4316782057285309,1750185632
-1.0780739784240725,1750227371.0,-0.426300436258316,1750185633
1.8946377038955688,1750227373.0,-0.434867262840271,1750185633
-0.6272908449172974,1750227374.0,0.4106318950653076,1750185633
1.5253123044967651,1750227375.0,0.4148050844669342,1750185634
0.901680827140808,1750227375.0,-1.8896771669387815,1750185634
-0.6370348334312439,1750227378.0,-0.434531033039093,1750185634
0.5306301116943359,1750227379.0,1.1293442249298096,1750185634
0.3020433485507965,1750227379.0,0.1837175786495208,1750185636
-0.6813790798187256,1750227381.0,-0.6874634027481079,1750185636
0.3117687404155731,1750227382.0,-0.3033711612224579,1750185636
-0.7532215714454651,1750227382.0,0.2949047684669494,1750185636
84.06845092773438,1750227383.0,-0.5773502588272095,1750185636
-0.4901909530162811,1750227384.0,2.119933605194092,1750185637
-0.226873442530632,1750227386.0,-0.4131308794021606,1750185637
1.1227703094482422,1750227386.0,-0.4989778697490692,1750185638
1.3458973169326782,1750227389.0,-0.4087239801883697,1750185640
0.7110849618911743,1750227389.0,0.4547149240970611,1750185640
0.4337402880191803,1750227390.0,0.6876581907272339,1750185640
-0.1159168258309364,1750227391.0,0.3853404521942138,1750185641
-1.1737734079360962,1750227393.0,-0.4233008623123169,1750185641
-0.7295628786087036,1750227394.0,-0.5665781497955322,1750185641
0.7439275979995728,1750227394.0,-0.4765866100788116,1750185641
-0.7155849933624268,1750227395.0,-0.000860633328557,1750185641
-0.7377018928527832,1750227395.0,1.1070342063903809,1750185641
0.5342476963996887,1750227397.0,0.8770419955253601,1750185642
-0.4671472609043121,1750227398.0,-0.2273849993944168,1750185642
0.4374458789825439,1750227398.0,-0.7475043535232544,1750185642
0.1144569441676139,1750227399.0,0.4434804022312164,1750185642
-0.3837200403213501,1750227399.0,-0.0174258053302764,1750185643
1.8313279151916504,1750227399.0,0.3409907519817352,1750185643
-0.6265231370925903,1750227400.0,-0.5770276784896851,1750185643
-0.6707103252410889,1750227402.0,-0.4924125671386719,1750185644
-0.1838699132204055,1750227403.0,-0.2850471138954162,1750185644
0.2037374377250671,1750227403.0,0.6995732188224792,1750185644
0.6084283590316772,1750227404.0,-0.4421059489250183,1750185644
-0.0085993930697441,1750227404.0,-0.4839828312397003,1750185645
-0.7486918568611145,1750227405.0,-0.649172306060791,1750185645
1.4297480583190918,1750227405.0,-0.2109925746917724,1750185645
0.572139322757721,1750227406.0,-0.3921028077602386,1750185646
-0.4179908037185669,1750227406.0,-0.0003709079173859,1750185647
0.1298092305660247,1750227408.0,0.6591132879257202,1750185647
0.5267033576965332,1750227408.0,-0.1181971579790115,1750185647
-0.3797956705093384,1750227411.0,1.962517261505127,1750185647
-0.2300667762756347,1750227412.0,1.2546886205673218,1750185647
0.746860682964325,1750227413.0,0.094493344426155,1750185649
0.0367595516145229,1750227413.0,-0.983989417552948,1750185649
-0.9038386940956116,1750227416.0,0.4488844871520996,1750185649
-0.3027733564376831,1750227419.0,-0.0398026183247566,1750185653
-0.4461967945098877,1750227421.0,0.9991201758384703,1750185653
-0.2650406956672668,1750227423.0,-0.7873099446296692,1750185654
1.173661231994629,1750227425.0,0.956879198551178,1750185654
0.666736364364624,1750227430.0,-0.7203643918037415,1750185654
-0.1766716241836547,1750227430.0,0.7012813687324524,1750185655
0.6609400510787964,1750227431.0,0.0086655830964446,1750185655
1.590303659439087,1750227433.0,-0.0757070034742355,1750185656
-0.6878207921981812,1750227434.0,0.1854394525289535,1750185657
0.7316844463348389,1750227436.0,-2.98777437210083,1750185658
-0.6912721991539001,1750227438.0,-0.4614473283290863,1750185659
-1.831875562667847,1750227444.0,-0.6951378583908081,1750185659
-0.4169833362102508,1750227446.0,-0.401758462190628,1750185659
-0.5345808863639832,1750227447.0,-0.4525718092918396,1750185660
-0.5078774690628052,1750227448.0,-0.105365365743637,1750185660
0.7058504819869995,1750227449.0,0.6143358945846558,1750185661
0.7309018969535828,1750227450.0,-0.0347738564014434,1750185662
-0.7302364706993103,1750227450.0,0.8930872678756714,1750185662
-0.5955690145492554,1750227451.0,-0.2326505333185196,1750185662
-0.4813267886638641,1750227451.0,0.5359033942222595,1750185663
-0.7123662233352661,1750227452.0,-0.4208148419857025,1750185663
0.1011765450239181,1750227453.0,-0.6583077311515808,1750185663
0.1080862507224083,1750227454.0,0.4330210387706756,1750185664
-0.545129656791687,1750227455.0,0.0930132046341896,1750185664
0.4347367882728576,1750227455.0,0.0620372109115123,1750185664
-0.7260835766792297,1750227457.0,0.357087641954422,1750185665
0.6606127023696899,1750227457.0,-0.6638649106025696,1750185666
1.0739871263504028,1750227458.0,0.4274238646030426,1750185666
0.4388021826744079,1750227458.0,-0.2589674592018127,1750185666
-2.255312442779541,1750227459.0,-1.8313751220703125,1750185666
-0.5797665119171143,1750227460.0,0.4671560823917389,1750185666
-0.742621660232544,1750227461.0,0.6452767848968506,1750185666
-0.1175243481993675,1750227463.0,0.4367576837539673,1750185667
0.1109909564256668,1750227463.0,0.0956474468111991,1750185667
-0.6309422254562378,1750227464.0,0.1032557561993599,1750185667
-0.4495364427566528,1750227470.0,-0.4657139182090759,1750185667
0.8133806586265564,1750227470.0,-0.7508102655410767,1750185668
-0.0090961512178182,1750227470.0,0.0420043133199214,1750185668
0.3707361817359924,1750227471.0,0.8699012994766235,1750185669
1.1994668245315552,1750227471.0,0.1835789233446121,1750185670
-0.3015086054801941,1750227472.0,-0.1522319018840789,1750185670
-0.4694229364395141,1750227472.0,0.6911031007766724,1750185670
0.3912158608436584,1750227473.0,0.6246859431266785,1750185671
0.0265021510422229,1750227475.0,0.7274536490440369,1750185672
1.9156999588012693,1750227476.0,0.6567213535308838,1750185672
0.0807969123125076,1750227477.0,-0.657318115234375,1750185672
-0.4185965955257416,1750227477.0,-0.2938321232795715,1750185672
0.6179757118225098,1750227478.0,0.6683801412582397,1750185673
-0.7430821061134338,1750227479.0,-0.1727448105812072,1750185673
-0.4265190660953522,1750227480.0,-0.6892700791358948,1750185673
0.7580134272575378,1750227480.0,-0.6845753788948059,1750185674
0.685766875743866,1750227482.0,0.8677987456321716,1750185674
0.1239758506417274,1750227483.0,0.8414559364318848,1750185674
0.012455646879971,1750227484.0,-0.7535935640335083,1750185675
-1.1254816055297852,1750227484.0,-0.2219889611005783,1750185675
-0.6993235349655151,1750227485.0,-0.5873751044273376,1750185675
-0.6546372175216675,1750227486.0,0.5747200846672058,1750185676
0.6662746667861938,1750227486.0,0.0888847783207893,1750185676
0.1745261698961258,1750227488.0,-0.8547442555427551,1750185678
0.2500382363796234,1750227489.0,1.0628260374069214,1750185678
0.5289165377616882,1750227490.0,-1.0586317777633667,1750185680
-0.5322691202163696,1750227490.0,-0.0056321094743907,1750185680
-0.7769266366958618,1750227490.0,0.1146531999111175,1750185680
-1.080018401145935,1750227491.0,1.3626798391342163,1750185680
0.4198453426361084,1750227493.0,1.0417097806930542,1750185681
1.6248315572738647,1750227499.0,0.4383383393287658,1750185683
0.2209422290325164,1750227500.0,-1.0988876819610596,1750185683
0.1490408480167389,1750227502.0,-0.0849008187651634,1750185684
-0.7086876630783081,1750227503.0,-0.7378450632095337,1750185684
0.3804129958152771,1750227504.0,-0.4407492280006408,1750185685
-0.002468924736604,1750227504.0,0.3008544147014618,1750185686
0.7931204438209534,1750227504.0,-0.0777595788240432,1750185686
0.3518118560314178,1750227506.0,-0.4239325821399688,1750185686
-0.0911795496940612,1750227508.0,0.6025511622428894,1750185687
0.6538984775543213,1750227508.0,0.7076622247695923,1750185687
0.907128930091858,1750227510.0,0.753450870513916,1750185687
0.5171752572059631,1750227512.0,-0.4933767914772033,1750185688
0.6596999764442444,1750227512.0,0.0077643389813601,1750185688
0.4877594411373138,1750227512.0,0.0022614283952862,1750185689
1.0740854740142822,1750227513.0,-0.1263759881258011,1750185689
-0.3567181825637817,1750227514.0,-0.4372279047966003,1750185690
0.4143835306167602,1750227514.0,0.7921240329742432,1750185690
0.5686399340629578,1750227514.0,-0.72205650806427,1750185690
0.8391177654266357,1750227516.0,-0.0756480246782302,1750185691
-0.5769892930984497,1750227516.0,0.6877725720405579,1750185691
0.4731542468070984,1750227517.0,-0.0746658369898796,1750185691
-0.4482570290565491,1750227518.0,0.0921638235449791,1750185691
-0.5584802627563477,1750227518.0,-0.0628265365958213,1750185692
-0.5664228200912476,1750227519.0,1.5026150941848757,1750185692
0.4665777683258056,1750227520.0,-0.4476192593574524,1750185692
0.4416087865829468,1750227522.0,0.017870046198368,1750185692
0.8042888641357422,1750227522.0,0.5342523455619812,1750185693
-0.3488209545612335,1750227522.0,1.581626296043396,1750185693
0.8911120295524597,1750227522.0,0.0393976308405399,1750185693
0.3613050282001495,1750227522.0,-0.0923419743776321,1750185693
0.2690298855304718,1750227523.0,0.401018351316452,1750185693
-0.6603876352310181,1750227527.0,0.5162648558616638,1750185693
-0.4256972670555115,1750227528.0,-1.536083102226257,1750185694
0.7272562980651855,1750227529.0,1.275435209274292,1750185694
-0.2968119084835052,1750227529.0,-0.4630401134490967,1750185694
-1.6097465753555298,1750227530.0,0.6974965929985046,1750185695
-0.7507150173187256,1750227532.0,-0.7185038924217224,1750185695
0.9019705653190612,1750227532.0,0.8818907737731934,1750185696
-1.021662950515747,1750227532.0,-0.9763641357421876,1750185697
-1.5687285661697388,1750227532.0,-0.3939019739627838,1750185697
-0.2970829010009765,1750227534.0,-0.3487516641616821,1750185697
0.142854556441307,1750227535.0,-0.0467543751001358,1750185697
-0.0028351130895316,1750227540.0,-1.0199090242385864,1750185698
-0.5930020213127136,1750227541.0,0.0024100660812109,1750185698
0.4674506783485412,1750227544.0,-0.6079597473144531,1750185698
0.3707749545574188,1750227546.0,-0.4439078271389007,1750185698
0.4676197171211242,1750227546.0,-0.7328076958656311,1750185698
-0.1135069653391838,1750227547.0,-0.445098340511322,1750185698
-0.4195629060268402,1750227548.0,-1.7564265727996826,1750185698
-0.7103800177574158,1750227550.0,0.0609618350863456,1750185698
0.4252886772155761,1750227552.0,0.4833178222179413,1750185699
0.3871307969093323,1750227554.0,-0.4284925460815429,1750185699
0.4232485890388489,1750227554.0,-0.0283776391297578,1750185699
0.95259290933609,1750227554.0,-0.0005856189527548,1750185700
0.6974507570266724,1750227554.0,0.3535015881061554,1750185700
-0.0680281221866607,1750227555.0,-0.7593979835510254,1750185701
-0.4709140360355377,1750227556.0,-0.6995546817779541,1750185702
1.5249450206756592,1750227557.0,0.5860357880592346,1750185702
0.4732424318790436,1750227558.0,0.4533949196338653,1750185703
-0.6716685891151428,1750227558.0,-0.3534380793571472,1750185704
0.438699334859848,1750227559.0,0.5842697620391846,1750185704
-0.731371283531189,1750227559.0,0.03538054600358,1750185704
-0.4258235394954681,1750227561.0,1.0151376724243164,1750185705
1.7078588008880615,1750227564.0,-0.5651251673698425,1750185706
0.7946174144744873,1750227566.0,-0.0341123081743717,1750185706
0.710898756980896,1750227567.0,-0.4133017063140869,1750185706
-0.3915071487426758,1750227568.0,0.7900427579879761,1750185707
0.6930047869682312,1750227569.0,0.085844300687313,1750185708
-1.2704585790634155,1750227569.0,0.4074148833751678,1750185708
-0.6938426494598389,1750227571.0,0.5572704672813416,1750185709
0.4594700932502746,1750227571.0,-0.457135945558548,1750185709
-0.0070617999881505,1750227571.0,1.636241436004639,1750185711
-0.0624709315598011,1750227574.0,0.5788881778717041,1750185711
0.2454198002815246,1750227577.0,-0.1165197864174842,1750185711
-0.3545252978801727,1750227578.0,0.7193440198898315,1750185711
0.3343614935874939,1750227578.0,-0.4084242880344391,1750185712
0.728952944278717,1750227581.0,-1.1613961458206177,1750185712
0.7514805197715759,1750227581.0,0.4349707067012787,1750185713
-0.6082518100738525,1750227582.0,-0.4599593579769134,1750185713
-0.6519562005996704,1750227585.0,0.563847541809082,1750185714
-0.4287950396537781,1750227586.0,-0.0001089539509848,1750185714
0.0786949321627616,1750227587.0,-1.110637903213501,1750185714
-0.0505750067532062,1750227587.0,-0.5859996676445007,1750185715
0.4504137933254242,1750227589.0,0.5212694406509399,1750185716
0.360390692949295,1750227591.0,-0.416454553604126,1750185716
0.4257246553897857,1750227592.0,-0.3156984746456146,1750185716
1.6609342098236084,1750227593.0,0.395443856716156,1750185717
0.3814882636070251,1750227593.0,-1.343657612800598,1750185717
0.3998140394687652,1750227594.0,1.7385220527648926,1750185718
-0.5773502588272095,1750227597.0,0.6820719242095947,1750185719
-1.5879523754119873,1750227599.0,0.1753264963626861,1750185720
0.7131719589233398,1750227603.0,0.6613935828208923,1750185721
1.104092001914978,1750227605.0,0.3485426008701324,1750185721
-1.0995100736618042,1750227606.0,-0.0679813474416732,1750185722
0.4262039959430694,1750227607.0,-1.1607545614242554,1750185722
-0.5145598649978638,1750227608.0,0.6743168234825134,1750185722
-0.5172632932662964,1750227608.0,0.4091429114341736,1750185723
1.1730111837387085,1750227609.0,0.4192834198474884,1750185724
0.585969090461731,1750227613.0,1.238187313079834,1750185724
-0.2594630718231201,1750227618.0,0.4591934978961944,1750185724
0.4034926891326904,1750227621.0,-0.6520825624465942,1750185725
0.2135122865438461,1750227622.0,-0.6902871131896973,1750185725
-0.5184524059295654,1750227623.0,-0.0436498373746871,1750185726
-0.1278144568204879,1750227623.0,0.4247586131095886,1750185726
0.7520971894264221,1750227624.0,0.6360774636268616,1750185727
0.7860428690910339,1750227624.0,-1.43665611743927,1750185727
1.0168311595916748,1750227624.0,0.4672526717185974,1750185728
-0.0876036658883094,1750227628.0,0.7688055038452148,1750185728
-0.4254003465175628,1750227632.0,-0.4028464555740356,1750185728
0.4471704959869385,1750227632.0,0.3503623306751251,1750185728
0.390937328338623,1750227633.0,0.754618763923645,1750185729
0.7815229296684265,1750227633.0,-1.0036903619766235,1750185730
-0.6534315943717957,1750227635.0,0.0792895853519439,1750185730
-0.7344182133674622,1750227637.0,0.1208035200834274,1750185730
-0.0169153269380331,1750227638.0,0.6389487981796265,1750185730
-0.3700050413608551,1750227639.0,0.3705965578556061,1750185731
-0.0934105142951011,1750227644.0,0.4700366854667663,1750185731
-0.0318122133612632,1750227644.0,0.7318500876426697,1750185732
0.7128487229347229,1750227645.0,0.4794064462184906,1750185732
-0.5688309669494629,1750227646.0,0.091293916106224,1750185732
0.7421694993972778,1750227648.0,0.41652512550354,1750185732
0.4543920755386352,1750227649.0,1.1895594596862793,1750185732
-0.7112008333206177,1750227651.0,0.0166184101253747,1750185733
-0.7332453727722168,1750227651.0,-0.2956969141960144,1750185734
-0.7118805646896362,1750227651.0,-0.4155759811401367,1750185734
0.6463247537612915,1750227651.0,-0.2105738520622253,1750185735
-0.225771889090538,1750227652.0,-0.7151302695274353,1750185735
-0.2411447912454605,1750227652.0,0.3620740473270416,1750185735
0.2431489080190658,1750227653.0,0.635372519493103,1750185735
0.0532612204551696,1750227653.0,-0.2126486301422119,1750185736
-0.4629670083522796,1750227656.0,-0.6861644983291626,1750185736
-0.7653067111968994,1750227658.0,0.4659798741340637,1750185737
-0.5911749601364136,1750227662.0,0.4250787496566772,1750185737
0.4661585092544555,1750227664.0,-0.7381325960159302,1750185737
-0.2749187350273132,1750227664.0,0.0831404700875282,1750185738
-1.7409855127334597,1750227664.0,-0.7531099319458008,1750185738
1.1364541053771973,1750227665.0,-0.4380500018596649,1750185738
-0.5204027891159058,1750227665.0,0.4043283462524414,1750185739
0.0023165976162999,1750227667.0,-0.0565487258136272,1750185739
-0.5957154631614685,1750227668.0,0.6232827305793762,1750185740
0.0542889982461929,1750227668.0,-0.5320384502410889,1750185740
-1.212387204170227,1750227670.0,0.2305336445569992,1750185740
-0.7112674117088318,1750227672.0,-0.7246307134628296,1750185741
-0.6198614239692688,1750227672.0,-1.4243066310882568,1750185741
0.6953209638595581,1750227674.0,0.0693004503846168,1750185741
0.0638800486922264,1750227679.0,0.4860105216503143,1750185742
0.6895772218704224,1750227681.0,-0.4474081397056579,1750185743
-0.7395074963569641,1750227681.0,0.443595290184021,1750185743
-0.4476555287837982,1750227685.0,-0.2426006346940994,1750185743
0.599327027797699,1750227686.0,-0.6650112867355347,1750185744
0.3162091076374054,1750227687.0,-0.0963607802987098,1750185745
0.746519148349762,1750227690.0,-0.4698673188686371,1750185745
-0.3275385200977325,1750227690.0,-0.4914359152317047,1750185745
0.0503014512360096,1750227691.0,-0.597169041633606,1750185746
-0.0052492711693048,1750227692.0,-0.9535019397735596,1750185747
0.1244350895285606,1750227695.0,-0.1148462519049644,1750185747
1.1646589040756226,1750227699.0,-0.0357836186885833,1750185748
0.6642573475837708,1750227701.0,0.5663179755210876,1750185748
0.4342276453971863,1750227701.0,0.3701296150684356,1750185749
0.423939436674118,1750227704.0,-0.7464461922645569,1750185750
0.0233517717570066,1750227707.0,-0.3490470051765442,1750185750
-0.1374773830175399,1750227707.0,0.2596689760684967,1750185751
0.2550883293151855,1750227708.0,0.3021424412727356,1750185751
0.3733002841472626,1750227709.0,-1.1874390840530396,1750185751
-0.6584874391555786,1750227709.0,0.3360289931297302,1750185752
-0.5899083018302917,1750227712.0,0.0173273850232362,1750185752
-0.7328196167945862,1750227715.0,0.654035210609436,1750185752
-1.1451555490493774,1750227717.0,-0.0364069826900959,1750185752
0.688724160194397,1750227722.0,0.0016810210654512,1750185752
1.1913034915924072,1750227722.0,-0.6343071460723877,1750185752
0.0019236899679526,1750227722.0,-0.0014560270356014,1750185753
0.0795989409089088,1750227723.0,0.0485327430069446,1750185753
-0.4475886523723602,1750227726.0,0.7035309672355652,1750185754
-0.9101578593254088,1750227726.0,0.474382996559143,1750185754
-0.4508777856826782,1750247979.0,0.4998091757297516,1750185755
-0.4261408448219299,1750247980.0,0.0060776742175221,1750185755
0.0964479967951774,1750247980.0,0.423412561416626,1750185755
0.9895061254501344,1750247980.0,0.7544434070587158,1750185759
0.5948964953422546,1750247981.0,-0.7193742394447327,1750185759
-0.7863979935646057,1750247981.0,0.5423304438591003,1750185760
0.7073983550071716,1750247983.0,0.0275275092571973,1750185760
0.1288252174854278,1750247984.0,0.0456557609140872,1750185761
0.5608002543449402,1750247984.0,0.2588005363941192,1750185761
-0.4278500378131866,1750247986.0,-0.0070162173360586,1750185761
1.1890463829040527,1750247987.0,-0.4449997544288635,1750185762
-0.4814530313014984,1750247988.0,0.4406721591949463,1750185762
0.6984195709228516,1750247992.0,-0.2226359695196151,1750185763
-0.4679865539073944,1750247993.0,-0.9239116907119752,1750185764
1.0057859420776367,1750247994.0,-1.161312699317932,1750185764
0.6473197937011719,1750247994.0,0.6293562054634094,1750185764
1.2406065464019775,1750247996.0,-0.7334005236625671,1750185764
0.4155440032482147,1750247996.0,-0.5661414861679077,1750185764
-0.7155861854553223,1750247996.0,-0.6825874447822571,1750185765
-0.7393302917480469,1750247997.0,0.0501042641699314,1750185766
-0.3578278124332428,1750247998.0,0.0871298909187316,1750185766
-0.0632315799593925,1750247998.0,1.0465962886810305,1750185766
-0.4412799477577209,1750247998.0,-0.7102593183517456,1750185766
-0.4473247826099396,1750248001.0,-0.1124187782406807,1750185766
-0.785273551940918,1750248001.0,0.663604199886322,1750185767
-0.6778415441513062,1750248003.0,-0.69008868932724,1750185767
-0.4666852951049804,1750248003.0,-0.9395180344581604,1750185768
-0.4750590324401855,1750248004.0,-0.0908726453781127,1750185768
0.5809330940246582,1750248005.0,0.544532299041748,1750185768
-1.5852768421173096,1750248007.0,1.8540018796920776,1750185770
1.2158852815628052,1750248008.0,-1.0489391088485718,1750185770
-0.5324826836585999,1750248008.0,-0.4127801358699798,1750185771
0.5330649018287659,1750248009.0,0.6718686819076538,1750185772
-0.6249253749847412,1750248010.0,-0.3587097525596618,1750185772
-0.7615445256233215,1750248010.0,-1.0886331796646118,1750185772
0.4250251948833465,1750248011.0,0.4562108218669891,1750185773
1.7356925010681152,1750248011.0,0.7116612195968628,1750185773
1.4033066034317017,1750248011.0,-0.4583573043346405,1750185774
0.7161531448364258,1750248014.0,-0.0691922828555107,1750185774
0.127376914024353,1750248015.0,-0.6323325037956238,1750185774
1.8611994981765747,1750248016.0,-0.5675235390663147,1750185774
-0.6950954794883728,1750248019.0,0.3399049043655395,1750185775
0.4514613449573517,1750248021.0,0.7686891555786133,1750185775
-0.4335720241069793,1750248025.0,-0.7025394439697266,1750185775
1.2094776630401611,1750248026.0,0.2549741268157959,1750185776
0.0549440495669841,1750248029.0,1.27949857711792,1750185776
0.1951133906841278,1750248029.0,0.0474379993975162,1750185777
-0.2324891835451126,1750248030.0,0.4235420525074005,1750185778
-1.3670313358306885,1750248033.0,-0.5521635413169861,1750185779
-1.0576924085617063,1750248033.0,-0.9411035776138306,1750185779
-1.4091620445251465,1750248033.0,0.4365844428539276,1750185779
0.6657652854919434,1750248034.0,-0.0698833540081977,1750185780
-1.84495222568512,1750248035.0,-0.2276769280433654,1750185781
1.643202781677246,1750248037.0,-0.7375503182411194,1750185781
-0.0566201880574226,1750248039.0,-0.6748958826065063,1750185781
1.3007575273513794,1750248042.0,-0.7048640251159668,1750185782
-0.6885488629341125,1750248043.0,1.0101884603500366,1750185783
-1.91854190826416,1750248044.0,-0.328472763299942,1750185783
-0.4336885809898376,1750248045.0,0.084226094186306,1750185784
-0.3239698410034179,1750248045.0,-1.2745397090911863,1750185785
-0.4914169311523437,1750248046.0,0.1709930151700973,1750185785
0.7118046879768372,1750248048.0,-0.4760829210281372,1750185785
-42.107032775878906,1750248048.0,-0.1754087805747985,1750185785
-0.2208407521247863,1750248049.0,0.4140424728393554,1750185785
0.6181777715682983,1750248050.0,0.4233798682689667,1750185786
1.3778140544891355,1750248050.0,0.43035489320755,1750185786
-0.5800275206565857,1750248053.0,0.1325292736291885,1750185786
0.4511478245258331,1750248055.0,0.0301532056182622,1750185786
0.5123205780982971,1750248056.0,-0.1666126996278762,1750185786
-0.3207465708255768,1750248056.0,-0.7209813594818115,1750185787
0.591589093208313,1750248057.0,-0.6961230635643005,1750185788
0.3928508460521698,1750248058.0,-0.7251573204994202,1750185788
0.9962689876556396,1750248059.0,0.4957120418548584,1750185788
-0.3795923888683319,1750248060.0,-0.6274976134300232,1750185789
-0.5696735978126526,1750248060.0,0.6501975059509277,1750185789
0.465819239616394,1750248060.0,0.3912577331066131,1750185790
1.7496869564056396,1750248060.0,0.487009584903717,1750185790
-0.4874128401279449,1750248061.0,-0.3853396475315094,1750185790
1.2502466440200806,1750248061.0,0.2852946519851684,1750185791
0.1552542746067047,1750248063.0,0.8086788654327393,1750185791
-0.4301909506320953,1750248063.0,0.8776253461837769,1750185791
0.105561651289463,1750248065.0,0.7356942892074585,1750185792
-0.5377875566482544,1750248067.0,0.0463635474443435,1750185792
0.1072360500693321,1750248067.0,0.3313381373882293,1750185792
0.4209035634994507,1750248069.0,-1.1213749647140503,1750185792
-0.8329390287399292,1750248070.0,-0.6988897919654846,1750185793
-0.7670585513114929,1750248070.0,-0.3903400599956512,1750185793
1.5182846784591677,1750248070.0,0.186195820569992,1750185794
-1.6464874744415283,1750248071.0,-0.5168908834457397,1750185794
-0.4932952523231506,1750248073.0,-0.4675111174583435,1750185795
-0.051344946026802,1750248073.0,1.2821402549743652,1750185795
-0.1316014230251312,1750248074.0,0.5833520293235779,1750185796
0.8397257924079895,1750248076.0,-0.2151628285646438,1750185796
1.2401597499847412,1750248077.0,0.6569070219993591,1750185796
-0.7168758511543274,1750248077.0,-0.6117092967033386,1750185796
-1.258988380432129,1750248077.0,-0.6327868103981018,1750185796
0.7457186579704285,1750248078.0,-0.4411789774894714,1750185797
-0.4769508838653564,1750248078.0,0.3247346878051758,1750185797
0.4543145596981048,1750248081.0,-0.3934915661811828,1750185798
0.689578115940094,1750248083.0,0.5530205965042114,1750185798
-1.5173996686935425,1750248085.0,0.288518339395523,1750185798
-0.4711026549339294,1750248085.0,-0.2238959670066833,1750185799
1.6135714054107666,1750248086.0,0.3068343102931976,1750185800
1.1135128736495972,1750248087.0,1.2518117427825928,1750185800
-0.2240415066480636,1750248092.0,-0.0992451980710029,1750185800
0.6865264773368835,1750248092.0,-0.0159036088734865,1750185801
0.1669748872518539,1750248093.0,0.9890745878219604,1750185801
0.2334634363651275,1750248093.0,-0.1940609663724899,1750185801
-1.888403296470642,1750248094.0,1.9895429611206052,1750185801
0.472695916891098,1750248095.0,1.0757421255111694,1750185801
-0.1896868795156479,1750248095.0,-0.6774916052818298,1750185801
0.4320659339427948,1750248095.0,-0.2118283063173294,1750185802
-0.68788743019104,1750248099.0,1.344361662864685,1750185803
-0.4331092238426208,1750248100.0,-0.6533024311065674,1750185805
0.6676316261291504,1750248101.0,-0.6527711749076843,1750185806
0.1358047872781753,1750248105.0,-0.461622416973114,1750185806
-1.149439811706543,1750248105.0,1.7130378484725952,1750185807
-0.6882554888725281,1750248105.0,-0.7568534016609192,1750185808
-0.0808027386665344,1750248107.0,-0.1340244859457016,1750185809
0.3960552215576172,1750248107.0,-0.5720669627189636,1750185809
1.0550832748413086,1750248108.0,-0.3199677467346191,1750185811
0.4404116868972778,1750248109.0,-0.6533558368682861,1750185811
0.9256778359413148,1750248110.0,0.9346593618392944,1750185811
0.583674967288971,1750248110.0,-0.0902072265744209,1750185811
-0.5543531179428101,1750248112.0,-0.0170619785785675,1750185812
1.3173260688781738,1750248112.0,0.148026630282402,1750185812
-0.4519586861133575,1750248112.0,0.4220858514308929,1750185812
0.043922446668148,1750248114.0,-0.748364269733429,1750185812
-0.0853708088397979,1750248115.0,-0.4259241223335266,1750185813
-0.9176013469696044,1750248115.0,0.4706242084503174,1750185814
-0.5922741889953613,1750248116.0,0.4269252121448517,1750185814
-0.4090998768806457,1750248116.0,-0.3876283168792724,1750185814
0.4539878666400909,1750248118.0,0.0266465116292238,1750185815
1.1283807754516602,1750248118.0,0.7246944904327393,1750185815
0.0200364477932453,1750248118.0,0.2453214526176452,1750185817
0.2069917172193527,1750248119.0,-0.3420478999614715,1750185818
-0.3628817796707153,1750248119.0,-0.4755333662033081,1750185818
-0.8018302917480469,1750248119.0,1.1698362827301023,1750185818
0.3915066421031952,1750248120.0,0.4134128987789154,1750185818
-0.7770143747329712,1750248122.0,0.018053637817502,1750185820
-0.2907514572143554,1750248125.0,-0.6277958154678345,1750185820
-1.6922266483306885,1750248128.0,0.0516214370727539,1750185820
0.1045834347605705,1750248129.0,-0.7220706343650818,1750185821
1.3227403163909912,1750248130.0,0.442298412322998,1750185821
-0.4737757444381714,1750248130.0,-0.4566136300563812,1750185822
-1.695180058479309,1750248131.0,0.0063483286648988,1750185822
-0.4362497329711914,1750248131.0,0.2302764952182769,1750185824
-0.5559906363487244,1750248132.0,-0.046755239367485,1750185824
1.0515154600143433,1750248132.0,-0.5612807869911194,1750185825
-0.1705516427755355,1750248133.0,0.3776421844959259,1750185825
1.1075401306152344,1750248134.0,-0.1453544795513153,1750185825
-0.7250372171401978,1750248135.0,-1.1370532512664795,1750185825
1.1482813358306885,1750248137.0,1.461702585220337,1750185826
-0.4648678302764892,1750248138.0,0.0279788523912429,1750185826
0.5516789555549622,1750248138.0,-0.4707967638969421,1750185826
-0.685160219669342,1750248138.0,0.4540888965129852,1750185827
-0.7326909303665161,1750248139.0,0.0384805910289287,1750185827
-0.0056465971283614,1750248143.0,0.7589964270591736,1750185828
-0.4028750658035278,1750248143.0,1.0321491956710815,1750185828
0.4249081015586853,1750248143.0,1.0971461534500122,1750185828
-0.4394225478172302,1750248144.0,-0.0581156462430954,1750185830
-0.1467847377061844,1750248144.0,-0.2411732226610183,1750185830
-0.3726391792297363,1750248147.0,-0.889574408531189,1750185830
1.7316852807998655,1750248149.0,-1.1890426874160769,1750185830
-1.2073224782943726,1750248149.0,1.6898865699768066,1750185831
-0.6914857625961304,1750248149.0,0.6787967681884766,1750185832
-0.3829070329666137,1750248150.0,0.401507169008255,1750185832
-0.6974157094955444,1750248152.0,1.2855061292648315,1750185832
0.4623490869998932,1750248153.0,0.442731112241745,1750185832
0.9502794742584229,1750248153.0,0.7567840218544006,1750185833
0.6854239702224731,1750248154.0,1.1674436330795288,1750185833
-0.7410430312156677,1750248157.0,-0.2550544142723083,1750185834
0.7226592898368835,1750248159.0,1.0443038940429688,1750185834
0.4431187212467193,1750248160.0,0.1064653843641281,1750185834
-0.2438041716814041,1750248161.0,-0.2405063807964325,1750185834
0.2739013731479645,1750248161.0,0.199855089187622,1750185834
0.7102798223495483,1750248162.0,1.5314825773239136,1750185835
-0.534634530544281,1750248162.0,0.0385260730981826,1750185835
1.147623896598816,1750248163.0,-0.442749559879303,1750185835
0.7431010007858276,1750248164.0,0.4607331752777099,1750185836
0.0625394955277443,1750248164.0,0.772896409034729,1750185836
0.7156374454498291,1750248166.0,0.0690880119800567,1750185836
0.4915732145309448,1750248168.0,0.8954112529754639,1750185837
0.4682572782039642,1750248169.0,0.6912031173706055,1750185838
0.0568899735808372,1750248169.0,0.1326261907815933,1750185838
0.6733367443084717,1750248171.0,-0.0565458461642265,1750185839
-1.2847797870635986,1750248172.0,0.0296884216368198,1750185840
-0.4565915167331695,1750248173.0,-0.4572628736495971,1750185840
-0.0115789445117115,1750248174.0,-0.1011378616094589,1750185840
0.2372422069311142,1750248174.0,-0.6944747567176819,1750185840
0.5720551609992981,1750248176.0,-0.0971897095441818,1750185840
0.1430075019598007,1750248176.0,0.0254767872393131,1750185841
-1.265685796737671,1750248176.0,-0.0057431082241237,1750185841
-0.0019475822336971,1750248179.0,-0.4045946300029754,1750185842
1.4816384315490725,1750248180.0,-0.6785032153129578,1750185842
1.2084646224975586,1750248180.0,-0.4636545777320862,1750185843
0.6790034770965576,1750248181.0,0.4384344518184662,1750185843
0.0845609381794929,1750248185.0,0.3471582233905792,1750185843
0.6936817169189453,1750248186.0,0.7638533711433411,1750185844
-0.4606243371963501,1750248189.0,0.4177030324935913,1750185844
-0.5537594556808472,1750248191.0,-0.010003606788814,1750185845
-0.5282294750213623,1750248193.0,0.0319341607391834,1750185845
1.1701902151107788,1750248193.0,0.7026306986808777,1750185845
-0.6763913035392761,1750248198.0,0.7008705735206604,1750185846
-0.2233814746141433,1750248200.0,0.5524167418479919,1750185847
0.2006653249263763,1750248200.0,-0.0131690511479973,1750185847
0.4270097911357879,1750248202.0,-0.4190657436847687,1750185848
0.4436089396476745,1750248204.0,-0.3559814095497131,1750185849
0.1040748581290245,1750248205.0,-0.8621003031730652,1750185850
1.8209259510040283,1750248205.0,0.3782152235507965,1750185850
0.2303523421287536,1750248206.0,0.7167842984199524,1750185851
1.490646243095398,1750248208.0,0.5114629864692688,1750185851
-1.3613498210906982,1750248209.0,-0.147836685180664,1750185852
-0.6102477312088013,1750248210.0,-0.4445107877254486,1750185852
0.5780633687973022,1750248215.0,-0.4323339760303497,1750185852
0.3438949286937713,1750248218.0,-0.974208414554596,1750185852
-0.6164653897285461,1750248220.0,0.4605464041233063,1750185853
-0.4470331966876983,1750248221.0,0.0251603163778781,1750185853
0.4735704064369201,1750248221.0,0.4526247382164001,1750185854
-0.348710685968399,1750248221.0,-0.6947153210639954,1750185854
-1.617195725440979,1750248221.0,1.3963618278503418,1750185854
-1.242798924446106,1750248222.0,-0.5869245529174805,1750185854
0.7191232442855835,1750248224.0,0.2867528796195984,1750185856
-0.8160955309867859,1750248226.0,-0.7001140713691711,1750185856
0.5104804635047913,1750248229.0,0.685828447341919,1750185856
1.1577578783035278,1750248229.0,-0.0310104042291641,1750185856
-0.8658609986305237,1750248230.0,-0.432048887014389,1750185856
0.6705885529518127,1750248231.0,0.9271947741508484,1750185857
-0.6800510287284851,1750248237.0,-0.7091734409332275,1750185857
-0.7254678010940552,1750248240.0,0.6432672739028931,1750185857
0.0958411768078804,1750248240.0,0.3854025900363922,1750185857
0.4375806748867035,1750248242.0,-0.0742888525128364,1750185857
0.0456664413213729,1750248242.0,0.3704956173896789,1750185858
-1.1848344802856443,1750248243.0,0.1195492073893547,1750185858
-0.4608268439769745,1750248244.0,0.0418603830039501,1750185858
1.6508666276931765,1750248245.0,-0.7265280485153198,1750185858
-1.3342275619506836,1750248246.0,-1.0635969638824463,1750185859
-0.3582064211368561,1750248249.0,1.106091022491455,1750185859
-0.6480450630187988,1750248251.0,0.5334578156471252,1750185860
-0.015235704369843,1750248255.0,-0.4242087602615356,1750185861
0.3208258152008056,1750248255.0,-0.0023202579468488,1750185861
0.6936561465263367,1750248257.0,0.0003070509410463,1750185861
0.9975115656852722,1750248260.0,0.3884447813034057,1750185862
-0.0685721263289451,1750248260.0,0.605518102645874,1750185862
5.773242473602295,1750248260.0,0.4339804053306579,1750185862
1.243812918663025,1750248261.0,0.7069261074066162,1750185865
-0.4069526493549347,1750248261.0,-0.7584012746810913,1750185865
0.8640140295028687,1750248261.0,0.6385295391082764,1750185866
-0.7748360633850098,1750248262.0,-0.0105482880026102,1750185866
-0.4390286803245544,1750248262.0,0.740608274936676,1750185866
0.7744528651237488,1750248263.0,0.4764077663421631,1750185866
-0.942409336566925,1750248263.0,-0.700527548789978,1750185866
-0.2021921277046203,1750248264.0,-0.4253606498241424,1750185866
0.4013814032077789,1750248264.0,-0.1533789634704589,1750185867
0.6184544563293457,1750248266.0,0.0650716349482536,1750185867
-0.0655732676386833,1750248266.0,0.7559937238693237,1750185867
-1.0043723583221436,1750248268.0,0.4695836007595062,1750185868
-0.4243091642856598,1750248270.0,0.3765018582344055,1750185868
0.4623838067054748,1750248271.0,1.5951404571533203,1750185868
-0.6084270477294922,1750248272.0,0.3897489607334137,1750185869
1.2843633890151978,1750248273.0,0.3912213742733001,1750185869
0.1141737326979637,1750248275.0,0.4865272343158722,1750185870
-0.4540452659130096,1750248277.0,-0.0075006899423897,1750185870
0.1010516881942749,1750248279.0,-0.0687488317489624,1750185871
-0.1649189442396164,1750248282.0,-0.3154715001583099,1750185871
0.441927969455719,1750248282.0,-0.4639264047145843,1750185871
-0.4124256074428558,1750248285.0,0.6783309578895569,1750185872
1.0753257274627686,1750248286.0,0.4127034544944763,1750185872
0.6804175972938538,1750248287.0,0.696561336517334,1750185874
-0.546835720539093,1750248288.0,0.669099748134613,1750185874
-0.7090880274772644,1750248293.0,0.4813748002052307,1750185874
-0.0371669828891754,1750248295.0,0.303650438785553,1750185874
0.6732272505760193,1750248295.0,0.0488916374742984,1750185875
-0.4131550192832947,1750248296.0,0.5795509219169617,1750185875
-0.72322016954422,1750248297.0,-0.3629784882068634,1750185875
0.7381144165992737,1750248297.0,-0.1933790892362594,1750185876
0.5439039468765259,1750248297.0,0.4185815453529358,1750185876
-0.5810627937316895,1750248298.0,0.4248799681663513,1750185876
-0.5132553577423096,1750248298.0,0.0921857953071594,1750185876
0.7197185158729553,1750248298.0,-0.2830546200275421,1750185876
0.5289345979690552,1750248299.0,-0.4297349750995636,1750185878
-1.0036495923995972,1750248299.0,-0.2649157643318176,1750185878
1.6283549070358276,1750248302.0,-0.0592924505472183,1750185879
-6.503661155700684,1750248302.0,-0.7216581702232361,1750185879
-0.4569450914859772,1750248303.0,0.5121966004371643,1750185879
-0.6444956660270691,1750248303.0,-0.4650699496269226,1750185879
0.7563334703445435,1750248304.0,0.1212627291679382,1750185880
-0.6875534057617188,1750248304.0,-1.016021490097046,1750185880
0.6874263882637024,1750248306.0,0.6117335557937622,1750185880
-0.4206122457981109,1750248306.0,-0.5740616917610168,1750185880
0.1612427085638046,1750248307.0,-0.4663496315479278,1750185880
0.8222721815109253,1750248308.0,-0.4650416374206543,1750185881
0.282502144575119,1750248308.0,1.3046543598175049,1750185881
-0.6665347218513489,1750248309.0,0.1577840447425842,1750185881
0.6965208053588867,1750248310.0,0.2301647514104843,1750185881
-0.6815438866615295,1750248311.0,-0.2354814112186432,1750185882
0.6449209451675415,1750248314.0,0.6869886517524719,1750185882
0.7690472602844238,1750248317.0,0.6859666109085083,1750185882
0.4540993571281433,1750248317.0,-0.4274207055568695,1750185882
-3.5113656520843506,1750248318.0,1.4076197147369385,1750185883
-0.0497189052402973,1750248320.0,0.7129925489425659,1750185884
0.4597881436347961,1750248324.0,0.0034476455766707,1750185884
-0.1010974198579788,1750248327.0,-0.575106143951416,1750185884
-0.4418954253196716,1750248328.0,-1.0121768712997437,1750185885
0.9746657609939576,1750248329.0,0.1562422215938568,1750185885
-1.078078031539917,1750248330.0,-0.1536194384098053,1750185885
-0.5968405604362488,1750248330.0,1.0748270750045776,1750185886
0.2157066613435745,1750248331.0,-0.0120823858305811,1750185888
0.7476131319999695,1750248331.0,0.4587266743183136,1750185888
-0.2655847370624542,1750248331.0,-0.1631645560264587,1750185888
0.1759829521179199,1750248334.0,0.3820092678070068,1750185889
0.7038686871528625,1750248335.0,0.1907726824283599,1750185889
0.1233756393194198,1750248338.0,-0.3419197499752044,1750185890
-0.6424558162689209,1750248342.0,0.4613607823848724,1750185890
0.7110861539840698,1750248346.0,0.6710771322250366,1750185891
-0.5590078830718994,1750248348.0,0.4713976681232452,1750185892
0.7330777645111084,1750248351.0,-0.442640095949173,1750185892
-0.5539966821670532,1750248352.0,-0.6380862593650818,1750185892
-0.0720336735248565,1750248354.0,0.1138364151120185,1750185893
-0.4274976551532745,1750248355.0,0.4265158772468567,1750185893
0.359151154756546,1750248355.0,-0.4723556041717529,1750185893
-0.1645401567220688,1750248359.0,0.4447384774684906,1750185894
0.6840527653694153,1750248360.0,-0.5614281296730042,1750185894
1.0750068426132202,1750248361.0,-0.7557969093322754,1750185894
-0.2758629620075226,1750248361.0,-1.0489394664764404,1750185894
-0.0291466414928436,1750248363.0,0.7138931155204773,1750185894
0.5816417932510376,1750248364.0,-0.0291098952293396,1750185895
-0.7838284969329834,1750248364.0,0.0177186448127031,1750185895
-0.0284590758383274,1750248364.0,-1.0191274881362915,1750185896
1.5829523801803589,1750248369.0,0.4202163517475128,1750185896
1.6933889389038086,1750248370.0,0.0767703279852867,1750185896
0.7073541283607483,1750248372.0,0.7726038098335266,1750185897
1.692264437675476,1750248373.0,0.6486631631851196,1750185897
0.4429104030132293,1750248373.0,-0.2385895848274231,1750185897
0.6840000152587891,1750248374.0,-1.385465145111084,1750185898
0.7089453935623169,1750248374.0,-0.6261858344078064,1750185898
-0.4988273382186889,1750248375.0,1.082210659980774,1750185899
0.0096997739747166,1750248376.0,-0.4707472026348114,1750185899
0.4138401448726654,1750248377.0,-0.5808558464050293,1750185900
-0.1510738134384155,1750248377.0,0.0423853546380996,1750185900
-0.6475218534469604,1750248379.0,0.4475055932998657,1750185900
-1.6945000886917114,1750248379.0,-0.4596345722675323,1750185901
-1.0431140661239624,1750248381.0,-0.581158459186554,1750185903
0.4831347465515136,1750248382.0,-0.6289562582969666,1750185903
-0.7175471782684326,1750248385.0,-0.7940160036087036,1750185903
-0.3473150134086609,1750248385.0,0.02667897939682,1750185903
-0.6917608380317688,1750248386.0,1.0758764743804932,1750185904
0.8564156293869019,1750248387.0,-0.4196998178958893,1750185905
0.6888825297355652,1750248387.0,0.5753865838050842,1750185906
-0.664715051651001,1750248388.0,0.5578352808952332,1750185906
-0.6493167877197266,1750248393.0,-0.4207982718944549,1750185906
1.086038589477539,1750248393.0,0.7294740080833435,1750185906
-0.690741777420044,1750248394.0,-0.2147885113954544,1750185907
-0.5035433173179626,1750248394.0,-0.2613085806369781,1750185907
-0.4578448832035064,1750248395.0,0.5592296123504639,1750185907
-0.5615686178207397,1750248395.0,0.2340232580900192,1750185908
1.7208290100097656,1750248396.0,-0.6504045724868774,1750185908
1.6720976829528809,1750248398.0,1.1460540294647217,1750185908
-0.4430099427700043,1750248398.0,-0.4646655619144439,1750185909
-0.8541190028190613,1750248400.0,-0.5432233810424805,1750185909
24.90727996826172,1750248400.0,0.4449422657489776,1750185909
3.1231157779693604,1750248404.0,-0.0012166356900706,1750185911
-0.6666308641433716,1750248406.0,0.3434721231460571,1750185911
0.5407752394676208,1750248408.0,-0.5005835294723511,1750185912
-1.1651076078414917,1750248410.0,1.233669996261597,1750185913
-0.5089584589004517,1750248411.0,-0.1274964362382888,1750185913
-1.4021202325820925,1750264064.0,-0.4130729436874389,1750185913
0.0027538212016224,1750264066.0,-0.6800053119659424,1750185914
0.1349560618400573,1750264066.0,-0.6879985332489014,1750185915
-1.1716558933258057,1750264068.0,0.4343229830265045,1750185915
0.5351740121841431,1750264069.0,0.196550041437149,1750185915
-0.1136435195803642,1750264070.0,0.445841372013092,1750185915
-0.0546019040048122,1750264071.0,0.05090057477355,1750185915
0.7399738430976868,1750264072.0,-0.3064059913158417,1750185915
3.161083698272705,1750264074.0,-0.5681976675987244,1750185915
-0.3834196329116821,1750264075.0,-1.6115597486495972,1750185916
0.7091051936149597,1750264076.0,0.6875534653663635,1750185916
-0.7922066450119019,1750264076.0,0.699209988117218,1750185916
-0.6075891256332397,1750264077.0,1.1852304935455322,1750185916
-0.2978839874267578,1750264078.0,0.7139982581138611,1750185917
-1.2420116662979126,1750264078.0,0.0274231061339378,1750185917
-86.46983337402344,1750264078.0,0.0336848571896553,1750185917
0.1085401400923729,1750264079.0,1.254302978515625,1750185919
-0.3517450094223022,1750264080.0,0.4305244982242584,1750185920
-1.4790529012680054,1750264081.0,-1.1791887283325195,1750185920
-0.1472400873899459,1750264082.0,0.4440762996673584,1750185921
-0.5447190999984741,1750264084.0,0.4621481895446777,1750185921
0.330354779958725,1750264084.0,-0.3926563858985901,1750185921
0.4831908345222473,1750264086.0,0.2212564647197723,1750185921
-0.8544707894325256,1750264091.0,-0.1634352207183838,1750185921
-0.6904625296592712,1750264091.0,0.4733687341213226,1750185922
-0.0986267477273941,1750264095.0,-1.1852266788482666,1750185922
-0.2330666929483413,1750264095.0,-0.71075439453125,1750185923
0.4423181116580963,1750264096.0,-0.4724337160587311,1750185923
-0.1161414161324501,1750264097.0,0.4722318947315216,1750185923
-0.5136584043502808,1750264098.0,0.5352381467819214,1750185923
-0.0566809885203838,1750264098.0,-0.0317709930241107,1750185924
-0.8349337577819824,1750264098.0,-0.2011708915233612,1750185924
1.1245518922805786,1750264099.0,0.6900987029075623,1750185925
1.789978265762329,1750264099.0,-0.0654850155115127,1750185925
0.4642907083034515,1750264100.0,-0.0103249121457338,1750185925
0.4445127248764038,1750264101.0,1.0662460327148438,1750185926
0.2503808438777923,1750264102.0,0.232894942164421,1750185929
0.6676910519599915,1750264102.0,-0.4587372243404388,1750185929
1.259155035018921,1750264103.0,1.5653358697891235,1750185930
-0.9785632491111756,1750264103.0,0.4081499874591827,1750185930
0.6706379055976868,1750264104.0,-0.0352421700954437,1750185931
-1.4391775131225586,1750264105.0,0.5151960849761963,1750185931
-0.4476844668388366,1750264106.0,0.011378682218492,1750185931
-1.2587976455688477,1750264106.0,-0.4480701386928558,1750185933
0.0859725847840309,1750264107.0,-0.3864899277687073,1750185933
1.6856204271316528,1750264108.0,-0.4624034464359283,1750185935
0.1650687456130981,1750264109.0,0.4730415344238281,1750185935
1.2490298748016355,1750264109.0,-0.3908323943614959,1750185936
-0.6661049723625183,1750264109.0,-0.577530562877655,1750185936
-1.145959734916687,1750264110.0,0.2021583765745163,1750185936
-1.7582790851593018,1750264110.0,0.8611255288124084,1750185937
0.3612473905086517,1750264112.0,-0.6777230501174927,1750185937
-0.5265629887580872,1750264115.0,-0.2121159136295318,1750185938
0.3377067744731903,1750264116.0,0.0103099755942821,1750185939
-0.2708941102027893,1750264117.0,0.0745050013065338,1750185940
-1.0776666402816772,1750264118.0,-0.0938108935952186,1750185941
0.3626741468906402,1750264119.0,0.5635808706283569,1750185941
-0.4740746319293976,1750264120.0,0.7549833655357361,1750185942
0.767587423324585,1750264121.0,0.5774831175804138,1750185942
-0.4330486953258514,1750264123.0,-0.1249867603182792,1750185942
-0.526028573513031,1750264123.0,-0.2194530665874481,1750206794
0.9356335401535034,1750264123.0,0.0073851672932505,1750206795
-0.5521407723426819,1750264124.0,0.4231356978416443,1750206795
-0.3288010358810425,1750264126.0,0.6863148212432861,1750206795
-1.174726963043213,1750264126.0,1.049108624458313,1750206795
0.6050906777381897,1750264126.0,-0.6738151907920837,1750206796
0.5737621188163757,1750264127.0,-0.7365821599960327,1750206797
-0.3707334995269775,1750264127.0,0.003430409822613,1750206797
2.1854865550994877,1750264128.0,-0.4394294917583465,1750206797
-0.6436156630516052,1750264129.0,-0.0222449079155921,1750206797
1.0553324222564695,1750264129.0,1.0169765949249268,1750206797
-0.2505131065845489,1750264130.0,0.1224567368626594,1750206797
-0.6708886027336121,1750264132.0,0.2242445796728134,1750206798
0.4184546768665313,1750264133.0,-0.4087414443492889,1750206798
-0.8117804527282715,1750264134.0,0.7282956838607788,1750206799
0.6940778493881226,1750264137.0,-0.4648960828781128,1750206800
-0.474743902683258,1750264138.0,-0.0641004666686058,1750206800
0.7453397512435913,1750264138.0,0.878614068031311,1750206801
0.4977989792823791,1750264138.0,0.7570734620094299,1750206801
0.0008934992365539,1750264140.0,-0.0469103679060936,1750206801
-0.5378380417823792,1750264141.0,-1.0359605550765991,1750206802
1.445351481437683,1750264142.0,0.3598757684230804,1750206803
0.7220499515533447,1750264142.0,-0.010092812590301,1750206803
-0.6927539110183716,1750264143.0,-0.0026050775777548,1750206803
0.3580417931079864,1750264143.0,0.8238511085510254,1750206803
-0.4453281462192535,1750264144.0,0.5757636427879333,1750206803
0.4289523959159851,1750264144.0,1.233769416809082,1750206804
-0.8036261200904846,1750264145.0,-0.3385897874832153,1750206804
0.2404083907604217,1750264145.0,0.100688062608242,1750206804
-0.3798932433128357,1750264146.0,0.6770592331886292,1750206805
0.4437357187271118,1750264146.0,0.1387409716844558,1750206805
0.5004419088363647,1750264148.0,0.2288654744625091,1750206806
-0.4763024151325226,1750264150.0,0.1626474112272262,1750206806
-0.3428755700588226,1750264150.0,0.4215067625045776,1750206807
0.4825538992881775,1750264157.0,0.4852800071239471,1750206807
-1.0935118198394775,1750264158.0,-0.0001902037620311,1750206808
-0.1762786507606506,1750264159.0,-0.0643272399902343,1750206808
0.6695129871368408,1750264160.0,0.949983775615692,1750206811
-0.5619524717330933,1750264163.0,0.7098524570465088,1750206811
-0.4762620329856872,1750264166.0,-0.2893977463245392,1750206811
-0.0214882958680391,1750264167.0,-1.0511608123779297,1750206811
-1.7033381462097168,1750264168.0,-0.0616308078169822,1750206813
0.6218624711036682,1750264169.0,-0.5601716637611389,1750206813
-1.1666401624679563,1750264171.0,-0.5432337522506714,1750206813
0.6878295540809631,1750264176.0,-0.5697669386863708,1750206813
-0.5159130096435547,1750264176.0,0.7545108199119568,1750206813
-0.4729648530483246,1750264177.0,0.5414054989814758,1750206814
0.5706092715263367,1750264178.0,-0.0184485167264938,1750206814
-0.6169442534446716,1750264179.0,1.0600759983062744,1750206814
0.0269546415656805,1750264180.0,0.4186589419841766,1750206814
0.7245177626609802,1750264181.0,-0.4938857555389404,1750206814
0.4315541982650757,1750264183.0,0.4936200380325317,1750206815
0.5086160898208618,1750264183.0,0.4195394515991211,1750206816
-0.7213727235794067,1750264184.0,1.2194480895996094,1750206816
0.0375859700143337,1750264184.0,0.717552125453949,1750206817
0.3224779367446899,1750264184.0,-0.4133357107639313,1750206817
-1.0737359523773191,1750264187.0,0.9648034572601318,1750206817
-0.4885730445384979,1750264188.0,0.4429781138896942,1750206817
1.231137752532959,1750264188.0,1.1303435564041138,1750206817
0.4643699824810028,1750264189.0,-0.4353639781475067,1750206818
0.1277868300676345,1750264191.0,0.4407741725444793,1750206818
-1.1704516410827637,1750264191.0,-0.6006153225898743,1750206819
0.862114429473877,1750264192.0,-0.6906341910362244,1750206819
-0.3784449994564056,1750264195.0,0.7140432596206665,1750206819
0.4519961178302765,1750264196.0,1.1443580389022827,1750206819
0.743870735168457,1750264197.0,0.4320035576820373,1750206820
1.0445504188537598,1750264197.0,0.0003704101836774,1750206822
-1.064835548400879,1750264198.0,-0.4586662054061889,1750206823
-0.8834096789360046,1750264201.0,-0.1179727986454963,1750206823
0.2652398943901062,1750264201.0,0.7303356528282166,1750206823
-0.6374126076698303,1750264202.0,0.0200705379247665,1750206824
0.6808484792709351,1750264208.0,-0.3938432037830353,1750206824
-0.7295575737953186,1750264212.0,0.6252716183662415,1750206824
0.7467119097709656,1750264214.0,0.0415374673902988,1750206824
0.4414240419864654,1750264215.0,-0.0984385088086128,1750206825
-0.3165463805198669,1750264216.0,-1.315895676612854,1750206825
-1.078756332397461,1750264217.0,0.5858181118965149,1750206825
-0.5313928723335266,1750264218.0,-0.6067245602607727,1750206825
1.687455415725708,1750264220.0,-1.000861883163452,1750206825
1.2061601877212524,1750264221.0,-0.0854133442044258,1750206825
1.1624022722244265,1750264221.0,0.6098106503486633,1750206825
-0.7074843049049377,1750264224.0,0.4304969608783722,1750206826
1.0507656335830688,1750264227.0,-0.8809943199157715,1750206826
0.6251952052116394,1750264228.0,0.4206016659736633,1750206827
0.4284607768058777,1750264228.0,-0.7086435556411743,1750206828
0.5325555205345154,1750264231.0,-0.3874827325344085,1750206828
-0.4076196253299713,1750264231.0,0.2534876465797424,1750206828
0.0196034871041774,1750264231.0,-0.2883610129356384,1750206828
0.561653733253479,1750264234.0,0.4207276105880737,1750206829
0.0265989676117897,1750264234.0,-0.1160600632429122,1750206830
-1.1550942659378052,1750264234.0,1.1145775318145752,1750206830
0.7164753675460815,1750264234.0,-0.6784926056861877,1750206830
-0.4627456665039062,1750264235.0,1.7715859413146973,1750206831
0.9154384136199952,1750264236.0,0.0780713334679603,1750206831
0.7237855195999146,1750264236.0,1.571497917175293,1750206831
0.9013403654098512,1750264237.0,1.2573341131210327,1750206832
0.1866493076086044,1750264238.0,0.7272704243659973,1750206832
0.7035170793533325,1750264238.0,0.004108527675271,1750206832
-0.7286325693130493,1750264240.0,-0.1279169768095016,1750206832
0.5644513368606567,1750264242.0,0.7187662720680237,1750206833
0.2864508926868438,1750264242.0,-0.1682784706354141,1750206833
0.617895245552063,1750264243.0,0.4676534235477447,1750206833
-1.1504740715026855,1750264246.0,0.0773426592350006,1750206834
1.4840264320373535,1750264246.0,0.5310098528862,1750206835
-0.4513159096240997,1750264247.0,-1.5519453287124634,1750206835
-0.478545606136322,1750264250.0,1.5872933864593506,1750206836
-0.717980146408081,1750264251.0,0.5899915099143982,1750206836
-0.4254825413227081,1750264252.0,0.7480548024177551,1750206837
0.3287197649478912,1750264252.0,-0.5700550079345703,1750206838
0.7215651869773865,1750264253.0,0.1508471965789795,1750206839
0.8029361367225647,1750264254.0,0.4146094024181366,1750206839
-0.1852655708789825,1750264256.0,-0.4088214933872223,1750206839
0.7255043387413025,1750264258.0,0.823252260684967,1750206839
-0.6855764389038086,1750264258.0,0.4312231242656708,1750206840
-0.5741586089134216,1750264258.0,-0.4527700841426849,1750206841
-0.57063227891922,1750264259.0,0.3979320526123047,1750206841
-0.2864083349704742,1750264263.0,-0.056769173592329,1750206842
-0.6419402360916138,1750264264.0,0.115022100508213,1750206842
-0.6712470054626465,1750264264.0,0.2654772400856018,1750206843
0.4590430557727813,1750264265.0,-0.7071791291236877,1750206843
0.0510464720427989,1750264266.0,-0.0401495061814785,1750206844
-1.2188847064971924,1750264266.0,0.4537984132766723,1750206844
-1.0193967819213867,1750264270.0,0.1128876507282257,1750206845
0.4164946377277374,1750264271.0,-0.7589058876037598,1750206846
1.2454619407653809,1750264271.0,-0.4582226276397705,1750206846
-1.150054931640625,1750264271.0,-0.932078778743744,1750206847
0.2814434766769409,1750264271.0,-0.3718565106391907,1750206848
0.3684256374835968,1750264271.0,0.4051172137260437,1750206850
0.4609723091125488,1750264273.0,-0.2978808879852295,1750206850
0.4224763810634613,1750264273.0,0.5970270037651062,1750206850
0.0214458517730236,1750264274.0,0.2518427968025207,1750206851
1.338636875152588,1750264276.0,0.1472113281488418,1750206851
-0.4596151113510132,1750264277.0,-0.5251149535179138,1750206852
0.6606053113937378,1750264280.0,-0.0798287466168403,1750206853
-0.4565315544605255,1750264280.0,-1.1378896236419678,1750206853
0.4088926613330841,1750264281.0,-0.0575087778270244,1750206854
-0.7195611000061035,1750264281.0,-0.5752077102661133,1750206854
0.3830450177192688,1750264281.0,-0.6931255459785461,1750206856
2.9498486518859863,1750264281.0,-0.2972945272922516,1750206857
0.5049092769622803,1750264283.0,-1.0467621088027954,1750206857
1.1305804252624512,1750264286.0,0.0838780850172042,1750206857
-0.0033795156050473,1750264287.0,0.5137286186218262,1750206859
0.6483389735221863,1750264290.0,-0.8593608736991882,1750206859
0.5330833792686462,1750264292.0,0.2589690387248993,1750206860
-3.130403757095337,1750264292.0,-0.1223530918359756,1750206860
-0.6959384679794312,1750264292.0,0.2521802484989166,1750206860
0.4416281878948211,1750264292.0,0.4366545975208282,1750206861
-0.5204759240150452,1750264293.0,1.118259072303772,1750206862
0.2274520397186279,1750264296.0,-0.0637824311852455,1750206863
-1.7706090211868286,1750264298.0,-0.4347534775733948,1750206863
0.087132841348648,1750264299.0,0.035071961581707,1750206864
-0.3567847013473511,1750264302.0,0.4668895602226257,1750206864
0.4130416512489319,1750264305.0,0.0143964709714055,1750206865
0.2019883692264557,1750264307.0,0.7174364924430847,1750206865
-0.9344454407691956,1750264308.0,-0.4240042865276336,1750206865
-1.321025848388672,1750264310.0,0.0927123203873634,1750206865
-0.7896268367767334,1750264310.0,0.0667838454246521,1750206866
-1.2568200826644895,1750264310.0,0.5752941966056824,1750206866
1.8581451177597048,1750264312.0,0.7473199367523193,1750206866
0.6897123456001282,1750264312.0,1.099292278289795,1750206867
-1.9037294387817385,1750264313.0,0.5168331265449524,1750206867
1.0574421882629397,1750264315.0,-0.7001700401306152,1750206867
-1.500741481781006,1750264317.0,0.1463332623243332,1750206868
-1.78517746925354,1750264319.0,-0.4680012762546539,1750206868
-0.4697785079479217,1750264319.0,0.5402050018310547,1750206869
-1.0625704526901243,1750264320.0,0.0085998885333538,1750206870
-1.2534643411636353,1750264320.0,0.673939049243927,1750206870
-0.5797392725944519,1750264321.0,0.4031112790107727,1750206871
-0.0504313521087169,1750264324.0,-0.7042769193649292,1750206872
-0.0186940170824527,1750264325.0,-0.0265622902661561,1750206872
0.5990681648254395,1750264326.0,0.7201146483421326,1750206872
0.2274836599826812,1750264328.0,0.0518892779946327,1750206872
-0.5788331031799316,1750264328.0,0.2544351816177368,1750206874
-0.4679223001003265,1750264332.0,0.4148145616054535,1750206874
1.015870213508606,1750264333.0,-0.020602386444807,1750206876
0.4417169988155365,1750264333.0,0.5910054445266724,1750206876
0.1020377427339553,1750264333.0,0.8003740310668945,1750206876
-0.3029400110244751,1750264336.0,-0.6712199449539185,1750206877
-0.3772589266300201,1750264336.0,-0.7386461496353149,1750206877
0.7140243053436279,1750264337.0,-0.4313039779663086,1750206878
-1.1361523866653442,1750264338.0,0.4735215008258819,1750206879
-0.5094426274299622,1750264340.0,-0.0016184822889044,1750206879
0.7186710238456726,1750264341.0,1.7059922218322754,1750206880
-0.1998745650053024,1750264342.0,0.4762431681156158,1750206880
0.4075376987457275,1750264343.0,-0.1267764717340469,1750206880
0.013841725885868,1750264344.0,0.5802924036979675,1750206881
0.5771439671516418,1750264344.0,-0.3998982906341553,1750206882
0.4235340654850006,1750264345.0,0.7212749123573303,1750206882
0.6643012166023254,1750264345.0,2.707489490509033,1750206882
0.4384886622428894,1750264345.0,0.3788774609565735,1750206883
-0.5451907515525818,1750264348.0,-0.5776362419128418,1750206883
0.7262963652610779,1750264349.0,-0.083332285284996,1750206883
0.2867965400218963,1750264349.0,-0.4393523633480072,1750206884
-1.16757071018219,1750264351.0,0.4735893011093139,1750206884
-0.7105975151062012,1750264356.0,1.1232092380523682,1750206885
0.0196862388402223,1750264357.0,-0.3950520157814026,1750206885
0.4437651932239532,1750264359.0,-0.4369135499000549,1750206886
-1.6832389831542969,1750264360.0,0.6218600273132324,1750206886
-0.5412899255752563,1750264360.0,0.7087923884391785,1750206886
-0.4431547522544861,1750264362.0,-0.4712194800376892,1750206887
-0.4430221617221832,1750264363.0,1.1529980897903442,1750206889
-0.4819245934486389,1750264363.0,-0.1221124902367591,1750206889
-0.6657328605651855,1750264364.0,-0.7322111129760742,1750206889
-0.2674642503261566,1750264364.0,0.5527988076210022,1750206890
-1.0811200141906738,1750264366.0,0.8510209321975708,1750206890
-1.2806541919708252,1750264366.0,-0.3849613070487976,1750206890
0.6541483998298645,1750264366.0,0.6152336001396179,1750206891
0.9240533113479614,1750264366.0,-0.4754503071308136,1750206892
0.7722483277320862,1750264367.0,-0.6181530356407166,1750206892
-0.0593529790639877,1750264368.0,0.8696101307868958,1750206892
-0.729163408279419,1750264371.0,-0.2501575946807861,1750206893
-1.0789251327514648,1750264372.0,0.3816229999065399,1750206893
-1.251873254776001,1750264372.0,-0.1346733123064041,1750206894
-0.4414041340351105,1750264372.0,0.4120050072669983,1750206894
0.0016740665305405,1750264373.0,0.8523194789886475,1750206894
0.509311854839325,1750264375.0,-0.3802616596221924,1750206894
-0.675615131855011,1750264379.0,-0.0168181173503398,1750206895
0.3812862038612366,1750264380.0,-0.6144402623176575,1750206895
-0.8139867186546326,1750264380.0,0.4225909411907196,1750206895
-0.6822225451469421,1750264380.0,0.0382539927959442,1750206896
0.9649202823638916,1750264381.0,0.4306073784828186,1750206896
0.4593613445758819,1750264381.0,-0.370250403881073,1750206896
0.514581024646759,1750264381.0,-1.0803701877593994,1750206897
-0.666551411151886,1750264381.0,0.1445617377758026,1750206898
1.8656288385391235,1750264382.0,0.4607779383659363,1750206898
-1.2166084051132202,1750264382.0,0.6760298013687134,1750206899
0.4663130044937134,1750264385.0,0.0718914866447448,1750206899
-0.5995230674743652,1750264386.0,-0.4896077215671539,1750206899
1.426907300949097,1750264386.0,0.0152152767404913,1750206900
0.6856878995895386,1750264386.0,1.7059217691421509,1750206901
0.86980140209198,1750264387.0,0.9879584312438964,1750206902
-1.1505717039108276,1750264389.0,-0.0459248311817646,1750206902
1.986484408378601,1750264390.0,0.4194145500659942,1750206903
-0.4113407731056213,1750264391.0,0.5612977147102356,1750206904
-0.4002083539962768,1750264392.0,-1.060785889625549,1750206904
-0.7865674495697021,1750264394.0,-0.0019626962020993,1750206904
0.0167212951928377,1750264395.0,-0.4306399524211883,1750206904
0.7217651605606079,1750264395.0,0.3845309019088745,1750206905
0.4483037292957306,1750264396.0,-0.5147738456726074,1750206905
0.5574252605438232,1750264398.0,0.5432143807411194,1750206906
-0.705233097076416,1750264398.0,-0.4078845083713531,1750206907
-0.6985200643539429,1750264400.0,-1.8150246143341064,1750206907
0.2137191295623779,1750264401.0,1.266449809074402,1750206907
-0.4929740130901336,1750264401.0,-1.2507721185684204,1750206907
-0.2488741725683212,1750264401.0,0.0429925173521041,1750206908
0.9080348610877992,1750264402.0,0.4720038175582886,1750206908
-0.7970821261405945,1750264403.0,0.5911577939987183,1750206909
-0.4668316543102264,1750264404.0,-0.57554030418396,1750206909
-0.393100768327713,1750264405.0,0.2899673283100128,1750206909
-0.3410026133060455,1750264407.0,0.4357839822769165,1750206910
-0.5140249133110046,1750264408.0,-0.6878085136413574,1750206910
-1.2642934322357178,1750264409.0,-0.1031230986118316,1750206910
0.5299286842346191,1750264411.0,0.4731107652187347,1750206911
0.4344138205051422,1750264411.0,-0.1771164089441299,1750206911
0.15639628469944,1750264413.0,-0.1693155467510223,1750206912
-0.7021262049674988,1750264413.0,0.566040575504303,1750206912
-0.738949716091156,1750264413.0,1.4371418952941897,1750206913
0.6871119141578674,1750264415.0,0.7300211787223816,1750206913
0.4705385565757751,1750264416.0,0.5117813348770142,1750206914
1.8964790105819704,1750264417.0,-1.5915554761886597,1750206914
-0.4650551080703735,1750264417.0,-0.4249264299869537,1750206914
-1.116173505783081,1750264418.0,0.4293501675128937,1750206914
-0.6722836494445801,1750264419.0,-0.0739318877458572,1750206914
-1.2595926523208618,1750264419.0,-1.2274550199508667,1750206914
-0.4360632300376892,1750264420.0,-0.0298450645059347,1750206915
-0.7643499970436096,1750264421.0,-0.6247848868370056,1750206915
0.6825994849205017,1750264422.0,1.7422370910644531,1750206917
-0.5754189491271973,1750264424.0,-0.0520484037697315,1750206918
0.2253807187080383,1750264426.0,-0.5678545236587524,1750206918
-0.954934060573578,1750264426.0,0.6472647190093994,1750206919
-0.4359326064586639,1750264428.0,0.4532386660575866,1750206919
-0.1777460128068924,1750264428.0,0.4402653276920318,1750206919
1.1533938646316528,1750264428.0,-0.1437460631132125,1750206919
-0.606397271156311,1750264428.0,-0.4025225639343261,1750206920
-0.7337164282798767,1750264428.0,-0.3980123698711395,1750206920
0.4148671925067901,1750264428.0,-0.6898984909057617,1750206920
0.0653305128216743,1750264429.0,0.6504802703857422,1750206921
-0.3888483047485351,1750264429.0,-0.2556245028972626,1750206921
0.4026422202587127,1750264430.0,0.1374000459909439,1750206922
1.387752890586853,1750264431.0,-0.6949058175086975,1750206922
-1.8504382371902464,1750264433.0,-0.7455423474311829,1750206923
-1.5634421110153198,1750264434.0,-0.0700108408927917,1750206924
0.6531063914299011,1750264434.0,-0.2162171751260757,1750206924
-0.9274747967720032,1750264435.0,-0.0082430709153413,1750206924
-0.6809105277061462,1750264436.0,0.9722791910171508,1750206925
-0.4412248134613037,1750264436.0,0.473143994808197,1750206925
-0.7097873687744141,1750264436.0,0.0016703049186617,1750206925
-0.2275475114583969,1750264437.0,-0.6868159174919128,1750206925
0.2542797029018402,1750264439.0,0.0987486541271209,1750206925
0.735504686832428,1750264442.0,-0.0898910984396934,1750206926
-0.4561993777751922,1750264444.0,-0.0860462486743927,1750206926
-0.0796909406781196,1750264444.0,-0.0754655301570892,1750206927
0.6794594526290894,1750264444.0,-0.2837867438793182,1750206928
1.0229891538619995,1750264446.0,0.0038886407855898,1750206929
-1.118382215499878,1750264446.0,0.6954225301742554,1750206929
0.4339649081230163,1750264448.0,0.6325059533119202,1750206930
0.0627780780196189,1750264448.0,-0.5794923901557922,1750206930
0.4297426342964172,1750264448.0,0.7069990634918213,1750206931
0.693469762802124,1750264450.0,-0.0027134786359965,1750206932
-0.4671547412872314,1750264450.0,-0.180627167224884,1750206933
-0.6966310143470764,1750264451.0,-0.7861393094062805,1750206933
0.7018318176269531,1750264454.0,0.3721230626106262,1750206933
-0.6768479347229004,1750264455.0,-0.6636930108070374,1750206934
0.2955466508865356,1750264456.0,0.0397546105086803,1750206934
-0.4800616800785064,1750264457.0,-0.9080010652542114,1750206934
-0.738882839679718,1750264458.0,-0.7459127902984619,1750206934
-0.7777478098869324,1750264458.0,-0.5281261801719666,1750206935
-0.3697524070739746,1750264459.0,0.5713921785354614,1750206935
0.0850420370697975,1750264459.0,1.740490198135376,1750206936
-0.1957120448350906,1750264461.0,-0.42343270778656,1750206936
-0.4493442475795746,1750264461.0,-0.0097537152469158,1750206936
1.0568839311599731,1750264461.0,0.52466881275177,1750206937
0.7585849165916443,1750264462.0,0.0111132739111781,1750206938
-0.0130152674391865,1750264462.0,-0.3996660411357879,1750206938
0.3689104914665222,1750280507.0,0.3465667963027954,1750206938
0.3266628682613373,1750280508.0,-0.4163021147251129,1750206938
0.20380300283432,1750280508.0,-55.22736740112305,1750206938
-0.7264177799224854,1750280509.0,-0.3320111930370331,1750206939
0.774280846118927,1750280509.0,0.0707975551486015,1750206939
0.4367934167385101,1750280512.0,-0.3974583148956299,1750206940
0.985766053199768,1750280516.0,-0.2052320539951324,1750206941
-0.1288632005453109,1750280517.0,0.736327588558197,1750206941
-1.475983738899231,1750280517.0,0.4232135713100433,1750206942
0.4286738634109497,1750280517.0,0.395761489868164,1750206942
-0.574970006942749,1750280518.0,-0.4604010879993438,1750206943
0.9849447011947632,1750280518.0,0.4775575697422027,1750206943
-0.1815256178379058,1750280520.0,-0.0982629656791687,1750206943
-0.2566976547241211,1750280520.0,-0.1180010885000228,1750206944
0.0484293326735496,1750280521.0,0.4238901138305664,1750206945
-0.2920602560043335,1750280521.0,1.1582467555999756,1750206945
-1.0558438301086426,1750280521.0,0.3759637475013733,1750206945
-0.8468064665794373,1750280522.0,-0.016650142148137,1750206946
0.2682143151760101,1750280525.0,0.4222878515720367,1750206947
0.4761292636394501,1750280525.0,0.999462902545929,1750206947
-1.5490771532058716,1750280526.0,-0.019946651533246,1750206947
0.852757453918457,1750280529.0,-0.4421893656253814,1750206948
-0.4623439311981201,1750280529.0,-0.1845005601644516,1750206948
-0.6184788942337036,1750280531.0,0.4496420621871948,1750206950
-0.7720443606376648,1750280532.0,-0.6378830671310425,1750206950
-1.7572065591812134,1750280532.0,0.3729573786258697,1750206950
0.4626257121562958,1750280534.0,0.4413163959980011,1750206950
0.7070208787918091,1750280535.0,0.0690663084387779,1750206951
-0.5880045890808105,1750280536.0,0.4384240806102752,1750206952
-0.4843426644802093,1750280536.0,0.2610504925251007,1750206952
0.6728227138519287,1750280537.0,0.4512546360492706,1750206952
0.3222294449806213,1750280538.0,-0.3378867506980896,1750206952
-1.176709771156311,1750280538.0,-0.4161174893379211,1750206954
0.3909092545509338,1750280539.0,0.4073917865753174,1750206954
0.6555292010307312,1750280541.0,-0.6800059676170349,1750206955
-0.9220178723335266,1750280541.0,1.48687481880188,1750206955
0.8476541638374329,1750280541.0,-0.4326407313346863,1750206956
0.6967926025390625,1750280545.0,0.6782936453819275,1750206956
1.1803964376449585,1750280546.0,-0.0024698632769286,1750206957
0.7404417991638184,1750280551.0,0.4478150606155395,1750206958
-1.197216272354126,1750280552.0,-0.2011716663837433,1750206958
-0.3178936541080475,1750280554.0,0.4267729222774505,1750206958
-0.8753769993782043,1750280554.0,1.8676007986068728,1750206959
0.9048949480056764,1750280555.0,-0.6695478558540344,1750206959
2.212387800216675,1750280556.0,0.5085183382034302,1750206959
0.210071712732315,1750280556.0,0.4378301501274109,1750206959
-0.2961574792861938,1750280556.0,-0.6809770464897156,1750206960
1.1389645338058472,1750280558.0,-0.4574461281299591,1750206961
-0.5809327363967896,1750280561.0,0.2566648125648498,1750206962
0.4035952389240265,1750280561.0,-1.5411349534988403,1750206963
1.2255940437316897,1750280561.0,-1.6806167364120483,1750206963
1.5445916652679443,1750280562.0,0.0016420688480138,1750206963
0.5166413187980652,1750280563.0,0.7259193062782288,1750206963
1.8288205862045288,1750280564.0,-0.463428795337677,1750206964
-0.4589937329292297,1750280565.0,-0.5944173336029053,1750206964
1.0900554656982422,1750280566.0,-1.072361707687378,1750206965
0.483655571937561,1750280567.0,-0.3808586299419403,1750206966
-1.5774625539779663,1750280571.0,0.4446258842945099,1750206968
-0.2445820271968841,1750280571.0,-0.0359776690602302,1750206968
-0.4288593232631683,1750280574.0,-0.0559884309768676,1750206968
0.7296633124351501,1750280575.0,0.6298651695251465,1750206969
0.6830965280532837,1750280575.0,-0.594196617603302,1750206969
0.506527841091156,1750280579.0,-0.6728221774101257,1750206970
0.4581737220287323,1750280580.0,-1.027171969413757,1750206970
1.1003044843673706,1750280580.0,0.7280890941619873,1750206970
0.4742588698863983,1750280581.0,0.3573389649391174,1750206973
1.104761242866516,1750280582.0,0.7223149538040161,1750206973
0.0053725647740066,1750280582.0,0.6060081720352173,1750206974
-0.0655301138758659,1750280583.0,0.0249713473021984,1750206974
0.1411776393651962,1750280585.0,0.6900661587715149,1750206975
-1.27680766582489,1750280585.0,-0.2236205041408538,1750206975
0.1571623235940933,1750280587.0,1.023198127746582,1750206975
0.7714962363243103,1750280590.0,-0.1067749485373497,1750206975
-0.4101164042949676,1750280590.0,0.3561746478080749,1750206976
-0.8309246897697449,1750280591.0,0.441788911819458,1750206976
0.2309266030788421,1750280591.0,1.6555438041687012,1750206976
-0.5503159165382385,1750280592.0,-0.4446342587471008,1750206976
-0.4332870841026306,1750280594.0,0.1522556394338607,1750206976
0.723663866519928,1750280597.0,-0.0077317138202488,1750206977
0.7608357071876526,1750280597.0,-1.3034732341766355,1750206977
1.8412840366363523,1750280597.0,-0.6839589476585388,1750206977
0.5688806176185608,1750280599.0,-0.5713735222816467,1750206978
-0.7449346780776978,1750280601.0,-0.7041173577308655,1750206978
-0.0081900358200073,1750280602.0,-0.0125119006261229,1750206979
0.4075709581375122,1750280604.0,0.2414233684539795,1750206979
0.4413080513477325,1750280605.0,0.3658075928688049,1750206979
-0.7022176384925842,1750280606.0,1.59750235080719,1750206979
-0.1107966899871826,1750280607.0,-0.101744070649147,1750206980
-0.5959895253181458,1750280608.0,-0.2019351869821548,1750206982
-0.4455305635929107,1750280608.0,0.4546727538108825,1750206982
-0.7299561500549316,1750280611.0,-0.463491290807724,1750206982
-1.5983105897903442,1750280613.0,-1.248742699623108,1750206982
-0.7484881281852722,1750280615.0,-0.1095286905765533,1750206983
-1.2402783632278442,1750280616.0,-0.6868549585342407,1750206983
0.9391573071479796,1750280617.0,-0.0898990482091903,1750206983
1.6873270273208618,1750280620.0,0.4173473119735718,1750206983
-0.4243189394474029,1750280620.0,-1.0838295221328735,1750206984
0.643942654132843,1750280621.0,0.494740217924118,1750206984
-0.4731778502464294,1750280622.0,0.3569225370883941,1750206984
0.7636126279830933,1750280623.0,0.041853591799736,1750206984
-0.3771669864654541,1750280624.0,-1.7610337734222412,1750206985
0.0112055605277419,1750280624.0,0.4033518731594085,1750206986
-0.4431785643100738,1750280628.0,0.3463038206100464,1750206987
-0.2335515171289444,1750280629.0,0.4600926637649536,1750206987
0.5309643149375916,1750280629.0,0.2206442803144455,1750206987
0.912641942501068,1750280630.0,-0.5221157073974609,1750206987
0.6567844152450562,1750280630.0,1.0553359985351562,1750206987
1.7883862257003784,1750280630.0,-0.4103868901729584,1750206988
0.7085201740264893,1750280630.0,0.420273095369339,1750206988
-0.5098760724067688,1750280631.0,-0.0011815157486125,1750206988
-0.3280965983867645,1750280632.0,0.926836371421814,1750206989
-0.4331001937389374,1750280633.0,-0.4061401486396789,1750206989
0.4584827125072479,1750280634.0,-0.7756109237670898,1750206989
-1.1508996486663818,1750280637.0,0.1407783776521682,1750206989
0.8259249925613403,1750280637.0,0.7468999624252319,1750206990
-0.7635833621025085,1750280641.0,-0.2415533661842346,1750206990
-0.4302950203418731,1750280642.0,0.1308123171329498,1750206991
-0.1419543325901031,1750280645.0,0.5149937272071838,1750206991
0.7078704833984375,1750280645.0,-0.5794318318367004,1750206991
1.3595980405807495,1750280645.0,-0.4708863794803619,1750206991
0.6943194270133972,1750280646.0,0.7080755829811096,1750206991
-0.4210311770439148,1750280647.0,-0.4395874440670013,1750206992
-0.0167682934552431,1750280648.0,0.2849546372890472,1750206992
-0.4501839578151703,1750280650.0,-0.185280755162239,1750206993
-0.4705959856510162,1750280650.0,0.47768634557724,1750206993
-0.7310631275177002,1750280650.0,1.014183521270752,1750206993
0.5074537992477417,1750280651.0,0.3003570139408111,1750206993
-0.3957178890705108,1750280652.0,-0.9243701696395874,1750206994
1.6453118324279783,1750280653.0,-0.6947529315948486,1750206995
-0.1115154325962066,1750280654.0,-0.3800750076770782,1750206995
-0.3990243375301361,1750280655.0,0.5436311960220337,1750206995
0.2932667732238769,1750280655.0,-0.7482243776321411,1750206996
0.4541409015655517,1750280656.0,0.6864542365074158,1750206996
-0.594919741153717,1750280659.0,0.3188653290271759,1750206997
0.4244742095470428,1750280660.0,-1.605682611465454,1750206997
-0.6874801516532898,1750280662.0,0.6620703339576721,1750206997
-0.0454300232231617,1750280662.0,0.1757801324129104,1750206998
0.4223564565181732,1750280666.0,0.4171527922153473,1750206998
0.7306957244873047,1750280668.0,-0.0186188481748104,1750206998
-0.3238875269889831,1750280668.0,1.137074589729309,1750206998
-0.4778952598571777,1750280669.0,0.3704847693443298,1750206999
-0.85312420129776,1750280670.0,0.6840483546257019,1750206999
1.521040916442871,1750280670.0,0.4485134184360504,1750206999
0.4644598960876465,1750280670.0,0.7268848419189453,1750207000
0.5871261358261108,1750280671.0,-0.7030588984489441,1750207001
0.0617978125810623,1750280672.0,0.55378657579422,1750207003
0.9319347739219666,1750280674.0,-0.7031193971633911,1750207003
-0.4356377124786377,1750280675.0,0.463230699300766,1750207003
0.4250585734844208,1750280675.0,0.4696928560733795,1750207003
-0.9378457069396972,1750280676.0,0.0189849566668272,1750207003
0.9077210426330566,1750280676.0,-0.0649502426385879,1750207003
0.7062434554100037,1750280678.0,0.6937435269355774,1750207003
1.4134093523025513,1750280679.0,0.2686881422996521,1750207004
0.4622620046138763,1750280679.0,0.9002135992050171,1750207004
-0.4664892256259918,1750280682.0,0.3423764407634735,1750207005
-0.5755141973495483,1750280683.0,-0.0216449350118637,1750207006
0.7506106495857239,1750280686.0,-0.0340363420546054,1750207007
0.7307826280593872,1750280687.0,16.135671615600586,1750207007
-0.6725093126296997,1750280688.0,-0.6939590573310852,1750207008
0.3760378658771515,1750280688.0,-1.2313112020492554,1750207009
1.242379665374756,1750280688.0,-0.4491477906703949,1750207009
0.4453208446502685,1750280689.0,0.4532514810562134,1750207009
0.6751120090484619,1750280689.0,0.4633439481258392,1750207009
-0.0209864992648363,1750280692.0,-0.3451934158802032,1750207010
-0.3753984570503235,1750280693.0,0.4315670132637024,1750207010
-0.761570394039154,1750280694.0,-0.8099192976951599,1750207010
0.0468530878424644,1750280695.0,-0.4363345503807068,1750207010
0.6739166975021362,1750280696.0,0.7073761224746704,1750207011
-1.155211091041565,1750280699.0,1.176607966423035,1750207013
-0.1351079046726226,1750280701.0,-0.0326224938035011,1750207014
0.7311502695083618,1750280701.0,-0.0996826961636543,1750207014
-0.0045458860695362,1750280701.0,-0.1124952137470245,1750207014
-0.7517301440238953,1750280701.0,0.2731156051158905,1750207014
0.0165970381349325,1750280702.0,-0.3080562055110931,1750207014
0.639249861240387,1750280702.0,-0.0068622673861682,1750207015
-0.5909655094146729,1750280702.0,-0.692043662071228,1750207015
-0.6757414937019348,1750280703.0,-0.3262944519519806,1750207016
-1.6906682252883911,1750280704.0,-0.5055837035179138,1750207017
-0.7088991403579712,1750280705.0,-0.4228013753890991,1750207018
0.5308346748352051,1750280705.0,0.6782138347625732,1750207018
-0.5787045955657959,1750280706.0,0.4980065822601318,1750207019
-0.4195705950260162,1750280706.0,0.2157119214534759,1750207019
1.6215260028839111,1750280707.0,0.4086246192455292,1750207019
-0.4640111327171325,1750280714.0,-0.4456573724746704,1750207020
0.014005459845066,1750280714.0,0.6440929770469666,1750207020
0.4385753870010376,1750280714.0,0.6669394969940186,1750207020
1.2883267402648926,1750280715.0,0.4306375086307525,1750207020
-0.729495108127594,1750280715.0,0.4358174204826355,1750207020
0.43435999751091,1750280716.0,-0.1406244039535522,1750207021
1.8238904476165767,1750280716.0,-0.4152666628360748,1750207021
0.7331846952438354,1750280718.0,-0.9323893785476683,1750207021
0.3422547280788421,1750280719.0,0.3974095284938812,1750207022
1.1194881200790403,1750280720.0,0.7345691919326782,1750207022
0.3358827829360962,1750280720.0,0.3863329589366913,1750207022
0.4650205075740814,1750280721.0,-0.054561398923397,1750207022
-0.4327216446399688,1750280721.0,-0.1895588487386703,1750207022
0.0188980773091316,1750280721.0,-0.7375890612602234,1750207023
1.2489112615585327,1750280722.0,-0.7073785066604614,1750207024
-0.7558621168136597,1750280723.0,0.1452425122261047,1750207024
-0.1720641106367111,1750280726.0,0.4079276919364929,1750207024
-0.6757413148880005,1750280726.0,-0.7824797034263611,1750207026
0.4608878195285797,1750280726.0,0.9466150403022766,1750207027
-0.6863338351249695,1750280727.0,0.4533842504024505,1750207027
0.2925914824008941,1750280727.0,-0.3919337093830108,1750207027
0.0973287150263786,1750280728.0,0.5304956436157227,1750207028
0.704624354839325,1750280728.0,0.682881772518158,1750207028
0.4501422643661499,1750280731.0,-1.094571232795715,1750207029
-1.1504546403884888,1750280734.0,0.6428779363632202,1750207029
-0.0190281197428703,1750280736.0,0.0345217138528823,1750207029
0.4391745924949646,1750280736.0,-0.8755658268928528,1750207030
0.145126610994339,1750280738.0,0.4022966027259826,1750207031
0.5646461844444275,1750280739.0,0.0497191399335861,1750207032
0.6042128205299377,1750280740.0,-0.8801112174987793,1750207032
-0.6907607316970825,1750280741.0,-0.3235835433006286,1750207033
0.730974018573761,1750280743.0,-0.676082968711853,1750207034
0.4300146698951721,1750280745.0,-0.4195616245269775,1750207034
0.4347056150436401,1750280746.0,-0.7653647661209106,1750207034
-0.4881502985954284,1750280747.0,0.8802266120910645,1750207036
0.4321793913841247,1750280750.0,1.2064288854599,1750207036
0.3991931676864624,1750280750.0,-0.0430376604199409,1750207036
0.4388638734817505,1750280751.0,0.6880921125411987,1750207036
0.0067328219301998,1750280751.0,0.7199167013168335,1750207037
-0.6683057546615601,1750280755.0,-0.6783514022827148,1750207037
-1.2456684112548828,1750280759.0,0.0044496995396912,1750207037
-1.450157642364502,1750280762.0,0.2527551651000976,1750207037
-0.6845018863677979,1750280767.0,-1.102295994758606,1750207038
-1.42351496219635,1750280769.0,0.4690586924552917,1750207038
0.8772434592247009,1750280769.0,-0.3898725211620331,1750207038
-0.5721303820610046,1750280769.0,-0.698249340057373,1750207038
-0.5709325671195984,1750280770.0,-0.3495213985443115,1750207039
-0.651883602142334,1750280771.0,0.6091160774230957,1750207039
-0.5149617195129395,1750280771.0,-0.6626693606376648,1750207041
-0.1269402354955673,1750280775.0,-1.148735761642456,1750207042
0.5791206359863281,1750280776.0,0.1123121529817581,1750207042
-0.7604405283927917,1750280776.0,0.0174923930317163,1750207042
0.07662333548069,1750280778.0,-0.655986487865448,1750207042
-0.4230795204639435,1750280779.0,0.5551604628562927,1750207043
-0.5769393444061279,1750280781.0,-0.4393422603607178,1750207043
-0.1134196445345878,1750280784.0,0.5592507123947144,1750207043
0.0914901494979858,1750280785.0,1.3485413789749146,1750207044
-0.2983253300189972,1750280786.0,-0.0726668238639831,1750207044
-0.0413997843861579,1750280787.0,0.1372642815113067,1750207046
-0.4333533048629761,1750280789.0,0.114546500146389,1750207046
0.369889348745346,1750280790.0,0.4211741387844085,1750207047
-0.2443758100271225,1750280792.0,351.9976501464844,1750207047
0.6700954437255859,1750280792.0,-0.6494442224502563,1750207048
-1.4177519083023071,1750280792.0,-0.6980903148651123,1750207048
-0.4482129514217376,1750280797.0,1.1686582565307615,1750207048
0.7341079711914062,1750280797.0,-0.089858129620552,1750207048
-0.6824184656143188,1750280798.0,-0.7010698914527893,1750207049
0.682414174079895,1750280798.0,-0.3948419690132141,1750207050
-0.1846747249364853,1750280799.0,-0.461151510477066,1750207051
-0.0992204993963241,1750280802.0,0.4758974015712738,1750207051
-0.3955733180046081,1750280802.0,0.3845500946044922,1750207051
-1.2964082956314087,1750280802.0,-0.4229581952095032,1750207051
-0.4599755406379699,1750280803.0,-1.1120771169662476,1750207051
0.5795586705207825,1750280803.0,-0.6921669840812683,1750207052
0.7333124279975891,1750280804.0,-0.2366316616535186,1750207053
-0.471890240907669,1750280805.0,0.4645187854766845,1750207053
-0.4642929434776306,1750280806.0,-0.0258275847882032,1750207053
0.8854319453239441,1750280807.0,-0.4758108854293823,1750207054
1.2119123935699463,1750280808.0,-0.9157219529151917,1750207054
1.6351912021636963,1750280810.0,-0.6562535762786865,1750207055
0.3586474657058716,1750280810.0,0.4204039573669433,1750207055
0.7151118516921997,1750280810.0,-0.4623052179813385,1750207057
-0.7847545742988586,1750280811.0,-0.1201347261667251,1750207059
1.1056915521621704,1750280812.0,0.1902902871370315,1750207059
-1.4442988634109497,1750280812.0,-0.4221483469009399,1750207061
-0.0539689250290393,1750280812.0,-0.4394836127758026,1750207061
-0.3887142539024353,1750280816.0,-1.6299452781677246,1750207061
-1.1481150388717651,1750280818.0,-1.6228514909744265,1750207062
1.389922857284546,1750280818.0,1.5697393417358398,1750207062
0.711370050907135,1750280821.0,0.0543813928961753,1750207062
-0.6301653385162354,1750280822.0,0.7154365181922913,1750207063
-0.408832848072052,1750280822.0,-0.0963104814291,1750207063
-0.4391341805458069,1750280822.0,-0.1822105199098587,1750207063
0.4915880858898163,1750280824.0,-0.2413947731256485,1750207065
-0.6952104568481445,1750280826.0,0.0929458513855934,1750207065
-0.2875889241695404,1750280827.0,0.692484438419342,1750207066
-0.1350384056568145,1750280827.0,-0.741127610206604,1750207067
-0.6348652839660645,1750280829.0,0.4247972667217254,1750207067
-1.073039412498474,1750280829.0,1.6735035181045532,1750207067
-0.4614216089248657,1750280831.0,0.6992055177688599,1750207067
-0.6104331016540527,1750280832.0,0.7047984600067139,1750207068
-0.3931160569190979,1750280834.0,0.3944330811500549,1750207069
-0.6904599666595459,1750280837.0,-2.1543290615081787,1750207069
0.209585890173912,1750280837.0,1.144792079925537,1750207070
-1.814972996711731,1750280837.0,1.7575081586837769,1750207070
0.478636622428894,1750280841.0,-0.1297543197870254,1750207071
-0.3915338516235351,1750280842.0,0.2427281588315963,1750207071
0.7266418933868408,1750280843.0,-0.1161184534430503,1750207071
0.708171546459198,1750280844.0,-0.2673197388648987,1750207071
0.4399837255477905,1750280847.0,0.5777983069419861,1750207072
0.4837308228015899,1750280847.0,-0.3096531927585602,1750207072
1.6817985773086548,1750280850.0,0.48385751247406,1750207072
0.48268923163414,1750280850.0,-0.0109221814200282,1750207072
0.1405136585235595,1750280853.0,0.001169896335341,1750207072
1.555289387702942,1750280854.0,0.2663785517215729,1750207073
0.571612536907196,1750280855.0,-0.4494835436344147,1750207073
0.6335508227348328,1750280855.0,1.0787794589996338,1750207073
1.6036088466644287,1750280859.0,0.5198302268981934,1750207075
0.7311420440673828,1750280861.0,-0.2459885776042938,1750207075
-0.3617506325244903,1750280863.0,-0.2652786076068878,1750207075
1.0207375288009644,1750280863.0,0.5752002596855164,1750207076
0.6074561476707458,1750280863.0,0.5441174507141113,1750207077
1.2167580127716064,1750280864.0,0.565433919429779,1750207077
1.682877540588379,1750280864.0,0.7122263312339783,1750207077
-0.6746082901954651,1750280865.0,-0.0651922300457954,1750207078
0.1052596941590309,1750280868.0,-0.6321235299110413,1750207078
-0.6894761919975281,1750280868.0,-0.1348680853843689,1750207078
0.7112897038459778,1750280868.0,0.9186554551124572,1750207079
0.1848717927932739,1750280869.0,-0.438978910446167,1750207080
-1.2475674152374268,1750280869.0,0.4660112559795379,1750207081
0.4215035736560821,1750280870.0,0.5498168468475342,1750207081
-0.6417668461799622,1750280873.0,-0.7282803058624268,1750207081
0.4597653746604919,1750280874.0,0.4271644055843353,1750207082
0.7744138836860657,1750280875.0,0.439483106136322,1750207082
0.0802676230669021,1750280876.0,-0.1226536929607391,1750207082
-0.4274026751518249,1750280876.0,-0.6881840229034424,1750207083
-0.5674713850021362,1750280877.0,0.0337855592370033,1750207083
-0.345961183309555,1750280880.0,0.010363707318902,1750207084
-0.3833368420600891,1750280880.0,-1.0072875022888184,1750207085
-0.4703849554061889,1750280880.0,-0.1761571615934372,1750207085
-0.691051185131073,1750280881.0,0.4557324647903442,1750207085
-0.5131833553314209,1750280883.0,-1.3455501794815063,1750207085
-0.022732364013791,1750280883.0,-1.267479419708252,1750207086
0.6836944222450256,1750280885.0,0.0009594558505341,1750207086
-0.6880406141281128,1750280886.0,-0.4533275067806244,1750207087
0.4474079608917236,1750280887.0,-0.570851743221283,1750207088
0.6881223320960999,1750280887.0,0.2160117626190185,1750207088
-1.2034672498703003,1750280888.0,-0.2813585102558136,1750207088
-0.4943891167640686,1750280889.0,0.456708550453186,1750207089
0.0473063737154006,1750280891.0,0.8803950548171997,1750207089
-0.4690068066120147,1750280893.0,0.3697780966758728,1750207090
1.2876580953598022,1750280893.0,0.4924605190753937,1750207090
-1.0269839763641355,1750280895.0,-1.1582351922988892,1750207091
0.3535848557949066,1750280895.0,0.461080938577652,1750207091
-0.3347347676753998,1750280895.0,0.7205723524093628,1750207091
0.5424638986587524,1750280896.0,-0.6785447001457214,1750207092
0.3891127705574035,1750280896.0,0.4772226512432098,1750207093
-0.0079150609672069,1750280898.0,0.0231580585241317,1750207093
-0.5742834210395813,1750280898.0,0.5903857350349426,1750207094
0.2026830911636352,1750280898.0,0.4387423992156982,1750207094
0.485343873500824,1750280900.0,1.4336107969284058,1750207094
-0.2306298613548278,1750280901.0,0.3394601941108703,1750207094
0.3700742125511169,1750280902.0,0.7117924690246582,1750207094
1.1067101955413818,1750280903.0,0.6783047318458557,1750207094
1.680155873298645,1750280904.0,-0.7102820873260498,1750207094
-0.6904761791229248,1750280905.0,0.4476203322410583,1750207094
-0.2129582911729812,1750280905.0,-0.0617184340953826,1750207095
0.694153368473053,1750280908.0,0.0851043164730072,1750207095
-0.1155949607491493,1750280908.0,0.4345503449440002,1750207095
-0.6669135689735413,1750280908.0,1.0229573249816897,1750207095
-0.4336163401603699,1750280908.0,0.1514878869056701,1750207095
-0.5896279811859131,1750280909.0,0.426182359457016,1750207096
1.826364040374756,1750280909.0,-0.2086471319198608,1750207096
-0.495177149772644,1750280910.0,0.0326906591653823,1750207097
-0.4401509761810303,1750280912.0,0.0501257665455341,1750207097
1.0709370374679563,1750280912.0,-0.7257225513458252,1750207098
0.2790067195892334,1750280914.0,-0.7535775899887085,1750207098
-0.4314599335193634,1750280914.0,-0.062484223395586,1750207098
0.0739468857645988,1750296826.0,0.042895421385765,1750207099
-0.6385439038276672,1750296826.0,0.882283627986908,1750207099
-1.5874650478363037,1750296827.0,0.0196106825023889,1750207099
-0.4570820331573486,1750296828.0,-0.6474040150642395,1750207100
0.6454069018363953,1750296828.0,0.5787189602851868,1750207101
0.1933116316795349,1750296829.0,-0.437721848487854,1750207101
0.4266932308673858,1750296829.0,0.5773501992225647,1750207102
0.3883824348449707,1750296831.0,0.4269144833087921,1750207102
0.4139742851257324,1750296831.0,-0.0954512655735015,1750207102
1.2909657955169678,1750296832.0,0.7004156112670898,1750207102
-1.396075963973999,1750296832.0,1.8325793743133545,1750207103
-1.095294713973999,1750296833.0,1.4683600664138794,1750207103
0.2324111759662628,1750296835.0,0.7296527624130249,1750207103
0.504801869392395,1750296835.0,0.5770211815834045,1750207104
0.762302041053772,1750296837.0,0.04652925953269,1750207104
-0.4588662683963775,1750296837.0,0.0809720456600189,1750207105
-0.1178087964653968,1750296838.0,0.3905064761638641,1750207105
-0.6879888772964478,1750296841.0,-0.3879658281803131,1750207105
1.033519625663757,1750296842.0,0.4625238180160522,1750207106
0.6732025146484375,1750296842.0,-0.3557671308517456,1750207106
-0.7366615533828735,1750296843.0,0.1921514421701431,1750207108
0.4545213580131531,1750296846.0,-1.650259256362915,1750207108
2.1294758319854736,1750296848.0,-0.9162416458129884,1750207109
1.850325345993042,1750296849.0,-1.674253225326538,1750207110
-0.679876446723938,1750296849.0,1.2686656713485718,1750207111
0.5160163640975952,1750296850.0,-0.3580616414546966,1750207112
0.7494885325431824,1750296850.0,-0.4019047021865845,1750207112
0.7766699194908142,1750296850.0,-0.4436824023723602,1750207113
-0.5988940596580505,1750296852.0,-0.4348830282688141,1750207113
1.0372450351715088,1750296852.0,1.4268139600753784,1750207113
-0.352435290813446,1750296855.0,0.3601425588130951,1750207113
0.7192694544792175,1750296859.0,-0.705727219581604,1750207113
0.4672005176544189,1750296861.0,-0.3340464234352112,1750207114
-0.4527515172958374,1750296863.0,0.7573845982551575,1750207114
0.4762005507946014,1750296864.0,0.4320782124996185,1750207114
0.4764518737792969,1750296867.0,0.5404582023620605,1750207114
-0.4596037566661834,1750296868.0,0.4640941917896271,1750207115
-0.7370430827140808,1750296869.0,-0.0152550535276532,1750207115
0.0266887284815311,1750296869.0,0.4393792450428009,1750207115
0.5228061079978943,1750296869.0,1.1769319772720337,1750207115
-0.8368403315544128,1750296874.0,0.1887344270944595,1750207116
-1.2635295391082764,1750296876.0,-0.0582555122673511,1750207118
0.388213187456131,1750296876.0,-0.1706727296113968,1750207118
0.7285953760147095,1750296879.0,0.5710503458976746,1750207119
0.3942226469516754,1750296880.0,-0.3242292106151581,1750207119
-0.664549708366394,1750296880.0,0.384266048669815,1750207119
-0.9043745994567872,1750296882.0,-0.1418368518352508,1750207119
0.1468235254287719,1750296883.0,-0.6345680952072144,1750207119
0.6883017420768738,1750296884.0,1.386325478553772,1750207120
-0.719334065914154,1750296885.0,-0.4780723452568054,1750207120
0.4345927238464355,1750296885.0,0.3149704039096832,1750207120
-1.0102306604385376,1750296886.0,-0.448620468378067,1750207121
-0.9389764070510864,1750296887.0,0.4273032546043396,1750207121
-0.0537836290895938,1750296888.0,0.0178366526961326,1750207122
-0.6911024451255798,1750296890.0,0.0899017229676246,1750207122
0.3201321363449096,1750296894.0,0.0034817599225789,1750207123
-0.6481035947799683,1750296898.0,0.1130445525050163,1750207124
0.5785870552062988,1750296899.0,-0.397503912448883,1750207124
-0.515857458114624,1750296899.0,-0.7126923203468323,1750207124
0.0995972752571106,1750296899.0,-1.2593024969100952,1750207124
-1.0637205839157104,1750296901.0,-0.0249000862240791,1750207125
-0.0005179477739147,1750296902.0,0.2003538757562637,1750207126
-0.4643937647342682,1750296904.0,0.0904555693268776,1750207126
0.8991590142250061,1750296904.0,-0.113331563770771,1750207127
-1.0920289754867554,1750296905.0,-0.1074928194284439,1750207128
-1.0806127786636353,1750296906.0,0.3582121729850769,1750207129
0.7662642598152161,1750296907.0,0.0568020679056644,1750207129
-1.5775386095046997,1750296908.0,0.1386069059371948,1750207129
-0.915760099887848,1750296910.0,0.6948626041412354,1750207130
0.6870278120040894,1750296912.0,1.0279898643493652,1750207131
0.6772063970565796,1750296912.0,-0.6838966012001038,1750207131
0.0901620686054229,1750296913.0,-1.252838969230652,1750207132
1.526433348655701,1750296913.0,0.0044276360422372,1750207133
-0.5949202179908752,1750296914.0,-0.1480190455913543,1750207134
0.5321168303489685,1750296914.0,0.4622737169265747,1750207134
0.4254273176193237,1750296915.0,0.4398326277732849,1750207134
0.1139378547668457,1750296916.0,-0.2214378416538238,1750207136
-0.447453886270523,1750296918.0,0.1038311943411827,1750207136
-1.3818960189819336,1750296919.0,0.1039506942033767,1750207136
1.6025216579437256,1750296919.0,-0.1656688600778579,1750207137
0.7346243262290955,1750296920.0,1.5008361339569092,1750207137
-1.33165180683136,1750296921.0,-0.7354055047035217,1750207138
-0.1779547929763794,1750296921.0,-0.12042036652565,1750207138
0.4448084235191345,1750296921.0,0.1790960282087326,1750207138
0.4443357586860657,1750296924.0,-0.4577886760234833,1750207139
-0.6399005651473999,1750296925.0,0.6681311130523682,1750207140
-0.1410898566246032,1750296926.0,0.4239924550056457,1750207140
0.7533197402954102,1750296927.0,1.395829677581787,1750207140
0.4555425941944122,1750296927.0,-0.4885807931423187,1750207141
-1.5407048463821411,1750296929.0,-0.0018511833623051,1750207142
-2.845222234725952,1750296931.0,-0.5681998133659363,1750207143
-0.0008270141552202,1750296933.0,0.1370039135217666,1750207144
-0.4156614542007446,1750296934.0,-0.6085190773010254,1750207144
-0.0881180986762046,1750296934.0,0.033220887184143,1750207147
-0.4653151333332062,1750296935.0,-0.0358186289668083,1750207147
0.4634492993354797,1750296936.0,0.1863200515508651,1750207148
-0.6430377960205078,1750296940.0,0.6894508004188538,1750207149
-0.4538457095623016,1750296942.0,-0.7145384550094604,1750207149
-0.7277073264122009,1750296944.0,1.1999406814575195,1750207149
-1.3548835515975952,1750296946.0,0.3532705903053283,1750207150
0.6857512593269348,1750296946.0,-1.5655710697174072,1750207150
0.7465894222259521,1750296947.0,0.0454427823424339,1750207151
-0.453983873128891,1750296948.0,0.7050270438194275,1750207152
-0.5190650224685669,1750296949.0,-1.258769989013672,1750207152
0.0441499128937721,1750296949.0,-0.8620184063911438,1750207153
1.3142849206924438,1750296950.0,-0.4742744266986847,1750207153
-1.708274483680725,1750296952.0,-0.0103606563061475,1750207154
0.1097838506102562,1750296955.0,0.3499487936496734,1750207154
2.954524040222168,1750296956.0,0.3804974257946014,1750207155
0.0356150940060615,1750296957.0,-0.0179367680102586,1750207156
0.4692720472812652,1750296959.0,-0.57353276014328,1750207157
1.2113994359970093,1750296959.0,1.1293660402297974,1750207157
-1.020570993423462,1750296961.0,0.0327474698424339,1750207157
-0.602791428565979,1750296961.0,-1.7474799156188965,1750207157
0.669230580329895,1750296963.0,-2.166678667068481,1750207158
0.0132669964805245,1750296963.0,-0.3004501760005951,1750207158
0.6758562326431274,1750296964.0,0.439326524734497,1750207159
1.2665085792541504,1750296964.0,1.5138914585113523,1750207159
-0.4264340996742248,1750296965.0,1.0608760118484497,1750207161
-0.9595817923545836,1750296966.0,0.5899538993835449,1750207161
0.4527759253978729,1750296968.0,-0.3811834454536438,1750207161
-1.164705753326416,1750296968.0,-0.408683568239212,1750207161
0.7039684057235718,1750296969.0,0.5189730525016785,1750207161
-0.2312689870595932,1750296970.0,-1.1498472690582275,1750207162
-0.5604953169822693,1750296972.0,0.6933743357658386,1750207162
0.4136039614677429,1750296974.0,0.6516030430793762,1750207163
0.7241681218147278,1750296975.0,1.1254152059555054,1750207163
0.7069578170776367,1750296975.0,0.0180961322039365,1750207164
-0.1253316402435302,1750296977.0,-1.5870035886764526,1750207164
-0.150282010436058,1750296978.0,0.4359299838542938,1750207165
0.2231191545724868,1750296979.0,-1.603197693824768,1750207165
0.4747397303581238,1750296981.0,-0.8413395881652832,1750207166
-0.5569725632667542,1750296982.0,-0.5160104036331177,1750207166
-0.4609403014183044,1750296985.0,-0.9116076827049256,1750207167
-1.7683427333831787,1750296986.0,-0.0211456809192895,1750207167
-0.676177442073822,1750296988.0,-0.4996791481971741,1750207169
1.158394455909729,1750296989.0,0.377653956413269,1750207170
-0.6029760241508484,1750296990.0,0.0174460057169199,1750207170
0.0141542144119739,1750296992.0,0.6774047613143921,1750207171
-1.2775225639343262,1750296992.0,-0.6415084004402161,1750207171
-0.5687013268470764,1750296994.0,0.7005088925361633,1750207171
0.0377556569874286,1750296995.0,0.0695307329297065,1750207171
-0.2389038205146789,1750296997.0,0.69427090883255,1750207171
0.4402798116207123,1750296998.0,-1.0617488622665403,1750207172
-0.1340749263763427,1750296998.0,0.6840442419052124,1750207172
0.1734134256839752,1750296998.0,0.0866350531578064,1750207172
0.3973360359668731,1750297000.0,0.1024784222245216,1750207172
-0.0601219311356544,1750297000.0,0.390551209449768,1750207173
-1.0825916528701782,1750297003.0,-1.608021259307861,1750207173
1.2871253490447998,1750297005.0,-0.7006211876869202,1750207174
0.0763661861419677,1750297006.0,0.42052161693573,1750207174
-1.0503294467926023,1750297009.0,0.3979949355125427,1750207174
0.4205904304981231,1750297009.0,-0.6978179812431335,1750207174
-0.8206347823143005,1750297010.0,0.6795026659965515,1750207174
-0.0079125165939331,1750297011.0,-0.8118655681610107,1750207174
-0.1099399626255035,1750297011.0,-0.0187022611498832,1750207175
-0.045726902782917,1750297012.0,0.1949297338724136,1750207175
-1.2638671398162842,1750297013.0,-0.7264334559440613,1750207175
0.7296615242958069,1750297015.0,-0.0017759210895746,1750207175
-0.3682838976383209,1750297015.0,0.7000466585159302,1750207176
1.162327766418457,1750297018.0,-0.116936057806015,1750207177
-1.0927598476409912,1750297021.0,-0.4215400218963623,1750207177
0.6369698643684387,1750297021.0,-0.5609404444694519,1750207177
0.4851023256778717,1750297024.0,-0.3878558874130249,1750207178
-0.7098113894462585,1750297026.0,0.7400696277618408,1750207178
-1.268671631813049,1750297028.0,1.6267894506454468,1750207178
-0.011090587824583,1750297028.0,0.5117227435112,1750207179
-0.6925609707832336,1750297028.0,0.7110005617141724,1750207179
0.4698043763637543,1750297029.0,-0.6574264168739319,1750207179
-0.992088258266449,1750297031.0,-0.6609004735946655,1750207180
-0.3326899111270904,1750297032.0,0.3908019065856933,1750207180
0.4109651148319244,1750297033.0,0.5862336158752441,1750207181
-0.4447874426841736,1750297034.0,0.4892267286777496,1750207182
-0.6371442079544067,1750297034.0,-0.4264306724071502,1750207182
-0.9126145243644714,1750297040.0,0.4021967947483063,1750207183
-0.4137739241123199,1750297041.0,-0.5446356534957886,1750207183
0.0046086274087429,1750297044.0,-0.5103839039802551,1750207183
-0.0310367923229932,1750297045.0,0.460440844297409,1750207184
-0.448172926902771,1750297046.0,0.4942384958267212,1750207184
-0.4860739707946777,1750297048.0,-0.5383832454681396,1750207184
-0.0180666167289018,1750297048.0,-0.4428951740264892,1750207185
-0.4600841999053955,1750297048.0,0.0414352416992187,1750207186
0.8758149743080139,1750297049.0,-0.4611172974109649,1750207187
-0.4082928299903869,1750297049.0,0.5899552702903748,1750207187
-0.6912137866020203,1750297049.0,0.6806041598320007,1750207189
-0.09004907310009,1750297049.0,0.6670096516609192,1750207189
0.4899142384529114,1750297049.0,-0.6388494968414307,1750207190
-0.5027891993522644,1750297050.0,-0.7265010476112366,1750207190
-0.7899320125579834,1750297052.0,-0.1803526878356933,1750207191
-0.4781844615936279,1750297053.0,0.9652243256568908,1750207191
-0.4608586430549621,1750297054.0,-0.4666177332401275,1750207191
0.7028729915618896,1750297055.0,0.684337317943573,1750207192
-0.72410649061203,1750297055.0,-0.8124249577522278,1750207192
-0.4213856160640716,1750297058.0,-0.5915675163269043,1750207192
0.3288109600543976,1750297063.0,0.6294727325439453,1750207192
1.6783462762832642,1750297064.0,-1.0172051191329956,1750207192
-0.4800691306591034,1750297066.0,0.4371918737888336,1750207192
-0.903631329536438,1750297066.0,-0.1106360256671905,1750207194
0.3744220733642578,1750297066.0,1.072033166885376,1750207195
0.4749124944210052,1750297067.0,-0.2566781640052795,1750207195
-0.4333718717098236,1750297067.0,-0.7105098962783813,1750207195
0.6462902426719666,1750297068.0,0.0314991287887096,1750207195
-0.6812276840209961,1750297070.0,-0.8610909581184387,1750207195
1.3167757987976074,1750297070.0,0.5669882893562317,1750207196
0.6878548860549927,1750297070.0,-0.1535553783178329,1750207196
1.2663280963897705,1750297071.0,-0.7225766777992249,1750207197
0.4416481852531433,1750297072.0,-0.3035505414009094,1750207197
-0.5686960816383362,1750297072.0,0.0734114795923233,1750207197
0.6798001527786255,1750297073.0,-1.4849220514297483,1750207197
-0.6615372896194458,1750297074.0,-0.0945281535387039,1750207198
0.5514658689498901,1750297075.0,0.2449291497468948,1750207199
-0.4351315200328827,1750297075.0,-0.7170507311820984,1750207199
0.4735313653945923,1750297076.0,1.3115657567977903,1750207199
0.630135178565979,1750297077.0,0.5914281606674194,1750207200
-0.7397488951683044,1750297078.0,-0.0550896301865577,1750207201
0.3472576141357422,1750297081.0,-0.1317204684019088,1750207203
0.6873592138290405,1750297082.0,0.2281848788261413,1750207204
-0.6351848244667053,1750297083.0,0.2230191528797149,1750207205
-0.6913203597068787,1750297083.0,0.3444724977016449,1750207206
0.5013341307640076,1750297083.0,-0.4679949283599853,1750207208
-1.7955095767974854,1750297083.0,0.8823530673980713,1750207208
0.4649952054023742,1750297086.0,0.2488308399915695,1750207208
0.426350474357605,1750297086.0,0.104945108294487,1750207209
-0.4905100762844085,1750297086.0,-0.4583175182342529,1750207209
0.4919793307781219,1750297089.0,0.2379579097032547,1750207209
0.6911333799362183,1750297089.0,0.0049050971865653,1750207209
-0.1163490042090416,1750297090.0,0.3601604700088501,1750207209
-0.436637818813324,1750297092.0,-0.4564972817897796,1750207210
0.8458544015884399,1750297096.0,-0.4395123720169067,1750207210
1.7185527086257937,1750297098.0,-0.5585613250732422,1750207210
-0.3833184242248535,1750297101.0,-0.1270797550678253,1750207211
-1.1665939092636108,1750297102.0,2.58610463142395,1750207211
0.705583930015564,1750297106.0,0.4865301847457886,1750207212
-0.7885891795158386,1750297106.0,0.7468825578689575,1750207213
-0.4466727077960968,1750297106.0,0.6915569305419922,1750207213
0.5786293745040894,1750297107.0,-0.5975810885429382,1750207214
-0.579982578754425,1750297108.0,0.7166984677314758,1750207214
1.6357479095458984,1750297109.0,-0.4189733266830444,1750207214
0.5691577792167664,1750297110.0,1.117608904838562,1750207215
-0.0014399063074961,1750297111.0,0.4508789479732513,1750207215
0.4574074149131775,1750297114.0,-0.6581933498382568,1750207215
-0.1312763094902038,1750297120.0,-0.6183903217315674,1750207215
-0.1594377756118774,1750297122.0,-0.730524480342865,1750207215
0.9512667655944824,1750297122.0,-0.7255302667617798,1750207216
0.5327489376068115,1750297122.0,1.8540912866592407,1750207217
0.1036119163036346,1750297124.0,0.0039779250510036,1750207218
-0.8611827492713928,1750297124.0,-0.5789112448692322,1750207218
-1.2480196952819824,1750297124.0,0.6436492204666138,1750207218
0.13444185256958,1750297125.0,0.7235766649246216,1750207218
-0.1933177411556244,1750297125.0,0.3789218366146087,1750207220
-0.9781510829925536,1750297127.0,1.708353877067566,1750207220
0.4686441421508789,1750297128.0,0.0829207971692085,1750207221
-1.5315346717834473,1750297129.0,0.5878276228904724,1750207221
0.0871929004788398,1750297129.0,0.4631567597389221,1750207221
0.4595067799091339,1750297131.0,-1.5044724941253662,1750207221
0.7153932452201843,1750297131.0,0.192907378077507,1750207221
0.399875283241272,1750297133.0,0.5234355926513672,1750207221
-0.8994050621986389,1750297133.0,1.659023404121399,1750207222
-0.0077057289890944,1750297135.0,0.0876927524805069,1750207222
-0.26547771692276,1750297136.0,-0.1848860532045364,1750207222
0.578639566898346,1750297136.0,-0.6186751127243042,1750207223
0.8869425654411316,1750297136.0,-0.7177751660346985,1750207223
-1.321943283081055,1750297137.0,0.6807540655136108,1750207224
-0.4491221606731415,1750297138.0,0.6093852519989014,1750207224
2.301754951477051,1750297139.0,0.1456529051065445,1750207224
-0.5695616006851196,1750297141.0,0.9659122824668884,1750207225
0.1052704378962516,1750297144.0,0.1403936594724655,1750207225
-0.6905065774917603,1750297146.0,0.0619544722139835,1750207225
-1.1914626359939575,1750297146.0,0.3045343458652496,1750207225
0.7466317415237427,1750297148.0,-0.394229918718338,1750207226
-0.1909281313419342,1750297149.0,-1.0204638242721558,1750207227
-1.0330947637557983,1750297150.0,0.6207639575004578,1750207227
0.4135392606258392,1750297154.0,1.8808728456497192,1750207227
2.5316288471221924,1750297155.0,0.0148403476923704,1750207227
0.2016043961048126,1750297155.0,-0.4440336227416992,1750207228
0.6228484511375427,1750297157.0,0.4444325268268585,1750207228
0.1103231236338615,1750297160.0,-0.1747819930315017,1750207229
-0.7333353757858276,1750297160.0,-0.6782855987548828,1750207229
0.1709774881601333,1750297163.0,-0.3152079582214355,1750207229
0.0378219783306121,1750297164.0,1.2056875228881836,1750207230
0.5015836358070374,1750297164.0,0.6880902051925659,1750207230
-0.0615373663604259,1750297164.0,-0.5285970568656921,1750207230
1.3654636144638062,1750297164.0,0.5225343108177185,1750207230
-0.2526682019233703,1750297166.0,0.4614342451095581,1750207231
0.4385357201099396,1750297167.0,-0.2114350497722625,1750207232
0.6753469705581665,1750297167.0,0.4758656024932861,1750207232
1.585519313812256,1750297173.0,-0.454162448644638,1750207232
0.0719485655426979,1750297174.0,-0.4672103822231293,1750207233
-0.6624769568443298,1750297175.0,0.4495989680290222,1750207233
1.7396095991134644,1750297180.0,-0.4507609009742737,1750207234
-0.1176655068993568,1750297180.0,0.7137842774391174,1750207235
0.1170915961265564,1750297181.0,0.9569864869117736,1750207236
-0.6875406503677368,1750297182.0,0.0916964560747146,1750207236
1.1506397724151611,1750297182.0,1.642932415008545,1750207236
-0.4940743148326874,1750297182.0,-0.1086741611361503,1750207237
0.3997620642185211,1750297184.0,-0.6039475798606873,1750207237
0.2643792033195495,1750297184.0,-0.572716236114502,1750207238
-0.8112213015556335,1750297185.0,1.519243836402893,1750207238
-0.3719957768917084,1750297186.0,-0.0129393059760332,1750207238
2.5948293209075928,1750297186.0,-0.7094536423683167,1750207241
1.283320069313049,1750297186.0,-0.389934092760086,1750207241
-0.5704196691513062,1750297187.0,0.2368472963571548,1750207241
-0.6806066632270813,1750297189.0,0.801050066947937,1750207241
1.2937523126602173,1750297191.0,-0.6516340970993042,1750207242
-0.4204222559928894,1750297191.0,-0.4571844935417175,1750207242
1.5626180171966553,1750297192.0,0.2539567649364471,1750207242
1.7358063459396362,1750297193.0,-0.4753710925579071,1750227262
0.435607373714447,1750297194.0,-0.4870052337646484,1750227262
0.7403112053871155,1750297196.0,0.657178521156311,1750227262
-0.7780501842498779,1750297197.0,-0.4256709516048431,1750227264
0.605575680732727,1750297198.0,0.8947332501411438,1750227265
-0.4499292373657226,1750297199.0,-0.0070450310595333,1750227265
0.6905720233917236,1750297200.0,-0.7809330224990845,1750227265
-1.7601062059402466,1750297202.0,-0.4460718929767608,1750227265
0.4212813973426819,1750297202.0,-0.467833548784256,1750227267
0.4146848022937774,1750297203.0,-0.0267760828137397,1750227267
0.9782211184501648,1750297204.0,-1.7167021036148071,1750227267
0.3296924829483032,1750297204.0,-0.4086306393146515,1750227268
0.4414265155792236,1750297205.0,-0.5841357707977295,1750227268
-0.4657204449176788,1750297205.0,0.6906612515449524,1750227268
-0.5295297503471375,1750297205.0,-0.0048604779876768,1750227269
0.6635090112686157,1750297205.0,0.4639373421669006,1750227269
-1.3954336643218994,1750297206.0,-0.4853484034538269,1750227270
-0.4140986502170563,1750297210.0,-0.1599224060773849,1750227270
0.742276132106781,1750297211.0,0.2201611846685409,1750227271
-0.5285829305648804,1750297212.0,-0.0338358730077743,1750227271
-0.6942521333694458,1750297215.0,0.8705938458442688,1750227272
-1.0514484643936155,1750297215.0,-0.071896955370903,1750227272
-0.4360308349132538,1750297217.0,-0.4693450629711151,1750227273
0.420301228761673,1750297218.0,-0.4172890782356262,1750227273
0.6235782504081726,1750297218.0,0.3586586117744446,1750227274
-0.4144873321056366,1750297218.0,-0.4764564335346222,1750227274
0.5083863139152527,1750297219.0,-0.0733243450522422,1750227274
-1.1144146919250488,1750297219.0,0.5003976225852966,1750227275
1.2947065830230713,1750297221.0,-0.6979321241378784,1750227276
0.4107308983802795,1750297222.0,-1.3752825260162354,1750227276
-0.737494170665741,1750297223.0,1.3711634874343872,1750227277
-0.7656349539756775,1750297224.0,-1.3478641510009766,1750227277
0.5697634816169739,1750297226.0,-0.7370081543922424,1750227277
0.2390071898698806,1750297227.0,0.7167013883590698,1750227277
1.3032739162445068,1750297228.0,-0.6868086457252502,1750227278
-0.4179707169532776,1750297229.0,1.899353265762329,1750227278
-0.115331545472145,1750297230.0,0.003954813349992,1750227278
-0.4566863477230072,1750297233.0,0.7228955030441284,1750227280
-0.4728642404079437,1750297237.0,0.7057483792304993,1750227280
-0.8796244859695435,1750297243.0,0.0053021078929305,1750227280
-0.6339388489723206,1750297244.0,-0.0132625419646501,1750227280
0.4553507268428802,1750297245.0,0.148299366235733,1750227281
0.7265328764915466,1750297245.0,-0.0094499988481402,1750227282
0.4700417220592499,1750297246.0,1.1322437524795532,1750227282
-0.5844809412956238,1750314123.0,0.6671333312988281,1750227282
-0.1713544577360153,1750314125.0,-0.29254150390625,1750227283
0.4994903802871704,1750314125.0,-0.445712149143219,1750227283
0.075026735663414,1750314131.0,-0.7243566513061523,1750227283
-0.6880019307136536,1750314132.0,-0.683364987373352,1750227283
-0.4021651744842529,1750314132.0,1.0626554489135742,1750227284
0.5280662178993225,1750314133.0,-0.7026036977767944,1750227284
-0.4564091563224792,1750314136.0,-0.503666877746582,1750227285
-0.6510784029960632,1750314136.0,0.3894222378730774,1750227285
-0.1983605176210403,1750314136.0,1.178006291389465,1750227286
0.5041612982749939,1750314136.0,-0.0541725344955921,1750227287
-0.643591046333313,1750314141.0,-0.2170491069555282,1750227288
-0.3576377928256988,1750314141.0,-0.5380812287330627,1750227288
0.6878916621208191,1750314142.0,1.880321741104126,1750227289
2.584841251373291,1750314142.0,0.3893008828163147,1750227289
-1.1012678146362305,1750314143.0,-0.7932419180870056,1750227289
-0.4249756336212158,1750314144.0,0.0049425954930484,1750227291
-0.127674251794815,1750314145.0,-1.291782021522522,1750227291
-0.0994968116283416,1750314149.0,0.7186551094055176,1750227291
-0.4258925914764404,1750314149.0,-1.4726784229278564,1750227291
-0.7071596384048462,1750314149.0,-0.4571500718593597,1750227292
-1.6910260915756226,1750314151.0,-0.6947243809700012,1750227292
0.5595834851264954,1750314151.0,0.0555615238845348,1750227292
0.5037007927894592,1750314153.0,-0.5848626494407654,1750227292
0.427098661661148,1750314153.0,-0.4596043527126312,1750227293
-0.1162433326244354,1750314156.0,-0.0142606049776077,1750227295
-0.6721571683883667,1750314161.0,-0.436034083366394,1750227295
0.445842295885086,1750314164.0,0.7010669112205505,1750227295
0.467883825302124,1750314164.0,-0.4065715670585632,1750227297
-0.43913534283638,1750314166.0,-0.0919203460216522,1750227297
0.7309871912002563,1750314166.0,-0.0371834076941013,1750227297
-0.0840257108211517,1750314167.0,0.1381105035543441,1750227298
0.213816612958908,1750314168.0,0.2653247714042663,1750227299
-0.0056852651759982,1750314169.0,0.104993000626564,1750227299
-0.9349111318588256,1750314169.0,1.0315253734588623,1750227299
0.4159141778945923,1750314170.0,0.5706911683082581,1750227300
0.7053934931755066,1750314170.0,-0.3554331958293915,1750227301
-0.9887501001358032,1750314171.0,0.3962658643722534,1750227301
-0.0482431836426258,1750314171.0,0.7568572163581848,1750227301
-0.6536015272140503,1750314171.0,-0.0874224230647087,1750227301
-0.1073354929685592,1750314172.0,0.3723818063735962,1750227302
0.4649061262607574,1750314174.0,0.3880515992641449,1750227302
1.1217670440673828,1750314175.0,0.1642844974994659,1750227302
-1.2434710264205933,1750314175.0,0.0051834695041179,1750227302
0.6962164044380188,1750314177.0,-0.0758699178695678,1750227303
-0.6823785305023193,1750314177.0,-0.3827631771564483,1750227304
0.7514173984527588,1750314180.0,0.4114667475223541,1750227306
-0.4461416602134704,1750314180.0,-0.453232854604721,1750227306
0.7243484854698181,1750314183.0,-0.7090182304382324,1750227306
0.6757842302322388,1750314184.0,-0.4476016163825989,1750227306
-0.3698100447654724,1750314185.0,-0.4874572157859802,1750227306
0.1787507236003875,1750314186.0,-0.538276195526123,1750227306
-0.7519615292549133,1750314187.0,0.9653049111366272,1750227307
0.2444332987070083,1750314189.0,0.0482007525861263,1750227308
0.1440731287002563,1750314190.0,0.0714402198791503,1750227308
-0.8011406660079956,1750314190.0,1.6402499675750732,1750227308
-1.1247236728668213,1750314192.0,0.0864193141460418,1750227309
-1.4156906604766846,1750314193.0,0.557318389415741,1750227310
0.5299683213233948,1750314194.0,-0.0006312275072559,1750227310
0.6747807264328003,1750314195.0,0.3024932146072387,1750227310
0.0855630114674568,1750314196.0,0.3072369694709778,1750227310
0.0545969121158123,1750314196.0,0.1337594538927078,1750227311
-0.6581130027770996,1750314197.0,0.5330820083618164,1750227311
-0.7220327854156494,1750314197.0,1.092414140701294,1750227312
0.4816882908344269,1750314198.0,0.6660082340240479,1750227312
0.2582727968692779,1750314199.0,-0.7224705219268799,1750227312
0.3065479397773742,1750314199.0,-0.2309232056140899,1750227313
-0.4289966225624084,1750314200.0,-0.1465077549219131,1750227314
-1.1962913274765017,1750314200.0,0.4566342830657959,1750227314
-0.0951191335916519,1750314202.0,0.4147571623325348,1750227315
0.7485781908035278,1750314203.0,0.155331939458847,1750227315
1.1523256301879885,1750314203.0,0.4467448592185974,1750227315
1.88799512386322,1750314204.0,-0.6719507575035095,1750227315
0.4169456660747528,1750314205.0,-0.6747561693191528,1750227315
0.7291809916496277,1750314208.0,-0.4608975052833557,1750227315
0.4532029926776886,1750314209.0,-0.7248332500457764,1750227315
0.4762450456619262,1750314212.0,-0.4288969933986664,1750227316
0.6575791239738464,1750314214.0,-0.082940898835659,1750227317
0.4494443535804748,1750314214.0,0.3178463578224182,1750227317
0.6662166714668274,1750314215.0,-0.7515387535095215,1750227317
0.125107005238533,1750314216.0,0.6899173855781555,1750227318
-0.2816421687602997,1750314220.0,0.4348905384540558,1750227319
0.4277068078517914,1750314220.0,0.4494891166687011,1750227320
-0.4080844521522522,1750314221.0,-1.1097832918167114,1750227322
0.6715112924575806,1750314221.0,-0.3889433443546295,1750227322
0.4915623366832733,1750314223.0,-0.6810129284858704,1750227323
0.0572430081665515,1750314223.0,0.426670104265213,1750227325
-0.4461567401885986,1750314224.0,0.298984169960022,1750227325
-1.1617028713226318,1750314226.0,-0.4740178883075714,1750227326
-0.986104130744934,1750314228.0,-0.1027970612049102,1750227326
0.7241155505180359,1750314228.0,0.0846266150474548,1750227326
-0.5798846483230591,1750314228.0,0.4076008796691894,1750227329
0.08382448554039,1750314230.0,-1.255886793136597,1750227330
0.6636759042739868,1750314231.0,0.1018299981951713,1750227330
-0.6828293800354004,1750314232.0,-0.7292275428771973,1750227331
0.4774311780929565,1750314233.0,0.7221933007240295,1750227331
-0.90334290266037,1750314234.0,-1.7787054777145386,1750227332
1.0916929244995115,1750314235.0,-1.420351505279541,1750227332
0.7317565083503723,1750314238.0,-0.6698241829872131,1750227332
-0.6732114553451538,1750314240.0,0.4770984351634979,1750227333
-1.2494357824325562,1750314242.0,0.2312091588973999,1750227334
-0.730139434337616,1750314242.0,1.0051155090332031,1750227335
0.4579591155052185,1750314244.0,-0.1249533966183662,1750227335
-1.0679585933685305,1750314245.0,0.0669654682278633,1750227335
-0.0957871600985527,1750314247.0,0.2159744054079055,1750227336
0.5359324216842651,1750314249.0,-0.0170287769287824,1750227336
-0.5083454251289368,1750314251.0,-0.4623553454875946,1750227337
-0.4687637984752655,1750314251.0,1.3846226930618286,1750227337
1.1704665422439575,1750314252.0,-0.65538090467453,1750227337
0.3923006653785705,1750314252.0,-0.5943282842636108,1750227338
0.4081099033355713,1750314255.0,0.4553256332874298,1750227338
1.618374586105347,1750314255.0,0.389454185962677,1750227339
1.149144411087036,1750314256.0,-0.7705782651901245,1750227339
0.4646122455596924,1750314256.0,0.3812934756278991,1750227340
0.1818782836198806,1750314256.0,-0.498868465423584,1750227341
1.106680393218994,1750314256.0,0.4880320429801941,1750227341
0.9573994874954224,1750314258.0,0.487009197473526,1750227341
0.4956548511981964,1750314259.0,-0.6492195129394531,1750227341
0.6823925971984863,1750314260.0,-0.6799173951148987,1750227341
-0.5993658304214478,1750314263.0,0.4704537093639374,1750227342
-0.6124714612960815,1750314264.0,-0.0107337376102805,1750227342
0.1822949945926666,1750314264.0,-0.1653948873281479,1750227342
1.1522971391677856,1750314265.0,0.5755864381790161,1750227342
-0.4668554365634918,1750314268.0,0.493944376707077,1750227343
-1.3338061571121216,1750314268.0,0.1727411597967147,1750227343
-0.4888307452201843,1750314270.0,-1.0052098035812378,1750227344
-0.1050452440977096,1750314272.0,0.4528204202651977,1750227346
-1.3983392715454102,1750314272.0,-1.1209158897399902,1750227346
-0.3215327262878418,1750314274.0,0.3884334564208984,1750227346
0.5640413165092468,1750314275.0,-0.4130693078041076,1750227346
0.4966991245746612,1750314277.0,0.3124263882637024,1750227346
0.5253417491912842,1750314278.0,-0.4300062954425812,1750227347
1.494778752326965,1750314280.0,0.4991976022720337,1750227347
0.7157832384109497,1750314285.0,0.7189182639122009,1750227348
0.4759555160999298,1750314286.0,0.4387059807777405,1750227348
0.4432951509952545,1750314286.0,0.8422642946243286,1750227348
-0.831920325756073,1750314287.0,-0.6926230788230896,1750227349
-0.5983716249465942,1750314289.0,0.689339280128479,1750227349
0.7218818664550781,1750314291.0,-0.4080076217651367,1750227349
-0.2383763045072555,1750314293.0,-0.4334064722061157,1750227350
0.7091612219810486,1750314295.0,-0.0925942435860633,1750227350
1.8937281370162964,1750314298.0,0.461425632238388,1750227350
-0.6881179809570312,1750314298.0,0.229369968175888,1750227350
-0.0170098524540662,1750314300.0,1.0591351985931396,1750227351
-0.5696967244148254,1750314302.0,-1.254059076309204,1750227351
1.241984248161316,1750314303.0,-0.0198418498039245,1750227352
0.5006886124610901,1750314304.0,0.518634021282196,1750227352
-0.4225870966911316,1750314306.0,-0.1702119261026382,1750227352
-0.4264555275440216,1750314307.0,0.565396249294281,1750227352
1.2644450664520264,1750314307.0,0.4270651936531067,1750227353
0.6903356909751892,1750314309.0,-0.4593128263950348,1750227353
-0.7091406583786011,1750314311.0,-0.7459380626678467,1750227353
-0.5573186874389648,1750314312.0,0.6527717113494873,1750227353
-1.1380616426467896,1750314312.0,-0.4740143418312073,1750227354
0.3939944207668304,1750314312.0,0.0074495659209787,1750227355
-0.4646088480949402,1750314316.0,1.1820051670074463,1750227355
-1.0349516868591309,1750314318.0,-0.6663890480995178,1750227356
-0.5038033127784729,1750314318.0,-0.686439573764801,1750227356
-0.5844539403915405,1750314320.0,0.6798381805419922,1750227356
0.3129023611545563,1750314320.0,0.0329618155956268,1750227357
1.2598891258239746,1750314326.0,0.0626939833164215,1750227357
1.2854382991790771,1750314326.0,-0.4048762321472168,1750227357
0.5740025639533997,1750314328.0,0.0080037759616971,1750227358
0.3799543380737304,1750314331.0,0.0053151459433138,1750227358
-1.055101752281189,1750314332.0,0.5248228311538696,1750227359
-0.7307720184326172,1750314332.0,0.9300190806388856,1750227359
-0.653335690498352,1750314335.0,0.2672199606895447,1750227360
0.4246959090232849,1750314336.0,-0.4270534813404083,1750227360
-0.595179557800293,1750314337.0,0.690089225769043,1750227360
-0.2989795804023742,1750314339.0,-1.33573317527771,1750227360
-0.0470120869576931,1750314341.0,0.4063429236412048,1750227360
-0.1605653911828994,1750314342.0,-1.0737115144729614,1750227360
0.5847485065460205,1750314342.0,-0.4637235701084137,1750227361
0.4337339699268341,1750314344.0,0.4655359089374542,1750227362
0.7196298837661743,1750314345.0,0.0084895594045519,1750227362
0.655216634273529,1750314350.0,0.927159309387207,1750227362
0.2163860350847244,1750314351.0,0.0908569619059562,1750227363
0.7016090154647827,1750314352.0,0.6877394318580627,1750227363
0.6238926649093628,1750314353.0,0.3637888133525848,1750227364
-13.88144302368164,1750314353.0,-0.0123362559825181,1750227365
0.9240060448646544,1750314353.0,-0.4035766422748565,1750227365
1.1814216375350952,1750314354.0,0.6395905613899231,1750227366
0.4581049382686615,1750314355.0,-0.0216199569404125,1750227366
1.5583126544952393,1750314355.0,-0.0518574528396129,1750227368
-0.48599973320961,1750314355.0,0.6492449045181274,1750227369
-0.4470345377922058,1750314356.0,0.027000356465578,1750227369
-1.2451329231262207,1750314356.0,0.6728928685188293,1750227369
1.15606427192688,1750314359.0,0.4576250314712524,1750227369
0.8624317049980164,1750314364.0,-0.0029892071615904,1750227370
1.656710505485535,1750314364.0,1.2763392925262451,1750227370
-0.7321098446846008,1750314366.0,-0.4305860102176666,1750227370
0.844776451587677,1750314368.0,-0.4393968880176544,1750227371
0.4526243805885315,1750314369.0,-0.6630487442016602,1750227371
1.4135769605636597,1750314371.0,-0.6665436625480652,1750227371
-0.5291837453842163,1750314371.0,-1.812943935394287,1750227371
-1.3132513761520386,1750314372.0,0.0077549279667437,1750227371
-0.6650431752204895,1750314376.0,1.388885736465454,1750227372
-1.0375856161117554,1750314376.0,0.3949908912181854,1750227372
0.7991648316383362,1750314377.0,0.145000085234642,1750227372
0.2941945195198059,1750314378.0,0.090484507381916,1750227373
0.0789913758635521,1750314378.0,1.3120099306106567,1750227373
0.5773502588272095,1750314379.0,-0.2430252879858017,1750227374
0.0419335961341857,1750314382.0,0.3782095611095428,1750227374
0.0591714493930339,1750314383.0,0.2728188931941986,1750227374
-0.9235053658485411,1750314384.0,-0.2695365250110626,1750227375
0.9746614694595336,1750314385.0,-0.3729245066642761,1750227375
0.7077051997184753,1750314387.0,-0.2630620300769806,1750227376
-0.3810855448246002,1750314388.0,-0.4232645630836487,1750227376
0.4652521312236786,1750314389.0,0.6518667936325073,1750227378
-1.083893060684204,1750314389.0,0.1025792881846427,1750227378
0.4858160614967346,1750314391.0,-0.353557825088501,1750227379
0.4086045920848846,1750314393.0,-0.3588678538799286,1750227380
0.4657784402370453,1750314395.0,0.5669475793838501,1750227380
0.695014238357544,1750314396.0,0.4168353378772735,1750227381
0.2043340504169464,1750314396.0,0.9583052396774292,1750227381
-0.1114602833986282,1750314400.0,0.5599979758262634,1750227381
-1.2692806720733645,1750314400.0,-0.4601894319057464,1750227381
0.7872138619422913,1750314400.0,0.3610361516475677,1750227381
-0.4308006465435028,1750314400.0,0.6959472298622131,1750227381
0.0723742544651031,1750314401.0,-0.4293240904808044,1750227382
-0.3932452499866485,1750314401.0,-0.71341872215271,1750227382
0.5146615505218506,1750314401.0,-0.7046401500701904,1750227382
-37.725399017333984,1750314404.0,0.718501091003418,1750227383
1.052370309829712,1750314404.0,-0.4071707427501678,1750227384
0.6603851914405823,1750314405.0,0.4033617079257965,1750227385
-0.9026157855987548,1750314406.0,-0.7204619646072388,1750227385
-1.8403936624526975,1750314406.0,0.4108654260635376,1750227385
0.1414535045623779,1750314408.0,0.7020353078842163,1750227385
0.602595865726471,1750314408.0,0.9369344115257264,1750227385
-0.4526022970676422,1750314408.0,-0.4549770057201385,1750227386
1.1872825622558594,1750314409.0,0.3470995724201202,1750227386
0.4678232669830322,1750314410.0,-0.4592925608158111,1750227386
0.7043927311897278,1750314410.0,-0.4059334695339203,1750227386
1.3665316104888916,1750314412.0,0.3133323490619659,1750227386
1.2511086463928225,1750314412.0,-0.4469424784183502,1750227387
0.6374666690826416,1750314413.0,-0.6896823644638062,1750227387
1.019569754600525,1750314414.0,0.3329034745693207,1750227388
0.5373040437698364,1750314417.0,-0.0016225948929786,1750227388
0.5353723168373108,1750314417.0,0.4608409702777862,1750227388
0.5192014575004578,1750314418.0,0.6964925527572632,1750227389
1.518883466720581,1750314418.0,-0.4565852284431457,1750227390
0.6723443269729614,1750314419.0,-0.2631669640541076,1750227390
0.4672004878520965,1750314421.0,1.0190308094024658,1750227390
0.7588223814964294,1750314422.0,0.0834111422300338,1750227391
-1.1376585960388184,1750314425.0,-0.4655687808990478,1750227392
0.432711511850357,1750314426.0,-0.0220230966806411,1750227393
-1.0943890810012815,1750314427.0,0.675857663154602,1750227393
-0.5432298183441162,1750314428.0,0.3776827454566955,1750227393
0.764739990234375,1750314429.0,-0.6462944149971008,1750227394
-0.28372922539711,1750314430.0,0.3577033281326294,1750227394
0.3573603332042694,1750314430.0,-0.6642630100250244,1750227394
-0.2862730622291565,1750314431.0,-0.207440048456192,1750227396
0.4186334013938904,1750314433.0,0.9183533787727356,1750227397
0.6913000345230103,1750314433.0,0.6360825896263123,1750227398
1.6600791215896606,1750314436.0,-0.6951737999916077,1750227399
-0.6947595477104187,1750314437.0,-1.5428345203399658,1750227399
-0.5120894908905029,1750314438.0,-0.4761055707931518,1750227399
0.7164497971534729,1750314439.0,0.461581140756607,1750227399
0.4105430245399475,1750314440.0,0.7039110660552979,1750227399
-0.454998105764389,1750314441.0,-1.0519979000091553,1750227401
-1.2607051134109497,1750314441.0,0.3379486799240112,1750227401
0.0158247556537389,1750314443.0,0.6676218509674072,1750227402
-1.0895034074783323,1750314443.0,0.7277730703353882,1750227402
0.4599851071834564,1750314445.0,-0.4383561909198761,1750227403
-0.671992838382721,1750314446.0,-0.2442628592252731,1750227405
-0.0827876776456832,1750314446.0,0.3903205692768097,1750227405
0.57100510597229,1750314447.0,0.4886032938957214,1750227406
0.2077624201774597,1750314448.0,-0.794100821018219,1750227407
0.672243595123291,1750314448.0,0.3827569782733917,1750227407
-0.1216878890991211,1750314450.0,0.5304754376411438,1750227408
-0.4876960515975952,1750314450.0,-1.0713286399841309,1750227409
-0.3444126546382904,1750314450.0,0.0808587074279785,1750227411
1.099619746208191,1750314451.0,-0.784425675868988,1750227411
-0.5350058078765869,1750314452.0,-0.6820684671401978,1750227412
0.1555958837270736,1750314452.0,0.403259664773941,1750227412
0.4824392795562744,1750314453.0,0.0385914891958236,1750227412
0.6886583566665649,1750314454.0,-0.627135694026947,1750227413
1.4335284233093262,1750314458.0,-0.9069204926490784,1750227414
0.8651836514472961,1750314459.0,-0.0820187181234359,1750227414
-0.4819554090499878,1750314459.0,-0.0176903661340475,1750227414
-0.4402059018611908,1750314460.0,0.4358376264572143,1750227416
0.0175850503146648,1750314462.0,0.7026810050010681,1750227417
-0.4940592348575592,1750314464.0,0.6129725575447083,1750227417
0.927150547504425,1750314467.0,-0.1534035205841064,1750227417
1.0649183988571167,1750314467.0,1.5800663232803345,1750227418
0.701983630657196,1750314469.0,0.6508718132972717,1750227418
-0.4445560872554779,1750314469.0,0.4487105011940002,1750227418
0.5722646713256836,1750314470.0,-0.7960885763168335,1750227418
0.836578905582428,1750314470.0,1.060813069343567,1750227419
0.1461556106805801,1750314472.0,0.0199822299182415,1750227419
-1.1785571575164795,1750314472.0,0.3949355185031891,1750227419
-0.221933975815773,1750314474.0,-0.4605451822280884,1750227421
-0.8170693516731262,1750314474.0,-1.488733172416687,1750227421
-1.1733644008636477,1750314475.0,-0.210167720913887,1750227421
0.5694413781166077,1750314477.0,-0.0051427171565592,1750227422
-1.1477196216583252,1750314479.0,-0.8739185929298401,1750227422
-0.0742882490158081,1750314480.0,-0.2226891070604324,1750227422
0.5821543335914612,1750314481.0,0.3939822912216186,1750227423
-0.736620306968689,1750314482.0,0.7567149996757507,1750227423
1.4139845371246338,1750314483.0,1.895088076591492,1750227424
0.6108375787734985,1750314485.0,-0.2019552439451217,1750227424
-1.0928032398223877,1750314488.0,-0.0454510636627674,1750227425
-0.3012551963329315,1750314489.0,1.039115071296692,1750227425
-1.188894748687744,1750314489.0,0.729936957359314,1750227426
1.0118260383605957,1750314490.0,0.4422328472137451,1750227426
0.651476263999939,1750314490.0,-0.6822432279586792,1750227426
0.2511141300201416,1750314491.0,0.5201177000999451,1750227426
0.7146481871604919,1750314492.0,0.5995508432388306,1750227427
-1.741063356399536,1750314494.0,-0.7303025126457214,1750227428
-1.046278715133667,1750314494.0,-0.4341564178466797,1750227428
0.3820255398750305,1750314500.0,0.1257481575012207,1750227429
0.9286580085754396,1750314501.0,-1.5271984338760376,1750227430
0.5980526208877563,1750314501.0,0.0252294708043336,1750227430
0.4728716313838959,1750314503.0,-0.4582209587097168,1750227432
0.7456021904945374,1750314504.0,-0.7533342242240906,1750227433
-0.460774689912796,1750314504.0,0.0206668619066476,1750227433
0.8822596669197083,1750314505.0,0.4052512943744659,1750227435
-0.7179234027862549,1750314505.0,-0.8378734588623047,1750227435
0.6985762715339661,1750314506.0,0.4586786031723022,1750227435
0.6186112761497498,1750314507.0,-0.1487486213445663,1750227435
0.756833016872406,1750314507.0,0.0546884313225746,1750227436
-0.1040198430418968,1750314510.0,-0.6795017123222351,1750227437
1.618714690208435,1750314510.0,0.9892817735671996,1750227438
-0.519842803478241,1750314511.0,0.1020935773849487,1750227438
-0.6292032599449158,1750314511.0,-0.6721935868263245,1750227438
-0.4056674838066101,1750314513.0,0.1471829563379287,1750227440
-0.2405252009630203,1750314513.0,-0.7074864506721497,1750227440
-0.698313295841217,1750314515.0,-0.9013110995292664,1750227440
1.5580297708511353,1750314516.0,0.573636531829834,1750227440
1.059465408325195,1750314519.0,0.3007663488388061,1750227441
1.5655529499053955,1750314519.0,-0.0786764323711395,1750227441
1.0726382732391355,1750314521.0,1.1143901348114014,1750227442
0.5679477453231812,1750314522.0,0.4311228096485138,1750227442
-0.6413352489471436,1750314524.0,0.5859975814819336,1750227442
-0.3232997953891754,1750314526.0,-1.801658511161804,1750227442
0.8032996654510498,1750314527.0,-0.4436444938182831,1750227443
-0.7009677290916443,1750314529.0,0.3591815829277038,1750227443
-0.4753247499465942,1750314530.0,-0.4679681658744812,1750227443
-0.1208648607134819,1750314531.0,-0.4072035849094391,1750227444
0.4290187358856201,1750314531.0,0.7042219638824463,1750227444
0.8943400382995605,1750314532.0,0.1125867739319801,1750227445
-0.2225350737571716,1750314533.0,2.6046953201293945,1750227445
0.4178513288497925,1750314533.0,-0.6271231770515442,1750227445
0.9250503778457642,1750314535.0,-0.6282267570495605,1750227445
-0.2333079278469085,1750314536.0,-0.6847374439239502,1750227447
-0.1664615869522094,1750314538.0,-0.6869946122169495,1750227447
-0.3445544242858886,1750314539.0,0.4623145461082458,1750227447
-0.6998464465141296,1750314542.0,1.672155499458313,1750227448
0.7080877423286438,1750314542.0,0.4703532457351684,1750227448
0.3533153831958771,1750314542.0,0.4435546994209289,1750227449
0.2495876103639602,1750314543.0,0.4742626547813415,1750227449
0.4214722812175751,1750314543.0,-1.2409666776657104,1750227449
-0.3467222452163696,1750314545.0,-0.1803962290287017,1750227450
-0.5085408687591553,1750314546.0,0.3290936350822449,1750227451
-0.5736442804336548,1750314547.0,-0.3590396642684936,1750227451
0.1083829775452613,1750314550.0,0.5946643352508545,1750227451
-0.1391609460115432,1750314552.0,0.5274685025215149,1750227451
1.5664163827896118,1750314554.0,0.1745908111333847,1750227453
0.6459375023841858,1750314558.0,-0.0413592271506786,1750227453
-0.2170365303754806,1750314558.0,0.7036178112030029,1750227454
1.056376814842224,1750314559.0,0.4669687151908874,1750227454
-0.4384983777999878,1750331677.0,-1.2418171167373655,1750227455
0.0598427951335907,1750331679.0,0.7114598155021667,1750227456
0.7241676449775696,1750331680.0,0.9192995429039,1750227456
-0.524356484413147,1750331681.0,0.4570344984531402,1750227457
-0.194488450884819,1750331681.0,-0.4988826513290405,1750227457
0.4722723066806793,1750331683.0,0.2267254590988159,1750227459
0.442052811384201,1750331685.0,1.6198415756225586,1750227459
-1.0518428087234497,1750331685.0,-0.6942172050476074,1750227460
0.6353044509887695,1750331686.0,0.0217354483902454,1750227460
0.718104362487793,1750331688.0,0.0426998771727085,1750227460
-0.5295203328132629,1750331689.0,-0.0471814572811126,1750227461
-1.0552250146865845,1750331691.0,-0.0528856925666332,1750227461
0.0803082436323165,1750331692.0,-0.6239863634109497,1750227461
-0.4492200016975403,1750331692.0,-0.4192534387111664,1750227461
1.047653317451477,1750331694.0,-0.4456613957881927,1750227461
-1.2324327230453491,1750331694.0,-0.2350504994392395,1750227462
0.4425041377544403,1750331695.0,0.0288320202380418,1750227464
-0.6315072178840637,1750331695.0,0.9887287616729736,1750227464
-0.354840487241745,1750331698.0,0.3117184340953827,1750227464
-0.0410436242818832,1750331699.0,0.942732274532318,1750227464
-1.0333150625228882,1750331699.0,0.5398836731910706,1750227464
-0.007561890874058,1750331700.0,0.7137467265129089,1750227464
-0.7130964398384094,1750331701.0,-0.0298710186034441,1750227464
-0.4405986666679382,1750331701.0,0.3302881717681885,1750227465
0.5711562037467957,1750331703.0,-0.4417830109596252,1750227465
-0.5789335370063782,1750331703.0,0.8116466403007507,1750227466
-0.7540568113327026,1750331705.0,0.3638402223587036,1750227466
0.4385329782962799,1750331707.0,0.4313101470470428,1750227466
1.262216567993164,1750331709.0,-0.4280878007411957,1750227467
1.0283905267715454,1750331709.0,-0.5633450150489807,1750227467
-0.4333022832870483,1750331710.0,0.1709527969360351,1750227468
-0.4558815360069275,1750331710.0,0.3950634598731994,1750227468
0.7455462217330933,1750331715.0,0.3296409547328949,1750227468
1.000333309173584,1750331715.0,-0.8239513635635376,1750227470
-0.4759516716003418,1750331716.0,1.832797646522522,1750227471
-0.8484756946563721,1750331717.0,0.3325874209403991,1750227472
-0.4054180979728699,1750331722.0,-0.7189333438873291,1750227472
-0.4852961003780365,1750331723.0,0.7305935621261597,1750227473
-0.4135087132453918,1750331723.0,-0.4535443186759949,1750227473
0.2874845564365387,1750331724.0,0.4399240612983703,1750227474
0.6064302325248718,1750331724.0,-0.1681043207645416,1750227474
-0.9407017230987548,1750331725.0,-0.2627833485603332,1750227475
-0.7540831565856934,1750331726.0,0.2204413115978241,1750227476
0.6789860725402832,1750331727.0,0.1074040457606315,1750227476
1.737632393836975,1750331729.0,0.6717670559883118,1750227476
-0.0640368834137916,1750331730.0,0.4793732166290283,1750227476
0.0070833642967045,1750331731.0,-0.5801973938941956,1750227477
-0.4550156593322754,1750331734.0,0.1537385433912277,1750227477
-0.7029009461402893,1750331734.0,-0.4650162756443023,1750227477
-0.7483865022659302,1750331734.0,0.1565273553133011,1750227478
1.0438718795776367,1750331737.0,-0.7198858261108398,1750227478
-0.2365669161081314,1750331738.0,-0.5155371427536011,1750227479
-0.6793895959854126,1750331738.0,1.676149845123291,1750227479
1.576985239982605,1750331741.0,0.4158123135566711,1750227481
0.1259913444519043,1750331741.0,-0.6766084432601929,1750227481
-0.0088199153542518,1750331743.0,-0.0999303087592125,1750227481
0.2595098614692688,1750331744.0,-1.158887505531311,1750227481
-0.0509267039597034,1750331746.0,-1.266017198562622,1750227482
0.122352547943592,1750331746.0,-0.3304095566272735,1750227483
-1.3833956718444824,1750331746.0,-0.4457022249698639,1750227483
-1.5483121871948242,1750331749.0,-0.1905365735292434,1750227485
0.7000370621681213,1750331751.0,0.5719525218009949,1750227485
-0.6959127187728882,1750331751.0,-0.1028250083327293,1750227486
0.3848424851894378,1750331753.0,1.0038915872573853,1750227486
0.4678539037704468,1750331753.0,0.7998993396759033,1750227487
-1.1206072568893433,1750331753.0,-0.6980093717575073,1750227487
0.5012376308441162,1750331757.0,1.9001998901367188,1750227487
0.0216969940811395,1750331757.0,-0.323117583990097,1750227488
0.7479362487792969,1750331757.0,0.4761959612369537,1750227489
-0.2122863680124282,1750331757.0,-0.4749055802822113,1750227490
-0.4333353638648987,1750331758.0,0.9286571145057678,1750227490
-0.7020601630210876,1750331758.0,-0.7267855405807495,1750227491
-1.270982265472412,1750331759.0,1.6722755432128906,1750227491
0.4214294254779815,1750331759.0,-0.6172463893890381,1750227491
-0.918588638305664,1750331760.0,0.7156381011009216,1750227491
0.2773446440696716,1750331762.0,0.0176409240812063,1750227492
0.4063503742218017,1750331762.0,-0.6813654899597168,1750227492
0.4402312040328979,1750331763.0,1.1461100578308103,1750227492
0.7089148759841919,1750331764.0,0.436833918094635,1750227493
0.4018688499927521,1750331767.0,0.2112925201654434,1750227493
-1.1796869039535522,1750331771.0,-0.6325534582138062,1750227494
-0.7342201471328735,1750331772.0,-0.0339414589107036,1750227494
-0.0579298958182334,1750331774.0,0.5259667038917542,1750227495
0.5941333174705505,1750331774.0,0.4560663104057312,1750227495
0.12932650744915,1750331775.0,-0.7009854912757874,1750227495
-0.0023351844865828,1750331775.0,-1.0724718570709229,1750227496
1.6585042476654053,1750331777.0,0.5400063395500183,1750227498
1.2897729873657229,1750331777.0,-0.1205049231648445,1750227498
0.5871164202690125,1750331778.0,-1.1652441024780271,1750227498
0.5648327469825745,1750331779.0,-0.6262563467025757,1750227498
0.2322836965322494,1750331780.0,-0.6969466805458069,1750227499
-0.3417935371398926,1750331780.0,-0.0746587812900543,1750227499
0.4651701152324676,1750331782.0,-0.7085319757461548,1750227499
-1.805030345916748,1750331783.0,0.0116388825699687,1750227500
-0.4429854452610016,1750331785.0,-0.7544611692428589,1750227500
1.7385168075561523,1750331785.0,0.4461216032505035,1750227500
-0.566726803779602,1750331786.0,0.4820276796817779,1750227500
2.797297954559326,1750331786.0,-0.4793939590454101,1750227501
0.5763853192329407,1750331788.0,0.0604983903467655,1750227501
-0.5712567567825317,1750331788.0,-0.674573540687561,1750227501
-0.6096866726875305,1750331790.0,-0.3996685743331909,1750227502
-0.5793904662132263,1750331791.0,-0.689877986907959,1750227502
-1.0990065336227417,1750331793.0,0.4578808546066284,1750227503
0.4715157747268677,1750331793.0,-0.1499080657958984,1750227504
-0.7065104246139526,1750331793.0,0.6882235407829285,1750227504
0.6381942629814148,1750331797.0,0.4527480602264404,1750227506
-1.5726197957992554,1750331797.0,0.3506311774253845,1750227506
-0.7182217836380005,1750331797.0,-0.110046774148941,1750227506
-0.5172398686408997,1750331797.0,-0.710161030292511,1750227507
-0.3955516517162323,1750331798.0,0.6032286882400513,1750227507
1.475395679473877,1750331803.0,0.0102807767689228,1750227508
0.7124564051628113,1750331803.0,-0.1763637512922287,1750227508
1.35390043258667,1750331806.0,1.603908658027649,1750227508
0.6472422480583191,1750331806.0,0.4437648355960846,1750227510
1.1555067300796509,1750331807.0,0.615662693977356,1750227511
-0.4421667158603668,1750331807.0,0.4879232048988342,1750227511
-0.4640219211578369,1750331807.0,0.0999317094683647,1750227512
0.0128491995856165,1750331808.0,0.5852504372596741,1750227512
1.6058045625686646,1750331808.0,-0.288169652223587,1750227512
-0.0345397219061851,1750331812.0,-0.3999467492103576,1750227512
-0.0207117572426795,1750331812.0,-0.2705545425415039,1750227512
-1.4104493856430054,1750331813.0,0.4760292172431946,1750227512
-0.1377740651369094,1750331813.0,0.4617129266262054,1750227513
1.8613245487213133,1750331813.0,-0.1878005266189575,1750227513
0.4410221576690674,1750331814.0,-0.2188542634248733,1750227513
-0.4175329506397247,1750331815.0,0.3471646308898926,1750227513
0.7705072164535522,1750331815.0,-1.0520949363708496,1750227514
1.2939608097076416,1750331817.0,-0.3919798135757446,1750227514
-0.645962119102478,1750331819.0,-0.6353903412818909,1750227514
0.7210956811904907,1750331820.0,-0.0210314225405454,1750227515
-0.6694392561912537,1750331822.0,0.6068763136863708,1750227516
0.7187284231185913,1750331823.0,0.6872735619544983,1750227516
-0.1446767002344131,1750331824.0,0.2282721847295761,1750227517
-0.711941659450531,1750331825.0,0.1342453807592392,1750227518
0.0670776814222335,1750331826.0,0.0947871208190918,1750227519
0.6274140477180481,1750331826.0,-0.1247142180800437,1750227519
2.090451955795288,1750331827.0,0.0619970969855785,1750227521
0.9113391041755676,1750331828.0,-0.7866343855857849,1750227521
-0.7030525803565979,1750331828.0,0.4074840247631073,1750227522
0.8562319278717041,1750331828.0,0.6041872501373291,1750227522
0.9746502041816713,1750331829.0,0.0477119795978069,1750227522
-0.6582639217376709,1750331831.0,0.0305124726146459,1750227522
-0.4732201695442199,1750331832.0,0.7298095226287842,1750227523
1.601214051246643,1750331832.0,0.2524013817310333,1750227524
-0.7346483469009399,1750331833.0,0.4540436863899231,1750227525
-0.4430327117443084,1750331834.0,0.2813900113105774,1750227525
-0.457149863243103,1750331837.0,-0.2020224630832672,1750227525
0.7167432904243469,1750331837.0,0.0933836847543716,1750227525
0.857403039932251,1750331838.0,-0.4117380380630493,1750227526
-0.0025444477796554,1750331838.0,-0.4665226638317108,1750227526
-0.418121188879013,1750331838.0,-0.8730510473251343,1750227526
-0.2582473754882812,1750331840.0,-0.4214222729206085,1750227527
-0.3931127786636352,1750331841.0,-0.6420161724090576,1750227527
-0.0882265195250511,1750331842.0,0.5814706087112427,1750227527
-0.2635956406593323,1750331847.0,0.677557647228241,1750227528
0.7556880712509155,1750331848.0,0.3968152105808258,1750227528
1.1022517681121826,1750331850.0,0.4787454605102539,1750227528
0.5037040114402771,1750331851.0,1.7249740362167358,1750227529
-0.4824967980384826,1750331852.0,-0.4649257361888885,1750227529
0.7513566017150879,1750331852.0,0.1890539824962616,1750227529
0.7765489816665649,1750331855.0,0.974484384059906,1750227530
0.573736846446991,1750331856.0,-0.4374319016933441,1750227530
0.4661422967910766,1750331857.0,1.2353785037994385,1750227532
0.8817421197891235,1750331858.0,0.3619058132171631,1750227532
-0.4704320132732391,1750331858.0,-0.8857014179229736,1750227533
0.4110122621059418,1750331859.0,0.6058847904205322,1750227533
-0.5661692023277283,1750331859.0,0.3194968998432159,1750227534
-0.130356416106224,1750331859.0,0.1720291376113891,1750227534
0.4723988175392151,1750331860.0,-0.4609134793281555,1750227534
-0.1494204401969909,1750331862.0,-0.4066391885280609,1750227535
0.4190841913223266,1750331864.0,0.4498508870601654,1750227535
-1.5663081407546997,1750331866.0,-0.5283598303794861,1750227538
-1.16040301322937,1750331867.0,0.9367626309394836,1750227538
1.4813321828842163,1750331867.0,0.6789475083351135,1750227539
-0.1799453794956207,1750331867.0,-0.0619852915406227,1750227540
-0.0842795222997665,1750331868.0,-1.2288460731506348,1750227541
0.2160742431879043,1750331870.0,0.0080756228417158,1750227541
-0.5370691418647766,1750331870.0,-0.0894995704293251,1750227541
1.1045080423355105,1750331871.0,-0.4178033471107483,1750227541
-0.4372424483299255,1750331871.0,1.8176655769348145,1750227542
1.1538347005844116,1750331877.0,-0.0797454193234443,1750227542
2.323176145553589,1750331877.0,0.7416855692863464,1750227542
0.4865607619285583,1750331878.0,-0.2845573425292969,1750227542
-0.8979982137680054,1750331878.0,-0.4657398164272308,1750227543
0.5564764738082886,1750331879.0,-1.0258339643478394,1750227544
-0.033304575830698,1750331882.0,0.402116984128952,1750227544
0.1858738660812378,1750331883.0,-0.7115720510482788,1750227545
0.5631757974624634,1750331883.0,0.1745361387729644,1750227545
1.6149344444274902,1750331883.0,0.5051319003105164,1750227545
-0.6425827145576477,1750331883.0,0.7666741013526917,1750227546
0.5541790127754211,1750331884.0,-0.4276270568370819,1750227546
-0.480448454618454,1750331884.0,0.4309386014938354,1750227546
0.4394853711128235,1750331886.0,-0.3742544054985046,1750227547
-0.432169646024704,1750331886.0,0.4365541040897369,1750227547
-0.257296472787857,1750331886.0,0.6202172636985779,1750227547
-0.9029894471168518,1750331888.0,0.2981879413127899,1750227547
0.4340160191059112,1750331888.0,-0.4892423450946808,1750227547
0.4380796253681183,1750331889.0,0.4494757056236267,1750227547
-0.7297322154045105,1750331889.0,0.4274218082427978,1750227548
0.9640936255455016,1750331893.0,0.2483067661523819,1750227549
-0.504192054271698,1750331894.0,-0.8389756083488464,1750227550
0.0934337303042411,1750331894.0,-0.0562460236251354,1750227551
-0.7818296551704407,1750331895.0,-0.3925920128822326,1750227551
0.8047012090682983,1750331897.0,0.2162175625562667,1750227551
0.5538600087165833,1750331901.0,0.3876948952674866,1750227552
1.7570466995239258,1750331904.0,0.4681375026702881,1750227552
-1.4228482246398926,1750331904.0,-0.5860133171081543,1750227552
-0.2885215282440185,1750331904.0,0.5767442584037781,1750227552
-0.0910773575305938,1750331905.0,0.3717883229255676,1750227553
-0.4753530621528625,1750331908.0,1.1956164836883545,1750227554
-0.4661010503768921,1750331908.0,-0.6755398511886597,1750227554
0.4952243864536285,1750331908.0,-0.2688886225223541,1750227555
-0.6956099271774292,1750331908.0,-0.4447378516197204,1750227555
-0.5950929522514343,1750331909.0,-0.1127260848879814,1750227555
-1.794508457183838,1750331910.0,-0.1372860670089721,1750227556
-0.7436589598655701,1750331911.0,-0.0554728582501411,1750227556
-0.0660153776407241,1750331912.0,1.2602089643478394,1750227556
-0.1724711209535598,1750331914.0,0.1523115187883377,1750227557
-0.0929860547184944,1750331915.0,-0.4216174483299255,1750227557
-1.203372597694397,1750331915.0,-0.6872339844703674,1750227557
1.2545137405395508,1750331915.0,-0.4051481783390045,1750227557
0.7037197947502136,1750331915.0,0.6411216855049133,1750227557
0.4055869579315185,1750331917.0,0.4755374789237976,1750227557
0.0982653349637985,1750331919.0,-0.4212462604045868,1750227558
1.227166771888733,1750331921.0,1.1137431859970093,1750227558
-1.2645273208618164,1750331924.0,-0.7979223132133484,1750227558
-0.0067511098459362,1750331924.0,0.2232675552368164,1750227558
0.6903797388076782,1750331925.0,0.7989253401756287,1750227559
0.4667852520942688,1750331926.0,0.0004185471334494,1750227559
-0.5646249055862427,1750331926.0,0.0781129896640777,1750227560
0.7968050241470337,1750331927.0,-0.1869270652532577,1750227560
1.1499409675598145,1750331930.0,0.4194457232952118,1750227560
-1.564773678779602,1750331931.0,-0.4506769478321075,1750227560
0.0077075269073247,1750331932.0,0.1127255856990814,1750227561
-0.5505298972129822,1750331932.0,-0.2632680237293243,1750227561
-1.8166152238845823,1750331932.0,0.442322164773941,1750227561
0.5588275790214539,1750331936.0,0.4637718498706817,1750227563
-1.4734877347946167,1750331939.0,0.4990198314189911,1750227563
-0.2924420535564422,1750331940.0,1.234532117843628,1750227564
-0.7905796766281128,1750331940.0,-0.4432477056980133,1750227564
-0.3905307650566101,1750331941.0,-0.3215482234954834,1750227565
0.4380951821804046,1750331942.0,-0.459835410118103,1750227565
-0.047748751938343,1750331945.0,-0.9518957734107972,1750227566
-0.3022213876247406,1750331946.0,-0.1318012326955795,1750227566
-0.2641931772232055,1750331946.0,0.7568691372871399,1750227566
0.712031364440918,1750331946.0,0.6675087809562683,1750227566
0.2605762481689453,1750331947.0,-0.3630421161651611,1750227568
0.6789883375167847,1750331949.0,-0.4228090047836303,1750227568
1.1521906852722168,1750331949.0,1.05167818069458,1750227568
-0.84745854139328,1750331950.0,-0.7184867262840271,1750227568
-0.5506903529167175,1750331951.0,-0.0185785051435232,1750227569
-1.2852466106414795,1750331952.0,-0.2078605443239212,1750227569
-0.5908268690109253,1750331954.0,-0.9772168397903442,1750227570
0.7430008053779602,1750331954.0,0.7032991647720337,1750227571
0.2475673854351043,1750331954.0,0.7608792781829834,1750227571
-1.7875882387161257,1750331956.0,-1.0666900873184204,1750227571
-0.0452393256127834,1750331958.0,-1.7128465175628662,1750227572
0.7153094410896301,1750331960.0,-0.6967549920082092,1750227573
0.2792670726776123,1750331960.0,0.19173663854599,1750227573
0.9388938546180724,1750331961.0,0.7368711829185486,1750227573
-0.5187885761260986,1750331961.0,-0.9802985191345216,1750227574
0.7288898229598999,1750331964.0,0.2319841831922531,1750227576
-0.5540808439254761,1750331964.0,1.05022394657135,1750227576
1.3611557483673096,1750331965.0,-0.4133886694908142,1750227576
0.5895355939865112,1750331966.0,0.4657742381095886,1750227577
0.1861802488565445,1750331968.0,0.4172976613044739,1750227577
0.7352412343025208,1750331971.0,-0.4435543119907379,1750227578
0.4293794333934784,1750331973.0,-0.436351865530014,1750227578
-0.6656798124313354,1750331975.0,-0.4904521405696869,1750227578
-0.4396597743034363,1750331976.0,-0.5962535738945007,1750227578
-0.4966176748275757,1750331977.0,1.4758732318878174,1750227578
-0.2380518466234207,1750331978.0,0.0749121457338333,1750227579
-0.1196423694491386,1750331980.0,0.4440444409847259,1750227579
-0.4499530792236328,1750331982.0,-0.4579631686210632,1750227579
-0.1396565437316894,1750331984.0,0.2351459115743637,1750227579
1.7717537879943848,1750331984.0,0.1361791640520095,1750227580
0.6700146198272705,1750331986.0,0.4163143634796142,1750227580
0.6939237117767334,1750331988.0,-1.1843204498291016,1750227580
0.9945088624954224,1750331989.0,0.2607642710208893,1750227581
0.4244987964630127,1750331991.0,-1.5934102535247805,1750227581
0.885717511177063,1750331993.0,1.0958017110824585,1750227581
-0.0457697249948978,1750331996.0,1.4580591917037964,1750227581
0.7828913927078247,1750331996.0,0.7308212518692017,1750227582
1.253523349761963,1750331997.0,0.2749153077602386,1750227582
0.5371615886688232,1750331998.0,0.6827797293663025,1750227582
0.0349940843880176,1750331998.0,-0.4167255461215973,1750227583
-0.6200050115585327,1750331998.0,0.7646394968032837,1750227583
1.048872947692871,1750331998.0,-0.7200345396995544,1750227584
1.3071030378341677,1750331999.0,-0.6656860709190369,1750227584
-0.8034675717353821,1750332001.0,-0.2470282763242721,1750227584
0.4682916402816772,1750332001.0,-0.0744807347655296,1750227585
0.0673687905073165,1750332002.0,0.4272052943706512,1750227585
0.6476123332977295,1750332002.0,-0.4496917426586151,1750227587
0.0976360663771629,1750332003.0,0.4125791192054748,1750227589
-0.9190677404403688,1750332006.0,0.5900246500968933,1750227589
-1.0809780359268188,1750332009.0,0.7135263085365295,1750227589
0.0316941328346729,1750332009.0,0.6843545436859131,1750227589
-0.1580322533845901,1750332009.0,0.1474375277757644,1750227590
0.429494172334671,1750332010.0,-0.3920178413391113,1750227590
-0.6794914603233337,1750332014.0,0.0385954454541206,1750227591
0.3848797976970672,1750332014.0,0.7487643957138062,1750227591
-0.6846774220466614,1750332015.0,1.2500029802322388,1750227592
-0.2573971152305603,1750332016.0,-0.0183082222938537,1750227592
0.7426720857620239,1750332017.0,1.5715781450271606,1750227592
0.4908118844032287,1750332017.0,0.444345474243164,1750227592
0.5851736068725586,1750332017.0,1.6476722955703735,1750227593
0.4127650856971741,1750332020.0,0.0954167321324348,1750227593
0.650606095790863,1750332020.0,0.0165782906115055,1750227593
0.5916244387626648,1750332020.0,0.6702150106430054,1750227595
0.3216129839420318,1750332021.0,-0.7370653748512268,1750227596
0.7595190405845642,1750332022.0,-0.4102793037891388,1750227597
0.8323050141334534,1750332023.0,0.4410565793514251,1750227597
0.5095727443695068,1750332025.0,-0.501277506351471,1750227598
-1.6508123874664309,1750332027.0,-1.166900873184204,1750227598
0.6752474308013916,1750332028.0,-0.5083680748939514,1750227598
-0.5882192254066467,1750332028.0,0.4294494390487671,1750227599
1.390931487083435,1750332029.0,-1.0679641962051392,1750227599
-0.4689715802669525,1750332030.0,-0.4363204538822174,1750227599
-0.6685557961463928,1750332031.0,1.3659049272537231,1750227600
0.5606480240821838,1750332033.0,0.3782504796981811,1750227600
-0.7289803624153137,1750332034.0,0.950732171535492,1750227600
-1.4427342414855957,1750332035.0,0.0898994356393814,1750227601
0.6868804097175598,1750332036.0,1.857247233390808,1750227601
-0.4575882852077484,1750332037.0,0.5000549554824829,1750227602
-0.0553276576101779,1750332038.0,0.3840038478374481,1750227602
1.7604408264160156,1750332039.0,-0.1348847895860672,1750227603
0.4698216915130615,1750332044.0,0.442623496055603,1750227603
-0.1500521302223205,1750332047.0,-0.9472338557243348,1750227604
0.058827057480812,1750332047.0,0.1839216649532318,1750227604
0.4927233457565307,1750332049.0,0.6677643656730652,1750227604
0.3833885192871094,1750332051.0,-0.5751243233680725,1750227604
0.4918762743473053,1750332052.0,0.0042979638092219,1750227604
1.4241979122161863,1750332053.0,0.5395936965942383,1750227605
1.8893017768859863,1750332055.0,-0.4276666045188904,1750227605
0.3291122019290924,1750332056.0,0.6000866293907166,1750227605
-0.1790380328893661,1750332056.0,1.0484042167663574,1750227605
-1.563731670379639,1750332057.0,0.714988648891449,1750227606
-0.4759209454059601,1750332057.0,-0.3790872395038605,1750227606
0.4179247319698334,1750332059.0,1.0491728782653809,1750227606
-0.4233050048351288,1750332060.0,0.3628373444080353,1750227607
-0.4238365888595581,1750332061.0,-0.42112797498703,1750227607
0.4102716743946075,1750332063.0,1.052075982093811,1750227607
0.010837790556252,1750332063.0,0.6324858665466309,1750227608
0.6045083403587341,1750332064.0,0.7047091722488403,1750227608
0.0850347355008125,1750332064.0,-1.0486901998519895,1750227608
0.7922961115837097,1750332065.0,0.4907933175563812,1750227609
-0.6645738482475281,1750332066.0,-0.6817037463188171,1750227609
-0.525269091129303,1750332066.0,-0.4004214107990265,1750227609
0.3698995411396026,1750332068.0,0.4440838992595672,1750227612
-0.4019044935703277,1750332069.0,-1.0516172647476196,1750227612
0.1551462411880493,1750332070.0,0.4533173739910126,1750227613
1.3939499855041504,1750332071.0,-0.1306407749652862,1750227613
0.0104801226407289,1750332072.0,-0.0021498918067663,1750227614
-0.9175480008125304,1750332073.0,0.6927036046981812,1750227615
-0.9364153146743774,1750332074.0,0.3939865231513977,1750227615
0.7021284103393555,1750332074.0,-0.4543368220329284,1750227615
0.4795291721820831,1750332074.0,-0.5648855566978455,1750227615
-0.6054688692092896,1750332074.0,-0.6360111832618713,1750227616
-0.8716449737548828,1750332075.0,-0.9567445516586304,1750227616
0.9822642207145692,1750332077.0,0.742111325263977,1750227616
0.387326568365097,1750332078.0,0.6858606934547424,1750227617
-0.7388008832931519,1750332078.0,0.4431580007076263,1750227619
1.5667515993118286,1750332079.0,1.4685150384902954,1750227620
0.1560149043798446,1750332079.0,-1.4573296308517456,1750227620
0.4284650683403015,1750332079.0,-1.0191723108291626,1750227620
-0.0836668089032173,1750332083.0,0.5319010615348816,1750227621
-1.0403246879577637,1750332084.0,0.2613877058029175,1750227621
-0.7034947276115417,1750347443.0,-0.4693543612957001,1750227621
1.186038851737976,1750347443.0,-0.4515939354896545,1750227622
1.8840892314910889,1750347445.0,0.6925471425056458,1750227623
0.4446421563625335,1750347446.0,0.7531557083129883,1750227623
0.5288443565368652,1750347446.0,0.2941441237926483,1750227624
0.1178768575191497,1750347447.0,1.1533479690551758,1750227624
0.7491676211357117,1750347447.0,0.2367443889379501,1750227624
-0.6785051226615906,1750347450.0,0.4565261304378509,1750227624
0.4926933050155639,1750347453.0,2.1180760860443115,1750227625
0.6914026737213135,1750347453.0,0.4360413551330566,1750227625
-0.6420878171920776,1750347454.0,0.0094411801546812,1750227625
-0.4565002024173736,1750347454.0,-1.6593469381332395,1750227625
0.7422716021537781,1750347454.0,-0.460827499628067,1750227625
-0.4403292238712311,1750347456.0,0.4492698311805725,1750227625
-1.4826360940933228,1750347456.0,-0.4311803579330444,1750227626
0.6768813729286194,1750347457.0,0.6320850253105164,1750227627
0.4599936008453369,1750347457.0,-0.55414217710495,1750227628
0.0893663167953491,1750347459.0,-0.5575602650642395,1750227628
-0.4413408637046814,1750347460.0,0.0622770376503467,1750227629
-0.0028975885361433,1750347461.0,1.2606884241104126,1750227630
0.4704304039478302,1750347463.0,0.4553021490573883,1750227630
-0.6958200931549072,1750347463.0,0.2832852602005005,1750227630
-2.0194547176361084,1750347464.0,0.569025456905365,1750227630
-0.9804871678352356,1750347464.0,-1.0730679035186768,1750227631
-0.3384424746036529,1750347465.0,0.5477641820907593,1750227631
0.3431000411510467,1750347465.0,1.144331693649292,1750227631
-0.5110301375389099,1750347469.0,0.4934724271297455,1750227632
-0.4252858161926269,1750347470.0,-0.7047438025474548,1750227632
-1.3834407329559326,1750347471.0,0.9053027629852296,1750227632
0.718092679977417,1750347472.0,0.0133805973455309,1750227632
-0.0924938693642616,1750347472.0,-1.2377938032150269,1750227633
0.6509208083152771,1750347472.0,-0.4798634946346283,1750227634
-1.1507946252822876,1750347472.0,-0.9124760031700134,1750227634
-1.0036264657974243,1750347473.0,0.6191134452819824,1750227635
0.7952811121940613,1750347474.0,1.0821925401687622,1750227635
-0.192648097872734,1750347474.0,0.3506192564964294,1750227635
-1.017776370048523,1750347477.0,0.5508050322532654,1750227636
0.7321109771728516,1750347479.0,0.3621942698955536,1750227636
-1.225867509841919,1750347479.0,0.423017680644989,1750227637
1.877840876579285,1750347480.0,-0.6568463444709778,1750227638
-1.412798285484314,1750347481.0,0.330267459154129,1750227638
-0.4193727672100067,1750347481.0,0.3428550958633423,1750227638
-0.2781282067298889,1750347482.0,0.1142794638872146,1750227639
0.1321805864572525,1750347482.0,-0.8242167234420776,1750227640
0.0120043326169252,1750347483.0,0.5912035703659058,1750227640
-0.7353231310844421,1750347484.0,0.2516608536243438,1750227641
0.0729179009795188,1750347485.0,1.231373906135559,1750227641
-1.5276845693588257,1750347486.0,-1.0781261920928955,1750227642
0.3150178492069244,1750347486.0,0.647386372089386,1750227642
0.1029223427176475,1750347491.0,-0.2195792347192764,1750227642
1.1438806056976318,1750347493.0,-0.6410759091377258,1750227643
0.583873987197876,1750347493.0,-0.7059854865074158,1750227643
0.4549243748188019,1750347494.0,0.8100921511650085,1750227644
-1.1541876792907717,1750347494.0,0.2151278704404831,1750227644
-0.4426411092281341,1750347495.0,-0.688860297203064,1750227645
-0.4482510685920715,1750347495.0,0.2122468054294586,1750227646
-0.9305527210235596,1750347496.0,-0.4459101557731628,1750227646
1.2519781589508057,1750347496.0,0.7623206973075867,1750227646
1.234203815460205,1750347498.0,0.4221075177192688,1750227647
0.4542662799358368,1750347498.0,0.4890937209129333,1750227647
0.5539247393608093,1750347500.0,-0.4277353286743164,1750227647
0.5817014575004578,1750347501.0,-0.4761345386505127,1750227647
0.4448195695877075,1750347502.0,-0.4980528056621551,1750227648
1.8375942707061768,1750347502.0,0.5753021836280823,1750227648
1.1046844720840454,1750347503.0,-0.6722884774208069,1750227650
7.725571155548096,1750347504.0,-0.6779356598854065,1750227650
0.1033421233296394,1750347504.0,0.0634359121322631,1750227651
0.4599167108535766,1750347506.0,-0.2103168219327926,1750227651
0.1095525398850441,1750347511.0,-0.4763287007808685,1750227651
1.0491721630096436,1750347511.0,0.7463504076004028,1750227652
1.594032645225525,1750347511.0,1.1480427980422974,1750227653
1.0579315423965454,1750347513.0,-0.0494911223649978,1750227653
36.69124603271485,1750347518.0,0.1064089685678482,1750227653
0.0279946699738502,1750347519.0,0.6130842566490173,1750227654
0.4483257830142975,1750347520.0,0.0185062363743782,1750227654
-0.2103191763162613,1750347520.0,0.0908417031168937,1750227654
0.4577746093273163,1750347520.0,0.0385303869843483,1750227654
-0.3625527918338775,1750347523.0,0.3490318059921264,1750227655
1.0077582597732544,1750347524.0,0.891714334487915,1750227656
-0.7003966569900513,1750347524.0,0.4134191572666168,1750227656
-1.6270506381988523,1750347526.0,-0.2201792150735855,1750227656
-1.2479124069213867,1750347528.0,0.0645569488406181,1750227656
0.2572284340858459,1750347528.0,0.6109004020690918,1750227658
0.9437902569770812,1750347529.0,-0.1459300220012664,1750227658
-0.1019705832004547,1750347530.0,0.0425633378326892,1750227659
0.4243538677692413,1750347530.0,0.6957659721374512,1750227659
0.5037181973457336,1750347531.0,-0.6993318796157837,1750227661
0.0224727671593427,1750347532.0,0.2265284061431884,1750227661
1.063412308692932,1750347532.0,0.3909514248371124,1750227661
-0.4447008967399597,1750347533.0,-0.300607293844223,1750227662
0.9843510389328004,1750347534.0,0.4479020237922668,1750227662
-0.7067291140556335,1750347536.0,0.0658216252923011,1750227662
-0.7038120627403259,1750347536.0,0.7073965668678284,1750227662
1.7043989896774292,1750347537.0,0.4431267976760864,1750227663
0.3218589127063751,1750347539.0,-0.4572384655475616,1750227663
-0.8160309791564941,1750347540.0,-0.4228072166442871,1750227664
-0.4553558230400085,1750347542.0,0.0535403601825237,1750227664
0.4036095440387726,1750347544.0,-0.4758135974407196,1750227665
-0.0911709517240524,1750347545.0,0.1845391243696212,1750227665
0.4336993396282196,1750347547.0,0.7814295291900635,1750227665
-0.4257181286811828,1750347548.0,0.7133508324623108,1750227665
1.2452677488327026,1750347548.0,-0.4377730190753937,1750227665
-0.793961763381958,1750347549.0,0.4122950732707977,1750227666
-0.7424824833869934,1750347549.0,-1.5434794425964355,1750227667
0.6841963529586792,1750347549.0,0.4008222818374634,1750227668
1.0888978242874146,1750347550.0,0.6912311315536499,1750227669
0.7518783807754517,1750347552.0,0.0057185348123312,1750227669
-1.2161502838134766,1750347553.0,0.7272803783416748,1750227670
-0.2724633514881134,1750347554.0,0.6832593083381653,1750227672
-0.3744520246982574,1750347555.0,-0.4662134051322937,1750227673
0.7447496056556702,1750347555.0,0.5668980479240417,1750227673
-0.6687867045402527,1750347557.0,0.3632473349571228,1750227674
-0.6726306676864624,1750347558.0,-0.7178000807762146,1750227674
1.0587952136993408,1750347558.0,0.469415009021759,1750227675
-0.0065132426097989,1750347558.0,0.5677663087844849,1750227676
0.3969538807868957,1750347560.0,0.976356565952301,1750227676
0.0028082688804715,1750347564.0,-0.566270112991333,1750227676
0.4325108528137207,1750347564.0,0.2631115019321441,1750227677
-0.130982756614685,1750347565.0,0.4069562554359436,1750227677
-0.625709056854248,1750347566.0,0.4810739457607269,1750227677
1.1587541103363037,1750347567.0,-1.053712010383606,1750227677
0.5838866829872131,1750347568.0,1.7265043258666992,1750227677
0.931324303150177,1750347569.0,0.6837886571884155,1750227678
0.9639724493026732,1750347569.0,-1.260677456855774,1750227679
0.268241673707962,1750347571.0,0.0555082261562347,1750227679
-0.1276507377624511,1750347572.0,1.0104448795318604,1750227679
-0.7093058824539185,1750347573.0,1.731181502342224,1750227679
-0.4052817225456238,1750347573.0,-0.4826157689094543,1750227680
0.6970380544662476,1750347573.0,-0.7166441679000854,1750227680
0.5112119317054749,1750347574.0,0.428860455751419,1750227680
-0.4043700695037842,1750347574.0,-1.503747582435608,1750227681
-0.0225358419120311,1750347574.0,0.4458763897418976,1750227682
0.6714516282081604,1750347575.0,0.7119095921516418,1750227682
-0.0541449077427387,1750347575.0,0.2876001596450805,1750227682
1.004778504371643,1750347577.0,0.679934561252594,1750227683
0.2931272685527801,1750347579.0,-0.1167887225747108,1750227683
-0.2411055564880371,1750347579.0,0.6758076548576355,1750227684
-0.29898601770401,1750347581.0,0.7038681507110596,1750227685
-0.1091404110193252,1750347581.0,-0.3446101248264313,1750227685
-0.7094971537590027,1750347581.0,0.3920226097106933,1750227685
-0.7030909657478333,1750347581.0,0.5280153751373291,1750227685
0.8352652788162231,1750347583.0,0.4407615065574646,1750227685
0.6273488402366638,1750347583.0,0.4089118838310241,1750227687
-0.5026615262031555,1750347583.0,0.4246149063110351,1750227687
0.3665184080600738,1750347583.0,0.9606086015701294,1750227687
-0.7045398950576782,1750347584.0,-0.2139864265918731,1750227689
0.1298207640647888,1750347585.0,0.4379591345787048,1750227690
-0.6512153744697571,1750347586.0,-1.179718255996704,1750227693
-0.4719836711883545,1750347587.0,0.4838306903839111,1750227693
-0.4780511260032654,1750347588.0,-0.4937871396541595,1750227694
-0.4634301960468292,1750347590.0,-0.4126344919204712,1750227694
-0.7036277651786804,1750347590.0,-0.7036637663841248,1750227694
1.25996196269989,1750347592.0,-0.7130936980247498,1750227696
0.4669652581214905,1750347592.0,-0.7346760034561157,1750227699
0.0677825361490249,1750347593.0,0.6283936500549316,1750227699
-0.4411685466766357,1750347594.0,-0.4306728839874267,1750227699
-0.6703784465789795,1750347599.0,0.0055577987805008,1750227699
-0.6947637796401978,1750347599.0,0.0349734127521514,1750227700
0.8598501682281494,1750347599.0,-0.416792094707489,1750227700
-0.0043224366381764,1750347599.0,0.4318919479846954,1750227700
-0.3969846069812774,1750347600.0,0.14503014087677,1750227701
0.2999743521213531,1750347601.0,0.0609266832470893,1750227701
0.702965497970581,1750347603.0,0.4608781039714813,1750227702
-0.4485425651073456,1750347603.0,-0.2100808173418045,1750227702
0.6393072009086609,1750347604.0,-1.1490815877914429,1750227702
0.6956063508987427,1750347604.0,-0.4751967787742615,1750227702
-0.6817060708999634,1750347605.0,0.510870099067688,1750227702
-0.4637971818447113,1750347605.0,-0.7130343914031982,1750227702
-0.0097186276689171,1750347606.0,0.6555244326591492,1750227703
0.6978824138641357,1750347608.0,0.1259389072656631,1750227703
-0.4679883420467376,1750347610.0,0.4344289600849151,1750227705
0.2734436690807342,1750347610.0,1.571068286895752,1750227707
0.3803256750106811,1750347611.0,-0.2341817319393158,1750227707
-0.124995119869709,1750347613.0,-0.3456838130950928,1750227707
-0.6697553992271423,1750347613.0,1.059106945991516,1750227708
-0.5023669600486755,1750347613.0,0.7417595982551575,1750227708
0.5473106503486633,1750347613.0,-0.1584210246801376,1750227709
0.666580855846405,1750347615.0,0.4667146205902099,1750227710
0.5257019400596619,1750347617.0,0.4684764146804809,1750227710
-1.039819359779358,1750347619.0,0.0363002642989158,1750227710
0.4763853549957275,1750347619.0,-0.3595421314239502,1750227710
1.146986722946167,1750347621.0,-0.5261906981468201,1750227710
-0.7165394425392151,1750347621.0,-0.5247766375541687,1750227711
-0.3128239214420318,1750347622.0,0.9037859439849854,1750227711
-6.669736467301846e-05,1750347623.0,0.3569363355636596,1750227712
0.1819462478160858,1750347624.0,0.8967790603637695,1750227712
0.7384458780288696,1750347625.0,-0.5284867286682129,1750227712
-0.0274721607565879,1750347626.0,0.4374842047691345,1750227712
0.1471360474824905,1750347627.0,-0.0254392214119434,1750227713
-0.4430773258209228,1750347628.0,0.2420169860124588,1750227715
-0.5835534334182739,1750347630.0,0.3216126561164856,1750227715
-0.6720998287200928,1750347632.0,-1.0105149745941162,1750227716
1.628454566001892,1750347634.0,0.3859900236129761,1750227716
-0.0439322330057621,1750347636.0,0.3352452218532562,1750227717
0.470939040184021,1750347638.0,-0.2143583595752716,1750227717
-0.4669525623321533,1750347640.0,-0.877907931804657,1750227718
0.4864803552627563,1750347640.0,-1.210044026374817,1750227719
0.6321150660514832,1750347641.0,0.5328988432884216,1750227719
1.0654085874557495,1750347641.0,-0.8462830185890198,1750227720
-0.6573272347450256,1750347642.0,-0.4200822114944458,1750227721
0.432039350271225,1750347644.0,0.5078331232070923,1750227721
-0.3789806067943573,1750347644.0,-0.3894700109958648,1750227721
0.0015292991884052,1750347651.0,1.0927976369857788,1750227722
-0.4651488661766052,1750347652.0,0.5613020062446594,1750227722
0.7267241477966309,1750347652.0,0.7233772277832031,1750227722
0.763307511806488,1750347653.0,-1.8558287620544436,1750227722
-0.5721850395202637,1750347655.0,0.749072790145874,1750227722
-0.3990774750709533,1750347656.0,0.0475505851209163,1750227723
-0.8538889288902283,1750347656.0,-0.8195739388465881,1750227725
0.6540079116821289,1750347657.0,-1.2448935508728027,1750227725
-1.2778946161270142,1750347657.0,0.1018886342644691,1750227725
-0.8018264174461365,1750347657.0,-0.3999938666820526,1750227725
0.4078567624092102,1750347657.0,-0.3634669482707977,1750227726
-0.3541462421417236,1750347659.0,-0.0044778073206543,1750227726
1.3397817611694336,1750347660.0,-0.0922718793153762,1750227727
-0.5031138062477112,1750347660.0,0.5977019667625427,1750227727
0.5574169754981995,1750347661.0,-0.4164976477622986,1750227728
-0.5571336150169373,1750347662.0,0.1644928902387619,1750247979
0.5535032749176025,1750347662.0,-0.9011306762695312,1750247979
-0.4076147079467773,1750347663.0,2.413329839706421,1750247981
-0.0246390216052532,1750347663.0,0.0171064045280218,1750247981
0.4918107986450195,1750347663.0,0.3672085106372833,1750247981
-0.905025064945221,1750347663.0,0.0579925775527954,1750247981
0.01598278619349,1750347664.0,-0.721930742263794,1750247981
0.0226956401020288,1750347668.0,-0.6876316666603088,1750247982
-1.0530438423156738,1750347668.0,0.4536716639995575,1750247982
-0.4599310755729675,1750347668.0,0.5223034620285034,1750247983
0.693061888217926,1750347669.0,-0.7747100591659546,1750247984
-0.1837389469146728,1750347670.0,0.7366872429847717,1750247984
0.2364603579044342,1750347670.0,0.366010457277298,1750247984
-0.7047582268714905,1750347670.0,0.6641821265220642,1750247985
-0.068492367863655,1750347671.0,-0.1248680278658866,1750247985
1.0552561283111572,1750347673.0,0.661654531955719,1750247985
-0.4185578227043152,1750347673.0,-0.4638958871364593,1750247985
-0.3429076969623565,1750347676.0,0.8075627684593201,1750247986
0.579937219619751,1750347677.0,0.9746803045272828,1750247986
0.374788373708725,1750347677.0,-0.4235015511512756,1750247986
0.436155617237091,1750347679.0,0.4415550529956817,1750247987
-0.4204719960689544,1750347682.0,-1.153903245925903,1750247987
-0.3888022303581238,1750347684.0,0.3471937179565429,1750247987
0.9710628390312196,1750347684.0,-0.0718353688716888,1750247988
0.4423364400863647,1750347685.0,-0.4887443482875824,1750247988
0.7773308157920837,1750347686.0,-0.089582122862339,1750247991
-0.6638386249542236,1750347686.0,0.1755278259515762,1750247991
-0.7605537176132202,1750347686.0,0.5503231287002563,1750247991
0.0526719875633716,1750347686.0,-0.2495960593223571,1750247991
-1.231879472732544,1750347686.0,-0.7147127985954285,1750247992
1.6795581579208374,1750347686.0,0.6727852821350098,1750247993
1.5720713138580322,1750347689.0,-0.4766629040241241,1750247993
0.9578717947006226,1750347691.0,-0.4694467782974243,1750247993
-0.3855372667312622,1750347693.0,-1.9041831493377688,1750247994
0.4156102836132049,1750347694.0,0.3448674380779266,1750247994
-0.5774001479148865,1750347695.0,-0.5699068307876587,1750247994
1.074832558631897,1750347698.0,0.6689988374710083,1750247995
-0.696260392665863,1750347699.0,0.4912366867065429,1750247995
1.6507747173309326,1750347699.0,1.9332411289215088,1750247996
-0.6888283491134644,1750347699.0,0.7498557567596436,1750247996
0.7212543487548828,1750347700.0,0.722907304763794,1750247996
-1.0779430866241455,1750347705.0,0.5913779139518738,1750247996
0.7076005935668945,1750347705.0,-0.7686825394630432,1750247998
0.1380857974290847,1750347705.0,0.0021041005384176,1750247998
-0.7499298453330994,1750347707.0,0.4135250449180603,1750247998
0.434565395116806,1750347707.0,0.7067325711250305,1750247999
0.6837093830108643,1750347708.0,0.1607254147529602,1750247999
-1.0894396305084229,1750347709.0,0.2428681999444961,1750247999
0.4924962818622589,1750347710.0,-0.4232470989227295,1750248000
-0.748107373714447,1750347710.0,-0.4638710618019104,1750248001
0.3802662193775177,1750347710.0,-0.4117638766765594,1750248002
1.0492510795593262,1750347711.0,0.4254679381847381,1750248002
-0.0041166683658957,1750347712.0,0.2407951056957245,1750248003
1.0495638847351074,1750347713.0,0.4074625968933105,1750248003
-0.3231052160263061,1750347714.0,0.6508185267448425,1750248003
-1.56817626953125,1750347714.0,0.0264016669243574,1750248003
1.0977693796157837,1750347718.0,-0.108604609966278,1750248004
0.7472051382064819,1750347720.0,-0.4125560820102691,1750248004
-0.3279642462730407,1750347721.0,-0.7472384572029114,1750248004
-0.7022751569747925,1750347722.0,0.5573332905769348,1750248005
0.8337456583976746,1750347724.0,0.1160305440425872,1750248005
0.422629565000534,1750347726.0,-0.1220861002802848,1750248006
-0.8625770211219788,1750347726.0,-0.170873150229454,1750248007
-0.4977585971355438,1750347731.0,-0.4813379049301147,1750248007
1.306444525718689,1750347733.0,-0.7220333814620972,1750248008
-1.0558146238327026,1750347735.0,-0.1802836805582046,1750248008
1.1638203859329224,1750347735.0,-0.0901705473661422,1750248008
-0.6006757020950317,1750347736.0,-1.245801568031311,1750248010
0.8724818825721741,1750347737.0,-0.8683961033821106,1750248010
0.4593143761157989,1750347737.0,0.4670089781284332,1750248010
0.0194169133901596,1750347738.0,-0.5170869827270508,1750248011
1.2956849336624146,1750347738.0,0.2600245177745819,1750248011
4.068737506866455,1750347739.0,0.5892601013183594,1750248011
0.0911472886800766,1750347740.0,0.5693266987800598,1750248011
-0.5721965432167053,1750347740.0,0.2222785651683807,1750248013
0.6350436210632324,1750347741.0,0.3864301741123199,1750248014
-0.6156294345855713,1750347742.0,-0.471282958984375,1750248014
0.1440211236476898,1750347742.0,-0.1777808666229248,1750248015
0.4753074645996094,1750347743.0,-0.2680277526378631,1750248015
-0.4247632026672363,1750347743.0,0.454840213060379,1750248015
-1.0553534030914309,1750347745.0,0.0519685298204422,1750248015
1.271765112876892,1750347746.0,0.0042791091836988,1750248016
-0.6321361064910889,1750347748.0,-0.4621035754680633,1750248016
0.6850844621658325,1750347750.0,1.0570603609085083,1750248016
-0.1115355789661407,1750347750.0,0.4463449120521545,1750248017
0.5792839527130127,1750347750.0,1.1301002814434469e-05,1750248017
-1.06535804271698,1750347751.0,0.9038919806480408,1750248018
-0.0935022830963134,1750347752.0,-0.4598326981067657,1750248018
0.4609225988388061,1750347754.0,0.1772767305374145,1750248018
-0.2056095898151397,1750347754.0,-0.1304886937141418,1750248018
-0.6094557642936707,1750347755.0,-0.619303286075592,1750248018
-0.0102350516244769,1750347755.0,-0.2020517885684967,1750248019
-1.314952373504639,1750347756.0,1.1104364395141602,1750248019
0.2651780247688293,1750347757.0,-0.1487434059381485,1750248020
1.1255338191986084,1750347758.0,-0.8737009763717651,1750248021
-1.2087806463241575,1750347759.0,-0.6695080399513245,1750248021
-0.6449103951454163,1750347760.0,-0.7432378530502319,1750248021
0.2480356246232986,1750347760.0,-1.030061960220337,1750248022
0.0384194441139698,1750347761.0,-0.3866799473762512,1750248022
-0.4391109347343445,1750347761.0,-0.4089505076408386,1750248022
-0.0007126749260351,1750347762.0,1.0422662496566772,1750248022
0.1044804975390434,1750347764.0,0.4433754384517669,1750248022
-0.4162535667419433,1750347765.0,-0.5417032837867737,1750248023
-1.1487911939620972,1750347765.0,-0.284556895494461,1750248023
-0.7842377424240112,1750347765.0,-0.3658833801746368,1750248024
0.6453558802604675,1750347765.0,0.4844517409801483,1750248024
0.6703011393547058,1750347766.0,0.2454379200935363,1750248024
-0.7069573998451233,1750347768.0,-0.2396308332681656,1750248025
1.9038496017456052,1750347768.0,0.2091033607721328,1750248025
-1.2884315252304075,1750347770.0,0.2251502573490142,1750248025
-0.0038077947683632,1750347770.0,-0.5562237501144409,1750248026
1.2458704710006714,1750347770.0,-1.0751397609710691,1750248026
0.1776791512966156,1750347773.0,0.4128175973892212,1750248027
0.4868995547294616,1750347776.0,-0.4634527266025543,1750248027
0.1039993315935134,1750347776.0,1.1334398984909058,1750248028
0.5322118997573853,1750347778.0,0.1238389164209365,1750248028
0.5621002316474915,1750347779.0,0.5894721746444702,1750248028
-1.2239961624145508,1750347780.0,0.4774259328842163,1750248029
-0.0113305384293198,1750347780.0,0.0582890957593917,1750248030
0.4301684200763702,1750347781.0,1.461034059524536,1750248030
1.0781890153884888,1750347782.0,0.930828869342804,1750248031
1.092793345451355,1750347782.0,-0.4180523753166199,1750248031
-0.001971312565729,1750347782.0,-0.8499669432640076,1750248031
-0.1459918171167373,1750347783.0,0.6529024243354797,1750248031
0.5734368562698364,1750347784.0,1.5310487747192385,1750248032
0.1449244916439056,1750347784.0,0.4102210104465484,1750248032
-0.7214503884315491,1750347785.0,-0.5382527112960815,1750248033
0.5804040431976318,1750347787.0,0.7306514382362366,1750248033
-1.7588284015655518,1750347787.0,0.4211108386516571,1750248033
-0.5562939047813416,1750347789.0,0.557113528251648,1750248033
-0.676439106464386,1750347791.0,0.6963474154472351,1750248033
-1.1027556657791138,1750347791.0,-0.1182578727602958,1750248034
0.448033720254898,1750347794.0,0.484852135181427,1750248034
0.720291256904602,1750347796.0,-0.4551292657852173,1750248035
0.713255763053894,1750347797.0,0.9747701287269592,1750248035
0.7078134417533875,1750347797.0,0.3880591690540313,1750248035
0.3782202005386352,1750347797.0,-0.5784606337547302,1750248036
0.4336948096752167,1750347799.0,-0.4640305936336517,1750248036
2.91068172454834,1750347800.0,0.3689204454421997,1750248036
-0.069286048412323,1750347800.0,0.704940140247345,1750248037
1.3026165962219238,1750347801.0,1.0555133819580078,1750248037
0.344359427690506,1750347801.0,0.1059717684984207,1750248037
-0.6793330311775208,1750347802.0,-0.4108107089996338,1750248038
-0.5817687511444092,1750347802.0,0.4432772099971771,1750248038
0.5716396570205688,1750361538.0,17.17133903503418,1750248038
0.13874551653862,1750361538.0,-0.0654504597187042,1750248039
-0.4495162963867187,1750361539.0,-0.1208404079079628,1750248039
-1.1182889938354492,1750361540.0,0.4581332206726074,1750248040
-0.1102135926485061,1750361545.0,-0.1014051288366317,1750248041
-0.5621108412742615,1750361545.0,-0.3920130431652069,1750248041
-1.8567233085632324,1750361545.0,-0.4533317685127258,1750248041
0.2785553336143493,1750361545.0,1.524105429649353,1750248042
-0.4507534801959991,1750361546.0,0.1516447961330413,1750248042
0.7042236328125,1750361546.0,0.0273232776671648,1750248043
-1.2185066938400269,1750361546.0,-0.754180908203125,1750248044
0.7386388778686523,1750361549.0,-1.1562485694885254,1750248046
0.7096585631370544,1750361551.0,1.060510754585266,1750248047
0.8582459688186646,1750361554.0,-0.5222856402397156,1750248048
-0.4736436903476715,1750361554.0,0.7130862474441528,1750248048
0.7754148840904236,1750361556.0,1.6522295475006104,1750248049
0.3524781465530395,1750361556.0,-0.3636012971401214,1750248050
1.8200125694274905,1750361557.0,0.4370932579040527,1750248051
-0.5246230363845825,1750361559.0,-0.4328173995018005,1750248051
-0.434398889541626,1750361560.0,-0.4226525723934173,1750248051
-0.6835120916366577,1750361561.0,0.4435231387615204,1750248052
-0.1145602688193321,1750361562.0,-0.198960855603218,1750248052
-0.3952634334564209,1750361562.0,-1.0530301332473757,1750248052
0.1120062172412872,1750361564.0,-0.0780389159917831,1750248052
-1.043859601020813,1750361564.0,-0.0348736718297004,1750248053
0.6859219074249268,1750361566.0,-1.768267035484314,1750248053
0.4759870171546936,1750361569.0,-0.6409106850624084,1750248054
0.2888016700744629,1750361569.0,0.4179092347621918,1750248054
-0.7401146292686462,1750361570.0,-0.5920329689979553,1750248054
0.0146173294633626,1750361571.0,-0.1303409785032272,1750248054
0.7307955622673035,1750361571.0,0.1007562354207038,1750248054
1.1272679567337036,1750361572.0,0.9195969700813292,1750248055
0.2484058290719986,1750361575.0,-0.3825900554656982,1750248055
-0.1575460433959961,1750361576.0,0.678832471370697,1750248055
-0.7601184844970703,1750361576.0,0.0086392583325505,1750248055
0.4563124179840088,1750361576.0,0.4409587681293487,1750248056
-0.0681329295039177,1750361576.0,-0.0309598799794912,1750248056
-0.1215581744909286,1750361576.0,-0.7177593111991882,1750248056
-0.4355226755142212,1750361581.0,-0.7073142528533936,1750248056
-1.1943886280059814,1750361585.0,-0.0305340494960546,1750248057
1.4325826168060305,1750361586.0,1.0688936710357666,1750248057
0.0009814080549404,1750361587.0,-0.4594237506389618,1750248057
-0.1303999125957489,1750361588.0,0.7330264449119568,1750248057
-0.4930461645126343,1750361589.0,0.6283325552940369,1750248058
-0.5838475823402405,1750361590.0,-0.2251293063163757,1750248058
0.8464364409446716,1750361591.0,-0.4200534224510193,1750248058
0.5934740304946899,1750361597.0,1.6460535526275637,1750248058
-0.3214717805385589,1750361598.0,-0.4874931275844574,1750248058
-0.4457417130470276,1750361600.0,0.9203754663467408,1750248058
-0.6594880223274231,1750361600.0,1.0612791776657104,1750248059
-1.6473339796066284,1750361601.0,-0.2381416112184524,1750248059
1.1635233163833618,1750361601.0,-0.7118625044822693,1750248060
-0.7227768898010254,1750361602.0,-0.6741868853569031,1750248060
-0.7148250937461853,1750361603.0,1.1630992889404297,1750248060
1.0430337190628052,1750361604.0,-0.5592457056045532,1750248061
0.4303053915500641,1750361605.0,-0.4572689235210418,1750248061
-0.6915631890296936,1750361605.0,0.4575835168361664,1750248061
-0.4528502821922302,1750361606.0,1.211628794670105,1750248062
0.4457002282142639,1750361606.0,0.4197113215923309,1750248062
0.6757775545120239,1750361606.0,-0.7138428092002869,1750248062
0.4354795813560486,1750361607.0,0.7286549210548401,1750248063
-1.1690165996551514,1750361608.0,-0.813645601272583,1750248063
0.0231819432228803,1750361609.0,0.4818633496761322,1750248063
1.2157294750213623,1750361610.0,-1.758154273033142,1750248064
0.8475266098976135,1750361611.0,-0.4083133935928345,1750248064
-1.141662836074829,1750361612.0,0.5815893411636353,1750248065
-0.6778231859207153,1750361612.0,-0.0654208734631538,1750248065
0.4517892301082611,1750361613.0,0.423120766878128,1750248065
0.8935791850090027,1750361614.0,0.5753364562988281,1750248065
0.5005354881286621,1750361614.0,-1.0231043100357056,1750248067
0.6994870901107788,1750361618.0,-0.6636847257614136,1750248067
0.540965735912323,1750361618.0,-0.3924219906330108,1750248067
0.0949228778481483,1750361618.0,0.6808812022209167,1750248068
-1.2375129461288452,1750361619.0,-0.1697374582290649,1750248068
-1.1140915155410769,1750361620.0,-0.1138096451759338,1750248069
0.3951463103294372,1750361623.0,-0.0197879988700151,1750248069
-0.4726464748382568,1750361624.0,0.6793299913406372,1750248069
1.2024372816085815,1750361627.0,1.0442612171173096,1750248069
0.5995698571205139,1750361627.0,-0.6720382571220398,1750248070
0.5865446329116821,1750361629.0,-0.4435421228408813,1750248071
0.6711201667785645,1750361630.0,0.7128069996833801,1750248071
0.733809232711792,1750361632.0,0.6939091682434082,1750248071
0.6883092522621155,1750361632.0,0.6210679411888123,1750248072
-0.6882546544075012,1750361633.0,-1.726793885231018,1750248072
-0.4394474327564239,1750361634.0,0.6714484095573425,1750248072
0.577141284942627,1750361635.0,-0.7512412667274475,1750248072
0.5536847114562988,1750361635.0,-0.3316797018051147,1750248073
0.4170042276382446,1750361635.0,0.544698178768158,1750248073
-1.127818942070007,1750361636.0,-0.282648891210556,1750248074
-1.5691845417022705,1750361637.0,1.3517539501190186,1750248075
1.089271903038025,1750361637.0,-0.407240629196167,1750248076
-0.7641375064849854,1750361638.0,-0.4965246319770813,1750248077
-0.0117224957793951,1750361638.0,-0.6207860112190247,1750248078
-0.4557436406612396,1750361639.0,-0.6055184602737427,1750248078
0.099717728793621,1750361643.0,-0.4459087252616882,1750248080
0.692072331905365,1750361643.0,0.1289402693510055,1750248082
-0.6845222115516663,1750361644.0,-1.0266815423965454,1750248082
-0.7326388955116272,1750361646.0,-0.2588241398334503,1750248083
0.0015216111205518,1750361646.0,1.4771873950958252,1750248083
0.729112446308136,1750361647.0,-0.2990186512470245,1750248084
0.4617349803447723,1750361649.0,-1.3893927335739136,1750248085
-0.4165753126144409,1750361650.0,-0.0522442124783992,1750248087
-0.6911097764968872,1750361650.0,-0.4534167647361755,1750248087
0.1261479407548904,1750361650.0,-0.062394805252552,1750248088
0.1663817912340164,1750361651.0,-0.112091526389122,1750248088
-0.4333103001117706,1750361651.0,0.7172068953514099,1750248088
-0.6237399578094482,1750361651.0,-0.0334641896188259,1750248088
1.9294288158416748,1750361652.0,-0.4603255987167358,1750248088
0.3565365374088287,1750361652.0,0.8307082653045654,1750248088
-0.4651548564434051,1750361653.0,-0.3666856586933136,1750248088
-0.8885234594345093,1750361653.0,-0.6709355115890503,1750248089
1.8808577060699463,1750361654.0,0.4733781814575195,1750248089
-0.7195801138877869,1750361654.0,0.67041015625,1750248089
-0.1116582080721855,1750361656.0,0.4209650456905365,1750248090
-0.5870459675788879,1750361657.0,-0.4120023846626282,1750248090
0.4875872433185577,1750361658.0,0.0889874324202537,1750248090
-0.3547925949096679,1750361662.0,-0.0174467545002698,1750248090
2.0906612873077397,1750361662.0,-0.0274421051144599,1750248091
0.2135379314422607,1750361663.0,1.0537443161010742,1750248092
0.469964861869812,1750361663.0,0.3589030504226684,1750248092
0.5816181302070618,1750361664.0,-0.0157291516661643,1750248092
-0.3786015808582306,1750361664.0,0.0192295163869857,1750248093
-0.2789931893348694,1750361665.0,0.3703864514827728,1750248093
1.0330177545547483,1750361667.0,0.0149461207911372,1750248093
0.470818817615509,1750361668.0,0.221888780593872,1750248094
0.1023894026875495,1750361668.0,0.6951525211334229,1750248094
1.1473981142044067,1750361669.0,0.8919069766998291,1750248095
-0.6418799161911011,1750361669.0,-0.177154466509819,1750248095
0.492207258939743,1750361672.0,-0.7341157793998718,1750248095
0.4168395102024078,1750361673.0,0.6913170218467712,1750248095
-0.3532543778419494,1750361675.0,0.0916456878185272,1750248096
-1.1372729539871216,1750361678.0,0.2998020946979522,1750248096
-0.4290906488895416,1750361678.0,-0.413614958524704,1750248096
-0.5755614638328552,1750361679.0,-0.2933812737464905,1750248097
-0.9150405526161194,1750361680.0,-0.884616494178772,1750248097
-0.3400074541568756,1750361684.0,-0.3840410113334656,1750248097
-0.6848203539848328,1750361685.0,-0.2606363892555237,1750248097
-0.6352742314338684,1750361685.0,0.3949582278728485,1750248098
0.9898176789283752,1750361685.0,-0.0961997210979461,1750248099
0.1693354099988937,1750361686.0,0.1090873852372169,1750248099
-0.6082152128219604,1750361687.0,-0.6802734136581421,1750248099
0.1673302948474884,1750361688.0,-0.1968436241149902,1750248100
0.7061409950256348,1750361691.0,-1.2350029945373535,1750248100
-0.5518900752067566,1750361691.0,0.4497535824775696,1750248101
0.4593212902545929,1750361694.0,0.3176207244396209,1750248102
0.534334123134613,1750361695.0,0.0863977149128913,1750248103
-0.4287967979907989,1750361696.0,0.4088340401649475,1750248103
-0.5851112008094788,1750361696.0,1.5422968864440918,1750248104
0.7004039287567139,1750361700.0,0.2489024996757507,1750248104
-1.2366538047790527,1750361701.0,-0.4597293734550476,1750248105
1.103753924369812,1750361703.0,-0.2938996255397796,1750248105
0.6830310225486755,1750361705.0,-0.4556371569633484,1750248105
-1.0694490671157837,1750361708.0,-0.5324839353561401,1750248108
0.7144371867179871,1750361708.0,-0.1449155360460281,1750248108
1.4627734422683716,1750361709.0,-0.4480679333209991,1750248108
-0.942455232143402,1750361710.0,-0.4112501442432403,1750248108
0.0564514473080635,1750361711.0,0.6939905285835266,1750248110
-0.0928596407175064,1750361712.0,0.6843684911727905,1750248110
-0.5838660001754761,1750361712.0,-0.6669002771377563,1750248110
0.7082063555717468,1750361714.0,0.0012589553371071,1750248111
0.3933552205562591,1750361715.0,1.2491569519042969,1750248111
0.4668000340461731,1750361716.0,-0.7233875393867493,1750248112
1.6273237466812134,1750361717.0,-1.0587643384933472,1750248112
-0.7124932408332825,1750361719.0,0.0922824814915657,1750248113
-1.058613419532776,1750361719.0,0.3207248151302337,1750248113
-0.462262898683548,1750361720.0,-0.2668544054031372,1750248113
-0.4601902365684509,1750361720.0,0.2273781299591064,1750248113
0.0374156385660171,1750361721.0,1.135378122329712,1750248114
-0.6801425218582153,1750361721.0,0.0665091201663017,1750248114
-0.716842770576477,1750361724.0,0.4376595318317413,1750248115
-0.4976835250854492,1750361725.0,0.4289438128471374,1750248116
0.0120462756603956,1750361727.0,0.232299655675888,1750248116
0.1667943596839904,1750361730.0,-0.4162448048591614,1750248117
-1.162872076034546,1750361731.0,-0.9083236455917358,1750248117
0.6051832437515259,1750361733.0,-0.4759691059589386,1750248117
0.2770577371120453,1750361734.0,0.2825653851032257,1750248118
0.7112670540809631,1750361735.0,-0.705467700958252,1750248118
0.9892458915710448,1750361735.0,-0.4923857450485229,1750248118
-0.1771925687789917,1750361736.0,-0.4467469751834869,1750248118
0.3606933057308197,1750361736.0,-0.641511082649231,1750248119
0.6939119696617126,1750361737.0,-0.6220031976699829,1750248120
0.4584739506244659,1750361738.0,0.4572947919368744,1750248120
-0.4411467611789703,1750361742.0,-1.1574501991271973,1750248120
0.1194575279951095,1750361742.0,-1.3049849271774292,1750248120
1.0478276014328003,1750361742.0,-0.6373716592788696,1750248120
-0.8314306139945984,1750361744.0,0.2205629348754882,1750248122
-0.0517524406313896,1750361744.0,-0.5805382132530212,1750248123
-1.0333855152130127,1750361745.0,0.0803696364164352,1750248123
-0.1790755540132522,1750361745.0,-0.7197877168655396,1750248124
0.7207350134849548,1750361746.0,0.8986660242080688,1750248124
0.2308007180690765,1750361750.0,-0.3739934265613556,1750248125
1.8304754495620728,1750361750.0,-0.3775608539581299,1750248125
-0.7242643237113953,1750361751.0,0.3295878767967224,1750248126
0.433729887008667,1750361752.0,0.0895503610372543,1750248126
-1.2909830808639526,1750361752.0,-0.2129092067480087,1750248126
-0.4690913558006286,1750361753.0,-0.3774407505989074,1750248126
-1.0822464227676392,1750361756.0,0.4481485784053802,1750248127
-0.4703072011470794,1750361756.0,-0.134536325931549,1750248127
0.4038916230201721,1750361758.0,-0.4660039246082306,1750248127
-0.4403277039527893,1750361762.0,0.4695331752300262,1750248128
0.1415698677301406,1750361762.0,-0.1881334781646728,1750248128
-0.5482522249221802,1750361762.0,0.4999650120735168,1750248129
0.0908249393105506,1750361762.0,0.2368160039186477,1750248129
0.7255357503890991,1750361763.0,1.446967840194702,1750248129
0.3472816348075866,1750361763.0,-1.1708308458328247,1750248130
0.3928418755531311,1750361765.0,1.907859206199646,1750248131
0.430704265832901,1750361767.0,0.4180372953414917,1750248131
0.0049016582779586,1750361768.0,1.0000317096710205,1750248131
-0.1432397365570068,1750361769.0,-0.0724729001522064,1750248131
-0.5703917741775513,1750361769.0,0.2707731425762176,1750248132
0.4195011556148529,1750361770.0,1.2976222038269043,1750248132
0.958207070827484,1750361774.0,0.003501591971144,1750248132
0.0427030883729457,1750361775.0,-0.6857872605323792,1750248132
0.2344079911708831,1750361777.0,1.081350326538086,1750248132
-0.7376508116722107,1750361777.0,-0.2007619738578796,1750248133
0.7731663584709167,1750361778.0,0.8833604454994202,1750248133
1.4119725227355957,1750361781.0,0.474562257528305,1750248133
0.5052977204322815,1750361782.0,-0.517420768737793,1750248133
-0.3756981194019317,1750361785.0,0.5479876399040222,1750248133
0.4500259459018707,1750361786.0,-0.9210733771324158,1750248133
0.1611321866512298,1750361787.0,1.008195400238037,1750248133
-0.4043236970901489,1750361787.0,0.7935145497322083,1750248134
-0.669643223285675,1750361788.0,-1.4476574659347534,1750248134
-0.5979412794113159,1750361790.0,-0.5092742443084717,1750248135
0.0288121700286865,1750361790.0,-0.4543883800506592,1750248136
0.4183814823627472,1750361792.0,-0.2238639742136001,1750248136
0.6569517254829407,1750361793.0,-0.0068577229976654,1750248137
0.7303800582885742,1750361793.0,-0.4245419502258301,1750248137
-0.4372190535068512,1750361795.0,-0.0293969176709651,1750248138
-1.33453631401062,1750361796.0,-1.2787102460861206,1750248138
-0.0019497332395985,1750361797.0,-0.1000728234648704,1750248138
0.3328805565834045,1750361801.0,0.2525850236415863,1750248138
0.9145113229751588,1750361802.0,-0.4649095237255096,1750248139
0.6889244318008423,1750361803.0,-1.109756350517273,1750248139
0.567943811416626,1750361803.0,0.7296786904335022,1750248140
-1.1340302228927612,1750361804.0,0.7148988246917725,1750248140
-0.2093796283006668,1750361805.0,-0.6230965852737427,1750248140
1.5884138345718384,1750361805.0,-0.0626451596617698,1750248140
0.4763690829277038,1750361805.0,-0.5792236328125,1750248141
0.4218681454658508,1750361806.0,-0.0181759241968393,1750248141
-0.1498991549015045,1750361807.0,0.323720633983612,1750248143
1.1051952838897705,1750361808.0,0.7058010101318359,1750248143
-0.4224904179573059,1750361809.0,-0.4663174450397491,1750248144
-1.4796442985534668,1750361809.0,0.154750645160675,1750248145
-0.0823315307497978,1750361810.0,-0.1591255813837051,1750248146
0.448237806558609,1750361810.0,-0.0745142102241516,1750248146
0.5733795166015625,1750361810.0,-0.4358232617378235,1750248147
-0.02077641710639,1750361811.0,0.411037415266037,1750248148
-0.0340887084603309,1750361812.0,-0.5816713571548462,1750248149
-0.424045205116272,1750361813.0,-0.0691140219569206,1750248149
-1.2787165641784668,1750361816.0,-0.0125391753390431,1750248149
-0.3950268626213074,1750361817.0,-0.4080748558044433,1750248151
1.382884502410889,1750361820.0,0.27003213763237,1750248151
-0.5633381605148315,1750361821.0,0.4182805716991424,1750248151
-0.4744190573692322,1750361825.0,-0.5912535786628723,1750248152
0.3442554473876953,1750361825.0,-0.2899447083473205,1750248152
-0.6670194864273071,1750361826.0,1.1258922815322876,1750248153
0.255639910697937,1750361826.0,-0.1506009697914123,1750248153
-0.7289857268333435,1750361827.0,0.0479781441390514,1750248154
-0.715794563293457,1750361830.0,1.0272070169448853,1750248156
0.4055671989917755,1750361830.0,-1.5723249912261963,1750248157
0.657903790473938,1750361830.0,-0.2034128457307815,1750248157
-0.2403212040662765,1750361831.0,0.4109251201152801,1750248158
0.4117026627063751,1750361832.0,-0.5747721195220947,1750248158
0.1861979663372039,1750361832.0,0.4684716165065765,1750248158
0.0285299848765134,1750361834.0,-0.0060739684849977,1750248159
1.77253258228302,1750361836.0,-1.2708269357681274,1750248160
-1.1675984859466553,1750361837.0,0.0540532171726226,1750248161
-0.8631435036659241,1750361838.0,-0.3847923278808594,1750248161
1.1427936553955078,1750361838.0,0.0939690917730331,1750248161
-0.1878727972507476,1750361839.0,-0.5091479420661926,1750248161
-1.1595935821533203,1750361841.0,-0.2862053215503692,1750248161
-0.0347159840166568,1750361841.0,0.4581001400947571,1750248163
0.7524411678314209,1750361845.0,-0.0928677394986152,1750248163
0.4687811732292175,1750361846.0,0.3980404138565063,1750248164
0.380916029214859,1750361846.0,-0.5174617171287537,1750248164
0.2459437549114227,1750361847.0,-0.4440294802188873,1750248164
0.0013928322587162,1750361848.0,0.7083162665367126,1750248164
-0.5805774927139282,1750361849.0,0.6690049767494202,1750248165
-0.5678272843360901,1750361850.0,-1.1572105884552002,1750248166
-1.0430827140808103,1750361852.0,-0.4895266890525818,1750248166
-0.8116203546524048,1750361853.0,0.298037052154541,1750248167
-0.5791648626327515,1750361855.0,-0.3667819797992706,1750248167
1.6987745761871338,1750361857.0,0.4350003004074096,1750248167
-0.1646710336208343,1750361858.0,0.4646259546279907,1750248167
1.8206682205200195,1750361860.0,-0.414823055267334,1750248168
-0.6615197062492371,1750361861.0,-0.4614715874195099,1750248168
0.2713280618190765,1750361861.0,-0.2701133191585541,1750248168
1.2162922620773315,1750361863.0,0.4560229480266571,1750248168
0.5771228671073914,1750361863.0,0.1105453372001648,1750248168
-0.016572406515479,1750361864.0,0.6891114115715027,1750248169
0.7907868027687073,1750361864.0,0.7061630487442017,1750248169
0.4908288121223449,1750361865.0,0.880264937877655,1750248169
1.2910267114639282,1750361867.0,-1.2901313304901123,1750248170
1.880737543106079,1750361868.0,1.0615662336349487,1750248170
-0.2400362193584442,1750361869.0,0.4466837644577026,1750248170
0.7639350295066833,1750361869.0,-1.543873906135559,1750248171
-0.4412927031517029,1750361870.0,-0.5522867441177368,1750248171
-1.163316249847412,1750361873.0,0.6443042755126953,1750248171
-0.0645839050412178,1750361873.0,-0.7473441958427429,1750248171
-0.7524659633636475,1750361877.0,-0.4756776094436645,1750248171
-1.2812639474868774,1750361877.0,-1.2534188032150269,1750248172
-0.4131766259670257,1750361878.0,-0.1777442097663879,1750248172
-0.6566684246063232,1750361880.0,0.6357473134994507,1750248173
0.5869479179382324,1750361880.0,0.7470092177391052,1750248173
0.3099250495433807,1750361881.0,-1.267974853515625,1750248174
0.993643879890442,1750361881.0,-1.0376359224319458,1750248174
-0.0275529734790325,1750361882.0,0.6793341040611267,1750248174
0.7122268676757812,1750361885.0,0.8889951109886169,1750248174
-0.6847484111785889,1750361885.0,-0.5838999152183533,1750248175
-0.4203326106071472,1750361887.0,0.3780317008495331,1750248175
0.2398798167705536,1750361888.0,-0.7744168043136597,1750248176
-3.723863363265991,1750361889.0,0.6571594476699829,1750248176
0.4160473346710205,1750361889.0,0.4534538686275482,1750248177
1.0495882034301758,1750361890.0,-0.4575422406196594,1750248177
-1.5318065881729126,1750361891.0,-0.0171769242733716,1750248177
-0.5459951162338257,1750361891.0,-0.2414073497056961,1750248178
-0.0305767189711332,1750361892.0,-0.310690313577652,1750248179
-0.4130241870880127,1750361892.0,-0.4514952003955841,1750248179
-0.7393161058425903,1750361893.0,-0.4754153490066528,1750248180
-0.4474251270294189,1750361894.0,0.0037912919651716,1750248180
0.406080812215805,1750361896.0,0.1416315585374832,1750248180
-0.0343975909054279,1750361897.0,-0.1036470159888267,1750248180
-0.6668285727500916,1750361899.0,-0.6877965331077576,1750248180
0.4062080979347229,1750361899.0,0.1939708739519119,1750248181
-0.0009927125647664,1750361902.0,-0.4475008547306061,1750248181
0.427606850862503,1750361904.0,0.4446313083171844,1750248181
-1.0972998142242432,1750361904.0,0.5058842897415161,1750248181
-0.404062807559967,1750361905.0,0.920661985874176,1750248181
0.3750430345535278,1750361906.0,-0.1004192307591438,1750248181
1.3992878198623655,1750361907.0,0.5066815614700317,1750248181
-1.0500346422195437,1750376460.0,-0.1739453822374344,1750248182
-1.3739421367645264,1750376461.0,-0.7359925508499146,1750248182
0.1466666758060455,1750376462.0,-0.4141790568828583,1750248182
0.6653555631637573,1750376463.0,0.0760010927915573,1750248183
-1.229236364364624,1750376463.0,-0.8167473673820496,1750248183
-0.0226363092660903,1750376465.0,-0.4159700274467468,1750248183
-0.4803988039493561,1750376467.0,-0.6921820044517517,1750248184
-0.6597579717636108,1750376467.0,-1.261050581932068,1750248185
0.0384914949536323,1750376468.0,-0.6097869873046875,1750248186
-0.156907171010971,1750376468.0,-0.4431572258472442,1750248186
1.102580189704895,1750376469.0,0.073948286473751,1750248187
0.7527247667312622,1750376470.0,-0.006162283476442,1750248189
-0.3855708837509155,1750376470.0,1.033777117729187,1750248189
0.1903146654367447,1750376470.0,0.5779027342796326,1750248191
-1.231845140457153,1750376470.0,0.4364449083805084,1750248191
-0.4740687012672424,1750376471.0,0.4819895327091217,1750248191
-0.4693968594074249,1750376471.0,-0.2642694115638733,1750248192
0.4132840931415558,1750376471.0,-0.2489239573478698,1750248192
-0.4513140022754669,1750376474.0,-1.722354292869568,1750248193
1.2320810556411743,1750376474.0,-0.1374169588088989,1750248193
-0.0177278239279985,1750376474.0,-0.053737636655569,1750248193
-0.5629368424415588,1750376475.0,-0.1291777044534683,1750248193
-1.039478421211243,1750376478.0,-0.4641979336738586,1750248194
-0.3913391232490539,1750376480.0,-0.1345906108617782,1750248195
-0.5268605351448059,1750376480.0,-0.2473817318677902,1750248196
1.5889036655426023,1750376480.0,0.645203709602356,1750248196
-0.6757614016532898,1750376481.0,-0.5767881274223328,1750248196
-0.5762177109718323,1750376484.0,0.4306423962116241,1750248196
0.7147184610366821,1750376484.0,-0.0895740538835525,1750248197
0.0156894940882921,1750376487.0,0.7869448661804199,1750248198
1.9474763870239256,1750376488.0,-1.1512480974197388,1750248198
-0.0271675940603017,1750376495.0,-1.254824161529541,1750248200
0.4086963534355163,1750376496.0,0.0022598286159336,1750248200
0.0787924751639366,1750376497.0,0.5759212970733643,1750248200
-0.7531262636184692,1750376500.0,0.130959928035736,1750248202
0.521742582321167,1750376501.0,0.0978840589523315,1750248202
-1.2849421501159668,1750376505.0,0.7304053902626038,1750248203
-0.2180591970682144,1750376507.0,-0.2441605478525161,1750248203
-0.4958961606025696,1750376507.0,0.0114085953682661,1750248203
0.4418588280677795,1750376509.0,-0.3981032073497772,1750248203
1.4561458826065063,1750376509.0,-0.2618277966976166,1750248204
-0.4015180766582489,1750376511.0,0.4326754808425903,1750248204
0.6895586848258972,1750376511.0,0.5971581339836121,1750248205
-0.4264248609542846,1750376512.0,-0.7127910256385803,1750248205
0.7463885545730591,1750376513.0,0.6990650296211243,1750248206
-0.1402134746313095,1750376513.0,-0.2849094569683075,1750248207
0.1744834929704666,1750376513.0,-0.0032469509169459,1750248207
0.5408620834350586,1750376513.0,1.8915661573410036,1750248208
-0.7323864102363586,1750376515.0,0.7039920091629028,1750248208
0.1467083394527435,1750376516.0,0.5138145685195923,1750248209
0.3943571746349334,1750376516.0,0.2256995290517807,1750248209
-0.4684081673622131,1750376517.0,-0.0867527723312377,1750248209
1.3632826805114746,1750376519.0,0.7222438454627991,1750248209
0.5817751288414001,1750376520.0,-0.8982486128807068,1750248210
0.662111759185791,1750376522.0,1.6004669666290283,1750248211
-0.5318695902824402,1750376523.0,0.5616456866264343,1750248211
0.6862952709197998,1750376526.0,-0.0073412293568253,1750248212
1.0700002908706665,1750376528.0,0.3768005073070526,1750248212
0.662613570690155,1750376528.0,0.0738352462649345,1750248212
-0.4271818995475769,1750376529.0,0.6339873671531677,1750248212
2.2298061847686768,1750376529.0,0.1324224025011062,1750248213
0.229225605726242,1750376529.0,-0.6271523237228394,1750248213
-0.5915095210075378,1750376530.0,0.243375614285469,1750248214
-0.0551232956349849,1750376530.0,-0.4197330772876739,1750248214
0.316148042678833,1750376530.0,-0.6960572004318237,1750248214
-0.038300022482872,1750376531.0,0.699183464050293,1750248216
-0.6747622489929199,1750376533.0,-0.4667064547538757,1750248216
0.5898374319076538,1750376533.0,0.0002080460399156,1750248216
0.6058774590492249,1750376534.0,0.4497438371181488,1750248218
-0.4388801157474518,1750376534.0,0.4470095932483673,1750248219
0.4645132720470428,1750376539.0,0.5098984241485596,1750248219
-0.5369502902030945,1750376539.0,-0.0154375275596976,1750248220
0.4707132875919342,1750376539.0,-0.7031057476997375,1750248220
0.7410220503807068,1750376541.0,0.4356496632099151,1750248221
-1.725319504737854,1750376542.0,-0.1279699653387069,1750248221
1.0679477453231812,1750376542.0,-0.4386650025844574,1750248221
-0.7009391188621521,1750376542.0,0.1423986703157425,1750248222
0.030536575242877,1750376542.0,0.1752301305532455,1750248222
-1.239733338356018,1750376543.0,0.0238681118935346,1750248222
0.6976807713508606,1750376543.0,-0.0996886864304542,1750248222
1.629067301750183,1750376545.0,0.6892755627632141,1750248222
0.4312259554862976,1750376548.0,0.6848836541175842,1750248223
0.7112403512001038,1750376548.0,1.6488491296768188,1750248223
1.8804893493652344,1750376549.0,-0.8572993874549866,1750248224
-0.2296395748853683,1750376549.0,-1.5556302070617676,1750248225
1.917705774307251,1750376550.0,0.0053405691869556,1750248226
0.2199416309595108,1750376550.0,0.6155385375022888,1750248226
-0.5510990619659424,1750376552.0,0.4108357429504394,1750248226
-0.4935519993305206,1750376552.0,0.3622712790966034,1750248226
0.3986479938030243,1750376555.0,-0.4719839990139007,1750248227
0.6919968128204346,1750376559.0,-0.0436777733266353,1750248228
0.7143476605415344,1750376560.0,-0.3134129345417022,1750248228
0.7247499823570251,1750376560.0,-0.4465114772319793,1750248228
-0.0811929851770401,1750376560.0,0.4359790682792663,1750248228
-0.4188005924224853,1750376561.0,0.6564201712608337,1750248229
1.2532814741134644,1750376563.0,1.066455602645874,1750248229
0.5326570868492126,1750376564.0,0.1694468110799789,1750248230
0.0225921142846345,1750376565.0,0.3858358860015869,1750248230
1.1497845649719238,1750376566.0,0.0742915868759155,1750248230
-1.367650032043457,1750376569.0,0.026398230344057,1750248230
-0.7165793180465698,1750376570.0,-0.177979826927185,1750248231
-0.5809219479560852,1750376570.0,0.0696686208248138,1750248232
-0.4589304029941559,1750376572.0,-0.4365980327129364,1750248232
0.4398405253887176,1750376573.0,0.3885573744773865,1750248232
-1.0604077577590942,1750376573.0,0.5647982358932495,1750248233
-0.4600817263126373,1750376573.0,-0.145582377910614,1750248233
-1.1824908256530762,1750376575.0,0.4293155074119568,1750248233
0.5773502588272095,1750376576.0,0.1424718201160431,1750248233
0.3629531562328338,1750376578.0,-0.6097722053527832,1750248234
-0.4617802798748016,1750376579.0,1.2020165920257568,1750248234
0.6943829655647278,1750376579.0,-0.4568025469779968,1750248234
0.4504880011081695,1750376583.0,-0.2067102342844009,1750248234
0.6691570281982422,1750376583.0,0.4365252256393432,1750248234
-0.9614673852920532,1750376585.0,-0.1196192055940628,1750248235
0.4396325945854187,1750376585.0,0.601861834526062,1750248235
0.5526381731033325,1750376587.0,0.0995180457830429,1750248235
0.3244884610176086,1750376589.0,0.0081990687176585,1750248236
0.7007699608802795,1750376591.0,0.4641796350479126,1750248236
0.6921074390411377,1750376593.0,-0.1090475693345069,1750248237
-0.4408758580684662,1750376593.0,0.0880477204918861,1750248238
1.7549238204956057,1750376594.0,-0.505567193031311,1750248239
-0.4159523844718933,1750376595.0,-0.798265814781189,1750248239
0.7786858081817627,1750376595.0,-0.6745780110359192,1750248239
0.163001149892807,1750376595.0,0.755264937877655,1750248241
0.9591089487075806,1750376596.0,-0.5866381525993347,1750248241
-0.5850198268890381,1750376596.0,0.4459574818611145,1750248241
0.4344994723796844,1750376596.0,0.3996306955814361,1750248242
2.9039511680603027,1750376596.0,-0.4190908670425415,1750248242
0.5753040909767151,1750376598.0,-0.2809821665287018,1750248243
0.4855424761772156,1750376600.0,0.0019015483558177,1750248243
-0.0199326910078525,1750376601.0,0.3917379975318908,1750248243
0.0508593507111072,1750376601.0,0.4728321135044098,1750248243
0.4506136775016784,1750376603.0,0.4721817374229431,1750248244
1.7412887811660769,1750376605.0,0.4476023018360138,1750248244
3.438927412033081,1750376606.0,0.4088451266288757,1750248244
1.282439112663269,1750376606.0,-0.2484733313322067,1750248245
0.0264245271682739,1750376607.0,0.2563445568084717,1750248245
-0.6709502339363098,1750376607.0,0.3932015597820282,1750248246
-0.9236108660697936,1750376607.0,0.5188465118408203,1750248246
-1.2338571548461914,1750376608.0,1.0377411842346191,1750248246
-0.7146862149238586,1750376608.0,0.394828200340271,1750248247
0.1079985648393631,1750376608.0,-0.1104088127613067,1750248247
1.1653196811676023,1750376608.0,0.4444263279438019,1750248247
-0.3799328505992889,1750376610.0,-0.7499589920043945,1750248247
-0.4471918940544128,1750376613.0,0.4441098570823669,1750248248
1.0258028507232666,1750376613.0,-0.6966861486434937,1750248249
1.7237144708633425,1750376613.0,0.128019094467163,1750248249
0.0986968651413917,1750376616.0,1.3006242513656616,1750248249
-0.5993831753730774,1750376616.0,0.463398814201355,1750248249
0.6156811118125916,1750376620.0,-0.4286324679851532,1750248249
0.527820885181427,1750376620.0,-0.4612207114696502,1750248250
0.7037454843521118,1750376620.0,-0.4096676409244537,1750248251
1.609279990196228,1750376621.0,0.0034018051810562,1750248252
0.4026314914226532,1750376621.0,1.3187259435653689,1750248253
-1.0928730964660645,1750376621.0,-0.1789881438016891,1750248253
0.1582910716533661,1750376621.0,1.019869089126587,1750248253
-1.131961226463318,1750376622.0,0.1413914859294891,1750248253
0.5263322591781616,1750376622.0,0.6404357552528381,1750248253
-1.539073824882507,1750376622.0,0.4656080305576324,1750248254
-1.781836748123169,1750376625.0,0.0795164555311203,1750248254
-0.4612041115760803,1750376625.0,-0.7933843731880188,1750248255
-0.3662411272525787,1750376625.0,-0.306945264339447,1750248256
-0.4716634154319763,1750376625.0,-0.6922854781150818,1750248256
0.0917564630508422,1750376627.0,0.6369975209236145,1750248257
0.006441559176892,1750376627.0,1.0108970403671265,1750248257
-0.4209538698196411,1750376629.0,0.0010611785110086,1750248257
-0.7001017332077026,1750376629.0,0.4382083714008331,1750248257
1.89574670791626,1750376630.0,-0.4209946990013122,1750248258
-0.4631909430027008,1750376630.0,-0.3317019343376159,1750248259
0.1015398651361465,1750376630.0,0.2505359351634979,1750248259
-0.0442218706011772,1750376630.0,0.8715377449989319,1750248260
-0.5322509407997131,1750376631.0,-0.6836657524108887,1750248260
-0.4739648401737213,1750376632.0,0.6658605337142944,1750248260
0.428468644618988,1750376634.0,0.2616558372974396,1750248260
-1.0107325315475464,1750376635.0,-0.1995515376329422,1750248261
-1.1860040426254272,1750376637.0,0.4813616573810577,1750248261
0.5224310755729675,1750376638.0,-0.6574223041534424,1750248262
-0.392190933227539,1750376639.0,0.5270602703094482,1750248262
0.4806961715221405,1750376639.0,-0.3784564137458801,1750248263
1.300245761871338,1750376641.0,-0.1726120412349701,1750248263
0.5607779622077942,1750376642.0,0.4018737077713012,1750248263
0.4873014986515045,1750376642.0,-0.4821585118770599,1750248263
-1.3768165111541748,1750376642.0,-0.4483144283294678,1750248263
1.0994073152542114,1750376645.0,0.424832284450531,1750248263
-0.7275744676589966,1750376645.0,0.7575063705444336,1750248264
1.0163307189941406,1750376646.0,0.24027019739151,1750248264
0.1442373543977737,1750376649.0,1.0283946990966797,1750248264
-0.2234592586755752,1750376650.0,0.3898433148860931,1750248264
0.439900279045105,1750376651.0,-1.0326476097106934,1750248265
0.8832245469093323,1750376651.0,0.2823494672775268,1750248266
-0.6639358401298523,1750376653.0,-0.4424850046634674,1750248266
-0.9533633589744568,1750376656.0,0.3606209456920624,1750248266
-0.7425717711448669,1750376659.0,1.14801824092865,1750248267
-0.4550545811653137,1750376660.0,-0.0103173926472663,1750248267
1.836164474487305,1750376660.0,-0.4417006373405456,1750248268
0.4842769801616668,1750376662.0,0.721167266368866,1750248268
0.5923739671707153,1750376664.0,-0.4639836549758911,1750248269
-0.8409293293952942,1750376664.0,0.3619235754013061,1750248269
0.4098130464553833,1750376664.0,-0.3150348663330078,1750248270
-2.192622423171997,1750376664.0,1.8498176336288448,1750248270
1.7942367792129517,1750376666.0,-0.945289134979248,1750248270
-0.4236234724521637,1750376666.0,1.363183856010437,1750248271
-0.9050772786140442,1750376667.0,-1.5977166891098022,1750248271
-87.06674194335938,1750376670.0,0.4714248776435852,1750248271
0.4363923966884613,1750376670.0,-0.6686504483222961,1750248272
1.213842511177063,1750376671.0,0.5360985398292542,1750248272
0.4891012012958526,1750376673.0,0.5104446411132812,1750248273
1.493380784988403,1750376674.0,-0.960095763206482,1750248273
-0.6858416795730591,1750376675.0,0.2524938583374023,1750248273
0.4523491859436035,1750376677.0,0.6802106499671936,1750248274
0.7423325181007385,1750376679.0,0.4112757444381714,1750248275
-0.7976728081703186,1750376680.0,-0.1094162091612815,1750248275
-0.2460507005453109,1750376681.0,0.0953263416886329,1750248275
1.1502681970596311,1750376682.0,0.4265928566455841,1750248276
-1.0160572528839111,1750376684.0,1.2794468402862549,1750248277
-0.4775200188159942,1750376684.0,1.585077881813049,1750248277
0.4126786887645721,1750376685.0,-1.18487811088562,1750248277
1.0275648832321167,1750376686.0,-0.672166109085083,1750248277
-0.7267525792121887,1750376686.0,-0.2439606040716171,1750248277
0.763711154460907,1750376687.0,0.1053317114710807,1750248278
-0.0232974141836166,1750376687.0,0.691510796546936,1750248278
0.981945812702179,1750376690.0,-0.4496162235736847,1750248279
-0.6787567138671875,1750376692.0,0.4214158654212951,1750248279
0.6839514374732971,1750376692.0,-0.4179901778697967,1750248280
-1.1608933210372925,1750376694.0,0.3811402022838592,1750248280
-0.3308295607566833,1750376694.0,0.4729146063327789,1750248280
0.4681352376937866,1750376695.0,-0.0262619536370039,1750248280
-0.0117355221882462,1750376696.0,-0.3786612749099731,1750248281
1.267081618309021,1750376697.0,-0.4405551552772522,1750248282
0.3386156857013702,1750376697.0,-0.42155522108078,1750248282
0.7051569223403931,1750376700.0,-0.4410435557365417,1750248282
-1.236866474151611,1750376706.0,-0.4193253815174103,1750248283
-0.7091302275657654,1750376706.0,0.43597412109375,1750248283
-0.0271564610302448,1750376707.0,0.7568581700325012,1750248283
1.5923526287078855,1750376708.0,-0.5063657164573669,1750248283
0.7256219983100891,1750376710.0,0.3506833612918854,1750248283
0.3789203763008117,1750376711.0,-0.6932207942008972,1750248283
-0.6975140571594238,1750376712.0,-0.4772051870822906,1750248283
0.4211850762367248,1750376712.0,0.488852858543396,1750248285
0.4728238582611084,1750376712.0,-0.0101936254650354,1750248285
-0.4399285912513733,1750376712.0,-0.7969834804534912,1750248285
-0.5561834573745728,1750376714.0,-0.5941858887672424,1750248285
-0.0706865489482879,1750376715.0,-0.379670113325119,1750248286
-0.6057614088058472,1750376716.0,0.4182320833206177,1750248287
-0.5848404765129089,1750376716.0,0.0185109991580247,1750248287
-0.6588367819786072,1750376717.0,1.2872920036315918,1750248288
0.469135046005249,1750376718.0,-1.2462817430496216,1750248288
0.7169603109359741,1750376724.0,-0.4106304347515106,1750248289
-0.0477736964821815,1750376725.0,0.0052146767266094,1750248289
0.6969618201255798,1750376725.0,1.148195743560791,1750248289
-1.3840315341949463,1750376727.0,0.4168888032436371,1750248289
0.5375387668609619,1750376728.0,0.599873423576355,1750248289
-0.0019429832464084,1750376731.0,-0.0108021665364503,1750248290
0.2537855505943298,1750376731.0,-1.0203242301940918,1750248291
-0.3908063173294067,1750376731.0,0.7400709986686707,1750248291
0.451613575220108,1750376733.0,-0.0022346596233546,1750248292
0.3119986057281494,1750376734.0,-0.0153272356837987,1750248292
0.4631833732128143,1750376734.0,-0.6893018484115601,1750248293
0.0506455153226852,1750376736.0,-0.7444660067558289,1750248294
0.3967231810092926,1750376742.0,1.0222363471984863,1750248294
-0.7318748831748962,1750376742.0,-1.033456802368164,1750248294
-0.7372834086418152,1750376744.0,-0.0004251706996001,1750248294
-0.0522784180939197,1750376744.0,0.3704747259616852,1750248295
1.0479129552841189,1750376745.0,-0.1348728388547897,1750248295
-0.0528123192489147,1750376745.0,0.6861916184425354,1750248295
0.6222748756408691,1750376746.0,1.0092754364013672,1750248295
0.2572439014911651,1750376747.0,-0.2387179136276245,1750248296
0.6420511603355408,1750376748.0,0.4597598016262054,1750248296
-0.0780198127031326,1750376748.0,0.6856074333190918,1750248296
0.4951558709144592,1750376750.0,0.0980734825134277,1750248296
0.404403954744339,1750376750.0,0.038267508149147,1750248297
0.0970333889126777,1750376750.0,1.1596183776855469,1750248297
-0.4163068532943725,1750376751.0,1.8738863468170168,1750248297
0.3951663374900818,1750376753.0,-0.4485771059989929,1750248298
-0.6717960238456726,1750376753.0,0.443761795759201,1750248299
-0.5144801735877991,1750376753.0,-1.8176947832107544,1750248299
-0.4868434965610504,1750376756.0,-0.4504155218601227,1750248299
0.4347467124462127,1750376756.0,-0.0498527772724628,1750248299
-0.1937252432107925,1750376756.0,0.2332825362682342,1750248300
0.091357946395874,1750376758.0,0.5915251970291138,1750248300
0.6497300863265991,1750376758.0,1.0564727783203125,1750248300
1.7595293521881104,1750376759.0,-1.0523160696029663,1750248301
-0.7776761651039124,1750376760.0,0.7009323239326477,1750248301
-0.4228226244449615,1750376761.0,1.0590754747390747,1750248301
0.4503397643566131,1750376761.0,-1.5088995695114136,1750248302
-0.711347222328186,1750376761.0,-0.994297742843628,1750248302
0.4377752244472503,1750376762.0,0.0313344933092594,1750248302
-1.02086341381073,1750376763.0,-0.4507264792919159,1750248303
-0.4671165347099304,1750376763.0,0.3423805832862854,1750248303
1.493074893951416,1750376764.0,-0.392381489276886,1750248304
2.50675892829895,1750376764.0,0.6932887434959412,1750248304
-0.4268766641616821,1750376765.0,-0.3984143733978271,1750248304
0.5778040289878845,1750376767.0,0.0292458962649106,1750248304
0.633880078792572,1750376770.0,0.4632117450237274,1750248305
-0.6755715012550354,1750376771.0,1.1168142557144165,1750248306
1.1932425498962402,1750376772.0,-0.0763259977102279,1750248307
0.3358530104160309,1750376773.0,-0.1768179982900619,1750248308
-1.1504894495010376,1750376773.0,-0.9297208189964294,1750248309
-0.4350338280200958,1750376774.0,0.1857312023639679,1750248309
0.5472197532653809,1750376774.0,0.5552708506584167,1750248309
0.4092696905136108,1750376775.0,-0.424483448266983,1750248309
0.945303201675415,1750376777.0,-0.6919475197792053,1750248309
0.1428243815898895,1750376780.0,0.4761829078197479,1750248309
0.55235356092453,1750376780.0,-0.1335389912128448,1750248310
-0.4489042460918426,1750376780.0,-0.0023768465034663,1750248311
0.505638599395752,1750376781.0,0.0591371953487396,1750248311
-0.4075327813625335,1750376783.0,0.406336635351181,1750248311
-1.1267746686935425,1750376783.0,-0.9347102046012878,1750248311
-0.1605586111545562,1750376784.0,0.3714217841625213,1750248311
0.4968879222869873,1750376784.0,-0.308646947145462,1750248312
-0.519954264163971,1750376786.0,-0.5478132367134094,1750248313
-0.6754687428474426,1750376788.0,-0.4643802046775818,1750248314
-0.7012894749641418,1750376789.0,-0.0020533078350126,1750248314
0.0332308188080787,1750376789.0,0.3956259191036224,1750248314
-0.9383033514022828,1750376790.0,0.0940354391932487,1750248315
1.6610054969787598,1750376795.0,1.083738088607788,1750248315
0.6344947814941406,1750376798.0,-0.0085264891386032,1750248315
1.2683994770050049,1750376798.0,0.6854164600372314,1750248316
-0.699991762638092,1750376798.0,-0.4461781978607178,1750248316
1.0721527338027954,1750376798.0,-0.697586178779602,1750248317
1.0759634971618652,1750376799.0,0.4469625949859619,1750248318
-0.4764218330383301,1750376802.0,-0.0075445603579282,1750248318
-0.2899647355079651,1750376803.0,0.4700846970081329,1750248318
-1.0715126991271973,1750376804.0,-0.579576313495636,1750248318
-0.664098858833313,1750376804.0,-1.2213139533996582,1750248319
-1.7565425634384155,1750376806.0,-0.1427392661571502,1750248319
-0.2719826102256775,1750376808.0,0.0656833946704864,1750248320
-0.8168008923530579,1750376808.0,1.2886102199554443,1750248320
-0.2403638064861297,1750376812.0,0.085809901356697,1750248320
1.2107839584350586,1750376813.0,-1.5955203771591189,1750248320
-0.5709591507911682,1750376816.0,-0.4019416868686676,1750248320
0.7298356294631958,1750376817.0,-0.0662291198968887,1750248321
1.2192538976669312,1750376818.0,-0.1443481296300888,1750248322
0.4409566223621368,1750376818.0,-0.4802803695201874,1750248322
-0.0350705124437809,1750376819.0,-0.3657244741916656,1750248322
0.8418673276901245,1750376821.0,-0.6866970658302307,1750248323
7.656220436096191,1750376822.0,-0.4811940789222717,1750248324
0.9400501847267152,1750376823.0,0.7062180042266846,1750248325
0.4658273756504059,1750376823.0,-1.052867412567139,1750248325
-0.0256214924156665,1750376824.0,-0.439636617898941,1750248326
0.412630558013916,1750376824.0,-0.2320301830768585,1750248326
-0.1730367392301559,1750376825.0,0.4401551783084869,1750248326
1.2335962057113647,1750376826.0,-0.4413451552391052,1750248326
0.6284957528114319,1750376827.0,0.557326078414917,1750248327
-0.7564271092414856,1750376827.0,0.4292961955070495,1750248328
0.6749016642570496,1750376827.0,0.7617893815040588,1750248328
1.089120626449585,1750376828.0,0.4089620113372803,1750248328
-0.6958880424499512,1750376830.0,-0.4205284714698791,1750248328
-1.147159218788147,1750376831.0,-0.4664897620677948,1750248328
0.2431671172380447,1750376831.0,0.4605596363544464,1750248329
0.651073694229126,1750376831.0,-8.390625225729309e-06,1750248329
0.0009473454556427,1750376832.0,-0.1092070043087005,1750248330
-0.4374675154685974,1750376833.0,-0.4299313426017761,1750248331
0.5064530968666077,1750376833.0,-0.2095461785793304,1750248331
-0.6577098965644836,1750376834.0,-0.7810164093971252,1750248332
-0.751409649848938,1750376834.0,0.6707166433334351,1750248332
-0.0640132501721382,1750376835.0,0.4354416728019714,1750248333
1.1567362546920776,1750376836.0,-0.1131889894604682,1750248333
0.4650831818580627,1750376836.0,-0.437556654214859,1750248334
0.7001122236251831,1750376836.0,-0.1378748714923858,1750248335
0.5732945203781128,1750376837.0,0.0251745823770761,1750248335
-0.0739322006702423,1750376841.0,0.4268795549869537,1750248335
-1.6057043075561523,1750376841.0,-0.0314619615674018,1750248336
-0.4160307943820953,1750376843.0,0.4117162525653839,1750248336
-1.4686514139175415,1750376843.0,0.653556227684021,1750248336
-1.0238263607025146,1750376845.0,0.0943273454904556,1750248337
-0.3667077720165252,1750376845.0,0.5319052338600159,1750248338
0.0156006710603833,1750376847.0,0.3897191882133484,1750248338
0.3295702040195465,1750376848.0,-0.4306419789791107,1750248339
-1.056921124458313,1750376849.0,0.4673161506652832,1750248341
0.6881687045097351,1750376851.0,0.4147177338600158,1750248344
1.0339884757995603,1750392001.0,-0.4089759290218353,1750248345
-2.7577919960021973,1750392001.0,-0.4787767827510834,1750248345
0.4260130524635315,1750392001.0,0.210707202553749,1750248345
-1.7058011293411257,1750392003.0,0.1242986097931861,1750248345
1.6747369766235352,1750392006.0,0.6876612901687622,1750248345
-0.7041347026824951,1750392009.0,1.6146756410598757,1750248345
-1.6325407028198242,1750392014.0,-1.7375140190124512,1750248345
-1.2906140089035034,1750392016.0,0.6722621321678162,1750248347
0.0570566803216934,1750392017.0,0.7843741178512573,1750248348
1.491106629371643,1750392017.0,-0.4747354984283447,1750248348
-0.00105320464354,1750392017.0,-0.4252553582191467,1750248348
0.1487134397029876,1750392018.0,1.5413532257080078,1750248348
-0.0898389816284179,1750392018.0,0.4254631698131561,1750248350
1.614614486694336,1750392018.0,-1.4241182804107666,1750248350
0.6210438013076782,1750392019.0,0.493595689535141,1750248350
-0.2095114439725875,1750392020.0,0.666296124458313,1750248350
0.4214811325073242,1750392021.0,0.4781558513641357,1750248351
-0.0256270933896303,1750392022.0,0.4752242267131805,1750248351
-0.6103215217590332,1750392023.0,-0.0027430187910795,1750248352
0.3563762009143829,1750392023.0,0.0200352799147367,1750248352
0.6499519348144531,1750392024.0,-0.9748899936676024,1750248352
1.1565303802490234,1750392025.0,1.2061234712600708,1750248352
0.4495334029197693,1750392025.0,-0.3579927384853363,1750248353
-0.3975682854652405,1750392026.0,-0.7259224653244019,1750248354
0.6737233400344849,1750392027.0,0.233393594622612,1750248354
-0.3910355269908905,1750392031.0,-1.1561944484710691,1750248354
-0.3556532859802246,1750392031.0,-0.6367227435112,1750248355
0.4897040128707886,1750392032.0,-1.6589115858078003,1750248355
0.0692664161324501,1750392032.0,0.7377487421035767,1750248355
-0.3341697454452514,1750392033.0,-0.4444013833999634,1750248355
-0.0691311806440353,1750392034.0,1.1356555223464966,1750248356
-0.4843059778213501,1750392035.0,0.0285844076424837,1750248356
0.2276167720556259,1750392037.0,-0.4609357714653015,1750248358
-0.5631666779518127,1750392038.0,0.6522484421730042,1750248359
1.072182297706604,1750392040.0,0.4248348176479339,1750248360
1.7717217206954956,1750392041.0,-0.2847019731998443,1750248360
0.2698110044002533,1750392045.0,-0.2351116240024566,1750248361
-0.4163820445537567,1750392046.0,-0.1715630292892456,1750248361
2.059325695037842,1750392046.0,-0.2020687609910965,1750248361
0.6870866417884827,1750392049.0,0.272775262594223,1750248362
0.110377699136734,1750392050.0,-0.0854428261518478,1750248362
-0.3987223207950592,1750392050.0,-2.025824069976806,1750248363
-0.6926007866859436,1750392050.0,0.0027854428626596,1750248364
-0.1702642738819122,1750392050.0,-0.5626489520072937,1750248364
-0.0345087274909019,1750392051.0,0.3979673683643341,1750248365
1.2571791410446167,1750392053.0,-0.4348580241203308,1750248365
-0.0608383640646934,1750392054.0,0.1478261500597,1750248365
1.128077507019043,1750392054.0,0.4404789507389068,1750248366
0.4879612624645233,1750392055.0,0.0885373502969741,1750248366
0.0232808589935302,1750392056.0,-0.3846336305141449,1750248367
0.7265521883964539,1750392056.0,0.5621510744094849,1750248367
0.1018316075205802,1750392057.0,-0.4071763455867767,1750248367
1.4068864583969116,1750392057.0,0.4718577563762665,1750248367
-0.5371419787406921,1750392058.0,0.603327751159668,1750248368
-1.6213632822036743,1750392058.0,-0.6725994944572449,1750248369
0.5694025158882141,1750392059.0,0.281887799501419,1750248370
-0.6292195916175842,1750392061.0,-0.5410541892051697,1750248371
0.5093892812728882,1750392062.0,-0.814740777015686,1750248371
0.5711159706115723,1750392062.0,-1.2766236066818235,1750248372
0.5759581923484802,1750392067.0,-0.7001205682754517,1750248372
-0.6911725997924805,1750392068.0,-0.6628478765487671,1750248372
0.4227208197116852,1750392068.0,0.7421279549598694,1750248372
-0.3330714106559753,1750392070.0,0.3972217738628387,1750248372
-1.5990604162216189,1750392070.0,0.3656173944473266,1750248373
0.6842552423477173,1750392072.0,0.1204259246587753,1750248374
0.7027513980865479,1750392074.0,-0.4307838678359985,1750248374
0.1449204534292221,1750392076.0,0.2291890531778335,1750248375
0.5674530863761902,1750392076.0,0.3896259069442749,1750248375
-0.9157010316848756,1750392080.0,0.4564214944839477,1750248375
-7.597920894622803,1750392080.0,1.0161811113357544,1750248375
-0.6481125950813293,1750392082.0,0.5693047642707825,1750248375
6.741241455078125,1750392085.0,0.323548674583435,1750248375
-0.9271392226219176,1750392086.0,-0.1931783109903335,1750248376
1.5945641994476318,1750392087.0,0.480742484331131,1750248377
-0.568361759185791,1750392089.0,0.0229347422719001,1750248377
-0.6918168067932129,1750392089.0,0.4570930600166321,1750248378
-0.6905535459518433,1750392091.0,-0.4095742702484131,1750248379
-0.5665768980979919,1750392091.0,0.4168179333209991,1750248379
0.6055703163146973,1750392091.0,-0.5586232542991638,1750248379
0.4300876259803772,1750392092.0,-0.1101593300700187,1750248379
-0.624725341796875,1750392092.0,0.6955330967903137,1750248380
0.6788657903671265,1750392093.0,-1.113080620765686,1750248381
-0.4785051345825195,1750392093.0,0.7465136647224426,1750248381
-0.4555931985378265,1750392093.0,-0.0852878391742706,1750248382
1.053904414176941,1750392094.0,-0.2705989778041839,1750248383
-0.7183157801628113,1750392094.0,0.6336400508880615,1750248384
-1.6403238773345947,1750392096.0,-1.6528512239456177,1750248384
-0.4053517580032348,1750392099.0,0.0462517477571964,1750248384
-0.0109531451016664,1750392099.0,-0.7064918279647827,1750248385
0.71805340051651,1750392100.0,-0.6751143932342529,1750248385
-0.5059605836868286,1750392101.0,0.3002342283725738,1750248385
0.7911853194236755,1750392103.0,0.7591258883476257,1750248385
-0.851729691028595,1750392103.0,0.6018057465553284,1750248386
-0.4203889667987823,1750392104.0,-0.15371935069561,1750248386
-0.465761661529541,1750392105.0,0.2932026088237762,1750248386
0.1937171369791031,1750392105.0,0.5204535126686096,1750248387
-0.4521088600158691,1750392105.0,-0.4549963176250458,1750248389
-0.3495645225048065,1750392106.0,-0.3895590901374817,1750248389
0.6933087110519409,1750392107.0,0.4286253452301025,1750248389
0.8362193703651428,1750392109.0,0.4444780051708221,1750248389
-0.4945197403430938,1750392110.0,0.3336056768894195,1750248389
-0.438032865524292,1750392112.0,0.6506659984588623,1750248389
0.7426853775978088,1750392112.0,-0.5616297125816345,1750248390
-0.3155551552772522,1750392114.0,1.0536844730377195,1750248390
0.081801913678646,1750392117.0,-0.4408897459506988,1750248390
-0.4667443931102752,1750392118.0,0.0066342465579509,1750248390
0.0128363706171512,1750392121.0,0.4448715150356293,1750248390
-0.400968074798584,1750392122.0,-0.4473121464252472,1750248390
-2.068880796432495,1750392122.0,0.5200515389442444,1750248391
-0.5762481093406677,1750392125.0,-0.4721119701862335,1750248391
-0.706448495388031,1750392126.0,-0.54256272315979,1750248392
0.5147401094436646,1750392126.0,-0.3886569440364837,1750248394
-1.0484284162521362,1750392126.0,0.5625120997428894,1750248394
-0.4770061671733856,1750392127.0,-0.3985399305820465,1750248394
0.68155437707901,1750392128.0,-0.2093212753534317,1750248394
1.1983155012130735,1750392129.0,-1.3956098556518557,1750248394
-1.2749481201171875,1750392131.0,-0.7400068640708923,1750248395
0.583478569984436,1750392133.0,0.6538594961166382,1750248395
0.0123724276199936,1750392135.0,-0.1482702046632766,1750248396
-0.8478621244430542,1750392136.0,1.754109501838684,1750248396
0.1815831065177917,1750392136.0,0.4732511639595032,1750248396
-0.560921847820282,1750392137.0,-1.103175163269043,1750248396
-0.4403071105480194,1750392138.0,0.6268793940544128,1750248396
-0.544854462146759,1750392138.0,0.0155682489275932,1750248398
-0.5677076578140259,1750392138.0,-0.0135483797639608,1750248398
0.4006645679473877,1750392139.0,0.6861838698387146,1750248399
-0.575187087059021,1750392139.0,-0.201949656009674,1750248399
0.0243199560791254,1750392140.0,0.0255378689616918,1750248399
-0.3236464262008667,1750392142.0,1.0894758701324463,1750248400
-0.6033467650413513,1750392142.0,0.7002491354942322,1750248400
0.4594217538833618,1750392143.0,-0.8202786445617676,1750248401
0.4795773029327392,1750392144.0,-0.5750178694725037,1750248401
-0.2009902149438858,1750392144.0,0.4196855127811432,1750248402
0.6913516521453857,1750392145.0,1.7867417335510254,1750248404
0.0008624035981483,1750392145.0,0.9006108045578003,1750248404
0.6756945252418518,1750392145.0,-0.4267080128192901,1750248405
0.5132707953453064,1750392146.0,-0.738960862159729,1750248405
0.5636829137802124,1750392147.0,0.6775810122489929,1750248405
-1.2078208923339844,1750392147.0,-0.8108583688735962,1750248406
-0.6996593475341797,1750392148.0,0.715198814868927,1750248407
0.9343971610069276,1750392148.0,-0.7185010313987732,1750248408
4.416370391845703,1750392149.0,-0.4335676729679107,1750248408
4.006534099578857,1750392151.0,0.6227842569351196,1750248408
0.4174287915229797,1750392154.0,-0.1211032643914222,1750248409
-0.6813656687736511,1750392155.0,0.3328195214271545,1750248409
0.3571872413158417,1750392157.0,-0.0102182514965534,1750248410
1.7224814891815186,1750392159.0,-0.3569800853729248,1750248410
0.7061750292778015,1750392160.0,-0.676058828830719,1750248410
1.4104105234146118,1750392161.0,-0.4655228555202484,1750248410
0.3610300123691559,1750392161.0,-0.0004581182438414,1750248411
-0.4660735130310058,1750392161.0,0.4428417086601257,1750248411
1.9063092470169067,1750392164.0,-0.5777286291122437,1750264063
0.604042649269104,1750392165.0,-0.0596890859305858,1750264063
0.4766499996185303,1750392167.0,1.2997486591339111,1750264063
-2.117619037628174,1750392168.0,0.512078583240509,1750264064
-1.1696717739105225,1750392168.0,0.6718870401382446,1750264064
-0.2365136295557022,1750392169.0,0.1814519613981247,1750264064
0.0855026617646217,1750392172.0,-0.2616665363311767,1750264065
-0.1171524822711944,1750392173.0,-0.6838634610176086,1750264065
0.9094719290733336,1750392174.0,0.648696780204773,1750264065
0.4859233200550079,1750392176.0,0.7700873613357544,1750264066
0.1162367090582847,1750392176.0,1.1264734268188477,1750264066
0.6816727519035339,1750392180.0,0.0687371790409088,1750264067
0.7387287020683289,1750392180.0,-0.5107330083847046,1750264068
0.4610104560852051,1750392181.0,-0.4019211828708648,1750264068
0.6751300096511841,1750392182.0,0.475960224866867,1750264069
0.9095324873924256,1750392184.0,-0.4321817457675934,1750264069
0.1486436277627945,1750392184.0,-0.2777344584465027,1750264070
-0.4922224879264831,1750392187.0,-1.0561290979385376,1750264070
0.1386023461818695,1750392188.0,0.7429017424583435,1750264071
0.234936773777008,1750392192.0,-0.193798080086708,1750264071
-0.9224040508270264,1750392192.0,-0.9949445128440856,1750264071
-0.1132737919688224,1750392195.0,-0.4314534068107605,1750264072
0.5250029563903809,1750392195.0,-1.8569788932800293,1750264072
0.0593378879129886,1750392196.0,0.4581665098667145,1750264073
-0.92951899766922,1750392198.0,-0.4821241796016693,1750264074
-1.584566354751587,1750392199.0,-0.4184207320213318,1750264074
-2.4404752254486084,1750392201.0,-0.9612028002738952,1750264074
-1.2527741193771362,1750392202.0,-0.6015979051589966,1750264076
2.521461248397827,1750392202.0,0.1581173688173294,1750264076
0.7156322598457336,1750392202.0,0.2119247168302536,1750264077
0.0570710599422454,1750392202.0,-0.4235983490943908,1750264077
-1.1774425506591797,1750392204.0,-0.6820899248123169,1750264077
0.654853343963623,1750392207.0,0.1774020493030548,1750264078
0.1940807551145553,1750392208.0,-0.7321475148200989,1750264078
-1.2998645305633545,1750392208.0,0.1597916185855865,1750264078
-0.104562759399414,1750392209.0,-0.4113952219486236,1750264079
-0.2638363838195801,1750392209.0,0.7358500361442566,1750264079
-0.4040817022323608,1750392211.0,-0.4636415541172027,1750264080
0.7140259742736816,1750392211.0,1.2134679555892944,1750264081
0.2759979367256164,1750392216.0,-0.1485531628131866,1750264081
1.6311713457107544,1750392217.0,-0.1388904899358749,1750264081
-0.2660436034202575,1750392217.0,0.1058384180068969,1750264081
0.75420743227005,1750392218.0,0.4386816322803497,1750264082
0.4571753442287445,1750392218.0,-0.0569334104657173,1750264082
0.4659492969512939,1750392218.0,1.1569322347640991,1750264083
-1.1636464595794678,1750392219.0,-0.5160397291183472,1750264084
0.4765197336673736,1750392220.0,-0.1089288592338562,1750264084
-0.6605833172798157,1750392220.0,-0.6665924787521362,1750264085
-0.7133976817131042,1750392221.0,0.6760066747665405,1750264085
-0.687722384929657,1750392221.0,-0.2634830474853515,1750264085
-0.2135257273912429,1750392221.0,-0.6981311440467834,1750264086
-0.3741859197616577,1750392221.0,-0.5277354121208191,1750264086
1.1530319452285769,1750392224.0,0.1990451365709304,1750264086
-0.7021453976631165,1750392226.0,-0.47530597448349,1750264087
-1.3056374788284302,1750392226.0,0.0282017011195421,1750264087
0.6778857111930847,1750392227.0,-0.0520833060145378,1750264088
0.6937345862388611,1750392228.0,0.3243348002433777,1750264088
0.7113350033760071,1750392229.0,0.0474732778966426,1750264088
0.3908879458904266,1750392230.0,0.4426676332950592,1750264089
-0.5883914828300476,1750392233.0,-0.909321129322052,1750264089
-0.1431013494729995,1750392233.0,0.6843767762184143,1750264090
0.7111813426017761,1750392233.0,-0.6559935212135315,1750264090
-0.4858238995075226,1750392235.0,0.4421768486499786,1750264090
-1.583245038986206,1750392235.0,0.1074228286743164,1750264090
0.7314723134040833,1750392236.0,-0.114796869456768,1750264090
-0.6961982846260071,1750392236.0,0.0598105639219284,1750264090
-0.6749953627586365,1750392237.0,-0.2033308744430542,1750264093
1.2245030403137207,1750392239.0,-0.6761103868484497,1750264093
1.0903894901275637,1750392239.0,1.7495393753051758,1750264093
0.8966374397277832,1750392239.0,0.7051414847373962,1750264094
-0.1476905047893524,1750392240.0,-0.8138772249221802,1750264094
-0.5179542303085327,1750392241.0,0.5364985466003418,1750264095
0.0338570587337017,1750392241.0,-0.416267067193985,1750264097
-1.408071517944336,1750392241.0,0.0008755211601965,1750264098
0.7126117944717407,1750392241.0,-0.082123190164566,1750264098
-0.4206231236457824,1750392244.0,-0.1869457513093948,1750264098
0.9936413168907166,1750392245.0,0.4735088646411896,1750264099
0.4405592679977417,1750392248.0,0.1674065142869949,1750264099
0.5910158157348633,1750392250.0,0.8598139882087708,1750264099
0.7184105515480042,1750392253.0,0.5278545022010803,1750264099
0.4267807304859161,1750392253.0,0.0691863968968391,1750264099
0.4618482589721679,1750392254.0,-0.5790601968765259,1750264099
-0.2263510227203369,1750392254.0,0.3908643126487732,1750264099
1.1394504308700562,1750392255.0,-1.0774153470993042,1750264100
0.4505260288715362,1750392256.0,-0.3786045014858246,1750264101
0.7217917442321777,1750392257.0,0.2007692903280258,1750264101
0.8355197310447693,1750392259.0,0.6884541511535645,1750264102
-0.6767004728317261,1750392261.0,-1.1099514961242676,1750264102
-0.0062957303598523,1750392264.0,1.2142471075057983,1750264102
-0.6987261772155762,1750392267.0,0.686091423034668,1750264103
-0.7335806488990784,1750392268.0,0.4746435880661011,1750264103
0.4559146463871002,1750392269.0,0.4531841576099396,1750264103
-0.7002497911453247,1750392269.0,-0.4155603945255279,1750264104
-0.1033679321408271,1750392270.0,1.7006323337554932,1750264106
-0.5763953924179077,1750392271.0,0.2763984501361847,1750264106
-1.02481210231781,1750392271.0,-0.0017722726333886,1750264107
-0.0028882003389298,1750392271.0,-0.4347056746482849,1750264108
0.1410014033317566,1750392273.0,-0.4518555104732513,1750264108
-1.7738319635391235,1750392273.0,0.7372525930404663,1750264108
0.4233361780643463,1750392273.0,0.5401751399040222,1750264108
-0.3900270462036133,1750392277.0,-0.4717262387275696,1750264109
-1.0956624746322632,1750392278.0,-0.0762141197919845,1750264109
-0.2035940885543823,1750392279.0,-0.2745655477046966,1750264109
-0.744072437286377,1750392280.0,0.6255500912666321,1750264110
-0.6882630586624146,1750392281.0,-0.4952496886253357,1750264111
0.4728026688098907,1750392281.0,0.0722530335187912,1750264111
-0.6904945969581604,1750392281.0,-0.5847459435462952,1750264112
0.4880864918231964,1750392282.0,1.8108210563659668,1750264112
1.2462483644485474,1750392282.0,0.710581362247467,1750264112
-0.0165671184659004,1750392285.0,0.6749584674835205,1750264112
0.4167170822620392,1750392285.0,-0.4376616179943084,1750264112
-0.6756851077079773,1750392286.0,0.4138569831848144,1750264112
2.055539131164551,1750392287.0,-0.1198696941137313,1750264113
0.011807506904006,1750392287.0,0.1235018372535705,1750264114
0.6340068578720093,1750392288.0,-0.7357915043830872,1750264115
0.4514665305614471,1750392289.0,0.9390902519226074,1750264115
-0.0563858337700367,1750392291.0,0.4674414992332458,1750264116
1.8160622119903564,1750392292.0,0.469200849533081,1750264116
1.1851590871810913,1750392292.0,0.7087194919586182,1750264116
-0.691640317440033,1750392293.0,-0.0097990427166223,1750264117
0.022765465080738,1750392296.0,0.0008988885092549,1750264117
-1.25298810005188,1750392297.0,-0.7002493739128113,1750264117
-0.6276910305023193,1750392297.0,-1.6934465169906616,1750264117
1.6464533805847168,1750392298.0,0.3998541831970215,1750264118
-0.0018416326493024,1750392300.0,-0.1133746430277824,1750264118
0.5959968566894531,1750392301.0,-0.0120111126452684,1750264118
0.3756567537784576,1750392302.0,0.1823986768722534,1750264119
0.689981997013092,1750392304.0,0.5119662284851074,1750264120
-1.0113420486450195,1750392304.0,0.4025545716285705,1750264120
0.0677210539579391,1750392305.0,-0.4554964900016784,1750264121
-0.1128458157181739,1750392305.0,-0.6982349157333374,1750264121
-0.7421447038650513,1750392305.0,-0.7670586109161377,1750264122
0.1937153488397598,1750392305.0,0.3923990130424499,1750264122
-0.9417424201965332,1750392306.0,0.5658705830574036,1750264123
0.2511002719402313,1750392308.0,0.0878593325614929,1750264123
-0.6891340613365173,1750392316.0,0.0100606977939605,1750264124
0.2847642302513122,1750392317.0,-0.8489378094673157,1750264124
-1.421499252319336,1750392318.0,-0.4566958546638489,1750264125
-0.1044036522507667,1750392319.0,-0.7118295431137085,1750264125
0.0626040250062942,1750392320.0,0.4140387773513794,1750264125
-0.4745941162109375,1750392320.0,-0.4741857051849365,1750264125
0.5252362489700317,1750392320.0,0.0797565802931785,1750264125
0.4610894024372101,1750392323.0,0.0256169885396957,1750264126
0.7674885392189026,1750392323.0,0.3212328851222992,1750264126
0.7987366914749146,1750392323.0,-0.4197442829608917,1750264126
0.582906186580658,1750392323.0,-1.1820080280303955,1750264126
0.407541811466217,1750392324.0,-0.0387798398733139,1750264126
-0.7126551866531372,1750392325.0,0.197975754737854,1750264127
1.0579144954681396,1750392326.0,0.5656647682189941,1750264127
-0.2563072144985199,1750392327.0,0.5617945194244385,1750264127
1.0487279891967771,1750392327.0,-0.1865702420473098,1750264127
0.2257215231657028,1750392327.0,-0.0173431001603603,1750264127
0.3906517922878265,1750392327.0,0.1799792200326919,1750264128
-0.4779810905456543,1750392327.0,0.5075899958610535,1750264128
0.4826282262802124,1750392330.0,0.7189619541168213,1750264129
0.7688167095184326,1750392330.0,0.1373726725578308,1750264129
0.2378053814172744,1750392332.0,-0.4760492444038391,1750264129
-0.680220901966095,1750392333.0,0.4164457023143768,1750264130
-0.6417228579521179,1750392338.0,-0.1876637637615203,1750264130
-1.030974268913269,1750392338.0,-0.6818202137947083,1750264130
-1.5951509475708008,1750392339.0,0.4692773520946502,1750264131
0.660773754119873,1750392340.0,0.4362925291061401,1750264132
1.735970973968506,1750392340.0,-2.4760451316833496,1750264132
-0.6843148469924927,1750392340.0,0.6923065185546875,1750264133
1.086340308189392,1750392343.0,0.4772566556930542,1750264133
-1.1332982778549194,1750392343.0,-1.3736497163772583,1750264134
0.973906397819519,1750392347.0,-0.405520498752594,1750264134
-0.3115337789058685,1750392348.0,-0.456350177526474,1750264134
0.2794693410396576,1750392349.0,1.585460186004639,1750264134
-0.6015195846557617,1750392349.0,0.4677049517631531,1750264135
0.410069465637207,1750392350.0,-1.1563537120819092,1750264136
-0.0883953422307968,1750392351.0,0.5504003167152405,1750264137
-0.4598535597324371,1750392351.0,-0.0974864661693573,1750264137
0.1132101491093635,1750392352.0,-0.684913158416748,1750264138
-1.1343162059783936,1750392353.0,-1.5232187509536743,1750264139
-0.7163057923316956,1750392356.0,-0.1274892389774322,1750264141
-0.7103750109672546,1750392359.0,0.1027314960956573,1750264141
-0.582260251045227,1750392361.0,0.2635261416435241,1750264142
-0.1942110806703567,1750392363.0,-1.0708155632019043,1750264142
-1.591881513595581,1750392363.0,0.6325175166130066,1750264143
0.5316393971443176,1750392364.0,0.6840718388557434,1750264143
1.1489711999893188,1750392365.0,0.7117167115211487,1750264143
5.344650745391846,1750392366.0,-0.4484596848487854,1750264143
1.1161987781524658,1750392367.0,-0.4666826725006103,1750264143
0.5808582901954651,1750392367.0,0.7206273078918457,1750264143
-0.4341208636760711,1750392375.0,-0.0005806579138152,1750264144
-0.4638319015502929,1750392376.0,-0.1415816694498062,1750264144
0.7448363304138184,1750392377.0,0.041723433881998,1750264145
0.456543505191803,1750392377.0,0.0032833889126777,1750264145
0.1610183119773864,1750392378.0,-0.1969087719917297,1750264145
0.7204217910766602,1750392378.0,0.4984504282474518,1750264146
1.1773744821548462,1750392380.0,-2.042421579360962,1750264146
0.6457270979881287,1750392380.0,0.0582373552024364,1750264146
-0.7321258783340454,1750392380.0,0.9339947700500488,1750264146
-0.0933536365628242,1750392380.0,0.5532113909721375,1750264146
0.6914063692092896,1750392381.0,-0.0903115794062614,1750264147
-0.9450250267982484,1750392382.0,-0.3890161216259002,1750264148
-0.080044187605381,1750392383.0,0.0258230865001678,1750264149
-0.4007719755172729,1750392383.0,0.4654453992843628,1750264149
-0.744768500328064,1750392384.0,0.7192713022232056,1750264151
1.0432995557785034,1750392385.0,-0.6731998324394226,1750264151
2.0628886222839355,1750392387.0,0.0867812037467956,1750264151
-0.7027318477630615,1750392390.0,0.2344933897256851,1750264151
-0.6872879862785339,1750392391.0,0.4071269631385803,1750264151
0.4723465144634247,1750392393.0,-0.0085319578647613,1750264152
-1.716087818145752,1750392395.0,-0.6022283434867859,1750264152
-0.597206175327301,1750392395.0,1.53900945186615,1750264153
-0.9431777000427246,1750392396.0,0.3860209286212921,1750264153
-0.4524223804473877,1750392396.0,0.16057750582695,1750264154
-0.7125635147094727,1750392397.0,-0.4564804136753082,1750264155
-1.0589911937713623,1750392397.0,0.4112700521945953,1750264156
1.50900137424469,1750392400.0,1.743854522705078,1750264156
-0.9935373067855836,1750392402.0,0.2397371530532837,1750264156
-0.202390432357788,1750392405.0,-0.5267642140388489,1750264156
-0.3242460787296295,1750392405.0,0.1149616986513137,1750264157
0.6991892457008362,1750392405.0,-0.419918030500412,1750264157
-0.4635082185268402,1750392405.0,-1.2279231548309326,1750264157
-1.0686136484146118,1750392406.0,0.1622006297111511,1750264158
-1.2142999172210691,1750392408.0,-1.29912006855011,1750264158
-1.1361674070358276,1750392409.0,-0.0624449588358402,1750264158
1.012237548828125,1750392411.0,-0.7729650735855103,1750264158
-0.8015461564064026,1750408030.0,-1.8165982961654663,1750264158
0.731952428817749,1750408030.0,0.1044486463069915,1750264159
-0.1148479133844375,1750408030.0,-0.6884636282920837,1750264159
-0.0820298194885253,1750408031.0,0.4439732432365417,1750264160
0.7146509289741516,1750408031.0,0.0688156634569168,1750264160
0.180642619729042,1750408032.0,0.0691520124673843,1750264160
-0.7129380702972412,1750408032.0,0.3511805832386017,1750264161
-0.0537812113761901,1750408032.0,0.3332922458648681,1750264163
0.4564618468284607,1750408039.0,0.6629775762557983,1750264163
-0.7646728157997131,1750408039.0,-0.7152068018913269,1750264164
-0.5540418028831482,1750408041.0,0.4304327368736267,1750264166
1.60252845287323,1750408042.0,-0.4770695567131042,1750264166
0.0275554545223712,1750408043.0,-0.6850915551185608,1750264167
0.0731340870261192,1750408044.0,-0.0344291217625141,1750264167
-0.0033201044425368,1750408045.0,0.4362042546272278,1750264167
0.3948257267475128,1750408047.0,0.7030388116836548,1750264168
0.2221320271492004,1750408047.0,-0.7221850752830505,1750264169
-1.2738550901412964,1750408048.0,-0.4526262879371643,1750264169
-0.73481285572052,1750408048.0,0.460767537355423,1750264170
0.6985127329826355,1750408050.0,-0.0672209486365318,1750264170
-0.7380815744400024,1750408050.0,-0.3354026079177856,1750264171
-0.4741377234458923,1750408053.0,0.4228791892528534,1750264171
0.6874438524246216,1750408053.0,-0.9533812403678894,1750264171
0.4748059213161468,1750408054.0,0.5090904831886292,1750264171
0.2405556440353393,1750408054.0,-0.7240135669708252,1750264171
0.6654608249664307,1750408056.0,-0.3666916787624359,1750264172
0.2627832889556885,1750408056.0,0.89117830991745,1750264172
1.237949252128601,1750408057.0,-0.5509874224662781,1750264172
-0.4377179443836212,1750408058.0,0.3959851264953613,1750264173
-0.4970865845680237,1750408059.0,0.4792752861976623,1750264173
-0.0481411777436733,1750408061.0,0.0839956775307655,1750264173
-0.4792887568473816,1750408061.0,-1.056933879852295,1750264174
1.6361870765686035,1750408063.0,-1.0188207626342771,1750264174
0.506311297416687,1750408063.0,0.1025934591889381,1750264174
-0.2467399835586547,1750408064.0,-0.4140615463256836,1750264175
-2.1033694744110107,1750408068.0,-0.4920845627784729,1750264177
0.2292156815528869,1750408069.0,-0.1307258009910583,1750264178
-0.4363819658756256,1750408071.0,0.7942562699317932,1750264179
-0.6703517436981201,1750408071.0,-0.4102048873901367,1750264179
-0.6792454123497009,1750408072.0,0.2171333879232406,1750264181
-1.5750092267990112,1750408073.0,1.06928551197052,1750264181
1.772667407989502,1750408074.0,0.099471315741539,1750264181
0.0483190491795539,1750408076.0,0.4939055740833282,1750264181
1.1261752843856812,1750408077.0,-0.456860214471817,1750264182
0.207802802324295,1750408077.0,-0.6870105266571045,1750264182
-0.4791691899299621,1750408077.0,-0.2531140744686126,1750264182
-1.7196546792984009,1750408077.0,0.8541008830070496,1750264182
-0.4272454380989074,1750408079.0,0.1741067618131637,1750264183
0.3990119099617004,1750408080.0,0.7122529149055481,1750264183
0.734282374382019,1750408080.0,-0.6862927675247192,1750264183
1.2768023014068604,1750408081.0,-0.4519801735877991,1750264184
-0.0169029235839843,1750408083.0,0.4595944583415985,1750264184
1.8977630138397217,1750408083.0,-0.6731820702552795,1750264184
0.8765655755996704,1750408083.0,0.2995617389678955,1750264185
0.7200589776039124,1750408083.0,0.0943329855799675,1750264185
1.164524793624878,1750408084.0,-0.6662630438804626,1750264185
-0.4442122876644134,1750408086.0,0.6684361100196838,1750264185
-1.3912951946258545,1750408087.0,-0.0137948719784617,1750264185
-0.4745177924633026,1750408087.0,-0.0298381000757217,1750264185
1.1421269178390503,1750408088.0,0.6997928023338318,1750264186
0.1986702531576156,1750408090.0,0.1293042749166488,1750264186
0.0094917342066764,1750408090.0,0.0051362277008593,1750264186
0.7372426390647888,1750408091.0,0.1520774960517883,1750264186
0.5757877230644226,1750408092.0,-1.0195467472076416,1750264186
-0.6367293000221252,1750408094.0,0.439893513917923,1750264186
0.4596392214298248,1750408097.0,0.8769479393959045,1750264186
1.1094318628311155,1750408097.0,-0.1210694834589958,1750264186
-0.0150756360962986,1750408099.0,-0.7248715162277222,1750264187
-0.2404493242502212,1750408099.0,0.4112363457679748,1750264187
1.5543665885925293,1750408101.0,-0.2207661718130111,1750264187
0.7371748089790344,1750408101.0,-0.473146915435791,1750264187
1.6326228380203247,1750408101.0,0.5476799011230469,1750264187
-0.398033857345581,1750408103.0,0.4391884207725525,1750264189
-0.4568654894828796,1750408103.0,-0.0986628457903862,1750264190
0.0061069834046065,1750408105.0,-0.6810441017150879,1750264190
0.6217817068099976,1750408106.0,0.4364328980445862,1750264191
1.098874807357788,1750408107.0,-0.6275408864021301,1750264191
0.5279614925384521,1750408108.0,0.5013293623924255,1750264191
0.4164570868015289,1750408108.0,-0.032376229763031,1750264192
0.6880407929420471,1750408110.0,0.1347750574350357,1750264192
1.0303267240524292,1750408110.0,-0.4390720427036285,1750264192
-0.680664598941803,1750408110.0,-0.6673070192337036,1750264193
-0.6504507064819336,1750408110.0,0.5537299513816833,1750264193
0.6903364062309265,1750408110.0,-0.6483626365661621,1750264193
0.0070144929923117,1750408112.0,0.2588908970355987,1750264194
1.6558247804641724,1750408113.0,-0.144946664571762,1750264196
-1.1079487800598145,1750408113.0,0.015002011321485,1750264196
-0.7276232838630676,1750408117.0,-0.7192195653915405,1750264196
0.2328047603368759,1750408118.0,-0.025842921808362,1750264197
0.21511971950531,1750408119.0,-0.7147387862205505,1750264197
-0.7359174489974976,1750408120.0,-0.5423879027366638,1750264197
0.2875296473503113,1750408120.0,0.0384699441492557,1750264198
0.4439836144447326,1750408121.0,0.6966663599014282,1750264198
1.2046223878860474,1750408122.0,0.7254655957221985,1750264198
-0.4143140017986297,1750408122.0,-0.6216662526130676,1750264199
-0.6913477182388306,1750408123.0,-0.4730343520641327,1750264199
-0.4153979122638702,1750408124.0,0.7341062426567078,1750264199
0.3887481093406677,1750408126.0,0.6903284192085266,1750264199
0.7219753861427307,1750408126.0,-0.4538028240203857,1750264199
0.7960866093635559,1750408127.0,-0.4445743560791015,1750264199
-0.3577567040920257,1750408130.0,0.4630432426929474,1750264200
-0.7298412919044495,1750408130.0,0.680008590221405,1750264200
-1.3333114385604858,1750408131.0,1.159898281097412,1750264200
-0.5755758285522461,1750408131.0,0.1570572257041931,1750264201
-0.1669385135173797,1750408135.0,0.7346629500389099,1750264201
1.00814688205719,1750408135.0,-0.7564799785614014,1750264201
-1.1068493127822876,1750408140.0,0.6950796842575073,1750264201
1.298205018043518,1750408141.0,-0.6828854084014893,1750264202
-0.9141725301742554,1750408143.0,0.4783559739589691,1750264202
-0.0653923079371452,1750408144.0,-0.468616634607315,1750264203
-0.0619427450001239,1750408146.0,0.6820316910743713,1750264203
0.8612646460533142,1750408147.0,-0.4417706131935119,1750264204
0.4492735564708709,1750408147.0,0.0274818036705255,1750264205
1.2795192003250122,1750408147.0,-0.7492732405662537,1750264205
-0.6940915584564209,1750408149.0,0.0088804736733436,1750264205
-0.4389393925666809,1750408149.0,-1.2233988046646118,1750264205
2.683836936950684,1750408149.0,-1.2854783535003662,1750264205
1.5362379550933838,1750408149.0,0.4894342422485351,1750264205
-0.4350786805152893,1750408150.0,0.4424652457237243,1750264207
-0.5321446061134338,1750408152.0,0.4723501205444336,1750264207
0.0040416065603494,1750408153.0,-0.40357306599617,1750264208
-1.0258489847183228,1750408153.0,-0.0056202290579676,1750264208
-0.6946517825126648,1750408156.0,0.2578186392784118,1750264208
-0.8771601319313049,1750408159.0,-0.5968849658966064,1750264209
-0.9637556076049804,1750408159.0,-0.6886860132217407,1750264209
0.5733907222747803,1750408162.0,0.4880935847759247,1750264210
-0.772522509098053,1750408163.0,-1.170269250869751,1750264210
-0.1059382855892181,1750408163.0,-0.4025792181491852,1750264210
0.4480704367160797,1750408164.0,-0.4209794998168945,1750264210
0.6858648061752319,1750408166.0,0.0832355916500091,1750264210
-0.0432519130408763,1750408170.0,0.2845442593097687,1750264211
-1.3186819553375244,1750408172.0,0.4247972071170807,1750264211
-0.4809744954109192,1750408173.0,0.0836152657866478,1750264211
-0.4995245933532715,1750408173.0,0.4630091488361358,1750264212
0.768703281879425,1750408175.0,0.7133530378341675,1750264212
-0.0050270338542759,1750408176.0,1.0318031311035156,1750264212
-0.1332059651613235,1750408179.0,-0.3868673741817474,1750264212
-0.6946152448654175,1750408181.0,0.7277531027793884,1750264212
1.0409175157546997,1750408181.0,0.6163100004196167,1750264213
-0.4410310387611389,1750408183.0,-0.4296911656856537,1750264213
0.6804235577583313,1750408184.0,-0.4401606917381286,1750264213
-0.4523292481899261,1750408185.0,-0.7324808239936829,1750264214
0.6193822622299194,1750408186.0,-0.7247223258018494,1750264214
-0.4470511078834533,1750408186.0,-0.4111332893371582,1750264214
0.7223012447357178,1750408188.0,-0.6345915198326111,1750264215
-0.72429358959198,1750408188.0,0.9794172644615172,1750264215
0.4683588743209839,1750408188.0,-1.1881753206253052,1750264215
0.1676077097654342,1750408189.0,-0.5877294540405273,1750264215
-0.4049903452396393,1750408191.0,0.4075386524200439,1750264216
0.7133713960647583,1750408194.0,-0.3987142443656921,1750264218
-0.0499762743711471,1750408198.0,0.4405425786972046,1750264218
0.3856695890426636,1750408198.0,-0.1788558959960937,1750264219
-0.9996124505996704,1750408199.0,0.0794194564223289,1750264219
-0.652335524559021,1750408199.0,-0.7025530338287354,1750264219
2.084555625915528,1750408200.0,-0.6501795649528503,1750264219
0.2862536013126373,1750408202.0,0.46733558177948,1750264220
0.3734039664268493,1750408203.0,0.207756757736206,1750264220
-0.7326335906982422,1750408204.0,-0.0037075344007462,1750264220
0.3966959118843078,1750408205.0,0.7345670461654663,1750264220
-0.6259084343910217,1750408206.0,0.0109426891431212,1750264222
0.4099684953689575,1750408207.0,-0.4033332169055938,1750264222
-1.252387762069702,1750408208.0,-0.4424439370632171,1750264222
-0.6903631687164307,1750408208.0,-0.0648589134216308,1750264222
-0.7836660742759705,1750408208.0,-0.4531375169754028,1750264223
-0.4159755706787109,1750408211.0,-0.4058348536491394,1750264224
-0.3061089515686035,1750408212.0,0.1888447254896164,1750264225
0.4152504205703735,1750408212.0,1.4503785371780396,1750264225
0.7205188274383545,1750408213.0,-0.4425025582313537,1750264226
-0.4560931026935577,1750408213.0,-0.0649044290184974,1750264226
-0.1878342479467392,1750408215.0,0.1494908332824707,1750264227
0.8094608783721924,1750408216.0,-0.0019805678166449,1750264227
0.445869892835617,1750408217.0,0.4590330719947815,1750264228
-0.4171788096427917,1750408220.0,0.404308408498764,1750264229
-0.9166272282600404,1750408221.0,-0.4289412498474121,1750264229
-0.3172721564769745,1750408224.0,0.436884194612503,1750264229
-1.7827528715133667,1750408228.0,-0.1932469606399536,1750264229
1.0765520334243774,1750408229.0,-0.7377928495407104,1750264230
-0.4840456247329712,1750408233.0,-0.131197988986969,1750264231
1.118193745613098,1750408234.0,-0.8863450288772583,1750264231
0.2862679660320282,1750408234.0,0.4854791760444641,1750264231
0.4490080177783966,1750408235.0,0.2791609764099121,1750264233
1.7622698545455933,1750408236.0,-0.532930850982666,1750264233
-0.1479454636573791,1750408237.0,-0.6215894222259521,1750264233
-0.0346520692110061,1750408237.0,0.141172856092453,1750264233
0.2644099593162536,1750408239.0,-0.4503702819347381,1750264233
0.4541634321212768,1750408244.0,0.0543741397559642,1750264233
-1.1779556274414062,1750408244.0,-0.0843167901039123,1750264233
0.7255432605743408,1750408245.0,1.1084541082382202,1750264234
-0.2688953280448913,1750408247.0,-0.7270333170890808,1750264234
-0.4533666968345642,1750408247.0,-0.0887843891978263,1750264234
0.2387048900127411,1750408248.0,-0.6007839441299438,1750264234
-0.6239786744117737,1750408250.0,0.2228968143463134,1750264234
0.647292971611023,1750408250.0,-0.6349146962165833,1750264234
-0.4262496531009674,1750408250.0,-0.0966769084334373,1750264235
0.6619009375572205,1750408250.0,1.3921490907669067,1750264235
-0.6673540472984314,1750408251.0,0.6629655957221985,1750264235
-0.577772855758667,1750408253.0,0.7163475155830383,1750264236
-0.4518706202507019,1750408254.0,-0.0780455991625785,1750264237
-0.5312076210975647,1750408255.0,0.6642895340919495,1750264238
0.190350592136383,1750408255.0,1.5446760654449463,1750264238
-0.7677149176597595,1750408257.0,-0.4355582892894745,1750264240
-0.7266009449958801,1750408257.0,0.1561989039182663,1750264240
0.8000723719596863,1750408257.0,0.1695178002119064,1750264240
-0.4531730413436889,1750408257.0,0.0365331768989563,1750264240
-1.0685539245605469,1750408258.0,0.4604659080505371,1750264241
-0.675290584564209,1750408259.0,0.6376855969429016,1750264241
0.6184850335121155,1750408260.0,-0.1782471388578415,1750264242
0.618217945098877,1750408261.0,0.6852728724479675,1750264242
-0.774767279624939,1750408261.0,-0.2572171986103058,1750264242
1.052223801612854,1750408265.0,0.451794683933258,1750264242
0.0105646736919879,1750408265.0,0.8737727999687195,1750264243
0.4599866569042206,1750408266.0,-0.4730300903320312,1750264243
0.4448880553245544,1750408267.0,-0.1393244862556457,1750264244
-0.6622674465179443,1750408268.0,0.3909012973308563,1750264244
0.7448702454566956,1750408269.0,0.6090098023414612,1750264244
-1.3252865076065063,1750408269.0,-0.1117701604962349,1750264245
29.31331443786621,1750408270.0,0.4703654944896698,1750264245
-0.4995806217193603,1750408270.0,-0.3960840404033661,1750264246
0.1652078181505203,1750408270.0,0.0689741969108581,1750264246
1.224292874336243,1750408271.0,1.178267240524292,1750264246
-0.5056504607200623,1750408271.0,-1.887451171875,1750264246
-0.4121296107769012,1750408272.0,0.1708399653434753,1750264246
-0.4418731331825256,1750408276.0,1.5892406702041626,1750264247
-0.6567170023918152,1750408277.0,0.0080640539526939,1750264247
0.6418269872665405,1750408278.0,-0.357633113861084,1750264247
-0.5727277994155884,1750408278.0,0.4463784098625183,1750264248
1.4863712787628174,1750408279.0,-0.462918221950531,1750264248
-0.7222709655761719,1750408279.0,-0.4281531572341919,1750264248
-0.4506197869777679,1750408280.0,1.6255980730056765,1750264249
0.0896081700921058,1750408280.0,0.0231964029371738,1750264250
1.9017542600631716,1750408280.0,0.0143375191837549,1750264251
-0.4762310981750488,1750408282.0,0.2448859810829162,1750264253
0.6862960457801819,1750408282.0,-0.061228197067976,1750264254
0.6933831572532654,1750408283.0,-0.2038244009017944,1750264255
0.712969183921814,1750408285.0,-0.6835622191429138,1750264255
0.4513053297996521,1750408287.0,0.6669059991836548,1750264255
0.4039946794509887,1750408287.0,-1.1204006671905518,1750264255
-1.9672176837921145,1750408289.0,0.6910824775695801,1750264255
-0.1130541712045669,1750408290.0,-0.330029159784317,1750264256
0.960089921951294,1750408290.0,-0.3826818168163299,1750264257
-1.0359759330749512,1750408291.0,-0.6109487414360046,1750264258
0.5659573078155518,1750408291.0,1.5661377906799316,1750264258
0.1296927481889724,1750408294.0,0.478508859872818,1750264258
0.2385350167751312,1750408301.0,-0.0668060109019279,1750264258
-0.5066484808921814,1750408301.0,-0.0084932781755924,1750264259
1.290960431098938,1750408301.0,0.1354448199272155,1750264259
-0.5924553275108337,1750408303.0,0.1455775648355484,1750264259
-1.39824378490448,1750408304.0,-0.0054820012301206,1750264260
-0.370499700307846,1750408305.0,-0.4744113981723785,1750264260
0.4480356574058532,1750408307.0,0.4598124921321869,1750264262
0.6178376078605652,1750408307.0,-0.6259371638298035,1750264262
-0.7042233943939209,1750408309.0,0.7253814339637756,1750264262
-0.6834699511528015,1750408313.0,-0.7652729749679565,1750264264
-0.4392555952072143,1750408313.0,0.7549536228179932,1750264265
-0.4674572348594665,1750408315.0,0.4604231417179107,1750264266
-0.7922542691230774,1750408315.0,0.1241642385721206,1750264266
-0.4628700911998749,1750408315.0,0.5234010815620422,1750264266
-0.2270621955394745,1750408316.0,0.8932008147239685,1750264266
0.3286604583263397,1750408317.0,-0.0898562744259834,1750264266
-0.3621100485324859,1750408318.0,0.2732529640197754,1750264267
0.4747544527053833,1750408318.0,-0.448559045791626,1750264267
-0.0616061426699161,1750408320.0,0.8949965834617615,1750264268
0.5738853216171265,1750408320.0,0.3813980519771576,1750264268
0.4744671881198883,1750408321.0,-0.4357552826404571,1750264269
0.987074851989746,1750408323.0,-0.6447814106941223,1750264269
0.6729506254196167,1750408325.0,-0.1045346111059188,1750264269
0.5522887706756592,1750408327.0,-0.0200595613569021,1750264270
1.6283619403839111,1750408330.0,0.4267682731151581,1750264270
0.6847697496414185,1750408332.0,0.4262866377830505,1750264270
1.4781988859176636,1750408332.0,0.5100518465042114,1750264271
1.8419651985168457,1750408333.0,0.470959335565567,1750264271
-0.6591612696647644,1750408335.0,-0.4323976337909698,1750264272
-0.7235378623008728,1750408336.0,0.1184318214654922,1750264272
-2.3494319915771484,1750408336.0,0.1739905327558517,1750264273
0.9999434351921082,1750408338.0,0.3948419094085693,1750264274
1.0105195045471191,1750408340.0,1.1503527164459229,1750264274
-0.787162721157074,1750408346.0,0.4859628081321716,1750264275
0.6933513283729553,1750408346.0,-1.0978676080703735,1750264275
-0.6906245350837708,1750408347.0,0.2553136646747589,1750264275
-0.5075562596321106,1750408347.0,0.4175419807434082,1750264276
-0.8756443858146667,1750408347.0,1.1311960220336914,1750264276
0.8378681540489197,1750408353.0,-0.2806254923343658,1750264276
-0.7807767391204834,1750408354.0,-0.4005750715732574,1750264276
-0.7150332927703857,1750408356.0,-0.6948611736297607,1750264277
-0.5713540315628052,1750408359.0,-0.0916945114731788,1750264277
0.2666738033294678,1750408360.0,-0.5315788388252258,1750264278
0.4868383407592773,1750408360.0,0.4379302263259887,1750264278
0.6820908784866333,1750408361.0,-1.0762192010879517,1750264278
1.5936073064804075,1750408361.0,-1.167723298072815,1750264278
0.3977320790290832,1750408363.0,0.4649554193019867,1750264278
-1.1546036005020142,1750408363.0,-0.0288530383259058,1750264279
0.9257627725601196,1750408363.0,0.5840585231781006,1750264279
2.0182385444641118,1750408364.0,0.675075352191925,1750264279
-0.5754205584526062,1750408365.0,0.3567519783973694,1750264280
-0.985024392604828,1750408365.0,0.3787596821784973,1750264280
-0.7483775019645691,1750408368.0,0.1216623485088348,1750264281
-1.1644686460494995,1750408369.0,-0.2292031496763229,1750264281
0.8089479804039001,1750408369.0,0.4924925863742828,1750264281
0.7874249219894409,1750408371.0,0.0053325039334595,1750264281
-0.4993224740028381,1750408371.0,-0.5039894580841064,1750264281
-0.1071136221289634,1750408372.0,0.4241656363010406,1750264282
0.1129934415221214,1750408375.0,0.6828442811965942,1750264283
0.4085867404937744,1750408375.0,0.678128182888031,1750264283
0.4673851132392883,1750408376.0,-0.7371123433113098,1750264283
-0.7201204895973206,1750408377.0,-0.0742605552077293,1750264284
-0.6728636622428894,1750408378.0,-0.746491014957428,1750264284
0.8890773057937622,1750408378.0,-0.1180473193526268,1750264284
-0.4522512257099151,1750408380.0,-1.092158555984497,1750264285
-0.1755897849798202,1750408380.0,0.143327534198761,1750264285
0.4081894159317016,1750408380.0,-0.4571470618247986,1750264285
-0.1621532589197158,1750408382.0,0.464481383562088,1750264285
-0.47030970454216,1750408383.0,0.5582199692726135,1750264286
-0.6866682767868042,1750408383.0,-0.7361022233963013,1750264286
-1.0070019960403442,1750408385.0,0.5329513549804688,1750264287
0.4540989100933075,1750408386.0,0.2990240752696991,1750264287
-0.241478681564331,1750408386.0,0.1302982866764068,1750264288
0.6054986119270325,1750408387.0,-0.738547682762146,1750264288
0.4528530836105346,1750408388.0,1.9740951756830327e-05,1750264288
-1.5076245069503784,1750408389.0,-0.6268956661224365,1750264288
-0.4672050178050995,1750408393.0,0.4214479923248291,1750264288
0.4467842578887939,1750408397.0,-0.4459775388240814,1750264289
-0.7238759994506836,1750408399.0,-0.7124262452125549,1750264289
0.5087804794311523,1750408400.0,-1.2563272714614868,1750264290
-0.6640995144844055,1750408400.0,-0.2397942990064621,1750264290
-0.9097183346748352,1750408402.0,-0.4441305696964264,1750264291
0.6179338097572327,1750408403.0,0.6766893267631531,1750264291
0.2790426909923553,1750408403.0,0.6961119771003723,1750264291
-0.6810005307197571,1750408407.0,0.340566486120224,1750264291
-0.6357213854789734,1750408407.0,-0.6851909756660461,1750264292
-0.4558573365211487,1750408412.0,0.4689668715000152,1750264292
-0.5527109503746033,1750408412.0,-0.7197094559669495,1750264294
0.8171129822731018,1750408416.0,-0.106413297355175,1750264294
1.1140424013137815,1750408418.0,-0.7440714836120605,1750264296
0.577235996723175,1750408419.0,0.7273208498954773,1750264296
-0.3673524260520935,1750408420.0,-0.4010637700557709,1750264296
-0.8155458569526672,1750408421.0,1.136158108711243,1750264297
0.0121057759970426,1750408421.0,-0.1678088158369064,1750264300
4.498553276062012,1750408421.0,0.0028755022212862,1750264300
-0.4143718481063843,1750408421.0,-1.029256820678711,1750264300
-0.6604622602462769,1750408422.0,-0.2850666642189026,1750264301
-0.0406823977828025,1750408423.0,0.2048401981592178,1750264301
-0.7124975919723511,1750408424.0,0.67945396900177,1750264301
-0.0468849800527095,1750408426.0,-0.4648341536521911,1750264301
-0.6622160077095032,1750408426.0,0.5072219967842102,1750264302
-0.7186653017997742,1750408427.0,-0.0425634607672691,1750264303
-0.3359343111515045,1750408427.0,-1.6062573194503784,1750264303
-0.3330979943275451,1750408428.0,-0.7812342643737793,1750264304
-1.761521339416504,1750408428.0,-0.4375133216381073,1750264304
-1.269278049468994,1750408430.0,-0.1000955030322074,1750264305
0.4551216065883636,1750408439.0,0.3205576539039612,1750264305
0.7518047094345093,1750408439.0,0.4955328404903412,1750264305
0.5943012237548828,1750408439.0,1.207369685173035,1750264306
0.1271497309207916,1750408442.0,0.7088152766227722,1750264307
0.2689180076122284,1750408442.0,0.7210668325424194,1750264307
0.7124350666999817,1750408443.0,-0.6891408562660217,1750264308
-0.7485071420669556,1750408444.0,0.303136944770813,1750264309
-0.4304289817810058,1750408445.0,0.6918739080429077,1750264309
0.6108457446098328,1750408445.0,0.6717629432678223,1750264309
-0.8198735117912292,1750408445.0,-0.9223062992095948,1750264310
-1.3721421957015991,1750408446.0,-0.249928742647171,1750264310
-1.0057016611099243,1750408447.0,0.7425333857536316,1750264310
-0.8734482526779175,1750423454.0,-0.4569524824619293,1750264310
0.4174850881099701,1750423455.0,-0.3572202026844024,1750264311
0.3545489609241485,1750423457.0,-0.6171347498893738,1750264312
1.2362852096557615,1750423458.0,-0.6970338821411133,1750264312
0.7499106526374817,1750423463.0,-0.2638581991195678,1750264313
1.1396983861923218,1750423467.0,0.6912007927894592,1750264314
-1.376780986785889,1750423467.0,-0.7792252898216248,1750264314
-0.4324025213718414,1750423469.0,0.5430178642272949,1750264315
-0.8549441695213318,1750423469.0,0.2497283071279525,1750264316
-1.089798092842102,1750423472.0,0.4720616042613983,1750264316
-0.0385062098503112,1750423472.0,0.4146742522716522,1750264316
0.3329259753227234,1750423476.0,0.038888931274414,1750264316
0.7096350789070129,1750423477.0,-0.4645046293735504,1750264317
0.7051762938499451,1750423480.0,0.6791524887084961,1750264317
0.127080351114273,1750423480.0,-0.7499158978462219,1750264317
-0.2532203793525696,1750423482.0,0.1727307140827179,1750264318
0.0594954825937747,1750423484.0,0.7872955203056335,1750264319
-0.6280466318130493,1750423485.0,0.1144267916679382,1750264320
0.6709479689598083,1750423486.0,0.191769391298294,1750264320
0.7061271667480469,1750423488.0,-0.6057854294776917,1750264320
-0.921016275882721,1750423489.0,0.4488894939422607,1750264320
-0.2445804476737976,1750423489.0,0.7031094431877136,1750264320
0.0663952156901359,1750423490.0,-0.0176274497061967,1750264321
0.5775524973869324,1750423492.0,-0.0105088530108332,1750264321
0.3761652708053589,1750423492.0,-0.4791737794876098,1750264322
-1.1369867324829102,1750423492.0,0.8314395546913147,1750264322
0.2310052663087844,1750423493.0,-0.0597587265074253,1750264322
-0.4245032966136932,1750423493.0,-1.289387345314026,1750264322
-0.6570994257926941,1750423495.0,-0.6726126670837402,1750264323
0.4765422344207763,1750423495.0,0.6924221515655518,1750264323
-0.1134324520826339,1750423495.0,-0.1448848843574524,1750264324
0.1470310240983963,1750423495.0,-0.6914201974868774,1750264324
-0.7192568182945251,1750423496.0,0.7465100288391113,1750264325
0.2081076651811599,1750423498.0,0.6950160264968872,1750264325
0.4419901967048645,1750423500.0,-0.0486883036792278,1750264326
1.0228774547576904,1750423500.0,-0.0580024681985378,1750264326
0.7114633321762085,1750423502.0,-0.0675656199455261,1750264327
1.1534316539764404,1750423503.0,-0.0430353283882141,1750264327
0.6050964593887329,1750423504.0,0.608555793762207,1750264328
1.327775955200195,1750423505.0,-0.1757086217403412,1750264328
3.798999309539795,1750423505.0,1.053970217704773,1750264329
-1.1572628021240234,1750423507.0,-0.7940146923065186,1750264329
1.057924747467041,1750423508.0,0.6565998792648315,1750264332
-0.1331718415021896,1750423509.0,-0.0090882759541273,1750264332
0.6880171298980713,1750423510.0,0.6555879712104797,1750264332
-0.7910125851631165,1750423510.0,-0.8151571750640869,1750264332
-0.5959539413452148,1750423510.0,-0.5764715075492859,1750264332
-0.0123046413064002,1750423511.0,0.4293583035469055,1750264333
-0.3795082867145538,1750423513.0,0.0271084494888782,1750264334
0.2340207695960998,1750423513.0,0.4436678290367126,1750264334
-0.6578274369239807,1750423514.0,-0.4688337743282318,1750264334
-0.4564525187015533,1750423515.0,-0.6179242134094238,1750264336
0.1627394706010818,1750423515.0,-0.5795400738716125,1750264336
0.9289292097091676,1750423517.0,-0.3711608052253723,1750264336
0.6626256704330444,1750423517.0,-0.2159508913755417,1750264336
0.258197009563446,1750423520.0,-0.4449819326400757,1750264336
-0.590201735496521,1750423520.0,1.075264573097229,1750264337
0.0015246191760525,1750423522.0,-0.4634338319301605,1750264338
-0.507400631904602,1750423522.0,1.3020298480987549,1750264338
-0.4645888805389404,1750423523.0,-0.7473766803741455,1750264339
0.8009892106056213,1750423524.0,-0.4450069963932037,1750264339
-0.568321704864502,1750423525.0,0.3786027431488037,1750264340
0.4061201810836792,1750423529.0,0.4613225162029266,1750264340
0.7588495016098022,1750423530.0,1.5927350521087646,1750264340
1.1649584770202637,1750423532.0,0.6073094606399536,1750264341
-0.1268688291311264,1750423536.0,0.7705734372138977,1750264341
0.7891626954078674,1750423537.0,0.0605922266840934,1750264341
1.1582670211791992,1750423538.0,0.4614883065223694,1750264341
1.114147424697876,1750423538.0,0.9250741004943848,1750264342
-0.745755672454834,1750423538.0,0.4655068516731262,1750264342
4.477778434753418,1750423538.0,0.690744161605835,1750264343
-0.134460836648941,1750423540.0,-0.7197892069816589,1750264343
-0.5282779932022095,1750423541.0,-0.4328722655773163,1750264343
-0.495596170425415,1750423541.0,0.1652639210224151,1750264346
0.4402437210083008,1750423542.0,-0.8525037169456482,1750264348
-0.7281114459037781,1750423543.0,0.8132653832435608,1750264348
-0.7054515480995178,1750423544.0,-0.4283578097820282,1750264348
-0.4376530349254608,1750423544.0,-0.0949015766382217,1750264349
-0.4665364325046539,1750423546.0,-0.4527170062065124,1750264350
-0.715146541595459,1750423548.0,0.1788743287324905,1750264350
-1.1069272756576538,1750423548.0,-1.497717022895813,1750264350
-0.129425972700119,1750423549.0,0.4174257516860962,1750264350
-0.5266861915588379,1750423550.0,0.2911403775215149,1750264351
0.4630456566810608,1750423551.0,-1.0352107286453247,1750264351
0.5019047856330872,1750423551.0,0.3484363853931427,1750264352
-0.7611606121063232,1750423554.0,-0.6116307377815247,1750264352
0.4779449701309204,1750423555.0,0.0660010948777198,1750264352
0.2413952946662902,1750423556.0,-0.23089599609375,1750264352
-2.4062693119049072,1750423557.0,-1.0202703475952148,1750264353
-0.3888975977897644,1750423557.0,0.4322060048580169,1750264353
0.0320336706936359,1750423559.0,0.615464985370636,1750264353
1.858270287513733,1750423560.0,-0.0896937400102615,1750264354
0.1502951085567474,1750423563.0,-1.058889865875244,1750264354
1.3886719942092896,1750423564.0,-0.7051308751106262,1750264354
-1.0559263229370115,1750423565.0,-0.167236790060997,1750264355
-1.634790539741516,1750423568.0,-0.3115347325801849,1750264355
-0.4375969469547272,1750423569.0,0.1213833019137382,1750264355
-0.1146543622016906,1750423572.0,-0.0187681578099727,1750264355
0.3726145923137665,1750423572.0,-0.2201875299215316,1750264356
-0.5764563083648682,1750423573.0,-0.4147195518016815,1750264356
-0.0547651052474975,1750423573.0,0.4717961847782135,1750264357
-0.0583353377878665,1750423574.0,0.4229250848293304,1750264357
0.6676685214042664,1750423575.0,-0.452492356300354,1750264357
-1.124262452125549,1750423575.0,-0.6715946197509766,1750264357
0.7745121717453003,1750423577.0,-0.1099734827876091,1750264357
-0.4697813391685486,1750423577.0,-0.8227944374084473,1750264358
0.0921153575181961,1750423578.0,-1.1105241775512695,1750264358
-0.7151052355766296,1750423578.0,-0.4701306223869324,1750264359
-0.1026471108198165,1750423581.0,0.4794821143150329,1750264360
-0.8207216262817383,1750423581.0,0.4816005825996399,1750264360
1.1527247428894043,1750423582.0,0.3917575776576996,1750264360
-0.7231438159942627,1750423585.0,-0.432982861995697,1750264360
-0.1595900654792785,1750423585.0,0.7874781489372253,1750264360
-0.4778096675872803,1750423588.0,0.1545456200838089,1750264360
-1.010488748550415,1750423588.0,0.6857843995094299,1750264361
0.4010753929615021,1750423588.0,0.4463045299053192,1750264361
-0.074994184076786,1750423590.0,0.4659278690814972,1750264361
0.3119177520275116,1750423590.0,-1.1628655195236206,1750264361
0.554207444190979,1750423596.0,0.7889668941497803,1750264362
1.113115906715393,1750423596.0,-0.6862124800682068,1750264363
0.856371283531189,1750423597.0,0.4478930532932281,1750264363
-0.2274854630231857,1750423599.0,0.6479538083076477,1750264363
-0.703133761882782,1750423599.0,-0.7364277243614197,1750264363
-0.4331372678279876,1750423600.0,0.4836631715297699,1750264364
-0.3792099058628082,1750423600.0,0.0551603585481643,1750264364
-0.3244455754756927,1750423602.0,1.0728232860565186,1750264366
0.4487023055553436,1750423603.0,-0.6628475785255432,1750264366
-0.4228377938270569,1750423606.0,0.710823118686676,1750264366
0.3945457339286804,1750423607.0,0.5513708591461182,1750264366
-1.694562911987305,1750423607.0,0.2448419779539108,1750264367
-0.4273677170276642,1750423608.0,0.2752602994441986,1750264367
-0.6768943667411804,1750423609.0,-0.0396226048469543,1750264367
0.6370108723640442,1750423609.0,0.4543271660804748,1750264367
0.1082983240485191,1750423609.0,-1.279638409614563,1750264367
0.4481964409351349,1750423611.0,0.4767180979251861,1750264367
0.4183999001979828,1750423611.0,-0.7165960669517517,1750264368
0.3491514027118683,1750423612.0,-0.0925098285079002,1750264369
-0.800513744354248,1750423612.0,0.6649539470672607,1750264369
-1.2791011333465576,1750423612.0,-0.0984331741929054,1750264369
-0.6063345074653625,1750423613.0,1.2702586650848389,1750264370
-0.1563575863838195,1750423615.0,-0.4156356751918793,1750264370
-0.5653820037841797,1750423615.0,0.0014115134254097,1750264370
-1.3460595607757568,1750423615.0,0.7372934222221375,1750264370
0.4948102831840515,1750423616.0,-0.3913811445236206,1750264371
0.9774003624916076,1750423617.0,0.4178845882415771,1750264371
-0.9050511717796326,1750423617.0,0.0197998639196157,1750264372
-0.7619916200637817,1750423617.0,-0.1159404814243316,1750264372
0.530616819858551,1750423618.0,-0.3652688264846802,1750264372
0.0133791742846369,1750423618.0,-1.1101386547088623,1750264373
0.0875622779130935,1750423618.0,-0.1627257168292999,1750264373
0.3919958770275116,1750423619.0,-0.0805358216166496,1750264373
0.4728014767169952,1750423619.0,-1.8201842308044436,1750264373
0.98557710647583,1750423620.0,-0.4700706303119659,1750264373
1.4202052354812622,1750423620.0,0.7171003222465515,1750264374
-0.7630004286766052,1750423623.0,-0.3275185823440552,1750264374
-0.6242460012435913,1750423628.0,0.1637861132621765,1750264375
0.4743034839630127,1750423629.0,0.106878787279129,1750264375
0.0538900978863239,1750423630.0,-0.0614966973662376,1750264375
0.7064167857170105,1750423630.0,0.4526101052761078,1750264375
-0.5737147927284241,1750423631.0,0.8027986884117126,1750264375
-0.0940680056810379,1750423633.0,-0.0170331727713346,1750264376
-1.290878176689148,1750423634.0,0.7280485033988953,1750264376
-2.740187644958496,1750423634.0,-0.7934842109680176,1750264376
1.5688700675964355,1750423635.0,-1.1290310621261597,1750264376
0.2293604165315628,1750423636.0,0.0869586244225502,1750264377
-0.6442201733589172,1750423636.0,0.3459734618663788,1750264377
-0.4556101858615875,1750423637.0,0.5618473291397095,1750264379
-0.1371805667877197,1750423638.0,0.5691435933113098,1750264379
0.1913216710090637,1750423640.0,-0.6934539079666138,1750264379
-0.7512460947036743,1750423641.0,-0.4583957195281982,1750264379
-0.191288024187088,1750423641.0,-0.6025183200836182,1750264380
1.5762156248092651,1750423641.0,-0.7258436679840088,1750264380
-0.4930088222026825,1750423642.0,-0.4946746528148651,1750264381
-0.7421193718910217,1750423644.0,0.0556176528334617,1750264381
-1.4156279563903809,1750423644.0,-0.4324811398983001,1750264381
0.0104996263980865,1750423646.0,0.1987976133823394,1750264381
0.2518643736839294,1750423648.0,-0.6632386445999146,1750264382
0.4173569977283478,1750423649.0,0.0528414137661457,1750264382
-0.43704554438591,1750423649.0,-0.7876265645027161,1750264383
0.4804047644138336,1750423650.0,1.8734498023986816,1750264383
1.08426833152771,1750423650.0,0.9643694758415222,1750264383
-0.4908769130706787,1750423651.0,-0.1087013408541679,1750264384
-0.455771803855896,1750423652.0,-0.4688083827495575,1750264384
-0.6532430648803711,1750423653.0,0.0043245987035334,1750264385
0.555372953414917,1750423654.0,-0.7485196590423584,1750264385
1.2042534351348877,1750423655.0,1.2296185493469238,1750264385
-0.133852019906044,1750423656.0,-0.7785866260528564,1750264385
0.6848366260528564,1750423656.0,0.5109279751777649,1750264386
-0.0983381494879722,1750423656.0,-0.0281948018819093,1750264387
-0.5022317171096802,1750423659.0,0.4522798359394073,1750264387
-0.6552485227584839,1750423660.0,0.0710866898298263,1750264387
-0.3070663213729858,1750423661.0,-0.3548141121864319,1750264387
0.7253665924072266,1750423664.0,1.2905328273773191,1750264388
-1.328250527381897,1750423664.0,0.2917236387729645,1750264388
-0.4606767892837524,1750423665.0,-0.0028550033457577,1750264388
-2.0237038135528564,1750423666.0,0.7069171667098999,1750264388
-0.0729271695017814,1750423667.0,0.0076948534697294,1750264389
-0.6848374605178833,1750423668.0,0.4443065822124481,1750264390
-0.3851999640464782,1750423668.0,0.2104973644018173,1750264391
-0.7392653822898865,1750423668.0,0.4893543720245361,1750264392
0.2124815583229065,1750423668.0,-0.9471026062965392,1750264392
-0.3912859559059143,1750423669.0,0.4572433829307556,1750264393
-0.489644318819046,1750423670.0,-1.464031219482422,1750264393
0.5033496022224426,1750423670.0,-0.0976518541574478,1750264393
0.2404574453830719,1750423673.0,-0.2301138937473297,1750264393
-1.620733618736267,1750423676.0,0.1432538032531738,1750264394
-0.0002056977828033,1750423676.0,-0.4553454220294952,1750264395
-0.6879671812057495,1750423678.0,-0.9340363144874572,1750264395
-0.5817656517028809,1750423678.0,-0.2174437046051025,1750264395
0.7171269059181213,1750423678.0,1.8264741897583008,1750264395
-0.3687090873718261,1750423679.0,0.435325026512146,1750264395
-1.2697008848190308,1750423679.0,-0.0072471960447728,1750264395
-0.677452564239502,1750423681.0,-0.0038913041353225,1750264395
-0.058582242578268,1750423682.0,-1.9303383827209477,1750264397
0.0220964793115854,1750423683.0,0.6577578783035278,1750264397
0.1006788313388824,1750423684.0,0.1616631597280502,1750264397
-0.0958425849676132,1750423686.0,-0.020413028076291,1750264399
0.4966131150722503,1750423687.0,-0.4528432190418243,1750264400
0.0556347966194152,1750423689.0,0.9718724489212036,1750264401
0.4198872745037079,1750423690.0,0.0259478408843278,1750264401
3.3484561443328857,1750423691.0,0.0359163917601108,1750264401
1.0151796340942385,1750423692.0,0.5791701674461365,1750264401
0.4372484087944031,1750423693.0,-1.0613301992416382,1750264401
-0.7398237586021423,1750423694.0,0.43024942278862,1750264401
0.5583211183547974,1750423696.0,-1.2238222360610962,1750264402
0.1896330863237381,1750423697.0,-0.4612885415554046,1750264403
-0.5102052688598633,1750423699.0,-1.106848120689392,1750264403
-0.414233535528183,1750423699.0,0.0058905179612338,1750264404
-0.7259767055511475,1750423700.0,-0.0432922467589378,1750264404
-0.9453666806221008,1750423703.0,-0.1177116706967353,1750264406
-0.4499383568763733,1750423703.0,-0.158089593052864,1750264407
-1.11355721950531,1750423705.0,1.0285431146621704,1750264407
-0.3783941864967346,1750423706.0,1.248795986175537,1750264408
-1.1581412553787231,1750423707.0,0.5369555354118347,1750264408
-179.638671875,1750423708.0,-0.6819936037063599,1750264409
-1.0523792505264282,1750423710.0,-1.382176399230957,1750264409
0.4733614325523376,1750423711.0,-0.4111721813678741,1750264410
-0.7128723859786987,1750423712.0,-0.4602594375610351,1750264410
-0.0511864647269248,1750423712.0,0.4315153360366821,1750264410
0.4477175176143646,1750423713.0,0.5891284942626953,1750264411
1.6127172708511353,1750423715.0,0.2764174938201904,1750264412
-0.0028586727567017,1750423716.0,-0.135096862912178,1750264412
-0.0731474310159683,1750423718.0,-0.4408299922943115,1750264412
0.0048597520217299,1750423720.0,0.1970430612564087,1750264412
0.6800394058227539,1750423720.0,0.9480143785476683,1750264413
-1.6456198692321775,1750423720.0,0.4771079123020172,1750264413
-0.0892575606703758,1750423724.0,-0.3146834671497345,1750264414
3.173975944519043,1750423726.0,1.5996686220169067,1750264414
0.6452341675758362,1750423727.0,1.0891876220703125,1750264415
0.7414600253105164,1750423727.0,0.9500821232795716,1750264415
-0.1208723112940788,1750423727.0,-0.4966561794281006,1750264416
0.5649328231811523,1750423729.0,-0.5347841382026672,1750264417
-0.3906459510326385,1750423730.0,-0.3898545503616333,1750264417
-0.0382864959537982,1750423731.0,0.4481741189956665,1750264417
0.3934134840965271,1750423732.0,-0.2932589948177337,1750264417
-0.4607659876346588,1750423733.0,-0.7358577251434326,1750264418
1.337541103363037,1750423734.0,0.0251450464129447,1750264418
-0.7624930739402771,1750423734.0,-0.1049154549837112,1750264419
-0.7361254096031189,1750423737.0,-0.4359230697154999,1750264420
-0.2286701798439026,1750423737.0,1.8488038778305051,1750264420
0.009623497724533,1750423737.0,0.2362487912178039,1750264420
0.3790343105792999,1750423737.0,0.1161430105566978,1750264420
0.3824857473373413,1750423737.0,-0.4653880000114441,1750264421
0.0328921750187873,1750423738.0,-0.5974541306495667,1750264421
-0.6977085471153259,1750423739.0,0.0207919348031282,1750264421
1.1610803604125977,1750423739.0,0.6499262452125549,1750264421
0.4144203662872314,1750423742.0,-0.3981449007987976,1750264423
0.7326706647872925,1750423743.0,-0.4421744346618652,1750264423
-0.2668066918849945,1750423744.0,0.4021227359771728,1750264423
0.3868211209774017,1750423744.0,-0.1391865760087967,1750264425
1.0129247903823853,1750423746.0,-1.607507586479187,1750264425
-0.3186128139495849,1750423749.0,-0.6759226322174072,1750264426
0.6737725734710693,1750423753.0,0.5981283783912659,1750264426
0.0632627308368682,1750423754.0,0.4450900554656982,1750264426
-0.4010259509086609,1750423754.0,-0.462907612323761,1750264428
1.0077977180480957,1750423754.0,0.1504773050546646,1750264429
-0.2943867444992065,1750423759.0,-0.7353556156158447,1750264429
0.4421680569648742,1750423759.0,0.8951175808906555,1750264430
-0.2196603268384933,1750423760.0,0.4278048872947693,1750264430
-0.652064859867096,1750423762.0,0.4167103171348572,1750264430
-0.4449920654296875,1750423763.0,0.5714815258979797,1750264430
0.4101593494415283,1750423763.0,0.5302574038505554,1750264431
-0.4567056894302368,1750423764.0,-1.043386697769165,1750264431
1.6105340719223022,1750423764.0,0.0717756003141403,1750264431
-1.3009861707687378,1750423768.0,0.6225630640983582,1750264432
2.1530184745788574,1750423768.0,0.1470084488391876,1750264432
0.0068262168206274,1750423769.0,0.4663192927837372,1750264432
0.6925352215766907,1750423771.0,-0.766366720199585,1750264433
-0.5135446786880493,1750423772.0,0.5794536471366882,1750264433
-0.4527925550937652,1750423772.0,-0.1633272469043731,1750264433
0.219868928194046,1750423773.0,-0.0130803249776363,1750264434
4.624462604522705,1750423775.0,1.053318738937378,1750264434
1.457350254058838,1750423777.0,-1.3385995626449585,1750264434
0.7075744867324829,1750423777.0,0.4720895290374756,1750264434
0.1480934023857116,1750423778.0,-0.0381709411740303,1750264434
-0.2575694918632507,1750423779.0,-0.21443472802639,1750264435
0.4266687929630279,1750423781.0,0.457180768251419,1750264436
0.0999569669365882,1750423786.0,0.3192862570285797,1750264437
-0.7238861918449402,1750423786.0,-0.385141521692276,1750264439
-0.7146620750427246,1750423787.0,0.3934525549411773,1750264439
-1.0678117275238037,1750423787.0,-0.3886331021785736,1750264439
-0.4704905748367309,1750423788.0,0.5916128158569336,1750264439
-0.4710360169410705,1750423789.0,-1.0107057094573977,1750264440
-0.4409746825695038,1750423790.0,0.4318685829639435,1750264440
-0.5939943790435791,1750423790.0,-0.4073592722415924,1750264441
-0.7149812579154968,1750423791.0,0.4426717460155487,1750264441
0.9842321276664734,1750423792.0,0.0683517903089523,1750264441
0.0610820837318897,1750423793.0,-0.5389418005943298,1750264441
-1.271421194076538,1750423797.0,0.466856449842453,1750264442
0.6792103052139282,1750423797.0,-0.4119815826416015,1750264442
0.4312497675418854,1750423798.0,1.053194880485535,1750264442
-1.1263636350631714,1750423798.0,0.383255660533905,1750264443
0.0615894272923469,1750423799.0,-0.3878727555274963,1750264444
0.4578739702701568,1750423801.0,0.7263849973678589,1750264444
-0.4368908703327179,1750423803.0,0.1406016796827316,1750264445
0.9654787182807922,1750423805.0,-0.4189631938934326,1750264445
0.6120139360427856,1750423806.0,-0.2346358299255371,1750264445
1.3392990827560425,1750423807.0,0.7098582983016968,1750264446
-1.6342915296554563,1750423809.0,-0.6795711517333984,1750264446
0.4541512727737427,1750423809.0,0.0011369993444532,1750264446
-1.0053434371948242,1750423811.0,0.6192319393157959,1750264446
0.6394156813621521,1750423812.0,-0.0945066809654235,1750264446
-0.9000124931335449,1750423815.0,-1.057708501815796,1750264446
-0.7580913305282593,1750423818.0,0.0246538184583187,1750264447
-0.1627923995256424,1750423818.0,-0.0015007316833361,1750264448
1.0176143646240234,1750423819.0,0.4339114129543304,1750264448
-0.5724934935569763,1750423820.0,-0.1700538694858551,1750264448
0.5630302429199219,1750423824.0,1.0624459981918335,1750264448
-0.1040761843323707,1750423825.0,0.0024324678815901,1750264449
0.4587283432483673,1750423828.0,-0.4333272874355316,1750264449
0.2599460780620575,1750423828.0,0.2700834572315216,1750264449
0.7846845984458923,1750423830.0,-0.4192960858345032,1750264450
-0.0629745423793792,1750423831.0,-0.4726612567901611,1750264450
0.457277238368988,1750423831.0,0.6477906703948975,1750264451
0.4553852379322052,1750423831.0,0.4628584682941437,1750264451
0.1996484100818634,1750423833.0,0.7358942031860352,1750264452
-0.4113965630531311,1750423833.0,1.5041747093200684,1750264452
-0.7543068528175354,1750423835.0,-0.1410453170537948,1750264452
1.7582693099975586,1750423836.0,0.1088962033390998,1750264454
-0.4362534582614898,1750423836.0,1.0661985874176023,1750264455
-0.3853076100349426,1750437635.0,-0.4662731885910034,1750264455
-0.5785822868347168,1750437636.0,0.263563722372055,1750264455
-0.4382477700710296,1750437637.0,-0.4440885186195373,1750264456
-0.6699457168579102,1750437637.0,-0.6570934653282166,1750264456
0.6094391345977783,1750437638.0,-0.0911018401384353,1750264457
-1.054123878479004,1750437638.0,-0.0196909699589014,1750264457
-1.4202766418457031,1750437638.0,0.4860089719295501,1750264457
0.0342707298696041,1750437639.0,1.058716058731079,1750264457
0.698306679725647,1750437639.0,0.4708989858627319,1750264458
0.6471778154373169,1750437640.0,0.1154240742325782,1750264458
-0.8495554327964783,1750437640.0,0.7413504719734192,1750264458
-0.6821601390838623,1750437640.0,-0.4324113726615906,1750264459
0.4288644790649414,1750437643.0,0.45664182305336,1750264460
-1.05227530002594,1750437644.0,0.4519370794296264,1750264460
-0.1289444714784622,1750437644.0,0.2191857248544693,1750264460
-0.4661589562892914,1750437645.0,-0.3169557154178619,1750264460
-0.4383997917175293,1750437646.0,0.7393926978111267,1750264462
0.1636514812707901,1750437646.0,0.4924409389495849,1750280505
1.6115529537200928,1750437647.0,0.67974454164505,1750280505
0.023580428212881,1750437648.0,-1.4241347312927246,1750280505
-0.763208270072937,1750437648.0,1.3466202020645142,1750280507
0.5817772150039673,1750437648.0,0.599328875541687,1750280508
-0.4470975995063782,1750437649.0,-0.4128609001636505,1750280508
-0.7141780257225037,1750437651.0,-0.468284010887146,1750280508
0.0169437378644943,1750437651.0,-0.0003345115692354,1750280509
1.738005757331848,1750437653.0,0.9347838759422302,1750280509
0.6935635209083557,1750437655.0,0.6909636855125427,1750280509
-1.033793807029724,1750437657.0,-0.7328469157218933,1750280510
0.7209699749946594,1750437659.0,1.0222498178482056,1750280510
0.6908280849456787,1750437665.0,-0.4488705992698669,1750280510
0.8054844737052917,1750437666.0,0.0046847984194755,1750280511
0.7093507647514343,1750437667.0,-0.6890362501144409,1750280511
0.2467066645622253,1750437667.0,0.7315583229064941,1750280512
0.5068565011024475,1750437668.0,0.2935311794281006,1750280512
0.7100977897644043,1750437669.0,0.3829236030578613,1750280513
1.3737696409225464,1750437672.0,-0.6756174564361572,1750280513
-0.0553652271628379,1750437673.0,0.4034779071807861,1750280513
0.7708166241645813,1750437675.0,-1.136351466178894,1750280514
-0.3312151432037353,1750437677.0,-0.578889012336731,1750280514
1.1650794744491575,1750437678.0,-0.0595945864915847,1750280514
0.5710479021072388,1750437679.0,0.5364633202552795,1750280514
-1.1539998054504397,1750437679.0,0.0216937456279993,1750280515
-0.7145110964775085,1750437679.0,-0.4087532162666321,1750280515
1.5094950199127195,1750437682.0,0.8736911416053772,1750280515
1.6163870096206665,1750437682.0,0.1396907716989517,1750280516
-0.7424222230911255,1750437683.0,0.2582652866840362,1750280516
-1.495185375213623,1750437683.0,0.770576536655426,1750280516
3.248412609100342,1750437684.0,-0.1366923600435257,1750280516
0.3275594711303711,1750437686.0,0.5348207354545593,1750280517
-0.4428250193595886,1750437686.0,-0.1966481804847717,1750280517
-0.6936681270599365,1750437687.0,0.1547654122114181,1750280517
-0.1838800758123397,1750437688.0,-0.6333775520324707,1750280518
0.3557606339454651,1750437689.0,-0.6974902749061584,1750280520
-0.2482593208551406,1750437690.0,0.4705745577812195,1750280521
1.036893010139465,1750437690.0,1.11755633354187,1750280522
-0.7830103635787964,1750437691.0,-0.3786647915840149,1750280522
0.5645446181297302,1750437693.0,-0.5829148888587952,1750280522
-0.6619005799293518,1750437694.0,0.9710876941680908,1750280522
1.1825146675109863,1750437694.0,0.2482433468103408,1750280523
0.0787388682365417,1750437696.0,-0.4675244092941284,1750280523
0.1768263280391693,1750437696.0,-0.4140521287918091,1750280523
0.6314586400985718,1750437696.0,0.1078366935253143,1750280523
0.0789067968726158,1750437696.0,-0.8301277160644531,1750280524
-1.2700204849243164,1750437698.0,-1.6201138496398926,1750280525
0.6794995665550232,1750437699.0,0.4483192265033722,1750280526
1.103319525718689,1750437699.0,1.0890181064605713,1750280528
0.1912447810173034,1750437701.0,-1.1473850011825562,1750280528
-0.4692457616329193,1750437702.0,-0.3137847781181335,1750280529
-0.4836620092391968,1750437702.0,0.70022052526474,1750280529
0.5911699533462524,1750437702.0,-0.8923349380493164,1750280529
0.4102803170681,1750437704.0,-0.375703901052475,1750280529
-0.7145221829414368,1750437705.0,0.7850117087364197,1750280530
0.566501796245575,1750437705.0,0.7386994957923889,1750280530
-0.6940913796424866,1750437711.0,0.7903770804405212,1750280531
0.465567409992218,1750437712.0,-0.9380180239677428,1750280532
-1.1338207721710205,1750437712.0,0.230252519249916,1750280532
2.323405742645264,1750437714.0,0.996942102909088,1750280532
0.7713621258735657,1750437714.0,0.0080345580354332,1750280534
0.0019002518383786,1750437717.0,0.1275348514318466,1750280534
1.3069357872009275,1750437717.0,-0.7051945924758911,1750280534
-1.239069938659668,1750437719.0,1.1160764694213867,1750280535
1.275710105895996,1750437721.0,-0.0014315078733488,1750280535
-0.7125467658042908,1750437721.0,0.287415087223053,1750280535
-0.3785947263240814,1750437722.0,-1.231122612953186,1750280536
-0.6805192232131958,1750437724.0,-1.465883731842041,1750280537
0.6947851777076721,1750437725.0,0.9980457425117492,1750280538
-1.881255269050598,1750437726.0,0.4013025462627411,1750280539
1.4541621208190918,1750437726.0,0.4465305209159851,1750280539
1.603326678276062,1750437726.0,-0.7216587662696838,1750280540
-0.5950916409492493,1750437727.0,-0.2691648006439209,1750280541
-0.7528350949287415,1750437727.0,-1.056709885597229,1750280541
0.664575457572937,1750437730.0,-0.0126731554046273,1750280542
-0.4908504784107208,1750437730.0,-0.0611416287720203,1750280542
2.8972103595733643,1750437732.0,1.7320623397827148,1750280543
0.7450575828552246,1750437733.0,0.2508990466594696,1750280543
-0.416305661201477,1750437733.0,-0.0748376995325088,1750280543
-0.7197099924087524,1750437736.0,-0.4913451969623565,1750280543
0.3317658007144928,1750437737.0,0.0012415335513651,1750280544
0.3782609105110168,1750437739.0,-0.0005877839867025,1750280544
1.145323634147644,1750437740.0,-0.3560551404953003,1750280544
-0.6225596070289612,1750437741.0,-0.6965700387954712,1750280545
1.3919415473937988,1750437741.0,0.4323102533817291,1750280545
-1.0407735109329224,1750437741.0,-0.396607905626297,1750280546
-0.2341851890087127,1750437741.0,0.6846680045127869,1750280546
1.0923405885696411,1750437741.0,-0.0192538388073444,1750280548
23721.203125,1750437742.0,-1.5882134437561035,1750280548
1.104630947113037,1750437743.0,0.7554365992546082,1750280550
0.3648572564125061,1750437744.0,-0.7007479071617126,1750280550
-0.6616176962852478,1750437744.0,-0.5353406071662903,1750280551
0.7088600397109985,1750437745.0,0.6977662444114685,1750280551
-0.0492919795215129,1750437746.0,0.7164668440818787,1750280551
-0.7694945335388184,1750437746.0,0.0416525155305862,1750280552
0.1764502823352813,1750437746.0,-0.1318899542093277,1750280552
-0.6575683951377869,1750437747.0,0.4484989643096924,1750280553
-1.0949828624725342,1750437748.0,0.4566473960876465,1750280553
1.8325300216674805,1750437748.0,0.7333863973617554,1750280554
-0.6172577142715454,1750437748.0,1.3203890323638916,1750280554
-0.1638463586568832,1750437749.0,-0.0948505997657775,1750280554
-0.4631361365318298,1750437751.0,0.1794880181550979,1750280554
-0.3972429037094116,1750437752.0,0.5876569747924805,1750280555
-0.7764698266983032,1750437753.0,-0.7560581564903259,1750280555
-0.7181999087333679,1750437753.0,0.757445752620697,1750280555
0.3866812288761139,1750437756.0,0.4153838157653808,1750280556
-0.4197709262371063,1750437758.0,-0.3330729007720947,1750280556
-0.3054407238960266,1750437758.0,-0.7460606098175049,1750280557
-0.5330720543861389,1750437758.0,0.6815510988235474,1750280557
0.6919541954994202,1750437760.0,0.6806774139404297,1750280557
0.711521565914154,1750437760.0,-0.7925121784210205,1750280557
-0.0616296343505382,1750437761.0,-0.4242821335792541,1750280557
0.4847010970115661,1750437765.0,-0.1008159592747688,1750280557
-0.6889285445213318,1750437765.0,0.469381034374237,1750280558
-0.0237364396452903,1750437765.0,0.6666072607040405,1750280559
-0.3069359958171844,1750437770.0,-0.4121491312980652,1750280559
1.772679328918457,1750437771.0,-0.8988545536994934,1750280559
0.8830576539039612,1750437771.0,-1.0985890626907349,1750280559
-0.4186961650848388,1750437772.0,0.3969985544681549,1750280559
-0.938527524471283,1750437772.0,0.2555986940860748,1750280560
-0.4002709686756134,1750437773.0,0.7352250814437866,1750280560
0.7150110006332397,1750437773.0,-0.4647370278835296,1750280561
0.4063960015773773,1750437774.0,-1.0576159954071045,1750280561
1.250472903251648,1750437774.0,0.4213059246540069,1750280562
-1.147001028060913,1750437775.0,1.1279706954956057,1750280562
0.7094964385032654,1750437777.0,-0.0755483731627464,1750280562
0.4514411091804504,1750437778.0,-0.2026485502719879,1750280563
-0.6644464135169983,1750437779.0,0.5578069090843201,1750280563
1.3842895030975342,1750437780.0,0.1795797795057296,1750280564
4.263020992279053,1750437781.0,-0.3937773704528808,1750280564
-0.4714230895042419,1750437783.0,-0.2793101668357849,1750280565
0.7121607661247253,1750437784.0,0.5575612783432007,1750280565
-0.7145740389823914,1750437786.0,0.3533633053302765,1750280565
0.2022274434566497,1750437787.0,0.4737483263015747,1750280566
-0.4562187194824219,1750437787.0,0.441150814294815,1750280566
-0.2139102518558502,1750437787.0,0.3985863924026489,1750280566
-0.5821701884269714,1750437789.0,-0.778169572353363,1750280567
0.1544257700443267,1750437789.0,0.0334255583584308,1750280567
-0.4014481902122497,1750437791.0,-0.0092684673145413,1750280567
-0.4244292974472046,1750437791.0,-0.0793446749448776,1750280567
-0.4646771550178528,1750437791.0,0.8344848155975342,1750280567
-0.8175890445709229,1750437794.0,-0.0878956913948059,1750280568
-0.4178574085235595,1750437795.0,0.2345466315746307,1750280568
-0.6784642934799194,1750437796.0,0.5661434531211853,1750280568
1.2326234579086304,1750437797.0,0.3695818185806274,1750280569
-1.1190766096115112,1750437797.0,-0.1041364893317222,1750280570
-0.3619228601455688,1750437799.0,0.4287409782409668,1750280572
0.6594704389572144,1750437801.0,0.3469602465629577,1750280573
-1.2934871912002563,1750437801.0,-0.0888694003224372,1750280573
-0.2288298457860946,1750437803.0,-0.6858311891555786,1750280573
-0.7127268314361572,1750437806.0,-0.9505938291549684,1750280575
0.0941215306520462,1750437807.0,0.7003089785575867,1750280575
0.0874271914362907,1750437808.0,-0.4710208475589752,1750280575
0.1817851364612579,1750437811.0,-0.3119983673095703,1750280576
-0.2943953275680542,1750437811.0,-1.1023250818252563,1750280576
-0.9023705124855042,1750437812.0,0.7050247192382812,1750280577
-1.5488426685333252,1750437812.0,0.4066371619701385,1750280577
0.7017794251441956,1750437814.0,0.2192069888114929,1750280578
-0.2883031666278839,1750437815.0,0.3872768580913543,1750280579
0.299288809299469,1750437816.0,0.0841201245784759,1750280579
0.6820648908615112,1750437817.0,0.6777632236480713,1750280580
-1.1282764673233032,1750437818.0,-1.1539976596832275,1750280580
-1.1754761934280396,1750437818.0,-0.423767626285553,1750280580
0.4476259648799896,1750437821.0,-0.7348088026046753,1750280580
-0.7014561295509338,1750437821.0,1.063772201538086,1750280580
-0.3104327023029327,1750437822.0,0.7856103777885437,1750280581
0.7378618717193604,1750437824.0,-0.4583222270011902,1750280581
-0.441482275724411,1750437825.0,0.1361660212278366,1750280582
-0.8734308481216431,1750437826.0,0.7272841334342957,1750280582
-0.4777991771697998,1750437826.0,1.3591151237487793,1750280582
-1.6094143390655518,1750437830.0,-0.3021597266197204,1750280583
0.1357638984918594,1750437831.0,-0.4147939682006836,1750280584
-0.6886791586875916,1750437831.0,0.4219898581504822,1750280584
0.1175209730863571,1750437832.0,0.1606189757585525,1750280584
0.2750289142131805,1750437837.0,-0.2939298748970032,1750280585
-0.2220464497804641,1750437841.0,-1.2647669315338137,1750280586
0.728610098361969,1750437843.0,-0.0676228106021881,1750280586
-0.2786809504032135,1750437843.0,-0.0169364623725414,1750280587
-0.0802058428525924,1750437845.0,-0.4167168438434601,1750280587
-0.4509941041469574,1750437845.0,-0.1309991329908371,1750280588
-0.4460878074169159,1750437845.0,-0.4556925892829895,1750280589
1.228890061378479,1750437846.0,-0.0502511151134967,1750280589
-0.4250846207141876,1750437848.0,-0.0998474955558776,1750280590
-0.087771400809288,1750437848.0,0.0334823057055473,1750280590
-0.4177344143390655,1750437849.0,-0.4202120304107666,1750280591
0.0006457238923758,1750437849.0,1.4570624828338623,1750280591
-0.5990024209022522,1750437850.0,0.5984756946563721,1750280592
0.4177110493183136,1750437851.0,0.4655710160732269,1750280592
1.1412827968597412,1750437853.0,0.2957865297794342,1750280592
0.6875448822975159,1750437853.0,-0.1166590005159378,1750280592
0.3905787765979767,1750437854.0,0.2306614071130752,1750280592
-0.0077416580170392,1750437857.0,0.3591996729373932,1750280593
0.3673771321773529,1750437858.0,-0.5346068143844604,1750280593
-0.5201745629310608,1750437860.0,-0.2769626677036285,1750280593
0.5514965653419495,1750437860.0,0.6968868970870972,1750280593
0.382231593132019,1750437861.0,0.0374375022947788,1750280594
-1.266221523284912,1750437862.0,-0.1050162017345428,1750280594
-0.7166740298271179,1750437863.0,0.0841609016060829,1750280595
0.097183272242546,1750437868.0,-0.5358426570892334,1750280595
-0.4440012574195862,1750437868.0,0.9465982913970948,1750280596
0.008410851471126,1750437869.0,1.0453507900238037,1750280596
-0.0013116087066009,1750437871.0,-1.0540434122085571,1750280597
0.6000216007232666,1750437872.0,-0.0063991574570536,1750280597
-0.6864164471626282,1750437874.0,0.4293397963047027,1750280598
-0.3537667989730835,1750437876.0,0.4366404414176941,1750280599
-0.6307035684585571,1750437876.0,0.226928099989891,1750280599
0.6647875905036926,1750437876.0,-0.4444301128387451,1750280599
-1.2562965154647827,1750437878.0,0.0337839089334011,1750280599
0.4190375804901123,1750437878.0,1.5083348751068115,1750280599
0.3013629615306854,1750437881.0,-0.7011560797691345,1750280600
-0.4685245752334595,1750437882.0,-0.6623960733413696,1750280600
0.8155364990234375,1750437884.0,-0.5995926856994629,1750280600
0.2274941802024841,1750437884.0,0.0157438609749078,1750280601
0.4442465901374817,1750437885.0,0.0796686112880706,1750280601
-0.4795911610126495,1750437885.0,-1.61504328250885,1750280602
-1.1881877183914185,1750437885.0,0.4388158321380615,1750280602
0.067436546087265,1750437886.0,0.0742059350013732,1750280603
0.4321971833705902,1750437887.0,0.7000823616981506,1750280603
0.8016113638877869,1750437887.0,-0.0601984560489654,1750280603
-0.9440354108810424,1750437887.0,0.4099527299404144,1750280603
0.7170444130897522,1750437889.0,-0.0795478224754333,1750280604
-1.1003609895706177,1750437889.0,0.4568869173526764,1750280604
0.4655306339263916,1750437890.0,0.3690475225448608,1750280604
0.5723128318786621,1750437891.0,-0.4297596216201782,1750280605
-1.0524556636810305,1750437894.0,-0.0015759954694658,1750280606
-0.4038644433021545,1750437895.0,0.4006198942661285,1750280607
0.4436006247997284,1750437895.0,0.0045404243282973,1750280607
0.6674571633338928,1750437898.0,0.7778937220573425,1750280607
0.7191752195358276,1750437899.0,-0.1569906026124954,1750280607
-1.1620099544525146,1750437902.0,0.0002207086072303,1750280608
-0.4179605841636657,1750437902.0,0.4383171498775482,1750280610
0.6091602444648743,1750437902.0,-0.7336345911026001,1750280611
0.1016107201576232,1750437903.0,-0.4319014251232147,1750280611
0.7187219858169556,1750437904.0,-0.0027724001556634,1750280612
-0.4416560530662536,1750437907.0,-0.2639393806457519,1750280612
0.4154954850673675,1750437907.0,0.1279354840517044,1750280612
-1.0758463144302368,1750437907.0,0.2015285640954971,1750280613
-0.5643556118011475,1750437908.0,-0.6707051992416382,1750280613
-0.4388420283794403,1750437910.0,0.5710370540618896,1750280613
-0.6889721751213074,1750437911.0,-0.738030731678009,1750280613
0.5509455800056458,1750437911.0,-0.4651796519756317,1750280613
-0.7612971663475037,1750437912.0,0.6478987336158752,1750280613
-0.4546941220760345,1750437912.0,-0.4432028830051422,1750280614
-0.6674094200134277,1750437912.0,0.4152042269706726,1750280614
-0.2345083504915237,1750437913.0,0.4218614399433136,1750280614
0.720127284526825,1750437915.0,0.1067658513784408,1750280615
0.7156611680984497,1750437916.0,-0.7555392980575562,1750280615
0.6958436369895935,1750437918.0,-1.0311967134475708,1750280615
-1.2180339097976685,1750437920.0,-0.9235969185829164,1750280616
0.8143585920333862,1750437920.0,-0.4285072088241577,1750280616
0.5829365849494934,1750437920.0,1.0272424221038818,1750280616
-0.5364210605621338,1750437922.0,0.4624750912189483,1750280617
-0.1986648589372635,1750437923.0,0.4394015073776245,1750280617
-0.4235674142837524,1750437925.0,-0.4659075736999511,1750280618
0.6205438375473022,1750437925.0,-0.2171397358179092,1750280618
-0.7517096400260925,1750437927.0,0.7563217878341675,1750280618
0.6435436010360718,1750437927.0,-0.7805976271629333,1750280618
0.6647430658340454,1750437931.0,1.0331239700317385,1750280618
0.3202945291996002,1750437932.0,-0.2103585004806518,1750280618
0.472539871931076,1750437933.0,0.0048449938185513,1750280618
1.2896076440811155,1750437935.0,0.1457777321338653,1750280620
0.5727418065071106,1750437935.0,0.3472708165645599,1750280620
1.242536187171936,1750437936.0,-0.1310265362262725,1750280620
0.4358453154563904,1750437937.0,0.5732227563858032,1750280621
-0.6244068145751953,1750437942.0,-0.2151558399200439,1750280623
-0.6794143319129944,1750437942.0,-0.2345462143421173,1750280623
0.7298167943954468,1750437942.0,-0.5317177176475525,1750280623
0.2331209927797317,1750437942.0,-0.7343440651893616,1750280624
-0.7051472663879395,1750437942.0,-0.4375783503055572,1750280625
-0.471282422542572,1750437943.0,0.0005508519825525,1750280625
0.7314432263374329,1750437944.0,0.0009485660702921,1750280625
0.0914226919412612,1750437944.0,0.7830461263656616,1750280626
0.6863386631011963,1750437945.0,-0.4342165291309356,1750280626
-0.4963754713535309,1750437945.0,-0.1080888509750366,1750280627
-0.7045596837997437,1750437946.0,0.1422299295663833,1750280627
-0.7451390624046326,1750437946.0,0.4535931050777435,1750280627
0.4811111688613891,1750437948.0,-1.015454649925232,1750280627
0.7362229228019714,1750437948.0,-0.5766243934631348,1750280628
-0.5498905181884766,1750437952.0,-1.0528117418289185,1750280629
-0.699369490146637,1750437953.0,-0.1092935726046562,1750280630
-0.4347792565822601,1750437954.0,1.052819848060608,1750280630
-0.6231787800788879,1750437954.0,0.7264767289161682,1750280630
-0.3537029027938843,1750437954.0,1.0235620737075806,1750280631
0.2767805755138397,1750437955.0,0.002466059057042,1750280632
-0.4608009755611419,1750437960.0,-0.724744975566864,1750280633
0.3611549735069275,1750437960.0,-0.4208097159862518,1750280633
-1.5774478912353516,1750437960.0,-0.4730201363563537,1750280633
-1.061978816986084,1750437960.0,-0.2397306114435196,1750280633
0.6112831234931946,1750437961.0,0.6803027987480164,1750280634
-0.6646281480789185,1750437961.0,0.1562280058860778,1750280636
0.6678899526596069,1750437963.0,0.0650988221168518,1750280636
0.6879563927650452,1750437965.0,0.0804355069994926,1750280636
0.3391232490539551,1750437967.0,-0.4407337605953216,1750280636
-0.1501145809888839,1750437969.0,0.1185386925935745,1750280636
1.8492722511291504,1750437971.0,-0.5711615681648254,1750280636
0.4413006901741028,1750437972.0,1.1755001544952393,1750280636
1.2440893650054932,1750437972.0,0.4951042234897613,1750280637
0.0736657381057739,1750437973.0,0.4559388160705566,1750280637
0.0297818481922149,1750437975.0,0.1335815787315368,1750280638
-0.3523540496826172,1750437976.0,1.3284164667129517,1750280638
-0.5740078091621399,1750437977.0,-0.4479530155658722,1750280638
-0.4885455369949341,1750437977.0,-0.4195561110973358,1750280639
-0.4014830887317657,1750437977.0,0.4715658128261566,1750280640
-0.6730832457542419,1750437978.0,0.4077696502208709,1750280640
-0.5211156010627747,1750437978.0,0.6247260570526123,1750280640
0.4625214636325836,1750437981.0,0.3869748413562774,1750280643
1.0665570497512815,1750437981.0,0.2682043612003326,1750280644
-0.2763318717479706,1750437982.0,-1.05049729347229,1750280644
-0.1311631798744201,1750437983.0,0.0545757040381431,1750280644
-0.5681911110877991,1750437984.0,-0.0682866498827934,1750280644
-0.064673788845539,1750437987.0,1.774418830871582,1750280645
-0.4412050545215606,1750437988.0,-0.6277905106544495,1750280646
-0.5760506987571716,1750437988.0,0.7305251359939575,1750280646
-0.4680440723896026,1750437988.0,-0.4609197974205017,1750280647
0.3113035261631012,1750437990.0,0.4662200510501861,1750280647
-0.1515149176120758,1750437992.0,-0.7246904373168945,1750280647
0.6457916498184204,1750437993.0,0.0560449920594692,1750280648
-0.6910303235054016,1750437994.0,1.1256310939788818,1750280649
1.234025001525879,1750437995.0,-1.0162136554718018,1750280649
-0.4080980718135834,1750437996.0,1.6057628393173218,1750280649
0.5835477113723755,1750452224.0,0.7341496348381042,1750280649
0.4124631881713867,1750452225.0,0.176274761557579,1750280649
0.705485463142395,1750452225.0,0.4035951793193817,1750280650
-0.4244207739830017,1750452227.0,0.8697093725204468,1750280650
-0.1860695779323578,1750452229.0,0.4727044403553009,1750280650
0.0137190958485007,1750452230.0,0.4089648723602295,1750280650
-0.0957914516329765,1750452233.0,1.5893574953079224,1750280651
1.2268296480178833,1750452233.0,0.5815541744232178,1750280651
1.296263575553894,1750452235.0,0.2156678438186645,1750280651
1.4141943454742432,1750452238.0,-0.4951410293579101,1750280651
-0.6983820796012878,1750452238.0,0.4624059200286865,1750280651
-0.7152833938598633,1750452240.0,-0.4462047517299652,1750280652
-0.2817108631134033,1750452241.0,0.4368756413459778,1750280652
0.0106403632089495,1750452243.0,-0.0464476346969604,1750280653
-0.7845576405525208,1750452243.0,0.5961897969245911,1750280653
0.3889444470405578,1750452244.0,-0.1386575996875763,1750280653
-0.5880556106567383,1750452244.0,0.339337557554245,1750280653
-0.2515900433063507,1750452245.0,-0.4940341711044311,1750280653
0.7971982955932617,1750452247.0,-0.1108646988868713,1750280653
0.8692089915275574,1750452253.0,-0.6930562257766724,1750280654
-0.6417100429534912,1750452254.0,0.6661182045936584,1750280654
2.3558878898620605,1750452254.0,0.1302139312028885,1750280654
0.4379822313785553,1750452255.0,0.2022470235824585,1750280654
0.3759661912918091,1750452255.0,-0.6865536570549011,1750280655
0.7084643840789795,1750452258.0,0.3872269988059997,1750280656
0.6805469393730164,1750452258.0,-0.4252415299415588,1750280656
-0.5919667482376099,1750452261.0,-0.4295115768909454,1750280656
0.6544384360313416,1750452262.0,-0.0062881521880626,1750280657
-0.4269212782382965,1750452262.0,1.452371597290039,1750280657
0.4784757792949676,1750452263.0,-1.763592004776001,1750280657
0.4264838099479675,1750452263.0,-1.2814384698867798,1750280658
0.5026648640632629,1750452266.0,-0.4201139807701111,1750280659
-0.3700088560581207,1750452267.0,-0.3634774684906006,1750280659
-1.806113004684448,1750452267.0,-0.027753610163927,1750280659
-0.4806954562664032,1750452268.0,1.3702350854873655,1750280660
-0.6515305042266846,1750452268.0,0.469308465719223,1750280660
-0.4230325222015381,1750452269.0,0.4151921570301056,1750280662
-0.6345981359481812,1750452269.0,-0.38311368227005,1750280662
-0.5034741759300232,1750452271.0,-0.7216117978096008,1750280662
1.1127532720565796,1750452271.0,-0.0193456877022981,1750280662
0.1316727846860885,1750452272.0,-0.0664224997162818,1750280662
0.8682281970977783,1750452272.0,0.7111706137657166,1750280663
-0.5961860418319702,1750452272.0,0.0576374009251594,1750280663
0.4091164469718933,1750452273.0,-0.4203015863895416,1750280663
0.374841570854187,1750452275.0,-0.7493330836296082,1750280664
-0.111425295472145,1750452276.0,0.4605397284030914,1750280664
0.6021416187286377,1750452280.0,-0.366770476102829,1750280664
239.2176971435547,1750452280.0,0.4259040653705597,1750280664
0.1534583419561386,1750452282.0,-0.4329376816749573,1750280665
0.7256529927253723,1750452282.0,0.5665426254272461,1750280665
1.7288743257522583,1750452285.0,-0.9797673225402832,1750280666
-1.0582568645477295,1750452286.0,0.31663578748703,1750280666
-0.8399378061294556,1750452287.0,0.5906041264533997,1750280666
-0.4403368532657623,1750452288.0,0.333404392004013,1750280667
-1.1256074905395508,1750452288.0,-0.140510618686676,1750280667
-1.7144640684127808,1750452290.0,-0.1409146934747696,1750280667
0.5735310316085815,1750452292.0,0.7218754887580872,1750280667
0.6177468299865723,1750452293.0,-0.2476150840520858,1750280667
-1.5718690156936646,1750452293.0,-0.6494781970977783,1750280668
-0.0629756450653076,1750452293.0,-0.5591927170753479,1750280669
0.6783629655838013,1750452294.0,-0.7612049579620361,1750280669
0.1788011938333511,1750452295.0,-0.1398492008447647,1750280670
-0.0590247027575969,1750452295.0,1.5198211669921875,1750280670
0.6371172070503235,1750452298.0,0.5805017948150635,1750280671
-1.1554731130599976,1750452298.0,0.4469134509563446,1750280672
-0.3422545790672302,1750452299.0,1.1102010011672974,1750280674
0.5267722010612488,1750452300.0,0.4423529803752899,1750280674
0.4388557374477386,1750452300.0,-0.1533533185720443,1750280675
0.1517082303762436,1750452300.0,-0.4408454895019531,1750280675
0.5931990146636963,1750452301.0,0.8845267295837402,1750280675
0.0983874350786209,1750452302.0,0.0217493567615747,1750280675
-0.1703772395849228,1750452302.0,0.3049212694168091,1750280676
-0.4647155404090881,1750452302.0,-0.4352057874202728,1750280677
0.3564803302288055,1750452303.0,0.0095020430162549,1750280677
-1.1699036359786987,1750452304.0,0.4762853980064392,1750280678
-0.6309942007064819,1750452306.0,-0.0848601087927818,1750280678
-0.0364492572844028,1750452306.0,-0.7316911220550537,1750280678
-0.4291861951351166,1750452310.0,0.6208284497261047,1750280678
-0.5236559510231018,1750452310.0,0.4030080437660217,1750280678
-0.7249438166618347,1750452310.0,0.5040906667709351,1750280679
0.4803929030895233,1750452311.0,-0.5148480534553528,1750280679
-0.71724933385849,1750452311.0,1.7371370792388916,1750280679
0.2091134339570999,1750452313.0,0.484709769487381,1750280680
-1.0627243518829346,1750452314.0,-0.7430946230888367,1750280680
1.160009264945984,1750452315.0,0.1483194082975387,1750280680
1.5761276483535769,1750452316.0,0.0974771827459335,1750280680
0.0061478782445192,1750452318.0,-0.1530607044696808,1750280681
-0.0124031454324722,1750452318.0,0.6899733543395996,1750280681
-0.6894202828407288,1750452321.0,-0.4394000172615051,1750280681
0.5714897513389587,1750452321.0,-0.7151308059692383,1750280682
-0.1446331888437271,1750452322.0,-1.142687439918518,1750280682
-0.992810308933258,1750452325.0,-0.7614566683769226,1750280683
0.7269198894500732,1750452326.0,0.5380492806434631,1750280683
-1.214652180671692,1750452327.0,0.4355871975421905,1750280684
0.7125561833381653,1750452328.0,0.4180347025394439,1750280684
-0.6719185709953308,1750452329.0,-0.4764741957187652,1750280684
1.3997739553451538,1750452330.0,-0.0474468395113945,1750280684
-0.6848276257514954,1750452331.0,0.5544413328170776,1750280686
-0.6785896420478821,1750452333.0,0.4444612860679626,1750280686
-0.7221906781196594,1750452338.0,0.5234626531600952,1750280686
0.4981196224689483,1750452339.0,0.3590065240859985,1750280686
-0.3054336607456207,1750452340.0,0.6763038039207458,1750280686
-0.0729017481207847,1750452341.0,-0.8214109539985657,1750280687
1.806482434272766,1750452342.0,1.0525639057159424,1750280687
0.059314377605915,1750452343.0,0.0236232224851846,1750280687
-0.1055649071931839,1750452344.0,0.4874386489391327,1750280688
1.7370340824127195,1750452344.0,0.4671197831630707,1750280689
-0.4683732986450195,1750452350.0,-0.4832315742969513,1750280689
0.8652712106704712,1750452350.0,-0.2455426901578903,1750280689
1.2534184455871582,1750452351.0,-0.4277028441429138,1750280689
0.6885660886764526,1750452351.0,0.7203652858734131,1750280690
-0.7108253836631775,1750452352.0,-0.0497455410659313,1750280691
-1.1012146472930908,1750452352.0,0.3024527132511139,1750280692
0.7346770763397217,1750452354.0,-0.4249443709850311,1750280692
-0.688629686832428,1750452355.0,0.4592455625534057,1750280692
-0.3757346272468567,1750452355.0,-0.6686514616012573,1750280692
0.4818770587444305,1750452357.0,0.9426310658454896,1750280693
0.5863347053527832,1750452360.0,-0.0778455659747123,1750280693
-0.0070408089086413,1750452360.0,0.0119861364364624,1750280693
-0.5549473166465759,1750452361.0,0.4643154442310333,1750280693
0.6535128951072693,1750452362.0,0.4245835542678833,1750280693
1.476521134376526,1750452363.0,-0.0069887237623333,1750280693
-0.7405858635902405,1750452364.0,0.4665111601352691,1750280693
-0.6542004942893982,1750452369.0,0.3949296474456787,1750280693
0.6830630898475647,1750452369.0,-0.1080025359988212,1750280694
0.6936644315719604,1750452370.0,1.149523138999939,1750280694
-0.4912673830986023,1750452370.0,0.439981073141098,1750280695
1.8545421361923216,1750452371.0,1.1521375179290771,1750280696
1.5781060457229614,1750452371.0,-0.721959114074707,1750280697
0.6630343198776245,1750452372.0,0.3574045598506927,1750280697
-0.4321893155574798,1750452372.0,0.7585225701332092,1750280697
0.7395186424255371,1750452373.0,-0.0645107626914978,1750280698
-0.466952919960022,1750452373.0,0.7082051634788513,1750280699
0.7498094439506531,1750452373.0,1.3052011728286743,1750280699
-0.8262178897857666,1750452375.0,-0.1553012430667877,1750280699
1.7931710481643677,1750452375.0,0.262406975030899,1750280701
1.2573579549789429,1750452376.0,0.6071415543556213,1750280701
0.4057290554046631,1750452377.0,0.5935097932815552,1750280701
0.0255286321043968,1750452378.0,-0.0908845290541648,1750280701
0.6978616714477539,1750452379.0,-0.0676908269524574,1750280702
0.303930252790451,1750452380.0,0.0239163748919963,1750280702
-0.230013832449913,1750452381.0,0.0123741356655955,1750280702
-0.3973882496356964,1750452381.0,0.0019285349408164,1750280702
-0.0773796141147613,1750452383.0,0.57896888256073,1750280703
-0.6745219826698303,1750452384.0,-1.6690446138381958,1750280704
-0.314775288105011,1750452387.0,-0.7956597805023193,1750280704
-0.7410324215888977,1750452388.0,0.5823982357978821,1750280704
1.828566312789917,1750452388.0,1.103285551071167,1750280705
-0.0928526818752288,1750452389.0,-0.2682482600212097,1750280705
0.4810544848442077,1750452390.0,0.5014782547950745,1750280706
2.16943907737732,1750452392.0,0.4113662838935852,1750280706
0.4158871173858642,1750452394.0,1.5630615949630735,1750280706
-1.4191410541534424,1750452394.0,0.1123367100954055,1750280706
0.8421506285667419,1750452396.0,-0.4575496912002563,1750280706
1.0309990644454956,1750452396.0,-0.1931138187646865,1750280706
0.0200794395059347,1750452397.0,0.5076252222061157,1750280708
0.3961650133132934,1750452397.0,-0.3286983668804168,1750280708
-0.7562967538833618,1750452402.0,1.5419278144836426,1750280708
0.375923216342926,1750452402.0,-0.5684147477149963,1750280709
-0.1687514334917068,1750452405.0,0.2561130821704864,1750280709
-0.0952097326517105,1750452405.0,0.2287758588790893,1750280709
-0.2659002542495727,1750452406.0,0.3639000356197357,1750280710
-0.6121370196342468,1750452409.0,0.7099627256393433,1750280710
-0.4426722526550293,1750452410.0,-0.0384434983134269,1750280710
0.6883221864700317,1750452410.0,0.5550662875175476,1750280711
0.6968834400177002,1750452410.0,0.0415374189615249,1750280711
-0.7576277256011963,1750452412.0,-0.7916702032089233,1750280711
-0.6412753462791443,1750452413.0,0.6688126921653748,1750280711
0.530226469039917,1750452416.0,-0.2644025087356567,1750280713
-0.6860512495040894,1750452416.0,-0.3609322905540466,1750280713
0.8297361135482788,1750452417.0,-0.6901335716247559,1750280714
0.454974502325058,1750452418.0,-0.8456883430480957,1750280714
-0.4704729318618774,1750452418.0,0.4735573232173919,1750280714
0.4230625331401825,1750452420.0,0.2300960123538971,1750280715
0.3678680062294006,1750452420.0,0.2946109473705292,1750280715
-0.2218313515186309,1750452421.0,0.096514418721199,1750280716
1.1271750926971436,1750452422.0,0.2876798212528229,1750280716
0.0703462809324264,1750452423.0,0.2856927812099457,1750280717
-0.7237073183059692,1750452423.0,-0.0412439629435539,1750280717
-1.8054019212722776,1750452423.0,-0.1774851381778717,1750280718
-0.6722460985183716,1750452426.0,-0.5245473384857178,1750280719
0.1340515315532684,1750452426.0,-0.1985485851764679,1750280719
0.7352726459503174,1750452427.0,0.4231013357639313,1750280719
0.8728662729263306,1750452429.0,-0.6790062785148621,1750280720
-0.0254401769489049,1750452429.0,-1.0855201482772827,1750280720
-0.3612851500511169,1750452432.0,1.333135962486267,1750280721
0.7136821746826172,1750452433.0,-0.0128140812739729,1750280721
0.2010628581047058,1750452433.0,0.2527951896190643,1750280721
0.4233172237873077,1750452434.0,1.144605040550232,1750280721
0.6652223467826843,1750452434.0,0.0598388463258743,1750280723
0.0058208117261528,1750452435.0,0.4743658602237701,1750280724
1.3006740808486938,1750452438.0,0.0056593581102788,1750280724
0.0506674796342849,1750452438.0,0.2372790426015854,1750280725
0.6856520771980286,1750452440.0,-0.1572689563035965,1750280725
-0.9677165746688844,1750452440.0,0.4443924129009247,1750280726
-0.4475422203540802,1750452442.0,-0.095352292060852,1750280726
0.7919544577598572,1750452442.0,0.4273257553577423,1750280726
0.2365376502275467,1750452445.0,-0.0585950203239917,1750280727
-1.7341991662979126,1750452446.0,0.4801500141620636,1750280727
0.718412458896637,1750452453.0,0.4919584095478058,1750280728
-0.4681190550327301,1750452455.0,-0.7198163270950317,1750280728
1.6089304685592651,1750452455.0,1.1509281396865845,1750280728
-0.5404644012451172,1750452458.0,0.2976018786430359,1750280729
-1.4600924253463743,1750452461.0,0.1073529422283172,1750280730
-1.0561550855636597,1750452461.0,-0.7568731904029846,1750280730
-1.01460063457489,1750452463.0,0.3495503962039947,1750280731
-0.7127721309661865,1750452465.0,0.4303135871887207,1750280731
-0.0011886664433404,1750452468.0,-0.008135437965393,1750280731
-0.0655935034155845,1750452469.0,-0.3548548519611358,1750280731
0.4708492755889892,1750452469.0,0.6320247650146484,1750280732
1.149855613708496,1750452472.0,-1.5698802471160889,1750280732
-0.0142441494390368,1750452473.0,-0.1063567996025085,1750280732
-1.0959981679916382,1750452474.0,0.008614738471806,1750280733
0.2800882458686828,1750452476.0,0.6774004697799683,1750280733
-0.1278446912765503,1750452479.0,0.0137452473863959,1750280735
0.6716892719268799,1750452481.0,-0.5775789022445679,1750280735
-0.333120584487915,1750452484.0,0.3636389672756195,1750280735
-0.5177373886108398,1750452484.0,1.0423818826675415,1750280736
1.0597400665283203,1750452485.0,-0.0738788321614265,1750280737
-0.0886388421058654,1750452488.0,0.4670685827732086,1750280738
-1.6747932434082031,1750452488.0,0.4615487456321716,1750280738
0.4128734767436981,1750452489.0,-0.435850977897644,1750280738
-0.9897677898406982,1750452489.0,0.53581702709198,1750280739
-0.3750356137752533,1750452490.0,0.4656438827514648,1750280740
0.3702496588230133,1750452492.0,-0.4736489057540893,1750280740
0.0303302593529224,1750452494.0,-0.6762915253639221,1750280740
0.0024288764689117,1750452498.0,0.6944995522499084,1750280741
1.0253148078918457,1750452498.0,0.088563360273838,1750280742
-1.2996994256973269,1750452498.0,-0.2800982594490051,1750280742
-0.0016730548813939,1750452499.0,0.6339370608329773,1750280743
-1.6630722284317017,1750452499.0,-0.1152398437261581,1750280743
-0.5518335103988647,1750452500.0,-0.7083696126937866,1750280744
-1.2494356632232666,1750452501.0,0.4637068212032318,1750280745
-0.7023919224739075,1750452502.0,-0.2230727523565292,1750280745
-0.8440044522285461,1750452504.0,-0.4930163919925689,1750280745
-0.0855709835886955,1750452505.0,-0.1331380009651184,1750280746
-1.108198642730713,1750452505.0,0.0709713399410247,1750280747
1.14236581325531,1750452508.0,0.1713878512382507,1750280747
-0.4686818420886993,1750452509.0,-0.5745471119880676,1750280748
0.957524299621582,1750452509.0,-0.0850923284888267,1750280748
0.3670237362384796,1750452510.0,1.520534634590149,1750280748
-0.244124636054039,1750452513.0,-0.4778961837291717,1750280748
-0.6816587448120117,1750452514.0,0.1232866272330284,1750280748
0.7546706795692444,1750452515.0,-0.445405513048172,1750280748
-1.2462542057037354,1750452515.0,0.2492898553609848,1750280749
0.7254349589347839,1750452516.0,0.1441942602396011,1750280749
1.0487456321716309,1750452519.0,1.2170506715774536,1750280750
-0.0117742819711565,1750452519.0,0.7293183207511902,1750280751
0.719678521156311,1750452519.0,0.7129490375518799,1750280752
-0.4964504241943359,1750452521.0,-0.5822727680206299,1750280752
1.2492564916610718,1750452522.0,1.189075946807861,1750280752
-0.3296268880367279,1750452522.0,0.5813599228858948,1750280752
0.7173144817352295,1750452522.0,0.7136116623878479,1750280752
-0.5730248689651489,1750452523.0,0.3563336730003357,1750280752
0.7238274216651917,1750452524.0,-0.1698634922504425,1750280752
-0.6887892484664917,1750452524.0,-1.1480984687805176,1750280752
-0.0487382821738719,1750452524.0,0.1057533323764801,1750280753
0.7076209187507629,1750452525.0,1.80830991268158,1750280754
-0.7289592027664185,1750452526.0,-0.4412017464637756,1750280754
1.2745567560195925,1750452528.0,-0.0130345998331904,1750280756
-1.0621899366378784,1750452529.0,0.4659947156906128,1750280757
-0.7700090408325195,1750452531.0,-0.4776786267757416,1750280757
0.5219385027885437,1750452533.0,0.6057171821594238,1750280758
0.3525841236114502,1750452534.0,0.0807313621044159,1750280758
-0.349446177482605,1750452535.0,-0.6693323254585266,1750280759
-1.0073130130767822,1750452535.0,0.1802230924367904,1750280759
0.0055997534655034,1750452538.0,-0.6878243684768677,1750280760
-0.4727878272533417,1750452539.0,0.0531639643013477,1750280760
1.826063871383667,1750452541.0,0.416071742773056,1750280760
-0.859726071357727,1750452542.0,-0.3740417957305908,1750280760
-0.7754873037338257,1750452542.0,0.4387090504169464,1750280761
-0.3712347745895386,1750452543.0,0.7459667325019836,1750280761
-0.6784274578094482,1750452543.0,-0.6833385825157166,1750280762
-1.1761363744735718,1750452543.0,-0.1201791167259216,1750280762
1.411604404449463,1750452544.0,0.6729526519775391,1750280762
0.3778594434261322,1750452544.0,-0.0540635287761688,1750280763
1.7094366550445557,1750452544.0,0.4489246904850006,1750280764
-0.5033928751945496,1750452545.0,1.086982488632202,1750280764
-0.4663132727146148,1750452546.0,-0.4778657257556915,1750280765
0.4926140010356903,1750452549.0,0.0045279273763298,1750280765
0.6967067122459412,1750452560.0,0.23398157954216,1750280766
-0.8045446872711182,1750452560.0,1.1568437814712524,1750280766
4.541903972625732,1750452562.0,1.0306553840637207,1750280767
-0.3320777118206024,1750452565.0,-0.67457115650177,1750280767
-1.1795021295547483,1750452566.0,0.4119567573070526,1750280767
-0.1593824028968811,1750452569.0,-0.4591408371925354,1750280768
0.7318611741065979,1750452569.0,0.2132100313901901,1750280769
-0.2909441888332367,1750452571.0,0.1813457757234573,1750280769
0.9611804485321044,1750452573.0,0.2694850862026214,1750280769
0.7311923503875732,1750452575.0,0.6697682738304138,1750280770
-1.8275415897369385,1750452575.0,1.010584831237793,1750280770
-0.4093850553035736,1750452576.0,0.7049289345741272,1750280770
-0.6856725811958313,1750452579.0,-0.6516761183738708,1750280770
-1.1624573469161987,1750452579.0,-0.3587417602539062,1750280770
-1.123577117919922,1750452579.0,1.570439100265503,1750280771
0.5035800337791443,1750452579.0,-0.0159178767353296,1750280771
-0.4306793212890625,1750452580.0,0.4735210537910461,1750280772
-0.7789915800094604,1750452580.0,0.4734634160995483,1750280772
0.9786595106124878,1750452581.0,-1.8457657098770144,1750280772
0.7436912655830383,1750452581.0,0.4581813216209411,1750280773
-0.44410040974617,1750452581.0,-0.0047928728163242,1750280773
0.0226647108793258,1750452582.0,-0.6576292514801025,1750280773
-0.4661256074905395,1750452582.0,-0.5397130250930786,1750280774
0.4248815178871155,1750452582.0,0.2599320411682129,1750280774
0.0060240989550948,1750452582.0,-0.4407154023647308,1750280775
-0.4089861214160919,1750452583.0,0.4231351613998413,1750280776
0.4475065469741821,1750452583.0,-0.0882476717233657,1750280776
0.36189866065979,1750452585.0,-0.7967823147773743,1750280776
0.3747577369213104,1750452586.0,0.6857418417930603,1750280776
-0.4944917261600494,1750452586.0,0.0387958288192749,1750280777
-0.4151826798915863,1750452587.0,0.4957995116710663,1750280777
-0.4081090688705444,1750452587.0,0.6825743317604065,1750280777
-0.4737976789474487,1750452589.0,1.1547234058380127,1750280779
0.408629834651947,1750452591.0,0.6210051774978638,1750280779
-1.1544753313064575,1750452591.0,0.442246526479721,1750280779
-0.4802136719226837,1750452593.0,-0.5096988081932068,1750280780
0.6863923668861389,1750452593.0,-0.786676824092865,1750280780
0.255818635225296,1750452595.0,-0.0183793641626834,1750280780
-0.6847901344299316,1750452595.0,0.4129400551319122,1750280780
-0.7006077766418457,1750452597.0,0.4332757294178009,1750280781
0.7648258805274963,1750452598.0,-1.162805438041687,1750280781
0.4196827709674835,1750452601.0,0.4297896027565002,1750280781
2.0098745822906494,1750452605.0,0.6102141737937927,1750280783
-0.6641520857810974,1750452605.0,0.2286474555730819,1750280783
0.7339993715286255,1750452605.0,0.455810546875,1750280783
-0.6580185890197754,1750452606.0,0.0020984639413654,1750280784
-1.2064566612243652,1750452607.0,-0.8317409157752991,1750280785
-0.4409696459770202,1750467514.0,-0.5861626267433167,1750280785
1.756248950958252,1750467514.0,0.6289710998535156,1750280786
1.4634836912155151,1750467515.0,-0.2209095954895019,1750280787
-0.440065860748291,1750467516.0,0.0579478479921817,1750280788
-0.6341384053230286,1750467516.0,-0.3799536824226379,1750280788
0.675517201423645,1750467517.0,-0.1339067220687866,1750280788
-4.7503814697265625,1750467518.0,1.2556357383728027,1750280788
-0.6761565804481506,1750467519.0,-0.5228222012519836,1750280788
0.7310665845870972,1750467520.0,-0.5412759780883789,1750280789
-1.0553715229034424,1750467520.0,0.3791809678077698,1750280790
-0.6870977878570557,1750467521.0,0.1019067913293838,1750280791
-0.0597779713571071,1750467522.0,1.218870759010315,1750280791
0.7430840730667114,1750467522.0,-0.0175317991524934,1750280791
0.0730818733572959,1750467523.0,0.8915751576423645,1750280791
1.3919720649719238,1750467523.0,-0.0489179454743862,1750280792
0.8729471564292908,1750467523.0,-0.734345018863678,1750280793
0.6859346628189087,1750467526.0,0.4878286123275757,1750280793
0.1493028402328491,1750467529.0,0.6837204098701477,1750280793
1.6495156288146973,1750467529.0,-0.5658602118492126,1750280793
-0.3563852608203888,1750467532.0,-0.9117501974105836,1750280794
0.016128521412611,1750467533.0,0.4428481161594391,1750280794
-1.6082295179367063,1750467534.0,1.1469926834106443,1750280794
-1.2484210729599,1750467535.0,-0.7645961046218872,1750280795
-1.5066871643066406,1750467535.0,0.7071680426597595,1750280796
0.5969487428665161,1750467538.0,1.8551000356674197,1750280796
-0.5425718426704407,1750467538.0,-0.8049342036247253,1750280797
1.7711440324783323,1750467539.0,0.7464937567710876,1750280797
-0.6300491094589233,1750467540.0,-0.5880604386329651,1750280797
-0.6838817000389099,1750467549.0,0.4424969553947449,1750280797
-0.948074758052826,1750467551.0,0.0517888814210891,1750280798
-0.6249166131019592,1750467551.0,-0.1459732800722122,1750280798
0.5802100300788879,1750467552.0,0.4384412765502929,1750280799
0.5773502588272095,1750467552.0,-0.0375584810972213,1750280799
-0.487968772649765,1750467554.0,0.9050173163414,1750280799
-0.3638639748096466,1750467557.0,1.037588119506836,1750280799
-0.7608781456947327,1750467557.0,-0.8085643649101257,1750280800
-0.6955826878547668,1750467558.0,-0.004942724481225,1750280800
-0.0250657089054584,1750467559.0,-0.2163752764463424,1750280801
0.6908146739006042,1750467561.0,-1.5358216762542725,1750280803
0.4691607356071472,1750467563.0,0.4451332986354828,1750280803
-0.3173193037509918,1750467563.0,0.0133350742980837,1750280803
-0.714002251625061,1750467564.0,-0.362466961145401,1750280803
-0.0617425255477428,1750467564.0,-0.6659631133079529,1750280804
0.0885173454880714,1750467564.0,-0.3468634486198425,1750280805
-1.2674987316131592,1750467565.0,-0.3398207724094391,1750280806
-0.652474045753479,1750467566.0,0.7648413777351379,1750280806
-0.2169694751501083,1750467566.0,-0.4501820802688598,1750280807
0.8492975831031799,1750467566.0,-0.6990140676498413,1750280807
0.5921956896781921,1750467567.0,-0.4397894442081451,1750280807
0.0472492910921573,1750467568.0,-0.032147042453289,1750280807
-0.7212852239608765,1750467568.0,0.4403194487094879,1750280807
0.3770777881145477,1750467568.0,1.575400948524475,1750280807
1.2505089044570925,1750467570.0,0.5850781798362732,1750280808
0.6779746413230896,1750467573.0,-0.2139396667480468,1750280808
1.1402686834335327,1750467574.0,0.1879738420248031,1750280810
-0.4816957712173462,1750467577.0,-0.5725420713424683,1750280810
-0.6459708213806152,1750467578.0,0.4565573334693908,1750280810
0.4166379570960998,1750467578.0,-0.0070112831890583,1750280810
-1.040097951889038,1750467579.0,0.7944192886352539,1750280811
-0.2622416913509369,1750467582.0,1.245186686515808,1750280811
-1.4745970964431765,1750467582.0,0.7149214744567871,1750280812
0.6096720695495605,1750467583.0,-0.4292179048061371,1750280813
0.4371275603771209,1750467583.0,0.6987786293029785,1750280813
-0.4843008816242218,1750467583.0,-0.7136232852935791,1750280814
-4.869865894317627,1750467585.0,-0.3823898732662201,1750280814
0.7513729929924011,1750467586.0,-0.2154939472675323,1750280814
1.1488598585128784,1750467586.0,0.5761339664459229,1750280814
-0.5780128240585327,1750467588.0,-0.6201348304748535,1750280815
-0.6940163969993591,1750467590.0,-0.7051886916160583,1750280816
-0.4695991277694702,1750467592.0,0.1086029708385467,1750280816
-0.2491290420293808,1750467592.0,0.2325235456228256,1750280816
1.4401229619979858,1750467593.0,-0.2773595750331878,1750280816
0.0694474950432777,1750467596.0,0.8008579015731812,1750280817
-0.7316097617149353,1750467596.0,0.7729294896125793,1750280818
0.1472486704587936,1750467599.0,-0.1305543035268783,1750280818
-0.3923998773097992,1750467599.0,-0.3795284032821655,1750280819
-0.6797682046890259,1750467600.0,0.133078247308731,1750280819
0.7510476112365723,1750467602.0,0.7385097742080688,1750280819
0.1484297662973404,1750467603.0,0.4186634123325348,1750280820
-0.7086760401725769,1750467604.0,0.6723257303237915,1750280820
0.3733940124511719,1750467606.0,-0.0443020276725292,1750280821
-1.3096346855163574,1750467610.0,-0.0181162636727094,1750280821
-0.7888778448104858,1750467613.0,0.2572267949581146,1750280822
0.5222694873809814,1750467613.0,0.6933450698852539,1750280822
-0.1050511598587036,1750467615.0,-0.4922757446765899,1750280822
0.0021637284662574,1750467615.0,-0.0059334258548915,1750280824
0.9591743350028992,1750467615.0,-1.1224374771118164,1750280825
-0.4078888297080993,1750467616.0,1.2388561964035034,1750280825
0.3341171145439148,1750467617.0,0.3914912343025207,1750280825
0.7644549608230591,1750467617.0,-0.0495060123503208,1750280825
-0.6706194877624512,1750467624.0,-0.4348830878734588,1750280825
0.0007353288820013,1750467624.0,1.2005903720855713,1750280826
1.0518505573272705,1750467627.0,-0.7316533923149109,1750280826
1.0805904865264893,1750467629.0,0.9767922163009644,1750280826
0.0051958076655864,1750467630.0,0.4210115373134613,1750280827
0.124068833887577,1750467632.0,0.6775785088539124,1750280827
0.4680992662906647,1750467633.0,-0.0941505283117294,1750280827
-0.5268318057060242,1750467634.0,-0.0681690573692321,1750280829
0.2181312441825866,1750467638.0,0.6554584503173828,1750280829
0.4118037223815918,1750467639.0,-0.4368252456188202,1750280829
-1.3505733013153076,1750467640.0,-0.7184730172157288,1750280830
-0.7139214277267456,1750467642.0,-0.7292153239250183,1750280830
0.4639653265476227,1750467643.0,-0.4005137383937835,1750280830
0.3375380933284759,1750467643.0,-0.0028902366757392,1750280830
1.722908616065979,1750467644.0,-0.5743535757064819,1750280830
-0.517771303653717,1750467644.0,-0.5929320454597473,1750280832
-0.2733747959136963,1750467647.0,0.6841761469841003,1750280832
-0.0485313981771469,1750467648.0,-1.1061015129089355,1750280832
-0.5741554498672485,1750467648.0,0.7124639749526978,1750280832
-0.6327677965164185,1750467649.0,-0.0265014991164207,1750280833
-1.049323320388794,1750467650.0,-0.4720743894577026,1750280834
-0.7021874189376831,1750467650.0,-0.4941195249557495,1750280834
-0.7288438081741333,1750467651.0,0.0100763412192463,1750280834
0.6861649751663208,1750467653.0,0.0094120092689991,1750280836
-0.9339732527732848,1750467653.0,-0.5922451615333557,1750280837
-0.375936359167099,1750467653.0,0.6501569747924805,1750280837
1.0359669923782349,1750467655.0,0.2483858913183212,1750280837
0.1014962568879127,1750467656.0,0.7038542032241821,1750280838
-0.6970772743225098,1750467657.0,-0.3496156632900238,1750280838
-0.3469400107860565,1750467657.0,0.3491747677326202,1750280838
-0.0801993161439895,1750467660.0,-0.3891814351081848,1750280839
1.3269678354263306,1750467661.0,-0.0726011991500854,1750280839
1.6159000396728516,1750467662.0,-0.3355505168437958,1750280839
-0.7289922833442688,1750467663.0,0.5239436626434326,1750280840
0.4306703507900238,1750467665.0,-0.0603954941034317,1750280840
0.4653717577457428,1750467665.0,-0.5653634667396545,1750280840
-1.7624725103378296,1750467665.0,-0.0482896119356155,1750280840
0.2974910140037536,1750467666.0,-0.0147740608081221,1750280840
-0.4973512589931488,1750467666.0,0.573603630065918,1750280840
-1.6903725862503052,1750467666.0,0.5748013854026794,1750280840
0.3990415334701538,1750467668.0,-0.0960036292672157,1750280840
-0.7045323848724365,1750467668.0,0.0192596185952425,1750280841
-0.2626295685768127,1750467669.0,0.6693634390830994,1750280841
-1.1598803997039795,1750467671.0,-0.6725395917892456,1750280843
-0.0862606242299079,1750467672.0,0.6453094482421875,1750280844
-0.5278216004371643,1750467673.0,0.7595751881599426,1750280844
-0.6467609405517578,1750467673.0,-0.7380195260047913,1750280845
-0.6267048120498657,1750467674.0,-0.4433643519878387,1750280845
0.6132785081863403,1750467675.0,0.6217634081840515,1750280845
-0.4704576730728149,1750467676.0,-0.485289454460144,1750280846
-0.6361681818962097,1750467676.0,0.0081809172406792,1750280846
1.3446098566055298,1750467677.0,0.4950191080570221,1750280847
-0.1446263641119003,1750467679.0,16.931135177612305,1750280849
-0.6899158954620361,1750467680.0,0.6920310854911804,1750280849
0.3603875637054443,1750467681.0,-0.2207082957029342,1750280849
0.0963563621044159,1750467683.0,-0.4588634371757507,1750280850
-0.6836740374565125,1750467684.0,0.204182431101799,1750280850
-0.6348440647125244,1750467684.0,0.7100741267204285,1750280850
0.6417607069015503,1750467686.0,1.7760776281356812,1750280852
-0.4057666659355163,1750467686.0,0.4218408763408661,1750280853
-0.3051212430000305,1750467689.0,-0.0895564407110214,1750280853
0.454857736825943,1750467690.0,0.4760645925998688,1750280853
-0.6683833599090576,1750467691.0,-0.654066264629364,1750280853
-0.6842377185821533,1750467692.0,-0.6315314769744873,1750280854
1.154348611831665,1750467692.0,2.1624515056610107,1750280854
-0.4525449573993683,1750467692.0,0.5042750239372253,1750280855
0.7147285342216492,1750467694.0,0.812087893486023,1750280856
0.0493673607707023,1750467694.0,0.6716267466545105,1750280856
0.3593645691871643,1750467695.0,0.2330825477838516,1750280856
-0.7958013415336609,1750467695.0,-1.4581971168518066,1750280857
0.0674441456794738,1750467697.0,0.3837840259075165,1750280857
-0.0026294637937098,1750467698.0,-0.226458802819252,1750280857
0.6913155317306519,1750467700.0,0.0004164929268881,1750280857
2.5843350887298584,1750467700.0,0.4250769913196563,1750280858
-0.5208913087844849,1750467702.0,0.0429536364972591,1750280858
-1.0358622074127195,1750467702.0,0.4267721176147461,1750280859
-0.7143324017524719,1750467703.0,-0.5088945031166077,1750280859
-1.1543391942977903,1750467704.0,1.89834463596344,1750280859
-1.4290403127670288,1750467707.0,-0.3878025710582733,1750280860
0.0648146644234657,1750467710.0,0.003888473380357,1750280860
-0.4864000380039215,1750467711.0,0.2774064242839813,1750280862
0.6956447958946228,1750467712.0,0.3898000419139862,1750280863
-0.7009922862052917,1750467713.0,-0.6583411693572998,1750280863
-0.4196515679359436,1750467713.0,0.3885460197925567,1750280863
-0.7284159660339355,1750467714.0,0.6714104413986206,1750280864
-0.9285473227500916,1750467716.0,0.0050790887326002,1750280865
-0.7593932747840881,1750467716.0,-0.3341755270957947,1750280865
0.7452356219291687,1750467718.0,0.4175052940845489,1750280865
-0.1238251626491546,1750467721.0,-0.0507349073886871,1750280866
0.7093090415000916,1750467723.0,-1.0956978797912598,1750280867
-0.0448022112250328,1750467723.0,-0.6931144595146179,1750280867
0.9433037638664246,1750467724.0,0.0629711002111435,1750280867
-0.08233442902565,1750467730.0,-0.7243635654449463,1750280867
1.1367168426513672,1750467732.0,0.3943920731544494,1750280868
0.3597280085086822,1750467734.0,-0.0194370131939649,1750280869
1.698820948600769,1750467734.0,0.4340840876102447,1750280869
1.1399585008621216,1750467735.0,0.0560514479875564,1750280869
0.4919812977313995,1750467735.0,0.4719888269901275,1750280869
0.4130325317382812,1750467736.0,-0.3221975862979889,1750280870
0.6435949206352234,1750467739.0,0.1002235263586044,1750280870
0.5587598085403442,1750467741.0,-0.0709791556000709,1750280870
0.4908517897129059,1750467746.0,-0.721942126750946,1750280871
-0.7118954062461853,1750467746.0,1.587986707687378,1750280871
0.5097015500068665,1750467747.0,-0.2392202019691467,1750280872
-0.1062685325741767,1750467750.0,-0.3324862420558929,1750280872
-1.070748209953308,1750467753.0,-0.423096090555191,1750280872
-0.6994596123695374,1750467753.0,-0.7874664664268494,1750280872
0.9102820754051208,1750467754.0,0.773059070110321,1750280873
0.2691975831985473,1750467756.0,0.455433189868927,1750280873
-0.4214343726634979,1750467756.0,-0.4559715092182159,1750280873
0.8692803382873535,1750467759.0,0.4684154987335205,1750280873
2.616984844207764,1750467762.0,-0.2083553820848465,1750280874
-0.4217814803123474,1750467762.0,0.2605300545692444,1750280874
-1.600192308425903,1750467762.0,-0.5001776814460754,1750280875
0.4616887271404266,1750467763.0,-0.000249539851211,1750280875
0.4459916055202484,1750467763.0,0.3399369418621063,1750280876
0.3189521431922912,1750467763.0,-0.468534767627716,1750280876
-0.5686091184616089,1750467763.0,0.7591087818145752,1750280876
-1.516961932182312,1750467764.0,-0.5669882297515869,1750280876
0.4513130187988281,1750467765.0,-0.1060708090662956,1750280877
0.3438195586204529,1750467766.0,-0.0451968498528003,1750280877
0.6064021587371826,1750467769.0,0.2154580801725387,1750280877
-0.153082326054573,1750467772.0,0.0841846019029617,1750280878
-0.1100379675626754,1750467772.0,-0.0733426734805107,1750280878
0.0118264174088835,1750467773.0,0.2630027532577514,1750280878
-0.2582675814628601,1750467774.0,-1.100006937980652,1750280879
-1.1679879426956177,1750467774.0,0.0659535452723503,1750280879
1.051747441291809,1750467776.0,-0.9271990656852722,1750280879
-0.3520517349243164,1750467778.0,-0.9669468402862548,1750280879
1.67776358127594,1750467781.0,0.7730166912078857,1750280880
0.3005655109882355,1750467784.0,0.4519343078136444,1750280880
-0.0047171735204756,1750467785.0,-0.0281561501324176,1750280880
-0.4293302595615387,1750467785.0,-0.6783781051635742,1750280881
0.5486871004104614,1750467785.0,-0.549615740776062,1750280881
0.1486486792564392,1750467789.0,-0.0556324422359466,1750280882
-1.1561532020568848,1750467791.0,1.8651481866836548,1750280882
-0.02266182936728,1750467792.0,-0.423505425453186,1750280883
-0.3576403558254242,1750467792.0,0.8454234004020691,1750280883
-0.0763788744807243,1750467794.0,0.4275698363780975,1750280883
0.3408601284027099,1750467795.0,0.2730554938316345,1750280884
-0.2389575690031051,1750467796.0,-0.4465214908123016,1750280885
0.6791168451309204,1750467797.0,0.4570392966270447,1750280885
0.5471913814544678,1750467798.0,0.4441962540149688,1750280885
0.7143808007240295,1750467800.0,0.5666335821151733,1750280886
-0.579471230506897,1750467800.0,1.672346115112305,1750280886
-0.0127713941037654,1750467802.0,-0.7119147181510925,1750280886
0.4050727188587188,1750467803.0,-0.7403022646903992,1750280887
1.153733253479004,1750467805.0,-0.4702876508235931,1750280887
0.6722860932350159,1750467806.0,0.2587252557277679,1750280887
0.4910620450973511,1750467806.0,-0.187827467918396,1750280888
-0.0492423959076404,1750467807.0,-0.0508440472185611,1750280888
-0.3401965796947479,1750467807.0,-0.3479795455932617,1750280888
1.103986740112305,1750467809.0,-0.4193745255470276,1750280890
-0.0032196713145822,1750467812.0,-0.382204532623291,1750280892
0.4296085834503174,1750467812.0,-0.013177553191781,1750280892
0.4633411765098572,1750467812.0,0.7189922332763672,1750280893
-1.278991460800171,1750467813.0,-0.0336689539253711,1750280893
-1.3614482879638672,1750467815.0,0.5775434970855713,1750280893
-1.5844173431396484,1750467816.0,0.5158581137657166,1750280894
-0.0711013153195381,1750467817.0,0.1933196038007736,1750280894
-0.9807749390602112,1750467818.0,1.0689756870269775,1750280895
0.401566743850708,1750467818.0,1.465738296508789,1750280895
1.2901674509048462,1750467819.0,-0.7344181537628174,1750280895
-0.0859543308615684,1750467820.0,-0.4620645940303802,1750280895
-0.4243623614311218,1750467822.0,-1.2974756956100464,1750280895
0.4501158893108368,1750467823.0,1.162988781929016,1750280895
0.3002469837665558,1750467824.0,-0.086273118853569,1750280895
0.693298876285553,1750467825.0,-0.7483316659927368,1750280895
-0.6896376609802246,1750467826.0,0.8805661797523499,1750280896
0.301109105348587,1750467826.0,0.3089733421802521,1750280896
0.4854388833045959,1750467828.0,0.4386686980724334,1750280896
0.665519654750824,1750467831.0,-0.4641183614730835,1750280896
-0.0588918775320053,1750467832.0,0.4179184138774872,1750280896
-0.0699742510914802,1750467834.0,-0.1622262448072433,1750280896
0.6912120580673218,1750467834.0,0.5616247057914734,1750280897
-0.6649972796440125,1750467835.0,0.4619688689708709,1750280897
-0.1882213205099105,1750467836.0,0.3977732360363006,1750280897
0.0670651718974113,1750467837.0,-0.6524514555931091,1750280898
0.4984490871429443,1750467838.0,-0.0028153175953775,1750280898
0.1544695794582367,1750467840.0,1.2215783596038818,1750280898
-0.6939605474472046,1750467840.0,-0.2521208524703979,1750280898
0.4721741378307342,1750467840.0,0.137126162648201,1750280899
0.4018110930919647,1750467843.0,-0.6243057250976562,1750280899
-1.632712483406067,1750467845.0,-0.1069930866360664,1750280899
-5.335733890533447,1750467847.0,0.5243195295333862,1750280899
-0.1496836990118026,1750467849.0,0.5692806243896484,1750280899
0.573998212814331,1750467849.0,1.564268946647644,1750280899
-0.6919711232185364,1750467849.0,0.3969635963439941,1750280900
0.1421621590852737,1750467850.0,-0.3763760328292846,1750280900
0.423471987247467,1750467851.0,-0.4200442433357239,1750280900
0.4694724678993225,1750467851.0,-0.7329287528991699,1750280900
-0.5758408308029175,1750467851.0,-1.745185375213623,1750280901
-0.689423680305481,1750467851.0,0.0170622169971466,1750280901
-0.0281326808035373,1750467852.0,0.3025940954685211,1750280902
-0.4260198473930359,1750467853.0,-0.6813935041427612,1750280902
1.6204218864440918,1750467854.0,0.2184748202562332,1750280903
1.83399760723114,1750467855.0,-0.6405079960823059,1750280903
1.5232563018798828,1750467856.0,0.6775287389755249,1750280903
-0.4639402329921722,1750467856.0,0.6950006484985352,1750280903
-0.4729825258255005,1750467857.0,1.1069391965866089,1750280903
0.4236798584461212,1750467858.0,-0.4633771777153015,1750280904
1.5752333402633667,1750467858.0,-4.995164999854751e-06,1750280904
-0.6883971095085144,1750467859.0,-0.4687325656414032,1750280904
1.4530500173568726,1750467862.0,-0.117482028901577,1750280905
-1.727695107460022,1750467863.0,1.123802661895752,1750280905
-0.4298542737960815,1750467864.0,-0.4970225095748901,1750280906
0.3864248096942901,1750467865.0,-0.1206578910350799,1750280907
0.2078324109315872,1750467866.0,-0.0467090904712677,1750280907
-0.5753498673439026,1750467867.0,0.4768970310688019,1750280908
0.1642975211143493,1750467868.0,0.619452714920044,1750280908
1.0544978380203247,1750467869.0,-0.3983672559261322,1750280908
0.6215298771858215,1750467870.0,-0.4515771567821502,1750280908
-0.67619788646698,1750467871.0,0.6671303510665894,1750280908
1.1054421663284302,1750467872.0,0.2396320402622223,1750280909
-0.6453530192375183,1750467872.0,0.220652773976326,1750280909
-1.0460593700408936,1750467873.0,-0.7319796681404114,1750280909
0.6083709597587585,1750467874.0,1.1910475492477417,1750280909
0.6754186153411865,1750467876.0,1.2677195072174072,1750280909
0.2259962409734726,1750467876.0,0.1325971782207489,1750280909
0.3576020002365112,1750467877.0,0.0338258296251297,1750280910
-0.4566472470760345,1750467878.0,0.3042608797550201,1750280911
-0.040357369929552,1750467879.0,0.4410478472709656,1750280911
1.2555053234100342,1750467880.0,-0.040751963853836,1750280911
0.1586700975894928,1750467881.0,-0.0306055471301078,1750280912
0.6868236064910889,1750467882.0,-0.4716338217258453,1750280913
0.4063967764377594,1750467882.0,-0.6524583101272583,1750280913
0.879088282585144,1750467882.0,-0.8619799613952637,1750280913
-0.9071670770645142,1750467883.0,0.5833051800727844,1750280914
0.4705388247966766,1750467885.0,0.4463181495666504,1750280914
2.238932847976685,1750467885.0,0.480236142873764,1750280914
-0.4717476367950439,1750467887.0,-0.6832325458526611,1750280914
0.7241166830062866,1750467889.0,0.4740436375141144,1750280915
2.014806270599365,1750467890.0,0.1505294144153595,1750280915
1.1793278455734253,1750467891.0,-0.6843041777610779,1750280916
0.4443560242652893,1750467894.0,-0.7833802700042725,1750280916
0.7215805053710938,1750467895.0,-0.4344717264175415,1750280917
-0.6912940740585327,1750467895.0,-0.5686749815940857,1750296822
0.416145771741867,1750467896.0,0.6379037499427795,1750296822
-0.4440335929393768,1750467898.0,-1.5994607210159302,1750296822
-0.453845739364624,1750467898.0,0.2643108367919922,1750296822
0.1200851872563362,1750467905.0,-0.0171133503317832,1750296822
-1.835799217224121,1750467906.0,0.492996335029602,1750296822
-0.3632687926292419,1750467908.0,-0.1636176705360412,1750296823
-0.7279178500175476,1750467910.0,0.5089560151100159,1750296823
-0.132056251168251,1750467910.0,0.1578205674886703,1750296823
0.67740797996521,1750467911.0,0.4318256080150604,1750296824
-1.2884986400604248,1750467916.0,0.0099250953644514,1750296824
-0.9651376605033876,1750467916.0,0.7095828652381897,1750296824
-0.8113551139831543,1750467917.0,-0.6928916573524475,1750296825
0.4079186618328094,1750467917.0,-0.0931361392140388,1750296825
-0.3896850645542145,1750467919.0,0.6926210522651672,1750296825
-0.442331314086914,1750467919.0,0.3675118386745453,1750296828
0.6769960522651672,1750487276.0,-0.3937479853630066,1750296828
0.470104843378067,1750487276.0,0.1393157243728637,1750296828
1.162273645401001,1750487279.0,-0.540992796421051,1750296828
-0.6294344067573547,1750487279.0,0.4503413438796997,1750296829
-0.4993852972984314,1750487284.0,0.4574480354785919,1750296829
0.7574519515037537,1750487285.0,-0.0016734966775402,1750296830
1.0754587650299072,1750487285.0,0.7983218431472778,1750296830
0.4349737167358398,1750487287.0,0.4542416334152221,1750296831
-0.9069241881370544,1750487287.0,-0.1005478203296661,1750296831
-0.439630776643753,1750487289.0,-0.5088483095169067,1750296831
-1.44854998588562,1750487289.0,0.7182424068450928,1750296832
0.5302720665931702,1750487290.0,0.7508134245872498,1750296832
0.7404643893241882,1750487292.0,0.5791622400283813,1750296833
0.0234816521406173,1750487292.0,0.5216337442398071,1750296833
0.0690007358789444,1750487296.0,-1.2348270416259766,1750296834
-0.0679056271910667,1750487296.0,-0.5940224528312683,1750296834
0.4247458577156067,1750487297.0,-0.4605655968189239,1750296835
-0.0507732965052127,1750487298.0,1.0452243089675903,1750296836
0.3002102673053741,1750487298.0,-0.7176284193992615,1750296836
0.1024048551917076,1750487299.0,0.115657702088356,1750296836
0.1335483789443969,1750487299.0,-0.0805590823292732,1750296837
0.6983880400657654,1750487300.0,1.60621976852417,1750296837
0.5694530010223389,1750487300.0,-0.7188339829444885,1750296837
-1.0507230758666992,1750487301.0,0.6190893650054932,1750296838
0.4419296383857727,1750487303.0,0.1175816878676414,1750296838
-0.4716987609863281,1750487303.0,0.4018478691577911,1750296838
0.7000681757926941,1750487306.0,-0.3587023913860321,1750296839
-0.141938179731369,1750487306.0,0.4213217794895172,1750296839
0.6548243761062622,1750487308.0,-0.4113090336322784,1750296840
-0.4891062080860138,1750487312.0,-0.4160258769989013,1750296840
1.2663426399230957,1750487313.0,-0.0536744967103004,1750296840
0.3814927339553833,1750487314.0,0.3656738400459289,1750296842
-0.0470172055065631,1750487317.0,-1.7178573608398438,1750296842
0.4168969094753265,1750487318.0,-0.3225631713867187,1750296842
0.7513189315795898,1750487319.0,0.5780979990959167,1750296842
-0.6877251863479614,1750487319.0,-0.4039212167263031,1750296842
0.0432581789791584,1750487322.0,0.444756805896759,1750296843
-0.518142580986023,1750487324.0,-0.1410005688667297,1750296843
0.0415896065533161,1750487324.0,-1.558071851730347,1750296843
-0.7091876268386841,1750487325.0,0.5483284592628479,1750296843
0.4424079358577728,1750487326.0,0.0852295011281967,1750296843
1.341109037399292,1750487326.0,0.2979058027267456,1750296843
-0.4670825600624084,1750487326.0,1.078011393547058,1750296844
1.069926142692566,1750487327.0,0.4546712338924408,1750296844
0.3402399122714996,1750487328.0,-1.200703740119934,1750296844
-0.8038187026977539,1750487329.0,0.0805005058646202,1750296845
-0.6937539577484131,1750487334.0,1.6185070276260376,1750296845
0.5988787412643433,1750487334.0,-2.226083755493164,1750296845
-1.0785260200500488,1750487335.0,-0.8090295791625977,1750296845
-0.9330464005470276,1750487335.0,0.4719287455081939,1750296846
-0.7550868988037109,1750487335.0,0.0969218239188194,1750296846
-0.4355847835540771,1750487336.0,1.4386268854141235,1750296846
-0.99633526802063,1750487339.0,0.1382057815790176,1750296847
0.6994227766990662,1750487341.0,-0.6056094169616699,1750296847
-0.518756091594696,1750487343.0,-0.3380786776542663,1750296847
0.1920430809259414,1750487344.0,-0.2487393915653228,1750296849
-0.0272458028048276,1750487344.0,0.2833723127841949,1750296849
0.5869886875152588,1750487347.0,-0.2362375110387802,1750296850
-0.0657554119825363,1750487348.0,-0.4096018075942993,1750296851
0.3676845133304596,1750487350.0,0.4917742908000946,1750296851
0.4215008020401001,1750487352.0,-0.7292228937149048,1750296852
0.783229649066925,1750487353.0,1.2281290292739868,1750296852
0.0542810969054698,1750487354.0,0.6894291639328003,1750296852
-0.4646894931793213,1750487358.0,0.5377802848815918,1750296852
-1.049551010131836,1750487361.0,1.1640747785568235,1750296852
-0.1070120260119438,1750487362.0,-0.7168591618537903,1750296853
-1.2949262857437134,1750487363.0,0.3558699488639831,1750296853
-0.9199196696281432,1750487363.0,0.3956497609615326,1750296853
0.6915904879570007,1750487364.0,-0.4037447273731231,1750296854
-0.6751732230186462,1750487365.0,0.7967588305473328,1750296855
0.5201063752174377,1750487365.0,-1.4725536108016968,1750296855
-1.141984939575195,1750487365.0,0.463354229927063,1750296856
-0.571930468082428,1750487366.0,-0.7521974444389343,1750296858
-0.5911768078804016,1750487369.0,-0.4467379450798034,1750296858
0.4920092821121216,1750487370.0,0.5867341756820679,1750296858
0.0046352883800864,1750487370.0,0.0920645073056221,1750296858
-0.7727959156036377,1750487372.0,1.5955275297164917,1750296858
0.6732486486434937,1750487372.0,0.4711653292179107,1750296858
0.4723343551158905,1750487373.0,-0.4705815017223358,1750296858
-0.6980108618736267,1750487375.0,-1.525192141532898,1750296860
-0.7130927443504333,1750487376.0,0.1385336220264434,1750296860
1.0583736896514893,1750487378.0,-0.4489023983478546,1750296861
-0.4177629053592682,1750487378.0,0.469218373298645,1750296861
1.0452083349227903,1750487381.0,0.0016252973582595,1750296861
-0.9329949021339417,1750487381.0,0.0191169716417789,1750296862
2.6395580768585205,1750487382.0,-0.614077627658844,1750296862
-0.4368181824684143,1750487383.0,-0.7134736776351929,1750296863
-0.7928639650344849,1750487383.0,0.3514210283756256,1750296863
0.6003646850585938,1750487386.0,0.1898235529661178,1750296863
-1.4422849416732788,1750487389.0,-0.4742403924465179,1750296863
0.4165269732475281,1750487391.0,0.1866400092840194,1750296864
0.3024528324604034,1750487393.0,-1.8106435537338257,1750296864
-0.7955785393714905,1750487394.0,0.3699105679988861,1750296864
0.4588057994842529,1750487395.0,-0.0068484912626445,1750296865
0.8083354234695435,1750487396.0,-0.4070115387439728,1750296865
0.0496706701815128,1750487396.0,0.4230681359767914,1750296866
0.5411027669906616,1750487397.0,-0.6849073171615601,1750296866
-0.7284051775932312,1750487398.0,0.065267376601696,1750296867
0.7338907718658447,1750487399.0,-0.2675137519836426,1750296867
-1.7993173599243164,1750487399.0,0.4702813327312469,1750296867
-0.2154471576213836,1750487400.0,-0.4120908379554748,1750296868
-0.6853542327880859,1750487402.0,-0.3808384835720062,1750296869
1.8370455503463743,1750487402.0,-0.5849790573120117,1750296870
0.691094696521759,1750487402.0,-0.0445950403809547,1750296870
0.6204968690872192,1750487404.0,0.0498478226363658,1750296870
0.4509687423706054,1750487405.0,-0.8224105834960938,1750296871
-0.679380476474762,1750487407.0,-0.7381559610366821,1750296872
0.0938667729496955,1750487407.0,0.0689228475093841,1750296873
1.161531925201416,1750487408.0,-0.6658849716186523,1750296873
-0.7086596488952637,1750487410.0,0.47803995013237,1750296874
0.406633973121643,1750487412.0,0.61081463098526,1750296875
-0.6899916529655457,1750487413.0,0.4125949740409851,1750296876
-1.0332109928131104,1750487414.0,0.5059018731117249,1750296876
1.0004256963729858,1750487417.0,-0.0476124547421932,1750296876
0.3867889642715454,1750487420.0,0.4845359027385711,1750296877
-0.7147461175918579,1750487421.0,-0.0126264132559299,1750296877
0.0216287616640329,1750487427.0,1.0227715969085691,1750296877
0.9074988961219788,1750487429.0,0.5759202837944031,1750296878
-0.6965777277946472,1750487432.0,-1.0306012630462646,1750296878
0.6776410937309265,1750487433.0,-0.6979460716247559,1750296878
-0.3763270378112793,1750487435.0,-0.5642364621162415,1750296878
0.6568273901939392,1750487437.0,-1.3304030895233154,1750296879
0.2608816921710968,1750487439.0,-1.132383942604065,1750296879
-0.5655037760734558,1750487440.0,-1.0420024394989014,1750296880
1.515270709991455,1750487441.0,0.0030110860243439,1750296880
1.0924659967422483,1750487441.0,-0.7591302990913391,1750296880
1.167112112045288,1750487441.0,0.6382738351821899,1750296880
0.6299968957901001,1750487441.0,1.0338730812072754,1750296881
-0.7112544178962708,1750487443.0,0.2973127961158752,1750296882
0.7548389434814453,1750487443.0,-0.4717446863651275,1750296883
0.4542583525180816,1750487445.0,-0.3847393691539764,1750296884
-0.9125438332557678,1750487446.0,0.4019595086574554,1750296884
0.1028312817215919,1750487447.0,0.4618570506572723,1750296884
0.4597688019275665,1750487450.0,0.0062389825470745,1750296885
-1.3546961545944214,1750487451.0,-0.3767452836036682,1750296886
0.700947105884552,1750487452.0,-0.0417524240911006,1750296887
-0.7010354399681091,1750487452.0,0.7414681315422058,1750296887
0.3937477469444275,1750487452.0,-1.2570350170135498,1750296887
1.6082029342651367,1750487453.0,1.0574193000793457,1750296887
0.6870238184928894,1750487454.0,-0.346928209066391,1750296888
-0.6184660792350769,1750487455.0,-0.4401582181453705,1750296888
-0.2272561490535736,1750487455.0,0.6279040575027466,1750296888
-0.7438116669654846,1750487456.0,1.683169960975647,1750296888
0.7234449982643127,1750487461.0,1.7179054021835327,1750296889
0.508094310760498,1750487462.0,0.3957614302635193,1750296889
0.4599766433238983,1750487462.0,0.4827033877372741,1750296889
-0.1464967727661132,1750487464.0,0.4102290868759155,1750296889
0.1781448572874069,1750487465.0,0.1153864413499832,1750296890
0.1110777854919433,1750487465.0,-0.4446976482868194,1750296890
-0.45445716381073,1750487466.0,-0.3657087087631225,1750296890
-0.1787004321813583,1750487469.0,0.4415410161018371,1750296891
-1.013141393661499,1750487472.0,0.722102701663971,1750296891
0.4221602380275726,1750487472.0,0.4228999614715576,1750296892
0.4658820033073425,1750487473.0,0.0587138310074806,1750296892
-0.0467620864510536,1750487476.0,0.1431800276041031,1750296893
0.4158908426761627,1750487476.0,0.0345073230564594,1750296893
0.4600636065006256,1750487477.0,-1.13021719455719,1750296895
0.2326366603374481,1750487478.0,0.6745196580886841,1750296896
-0.2484509795904159,1750487478.0,0.0095220804214477,1750296896
461.1305541992188,1750487479.0,-0.4092831015586853,1750296896
-0.4632965922355652,1750487479.0,-0.3616673350334167,1750296896
0.0438541807234287,1750487480.0,-1.7924124002456665,1750296897
-0.4192364811897278,1750487480.0,0.668182373046875,1750296897
-0.3008578419685364,1750487481.0,0.060551717877388,1750296897
0.7783923745155334,1750487481.0,0.8884264230728149,1750296897
1.3241198062896729,1750487482.0,-0.8021273016929626,1750296898
-1.0704199075698853,1750487485.0,-0.5539010763168335,1750296898
-1.7672176361083984,1750487485.0,-0.6893187165260315,1750296898
-0.9633161425590516,1750487487.0,0.6899967789649963,1750296900
0.6854045987129211,1750487487.0,-0.6813855171203613,1750296901
0.5072583556175232,1750487487.0,-0.0356591753661632,1750296901
-1.6082607507705688,1750487488.0,-0.3656992614269256,1750296901
-0.2748298346996307,1750487488.0,0.4676820039749145,1750296901
-1.1594679355621338,1750487489.0,0.4044018685817718,1750296901
0.6486728191375732,1750487491.0,0.3806863725185394,1750296901
2.4501991271972656,1750487492.0,0.7150937914848328,1750296901
-0.6713832020759583,1750487494.0,-0.5047389268875122,1750296902
0.4649196565151214,1750487495.0,0.7512713670730591,1750296902
-0.6882102489471436,1750487497.0,-0.0015256140613928,1750296902
1.12320077419281,1750487498.0,0.0017238439759239,1750296902
-0.0771284326910972,1750487498.0,0.4769117832183838,1750296902
1.1602325439453125,1750487499.0,0.4543877840042114,1750296903
-0.7004565596580505,1750487499.0,-0.4754928350448608,1750296903
-0.3252466022968292,1750487502.0,-1.6071279048919678,1750296904
0.2254882305860519,1750487503.0,0.381910115480423,1750296904
1.174494981765747,1750487503.0,-0.2855826318264007,1750296905
-1.7119712829589844,1750487506.0,0.4609506130218506,1750296906
0.7129040956497192,1750487507.0,-1.1543837785720823,1750296907
-0.6871576309204102,1750487507.0,0.075264997780323,1750296907
-0.652076244354248,1750487507.0,-0.0328693240880966,1750296907
1.0166336297988892,1750487508.0,-0.2056189924478531,1750296907
-0.289220243692398,1750487508.0,-1.0084478855133057,1750296907
0.4379941523075104,1750487509.0,0.6472529768943787,1750296908
-1.6182883977890017,1750487510.0,-1.1893422603607178,1750296908
-0.455096036195755,1750487510.0,0.1146233454346656,1750296909
-0.470940351486206,1750487511.0,-1.5752025842666626,1750296909
-0.6927480697631836,1750487513.0,-0.1264218240976333,1750296909
-0.4310437440872192,1750487513.0,0.4447881579399109,1750296910
-0.469837337732315,1750487517.0,-0.8581717610359192,1750296910
-2.311962127685547,1750487521.0,-0.6762245297431946,1750296911
-0.5529056787490845,1750487521.0,-0.0754225552082061,1750296912
0.0038896852638572,1750487523.0,-0.7262487411499023,1750296913
0.4714104235172272,1750487523.0,0.4046330749988556,1750296913
-0.2496781945228576,1750487524.0,0.7196246981620789,1750296914
1.4642226696014404,1750487526.0,-0.5171258449554443,1750296914
-0.4567288160324096,1750487527.0,0.7183354496955872,1750296914
0.9422945380210876,1750487528.0,-0.4811002910137176,1750296914
-0.4920617938041687,1750487528.0,-0.185815155506134,1750296915
2.467391967773437,1750487529.0,-0.0102620990946888,1750296915
1.4669448137283323,1750487532.0,-0.0540504269301891,1750296916
-0.6878805756568909,1750487533.0,-0.6019396185874939,1750296916
-0.4770392775535583,1750487533.0,0.2850722968578338,1750296916
0.8720093965530396,1750487533.0,-0.871353268623352,1750296916
0.6808267831802368,1750487534.0,1.5082366466522217,1750296916
0.2128791362047195,1750487538.0,0.0020039316732436,1750296917
0.4711720645427704,1750487539.0,-1.1414997577667236,1750296917
-0.6088054180145264,1750487539.0,-0.4452913701534271,1750296917
-0.6294673085212708,1750487540.0,-0.38843435049057,1750296918
1.1394522190093994,1750487541.0,-0.2111085206270218,1750296918
0.6476395726203918,1750487545.0,-0.3826538622379303,1750296918
-0.6627483367919922,1750487545.0,-0.5765427350997925,1750296919
0.5486053824424744,1750487548.0,0.0371292419731617,1750296919
-0.2247014194726944,1750487551.0,0.2300922125577926,1750296920
-0.5623630881309509,1750487551.0,1.6487977504730225,1750296921
-0.28354012966156,1750487553.0,0.7175524234771729,1750296921
1.2846744060516355,1750487554.0,-1.877346754074097,1750296922
0.9161126017570496,1750487554.0,-0.4542791545391083,1750296923
1.1068120002746582,1750487555.0,0.6413881778717041,1750296924
-0.1689954698085785,1750487556.0,0.1475450247526168,1750296925
-0.6203098893165588,1750487556.0,0.3009182810783386,1750296925
1.7745102643966677,1750487557.0,1.3994357585906982,1750296925
0.7230442762374878,1750487560.0,0.6865618824958801,1750296925
-0.7195442914962769,1750487560.0,0.3037626147270202,1750296926
0.7221019864082336,1750487562.0,-1.260564208030701,1750296926
-0.7002149224281311,1750487563.0,0.0078310323879122,1750296926
-0.0887874215841293,1750487565.0,0.6666157841682434,1750296926
0.3001437187194824,1750487568.0,-1.1715272665023804,1750296927
0.4150253236293793,1750487569.0,-0.4185675680637359,1750296927
-1.829981803894043,1750487570.0,-0.0385659299790859,1750296928
0.1092068925499916,1750487573.0,-0.0902953222393989,1750296928
1.3229610919952393,1750487578.0,0.7179150581359863,1750296929
0.7532709240913391,1750487578.0,-0.204725369811058,1750296929
-0.6959935426712036,1750487579.0,-0.980333149433136,1750296930
0.0582660697400569,1750487579.0,-7.808554801158607e-05,1750296930
-2.939008474349976,1750487581.0,0.4606712162494659,1750296931
0.675740122795105,1750487583.0,0.4415217936038971,1750296931
0.0750352218747139,1750487586.0,0.0259716250002384,1750296932
0.0008838367066346,1750487586.0,-0.431479275226593,1750296932
0.4785116612911224,1750487587.0,-0.0407854951918125,1750296933
0.456028014421463,1750487587.0,0.438275545835495,1750296933
0.3733933866024017,1750487589.0,-0.424956351518631,1750296933
-0.7030102610588074,1750487589.0,0.3170817792415619,1750296933
0.4747864603996277,1750487590.0,0.1662755906581878,1750296933
0.1941773295402526,1750487591.0,-0.5257160663604736,1750296935
-0.6596256494522095,1750487592.0,-0.258116602897644,1750296935
-0.3583174347877502,1750487592.0,-0.3792745769023895,1750296935
-0.2485716640949249,1750487592.0,0.0935742408037185,1750296935
-0.5478963851928711,1750487594.0,-0.4657805860042572,1750296936
0.4430024921894073,1750487594.0,-0.7000010013580322,1750296936
0.5751009583473206,1750487594.0,-0.4605264365673065,1750296937
0.1742490381002426,1750487598.0,-0.4337335526943207,1750296938
0.7230268716812134,1750487598.0,-0.0912389233708381,1750296939
0.8363446593284607,1750487598.0,-0.2347330152988433,1750296939
-0.4360079765319824,1750487600.0,0.7075711488723755,1750296939
1.0738073587417605,1750487600.0,-0.4493099749088287,1750296940
0.5775743722915649,1750487601.0,-0.6488100290298462,1750296940
0.5108497738838196,1750487601.0,-0.5817793607711792,1750296941
0.4618760645389557,1750487603.0,1.51704204082489,1750296942
-0.1260031759738922,1750487603.0,0.3871245980262756,1750296942
-0.6180057525634766,1750487607.0,0.3759407699108124,1750296943
0.3233160674571991,1750487607.0,0.4223476648330688,1750296943
0.4245940446853637,1750487608.0,-0.4395470023155212,1750296943
-0.4391686618328094,1750487608.0,0.5751168727874756,1750296944
-0.7057949900627136,1750487608.0,-0.0706027522683143,1750296944
1.7194857597351074,1750487609.0,1.2850778102874756,1750296945
-0.4988619387149811,1750487609.0,0.108475387096405,1750296945
1.029760241508484,1750487610.0,0.0028126500546932,1750296946
0.4863687455654144,1750487613.0,-0.7096131443977356,1750296946
0.4701612591743469,1750487613.0,1.0455965995788574,1750296946
-0.2197275161743164,1750487615.0,-0.3722047805786133,1750296947
0.0837411433458328,1750487616.0,-0.2425172477960586,1750296947
-0.0236978325992822,1750487617.0,-1.4024152755737305,1750296947
-0.4022290110588074,1750487617.0,-0.3906273245811462,1750296947
0.3082708716392517,1750487618.0,0.4306195378303528,1750296947
1.3960999250411987,1750487619.0,-0.436906635761261,1750296947
-1.6131088733673096,1750487619.0,-0.6920636892318726,1750296948
0.3813865482807159,1750487620.0,0.5816991329193115,1750296948
-1.2569432258605957,1750487620.0,-1.155514121055603,1750296948
-0.6864477396011353,1750487621.0,0.7761760950088501,1750296948
0.1288484632968902,1750487622.0,-0.4122848808765411,1750296948
-0.1940309703350067,1750487623.0,-0.288991779088974,1750296948
-0.5965029001235962,1750487624.0,0.5514783263206482,1750296949
-0.0740307047963142,1750487627.0,0.7259620428085327,1750296949
0.7081468105316162,1750487628.0,1.041244626045227,1750296949
-0.1305963397026062,1750487628.0,0.6788020730018616,1750296950
0.7812772989273071,1750487631.0,0.9753335118293762,1750296951
0.4207762479782104,1750487636.0,0.3135775923728943,1750296951
-0.7341893315315247,1750487637.0,-0.4861140549182892,1750296951
0.6960169076919556,1750487637.0,-0.42244753241539,1750296951
0.0405398234724998,1750487638.0,-0.5801798105239868,1750296952
0.0118190757930278,1750487638.0,-0.4494504034519195,1750296954
0.7197267413139343,1750487640.0,-0.4304943084716797,1750296954
-0.6855354905128479,1750487641.0,-1.1368961334228516,1750296954
0.6142849922180176,1750487642.0,-0.4643595516681671,1750296955
1.0142627954483032,1750487642.0,-0.7572520971298218,1750296955
1.486929416656494,1750487643.0,0.0924695655703544,1750296955
-0.4521909356117248,1750487646.0,1.3921105861663818,1750296955
0.8036662340164185,1750487647.0,0.8522223234176636,1750296956
0.3980602324008941,1750487647.0,-1.192363739013672,1750296956
0.3196832835674286,1750487650.0,-0.5031068921089172,1750296957
0.4157207310199737,1750487651.0,0.5875669717788696,1750296957
1.022055745124817,1750487652.0,-0.608827531337738,1750296958
-0.4618143737316131,1750487653.0,1.1804169416427612,1750296958
0.7202759981155396,1750487654.0,0.0003899383300449,1750296959
-0.6017104387283325,1750487657.0,-0.7157992720603943,1750296959
0.4760437309741974,1750487658.0,-0.7191554307937622,1750296959
-1.826974630355835,1750487658.0,-0.7121502161026001,1750296959
0.8801626563072205,1750487659.0,-0.4743799865245819,1750296960
0.4663177132606506,1750487661.0,0.0850745812058448,1750296960
-0.459380030632019,1750487662.0,0.7369087934494019,1750296961
1.552190184593201,1750487663.0,-0.0363633595407009,1750296961
0.4587359130382538,1750487663.0,0.4833840727806091,1750296961
-0.3351407349109649,1750487663.0,0.0870767086744308,1750296962
0.4593134820461273,1750487664.0,0.6727544069290161,1750296962
0.7044186592102051,1750487668.0,0.1206054091453552,1750296962
0.7191106677055359,1750487668.0,-0.2472719550132751,1750296963
0.4588754773139953,1750487669.0,-0.6743059754371643,1750296963
1.2689777612686155,1750487669.0,0.4571503698825836,1750296964
0.2468536049127578,1750487670.0,-0.0266937837004661,1750296965
0.0674733743071556,1750487672.0,0.0544059313833713,1750296965
-0.1310111135244369,1750487672.0,-0.8376485705375671,1750296965
0.9975814819335938,1750487674.0,-0.1444591730833053,1750296966
-0.2892495989799499,1750487675.0,0.1317591667175293,1750296966
0.6530842781066895,1750487679.0,-0.7156463265419006,1750296967
-0.673593282699585,1750487680.0,0.4267027974128723,1750296967
0.7069801092147827,1750487681.0,0.4470506310462951,1750296967
0.4338830709457397,1750487682.0,-0.6906037330627441,1750296967
0.3973859846591949,1750487684.0,-0.5345197916030884,1750296967
1.1200008392333984,1750487689.0,-0.4527594447135925,1750296967
-0.919575810432434,1750487693.0,-0.1014100760221481,1750296968
0.3875871896743774,1750487695.0,0.0353899076581001,1750296968
-0.9342514872550964,1750487697.0,0.5680440068244934,1750296969
0.7148758769035339,1750487701.0,0.7090142965316772,1750296969
-0.5022080540657043,1750487701.0,-1.7624167203903198,1750296969
1.5560075044631958,1750487707.0,-0.7330518960952759,1750296970
-0.7846944332122803,1750487708.0,-0.0041115800850093,1750296971
1.215470790863037,1750487708.0,0.3668645620346069,1750296972
-0.4348839819431305,1750487708.0,0.630405843257904,1750296972
0.2011752128601074,1750487709.0,0.0462274476885795,1750296972
0.4756843149662018,1750487709.0,-0.6637328267097473,1750296973
0.3591141998767853,1750487709.0,-1.238428831100464,1750296973
0.5439417958259583,1750487711.0,0.6615699529647827,1750296973
-0.3852951228618622,1750487712.0,0.0368394926190376,1750296973
0.1460368782281875,1750487713.0,0.0699210688471794,1750296974
-2.5722246170043945,1750487719.0,0.6835278272628784,1750296974
,,0.6031208634376526,1750296974
,,0.4562605321407318,1750296974
,,0.1624646186828613,1750296975
,,0.7442309856414795,1750296975
,,0.6878215074539185,1750296975
,,-0.6862567663192749,1750296975
,,0.3641054928302765,1750296975
,,0.2211070209741592,1750296976
,,0.4215675592422485,1750296977
,,0.2368465512990951,1750296977
,,-0.4133618772029876,1750296977
,,-0.645353376865387,1750296978
,,-0.0262387003749609,1750296978
,,-0.4837113618850708,1750296978
,,-0.9418909549713136,1750296978
,,-1.5454180240631104,1750296979
,,0.6185460090637207,1750296979
,,-0.1512819975614547,1750296980
,,0.1433297991752624,1750296981
,,-0.4162198603153229,1750296981
,,-0.4453648328781128,1750296981
,,-0.0057799345813691,1750296981
,,0.379215806722641,1750296982
,,-0.3936454355716705,1750296982
,,-0.4286911785602569,1750296983
,,-0.8968949913978577,1750296983
,,-0.7089794278144836,1750296983
,,0.5707326531410217,1750296983
,,0.3479887843132019,1750296984
,,0.4552785456180572,1750296984
,,-0.4692598581314087,1750296984
,,0.8767090439796448,1750296984
,,0.3195046484470367,1750296985
,,0.5874601602554321,1750296986
,,-0.5261859893798828,1750296986
,,-0.2442342191934585,1750296986
,,0.3647343218326568,1750296987
,,-0.4229282140731811,1750296987
,,-1.7252403497695925,1750296988
,,-0.225346103310585,1750296988
,,-0.7450520992279053,1750296989
,,0.0262831542640924,1750296989
,,-0.1150857210159301,1750296989
,,-0.6787564754486084,1750296989
,,0.4234184622764587,1750296990
,,0.0400087796151638,1750296990
,,0.4578607976436615,1750296991
,,1.3446811437606812,1750296991
,,0.4384677112102508,1750296992
,,0.4691263437271118,1750296992
,,-0.0581151358783245,1750296993
,,0.3301907479763031,1750296994
,,-0.2900537252426147,1750296995
,,0.6466653943061829,1750296995
,,0.3780952095985412,1750296995
,,-0.6545839309692383,1750296995
,,-0.4515767991542816,1750296996
,,0.5198917388916016,1750296996
,,0.1538969278335571,1750296997
,,-0.2130453586578369,1750296997
,,0.7644608020782471,1750296997
,,-0.90751451253891,1750296997
,,0.1093853339552879,1750296998
,,0.4344856739044189,1750297000
,,0.8104984164237976,1750297002
,,-0.7215210795402527,1750297002
,,0.2874103188514709,1750297002
,,-0.5421875715255737,1750297002
,,0.365971177816391,1750297003
,,-0.0822227597236633,1750297003
,,0.09182670712471,1750297003
,,-0.0005724760121665,1750297003
,,0.4545388519763946,1750297004
,,-0.4284051954746246,1750297004
,,0.6728030443191528,1750297005
,,-0.1380427926778793,1750297005
,,0.4221307039260864,1750297006
,,-0.094996377825737,1750297007
,,-0.4668018519878387,1750297007
,,-0.4282985925674438,1750297007
,,-0.3665755689144134,1750297008
,,-0.3623239994049072,1750297008
,,-0.6899957656860352,1750297008
,,-0.3863459229469299,1750297008
,,0.4217985272407532,1750297009
,,0.6243699789047241,1750297010
,,-0.0771139040589332,1750297010
,,0.738050639629364,1750297010
,,0.673861026763916,1750297011
,,-0.5812186002731323,1750297011
,,-0.455469399690628,1750297011
,,-1.060546636581421,1750297012
,,-3.29660964012146,1750297012
,,0.2050517201423645,1750297012
,,0.4501862823963165,1750297012
,,-0.1774369478225708,1750297012
,,0.2808521687984466,1750297012
,,-0.4000253081321716,1750297012
,,0.3950031995773315,1750297013
,,-0.9392685890197754,1750297013
,,-0.4541877806186676,1750297013
,,0.0236112028360366,1750297014
,,-0.6399971842765808,1750297014
,,0.4454702734947204,1750297015
,,0.2373788207769394,1750297016
,,-0.8716808557510376,1750297016
,,0.3958852291107178,1750297016
,,0.3629381060600281,1750297017
,,1.339422345161438,1750297018
,,-0.5095199942588806,1750297018
,,0.444791167974472,1750297019
,,0.7065766453742981,1750297019
,,0.4610922932624817,1750297019
,,-0.0747319161891937,1750297020
,,0.547748863697052,1750297020
,,-0.3290594220161438,1750297020
,,-0.0123941926285624,1750297020
,,-0.426005870103836,1750297021
,,0.3837670087814331,1750297021
,,0.8112609386444092,1750297021
,,0.4440346360206604,1750297022
,,-0.3957259953022003,1750297022
,,-0.9717571139335632,1750297022
,,0.1221283227205276,1750297023
,,0.7087942361831665,1750297023
,,-0.0600805655121803,1750297023
,,1.10531747341156,1750297024
,,0.2278179228305816,1750297024
,,-0.0044272504746913,1750297024
,,1.0337495803833008,1750297024
,,-0.1515201926231384,1750297024
,,-0.7080778479576111,1750297025
,,0.433037519454956,1750297025
,,-0.308714747428894,1750297026
,,0.0102915940806269,1750297027
,,0.0902547761797905,1750297028
,,0.5655598640441895,1750297028
,,1.1563844680786133,1750297028
,,0.0,1750297028
,,1.8245069980621336,1750297028
,,1.0059655904769895,1750297029
,,0.7626258730888367,1750297029
,,-0.1492626368999481,1750297029
,,0.1734005808830261,1750297030
,,-0.6897649765014648,1750297030
,,-0.2371836006641388,1750297030
,,-0.0313879400491714,1750297032
,,0.5132976770401001,1750297032
,,-0.4525098204612732,1750297032
,,0.4386709332466125,1750297032
,,0.4245628118515014,1750297033
,,-0.0375382378697395,1750297033
,,-0.686379075050354,1750297034
,,-0.0831239819526672,1750297034
,,1.555526852607727,1750297035
,,0.4887334704399109,1750297036
,,0.406713455915451,1750297036
,,1.2802191972732544,1750297036
,,0.3962362110614776,1750297036
,,-0.5034382343292236,1750297036
,,0.0458089150488376,1750297037
,,-0.4212984144687652,1750297037
,,-0.0011869269656017,1750297038
,,0.1301313936710357,1750297038
,,-0.464726984500885,1750297039
,,0.0537499971687793,1750297039
,,-0.4896375834941864,1750297039
,,-0.4120643436908722,1750297040
,,0.0084413783624768,1750297040
,,-0.004183882381767,1750297040
,,0.6245811581611633,1750297040
,,-0.4250141084194183,1750297041
,,0.1571455597877502,1750297042
,,0.4845833480358124,1750297042
,,0.467400848865509,1750297042
,,-0.4264704883098602,1750297043
,,0.0648269355297088,1750297043
,,-0.1717557907104492,1750297044
,,-0.4883854389190674,1750297044
,,0.4822332262992859,1750297045
,,0.5817120671272278,1750297046
,,-0.4469553232192993,1750297047
,,-0.458979845046997,1750297048
,,-0.0722173452377319,1750297048
,,0.7143012285232544,1750297048
,,0.0022876374423503,1750297049
,,0.4454838037490845,1750297049
,,0.5853378176689148,1750297049
,,0.0059149707667529,1750297049
,,0.1125109568238258,1750297050
,,0.4042384326457977,1750297052
,,0.4103097021579742,1750297052
,,0.0146546317264437,1750297052
,,-0.4646145403385162,1750297053
,,0.5074179768562317,1750297053
,,-0.465701013803482,1750297054
,,0.4109051525592804,1750297054
,,-0.4288580119609833,1750297055
,,-1.217708706855774,1750297055
,,-0.6653971672058105,1750297057
,,0.4390961527824402,1750297057
,,0.1462685912847519,1750297057
,,0.6740632653236389,1750297057
,,-0.229084312915802,1750297058
,,0.3756726682186126,1750297058
,,0.5218566656112671,1750297058
,,-0.4386931657791137,1750297058
,,-0.4400664269924164,1750297059
,,0.0260222479701042,1750297059
,,0.1033307611942291,1750297059
,,-0.4443759024143219,1750297060
,,0.0647927671670913,1750297060
,,0.4560964107513428,1750297060
,,-0.3264990150928497,1750297060
,,-0.2332457900047302,1750297061
,,-0.7148318290710449,1750297061
,,0.453363686800003,1750297062
,,-0.4439942836761474,1750297063
,,0.062740072607994,1750297063
,,-1.0349735021591189,1750297063
,,-0.4968151152133941,1750297063
,,0.6753813624382019,1750297063
,,-1.1234369277954102,1750297063
,,-0.2888523638248443,1750297063
,,0.0126103647053241,1750297064
,,0.7675274014472961,1750297064
,,0.5698985457420349,1750297064
,,1.0826797485351562,1750297064
,,-0.1625366061925888,1750297064
,,-0.4555647671222687,1750297065
,,-0.1401253044605255,1750297066
,,-1.1314828395843506,1750297066
,,-0.0331506617367267,1750297067
,,0.5549210906028748,1750297067
,,0.2232666909694671,1750297068
,,0.4694001674652099,1750297068
,,0.0613534301519393,1750297069
,,-0.6929680705070496,1750297069
,,-0.0037031746469438,1750297069
,,-0.064024269580841,1750297070
,,0.453894555568695,1750297070
,,0.2596773207187652,1750297071
,,-0.8645115494728088,1750297071
,,-0.3291502594947815,1750297071
,,0.5082637071609497,1750297072
,,-1.3041425943374634,1750297072
,,0.7015243172645569,1750297072
,,-0.0705129876732826,1750297073
,,0.1225944831967353,1750297074
,,0.6013932228088379,1750297074
,,-0.0176112335175275,1750297074
,,-0.146296739578247,1750297074
,,-0.639563262462616,1750297074
,,0.4726759493350982,1750297075
,,0.0842030420899391,1750297075
,,-0.1412909775972366,1750297075
,,0.0017659469740465,1750297076
,,0.6806502938270569,1750297076
,,0.1064365282654762,1750297076
,,0.4803752899169922,1750297076
,,-0.0022320747375488,1750297076
,,-1.1225312948226929,1750297077
,,0.0101931178942322,1750297077
,,-0.5790672302246094,1750297077
,,-0.5750624537467957,1750297077
,,-0.7768349647521973,1750297077
,,0.6917000412940979,1750297077
,,-0.1569006592035293,1750297077
,,-1.1701157093048096,1750297078
,,0.4185794293880462,1750297078
,,-0.4886758029460907,1750297079
,,-0.7341074347496033,1750297079
,,-0.6782151460647583,1750297079
,,0.3185185492038727,1750297080
,,0.6842546463012695,1750297081
,,-0.7322790026664734,1750297081
,,0.684150218963623,1750297081
,,0.4655733108520508,1750297082
,,-0.4722467064857483,1750297082
,,-0.4555633962154388,1750297082
,,-0.4496480822563171,1750297084
,,-1.154483199119568,1750297084
,,-0.086775928735733,1750297085
,,-0.4963956475257873,1750297086
,,-0.0020841362420469,1750297087
,,-0.5271705985069275,1750297087
,,0.0188923738896846,1750297087
,,-0.4755188822746277,1750297089
,,0.6492663621902466,1750297089
,,0.2342019528150558,1750297089
,,-0.3843648433685303,1750297090
,,0.4384436011314392,1750297090
,,0.477813184261322,1750297090
,,0.5777945518493652,1750297090
,,0.1416805237531662,1750297091
,,0.7402511835098267,1750297092
,,1.2990927696228027,1750297092
,,0.8889352679252625,1750297093
,,-0.6111608743667603,1750297093
,,-0.2715102434158325,1750297094
,,1.2197144031524658,1750297094
,,0.6803448796272278,1750297095
,,0.7539594769477844,1750297095
,,0.215722844004631,1750297095
,,0.6699065566062927,1750297097
,,0.418315052986145,1750297097
,,0.2775382995605469,1750297097
,,-0.437340646982193,1750297097
,,0.2595902383327484,1750297098
,,0.6655818223953247,1750297098
,,-0.4940994083881378,1750297098
,,0.3390301764011383,1750297098
,,0.2962371110916137,1750297098
,,-0.7283362150192261,1750297098
,,0.126538336277008,1750297099
,,0.7318069338798523,1750297099
,,0.3967284262180328,1750297099
,,1.0237843990325928,1750297100
,,-0.3077086806297302,1750297100
,,0.4393367171287536,1750297101
,,0.2943684160709381,1750297101
,,0.9041961431503296,1750297102
,,-0.6459829807281494,1750297103
,,-0.1146898195147514,1750297103
,,-0.4389813840389251,1750297104
,,0.2838056087493896,1750297104
,,-0.4307811856269836,1750297105
,,0.0832245051860809,1750297105
,,-0.4327866733074188,1750297105
,,-0.5388959646224976,1750297106
,,0.1244897320866584,1750297106
,,0.4281587302684784,1750297106
,,-0.4638188779354095,1750297106
,,-0.7294278740882874,1750297107
,,0.4603768587112427,1750297107
,,-0.7334964275360107,1750297109
,,0.7010087966918945,1750297109
,,-0.5073984265327454,1750297110
,,-0.1073553562164306,1750297110
,,1.0630468130111694,1750297110
,,-0.4336669147014618,1750297110
,,-0.2471492141485214,1750297110
,,1.613361358642578,1750297110
,,-0.7043699622154236,1750297111
,,0.5702897906303406,1750297112
,,0.0980190262198448,1750297112
,,1.054941177368164,1750297112
,,-0.4910275936126709,1750297112
,,0.0006952963303774,1750297112
,,0.1322720348834991,1750297112
,,0.4126990437507629,1750297113
,,-1.0625792741775513,1750297113
,,0.4471997916698456,1750297113
,,-0.0688416063785553,1750297114
,,0.214159294962883,1750297115
,,1.50786292552948,1750297116
,,0.6615994572639465,1750297117
,,-0.3466416299343109,1750297117
,,-0.6556170582771301,1750297117
,,0.4786601662635803,1750297118
,,1.141535758972168,1750297119
,,-0.5280243754386902,1750297119
,,0.2570427060127258,1750297119
,,0.6974727511405945,1750297120
,,1.302133321762085,1750297120
,,-0.4191034138202667,1750297121
,,-0.4802497029304504,1750297121
,,0.2895789444446563,1750297122
,,0.1015341728925705,1750297122
,,-0.5086673498153687,1750297122
,,-0.7633005976676941,1750297123
,,-0.9918290376663208,1750297124
,,-0.7479026913642883,1750297124
,,-0.9152692556381226,1750297124
,,1.3421318531036377,1750297124
,,-1.1653600931167605,1750297125
,,-0.7013664841651917,1750297126
,,-0.7904229760169983,1750297126
,,0.717879056930542,1750297126
,,-0.4516512751579284,1750297126
,,-1.6272293329238892,1750297126
,,0.3908922970294952,1750297127
,,-0.4319764375686645,1750297127
,,-0.6906439065933228,1750297127
,,-0.2669995129108429,1750297127
,,-0.4298198521137237,1750297127
,,-0.5892842411994934,1750297128
,,0.336665391921997,1750297128
,,0.6805538535118103,1750297128
,,0.0282069761306047,1750297129
,,1.0569499731063845,1750297130
,,-0.0164066776633262,1750297130
,,-0.7364093661308289,1750297130
,,0.5480163097381592,1750297131
,,0.0282184574753046,1750297131
,,0.4690560400485992,1750297131
,,-1.2877565622329712,1750297131
,,-0.7769267559051514,1750297132
,,0.4465720951557159,1750297133
,,-8.044350624084473,1750297134
,,0.1887549012899398,1750297135
,,0.0658164918422699,1750297135
,,0.4656936228275299,1750297135
,,-0.0010070867137983,1750297135
,,-0.4470885097980499,1750297136
,,0.9552854895591736,1750297136
,,-0.8005951642990112,1750297136
,,1.2531331777572632,1750297137
,,-0.2129789292812347,1750297138
,,0.4335940480232239,1750297138
,,-0.0487204939126968,1750297139
,,-0.6714480519294739,1750297139
,,-0.7442689538002014,1750297139
,,-0.0172300059348344,1750297140
,,0.4508938193321228,1750297140
,,0.148143470287323,1750297140
,,-0.4223280847072601,1750297140
,,-0.0613594949245452,1750297140
,,1.5499917268753052,1750297141
,,0.4164778888225555,1750297141
,,1.068836331367493,1750297142
,,0.815865159034729,1750297144
,,0.576195478439331,1750297144
,,0.384028673171997,1750297144
,,-1.072907328605652,1750297144
,,-0.1033546477556228,1750297145
,,0.3994943499565124,1750297145
,,-0.1386637240648269,1750297145
,,1.1854698657989502,1750297146
,,1.257333278656006,1750297146
,,0.1266251057386398,1750297147
,,0.8376275897026062,1750297147
,,0.0187704190611839,1750297147
,,0.0755559504032135,1750297148
,,-0.4759730398654938,1750297148
,,1.3560878038406372,1750297148
,,0.1533837169408798,1750297149
,,-1.0866857767105105,1750297149
,,-0.0298267025500535,1750297149
,,0.4214864671230316,1750297149
,,0.6787954568862915,1750297150
,,-0.7715717554092407,1750297151
,,-0.6598593592643738,1750297151
,,0.1768325120210647,1750297151
,,-1.8748128414154053,1750297152
,,0.679322361946106,1750297152
,,-0.0003942422044929,1750297152
,,0.3918352425098419,1750297153
,,0.4452956318855285,1750297153
,,-0.0900101214647293,1750297154
,,0.6808364391326904,1750297154
,,-0.0127054350450634,1750297154
,,0.4490108788013458,1750297154
,,0.5714789628982544,1750297154
,,-0.4413670599460602,1750297154
,,0.8407449722290039,1750297154
,,-1.1667917966842651,1750297155
,,-0.7535516023635864,1750297155
,,-1.8583680391311648,1750297155
,,0.4383963048458099,1750297155
,,0.2847589254379272,1750297156
,,-0.0387759059667587,1750297156
,,-0.0232036523520946,1750297158
,,-0.4632748663425445,1750297159
,,0.1410872489213943,1750297159
,,-0.5476633310317993,1750297159
,,-0.080870509147644,1750297160
,,0.4686864614486694,1750297160
,,-0.1494366079568863,1750297161
,,-0.3818699717521667,1750297162
,,0.4503617882728576,1750297162
,,0.2393697053194046,1750297163
,,0.7741793990135193,1750297164
,,0.4299727380275726,1750297164
,,-0.5129671692848206,1750297166
,,1.6064515113830566,1750297166
,,0.3166259825229645,1750297167
,,0.0981581360101699,1750297168
,,0.2054059654474258,1750297168
,,0.3934073150157928,1750297168
,,0.5760053396224976,1750297169
,,0.0036766489502042,1750297169
,,-0.4235063195228576,1750297169
,,-0.6123980283737183,1750297170
,,0.7529310584068298,1750297170
,,-0.1280774474143982,1750297171
,,0.4413800835609436,1750297172
,,-0.0911497846245765,1750297173
,,-0.1312216073274612,1750297173
,,0.0003261696838308,1750297173
,,-1.7115323543548584,1750297174
,,0.4633505940437317,1750297174
,,-1.1303614377975464,1750297174
,,0.7276895642280579,1750297174
,,0.0455719679594039,1750297174
,,0.6749022006988525,1750297174
,,0.5605804920196533,1750297175
,,0.4738782942295074,1750297175
,,0.4081432819366455,1750297176
,,0.4436255395412445,1750297177
,,0.3695592582225799,1750297177
,,0.4309707880020141,1750297177
,,0.4282484352588653,1750297178
,,-0.7178894281387329,1750297178
,,-0.4659043252468109,1750297179
,,1.7175065279006958,1750297179
,,-0.8368731737136841,1750297180
,,0.4918085932731628,1750297180
,,-0.7108896374702454,1750297180
,,-0.4059524238109588,1750297180
,,0.3870694637298584,1750297181
,,0.0952846184372901,1750297182
,,0.4368064403533935,1750297182
,,-0.081833004951477,1750297182
,,0.5562341809272766,1750297183
,,-1.0566641092300415,1750297184
,,0.2797900140285492,1750297185
,,-0.0598990432918071,1750297185
,,-0.1438705772161483,1750297185
,,-0.0473896861076355,1750297185
,,-0.2010101526975631,1750297186
,,0.1394415199756622,1750297189
,,-0.0032810322009027,1750297189
,,0.4649093449115753,1750297189
,,0.432111918926239,1750297189
,,0.6950255036354065,1750297190
,,0.9653860926628112,1750297190
,,-0.4406327605247497,1750297190
,,-0.3291861116886139,1750297191
,,0.4850222766399383,1750297191
,,-0.1020905971527099,1750297191
,,0.6915088891983032,1750297191
,,1.264531493186951,1750297191
,,-0.0025845183990895,1750297191
,,0.1583767980337143,1750297191
,,-2.14050841331482,1750297192
,,0.6186510920524597,1750297193
,,1.3879913091659546,1750297193
,,-0.0155383087694644,1750297193
,,-0.6954321265220642,1750297194
,,-0.9220121502876282,1750297195
,,-0.6209632754325867,1750297195
,,-0.2392002046108245,1750297195
,,-0.6939136981964111,1750297195
,,0.443446010351181,1750297195
,,0.5438114404678345,1750297196
,,0.6364520192146301,1750297196
,,-0.1829908341169357,1750297196
,,0.411932498216629,1750297197
,,-0.4474296271800995,1750297198
,,0.3292289972305298,1750297198
,,-0.1048448234796524,1750297198
,,1.6740596294403076,1750297199
,,-0.0119974724948406,1750297200
,,-0.0452829152345657,1750297201
,,-0.7000700235366821,1750297201
,,-0.8514197468757629,1750297201
,,0.9913383722305298,1750297202
,,0.4606748819351196,1750297202
,,0.1783603876829147,1750297202
,,0.4574530720710754,1750297202
,,0.1962228268384933,1750297202
,,-0.2246602177619934,1750297203
,,-0.6599112749099731,1750297203
,,0.0126945693045854,1750297203
,,-0.1334603875875473,1750297203
,,-0.694757878780365,1750297203
,,-0.4335740208625793,1750297204
,,0.3875186443328857,1750297204
,,-0.010829946026206,1750297204
,,-0.0050562713295221,1750297205
,,-0.6615197062492371,1750297206
,,0.017333498224616,1750297206
,,0.4175612926483154,1750297207
,,-0.6623029708862305,1750297207
,,0.3959968388080597,1750297207
,,0.4290383160114288,1750297208
,,0.3001698851585388,1750297208
,,-0.227575197815895,1750297209
,,-0.3572344183921814,1750297210
,,-0.678594708442688,1750297210
,,1.6695961952209473,1750297210
,,-0.4254171252250671,1750297211
,,-0.2133737951517105,1750297211
,,0.0392923206090927,1750297212
,,-0.1737738400697708,1750297212
,,-1.265800952911377,1750297212
,,-0.4210481643676758,1750297212
,,-0.3337806761264801,1750297212
,,0.6963178515434265,1750297212
,,0.6409258246421814,1750297212
,,0.6643076539039612,1750297213
,,0.6639853715896606,1750297213
,,0.4431265294551849,1750297213
,,-0.4477675855159759,1750297214
,,0.0285553280264139,1750297214
,,0.8826918005943298,1750297215
,,-0.6639478206634521,1750297215
,,-0.4596472978591919,1750297215
,,-0.8403303623199463,1750297216
,,0.0008909406606107,1750297217
,,0.4640636146068573,1750297217
,,0.5024870038032532,1750297218
,,0.6729206442832947,1750297218
,,0.4149479269981384,1750297219
,,-0.1658162176609039,1750297220
,,0.6977611780166626,1750297220
,,0.17133130133152,1750297220
,,0.6885320544242859,1750297221
,,0.1601542532444,1750297221
,,1.331992268562317,1750297221
,,0.760108232498169,1750297221
,,-0.0640250891447067,1750297221
,,0.7412145137786865,1750297221
,,-0.415226548910141,1750297222
,,0.4982277154922485,1750297223
,,0.0688027888536453,1750297223
,,0.4430491328239441,1750297223
,,-0.6446786522865295,1750297224
,,1.6070454120635986,1750297227
,,-0.4076220393180847,1750297227
,,0.5726858973503113,1750297228
,,-0.0023214761167764,1750297228
,,-0.467957854270935,1750297228
,,0.4493570029735565,1750297229
,,-0.1584538966417312,1750297229
,,0.4607206583023071,1750297230
,,1.0600264072418213,1750297230
,,-1.8397536277771,1750297231
,,0.461957722902298,1750297232
,,0.7032611966133118,1750297233
,,0.4641977250576019,1750297234
,,-0.4594559073448181,1750297234
,,0.6876600384712219,1750297235
,,0.4114492535591125,1750297236
,,-1.2549479007720947,1750297236
,,1.4411654472351074,1750297236
,,0.6850540637969971,1750297237
,,0.4539922773838043,1750297238
,,-0.1359347254037857,1750297238
,,0.5910055637359619,1750297238
,,0.3480815887451172,1750297238
,,0.4515225291252136,1750297238
,,-0.6784577965736389,1750297239
,,0.7196250557899475,1750297239
,,0.2808101773262024,1750297239
,,-0.2776072025299072,1750297239
,,0.6000158190727234,1750297240
,,-0.0064889066852629,1750297240
,,0.0614526271820068,1750297241
,,-0.5847789645195007,1750297241
,,0.7035415768623352,1750297241
,,0.3951151967048645,1750297241
,,0.7017930746078491,1750297241
,,-0.0259408019483089,1750297242
,,-0.6043981909751892,1750297242
,,0.1269472241401672,1750297242
,,-1.2902859449386597,1750297242
,,0.5950599908828735,1750297243
,,-0.0075155291706323,1750297243
,,0.6241581439971924,1750297243
,,0.0608313307166099,1750297243
,,-1.0522702932357788,1750297244
,,0.8616010546684265,1750297244
,,0.4256610572338104,1750297245
,,-0.3886845409870147,1750297245
,,1.1725488901138306,1750297246
,,-0.4459206163883209,1750297247
,,0.4308872818946838,1750297247
,,-0.3401606380939483,1750297247
,,-0.1589972227811813,1750297248
,,-0.0848191305994987,1750297248
,,-0.1792974025011062,1750297249
,,-0.1659500449895858,1750314124
,,1.5555282831192017,1750314124
,,0.8854806423187256,1750314125
,,-0.4499846994876861,1750314126
,,0.6768059730529785,1750314127
,,-0.481675237417221,1750314129
,,0.4565591812133789,1750314130
,,-1.1091723442077637,1750314130
,,0.7890123724937439,1750314131
,,1.1056557893753052,1750314132
,,0.7510679364204407,1750314132
,,-0.5215646624565125,1750314133
,,0.6012058854103088,1750314133
,,-0.6855464577674866,1750314133
,,-0.8365275859832764,1750314134
,,1.1587008237838743,1750314134
,,0.5525987148284912,1750314135
,,1.044219136238098,1750314135
,,0.8838487267494202,1750314135
,,0.51776123046875,1750314135
,,0.601754367351532,1750314135
,,-0.1091440320014953,1750314135
,,0.3774754405021667,1750314136
,,-0.665142297744751,1750314136
,,-0.7152261734008789,1750314136
,,0.7253036499023438,1750314136
,,-0.4312197566032409,1750314137
,,0.1921666860580444,1750314137
,,-0.4702410399913788,1750314138
,,-0.6701194047927856,1750314140
,,1.6108272075653076,1750314140
,,0.4244768917560577,1750314141
,,-0.423759400844574,1750314142
,,-0.3535835444927215,1750314142
,,-0.2283574640750885,1750314142
,,-0.1635962724685669,1750314142
,,-0.4142184257507324,1750314143
,,0.7197805643081665,1750314144
,,1.3548921346664429,1750314145
,,-0.1585749387741089,1750314145
,,0.454885333776474,1750314146
,,1.2387049198150637,1750314146
,,-0.4218373894691467,1750314146
,,-1.0541322231292725,1750314146
,,0.0246513225138187,1750314147
,,0.5258146524429321,1750314147
,,1.3771660327911377,1750314147
,,-0.1390932947397232,1750314147
,,1.163365364074707,1750314148
,,-0.6697975397109985,1750314148
,,-1.0906440019607544,1750314149
,,-0.6813451051712036,1750314149
,,-0.2766812443733215,1750314149
,,-0.4188203811645508,1750314149
,,-0.3862584829330444,1750314150
,,0.673746645450592,1750314151
,,-0.3931855857372284,1750314151
,,0.6862261295318604,1750314152
,,0.6880248785018921,1750314152
,,-0.4846897423267364,1750314152
,,0.4669904708862304,1750314153
,,0.2074484527111053,1750314154
,,0.4895733892917633,1750314154
,,-0.8224626183509827,1750314155
,,0.2619030177593231,1750314155
,,0.034804567694664,1750314155
,,-0.4502155780792236,1750314156
,,-1.5712051391601562,1750314157
,,-0.3873548507690429,1750314157
,,-0.3646921515464782,1750314158
,,-0.6829640865325928,1750314159
,,0.4182626605033874,1750314159
,,0.3655984699726105,1750314160
,,0.4155420958995819,1750314160
,,-0.6997300386428833,1750314162
,,-0.0490700379014015,1750314162
,,-0.1657872498035431,1750314163
,,0.6976519823074341,1750314163
,,-0.6591770052909851,1750314166
,,-0.4688725471496582,1750314166
,,-0.9955036044120787,1750314167
,,1.049756407737732,1750314167
,,0.9419733285903932,1750314167
,,-0.783500611782074,1750314168
,,-1.0204871892929075,1750314168
,,0.6834486126899719,1750314168
,,0.0126876132562756,1750314168
,,0.4496807157993316,1750314168
,,-0.4763140380382538,1750314168
,,0.4834248125553131,1750314168
,,-0.0159135442227125,1750314169
,,-1.7538902759552002,1750314170
,,-0.4626973867416382,1750314170
,,0.4298544526100158,1750314171
,,0.405113011598587,1750314171
,,-0.6833629012107849,1750314172
,,0.3686138689517975,1750314172
,,-0.2729441225528717,1750314173
,,-0.177454188466072,1750314173
,,0.4519949853420257,1750314173
,,-0.7060065865516663,1750314173
,,0.6974675059318542,1750314173
,,-0.001125143840909,1750314174
,,-0.5068671703338623,1750314175
,,-0.1570140868425369,1750314177
,,0.5419089198112488,1750314177
,,0.4719325602054596,1750314177
,,-0.5793163776397705,1750314178
,,0.7171911001205444,1750314178
,,0.5560379028320312,1750314178
,,0.7503237724304199,1750314178
,,-0.4504587352275848,1750314178
,,-0.0853058099746704,1750314179
,,0.1262910068035125,1750314179
,,-0.4210987389087677,1750314179
,,0.7228808999061584,1750314182
,,0.3106622397899627,1750314184
,,-0.4673890173435211,1750314184
,,-0.7160687446594238,1750314184
,,0.2614455819129944,1750314185
,,-1.2556933164596558,1750314185
,,1.0858627557754517,1750314185
,,0.4638901054859161,1750314186
,,0.7231783270835876,1750314187
,,-1.3785531520843506,1750314188
,,-0.3732361793518066,1750314188
,,0.6669670343399048,1750314188
,,-0.1883974224328994,1750314188
,,-0.4397799670696258,1750314189
,,0.6522571444511414,1750314189
,,0.0009194937301799,1750314189
,,0.2683694958686828,1750314189
,,-1.67064106464386,1750314189
,,-0.444686084985733,1750314189
,,-0.4488365650177002,1750314192
,,1.1568140983581543,1750314193
,,0.6168004274368286,1750314193
,,1.0536797046661377,1750314193
,,0.4471385478973388,1750314194
,,0.0208598617464303,1750314194
,,0.573300302028656,1750314195
,,0.4222433865070343,1750314196
,,-0.4631922543048858,1750314196
,,0.5961923599243164,1750314196
,,0.0137870823964476,1750314198
,,-0.1647353768348693,1750314198
,,-0.0977981984615325,1750314198
,,0.5996379852294922,1750314199
,,-0.9378477334976196,1750314200
,,-0.5501222014427185,1750314201
,,-0.4726461768150329,1750314201
,,-0.3759523928165436,1750314201
,,0.4414665400981903,1750314202
,,-0.2835414707660675,1750314202
,,-0.7631374597549438,1750314202
,,1.0515592098236084,1750314203
,,0.4604760706424713,1750314203
,,-0.0817042589187622,1750314203
,,0.4848856925964355,1750314203
,,0.3631415069103241,1750314204
,,0.664128839969635,1750314204
,,-0.2398709803819656,1750314204
,,0.0803520679473877,1750314205
,,-0.3660995364189148,1750314205
,,0.5771281719207764,1750314205
,,1.5790787935256958,1750314207
,,-0.887100875377655,1750314208
,,-0.7264310717582703,1750314208
,,0.3789556324481964,1750314208
,,-0.5614519715309143,1750314209
,,0.3024779558181762,1750314209
,,-0.7719371318817139,1750314210
,,-0.4649575352668762,1750314210
,,0.9203070998191832,1750314211
,,-0.2222016155719757,1750314211
,,0.4422569572925567,1750314212
,,-0.6674217581748962,1750314213
,,0.458579957485199,1750314213
,,0.452266663312912,1750314213
,,-1.0779235363006592,1750314213
,,-1.368562936782837,1750314214
,,0.5139482021331787,1750314214
,,1.287019968032837,1750314215
,,-0.5923634171485901,1750314215
,,0.7123622298240662,1750314215
,,-0.471209853887558,1750314215
,,0.4624033868312835,1750314217
,,0.7460147738456726,1750314218
,,-0.4437723159790039,1750314218
,,0.4669477343559265,1750314218
,,1.0993614196777344,1750314218
,,0.6465601921081543,1750314219
,,-0.6832031607627869,1750314219
,,0.7035470008850098,1750314219
,,-0.3171629905700683,1750314219
,,-0.4386753439903259,1750314220
,,-0.8241234421730042,1750314220
,,0.5069904923439026,1750314223
,,0.3998615741729736,1750314223
,,0.638427734375,1750314223
,,-0.0016745792236179,1750314224
,,0.0189352985471487,1750314225
,,1.0757235288619995,1750314225
,,0.2919192016124725,1750314225
,,-0.4526308178901672,1750314226
,,0.6589304208755493,1750314227
,,1.0860295295715332,1750314227
,,-0.7812177538871765,1750314227
,,0.0836149901151657,1750314227
,,0.4087324142456054,1750314228
,,-1.1620965003967283,1750314229
,,0.4426162242889404,1750314230
,,-0.4570660293102264,1750314230
,,0.1841413676738739,1750314230
,,0.7263925671577454,1750314230
,,0.7822966575622559,1750314231
,,0.6271271705627441,1750314231
,,-0.6518714427947998,1750314232
,,0.23807393014431,1750314232
,,0.6116446256637573,1750314232
,,0.5609517693519592,1750314233
,,0.1824999749660492,1750314233
,,0.7106860280036926,1750314233
,,-0.9962757229804992,1750314237
,,0.4458206295967102,1750314237
,,-0.6922962665557861,1750314238
,,-0.5650700330734253,1750314238
,,0.4080914556980133,1750314238
,,-0.129030555486679,1750314239
,,-0.7850906848907471,1750314239
,,-0.5865521430969238,1750314240
,,0.6183620095252991,1750314240
,,-0.5182057619094849,1750314240
,,-0.6780822277069092,1750314240
,,-0.3555741608142853,1750314240
,,-0.1686182469129562,1750314240
,,1.7540521621704102,1750314240
,,-0.0409667156636714,1750314240
,,-0.4461148083209991,1750314241
,,0.5497350692749023,1750314241
,,-0.629058837890625,1750314242
,,-0.0104855215176939,1750314242
,,0.6457657814025879,1750314242
,,-0.493463397026062,1750314242
,,-0.150269404053688,1750314242
,,-0.4292913377285003,1750314243
,,0.4492910504341125,1750314243
,,0.3269585072994232,1750314244
,,0.452285885810852,1750314244
,,-0.5542483329772949,1750314244
,,0.8035426139831543,1750314245
,,-0.0767155140638351,1750314246
,,0.7394624948501587,1750314246
,,-0.7820996046066284,1750314248
,,-0.4161515533924103,1750314249
,,-0.5424476265907288,1750314249
,,0.5325708985328674,1750314249
,,0.4992314875125885,1750314250
,,-0.6908591389656067,1750314250
,,-0.6532518267631531,1750314251
,,0.0048203957267105,1750314252
,,-0.6865906119346619,1750314252
,,-0.3951106965541839,1750314253
,,0.6675553917884827,1750314253
,,0.1463770419359207,1750314253
,,0.7439352869987488,1750314253
,,-0.4647385478019714,1750314253
,,-0.7035764455795288,1750314254
,,-0.5699906945228577,1750314255
,,-0.686923623085022,1750314256
,,0.3949548900127411,1750314257
,,0.6414409875869751,1750314257
,,1.8102452754974363,1750314258
,,0.1001256480813026,1750314258
,,-0.7022042274475098,1750314258
,,-0.4142281711101532,1750314259
,,0.6809359788894653,1750314259
,,-1.2068655490875244,1750314260
,,0.0152624631300568,1750314261
,,0.4248999655246734,1750314261
,,0.3799153864383697,1750314261
,,-0.4201600849628448,1750314261
,,-0.3633697628974914,1750314262
,,1.420880913734436,1750314263
,,0.6793133020401001,1750314263
,,0.7371512055397034,1750314263
,,-0.9321109652519226,1750314264
,,-0.2129722237586975,1750314265
,,0.0046253739856183,1750314265
,,0.4598057270050049,1750314266
,,-0.0338960215449333,1750314266
,,1.0369038581848145,1750314266
,,-0.0668207257986068,1750314268
,,-1.2358200550079346,1750314268
,,0.2803078591823578,1750314269
,,0.0536457784473896,1750314270
,,0.4415494799613952,1750314270
,,-0.4445871710777282,1750314270
,,0.4137228429317474,1750314270
,,1.0621623992919922,1750314271
,,0.4173875749111175,1750314272
,,-0.7304831743240356,1750314272
,,0.0008615588885731,1750314272
,,0.5086540579795837,1750314272
,,-0.0318855457007885,1750314274
,,-0.2263728231191635,1750314274
,,-0.0102240480482578,1750314274
,,0.6827569603919983,1750314275
,,-1.001794934272766,1750314275
,,0.4675480723381042,1750314275
,,0.0628944262862205,1750314275
,,0.1291802078485489,1750314275
,,-1.0025339126586914,1750314277
,,-0.6789960861206055,1750314277
,,-0.1930179148912429,1750314278
,,0.4902844429016113,1750314278
,,-0.4978354573249817,1750314279
,,-0.6847827434539795,1750314280
,,-0.7727918028831482,1750314281
,,-0.4094785153865814,1750314281
,,0.035724502056837,1750314281
,,0.6905336976051331,1750314281
,,-0.6903380751609802,1750314282
,,0.7765790820121765,1750314282
,,0.4425853192806244,1750314282
,,-0.028498888015747,1750314283
,,0.22496098279953,1750314284
,,0.1014137491583824,1750314284
,,-0.3453688025474548,1750314285
,,0.7106136679649353,1750314285
,,-0.5458859801292419,1750314285
,,-0.7426055669784546,1750314286
,,0.6075663566589355,1750314286
,,-0.042149756103754,1750314286
,,-0.4782337546348572,1750314286
,,0.075783759355545,1750314287
,,-0.6280761361122131,1750314287
,,0.3725768029689789,1750314287
,,0.0786460191011428,1750314288
,,-0.755675733089447,1750314288
,,0.2778410017490387,1750314289
,,0.2717010974884033,1750314289
,,0.7129353880882263,1750314290
,,0.7163383960723877,1750314290
,,-0.0630019083619117,1750314290
,,-0.5009484887123108,1750314290
,,0.4753161966800689,1750314291
,,-0.4323371350765228,1750314291
,,-0.371219277381897,1750314291
,,-0.7949749231338501,1750314293
,,0.0333870723843574,1750314293
,,-0.4582894146442413,1750314293
,,0.7207800149917603,1750314293
,,0.6038777232170105,1750314294
,,0.4673950374126434,1750314294
,,-0.0304316114634275,1750314295
,,0.0705405175685882,1750314295
,,0.4835444092750549,1750314295
,,0.7187580466270447,1750314296
,,-0.2431693822145462,1750314297
,,0.7304931282997131,1750314297
,,0.4184944927692413,1750314297
,,-0.5590643286705017,1750314298
,,0.7118523716926575,1750314298
,,0.423799991607666,1750314298
,,0.5139520168304443,1750314298
,,-0.0034909904934465,1750314299
,,0.4867492318153381,1750314299
,,0.0213375333696603,1750314300
,,-0.0926891788840293,1750314300
,,1.2298732995986938,1750314301
,,-0.4124259650707245,1750314301
,,-0.4246034026145935,1750314302
,,0.5077840685844421,1750314303
,,0.1411340981721878,1750314303
,,0.0843535885214805,1750314304
,,-1.7306421995162964,1750314304
,,0.6564896702766418,1750314304
,,-0.2359605580568313,1750314305
,,0.5392537713050842,1750314306
,,-0.6944316029548645,1750314306
,,-0.5747585892677307,1750314308
,,1.772649168968201,1750314309
,,0.6653213500976562,1750314309
,,0.471223384141922,1750314309
,,0.1607217788696289,1750314310
,,0.039851389825344,1750314311
,,0.727920651435852,1750314311
,,0.2587092816829681,1750314311
,,0.6632171869277954,1750314312
,,-0.6890990734100342,1750314312
,,0.4597904980182647,1750314312
,,-0.4035292565822601,1750314312
,,-0.6900444626808167,1750314313
,,1.5681222677230835,1750314313
,,-0.1575345993041992,1750314313
,,-0.0947630852460861,1750314315
,,-0.4266802370548248,1750314315
,,-0.7014429569244385,1750314315
,,-0.5891734957695007,1750314316
,,0.6876663565635681,1750314316
,,0.7230319380760193,1750314317
,,-1.051390528678894,1750314317
,,0.1141335368156433,1750314317
,,0.1332901269197464,1750314317
,,0.1799597293138504,1750314318
,,1.6114431619644165,1750314318
,,0.835857629776001,1750314318
,,-0.7984159588813782,1750314319
,,0.7514284253120422,1750314319
,,-0.9558514952659608,1750314319
,,-0.4754794538021087,1750314320
,,0.0724393501877784,1750314320
,,0.2824612259864807,1750314320
,,-0.6709249019622803,1750314320
,,-0.5985640287399292,1750314321
,,0.3147906959056854,1750314322
,,0.5894111394882202,1750314323
,,-0.6103646755218506,1750314323
,,-0.8126459717750549,1750314323
,,0.1006488502025604,1750314323
,,0.4483008980751037,1750314323
,,-0.6734764575958252,1750314324
,,0.4517064392566681,1750314324
,,0.5769831538200378,1750314324
,,0.5723500847816467,1750314324
,,-0.7147200703620911,1750314325
,,0.4461593329906463,1750314325
,,-0.5005478858947754,1750314325
,,0.3921384513378143,1750314326
,,0.0122860316187143,1750314326
,,-0.2402802407741546,1750314326
,,0.7256891131401062,1750314327
,,0.056202121078968,1750314327
,,-0.1601682603359222,1750314327
,,0.0832160487771034,1750314328
,,0.68583083152771,1750314328
,,-0.4150804579257965,1750314328
,,-0.467318058013916,1750314329
,,-0.0115080066025257,1750314330
,,0.7700698971748352,1750314330
,,-1.059269666671753,1750314332
,,0.6356268525123596,1750314332
,,-0.4575585126876831,1750314333
,,0.4561758637428283,1750314334
,,0.3924619853496551,1750314336
,,1.330591320991516,1750314336
,,-0.5906298756599426,1750314337
,,0.6129397749900818,1750314337
,,-1.0537408590316772,1750314338
,,0.5860289335250854,1750314338
,,0.4186807572841644,1750314338
,,0.0888638943433761,1750314338
,,-1.2477235794067385,1750314338
,,0.6883289217948914,1750314339
,,-0.5149621963500977,1750314339
,,0.1446609646081924,1750314339
,,-0.0018164213979616,1750314339
,,0.6470272541046143,1750314340
,,0.1702538132667541,1750314341
,,-0.4775897562503814,1750314341
,,1.049296259880066,1750314341
,,0.5763571262359619,1750314341
,,0.4474963843822479,1750314341
,,-0.0506338849663734,1750314342
,,0.355002760887146,1750314342
,,-0.4300484955310821,1750314342
,,0.2315100133419037,1750314343
,,-0.2299925237894058,1750314343
,,0.7017577290534973,1750314344
,,-0.6573739051818848,1750314345
,,-0.6566450595855713,1750314346
,,-0.035101655870676,1750314346
,,-0.3754784166812897,1750314347
,,0.393613338470459,1750314347
,,0.6658987402915955,1750314347
,,-0.0988810583949089,1750314348
,,0.4392354488372803,1750314349
,,0.0368262603878974,1750314349
,,0.5192497372627258,1750314350
,,0.4980528056621551,1750314350
,,0.5889992117881775,1750314350
,,0.4453356564044952,1750314350
,,-0.65968918800354,1750314351
,,-0.2795735001564026,1750314351
,,0.0485809445381164,1750314351
,,0.6990593671798706,1750314352
,,-0.4786473512649536,1750314352
,,1.08416485786438,1750314353
,,0.8875877261161804,1750314353
,,-0.0010198954259976,1750314354
,,-0.7898361682891846,1750314354
,,-0.4676304459571838,1750314354
,,0.4685072898864746,1750314355
,,0.4828669428825378,1750314355
,,0.1546781063079834,1750314356
,,0.4920859932899475,1750314356
,,-0.0674000903964042,1750314356
,,-0.4548375010490417,1750314356
,,0.2943241596221924,1750314357
,,0.2776249945163727,1750314357
,,-0.5278679728507996,1750314357
,,-1.572340726852417,1750314357
,,-0.7461776733398438,1750314358
,,0.2735886573791504,1750314358
,,0.603519856929779,1750314359
,,-0.4596019685268402,1750314359
,,-0.0561946965754032,1750314359
,,0.3962739408016205,1750314359
,,0.46736741065979,1750314360
,,0.6688838601112366,1750314360
,,-1.5903449058532717,1750314362
,,0.3973570168018341,1750314362
,,-0.8015066385269165,1750314363
,,0.0026427470147609,1750314364
,,0.3799842000007629,1750314364
,,0.395244687795639,1750314365
,,0.0845007374882698,1750314365
,,-1.263320803642273,1750314366
,,-1.1392616033554075,1750314366
,,-0.4428893625736236,1750314366
,,-1.357951521873474,1750314367
,,-0.4459545612335205,1750314367
,,0.4467523694038391,1750314368
,,-0.4423105120658874,1750314368
,,-1.1509007215499878,1750314369
,,0.0414517633616924,1750314370
,,-0.0142472684383392,1750314371
,,-1.252193570137024,1750314371
,,-0.6636583805084229,1750314371
,,-0.8617420196533203,1750314372
,,-0.0390146933495998,1750314372
,,0.4688048660755157,1750314372
,,0.3671509623527527,1750314372
,,-0.4601747989654541,1750314373
,,0.1669162958860397,1750314373
,,0.6934284567832947,1750314373
,,-0.6648411750793457,1750314374
,,-0.6981609463691711,1750314374
,,0.4316293895244598,1750314376
,,0.6916146278381348,1750314376
,,0.654779851436615,1750314377
,,0.030202466994524,1750314377
,,0.430614024400711,1750314377
,,-1.8868221044540403,1750314378
,,1.6074845790863037,1750314378
,,-0.0793521627783775,1750314378
,,0.7139737010002136,1750314378
,,1.4889090061187744,1750314379
,,-0.4536815881729126,1750314379
,,0.7290467023849487,1750314380
,,0.6007105708122253,1750314380
,,-0.3126556277275085,1750314381
,,-1.0549815893173218,1750314382
,,0.7163364887237549,1750314383
,,-0.4374454617500305,1750314383
,,-0.0024957912974059,1750314385
,,-0.7061760425567627,1750314385
,,1.0662474632263184,1750314385
,,-0.4582075178623199,1750314387
,,-0.4728788137435913,1750314387
,,-0.4746121764183044,1750314387
,,0.1177398562431335,1750314387
,,0.0257229581475257,1750314387
,,-0.575646162033081,1750314388
,,0.1979798972606659,1750314388
,,0.6987208127975464,1750314389
,,-0.6652784943580627,1750314389
,,-0.5153673887252808,1750314389
,,0.1356808841228485,1750314390
,,0.2603768706321716,1750314390
,,0.6872422099113464,1750314391
,,0.6192032098770142,1750314391
,,0.0994766652584075,1750314392
,,-0.4436338245868683,1750314392
,,-1.2083590030670166,1750314392
,,-0.7280524373054504,1750314392
,,-0.3856355845928192,1750314393
,,-0.6865149736404419,1750314393
,,-0.6873367428779602,1750314393
,,0.501099169254303,1750314394
,,-0.6837595105171204,1750314394
,,0.2033992111682891,1750314394
,,0.4354983270168304,1750314395
,,-0.1124228462576866,1750314395
,,0.2396475672721862,1750314395
,,0.7900140881538391,1750314395
,,0.5009474158287048,1750314396
,,0.5827292203903198,1750314396
,,1.4850780963897705,1750314397
,,-0.0243361573666334,1750314397
,,0.4879772365093231,1750314397
,,-0.4341239333152771,1750314399
,,0.4656822681427002,1750314399
,,-0.0979423820972442,1750314399
,,0.3566445112228393,1750314400
,,0.4558697044849396,1750314400
,,0.7626029849052429,1750314400
,,-0.0762540996074676,1750314401
,,0.4946134090423584,1750314401
,,-0.1427350044250488,1750314401
,,0.5143070220947266,1750314402
,,-1.5030425786972046,1750314403
,,0.4853240549564361,1750314403
,,-0.283801406621933,1750314403
,,-0.3279638886451721,1750314403
,,0.4420720338821411,1750314403
,,0.6707518100738525,1750314404
,,-0.5962259769439697,1750314405
,,-0.4142234325408935,1750314405
,,-1.075134515762329,1750314406
,,0.3597055971622467,1750314406
,,-0.734857439994812,1750314406
,,-0.3822611272335052,1750314406
,,0.4515486657619476,1750314407
,,-0.1397258341312408,1750314407
,,0.269913762807846,1750314408
,,0.7289292216300964,1750314408
,,0.774842381477356,1750314408
,,-1.657045841217041,1750314408
,,0.4869437515735626,1750314409
,,1.0315111875534058,1750314409
,,-1.3602440357208252,1750314409
,,-0.122019238770008,1750314410
,,-0.965617835521698,1750314410
,,0.630311906337738,1750314411
,,-0.2443410903215408,1750314411
,,-0.3464680314064026,1750314411
,,0.1825606375932693,1750314411
,,0.1014555618166923,1750314411
,,-0.2076345235109329,1750314412
,,1.3459794521331787,1750314412
,,-0.2945159077644348,1750314413
,,-0.5837668776512146,1750314413
,,-0.4554522037506103,1750314413
,,-0.7121899127960205,1750314414
,,-0.4032641351222992,1750314415
,,0.1042523980140686,1750314415
,,0.003828827291727,1750314416
,,-0.6817101836204529,1750314417
,,0.4421049952507019,1750314417
,,0.6423214077949524,1750314417
,,-0.7371412515640259,1750314417
,,0.7170842289924622,1750314418
,,0.699876070022583,1750314418
,,1.223786234855652,1750314419
,,-0.6680340766906738,1750314420
,,-0.6217458248138428,1750314421
,,-0.4720436930656433,1750314421
,,0.8370444178581238,1750314421
,,0.2481200546026229,1750314421
,,0.7340184450149536,1750314422
,,0.1014862954616546,1750314422
,,-0.9243347644805908,1750314423
,,0.0731941014528274,1750314424
,,0.0875196903944015,1750314424
,,0.0540908351540565,1750314425
,,0.4102633893489837,1750314426
,,0.1520843058824539,1750314427
,,-0.2610847353935241,1750314427
,,-0.5113171935081482,1750314427
,,0.0039708828553557,1750314428
,,0.5957329869270325,1750314428
,,-0.424915999174118,1750314428
,,0.1046110764145851,1750314429
,,0.432998925447464,1750314429
,,0.1454569548368454,1750314429
,,0.0343088470399379,1750314429
,,1.0472313165664673,1750314430
,,-0.0451012589037418,1750314430
,,-0.8606038689613342,1750314432
,,-0.7788355946540833,1750314433
,,-0.3903359174728393,1750314433
,,-0.9046812653541564,1750314433
,,0.7432804703712463,1750314433
,,-0.6979144811630249,1750314434
,,-0.0619983077049255,1750314435
,,0.5532397627830505,1750314435
,,-0.4376086592674255,1750314435
,,0.004985493607819,1750314436
,,-1.0380094051361084,1750314437
,,0.0073476494289934,1750314437
,,0.281417578458786,1750314437
,,-0.0309177637100219,1750314437
,,-0.0871846601366996,1750314437
,,0.7176743149757385,1750314438
,,0.0693124905228614,1750314438
,,-0.5259954333305359,1750314439
,,0.0731276050209999,1750314439
,,-0.4725090563297272,1750314439
,,-0.3208335041999817,1750314439
,,0.1475145369768142,1750314439
,,0.4564213454723358,1750314439
,,-0.1967635154724121,1750314439
,,-0.3787015378475189,1750314440
,,0.6761137843132019,1750314440
,,-1.093505859375,1750314441
,,-0.0594220533967018,1750314441
,,0.4743925631046295,1750314442
,,1.2507624626159668,1750314442
,,0.6594600081443787,1750314442
,,-0.4744702577590942,1750314443
,,0.4722964763641357,1750314443
,,-0.0412736907601356,1750314443
,,0.8292209506034851,1750314443
,,-0.6508408784866333,1750314443
,,-0.4667131006717682,1750314443
,,0.3900978863239288,1750314444
,,-0.0525945536792278,1750314444
,,1.8947055339813232,1750314445
,,-0.8992852568626404,1750314445
,,-0.4172741770744324,1750314446
,,-1.1512172222137451,1750314447
,,0.173610582947731,1750314447
,,0.4125068187713623,1750314447
,,0.4873631596565246,1750314447
,,-0.0386086888611316,1750314447
,,0.5808534622192383,1750314448
,,0.8234346508979797,1750314448
,,-1.671543002128601,1750314449
,,-0.4699070751667022,1750314449
,,-1.053046464920044,1750314450
,,0.6484112739562988,1750314450
,,0.9262207746505736,1750314450
,,0.0255044903606176,1750314453
,,0.2055935859680175,1750314453
,,-0.4099262058734894,1750314453
,,0.1427422612905502,1750314453
,,-0.0757873952388763,1750314455
,,-1.6858086585998535,1750314455
,,-0.0716371908783912,1750314455
,,-0.9899253249168396,1750314455
,,0.4266571402549743,1750314456
,,0.0253659207373857,1750314456
,,1.0677874088287354,1750314456
,,-1.1410247087478638,1750314456
,,-0.9774667024612428,1750314457
,,-0.4486739933490753,1750314457
,,-0.0552920363843441,1750314457
,,0.4415427446365356,1750314458
,,-0.1385581791400909,1750314458
,,0.1443202197551727,1750314458
,,-0.4562750160694122,1750314459
,,-1.5255128145217896,1750314459
,,1.739131212234497,1750314460
,,0.7823005318641663,1750314460
,,-1.282740592956543,1750314460
,,0.0248485431075096,1750314461
,,0.0541191808879375,1750314462
,,-0.5433529615402222,1750314462
,,0.3795061111450195,1750314462
,,0.7044967412948608,1750314464
,,-0.8662889003753662,1750314465
,,0.5898520350456238,1750314465
,,-0.00399613333866,1750314465
,,-0.7043452262878418,1750314465
,,-0.0970097556710243,1750314466
,,0.6790586113929749,1750314467
,,0.4644362330436706,1750314467
,,0.4148434102535248,1750314468
,,-0.1131708025932312,1750314468
,,0.3817388117313385,1750314468
,,0.7469857335090637,1750314468
,,-0.1578560322523117,1750314468
,,-1.6223305463790894,1750314468
,,-0.3746921122074127,1750314469
,,-0.6797047257423401,1750314469
,,1.0774601697921753,1750314470
,,0.5155423283576965,1750314470
,,-0.4370988607406616,1750314470
,,-0.4187198579311371,1750314471
,,0.6791555285453796,1750314471
,,-0.6207619309425354,1750314471
,,-0.4507821202278137,1750314471
,,0.4168216288089752,1750314471
,,0.5833616852760315,1750314472
,,0.4250092506408691,1750314472
,,-0.5674167275428772,1750314472
,,0.6996108889579773,1750314472
,,0.7279658913612366,1750314472
,,0.4501388370990753,1750314473
,,-0.4917703568935394,1750314473
,,-0.0209259465336799,1750314474
,,0.2577418088912964,1750314474
,,-0.5662814378738403,1750314475
,,-0.4136455655097961,1750314476
,,-0.3924546241760254,1750314476
,,-0.2881140112876892,1750314477
,,-0.0096865091472864,1750314477
,,0.6070996522903442,1750314477
,,0.4239406883716583,1750314478
,,0.2783108055591583,1750314478
,,-0.0343910902738571,1750314479
,,0.6911429166793823,1750314479
,,-2.0119259357452397,1750314479
,,0.6892917156219482,1750314481
,,0.4181900322437286,1750314482
,,0.4397239685058594,1750314482
,,0.3948839008808136,1750314483
,,-0.3757286965847015,1750314485
,,-1.24016535282135,1750314485
,,-0.1217255815863609,1750314486
,,-0.0310901422053575,1750314486
,,-0.1204827651381492,1750314486
,,0.5025649666786194,1750314486
,,-0.6616412401199341,1750314488
,,-0.713761031627655,1750314489
,,0.4464129209518432,1750314489
,,0.2266334295272827,1750314489
,,-0.0788859128952026,1750314489
,,0.6888782978057861,1750314490
,,0.436883807182312,1750314490
,,0.4228343963623047,1750314490
,,0.7294644117355347,1750314490
,,-0.0583671145141124,1750314491
,,0.7927703857421875,1750314491
,,-0.7120082974433899,1750314491
,,0.2345682829618454,1750314491
,,-0.1558732986450195,1750314492
,,0.0390681102871894,1750314492
,,0.7218432426452637,1750314492
,,0.2600935399532318,1750314492
,,0.9048992991447448,1750314492
,,-0.4281803667545318,1750314492
,,0.7780742645263672,1750314493
,,0.0562291257083416,1750314493
,,-0.0995908677577972,1750314493
,,-0.2910163104534149,1750314494
,,0.0499001517891883,1750314494
,,-0.6936153173446655,1750314495
,,0.6637452840805054,1750314496
,,0.0525060072541236,1750314496
,,-0.155752345919609,1750314496
,,-0.1376059651374817,1750314496
,,0.608322024345398,1750314497
,,-0.0011299235047772,1750314497
,,-0.4480704069137573,1750314498
,,0.6295902132987976,1750314498
,,-0.6928234100341797,1750314499
,,0.2582375705242157,1750314499
,,1.0671004056930542,1750314500
,,-0.6367684006690979,1750314500
,,0.1397003680467605,1750314500
,,0.340709924697876,1750314502
,,1.1815391778945925,1750314502
,,-0.4560471177101135,1750314502
,,0.6723035573959351,1750314503
,,-1.4932259321212769,1750314504
,,0.4493378698825836,1750314505
,,-0.0848707407712936,1750314506
,,0.4246490597724914,1750314506
,,0.0021249263081699,1750314507
,,-0.4562926292419433,1750314507
,,-0.4957665503025055,1750314509
,,-0.0500442869961261,1750314509
,,0.3460885286331177,1750314510
,,-0.4498286545276642,1750314510
,,0.4367460310459137,1750314510
,,-0.6696503162384033,1750314510
,,0.1523364186286926,1750314511
,,-0.3983446955680847,1750314511
,,0.4278471767902374,1750314512
,,-0.0025814396794885,1750314513
,,0.7147278785705566,1750314513
,,0.6342049837112427,1750314513
,,-0.7116754055023193,1750314513
,,0.5329084396362305,1750314514
,,-0.6850825548171997,1750314515
,,-0.5421335101127625,1750314515
,,-0.2363196015357971,1750314515
,,-0.1618820428848266,1750314515
,,-0.3861109912395477,1750314516
,,-0.4716826379299164,1750314517
,,0.6203386783599854,1750314517
,,-0.4120765626430511,1750314517
,,1.2055532932281494,1750314517
,,-0.4346396625041961,1750314517
,,0.259703665971756,1750314517
,,0.067388966679573,1750314518
,,-0.223477154970169,1750314518
,,-0.0033976684790104,1750314518
,,-0.0487201996147632,1750314519
,,0.4535610973834991,1750314519
,,0.4165468513965606,1750314519
,,-1.1904911994934082,1750314520
,,-0.3382479250431061,1750314520
,,-0.362434834241867,1750314520
,,0.8257079124450684,1750314520
,,0.0925010368227958,1750314521
,,-0.3399352133274078,1750314521
,,0.4323734641075134,1750314522
,,-0.962669849395752,1750314523
,,0.062881626188755,1750314524
,,-0.0771734192967414,1750314524
,,0.6920441389083862,1750314525
,,-0.1888773739337921,1750314525
,,0.4219747483730316,1750314525
,,-0.8286029696464539,1750314525
,,-0.1545882672071457,1750314526
,,1.2151806354522705,1750314526
,,0.7340695261955261,1750314526
,,-0.3690502345561981,1750314526
,,0.0515061058104038,1750314526
,,0.4051598310470581,1750314528
,,1.1553043127059937,1750314528
,,-0.1033464446663856,1750314528
,,-0.6792040467262268,1750314529
,,0.699492335319519,1750314530
,,0.8057114481925964,1750314530
,,-0.079921618103981,1750314531
,,-0.461224764585495,1750314531
,,1.0592554807662964,1750314532
,,0.217167392373085,1750314532
,,-0.7401494979858398,1750314532
,,0.7641671299934387,1750314533
,,-1.3062304258346558,1750314533
,,-0.0241534169763326,1750314533
,,0.555794358253479,1750314533
,,0.5394681096076965,1750314534
,,1.3339855670928955,1750314535
,,0.0053450413979589,1750314535
,,-0.576175332069397,1750314535
,,0.5771411061286926,1750314536
,,0.4817412793636322,1750314536
,,0.7776462435722351,1750314537
,,0.21601402759552,1750314537
,,-0.3767933547496795,1750314537
,,-0.3782373666763305,1750314537
,,0.6950648427009583,1750314537
,,0.1016792058944702,1750314537
,,0.4648105800151825,1750314538
,,0.5567108392715454,1750314539
,,-0.643221914768219,1750314539
,,-0.4744032919406891,1750314540
,,-0.6083314418792725,1750314540
,,-0.4689095020294189,1750314540
,,0.0016577104106545,1750314541
,,0.5773502588272095,1750314541
,,-0.2367932051420211,1750314541
,,-0.7360938191413879,1750314542
,,0.7320452332496643,1750314542
,,0.0601155273616313,1750314543
,,0.7125889658927917,1750314544
,,-0.0101115582510828,1750314544
,,-0.4002105295658111,1750314545
,,0.4248316586017608,1750314545
,,-0.5011635422706604,1750314546
,,-0.5564711689949036,1750314547
,,0.052689354866743,1750314547
,,0.400934487581253,1750314547
,,-0.6296058893203735,1750314547
,,-0.3794529736042022,1750314548
,,-0.0205598026514053,1750314549
,,0.5112441182136536,1750314549
,,0.0928938835859298,1750314549
,,0.4946860671043396,1750314549
,,-1.217491865158081,1750314549
,,0.6852381229400635,1750314550
,,-0.0928599685430526,1750314550
,,-0.5801712274551392,1750314551
,,-0.4879558384418487,1750314551
,,0.7099435329437256,1750314551
,,-0.6907241940498352,1750314552
,,0.4397490620613098,1750314552
,,0.4824436902999878,1750314553
,,0.5685687065124512,1750314553
,,0.4573637843132019,1750314553
,,-0.5042550563812256,1750314553
,,-0.0591312982141971,1750314554
,,0.6853532195091248,1750314555
,,-0.1757399439811706,1750314555
,,-0.1545459628105163,1750314555
,,-0.2104073911905288,1750314555
,,-0.7568275332450867,1750314555
,,-0.7394248843193054,1750314555
,,-0.9767488837242126,1750314556
,,0.0122043713927268,1750314556
,,0.4352957010269165,1750314556
,,1.8227078914642332,1750314556
,,0.6046879887580872,1750314557
,,-0.4163198173046112,1750314557
,,-0.6623448729515076,1750314557
,,-0.4301032125949859,1750314557
,,-1.2491153478622437,1750314557
,,-0.2306226342916488,1750314559
,,0.5362074375152588,1750314559
,,-0.3790835738182068,1750314560
,,-0.7052134871482849,1750314560
,,-0.441942811012268,1750314560
,,-0.4617548882961273,1750314561
,,-0.7040443420410156,1750314561
,,-0.2317452281713485,1750331677
,,0.0602184906601905,1750331677
,,0.0373812466859817,1750331678
,,-0.5825923681259155,1750331678
,,-1.8874348402023315,1750331678
,,0.4562990069389343,1750331678
,,0.6874940991401672,1750331678
,,0.6188233494758606,1750331678
,,-0.5952163338661194,1750331679
,,-0.6778624057769775,1750331679
,,0.6511839628219604,1750331679
,,-0.7309451699256897,1750331679
,,0.6814002990722656,1750331680
,,-0.5563932657241821,1750331680
,,-0.0424504913389682,1750331680
,,0.4143844544887543,1750331680
,,-0.0143767371773719,1750331681
,,-0.0540021359920501,1750331681
,,0.0583276450634002,1750331681
,,0.0581855662167072,1750331681
,,0.0900129899382591,1750331682
,,-0.1070939153432846,1750331682
,,0.6382105350494385,1750331682
,,0.7435057759284973,1750331682
,,0.4482894539833069,1750331683
,,-0.3966101109981537,1750331683
,,0.4669236540794372,1750331683
,,0.579048216342926,1750331684
,,0.4150069653987884,1750331684
,,0.315003752708435,1750331685
,,0.7145134210586548,1750331685
,,0.6394626498222351,1750331685
,,0.0214755330234766,1750331685
,,0.4594564437866211,1750331686
,,-0.5177186727523804,1750331686
,,0.4277474582195282,1750331687
,,0.3904865384101867,1750331687
,,1.7531490325927734,1750331688
,,0.0012960265157744,1750331688
,,0.0402603410184383,1750331689
,,0.3259360790252685,1750331689
,,-0.4082400500774383,1750331690
,,-0.0021475770045071,1750331690
,,0.5743230581283569,1750331691
,,0.6475014686584473,1750331691
,,2.2126176357269287,1750331692
,,0.0339129343628883,1750331692
,,-0.4315501153469085,1750331692
,,-0.1127123162150383,1750331694
,,0.4482860863208771,1750331694
,,1.0806576013565063,1750331694
,,0.7282825708389282,1750331694
,,-0.1141798049211502,1750331694
,,-0.245076984167099,1750331695
,,0.1144733503460884,1750331695
,,0.0791605040431022,1750331695
,,-0.0115297818556427,1750331696
,,0.1994845271110534,1750331696
,,0.597575843334198,1750331696
,,-0.9067226648330688,1750331697
,,0.4402212798595428,1750331697
,,1.3701611757278442,1750331698
,,-1.4238632917404177,1750331698
,,0.539212167263031,1750331699
,,-0.7002238035202026,1750331699
,,-0.9810543656349182,1750331700
,,-0.6732822060585022,1750331700
,,0.6886053681373596,1750331700
,,1.2532715797424316,1750331700
,,-0.1725851148366928,1750331701
,,1.2634156942367554,1750331701
,,-0.3509065806865692,1750331701
,,0.870681881904602,1750331701
,,-0.4237760305404663,1750331702
,,0.2468750029802322,1750331702
,,-0.0569290146231651,1750331703
,,-0.773712694644928,1750331704
,,-0.1711034327745437,1750331704
,,0.708868145942688,1750331704
,,-0.713491678237915,1750331706
,,-0.0265962295234203,1750331706
,,0.4751210510730743,1750331706
,,-0.1546743363142013,1750331706
,,-0.3009023666381836,1750331707
,,-0.0922941789031028,1750331707
,,-0.7274927496910095,1750331707
,,-0.635481059551239,1750331707
,,-0.5765141248703003,1750331708
,,0.2533394396305084,1750331709
,,0.4481857717037201,1750331709
,,0.7718632221221924,1750331709
,,-0.2528232932090759,1750331710
,,-0.8153481483459473,1750331711
,,-0.5506306290626526,1750331711
,,0.690109372138977,1750331712
,,0.4229197800159454,1750331712
,,0.7108290791511536,1750331712
,,-0.4993460774421692,1750331714
,,0.2979841530323028,1750331714
,,0.4796791970729828,1750331714
,,1.2280391454696655,1750331714
,,-0.123451255261898,1750331714
,,-0.3992318511009216,1750331715
,,0.4684096574783325,1750331715
,,0.6316598057746887,1750331716
,,0.0733146518468856,1750331716
,,-0.191040962934494,1750331717
,,0.4878798723220825,1750331718
,,-0.4610158801078796,1750331719
,,0.7054199576377869,1750331719
,,0.3673244118690491,1750331720
,,-0.2108324319124221,1750331720
,,0.0009934616973623,1750331720
,,-1.0915277004241943,1750331721
,,1.0085276365280151,1750331721
,,0.9883449673652648,1750331722
,,-0.5736232399940491,1750331723
,,0.2161968797445297,1750331723
,,-0.4739943444728851,1750331724
,,-0.5827527046203613,1750331724
,,0.6577905416488647,1750331724
,,1.5591126680374146,1750331724
,,0.0172723401337862,1750331725
,,0.5905652046203613,1750331726
,,-0.164996787905693,1750331726
,,0.3399955332279205,1750331726
,,0.732403576374054,1750331726
,,0.716856837272644,1750331726
,,0.5522711277008057,1750331727
,,0.148807480931282,1750331727
,,-0.6555783748626709,1750331728
,,-0.4083694219589233,1750331728
,,0.3049920797348022,1750331728
,,1.563227891921997,1750331729
,,0.3443275094032287,1750331729
,,-0.1552802771329879,1750331730
,,-0.1038779914379119,1750331730
,,0.3618775010108948,1750331730
,,-0.0190013963729143,1750331731
,,-0.4545960426330566,1750331731
,,0.3892188966274261,1750331732
,,-1.2534401416778564,1750331732
,,-0.4369136989116668,1750331733
,,0.2525701820850372,1750331733
,,0.6424703598022461,1750331733
,,-0.0812543779611587,1750331734
,,0.0692629218101501,1750331734
,,0.68451327085495,1750331734
,,0.0008610216900706,1750331734
,,-0.1169418916106224,1750331735
,,0.0405760072171688,1750331735
,,-0.8089878559112549,1750331736
,,0.5165348052978516,1750331736
,,0.4149497151374817,1750331736
,,0.1274195313453674,1750331737
,,-0.0001942105591297,1750331737
,,0.1284772902727127,1750331737
,,-0.1469897925853729,1750331737
,,1.3099181652069092,1750331738
,,0.4032057225704193,1750331738
,,-0.105966605246067,1750331739
,,-1.018791913986206,1750331739
,,-1.9213837385177608,1750331739
,,0.3279743194580078,1750331740
,,0.0125263463705778,1750331740
,,0.0619677416980266,1750331741
,,-0.1376128047704696,1750331741
,,-0.4472441673278808,1750331741
,,-0.2796415388584137,1750331744
,,-0.4883570075035095,1750331745
,,0.1150205209851265,1750331745
,,-0.7345386147499084,1750331746
,,-0.575469434261322,1750331746
,,0.6911073923110962,1750331747
,,-0.8845351934432983,1750331747
,,0.287245362997055,1750331748
,,0.4761575758457184,1750331748
,,0.4191586673259735,1750331748
,,-0.0759128108620643,1750331749
,,-0.409336507320404,1750331749
,,-0.6353872418403625,1750331749
,,-0.0001409343676641,1750331749
,,-0.798561155796051,1750331749
,,1.0324424505233765,1750331749
,,-0.7079964876174927,1750331750
,,0.4708455801010132,1750331750
,,-0.1554862409830093,1750331750
,,1.280604124069214,1750331750
,,0.6956496834754944,1750331751
,,6.403559684753418,1750331751
,,1.1551882028579712,1750331751
,,0.3817905187606811,1750331752
,,-0.637103796005249,1750331752
,,1.128742814064026,1750331752
,,0.0526180900633335,1750331752
,,-0.6341522336006165,1750331753
,,-0.5614556074142456,1750331753
,,-0.4417411684989929,1750331754
,,-1.154080510139465,1750331755
,,0.5049170851707458,1750331756
,,0.2254519909620285,1750331756
,,0.4666309058666229,1750331756
,,0.1229725629091262,1750331757
,,-0.5171776413917542,1750331757
,,-0.1069186627864837,1750331757
,,-0.4498806297779083,1750331758
,,1.786462426185608,1750331758
,,-0.6156734228134155,1750331758
,,0.1094274893403053,1750331759
,,0.7617458701133728,1750331760
,,-1.147936224937439,1750331760
,,0.8408216834068298,1750331760
,,0.1182849034667015,1750331761
,,0.0690040439367294,1750331761
,,0.6934232711791992,1750331762
,,-0.1623279750347137,1750331762
,,-0.4783792793750763,1750331763
,,0.0364587269723415,1750331763
,,-0.0674323588609695,1750331764
,,0.4724543392658233,1750331764
,,-0.5420507192611694,1750331765
,,0.2497759610414505,1750331765
,,7.503947563236579e-05,1750331765
,,0.6165197491645813,1750331765
,,1.310884952545166,1750331765
,,0.4156830310821533,1750331766
,,-0.3684252798557281,1750331767
,,0.341345727443695,1750331768
,,-0.4838930070400238,1750331769
,,-1.2103379964828491,1750331771
,,0.116372674703598,1750331771
,,-0.4013603925704956,1750331771
,,-0.4841431677341461,1750331772
,,0.5700518488883972,1750331772
,,-0.4574871361255646,1750331772
,,1.031368613243103,1750331775
,,0.0800508484244346,1750331775
,,-0.0425308309495449,1750331776
,,0.4072847962379455,1750331776
,,-0.4289046823978424,1750331776
,,0.97650545835495,1750331776
,,0.2880129516124725,1750331776
,,0.6074870824813843,1750331777
,,0.415470540523529,1750331778
,,0.8957222700119019,1750331778
,,0.0617403648793697,1750331778
,,-0.0671067461371421,1750331778
,,-0.6836109757423401,1750331778
,,-0.6119636297225952,1750331779
,,-0.7124300003051758,1750331779
,,0.0063946861773729,1750331779
,,0.133889690041542,1750331780
,,-0.7039563655853271,1750331780
,,-0.6933766603469849,1750331781
,,0.0440309308469295,1750331781
,,0.4229190945625305,1750331782
,,0.2177366763353347,1750331783
,,-0.6943345069885254,1750331783
,,-0.0961292386054992,1750331783
,,-0.9849963784217834,1750331784
,,0.6971709132194519,1750331784
,,-0.534487783908844,1750331784
,,-0.3813263475894928,1750331784
,,-0.1023340299725532,1750331785
,,-1.378536581993103,1750331785
,,-0.6891117691993713,1750331785
,,-0.4514469504356384,1750331785
,,0.2947288751602173,1750331785
,,-0.6986340284347534,1750331786
,,0.4589636027812958,1750331786
,,0.7599861025810242,1750331786
,,-0.6926421523094177,1750331786
,,-0.4678525328636169,1750331787
,,0.4586417078971863,1750331787
,,1.0793439149856567,1750331787
,,-1.798798680305481,1750331787
,,-1.1198065280914309,1750331787
,,0.0302774123847484,1750331788
,,1.1681100130081177,1750331788
,,0.4748453199863434,1750331789
,,0.1383258551359176,1750331789
,,-0.4439413845539093,1750331790
,,-0.0505501888692379,1750331790
,,-0.5589216351509094,1750331790
,,0.351866066455841,1750331790
,,0.4349946975708008,1750331790
,,0.106916606426239,1750331790
,,-0.0092686787247657,1750331790
,,0.4598294496536255,1750331791
,,0.3093634843826294,1750331791
,,-0.0112233236432075,1750331792
,,-0.2380244135856628,1750331792
,,-0.4657293856143951,1750331793
,,0.6353076696395874,1750331793
,,0.0002698116586543,1750331794
,,0.6694536805152893,1750331794
,,1.6713042259216309,1750331795
,,1.254002809524536,1750331798
,,-0.1563677191734314,1750331799
,,1.8107792139053345,1750331799
,,0.6401130557060242,1750331799
,,1.3762352466583252,1750331799
,,-1.934030294418335,1750331799
,,0.1503438800573349,1750331801
,,0.2096853852272033,1750331801
,,0.6994279026985168,1750331801
,,-0.7172583341598511,1750331801
,,0.6849575638771057,1750331801
,,0.5777552723884583,1750331802
,,0.6671185493469238,1750331803
,,0.8728978037834167,1750331803
,,-0.4118247330188751,1750331803
,,-0.0774934217333793,1750331803
,,0.7375779151916504,1750331803
,,-1.314756155014038,1750331803
,,-0.4361342191696167,1750331804
,,0.051452986896038,1750331804
,,0.6373950839042664,1750331804
,,0.6815273761749268,1750331804
,,-0.4381484687328338,1750331804
,,-0.4179193377494812,1750331805
,,0.5752723813056946,1750331806
,,0.5834855437278748,1750331806
,,0.7085992097854614,1750331807
,,-1.1623786687850952,1750331807
,,0.4288322627544403,1750331807
,,-0.4642861187458038,1750331807
,,-0.4077266454696655,1750331807
,,0.4518029987812042,1750331807
,,-0.7412832379341125,1750331808
,,1.7218163013458252,1750331808
,,-0.3896439373493194,1750331808
,,0.6810322999954224,1750331809
,,-0.6260502934455872,1750331809
,,0.7418293952941895,1750331809
,,1.781390905380249,1750331809
,,1.1998851299285889,1750331809
,,0.495464563369751,1750331809
,,0.4506688714027405,1750331809
,,-0.58942711353302,1750331810
,,0.4694609344005584,1750331810
,,-0.7474960684776306,1750331811
,,-0.0756225883960723,1750331811
,,-0.6729907989501953,1750331811
,,1.1909904479980469,1750331812
,,0.1335368305444717,1750331812
,,-0.5120856165885925,1750331812
,,0.7360207438468933,1750331812
,,0.0825717747211456,1750331814
,,0.4142437875270843,1750331814
,,-0.6777158975601196,1750331816
,,-0.4609393179416656,1750331817
,,-0.4820473194122314,1750331817
,,-0.7125669717788696,1750331817
,,0.694481372833252,1750331817
,,0.2996131777763366,1750331818
,,0.5580103993415833,1750331819
,,-0.6808127164840698,1750331819
,,0.4666252732276916,1750331819
,,-1.051647067070007,1750331820
,,-0.4572532176971435,1750331822
,,-0.633480429649353,1750331822
,,1.7695915699005127,1750331822
,,0.5526917576789856,1750331823
,,-1.461323618888855,1750331823
,,0.3873648643493652,1750331823
,,-1.0270148515701294,1750331823
,,-0.1741236299276352,1750331823
,,-0.1063221618533134,1750331825
,,0.9076563715934752,1750331825
,,1.7395482063293457,1750331825
,,0.8068036437034607,1750331825
,,-0.6352202892303467,1750331825
,,0.0685968920588493,1750331825
,,1.519611120223999,1750331826
,,-0.0963276922702789,1750331826
,,1.155143141746521,1750331827
,,1.1785911321640017,1750331827
,,1.7447229623794556,1750331827
,,-0.6799406409263611,1750331828
,,0.4621118307113647,1750331830
,,-0.434975653886795,1750331830
,,-0.578561544418335,1750331830
,,0.5086051225662231,1750331831
,,-0.5997551679611206,1750331831
,,-0.260854572057724,1750331831
,,0.8012703061103821,1750331831
,,0.1464668810367584,1750331832
,,0.0107196178287267,1750331832
,,-0.1641715466976165,1750331833
,,0.4238782823085785,1750331833
,,0.317054808139801,1750331833
,,-0.7081801891326904,1750331833
,,0.8000187277793884,1750331835
,,1.5828266143798828,1750331835
,,0.0077767618931829,1750331835
,,-0.3888334929943084,1750331836
,,-0.2993144392967224,1750331836
,,-0.4210073053836822,1750331837
,,-1.6948009729385376,1750331837
,,0.7871940732002258,1750331838
,,0.6816554665565491,1750331838
,,0.3437182903289795,1750331838
,,0.464141309261322,1750331838
,,0.6708632111549377,1750331839
,,-0.5608031153678894,1750331839
,,0.6798455119132996,1750331839
,,0.1912190318107605,1750331840
,,-0.1197924837470054,1750331840
,,-0.5630987882614136,1750331841
,,0.706099808216095,1750331841
,,-0.4684363305568695,1750331842
,,-0.6046703457832336,1750331842
,,-0.106688916683197,1750331842
,,0.5521631836891174,1750331843
,,0.3350574672222137,1750331843
,,-0.6506669521331787,1750331843
,,0.5509511828422546,1750331843
,,0.7495514750480652,1750331844
,,-45.753177642822266,1750331845
,,0.4378876686096191,1750331845
,,-0.2323794811964035,1750331845
,,0.086545430123806,1750331845
,,-0.0954655408859252,1750331846
,,1.1550054550170898,1750331846
,,1.3637871742248535,1750331847
,,-0.050351969897747,1750331847
,,0.066686175763607,1750331847
,,0.7024335265159607,1750331848
,,0.0511403679847717,1750331848
,,0.0004195214423816,1750331848
,,0.8753217458724976,1750331849
,,0.2507184743881225,1750331849
,,-1.0232622623443604,1750331849
,,0.0166068524122238,1750331850
,,-0.2171077132225036,1750331850
,,-1.5508105754852295,1750331850
,,0.5069551467895508,1750331851
,,0.4214528203010559,1750331852
,,0.40346759557724,1750331852
,,-0.8896773457527161,1750331853
,,0.0052282949909567,1750331853
,,0.0452985912561416,1750331855
,,0.3987481296062469,1750331856
,,0.6715432405471802,1750331856
,,0.3265417814254761,1750331856
,,0.4024581909179687,1750331856
,,0.7457104921340942,1750331858
,,0.586283802986145,1750331858
,,-0.0660174265503883,1750331858
,,1.042483925819397,1750331859
,,0.849043071269989,1750331859
,,0.6733343005180359,1750331859
,,-0.7233021855354309,1750331859
,,0.7161508798599243,1750331860
,,-0.6248406171798706,1750331860
,,0.4626122415065765,1750331860
,,0.5347342491149902,1750331861
,,0.4793993532657623,1750331861
,,-0.0457837767899036,1750331862
,,0.5398398041725159,1750331863
,,0.7326300144195557,1750331863
,,0.0834967419505119,1750331863
,,0.4093693196773529,1750331864
,,0.8313788771629333,1750331865
,,-0.3774808347225189,1750331865
,,0.7064896821975708,1750331866
,,0.4602895677089691,1750331866
,,1.246495485305786,1750331866
,,0.6248733997344971,1750331867
,,-0.3986757695674896,1750331867
,,-0.6878750324249268,1750331867
,,-0.1519450396299362,1750331868
,,-0.4327688813209533,1750331868
,,-0.6704741716384888,1750331869
,,0.5898696184158325,1750331869
,,-0.2006302773952484,1750331869
,,0.0959795266389846,1750331870
,,-0.4186753034591675,1750331870
,,0.4283573925495147,1750331870
,,0.0557570792734622,1750331870
,,-0.4960539042949676,1750331870
,,0.5758293271064758,1750331870
,,0.4135322868824005,1750331872
,,-0.0725560784339904,1750331872
,,0.5583073496818542,1750331872
,,0.2735551595687866,1750331872
,,-0.536113977432251,1750331873
,,-0.4195930063724518,1750331873
,,1.282795786857605,1750331874
,,-0.6330763101577759,1750331874
,,-1.045475721359253,1750331874
,,0.7992278337478638,1750331875
,,0.1253082603216171,1750331876
,,0.1169572696089744,1750331876
,,-0.006449548061937,1750331877
,,-0.086598590016365,1750331877
,,0.4180988371372223,1750331877
,,1.2736196517944336,1750331877
,,0.6080273389816284,1750331877
,,-0.7074558138847351,1750331878
,,0.3861651718616485,1750331879
,,-1.386488914489746,1750331879
,,-0.6916760802268982,1750331879
,,0.7150246500968933,1750331879
,,-0.3494303524494171,1750331880
,,-0.5567206740379333,1750331880
,,-0.6796907782554626,1750331880
,,-0.4787046015262604,1750331880
,,1.1604795455932615,1750331880
,,0.8931546211242676,1750331881
,,-1.1191223859786987,1750331881
,,0.6975696086883545,1750331882
,,0.1163247600197792,1750331882
,,0.457292228937149,1750331882
,,0.4557783603668213,1750331882
,,-0.0203779116272926,1750331883
,,0.0901577770709991,1750331883
,,-0.0779189839959144,1750331883
,,0.7212684154510498,1750331884
,,0.4191329777240753,1750331884
,,1.726163625717163,1750331884
,,0.0644691884517669,1750331884
,,0.4570623636245727,1750331884
,,-0.4383229315280914,1750331884
,,0.6952842473983765,1750331884
,,0.3453104496002197,1750331884
,,-0.4607208967208862,1750331884
,,0.2909825146198272,1750331885
,,0.6846515536308289,1750331885
,,-0.4545290172100067,1750331885
,,0.3273141980171203,1750331886
,,0.2301527261734008,1750331886
,,0.6544334292411804,1750331886
,,-0.6074807643890381,1750331887
,,0.3814486265182495,1750331887
,,-0.4323476254940033,1750331888
,,0.4327180087566376,1750331889
,,0.1046538800001144,1750331889
,,-0.4829650521278381,1750331889
,,-0.0089245168492197,1750331889
,,1.5167096853256226,1750331890
,,-0.039543692022562,1750331890
,,-0.5632899403572083,1750331892
,,0.4646115005016327,1750331892
,,-1.5498406887054443,1750331892
,,0.9280955791473388,1750331893
,,-0.2898069620132446,1750331893
,,-0.4532507658004761,1750331894
,,-0.4405105710029602,1750331894
,,0.6842303276062012,1750331894
,,0.9101293087005616,1750331894
,,-0.4279251098632812,1750331894
,,-0.0276777260005474,1750331895
,,1.057955980300903,1750331895
,,-0.6708655953407288,1750331897
,,-0.3517436385154724,1750331897
,,0.739946186542511,1750331898
,,-0.3435865044593811,1750331898
,,-0.3210922181606293,1750331898
,,-0.7139613032341003,1750331898
,,0.1620678603649139,1750331899
,,-0.6520736813545227,1750331899
,,-0.660771906375885,1750331899
,,0.0413562692701816,1750331900
,,0.4439493417739868,1750331901
,,-0.7721095085144043,1750331901
,,0.2347111254930496,1750331901
,,0.6304137110710144,1750331901
,,-0.0092224525287747,1750331902
,,0.6631896495819092,1750331903
,,0.4908051490783691,1750331904
,,-0.0621335618197917,1750331905
,,0.6685952544212341,1750331905
,,0.0149713298305869,1750331905
,,0.2081445008516311,1750331905
,,0.6847468018531799,1750331905
,,-0.7809964418411255,1750331907
,,0.9959841966629028,1750331907
,,-0.0652331933379173,1750331908
,,2.828489303588867,1750331909
,,0.6867807507514954,1750331909
,,-0.6399800777435303,1750331909
,,0.1497883349657058,1750331909
,,-0.1769664585590362,1750331910
,,0.0051452214829623,1750331910
,,-0.3470973372459411,1750331912
,,-0.0166243873536586,1750331912
,,-0.7110824584960938,1750331913
,,-0.0938357710838317,1750331913
,,-0.6429347991943359,1750331914
,,0.4412168264389038,1750331914
,,-0.4308338165283203,1750331914
,,-0.3665439486503601,1750331915
,,-0.353472352027893,1750331915
,,-0.2816402018070221,1750331916
,,0.4444957971572876,1750331916
,,-0.0570602044463157,1750331917
,,0.4341326653957367,1750331917
,,-0.4981070756912231,1750331917
,,0.1551915854215622,1750331917
,,-1.2639100551605225,1750331918
,,1.1562697887420654,1750331918
,,0.9979264140129088,1750331919
,,-0.0616333186626434,1750331919
,,-0.3311505019664764,1750331919
,,0.4083790183067322,1750331920
,,-0.462239921092987,1750331920
,,-0.490468680858612,1750331920
,,0.4276952445507049,1750331920
,,0.4146223962306976,1750331921
,,-0.6413778066635132,1750331921
,,0.202636107802391,1750331922
,,-0.714624285697937,1750331923
,,-1.1552064418792725,1750331923
,,-0.0756523758172988,1750331923
,,0.7083832025527954,1750331924
,,0.7863466143608093,1750331924
,,0.5433685779571533,1750331925
,,1.099387526512146,1750331926
,,0.0288310311734676,1750331926
,,0.6831244230270386,1750331926
,,-0.0828694701194763,1750331926
,,0.6905186176300049,1750331927
,,-0.4375491738319397,1750331927
,,0.6295374035835266,1750331929
,,0.1357302963733673,1750331930
,,-0.8082491755485535,1750331932
,,-0.2139789164066314,1750331932
,,-0.2330634146928787,1750331934
,,-1.0442644357681274,1750331934
,,-0.129196435213089,1750331935
,,-0.710701048374176,1750331935
,,0.8062033653259277,1750331936
,,-0.4519457519054413,1750331936
,,0.689627468585968,1750331936
,,0.5750382542610168,1750331936
,,0.4164514541625976,1750331937
,,-0.9721683859825134,1750331937
,,-0.7353585958480835,1750331937
,,0.6904475092887878,1750331939
,,0.0440424643456935,1750331939
,,0.0523073486983776,1750331939
,,0.4056675732135772,1750331939
,,-0.6692752838134766,1750331939
,,-0.2356789410114288,1750331939
,,-0.4784272313117981,1750331939
,,0.4460360705852508,1750331939
,,-0.0320973470807075,1750331940
,,-0.3569723069667816,1750331940
,,0.5545547604560852,1750331940
,,0.5437510013580322,1750331940
,,0.1504949480295181,1750331940
,,1.7993738651275637,1750331941
,,1.825866460800171,1750331941
,,0.4409635663032532,1750331941
,,0.713883638381958,1750331942
,,-0.0264795124530792,1750331942
,,-0.6652316451072693,1750331943
,,-0.6919683814048767,1750331944
,,-0.6969136595726013,1750331944
,,-0.8080667853355408,1750331944
,,0.4623885154724121,1750331944
,,0.211005762219429,1750331945
,,-0.8171921968460083,1750331945
,,-0.3360414206981659,1750331946
,,0.4585539996623993,1750331946
,,-0.6976820230484009,1750331947
,,0.4400462210178375,1750331948
,,1.6720093488693235,1750331949
,,-0.4310881197452545,1750331949
,,0.0987150073051452,1750331949
,,-0.8590361475944519,1750331950
,,1.7213886976242063,1750331950
,,-0.4114203155040741,1750331952
,,-0.7325201630592346,1750331952
,,-0.0054947836324572,1750331952
,,-0.4417353570461273,1750331952
,,0.0898151621222496,1750331952
,,0.5033389925956726,1750331952
,,-0.6908171772956848,1750331953
,,-0.8150086402893066,1750331954
,,0.0065028551034629,1750331954
,,-0.7907516360282898,1750331954
,,0.4199632406234741,1750331954
,,0.4321694374084472,1750331954
,,0.452631413936615,1750331955
,,1.44321870803833,1750331955
,,-0.0968869403004646,1750331955
,,-0.4570180475711822,1750331956
,,0.3165310323238373,1750331956
,,-0.6898317933082581,1750331956
,,0.2657235860824585,1750331957
,,0.5372492074966431,1750331957
,,0.0969941169023513,1750331957
,,-0.5766369104385376,1750331957
,,-0.906731903553009,1750331957
,,-0.389993816614151,1750331958
,,-0.1441393941640854,1750331960
,,-0.3506455719470978,1750331960
,,0.4478082954883575,1750331960
,,-0.4230170249938965,1750331960
,,-0.0916325822472572,1750331960
,,-0.4379573762416839,1750331961
,,0.4661920666694641,1750331961
,,-0.6877309083938599,1750331962
,,-1.0028225183486938,1750331962
,,-0.1599398106336593,1750331964
,,0.2249841690063476,1750331964
,,-0.3858441412448883,1750331964
,,-0.0847819149494171,1750331964
,,-0.0803696364164352,1750331965
,,0.1197336539626121,1750331965
,,-0.0202560666948556,1750331965
,,-0.5816994309425354,1750331966
,,0.7324140667915344,1750331967
,,1.4707549810409546,1750331967
,,0.5894123911857605,1750331967
,,0.1493592709302902,1750331968
,,-0.4388898015022278,1750331968
,,-0.3829396367073059,1750331969
,,-0.5641502737998962,1750331970
,,0.4697084426879883,1750331971
,,0.5449773073196411,1750331972
,,0.4409188032150268,1750331972
,,-0.3741829097270965,1750331972
,,-0.1792482286691665,1750331973
,,-1.622599482536316,1750331973
,,-0.5780395269393921,1750331973
,,1.2652180194854736,1750331974
,,-1.942887544631958,1750331974
,,-0.2235538363456726,1750331975
,,-0.7305565476417542,1750331975
,,-1.0436251163482666,1750331975
,,0.6948148608207703,1750331976
,,0.1052077636122703,1750331976
,,-1.2874375581741333,1750331976
,,0.4889200627803802,1750331977
,,0.1831904649734497,1750331978
,,0.4879516661167145,1750331978
,,0.4324448406696319,1750331978
,,-1.243053913116455,1750331979
,,0.421116441488266,1750331980
,,-0.0400186441838741,1750331980
,,-0.7344480752944946,1750331980
,,0.3131221234798431,1750331980
,,1.8389092683792116,1750331982
,,-0.2651654481887817,1750331982
,,0.6521940231323242,1750331982
,,0.3132887184619903,1750331982
,,0.7257410287857056,1750331982
,,0.4443101584911346,1750331982
,,0.0002889932075049,1750331983
,,-0.0027248016558587,1750331984
,,-0.3884435296058655,1750331984
,,0.3728742897510528,1750331984
,,0.721222996711731,1750331985
,,0.0925230830907821,1750331985
,,1.3471955060958862,1750331987
,,0.2027153074741363,1750331988
,,1.3521994352340698,1750331988
,,-0.4417977035045624,1750331989
,,0.7082565426826477,1750331989
,,-0.0013338566059246,1750331989
,,0.7103074789047241,1750331990
,,-0.0974609553813934,1750331990
,,-0.6129494309425354,1750331990
,,0.6094154119491577,1750331990
,,-0.727471113204956,1750331991
,,0.0627720579504966,1750331992
,,-0.0182084329426288,1750331993
,,1.062273621559143,1750331993
,,-0.6783509850502014,1750331993
,,-0.4694986939430237,1750331994
,,0.3690714240074157,1750331995
,,0.6611687541007996,1750331995
,,0.6617407202720642,1750331995
,,-0.7116883993148804,1750331996
,,0.6442500352859497,1750331997
,,0.4734598398208618,1750331997
,,-0.1308891326189041,1750331998
,,0.4331506192684173,1750331998
,,0.4857269525527954,1750331998
,,0.7200900316238403,1750331998
,,0.4504365921020508,1750331998
,,-1.2467936277389526,1750331998
,,-1.376414775848389,1750331999
,,0.6919128894805908,1750332000
,,1.0101072788238523,1750332001
,,-1.626104474067688,1750332001
,,-0.5803106427192688,1750332001
,,-0.4052696228027344,1750332001
,,0.7321497201919556,1750332001
,,-0.6942008137702942,1750332002
,,0.6131868362426758,1750332002
,,0.4514816403388977,1750332002
,,0.4210418164730072,1750332002
,,0.5085894465446472,1750332003
,,1.2586138248443604,1750332003
,,0.4246911406517029,1750332003
,,-0.0341658741235733,1750332003
,,0.8120590448379517,1750332003
,,0.4498092830181122,1750332003
,,1.2750555276870728,1750332004
,,-0.6590330600738525,1750332004
,,0.4198561012744903,1750332005
,,0.4506557583808899,1750332006
,,0.0179938580840826,1750332006
,,0.6900674700737,1750332006
,,0.5155091285705566,1750332007
,,-0.1401669085025787,1750332007
,,1.2899820804595947,1750332008
,,0.4794686436653137,1750332008
,,-0.7052005529403687,1750332008
,,0.4117806851863861,1750332009
,,0.3595032393932342,1750332009
,,-0.0944285541772842,1750332009
,,-0.1396491229534149,1750332009
,,0.7895976305007935,1750332009
,,0.4392499625682831,1750332010
,,1.0617048740386963,1750332010
,,-1.0668975114822388,1750332010
,,-0.6834086179733276,1750332011
,,0.9539601802825928,1750332012
,,-0.4966179132461548,1750332012
,,-0.4403740763664245,1750332012
,,-0.6660913228988647,1750332012
,,0.0004247121687512,1750332013
,,-0.7165752649307251,1750332013
,,0.0495999827980995,1750332013
,,-0.6795294880867004,1750332014
,,-0.2279758304357528,1750332014
,,-1.6141691207885742,1750332014
,,0.5573421120643616,1750332014
,,-0.3651528060436249,1750332015
,,-0.0197523068636655,1750332015
,,0.2067002952098846,1750332016
,,0.1942238211631775,1750332016
,,-0.0047197705134749,1750332017
,,-1.0327808856964111,1750332017
,,0.4268673360347748,1750332019
,,-0.6746442914009094,1750332019
,,0.0495830625295639,1750332020
,,-0.2160631418228149,1750332020
,,-0.0160257052630186,1750332020
,,0.5232354402542114,1750332022
,,-1.247765302658081,1750332023
,,-0.4697168469429016,1750332023
,,0.4544209539890289,1750332024
,,-0.4300525486469269,1750332024
,,0.453902930021286,1750332024
,,0.4119741022586822,1750332024
,,-0.7211428880691528,1750332025
,,-0.1843451559543609,1750332026
,,0.3614202737808227,1750332026
,,-0.4893941581249237,1750332028
,,0.471151202917099,1750332029
,,0.3977483212947845,1750332030
,,-0.4322665333747864,1750332030
,,0.4193877279758453,1750332030
,,-0.7446211576461792,1750332031
,,0.6447860598564148,1750332032
,,0.6075916290283203,1750332033
,,-0.0721330717206001,1750332033
,,0.2220294028520584,1750332033
,,-0.6967452168464661,1750332033
,,0.6918752193450928,1750332033
,,0.403760552406311,1750332033
,,0.6745259761810303,1750332037
,,0.0460536703467369,1750332037
,,0.0801584646105766,1750332037
,,1.854540467262268,1750332037
,,1.161987066268921,1750332037
,,0.7071338891983032,1750332037
,,1.0552165508270264,1750332037
,,-0.8145383596420288,1750332038
,,-0.5346081852912903,1750332038
,,-0.7066382765769958,1750332038
,,-0.6856649518013,1750332039
,,-0.4203497469425201,1750332039
,,0.2735812664031982,1750332040
,,0.6160171627998352,1750332040
,,0.4571666717529297,1750332040
,,-0.7175244092941284,1750332040
,,-1.0942610502243042,1750332041
,,0.4640664160251617,1750332041
,,-0.0630268678069114,1750332042
,,-0.6928116679191589,1750332042
,,0.44243124127388,1750332042
,,0.6937923431396484,1750332043
,,-0.6594336628913879,1750332043
,,0.0856730490922927,1750332043
,,0.428914874792099,1750332044
,,-0.4293068945407867,1750332044
,,0.0326510667800903,1750332044
,,-0.2184902727603912,1750332044
,,-0.4633914232254028,1750332046
,,0.1413415819406509,1750332046
,,0.0856195241212844,1750332046
,,0.6647557616233826,1750332047
,,-0.7140023112297058,1750332047
,,0.9372159242630004,1750332047
,,0.3700646162033081,1750332047
,,-0.5575596690177917,1750332047
,,0.6846376657485962,1750332048
,,0.636311948299408,1750332049
,,-0.3331933617591858,1750332049
,,-0.3796254694461822,1750332049
,,0.4785936176776886,1750332050
,,0.3995784521102905,1750332051
,,0.4569246768951416,1750332051
,,0.4512572586536407,1750332051
,,-0.4774326682090759,1750332052
,,0.4647642374038696,1750332052
,,-0.7658379673957825,1750332052
,,0.4235184490680694,1750332053
,,0.7219021320343018,1750332053
,,-0.6845162510871887,1750332054
,,0.7114648222923279,1750332054
,,-0.382912665605545,1750332054
,,-0.0348863378167152,1750332055
,,-0.138754665851593,1750332055
,,0.2484228312969207,1750332057
,,0.5338110327720642,1750332057
,,0.0572463981807231,1750332057
,,0.6279644966125488,1750332057
,,0.005130557809025,1750332058
,,0.9326040744781494,1750332059
,,1.0539183616638184,1750332059
,,0.0042251222766935,1750332059
,,-0.4472579956054687,1750332059
,,-0.452583372592926,1750332061
,,-0.3012990057468414,1750332061
,,-0.4150771200656891,1750332061
,,1.2636467218399048,1750332062
,,-0.1937910616397857,1750332062
,,-0.4302474558353424,1750332062
,,0.3787779808044433,1750332062
,,-0.0042546042241156,1750332062
,,-1.0583175420761108,1750332063
,,-0.2250925600528717,1750332063
,,0.6871356964111328,1750332063
,,0.5799863934516907,1750332064
,,-0.5443142652511597,1750332064
,,1.2514233589172363,1750332064
,,-0.4703149795532226,1750332064
,,-0.4505734145641327,1750332064
,,-0.7424919605255127,1750332064
,,-0.4308661520481109,1750332065
,,-0.5053517818450928,1750332066
,,-1.0813149213790894,1750332067
,,0.0406994298100471,1750332067
,,-0.4623344838619232,1750332067
,,-0.4202726781368255,1750332068
,,0.4030721485614776,1750332068
,,0.683641791343689,1750332068
,,0.143860325217247,1750332068
,,-0.657068133354187,1750332069
,,0.0486828349530696,1750332070
,,-0.0390306748449802,1750332070
,,1.7040914297103882,1750332070
,,0.4914040863513946,1750332070
,,0.2257381528615951,1750332071
,,0.5693602561950684,1750332071
,,0.0441015288233757,1750332072
,,-0.6707053184509277,1750332073
,,1.3278839588165283,1750332073
,,0.0791675671935081,1750332073
,,0.4514472782611847,1750332074
,,-0.4308706820011139,1750332074
,,0.982447385787964,1750332075
,,-0.3519937098026275,1750332075
,,-0.4631861448287964,1750332076
,,0.447005957365036,1750332076
,,-0.6883479952812195,1750332077
,,0.004487844184041,1750332078
,,-1.2363396883010864,1750332078
,,-0.169091135263443,1750332078
,,0.6853599548339844,1750332079
,,0.2591811716556549,1750332079
,,0.0709884837269783,1750332080
,,-0.0288165602833032,1750332080
,,0.9405449032783508,1750332080
,,-0.1404445916414261,1750332082
,,-0.6632821559906006,1750332082
,,0.0324959866702556,1750332082
,,-0.4711759984493255,1750332082
,,1.6575621366500854,1750332083
,,0.0608919262886047,1750332084
,,-0.068233922123909,1750332084
,,-0.7396058440208435,1750332084
,,-0.6939616203308105,1750347439
,,-0.451815515756607,1750347439
,,-0.366618812084198,1750347439
,,1.1399047374725342,1750347440
,,-0.459994912147522,1750347440
,,-0.3969391584396362,1750347441
,,-0.41646808385849,1750347441
,,0.4466443359851837,1750347441
,,0.0157974753528833,1750347442
,,0.3994921147823334,1750347442
,,0.4465014040470123,1750347442
,,-0.4641382694244385,1750347443
,,-0.6357218027114868,1750347444
,,0.0537573173642158,1750347445
,,0.7358781099319458,1750347445
,,2.3301033973693848,1750347445
,,0.4397910535335541,1750347446
,,-1.26683509349823,1750347446
,,-0.4374532997608185,1750347447
,,-0.2795836925506592,1750347447
,,0.4429292380809784,1750347447
,,-0.0278072636574506,1750347448
,,0.0780766829848289,1750347448
,,0.033860009163618,1750347448
,,-0.6758968234062195,1750347449
,,-0.4180357754230499,1750347449
,,-0.3902519941329956,1750347449
,,0.464949369430542,1750347449
,,-0.0525837168097496,1750347449
,,-0.1832922250032425,1750347450
,,0.2646311521530151,1750347450
,,0.0083673419430851,1750347451
,,-0.0490956641733646,1750347452
,,0.6171179413795471,1750347452
,,1.0528584718704224,1750347452
,,-1.615111231803894,1750347453
,,-0.3933828771114349,1750347453
,,-1.0305176973342896,1750347453
,,-0.0973822474479675,1750347453
,,-0.6487752795219421,1750347453
,,0.7198756337165833,1750347456
,,0.4846950769424438,1750347456
,,0.7629657983779907,1750347457
,,0.0916963741183281,1750347458
,,0.1141858622431755,1750347458
,,1.2563471794128418,1750347458
,,1.112380862236023,1750347459
,,-0.6723535060882568,1750347459
,,0.5843072533607483,1750347460
,,0.4756906926631927,1750347460
,,-0.697574257850647,1750347460
,,1.4373929500579834,1750347460
,,-0.0389987751841545,1750347461
,,0.1034842133522033,1750347461
,,0.3974664509296417,1750347461
,,0.6735450029373169,1750347461
,,-0.619120180606842,1750347461
,,-0.4401178956031799,1750347463
,,0.1258330345153808,1750347463
,,0.422960489988327,1750347464
,,-0.0794974267482757,1750347464
,,-0.0430599935352802,1750347465
,,2.2120490074157715,1750347465
,,0.0488440357148647,1750347465
,,0.5864942669868469,1750347466
,,-0.0346332266926765,1750347466
,,0.0041803251951932,1750347467
,,0.4408905208110809,1750347467
,,-0.4080822765827179,1750347467
,,-0.4231693744659424,1750347468
,,-0.7268653512001038,1750347468
,,0.7035714387893677,1750347468
,,0.4438400864601135,1750347469
,,0.4688353836536407,1750347469
,,-1.0482927560806274,1750347470
,,-0.6278162598609924,1750347470
,,-0.8284820318222046,1750347470
,,0.2281149923801422,1750347471
,,-0.4846509993076324,1750347471
,,0.7262670397758484,1750347471
,,-0.0193096306174993,1750347472
,,-0.6122111082077026,1750347472
,,-6.013844977559302e-11,1750347473
,,0.7429959177970886,1750347473
,,0.7053009271621704,1750347473
,,0.0836951583623886,1750347473
,,-1.2964671850204468,1750347474
,,0.1481010615825653,1750347475
,,-0.5651429295539856,1750347475
,,-1.256293535232544,1750347475
,,0.5999945402145386,1750347476
,,0.4774356484413147,1750347477
,,-0.4741932451725006,1750347477
,,0.6987337470054626,1750347477
,,-0.6843812465667725,1750347477
,,-0.5766885280609131,1750347478
,,0.7711496353149414,1750347478
,,0.4584753513336181,1750347478
,,-0.4481257796287536,1750347478
,,-0.0124636236578226,1750347478
,,0.7096635699272156,1750347479
,,-0.4983866810798645,1750347479
,,-0.3791069388389587,1750347480
,,-0.4079882502555847,1750347480
,,0.4732804894447326,1750347480
,,-0.7309375405311584,1750347480
,,0.0482024736702442,1750347481
,,0.6632710099220276,1750347481
,,0.2198446393013,1750347481
,,-0.5716981291770935,1750347481
,,1.159700870513916,1750347481
,,-0.6952094435691833,1750347482
,,-0.0927496924996376,1750347482
,,0.1256583034992218,1750347482
,,0.4282817244529724,1750347483
,,0.4633100628852844,1750347485
,,-0.0031589451245963,1750347485
,,0.4227631092071533,1750347486
,,0.6082997918128967,1750347486
,,1.6453449726104736,1750347486
,,-0.7024649977684021,1750347486
,,0.1045622751116752,1750347486
,,-0.4475261270999908,1750347487
,,0.5918067693710327,1750347488
,,0.7328868508338928,1750347489
,,0.4351600706577301,1750347489
,,-0.4611724019050598,1750347489
,,-0.4749052822589874,1750347490
,,-0.4869554042816162,1750347490
,,-0.0018093709368258,1750347490
,,0.1113865599036216,1750347491
,,0.643476665019989,1750347491
,,0.5543929934501648,1750347491
,,0.30567267537117,1750347492
,,-0.689532995223999,1750347492
,,0.1470901668071746,1750347492
,,0.1664681732654571,1750347492
,,0.055643867701292,1750347492
,,0.421855479478836,1750347492
,,-1.228674054145813,1750347493
,,-0.0983438044786453,1750347493
,,0.7984734177589417,1750347493
,,-0.3891496360301971,1750347494
,,0.4252201020717621,1750347495
,,0.4035629630088806,1750347495
,,-0.6407947540283203,1750347495
,,-0.6138283610343933,1750347495
,,-0.0931611210107803,1750347495
,,-0.2572765052318573,1750347496
,,1.6912115812301636,1750347496
,,0.1271036565303802,1750347496
,,1.7200180292129517,1750347496
,,-0.2473191320896148,1750347497
,,0.5863608717918396,1750347498
,,0.4635629057884216,1750347498
,,-0.4131734669208526,1750347500
,,-0.1302050650119781,1750347500
,,0.5023816227912903,1750347501
,,-0.7472986578941345,1750347501
,,0.5093806982040405,1750347502
,,-0.0513201467692852,1750347502
,,0.7157125473022461,1750347502
,,0.4685023128986358,1750347503
,,0.4484134912490845,1750347503
,,0.1861884593963623,1750347504
,,0.0717456638813018,1750347504
,,-0.7657243013381958,1750347505
,,-0.443254679441452,1750347505
,,-0.531264066696167,1750347505
,,0.3639426231384277,1750347506
,,-0.0896057486534118,1750347506
,,0.4802943468093872,1750347506
,,-1.0940358638763428,1750347507
,,-0.6176777482032776,1750347507
,,0.0094696413725614,1750347507
,,-0.4786271154880523,1750347507
,,-0.0464721210300922,1750347507
,,1.0267255306243896,1750347507
,,-1.1882517337799072,1750347508
,,-0.5787374377250671,1750347508
,,-0.5792580246925354,1750347509
,,-1.0301986932754517,1750347509
,,-1.0194202661514282,1750347509
,,-0.3974125981330871,1750347509
,,-0.6914579272270203,1750347510
,,0.3943898975849151,1750347510
,,-0.683628499507904,1750347511
,,0.513335645198822,1750347511
,,0.2479220181703567,1750347512
,,0.6478052139282227,1750347512
,,0.0055316663347184,1750347513
,,-0.0547702014446258,1750347515
,,-0.6859739422798157,1750347515
,,-0.95556902885437,1750347515
,,0.4404056668281555,1750347516
,,0.7025662064552307,1750347517
,,0.7756779193878174,1750347517
,,0.5950406193733215,1750347517
,,-0.8259419202804565,1750347517
,,0.7074719667434692,1750347518
,,-0.4209131002426147,1750347518
,,-0.1563733369112014,1750347518
,,0.4680967926979065,1750347519
,,-0.4133315086364746,1750347519
,,-0.0973137393593788,1750347519
,,-0.4498017132282257,1750347519
,,-0.6678154468536377,1750347520
,,-0.7005253434181213,1750347520
,,-0.6442610025405884,1750347520
,,-0.5831559300422668,1750347520
,,0.4472934901714325,1750347521
,,0.5058020353317261,1750347521
,,0.587269127368927,1750347522
,,-0.4566913545131683,1750347522
,,1.0693718194961548,1750347522
,,0.0396101810038089,1750347523
,,-0.0242105778306722,1750347523
,,1.140730381011963,1750347524
,,-2.9766173362731934,1750347524
,,-0.0386918075382709,1750347524
,,0.5770514011383057,1750347524
,,-1.0138920545578003,1750347525
,,0.9184613227844238,1750347526
,,-1.407901644706726,1750347526
,,-0.4514633417129516,1750347526
,,0.0108512546867132,1750347527
,,0.0788257420063018,1750347528
,,-0.1663520485162735,1750347528
,,0.1184044107794761,1750347528
,,-1.5719127655029297,1750347528
,,-1.0838611125946045,1750347528
,,-0.7192448973655701,1750347529
,,-0.1033735573291778,1750347530
,,-0.6845696568489075,1750347530
,,1.1551275253295898,1750347530
,,0.5006466507911682,1750347530
,,0.6982566118240356,1750347531
,,-0.4689131677150726,1750347531
,,-1.3305352926254272,1750347532
,,1.346528172492981,1750347532
,,0.4718758463859558,1750347533
,,0.3270905017852783,1750347533
,,0.6193833947181702,1750347533
,,0.0872528627514839,1750347533
,,0.1498633921146392,1750347534
,,-0.5600950717926025,1750347534
,,0.4209325611591339,1750347535
,,1.1448849439620972,1750347535
,,-0.0113863758742809,1750347535
,,-0.153313010931015,1750347535
,,0.408793032169342,1750347536
,,0.8145344257354736,1750347536
,,-0.4421160221099853,1750347536
,,-0.374156653881073,1750347536
,,0.1677112877368927,1750347537
,,-0.0015374721260741,1750347537
,,0.0136764664202928,1750347537
,,-0.4172016382217407,1750347538
,,-1.893167853355408,1750347539
,,0.1770115792751312,1750347540
,,0.4603725671768188,1750347541
,,-0.0045526791363954,1750347541
,,-0.1645814031362533,1750347542
,,0.4242450892925262,1750347543
,,0.0304965898394584,1750347544
,,-0.4161862134933471,1750347545
,,0.1114441081881523,1750347545
,,0.4771420061588287,1750347545
,,-0.7118691802024841,1750347546
,,0.3960355222225189,1750347546
,,0.4077767431735992,1750347546
,,0.0283151753246784,1750347546
,,0.3247215747833252,1750347547
,,-1.2399938106536863,1750347547
,,-0.6130878329277039,1750347547
,,-0.1147526800632476,1750347547
,,-0.2292675673961639,1750347547
,,0.9077260494232178,1750347547
,,-1.3597413301467896,1750347547
,,0.651366651058197,1750347548
,,-0.6833547949790955,1750347548
,,0.4592140018939972,1750347548
,,0.6880002021789551,1750347549
,,0.6672253608703613,1750347549
,,0.5132530331611633,1750347549
,,-0.3130998909473419,1750347549
,,-0.0822055116295814,1750347549
,,-0.2865903377532959,1750347550
,,-3.346709854668006e-05,1750347550
,,0.7140216827392578,1750347550
,,1.980466604232788,1750347550
,,-0.0022244297433644,1750347551
,,-1.4743870496749878,1750347551
,,-0.4768451154232025,1750347551
,,-0.2878138422966003,1750347552
,,1.6019182205200195,1750347553
,,-1.929476022720337,1750347553
,,-0.4293849766254425,1750347553
,,-0.4535004198551178,1750347553
,,0.2766185402870178,1750347554
,,-0.1248281821608543,1750347554
,,-0.218874990940094,1750347554
,,0.1035242304205894,1750347554
,,0.9168556332588196,1750347555
,,0.5677703022956848,1750347555
,,-0.623704195022583,1750347556
,,0.301282525062561,1750347556
,,-0.4324500262737274,1750347557
,,-0.4324057698249817,1750347557
,,1.3255003690719604,1750347557
,,0.7318888902664185,1750347558
,,-0.76116544008255,1750347558
,,0.033575665205717,1750347558
,,-0.0059645734727382,1750347558
,,0.4437654614448547,1750347558
,,1.0238481760025024,1750347558
,,-0.435153990983963,1750347559
,,0.4675668776035309,1750347559
,,-0.2050205320119857,1750347559
,,1.090369701385498,1750347560
,,0.4995747804641723,1750347560
,,0.43694868683815,1750347560
,,-0.4589077532291412,1750347560
,,-0.0531889609992504,1750347560
,,-0.4219802916049957,1750347561
,,0.387980580329895,1750347562
,,-0.0411997884511947,1750347563
,,0.7600992321968079,1750347563
,,0.4313983619213104,1750347563
,,-0.4283598661422729,1750347564
,,-0.177814319729805,1750347564
,,-0.8306320309638977,1750347565
,,-0.4695446491241455,1750347565
,,-0.4514609277248382,1750347565
,,-0.7209656238555908,1750347565
,,0.4809423089027405,1750347566
,,-0.5426498055458069,1750347566
,,-0.6716967225074768,1750347566
,,0.4833173453807831,1750347566
,,1.570680022239685,1750347566
,,0.3685086965560913,1750347566
,,-0.6916757822036743,1750347567
,,0.4777714014053345,1750347567
,,-1.2128896713256836,1750347567
,,-0.4407738745212555,1750347567
,,0.5977358818054199,1750347567
,,0.3954891562461853,1750347567
,,-0.0179972276091575,1750347567
,,-0.0641984120011329,1750347567
,,-1.2424458265304563,1750347568
,,0.6588962078094482,1750347568
,,1.1066577434539795,1750347568
,,-0.6417534351348877,1750347568
,,0.7807283997535706,1750347568
,,0.6982771158218384,1750347569
,,-0.0129539417102932,1750347569
,,-0.2643170654773712,1750347569
,,-0.3642925024032593,1750347569
,,-1.216435790061951,1750347569
,,0.2831890881061554,1750347569
,,0.4542878568172455,1750347570
,,0.2962093949317932,1750347570
,,-1.75562584400177,1750347571
,,-0.0814232006669044,1750347571
,,0.7517309188842773,1750347572
,,0.6032422184944153,1750347572
,,-0.3343365490436554,1750347572
,,0.1095822751522064,1750347573
,,-0.691448450088501,1750347573
,,-0.4950484931468963,1750347573
,,0.6872885823249817,1750347574
,,0.7005143165588379,1750347574
,,-0.4890215098857879,1750347575
,,0.7250765562057495,1750347575
,,0.4657304286956787,1750347576
,,-0.7075686454772949,1750347577
,,0.688553512096405,1750347577
,,0.4443095922470093,1750347578
,,-0.6789358854293823,1750347578
,,-0.0006784130237065,1750347579
,,-1.2604141235351562,1750347579
,,-0.6988717913627625,1750347580
,,-0.4282317757606506,1750347581
,,0.6235331892967224,1750347581
,,0.2787359356880188,1750347581
,,-0.4760149121284485,1750347582
,,1.221423864364624,1750347582
,,-0.4539358913898468,1750347582
,,1.0548354387283323,1750347583
,,0.4576568305492401,1750347583
,,0.0799287408590316,1750347583
,,-0.5162862539291382,1750347584
,,0.7601772546768188,1750347584
,,0.3740418255329132,1750347584
,,-0.7162512540817261,1750347584
,,-0.6676188111305237,1750347585
,,-0.6792921423912048,1750347585
,,-1.6407692432403564,1750347585
,,0.4505966305732727,1750347587
,,0.4857338070869446,1750347588
,,0.4355548322200775,1750347588
,,-1.130054593086243,1750347588
,,-0.1673603653907776,1750347589
,,-0.7425488829612732,1750347589
,,0.5496915578842163,1750347589
,,0.6665760278701782,1750347589
,,-0.6888371706008911,1750347589
,,0.5643395185470581,1750347590
,,0.2955478727817535,1750347590
,,-0.7558640837669373,1750347590
,,-0.7132852673530579,1750347591
,,-0.692447304725647,1750347591
,,0.4403469562530517,1750347591
,,-0.7254234552383423,1750347592
,,0.4556690454483032,1750347593
,,0.2868347465991974,1750347593
,,-1.1543447971343994,1750347594
,,-0.6354538798332214,1750347594
,,-0.4461285471916199,1750347594
,,0.3910292685031891,1750347596
,,-0.4376263916492462,1750347596
,,-0.8446891903877258,1750347597
,,0.1118721961975097,1750347597
,,-0.1771323531866073,1750347598
,,-0.357033908367157,1750347598
,,-0.7354708909988403,1750347598
,,1.6398519277572632,1750347598
,,0.3325230479240417,1750347598
,,0.0522945560514926,1750347599
,,-1.0187138319015503,1750347600
,,0.4580620229244232,1750347600
,,0.5009123086929321,1750347601
,,-0.406333714723587,1750347601
,,2.0038399696350098,1750347601
,,-0.2780642807483673,1750347601
,,-0.3160294890403747,1750347601
,,-1.081333041191101,1750347604
,,-0.4358597695827484,1750347605
,,0.4722743928432464,1750347605
,,-1.184076905250549,1750347606
,,-0.6258352994918823,1750347606
,,0.5157864689826965,1750347607
,,-0.4645711779594421,1750347607
,,0.3833763897418976,1750347607
,,-0.1616705060005188,1750347607
,,0.4358808994293213,1750347607
,,0.5834007263183594,1750347607
,,0.0954324156045913,1750347608
,,-1.353766918182373,1750347608
,,0.7233083248138428,1750347608
,,-0.5771799683570862,1750347609
,,-0.0003724060952663,1750347609
,,-0.3778068423271179,1750347609
,,-0.2300501465797424,1750347609
,,0.3476267158985138,1750347609
,,0.8303682208061218,1750347610
,,-0.0322703309357166,1750347610
,,-0.1046906933188438,1750347611
,,-0.2311871796846389,1750347611
,,-0.2285845726728439,1750347611
,,0.0005217763828113,1750347612
,,0.4382656216621399,1750347612
,,-0.5422751903533936,1750347613
,,0.935776710510254,1750347613
,,-0.5168936848640442,1750347614
,,-0.1424737423658371,1750347614
,,-1.0517137050628662,1750347614
,,0.0452401302754879,1750347615
,,-1.981772780418396,1750347615
,,-0.8190708756446838,1750347615
,,-0.4427420496940613,1750347615
,,-0.4188690185546875,1750347617
,,0.302150696516037,1750347617
,,-0.0516918189823627,1750347617
,,0.0465385876595974,1750347617
,,0.3149171769618988,1750347618
,,-0.6410751938819885,1750347618
,,-0.9241613745689392,1750347619
,,-0.0453742034733295,1750347620
,,-0.6070299744606018,1750347621
,,0.2896526157855987,1750347622
,,-0.4306115210056305,1750347623
,,0.0295233018696308,1750347623
,,-0.6573209762573242,1750347623
,,-0.4938377737998962,1750347623
,,-0.5618456602096558,1750347624
,,-0.4432910680770874,1750347624
,,-0.4031023681163788,1750347625
,,1.245093584060669,1750347625
,,0.0682715326547622,1750347625
,,-0.0949273332953453,1750347625
,,0.6977735757827759,1750347625
,,-1.425581455230713,1750347625
,,-1.3359336853027344,1750347626
,,0.4361275434494018,1750347627
,,0.4990017414093017,1750347627
,,1.3579137325286863,1750347627
,,0.132938951253891,1750347628
,,-0.5554212331771851,1750347628
,,-1.1196410655975342,1750347629
,,0.0446818210184574,1750347630
,,-0.3729100525379181,1750347630
,,0.560234010219574,1750347630
,,0.5308809876441956,1750347631
,,0.159090906381607,1750347631
,,0.3588929176330566,1750347632
,,0.7482042908668518,1750347632
,,-0.4565854072570801,1750347632
,,0.1398849040269851,1750347633
,,-3.65289568901062,1750347633
,,1.5929369926452637,1750347634
,,-0.4316258430480957,1750347634
,,0.1691697090864181,1750347634
,,0.552926778793335,1750347634
,,-0.6960182189941406,1750347634
,,0.268760621547699,1750347634
,,-0.0255399122834205,1750347635
,,0.4114611446857452,1750347635
,,0.4278232753276825,1750347635
,,-0.4091397225856781,1750347635
,,-0.6815206408500671,1750347636
,,0.4537732899188995,1750347636
,,0.4350224733352661,1750347636
,,-0.7120206952095032,1750347637
,,-0.2139099091291427,1750347638
,,-0.4355535209178924,1750347639
,,-0.6808731555938721,1750347639
,,0.989623486995697,1750347639
,,-0.9068781137466432,1750347639
,,-0.4075700640678406,1750347640
,,-0.2475461512804031,1750347641
,,0.3430778384208679,1750347642
,,-0.4301142990589142,1750347643
,,-0.7237064242362976,1750347643
,,-0.2074519097805023,1750347643
,,0.2972167134284973,1750347644
,,0.0004718218988273,1750347644
,,0.0013230813201516,1750347644
,,1.314241647720337,1750347644
,,0.2690638899803161,1750347645
,,0.1317175477743148,1750347645
,,0.4520792365074157,1750347645
,,0.7000938653945923,1750347645
,,0.2241353243589401,1750347646
,,-0.6782851815223694,1750347646
,,0.4607459902763366,1750347646
,,-0.4499899446964264,1750347647
,,-0.4330941438674927,1750347648
,,0.219004213809967,1750347648
,,0.5573119521141052,1750347648
,,-0.652071475982666,1750347649
,,0.1475594341754913,1750347650
,,0.2201615571975708,1750347651
,,0.5842432975769043,1750347651
,,0.7039653658866882,1750347651
,,0.7252408266067505,1750347652
,,0.4521025717258453,1750347652
,,-1.0736441612243652,1750347653
,,-1.2140120267868042,1750347653
,,0.4318145215511322,1750347653
,,0.4750258922576904,1750347654
,,-0.4282656610012054,1750347654
,,-0.7108994126319885,1750347654
,,-0.9354617595672609,1750347655
,,0.2131356447935104,1750347656
,,-0.6988384127616882,1750347657
,,-0.0227563679218292,1750347657
,,-1.2511814832687378,1750347658
,,-0.6670214533805847,1750347658
,,-0.4108459949493408,1750347658
,,-0.443060040473938,1750347658
,,0.8069932460784912,1750347659
,,-1.046120047569275,1750347659
,,0.4535988569259643,1750347660
,,0.4782168567180633,1750347660
,,-0.1072095558047294,1750347660
,,0.5662126541137695,1750347660
,,-0.5725241303443909,1750347661
,,0.6319390535354614,1750347661
,,-0.4765708148479461,1750347661
,,0.0019671495538204,1750347661
,,-0.4242439866065979,1750347661
,,0.5775561928749084,1750347662
,,1.3204967975616455,1750347662
,,-0.5255936980247498,1750347663
,,-0.1419513970613479,1750347663
,,0.4640482366085052,1750347663
,,-0.4069315791130066,1750347663
,,0.4034552574157715,1750347664
,,-0.7475777268409729,1750347664
,,1.7925902605056765,1750347665
,,-0.6842330098152161,1750347666
,,-0.5433295369148254,1750347666
,,0.0946186557412147,1750347666
,,-0.1844156235456466,1750347667
,,1.7372846603393557,1750347667
,,-0.6770711541175842,1750347667
,,0.4625292420387268,1750347668
,,0.0169702433049678,1750347668
,,1.0805705785751345,1750347669
,,-1.0457684993743896,1750347669
,,0.4824583828449249,1750347669
,,-0.0476114004850387,1750347669
,,0.4006334841251373,1750347670
,,0.2690247595310211,1750347670
,,-1.5967066287994385,1750347670
,,1.6674089431762695,1750347671
,,0.4228823482990265,1750347671
,,-0.0989108607172966,1750347671
,,-0.5326364040374756,1750347672
,,0.1441918760538101,1750347672
,,-0.7318125367164612,1750347672
,,0.1917497664690017,1750347673
,,-0.4256917238235473,1750347673
,,1.123996615409851,1750347673
,,0.4049830734729767,1750347674
,,-1.6157137155532837,1750347674
,,0.4749604761600494,1750347674
,,0.4743059277534485,1750347675
,,-0.733666181564331,1750347675
,,-0.4488121569156647,1750347675
,,-0.0976988598704338,1750347675
,,-0.4734517335891723,1750347675
,,-0.2657004594802856,1750347675
,,-0.0427408814430236,1750347676
,,0.4975518882274627,1750347677
,,0.4540982246398926,1750347678
,,0.4569466710090637,1750347678
,,-0.4538039863109588,1750347679
,,0.3325009346008301,1750347679
,,0.0356401652097702,1750347679
,,-0.0685134604573249,1750347680
,,-1.0456907749176023,1750347680
,,0.6621849536895752,1750347680
,,-1.829442262649536,1750347680
,,-0.4894405007362366,1750347681
,,0.5676454901695251,1750347681
,,-0.6889229416847229,1750347682
,,0.4748469889163971,1750347683
,,-0.2411521077156067,1750347683
,,-0.0039300299249589,1750347683
,,0.443752259016037,1750347683
,,-0.7178741693496704,1750347684
,,0.4170139133930206,1750347684
,,0.4675306975841522,1750347684
,,0.211446925997734,1750347685
,,0.3635874688625335,1750347685
,,1.051859974861145,1750347686
,,0.6985807418823242,1750347686
,,0.1392227113246917,1750347686
,,0.4823499917984009,1750347686
,,0.0738115310668945,1750347686
,,-0.4752155840396881,1750347686
,,0.0087894201278686,1750347687
,,0.0485751964151859,1750347688
,,0.4654505848884582,1750347688
,,0.4010651707649231,1750347689
,,0.7145320773124695,1750347689
,,-0.4450124502182007,1750347690
,,-0.0939387455582618,1750347690
,,0.0004622804117389,1750347691
,,1.3712137937545776,1750347691
,,-0.5842167139053345,1750347691
,,0.279361754655838,1750347691
,,0.3543838560581207,1750347692
,,-0.6735624670982361,1750347692
,,0.4440415799617767,1750347693
,,0.0025439141318202,1750347693
,,-0.3729103803634643,1750347693
,,-0.3620342314243316,1750347694
,,-0.033470120280981,1750347694
,,0.3804098069667816,1750347694
,,-0.0335654094815254,1750347694
,,0.5285914540290833,1750347695
,,-0.0005080395494587,1750347696
,,1.1765743494033811,1750347696
,,0.0980620458722114,1750347696
,,1.6044325828552246,1750347697
,,0.0031696485821157,1750347698
,,-0.6469870805740356,1750347698
,,1.053596019744873,1750347698
,,-0.7698062062263489,1750347698
,,0.4435404539108276,1750347698
,,0.0859017968177795,1750347699
,,0.4274730384349823,1750347700
,,0.4092200398445129,1750347700
,,0.3986561000347137,1750347700
,,-0.3039282262325287,1750347701
,,-1.1910415887832642,1750347701
,,-0.0444661192595958,1750347701
,,0.706804633140564,1750347702
,,-0.5181296467781067,1750347702
,,0.1765312403440475,1750347703
,,-0.4531177878379822,1750347703
,,-0.1218170672655105,1750347704
,,-0.9164289236068726,1750347704
,,-0.7056586742401123,1750347704
,,0.0752885267138481,1750347706
,,-0.0677834525704383,1750347706
,,1.372084617614746,1750347706
,,-0.7531462907791138,1750347707
,,0.6710558533668518,1750347707
,,0.9385064244270324,1750347708
,,-0.6684521436691284,1750347708
,,0.0454398579895496,1750347708
,,-0.7234521508216858,1750347708
,,1.1004457473754885,1750347708
,,0.231288805603981,1750347709
,,1.004159927368164,1750347709
,,0.1338665336370468,1750347709
,,-0.1181033253669738,1750347710
,,-0.1122299507260322,1750347710
,,0.7055377960205078,1750347710
,,-0.7323278784751892,1750347711
,,0.466238409280777,1750347711
,,-0.686833381652832,1750347712
,,0.0151379806920886,1750347712
,,-0.4278463423252105,1750347713
,,0.5130668878555298,1750347713
,,-1.1571460962295532,1750347714
,,-0.4588222503662109,1750347715
,,-0.1852609515190124,1750347715
,,-1.2709294557571411,1750347716
,,0.3728264570236206,1750347717
,,0.6957008838653564,1750347717
,,1.163122057914734,1750347718
,,0.0948412492871284,1750347718
,,0.6217625141143799,1750347718
,,-0.4869391620159149,1750347718
,,-0.4062419831752777,1750347720
,,-0.09038046002388,1750347722
,,-0.2434383928775787,1750347723
,,0.9712440967559814,1750347723
,,0.5805656313896179,1750347723
,,0.4491717517375946,1750347724
,,-0.0627047047019004,1750347724
,,0.4085674583911896,1750347725
,,0.4664631485939026,1750347726
,,0.4321791529655456,1750347727
,,-0.7536491751670837,1750347727
,,1.3799591064453125,1750347727
,,0.0167705845087766,1750347727
,,-0.6847153902053833,1750347727
,,0.7134907841682434,1750347728
,,0.7201356291770935,1750347728
,,0.6643650531768799,1750347728
,,-0.317782461643219,1750347729
,,-1.5505857467651367,1750347729
,,0.6719955801963806,1750347729
,,-0.4215656220912933,1750347729
,,0.247381180524826,1750347731
,,0.2571530044078827,1750347731
,,0.4532099962234497,1750347731
,,-0.4228552281856537,1750347731
,,0.4246235191822052,1750347732
,,-0.0043707438744604,1750347732
,,-0.5692358016967773,1750347732
,,-1.1388883590698242,1750347733
,,0.9496275782585144,1750347733
,,-0.4754370152950287,1750347734
,,0.5835897922515869,1750347734
,,-0.6862407922744751,1750347735
,,1.8122062683105469,1750347735
,,0.058204174041748,1750347735
,,0.5228490829467773,1750347736
,,0.0490177758038044,1750347736
,,0.016766034066677,1750347737
,,-0.225479856133461,1750347738
,,-0.458490639925003,1750347738
,,-0.5143417119979858,1750347739
,,-0.333014577627182,1750347739
,,1.000688076019287,1750347739
,,0.5425642728805542,1750347739
,,0.4401018917560577,1750347739
,,1.3404157161712646,1750347739
,,0.1450922191143036,1750347740
,,-0.667391836643219,1750347740
,,0.4901922643184662,1750347740
,,0.6981571316719055,1750347740
,,0.813904881477356,1750347740
,,0.0842664986848831,1750347741
,,-0.1330651938915252,1750347741
,,-0.0301038883626461,1750347741
,,-0.461214542388916,1750347742
,,0.4714159667491913,1750347743
,,-0.0340086407959461,1750347743
,,0.610194206237793,1750347743
,,0.0021633515134453,1750347744
,,-0.5417792797088623,1750347744
,,-1.1306670904159546,1750347745
,,0.1731530576944351,1750347745
,,-0.4462066292762756,1750347745
,,0.5760060548782349,1750347746
,,0.0054058823734521,1750347746
,,-0.0002107360051013,1750347748
,,0.0820198580622673,1750347748
,,0.1418817937374115,1750347749
,,0.1695567518472671,1750347749
,,-0.8989639282226562,1750347749
,,0.6921067237854004,1750347749
,,-0.1063110157847404,1750347749
,,-0.3747344613075256,1750347750
,,-0.704194962978363,1750347750
,,0.7153245210647583,1750347751
,,0.4763853251934051,1750347752
,,1.2642773389816284,1750347752
,,-0.0564759597182273,1750347753
,,0.3424930572509765,1750347753
,,1.0532760620117188,1750347753
,,-0.0364753268659114,1750347754
,,0.4725411236286163,1750347754
,,0.0114762475714087,1750347754
,,-0.4299136400222778,1750347755
,,0.610255777835846,1750347755
,,0.4545310139656067,1750347756
,,0.7054567337036133,1750347756
,,-0.4842479526996612,1750347756
,,-0.2476396411657333,1750347756
,,-1.045577049255371,1750347757
,,-0.7545668482780457,1750347757
,,-0.1550217121839523,1750347757
,,-0.2519617974758148,1750347757
,,0.5059892535209656,1750347757
,,0.463825523853302,1750347757
,,0.4279016852378845,1750347758
,,0.0501054376363754,1750347758
,,0.4107400774955749,1750347758
,,-0.0064239962957799,1750347758
,,-0.7332866191864014,1750347758
,,-0.663296103477478,1750347759
,,-0.4420206248760223,1750347759
,,-0.0172081850469112,1750347760
,,1.181804656982422,1750347760
,,-0.6893137097358704,1750347761
,,0.0951656475663185,1750347762
,,-0.0043334928341209,1750347762
,,-0.7527443170547485,1750347762
,,0.0021305063273757,1750347763
,,0.0017036395147442,1750347764
,,-0.0505893006920814,1750347764
,,0.7260897755622864,1750347765
,,-0.4458439350128174,1750347765
,,0.628769040107727,1750347765
,,0.4562918245792389,1750347766
,,-0.0574626140296459,1750347766
,,1.063013792037964,1750347766
,,0.5395923256874084,1750347766
,,0.1457702815532684,1750347766
,,-0.404591828584671,1750347767
,,0.1064997985959053,1750347767
,,-0.0866456553339958,1750347767
,,0.4962610304355621,1750347768
,,-0.7231531739234924,1750347768
,,0.5128945708274841,1750347768
,,-0.6667910218238831,1750347768
,,-0.2882058918476105,1750347768
,,0.0135238301008939,1750347768
,,-0.7837717533111572,1750347768
,,-0.0871398821473121,1750347769
,,0.6899271607398987,1750347769
,,-0.4421398937702179,1750347769
,,0.4061670005321502,1750347770
,,-0.4512866735458374,1750347770
,,-0.684639573097229,1750347771
,,-0.6734449863433838,1750347772
,,0.4546652436256408,1750347773
,,-0.1230958476662635,1750347773
,,-1.2098581790924072,1750347773
,,1.1118532419204712,1750347774
,,1.161738038063049,1750347774
,,-1.9954891204833984,1750347774
,,0.4596370756626129,1750347775
,,0.6933957934379578,1750347775
,,-0.6831192374229431,1750347776
,,0.1102475598454475,1750347777
,,-0.4255092144012451,1750347777
,,0.692449152469635,1750347778
,,0.5287188291549683,1750347778
,,-0.041627462953329,1750347778
,,-0.7126080393791199,1750347779
,,1.185685157775879,1750347779
,,0.6891305446624756,1750347780
,,-1.0748214721679688,1750347780
,,1.728750705718994,1750347781
,,-0.0629477873444557,1750347782
,,-0.6396101117134094,1750347782
,,-0.1467956006526947,1750347782
,,-0.6456425189971924,1750347782
,,0.6005858778953552,1750347782
,,0.0230202265083789,1750347783
,,-0.0939919352531433,1750347783
,,0.0067419982515275,1750347783
,,-0.4895474016666412,1750347783
,,-0.1690272390842437,1750347784
,,-0.2794590592384338,1750347784
,,1.2170864343643188,1750347784
,,0.0957158133387565,1750347784
,,-0.3640702068805694,1750347784
,,0.4685400724411011,1750347784
,,0.2398052960634231,1750347785
,,0.2208122014999389,1750347785
,,-0.0475558266043663,1750347786
,,1.2050167322158811,1750347787
,,-0.0718688741326332,1750347788
,,-0.5254174470901489,1750347788
,,-1.5918866395950315,1750347790
,,0.5693424940109253,1750347790
,,0.4732967019081116,1750347790
,,-0.4389051795005798,1750347791
,,0.5455819368362427,1750347791
,,-0.6000155806541443,1750347791
,,-0.3714969158172607,1750347791
,,-0.6705920100212097,1750347791
,,-0.5305940508842468,1750347792
,,0.6569217443466187,1750347792
,,-0.2884696125984192,1750347793
,,-0.6876817345619202,1750347794
,,-0.742378294467926,1750347794
,,-0.7265695929527283,1750347794
,,0.4630062580108642,1750347795
,,-0.3606033325195312,1750347795
,,-1.269963026046753,1750347795
,,0.7010565400123596,1750347795
,,0.6426365375518799,1750347797
,,-0.1342879980802536,1750347797
,,0.1013206914067268,1750347797
,,-0.0621831566095352,1750347798
,,0.59375,1750347798
,,0.3962797820568084,1750347798
,,-0.4089657068252563,1750347799
,,0.3638366758823395,1750347799
,,0.326922059059143,1750347800
,,0.1536015570163726,1750347800
,,-0.0457519367337226,1750347800
,,-0.9174051880836488,1750347801
,,-1.0206775665283203,1750347802
,,-0.4135947525501251,1750347802
,,0.2505996525287628,1750347802
,,0.245942085981369,1750347802
,,-1.0494283437728882,1750347804
,,-1.0686326026916504,1750347805
,,0.0266315788030624,1750347805
,,-0.7102757096290588,1750347805
,,-0.0914680734276771,1750347805
,,0.0077243545092642,1750361537
,,0.7214340567588806,1750361537
,,-0.5356893539428711,1750361537
,,-1.3478702306747437,1750361538
,,-0.6914382576942444,1750361538
,,-0.1518615931272506,1750361538
,,-1.3072197437286377,1750361538
,,-0.4237319529056549,1750361539
,,-0.1394842714071273,1750361539
,,0.5907706618309021,1750361539
,,0.3360621929168701,1750361540
,,-0.0969831869006156,1750361541
,,-0.3851945102214813,1750361541
,,-0.0120575046166777,1750361541
,,0.5374355316162109,1750361541
,,-0.0175336208194494,1750361542
,,0.2158064544200897,1750361542
,,0.6153925061225891,1750361543
,,-0.182831197977066,1750361543
,,1.4312052726745603,1750361543
,,-0.1717708259820938,1750361545
,,0.0933030843734741,1750361545
,,-0.1241496726870536,1750361546
,,-0.7297629714012146,1750361546
,,0.6707711815834045,1750361546
,,0.2269081473350525,1750361547
,,0.5448494553565979,1750361547
,,0.5255765318870544,1750361547
,,0.420473039150238,1750361548
,,-0.1926914602518081,1750361548
,,0.4506555199623108,1750361548
,,-0.0100600644946098,1750361548
,,-1.1053178310394287,1750361549
,,0.0852696746587753,1750361549
,,0.476022720336914,1750361550
,,-0.7269629836082458,1750361550
,,0.2340281158685684,1750361550
,,-0.0603271909058094,1750361551
,,-0.1049920469522476,1750361551
,,0.4754335284233093,1750361552
,,0.0179619435220956,1750361552
,,-0.4639276564121246,1750361553
,,0.4272251427173614,1750361553
,,-0.4358589649200439,1750361554
,,1.6258374452590942,1750361554
,,0.0931291729211807,1750361554
,,-0.5842816829681396,1750361554
,,0.7500134706497192,1750361554
,,1.593403458595276,1750361555
,,0.728691041469574,1750361555
,,0.7237004637718201,1750361555
,,-0.3997904658317566,1750361555
,,0.0199774373322725,1750361556
,,-1.2481391429901123,1750361556
,,-0.0099251782521605,1750361556
,,0.1165573075413703,1750361556
,,-0.0688197612762451,1750361556
,,-0.0174809545278549,1750361556
,,-0.2181814014911651,1750361556
,,0.5143148899078369,1750361557
,,0.0916358828544616,1750361557
,,-1.8440930843353271,1750361558
,,-0.1597885340452194,1750361559
,,-0.4311769008636474,1750361559
,,0.0120215462520718,1750361559
,,0.454570859670639,1750361560
,,0.5939480066299438,1750361560
,,0.1008528098464012,1750361561
,,1.2067320346832275,1750361561
,,0.7336081862449646,1750361562
,,-1.0719857215881348,1750361562
,,0.0814868360757827,1750361562
,,-0.0995640382170677,1750361562
,,0.1790223717689514,1750361563
,,-0.4401330947875976,1750361563
,,-0.430735170841217,1750361564
,,-0.4671994149684906,1750361564
,,-0.005125337280333,1750361564
,,-0.0698421373963356,1750361565
,,-0.4432709217071533,1750361566
,,-0.0146133126690983,1750361566
,,-0.737559974193573,1750361566
,,-0.4362528920173645,1750361567
,,0.5997461676597595,1750361567
,,0.7218940854072571,1750361568
,,-0.6661019921302795,1750361568
,,0.4665233790874481,1750361568
,,-0.1314752548933029,1750361569
,,-0.924178183078766,1750361569
,,-0.4381154775619507,1750361569
,,0.4400838613510132,1750361570
,,0.7045775055885315,1750361570
,,-0.4620667099952698,1750361570
,,-0.1311019510030746,1750361570
,,-0.300750195980072,1750361571
,,-0.4207893311977386,1750361571
,,-0.687537431716919,1750361571
,,1.374642848968506,1750361571
,,-0.1289559602737426,1750361572
,,0.1166068539023399,1750361573
,,0.572336733341217,1750361573
,,-0.0707891732454299,1750361575
,,-0.4875602424144745,1750361575
,,-0.6913195252418518,1750361575
,,0.4418243169784546,1750361575
,,0.1501791179180145,1750361576
,,-0.5861209034919739,1750361576
,,0.4788146913051605,1750361576
,,-0.4543410539627075,1750361576
,,-0.0015619164332747,1750361576
,,-0.0829309299588203,1750361576
,,-0.3963901698589325,1750361577
,,0.4710606038570404,1750361577
,,-0.2370997816324234,1750361578
,,-0.4844891726970672,1750361578
,,0.7310526371002197,1750361579
,,0.6241589188575745,1750361579
,,-0.4435008764266968,1750361580
,,0.6722251772880554,1750361580
,,1.2571585178375244,1750361580
,,-0.4605699181556701,1750361581
,,-0.4393017292022705,1750361581
,,0.7088956832885742,1750361581
,,-0.0730486884713172,1750361582
,,-0.0210305675864219,1750361582
,,-0.3481213450431824,1750361582
,,-0.7494094967842102,1750361582
,,0.0020611907821148,1750361582
,,1.242119073867798,1750361582
,,-0.7203580141067505,1750361582
,,0.7174385786056519,1750361583
,,-0.7553237676620483,1750361583
,,0.7263138294219971,1750361583
,,-0.3030252754688263,1750361583
,,0.4729730784893036,1750361583
,,-0.3471263349056244,1750361584
,,-0.0847753658890724,1750361585
,,0.522477924823761,1750361585
,,-0.6757380366325378,1750361585
,,0.6956181526184082,1750361586
,,-1.2865207195281982,1750361587
,,-1.6110646724700928,1750361587
,,0.5825071930885315,1750361587
,,-0.7584127187728882,1750361587
,,0.4172835946083069,1750361587
,,-0.4652953445911407,1750361589
,,-0.8586132526397705,1750361589
,,-0.4077525734901428,1750361590
,,0.946972906589508,1750361591
,,-0.7418966293334961,1750361592
,,-1.4879988431930542,1750361593
,,-0.1983689814805984,1750361594
,,0.4091961979866028,1750361594
,,-0.6637967228889465,1750361597
,,0.6853222846984863,1750361597
,,-0.8617862462997437,1750361598
,,-1.4284805059432983,1750361598
,,0.4157012104988098,1750361598
,,-0.7217823266983032,1750361599
,,-1.1509791612625122,1750361600
,,0.4330750703811645,1750361600
,,0.6550370454788208,1750361601
,,-0.0991283431649208,1750361601
,,0.7278691530227661,1750361601
,,-0.3542119860649109,1750361602
,,-0.0109940767288208,1750361603
,,-0.4533607065677643,1750361603
,,-0.4169756472110748,1750361603
,,-0.0068596582859754,1750361604
,,-0.6682063937187195,1750361605
,,0.0880267024040222,1750361605
,,0.0270451847463846,1750361605
,,-0.0371634066104888,1750361606
,,-0.6949021816253662,1750361607
,,-0.4757262170314789,1750361607
,,0.588935136795044,1750361607
,,-0.3951067626476288,1750361608
,,-0.0953201204538345,1750361608
,,-0.1748635917901992,1750361608
,,0.0217906534671783,1750361609
,,1.3265143632888794,1750361609
,,-1.2561414241790771,1750361610
,,-1.499495029449463,1750361610
,,-0.0045721228234469,1750361610
,,-0.5651704668998718,1750361611
,,-0.6536548733711243,1750361611
,,-1.0514321327209473,1750361612
,,-0.4691034257411957,1750361612
,,0.5403870940208435,1750361612
,,-0.4709987938404083,1750361613
,,0.7090660929679871,1750361614
,,-0.4157682657241821,1750361615
,,-1.1386456489562988,1750361615
,,0.6874604821205139,1750361615
,,-0.6811062097549438,1750361615
,,0.7137429118156433,1750361615
,,0.4504196643829345,1750361616
,,0.2691798210144043,1750361617
,,-0.4165760278701782,1750361617
,,0.0676433742046356,1750361617
,,-0.4387859404087066,1750361618
,,-1.0521413087844849,1750361618
,,-0.2221290171146392,1750361618
,,0.4483453631401062,1750361618
,,-0.4190555512905121,1750361619
,,0.7219897508621216,1750361619
,,-0.325754314661026,1750361619
,,1.0586159229278564,1750361620
,,0.0083501422777771,1750361620
,,-1.6179842948913574,1750361620
,,-0.0998908877372741,1750361620
,,0.4738945662975311,1750361620
,,-0.6854936480522156,1750361621
,,0.0315260216593742,1750361621
,,-0.4530307352542877,1750361621
,,0.0042287218384444,1750361621
,,0.1999432891607284,1750361622
,,0.4316505193710327,1750361622
,,-0.7155365943908691,1750361622
,,-0.6811261773109436,1750361622
,,0.2216937392950058,1750361623
,,-1.2452865839004517,1750361623
,,-1.019921064376831,1750361623
,,0.6670758128166199,1750361623
,,0.3457779586315155,1750361623
,,-0.2026385366916656,1750361624
,,-0.6964467167854309,1750361624
,,1.4045100212097168,1750361624
,,-0.2594370543956756,1750361624
,,0.528273344039917,1750361624
,,1.463678002357483,1750361625
,,-0.1200438737869262,1750361625
,,-1.258575201034546,1750361626
,,0.9625548124313354,1750361626
,,0.058274045586586,1750361626
,,0.3454400300979614,1750361626
,,-0.7113654017448425,1750361627
,,0.2859334945678711,1750361627
,,-0.4398354589939117,1750361628
,,-0.574568510055542,1750361628
,,-0.9983760714530944,1750361629
,,0.4411760568618774,1750361629
,,0.3767911195755005,1750361629
,,0.7945263385772705,1750361630
,,-0.674624502658844,1750361630
,,0.7523848414421082,1750361630
,,-0.6158719658851624,1750361631
,,-0.2659497559070587,1750361631
,,0.4860181212425232,1750361631
,,-0.0940453857183456,1750361631
,,0.7250108122825623,1750361631
,,0.489438533782959,1750361632
,,-0.4109621047973633,1750361633
,,1.566636323928833,1750361633
,,0.732562243938446,1750361633
,,-0.0673248246312141,1750361634
,,-2.3437132835388184,1750361634
,,-0.2266218215227127,1750361634
,,1.0298218727111816,1750361635
,,-0.7249637842178345,1750361635
,,-0.66038578748703,1750361636
,,-0.141091302037239,1750361636
,,0.7262389659881592,1750361636
,,-0.0650044828653335,1750361637
,,0.4552461206912994,1750361637
,,-1.0828895568847656,1750361637
,,0.4270284175872803,1750361637
,,-0.5127796530723572,1750361638
,,0.0687068477272987,1750361638
,,-0.7106095552444458,1750361638
,,0.9961988925933838,1750361638
,,-0.627896249294281,1750361639
,,-0.7908756732940674,1750361639
,,-0.6229889988899231,1750361639
,,0.1946180909872055,1750361639
,,-0.67075514793396,1750361640
,,0.4494909942150116,1750361641
,,-0.3955381214618683,1750361643
,,0.5532068610191345,1750361643
,,0.6527015566825867,1750361644
,,-0.4552212953567505,1750361645
,,-0.5057387351989746,1750361645
,,-0.7251558899879456,1750361646
,,0.4039120376110077,1750361646
,,-0.7562620043754578,1750361646
,,-0.0548651292920112,1750361646
,,0.6109119653701782,1750361646
,,0.2752875983715057,1750361647
,,0.4520364999771118,1750361647
,,0.3037526607513428,1750361647
,,0.4621313214302063,1750361648
,,-1.1042982339859009,1750361648
,,0.2366923689842224,1750361649
,,-0.475848525762558,1750361649
,,-0.1229694858193397,1750361650
,,-0.1739732325077057,1750361651
,,-1.149960994720459,1750361651
,,-0.7625479102134705,1750361651
,,0.1244413182139396,1750361651
,,-0.4246460795402527,1750361652
,,-0.0050451676361262,1750361653
,,-0.0367223173379898,1750361653
,,-0.0278007462620735,1750361653
,,-0.4464386105537414,1750361654
,,0.4433660805225372,1750361654
,,-0.0016053636791184,1750361654
,,0.4754855632781982,1750361654
,,-0.0652429163455963,1750361654
,,-0.6898441314697266,1750361655
,,-0.2495981305837631,1750361656
,,0.4874109625816345,1750361656
,,-0.8299461603164673,1750361656
,,-0.0790653377771377,1750361657
,,-0.1124808564782142,1750361657
,,-0.4583220183849334,1750361657
,,-0.3208198249340057,1750361657
,,0.6825109720230103,1750361657
,,-0.2675012946128845,1750361658
,,-0.5779901146888733,1750361659
,,0.7224285006523132,1750361659
,,-0.1286602616310119,1750361660
,,-0.4633942246437073,1750361660
,,1.164579153060913,1750361660
,,0.4983841776847839,1750361660
,,1.4553370475769043,1750361660
,,-0.5598621368408203,1750361660
,,0.6854593753814697,1750361660
,,-0.6626701354980469,1750361661
,,1.171378254890442,1750361662
,,-0.1823132932186126,1750361662
,,-0.4179116189479828,1750361662
,,-0.3664794862270355,1750361662
,,-0.7921643853187561,1750361663
,,0.0208254344761371,1750361663
,,-0.4351257681846618,1750361663
,,-0.46929532289505,1750361663
,,-1.5958234071731567,1750361663
,,-0.4204700291156769,1750361663
,,-0.4132218360900879,1750361663
,,-0.0873727351427078,1750361664
,,-0.5779280662536621,1750361665
,,-0.0736313089728355,1750361665
,,0.4177897274494171,1750361665
,,0.45708167552948,1750361666
,,0.97025328874588,1750361666
,,0.2131572663784027,1750361666
,,0.8469011783599854,1750361666
,,-0.4191060662269592,1750361667
,,0.7388333678245544,1750361667
,,-0.3942233324050903,1750361667
,,1.136253833770752,1750361668
,,-0.1721584498882293,1750361668
,,0.64395672082901,1750361669
,,0.4791167378425598,1750361669
,,0.3524156808853149,1750361669
,,-1.0760987997055054,1750361670
,,-0.7104530334472656,1750361670
,,-0.003409436205402,1750361671
,,0.4087980091571808,1750361671
,,0.1394045799970626,1750361671
,,0.414076566696167,1750361671
,,-0.6604858040809631,1750361673
,,0.0928931608796119,1750361673
,,0.1621482819318771,1750361673
,,0.4491383135318756,1750361674
,,-1.0839612483978271,1750361674
,,-0.870485246181488,1750361674
,,0.4389930665493011,1750361675
,,-0.7216724157333374,1750361676
,,-0.4420198798179626,1750361676
,,0.4486828148365021,1750361676
,,0.670011579990387,1750361676
,,0.57736736536026,1750361677
,,-0.4791825115680694,1750361677
,,-0.0039798854850232,1750361677
,,0.2952990233898163,1750361677
,,0.985936403274536,1750361678
,,0.6627907752990723,1750361679
,,0.4833833575248718,1750361679
,,1.7369177341461182,1750361680
,,-0.6735885143280029,1750361680
,,-0.5811372399330139,1750361680
,,0.1186085790395736,1750361681
,,-0.1598550677299499,1750361682
,,0.3113771378993988,1750361682
,,-1.5933064222335815,1750361682
,,-0.4371905624866485,1750361683
,,0.5418851971626282,1750361683
,,0.5693551301956177,1750361684
,,-0.1198902502655983,1750361684
,,-0.5995380878448486,1750361684
,,0.4423977732658386,1750361684
,,-0.4765084385871887,1750361685
,,0.223528042435646,1750361685
,,0.771664559841156,1750361685
,,0.5849276185035706,1750361685
,,-0.4971423745155334,1750361685
,,-0.0160233359783887,1750361686
,,1.418131709098816,1750361686
,,-0.6462697982788086,1750361687
,,0.4742380380630493,1750361687
,,0.73948073387146,1750361687
,,0.089132510125637,1750361687
,,0.6800442934036255,1750361688
,,0.4107394516468048,1750361688
,,-1.3653569221496582,1750361688
,,0.3949712216854095,1750361689
,,-0.689667820930481,1750361690
,,0.633878767490387,1750361690
,,0.2053212225437164,1750361691
,,0.1561444401741027,1750361691
,,1.4894416332244873,1750361691
,,0.2309744954109192,1750361691
,,0.4674192070960998,1750361692
,,-1.2432353496551514,1750361692
,,0.5366698503494263,1750361692
,,-0.725631833076477,1750361692
,,0.1557017564773559,1750361692
,,-0.5833767652511597,1750361693
,,-0.4701932072639465,1750361693
,,0.5028476715087891,1750361694
,,0.1107481718063354,1750361694
,,0.8724579811096191,1750361694
,,0.2733822464942932,1750361695
,,-0.540120005607605,1750361696
,,0.2083760797977447,1750361696
,,0.7367411851882935,1750361696
,,0.6287235617637634,1750361696
,,-0.1084115281701088,1750361696
,,-0.4365239441394806,1750361697
,,0.0552867837250232,1750361697
,,0.6961637735366821,1750361698
,,0.469104528427124,1750361699
,,-0.7274485230445862,1750361700
,,0.5065400004386902,1750361700
,,-0.8075977563858032,1750361700
,,0.1266995668411255,1750361700
,,-0.5112141966819763,1750361701
,,0.2380781769752502,1750361701
,,0.1273216307163238,1750361701
,,-0.2288358211517334,1750361701
,,-0.4933259189128876,1750361701
,,0.4488030076026916,1750361702
,,0.0717127248644828,1750361702
,,-0.489841103553772,1750361702
,,-0.3948429226875305,1750361702
,,-0.4985656142234802,1750361702
,,0.4572435319423675,1750361703
,,-0.0743736997246742,1750361703
,,-0.4447130262851715,1750361703
,,0.7065421342849731,1750361703
,,1.2986576557159424,1750361704
,,-0.4283221364021301,1750361705
,,0.2073765993118286,1750361705
,,0.2493155002593994,1750361705
,,0.4338795840740204,1750361706
,,0.5459617972373962,1750361706
,,-0.3548555076122284,1750361707
,,1.0905017852783203,1750361707
,,0.0420958399772644,1750361707
,,-0.7357328534126282,1750361708
,,-0.1334313750267028,1750361708
,,0.9080408215522766,1750361709
,,0.9653348922729492,1750361709
,,-0.4539259076118469,1750361709
,,-0.7250452637672424,1750361709
,,-0.4636296927928924,1750361710
,,0.7022491693496704,1750361711
,,0.0511314794421196,1750361711
,,-0.8126352429389954,1750361711
,,-0.0516300164163112,1750361711
,,0.4618768990039825,1750361711
,,-0.542122483253479,1750361711
,,-0.7225424647331238,1750361711
,,-0.1384433358907699,1750361712
,,0.1579522788524627,1750361712
,,-0.1808468699455261,1750361713
,,0.6863353252410889,1750361714
,,-0.3920747339725494,1750361714
,,0.1243579313158989,1750361715
,,0.5346269607543945,1750361715
,,0.7180808186531067,1750361715
,,1.7044609785079956,1750361715
,,0.6272836327552795,1750361716
,,0.831895649433136,1750361718
,,0.965255856513977,1750361718
,,-0.683986246585846,1750361719
,,-0.5226102471351624,1750361720
,,0.7215587496757507,1750361720
,,-0.4169160425662994,1750361721
,,0.0565634109079837,1750361721
,,0.5867725610733032,1750361722
,,-0.7536450624465942,1750361722
,,0.4288476407527923,1750361722
,,-1.6730637550354004,1750361723
,,-0.0095737734809517,1750361723
,,0.4424641132354736,1750361724
,,-0.0056599983945488,1750361724
,,-0.4947616457939148,1750361725
,,-1.0185542106628418,1750361725
,,0.0609680153429508,1750361725
,,0.4731408357620239,1750361725
,,-0.1478016674518585,1750361725
,,-0.7840233445167542,1750361726
,,0.5833581686019897,1750361726
,,-0.3081129491329193,1750361727
,,-0.7206406593322754,1750361727
,,-0.3907472789287567,1750361727
,,-0.4660256803035736,1750361727
,,-0.1893527805805206,1750361728
,,0.4668479561805725,1750361728
,,-0.567743182182312,1750361728
,,0.6659753918647766,1750361729
,,1.061318278312683,1750361730
,,3.045606136322021,1750361730
,,-0.5725579261779785,1750361730
,,-0.1296851336956024,1750361731
,,-0.4931586384773254,1750361732
,,-0.0594923645257949,1750361732
,,0.9102039337158204,1750361732
,,0.4236765205860138,1750361732
,,1.8921890258789065,1750361732
,,0.1074996665120124,1750361733
,,0.4842247664928436,1750361733
,,-0.4121961891651153,1750361733
,,0.3536302745342254,1750361734
,,0.4788394570350647,1750361734
,,-0.2462934106588363,1750361734
,,0.0400345884263515,1750361734
,,-1.1694386005401611,1750361734
,,-1.0526714324951172,1750361735
,,0.4499743580818176,1750361735
,,0.4470580220222473,1750361736
,,0.8102364540100098,1750361736
,,-0.0137804141268134,1750361736
,,1.2297310829162598,1750361736
,,0.6969190239906311,1750361736
,,0.0599425919353961,1750361737
,,-0.8004373908042908,1750361737
,,0.0017077783122658,1750361738
,,0.1557874828577041,1750361738
,,-0.7119287252426147,1750361738
,,0.0123782437294721,1750361738
,,-0.3965623676776886,1750361739
,,-0.1157947182655334,1750361739
,,0.9187382459640504,1750361739
,,0.456546276807785,1750361740
,,-0.3333620727062225,1750361740
,,0.3176876008510589,1750361741
,,0.6688386797904968,1750361741
,,-0.0482649803161621,1750361742
,,0.4744631946086883,1750361742
,,-0.0591442286968231,1750361742
,,-1.4872413873672483,1750361743
,,0.7466999292373657,1750361743
,,-0.2370416969060897,1750361743
,,0.1549787819385528,1750361743
,,-0.7159034609794617,1750361744
,,-0.0598058439791202,1750361744
,,0.0958122462034225,1750361745
,,0.4092884361743927,1750361745
,,0.0764132365584373,1750361746
,,0.3653092980384826,1750361746
,,0.4580448567867279,1750361746
,,0.428238183259964,1750361746
,,2.923880815505981,1750361746
,,0.3248810470104217,1750361746
,,-0.73971027135849,1750361747
,,0.3728669881820678,1750361748
,,0.4527639746665954,1750361749
,,0.0926721319556236,1750361749
,,0.2348808944225311,1750361749
,,-0.5718421339988708,1750361750
,,0.4574470818042755,1750361750
,,-0.1875116676092147,1750361750
,,0.7539976239204407,1750361751
,,-1.5561670064926147,1750361751
,,-0.1923747956752777,1750361751
,,0.650397002696991,1750361752
,,0.4915583729743957,1750361752
,,0.4969545900821686,1750361753
,,-0.3721747398376465,1750361753
,,1.4267455339431765,1750361753
,,0.6762189865112305,1750361753
,,-1.3629881143569946,1750361754
,,-1.150118708610535,1750361754
,,0.6334408521652222,1750361755
,,0.6880879402160645,1750361755
,,-0.7327255606651306,1750361756
,,-1.103363871574402,1750361756
,,-0.8635092973709106,1750361757
,,0.4673855602741241,1750361757
,,-1.0228221416473389,1750361758
,,-0.5993573665618896,1750361758
,,0.9745699763298036,1750361759
,,0.001612797495909,1750361759
,,0.5777566432952881,1750361760
,,-0.4886620640754699,1750361760
,,0.1397617012262344,1750361760
,,0.6264938712120056,1750361761
,,-0.072452075779438,1750361762
,,3.266052722930908,1750361762
,,-0.0504732728004455,1750361762
,,0.4233179986476898,1750361762
,,-0.6809279322624207,1750361763
,,-0.4485201239585876,1750361764
,,-0.4347344040870666,1750361764
,,-0.4629052877426147,1750361764
,,1.2950339317321775,1750361765
,,-0.003466151189059,1750361765
,,-0.6037936806678772,1750361765
,,-0.6779783368110657,1750361766
,,-0.9718661904335022,1750361766
,,-0.4718022346496582,1750361766
,,-0.6724246740341187,1750361767
,,-1.277664303779602,1750361767
,,1.1469231843948364,1750361767
,,-0.1412948817014694,1750361767
,,-0.7188684344291687,1750361768
,,-0.1997969448566436,1750361768
,,0.7274450659751892,1750361769
,,1.196549415588379,1750361769
,,-0.6893738508224487,1750361769
,,0.6255958676338196,1750361769
,,0.5483824610710144,1750361769
,,-1.0867421627044678,1750361770
,,0.2812141478061676,1750361770
,,-0.156877338886261,1750361770
,,-0.4642817974090576,1750361770
,,0.3285723328590393,1750361771
,,0.0043497155420482,1750361771
,,-0.4113254845142364,1750361771
,,1.1374748945236206,1750361772
,,1.3856223821640017,1750361772
,,-0.0008208944927901,1750361772
,,-0.4480090737342834,1750361775
,,-0.4729436337947845,1750361775
,,0.4405730068683624,1750361775
,,24.22246742248535,1750361776
,,-0.6787062287330627,1750361776
,,0.4918878078460693,1750361776
,,-0.6683562397956848,1750361776
,,-0.0044693890959024,1750361776
,,-0.0603159107267856,1750361777
,,0.4491322934627533,1750361777
,,-0.3447492122650146,1750361777
,,0.8284358978271484,1750361778
,,0.2781810164451599,1750361778
,,-0.4185594916343689,1750361779
,,0.3803710341453552,1750361779
,,1.6379269361495972,1750361780
,,-0.3669630289077759,1750361781
,,0.5938835144042969,1750361781
,,0.4927382469177246,1750361781
,,0.7064440250396729,1750361781
,,-0.737869143486023,1750361781
,,0.6216115951538086,1750361782
,,0.4803184568881988,1750361783
,,0.8773322701454163,1750361784
,,0.6805267333984375,1750361785
,,-0.2063848227262497,1750361785
,,1.2891968488693235,1750361786
,,-0.4153570830821991,1750361786
,,-0.4434279501438141,1750361786
,,-0.3181234896183014,1750361788
,,0.135814219713211,1750361788
,,-1.594494104385376,1750361788
,,0.3588103950023651,1750361789
,,-0.6830560564994812,1750361789
,,0.1026991978287696,1750361790
,,0.4039982259273529,1750361790
,,-0.4206572473049164,1750361790
,,0.0170429982244968,1750361791
,,0.1358063369989395,1750361792
,,-0.1852996349334716,1750361792
,,0.0428083203732967,1750361793
,,1.1092545986175537,1750361794
,,0.8031712174415588,1750361794
,,-0.0534294247627258,1750361795
,,-0.199584275484085,1750361795
,,0.1865671575069427,1750361795
,,0.2187409251928329,1750361795
,,0.6771937012672424,1750361795
,,-0.5035654902458191,1750361796
,,-0.6980571150779724,1750361796
,,0.0529172345995903,1750361796
,,-0.7082871794700623,1750361796
,,1.268929362297058,1750361796
,,-1.059612512588501,1750361797
,,0.6952207684516907,1750361797
,,-0.5297548770904541,1750361797
,,-0.6845939755439758,1750361797
,,-0.4319943189620971,1750361797
,,-0.4684910178184509,1750361797
,,15.287089347839355,1750361798
,,0.4412923753261566,1750361799
,,0.5869402289390564,1750361799
,,-0.6365799903869629,1750361800
,,0.5427316427230835,1750361801
,,-0.674495279788971,1750361801
,,-0.4657765626907348,1750361801
,,-0.1469073146581649,1750361801
,,-0.0226826593279838,1750361802
,,-0.4005571007728576,1750361803
,,-0.7930091619491577,1750361803
,,1.6361677646636963,1750361803
,,-1.260414719581604,1750361804
,,-1.3725985288619995,1750361804
,,0.5506429672241211,1750361804
,,0.2687596380710602,1750361805
,,1.7699207067489624,1750361806
,,-0.5768890976905823,1750361807
,,-1.154483675956726,1750361808
,,0.8773739337921143,1750361808
,,-0.4911877512931824,1750361809
,,0.7852664589881897,1750361809
,,0.8845129013061523,1750361809
,,0.413546621799469,1750361810
,,0.0755480974912643,1750361810
,,-0.2834560871124267,1750361811
,,0.4162792861461639,1750361812
,,0.1043765172362327,1750361812
,,0.4298345148563385,1750361813
,,0.496047705411911,1750361813
,,0.4253509640693664,1750361814
,,-0.7802813053131104,1750361814
,,0.4730657637119293,1750361814
,,-0.4699256420135498,1750361814
,,-0.08570297062397,1750361815
,,-0.4200229048728943,1750361815
,,-0.4385656714439392,1750361815
,,-0.6796125769615173,1750361816
,,-0.4568984508514404,1750361816
,,0.3626299798488617,1750361816
,,0.6585968732833862,1750361816
,,-0.0722110718488693,1750361817
,,0.1957511454820633,1750361817
,,0.1347960531711578,1750361818
,,1.2564010620117188,1750361818
,,-0.8656421303749084,1750361818
,,0.057013813406229,1750361819
,,-0.7197677493095398,1750361819
,,1.0320663452148438,1750361819
,,0.484652578830719,1750361819
,,-0.4575678706169128,1750361820
,,-0.4240977168083191,1750361821
,,0.7398725748062134,1750361821
,,-0.0156039884313941,1750361822
,,-0.463115781545639,1750361822
,,-0.0846463069319725,1750361822
,,-0.8540812730789185,1750361822
,,-0.4309331476688385,1750361822
,,-1.1887308359146118,1750361823
,,-0.6957035064697266,1750361823
,,-0.3422465920448303,1750361823
,,0.5886095762252808,1750361823
,,-0.5778135657310486,1750361823
,,-0.0325361639261245,1750361824
,,0.4637603759765625,1750361824
,,-0.5624634623527527,1750361824
,,-1.1552526950836182,1750361825
,,0.5248740911483765,1750361826
,,1.266861915588379,1750361826
,,-0.6884819865226746,1750361826
,,-0.2231530100107193,1750361826
,,-0.8664028644561768,1750361826
,,0.4657575190067291,1750361826
,,-0.1289891302585601,1750361827
,,1.0180984735488892,1750361827
,,-0.3247400522232055,1750361827
,,-0.4111992120742798,1750361827
,,-1.8709943294525144,1750361827
,,-0.1388458460569381,1750361827
,,0.4782804846763611,1750361828
,,0.1020385846495628,1750361828
,,-0.2188006788492202,1750361829
,,-0.0980764478445053,1750361829
,,-0.3454447984695434,1750361829
,,-0.4426402449607849,1750361830
,,0.9920085668563844,1750361830
,,-1.3976128101348877,1750361830
,,0.7830650210380554,1750361830
,,-1.7393336296081543,1750361830
,,0.7006986141204834,1750361831
,,1.1608277559280396,1750361832
,,0.0783771947026252,1750361832
,,-0.240552544593811,1750361832
,,-1.630406618118286,1750361832
,,1.2589961290359497,1750361832
,,-0.4349006414413452,1750361833
,,0.0082792835310101,1750361833
,,0.7126173973083496,1750361834
,,0.4431788027286529,1750361834
,,-0.2684704065322876,1750361835
,,0.4426051378250122,1750361835
,,0.4990071058273315,1750361836
,,-0.4706093966960907,1750361836
,,0.5693649053573608,1750361836
,,0.0011368938721716,1750361837
,,0.272266149520874,1750361837
,,-1.4262365102767944,1750361838
,,0.1555337011814117,1750361838
,,1.1324143409729004,1750361838
,,0.9300928115844728,1750361838
,,-0.4130388796329498,1750361839
,,-0.2862454950809479,1750361839
,,0.6771512031555176,1750361839
,,0.3592814803123474,1750361839
,,-0.3973060846328735,1750361840
,,0.4703750312328338,1750361840
,,-0.4807701408863067,1750361841
,,0.4725379049777984,1750361841
,,0.2068762332201004,1750361841
,,0.7283580899238586,1750361841
,,-0.0250487141311168,1750361841
,,0.4760103821754455,1750361842
,,-1.7477529048919678,1750361842
,,0.5223978161811829,1750361842
,,-0.4140571355819702,1750361843
,,0.0911853611469268,1750361843
,,0.7953314185142517,1750361844
,,0.444636195898056,1750361844
,,-2.016655683517456,1750361845
,,0.4781719744205475,1750361845
,,0.5812745690345764,1750361845
,,0.0004749469808302,1750361847
,,-0.982877254486084,1750361847
,,-0.6638351082801819,1750361847
,,0.0629451125860214,1750361847
,,-0.47514608502388,1750361847
,,0.430468201637268,1750361847
,,-0.412847489118576,1750361847
,,0.6877809166908264,1750361847
,,0.1111984252929687,1750361848
,,0.0059523428790271,1750361848
,,-0.4590139389038086,1750361849
,,-0.1129765436053276,1750361850
,,0.4913195073604584,1750361850
,,0.471025288105011,1750361851
,,0.6819924712181091,1750361851
,,0.6521649956703186,1750361852
,,-0.695212185382843,1750361852
,,1.3472418785095217,1750361852
,,-0.4853028059005737,1750361852
,,-0.1534513384103775,1750361852
,,1.3155944347381592,1750361853
,,-0.4704200625419616,1750361853
,,0.4611033499240875,1750361853
,,0.0537442080676555,1750361854
,,0.001406718045473,1750361854
,,-0.1712218821048736,1750361855
,,-0.2345944046974182,1750361855
,,-0.4781863391399383,1750361856
,,0.7121073603630066,1750361857
,,0.1640561074018478,1750361858
,,0.3496474921703338,1750361858
,,-0.470697820186615,1750361858
,,-0.0347010754048824,1750361858
,,-0.5464353561401367,1750361859
,,-0.6827965378761292,1750361859
,,-0.0929072573781013,1750361859
,,0.9400644302368164,1750361860
,,0.1441419869661331,1750361860
,,0.7135695815086365,1750361860
,,1.1040542125701904,1750361860
,,0.1411844193935394,1750361861
,,-1.1522502899169922,1750361861
,,0.468370646238327,1750361862
,,-0.7255167961120605,1750361863
,,0.4095212817192077,1750361863
,,-0.6701148152351379,1750361863
,,-0.0051878658123314,1750361863
,,-2.002484083175659,1750361864
,,-0.470807820558548,1750361864
,,-0.6695137619972229,1750361865
,,0.674818217754364,1750361865
,,0.6990377902984619,1750361865
,,-0.3637738227844238,1750361865
,,2.0044236183166504,1750361865
,,-0.2080583572387695,1750361865
,,0.3734204769134521,1750361866
,,-0.6705241799354553,1750361866
,,0.4330772757530212,1750361866
,,-0.749239444732666,1750361866
,,0.4595617055892944,1750361867
,,0.7201874256134033,1750361867
,,0.2356674522161483,1750361868
,,1.1690791845321655,1750361868
,,-0.1078290119767189,1750361868
,,-0.7474959492683411,1750361868
,,0.0538069903850555,1750361869
,,-0.6778969168663025,1750361869
,,-0.0392709784209728,1750361869
,,0.1232684850692749,1750361869
,,0.4885212481021881,1750361869
,,-0.4033507108688354,1750361869
,,0.2874027788639068,1750361869
,,0.0031808195635676,1750361870
,,0.8138505816459656,1750361870
,,-1.017446756362915,1750361870
,,0.2881080210208893,1750361871
,,-0.0239711143076419,1750361871
,,-0.1149934977293014,1750361872
,,0.0043362504802644,1750361873
,,-0.4669275283813476,1750361873
,,-0.5474886894226074,1750361874
,,-0.0149077726528048,1750361874
,,-0.480474591255188,1750361875
,,0.4597991704940796,1750361876
,,0.5655969977378845,1750361876
,,0.6885256767272949,1750361877
,,0.4007684886455536,1750361877
,,0.7977007627487183,1750361878
,,1.0914037227630615,1750361878
,,-0.4486865103244781,1750361878
,,-1.2772904634475708,1750361878
,,0.4642283320426941,1750361880
,,-0.4491081833839416,1750361880
,,0.5283737182617188,1750361880
,,0.4905334711074829,1750361880
,,-0.8819868564605713,1750361880
,,0.442082017660141,1750361881
,,0.0732957273721695,1750361881
,,-0.6856728792190552,1750361882
,,-0.4836246073246002,1750361882
,,0.1025803312659263,1750361882
,,-0.1975147128105163,1750361883
,,-0.0199542976915836,1750361884
,,-1.7320504188537598,1750361884
,,3.0155367851257324,1750361885
,,-1.174164056777954,1750361886
,,-0.7061141729354858,1750361886
,,0.4681461155414581,1750361887
,,-0.9773862957954408,1750361888
,,-0.4179611206054687,1750361888
,,-0.6898543238639832,1750361888
,,-0.5315021872520447,1750361889
,,0.2083016186952591,1750361890
,,0.5677812099456787,1750361890
,,0.6546880006790161,1750361890
,,0.5326379537582397,1750361891
,,-0.0038741535972803,1750361891
,,0.4332611560821533,1750361891
,,0.0,1750361891
,,-0.6713805198669434,1750361892
,,-0.03037741035223,1750361892
,,1.110868215560913,1750361892
,,0.1796661913394928,1750361892
,,-0.646935760974884,1750361892
,,0.7407366633415222,1750361892
,,0.1168215796351432,1750361892
,,0.0036621682811528,1750361893
,,-0.7155892252922058,1750361893
,,-0.5660877823829651,1750361893
,,0.3661552667617798,1750361894
,,-0.0953565686941146,1750361894
,,1.2596209049224854,1750361894
,,0.4083388745784759,1750361895
,,0.4089466333389282,1750361895
,,-0.9486621618270874,1750361896
,,0.4125182032585144,1750361896
,,0.7022722363471985,1750361896
,,-0.063221774995327,1750361896
,,0.0083856917917728,1750361897
,,0.0853378549218177,1750361897
,,1.492271900177002,1750361897
,,1.0210585594177246,1750361898
,,0.6823157072067261,1750361898
,,-0.4678449928760528,1750361899
,,-0.3869924545288086,1750361899
,,-0.4180302023887634,1750361899
,,1.6660712957382202,1750361899
,,-0.3737054169178009,1750361900
,,0.4602610766887665,1750361901
,,-1.3004772663116455,1750361902
,,0.6921268701553345,1750361902
,,0.4534281492233276,1750361903
,,-0.4264937341213226,1750361903
,,-0.575724720954895,1750361904
,,-0.9420040249824524,1750361904
,,0.303445041179657,1750361904
,,-0.115561842918396,1750361905
,,0.2151509374380111,1750361905
,,0.2757035791873932,1750361905
,,0.2463249713182449,1750361905
,,-0.4472852051258087,1750361905
,,0.896492063999176,1750361906
,,0.1300441026687622,1750361906
,,0.00892452057451,1750361906
,,-0.5757068991661072,1750361906
,,0.9110288619995116,1750361906
,,0.5717828273773193,1750361906
,,0.6502564549446106,1750361906
,,-0.557233989238739,1750361907
,,0.484826385974884,1750361907
,,-1.213915228843689,1750361907
,,0.6792544722557068,1750361907
,,-0.7143431901931763,1750361907
,,0.1665367633104324,1750361907
,,0.7263031005859375,1750376459
,,0.6878862977027893,1750376459
,,0.3889850974082947,1750376459
,,-0.0093350885435938,1750376460
,,0.8933298587799072,1750376462
,,-0.5741378664970398,1750376462
,,-0.4505298435688019,1750376463
,,0.5488179922103882,1750376463
,,-0.7111124396324158,1750376464
,,0.4481365978717804,1750376464
,,0.7219523191452026,1750376465
,,0.4042507112026214,1750376465
,,0.4312029778957367,1750376465
,,0.2866488397121429,1750376466
,,0.0172990225255489,1750376466
,,-0.0843863859772682,1750376467
,,-0.7130112648010254,1750376468
,,0.3103766441345215,1750376468
,,0.4124422371387481,1750376468
,,0.6637768745422363,1750376469
,,-0.0141100622713565,1750376469
,,0.4227112829685211,1750376469
,,-0.6706678867340088,1750376469
,,0.1140529066324234,1750376469
,,0.7601920366287231,1750376470
,,0.7292688488960266,1750376470
,,-0.4271141588687897,1750376471
,,-1.1566753387451172,1750376472
,,-0.1405654400587082,1750376473
,,0.3922214806079864,1750376473
,,0.7644073367118835,1750376474
,,-0.84590083360672,1750376474
,,-0.6629692316055298,1750376474
,,0.6613093614578247,1750376475
,,-0.5855314135551453,1750376477
,,0.4284737408161163,1750376477
,,-0.7212333083152771,1750376478
,,-0.3806103765964508,1750376479
,,-0.4120064973831177,1750376479
,,-0.7450061440467834,1750376479
,,0.0365971848368644,1750376479
,,-0.0443058051168918,1750376479
,,-0.6901601552963257,1750376480
,,-0.0060314526781439,1750376480
,,1.2037354707717896,1750376480
,,1.866108536720276,1750376480
,,0.45026496052742,1750376481
,,-0.4700288772583008,1750376481
,,-0.1926230192184448,1750376481
,,0.4298982918262481,1750376482
,,-0.4958100318908691,1750376482
,,-0.6891665458679199,1750376482
,,0.6865540742874146,1750376482
,,-0.2777274847030639,1750376483
,,0.7192096710205078,1750376484
,,1.0056257247924805,1750376484
,,0.1075861155986785,1750376484
,,-0.0699490755796432,1750376484
,,-0.4002137780189514,1750376484
,,0.4398276805877685,1750376484
,,0.2302026748657226,1750376484
,,-0.4178346991539001,1750376485
,,0.2856753468513489,1750376485
,,0.6819854974746704,1750376485
,,-0.341993510723114,1750376485
,,0.4235585927963257,1750376486
,,0.3771577179431915,1750376486
,,-0.184156060218811,1750376488
,,-0.3261848092079162,1750376488
,,0.7490905523300171,1750376488
,,-0.0581415630877018,1750376489
,,-0.3734493255615234,1750376489
,,0.6935617327690125,1750376489
,,-0.178232654929161,1750376489
,,1.1530863046646118,1750376491
,,58.6142463684082,1750376491
,,-0.7331656217575073,1750376491
,,0.0940826907753944,1750376492
,,-0.2341179251670837,1750376492
,,1.1788005828857422,1750376493
,,0.7287960648536682,1750376493
,,0.4521613419055938,1750376493
,,0.5712083578109741,1750376494
,,-0.4515905380249023,1750376494
,,0.7330614924430847,1750376494
,,1.8580161333084104,1750376495
,,-0.7773415446281433,1750376495
,,0.0859133079648017,1750376496
,,0.0603218376636505,1750376497
,,-0.5466244220733643,1750376497
,,-0.1655510365962982,1750376497
,,-1.3182542324066162,1750376497
,,-0.1848980188369751,1750376497
,,-0.6757010817527771,1750376497
,,0.5550252795219421,1750376498
,,-1.1431995630264282,1750376498
,,-0.7074155211448669,1750376498
,,-0.0454112365841865,1750376498
,,0.471827358007431,1750376498
,,0.3599173128604889,1750376501
,,-0.6943698525428772,1750376501
,,0.0805702805519104,1750376501
,,-0.3260857164859772,1750376502
,,0.4732840657234192,1750376503
,,-0.0225815139710903,1750376503
,,0.3486166596412658,1750376504
,,0.6074486970901489,1750376504
,,-1.9085092544555664,1750376504
,,-0.712261438369751,1750376504
,,0.1164969503879547,1750376504
,,-0.6830617189407349,1750376505
,,-0.0588078908622264,1750376506
,,0.3833230137825012,1750376506
,,0.5855773091316223,1750376506
,,0.7491952776908875,1750376506
,,0.3195250928401947,1750376506
,,0.8651500940322876,1750376506
,,0.4134188890457153,1750376507
,,-0.4640467762947082,1750376508
,,-0.4774484038352966,1750376508
,,0.5656046271324158,1750376508
,,-0.0478300489485263,1750376509
,,0.2821220755577087,1750376509
,,1.3196786642074585,1750376509
,,-0.4508878290653229,1750376509
,,0.463925838470459,1750376509
,,-0.4323578476905823,1750376509
,,-0.2561109960079193,1750376510
,,-1.1540226936340332,1750376510
,,-0.0972209870815277,1750376510
,,-1.0361496210098269,1750376510
,,1.0331000089645386,1750376511
,,-0.1362004876136779,1750376511
,,0.4829637408256531,1750376511
,,0.6972520351409912,1750376511
,,-0.6637493968009949,1750376512
,,0.7023839354515076,1750376512
,,0.173325777053833,1750376512
,,0.9557794332504272,1750376513
,,-0.2648159861564636,1750376513
,,-0.0421517230570316,1750376514
,,0.2075303941965103,1750376515
,,0.3906020820140838,1750376515
,,0.715510368347168,1750376515
,,-0.1282041221857071,1750376516
,,0.0182038322091102,1750376516
,,-0.1932649910449981,1750376516
,,0.9814270734786988,1750376516
,,-0.6427007913589478,1750376517
,,0.6557178497314453,1750376517
,,0.1597291380167007,1750376518
,,-0.3431333899497986,1750376518
,,-0.5305353999137878,1750376518
,,0.0060404939576983,1750376518
,,0.0336012952029705,1750376518
,,-0.9547654390335084,1750376519
,,-1.0376986265182495,1750376519
,,-0.8022288680076599,1750376519
,,0.7239639163017273,1750376519
,,0.6701067686080933,1750376519
,,0.4204833209514618,1750376519
,,-0.4327020049095154,1750376520
,,-0.7127324938774109,1750376520
,,-0.695029079914093,1750376520
,,0.0672830492258071,1750376520
,,-0.1255893558263778,1750376521
,,0.7023800015449524,1750376521
,,0.741253674030304,1750376522
,,0.8676192164421082,1750376522
,,0.0038258174899965,1750376523
,,0.5941568613052368,1750376523
,,-0.5115845203399658,1750376523
,,-0.3857762515544891,1750376523
,,1.1431366205215454,1750376524
,,0.6831364631652832,1750376526
,,0.4713418185710907,1750376526
,,0.092568039894104,1750376526
,,-0.7331185936927795,1750376526
,,-0.1380567103624344,1750376526
,,0.4517623782157898,1750376526
,,0.0564659684896469,1750376527
,,0.3761031627655029,1750376528
,,0.7167168855667114,1750376528
,,-0.6184000372886658,1750376528
,,-1.2392648458480835,1750376529
,,0.5386431813240051,1750376529
,,-0.1038702353835105,1750376529
,,0.509972333908081,1750376529
,,0.1440588384866714,1750376529
,,0.6840505003929138,1750376530
,,0.6237821578979492,1750376530
,,0.7441147565841675,1750376531
,,0.6730484366416931,1750376531
,,0.4783701002597809,1750376531
,,0.4242840707302093,1750376532
,,0.1118541359901428,1750376532
,,-1.275201439857483,1750376532
,,-0.4072396755218506,1750376533
,,-0.6628212332725525,1750376533
,,-1.073636770248413,1750376534
,,-0.2026753723621368,1750376534
,,0.7301542162895203,1750376535
,,-0.6688020825386047,1750376535
,,-0.4096245169639587,1750376536
,,1.7073144912719729,1750376536
,,-0.3394404649734497,1750376536
,,0.1411875337362289,1750376536
,,0.5040079355239868,1750376536
,,0.4650652706623077,1750376536
,,-0.648183286190033,1750376536
,,0.0245364736765623,1750376538
,,-0.4152063727378845,1750376539
,,-0.1180329173803329,1750376540
,,0.6177683472633362,1750376540
,,-0.2726777195930481,1750376541
,,0.4564970135688782,1750376541
,,0.3019749820232391,1750376541
,,-0.1565514057874679,1750376542
,,-0.4687080383300781,1750376542
,,-0.4475730359554291,1750376543
,,0.0031944401562213,1750376543
,,-0.4622273743152618,1750376544
,,0.4078545272350311,1750376545
,,0.6847589612007141,1750376545
,,-0.4936968088150024,1750376545
,,0.8746095895767212,1750376545
,,0.1001828387379646,1750376546
,,-0.0254271999001503,1750376546
,,-0.6934603452682495,1750376546
,,1.4358786344528198,1750376547
,,-0.4778748154640198,1750376548
,,1.268775463104248,1750376548
,,0.2133336365222931,1750376548
,,0.3660569787025451,1750376549
,,0.6855378746986389,1750376549
,,0.4375631511211395,1750376550
,,-0.0578324347734451,1750376551
,,0.0755294188857078,1750376551
,,-0.074392557144165,1750376551
,,-0.3335810303688049,1750376552
,,-0.3686965703964233,1750376553
,,-0.158138170838356,1750376553
,,-0.7298153638839722,1750376554
,,0.1670386344194412,1750376556
,,0.6510096192359924,1750376556
,,0.0246380381286144,1750376556
,,0.2082061171531677,1750376556
,,0.1034927666187286,1750376557
,,0.4330934584140777,1750376557
,,0.6759186387062073,1750376557
,,-0.4511519372463226,1750376557
,,0.0453751236200332,1750376557
,,-1.5935916900634766,1750376558
,,0.3919713795185089,1750376558
,,-0.0003224473330192,1750376558
,,1.0545828342437744,1750376558
,,-0.4432971775531769,1750376559
,,-1.7420014142990112,1750376559
,,-0.4895969927310943,1750376560
,,-0.0254490189254283,1750376560
,,-0.1246136203408241,1750376560
,,-0.4275121092796325,1750376560
,,0.1397679895162582,1750376561
,,1.2570252418518066,1750376562
,,0.4648968875408172,1750376562
,,0.4288722276687622,1750376562
,,-0.0916212350130081,1750376562
,,-0.3476289212703705,1750376562
,,-0.4674072563648224,1750376563
,,0.4486439228057861,1750376563
,,-0.528855562210083,1750376564
,,-0.5719652771949768,1750376564
,,0.4578498601913452,1750376564
,,0.4642157256603241,1750376564
,,0.4643927216529846,1750376564
,,-0.10593032091856,1750376565
,,0.360710859298706,1750376565
,,0.4066723883152008,1750376565
,,-0.2857013940811157,1750376565
,,-0.1055347099900245,1750376566
,,0.457306295633316,1750376566
,,0.4514752626419067,1750376567
,,0.6949867010116577,1750376567
,,0.0096450801938772,1750376567
,,-0.3868324160575866,1750376568
,,-0.7020115852355957,1750376568
,,0.2842682003974914,1750376568
,,-0.6137765049934387,1750376568
,,-0.4120023548603058,1750376570
,,-0.640506386756897,1750376571
,,1.019234299659729,1750376572
,,1.0195529460906982,1750376573
,,0.4053780734539032,1750376573
,,-0.7932692766189575,1750376573
,,0.2060294449329376,1750376574
,,0.3248480856418609,1750376574
,,0.2035019397735595,1750376574
,,0.7388936877250671,1750376575
,,-0.4538534581661224,1750376576
,,0.0016653505153954,1750376576
,,0.4421678185462951,1750376577
,,-1.63368821144104,1750376577
,,0.5835404396057129,1750376577
,,-0.4867973625659942,1750376578
,,-0.386570006608963,1750376578
,,-0.1963351219892501,1750376578
,,-0.0600715354084968,1750376579
,,0.1025020778179168,1750376579
,,0.218522772192955,1750376579
,,0.0807233974337577,1750376579
,,-0.1297447085380554,1750376579
,,0.00467263860628,1750376580
,,0.6828565001487732,1750376580
,,-0.0409289896488189,1750376581
,,-0.2216990888118744,1750376582
,,-0.7352553606033325,1750376582
,,-0.5767279267311096,1750376582
,,0.1219924986362457,1750376582
,,0.0061473799869418,1750376582
,,-0.1613028347492218,1750376583
,,-0.079872116446495,1750376583
,,1.1821017265319824,1750376583
,,0.2178246825933456,1750376584
,,-0.4531672894954681,1750376584
,,0.7635834813117981,1750376584
,,1.007710337638855,1750376584
,,-0.7270476222038269,1750376584
,,-0.4067490100860595,1750376584
,,-0.5892766714096069,1750376585
,,0.7229540348052979,1750376585
,,0.0259821973741054,1750376585
,,0.1613507568836212,1750376585
,,-1.2339622974395752,1750376587
,,0.6248718500137329,1750376587
,,0.4355138540267944,1750376587
,,0.4158191382884979,1750376587
,,-0.758996307849884,1750376587
,,-0.1992459148168563,1750376587
,,0.7037014365196228,1750376588
,,0.7167284488677979,1750376589
,,-1.0802303552627563,1750376589
,,-0.469121515750885,1750376589
,,0.4670429229736328,1750376590
,,-0.264990746974945,1750376590
,,0.0974014773964881,1750376590
,,0.4443028569221496,1750376590
,,-0.5751056671142578,1750376591
,,-0.3634682893753052,1750376592
,,0.5874807834625244,1750376592
,,-0.4169546365737915,1750376592
,,-0.0004586908326018,1750376592
,,0.4308725595474243,1750376593
,,-0.578507125377655,1750376593
,,-0.4189140498638153,1750376593
,,-1.064847111701965,1750376595
,,-0.4349542260169983,1750376595
,,-0.0606687404215335,1750376595
,,-0.6815621256828308,1750376595
,,0.6931216716766357,1750376596
,,0.6305374503135681,1750376596
,,-0.6605933308601379,1750376597
,,0.3998817503452301,1750376598
,,-0.7991427183151245,1750376598
,,-0.7942012548446655,1750376599
,,0.0866805240511894,1750376599
,,-0.4544275403022766,1750376599
,,1.0341366529464722,1750376599
,,-0.0001994343620026,1750376599
,,0.0592130981385707,1750376600
,,0.2424669712781906,1750376600
,,-0.5866779685020447,1750376600
,,0.2150462716817855,1750376601
,,1.0737991333007812,1750376602
,,-0.3226546049118042,1750376602
,,0.2990032732486725,1750376603
,,0.3684711754322052,1750376603
,,-0.5722110867500305,1750376604
,,0.2750113606452942,1750376605
,,0.4575903415679931,1750376605
,,0.3832768201828003,1750376605
,,-0.6615599393844604,1750376605
,,0.683442234992981,1750376605
,,-0.6077016592025757,1750376605
,,0.1199760884046554,1750376605
,,0.4596748948097229,1750376606
,,0.6142275333404541,1750376606
,,-0.0589620098471641,1750376606
,,0.0864833295345306,1750376606
,,0.471242755651474,1750376606
,,0.2219451665878296,1750376607
,,1.125091552734375,1750376607
,,0.4639806747436523,1750376608
,,0.4323037266731262,1750376608
,,0.6549984216690063,1750376608
,,1.075477957725525,1750376609
,,-0.4458296597003937,1750376609
,,-0.7260505557060242,1750376609
,,-0.0175655260682106,1750376609
,,0.5052009224891663,1750376612
,,-0.4959917366504669,1750376612
,,-0.075831115245819,1750376613
,,0.4413664042949676,1750376613
,,0.7200605869293213,1750376613
,,0.0178023651242256,1750376614
,,0.4215452075004577,1750376614
,,-0.1832800805568695,1750376614
,,0.8188833594322205,1750376614
,,0.1927154660224914,1750376614
,,0.0052718203514814,1750376615
,,0.8946009874343872,1750376616
,,-0.6511104702949524,1750376616
,,-0.2039025425910949,1750376616
,,0.5571557283401489,1750376617
,,-0.1399853080511093,1750376617
,,-0.9829091429710388,1750376618
,,-0.747244119644165,1750376618
,,0.4348864555358886,1750376618
,,0.0309621877968311,1750376618
,,0.3565846085548401,1750376619
,,-0.4785680174827575,1750376619
,,0.4752683639526367,1750376620
,,-1.2212268114089966,1750376620
,,0.1069674864411354,1750376621
,,-0.0530537143349647,1750376621
,,-0.0613816082477569,1750376621
,,0.7232322692871094,1750376621
,,-1.197726845741272,1750376622
,,-0.0238455161452293,1750376622
,,-0.4256174564361572,1750376623
,,-0.1124290972948074,1750376623
,,0.440119206905365,1750376624
,,0.724090576171875,1750376624
,,0.486807256937027,1750376624
,,1.5988560914993286,1750376624
,,0.665863037109375,1750376624
,,0.1687096208333969,1750376625
,,0.4024779498577118,1750376625
,,0.988428831100464,1750376626
,,0.7649549841880798,1750376626
,,0.4308636486530304,1750376626
,,-0.4237858355045318,1750376627
,,1.0911946296691897,1750376627
,,1.042203068733215,1750376627
,,1.302367925643921,1750376627
,,-0.4422796368598938,1750376628
,,-0.4838505685329437,1750376628
,,-0.4564047157764435,1750376628
,,0.4564484655857086,1750376628
,,0.7424219250679016,1750376629
,,0.7735308408737183,1750376629
,,0.0399907939136028,1750376629
,,0.0802695080637931,1750376629
,,-0.4423153400421142,1750376629
,,0.7191135883331299,1750376629
,,0.4089498817920685,1750376629
,,0.4487175643444061,1750376630
,,0.4287002384662628,1750376630
,,0.4812241494655609,1750376630
,,0.4427436590194702,1750376632
,,-0.637550413608551,1750376633
,,-0.7071702480316162,1750376633
,,1.595339059829712,1750376634
,,0.1525118052959442,1750376634
,,-1.1132512092590332,1750376634
,,-1.6295944452285769,1750376634
,,0.6345142126083374,1750376635
,,-0.4674465358257293,1750376635
,,0.451114147901535,1750376636
,,0.0811131745576858,1750376636
,,-0.0112535404041409,1750376637
,,-0.6573037505149841,1750376637
,,0.1332049667835235,1750376638
,,0.0258049871772527,1750376638
,,0.9118152856826782,1750376640
,,-0.8216919302940369,1750376640
,,0.1442396640777588,1750376642
,,0.5239577293395996,1750376642
,,0.4253887236118316,1750376642
,,-0.5261268019676208,1750376643
,,0.0846961066126823,1750376643
,,1.5738322734832764,1750376643
,,0.1110531985759735,1750376643
,,-0.8576891422271729,1750376643
,,-1.105015754699707,1750376644
,,0.6360666751861572,1750376645
,,-0.004375500138849,1750376645
,,-0.1993084549903869,1750376645
,,-0.5960680246353149,1750376646
,,0.718283474445343,1750376647
,,0.6208948493003845,1750376648
,,-0.2381243556737899,1750376648
,,-1.8310015201568604,1750376648
,,-0.6922340393066406,1750376648
,,-0.6238548755645752,1750376648
,,0.1915754079818725,1750376648
,,-0.3268864750862121,1750376649
,,0.5486465096473694,1750376649
,,-0.5893154740333557,1750376650
,,0.4601798057556152,1750376650
,,-0.6828228235244751,1750376650
,,0.3426298797130584,1750376651
,,-1.160888671875,1750376651
,,-0.3857467472553253,1750376651
,,-0.6965547204017639,1750376651
,,0.3789964020252228,1750376653
,,-0.2992250025272369,1750376653
,,-0.0332814939320087,1750376653
,,0.8047447204589844,1750376653
,,0.6788162589073181,1750376653
,,-0.1267794221639633,1750376654
,,0.7432827949523926,1750376654
,,-0.6657687425613403,1750376654
,,0.6924736499786377,1750376654
,,-0.4751978516578674,1750376654
,,0.8217712044715881,1750376655
,,-0.4372068047523498,1750376655
,,-0.178694412112236,1750376655
,,-0.2992158830165863,1750376655
,,0.4979904592037201,1750376655
,,0.1490544974803924,1750376656
,,0.1557499021291732,1750376656
,,-0.5076873898506165,1750376656
,,-1.0862621068954468,1750376656
,,-0.4703496694564819,1750376657
,,0.3737120628356933,1750376657
,,-0.9105576872825624,1750376657
,,0.413409560918808,1750376658
,,0.7089023590087891,1750376658
,,-0.4772801697254181,1750376658
,,-0.7585254311561584,1750376658
,,0.7441214919090271,1750376659
,,1.5683139562606812,1750376659
,,0.3535991609096527,1750376660
,,-0.2051848024129867,1750376660
,,0.019785625860095,1750376660
,,0.0005806178669445,1750376661
,,-0.0097217783331871,1750376661
,,0.9827244877815248,1750376662
,,-0.6845043301582336,1750376662
,,0.5539780259132385,1750376662
,,-0.9166890978813172,1750376662
,,0.414797306060791,1750376662
,,0.3013505339622497,1750376662
,,0.4631528556346893,1750376663
,,-1.7738522291183472,1750376663
,,-0.2661150395870209,1750376663
,,0.6194798946380615,1750376664
,,0.7139987349510193,1750376664
,,0.4358412325382232,1750376664
,,-0.2979380488395691,1750376664
,,-0.0086943106725811,1750376665
,,0.4358066618442535,1750376665
,,0.158421903848648,1750376665
,,-1.2584691047668457,1750376666
,,0.2108594924211502,1750376666
,,0.561082124710083,1750376667
,,0.4655382633209228,1750376667
,,0.292297899723053,1750376668
,,-0.0117484154179692,1750376668
,,0.467431902885437,1750376669
,,0.388437807559967,1750376669
,,0.1019679233431816,1750376670
,,0.4689784646034241,1750376670
,,-0.4449352622032165,1750376670
,,0.7840476036071777,1750376671
,,1.831787347793579,1750376671
,,0.7309369444847107,1750376671
,,-0.4572643041610718,1750376672
,,-0.6011168956756592,1750376672
,,0.0017955430084839,1750376672
,,0.4642595946788788,1750376673
,,-0.5780423879623413,1750376674
,,-0.7585548162460327,1750376674
,,0.7153180241584778,1750376675
,,-0.6074216365814209,1750376675
,,0.2140194773674011,1750376676
,,0.6276607513427734,1750376677
,,-0.6857008337974548,1750376678
,,0.0779570043087005,1750376679
,,0.1531032025814056,1750376679
,,1.0053871870040894,1750376679
,,0.671558678150177,1750376679
,,0.4475077092647552,1750376679
,,-0.0239817798137664,1750376680
,,-0.0654597207903862,1750376680
,,-0.7489875555038452,1750376681
,,0.8436084985733032,1750376681
,,0.6985750794410706,1750376681
,,0.4593520164489746,1750376681
,,0.0586842000484466,1750376682
,,0.4600808024406433,1750376682
,,0.4761054813861847,1750376683
,,0.247916042804718,1750376683
,,-0.0835314095020294,1750376683
,,-0.4166657030582428,1750376683
,,-0.4780434370040893,1750376683
,,-0.5159745812416077,1750376683
,,0.3334472775459289,1750376684
,,-0.6752306222915649,1750376684
,,-0.716995894908905,1750376684
,,0.75300532579422,1750376685
,,0.6825136542320251,1750376685
,,-0.7012249231338501,1750376686
,,0.4645558297634125,1750376686
,,-1.0493048429489136,1750376686
,,-1.5998451709747314,1750376687
,,0.1736461669206619,1750376687
,,0.4283435344696045,1750376688
,,0.7262304425239563,1750376689
,,-0.3789831697940826,1750376689
,,-0.6079246401786804,1750376689
,,-0.4401130974292755,1750376689
,,0.4869196116924286,1750376689
,,0.6911494135856628,1750376690
,,0.5942472815513611,1750376690
,,0.7480529546737671,1750376691
,,1.2905248403549194,1750376692
,,-0.4146153330802917,1750376692
,,-0.4403471052646637,1750376693
,,0.672191858291626,1750376693
,,-0.2345432043075561,1750376694
,,0.4454880356788635,1750376694
,,0.4128263592720032,1750376694
,,0.7296031713485718,1750376694
,,0.6077803373336792,1750376695
,,-0.0806536599993705,1750376695
,,0.007806365378201,1750376696
,,0.5260044932365417,1750376696
,,-0.0131263695657253,1750376698
,,-0.0878514721989631,1750376698
,,0.9417783617973328,1750376698
,,-0.691914439201355,1750376698
,,-1.4521818161010742,1750376699
,,0.6723697781562805,1750376699
,,0.3783589899539947,1750376700
,,0.1896370351314544,1750376701
,,-0.3503168523311615,1750376701
,,0.1167256981134414,1750376702
,,-1.0361249446868896,1750376703
,,-1.1420719623565674,1750376703
,,-0.4248984754085541,1750376703
,,-0.4985045790672302,1750376704
,,-0.0281895976513624,1750376704
,,0.6140795946121216,1750376704
,,-0.7594265937805176,1750376704
,,0.4327294528484344,1750376705
,,0.5287279486656189,1750376706
,,0.4309528470039367,1750376707
,,-0.5033429265022278,1750376707
,,-0.5783552527427673,1750376707
,,-0.4379045069217682,1750376708
,,-0.4381329119205475,1750376708
,,-0.4696303308010101,1750376708
,,-0.6599851846694946,1750376709
,,0.591594398021698,1750376709
,,-0.4362264573574066,1750376709
,,-0.4355197250843048,1750376710
,,-0.0742709040641784,1750376710
,,-0.5153439044952393,1750376711
,,0.413434773683548,1750376711
,,0.6939462423324585,1750376711
,,0.4308009743690491,1750376711
,,-0.3788022100925445,1750376711
,,-0.6740006804466248,1750376711
,,-0.0533524937927722,1750376711
,,-0.022016080096364,1750376712
,,0.2733260095119476,1750376712
,,-0.6862947344779968,1750376712
,,0.4278037250041961,1750376712
,,0.0982377231121063,1750376713
,,0.3965465128421783,1750376713
,,0.6728667616844177,1750376713
,,0.4333032071590423,1750376715
,,-0.0608895868062973,1750376715
,,-1.0640076398849487,1750376715
,,0.411371648311615,1750376715
,,-0.0579804331064224,1750376715
,,0.4417608678340912,1750376715
,,1.226271390914917,1750376715
,,0.5808748602867126,1750376716
,,-0.6423683166503906,1750376716
,,0.058200154453516,1750376717
,,0.4518455266952514,1750376718
,,0.2985565066337585,1750376719
,,-0.4045950770378113,1750376719
,,-0.0878163650631904,1750376719
,,0.4289748966693878,1750376720
,,0.7078388929367065,1750376721
,,0.6575362682342529,1750376721
,,0.1139359325170517,1750376721
,,0.6178789138793945,1750376722
,,-0.3373393416404724,1750376722
,,0.2305016368627548,1750376723
,,0.7598589658737183,1750376723
,,0.5553361773490906,1750376723
,,0.539394736289978,1750376723
,,1.0358245372772217,1750376723
,,-0.1993049383163452,1750376724
,,-0.409424751996994,1750376725
,,-0.6570389866828918,1750376725
,,-1.1869922876358032,1750376725
,,-0.4083709716796875,1750376725
,,0.8302462100982666,1750376725
,,0.70872563123703,1750376727
,,-0.0710308477282524,1750376727
,,0.7490612864494324,1750376728
,,-1.0682138204574585,1750376728
,,-0.0331314392387867,1750376728
,,0.4423433542251587,1750376729
,,-0.6735185384750366,1750376730
,,-1.0721060037612915,1750376730
,,1.164456844329834,1750376731
,,-0.5918732285499573,1750376731
,,0.103707231581211,1750376731
,,-0.7937065958976746,1750376731
,,1.6053647994995115,1750376731
,,0.3322462737560272,1750376732
,,0.7304631471633911,1750376732
,,-0.0675366073846817,1750376732
,,-0.787386417388916,1750376733
,,0.6040830016136169,1750376733
,,0.6946396827697754,1750376733
,,0.4420571327209472,1750376734
,,0.7419993281364441,1750376734
,,-1.1706615686416626,1750376735
,,0.3862228989601135,1750376735
,,-0.1221182122826576,1750376736
,,0.4398906528949737,1750376737
,,-0.4533072412014007,1750376737
,,-0.581907331943512,1750376738
,,-0.4187575876712799,1750376738
,,0.0516662336885929,1750376738
,,0.4466068744659424,1750376739
,,-0.1039123758673667,1750376739
,,0.4637162089347839,1750376739
,,-0.0549715720117092,1750376739
,,0.6763631701469421,1750376740
,,1.5730446577072144,1750376740
,,0.1140220761299133,1750376740
,,-0.275724709033966,1750376741
,,-0.2228267043828964,1750376741
,,0.0171195417642593,1750376741
,,0.6923903226852417,1750376742
,,0.4260011911392212,1750376742
,,-0.719314455986023,1750376742
,,0.7395692467689514,1750376742
,,-0.0314128287136554,1750376743
,,0.4639642238616943,1750376744
,,-0.1429594159126281,1750376744
,,0.1494122147560119,1750376744
,,0.4616982340812683,1750376745
,,0.4597110450267792,1750376745
,,-0.3212720155715942,1750376747
,,-1.254120707511902,1750376747
,,0.0222609229385852,1750376748
,,-0.6013670563697815,1750376748
,,0.2120064944028854,1750376748
,,1.7257163524627686,1750376749
,,0.2521968781948089,1750376749
,,-0.0622483566403389,1750376750
,,0.0357122495770454,1750376751
,,-0.4235532283782959,1750376751
,,0.7604769468307495,1750376751
,,-0.1002037525177002,1750376752
,,-0.6708717346191406,1750376752
,,-0.7017287611961365,1750376752
,,-0.0466191992163658,1750376753
,,1.8284001350402832,1750376753
,,-0.1189118474721908,1750376754
,,-0.4443128108978271,1750376754
,,-0.7515480518341064,1750376754
,,0.6971889138221741,1750376755
,,0.7092071771621704,1750376755
,,-0.0699222683906555,1750376755
,,0.2797266840934753,1750376755
,,-0.4187336266040802,1750376756
,,0.7331658005714417,1750376756
,,0.1680623888969421,1750376757
,,0.4819695651531219,1750376757
,,0.4099460542201996,1750376757
,,-0.2187041044235229,1750376758
,,0.4395312964916229,1750376758
,,-0.4041268825531006,1750376758
,,-0.4336919784545898,1750376758
,,-0.4915365874767303,1750376759
,,-0.0391075797379016,1750376759
,,0.4614023268222809,1750376759
,,0.4868174791336059,1750376759
,,-0.6918854713439941,1750376759
,,-0.8657582998275757,1750376759
,,1.168461561203003,1750376759
,,1.0271512269973757,1750376760
,,1.153960347175598,1750376761
,,-0.1669126451015472,1750376761
,,-1.815478801727295,1750376761
,,-0.7201567888259888,1750376762
,,-1.3345847129821775,1750376764
,,0.7643990516662598,1750376764
,,0.4446415901184082,1750376765
,,0.0103940609842538,1750376766
,,-0.301318496465683,1750376766
,,0.012722005136311,1750376766
,,0.6867530345916748,1750376766
,,0.5294559597969055,1750376767
,,-0.4343718290328979,1750376767
,,-0.2159424275159835,1750376767
,,0.5840554237365723,1750376768
,,-0.1681586056947708,1750376768
,,0.0634193941950798,1750376768
,,0.90022873878479,1750376768
,,-1.7242217063903809,1750376769
,,-0.462772011756897,1750376769
,,0.0580693967640399,1750376770
,,-0.748002827167511,1750376770
,,0.3721246421337127,1750376770
,,0.570946455001831,1750376770
,,0.6554806232452393,1750376770
,,-0.4782502353191376,1750376770
,,-0.3311010301113128,1750376770
,,-0.3684297800064087,1750376770
,,1.299760103225708,1750376772
,,0.4670943319797516,1750376772
,,0.392803281545639,1750376772
,,0.6779797673225403,1750376772
,,0.599321186542511,1750376772
,,-0.2232235670089721,1750376772
,,1.7834409475326538,1750376772
,,0.6257893443107605,1750376773
,,0.7033585906028748,1750376773
,,0.1914369016885757,1750376773
,,-0.6296491622924805,1750376773
,,-0.4766681492328644,1750376773
,,1.271280288696289,1750376774
,,-1.802807569503784,1750376775
,,-0.0028485052753239,1750376775
,,-0.0019743721932172,1750376776
,,-0.0979974642395973,1750376776
,,0.1055309176445007,1750376777
,,-0.0589146502315998,1750376777
,,-0.7466698884963989,1750376777
,,1.6623581647872925,1750376778
,,-0.0889279022812843,1750376778
,,-0.3066697120666504,1750376778
,,-0.596039354801178,1750376779
,,0.1574052572250366,1750376779
,,-0.6859050393104553,1750376779
,,0.7151786088943481,1750376780
,,0.4146943092346191,1750376780
,,-0.4660863578319549,1750376780
,,0.4927318692207336,1750376780
,,-0.3914283812046051,1750376781
,,-0.926571786403656,1750376781
,,0.5973764061927795,1750376781
,,-0.0570846796035766,1750376781
,,0.4642969965934753,1750376782
,,-0.3486048579216003,1750376782
,,0.0443164408206939,1750376782
,,-0.6910542249679565,1750376783
,,-0.6882923245429993,1750376784
,,0.7124559879302979,1750376784
,,1.2759637832641602,1750376784
,,-0.059051789343357,1750376784
,,-0.4643256366252899,1750376787
,,0.5011699199676514,1750376787
,,0.3976512551307678,1750376787
,,1.3503490686416626,1750376788
,,-0.5791247487068176,1750376788
,,0.7100834846496582,1750376788
,,1.29960036277771,1750376789
,,-1.037492275238037,1750376791
,,0.420996755361557,1750376791
,,-0.5000412464141846,1750376792
,,-0.5149917006492615,1750376792
,,1.6174280643463137,1750376792
,,0.4472387731075287,1750376792
,,-0.408017635345459,1750376793
,,-0.218578040599823,1750376793
,,-0.2535471618175506,1750376793
,,1.1526517868041992,1750376793
,,-1.0587071180343628,1750376793
,,0.40102618932724,1750376794
,,0.0103987483307719,1750376794
,,-0.5034719705581665,1750376794
,,-0.750940203666687,1750376795
,,0.1010685786604881,1750376795
,,-0.8844174146652222,1750376795
,,0.4190657436847687,1750376795
,,0.1666441857814788,1750376795
,,0.5680919289588928,1750376796
,,-0.4946219027042389,1750376796
,,0.1784536391496658,1750376796
,,0.4271210730075836,1750376797
,,0.1486961990594864,1750376797
,,-0.4887283146381378,1750376797
,,-0.0911740288138389,1750376797
,,1.2555536031723022,1750376798
,,-0.7119446396827698,1750376798
,,0.0293275862932205,1750376799
,,-0.9530085325241088,1750376799
,,0.3394492566585541,1750376801
,,-0.000235970102949,1750376801
,,-0.4094384610652923,1750376801
,,1.1353087425231934,1750376802
,,-0.1333931535482406,1750376802
,,-1.0199857950210571,1750376802
,,0.7150660157203674,1750376802
,,-0.0494019016623497,1750376803
,,-0.7526074051856995,1750376803
,,0.4425787329673767,1750376804
,,1.5025382041931152,1750376804
,,-0.0128752551972866,1750376804
,,-0.0969968810677528,1750376804
,,0.3736411333084106,1750376804
,,-0.0489606112241745,1750376804
,,1.038021206855774,1750376806
,,0.9475368857383728,1750376807
,,-0.0268588662147521,1750376807
,,-0.5309988260269165,1750376807
,,0.3920837342739105,1750376808
,,-0.2161587625741958,1750376808
,,-0.652591347694397,1750376808
,,0.4765543937683105,1750376809
,,0.2818760275840759,1750376811
,,0.2111390382051468,1750376811
,,-0.4371763467788696,1750376812
,,0.4857968389987945,1750376813
,,-0.715803861618042,1750376813
,,0.0100373057648539,1750376814
,,0.0555975995957851,1750376814
,,-0.3551051318645477,1750376814
,,-0.1878268420696258,1750376816
,,0.0984469056129455,1750376816
,,-1.0745426416397097,1750376816
,,0.8441171050071716,1750376817
,,0.3993983864784241,1750376817
,,-0.4281508922576904,1750376817
,,0.1392056494951248,1750376817
,,0.6936218738555908,1750376818
,,-0.0868612825870513,1750376818
,,0.2725310623645782,1750376819
,,0.5606855154037476,1750376819
,,1.2679966688156128,1750376819
,,0.4253519475460052,1750376819
,,0.0163246002048254,1750376820
,,1.9217685461044312,1750376820
,,0.7062206864356995,1750376821
,,0.401218980550766,1750376821
,,-0.5060577392578125,1750376821
,,0.7026972770690918,1750376821
,,-0.4733456671237945,1750376822
,,-1.7231082916259766,1750376822
,,-0.4718200862407684,1750376822
,,-0.2860815823078155,1750376822
,,1.587782382965088,1750376823
,,-1.8916999101638796,1750376823
,,-0.6971612572669983,1750376824
,,-0.0301832929253578,1750376824
,,-1.5495620965957642,1750376824
,,0.4371875822544098,1750376824
,,0.6677558422088623,1750376825
,,0.5098850131034851,1750376825
,,0.2274038344621658,1750376825
,,0.1400261670351028,1750376825
,,-1.5696746110916138,1750376825
,,0.0363699272274971,1750376826
,,-0.6869882941246033,1750376826
,,-0.6357002854347229,1750376826
,,1.0930650234222412,1750376827
,,-0.0781219899654388,1750376827
,,0.069377027451992,1750376828
,,-1.138563871383667,1750376828
,,-0.579881489276886,1750376829
,,0.4686020612716675,1750376830
,,0.0019797715358436,1750376831
,,-0.347388356924057,1750376831
,,-1.1538692712783811,1750376831
,,0.4407010376453399,1750376831
,,1.0470638275146484,1750376831
,,1.6515716314315796,1750376834
,,0.2597639262676239,1750376835
,,-0.4457241296768188,1750376835
,,0.5348657369613647,1750376836
,,0.2417328208684921,1750376836
,,0.6076902151107788,1750376836
,,0.0906385406851768,1750376837
,,0.0890820249915123,1750376837
,,0.6880139112472534,1750376838
,,-0.3500630259513855,1750376838
,,-0.5528737306594849,1750376838
,,0.1490617543458938,1750376838
,,0.7722034454345703,1750376838
,,0.3612067103385925,1750376840
,,-0.6593987345695496,1750376840
,,-0.0858830139040947,1750376840
,,0.5940471887588501,1750376840
,,-0.4622852802276611,1750376841
,,0.4094643890857696,1750376841
,,-0.4299339652061462,1750376841
,,0.5812813639640808,1750376841
,,-0.4536566734313965,1750376841
,,-0.6757034063339233,1750376841
,,-0.2230955064296722,1750376841
,,0.7048549652099609,1750376841
,,-0.3644201159477234,1750376842
,,-0.4893552362918854,1750376842
,,-0.702926754951477,1750376842
,,-0.3807788789272308,1750376842
,,-0.4730011820793152,1750376843
,,0.5826299786567688,1750376843
,,-0.4585064351558685,1750376844
,,-0.0872419252991676,1750376844
,,-0.1351244151592254,1750376844
,,-0.6395720839500427,1750376845
,,0.0076785190030932,1750376845
,,0.1243219897150993,1750376846
,,-0.4330457150936126,1750376847
,,-0.0012553757987916,1750376847
,,-0.009219167754054,1750376847
,,0.7035953998565674,1750376847
,,0.3860471546649933,1750376847
,,-0.7276546955108643,1750376847
,,-0.4389266967773437,1750376848
,,0.4626749157905578,1750376848
,,-0.7228699326515198,1750376848
,,0.5623984336853027,1750376848
,,-0.5560376644134521,1750376848
,,-0.5694445371627808,1750376849
,,-0.6804029941558838,1750376849
,,0.454881340265274,1750376849
,,-0.0182199776172637,1750376849
,,0.138238251209259,1750376850
,,-0.1229514107108116,1750376851
,,-0.0947461575269699,1750376851
,,0.7394050359725952,1750376851
,,0.4585242569446563,1750376851
,,0.4865241348743438,1750376852
,,0.6666112542152405,1750376852
,,-1.2069791555404663,1750376852
,,1.0741642713546753,1750392001
,,-0.1679459065198898,1750392002
,,1.2165381908416748,1750392002
,,0.1008743569254875,1750392003
,,0.579509437084198,1750392003
,,0.3686165809631347,1750392003
,,-0.067190833389759,1750392004
,,-0.0257549695670604,1750392004
,,-0.7418768405914307,1750392004
,,0.5567665696144104,1750392004
,,0.1616760641336441,1750392005
,,-0.1022253632545471,1750392005
,,0.4358769357204437,1750392007
,,0.4560314118862152,1750392007
,,-0.231765791773796,1750392008
,,-1.742207169532776,1750392008
,,0.3761454224586487,1750392008
,,0.7227751016616821,1750392009
,,0.573842465877533,1750392009
,,0.7138988375663757,1750392009
,,0.419417142868042,1750392010
,,0.6928048729896545,1750392010
,,1.1192618608474731,1750392011
,,-0.7249683737754822,1750392011
,,-0.0429425537586212,1750392012
,,-0.4111047983169555,1750392012
,,-0.8181599974632263,1750392013
,,0.4673216044902801,1750392013
,,1.395622730255127,1750392013
,,-0.1460141539573669,1750392014
,,-0.5741810202598572,1750392014
,,-2.173471689224243,1750392014
,,-0.6715073585510254,1750392015
,,0.4231523275375366,1750392016
,,0.4650586545467376,1750392016
,,-0.0039408789016306,1750392016
,,-0.7215902805328369,1750392017
,,1.2708266973495483,1750392017
,,-0.0888386443257331,1750392018
,,-0.831080973148346,1750392018
,,0.10734274238348,1750392019
,,-0.0320843532681465,1750392019
,,0.6700417399406433,1750392020
,,0.6961002945899963,1750392021
,,-0.4545234441757202,1750392021
,,-0.4129522740840912,1750392022
,,0.0323202200233936,1750392022
,,-0.6591567993164062,1750392023
,,0.1874794960021972,1750392023
,,-0.4169456958770752,1750392023
,,0.4659129977226257,1750392023
,,0.4552334547042846,1750392023
,,0.1288156062364578,1750392024
,,0.4670715630054474,1750392025
,,0.0832826644182205,1750392026
,,0.4460709691047668,1750392026
,,0.7213057279586792,1750392027
,,1.865046739578247,1750392027
,,0.3810744285583496,1750392028
,,0.2955601811408996,1750392028
,,-0.65981525182724,1750392029
,,0.5936490297317505,1750392030
,,-0.662638783454895,1750392030
,,0.2246653139591217,1750392031
,,-1.2752258777618408,1750392031
,,0.3382632434368133,1750392032
,,-0.2416738271713256,1750392032
,,0.6592180132865906,1750392032
,,0.4887494444847107,1750392034
,,-0.1395638138055801,1750392034
,,-0.6812439560890198,1750392034
,,0.674736738204956,1750392035
,,-0.0021487460471689,1750392035
,,-0.2969430685043335,1750392035
,,-0.4159668385982513,1750392035
,,1.769863486289978,1750392035
,,-0.5155499577522278,1750392036
,,-0.5988050699234009,1750392036
,,-0.249328002333641,1750392036
,,-0.2046484947204589,1750392036
,,0.7075945138931274,1750392037
,,-0.6240251660346985,1750392039
,,-0.4374780654907226,1750392039
,,-0.4345770478248596,1750392039
,,1.5047224760055542,1750392040
,,1.1056535243988037,1750392041
,,0.718294620513916,1750392041
,,0.3969729840755462,1750392041
,,1.6285417079925537,1750392041
,,-0.5691588521003723,1750392041
,,-0.6963846683502197,1750392041
,,0.3977881371974945,1750392042
,,0.1994981318712234,1750392042
,,0.4760049283504486,1750392043
,,-0.3454383611679077,1750392043
,,0.5970068573951721,1750392043
,,0.5240097641944885,1750392044
,,-0.4746417105197906,1750392044
,,0.1424883753061294,1750392045
,,-0.2533794343471527,1750392045
,,0.1001835092902183,1750392045
,,-0.7093472480773926,1750392045
,,0.6305848360061646,1750392046
,,0.8622848391532898,1750392046
,,0.3812656998634338,1750392047
,,-0.4164412021636963,1750392048
,,0.2759154736995697,1750392048
,,-0.5524264574050903,1750392049
,,-0.3275654315948486,1750392049
,,0.6740743517875671,1750392049
,,0.4656794667243957,1750392049
,,0.3466357290744781,1750392049
,,-0.1645601540803909,1750392050
,,0.1741684228181839,1750392050
,,-0.1024399250745773,1750392051
,,-0.3967284858226776,1750392051
,,0.6835386753082275,1750392052
,,-0.2683423161506653,1750392053
,,0.8070696592330933,1750392053
,,0.4640806317329407,1750392054
,,-0.7168022990226746,1750392055
,,0.704857349395752,1750392056
,,-0.4438810646533966,1750392056
,,0.7406503558158875,1750392056
,,-0.4495139420032501,1750392057
,,-0.4520297348499298,1750392058
,,-0.5212821960449219,1750392059
,,-1.3010857105255127,1750392059
,,-0.6342445015907288,1750392060
,,-0.4072498977184295,1750392060
,,-0.4321090579032898,1750392060
,,-0.0079879211261868,1750392061
,,0.0564279556274414,1750392061
,,-1.497278094291687,1750392061
,,-0.103372037410736,1750392062
,,1.603540301322937,1750392062
,,1.529586672782898,1750392063
,,0.1489417105913162,1750392063
,,-0.4295140504837036,1750392063
,,0.6127583980560303,1750392064
,,0.6711553931236267,1750392064
,,-0.972059726715088,1750392065
,,-0.9021857976913452,1750392065
,,-0.4538694322109222,1750392065
,,-0.3550062775611877,1750392065
,,-0.4592607617378235,1750392065
,,0.2841111123561859,1750392065
,,-0.7060198187828064,1750392065
,,0.7186778783798218,1750392066
,,0.655311107635498,1750392066
,,0.8480082154273987,1750392067
,,-0.774792492389679,1750392067
,,1.7483495473861694,1750392068
,,0.4507219791412353,1750392068
,,0.4148060977458954,1750392068
,,-0.4159121513366699,1750392068
,,-0.4427269101142883,1750392070
,,0.2387299537658691,1750392070
,,0.6887940764427185,1750392070
,,-0.4394753575325012,1750392070
,,-1.2291929721832275,1750392072
,,-1.88504958152771,1750392072
,,-0.353492796421051,1750392073
,,0.5755995512008667,1750392073
,,-0.7261158227920532,1750392074
,,0.0219144411385059,1750392074
,,0.6167157292366028,1750392075
,,0.6374676823616028,1750392075
,,0.6999787092208862,1750392075
,,-0.0370770767331123,1750392075
,,-0.4249777495861053,1750392076
,,0.67402583360672,1750392076
,,0.5723085403442383,1750392076
,,-1.055160403251648,1750392076
,,0.7142747044563293,1750392077
,,0.0965964943170547,1750392077
,,0.4050711989402771,1750392077
,,0.0384883321821689,1750392078
,,-0.4676198065280914,1750392078
,,-0.6697879433631897,1750392078
,,0.4631603062152862,1750392078
,,-0.6865510940551758,1750392079
,,0.4107337594032287,1750392079
,,-0.1349038332700729,1750392079
,,-0.6822127103805542,1750392080
,,-0.4399587213993072,1750392080
,,0.7422608137130737,1750392080
,,0.4499543309211731,1750392081
,,0.0281286761164665,1750392081
,,0.5452064871788025,1750392081
,,0.1003259569406509,1750392081
,,-0.0150486528873443,1750392081
,,-0.6983658671379089,1750392081
,,1.7671856880187988,1750392082
,,0.4626671373844147,1750392082
,,-0.2189268618822097,1750392083
,,-0.4661090672016144,1750392084
,,0.7435749769210815,1750392085
,,0.4641021490097046,1750392085
,,0.2140092849731445,1750392085
,,-0.4759225845336914,1750392085
,,0.0160786770284175,1750392086
,,0.4374115765094757,1750392086
,,-0.1278816759586334,1750392086
,,2.6511688232421875,1750392086
,,-0.1603463292121887,1750392087
,,-0.6629313230514526,1750392087
,,-0.4636752009391784,1750392087
,,-0.4192671775817871,1750392087
,,-0.0240967329591512,1750392088
,,-0.4360861480236053,1750392089
,,-0.4517453908920288,1750392089
,,-0.6177384257316589,1750392089
,,1.031097412109375,1750392089
,,0.8000987768173218,1750392089
,,1.8711333274841309,1750392090
,,0.1221591606736183,1750392090
,,1.1414088010787964,1750392090
,,-0.4711828529834747,1750392091
,,-1.0522472858428955,1750392092
,,0.7175593376159668,1750392094
,,-1.5508956909179688,1750392094
,,0.4217191934585571,1750392094
,,0.4383494257926941,1750392094
,,-0.0372801274061203,1750392095
,,-0.4658878147602081,1750392095
,,0.3835687339305877,1750392095
,,0.7066318392753601,1750392095
,,0.4403124451637268,1750392096
,,0.1488846093416214,1750392096
,,0.3938685655593872,1750392096
,,-0.0002032305201282,1750392096
,,0.7109386324882507,1750392097
,,-0.697551965713501,1750392097
,,0.957402229309082,1750392097
,,-0.0041409647092223,1750392097
,,0.6440948247909546,1750392098
,,0.0211281105875968,1750392098
,,0.6827080249786377,1750392098
,,0.678483784198761,1750392099
,,0.6373754143714905,1750392099
,,-0.6914668679237366,1750392100
,,-0.7639918923377991,1750392102
,,0.2536529004573822,1750392102
,,0.4678463935852051,1750392102
,,-1.0210192203521729,1750392104
,,-0.3890201449394226,1750392104
,,0.2148511260747909,1750392104
,,-0.033890888094902,1750392105
,,-0.4086233079433441,1750392107
,,0.7222991585731506,1750392107
,,0.0526485964655876,1750392107
,,-0.0474209077656269,1750392108
,,-1.051606059074402,1750392108
,,0.5668622851371765,1750392109
,,2.131199598312378,1750392109
,,-0.4574036598205566,1750392110
,,-0.4136973321437835,1750392110
,,-0.6804416179656982,1750392111
,,0.0553426705300807,1750392111
,,-0.4260329902172088,1750392111
,,-0.9190223217010498,1750392112
,,-1.156181812286377,1750392112
,,-0.0944673120975494,1750392112
,,-1.2124353647232056,1750392112
,,-0.684372067451477,1750392112
,,0.2084495574235916,1750392113
,,-0.1780095547437667,1750392113
,,-0.6793124079704285,1750392114
,,0.3855040669441223,1750392114
,,0.3458140194416046,1750392114
,,0.4071966409683227,1750392114
,,1.837657451629639,1750392114
,,-0.3112896978855133,1750392114
,,0.1511891633272171,1750392115
,,-0.663917601108551,1750392115
,,-0.7150119543075562,1750392115
,,0.4648083448410034,1750392115
,,-0.1138343885540962,1750392115
,,-0.5780627727508545,1750392115
,,0.4627421796321869,1750392116
,,0.5288403034210205,1750392117
,,0.3511309921741485,1750392119
,,1.277177333831787,1750392120
,,0.6716996431350708,1750392120
,,-1.6208568811416626,1750392121
,,-0.4742538928985595,1750392121
,,-0.0758181512355804,1750392121
,,-0.7145955562591553,1750392123
,,0.7802149653434753,1750392123
,,0.4667670130729675,1750392123
,,-0.1176130622625351,1750392126
,,-0.7625285387039185,1750392127
,,0.4242314100265503,1750392127
,,1.130199670791626,1750392128
,,0.6528443694114685,1750392128
,,0.5758952498435974,1750392129
,,0.1518970727920532,1750392129
,,0.3911806941032409,1750392130
,,-0.6772569417953491,1750392130
,,1.3310496807098389,1750392131
,,0.5258338451385498,1750392131
,,-1.1876614093780518,1750392131
,,-0.4631122648715973,1750392131
,,0.4466356337070465,1750392131
,,-0.4201024770736694,1750392131
,,0.7551416754722595,1750392131
,,0.8006678819656372,1750392131
,,-0.0142975049093365,1750392132
,,-0.2479632049798965,1750392133
,,-0.574795663356781,1750392133
,,-0.424721747636795,1750392134
,,0.6919634938240051,1750392134
,,-0.9131938219070436,1750392135
,,0.466647744178772,1750392135
,,-0.5517401099205017,1750392135
,,-0.1514912694692611,1750392135
,,-0.3928039669990539,1750392135
,,0.1339164078235626,1750392137
,,0.0014144633896648,1750392137
,,-0.0351717360317707,1750392137
,,0.4223280847072601,1750392138
,,-0.7180916666984558,1750392138
,,-0.7345218062400818,1750392138
,,-2.035233497619629,1750392139
,,0.4604428112506866,1750392139
,,0.1050627082586288,1750392139
,,0.4188605844974518,1750392140
,,1.0300668478012085,1750392140
,,-0.3563884496688843,1750392140
,,-0.4464654624462127,1750392141
,,-0.4560669660568237,1750392142
,,-0.432994931936264,1750392142
,,1.8483442068099976,1750392142
,,0.3337142765522003,1750392142
,,0.4548452198505401,1750392142
,,-0.0641769394278526,1750392142
,,0.6923747658729553,1750392142
,,-0.1998865306377411,1750392142
,,0.5200026035308838,1750392144
,,-0.4411993324756622,1750392145
,,0.1082817837595939,1750392145
,,0.5845327377319336,1750392145
,,0.4594641625881195,1750392145
,,-0.68993079662323,1750392146
,,-0.1518792659044265,1750392147
,,0.1367738395929336,1750392147
,,-0.24960358440876,1750392147
,,0.3713013529777527,1750392147
,,-0.6632663607597351,1750392147
,,-0.0141083309426903,1750392148
,,-0.4153988063335418,1750392148
,,0.1018997505307197,1750392148
,,0.954632043838501,1750392148
,,0.4627521634101867,1750392148
,,0.6034849286079407,1750392149
,,0.4474324584007263,1750392149
,,0.0064665535464882,1750392150
,,-0.0251349955797195,1750392151
,,2.84130859375,1750392151
,,-0.6722482442855835,1750392151
,,0.342631071805954,1750392151
,,0.7388954758644104,1750392151
,,1.3012996912002563,1750392151
,,-0.7134962677955627,1750392151
,,0.70295649766922,1750392152
,,0.6997917294502258,1750392152
,,0.7477084994316101,1750392152
,,0.6332225203514099,1750392152
,,0.6845893859863281,1750392153
,,0.655181884765625,1750392153
,,-0.0355449207127094,1750392153
,,-1.5149990320205688,1750392153
,,-0.516865074634552,1750392153
,,-0.7100483179092407,1750392154
,,-0.4568178653717041,1750392155
,,0.1850267797708511,1750392155
,,0.1019027605652809,1750392156
,,0.4895446598529815,1750392157
,,-1.1434545516967771,1750392158
,,-1.18390953540802,1750392158
,,-0.4433197379112243,1750392158
,,-0.7819991707801819,1750392159
,,0.5910688638687134,1750392159
,,0.7409040331840515,1750392159
,,-0.6996285319328308,1750392159
,,-0.5443786382675171,1750392159
,,0.2278978675603866,1750392159
,,0.5960766077041626,1750392160
,,0.485393077135086,1750392162
,,-0.7622336149215698,1750392162
,,0.4131666421890259,1750392162
,,0.4347945153713226,1750392163
,,0.6562157273292542,1750392163
,,0.4199213087558746,1750392164
,,-1.311477541923523,1750392164
,,0.4349807500839233,1750392165
,,1.2672030925750732,1750392165
,,0.0807474851608276,1750392166
,,1.044619917869568,1750392166
,,-0.5776551961898804,1750392167
,,-0.3009322881698608,1750392167
,,1.0134316682815552,1750392167
,,0.0766281634569168,1750392168
,,0.5061129331588745,1750392168
,,1.1460431814193726,1750392169
,,0.4046577513217926,1750392170
,,-0.6979895234107971,1750392170
,,-1.100115418434143,1750392171
,,0.0059654330834746,1750392171
,,1.1438425779342651,1750392173
,,-0.161924123764038,1750392173
,,-0.6811455488204956,1750392173
,,0.695914626121521,1750392174
,,-0.3564512729644775,1750392174
,,-0.0292919799685478,1750392174
,,0.6548650860786438,1750392174
,,0.6326497793197632,1750392174
,,-0.6831346154212952,1750392175
,,0.0246309544891119,1750392175
,,1.1964484453201294,1750392176
,,0.5801165699958801,1750392176
,,0.4845809042453766,1750392177
,,0.4515996873378753,1750392178
,,0.4744158983230591,1750392178
,,0.2855605185031891,1750392179
,,0.724640965461731,1750392179
,,1.045907974243164,1750392180
,,0.0113584976643323,1750392180
,,0.4611426293849945,1750392181
,,-0.4890928864479065,1750392181
,,-0.3714110553264618,1750392181
,,-0.4280232787132263,1750392182
,,-0.0150925954803824,1750392182
,,0.5292096138000488,1750392184
,,-0.3619893491268158,1750392184
,,0.5185558795928955,1750392184
,,0.6118670105934143,1750392185
,,0.0687878355383873,1750392185
,,1.5074914693832395,1750392186
,,0.4865216612815857,1750392187
,,1.2237998247146606,1750392187
,,1.6192140579223633,1750392187
,,1.0525976419448853,1750392188
,,-0.463549256324768,1750392190
,,0.0246700160205364,1750392190
,,0.4542987644672394,1750392190
,,-0.0547741279006004,1750392191
,,0.386690229177475,1750392191
,,-0.695855438709259,1750392191
,,-1.0579994916915894,1750392191
,,-0.8965939283370972,1750392192
,,-0.4714597761631012,1750392192
,,0.3396479189395904,1750392192
,,-0.724230945110321,1750392193
,,0.6879022121429443,1750392193
,,0.0092683704569935,1750392194
,,1.0695993900299072,1750392195
,,1.0460206270217896,1750392195
,,0.4455479085445404,1750392196
,,-0.4971378445625305,1750392197
,,-0.2677429616451263,1750392197
,,0.1286535114049911,1750392197
,,0.6180500984191895,1750392197
,,0.7038092017173767,1750392197
,,0.3508934676647186,1750392197
,,-0.0080044893547892,1750392197
,,-0.7297776937484741,1750392197
,,-0.585185170173645,1750392198
,,0.4342188239097595,1750392198
,,-0.2395890951156616,1750392199
,,-0.4392865896224975,1750392199
,,-0.7255514860153198,1750392199
,,1.2793999910354614,1750392200
,,-1.149735450744629,1750392200
,,0.6804847717285156,1750392202
,,-2.6827147006988525,1750392202
,,0.4675309360027313,1750392203
,,0.331991046667099,1750392203
,,1.100414752960205,1750392204
,,0.4089136719703674,1750392204
,,0.9962679147720336,1750392204
,,0.7275322079658508,1750392205
,,-0.7570846080780029,1750392205
,,-0.1190186664462089,1750392205
,,0.719247043132782,1750392205
,,-0.2396366447210312,1750392206
,,-1.535422682762146,1750392206
,,0.2645013928413391,1750392206
,,-0.7957260608673096,1750392206
,,-1.322978973388672,1750392206
,,0.3868717551231384,1750392206
,,0.0339087434113025,1750392206
,,0.7282024621963501,1750392207
,,1.0324656963348389,1750392208
,,-0.4398999810218811,1750392208
,,-0.4588429927825928,1750392209
,,-0.4992207884788513,1750392209
,,0.7383874654769897,1750392209
,,0.4073235988616943,1750392210
,,-0.2954540550708771,1750392210
,,0.4349362552165985,1750392210
,,-0.4232189953327179,1750392210
,,-0.0836791396141052,1750392210
,,-0.6768845915794373,1750392211
,,-0.6950309872627258,1750392212
,,0.393411785364151,1750392212
,,0.4576410949230194,1750392213
,,-0.0133362999185919,1750392214
,,-0.4656741619110107,1750392215
,,0.4425450563430786,1750392216
,,0.4589361846446991,1750392216
,,0.4161115288734436,1750392217
,,-0.7390186786651611,1750392217
,,0.5217530131340027,1750392219
,,0.0379241034388542,1750392219
,,0.3105731606483459,1750392219
,,0.0038753761909902,1750392219
,,-0.0608227588236331,1750392220
,,-0.0055156671442091,1750392221
,,-0.5698734521865845,1750392221
,,0.6843054890632629,1750392223
,,-0.3966917693614959,1750392223
,,-0.6697895526885986,1750392223
,,-0.4628207683563232,1750392223
,,0.6775143146514893,1750392223
,,0.3906485140323639,1750392224
,,-0.9916943907737732,1750392224
,,0.5729487538337708,1750392224
,,-0.2295978218317031,1750392224
,,0.4904055893421173,1750392225
,,-0.4614395797252655,1750392225
,,-0.7697651982307434,1750392225
,,1.3204896450042725,1750392226
,,0.0080441767349839,1750392226
,,1.004070520401001,1750392226
,,-0.7333394885063171,1750392227
,,-0.0976778715848922,1750392227
,,0.007516995538026,1750392228
,,-0.0924042388796806,1750392228
,,0.5766416192054749,1750392228
,,0.3635979294776916,1750392229
,,0.584693193435669,1750392229
,,-1.3416475057601929,1750392230
,,-0.0483463257551193,1750392230
,,-0.4412665367126465,1750392230
,,-0.6735100150108337,1750392231
,,-0.5615900158882141,1750392232
,,0.094831570982933,1750392232
,,0.3216182887554168,1750392233
,,0.7398045063018799,1750392233
,,-0.0640977397561073,1750392233
,,0.6910586953163147,1750392233
,,1.0859256982803345,1750392233
,,-1.0404777526855469,1750392234
,,0.4260483682155609,1750392234
,,0.4525049328804016,1750392236
,,0.3276917040348053,1750392236
,,-0.4641166031360626,1750392236
,,-0.4755476415157318,1750392236
,,-0.3316356539726257,1750392236
,,-1.2587519884109497,1750392237
,,-0.2393228262662887,1750392238
,,0.657827615737915,1750392238
,,0.6510211825370789,1750392238
,,-0.0991830602288246,1750392239
,,0.0158537700772285,1750392239
,,-0.6563642621040344,1750392239
,,-1.099996566772461,1750392239
,,-0.7354726195335388,1750392240
,,1.8407645225524905,1750392240
,,0.1070177629590034,1750392240
,,-0.0198038797825574,1750392240
,,0.4650457501411438,1750392241
,,0.4861656725406647,1750392241
,,-0.4877204000949859,1750392241
,,0.7692586183547974,1750392241
,,-0.192797303199768,1750392242
,,-0.4470476508140564,1750392242
,,0.7258597612380981,1750392243
,,-1.230139970779419,1750392243
,,-1.4357820749282837,1750392244
,,0.6333320140838623,1750392244
,,-0.4656979739665985,1750392244
,,0.7281116247177124,1750392245
,,0.683822512626648,1750392245
,,1.3437451124191284,1750392245
,,-0.456305980682373,1750392246
,,-0.5281648635864258,1750392247
,,0.4027848243713379,1750392247
,,0.0288692601025104,1750392248
,,0.6556689143180847,1750392248
,,-0.6718273162841797,1750392248
,,0.000117144692922,1750392249
,,-0.0180953219532966,1750392249
,,0.4925205707550049,1750392250
,,-0.9354224801063538,1750392250
,,-0.481113076210022,1750392250
,,-0.5947519540786743,1750392250
,,-0.0102090137079358,1750392252
,,0.4638227522373199,1750392253
,,0.4754320681095123,1750392253
,,0.5062499642372131,1750392253
,,0.6843512654304504,1750392254
,,0.7796468734741211,1750392254
,,-0.6900452375411987,1750392254
,,-0.4473547637462616,1750392254
,,0.6261886954307556,1750392257
,,0.5496869087219238,1750392257
,,-0.6992272138595581,1750392258
,,0.0638563707470893,1750392258
,,0.6761249899864197,1750392258
,,0.0824304074048996,1750392258
,,-0.0017723123310133,1750392259
,,0.1117842346429824,1750392260
,,0.0748825892806053,1750392260
,,-0.5144769549369812,1750392261
,,-0.4620690047740936,1750392262
,,-0.6911922097206116,1750392262
,,0.728522777557373,1750392263
,,-0.3333093523979187,1750392263
,,0.7087976336479187,1750392264
,,-1.147783637046814,1750392264
,,0.4700369536876678,1750392264
,,1.237287521362305,1750392265
,,-0.4751550257205963,1750392266
,,0.7276525497436523,1750392266
,,-0.1245062500238418,1750392267
,,0.0036383857950568,1750392267
,,-0.0180388372391462,1750392267
,,0.4328710436820984,1750392267
,,1.338721752166748,1750392267
,,-0.5459474325180054,1750392267
,,-1.1510601043701172,1750392268
,,-0.1597426384687423,1750392268
,,-0.4226746559143066,1750392268
,,-0.7084181308746338,1750392268
,,-0.4526257812976837,1750392268
,,-0.3563402593135834,1750392269
,,-0.6408885717391968,1750392269
,,-0.4138520658016205,1750392269
,,0.4725048542022705,1750392270
,,0.473708838224411,1750392270
,,1.490054488182068,1750392270
,,-0.5824862718582153,1750392270
,,-0.6351814270019531,1750392271
,,1.1206260919570925,1750392271
,,0.0683249086141586,1750392272
,,-1.0567861795425415,1750392272
,,-0.8301454186439514,1750392272
,,-0.0511416457593441,1750392274
,,-0.0229235533624887,1750392274
,,0.4318261742591858,1750392274
,,1.04682457447052,1750392274
,,-0.3451696336269378,1750392274
,,0.3615675270557403,1750392275
,,0.320536732673645,1750392275
,,1.1396549940109253,1750392276
,,0.1489909887313842,1750392277
,,-0.6788929104804993,1750392277
,,0.4888922572135925,1750392277
,,0.6777289509773254,1750392278
,,0.5987779498100281,1750392278
,,0.6082988381385803,1750392279
,,-0.304850161075592,1750392279
,,-0.1240504905581474,1750392280
,,1.163682460784912,1750392281
,,-0.9755770564079284,1750392281
,,0.4852751195430755,1750392281
,,-1.042178988456726,1750392283
,,0.5917438268661499,1750392283
,,-0.1799980998039245,1750392285
,,0.4252028465270996,1750392285
,,-0.4669356942176819,1750392286
,,-0.4244575798511505,1750392286
,,0.9131383895874025,1750392286
,,-0.7402620315551758,1750392287
,,-0.7076743841171265,1750392288
,,0.003362510818988,1750392288
,,-0.4080474972724914,1750392288
,,-0.3642217218875885,1750392289
,,-0.4256574213504791,1750392289
,,-1.001240611076355,1750392289
,,0.1583414375782013,1750392290
,,-0.3774054944515228,1750392290
,,0.3748646676540375,1750392290
,,-0.2019740343093872,1750392290
,,0.7329802513122559,1750392290
,,-0.4167142510414123,1750392290
,,-1.3319849967956543,1750392291
,,0.4119772613048553,1750392292
,,0.0696095377206802,1750392292
,,-1.0550349950790403,1750392293
,,0.0683373659849166,1750392294
,,0.4410076737403869,1750392294
,,-1.2047029733657837,1750392295
,,0.6853258609771729,1750392295
,,0.1029082164168357,1750392295
,,0.591301441192627,1750392296
,,-0.5944207310676575,1750392296
,,0.5848551988601685,1750392296
,,-0.1360768526792526,1750392296
,,-0.4505672752857208,1750392297
,,0.7037381529808044,1750392297
,,0.6442498564720154,1750392298
,,0.4533142447471618,1750392298
,,1.4306015968322754,1750392298
,,0.3231932520866394,1750392298
,,-0.372546374797821,1750392298
,,1.1666449308395386,1750392299
,,-0.5485169887542725,1750392299
,,-0.5715052485466003,1750392299
,,-0.5170231461524963,1750392300
,,0.4327057600021362,1750392300
,,0.6227434277534485,1750392300
,,0.4176515340805053,1750392301
,,-0.2218405902385711,1750392301
,,-0.0757046639919281,1750392301
,,0.1410095542669296,1750392301
,,-0.1254410594701767,1750392301
,,-1.1273131370544434,1750392303
,,0.0382527224719524,1750392303
,,-1.035813808441162,1750392303
,,-0.6838204860687256,1750392304
,,-0.4290076196193695,1750392304
,,-0.6055015921592712,1750392304
,,-0.7820197343826294,1750392304
,,0.2502607405185699,1750392305
,,0.3754081130027771,1750392305
,,-0.6856657266616821,1750392305
,,0.4463217854499817,1750392305
,,-0.5254542827606201,1750392306
,,-0.7237095832824707,1750392307
,,-0.1914819031953811,1750392307
,,0.1591208130121231,1750392307
,,-0.0396693609654903,1750392308
,,0.4107299447059631,1750392308
,,0.4562971591949463,1750392308
,,-0.4451743066310882,1750392309
,,-0.7145926356315613,1750392309
,,-0.5162181258201599,1750392310
,,-1.01507306098938,1750392310
,,-0.0157704222947359,1750392310
,,0.2354874163866043,1750392311
,,1.2640395164489746,1750392311
,,0.0348149053752422,1750392312
,,-0.0480581372976303,1750392312
,,-0.0867369174957275,1750392313
,,0.5796213746070862,1750392313
,,0.4377461075782776,1750392313
,,-0.094783566892147,1750392314
,,-0.4080716371536255,1750392314
,,-0.5615095496177673,1750392315
,,0.4118598103523254,1750392315
,,0.6422401666641235,1750392315
,,-0.015134060755372,1750392316
,,0.4099709093570709,1750392316
,,0.4502679705619812,1750392316
,,0.4632420837879181,1750392316
,,-0.2648114562034607,1750392317
,,-0.6446616053581238,1750392317
,,0.5251568555831909,1750392317
,,-0.9276726245880128,1750392318
,,-1.3190317153930664,1750392319
,,-0.0675475895404815,1750392320
,,0.4189599752426147,1750392320
,,0.4196535944938659,1750392320
,,-0.181604117155075,1750392321
,,0.6104647517204285,1750392321
,,0.4389706254005432,1750392322
,,0.1245039924979209,1750392322
,,0.9992349147796632,1750392322
,,0.3613915741443634,1750392322
,,-1.2688754796981812,1750392323
,,0.6878308653831482,1750392324
,,0.4267870187759399,1750392324
,,0.4531927406787872,1750392324
,,-0.1412578970193863,1750392325
,,-0.0778898224234581,1750392326
,,0.1626658290624618,1750392327
,,0.7947973608970642,1750392327
,,0.3425949215888977,1750392327
,,0.1294589787721634,1750392328
,,0.0120988423004746,1750392329
,,0.1479880660772323,1750392329
,,0.4154074490070343,1750392329
,,0.6356144547462463,1750392330
,,-1.054443120956421,1750392330
,,-0.750312328338623,1750392330
,,-0.3361373841762543,1750392332
,,0.5053855776786804,1750392332
,,1.0596199035644531,1750392332
,,0.4375819861888885,1750392333
,,0.2660644948482513,1750392333
,,0.4016431272029876,1750392333
,,0.127810388803482,1750392334
,,-0.6629728674888611,1750392334
,,-1.7966339588165283,1750392335
,,-0.4688994288444519,1750392335
,,0.0047521037049591,1750392335
,,1.2640246152877808,1750392335
,,0.2488320469856262,1750392335
,,-0.5712241530418396,1750392336
,,0.2414624392986297,1750392336
,,-1.3317749500274658,1750392336
,,-0.5233996510505676,1750392336
,,0.0862771719694137,1750392336
,,0.4788659214973449,1750392337
,,-0.9913225173950196,1750392337
,,0.4556045532226562,1750392337
,,-0.5975373387336731,1750392337
,,-0.0814343690872192,1750392337
,,0.5013865828514099,1750392337
,,-0.1665303856134414,1750392338
,,0.9397558569908142,1750392338
,,-0.1066350564360618,1750392338
,,0.6720397472381592,1750392338
,,0.2564103007316589,1750392338
,,-0.0124363843351602,1750392338
,,-0.460297554731369,1750392339
,,-0.4268770217895508,1750392340
,,-0.4759019613265991,1750392340
,,0.8017556071281433,1750392340
,,0.4244629144668579,1750392340
,,-0.655301570892334,1750392342
,,0.7709428668022156,1750392342
,,1.0424736738204956,1750392343
,,0.4250546395778656,1750392343
,,-0.1150564476847648,1750392343
,,-0.5929063558578491,1750392344
,,1.218828797340393,1750392345
,,-1.052794337272644,1750392346
,,0.1912223696708679,1750392346
,,-0.1413505971431732,1750392346
,,0.0113855991512537,1750392346
,,-0.7143412828445435,1750392346
,,1.520169973373413,1750392347
,,-0.5699474215507507,1750392347
,,-0.0494901351630687,1750392347
,,-0.6975461840629578,1750392348
,,-0.4569040536880493,1750392348
,,-0.6861564517021179,1750392348
,,0.4805366694927215,1750392348
,,0.5599366426467896,1750392348
,,-0.4493216872215271,1750392349
,,0.294785588979721,1750392349
,,0.1398399472236633,1750392349
,,-0.4608401656150818,1750392350
,,0.0114777404814958,1750392350
,,0.2299977988004684,1750392350
,,0.2241348773241043,1750392350
,,-0.7816303968429565,1750392351
,,-0.844859778881073,1750392351
,,-0.7038333415985107,1750392351
,,-0.2701979577541351,1750392351
,,-0.3857967555522918,1750392352
,,-0.4415182173252105,1750392352
,,0.2241515666246414,1750392353
,,-0.0688566863536834,1750392353
,,0.1542531698942184,1750392353
,,0.5698879957199097,1750392353
,,-1.0187084674835205,1750392353
,,-0.4486701190471649,1750392354
,,0.4728336632251739,1750392354
,,-0.6341360211372375,1750392355
,,-0.1467028707265854,1750392355
,,0.0830749347805976,1750392355
,,1.2330284118652344,1750392356
,,-0.4434749782085418,1750392356
,,0.9048507213592528,1750392356
,,-1.0793092250823977,1750392356
,,0.2169694155454635,1750392357
,,0.9810613393783568,1750392357
,,-0.4531024694442749,1750392357
,,0.2598913311958313,1750392358
,,0.7734867930412292,1750392358
,,1.1948333978652954,1750392358
,,-0.4491431713104248,1750392359
,,-0.7106342315673828,1750392360
,,0.4326110482215881,1750392360
,,0.5766801834106445,1750392362
,,0.8872792720794678,1750392362
,,-0.4263944029808044,1750392362
,,0.5971941947937012,1750392362
,,0.4932054579257965,1750392363
,,0.336945116519928,1750392363
,,0.1925003081560135,1750392364
,,-0.363720029592514,1750392364
,,0.6485595107078552,1750392364
,,-0.6068253517150879,1750392365
,,0.8839684724807739,1750392366
,,0.483396828174591,1750392367
,,0.6033183932304382,1750392367
,,-1.2535791397094729,1750392368
,,0.249895766377449,1750392368
,,0.0925441682338714,1750392368
,,-0.4082077145576477,1750392369
,,1.7452113628387451,1750392369
,,-0.1372479349374771,1750392369
,,-0.551083505153656,1750392369
,,0.4222981631755829,1750392370
,,0.8383535146713257,1750392370
,,-0.0276330113410949,1750392371
,,-1.038266897201538,1750392371
,,0.7104358673095703,1750392371
,,-0.6795589923858643,1750392371
,,0.4615741968154907,1750392372
,,-0.0155484313145279,1750392373
,,-0.1801559180021286,1750392373
,,-0.1591982841491699,1750392374
,,0.7140840291976929,1750392376
,,-0.1531348079442978,1750392377
,,-0.0522708147764205,1750392377
,,0.690998375415802,1750392377
,,0.1084338501095771,1750392378
,,-0.7766609787940979,1750392378
,,0.5205103754997253,1750392378
,,0.5839353799819946,1750392378
,,0.689658522605896,1750392380
,,-0.4521042704582214,1750392381
,,0.4693043231964111,1750392381
,,-0.4683049023151397,1750392381
,,0.8013368844985962,1750392383
,,0.0597744770348072,1750392383
,,-0.5109415650367737,1750392384
,,-0.2778986990451813,1750392385
,,0.7204287648200989,1750392385
,,0.4613318145275116,1750392385
,,0.687950074672699,1750392386
,,0.4330970346927643,1750392386
,,-1.2593098878860474,1750392386
,,-1.5570518970489502,1750392387
,,1.0203853845596311,1750392387
,,-1.0229960680007937,1750392387
,,0.305798590183258,1750392387
,,0.6484094858169556,1750392388
,,0.2483226358890533,1750392389
,,-0.4210180044174194,1750392389
,,0.4710561335086822,1750392389
,,0.4516822397708893,1750392390
,,0.4531898498535156,1750392390
,,-0.409195065498352,1750392390
,,-0.4641858339309692,1750392390
,,0.0625791177153587,1750392391
,,0.3873701989650726,1750392391
,,-0.4243429601192474,1750392392
,,-0.0476815290749073,1750392392
,,1.1199095249176023,1750392392
,,0.8454018235206604,1750392392
,,-0.4694812893867492,1750392393
,,0.1356967389583587,1750392394
,,0.0159222334623336,1750392395
,,-0.2697478532791137,1750392395
,,-0.0863752514123916,1750392395
,,0.6860070824623108,1750392395
,,-0.7326085567474365,1750392396
,,0.4512962698936462,1750392396
,,-0.0125882802531123,1750392397
,,1.6757919788360596,1750392397
,,0.6905514597892761,1750392397
,,-0.1797840893268585,1750392398
,,1.074268102645874,1750392398
,,0.4349767863750458,1750392398
,,0.6661428213119507,1750392398
,,-0.128975972533226,1750392398
,,-0.0152450259774923,1750392398
,,1.474603533744812,1750392399
,,-0.4727314114570617,1750392399
,,-0.7307488322257996,1750392399
,,-0.6008893251419067,1750392400
,,-0.013941497541964,1750392400
,,1.5728002786636353,1750392400
,,1.184518337249756,1750392401
,,0.698029100894928,1750392401
,,-0.3876957893371582,1750392401
,,0.1183774396777153,1750392402
,,-0.2874806821346283,1750392403
,,-0.1685046851634979,1750392403
,,0.0437524951994419,1750392404
,,0.2146949172019958,1750392405
,,0.4890337586402893,1750392405
,,0.7095053195953369,1750392406
,,0.4676236510276794,1750392406
,,0.4252898693084717,1750392406
,,-1.6196579933166504,1750392406
,,0.2827329039573669,1750392407
,,-0.7223595976829529,1750392407
,,-0.1252897381782531,1750392407
,,-0.297125369310379,1750392407
,,0.1278180032968521,1750392408
,,0.0655885934829711,1750392409
,,0.7479347586631775,1750392409
,,-0.6052188277244568,1750392409
,,-0.9804503917694092,1750392410
,,-0.4271880388259887,1750408030
,,0.5877430438995361,1750408031
,,-0.1513949930667877,1750408031
,,0.3888520002365112,1750408031
,,-0.6286216974258423,1750408031
,,0.4660022258758545,1750408032
,,-0.6998692154884338,1750408034
,,-0.7141270041465759,1750408034
,,-0.4206543266773224,1750408034
,,-0.9255028963088988,1750408034
,,0.1593760102987289,1750408036
,,-0.2611320316791534,1750408036
,,1.3638757467269895,1750408036
,,-0.6502963900566101,1750408036
,,0.4075959026813507,1750408037
,,-0.7087094187736511,1750408037
,,-0.3896210491657257,1750408037
,,-0.7296593189239502,1750408037
,,0.3125632703304291,1750408037
,,0.1218704283237457,1750408037
,,-0.0206722691655159,1750408038
,,0.574301540851593,1750408038
,,1.0709720849990845,1750408039
,,-0.7439461946487427,1750408039
,,0.6378835439682007,1750408040
,,0.4235439300537109,1750408040
,,-0.5018901824951172,1750408040
,,-0.0503248013556003,1750408040
,,-0.33400359749794,1750408041
,,-0.0956288501620292,1750408042
,,-0.5070152878761292,1750408043
,,0.3720845282077789,1750408044
,,0.4698263108730316,1750408044
,,-0.105474978685379,1750408044
,,-0.7462024688720703,1750408046
,,-0.3509036302566528,1750408046
,,0.7300119400024414,1750408046
,,1.4441789388656616,1750408046
,,0.5009493827819824,1750408047
,,0.6804049611091614,1750408048
,,-0.340435117483139,1750408048
,,0.6973104476928711,1750408048
,,-1.0027081966400146,1750408048
,,-0.6908825635910034,1750408048
,,-0.1641048789024353,1750408049
,,0.3320946991443634,1750408049
,,0.4531501531600952,1750408049
,,-0.7708426713943481,1750408050
,,0.4363738298416137,1750408050
,,0.0015342195983976,1750408052
,,-1.3235207796096802,1750408052
,,0.4675177633762359,1750408052
,,0.0845858827233314,1750408053
,,-0.2743145525455475,1750408053
,,0.9180445671081544,1750408053
,,-0.1261254251003265,1750408053
,,0.0026317324955016,1750408054
,,0.5533531904220581,1750408054
,,-0.2965555489063263,1750408054
,,0.57766193151474,1750408055
,,0.7347660064697266,1750408056
,,-0.6509127020835876,1750408056
,,0.5505859851837158,1750408056
,,0.0910596996545791,1750408057
,,-0.4173099100589752,1750408057
,,-0.4685951173305511,1750408057
,,0.7133463025093079,1750408057
,,-0.4730250239372253,1750408057
,,-0.3846031427383423,1750408058
,,1.0268797874450684,1750408059
,,0.6448254585266113,1750408059
,,0.3918791711330414,1750408060
,,-1.572535276412964,1750408060
,,0.4267938435077667,1750408061
,,-0.40794238448143,1750408062
,,-0.4346031844615936,1750408062
,,-0.1384248286485672,1750408063
,,-1.1715059280395508,1750408064
,,-0.3988957107067108,1750408064
,,1.0979567766189575,1750408065
,,0.5325337052345276,1750408065
,,0.2260135412216186,1750408065
,,0.9305925369262696,1750408065
,,-0.3961420655250549,1750408066
,,-0.72807377576828,1750408066
,,0.0615324340760707,1750408066
,,1.161689043045044,1750408067
,,0.2561748325824737,1750408067
,,0.5542585253715515,1750408067
,,0.4774863421916961,1750408068
,,-0.1148562878370285,1750408068
,,0.617109477519989,1750408068
,,0.3795251846313476,1750408069
,,0.7135136723518372,1750408069
,,-0.4184590578079223,1750408070
,,-0.4512889683246612,1750408070
,,0.4034807682037353,1750408071
,,0.7491361498832703,1750408071
,,-0.6663087010383606,1750408071
,,-0.4462923407554626,1750408072
,,-0.3428985774517059,1750408072
,,0.0134260607883334,1750408072
,,0.0017891806783154,1750408072
,,-0.4067667126655578,1750408072
,,0.5374184250831604,1750408073
,,0.1824976205825805,1750408073
,,-0.7394483685493469,1750408073
,,-0.1424487233161926,1750408074
,,-0.2457667589187622,1750408074
,,-0.7027238011360168,1750408074
,,1.6127804517745972,1750408074
,,-0.0074049923568964,1750408074
,,-0.4294824004173279,1750408074
,,0.4488916099071502,1750408075
,,-0.4791847169399261,1750408075
,,0.6040946841239929,1750408075
,,1.1344037055969238,1750408075
,,-0.2002327144145965,1750408075
,,0.5029218196868896,1750408076
,,0.3960322439670563,1750408077
,,1.2249575853347778,1750408077
,,1.5748242139816284,1750408077
,,-0.207944169640541,1750408077
,,0.3766402006149292,1750408078
,,-0.5983374118804932,1750408078
,,0.3151513934135437,1750408078
,,0.2520762383937835,1750408078
,,-0.8826820850372314,1750408078
,,-0.0484958440065383,1750408079
,,-0.5788447856903076,1750408079
,,0.2281755059957504,1750408080
,,-0.4641207158565521,1750408081
,,-0.8456787467002869,1750408081
,,1.186065435409546,1750408081
,,-1.5861977338790894,1750408082
,,0.1031574383378028,1750408082
,,0.2986352443695068,1750408082
,,-0.0636409893631935,1750408083
,,-0.3385404944419861,1750408084
,,-1.2305777072906494,1750408084
,,-0.1229586228728294,1750408085
,,-0.7149226069450378,1750408085
,,1.611146092414856,1750408085
,,0.0343892686069011,1750408085
,,-0.0454180091619491,1750408086
,,1.661984086036682,1750408087
,,-0.2536373138427734,1750408087
,,-0.0527686141431331,1750408087
,,-1.584831714630127,1750408087
,,0.009632809087634,1750408088
,,-0.6032690405845642,1750408088
,,-0.7795518040657043,1750408088
,,0.3810397386550903,1750408088
,,0.3095237612724304,1750408089
,,0.1054443642497062,1750408089
,,0.4469662308692932,1750408090
,,-0.2395953983068466,1750408090
,,0.719307541847229,1750408091
,,0.7789081335067749,1750408092
,,0.6220170259475708,1750408092
,,-0.9716196656227112,1750408093
,,-0.4735097885131836,1750408093
,,1.099755883216858,1750408093
,,0.751249372959137,1750408093
,,-0.0236418060958385,1750408094
,,0.6820088624954224,1750408094
,,0.0106369275599718,1750408095
,,0.4157100915908813,1750408095
,,0.7149280309677124,1750408095
,,-0.2582747042179107,1750408095
,,-0.4544902145862579,1750408095
,,-0.3927836418151855,1750408095
,,-0.9122909903526306,1750408095
,,-0.6985196471214294,1750408095
,,-0.0679836496710777,1750408096
,,0.4733148217201233,1750408097
,,0.0030398385133594,1750408098
,,-0.74510258436203,1750408098
,,0.4467551410198211,1750408098
,,0.2670282423496246,1750408099
,,-0.6895273923873901,1750408099
,,-1.533524751663208,1750408100
,,-0.6928361654281616,1750408100
,,0.6924049258232117,1750408100
,,0.6913700103759766,1750408100
,,-0.7656751275062561,1750408100
,,-0.3519261181354522,1750408100
,,0.7796075940132141,1750408101
,,0.3721684515476227,1750408102
,,-1.0238935947418213,1750408102
,,-0.6092855334281921,1750408102
,,-1.9331258535385127,1750408102
,,-1.1103975772857666,1750408102
,,0.4606180489063263,1750408103
,,0.1253671199083328,1750408104
,,0.117852121591568,1750408104
,,0.1612988263368606,1750408104
,,0.7228271961212158,1750408104
,,-0.6667889356613159,1750408105
,,-0.0076199569739401,1750408105
,,-0.2635880708694458,1750408105
,,-0.7629735469818115,1750408107
,,0.2835961878299713,1750408107
,,0.4326715469360351,1750408107
,,-0.7230035066604614,1750408108
,,-0.4832697510719299,1750408108
,,0.0961166024208068,1750408108
,,0.4747951030731201,1750408109
,,0.1297924071550369,1750408110
,,-1.053468942642212,1750408110
,,-0.3655066192150116,1750408111
,,-0.0191948246210813,1750408111
,,-0.6822690963745117,1750408112
,,-0.7375080585479736,1750408112
,,-0.4362498223781585,1750408112
,,-0.4114127159118652,1750408112
,,-1.2303698062896729,1750408112
,,0.5316713452339172,1750408112
,,-0.3051106631755829,1750408113
,,0.6348296403884888,1750408113
,,0.4637452065944671,1750408115
,,-1.245161533355713,1750408115
,,0.4005707800388336,1750408116
,,0.0113849099725484,1750408116
,,-0.5741212964057922,1750408117
,,0.7668412923812866,1750408117
,,0.0038362690247595,1750408117
,,-0.6658721566200256,1750408117
,,0.0069244997575879,1750408118
,,-0.6803160309791565,1750408120
,,0.4657160937786102,1750408120
,,0.4672259390354156,1750408120
,,-0.2539384961128235,1750408120
,,-0.4185861647129059,1750408120
,,1.4992021322250366,1750408121
,,0.3961346447467804,1750408121
,,-0.3786629140377044,1750408122
,,-0.6842675805091858,1750408122
,,0.4494750499725342,1750408122
,,-0.431561142206192,1750408123
,,-1.0106977224349976,1750408123
,,-0.6781396865844727,1750408124
,,0.2222969084978103,1750408125
,,0.1288093477487564,1750408125
,,-0.4226332604885101,1750408125
,,0.0416973605751991,1750408126
,,0.1093825101852417,1750408126
,,-0.5007954239845276,1750408127
,,0.6435659527778625,1750408127
,,-0.4259912669658661,1750408127
,,0.4814340472221374,1750408128
,,0.1722544133663177,1750408128
,,0.59761643409729,1750408129
,,-0.4117602705955505,1750408130
,,0.95769464969635,1750408131
,,-1.060915231704712,1750408131
,,0.4257829785346985,1750408132
,,-0.730510413646698,1750408132
,,-0.4010452628135681,1750408133
,,-0.4450320303440094,1750408133
,,-0.2972553074359894,1750408133
,,-0.0051269372925162,1750408133
,,0.0086768912151455,1750408135
,,0.1408413201570511,1750408136
,,0.4290277063846588,1750408137
,,-0.6334315538406372,1750408137
,,-0.2104769349098205,1750408138
,,0.6946874260902405,1750408138
,,0.5271274447441101,1750408139
,,0.4305909276008606,1750408139
,,-0.6931893825531006,1750408139
,,0.4628698229789734,1750408140
,,0.5911902785301208,1750408140
,,0.0996523648500442,1750408141
,,-0.2992886900901794,1750408141
,,-0.4406687021255493,1750408142
,,-0.2698046863079071,1750408143
,,-0.656653106212616,1750408143
,,-0.9743508696556092,1750408143
,,-0.7276750206947327,1750408144
,,0.3219450414180755,1750408144
,,-1.60072124004364,1750408144
,,0.0783379524946212,1750408144
,,-0.8148727416992188,1750408145
,,-2.3137357234954834,1750408145
,,-0.0518506690859794,1750408145
,,0.6596988439559937,1750408145
,,0.4640800654888153,1750408146
,,0.2249066084623336,1750408146
,,-0.4254547357559204,1750408146
,,0.6867599487304688,1750408146
,,0.7401846647262573,1750408147
,,0.0086488304659724,1750408147
,,0.0257299654185771,1750408147
,,0.4606893360614776,1750408148
,,0.0879172980785369,1750408149
,,0.6990233063697815,1750408149
,,0.5464850068092346,1750408149
,,0.5786758065223694,1750408149
,,0.0700987875461578,1750408149
,,-0.6077684760093689,1750408150
,,-0.4059539437294006,1750408150
,,1.0343228578567505,1750408150
,,0.0047449106350541,1750408150
,,1.280791401863098,1750408150
,,-0.6603735089302063,1750408151
,,0.0248703155666589,1750408152
,,0.4433111548423767,1750408152
,,1.551419377326965,1750408152
,,-0.4993032217025757,1750408152
,,0.4832530617713928,1750408153
,,0.7239569425582886,1750408154
,,0.6621849536895752,1750408154
,,0.6576058864593506,1750408154
,,-1.0201318264007568,1750408155
,,-0.007206073962152,1750408155
,,0.0392572209239006,1750408155
,,0.5582709908485413,1750408155
,,-0.1523428410291671,1750408156
,,0.0058825127780437,1750408156
,,0.3781264126300812,1750408156
,,-0.7337891459465027,1750408156
,,-0.0266230273991823,1750408157
,,-0.4609530866146087,1750408157
,,-0.46585214138031,1750408157
,,-0.5765035152435303,1750408158
,,-0.5243381857872009,1750408158
,,-0.0351568460464477,1750408158
,,-1.4844627380371094,1750408158
,,0.6250528693199158,1750408158
,,-0.2048070728778839,1750408160
,,0.037557378411293,1750408160
,,-0.4141099154949188,1750408160
,,-1.654071807861328,1750408163
,,0.3390617072582245,1750408163
,,1.5993084907531738,1750408164
,,-0.6609963178634644,1750408164
,,0.3578667044639587,1750408164
,,-0.6495370864868164,1750408166
,,-0.4425772428512573,1750408166
,,0.7066922187805176,1750408166
,,-0.7015633583068848,1750408167
,,1.299318790435791,1750408167
,,0.2989982962608337,1750408167
,,0.4573502838611603,1750408167
,,-0.3637236356735229,1750408167
,,0.4307827055454254,1750408168
,,0.4204330146312713,1750408169
,,0.4284428656101227,1750408169
,,-0.4744591116905212,1750408170
,,0.4311194121837616,1750408170
,,0.5911802649497986,1750408171
,,0.4221238493919372,1750408172
,,-0.2903505265712738,1750408172
,,0.4342385232448578,1750408172
,,0.32136070728302,1750408173
,,0.5845388770103455,1750408173
,,-0.8490279912948608,1750408173
,,-0.4937922954559326,1750408174
,,-0.7098181843757629,1750408174
,,-0.4454137980937958,1750408174
,,0.7026553750038147,1750408174
,,-0.6727280020713806,1750408174
,,0.4163839817047119,1750408175
,,-0.8567448854446411,1750408175
,,-0.4328777492046356,1750408175
,,-0.469993382692337,1750408177
,,-0.6488877534866333,1750408177
,,-0.673397421836853,1750408177
,,-0.9079898595809937,1750408178
,,0.5604768395423889,1750408178
,,0.611510694026947,1750408178
,,-0.697650134563446,1750408179
,,-0.6720919013023376,1750408179
,,0.0044643944129347,1750408179
,,-0.2322269529104232,1750408179
,,0.6794309020042419,1750408180
,,-0.0505439303815364,1750408180
,,-0.7699865102767944,1750408181
,,0.4281747937202453,1750408182
,,0.1846938580274582,1750408182
,,-0.2351758778095245,1750408183
,,-0.0773878842592239,1750408183
,,-0.6683782339096069,1750408183
,,0.7817517518997192,1750408184
,,-0.772419273853302,1750408185
,,-0.4491555988788605,1750408185
,,-0.7081850171089172,1750408185
,,-0.6897273063659668,1750408186
,,0.4488488435745239,1750408186
,,0.5909598469734192,1750408188
,,0.2570986151695251,1750408188
,,-0.5976924896240234,1750408188
,,-0.2874515950679779,1750408189
,,-0.0119930878281593,1750408189
,,0.4670787155628204,1750408190
,,-0.6882070899009705,1750408191
,,0.3096103370189667,1750408191
,,-0.5524722933769226,1750408192
,,0.0787411630153656,1750408193
,,0.0191776920109987,1750408194
,,-0.4618494808673858,1750408194
,,0.5419590473175049,1750408194
,,-0.1747431457042694,1750408194
,,1.163197636604309,1750408196
,,0.4270156025886535,1750408196
,,-0.4328050911426544,1750408196
,,-0.1563715636730194,1750408196
,,0.0586501620709896,1750408197
,,-0.4786922931671142,1750408197
,,-0.5816555023193359,1750408197
,,-0.4710615575313568,1750408198
,,-0.0203798059374094,1750408198
,,0.1357106119394302,1750408198
,,0.4041677117347717,1750408198
,,0.3942195773124695,1750408199
,,0.6920534372329712,1750408199
,,-0.4700138568878174,1750408200
,,-0.502579391002655,1750408200
,,0.0965550541877746,1750408201
,,-0.7181599140167236,1750408201
,,1.1528841257095337,1750408201
,,0.7640801072120667,1750408202
,,0.09563460201025,1750408202
,,-0.6840580701828003,1750408202
,,0.2205293327569961,1750408203
,,0.6928583979606628,1750408203
,,-0.4001209437847137,1750408203
,,1.346971035003662,1750408204
,,0.0841540172696113,1750408204
,,0.3604251742362976,1750408205
,,-0.565795361995697,1750408205
,,-0.6878228187561035,1750408205
,,-0.2993600070476532,1750408205
,,0.6972441077232361,1750408206
,,0.0298681408166885,1750408206
,,0.6829591989517212,1750408206
,,-0.4290724098682403,1750408207
,,-0.284918338060379,1750408207
,,0.4715582728385925,1750408208
,,-0.9186720848083496,1750408209
,,-0.0332373902201652,1750408209
,,-1.2518494129180908,1750408210
,,-0.5572727918624878,1750408210
,,0.4591526687145233,1750408210
,,-0.5832071304321289,1750408210
,,0.443435937166214,1750408210
,,-0.6472447514533997,1750408211
,,-0.4595559239387512,1750408211
,,0.3963633477687835,1750408212
,,0.1670906990766525,1750408212
,,-0.4667187035083771,1750408212
,,-0.0040371106006205,1750408213
,,0.0769569501280784,1750408213
,,0.9532294869422911,1750408213
,,-0.5524967312812805,1750408214
,,0.4395627975463867,1750408214
,,-0.0050464374944567,1750408214
,,0.7313390970230103,1750408214
,,0.284135490655899,1750408215
,,0.1244493946433067,1750408215
,,-0.700373649597168,1750408216
,,-0.4242558479309082,1750408216
,,-0.5623645782470703,1750408216
,,0.4128642380237579,1750408217
,,0.5684386491775513,1750408217
,,0.307908296585083,1750408217
,,-0.228735938668251,1750408218
,,-0.5725281834602356,1750408219
,,0.5461311340332031,1750408220
,,-0.3975450098514557,1750408220
,,-0.4482557475566864,1750408220
,,-0.4035640358924866,1750408220
,,-0.288455992937088,1750408220
,,-0.0217153988778591,1750408220
,,0.4431599974632263,1750408220
,,-0.147524207830429,1750408221
,,0.4292462766170501,1750408221
,,-0.5754208564758301,1750408221
,,0.5253416299819946,1750408222
,,0.5107795000076294,1750408223
,,0.6426973938941956,1750408223
,,1.3201251029968262,1750408224
,,-0.69413822889328,1750408225
,,-0.7496618628501892,1750408226
,,0.7137423157691956,1750408226
,,-0.1631125956773758,1750408226
,,-0.4351917803287506,1750408227
,,0.7067848443984985,1750408227
,,-0.4799288213253021,1750408227
,,-1.584769368171692,1750408228
,,-0.2801513075828552,1750408229
,,-0.0449956059455871,1750408229
,,-0.4386844933032989,1750408229
,,0.0049121617339551,1750408229
,,-0.0167309865355491,1750408230
,,-0.1285080909729004,1750408230
,,-0.2558302283287048,1750408230
,,-3.309663772583008,1750408230
,,0.4194745719432831,1750408230
,,0.4294057488441467,1750408230
,,0.4576563835144043,1750408231
,,-0.0582309775054454,1750408231
,,0.7357489466667175,1750408232
,,-0.6461858153343201,1750408232
,,-0.068321444094181,1750408233
,,0.4285064935684204,1750408233
,,0.628986656665802,1750408233
,,0.0642532780766487,1750408233
,,0.4346077740192413,1750408233
,,-0.2362981885671615,1750408234
,,0.1073032915592193,1750408234
,,-0.4201272428035736,1750408234
,,0.2655036151409149,1750408235
,,1.0966346263885498,1750408236
,,0.089977853000164,1750408237
,,0.471900075674057,1750408238
,,0.4508249759674072,1750408239
,,-0.583814799785614,1750408239
,,-1.4486026763916016,1750408239
,,0.3498125970363617,1750408239
,,0.0047553204931318,1750408239
,,0.3882091641426086,1750408241
,,-0.1161718592047691,1750408242
,,-0.4506018459796905,1750408242
,,-0.6594924330711365,1750408242
,,0.4452969133853912,1750408243
,,1.5219639539718628,1750408243
,,-0.4520546197891235,1750408244
,,0.6744481921195984,1750408245
,,0.3441458642482757,1750408245
,,-0.6759311556816101,1750408246
,,0.9134861826896667,1750408246
,,0.6298601031303406,1750408246
,,0.0097384983673691,1750408247
,,0.4736588299274444,1750408247
,,0.6880030035972595,1750408247
,,0.4731698632240295,1750408247
,,0.0132264187559485,1750408247
,,0.8008263111114502,1750408248
,,-0.2009427100419998,1750408248
,,0.6854797005653381,1750408249
,,-0.4732722043991089,1750408249
,,-0.6202459931373596,1750408249
,,0.4890395104885101,1750408250
,,-0.2328048795461654,1750408250
,,-0.3586013615131378,1750408251
,,0.4887537360191345,1750408251
,,0.4410781562328338,1750408252
,,1.761350154876709,1750408252
,,-0.7381319999694824,1750408253
,,-0.441009521484375,1750408253
,,0.0455642342567443,1750408253
,,0.2854109704494476,1750408254
,,0.4062590301036834,1750408254
,,-0.7083600163459778,1750408256
,,-0.043239127844572,1750408257
,,0.7129652500152588,1750408257
,,0.4155438542366028,1750408257
,,1.5865577459335327,1750408258
,,-0.6870833039283752,1750408258
,,0.6185464262962341,1750408258
,,0.6345661878585815,1750408259
,,0.7674291729927063,1750408259
,,-0.4204393029212951,1750408259
,,1.0489729642868042,1750408260
,,-0.0109285600483417,1750408260
,,-1.0954148769378662,1750408260
,,0.7284839153289795,1750408260
,,-0.7183969020843506,1750408261
,,0.2504401803016662,1750408261
,,0.423934668302536,1750408262
,,0.7218519449234009,1750408262
,,-0.6926769018173218,1750408263
,,-0.6990103721618652,1750408263
,,-0.0627902373671531,1750408263
,,1.0448120832443235,1750408263
,,1.2015498876571655,1750408264
,,0.7354403138160706,1750408264
,,-0.4247196316719055,1750408264
,,-0.3900255262851715,1750408265
,,-0.5044435858726501,1750408265
,,0.8426193594932556,1750408265
,,-0.3625066578388214,1750408265
,,0.3523207306861877,1750408265
,,-0.4107769429683685,1750408266
,,1.0390255451202393,1750408267
,,0.4259752929210663,1750408267
,,1.184728980064392,1750408268
,,0.3976625204086303,1750408268
,,-1.7464872598648071,1750408268
,,0.651412844657898,1750408268
,,0.6924657225608826,1750408269
,,-0.6600391864776611,1750408270
,,-0.0043182373046875,1750408270
,,0.0543840564787387,1750408270
,,-0.7600129842758179,1750408270
,,-0.1080840528011322,1750408270
,,-0.62874436378479,1750408271
,,-0.0271387565881013,1750408271
,,0.222101092338562,1750408271
,,-0.4393424987792969,1750408271
,,0.2830996215343475,1750408272
,,0.192346841096878,1750408273
,,0.4027220010757446,1750408275
,,-0.5797604322433472,1750408275
,,-0.1427047401666641,1750408275
,,0.3853922486305237,1750408276
,,-1.5452834367752075,1750408277
,,-0.4702603220939636,1750408277
,,0.600141704082489,1750408277
,,1.0455034971237185,1750408278
,,-0.6827717423439026,1750408279
,,-1.1749110221862793,1750408279
,,0.7164115905761719,1750408279
,,1.372437834739685,1750408279
,,0.1240366473793983,1750408280
,,0.7121770977973938,1750408280
,,0.5832112431526184,1750408281
,,0.5131078958511353,1750408282
,,0.5740364789962769,1750408282
,,-0.6921315789222717,1750408282
,,-0.0385870225727558,1750408283
,,0.7032067179679871,1750408283
,,0.7095400094985962,1750408283
,,1.262416958808899,1750408283
,,-0.6848399639129639,1750408283
,,-0.6595065593719482,1750408283
,,-0.0227178111672401,1750408284
,,0.5571982264518738,1750408284
,,-0.1539334207773208,1750408285
,,-0.4724696278572082,1750408285
,,-0.0010201582917943,1750408285
,,0.5771357417106628,1750408286
,,0.4174340665340423,1750408287
,,0.2447538077831268,1750408287
,,0.2213180810213089,1750408288
,,-0.5744754672050476,1750408288
,,-0.698182225227356,1750408288
,,-1.1625306606292725,1750408289
,,0.4360286891460418,1750408289
,,0.6260732412338257,1750408289
,,0.1917118579149246,1750408289
,,-0.669539749622345,1750408289
,,-0.7128230333328247,1750408289
,,0.4564131200313568,1750408290
,,0.2093886435031891,1750408290
,,-0.4662000238895416,1750408290
,,0.6723805069923401,1750408290
,,0.4492274820804596,1750408291
,,0.7065497636795044,1750408291
,,-0.577720046043396,1750408291
,,0.4998420774936676,1750408291
,,0.1528964936733245,1750408292
,,-0.4454416930675506,1750408292
,,-0.4062763750553131,1750408292
,,0.4293243288993835,1750408293
,,-0.2042835354804992,1750408293
,,-0.4368553757667541,1750408293
,,0.0945987328886985,1750408294
,,-0.4648522734642029,1750408294
,,0.3907425105571747,1750408294
,,0.6977887153625488,1750408295
,,0.4853297770023346,1750408295
,,0.3833709061145782,1750408295
,,0.379820317029953,1750408295
,,-0.0411506779491901,1750408296
,,0.640507161617279,1750408296
,,0.7100454568862915,1750408297
,,0.0012189685367047,1750408298
,,0.4797663390636444,1750408298
,,1.738139510154724,1750408299
,,1.6078174114227295,1750408299
,,-0.4281277060508728,1750408299
,,0.4918840229511261,1750408299
,,-0.6597285270690918,1750408300
,,0.2398881763219833,1750408300
,,0.4797993898391723,1750408300
,,0.3404020071029663,1750408301
,,1.0057520866394043,1750408301
,,0.6877972483634949,1750408302
,,0.3800011575222015,1750408302
,,0.0168322622776031,1750408303
,,0.5760806202888489,1750408303
,,0.0226535238325595,1750408303
,,-1.6081657409667969,1750408304
,,-0.4001316428184509,1750408304
,,0.7057000994682312,1750408304
,,-0.4660950303077698,1750408306
,,-0.0333539843559265,1750408306
,,0.3275631368160248,1750408306
,,0.1039694771170616,1750408307
,,-0.3534088134765625,1750408308
,,1.2523117065429688,1750408308
,,0.552253007888794,1750408308
,,1.6458886861801147,1750408309
,,0.0162940584123134,1750408309
,,-1.2607944011688232,1750408309
,,1.7371902465820312,1750408310
,,-0.6383369565010071,1750408310
,,0.6653233170509338,1750408310
,,-0.4100838303565979,1750408311
,,0.4396233260631561,1750408312
,,0.9477539658546448,1750408312
,,0.3601942062377929,1750408312
,,0.6464188694953918,1750408314
,,-0.4505494832992553,1750408314
,,-0.4923483729362488,1750408315
,,1.2199434041976929,1750408315
,,-0.6859992146492004,1750408315
,,-0.4744631946086883,1750408315
,,1.5381933450698853,1750408316
,,-1.0097099542617798,1750408317
,,-0.7277451753616333,1750408317
,,-1.844677209854126,1750408317
,,0.2368376106023788,1750408317
,,0.5905439257621765,1750408317
,,0.0725624114274978,1750408318
,,-0.7115471959114075,1750408318
,,1.0663485527038574,1750408318
,,-0.5470648407936096,1750408318
,,-0.696862518787384,1750408319
,,-0.7005876898765564,1750408320
,,-0.1108130142092704,1750408320
,,-0.1806675940752029,1750408321
,,0.7770113348960876,1750408321
,,0.2358277887105941,1750408322
,,-0.3822969496250152,1750408322
,,0.4687630534172058,1750408322
,,0.7285600900650024,1750408322
,,0.1413399875164032,1750408323
,,0.4807762205600738,1750408324
,,-0.6792599558830261,1750408325
,,-0.1230124458670616,1750408326
,,0.0419723056256771,1750408326
,,0.0004085855616722,1750408326
,,0.4018331170082092,1750408327
,,-0.7657509446144104,1750408327
,,0.3597659170627594,1750408327
,,0.7039744853973389,1750408327
,,-0.1866976171731948,1750408328
,,-0.4059168994426727,1750408330
,,-0.4517777562141418,1750408330
,,1.044053077697754,1750408330
,,-0.7830702662467957,1750408330
,,-0.45913827419281,1750408331
,,-0.4090462327003479,1750408332
,,-0.444294661283493,1750408333
,,0.6752879619598389,1750408333
,,-0.4293689131736755,1750408333
,,1.0408270359039309,1750408334
,,-0.4374591410160064,1750408334
,,-0.4655108749866485,1750408334
,,-0.7527610063552856,1750408334
,,-0.5527179837226868,1750408335
,,0.4155329763889313,1750408335
,,1.2172369956970217,1750408335
,,-0.0830347761511802,1750408335
,,-0.4233208000659942,1750408336
,,0.4369185268878937,1750408337
,,0.6634407043457031,1750408337
,,-0.6621485352516174,1750408337
,,0.498745858669281,1750408339
,,0.513823390007019,1750408339
,,0.6681084036827087,1750408340
,,-1.8061089515686035,1750408340
,,-0.7045024037361145,1750408340
,,0.0062955929897725,1750408340
,,0.4978919625282287,1750408341
,,0.4621425569057464,1750408342
,,0.6800429821014404,1750408342
,,-0.4467583894729614,1750408342
,,0.4318670034408569,1750408342
,,0.4365465044975281,1750408342
,,-0.8571348786354065,1750408343
,,0.4738164246082306,1750408344
,,-0.0119177130982279,1750408344
,,-0.4498133659362793,1750408345
,,0.2548107802867889,1750408345
,,0.5080084204673767,1750408345
,,0.4568603038787842,1750408345
,,-0.7038556337356567,1750408346
,,0.3020836114883423,1750408346
,,0.2157704830169677,1750408346
,,-0.7564885020256042,1750408346
,,-0.5870968699455261,1750408346
,,0.509507954120636,1750408346
,,1.0252172946929932,1750408348
,,1.1531245708465576,1750408348
,,-0.4927585422992706,1750408348
,,0.3233618140220642,1750408349
,,-0.2368397712707519,1750408349
,,-1.2613800764083862,1750408350
,,1.2727713584899902,1750408350
,,0.6732292771339417,1750408350
,,-0.078593835234642,1750408351
,,-0.0529765039682388,1750408353
,,0.4494061768054962,1750408353
,,-0.5983011722564697,1750408353
,,-0.3657501935958862,1750408354
,,-0.41729336977005,1750408354
,,-0.1194743812084198,1750408354
,,-0.6572741866111755,1750408354
,,0.6140906810760498,1750408355
,,-0.3473574519157409,1750408356
,,1.1846160888671875,1750408356
,,0.4558590948581695,1750408356
,,0.7649465799331665,1750408356
,,-0.0506357699632644,1750408357
,,0.3935506939888,1750408357
,,-0.365250825881958,1750408358
,,0.7515646815299988,1750408358
,,-0.3889797627925873,1750408358
,,0.0534880198538303,1750408359
,,0.4497613310813904,1750408359
,,-0.0326341576874256,1750408360
,,0.6843975186347961,1750408360
,,-0.2124021798372268,1750408361
,,0.6716811060905457,1750408361
,,0.623324990272522,1750408361
,,1.2313170433044434,1750408363
,,-0.6091848611831665,1750408363
,,0.5434513092041016,1750408363
,,1.2820638418197632,1750408364
,,0.311142235994339,1750408364
,,0.7374885678291321,1750408365
,,1.1522376537322998,1750408365
,,1.0247443914413452,1750408366
,,0.6924199461936951,1750408367
,,-0.9519485235214232,1750408368
,,0.7790526151657104,1750408368
,,0.4382500648498535,1750408368
,,0.3963438272476196,1750408369
,,-0.5593290328979492,1750408369
,,-0.063997745513916,1750408370
,,-0.14906607568264,1750408370
,,-1.2522780895233154,1750408370
,,-0.2601183652877807,1750408370
,,-0.206137552857399,1750408371
,,0.6781322956085205,1750408371
,,0.4363486766815185,1750408371
,,0.427092045545578,1750408372
,,1.2285571098327637,1750408373
,,1.0660521984100342,1750408373
,,1.7806497812271118,1750408373
,,0.0523064397275447,1750408374
,,-0.5934022068977356,1750408374
,,0.0730409771203994,1750408375
,,-0.0719089806079864,1750408375
,,0.701564371585846,1750408375
,,0.6747502684593201,1750408375
,,1.1276779174804688,1750408376
,,-0.1902377605438232,1750408376
,,-0.2581826448440552,1750408376
,,0.8933421969413757,1750408377
,,-0.2342364639043808,1750408377
,,0.9582149386405944,1750408378
,,0.0528500042855739,1750408378
,,-0.2384293973445892,1750408378
,,0.77835613489151,1750408378
,,0.7682515382766724,1750408379
,,0.4650818705558777,1750408379
,,-0.4257053434848785,1750408379
,,0.6753844022750854,1750408379
,,-0.6944618225097656,1750408379
,,0.6904253363609314,1750408379
,,-0.6500608325004578,1750408380
,,0.7007389664649963,1750408380
,,0.4157089293003082,1750408381
,,-0.7548576593399048,1750408382
,,0.3739078342914581,1750408383
,,0.4648356437683105,1750408384
,,-0.6974406838417053,1750408384
,,1.3573195934295654,1750408384
,,-0.5066074132919312,1750408384
,,-0.0853370577096939,1750408384
,,1.6478556394577026,1750408384
,,0.4700433313846588,1750408385
,,1.173250436782837,1750408386
,,0.4649506211280823,1750408386
,,0.1826400756835937,1750408386
,,0.6674277186393738,1750408387
,,-0.7315979599952698,1750408387
,,0.7320496439933777,1750408387
,,0.4300377666950226,1750408388
,,0.4734051525592804,1750408388
,,-0.015173178166151,1750408388
,,-0.0006126709631644,1750408388
,,-0.5320579409599304,1750408388
,,0.4581987261772156,1750408389
,,0.68715500831604,1750408389
,,0.546149492263794,1750408389
,,0.7120857238769531,1750408390
,,-0.4890254735946655,1750408391
,,0.027790917083621,1750408391
,,-0.664341926574707,1750408391
,,-0.4916575253009796,1750408392
,,-0.6246444582939148,1750408392
,,0.4249022603034973,1750408392
,,-0.6080911755561829,1750408392
,,-0.439573734998703,1750408393
,,0.4372130036354065,1750408393
,,0.4085814654827118,1750408394
,,-0.5040260553359985,1750408394
,,-0.0856954380869865,1750408394
,,-0.0056786043569445,1750408395
,,1.2303749322891235,1750408395
,,0.1291159093379974,1750408395
,,1.0143697261810305,1750408395
,,-0.0411335378885269,1750408396
,,0.6618654727935791,1750408396
,,0.0072310520336031,1750408396
,,-0.5591375231742859,1750408398
,,0.3705874383449554,1750408399
,,1.1550124883651731,1750408399
,,-0.4375673234462738,1750408399
,,0.0543755181133747,1750408399
,,0.7472931742668152,1750408400
,,-0.8296025991439819,1750408400
,,0.4739040732383728,1750408400
,,-0.0232592858374118,1750408402
,,0.0387200489640235,1750408402
,,0.0732485130429267,1750408402
,,0.72756427526474,1750408403
,,-1.4294536113739014,1750408403
,,-0.4405265152454376,1750408403
,,-0.0575281232595443,1750408404
,,0.6948609948158264,1750408404
,,-0.0134075200185179,1750408404
,,0.1812097728252411,1750408405
,,-0.0007545392145402,1750408405
,,0.4185675680637359,1750408405
,,-0.6754837036132812,1750408406
,,0.4216097295284271,1750408407
,,0.4478432834148407,1750408408
,,0.418801486492157,1750408408
,,0.3246947228908539,1750408408
,,-0.4455169141292572,1750408410
,,-0.4183562397956848,1750408412
,,1.714257001876831,1750408413
,,0.110821433365345,1750408413
,,-0.4278822243213653,1750408415
,,-0.9367242455482484,1750408415
,,-0.0049365861341357,1750408415
,,0.4058998525142669,1750408415
,,0.5144525170326233,1750408416
,,0.2306324541568756,1750408417
,,0.216937705874443,1750408417
,,-0.540977418422699,1750408417
,,-1.262719750404358,1750408418
,,-0.7510510683059692,1750408418
,,-0.7059555053710938,1750408418
,,0.3998821675777435,1750408419
,,0.3343298435211181,1750408419
,,-0.5168853402137756,1750408420
,,0.5441551804542542,1750408420
,,0.0067402618005871,1750408420
,,0.3990040719509125,1750408421
,,0.7565045356750488,1750408421
,,0.4669555723667145,1750408422
,,0.4484753310680389,1750408423
,,-0.3778309822082519,1750408423
,,0.1967515647411346,1750408423
,,-0.0323510766029357,1750408423
,,-0.4336099326610565,1750408423
,,-0.6934336423873901,1750408423
,,0.0020089102908968,1750408425
,,0.2782232165336609,1750408426
,,0.4232031404972076,1750408426
,,-0.4357479214668274,1750408426
,,-0.5033919811248779,1750408426
,,-0.4163511097431183,1750408426
,,-0.7048133015632629,1750408427
,,-1.408313512802124,1750408427
,,-1.8854377269744875,1750408427
,,-0.1101374924182891,1750408427
,,0.7356289625167847,1750408428
,,-0.6879595518112183,1750408428
,,0.6705529689788818,1750408428
,,-0.6015731692314148,1750408430
,,1.100454568862915,1750408430
,,0.4278175830841064,1750408430
,,-0.1599578708410263,1750408431
,,-0.1011034846305847,1750408432
,,0.2085543721914291,1750408432
,,1.221038818359375,1750408432
,,-0.6222479343414307,1750408433
,,0.5366035103797913,1750408433
,,0.0726785734295845,1750408433
,,-0.1435480415821075,1750408433
,,0.5718474984169006,1750408434
,,-0.4357001185417175,1750408434
,,0.4939422011375427,1750408434
,,0.100614808499813,1750408434
,,0.3966887891292572,1750408434
,,1.0787701606750488,1750408435
,,0.7026636004447937,1750408435
,,0.0949784889817237,1750408436
,,-0.343968003988266,1750408437
,,-0.4091122448444366,1750408437
,,-0.4640733897686004,1750408437
,,-0.7359232306480408,1750408437
,,-0.2919929027557373,1750408437
,,0.42680624127388,1750408438
,,-0.0279235951602458,1750408438
,,-0.1177323907613754,1750408438
,,0.0067944647744297,1750408439
,,1.0066243410110474,1750408439
,,0.2308057844638824,1750408439
,,-0.3545006811618805,1750408441
,,-0.2315893769264221,1750408441
,,0.3983252048492431,1750408442
,,0.4451806843280792,1750408443
,,-1.2813360691070557,1750408444
,,0.4323396682739258,1750408445
,,-0.1508900821208953,1750408445
,,0.0905608385801315,1750408445
,,-0.0616827793419361,1750408446
,,-0.0163935665041208,1750408446
,,-0.0329401157796382,1750408447
,,0.0804604813456535,1750408447
,,0.1135914474725723,1750423454
,,-0.0071279443800449,1750423454
,,-0.440198689699173,1750423455
,,0.3965004682540893,1750423456
,,0.5001834034919739,1750423456
,,-0.0224298276007175,1750423456
,,0.4281608164310455,1750423457
,,0.3946691155433655,1750423458
,,0.3655073344707489,1750423458
,,0.3480629324913025,1750423458
,,-0.3670328855514526,1750423459
,,-0.246547520160675,1750423460
,,-0.2522201240062713,1750423461
,,-0.0161648839712142,1750423461
,,-0.5061383247375488,1750423461
,,-1.081104397773743,1750423462
,,-0.4353321492671966,1750423462
,,0.5893024206161499,1750423463
,,0.4585243165493011,1750423463
,,0.486081063747406,1750423463
,,0.570844292640686,1750423464
,,-0.666362464427948,1750423464
,,-0.5877012014389038,1750423464
,,0.4477980732917785,1750423464
,,-0.6669824719429016,1750423464
,,0.3623757064342499,1750423465
,,0.7477507591247559,1750423466
,,-1.2250655889511108,1750423466
,,-1.5090558528900146,1750423466
,,0.5572216510772705,1750423467
,,1.3783892393112185,1750423468
,,-0.2219986021518707,1750423468
,,0.8981562852859497,1750423468
,,0.3631891906261444,1750423469
,,0.0070439781993627,1750423469
,,-0.0656653717160224,1750423470
,,-0.2169079631567001,1750423470
,,0.0997562482953071,1750423470
,,-0.686168372631073,1750423470
,,-0.7631281018257141,1750423470
,,-0.4055613577365875,1750423470
,,0.4443570077419281,1750423470
,,-0.6683021783828735,1750423471
,,1.0765132904052734,1750423471
,,-0.3784991204738617,1750423471
,,0.4529501497745514,1750423472
,,0.5415279865264893,1750423472
,,-0.695965051651001,1750423473
,,-0.4503993690013885,1750423473
,,-0.6084424257278442,1750423474
,,0.8634435534477234,1750423474
,,-0.074116326868534,1750423474
,,-0.4725948870182037,1750423475
,,0.4949670732021332,1750423475
,,-1.344285488128662,1750423475
,,0.042682260274887,1750423475
,,0.3380380868911743,1750423476
,,-0.469292938709259,1750423476
,,0.0131149319931864,1750423476
,,-0.2024397253990173,1750423476
,,0.5299432277679443,1750423477
,,0.4295304417610168,1750423477
,,0.4114763140678406,1750423478
,,-0.4239487051963806,1750423478
,,0.8353867530822754,1750423479
,,-0.0630758106708526,1750423479
,,-0.075651079416275,1750423479
,,-1.1206966638565063,1750423479
,,0.9539930820465088,1750423480
,,0.4178123772144317,1750423480
,,0.2546676099300384,1750423481
,,0.6516614556312561,1750423481
,,-0.1106882542371749,1750423481
,,-0.4773557782173157,1750423482
,,0.5258405208587646,1750423482
,,-0.3286201059818268,1750423482
,,0.4356780648231506,1750423482
,,0.4220944344997406,1750423483
,,0.0538009628653526,1750423483
,,-0.6629799604415894,1750423484
,,0.0405440740287303,1750423484
,,0.4420512318611145,1750423485
,,1.1290572881698608,1750423485
,,-0.7117518186569214,1750423485
,,0.5956868529319763,1750423485
,,-1.245303750038147,1750423485
,,-0.1948500871658325,1750423486
,,0.2545901834964752,1750423486
,,-0.2870229184627533,1750423487
,,-0.4117611348628998,1750423488
,,-0.4866089224815368,1750423488
,,-0.2174527496099472,1750423488
,,0.3436281085014343,1750423490
,,-0.012246448546648,1750423490
,,-0.4804025590419769,1750423491
,,0.0178553070873022,1750423491
,,0.6654404997825623,1750423491
,,1.4450775384902954,1750423492
,,1.083549737930298,1750423492
,,-0.5717520713806152,1750423493
,,-0.4050833284854889,1750423494
,,0.0439422577619552,1750423494
,,1.0523844957351685,1750423494
,,0.4278104305267334,1750423496
,,0.3707030117511749,1750423497
,,0.6845089793205261,1750423497
,,0.0837986692786216,1750423497
,,0.7899644374847412,1750423497
,,0.2148645222187042,1750423498
,,-0.7796541452407837,1750423498
,,0.1220173463225364,1750423498
,,-0.8842974901199341,1750423499
,,-0.423019528388977,1750423499
,,-0.3130401074886322,1750423499
,,0.574272096157074,1750423500
,,0.0204513408243656,1750423500
,,-0.4413322210311889,1750423500
,,0.5165405869483948,1750423501
,,-0.0499604269862175,1750423502
,,1.525233268737793,1750423502
,,0.4379825890064239,1750423503
,,-0.4414787888526916,1750423503
,,1.1462429761886597,1750423503
,,-0.5405208468437195,1750423503
,,0.4463070034980774,1750423504
,,0.4088783860206604,1750423504
,,-0.1806835234165191,1750423504
,,-0.6259088516235352,1750423504
,,0.2774480581283569,1750423504
,,0.118850864470005,1750423504
,,0.0119782760739326,1750423505
,,0.4841216504573822,1750423505
,,1.0185511112213137,1750423505
,,-1.5547281503677368,1750423505
,,0.1287893503904342,1750423505
,,-0.0285507775843143,1750423506
,,0.0561927892267704,1750423506
,,0.4329734444618225,1750423508
,,1.862268567085266,1750423508
,,-2.015862226486206,1750423508
,,0.4800240397453308,1750423509
,,0.1013772338628768,1750423509
,,-0.3706373572349548,1750423509
,,-1.4123821258544922,1750423510
,,0.4933852851390838,1750423510
,,-1.4812779426574707,1750423510
,,0.7291284799575806,1750423510
,,0.2468407303094864,1750423511
,,0.0182261411100626,1750423511
,,-0.3288744986057281,1750423511
,,-0.6636443734169006,1750423512
,,0.5798841118812561,1750423512
,,0.1277287006378173,1750423512
,,-0.014145047403872,1750423513
,,0.7017226815223694,1750423513
,,-0.3779811561107635,1750423513
,,-1.2849026918411257,1750423513
,,-0.3566834330558777,1750423513
,,0.4313464760780334,1750423514
,,1.2266972064971924,1750423514
,,0.4147682785987854,1750423514
,,-0.0847304910421371,1750423515
,,0.4148769974708557,1750423515
,,1.1558856964111328,1750423516
,,0.2537640333175659,1750423516
,,0.0079863555729389,1750423516
,,-0.5745728611946106,1750423517
,,0.6778472661972046,1750423518
,,-0.4120537042617798,1750423518
,,0.351409763097763,1750423518
,,0.0212689749896526,1750423518
,,-0.5518780946731567,1750423519
,,0.6693811416625977,1750423519
,,-0.6720070242881775,1750423519
,,1.851216435432434,1750423520
,,-0.7568655610084534,1750423520
,,0.6880984902381897,1750423520
,,-0.6603452563285828,1750423521
,,0.5513196587562561,1750423521
,,-0.0617279298603534,1750423521
,,0.010426577180624,1750423521
,,-0.543694257736206,1750423521
,,-0.2285898476839065,1750423521
,,0.2059747278690338,1750423522
,,-0.0035099724773317,1750423522
,,-0.0972091928124427,1750423522
,,-0.6848434805870056,1750423522
,,-0.6956846117973328,1750423522
,,-1.5157153606414795,1750423524
,,0.8947184681892395,1750423524
,,-0.2799912095069885,1750423524
,,0.0161943007260561,1750423525
,,0.0038073668256402,1750423525
,,0.0855159163475036,1750423525
,,-0.482339084148407,1750423525
,,0.5059888958930969,1750423526
,,0.4532974660396576,1750423526
,,-0.113635778427124,1750423527
,,-0.6815333366394043,1750423527
,,-0.0041576689109206,1750423527
,,0.4212673902511596,1750423528
,,-0.6924243569374084,1750423529
,,0.0021305503323674,1750423529
,,0.4415617883205414,1750423529
,,0.0020130521152168,1750423529
,,-0.7002135515213013,1750423529
,,1.068248629570007,1750423531
,,0.5001150965690613,1750423531
,,-0.0209303647279739,1750423531
,,-1.2197126150131226,1750423532
,,-0.0073117921128869,1750423533
,,0.4963960647583008,1750423533
,,-1.0222755670547483,1750423533
,,0.6450009942054749,1750423536
,,-0.7043470740318298,1750423536
,,0.3815348148345947,1750423537
,,-0.6828843951225281,1750423538
,,-0.0870692878961563,1750423538
,,1.4419289827346802,1750423538
,,0.4068287014961242,1750423538
,,0.0355075299739837,1750423539
,,-0.4386943280696869,1750423539
,,-0.0949317663908004,1750423539
,,-0.6754753589630127,1750423539
,,0.0493160858750343,1750423540
,,0.4272308349609375,1750423540
,,0.4687775373458862,1750423541
,,-0.4430825114250183,1750423541
,,0.4508281648159027,1750423541
,,-0.7145902514457703,1750423541
,,-0.3037008643150329,1750423541
,,0.0161149986088275,1750423542
,,0.1255884915590286,1750423542
,,0.137992262840271,1750423542
,,-0.1385799050331115,1750423542
,,0.1025014147162437,1750423542
,,0.6625036001205444,1750423543
,,0.3453214466571808,1750423543
,,0.2930630147457123,1750423543
,,0.2344252169132232,1750423543
,,-0.6715554594993591,1750423543
,,0.7381055951118469,1750423544
,,-0.4432896375656128,1750423544
,,-0.2303050607442855,1750423545
,,0.4297570586204529,1750423545
,,0.4268532693386078,1750423545
,,-0.476412296295166,1750423545
,,0.5364202857017517,1750423546
,,0.5824739933013916,1750423546
,,0.4585470557212829,1750423546
,,-0.2155036330223083,1750423546
,,0.7134881615638733,1750423546
,,1.782165765762329,1750423547
,,0.847053587436676,1750423547
,,-0.1942053288221359,1750423547
,,-0.6232958436012268,1750423548
,,0.7162683010101318,1750423548
,,-1.3278647661209106,1750423549
,,-0.6891881227493286,1750423549
,,-0.365191251039505,1750423549
,,0.4368555247783661,1750423549
,,-14.19081974029541,1750423550
,,-0.9190734624862672,1750423550
,,-0.6585904955863953,1750423550
,,0.0989575237035751,1750423550
,,1.20435893535614,1750423550
,,1.900048851966858,1750423550
,,0.4141426384449005,1750423551
,,1.3210725784301758,1750423551
,,1.574912190437317,1750423551
,,0.4360180795192718,1750423551
,,-0.3009544014930725,1750423551
,,0.4144541919231415,1750423552
,,-0.0469366684556007,1750423552
,,-0.0103551233187317,1750423553
,,-0.5823714137077332,1750423553
,,-0.2692587971687317,1750423554
,,-0.7142267823219299,1750423554
,,-0.3418577909469604,1750423555
,,0.9486395120620728,1750423555
,,0.7685700058937073,1750423555
,,-0.2721021175384521,1750423556
,,0.4725047945976257,1750423557
,,0.681315004825592,1750423557
,,-0.5734633803367615,1750423557
,,-0.1460434198379516,1750423558
,,0.222204253077507,1750423558
,,0.1569284349679947,1750423560
,,1.447398066520691,1750423560
,,-1.2158442735671997,1750423560
,,0.0693134665489196,1750423561
,,-0.4563974738121032,1750423561
,,-1.1557122468948364,1750423561
,,0.4251507222652435,1750423562
,,0.7090365290641785,1750423562
,,-0.0099589321762323,1750423563
,,-0.6641213297843933,1750423563
,,-0.4227344691753387,1750423563
,,0.7131509780883789,1750423564
,,-0.4279880821704864,1750423564
,,1.1896860599517822,1750423564
,,0.6936945915222168,1750423565
,,-0.0083682956174016,1750423566
,,0.7313399910926819,1750423566
,,0.9150532484054564,1750423566
,,0.7148741483688354,1750423566
,,-1.2480342388153076,1750423567
,,-0.4154671728610992,1750423567
,,1.3028573989868164,1750423568
,,0.4939659535884857,1750423568
,,0.3245196640491485,1750423569
,,0.7235323190689087,1750423569
,,-0.0367791764438152,1750423569
,,0.6911113858222961,1750423570
,,-0.6242949962615967,1750423570
,,-0.5165019631385803,1750423570
,,0.9193127155303956,1750423571
,,0.1801419258117675,1750423571
,,-0.4606669545173645,1750423572
,,-0.4404139816761017,1750423572
,,0.2019016593694687,1750423573
,,-0.4458992779254913,1750423573
,,0.4214848279953003,1750423574
,,0.5169065594673157,1750423574
,,0.4479768872261047,1750423575
,,0.4200560748577118,1750423575
,,0.0239516943693161,1750423575
,,-0.1332845985889434,1750423575
,,0.7510533928871155,1750423575
,,0.6523053050041199,1750423576
,,0.5750227570533752,1750423577
,,-0.7142243385314941,1750423577
,,-0.6199848651885986,1750423578
,,0.452694684267044,1750423578
,,-0.55242520570755,1750423579
,,-0.0985336676239967,1750423579
,,0.038453672081232,1750423579
,,0.3347130119800567,1750423579
,,0.4077708721160888,1750423579
,,0.846107006072998,1750423579
,,-0.2735111117362976,1750423579
,,0.6555863618850708,1750423579
,,0.4119363129138946,1750423580
,,0.4688071012496948,1750423580
,,0.4652746617794037,1750423580
,,0.125431627035141,1750423580
,,0.4170253276824951,1750423580
,,0.5110201239585876,1750423580
,,0.0457224771380424,1750423581
,,-0.0182331148535013,1750423581
,,-0.4730351269245147,1750423581
,,-0.4535396695137024,1750423581
,,1.0435466766357422,1750423582
,,-0.9627009630203248,1750423582
,,-0.4408048987388611,1750423583
,,-0.5749981999397278,1750423583
,,0.4862658977508545,1750423583
,,-0.2123095244169235,1750423584
,,-0.0565345920622348,1750423584
,,-0.6004953384399414,1750423584
,,0.1025726124644279,1750423584
,,0.0528706274926662,1750423585
,,-0.6808631420135498,1750423585
,,0.1843392699956894,1750423585
,,-0.3096393048763275,1750423585
,,1.8713839054107664,1750423585
,,-0.6826962232589722,1750423585
,,-0.4274397492408752,1750423586
,,0.4608252942562103,1750423586
,,0.5949385166168213,1750423586
,,0.868408739566803,1750423586
,,-0.2780028581619262,1750423589
,,0.1250838637351989,1750423589
,,-0.8661412596702576,1750423589
,,-0.0365393497049808,1750423590
,,-0.0846650600433349,1750423590
,,-0.3570691645145416,1750423590
,,-0.5856062769889832,1750423591
,,-0.4109552800655365,1750423592
,,0.0656672567129135,1750423592
,,1.8362218141555784,1750423593
,,0.4318327307701111,1750423593
,,-0.6605104804039001,1750423594
,,0.0626376569271087,1750423594
,,0.5677378177642822,1750423594
,,-0.3980412483215332,1750423594
,,0.2455794960260391,1750423595
,,-0.7126514315605164,1750423595
,,0.0945771038532257,1750423595
,,-0.4706818759441376,1750423595
,,-0.1002628430724144,1750423595
,,-0.4482474625110626,1750423595
,,-0.4857766032218933,1750423596
,,1.9458041191101076,1750423596
,,0.3712475597858429,1750423600
,,-0.0020984939765185,1750423601
,,-0.0012068640207871,1750423602
,,0.0192438978701829,1750423602
,,0.2788214981555938,1750423603
,,0.1000098213553428,1750423603
,,0.4284975528717041,1750423603
,,-0.0353386253118515,1750423604
,,0.00549530191347,1750423604
,,0.3599138259887695,1750423604
,,-0.6294203400611877,1750423604
,,-0.2965308427810669,1750423605
,,1.1180412769317627,1750423606
,,-0.1857279539108276,1750423606
,,-0.0223522968590259,1750423606
,,0.7680847644805908,1750423607
,,-0.7836770415306091,1750423608
,,-0.0013793226098641,1750423608
,,-1.0202617645263672,1750423609
,,1.2356120347976685,1750423609
,,1.826805591583252,1750423609
,,1.3865371942520142,1750423609
,,0.747058093547821,1750423610
,,1.474683165550232,1750423611
,,0.1705071330070495,1750423611
,,-0.2098082154989242,1750423611
,,0.8066858649253845,1750423611
,,-0.4306428432464599,1750423612
,,-0.3599221408367157,1750423612
,,-0.2370689213275909,1750423612
,,-0.2105953097343444,1750423612
,,0.1253391802310943,1750423613
,,-1.1578145027160645,1750423613
,,0.4190482199192047,1750423614
,,-0.7439594864845276,1750423615
,,-0.9394040107727052,1750423616
,,0.2577734589576721,1750423617
,,0.4113205671310425,1750423617
,,0.1249861344695091,1750423618
,,0.237446054816246,1750423618
,,-0.257538229227066,1750423618
,,0.0514707267284393,1750423619
,,0.686926543712616,1750423619
,,0.7742319703102112,1750423619
,,0.409210056066513,1750423620
,,-0.3752430081367492,1750423620
,,0.2497957944869995,1750423620
,,0.1446538865566253,1750423620
,,-0.4233216047286987,1750423620
,,-0.2248523086309433,1750423621
,,-0.6709834933280945,1750423621
,,0.0616041049361228,1750423621
,,0.3945739269256592,1750423621
,,-0.0219843313097953,1750423621
,,1.1397923231124878,1750423622
,,0.5310282707214355,1750423622
,,1.0297117233276367,1750423623
,,-0.2434765398502349,1750423623
,,-0.6326047778129578,1750423625
,,0.6939120888710022,1750423626
,,1.103776216506958,1750423627
,,0.1203874051570892,1750423627
,,-0.4677019119262695,1750423627
,,-0.0023950056638568,1750423627
,,0.4087322354316711,1750423628
,,-0.6160901784896851,1750423629
,,1.1024119853973389,1750423629
,,0.0006424785242415,1750423630
,,-0.647530734539032,1750423630
,,-0.0023479391820728,1750423631
,,0.4156649708747864,1750423631
,,-0.3443195521831512,1750423631
,,-0.1085140332579612,1750423631
,,0.4366509318351745,1750423631
,,0.9727954268455504,1750423632
,,0.4440748989582062,1750423633
,,1.056634545326233,1750423633
,,-0.4433117210865021,1750423633
,,0.0104875536635518,1750423633
,,-0.6985213160514832,1750423633
,,0.8646491765975952,1750423634
,,1.4350138902664185,1750423634
,,-0.0599797591567039,1750423635
,,-0.2552521526813507,1750423635
,,-0.0542263053357601,1750423635
,,-0.3449994921684265,1750423636
,,-0.007715780287981,1750423636
,,-0.1708964109420776,1750423636
,,-0.9953390955924988,1750423636
,,-0.3449637293815613,1750423637
,,-0.6793389916419983,1750423637
,,0.4426048696041107,1750423637
,,0.4427705705165863,1750423637
,,-0.976858377456665,1750423638
,,0.4171996116638183,1750423638
,,-0.473312109708786,1750423639
,,-0.1784676760435104,1750423639
,,-1.1567363739013672,1750423639
,,-0.8510041832923889,1750423640
,,0.1059227958321571,1750423641
,,1.1582914590835571,1750423641
,,-0.7453569173812866,1750423641
,,0.7432926297187805,1750423641
,,-0.0534740984439849,1750423642
,,0.4320829808712005,1750423642
,,-0.5728049874305725,1750423642
,,-0.4403532147407532,1750423643
,,-0.1254714727401733,1750423643
,,-0.6003903150558472,1750423644
,,-0.7850394248962402,1750423644
,,0.7349684238433838,1750423644
,,-0.7132483124732971,1750423644
,,-0.0887830927968025,1750423645
,,0.1397136747837066,1750423645
,,0.5598481297492981,1750423646
,,0.2927010655403137,1750423646
,,-0.4698243141174316,1750423646
,,0.6868095397949219,1750423647
,,-0.7353335022926331,1750423647
,,0.4480683803558349,1750423647
,,0.194378986954689,1750423647
,,0.4544672071933746,1750423649
,,-0.4938826858997345,1750423649
,,-1.2625590562820437,1750423649
,,-0.0003616579342633,1750423650
,,0.6733392477035522,1750423651
,,1.149944305419922,1750423651
,,0.6876556277275085,1750423652
,,1.1002423763275146,1750423652
,,0.7031201720237732,1750423653
,,-0.4740722179412842,1750423653
,,0.5181834101676941,1750423653
,,-0.3760517537593841,1750423653
,,0.4671711325645447,1750423653
,,0.3592809438705444,1750423655
,,1.258403778076172,1750423655
,,0.5455618500709534,1750423655
,,-1.7555421590805054,1750423655
,,0.4130685925483703,1750423656
,,0.7055957913398743,1750423656
,,0.3891444504261017,1750423656
,,-0.9423285126686096,1750423657
,,0.4861211776733398,1750423657
,,-0.0097540793940424,1750423657
,,0.706861138343811,1750423658
,,-0.4363610744476318,1750423658
,,1.1556850671768188,1750423658
,,-0.4071655869483948,1750423659
,,0.2625462412834167,1750423659
,,0.0619930401444435,1750423660
,,-1.0572792291641235,1750423660
,,0.6602004170417786,1750423661
,,-1.2397655248641968,1750423661
,,-0.3424673080444336,1750423661
,,-0.208638310432434,1750423661
,,0.3596655130386352,1750423661
,,0.4184374511241913,1750423663
,,-0.0722959637641906,1750423663
,,-0.4918383359909057,1750423663
,,0.5540651082992554,1750423664
,,0.4919279515743255,1750423664
,,0.4008040726184845,1750423665
,,0.4292350709438324,1750423665
,,0.385732889175415,1750423665
,,0.0979548692703247,1750423666
,,-0.2661517858505249,1750423667
,,1.3011928796768188,1750423667
,,-0.2469705641269683,1750423667
,,-0.4669318795204162,1750423668
,,-0.1914081126451492,1750423668
,,0.7574509978294373,1750423668
,,-0.1382951885461807,1750423668
,,0.7082136869430542,1750423669
,,0.5334053635597229,1750423669
,,-0.7102852463722229,1750423669
,,0.4742471873760223,1750423669
,,0.4269919991493225,1750423669
,,0.4531537890434265,1750423670
,,0.4339368641376495,1750423670
,,0.0027282086666673,1750423671
,,-0.5946062207221985,1750423671
,,-0.3339229822158813,1750423671
,,0.0129178296774625,1750423671
,,-0.2229567766189575,1750423671
,,1.4990756511688232,1750423671
,,1.5271024703979492,1750423672
,,-0.4400701224803924,1750423672
,,1.7394272089004517,1750423672
,,0.2420805990695953,1750423673
,,-0.0967531725764274,1750423673
,,0.4521650671958923,1750423673
,,-0.9715459942817688,1750423674
,,0.5858981013298035,1750423674
,,-0.3567614257335663,1750423674
,,0.0588489435613155,1750423674
,,0.9812246561050416,1750423674
,,-1.1524460315704346,1750423675
,,0.9491612315177916,1750423675
,,0.428435742855072,1750423676
,,0.7392309904098511,1750423676
,,-0.4293084740638733,1750423676
,,-0.0453542247414588,1750423676
,,0.151336520910263,1750423677
,,0.0811223536729812,1750423677
,,-0.4235725402832031,1750423677
,,-9.436353866476566e-05,1750423677
,,0.3563399314880371,1750423677
,,-1.2619959115982056,1750423677
,,-0.66267329454422,1750423678
,,-0.7146071791648865,1750423678
,,-0.3616504073143005,1750423679
,,0.0639914572238922,1750423679
,,-0.9837362766265868,1750423679
,,0.5836774706840515,1750423679
,,1.045219898223877,1750423680
,,-0.463136613368988,1750423682
,,0.7268639802932739,1750423682
,,0.0070222299546003,1750423682
,,0.5956982970237732,1750423682
,,1.1020575761795044,1750423682
,,-0.3723935186862945,1750423683
,,-0.7216545939445496,1750423683
,,1.235044002532959,1750423683
,,-0.7341240048408508,1750423684
,,0.1439093202352523,1750423684
,,1.0748590230941772,1750423685
,,0.2152326256036758,1750423685
,,-0.7912261486053467,1750423685
,,-0.424034059047699,1750423685
,,0.3646514415740967,1750423687
,,0.1782975792884826,1750423687
,,0.5624099373817444,1750423687
,,-0.0976515561342239,1750423687
,,-0.1899232566356659,1750423688
,,-0.4683980643749237,1750423689
,,-0.08632393181324,1750423689
,,0.4816479086875915,1750423689
,,-0.4095977544784546,1750423690
,,0.6778839826583862,1750423690
,,-1.4468542337417605,1750423690
,,0.9427161812782288,1750423690
,,-1.0502841472625732,1750423690
,,0.4141918122768402,1750423690
,,0.0595001131296157,1750423690
,,-0.3764505982398987,1750423690
,,-0.3610099554061889,1750423691
,,1.1377792358398438,1750423691
,,0.4190800487995147,1750423691
,,-0.8796581029891968,1750423691
,,-0.5839203000068665,1750423692
,,0.4448518753051758,1750423692
,,0.4543978273868561,1750423693
,,0.7008904218673706,1750423693
,,-0.2717111706733703,1750423693
,,-0.1464174091815948,1750423693
,,0.4035893082618713,1750423693
,,-0.4823426008224487,1750423693
,,-0.0066782492212951,1750423694
,,0.4560723602771759,1750423694
,,-0.4945540428161621,1750423694
,,0.4582036435604095,1750423695
,,-0.4936036169528961,1750423695
,,0.1729984134435653,1750423695
,,0.7275868058204651,1750423695
,,1.3460500240325928,1750423695
,,0.6661550402641296,1750423695
,,-0.3786670565605163,1750423695
,,-0.0459109582006931,1750423695
,,-0.3338732421398163,1750423695
,,0.8414275646209717,1750423696
,,-1.1024048328399658,1750423696
,,0.040738821029663,1750423696
,,-0.6740226149559021,1750423697
,,-1.1808063983917236,1750423697
,,-0.6799768209457397,1750423697
,,-1.2594255208969116,1750423697
,,-0.0136038772761821,1750423698
,,-0.4669483006000519,1750423698
,,0.4295282661914825,1750423698
,,0.9198873043060304,1750423698
,,0.715324342250824,1750423699
,,-1.352572679519653,1750423699
,,-0.698028028011322,1750423699
,,0.2098874151706695,1750423699
,,-0.4124875962734222,1750423700
,,-0.4659082889556885,1750423701
,,-0.6765723824501038,1750423704
,,0.7051059603691101,1750423704
,,0.4487760663032532,1750423704
,,0.5500527620315552,1750423704
,,0.4185297191143036,1750423704
,,0.373076319694519,1750423704
,,0.0218023397028446,1750423705
,,0.4553082287311554,1750423705
,,0.0449243746697902,1750423705
,,-0.0825740844011306,1750423705
,,-0.3371101021766662,1750423706
,,-0.770702064037323,1750423706
,,0.443115085363388,1750423706
,,0.7234814763069153,1750423708
,,0.3724664151668548,1750423708
,,0.2827295362949371,1750423709
,,-0.175235778093338,1750423709
,,-0.6773985028266907,1750423709
,,-0.6874864101409912,1750423709
,,-0.4950955808162689,1750423709
,,-0.7420032620429993,1750423710
,,-0.660636842250824,1750423710
,,0.4594637453556061,1750423710
,,0.4191986620426178,1750423710
,,0.5793794989585876,1750423711
,,-0.8088335990905762,1750423711
,,-0.6784007549285889,1750423712
,,0.5718384981155396,1750423712
,,-0.59697425365448,1750423713
,,-0.4674639999866485,1750423713
,,-0.0375849232077598,1750423715
,,-0.6566436290740967,1750423715
,,-0.6517668962478638,1750423716
,,0.8518164753913879,1750423717
,,-0.6237894892692566,1750423717
,,1.582633137702942,1750423717
,,0.6948617100715637,1750423718
,,-0.2108457386493683,1750423718
,,0.3375952243804931,1750423718
,,0.4072301983833313,1750423719
,,0.6512791514396667,1750423719
,,-0.4619706273078918,1750423719
,,0.552912175655365,1750423719
,,-1.1596211194992063,1750423719
,,0.0031833925750106,1750423719
,,0.6652835607528687,1750423720
,,-0.543987512588501,1750423720
,,-0.4588379561901092,1750423721
,,1.3627254962921145,1750423722
,,0.7522599697113037,1750423722
,,-0.5210621953010559,1750423722
,,0.9991390109062196,1750423723
,,0.6790198683738708,1750423723
,,0.1278606355190277,1750423724
,,0.0325455479323864,1750423724
,,0.1024333536624908,1750423725
,,-0.0350817069411277,1750423725
,,0.466082215309143,1750423726
,,0.4298127293586731,1750423727
,,0.0839887708425521,1750423727
,,0.2175042778253555,1750423728
,,-0.7156884074211121,1750423729
,,0.4399084746837616,1750423729
,,-0.3667349815368652,1750423729
,,-0.4930326044559479,1750423730
,,-1.2634234428405762,1750423730
,,0.4565162062644958,1750423730
,,-0.4729683101177215,1750423730
,,-0.5674184560775757,1750423731
,,-0.6895785927772522,1750423731
,,-0.6911918520927429,1750423732
,,0.4419757723808288,1750423732
,,-0.859356701374054,1750423732
,,0.1054015457630157,1750423732
,,-0.6749342679977417,1750423732
,,0.0746218785643577,1750423732
,,0.7092316746711731,1750423732
,,-0.5017459988594055,1750423732
,,-0.4273476004600525,1750423733
,,-0.4103781282901764,1750423733
,,0.9624673128128052,1750423734
,,-0.4113248586654663,1750423734
,,0.6693891882896423,1750423734
,,-0.6120456457138062,1750423735
,,0.4437592923641205,1750423735
,,-0.0489952936768531,1750423735
,,0.5100926756858826,1750423736
,,-0.7946764826774597,1750423736
,,0.8274328708648682,1750423737
,,0.043256651610136,1750423737
,,-0.5053168535232544,1750423737
,,-0.715976893901825,1750423737
,,-0.4348353445529938,1750423737
,,-0.0030069751664996,1750423738
,,0.3877907693386078,1750423738
,,0.4385423958301544,1750423738
,,-1.2612042427062988,1750423739
,,-0.6774861216545105,1750423739
,,-0.429783821105957,1750423740
,,0.4543913900852203,1750423740
,,-0.4186229705810547,1750423741
,,1.4363161325454712,1750423741
,,-0.1251002699136734,1750423741
,,0.3927094340324402,1750423742
,,0.2974753677845001,1750423742
,,-1.0725971460342407,1750423742
,,-0.0738561451435089,1750423742
,,0.4837226867675781,1750423743
,,-0.4032205939292907,1750423743
,,0.1748184859752655,1750423745
,,-0.6897993683815002,1750423745
,,0.7498955726623535,1750423746
,,-0.4852536618709564,1750423747
,,0.0998025462031364,1750423747
,,-0.4628482758998871,1750423747
,,0.4373409748077392,1750423748
,,0.3750621974468231,1750423749
,,0.1996566951274871,1750423749
,,0.7018245458602905,1750423749
,,-0.0369275212287902,1750423750
,,0.4242490231990814,1750423750
,,-0.1347247958183288,1750423751
,,0.7161791324615479,1750423751
,,0.0330768711864948,1750423751
,,-1.4018805027008057,1750423752
,,0.4200524389743805,1750423752
,,-0.4677630364894867,1750423752
,,-0.4610758125782013,1750423752
,,-0.4582081735134125,1750423753
,,0.4743475914001465,1750423753
,,-0.6903088092803955,1750423754
,,0.6355552077293396,1750423754
,,0.2337962538003921,1750423754
,,-0.6856189370155334,1750423754
,,0.0048217480070889,1750423755
,,-0.1370286047458648,1750423755
,,-1.280451416969299,1750423755
,,0.8120883107185364,1750423755
,,-0.4451551735401153,1750423755
,,0.4446456134319305,1750423755
,,0.7114593386650085,1750423756
,,-0.7470515966415405,1750423756
,,-0.4360767900943756,1750423756
,,-0.4221886694431305,1750423756
,,0.6429040431976318,1750423757
,,-0.6653405427932739,1750423757
,,0.0727905556559562,1750423757
,,0.4025977253913879,1750423757
,,-0.5766817927360535,1750423757
,,-0.3678443431854248,1750423758
,,-0.4689283072948456,1750423758
,,0.1683111041784286,1750423758
,,0.0739261135458946,1750423758
,,0.416576623916626,1750423758
,,0.0112003739923238,1750423760
,,0.0243549272418022,1750423760
,,0.0479401610791683,1750423761
,,-0.1871192455291748,1750423761
,,-0.6732085943222046,1750423762
,,0.4060603976249695,1750423762
,,-0.4710520207881927,1750423762
,,0.1524689048528671,1750423762
,,1.0245126485824585,1750423762
,,0.2301265895366668,1750423763
,,0.4511920809745788,1750423763
,,0.0305816493928432,1750423763
,,-0.054234106093645,1750423764
,,-0.6959795355796814,1750423764
,,-0.4665890038013458,1750423765
,,-0.6241142749786377,1750423765
,,0.2927712202072143,1750423765
,,-0.2303206622600555,1750423765
,,0.8217963576316833,1750423765
,,0.7044020295143127,1750423766
,,1.1673626899719238,1750423766
,,-0.0823851078748703,1750423766
,,-0.3224441707134247,1750423766
,,0.0948395431041717,1750423767
,,0.4438788592815399,1750423767
,,-0.7516538500785828,1750423767
,,-1.5914493799209597,1750423767
,,0.5074920654296875,1750423768
,,-0.1921513378620147,1750423768
,,0.2234813421964645,1750423768
,,-0.8709020018577576,1750423768
,,-0.3672594428062439,1750423768
,,0.4577637016773224,1750423769
,,0.5766503214836121,1750423769
,,0.3869111239910126,1750423770
,,-0.4936539232730865,1750423770
,,-0.4043752551078796,1750423770
,,0.1492289155721664,1750423770
,,0.0830218866467475,1750423771
,,0.009509339928627,1750423771
,,1.6611721515655518,1750423772
,,-0.0308293048292398,1750423773
,,1.1113827228546145,1750423773
,,0.3376331031322479,1750423773
,,-0.7071133852005005,1750423773
,,0.4703397154808044,1750423773
,,-0.1626922786235809,1750423774
,,0.7204982042312622,1750423775
,,-1.0465434789657593,1750423775
,,-0.5929811000823975,1750423777
,,-0.3871978521347046,1750423777
,,-0.6981287002563477,1750423778
,,-0.5608999133110046,1750423778
,,-0.3298777639865875,1750423779
,,-0.0694301947951316,1750423779
,,0.2350769639015197,1750423779
,,-0.0184686183929443,1750423780
,,-0.3840644359588623,1750423781
,,-0.6206096410751343,1750423782
,,-0.3955583870410919,1750423783
,,0.0099507151171565,1750423783
,,-0.2969232201576233,1750423783
,,0.383154422044754,1750423784
,,-0.7374910712242126,1750423785
,,-0.0193978566676378,1750423785
,,0.1686035394668579,1750423786
,,0.4660685658454895,1750423786
,,-0.8860716223716736,1750423786
,,0.0259100794792175,1750423788
,,0.6769388318061829,1750423788
,,0.4053155183792114,1750423788
,,-0.4569410979747772,1750423788
,,0.2820665240287781,1750423788
,,-1.0653135776519775,1750423789
,,-0.6176666021347046,1750423789
,,-0.964485764503479,1750423790
,,1.0957584381103516,1750423790
,,-1.830118179321289,1750423790
,,0.3169142305850982,1750423790
,,1.7469629049301147,1750423791
,,-1.152853012084961,1750423791
,,0.7087758779525757,1750423791
,,-0.1152882426977157,1750423791
,,0.698392927646637,1750423791
,,-0.535256028175354,1750423791
,,-0.6039894223213196,1750423791
,,-0.1302855312824249,1750423791
,,0.1204851642251014,1750423791
,,-1.255609154701233,1750423792
,,-0.5649394392967224,1750423792
,,0.2402649372816085,1750423792
,,0.4429934024810791,1750423792
,,-0.0897203236818313,1750423793
,,0.5273879766464233,1750423793
,,0.4551698267459869,1750423793
,,-0.2553920149803161,1750423794
,,0.1749756634235382,1750423794
,,-0.4200122356414795,1750423794
,,0.6486007571220398,1750423795
,,0.038806989789009,1750423795
,,0.0875005722045898,1750423795
,,-0.6858958601951599,1750423795
,,-0.3999808132648468,1750423796
,,-0.0967701002955436,1750423797
,,-0.4955930411815643,1750423797
,,0.7175848484039307,1750423797
,,-0.4746293127536773,1750423797
,,0.4772288799285888,1750423797
,,-0.4446087479591369,1750423797
,,-0.0304906163364648,1750423797
,,0.0242128409445285,1750423798
,,0.0128542175516486,1750423798
,,0.604153573513031,1750423798
,,-3.3737001419067383,1750423798
,,0.5770407319068909,1750423798
,,0.676167368888855,1750423798
,,-0.4110139310359955,1750423799
,,-1.0482888221740725,1750423799
,,1.0631340742111206,1750423799
,,-0.403990775346756,1750423799
,,0.0704506039619445,1750423799
,,0.0373626574873924,1750423800
,,0.6337538361549377,1750423800
,,0.3610985279083252,1750423801
,,0.4793629944324493,1750423801
,,0.4268963932991028,1750423801
,,1.1279176473617554,1750423801
,,-0.720051646232605,1750423801
,,-0.7225205898284912,1750423801
,,-0.0528715923428535,1750423802
,,0.6842423677444458,1750423802
,,0.4401696324348449,1750423802
,,-0.4106649160385132,1750423803
,,-0.2185110449790954,1750423803
,,0.255012184381485,1750423803
,,0.905929684638977,1750423803
,,-1.2695417404174805,1750423804
,,-0.0893318876624107,1750423804
,,0.1674081832170486,1750423805
,,0.4440252482891083,1750423805
,,-0.4433633685111999,1750423805
,,-0.6154749393463135,1750423805
,,-1.5198720693588257,1750423806
,,0.8506078720092773,1750423807
,,0.5542969703674316,1750423808
,,-1.1342191696166992,1750423808
,,-0.0606432929635047,1750423809
,,0.4110850095748901,1750423809
,,0.2066485732793808,1750423809
,,-0.6903479695320129,1750423811
,,-0.2261206805706024,1750423811
,,0.735153079032898,1750423812
,,-0.6604893207550049,1750423812
,,0.1009351685643196,1750423813
,,-0.5795392394065857,1750423813
,,0.3386757671833038,1750423813
,,-0.6374172568321228,1750423813
,,-1.0159330368041992,1750423814
,,0.0464526079595088,1750423814
,,0.7422417402267456,1750423814
,,0.3650326132774353,1750423814
,,1.780301809310913,1750423814
,,0.575889527797699,1750423814
,,-0.8773007988929749,1750423815
,,-0.7507869601249695,1750423815
,,0.4238313734531402,1750423815
,,0.6347614526748657,1750423816
,,0.6789071559906006,1750423817
,,0.3309547901153564,1750423817
,,-0.4387534856796264,1750423818
,,-0.7298435568809509,1750423818
,,0.3074027001857757,1750423818
,,-0.4628364741802215,1750423819
,,-0.7051955461502075,1750423819
,,0.470667690038681,1750423819
,,-0.4546179473400116,1750423820
,,-0.6218655705451965,1750423820
,,-1.587813377380371,1750423820
,,0.1536522805690765,1750423820
,,0.4251230657100677,1750423821
,,0.218506172299385,1750423821
,,0.4347856938838959,1750423822
,,-0.3019770979881286,1750423822
,,0.8493603467941284,1750423823
,,0.4204545021057129,1750423823
,,0.326153814792633,1750423824
,,-0.2650740146636963,1750423824
,,-0.6887803077697754,1750423824
,,-0.1166340112686157,1750423825
,,0.4415722191333771,1750423825
,,-0.4720095992088318,1750423826
,,0.7435461282730103,1750423826
,,-0.4554914534091949,1750423827
,,-0.2358710616827011,1750423827
,,-0.8803955912590027,1750423827
,,1.257768154144287,1750423827
,,0.2478805482387542,1750423827
,,0.4304712414741516,1750423827
,,0.3823822438716888,1750423827
,,-1.5843403339385986,1750423828
,,-0.6252977252006531,1750423828
,,0.4270588755607605,1750423828
,,1.3268688917160034,1750423828
,,0.0316886119544506,1750423828
,,0.4378282129764557,1750423829
,,0.027647191658616,1750423829
,,-0.0482939295470714,1750423829
,,1.586271047592163,1750423830
,,-0.2797258496284485,1750423831
,,0.4324575662612915,1750423832
,,0.372604638338089,1750423832
,,0.8811306953430176,1750423832
,,0.3835382163524627,1750423832
,,0.9576569199562072,1750423833
,,-0.5394093990325928,1750423833
,,0.0368673466145992,1750423833
,,-0.5783330798149109,1750423834
,,0.6866833567619324,1750423834
,,0.8398955464363098,1750423835
,,0.0584942251443862,1750423835
,,-0.7358995079994202,1750423836
,,0.7379485964775085,1750423836
,,-0.4604505896568298,1750423836
,,0.0446902737021446,1750437634
,,0.4899444282054901,1750437634
,,-0.2088007926940918,1750437634
,,0.0444385558366775,1750437635
,,0.2305386662483215,1750437636
,,-0.4566918313503265,1750437636
,,0.0842306390404701,1750437636
,,0.4873369336128235,1750437637
,,-0.7300931811332703,1750437637
,,-0.4653767645359039,1750437637
,,-0.0033803104888647,1750437637
,,0.7211477756500244,1750437637
,,0.9327789545059204,1750437638
,,-0.3890596628189087,1750437638
,,-0.0640963912010192,1750437638
,,-0.7346926331520081,1750437638
,,0.3986655175685882,1750437638
,,-1.2612942457199097,1750437639
,,-0.7399916648864746,1750437639
,,0.2099166214466095,1750437640
,,0.5500581860542297,1750437640
,,0.5663452744483948,1750437640
,,0.4416963756084442,1750437641
,,-0.6105143427848816,1750437641
,,0.3360218703746795,1750437641
,,-0.9214085936546326,1750437641
,,0.103631816804409,1750437643
,,0.5838871598243713,1750437643
,,-0.4837961792945862,1750437643
,,0.3304003477096557,1750437644
,,-0.0146477725356817,1750437644
,,-0.042004644870758,1750437645
,,-1.1169791221618652,1750437645
,,-0.4847967326641083,1750437645
,,-0.4101495742797851,1750437645
,,1.0725771188735962,1750437645
,,0.0031584817916154,1750437646
,,-0.4555763006210327,1750437646
,,0.9009328484535216,1750437646
,,-0.4780578911304474,1750437647
,,-1.019035577774048,1750437647
,,-0.7025542259216309,1750437647
,,-0.4350551664829254,1750437648
,,1.580714225769043,1750437648
,,0.2291966676712036,1750437649
,,0.1361074894666671,1750437649
,,1.0286130905151367,1750437649
,,-0.4086864590644836,1750437650
,,0.4416420459747314,1750437650
,,-1.4282211065292358,1750437650
,,0.0391332581639289,1750437650
,,0.0154246855527162,1750437650
,,0.5872325897216797,1750437650
,,0.7448797225952148,1750437651
,,-1.678264856338501,1750437651
,,0.6306329965591431,1750437652
,,1.0298964977264404,1750437652
,,0.709626317024231,1750437652
,,0.7031959295272827,1750437653
,,0.0599563531577587,1750437653
,,-0.5435287952423096,1750437654
,,-0.7774584293365479,1750437654
,,-1.0385009050369265,1750437654
,,0.4527434408664703,1750437654
,,-0.4358593821525574,1750437654
,,0.4168079793453216,1750437654
,,0.4390593767166137,1750437655
,,1.7921417951583862,1750437655
,,-0.0358678065240383,1750437655
,,0.6527833938598633,1750437656
,,-0.4297275245189667,1750437656
,,0.1213963776826858,1750437656
,,-0.3631816506385803,1750437656
,,0.2710449397563934,1750437657
,,0.1539920717477798,1750437657
,,0.1927778422832489,1750437657
,,-0.5790647864341736,1750437657
,,-0.6940641403198242,1750437657
,,-0.2208179533481598,1750437658
,,-0.2349539846181869,1750437658
,,-0.5802456140518188,1750437658
,,0.4623288810253143,1750437659
,,-0.4806925058364868,1750437659
,,-0.0910701304674148,1750437659
,,-1.589372158050537,1750437659
,,-0.0051608541980385,1750437659
,,0.4259297549724579,1750437659
,,0.2314153909683227,1750437660
,,-0.0626391395926475,1750437660
,,0.3834218382835388,1750437660
,,1.1259145736694336,1750437661
,,-1.2462506294250488,1750437661
,,1.2477338314056396,1750437661
,,-0.494819164276123,1750437661
,,-0.0001872631255537,1750437661
,,-0.6916964054107666,1750437663
,,0.2767036855220794,1750437663
,,0.494312435388565,1750437664
,,0.0646334439516067,1750437664
,,-0.5310484766960144,1750437664
,,1.4418987035751345,1750437665
,,-0.7328603863716125,1750437665
,,-1.1620484590530396,1750437665
,,0.6868031024932861,1750437666
,,-0.8366342186927795,1750437666
,,-0.6940177083015442,1750437667
,,0.2204657942056656,1750437667
,,-0.1474827975034713,1750437667
,,-0.4584093987941742,1750437668
,,0.2950471639633178,1750437669
,,0.8186013102531433,1750437669
,,0.1105366423726081,1750437669
,,-0.62906813621521,1750437669
,,0.5481967329978943,1750437670
,,-0.7452946901321411,1750437670
,,0.0211611576378345,1750437671
,,0.4773200154304504,1750437671
,,0.387313574552536,1750437671
,,-0.3857583105564117,1750437671
,,-0.4637508988380432,1750437672
,,-0.5514932870864868,1750437672
,,1.170373558998108,1750437672
,,1.0551562309265137,1750437673
,,-0.435571551322937,1750437674
,,-0.7278850078582764,1750437674
,,0.7696002721786499,1750437674
,,0.040738932788372,1750437674
,,-0.1509189754724502,1750437675
,,-0.4607590138912201,1750437675
,,0.1058078557252883,1750437676
,,-1.453923583030701,1750437676
,,0.2237721979618072,1750437676
,,0.4199956059455871,1750437677
,,0.5849661231040955,1750437677
,,0.0261878278106451,1750437677
,,0.4115728437900543,1750437678
,,0.4218593835830688,1750437678
,,-0.2168996185064315,1750437679
,,-0.3844033181667328,1750437679
,,0.8180459141731262,1750437679
,,-0.3513193726539612,1750437679
,,0.0929433405399322,1750437679
,,-0.6758274435997009,1750437679
,,-1.0572216510772705,1750437679
,,0.4392305612564087,1750437679
,,-0.4690387547016144,1750437681
,,-0.2950652837753296,1750437681
,,0.0131868012249469,1750437681
,,-1.157525658607483,1750437682
,,-0.473136693239212,1750437682
,,-0.7052886486053467,1750437682
,,0.6853122711181641,1750437682
,,-0.7657108902931213,1750437682
,,-0.5327093005180359,1750437683
,,0.0188027713447809,1750437684
,,1.888288497924805,1750437684
,,0.6502850651741028,1750437686
,,0.4600787460803985,1750437687
,,-0.0705123469233512,1750437687
,,-0.4287720024585724,1750437687
,,-0.031538899987936,1750437687
,,0.0774043798446655,1750437687
,,-0.0620444789528846,1750437688
,,-0.9475764632225036,1750437690
,,-0.3907288312911987,1750437690
,,-1.485368013381958,1750437690
,,0.9072222709655762,1750437691
,,-0.6105545163154602,1750437691
,,0.0271114520728588,1750437692
,,-0.096572995185852,1750437692
,,0.0372919104993343,1750437692
,,1.0506386756896973,1750437692
,,0.1463572233915329,1750437693
,,-1.51019287109375,1750437694
,,-0.0342723652720451,1750437694
,,0.447471410036087,1750437694
,,-0.483562022447586,1750437694
,,0.4816947877407074,1750437694
,,-0.1717450767755508,1750437696
,,-0.6835126876831055,1750437696
,,0.6929186582565308,1750437697
,,0.608543872833252,1750437697
,,0.2252738028764724,1750437698
,,0.6423801779747009,1750437698
,,-0.1469539850950241,1750437698
,,-0.1617029011249542,1750437699
,,0.4702668786048889,1750437701
,,-0.5113459229469299,1750437701
,,-0.7144462466239929,1750437701
,,0.0967009589076042,1750437702
,,-0.1877027302980423,1750437702
,,0.4626766443252563,1750437702
,,0.5737830996513367,1750437703
,,-0.02982759475708,1750437703
,,-0.0274211782962083,1750437703
,,-1.0392781496047974,1750437704
,,-0.2735471725463867,1750437704
,,-0.5898561477661133,1750437704
,,0.1209042370319366,1750437704
,,0.4517960846424103,1750437704
,,-0.0221527516841888,1750437705
,,-0.0508462861180305,1750437705
,,-0.461743950843811,1750437705
,,-0.4784423410892486,1750437705
,,0.0366965718567371,1750437706
,,1.433471441268921,1750437707
,,-0.0489110834896564,1750437707
,,-0.1875511109828949,1750437707
,,0.2417578995227813,1750437707
,,0.0117075080052018,1750437708
,,-0.413357526063919,1750437709
,,-0.4303827583789825,1750437709
,,-0.3941163718700409,1750437709
,,-0.1997458487749099,1750437709
,,0.0230209119617939,1750437709
,,0.2651224136352539,1750437709
,,0.4725271463394165,1750437710
,,0.4560162723064422,1750437710
,,-0.7386028170585632,1750437710
,,-0.3575850129127502,1750437711
,,0.6651472449302673,1750437711
,,-0.2767106890678406,1750437712
,,0.6335906386375427,1750437713
,,0.6977258324623108,1750437713
,,-0.1823837161064148,1750437714
,,-0.0121457511559128,1750437715
,,0.2149773091077804,1750437715
,,0.7431874871253967,1750437716
,,0.6681318879127502,1750437716
,,-0.8671205043792725,1750437716
,,0.7022435665130615,1750437716
,,0.0093060797080397,1750437716
,,-0.0577371530234813,1750437716
,,-0.1811394989490509,1750437718
,,-0.4711625277996063,1750437718
,,-0.1230856850743293,1750437718
,,-0.6943399310112,1750437718
,,-0.6755145192146301,1750437719
,,-0.3675380349159241,1750437719
,,-0.6983857154846191,1750437719
,,0.4613300561904907,1750437721
,,-0.6271499991416931,1750437721
,,0.1550636291503906,1750437722
,,1.0442448854446411,1750437722
,,0.659453272819519,1750437722
,,0.4042001962661743,1750437722
,,-0.3027256429195404,1750437723
,,0.4622499942779541,1750437724
,,0.5006365776062012,1750437724
,,-0.7285772562026978,1750437724
,,0.4083147346973419,1750437724
,,0.7134741544723511,1750437725
,,0.0059598269872367,1750437726
,,-0.0020372977014631,1750437726
,,-0.4657228291034698,1750437726
,,-0.0505694821476936,1750437726
,,0.7510275840759277,1750437726
,,0.1709589511156082,1750437727
,,1.99012303352356,1750437727
,,-1.2736384868621826,1750437728
,,-0.6560277938842773,1750437729
,,-0.1581319719552993,1750437730
,,-0.1002863720059394,1750437730
,,0.1850605010986328,1750437731
,,-0.3825337588787079,1750437731
,,-0.0697682574391365,1750437731
,,-0.1423959881067276,1750437732
,,-0.2108332961797714,1750437732
,,-0.6280802488327026,1750437732
,,-0.0036028821486979,1750437733
,,0.5077137351036072,1750437733
,,0.5807812213897705,1750437733
,,0.0348402075469493,1750437733
,,0.7895816564559937,1750437734
,,-0.0269247237592935,1750437734
,,-0.0616245791316032,1750437734
,,0.6820157766342163,1750437734
,,1.252073049545288,1750437734
,,-0.4693099856376648,1750437736
,,0.5565788149833679,1750437736
,,-1.9239709377288816,1750437736
,,-0.4023995995521545,1750437736
,,-0.0791720822453498,1750437736
,,1.2397445440292358,1750437736
,,0.3380209803581238,1750437737
,,0.2931352853775024,1750437737
,,-1.1597089767456057,1750437737
,,-0.3198918104171753,1750437738
,,-0.6060301661491394,1750437739
,,-0.0789105892181396,1750437739
,,-1.034314513206482,1750437739
,,-0.1855587512254715,1750437740
,,-0.0182452034205198,1750437740
,,-0.4491862058639526,1750437740
,,-0.1005313619971275,1750437741
,,-0.4525143206119537,1750437741
,,0.00310630351305,1750437742
,,0.7393344640731812,1750437742
,,0.0114368647336959,1750437742
,,0.692913830280304,1750437742
,,0.4400062561035156,1750437743
,,0.6666098833084106,1750437743
,,0.1223058924078941,1750437743
,,0.7225178480148315,1750437743
,,-0.1472571641206741,1750437744
,,0.4815394282341003,1750437745
,,0.5848870277404785,1750437745
,,-0.1246984377503395,1750437745
,,-0.6169682145118713,1750437746
,,0.1679256707429886,1750437746
,,0.4727778434753418,1750437746
,,-0.7163462042808533,1750437747
,,-0.462283194065094,1750437747
,,0.4196456968784332,1750437747
,,-5.602356910705566,1750437748
,,-0.1768881380558014,1750437748
,,0.3448021411895752,1750437748
,,0.4702953398227691,1750437748
,,-0.1064650639891624,1750437748
,,-0.4810463190078735,1750437748
,,0.0993311554193496,1750437749
,,-0.7526960968971252,1750437749
,,0.6894436478614807,1750437749
,,-0.0694557204842567,1750437749
,,-1.0119489431381226,1750437750
,,0.6776153445243835,1750437750
,,0.2418420612812042,1750437751
,,0.2795674800872803,1750437751
,,-0.1332446783781051,1750437751
,,0.7068216800689697,1750437751
,,-0.0664535462856292,1750437752
,,-0.4268343448638916,1750437752
,,-0.6772534251213074,1750437752
,,0.5739107131958008,1750437753
,,-0.4306281507015228,1750437753
,,0.1719689816236496,1750437754
,,0.6988124251365662,1750437754
,,0.5815793871879578,1750437755
,,-0.6474283933639526,1750437755
,,0.6821542382240295,1750437756
,,0.1507133692502975,1750437756
,,0.0557524971663951,1750437756
,,-0.3713220357894897,1750437757
,,-0.4457488059997558,1750437758
,,-0.0182847250252962,1750437758
,,0.6364353895187378,1750437758
,,0.2198124825954437,1750437758
,,0.8912994861602783,1750437758
,,0.599450409412384,1750437758
,,0.1996537297964096,1750437759
,,0.4412211179733276,1750437759
,,0.2694398164749145,1750437759
,,-0.6191869378089905,1750437760
,,-0.5767843127250671,1750437761
,,-0.6012257933616638,1750437761
,,-0.5167093276977539,1750437761
,,0.2549499273300171,1750437762
,,-0.3824955821037292,1750437762
,,0.4408426284790039,1750437762
,,5.50679874420166,1750437762
,,0.0323187187314033,1750437763
,,0.0020416830666363,1750437763
,,-0.4543614387512207,1750437763
,,0.8063472509384155,1750437763
,,0.6299824118614197,1750437763
,,-1.282821536064148,1750437764
,,-0.0439834780991077,1750437764
,,0.466741681098938,1750437764
,,-0.0975099802017211,1750437765
,,-0.0246178954839706,1750437766
,,-0.4570037722587585,1750437766
,,0.1171483099460601,1750437766
,,-0.803787887096405,1750437767
,,0.4639631807804107,1750437767
,,0.6912494897842407,1750437768
,,0.4360347986221313,1750437768
,,0.3166747391223907,1750437768
,,-1.4219213724136353,1750437769
,,-0.5128428339958191,1750437769
,,-0.4649617969989776,1750437770
,,-0.4724085927009582,1750437772
,,-0.3047903180122375,1750437772
,,-0.0145090287551283,1750437772
,,-0.0206957850605249,1750437773
,,-0.7338541746139526,1750437773
,,0.7242152690887451,1750437773
,,-0.4869222939014435,1750437774
,,0.4092673361301422,1750437774
,,-0.5152559876441956,1750437774
,,0.0815826654434204,1750437775
,,0.6589633226394653,1750437776
,,2.285999059677124,1750437777
,,-1.3283483982086182,1750437778
,,-0.4809783697128296,1750437778
,,0.0709646269679069,1750437778
,,0.0922348201274871,1750437779
,,0.953477382659912,1750437779
,,-1.3057705163955688,1750437779
,,-0.0229874942451715,1750437779
,,0.21076300740242,1750437779
,,0.6903042793273926,1750437780
,,0.9267016053199768,1750437780
,,0.6921129822731018,1750437780
,,0.3315094709396362,1750437781
,,-0.6689327955245972,1750437781
,,-0.4273056983947754,1750437781
,,-0.4601297974586487,1750437781
,,-0.1420144289731979,1750437781
,,-0.1085372269153595,1750437781
,,0.7313295602798462,1750437781
,,0.0071861702017486,1750437781
,,1.338976502418518,1750437782
,,0.4703176021575928,1750437782
,,1.144120454788208,1750437782
,,0.683199405670166,1750437782
,,0.0820766389369964,1750437782
,,1.3768188953399658,1750437782
,,-0.3875917494297027,1750437782
,,-0.5973157286643982,1750437782
,,0.4732349812984466,1750437783
,,0.4865692853927612,1750437783
,,-0.2086292058229446,1750437783
,,0.4374409914016723,1750437783
,,0.2448664307594299,1750437783
,,0.4782226383686065,1750437783
,,-0.7898876667022705,1750437783
,,-0.0250461846590042,1750437784
,,0.243459403514862,1750437784
,,0.8041599988937378,1750437784
,,-1.071150541305542,1750437785
,,-0.0490186475217342,1750437785
,,0.3933758437633514,1750437785
,,0.3758313953876495,1750437786
,,0.3451815843582153,1750437786
,,0.4459750652313232,1750437786
,,0.718033492565155,1750437787
,,0.0077703017741441,1750437788
,,0.7114986181259155,1750437788
,,-0.0619056932628154,1750437790
,,-0.8890747427940369,1750437790
,,0.0067059798166155,1750437790
,,-0.6035106778144836,1750437790
,,-0.6400663256645203,1750437790
,,-0.3464773297309875,1750437790
,,-0.1853539049625396,1750437791
,,0.5761350989341736,1750437791
,,0.0822534933686256,1750437791
,,0.4678175151348114,1750437791
,,0.4336379170417785,1750437791
,,0.1328510493040084,1750437791
,,-0.5945634245872498,1750437792
,,-0.3959091901779175,1750437793
,,0.4673006236553192,1750437793
,,-0.522699773311615,1750437793
,,-0.0124279661104083,1750437794
,,-0.4121055901050567,1750437794
,,0.1837422996759414,1750437794
,,-1.0955592393875122,1750437795
,,0.7629042863845825,1750437795
,,-0.4675576090812683,1750437795
,,-0.2985385954380035,1750437795
,,1.1585034132003784,1750437795
,,0.2790108025074005,1750437796
,,-1.3816765546798706,1750437796
,,0.3862185776233673,1750437797
,,0.7205085158348083,1750437797
,,0.4639300107955932,1750437798
,,0.8144199848175049,1750437798
,,-0.449040800333023,1750437798
,,-0.6585811972618103,1750437799
,,-1.6437162160873413,1750437799
,,0.596531867980957,1750437800
,,0.0225095655769109,1750437800
,,-0.009488527663052,1750437801
,,0.2019404619932174,1750437801
,,-0.0705464705824852,1750437802
,,0.5768679976463318,1750437803
,,0.4365485310554504,1750437803
,,-1.4117459058761597,1750437804
,,0.1192299872636795,1750437804
,,0.4661225974559784,1750437804
,,-0.4257927238941192,1750437804
,,1.2312456369400024,1750437805
,,0.4646348059177398,1750437805
,,-0.0472774691879749,1750437805
,,-0.1001851260662078,1750437806
,,0.5037055015563965,1750437806
,,0.6353666186332703,1750437807
,,-0.7168166637420654,1750437807
,,1.2103726863861084,1750437807
,,-0.0270150862634181,1750437807
,,2.6555423736572266,1750437807
,,1.05190908908844,1750437807
,,-0.7024348378181458,1750437808
,,0.4822642505168915,1750437808
,,0.5271507501602173,1750437810
,,-0.1038382202386856,1750437810
,,-0.7025115489959717,1750437810
,,0.6911211609840393,1750437811
,,0.0001299276191275,1750437811
,,-0.5699893832206726,1750437812
,,0.282545268535614,1750437812
,,0.2062136381864547,1750437812
,,-0.6876696348190308,1750437813
,,0.7041599154472351,1750437813
,,0.6348059773445129,1750437813
,,0.2454412579536438,1750437814
,,-0.9766120314598083,1750437814
,,-1.732050895690918,1750437814
,,0.23052778840065,1750437814
,,-1.6384841203689575,1750437814
,,0.4867752194404602,1750437814
,,1.0561422109603882,1750437814
,,0.6811690926551819,1750437814
,,-0.471092015504837,1750437815
,,0.107073076069355,1750437815
,,-0.7264418601989746,1750437815
,,0.0904193148016929,1750437817
,,-0.6382561326026917,1750437817
,,1.5933464765548706,1750437817
,,-0.3063839673995971,1750437818
,,0.0498524904251098,1750437819
,,0.6430482864379883,1750437819
,,1.2611688375473022,1750437820
,,0.4225108325481415,1750437820
,,0.7434569001197815,1750437821
,,1.4940690994262695,1750437821
,,0.1080211922526359,1750437821
,,0.5822269320487976,1750437822
,,-0.0388496816158294,1750437822
,,0.0721202567219734,1750437823
,,-0.1456407308578491,1750437823
,,-0.4275673627853393,1750437823
,,-0.4225101470947265,1750437823
,,-0.4663106799125671,1750437826
,,0.4193217158317566,1750437826
,,0.5642172694206238,1750437826
,,0.4538850784301758,1750437826
,,1.1784001588821411,1750437827
,,1.2948750257492063,1750437827
,,0.0810263454914093,1750437828
,,-0.4350999295711517,1750437829
,,0.538892388343811,1750437829
,,0.0445126555860042,1750437829
,,0.6889334917068481,1750437830
,,-0.0654685050249099,1750437830
,,-0.4211612939834595,1750437830
,,0.4121220707893371,1750437830
,,0.2239554524421692,1750437830
,,0.1081486046314239,1750437830
,,0.1557123810052871,1750437830
,,0.3999519050121307,1750437830
,,0.4540514945983886,1750437831
,,0.9627537727355956,1750437831
,,0.4837746024131775,1750437831
,,-0.7031921744346619,1750437831
,,0.2470222264528274,1750437832
,,1.0427170991897583,1750437832
,,0.415366917848587,1750437832
,,0.448190689086914,1750437833
,,-1.1573522090911863,1750437833
,,-0.5628611445426941,1750437833
,,0.3144415020942688,1750437834
,,-0.4137527346611023,1750437834
,,0.6904100775718689,1750437835
,,-0.6888324022293091,1750437835
,,0.4344846904277801,1750437835
,,0.3931608200073242,1750437835
,,0.4400119185447693,1750437836
,,0.4513621032238006,1750437837
,,0.4332454800605774,1750437837
,,0.407668262720108,1750437837
,,-0.7196444869041443,1750437838
,,-0.908347487449646,1750437838
,,-0.5753770470619202,1750437838
,,-0.4435295760631561,1750437839
,,-0.0676802620291709,1750437840
,,-0.8104861974716187,1750437840
,,0.7058162689208984,1750437840
,,1.4208325147628784,1750437840
,,-0.0423213876783847,1750437840
,,0.439245730638504,1750437841
,,-0.0099266935139894,1750437841
,,-0.5589950084686279,1750437841
,,0.4665272235870361,1750437842
,,0.6159915328025818,1750437843
,,-0.0348684005439281,1750437844
,,-0.0870920121669769,1750437845
,,-1.089383840560913,1750437846
,,-0.4483258128166199,1750437846
,,-0.281249076128006,1750437847
,,-0.0792156755924224,1750437847
,,0.5586569905281067,1750437848
,,0.6863682866096497,1750437848
,,1.5928020477294922,1750437851
,,-0.4607002437114715,1750437851
,,-0.4757272005081177,1750437851
,,-0.2389167845249176,1750437851
,,-0.5614138245582581,1750437852
,,0.6431162357330322,1750437852
,,0.0127306664362549,1750437852
,,-0.6589426398277283,1750437852
,,0.7223455309867859,1750437853
,,-0.7251814007759094,1750437854
,,0.6892707347869873,1750437855
,,-0.2733829617500305,1750437858
,,0.4313132166862488,1750437858
,,-0.4454438090324402,1750437858
,,0.215657889842987,1750437860
,,-0.2315562069416046,1750437860
,,-0.4401452243328094,1750437860
,,0.5107501745223999,1750437861
,,0.3772657513618469,1750437861
,,-0.7103292346000671,1750437862
,,0.2651335597038269,1750437862
,,0.6991511583328247,1750437862
,,-0.5695263743400574,1750437862
,,0.0209093559533357,1750437862
,,0.8014783263206482,1750437864
,,0.6280900835990906,1750437864
,,0.0736787989735603,1750437864
,,-0.5454338192939758,1750437864
,,-0.3665156662464142,1750437865
,,0.0470534525811672,1750437866
,,-0.2537606656551361,1750437866
,,-0.1263084858655929,1750437866
,,0.4581519067287445,1750437866
,,-0.1021343395113945,1750437867
,,-0.00988285895437,1750437867
,,1.0617402791976929,1750437867
,,-0.2517980635166168,1750437868
,,0.3465507328510284,1750437868
,,-0.4393396973609924,1750437869
,,0.1240387335419654,1750437869
,,0.0308798383921384,1750437870
,,-0.0092093236744403,1750437870
,,0.4807096421718597,1750437870
,,0.2576443552970886,1750437871
,,-0.7026058435440063,1750437873
,,-1.7775202989578247,1750437873
,,0.2676022350788116,1750437873
,,-1.4613664150238037,1750437873
,,0.0805896520614624,1750437874
,,0.0004284078604541,1750437874
,,0.0932420864701271,1750437874
,,-0.6405864953994751,1750437876
,,0.5232646465301514,1750437876
,,0.0999497696757316,1750437876
,,-0.6688344478607178,1750437876
,,0.4590998589992523,1750437876
,,0.4747260808944702,1750437876
,,1.2862162590026855,1750437876
,,1.022274374961853,1750437877
,,0.6236104965209961,1750437877
,,1.158077836036682,1750437877
,,0.6904333829879761,1750437878
,,1.057946801185608,1750437878
,,0.6375337839126587,1750437878
,,0.5348365902900696,1750437878
,,-0.1289632320404052,1750437878
,,1.1338773965835571,1750437878
,,-0.5585634708404541,1750437879
,,0.7302095293998718,1750437879
,,-0.3625626266002655,1750437879
,,1.2317124605178833,1750437879
,,0.266198068857193,1750437880
,,0.0677476525306701,1750437880
,,-0.4406090974807739,1750437880
,,0.2436826378107071,1750437880
,,-0.3467590510845184,1750437880
,,0.7189796566963196,1750437880
,,0.0904602706432342,1750437881
,,-0.1058105900883674,1750437881
,,0.0527421981096267,1750437882
,,0.6911346912384033,1750437883
,,0.5924991965293884,1750437883
,,-1.0058618783950806,1750437883
,,0.0340534932911396,1750437884
,,0.1535498797893524,1750437884
,,0.0972435548901557,1750437884
,,0.909899353981018,1750437884
,,1.611289620399475,1750437884
,,-0.0013569553848356,1750437885
,,-0.956271469593048,1750437885
,,0.3642857670783996,1750437885
,,1.295290470123291,1750437886
,,0.7865052223205566,1750437886
,,-0.7661663889884949,1750437886
,,-0.6390781402587891,1750437886
,,-0.1367127746343612,1750437887
,,0.8478413224220276,1750437887
,,-0.4002790749073028,1750437887
,,0.1486360728740692,1750437887
,,-0.4360669255256653,1750437888
,,0.3430475294589996,1750437888
,,-0.7253869771957397,1750437888
,,-1.1583360433578491,1750437889
,,0.68820720911026,1750437889
,,-0.6153293251991272,1750437889
,,-0.5386309027671814,1750437890
,,-0.678908109664917,1750437890
,,-0.6648126840591431,1750437890
,,0.327516496181488,1750437891
,,0.1107925102114677,1750437891
,,-0.7559086680412292,1750437892
,,-0.0945148766040802,1750437892
,,0.370128720998764,1750437893
,,-0.4387310147285461,1750437893
,,0.562286913394928,1750437894
,,-0.5403980016708374,1750437894
,,-0.4140214622020721,1750437894
,,-0.2738595008850097,1750437894
,,0.6467294692993164,1750437894
,,-0.4378798007965088,1750437895
,,-1.7439392805099487,1750437895
,,-0.3773131668567657,1750437895
,,-0.044548861682415,1750437896
,,0.5678152441978455,1750437896
,,1.027742862701416,1750437896
,,0.5742098093032837,1750437896
,,-0.4186480939388275,1750437897
,,0.4141556024551391,1750437897
,,-0.6406946778297424,1750437897
,,0.2700755596160888,1750437898
,,-0.3625847995281219,1750437898
,,-1.3434109687805176,1750437898
,,0.440509170293808,1750437898
,,-0.1489544510841369,1750437898
,,0.2565290331840515,1750437898
,,0.4667881429195404,1750437899
,,0.052570953965187,1750437899
,,-0.6812949776649475,1750437899
,,0.0155990831553936,1750437900
,,-0.4028946161270141,1750437901
,,0.4437187910079956,1750437901
,,-0.6886469125747681,1750437901
,,-0.3082937896251678,1750437902
,,1.5840390920639038,1750437902
,,-0.4278780817985534,1750437903
,,0.6847402453422546,1750437903
,,0.4362922608852386,1750437903
,,0.1874458789825439,1750437903
,,-0.6712462306022644,1750437904
,,-0.1123454421758651,1750437905
,,-0.5825855135917664,1750437905
,,-0.4477835595607757,1750437905
,,8.448019798379391e-05,1750437905
,,-0.0497178509831428,1750437905
,,-0.3919259905815124,1750437906
,,0.4693331122398376,1750437907
,,0.5780738592147827,1750437907
,,0.403758704662323,1750437907
,,-0.6748595833778381,1750437907
,,-0.3270369172096252,1750437907
,,0.685766875743866,1750437908
,,-0.4469602108001709,1750437908
,,-0.0070476457476615,1750437908
,,-0.4659993648529053,1750437908
,,0.4311619997024536,1750437908
,,-0.0318749137222766,1750437909
,,-0.2478733658790588,1750437909
,,0.3793015778064728,1750437910
,,-0.5128754377365112,1750437911
,,0.0300959683954715,1750437911
,,0.5989382266998291,1750437911
,,0.3070258796215057,1750437911
,,0.1301017850637436,1750437911
,,-0.4368912279605865,1750437911
,,0.4184934198856354,1750437912
,,-0.0324685834348201,1750437912
,,-0.3816496133804321,1750437912
,,0.0845492333173751,1750437912
,,0.4229271113872528,1750437913
,,-0.4220368862152099,1750437913
,,-0.4355063736438751,1750437913
,,0.6287019848823547,1750437913
,,3.00004243850708,1750437913
,,0.2432495951652526,1750437913
,,-0.4934381544589996,1750437913
,,0.5931904911994934,1750437914
,,0.431010901927948,1750437915
,,-0.0084397252649068,1750437915
,,-0.696936309337616,1750437915
,,-0.4670754373073578,1750437915
,,-1.57519268989563,1750437915
,,-0.8217624425888062,1750437916
,,0.7228774428367615,1750437916
,,-0.0456847436726093,1750437916
,,0.0562322996556758,1750437917
,,1.1597599983215332,1750437917
,,1.2155814170837402,1750437918
,,0.0081448787823319,1750437918
,,-0.3042500019073486,1750437918
,,0.2732868492603302,1750437918
,,-1.063381552696228,1750437919
,,-0.0852270424365997,1750437919
,,-0.0098064048215746,1750437919
,,-0.2125570774078369,1750437919
,,-0.6997938752174377,1750437919
,,-0.4343426823616028,1750437920
,,0.1103648990392685,1750437920
,,-0.5739190578460693,1750437921
,,-0.4570499062538147,1750437922
,,0.4814368486404419,1750437923
,,0.4580588936805725,1750437923
,,-0.1023728251457214,1750437923
,,-0.1212831512093544,1750437923
,,0.0074517950415611,1750437923
,,-0.1094370782375335,1750437924
,,-0.1023429036140441,1750437925
,,-0.1600568145513534,1750437925
,,0.4297170042991638,1750437925
,,-1.93629789352417,1750437925
,,0.0077587193809449,1750437925
,,0.2008163332939148,1750437926
,,0.3328193128108978,1750437927
,,1.5149847269058228,1750437927
,,1.2846767902374268,1750437927
,,-0.3119295239448547,1750437927
,,-0.4213419258594513,1750437928
,,0.0374582521617412,1750437929
,,0.7053611278533936,1750437929
,,0.6134788393974304,1750437929
,,-0.4636183381080627,1750437929
,,-0.3909833431243896,1750437930
,,-0.5253801941871643,1750437931
,,-0.0996071100234985,1750437931
,,1.1237592697143557,1750437931
,,-0.4602227807044983,1750437931
,,-0.0507284216582775,1750437932
,,-1.561139464378357,1750437932
,,-1.0929176807403564,1750437933
,,0.4014964401721954,1750437933
,,-0.288228690624237,1750437933
,,0.0990954041481018,1750437933
,,1.5058351755142212,1750437934
,,0.4104370772838592,1750437934
,,0.9987860321998596,1750437935
,,-0.6924281716346741,1750437935
,,-0.0059193731285631,1750437936
,,0.6724531054496765,1750437936
,,-0.2756723463535309,1750437937
,,0.4301801919937134,1750437937
,,-0.0621307380497455,1750437938
,,0.4965706467628479,1750437938
,,0.001783623592928,1750437939
,,0.0032881253864616,1750437939
,,0.4512796998023987,1750437939
,,-0.0235495921224355,1750437940
,,0.4728230535984039,1750437940
,,-0.3876809477806091,1750437940
,,-0.4885303974151611,1750437940
,,0.0025948376860469,1750437940
,,0.8794836401939392,1750437940
,,0.0012013671221211,1750437941
,,-0.6908062100410461,1750437941
,,0.0362246483564376,1750437942
,,0.060355506837368,1750437942
,,0.7425423264503479,1750437943
,,-0.6611729264259338,1750437944
,,-0.8556838631629944,1750437944
,,-0.7475017309188843,1750437945
,,0.6413180828094482,1750437945
,,0.4517916440963745,1750437945
,,0.4527420401573181,1750437945
,,0.0025247444864362,1750437945
,,0.4669071435928345,1750437946
,,-0.0542971305549144,1750437947
,,-0.7032359838485718,1750437947
,,-0.0495039634406566,1750437948
,,-0.4196255207061767,1750437948
,,0.0122905578464269,1750437948
,,0.20087930560112,1750437949
,,0.687938392162323,1750437949
,,-0.3577719628810882,1750437950
,,-0.1037569120526313,1750437950
,,0.4243805110454559,1750437951
,,-0.5859723687171936,1750437951
,,0.0088891657069325,1750437952
,,-0.6721193194389343,1750437952
,,-0.3593746125698089,1750437952
,,0.2536139786243438,1750437952
,,0.6429789066314697,1750437952
,,0.0077401264570653,1750437953
,,0.453441321849823,1750437953
,,-0.0633345693349838,1750437953
,,-0.7203527092933655,1750437953
,,-0.3783741593360901,1750437953
,,0.5191364288330078,1750437954
,,0.663439929485321,1750437954
,,-0.4051735997200012,1750437955
,,-0.4636907875537872,1750437955
,,0.3713520467281341,1750437956
,,0.3627214133739471,1750437956
,,-0.3819411098957062,1750437956
,,-0.0187265612185001,1750437956
,,-1.163140058517456,1750437956
,,-0.4123390913009643,1750437957
,,-0.645840048789978,1750437957
,,-1.3246145248413086,1750437957
,,0.665897011756897,1750437957
,,1.8747413158416748,1750437958
,,-0.0059072230942547,1750437958
,,-0.4605941474437713,1750437958
,,0.4026170074939728,1750437959
,,0.7056686878204346,1750437959
,,0.7595930099487305,1750437960
,,-1.1868784427642822,1750437960
,,0.4265792965888977,1750437960
,,0.1765441745519638,1750437960
,,-0.4859944581985473,1750437961
,,0.4118379950523376,1750437961
,,-0.6896234154701233,1750437962
,,0.1658339649438858,1750437962
,,-0.2254428714513778,1750437963
,,0.4280300438404083,1750437963
,,-0.4401997029781341,1750437963
,,-0.3374126851558685,1750437964
,,-0.2161775380373001,1750437964
,,1.6091268062591553,1750437965
,,0.291778564453125,1750437965
,,0.6945115923881531,1750437966
,,1.516732931137085,1750437966
,,-0.0106882331892848,1750437966
,,-0.0472565405070781,1750437967
,,0.0391003713011741,1750437967
,,0.0360560566186904,1750437967
,,0.9145835638046264,1750437968
,,0.5366135239601135,1750437968
,,0.446928471326828,1750437969
,,-0.5226811766624451,1750437969
,,0.6926256418228149,1750437970
,,1.5989103317260742,1750437970
,,0.9144810438156128,1750437971
,,-0.0420937798917293,1750437971
,,0.4794623851776123,1750437972
,,0.022718958556652,1750437972
,,0.4618115127086639,1750437972
,,0.5129716396331787,1750437972
,,-1.2612760066986084,1750437973
,,0.7515246272087097,1750437973
,,-0.0455237664282321,1750437973
,,-0.4280700087547302,1750437973
,,0.6760696768760681,1750437973
,,0.6933996081352234,1750437973
,,-0.4633828699588775,1750437973
,,-0.4707320630550384,1750437974
,,0.0999204516410827,1750437974
,,-0.5730639100074768,1750437975
,,-0.0963075533509254,1750437975
,,-1.2579829692840576,1750437975
,,0.4770939946174621,1750437975
,,0.7132585644721985,1750437977
,,-0.7131184339523315,1750437977
,,-0.7191420793533325,1750437977
,,-0.6955075263977051,1750437977
,,0.2029488086700439,1750437977
,,0.4262298345565796,1750437977
,,0.222144529223442,1750437977
,,0.0889390185475349,1750437978
,,-0.1097338944673538,1750437980
,,0.5443844795227051,1750437981
,,0.0462616942822933,1750437981
,,0.6052789092063904,1750437982
,,-0.6608518958091736,1750437982
,,0.4803024530410766,1750437982
,,0.079972855746746,1750437984
,,-0.7421777248382568,1750437984
,,-0.6559065580368042,1750437984
,,-0.4954488575458526,1750437985
,,-1.1918212175369265,1750437985
,,0.7035096287727356,1750437985
,,-0.3699633181095123,1750437986
,,-1.647773265838623,1750437987
,,0.4312087297439575,1750437987
,,-0.775029182434082,1750437987
,,-0.0892074927687645,1750437987
,,1.2172062397003174,1750437988
,,0.0930382385849952,1750437988
,,-0.3838115334510803,1750437988
,,-0.3129513263702392,1750437989
,,0.5836379528045654,1750437989
,,-0.2884966433048248,1750437990
,,0.7556461691856384,1750437990
,,-0.3843204975128174,1750437990
,,0.4350529015064239,1750437990
,,0.4749498963356018,1750437990
,,0.7314759492874146,1750437990
,,0.3745128214359283,1750437991
,,-0.9143677353858948,1750437991
,,-1.3178523778915403,1750437991
,,0.4122316241264343,1750437992
,,0.0491652227938175,1750437992
,,0.2325058430433273,1750437992
,,0.7383541464805603,1750437992
,,0.0478317104279994,1750437992
,,0.2577952146530151,1750437993
,,0.5090146064758301,1750437993
,,-1.000413417816162,1750437994
,,0.4732688665390014,1750437994
,,0.4652121067047119,1750437994
,,-1.056350588798523,1750437995
,,0.7315688133239746,1750437995
,,-0.8705509305000305,1750437995
,,-0.1106509193778038,1750437996
,,1.2106202840805054,1750437996
,,0.0740835666656494,1750437996
,,0.3518519997596741,1750452223
,,-0.1481325626373291,1750452223
,,-0.0818375796079635,1750452223
,,0.4718538224697113,1750452224
,,0.6534262299537659,1750452224
,,0.6182253956794739,1750452224
,,-0.4819977879524231,1750452225
,,0.5788779854774475,1750452225
,,0.4736579954624176,1750452225
,,0.7028967142105103,1750452226
,,1.2829854488372805,1750452226
,,0.4350798726081848,1750452227
,,-0.1374455988407135,1750452228
,,-0.3464863002300262,1750452229
,,-1.1530964374542236,1750452229
,,-0.6039789915084839,1750452229
,,1.1848859786987305,1750452229
,,1.126651644706726,1750452229
,,0.4456135332584381,1750452230
,,0.150645762681961,1750452230
,,0.7118536233901978,1750452230
,,1.6013882160186768,1750452231
,,-0.7103044986724854,1750452231
,,0.1043347716331482,1750452231
,,0.0036116703413426,1750452233
,,0.7028963565826416,1750452233
,,0.7084373831748962,1750452233
,,1.1591306924819946,1750452234
,,0.6631957292556763,1750452234
,,-0.5479947924613953,1750452234
,,1.2422407865524292,1750452234
,,0.2309436500072479,1750452235
,,1.767729878425598,1750452236
,,-0.3503165543079376,1750452237
,,-0.2936098873615265,1750452237
,,1.866909742355347,1750452239
,,-0.6909856796264648,1750452239
,,-0.4285675883293152,1750452239
,,-0.2251980751752853,1750452239
,,-0.6860523223876953,1750452240
,,-1.1357113122940063,1750452240
,,-0.0734209641814231,1750452240
,,-0.6338505744934082,1750452240
,,-0.4577265679836273,1750452241
,,0.0965062528848648,1750452241
,,0.4393908977508545,1750452241
,,-1.0012950897216797,1750452242
,,0.2842321395874023,1750452242
,,0.3065002262592315,1750452243
,,0.5887095928192139,1750452244
,,-0.0776728019118309,1750452244
,,-0.4745199978351593,1750452244
,,-0.9320968985557556,1750452244
,,-1.2842416763305664,1750452245
,,-1.0197196006774902,1750452246
,,-0.411676824092865,1750452247
,,1.2704650163650513,1750452247
,,0.565096378326416,1750452247
,,-0.6197671294212341,1750452247
,,-0.1992300152778625,1750452248
,,-0.2696189284324646,1750452248
,,0.2596441209316253,1750452249
,,0.4256167709827423,1750452249
,,0.684673547744751,1750452249
,,0.4434346854686737,1750452249
,,0.6977384686470032,1750452250
,,-0.3896222412586212,1750452250
,,-0.496063232421875,1750452250
,,0.6777601838111877,1750452250
,,0.0454534366726875,1750452251
,,0.57704758644104,1750452252
,,-0.6973258256912231,1750452252
,,0.564089298248291,1750452252
,,-0.028782021254301,1750452253
,,-0.0328681990504264,1750452253
,,0.2320048362016677,1750452253
,,0.0052903559990227,1750452254
,,-0.0175299607217311,1750452254
,,-0.6117145419120789,1750452255
,,0.0674126148223877,1750452255
,,1.1110575199127195,1750452256
,,-0.6575961112976074,1750452256
,,-0.3288436830043793,1750452257
,,-0.7672864198684692,1750452257
,,-0.0104945711791515,1750452257
,,-0.8126906752586365,1750452258
,,-0.4472331404685974,1750452258
,,-0.5893065929412842,1750452258
,,-1.1377817392349243,1750452258
,,-0.6509524583816528,1750452258
,,-0.3908668160438537,1750452258
,,-0.4099705219268799,1750452260
,,0.4516332447528839,1750452260
,,-0.1180419251322746,1750452261
,,0.6960441470146179,1750452262
,,-0.4215985238552093,1750452262
,,-0.4665332436561584,1750452262
,,0.1043642088770866,1750452262
,,-1.6314458847045898,1750452263
,,0.4639889597892761,1750452263
,,2.911135673522949,1750452264
,,0.4722291231155395,1750452264
,,0.7414528131484985,1750452264
,,0.4893311560153961,1750452265
,,-0.7909694314002991,1750452265
,,0.2918271720409393,1750452265
,,0.7200263142585754,1750452266
,,0.4818800091743469,1750452266
,,0.4493425786495209,1750452266
,,-0.1207959502935409,1750452266
,,0.7038712501525879,1750452266
,,-0.0090356459841132,1750452267
,,-0.4765025079250335,1750452268
,,-0.3880562484264374,1750452268
,,-0.4442185163497925,1750452269
,,0.1372198462486267,1750452270
,,0.358803927898407,1750452271
,,0.4793607592582702,1750452271
,,0.2562709450721741,1750452271
,,0.6063607335090637,1750452271
,,0.1242979690432548,1750452272
,,0.0010076551698148,1750452272
,,0.5717211365699768,1750452273
,,0.6674825549125671,1750452273
,,0.4686675071716308,1750452274
,,0.6467201709747314,1750452276
,,-0.0486320219933986,1750452277
,,-0.5713315010070801,1750452277
,,1.6708149909973145,1750452278
,,0.2492100745439529,1750452278
,,-0.634171724319458,1750452278
,,0.4478018283843994,1750452279
,,0.0609312169253826,1750452279
,,0.7400412559509277,1750452279
,,0.0462274551391601,1750452280
,,-0.6771079897880554,1750452280
,,0.14687380194664,1750452280
,,-0.0105338506400585,1750452280
,,0.3806041777133941,1750452281
,,0.4448215961456299,1750452281
,,-0.3482237756252289,1750452281
,,0.5737879276275635,1750452281
,,0.4339431822299957,1750452282
,,0.1182995215058326,1750452282
,,1.1040860414505005,1750452282
,,0.6912550330162048,1750452283
,,0.4834120869636535,1750452283
,,-1.0288676023483276,1750452284
,,0.4191155731678009,1750452285
,,0.9234312772750854,1750452285
,,0.7053326368331909,1750452285
,,-0.5806764364242554,1750452287
,,1.7441556453704834,1750452287
,,0.007304489146918,1750452288
,,-0.1385011523962021,1750452288
,,0.162224531173706,1750452288
,,-0.2253921777009964,1750452289
,,0.942210614681244,1750452289
,,-0.3489328622817993,1750452289
,,-0.4520181119441986,1750452290
,,1.146366834640503,1750452290
,,-1.3099479675292969,1750452291
,,0.2081464678049087,1750452291
,,0.3473158180713653,1750452291
,,0.4690592586994171,1750452291
,,-0.92318594455719,1750452291
,,-0.5751676559448242,1750452291
,,0.2472140491008758,1750452291
,,-0.1277432739734649,1750452294
,,1.1022883653640747,1750452294
,,0.6895919442176819,1750452294
,,0.7121896743774414,1750452294
,,0.4045825600624084,1750452294
,,1.2455474138259888,1750452294
,,0.4935540854930877,1750452295
,,0.3234460651874542,1750452295
,,0.4137046337127685,1750452295
,,-0.0416376255452632,1750452296
,,-0.1133606061339378,1750452298
,,0.2353648990392685,1750452298
,,0.4899908900260925,1750452298
,,1.1546438932418823,1750452298
,,-0.7210703492164612,1750452298
,,3.0203335285186768,1750452298
,,0.4164095520973205,1750452299
,,-0.6956226229667664,1750452300
,,0.4583943486213684,1750452301
,,1.18412446975708,1750452301
,,1.563063621520996,1750452302
,,-0.561407208442688,1750452302
,,-0.0023954566568136,1750452302
,,0.5887992978096008,1750452302
,,-0.707621157169342,1750452303
,,-0.6723758578300476,1750452304
,,0.4203689098358154,1750452304
,,-0.7227861881256104,1750452304
,,0.0589764676988124,1750452305
,,0.726000189781189,1750452305
,,0.4064185321331024,1750452305
,,-0.8115556836128235,1750452306
,,-1.0473926067352295,1750452306
,,0.0939518436789512,1750452306
,,0.6165913939476013,1750452306
,,-0.916067123413086,1750452307
,,-0.770218551158905,1750452307
,,0.5157192945480347,1750452307
,,0.4521621465682983,1750452307
,,0.5755494236946106,1750452307
,,0.0115002701058983,1750452307
,,-1.2152280807495115,1750452307
,,0.3301824033260345,1750452307
,,-0.5573626756668091,1750452309
,,-0.4632249176502228,1750452309
,,-0.4360325038433075,1750452310
,,0.2135376930236816,1750452310
,,-0.4151376485824585,1750452311
,,0.4528446197509765,1750452312
,,-0.719444751739502,1750452312
,,0.4823047816753387,1750452312
,,0.0880227386951446,1750452312
,,-0.7092722058296204,1750452313
,,-0.0185221508145332,1750452313
,,-0.8417844176292419,1750452314
,,1.4798600673675537,1750452314
,,0.4051526486873626,1750452315
,,0.5392300486564636,1750452316
,,0.4004767835140228,1750452316
,,0.7204558253288269,1750452317
,,0.7815487384796143,1750452317
,,0.2056344449520111,1750452317
,,-0.3681153953075409,1750452317
,,0.0014545695157721,1750452317
,,0.6940988898277283,1750452318
,,-0.0044809896498918,1750452318
,,0.5775271058082581,1750452319
,,-0.6842942833900452,1750452319
,,0.4947964549064636,1750452321
,,0.0725920349359512,1750452321
,,0.5678509473800659,1750452321
,,-1.174956440925598,1750452322
,,0.6168511509895325,1750452322
,,0.4191804528236389,1750452322
,,0.0216311290860176,1750452323
,,1.4934086799621582,1750452323
,,0.4132362306118011,1750452323
,,-0.1026222109794616,1750452324
,,-0.1130875051021575,1750452324
,,-0.4362207651138305,1750452324
,,-0.3897119164466858,1750452325
,,-0.6434429883956909,1750452325
,,0.7251325845718384,1750452325
,,-0.6106441020965576,1750452326
,,0.3690853416919708,1750452326
,,-0.6962008476257324,1750452327
,,-0.4097867608070373,1750452327
,,0.4689400494098663,1750452327
,,-0.0865024030208587,1750452327
,,0.5941236019134521,1750452327
,,0.2165908813476562,1750452328
,,0.7095309495925903,1750452328
,,0.8667755722999573,1750452328
,,0.0752574130892753,1750452328
,,-0.4229322969913482,1750452328
,,-0.0141870155930519,1750452328
,,0.6656264662742615,1750452329
,,-0.0280816759914159,1750452329
,,-0.2341455370187759,1750452329
,,-0.6675564050674438,1750452329
,,0.6109700202941895,1750452330
,,-0.6323680281639099,1750452330
,,0.4261680245399475,1750452330
,,0.3061451613903045,1750452330
,,0.6826376914978027,1750452330
,,0.6143870949745178,1750452331
,,-0.7246920466423035,1750452332
,,-0.4351274371147156,1750452333
,,0.0884371697902679,1750452335
,,0.4662259817123413,1750452335
,,0.2966702282428741,1750452335
,,0.4224956631660461,1750452336
,,0.4288630783557892,1750452336
,,-0.0984924584627151,1750452337
,,-0.4744273424148559,1750452337
,,1.081823468208313,1750452337
,,-0.0925288572907447,1750452338
,,-0.3708423972129822,1750452338
,,-0.4041539430618286,1750452338
,,-0.5701901316642761,1750452338
,,0.7543896436691284,1750452338
,,-0.4374264776706695,1750452338
,,-0.9881494641304016,1750452339
,,-0.5639267563819885,1750452339
,,-0.6727793216705322,1750452339
,,0.1262386888265609,1750452339
,,-0.4628491103649139,1750452340
,,0.3267466425895691,1750452340
,,-0.3904847502708435,1750452340
,,1.1556824445724487,1750452341
,,0.7203376889228821,1750452342
,,-0.4142602980136871,1750452342
,,-0.0241032242774963,1750452342
,,1.1348525285720823,1750452342
,,-0.4873234331607818,1750452342
,,-0.4012511670589447,1750452344
,,-1.063667058944702,1750452344
,,0.3560147285461426,1750452344
,,0.0629329606890678,1750452344
,,-0.90472811460495,1750452344
,,-0.0211959797888994,1750452345
,,1.3369048833847046,1750452345
,,0.5799948573112488,1750452345
,,-0.0058208163827657,1750452345
,,0.1399809718132019,1750452345
,,1.337525486946106,1750452345
,,-0.1383861005306244,1750452346
,,0.3444449305534363,1750452346
,,-0.4198572039604187,1750452347
,,-0.6848552227020264,1750452348
,,-0.483157753944397,1750452348
,,-0.0484336577355861,1750452348
,,0.419567197561264,1750452349
,,-0.483963668346405,1750452349
,,-0.5686602592468262,1750452349
,,-0.0267638806253671,1750452350
,,-0.8015694618225098,1750452350
,,0.4795574247837066,1750452351
,,-0.4729168117046356,1750452352
,,-0.0016484716907143,1750452352
,,-0.6913060545921326,1750452352
,,0.2294901907444,1750452353
,,-0.7087653279304504,1750452353
,,1.0894569158554075,1750452353
,,-0.5066532492637634,1750452353
,,-0.2557623982429504,1750452354
,,0.261194497346878,1750452354
,,0.4300831258296966,1750452354
,,0.3310247957706451,1750452354
,,0.6884708404541016,1750452355
,,-0.4709644615650177,1750452355
,,1.2343268394470217,1750452355
,,1.0600266456604004,1750452355
,,0.5761668086051941,1750452355
,,-0.6708574891090393,1750452355
,,1.0495831966400146,1750452355
,,0.0041921031661331,1750452356
,,-0.4738129675388336,1750452356
,,0.3654500842094421,1750452357
,,-1.0473641157150269,1750452357
,,-0.7161290049552917,1750452358
,,0.4652861654758453,1750452359
,,-0.4572726786136627,1750452359
,,1.4342527389526367,1750452359
,,-0.4781973958015442,1750452360
,,-0.3645011186599731,1750452361
,,0.4343504905700683,1750452361
,,-0.428310751914978,1750452361
,,-0.4230644404888153,1750452361
,,0.7266058325767517,1750452361
,,-0.5638819932937622,1750452362
,,-0.2083593755960464,1750452362
,,-1.624951720237732,1750452363
,,0.0357469692826271,1750452363
,,0.9909560084342957,1750452365
,,-0.0057254270650446,1750452366
,,-0.4792689681053161,1750452366
,,0.1004534065723419,1750452367
,,-0.2443951368331909,1750452368
,,-0.0858040302991867,1750452368
,,-0.4926934838294983,1750452368
,,0.458923190832138,1750452369
,,-0.3350454270839691,1750452369
,,-0.6860800981521606,1750452370
,,0.8972485065460205,1750452371
,,0.4378724098205566,1750452371
,,1.00540292263031,1750452372
,,0.0314750298857688,1750452372
,,0.3765251934528351,1750452372
,,0.0851274952292442,1750452374
,,-0.690522313117981,1750452374
,,0.3132888674736023,1750452375
,,-0.8785579800605774,1750452375
,,0.3788685798645019,1750452376
,,-0.4343656897544861,1750452376
,,-0.703951358795166,1750452377
,,0.6857194304466248,1750452377
,,-0.327156662940979,1750452377
,,0.1375510543584823,1750452378
,,-1.5753519535064695,1750452378
,,-1.2572484016418457,1750452378
,,-0.468597263097763,1750452379
,,0.3985593616962433,1750452379
,,-0.5577133893966675,1750452380
,,0.6877822279930115,1750452380
,,0.1042704954743385,1750452380
,,-0.1065754443407058,1750452380
,,0.6779431104660034,1750452380
,,-0.1311378926038742,1750452381
,,0.4916607439517975,1750452382
,,-0.4072499573230743,1750452383
,,-0.671206533908844,1750452383
,,-0.1341424286365509,1750452383
,,0.0548712313175201,1750452383
,,-1.141227960586548,1750452383
,,0.132609874010086,1750452384
,,0.658717930316925,1750452384
,,1.6570721864700315,1750452385
,,-0.6857307553291321,1750452385
,,0.4094923138618469,1750452386
,,-0.3812445700168609,1750452386
,,0.3981679379940033,1750452386
,,0.4208728969097137,1750452386
,,-0.1250413507223129,1750452387
,,-0.3499270677566528,1750452387
,,-0.1160629913210868,1750452387
,,0.4199467599391937,1750452387
,,0.427543044090271,1750452387
,,0.2796566784381866,1750452387
,,-0.4206127822399139,1750452388
,,-0.7675651907920837,1750452388
,,1.0719401836395264,1750452388
,,0.6162142753601074,1750452388
,,0.1575522571802139,1750452388
,,-0.4282445013523102,1750452389
,,-0.1689184457063675,1750452389
,,0.7405261397361755,1750452389
,,-0.6208208203315735,1750452389
,,-0.6256359219551086,1750452389
,,0.4266591370105743,1750452390
,,-0.2271186560392379,1750452390
,,0.4651274979114532,1750452390
,,0.3895084857940674,1750452390
,,1.5902241468429563,1750452391
,,-0.4392118155956268,1750452391
,,-0.2906186282634735,1750452391
,,0.5150261521339417,1750452392
,,-0.5058016180992126,1750452392
,,-0.3993269503116607,1750452392
,,-0.5761684775352478,1750452393
,,0.3809094130992889,1750452393
,,0.4527956545352936,1750452393
,,0.4571894407272339,1750452393
,,0.430675595998764,1750452393
,,0.6884291768074036,1750452393
,,0.6703863739967346,1750452393
,,0.6436032652854919,1750452394
,,-0.3555698096752167,1750452395
,,0.3403835296630859,1750452395
,,1.440224289894104,1750452395
,,0.55898118019104,1750452396
,,1.13640296459198,1750452396
,,-0.4397022426128387,1750452396
,,0.2370558381080627,1750452396
,,-0.6860266923904419,1750452398
,,-0.7045879364013672,1750452399
,,-1.161176681518555,1750452400
,,0.2260200083255767,1750452400
,,-0.5259191989898682,1750452400
,,0.1382357478141784,1750452400
,,-0.1215567365288734,1750452401
,,-1.0549906492233276,1750452401
,,-0.4654979705810547,1750452401
,,-0.2440033257007599,1750452402
,,0.735124409198761,1750452402
,,-0.3993284702301025,1750452402
,,-0.5471269488334656,1750452403
,,0.7346319556236267,1750452403
,,0.0506670325994491,1750452403
,,-0.3756757080554962,1750452404
,,0.9305539131164552,1750452404
,,0.6347655057907104,1750452405
,,-0.1038122475147247,1750452405
,,-0.0167720317840576,1750452405
,,0.5255887508392334,1750452405
,,-0.4772971570491791,1750452405
,,-0.1343373507261276,1750452405
,,-0.6941007375717163,1750452406
,,0.3521226346492767,1750452406
,,-0.049658864736557,1750452406
,,-0.2161930203437805,1750452406
,,-0.6821747422218323,1750452407
,,0.4626039862632751,1750452407
,,0.3801498711109161,1750452407
,,0.8547084331512451,1750452408
,,-0.4585374593734741,1750452408
,,0.0448055304586887,1750452408
,,-0.6656144261360168,1750452408
,,0.5044004321098328,1750452409
,,-0.5153658390045166,1750452409
,,-0.5919870734214783,1750452410
,,0.463735818862915,1750452410
,,0.1175887137651443,1750452410
,,-1.069205403327942,1750452412
,,-0.4679391086101532,1750452412
,,-0.4470915794372558,1750452412
,,0.8992568254470825,1750452414
,,0.3776601552963257,1750452414
,,0.4494416117668152,1750452415
,,0.4671896398067474,1750452415
,,-0.2652206420898437,1750452416
,,-0.6038479208946228,1750452417
,,0.5777862668037415,1750452417
,,0.6539725065231323,1750452418
,,-0.5684001445770264,1750452418
,,-0.512681782245636,1750452418
,,0.1527353674173355,1750452418
,,-0.4896579384803772,1750452418
,,0.4188922941684723,1750452418
,,0.4547308385372162,1750452419
,,0.4225423634052276,1750452420
,,-0.1097572743892669,1750452420
,,1.1893644332885742,1750452422
,,-0.4197417199611664,1750452422
,,0.412216454744339,1750452423
,,0.0151379965245723,1750452425
,,-0.4713108837604522,1750452425
,,-0.0086813708767294,1750452426
,,1.6492831707000732,1750452426
,,0.4804811179637909,1750452426
,,0.7370789051055908,1750452427
,,-0.4031878113746643,1750452427
,,-0.2126809209585189,1750452427
,,-0.4292481541633606,1750452428
,,1.0636637210845947,1750452428
,,-0.499329537153244,1750452428
,,-0.133378192782402,1750452428
,,0.4456572830677032,1750452428
,,-0.7240917086601257,1750452429
,,0.491824060678482,1750452429
,,1.4006019830703735,1750452429
,,0.7149458527565002,1750452429
,,0.2420077919960022,1750452430
,,0.6550323963165283,1750452430
,,-0.978878140449524,1750452430
,,0.0112165883183479,1750452431
,,-0.0373168922960758,1750452431
,,-0.6238296031951904,1750452432
,,-0.3019418120384216,1750452433
,,-0.3730107545852661,1750452433
,,1.2079496383666992,1750452433
,,-0.0928719267249107,1750452433
,,0.6699671149253845,1750452434
,,0.767431914806366,1750452434
,,-0.6672828793525696,1750452434
,,0.4741361737251282,1750452434
,,-0.7203323245048523,1750452434
,,-0.3408567905426025,1750452435
,,-0.6359599232673645,1750452435
,,1.6363506317138672,1750452436
,,-0.4293636083602905,1750452437
,,-0.4651435911655426,1750452438
,,-0.6172283291816711,1750452438
,,1.0658445358276367,1750452439
,,-0.5425858497619629,1750452439
,,1.0390989780426023,1750452440
,,-0.6703284978866577,1750452440
,,0.6125326156616211,1750452440
,,-0.4636696279048919,1750452440
,,-0.3851119875907898,1750452441
,,1.2137008905410769,1750452441
,,-0.3895617425441742,1750452441
,,-0.1179718375205993,1750452441
,,0.4417259395122528,1750452441
,,-0.4071864783763885,1750452442
,,-0.1142583414912223,1750452442
,,0.0018851787317544,1750452442
,,-0.8527011275291443,1750452442
,,-0.4780367910861969,1750452443
,,-0.4228456616401672,1750452443
,,-0.4131110608577728,1750452444
,,0.5767395496368408,1750452444
,,0.4675730168819427,1750452444
,,0.2108306884765625,1750452445
,,-0.0333730652928352,1750452445
,,-0.6734459400177002,1750452447
,,0.9552549123764038,1750452447
,,0.4197917580604553,1750452448
,,-0.8057237267494202,1750452448
,,-0.2205846309661865,1750452448
,,0.0294858589768409,1750452449
,,-0.5747069716453552,1750452449
,,0.0908171832561492,1750452449
,,-0.6891950368881226,1750452450
,,0.0495317764580249,1750452450
,,0.5224664807319641,1750452451
,,-0.0243292637169361,1750452452
,,0.2853850126266479,1750452452
,,-0.0364718064665794,1750452452
,,-0.6464973092079163,1750452453
,,0.5037153959274292,1750452453
,,0.1599494069814682,1750452453
,,0.1076588332653045,1750452453
,,0.0010007568635046,1750452454
,,1.5304226875305176,1750452454
,,1.0738065242767334,1750452456
,,0.108178474009037,1750452456
,,0.6483657956123352,1750452457
,,0.4259144067764282,1750452457
,,0.1694331616163253,1750452457
,,0.4312398731708526,1750452458
,,0.7362921237945557,1750452458
,,0.7423866987228394,1750452458
,,1.0555812120437622,1750452458
,,0.5971189141273499,1750452458
,,-0.3798061609268188,1750452459
,,0.224449798464775,1750452459
,,0.4448524117469787,1750452461
,,-0.0465926229953765,1750452461
,,-0.4731856882572174,1750452461
,,0.0994374379515647,1750452462
,,0.0855032280087471,1750452462
,,-0.0503381974995136,1750452462
,,0.4709144830703735,1750452464
,,-0.1859672665596008,1750452464
,,1.261672019958496,1750452465
,,0.7044448256492615,1750452465
,,-0.6677602529525757,1750452466
,,-0.4827121198177337,1750452466
,,-0.0973192080855369,1750452467
,,0.6431469917297363,1750452467
,,-0.4927988648414612,1750452467
,,-0.4680925011634826,1750452467
,,-0.7504388093948364,1750452468
,,-0.7336424589157104,1750452468
,,0.6672698855400085,1750452469
,,-0.4646764695644378,1750452470
,,-0.4457591772079468,1750452470
,,-0.7962348461151123,1750452470
,,-0.0154662076383829,1750452470
,,0.4374815225601196,1750452470
,,0.8708133101463318,1750452471
,,1.1625096797943115,1750452472
,,1.2795029878616333,1750452472
,,-0.1405443996191024,1750452472
,,-0.931273877620697,1750452474
,,-0.4262371957302093,1750452475
,,-0.2302965819835662,1750452475
,,-0.0279320050030946,1750452475
,,0.4892553985118866,1750452476
,,-0.3850856423377991,1750452476
,,0.4544382989406585,1750452476
,,-0.032914962619543,1750452476
,,-1.4126964807510376,1750452477
,,-0.2372785955667495,1750452477
,,0.3594309985637665,1750452477
,,0.4269181191921234,1750452477
,,0.1532712131738662,1750452478
,,-0.4188033938407898,1750452478
,,0.3456059992313385,1750452479
,,-0.3459776639938354,1750452479
,,0.4214794635772705,1750452479
,,0.136610671877861,1750452479
,,-1.0964398384094238,1750452480
,,-0.0252645816653966,1750452480
,,0.2278399169445037,1750452480
,,-0.2873136401176452,1750452481
,,1.2724082469940186,1750452481
,,0.4851809740066528,1750452481
,,0.6946958899497986,1750452481
,,0.4107805788516998,1750452481
,,0.3715836703777313,1750452481
,,-0.1443478167057037,1750452481
,,0.457931786775589,1750452481
,,-0.5835907459259033,1750452481
,,0.2658852338790893,1750452481
,,-0.0487036108970642,1750452482
,,-0.2043186575174331,1750452482
,,-0.6238163113594055,1750452482
,,-0.4204967617988586,1750452482
,,-0.458950012922287,1750452483
,,-0.3378285467624664,1750452483
,,0.6792259216308594,1750452485
,,0.4298615455627441,1750452485
,,0.7184460759162903,1750452485
,,0.2121013849973678,1750452487
,,-0.1459064483642578,1750452487
,,0.0050118779763579,1750452487
,,-0.2448431700468063,1750452487
,,0.4303162395954132,1750452487
,,-1.8063701391220093,1750452488
,,-0.0175966061651706,1750452489
,,0.4530930817127228,1750452489
,,14.14918041229248,1750452489
,,0.4137227237224579,1750452490
,,-0.4477289617061615,1750452491
,,-0.7078886032104492,1750452491
,,-0.4341988563537597,1750452492
,,0.6456452012062073,1750452492
,,0.6948779821395874,1750452492
,,-1.3783788681030271,1750452492
,,-0.4395307898521423,1750452492
,,0.2975687682628631,1750452493
,,-0.6910083889961243,1750452493
,,0.022526441141963,1750452493
,,1.6982804536819458,1750452493
,,0.7187595367431641,1750452494
,,-0.752184271812439,1750452495
,,-1.3330124616622925,1750452495
,,0.0907699912786483,1750452495
,,-0.6722090840339661,1750452495
,,0.1387031823396682,1750452495
,,0.1250374466180801,1750452495
,,-0.0685590654611587,1750452497
,,-0.2002606093883514,1750452497
,,0.1828189343214035,1750452497
,,0.302637368440628,1750452497
,,0.7589222192764282,1750452497
,,-0.1237938478589057,1750452498
,,0.600544810295105,1750452499
,,0.4745005667209625,1750452499
,,0.4211240708827972,1750452500
,,-0.0334074683487415,1750452501
,,0.1925964802503585,1750452502
,,-1.080877661705017,1750452503
,,1.8834081888198853,1750452504
,,-1.6106219291687012,1750452504
,,0.6912305355072021,1750452505
,,-0.4499127864837646,1750452505
,,-0.9368497729301452,1750452506
,,-0.0418001487851142,1750452506
,,0.6956566572189331,1750452507
,,0.4396318793296814,1750452507
,,0.2198694497346878,1750452507
,,-0.3978477120399475,1750452508
,,-0.612663209438324,1750452508
,,0.4757592678070068,1750452509
,,0.8989148139953613,1750452509
,,-0.7056459188461304,1750452509
,,-0.4632860124111175,1750452510
,,0.5207070708274841,1750452510
,,-0.6862623691558838,1750452513
,,-0.102724477648735,1750452513
,,-0.4998499155044555,1750452514
,,0.4686709642410278,1750452515
,,0.6257160902023315,1750452515
,,0.5190582871437073,1750452515
,,-0.655165433883667,1750452515
,,0.2230962216854095,1750452517
,,-0.0919707119464874,1750452518
,,0.4817878901958465,1750452519
,,0.4539431929588318,1750452519
,,0.9405475854873656,1750452520
,,-0.1224165931344032,1750452521
,,-0.715790331363678,1750452521
,,-1.6442512273788452,1750452521
,,-0.0042636031284928,1750452521
,,-0.6337984800338745,1750452522
,,-0.4241016805171966,1750452522
,,-0.4626124203205108,1750452523
,,0.6508591175079346,1750452523
,,-0.7549964785575867,1750452524
,,0.4413299858570099,1750452524
,,0.4571431279182434,1750452524
,,-0.0500083491206169,1750452525
,,-0.0803162679076194,1750452525
,,0.4402298927307129,1750452525
,,0.1836587488651275,1750452526
,,0.4836485981941223,1750452526
,,0.3490926623344421,1750452526
,,-0.7207158803939819,1750452527
,,-0.4445468783378601,1750452529
,,0.5861003994941711,1750452530
,,-0.3871830701828003,1750452530
,,0.4937337338924408,1750452530
,,0.0317498669028282,1750452531
,,0.0274102967232465,1750452531
,,-0.5263509154319763,1750452531
,,0.4185268580913543,1750452532
,,0.0065185194835066,1750452532
,,0.7065720558166504,1750452533
,,0.6418309211730957,1750452534
,,1.1753767728805542,1750452535
,,-0.0099553186446428,1750452535
,,0.2158511877059936,1750452537
,,0.4499692618846893,1750452537
,,-0.2304353564977646,1750452537
,,0.6943948864936829,1750452537
,,-0.6175397634506226,1750452539
,,0.055198285728693,1750452539
,,-0.0291876420378685,1750452539
,,1.031373143196106,1750452539
,,0.6426479816436768,1750452539
,,-0.4563666582107544,1750452540
,,-0.4326040148735046,1750452540
,,-0.4088850617408752,1750452540
,,1.5244585275650024,1750452541
,,-0.394754558801651,1750452541
,,0.705745279788971,1750452542
,,0.4665701985359192,1750452542
,,0.3779981136322021,1750452542
,,-0.7987686991691589,1750452542
,,-0.1530763208866119,1750452543
,,0.6101179122924805,1750452543
,,0.6437005996704102,1750452543
,,-0.073413535952568,1750452543
,,-0.415591835975647,1750452544
,,0.4561916291713714,1750452544
,,-0.7123275995254517,1750452544
,,-1.134030818939209,1750452544
,,-1.5702433586120603,1750452544
,,-0.2677054703235626,1750452544
,,0.4134165048599243,1750452545
,,1.0447858572006226,1750452545
,,-0.4311827421188354,1750452545
,,0.1112968102097511,1750452545
,,0.4217567145824432,1750452546
,,0.6615644693374634,1750452546
,,0.334459513425827,1750452546
,,-0.442039430141449,1750452547
,,0.0719027295708656,1750452548
,,0.286856085062027,1750452548
,,-0.109488733112812,1750452549
,,-0.4390673041343689,1750452550
,,0.5826003551483154,1750452550
,,0.0422153547406196,1750452551
,,0.4386001527309418,1750452551
,,-1.0482685565948486,1750452552
,,1.0321155786514282,1750452553
,,0.4664926528930664,1750452553
,,0.451836347579956,1750452554
,,-0.1112704798579216,1750452554
,,-0.6536515951156616,1750452555
,,-0.6127063035964966,1750452555
,,-0.051151804625988,1750452555
,,1.81580913066864,1750452555
,,0.921735405921936,1750452555
,,0.4363115131855011,1750452555
,,-1.5757389068603516,1750452555
,,1.1781156063079834,1750452556
,,0.2910867631435394,1750452556
,,0.4239459633827209,1750452557
,,-0.064107559621334,1750452557
,,0.4220132231712341,1750452557
,,-0.3548043072223663,1750452558
,,0.349500447511673,1750452558
,,0.1381431519985199,1750452558
,,-0.4168453812599182,1750452558
,,-0.0018368134042248,1750452558
,,0.438114583492279,1750452558
,,0.5970402359962463,1750452561
,,1.7570257186889648,1750452561
,,0.6826893091201782,1750452561
,,-0.772222638130188,1750452562
,,0.2040904462337494,1750452562
,,-0.1258917599916458,1750452563
,,-0.0042361314408481,1750452563
,,0.2627308666706085,1750452563
,,-0.1290909200906753,1750452564
,,0.4551823735237121,1750452565
,,0.2391359061002731,1750452565
,,-0.5880803465843201,1750452565
,,-0.46457239985466,1750452566
,,-0.0199370216578245,1750452566
,,0.9237887859344482,1750452567
,,-0.4661945700645447,1750452568
,,0.302821934223175,1750452568
,,-0.0572044812142849,1750452568
,,-0.1071282103657722,1750452569
,,-0.3921431601047516,1750452570
,,-0.0705288127064704,1750452571
,,-0.4604158699512481,1750452571
,,-1.2814340591430664,1750452571
,,-0.3435360193252563,1750452571
,,-0.1958570182323455,1750452572
,,0.237278550863266,1750452572
,,0.0041618715040385,1750452573
,,0.4139610230922699,1750452573
,,0.5980548858642578,1750452573
,,-0.0559604242444038,1750452574
,,0.6903321743011475,1750452574
,,0.9322017431259156,1750452574
,,0.0592825897037982,1750452574
,,0.7415390014648438,1750452574
,,-0.6956458687782288,1750452575
,,0.7175225019454956,1750452575
,,0.6779167056083679,1750452575
,,0.4300605058670044,1750452575
,,-0.0011099217226728,1750452576
,,-0.0034347621258348,1750452577
,,-0.642320990562439,1750452578
,,-0.7044252753257751,1750452578
,,0.7354233264923096,1750452578
,,0.036647330969572,1750452579
,,0.4344566464424133,1750452579
,,0.3737387359142303,1750452579
,,0.1835963726043701,1750452579
,,-0.6972911953926086,1750452579
,,0.3428370356559753,1750452579
,,1.3110146522521973,1750452580
,,0.0697947740554809,1750452580
,,-0.1178772523999214,1750452580
,,-0.3171948492527008,1750452580
,,0.0857667028903961,1750452581
,,0.6681245565414429,1750452581
,,0.6952167749404907,1750452581
,,-0.6744155883789062,1750452581
,,1.4427800178527832,1750452581
,,-0.4328258633613586,1750452582
,,0.0493710711598396,1750452582
,,-0.7073807716369629,1750452582
,,1.261743426322937,1750452583
,,0.424975037574768,1750452583
,,1.5393222570419312,1750452583
,,1.3966974020004272,1750452584
,,-0.4821943640708923,1750452584
,,-0.6922473311424255,1750452584
,,0.8532487154006958,1750452585
,,-0.5769144892692566,1750452586
,,-0.705357551574707,1750452586
,,-0.0124277109280228,1750452586
,,0.4362818002700805,1750452587
,,0.9620653986930848,1750452587
,,0.4367119967937469,1750452588
,,-0.4213076829910278,1750452588
,,-0.764333188533783,1750452588
,,0.0435060635209083,1750452588
,,0.4155666828155517,1750452589
,,0.3416373133659363,1750452589
,,-1.1275320053100586,1750452589
,,-0.4626652598381042,1750452591
,,1.0481221675872805,1750452592
,,0.1896464973688125,1750452592
,,0.6280179619789124,1750452593
,,-0.4852241575717926,1750452593
,,-0.8404802680015564,1750452593
,,0.4560289978981018,1750452594
,,0.0076223541982471,1750452595
,,0.7087087035179138,1750452595
,,-1.038754940032959,1750452595
,,0.6903860569000244,1750452595
,,-0.2352267056703567,1750452596
,,-1.8876224756240845,1750452596
,,0.326898455619812,1750452596
,,1.2412593364715576,1750452597
,,-1.231340765953064,1750452597
,,-0.3897968828678131,1750452597
,,-0.6769458651542664,1750452597
,,-0.1001462861895561,1750452597
,,1.4620883464813232,1750452598
,,0.1267222762107849,1750452599
,,-0.4670868217945099,1750452599
,,0.4237018227577209,1750452599
,,-0.564182460308075,1750452599
,,-0.5273795127868652,1750452600
,,-0.8596911430358887,1750452601
,,0.7110876441001892,1750452601
,,-0.7143833041191101,1750452601
,,-0.7571886777877808,1750452601
,,-0.7931236624717712,1750452602
,,0.3823243975639343,1750452602
,,0.6417304277420044,1750452602
,,0.3241308629512787,1750452603
,,-0.4710059463977813,1750452603
,,-0.6578786969184875,1750452603
,,0.5198122262954712,1750452603
,,0.5709356665611267,1750452604
,,-0.0966612249612808,1750452605
,,1.391036868095398,1750452605
,,-1.1864854097366333,1750452605
,,0.1389723122119903,1750452605
,,-0.4213669300079345,1750452606
,,-0.6123275756835938,1750452606
,,-0.0905374735593795,1750452607
,,0.882706344127655,1750452607
,,-0.163865864276886,1750452607
,,1.0141133069992063,1750467514
,,-0.6817306280136108,1750467514
,,-0.0619659759104251,1750467514
,,-0.4510622024536133,1750467515
,,-0.4893601536750793,1750467515
,,0.6867895722389221,1750467516
,,0.5044125318527222,1750467517
,,-0.2041246145963668,1750467517
,,0.4218499958515167,1750467518
,,-0.4509178698062897,1750467518
,,1.2620099782943726,1750467518
,,-0.6539724469184875,1750467518
,,-0.6880245804786682,1750467519
,,0.2065140753984451,1750467519
,,-0.6068774461746216,1750467520
,,0.0372052639722824,1750467520
,,-0.3925940692424774,1750467520
,,-0.5431904792785645,1750467520
,,0.1000241339206695,1750467520
,,0.6926203370094299,1750467520
,,0.0248133968561887,1750467521
,,0.45490163564682,1750467522
,,1.7165312767028809,1750467522
,,-0.4602039754390716,1750467522
,,0.143241599202156,1750467522
,,0.6664608716964722,1750467522
,,0.0639456287026405,1750467523
,,0.6708192229270935,1750467524
,,0.4660472273826599,1750467524
,,0.4358915984630584,1750467525
,,-1.0942686796188354,1750467525
,,-0.3744864463806152,1750467526
,,-0.41720050573349,1750467526
,,-0.7123653888702393,1750467526
,,-0.6836881637573242,1750467526
,,-0.51960289478302,1750467526
,,0.3843568563461303,1750467527
,,0.1243820711970329,1750467528
,,-0.7098537087440491,1750467528
,,0.0125443255528807,1750467528
,,-0.7189268469810486,1750467529
,,0.0066596744582057,1750467529
,,0.4108627736568451,1750467529
,,0.7236943244934082,1750467531
,,-0.8172887563705444,1750467531
,,-0.2639347612857818,1750467532
,,0.4443597197532654,1750467532
,,0.5686635971069336,1750467532
,,0.6865843534469604,1750467533
,,0.420924961566925,1750467533
,,0.4210273325443268,1750467533
,,0.6831834316253662,1750467534
,,-1.304978370666504,1750467534
,,-0.0502232685685157,1750467534
,,1.695252537727356,1750467536
,,-0.0952556282281875,1750467536
,,-0.4262554049491882,1750467536
,,-0.6597502827644348,1750467537
,,-0.20589280128479,1750467537
,,-0.1083365529775619,1750467537
,,0.1185776889324188,1750467537
,,0.150714099407196,1750467538
,,0.3633100986480713,1750467538
,,-0.4419328868389129,1750467540
,,0.4643826484680176,1750467541
,,0.0065146726556122,1750467541
,,0.4619244039058685,1750467542
,,1.0285505056381226,1750467542
,,0.6984898447990417,1750467543
,,0.522474467754364,1750467543
,,0.4506197273731231,1750467543
,,-0.3989608585834503,1750467543
,,-1.1288599967956543,1750467544
,,0.9023180603981018,1750467544
,,0.0912525579333305,1750467544
,,-0.2743557393550873,1750467544
,,0.2283805608749389,1750467544
,,-0.7088350057601929,1750467544
,,0.2007767260074615,1750467545
,,0.6064360737800598,1750467545
,,0.1451700776815414,1750467546
,,0.435770183801651,1750467547
,,-1.387928485870361,1750467547
,,0.0821051001548767,1750467548
,,-0.0767456218600273,1750467548
,,-0.4463609457015991,1750467549
,,1.6327303647994995,1750467550
,,0.0474500991404056,1750467550
,,0.780745267868042,1750467551
,,0.3550821244716644,1750467552
,,-1.260921597480774,1750467553
,,0.6958288550376892,1750467553
,,0.0445785783231258,1750467553
,,-0.2581694722175598,1750467553
,,0.6256539225578308,1750467553
,,-0.502722442150116,1750467554
,,-0.0475255139172077,1750467555
,,-0.3848487138748169,1750467555
,,0.4034761190414428,1750467556
,,-0.370124489068985,1750467556
,,-0.5931078195571899,1750467558
,,-1.3650459051132202,1750467558
,,1.3481849431991575,1750467559
,,1.8300217390060425,1750467559
,,-1.4021297693252563,1750467559
,,0.5394263863563538,1750467559
,,0.006289979442954,1750467560
,,-0.462682843208313,1750467560
,,-0.5734020471572876,1750467560
,,0.5486759543418884,1750467560
,,0.162992924451828,1750467560
,,-0.1500153690576553,1750467560
,,0.2468432188034057,1750467561
,,-0.9942486882209778,1750467561
,,-0.4517435729503631,1750467562
,,-0.5810093879699707,1750467563
,,1.6046793460845947,1750467564
,,-0.4972560405731201,1750467565
,,0.4427898526191711,1750467565
,,-0.7303559184074402,1750467566
,,-0.7595418095588684,1750467566
,,0.0890039429068565,1750467566
,,0.5768412351608276,1750467566
,,-0.0835167169570922,1750467566
,,-0.0881591290235519,1750467566
,,0.7367254495620728,1750467567
,,0.6974507570266724,1750467567
,,0.1459323465824127,1750467568
,,-0.0576873607933521,1750467568
,,0.5495975017547607,1750467568
,,-0.2284360975027084,1750467569
,,-0.1421070098876953,1750467569
,,-0.2526415586471557,1750467570
,,0.8311155438423157,1750467570
,,0.0262149069458246,1750467571
,,-0.926192343235016,1750467572
,,-0.6665924787521362,1750467572
,,0.6188963651657104,1750467573
,,0.4757745265960693,1750467574
,,-0.449806272983551,1750467574
,,0.5948151350021362,1750467575
,,0.5637981295585632,1750467575
,,-0.4828172624111175,1750467575
,,-0.92158180475235,1750467576
,,0.1949980854988098,1750467576
,,0.4695290029048919,1750467576
,,0.4427936971187591,1750467577
,,0.6400822401046753,1750467577
,,0.4062473773956299,1750467577
,,0.7444797158241272,1750467577
,,0.1522612273693084,1750467577
,,1.4759184122085571,1750467578
,,-0.0753516778349876,1750467579
,,0.6822158098220825,1750467579
,,0.7117823958396912,1750467579
,,-1.5647404193878174,1750467580
,,-0.1273607760667801,1750467581
,,0.4156640768051147,1750467581
,,1.321009397506714,1750467582
,,-0.7750098705291748,1750467582
,,0.1453431248664856,1750467582
,,0.2743398249149322,1750467582
,,0.0179336424916982,1750467582
,,0.6860273480415344,1750467582
,,-0.4092898368835449,1750467583
,,0.6584698557853699,1750467583
,,0.5042539834976196,1750467583
,,0.6941699385643005,1750467583
,,-0.6206273436546326,1750467584
,,1.125389814376831,1750467584
,,-4.134375922149047e-05,1750467585
,,0.8032705783843994,1750467585
,,-0.0252439491450786,1750467585
,,0.468693733215332,1750467587
,,0.0529673099517822,1750467587
,,-1.0386338233947754,1750467587
,,-0.4326643943786621,1750467587
,,0.0729919672012329,1750467587
,,0.0144071513786911,1750467588
,,-0.016484135761857,1750467588
,,0.6764189600944519,1750467588
,,-0.7553164958953857,1750467589
,,-0.7375750541687012,1750467589
,,0.6989900469779968,1750467589
,,1.2506376504898071,1750467589
,,-0.8841997385025024,1750467589
,,-0.4478984177112579,1750467590
,,-0.0036068779882043,1750467590
,,-1.214390754699707,1750467590
,,-0.4959025979042053,1750467591
,,-0.7265649437904358,1750467591
,,1.247020959854126,1750467592
,,0.0715076625347137,1750467592
,,0.0878838822245597,1750467593
,,-1.609443426132202,1750467593
,,0.0807150825858116,1750467593
,,0.3802641034126282,1750467593
,,1.0171546936035156,1750467594
,,0.0997663810849189,1750467594
,,-0.1249280646443367,1750467594
,,-0.2716947495937347,1750467595
,,-0.4249151647090912,1750467595
,,-0.8493200540542603,1750467595
,,0.4310322701931,1750467596
,,0.4398193955421448,1750467596
,,0.152018204331398,1750467597
,,0.2527479529380798,1750467598
,,0.3768091797828674,1750467598
,,-0.3905205130577087,1750467598
,,-0.5164679288864136,1750467599
,,-1.257532000541687,1750467599
,,-0.4752789437770843,1750467599
,,0.1130795031785965,1750467599
,,0.472334086894989,1750467600
,,1.527559757232666,1750467600
,,1.3040757179260254,1750467602
,,0.5504209399223328,1750467602
,,-0.0086614694446325,1750467603
,,-0.4769317507743835,1750467603
,,-0.1075633391737937,1750467604
,,-0.1287704408168792,1750467604
,,-1.633383870124817,1750467606
,,0.4560285806655884,1750467606
,,0.2577564120292663,1750467607
,,-0.005755859427154,1750467607
,,0.2530702352523803,1750467607
,,-0.0954896882176399,1750467608
,,0.9600033164024352,1750467609
,,0.652256429195404,1750467609
,,0.7959592342376709,1750467609
,,-0.4236585199832916,1750467610
,,1.083937168121338,1750467610
,,1.146535038948059,1750467611
,,-0.4112603962421417,1750467613
,,0.7042155265808105,1750467613
,,-0.6300193071365356,1750467613
,,-0.411915123462677,1750467614
,,-0.3123956024646759,1750467614
,,-1.7830731868743896,1750467614
,,0.6668199300765991,1750467615
,,0.1181133985519409,1750467615
,,0.4216479361057281,1750467617
,,0.067237988114357,1750467617
,,0.6166121959686279,1750467617
,,-0.4962292313575744,1750467617
,,0.4122434258460998,1750467617
,,1.6528730392456057,1750467618
,,0.0382819660007953,1750467618
,,0.4247027337551117,1750467619
,,0.0352416113018989,1750467619
,,-0.5007483959197998,1750467620
,,0.4670611321926117,1750467620
,,-0.3705544471740722,1750467621
,,0.3716732561588287,1750467622
,,-0.1060570403933525,1750467622
,,0.3821138143539428,1750467622
,,0.3529150485992431,1750467623
,,1.1166564226150513,1750467624
,,-0.0282770786434412,1750467624
,,0.0416014418005943,1750467625
,,0.6946738958358765,1750467625
,,0.4352997541427612,1750467625
,,-0.3307287395000458,1750467625
,,0.2351593077182769,1750467625
,,0.7034088969230652,1750467626
,,-0.008347094990313,1750467626
,,-0.0065181031823158,1750467627
,,-0.1928168386220932,1750467627
,,-0.0034839168656617,1750467627
,,0.407865434885025,1750467627
,,0.4595263302326202,1750467628
,,-0.071812205016613,1750467629
,,-0.7284320592880249,1750467629
,,-0.4394937753677368,1750467631
,,-0.6949338912963867,1750467631
,,0.1891410797834396,1750467632
,,-0.5748056173324585,1750467632
,,-1.142089605331421,1750467632
,,-0.0603819973766803,1750467633
,,-0.6873697638511658,1750467636
,,0.628021240234375,1750467636
,,0.4175812304019928,1750467636
,,-0.1443622410297393,1750467636
,,-0.0842456668615341,1750467637
,,0.2304194271564483,1750467637
,,1.1405723094940186,1750467637
,,0.7131392955780029,1750467638
,,-0.519367516040802,1750467639
,,1.279126763343811,1750467639
,,-0.4980281591415405,1750467639
,,1.9270721673965452,1750467639
,,-0.68819260597229,1750467640
,,0.6718023419380188,1750467640
,,0.6779074668884277,1750467640
,,0.2908100187778473,1750467641
,,0.4364480078220367,1750467641
,,-0.6848606467247009,1750467642
,,-0.1043394804000854,1750467642
,,1.1063686609268188,1750467642
,,-0.4252882897853851,1750467643
,,0.3321521282196045,1750467643
,,-0.5761246681213379,1750467643
,,-0.2830836772918701,1750467643
,,-0.5941949486732483,1750467644
,,0.2113257199525833,1750467644
,,0.4384976327419281,1750467644
,,0.1806032508611679,1750467644
,,-0.0440547950565815,1750467645
,,1.3030076026916504,1750467645
,,-1.774808049201965,1750467646
,,0.3622547388076782,1750467647
,,0.7577706575393677,1750467647
,,1.625220775604248,1750467648
,,-0.4470994174480438,1750467648
,,0.0669289976358413,1750467648
,,0.4078730940818786,1750467648
,,-1.0381343364715576,1750467649
,,0.4319251477718353,1750467649
,,-0.2552903592586517,1750467649
,,0.6769065260887146,1750467649
,,-0.716888427734375,1750467650
,,-0.0891549438238143,1750467650
,,0.7047574520111084,1750467651
,,0.0943656787276268,1750467651
,,-0.1376800239086151,1750467652
,,1.1157708168029783,1750467652
,,0.4362651109695434,1750467652
,,0.0015214957529678,1750467652
,,0.426710844039917,1750467653
,,0.2088175117969513,1750467653
,,-0.5979374051094055,1750467653
,,0.7192232608795166,1750467653
,,0.0425418764352798,1750467653
,,-0.7085039615631104,1750467655
,,0.2700781524181366,1750467655
,,0.4782518446445465,1750467655
,,-0.2298033982515335,1750467656
,,0.7405760884284973,1750467656
,,-0.5919069647789001,1750467656
,,-0.5781277418136597,1750467656
,,0.3962787985801697,1750467656
,,-0.7161765694618225,1750467657
,,-0.0637243911623954,1750467657
,,0.4241640269756317,1750467657
,,0.1808221042156219,1750467658
,,-0.0824174210429191,1750467658
,,0.067728191614151,1750467659
,,-0.606719970703125,1750467660
,,0.5414469838142395,1750467660
,,0.6165614724159241,1750467661
,,0.7073271870613098,1750467661
,,0.4844140708446502,1750467662
,,-0.3976935446262359,1750467662
,,0.45807945728302,1750467663
,,1.2958935499191284,1750467663
,,-0.4660832583904266,1750467664
,,0.4534656405448913,1750467664
,,0.3710739314556122,1750467665
,,0.4636671543121338,1750467665
,,0.4106833934783935,1750467665
,,0.4696972668170929,1750467666
,,0.1289656311273574,1750467666
,,0.1227256655693054,1750467667
,,1.583712458610535,1750467667
,,0.0044428464025259,1750467667
,,-0.5975374579429626,1750467667
,,-0.6927807927131653,1750467669
,,0.708142101764679,1750467669
,,0.4761107861995697,1750467670
,,0.4212219417095184,1750467670
,,-0.4418917298316955,1750467670
,,-0.0299867149442434,1750467670
,,-0.4786498546600342,1750467670
,,1.4270166158676147,1750467671
,,0.0330639965832233,1750467671
,,0.8728422522544861,1750467671
,,0.3677159547805786,1750467671
,,-0.4175167381763458,1750467672
,,0.0298930406570434,1750467672
,,0.4542610943317413,1750467673
,,0.6131234169006348,1750467673
,,0.1092158928513526,1750467673
,,-0.1030633002519607,1750467674
,,-1.073199987411499,1750467675
,,-0.4107870161533355,1750467675
,,1.7293580770492554,1750467675
,,-0.8983742594718933,1750467675
,,-0.466196060180664,1750467675
,,-0.2353104352951049,1750467675
,,0.4912734925746918,1750467675
,,-0.1008175760507583,1750467676
,,0.7295223474502563,1750467676
,,1.041749358177185,1750467677
,,-0.4597949981689453,1750467677
,,-0.0936144739389419,1750467677
,,-0.1174962669610977,1750467678
,,-1.2610657215118408,1750467679
,,0.4080507457256317,1750467679
,,0.0722429305315017,1750467679
,,-0.5776549577713013,1750467679
,,1.0457016229629517,1750467679
,,0.4095687568187713,1750467680
,,-0.4065339565277099,1750467681
,,-0.6374107599258423,1750467681
,,-0.48263880610466,1750467682
,,-1.873791217803955,1750467682
,,-0.1054373607039451,1750467683
,,0.987612783908844,1750467683
,,-0.0025166200939565,1750467683
,,0.2512623965740204,1750467683
,,1.255933403968811,1750467683
,,0.0486635118722915,1750467685
,,0.4252614378929138,1750467685
,,0.7640271186828613,1750467685
,,-0.4368196427822113,1750467685
,,0.0856961533427238,1750467685
,,-0.2135422974824905,1750467686
,,-0.7019265294075012,1750467686
,,0.4420361816883087,1750467686
,,-0.8433350920677185,1750467688
,,0.283017635345459,1750467688
,,0.1429606229066848,1750467688
,,0.5242125391960144,1750467688
,,-1.1393210887908936,1750467688
,,0.0642857253551483,1750467689
,,0.5967271327972412,1750467689
,,-0.7276632785797119,1750467690
,,0.7677870392799377,1750467690
,,-0.7178399562835693,1750467692
,,0.1629168689250946,1750467692
,,0.2301946580410003,1750467692
,,-0.0721131414175033,1750467693
,,0.0337600708007812,1750467693
,,0.6664742231369019,1750467694
,,0.0620858632028102,1750467695
,,0.4335074126720428,1750467695
,,-0.2961193025112152,1750467696
,,-0.0964813902974128,1750467696
,,-0.3326335549354553,1750467696
,,-0.6869498491287231,1750467697
,,0.9265862703323364,1750467697
,,-0.2396714836359024,1750467698
,,0.0004982141545042,1750467698
,,0.237655758857727,1750467698
,,-0.3924510478973388,1750467699
,,-0.4406314492225647,1750467699
,,-0.2169992923736572,1750467699
,,-0.0039189378730952,1750467701
,,1.144684076309204,1750467701
,,-0.2740980088710785,1750467702
,,-0.6992514729499817,1750467702
,,0.4710749983787536,1750467703
,,-1.0475869178771973,1750467704
,,-1.2519148588180542,1750467704
,,-1.354967713356018,1750467704
,,-1.354081630706787,1750467704
,,0.9507709741592408,1750467705
,,-0.4229569733142853,1750467705
,,-0.9395290017127992,1750467706
,,0.3007625043392181,1750467707
,,0.4744986891746521,1750467707
,,-0.0612307041883468,1750467708
,,-0.3196591138839721,1750467708
,,0.3473158478736877,1750467709
,,-0.1015816405415535,1750467709
,,0.4256645739078522,1750467709
,,-0.4672257602214813,1750467710
,,-0.4235189855098724,1750467711
,,-0.8434688448905945,1750467711
,,0.7217198610305786,1750467712
,,0.2285623848438263,1750467712
,,-0.4205701649188995,1750467712
,,0.4952568709850311,1750467712
,,0.723901629447937,1750467712
,,0.7179333567619324,1750467713
,,0.5987420082092285,1750467713
,,1.2788453102111816,1750467713
,,0.7058401107788086,1750467714
,,-0.548882782459259,1750467714
,,-0.4651205837726593,1750467714
,,-1.1075283288955688,1750467715
,,0.8594786524772644,1750467716
,,0.6873165965080261,1750467716
,,0.5938078761100769,1750467717
,,0.413186103105545,1750467717
,,-0.2900742292404175,1750467718
,,0.138576328754425,1750467718
,,-0.6500190496444702,1750467718
,,-0.369771271944046,1750467720
,,0.4059144556522369,1750467720
,,-0.0015142635675147,1750467720
,,0.9958289265632628,1750467721
,,-0.8440769910812378,1750467722
,,-0.4495826959609985,1750467722
,,0.6438539028167725,1750467722
,,-0.766438901424408,1750467722
,,-0.306805670261383,1750467723
,,0.2013760507106781,1750467724
,,0.4183144271373749,1750467724
,,-0.4490367472171783,1750467724
,,0.5383954644203186,1750467724
,,-0.1758763790130615,1750467725
,,0.1000616252422332,1750467725
,,0.4543295502662658,1750467726
,,-0.0712744072079658,1750467727
,,-1.364641547203064,1750467728
,,-0.6692943572998047,1750467728
,,0.8387730121612549,1750467729
,,0.4449898600578308,1750467729
,,0.0911812782287597,1750467729
,,-0.0420627817511558,1750467729
,,-0.4384157359600067,1750467729
,,-0.079451285302639,1750467730
,,-0.5070148706436157,1750467731
,,-0.6878697276115417,1750467731
,,0.4144305288791656,1750467732
,,0.4462705552577972,1750467732
,,-0.465391993522644,1750467733
,,-0.1610734611749649,1750467734
,,0.0602247975766658,1750467734
,,0.4159533381462097,1750467734
,,0.4787308275699615,1750467734
,,0.4447732865810394,1750467735
,,-0.2949492335319519,1750467735
,,-0.069594994187355,1750467736
,,0.6743819713592529,1750467736
,,0.7399696707725525,1750467737
,,1.223231077194214,1750467738
,,-0.1993311047554016,1750467739
,,0.6061644554138184,1750467740
,,-1.5878297090530396,1750467740
,,-0.641961395740509,1750467741
,,-0.4550625085830688,1750467742
,,0.1504080146551132,1750467743
,,1.0865625143051147,1750467743
,,-0.1392382830381393,1750467744
,,-0.8346782922744751,1750467744
,,-1.027224063873291,1750467744
,,-0.655966579914093,1750467746
,,1.0660698413848877,1750467746
,,0.0744393691420555,1750467747
,,0.5062344074249268,1750467747
,,-0.7133426070213318,1750467747
,,-0.4474753141403198,1750467747
,,-0.6708006858825684,1750467748
,,-0.7342697978019714,1750467748
,,0.0145608447492122,1750467749
,,0.4653022885322571,1750467749
,,-0.4172871112823486,1750467751
,,-1.5571343898773191,1750467751
,,0.4345379173755646,1750467752
,,0.0692826211452484,1750467752
,,0.6562763452529907,1750467752
,,0.7504184246063232,1750467752
,,-0.6882691979408264,1750467752
,,-0.3611169159412384,1750467753
,,1.1912903785705566,1750467753
,,-0.4312704801559448,1750467754
,,0.033527310937643,1750467754
,,-0.2295931875705719,1750467755
,,0.5475297570228577,1750467755
,,0.2735949754714966,1750467755
,,-0.756956160068512,1750467755
,,1.285242199897766,1750467755
,,1.0453150272369385,1750467755
,,0.6254734992980957,1750467756
,,0.7011562585830688,1750467758
,,-0.6786684393882751,1750467759
,,0.483524888753891,1750467760
,,1.06950843334198,1750467760
,,-1.2681028842926023,1750467760
,,0.2403855621814727,1750467760
,,0.1020419672131538,1750467761
,,0.2617487609386444,1750467761
,,-0.3121088743209839,1750467761
,,1.7128535509109497,1750467761
,,0.6769073009490967,1750467762
,,0.3702927529811859,1750467762
,,-0.4581977725028991,1750467763
,,-0.0786656737327575,1750467763
,,-0.1245756819844245,1750467764
,,1.151846170425415,1750467764
,,0.4232963323593139,1750467764
,,-0.6993674635887146,1750467765
,,1.0936743021011353,1750467765
,,0.0155627960339188,1750467767
,,-0.604563295841217,1750467767
,,-0.226797416806221,1750467767
,,-0.4219793975353241,1750467767
,,-0.6768445372581482,1750467767
,,0.2376327067613601,1750467768
,,0.4078623652458191,1750467768
,,-0.5437743067741394,1750467768
,,-0.2200339883565902,1750467768
,,-0.2576355934143066,1750467769
,,0.7389174699783325,1750467769
,,0.9309933185577391,1750467770
,,0.4544431567192077,1750467771
,,-0.467652291059494,1750467772
,,0.653749942779541,1750467772
,,-0.3615759015083313,1750467772
,,-1.7727909088134766,1750467772
,,0.468407392501831,1750467774
,,-0.6710681319236755,1750467774
,,0.0805960893630981,1750467774
,,-0.6906678080558777,1750467774
,,0.5082476139068604,1750467774
,,0.6995813846588135,1750467774
,,-0.6822330951690674,1750467775
,,0.4591299295425415,1750467775
,,-1.2859864234924316,1750467775
,,0.5893990993499756,1750467775
,,0.0913532823324203,1750467776
,,0.7028242349624634,1750467776
,,-0.4187597334384918,1750467776
,,-0.0005391626618802,1750467776
,,-0.1734257787466049,1750467778
,,0.4439168572425842,1750467779
,,0.4767932593822479,1750467780
,,-0.2083728164434433,1750467780
,,0.1420841664075851,1750467781
,,-0.4636384546756744,1750467781
,,-0.0926303118467331,1750467781
,,0.6424816250801086,1750467783
,,0.4200868010520935,1750467783
,,-0.3473319709300995,1750467784
,,0.4469195604324341,1750467784
,,0.4207328557968139,1750467785
,,0.1895717829465866,1750467785
,,0.5996592044830322,1750467786
,,1.4337239265441897,1750467786
,,-0.1348967254161834,1750467787
,,-0.1846426576375961,1750467787
,,-1.0502082109451294,1750467789
,,-0.0727747753262519,1750467789
,,-0.4759985208511352,1750467789
,,-0.4189571142196655,1750467790
,,0.376141607761383,1750467790
,,0.6958459615707397,1750467790
,,-0.1395655572414398,1750467790
,,-0.4114809334278106,1750467791
,,-0.5687880516052246,1750467792
,,1.1233112812042236,1750467793
,,-0.6584879755973816,1750467793
,,0.8318396806716919,1750467793
,,-0.4971636831760406,1750467793
,,0.6400859951972961,1750467793
,,-1.043715476989746,1750467794
,,0.5465133786201477,1750467795
,,0.3749016225337982,1750467796
,,-0.4235374927520752,1750467796
,,-0.438861072063446,1750467796
,,0.4175642728805542,1750467797
,,-0.4902837872505188,1750467797
,,-0.6713047027587891,1750467797
,,-0.41025111079216,1750467797
,,0.5569665431976318,1750467798
,,-0.4842523336410522,1750467798
,,0.4421928226947784,1750467798
,,1.6676523685455322,1750467798
,,-0.0571916028857231,1750467799
,,0.4708794355392456,1750467799
,,0.7180846333503723,1750467800
,,0.4302073419094085,1750467801
,,-0.0212710369378328,1750467802
,,-0.4362955093383789,1750467802
,,-1.6084697246551514,1750467802
,,-0.09750547260046,1750467803
,,-0.8362113833427429,1750467804
,,0.6619156002998352,1750467804
,,-0.5446419715881348,1750467805
,,0.0074367518536746,1750467805
,,-0.5573538541793823,1750467805
,,-0.9573782682418824,1750467806
,,-0.2004224956035614,1750467806
,,0.4790875017642975,1750467807
,,0.7048587799072266,1750467807
,,-1.2024102210998535,1750467808
,,0.4681100845336914,1750467808
,,-0.4658125340938568,1750467809
,,0.2166600078344345,1750467809
,,-0.3488020896911621,1750467809
,,0.2742923498153686,1750467809
,,-0.6901497840881348,1750467810
,,0.1532923579216003,1750467810
,,-0.4313690960407257,1750467810
,,-0.414333164691925,1750467811
,,-0.4939033389091491,1750467811
,,-0.7163470983505249,1750467811
,,0.4149177670478821,1750467812
,,-0.3949507474899292,1750467812
,,-0.2586249709129333,1750467812
,,-0.1350221186876297,1750467813
,,0.8018838763237,1750467813
,,-0.4437053203582763,1750467814
,,-0.0573309399187564,1750467814
,,-0.4440640211105346,1750467814
,,0.4574139416217804,1750467816
,,0.4516083002090454,1750467817
,,-0.6835077404975891,1750467817
,,-0.3283968567848205,1750467817
,,1.5848677158355713,1750467817
,,0.6793171167373657,1750467817
,,-1.008590579032898,1750467817
,,0.2870653569698334,1750467818
,,-0.7383540272712708,1750467818
,,0.3594347536563873,1750467819
,,-0.1094826236367225,1750467819
,,0.1838824450969696,1750467820
,,-0.482206255197525,1750467820
,,-0.0619548708200454,1750467823
,,0.968059778213501,1750467823
,,-1.1466058492660522,1750467824
,,0.0834734812378883,1750467824
,,0.0026046575512737,1750467824
,,0.1247025653719902,1750467824
,,1.7102645635604858,1750467824
,,0.4423768818378448,1750467825
,,0.6935276985168457,1750467826
,,-0.4307683110237121,1750467826
,,-0.6718280911445618,1750467826
,,0.4670247435569763,1750467826
,,0.3474823534488678,1750467829
,,0.5093351006507874,1750467829
,,-0.1556176543235778,1750467830
,,-0.1184342056512832,1750467831
,,-1.1870815753936768,1750467831
,,-0.4947590231895447,1750467831
,,2.1308839321136475,1750467832
,,1.025283932685852,1750467832
,,-0.0009635201422497,1750467833
,,-0.1885944157838821,1750467833
,,0.4961418509483337,1750467834
,,0.6465442776679993,1750467834
,,0.7404390573501587,1750467834
,,0.0755302459001541,1750467835
,,-0.4445950388908386,1750467836
,,-0.7332878112792969,1750467836
,,0.6955186128616333,1750467836
,,-0.5697864294052124,1750467837
,,-1.1368370056152344,1750467837
,,-0.3505724370479584,1750467838
,,1.0245981216430664,1750467839
,,-0.4145761132240295,1750467840
,,0.680357038974762,1750467840
,,-0.9224388003349304,1750467841
,,0.0440001673996448,1750467842
,,0.0536620989441871,1750467843
,,-0.9408604502677916,1750467843
,,-0.6885371804237366,1750467843
,,-0.4376804828643799,1750467844
,,0.3593847751617431,1750467844
,,0.6941400170326233,1750467844
,,-0.281400978565216,1750467844
,,-0.4311925172805786,1750467845
,,-0.4667903780937195,1750467845
,,-0.6973955631256104,1750467845
,,0.6415932178497314,1750467846
,,-0.4652422666549682,1750467847
,,0.0594011060893535,1750467847
,,0.5311998724937439,1750467847
,,1.7071226835250854,1750467848
,,-0.4315280318260193,1750467848
,,-0.5603177547454834,1750467848
,,0.2539966702461242,1750467848
,,-0.4348897337913513,1750467849
,,0.4906398057937622,1750467849
,,0.2119798958301544,1750467849
,,0.6526404619216919,1750467849
,,0.2781938016414642,1750467850
,,0.3417301774024963,1750467850
,,0.4455576539039612,1750467851
,,0.1754174530506134,1750467852
,,0.7165024280548096,1750467852
,,0.9473674297332764,1750467853
,,-0.4367040395736694,1750467853
,,0.3996523320674896,1750467853
,,-0.8425979614257812,1750467853
,,-0.085465170443058,1750467854
,,0.2120424658060073,1750467854
,,-0.4448031485080719,1750467854
,,0.0674954354763031,1750467854
,,0.3964774012565613,1750467855
,,1.0903280973434448,1750467855
,,0.4278517663478851,1750467855
,,1.3717241287231443,1750467856
,,0.0085254600271582,1750467856
,,0.6896759271621704,1750467856
,,0.2211041152477264,1750467857
,,0.6366177201271057,1750467857
,,-0.5535573959350586,1750467857
,,0.4161376059055328,1750467858
,,0.4452807009220123,1750467858
,,0.993969202041626,1750467858
,,0.4356877207756042,1750467859
,,0.44788658618927,1750467859
,,0.0580008476972579,1750467860
,,0.4220006167888641,1750467860
,,-0.0685742124915123,1750467861
,,0.0058632879517972,1750467861
,,0.1303622275590896,1750467861
,,0.3352340161800384,1750467862
,,0.1656250208616256,1750467863
,,0.4686587750911712,1750467863
,,-0.7186190485954285,1750467864
,,-0.4449940025806427,1750467864
,,0.5809045433998108,1750467865
,,-1.156793475151062,1750467865
,,1.4606539011001587,1750467865
,,0.7422423958778381,1750467866
,,-0.225872203707695,1750467866
,,-0.6209878325462341,1750467866
,,0.3887237906455993,1750467867
,,-0.4339803159236908,1750467867
,,0.464439183473587,1750467868
,,0.3246468901634216,1750467868
,,-0.084443874657154,1750467868
,,-0.1445186287164688,1750467869
,,0.4928031265735626,1750467869
,,0.681861400604248,1750467869
,,0.4575980901718139,1750467870
,,-0.8311445713043213,1750467871
,,-0.4777835309505462,1750467871
,,-0.1934260576963424,1750467871
,,0.6734172701835632,1750467871
,,0.3315822184085846,1750467872
,,0.7038130760192871,1750467872
,,0.1329987198114395,1750467872
,,-0.4520368278026581,1750467873
,,0.7712625861167908,1750467873
,,0.4323924779891968,1750467873
,,-0.0532815270125865,1750467873
,,0.4425548911094665,1750467873
,,-0.8840282559394836,1750467873
,,0.4845476746559143,1750467874
,,0.0376691743731498,1750467874
,,0.1182317808270454,1750467874
,,0.4448071122169494,1750467874
,,-0.2649392783641815,1750467874
,,0.6855628490447998,1750467875
,,-0.2136931866407394,1750467876
,,-0.4257422685623169,1750467876
,,-1.8061765432357788,1750467877
,,0.2117744833230972,1750467877
,,0.3550786972045898,1750467877
,,-0.8506354093551636,1750467877
,,0.4812144041061401,1750467877
,,1.024282932281494,1750467877
,,-0.2255616933107376,1750467878
,,-0.3637031316757202,1750467878
,,0.7205948829650879,1750467879
,,-1.1584452390670776,1750467879
,,-0.0462432280182838,1750467880
,,0.4323411881923675,1750467881
,,0.0081248115748167,1750467881
,,0.1323259174823761,1750467881
,,-0.4371557235717773,1750467882
,,0.441837728023529,1750467882
,,-0.4590858817100525,1750467884
,,-0.7395623326301575,1750467885
,,-0.2425235956907272,1750467885
,,0.5328097343444824,1750467886
,,0.007538029924035,1750467886
,,0.1688804477453231,1750467886
,,0.1916349083185196,1750467887
,,-0.4392481744289398,1750467887
,,0.0645968317985534,1750467888
,,1.5891607999801636,1750467889
,,-0.472063273191452,1750467889
,,-0.0075262379832565,1750467889
,,0.7069061398506165,1750467889
,,0.3350304067134857,1750467889
,,1.0708372592926023,1750467890
,,-0.6741750836372375,1750467890
,,0.7447712421417236,1750467890
,,0.0028204091358929,1750467890
,,0.6674231290817261,1750467891
,,-0.4078587889671325,1750467891
,,-0.1302070021629333,1750467891
,,0.0008233234402723,1750467891
,,-0.4372337460517883,1750467893
,,0.112261101603508,1750467893
,,0.0688247978687286,1750467893
,,-0.1113926395773887,1750467893
,,0.4664891362190246,1750467894
,,0.5033465623855591,1750467895
,,-0.1065651774406433,1750467895
,,0.448561817407608,1750467895
,,0.4183419942855835,1750467895
,,-0.1745703965425491,1750467896
,,0.4075770676136017,1750467896
,,-0.0949541106820106,1750467898
,,0.4260669946670532,1750467898
,,-0.7250509858131409,1750467899
,,0.4691339433193207,1750467899
,,-0.4968754649162292,1750467900
,,0.2432467192411422,1750467900
,,0.1166492998600006,1750467901
,,0.4239347875118255,1750467901
,,0.4632561206817627,1750467901
,,-0.4055455327033996,1750467902
,,0.074584737420082,1750467902
,,-0.0938257575035095,1750467902
,,0.4207256734371185,1750467903
,,-0.1275221854448318,1750467904
,,0.1415901035070419,1750467905
,,0.0158635880798101,1750467905
,,0.4426153600215912,1750467906
,,0.7468691468238831,1750467906
,,-0.0125479260459542,1750467906
,,-0.4819014966487884,1750467906
,,1.2388923168182373,1750467907
,,0.391254723072052,1750467907
,,0.696031391620636,1750467908
,,-0.4205686748027801,1750467908
,,-0.7258644104003906,1750467908
,,0.1581124663352966,1750467909
,,-1.2182928323745728,1750467909
,,0.4832371473312378,1750467909
,,-0.4095419645309448,1750467909
,,-1.4616559743881226,1750467909
,,-0.2614717185497284,1750467909
,,0.436759203672409,1750467910
,,0.4606763124465942,1750467910
,,-0.4250624179840088,1750467910
,,-0.7122352123260498,1750467911
,,-0.1372012794017791,1750467911
,,-0.3670865595340729,1750467912
,,1.0313273668289185,1750467913
,,0.4546102583408355,1750467913
,,-0.4285395443439483,1750467913
,,-1.6432693004608154,1750467913
,,0.0364990420639514,1750467913
,,0.3721197247505188,1750467914
,,-0.0228349585086107,1750467914
,,-0.7202101945877075,1750467915
,,0.4079437553882599,1750467915
,,-1.4137073755264282,1750467915
,,0.0910455659031868,1750467916
,,0.3719536066055298,1750467916
,,0.4610370695590973,1750467916
,,-0.0425331071019172,1750467917
,,0.5750634074211121,1750467917
,,-0.4453763663768768,1750467918
,,-0.7195756435394287,1750467918
,,0.6581040024757385,1750467918
,,0.4333015978336334,1750467918
,,0.6112677454948425,1750467918
,,0.4202157855033874,1750467920
,,-0.7145806550979614,1750487276
,,1.6075208187103271,1750487276
,,-1.0506361722946167,1750487277
,,-0.0555131360888481,1750487277
,,0.704799473285675,1750487277
,,-0.0450427085161209,1750487278
,,0.18250772356987,1750487278
,,-0.4639920890331268,1750487279
,,0.6803908348083496,1750487279
,,-0.0875324159860611,1750487280
,,0.3726922869682312,1750487281
,,0.7242509722709656,1750487281
,,0.4438112676143646,1750487281
,,-0.0001044192904373,1750487281
,,-0.3222552239894867,1750487282
,,-0.1645578444004058,1750487282
,,-0.7991747856140137,1750487282
,,-0.6071035861968994,1750487283
,,0.469911515712738,1750487283
,,1.2539324760437012,1750487283
,,0.4080753624439239,1750487283
,,-0.4735206961631775,1750487285
,,0.4747705459594726,1750487285
,,-0.4450738728046417,1750487285
,,0.2897292375564575,1750487285
,,-0.6770812273025513,1750487285
,,-0.2694180905818939,1750487285
,,0.3959868252277374,1750487286
,,-0.4612201750278473,1750487287
,,0.4400555789470672,1750487287
,,-0.7223897576332092,1750487288
,,-1.3300632238388062,1750487289
,,0.0368979386985302,1750487289
,,0.1374705880880355,1750487289
,,0.4084561765193939,1750487289
,,-0.1027182340621948,1750487290
,,1.043824553489685,1750487290
,,0.4590993821620941,1750487291
,,-0.618482768535614,1750487292
,,0.1135044172406196,1750487292
,,0.2763371467590332,1750487293
,,-0.1868279874324798,1750487295
,,-0.1087314710021019,1750487295
,,0.4210696816444397,1750487295
,,-0.220516100525856,1750487296
,,-0.1953404396772384,1750487296
,,-0.7182842493057251,1750487297
,,-0.4380917847156524,1750487297
,,-0.1083898246288299,1750487298
,,0.4425571262836456,1750487299
,,0.4655645191669464,1750487300
,,0.7855185270309448,1750487300
,,-0.7044313549995422,1750487300
,,-0.7118359208106995,1750487301
,,0.0697168484330177,1750487301
,,-0.5923900604248047,1750487302
,,0.2291850000619888,1750487302
,,-0.477296233177185,1750487303
,,0.8453711867332458,1750487305
,,0.6812803745269775,1750487305
,,-0.521083652973175,1750487305
,,-0.6762663125991821,1750487306
,,0.627009928226471,1750487306
,,-0.1748059391975402,1750487306
,,0.4244149923324585,1750487306
,,0.5645752549171448,1750487307
,,0.4710691571235657,1750487307
,,1.8529634475708008,1750487307
,,-0.8770876526832581,1750487309
,,-0.0031310261692851,1750487309
,,0.4080133736133575,1750487310
,,-0.0573521330952644,1750487310
,,0.0637829527258873,1750487310
,,0.3219168186187744,1750487311
,,-0.4181426167488098,1750487311
,,0.469073623418808,1750487311
,,0.0445906743407249,1750487312
,,0.2097154110670089,1750487312
,,0.5755218863487244,1750487313
,,1.1598247289657593,1750487313
,,-1.2774516344070437,1750487314
,,0.4575883448123932,1750487315
,,0.2050571888685226,1750487315
,,-0.1302830427885055,1750487315
,,0.2598129212856293,1750487316
,,-0.6925593018531799,1750487316
,,-0.601185142993927,1750487316
,,-0.2885664999485016,1750487316
,,0.4447918832302093,1750487316
,,-0.1972759068012237,1750487316
,,-0.4391916990280151,1750487317
,,0.43431556224823,1750487317
,,1.5349318981170654,1750487317
,,0.6767469644546509,1750487317
,,0.3890451788902282,1750487318
,,-0.7359131574630737,1750487318
,,0.4113092720508575,1750487319
,,-0.4076526463031769,1750487319
,,1.8991565704345703,1750487320
,,-0.2795037031173706,1750487320
,,2.4416399002075195,1750487321
,,0.4605917632579803,1750487321
,,-1.0375505685806274,1750487321
,,0.1932540982961654,1750487322
,,-0.4121168553829193,1750487322
,,0.6957297921180725,1750487322
,,0.3129130005836487,1750487323
,,0.6420527696609497,1750487323
,,0.495002418756485,1750487323
,,-0.7187227010726929,1750487323
,,-0.8101111650466919,1750487324
,,-1.32938814163208,1750487324
,,-0.5043110251426697,1750487324
,,0.1901545971632003,1750487325
,,-0.3008367717266083,1750487325
,,0.5368801355361938,1750487325
,,-0.5791378021240234,1750487327
,,-0.5064057111740112,1750487327
,,0.2572333514690399,1750487327
,,0.4693114459514618,1750487327
,,-0.0085450373589992,1750487328
,,-0.4832082986831665,1750487328
,,0.2811581194400787,1750487329
,,0.208243191242218,1750487329
,,-0.4612233936786651,1750487330
,,0.8397969007492065,1750487331
,,-0.1328113079071045,1750487331
,,-0.2161644399166107,1750487331
,,0.7374333739280701,1750487332
,,-0.0023682788014411,1750487334
,,-0.4315668046474457,1750487334
,,0.1354276984930038,1750487334
,,1.0568909645080566,1750487335
,,-0.4163965880870819,1750487335
,,1.375087857246399,1750487335
,,-0.7018429040908813,1750487336
,,0.4226551949977875,1750487337
,,1.4028167724609375,1750487337
,,-0.5819196701049805,1750487337
,,-0.0764745995402336,1750487339
,,-0.0986760780215263,1750487340
,,0.1517715901136398,1750487340
,,0.808036744594574,1750487341
,,-0.6854780316352844,1750487341
,,-1.027343988418579,1750487342
,,-0.6507565379142761,1750487342
,,-1.197852611541748,1750487343
,,-0.7005867958068848,1750487343
,,-0.614812970161438,1750487343
,,1.0649371147155762,1750487343
,,0.4701529741287231,1750487343
,,-1.329684138298035,1750487344
,,-0.1009459644556045,1750487344
,,0.6584840416908264,1750487345
,,0.4554247856140136,1750487345
,,0.6754158735275269,1750487345
,,0.435030996799469,1750487345
,,1.3649119138717651,1750487346
,,-0.9783862829208374,1750487346
,,0.5799592137336731,1750487346
,,-0.3248797357082367,1750487346
,,0.0065603875555098,1750487346
,,-0.738154947757721,1750487346
,,-0.735273003578186,1750487347
,,-0.5660558938980103,1750487348
,,-0.2573443055152893,1750487348
,,-0.722216010093689,1750487348
,,0.0082769803702831,1750487348
,,0.117331326007843,1750487349
,,-0.2511546313762665,1750487349
,,0.1399253159761428,1750487349
,,-1.0883604288101196,1750487349
,,-0.4238263964653015,1750487349
,,-0.0300067048519849,1750487349
,,0.6832664608955383,1750487350
,,-0.6309439539909363,1750487350
,,0.0687818527221679,1750487350
,,-0.0303390547633171,1750487350
,,-0.7131961584091187,1750487351
,,0.4396693408489227,1750487351
,,1.586242914199829,1750487352
,,-0.7346559762954712,1750487352
,,-0.0971494764089584,1750487355
,,0.3564383387565613,1750487355
,,0.036060731858015,1750487356
,,-0.0934489741921424,1750487357
,,-0.0936486795544624,1750487357
,,-0.074000135064125,1750487358
,,0.488294243812561,1750487359
,,0.1843433529138565,1750487359
,,-0.4391282498836517,1750487359
,,0.4337096512317657,1750487359
,,0.497880607843399,1750487359
,,-0.4258348643779754,1750487359
,,-0.0525385364890098,1750487361
,,0.5190821290016174,1750487361
,,0.0308048781007528,1750487362
,,-1.6471760272979736,1750487363
,,0.4638141989707947,1750487363
,,0.7099616527557373,1750487363
,,0.2813854813575744,1750487364
,,0.6868475079536438,1750487364
,,0.2777692675590515,1750487364
,,0.4406183362007141,1750487364
,,-1.1202287673950195,1750487365
,,0.8972899913787842,1750487365
,,-0.0138289481401443,1750487365
,,0.3705892264842987,1750487365
,,1.4148662090301514,1750487365
,,0.4809801578521728,1750487366
,,0.4061156809329986,1750487367
,,-0.1820056736469268,1750487367
,,-5.251315451459959e-05,1750487367
,,0.6165158152580261,1750487367
,,-0.2213167697191238,1750487369
,,0.2798994183540344,1750487369
,,-0.0539182350039482,1750487370
,,0.2846525311470032,1750487370
,,0.0213995277881622,1750487372
,,0.460072249174118,1750487373
,,-0.2394586503505706,1750487374
,,-0.1158025860786438,1750487374
,,1.295098066329956,1750487374
,,0.7120897769927979,1750487375
,,1.0345183610916138,1750487375
,,-0.453653335571289,1750487375
,,0.6864433288574219,1750487376
,,0.4616571366786957,1750487376
,,-0.7192597985267639,1750487377
,,-0.4477624893188476,1750487377
,,-1.1016017198562622,1750487377
,,-0.3803197741508484,1750487378
,,-0.0381365604698658,1750487379
,,-0.6666758060455322,1750487379
,,1.7219491004943848,1750487379
,,0.6863122582435608,1750487379
,,0.0132977282628417,1750487379
,,0.6903258562088013,1750487380
,,-1.1603634357452393,1750487381
,,0.4426002204418182,1750487381
,,0.4742918014526367,1750487381
,,1.259369730949402,1750487382
,,0.0239715054631233,1750487382
,,0.8949844241142273,1750487382
,,-1.2648261785507202,1750487383
,,0.7081731557846069,1750487383
,,-0.0255980566143989,1750487385
,,0.6936675310134888,1750487385
,,-0.1852953433990478,1750487387
,,-0.7678849101066589,1750487388
,,0.5404534935951233,1750487389
,,0.0236248672008514,1750487389
,,0.138066828250885,1750487389
,,0.4067142903804779,1750487390
,,0.2911443412303924,1750487390
,,0.4026811122894287,1750487390
,,-0.725646436214447,1750487391
,,-0.3563545346260071,1750487391
,,0.6733360886573792,1750487392
,,-0.1754030138254165,1750487392
,,0.0001085986441466,1750487392
,,0.0347367860376834,1750487393
,,-0.0515510141849517,1750487393
,,0.4804563522338867,1750487394
,,-0.4601582884788513,1750487395
,,0.0007887235260568,1750487395
,,1.0532159805297852,1750487395
,,-0.6740741729736328,1750487396
,,-0.4632337987422943,1750487396
,,-0.5697504281997681,1750487396
,,-0.0901685208082199,1750487396
,,-1.2254109382629397,1750487396
,,-0.8663137555122375,1750487397
,,0.3506597578525543,1750487397
,,2.059431314468384,1750487398
,,0.1298234611749649,1750487399
,,-0.197219967842102,1750487399
,,-0.5776600241661072,1750487399
,,-0.4579307734966278,1750487399
,,-0.4161637425422668,1750487399
,,0.5700414776802063,1750487400
,,-0.4164347946643829,1750487400
,,-0.0803983062505722,1750487400
,,-0.4494830369949341,1750487400
,,-0.0695786476135253,1750487401
,,0.4317534863948822,1750487401
,,0.2160663604736328,1750487401
,,-0.4938135147094726,1750487402
,,0.4613696336746216,1750487403
,,0.6124419569969177,1750487403
,,0.3464915752410888,1750487404
,,0.0831968337297439,1750487404
,,0.4834888875484466,1750487404
,,-1.1322085857391355,1750487405
,,-0.4234926998615265,1750487407
,,-0.021353418007493,1750487407
,,0.0252039358019828,1750487407
,,-1.012156367301941,1750487408
,,-0.0927292630076408,1750487408
,,0.1291735470294952,1750487408
,,0.4192051589488983,1750487409
,,-0.119013711810112,1750487409
,,1.2642379999160769,1750487410
,,-1.3032253980636597,1750487410
,,0.4965371489524841,1750487410
,,-0.6775501370429993,1750487411
,,0.6860936880111694,1750487413
,,-0.5798430442810059,1750487413
,,0.7146901488304138,1750487414
,,0.341407299041748,1750487414
,,-0.4738342463970184,1750487415
,,-0.4484722316265106,1750487415
,,0.6936829686164856,1750487415
,,0.0009261729428544,1750487417
,,-0.1460735946893692,1750487418
,,-0.177286684513092,1750487418
,,-0.1901823431253433,1750487418
,,-0.6205689907073975,1750487418
,,0.4317301511764526,1750487418
,,0.6899223327636719,1750487418
,,0.589494526386261,1750487418
,,-0.4719004333019256,1750487420
,,-0.2775897085666656,1750487420
,,0.5260436534881592,1750487421
,,-0.1592087298631668,1750487421
,,0.0487149767577648,1750487422
,,-1.7453209161758425,1750487422
,,0.6236114501953125,1750487423
,,0.4329420328140259,1750487423
,,0.0479235798120498,1750487424
,,0.9788013100624084,1750487424
,,0.6512814164161682,1750487424
,,0.1679331213235855,1750487425
,,0.1293451488018036,1750487425
,,1.1588956117630005,1750487425
,,-0.3488360047340393,1750487426
,,0.5209587216377258,1750487426
,,-0.0121081676334142,1750487427
,,-1.9072166681289675,1750487427
,,-0.0038310734089463,1750487428
,,-0.6699586510658264,1750487428
,,-0.7032476663589478,1750487428
,,0.7588961124420166,1750487430
,,1.036070704460144,1750487431
,,-0.4419254660606384,1750487431
,,-0.0018179917242377,1750487431
,,-1.7820806503295898,1750487433
,,-0.3834027647972107,1750487434
,,1.879557490348816,1750487436
,,0.0643534585833549,1750487436
,,-0.470394492149353,1750487436
,,0.5725440979003906,1750487436
,,-0.4655235707759857,1750487437
,,0.5208280682563782,1750487437
,,-0.8107801675796509,1750487438
,,-0.4372448325157165,1750487439
,,-0.4493479430675506,1750487440
,,0.6103115081787109,1750487440
,,-0.4314422607421875,1750487441
,,0.7523552775382996,1750487441
,,0.4551733434200287,1750487441
,,0.9520820379257202,1750487442
,,0.5903592705726624,1750487442
,,-1.5441418886184692,1750487442
,,-0.3279552161693573,1750487443
,,0.4650736451148987,1750487443
,,0.4252919852733612,1750487443
,,0.2977797985076904,1750487444
,,1.172972321510315,1750487446
,,-0.2233768999576568,1750487446
,,0.5871688723564148,1750487447
,,-0.3710145354270935,1750487447
,,1.0966835021972656,1750487447
,,0.0117396898567676,1750487450
,,-0.4237875342369079,1750487450
,,0.2220049798488617,1750487451
,,1.088784098625183,1750487451
,,0.7369763851165771,1750487452
,,-0.1287900507450103,1750487452
,,0.4294236302375793,1750487453
,,-0.6670252680778503,1750487453
,,0.7351304888725281,1750487453
,,0.4485060572624206,1750487454
,,0.6506007313728333,1750487455
,,-0.7729327082633972,1750487456
,,-1.0696616172790527,1750487456
,,0.4371159374713897,1750487456
,,-1.3675527572631836,1750487456
,,-0.5812405943870544,1750487457
,,-0.4592373371124267,1750487459
,,-0.0190855860710144,1750487459
,,-0.6514280438423157,1750487459
,,0.4912963211536407,1750487459
,,0.058149553835392,1750487461
,,-1.0063204765319824,1750487461
,,-0.686970055103302,1750487462
,,0.7444127202033997,1750487462
,,0.4328130185604095,1750487462
,,0.7636649012565613,1750487463
,,-0.7204731106758118,1750487463
,,-1.2731480598449707,1750487464
,,0.3556985259056091,1750487464
,,0.4597744941711426,1750487466
,,-0.0969835668802261,1750487466
,,-0.5313237309455872,1750487467
,,-0.2787802815437317,1750487467
,,-0.103278748691082,1750487469
,,0.3944476246833801,1750487470
,,-0.4586923718452453,1750487470
,,0.4514143764972687,1750487470
,,-1.1488780975341797,1750487471
,,1.1316680908203125,1750487471
,,0.1721822917461395,1750487471
,,-0.564659595489502,1750487472
,,0.3908739686012268,1750487472
,,-0.5112606287002563,1750487472
,,-0.6889077425003052,1750487472
,,0.7429504990577698,1750487473
,,-1.036126732826233,1750487473
,,-0.6734594106674194,1750487473
,,0.1183572560548782,1750487474
,,-0.4827800691127777,1750487475
,,-0.4571939408779144,1750487475
,,0.6759415864944458,1750487476
,,-1.0054532289505005,1750487477
,,0.4086804091930389,1750487477
,,0.4697805643081665,1750487477
,,0.4789034426212311,1750487477
,,-0.0567324832081794,1750487478
,,0.4177265763282776,1750487478
,,0.0074357376433908,1750487479
,,-0.8252070546150208,1750487479
,,0.0229370072484016,1750487479
,,0.2179249674081802,1750487479
,,-0.6792512536048889,1750487480
,,-0.4297808110713959,1750487480
,,0.8098340034484863,1750487481
,,0.6569750905036926,1750487481
,,0.6624566912651062,1750487481
,,0.5675628185272217,1750487481
,,-0.5562553405761719,1750487482
,,0.193612053990364,1750487483
,,-0.204011470079422,1750487483
,,-0.6175512671470642,1750487483
,,0.1446195989847183,1750487483
,,-0.4236861765384674,1750487483
,,0.414918839931488,1750487483
,,0.0324710793793201,1750487485
,,-0.4115629196166992,1750487485
,,0.100507728755474,1750487485
,,-0.6856436133384705,1750487485
,,-0.4682132005691528,1750487485
,,-0.4846885204315185,1750487486
,,0.7129600048065186,1750487486
,,-0.7004268765449524,1750487486
,,0.7118921875953674,1750487486
,,-0.9489957094192504,1750487486
,,0.5266743302345276,1750487487
,,-0.0397082567214965,1750487488
,,-0.0107862437143921,1750487488
,,-0.0934747904539108,1750487488
,,0.4212794303894043,1750487488
,,-0.3263437449932098,1750487488
,,0.1149111986160278,1750487488
,,-0.4693065881729126,1750487490
,,0.8905645608901978,1750487491
,,0.2409758865833282,1750487492
,,0.4359237849712372,1750487492
,,0.9315581321716307,1750487492
,,-0.0356300547719001,1750487492
,,-0.0098223937675356,1750487493
,,-0.4120083153247833,1750487493
,,-0.109813742339611,1750487493
,,0.5249525904655457,1750487494
,,0.7217096090316772,1750487494
,,-1.034217357635498,1750487495
,,-0.1372090280055999,1750487495
,,0.5830724239349365,1750487495
,,-0.4394335448741913,1750487497
,,0.7013556957244873,1750487497
,,0.3397465944290161,1750487497
,,0.6900766491889954,1750487498
,,0.5751408934593201,1750487498
,,-1.476115584373474,1750487498
,,0.569388747215271,1750487498
,,-0.3540755808353424,1750487498
,,0.6778258681297302,1750487499
,,0.705801784992218,1750487499
,,1.8776267766952517,1750487499
,,0.6890344619750977,1750487501
,,-0.112211488187313,1750487502
,,0.7013347148895264,1750487502
,,-0.6788378357887268,1750487503
,,0.4705592691898346,1750487503
,,0.6239780187606812,1750487503
,,-0.2765861749649048,1750487503
,,1.5494822263717651,1750487503
,,0.5361934900283813,1750487504
,,-0.4274606704711914,1750487504
,,-0.4313248991966247,1750487504
,,0.0185554213821887,1750487504
,,-0.7142456769943237,1750487505
,,-0.7348971366882324,1750487505
,,0.5911015868186951,1750487506
,,0.6589894890785217,1750487506
,,1.057075262069702,1750487507
,,0.4664101600646972,1750487507
,,-0.0255278479307889,1750487507
,,-0.0962598994374275,1750487507
,,0.7095740437507629,1750487507
,,-0.3708871304988861,1750487507
,,-0.4856502711772918,1750487508
,,-0.7639768123626709,1750487509
,,0.6814512014389038,1750487509
,,-0.0118681136518716,1750487510
,,0.1085899993777275,1750487510
,,-0.0032086006831377,1750487511
,,0.7041645646095276,1750487511
,,-1.1376179456710815,1750487511
,,0.4339315295219421,1750487512
,,-0.4428413808345794,1750487512
,,-0.4184760153293609,1750487512
,,-0.6950799226760864,1750487514
,,0.7623069286346436,1750487514
,,0.1391402184963226,1750487515
,,-1.2989102602005005,1750487515
,,-0.4152918756008148,1750487515
,,0.0092165749520063,1750487516
,,-0.2754808664321899,1750487516
,,0.430689662694931,1750487517
,,1.054698824882507,1750487517
,,-0.6970066428184509,1750487519
,,0.0072783911600708,1750487519
,,0.7723272442817688,1750487519
,,0.4130297303199768,1750487520
,,0.7054153084754944,1750487520
,,-0.4305827915668487,1750487521
,,0.7370840311050415,1750487521
,,-0.032676562666893,1750487521
,,0.00318846385926,1750487522
,,0.4414404034614563,1750487523
,,0.7592636346817017,1750487523
,,1.9013432264328003,1750487523
,,-0.7357701659202576,1750487523
,,0.6560069918632507,1750487523
,,0.0036119439173489,1750487523
,,-0.4317713379859924,1750487523
,,0.5720915198326111,1750487524
,,1.8690247535705569,1750487524
,,-0.4812675416469574,1750487524
,,-0.6932385563850403,1750487524
,,-0.4231887757778168,1750487525
,,0.41702401638031,1750487525
,,-0.6241331100463867,1750487527
,,0.2164938002824783,1750487528
,,-0.7199229598045349,1750487528
,,0.6593108177185059,1750487529
,,0.2901358604431152,1750487530
,,0.1823380440473556,1750487530
,,0.0794376954436302,1750487531
,,0.4663505256175995,1750487531
,,0.4240315556526184,1750487533
,,0.9403287768363952,1750487533
,,-0.7958840727806091,1750487534
,,0.5051774978637695,1750487534
,,0.4649401903152466,1750487534
,,-0.1171254888176918,1750487534
,,-0.9427667260169984,1750487535
,,0.0340330339968204,1750487535
,,-0.6958329677581787,1750487535
,,-0.5205431580543518,1750487535
,,0.1509903073310852,1750487535
,,-1.4793788194656372,1750487536
,,0.6919031739234924,1750487536
,,-0.1270697563886642,1750487536
,,-0.4458180665969848,1750487537
,,-0.4120701551437378,1750487537
,,-1.3217169046401978,1750487537
,,0.7406425476074219,1750487537
,,0.6458679437637329,1750487537
,,-0.1522473245859146,1750487538
,,-0.1317396759986877,1750487539
,,-0.1178513392806053,1750487540
,,-0.6733570098876953,1750487541
,,-0.5254379510879517,1750487542
,,-0.4557964205741882,1750487542
,,-0.6990352869033813,1750487543
,,-0.7550439238548279,1750487543
,,0.4730387032032013,1750487544
,,-0.3720490336418152,1750487545
,,0.472513884305954,1750487545
,,0.1259427070617675,1750487545
,,-0.2569541335105896,1750487545
,,-0.0218059737235307,1750487547
,,-0.2602749764919281,1750487547
,,1.239513874053955,1750487547
,,-0.2280224561691284,1750487548
,,0.4332471787929535,1750487548
,,0.0779357403516769,1750487548
,,0.4793353974819183,1750487548
,,0.0175574608147144,1750487549
,,-0.0035900850780308,1750487549
,,3.297125658718869e-05,1750487549
,,-0.1248190850019455,1750487549
,,0.121862955391407,1750487550
,,0.7284046411514282,1750487550
,,-0.5104962587356567,1750487550
,,0.0033516958355903,1750487550
,,0.4628544151782989,1750487551
,,0.1271716803312301,1750487551
,,0.4523257315158844,1750487551
,,0.6910721063613892,1750487552
,,-0.4532411694526672,1750487552
,,0.4304483830928802,1750487553
,,1.0564292669296265,1750487553
,,-0.5807304382324219,1750487553
,,-1.1155675649642944,1750487553
,,-0.0334119759500026,1750487553
,,0.7093367576599121,1750487554
,,-0.4761955440044403,1750487554
,,0.0015209787525236,1750487554
,,0.859820544719696,1750487555
,,0.4329327046871185,1750487555
,,-1.7083468437194824,1750487555
,,-0.0231381058692932,1750487555
,,-0.6905546188354492,1750487555
,,1.5507010221481323,1750487556
,,-0.7958577871322632,1750487557
,,0.5282862186431885,1750487557
,,-0.3868424296379089,1750487558
,,-0.0295511409640312,1750487558
,,-0.7052304744720459,1750487558
,,-0.7295371294021606,1750487559
,,0.5520156621932983,1750487559
,,-0.6661409735679626,1750487559
,,-0.0146138463169336,1750487559
,,0.4533040821552276,1750487560
,,1.2528349161148071,1750487560
,,-0.6810523867607117,1750487560
,,0.0616989955306053,1750487560
,,0.9503329992294312,1750487562
,,-1.313298225402832,1750487562
,,-0.4223618805408478,1750487563
,,0.6317362189292908,1750487563
,,0.7039700150489807,1750487563
,,1.05129075050354,1750487564
,,-1.0462760925292969,1750487564
,,-0.0513836555182933,1750487564
,,0.7562968730926514,1750487564
,,0.368432879447937,1750487565
,,-0.7433323860168457,1750487565
,,0.0734317973256111,1750487565
,,-0.4169084727764129,1750487565
,,-0.3669545948505401,1750487565
,,0.0271867718547582,1750487565
,,-0.3501183986663818,1750487566
,,-0.2722587883472442,1750487566
,,0.1197584420442581,1750487566
,,0.4693334996700287,1750487567
,,-0.4210874736309051,1750487567
,,-0.7761248350143433,1750487568
,,0.3786408305168152,1750487569
,,-0.148428663611412,1750487569
,,-0.2189224511384964,1750487570
,,-1.3233028650283811,1750487570
,,-0.4527139961719513,1750487570
,,-0.0079708667472004,1750487571
,,0.0846752598881721,1750487571
,,0.3795072436332702,1750487572
,,-0.0951040238142013,1750487572
,,-0.0032387021929025,1750487573
,,0.0091990083456039,1750487573
,,0.1913373917341232,1750487573
,,0.3724684417247772,1750487573
,,0.2572965025901794,1750487574
,,0.5708491206169128,1750487575
,,-0.6728439927101135,1750487575
,,-0.0490730553865432,1750487575
,,-0.4222337007522583,1750487575
,,0.738383948802948,1750487576
,,-0.7097553610801697,1750487576
,,0.5166147351264954,1750487576
,,-0.1997860819101333,1750487577
,,-0.4489174485206604,1750487578
,,0.7224840521812439,1750487578
,,0.0412206277251243,1750487578
,,1.259334921836853,1750487579
,,0.5747933983802795,1750487581
,,0.2085498571395874,1750487581
,,-0.395316481590271,1750487581
,,0.4196176528930664,1750487582
,,-0.6987764239311218,1750487582
,,0.5356029868125916,1750487583
,,0.4808126986026764,1750487584
,,-0.0534686520695686,1750487584
,,0.4326067864894867,1750487585
,,0.5742967128753662,1750487586
,,0.1786143779754638,1750487586
,,-0.4784255027770996,1750487586
,,1.0827571153640747,1750487586
,,0.0086226295679807,1750487586
,,-0.670464038848877,1750487586
,,-0.0001054934982676,1750487586
,,0.4175647795200348,1750487587
,,0.4813589751720428,1750487588
,,-0.805977463722229,1750487588
,,0.6528072953224182,1750487588
,,0.1944969296455383,1750487589
,,-0.7154541015625,1750487589
,,1.0775824785232544,1750487589
,,-0.5028853416442871,1750487590
,,-0.4275074303150177,1750487590
,,0.5801083445549011,1750487590
,,0.4440158903598785,1750487590
,,0.1000110805034637,1750487591
,,0.7490004301071167,1750487591
,,0.3912263810634613,1750487592
,,-0.0002108173794113,1750487592
,,0.4755193591117859,1750487592
,,-0.4124691486358642,1750487592
,,-0.0010585627751424,1750487592
,,0.0169044937938451,1750487593
,,-0.4461744129657745,1750487593
,,-0.4418150782585144,1750487593
,,-0.6409574151039124,1750487593
,,-0.8848205804824829,1750487594
,,-0.043537326157093,1750487595
,,0.9605323076248168,1750487596
,,-0.4354643821716308,1750487597
,,0.3305383920669555,1750487599
,,0.0474846139550209,1750487600
,,-0.2940427362918854,1750487600
,,0.1368676275014877,1750487600
,,0.6246075630187988,1750487600
,,0.1251005828380584,1750487601
,,0.0155262546613812,1750487601
,,0.6021109819412231,1750487602
,,0.1050508916378021,1750487602
,,1.3556478023529053,1750487602
,,0.5117163062095642,1750487603
,,1.1695477962493896,1750487603
,,0.4230601787567138,1750487603
,,0.0637705028057098,1750487603
,,-1.4070258140563965,1750487603
,,-0.4254257678985595,1750487604
,,-1.3064175844192505,1750487604
,,0.2438847720623016,1750487604
,,0.5296059250831604,1750487604
,,0.4432376623153686,1750487604
,,0.1189458072185516,1750487606
,,-0.739721953868866,1750487606
,,-0.6389523148536682,1750487606
,,-0.9077277183532716,1750487607
,,0.2897879779338836,1750487607
,,-0.3819711208343506,1750487607
,,0.0,1750487608
,,-0.4241463243961334,1750487608
,,-0.555998682975769,1750487608
,,-0.4159394204616546,1750487608
,,1.8338545560836792,1750487609
,,0.5833466649055481,1750487610
,,1.205409288406372,1750487610
,,0.0769774764776229,1750487610
,,0.556018054485321,1750487610
,,-0.4519131481647491,1750487611
,,0.4113210141658783,1750487612
,,0.4526239931583404,1750487613
,,-0.2120508253574371,1750487614
,,0.4841601252555847,1750487614
,,0.6864497661590576,1750487614
,,-0.4413738846778869,1750487614
,,-0.4051879644393921,1750487614
,,0.703402578830719,1750487616
,,0.0586123056709766,1750487616
,,0.765097975730896,1750487616
,,-0.437089741230011,1750487617
,,-0.2334314286708831,1750487618
,,0.698792040348053,1750487618
,,0.9949816465377808,1750487618
,,-0.724224328994751,1750487619
,,0.5962844491004944,1750487619
,,-0.0480881445109844,1750487620
,,-0.6609733700752258,1750487620
,,0.0884710475802421,1750487621
,,-0.7183643579483032,1750487621
,,0.4652250707149505,1750487621
,,-0.003421344095841,1750487622
,,0.0120242536067962,1750487622
,,-0.4711565673351288,1750487623
,,-0.1466295272111892,1750487623
,,-0.173617735505104,1750487623
,,-0.6057360172271729,1750487623
,,-1.6295064687728882,1750487624
,,0.3740730583667755,1750487624
,,-0.4696094691753387,1750487624
,,-0.7070755958557129,1750487625
,,-0.708717942237854,1750487625
,,-0.4606828689575195,1750487625
,,-0.5294589400291443,1750487625
,,0.4043463766574859,1750487626
,,1.7095849514007568,1750487626
,,-1.06982684135437,1750487626
,,-0.0410737097263336,1750487627
,,-0.4745758175849914,1750487627
,,-0.3251168429851532,1750487628
,,-1.027066349983215,1750487628
,,0.7196542024612427,1750487629
,,-0.5420057773590088,1750487629
,,-0.5298789739608765,1750487630
,,0.6022818088531494,1750487630
,,-0.0498973131179809,1750487630
,,0.4594932496547699,1750487632
,,0.7145310044288635,1750487633
,,0.7303920388221741,1750487633
,,-0.6030638813972473,1750487634
,,-0.6938675045967102,1750487634
,,-0.4353151023387909,1750487634
,,0.7081440687179565,1750487636
,,-0.4134589433670044,1750487636
,,1.0477653741836548,1750487636
,,0.7103002667427063,1750487637
,,-0.6615126132965088,1750487637
,,-0.3326677680015564,1750487637
,,0.6697238087654114,1750487638
,,0.2195863723754882,1750487639
,,-2.592844009399414,1750487639
,,-0.5867688655853271,1750487639
,,-0.6372475028038025,1750487639
,,0.0640787482261657,1750487640
,,-0.0200783461332321,1750487640
,,-0.431589126586914,1750487640
,,1.0852820873260498,1750487641
,,0.4085716307163238,1750487641
,,0.3915027379989624,1750487641
,,-0.5812085270881653,1750487642
,,0.6578633189201355,1750487642
,,-0.8118947744369507,1750487642
,,-1.2991044521331787,1750487642
,,0.6515836715698242,1750487643
,,0.7290834188461304,1750487643
,,0.6845353841781616,1750487643
,,-0.4468217492103576,1750487643
,,-0.2175499200820922,1750487644
,,-0.8714366555213928,1750487644
,,-0.7055381536483765,1750487645
,,0.0903020054101944,1750487646
,,0.3540186583995819,1750487646
,,-0.062282521277666,1750487646
,,0.1822227984666824,1750487646
,,1.764349341392517,1750487646
,,0.1432669460773468,1750487646
,,-0.1793294996023178,1750487647
,,-0.0006529216771014,1750487647
,,-0.0258458722382783,1750487647
,,0.462615817785263,1750487648
,,-0.4764724969863891,1750487648
,,-0.5397765040397644,1750487648
,,-0.6105360388755798,1750487649
,,0.6888037919998169,1750487649
,,0.5965549349784851,1750487649
,,0.2011022716760635,1750487649
,,-0.4425672888755798,1750487650
,,0.0085667446255683,1750487651
,,0.6948862075805664,1750487651
,,-0.4967759847640991,1750487651
,,1.1265252828598022,1750487652
,,0.7117778658866882,1750487652
,,0.6925156712532043,1750487652
,,-0.3433207869529724,1750487653
,,0.012455285526812,1750487653
,,0.4783755838871002,1750487654
,,-0.4035737514495849,1750487654
,,0.4295678734779358,1750487655
,,-0.4263335466384887,1750487657
,,0.0172902736812829,1750487657
,,0.0137736443430185,1750487657
,,0.440968781709671,1750487658
,,0.0876943245530128,1750487658
,,1.3136944770812988,1750487659
,,0.5521126389503479,1750487661
,,0.4444260597229004,1750487661
,,-0.2441108226776123,1750487662
,,-0.1571262329816818,1750487662
,,0.0400338694453239,1750487662
,,-0.1267618387937545,1750487663
,,2.0588440895080566,1750487663
,,1.049180269241333,1750487664
,,1.045099139213562,1750487664
,,-0.7250839471817017,1750487664
,,0.668113112449646,1750487665
,,0.6365208625793457,1750487666
,,0.7010595798492432,1750487666
,,-1.200396180152893,1750487667
,,-0.4383282661437988,1750487667
,,0.6259456872940063,1750487668
,,0.6950176954269409,1750487668
,,0.71693354845047,1750487668
,,-0.7091368436813354,1750487668
,,0.4675194919109344,1750487668
,,0.2155493050813675,1750487668
,,-0.073388934135437,1750487669
,,-1.6447126865386963,1750487669
,,-1.6208369731903076,1750487671
,,-1.161666750907898,1750487671
,,0.4147622287273407,1750487671
,,1.8987557888031008,1750487672
,,1.2787978649139404,1750487672
,,-0.8466280102729797,1750487673
,,0.3057970702648163,1750487674
,,0.1150689050555229,1750487675
,,-0.4538023769855499,1750487675
,,-1.0671149492263794,1750487675
,,0.2172421514987945,1750487676
,,1.5414314270019531,1750487676
,,0.090508259832859,1750487678
,,1.762130856513977,1750487679
,,-0.4038695096969604,1750487679
,,-1.8909146785736084,1750487680
,,0.6790460348129272,1750487680
,,-0.7293972969055176,1750487681
,,0.4646864831447601,1750487681
,,0.4152319133281708,1750487682
,,-0.9563413262367249,1750487682
,,-0.059757325798273,1750487683
,,-1.5301026105880735,1750487683
,,1.728240132331848,1750487684
,,0.713033139705658,1750487685
,,-0.3406335413455963,1750487686
,,0.5058184862136841,1750487686
,,0.4469942152500152,1750487686
,,-1.045911192893982,1750487688
,,1.0413492918014526,1750487688
,,0.1455970853567123,1750487690
,,-1.7326648235321045,1750487690
,,-0.417702704668045,1750487691
,,0.7123173475265503,1750487692
,,-1.409258246421814,1750487692
,,0.6919764280319214,1750487693
,,0.7020681500434875,1750487693
,,-0.1096472069621086,1750487694
,,0.720986008644104,1750487695
,,0.1289107352495193,1750487695
,,-1.5238021612167358,1750487696
,,0.0038583735004067,1750487696
,,0.727950930595398,1750487697
,,-0.432248443365097,1750487697
,,-0.1654811203479766,1750487697
,,-0.5974726676940918,1750487698
,,-0.4233109951019287,1750487700
,,0.0977964699268341,1750487701
,,0.0129235433414578,1750487701
,,0.0462063811719417,1750487701
,,-0.2950723171234131,1750487702
,,0.6832777261734009,1750487702
,,0.0656792446970939,1750487703
,,0.1121733486652374,1750487703
,,0.7561759948730469,1750487704
,,-0.6177142262458801,1750487704
,,-0.071241095662117,1750487704
,,0.4858503043651581,1750487704
,,0.5986281633377075,1750487705
,,0.7011713981628418,1750487706
,,0.3717272877693176,1750487706
,,0.4317831993103027,1750487707
,,-0.0707226693630218,1750487707
,,-0.3919166922569275,1750487708
,,0.0810251608490943,1750487708
,,0.6875360608100891,1750487708
,,-1.2730969190597534,1750487710
,,-1.1554298400878906,1750487710
,,-1.1713532209396362,1750487711
,,1.8833073377609253,1750487711
,,-0.4761882126331329,1750487711
,,1.302972674369812,1750487712
,,-0.4315274357795715,1750487712
,,-0.6400803923606873,1750487713
,,0.536876380443573,1750487714
,,0.0118898069486022,1750487714
,,-0.6272179484367371,1750487716
,,-2.288963878527284e-05,1750487716
,,-0.6690018773078918,1750487716
,,0.6037699580192566,1750487716
,,-0.205478623509407,1750487716
,,-0.4844552874565124,1750487717
,,-1.063177227973938,1750487717
,,0.0032664395403116,1750487718
,,-0.6771695613861084,1750487718
,,1.5144493579864502,1750487718
,,0.2339144200086593,1750487718
,,-0.8113369345664978,1750487719
