m_SL_0,timestamp0,m_SL_1,timestamp1
1.7437187433242798,1750165544.0,0.3797754049301147,1750165544
2.692258596420288,1750165544.0,1.7664403915405271,1750165544
-1.4416066408157349,1750165546.0,-0.1701266914606094,1750165545
1.803889870643616,1750165546.0,-0.4235667288303375,1750165545
-2.5290732383728027,1750165548.0,0.4604597687721252,1750165546
-1.7062711715698242,1750165550.0,1.413910984992981,1750165547
0.8712656497955322,1750165551.0,1.781589150428772,1750165547
0.1312067955732345,1750165554.0,0.7652300000190735,1750165547
-1.588034987449646,1750165554.0,-0.2090442329645156,1750165548
-1.3233708143234253,1750165554.0,0.2174641489982605,1750165550
-1.3906936645507812,1750165556.0,0.9993781447410583,1750165550
-0.864533007144928,1750165558.0,0.2321912199258804,1750165554
0.3394868969917297,1750165560.0,-1.7125836610794067,1750165554
2.534543991088867,1750165561.0,0.0568783394992351,1750165555
1.5480610132217407,1750165562.0,-0.6243476867675781,1750165555
1.7424570322036743,1750165562.0,-0.091232880949974,1750165556
-1.1171939373016355,1750165563.0,0.4374524354934692,1750165557
-0.7543653845787048,1750165563.0,0.867057204246521,1750165557
3.0364468097686768,1750165563.0,-1.0456641912460327,1750165557
-1.1104618310928345,1750165564.0,-0.4425741136074066,1750165558
-1.5985559225082395,1750165564.0,-0.6663506627082825,1750165559
1.5762524604797363,1750165564.0,-0.645283043384552,1750165559
1.494623780250549,1750165564.0,1.2421634197235107,1750165559
-0.8460192680358887,1750165565.0,-0.568731427192688,1750165560
3.1763532161712646,1750165568.0,-0.7555544972419739,1750165560
2.0609793663024902,1750165568.0,-2.092957735061645,1750165561
1.5333328247070312,1750165569.0,0.604918360710144,1750165561
-1.2846609354019165,1750165569.0,0.2448108345270156,1750165562
-0.8401286602020264,1750165569.0,-0.2921500504016876,1750165563
2.284828186035156,1750165573.0,-0.3521106243133545,1750165563
0.605413556098938,1750165574.0,-0.5544257164001465,1750165563
-1.0189448595046997,1750165574.0,-0.0223746672272682,1750165563
-6.4026312828063965,1750165575.0,-0.1422929018735885,1750165563
-1.976404309272766,1750165576.0,0.071814902126789,1750165563
-0.8081494569778442,1750165582.0,0.4897015392780304,1750165563
0.3803016543388366,1750165583.0,1.4214096069335938,1750165564
1.68607497215271,1750165585.0,-0.3552656769752502,1750165564
0.7096921801567078,1750165585.0,0.668034017086029,1750165564
1.6991153955459597,1750165586.0,0.6436280608177185,1750165564
0.5767269134521484,1750165588.0,1.1937737464904783,1750165564
-2.5612733364105225,1750165589.0,-0.5889285206794739,1750165565
1.6751350164413452,1750165591.0,-0.0581401251256465,1750165565
1.9259108304977417,1750165591.0,0.0964929088950157,1750165565
-1.6288492679595947,1750165592.0,-0.0255936793982982,1750165566
-1.569100260734558,1750165593.0,0.732830286026001,1750165566
-0.776591956615448,1750165593.0,0.7980507612228394,1750165566
-0.7068175077438354,1750165593.0,1.11761474609375,1750165566
-2.774065494537353,1750165593.0,-1.3481961488723757,1750165567
-0.8813664317131042,1750165595.0,-0.1259466260671615,1750165567
-1.7571837902069092,1750165597.0,0.3160611689090729,1750165567
-0.8468598127365112,1750165598.0,0.1753869354724884,1750165568
0.6027826070785522,1750165598.0,0.2853557765483856,1750165568
1.0168503522872925,1750165600.0,0.4981167018413543,1750165569
0.8064674735069275,1750165601.0,0.4845786392688751,1750165569
-1.3372578620910645,1750165601.0,-0.1101678684353828,1750165570
2.6855266094207764,1750165602.0,1.6570407152175903,1750165571
-1.7285712957382202,1750165603.0,-0.8098330497741699,1750165571
-0.2511253356933594,1750165605.0,0.0943885147571563,1750165573
1.4449729919433594,1750165608.0,-0.926585853099823,1750165573
-1.2240687608718872,1750165609.0,0.8047097325325012,1750165573
-1.2038723230361938,1750165609.0,-2.042464017868042,1750165573
1.004228949546814,1750165609.0,-0.4020021855831146,1750165573
1.6814457178115845,1750165610.0,-0.7862700819969177,1750165573
1.3578742742538452,1750165610.0,-0.764390766620636,1750165573
-0.680730938911438,1750165612.0,0.4278488159179687,1750165574
0.7967886924743652,1750165613.0,-0.305553138256073,1750165574
2.565259456634521,1750165619.0,2.0184810161590576,1750165574
-1.3380976915359497,1750165620.0,-0.203788161277771,1750165575
3.7856152057647705,1750165621.0,-0.5182086825370789,1750165576
-1.4500209093093872,1750165621.0,0.646648108959198,1750165576
-1.5716243982315063,1750165623.0,-0.3800277709960937,1750165576
2.787351608276367,1750165626.0,0.506637454032898,1750165576
2.598302125930786,1750165626.0,-0.2012014985084533,1750165576
-1.5463786125183103,1750165629.0,-1.1079368591308594,1750165577
2.8054444789886475,1750165630.0,-0.2666942775249481,1750165577
1.3439879417419434,1750165631.0,0.4784762859344482,1750165578
-1.522815823554993,1750165633.0,0.2644848227500915,1750165579
0.5224462747573853,1750165634.0,-0.0028715126682072,1750165579
-0.9613107442855836,1750165635.0,0.4795238971710205,1750165579
-2.0386767387390137,1750165636.0,1.6023403406143188,1750165580
2.4634337425231934,1750165637.0,0.9318554401397704,1750165581
0.9958131909370422,1750165641.0,-1.2564661502838137,1750165581
1.4054206609725952,1750165642.0,0.6453123688697815,1750165581
1.7967360019683838,1750165642.0,-0.6470682621002197,1750165585
-2.435242891311645,1750165645.0,0.6003652215003967,1750165586
0.6448933482170105,1750165645.0,0.9718310832977296,1750165586
-1.8005212545394895,1750165646.0,-0.22644804418087,1750165586
0.9432161450386048,1750165646.0,0.5216061472892761,1750165586
-2.035311698913574,1750165647.0,0.3368882238864898,1750165587
0.923440158367157,1750165647.0,-0.3644168376922607,1750165588
-1.023360013961792,1750165649.0,0.1779115945100784,1750165589
0.7887945771217346,1750165649.0,-0.444815993309021,1750165589
-1.9730384349823,1750165650.0,3.037709951400757,1750165589
-1.732779860496521,1750165651.0,0.6306593418121338,1750165589
-1.6717692613601685,1750165651.0,0.5114006400108337,1750165590
1.5598413944244385,1750165651.0,0.2016836255788803,1750165591
0.3068782985210418,1750165652.0,-1.224490761756897,1750165591
-0.4782638251781463,1750165652.0,0.4771835505962372,1750165591
-0.6819939017295837,1750165654.0,0.63360595703125,1750165592
1.947371482849121,1750165657.0,-0.3079292476177215,1750165592
-1.5522691011428833,1750165657.0,0.6991403698921204,1750165592
1.61328125,1750165659.0,0.1938381195068359,1750165592
0.684833824634552,1750165661.0,-0.3882968425750732,1750165592
-3.677478313446045,1750165661.0,-0.641946017742157,1750165593
-2.346038818359375,1750165663.0,-0.1711801290512085,1750165594
-1.9966009855270384,1750165664.0,-1.6031827926635742,1750165594
2.246737241744995,1750165665.0,-1.2156530618667605,1750165594
1.1563268899917605,1750165669.0,-0.536332905292511,1750165594
1.5400683879852295,1750165671.0,-0.7938440442085266,1750165594
-2.2301294803619385,1750165671.0,0.3552650809288025,1750165594
-1.1180366277694702,1750165672.0,-0.0649355351924896,1750165595
-0.686620831489563,1750165674.0,0.1132613196969032,1750165596
0.729245662689209,1750165675.0,0.4316347241401672,1750165598
0.659618079662323,1750165676.0,0.6928590536117554,1750165599
-2.364973783493042,1750165680.0,-1.6128604412078855,1750165600
-2.150949716567993,1750165685.0,-0.022374078631401,1750165600
-2.969125509262085,1750165685.0,-0.343273788690567,1750165601
-0.8990378379821777,1750165686.0,1.4904179573059082,1750165602
1.734042763710022,1750165688.0,0.9390089511871338,1750165603
2.306908130645752,1750165690.0,-0.2724785208702087,1750165603
1.2139708995819092,1750165692.0,0.1816987246274948,1750165604
1.7121615409851074,1750165695.0,-0.1252429634332656,1750165604
1.661741852760315,1750165697.0,0.8455977439880371,1750165605
2.754952907562256,1750165697.0,0.5007466077804565,1750165606
0.3592623174190521,1750165698.0,-0.1838003247976303,1750165607
-0.7193671464920044,1750165699.0,0.3003862798213959,1750165607
1.871633052825928,1750165700.0,0.7563957571983337,1750165607
1.5463787317276,1750165701.0,-0.7921605706214905,1750165608
-2.60312819480896,1750165702.0,0.0964942276477813,1750165608
-1.6461007595062256,1750165703.0,0.3091911673545837,1750165609
-0.5068781971931458,1750165705.0,-0.5634718537330627,1750165609
-1.565733790397644,1750165709.0,0.4841625392436981,1750165609
0.769858717918396,1750165710.0,-0.0028715494554489,1750165609
-1.836288928985596,1750165711.0,0.7664923667907715,1750165609
-1.5690988302230835,1750165711.0,-0.6985394358634949,1750165610
0.1669704467058181,1750165713.0,0.6989616751670837,1750165610
0.5923702120780945,1750165715.0,-1.834184169769287,1750165610
-2.532439947128296,1750165718.0,-0.5939782857894897,1750165611
1.2295379638671875,1750165718.0,-0.350003719329834,1750165611
1.4567546844482422,1750165720.0,-1.012001633644104,1750165611
-1.4588587284088137,1750165721.0,0.7353562116622925,1750165612
1.7188937664031982,1750165723.0,-0.4189493954181671,1750165612
-1.2981250286102295,1750165723.0,-0.545063853263855,1750165613
1.181149959564209,1750165723.0,-0.1806482076644897,1750165613
-1.476951003074646,1750165724.0,-0.4505075216293335,1750165613
-1.9326437711715696,1750165730.0,3.219482898712158,1750165613
-2.733987808227539,1750165731.0,0.6894936561584473,1750165614
-2.1611227989196777,1750165731.0,-0.6516957879066467,1750165614
0.6373924612998962,1750165733.0,-0.4857355058193207,1750165614
1.1954562664031982,1750165734.0,-0.3352794647216797,1750165615
-1.85564386844635,1750165735.0,1.811040997505188,1750165617
1.6322156190872192,1750165735.0,-0.271111398935318,1750165618
2.9055895805358887,1750165736.0,0.3716131150722503,1750165618
0.714184045791626,1750165737.0,0.1549171954393386,1750165618
-1.2358521223068235,1750165738.0,0.5102450847625732,1750165619
0.35316202044487,1750165740.0,-1.5446958541870115,1750165619
-1.251839280128479,1750165741.0,1.8733161687850952,1750165619
1.5985535383224487,1750165743.0,-0.4941177070140838,1750165619
0.7681767344474792,1750165745.0,0.9897037744522096,1750165619
2.4200940132141118,1750165745.0,0.5635465383529663,1750165620
1.6620911359786987,1750165747.0,0.666350781917572,1750165620
-2.5513007640838623,1750165750.0,0.4929938316345215,1750165621
2.7773282527923584,1750165752.0,0.4913108348846435,1750165621
-2.0290017127990723,1750165754.0,0.6730831861495972,1750165621
-1.8682667016983032,1750165754.0,0.220135897397995,1750165621
2.680970430374145,1750165755.0,0.495171457529068,1750165623
-1.7428793907165527,1750165756.0,0.5219960808753967,1750165624
-0.5161343812942505,1750165757.0,-2.162384033203125,1750165624
2.037417411804199,1750165758.0,0.8801013827323914,1750165625
-1.1108832359313965,1750165758.0,-0.67315673828125,1750165627
-1.457175612449646,1750165759.0,1.3107486963272097,1750165627
-2.290076494216919,1750165759.0,-0.2469176352024078,1750165628
3.838212013244629,1750165760.0,-0.3179535269737243,1750165628
0.3508488237857818,1750165762.0,0.0975445955991745,1750165629
-0.7312245965003967,1750165762.0,0.6108087301254272,1750165629
-1.3078025579452517,1750165763.0,-1.4470783472061155,1750165629
-1.5409084558486938,1750165764.0,-0.8169860243797302,1750165630
-0.916709303855896,1750165766.0,-0.6807315349578857,1750165630
-1.3439881801605225,1750165772.0,1.1958776712417605,1750165634
1.970512866973877,1750165772.0,0.5254982709884644,1750165635
-0.7399849891662598,1750165772.0,0.5645986199378967,1750165635
2.6822333335876465,1750165774.0,0.7425137758255005,1750165635
-0.639000654220581,1750165783.0,-0.7109527587890625,1750165636
1.9002455472946167,1750165784.0,0.6460492014884949,1750165636
-1.5223945379257202,1750165785.0,-0.4551247656345367,1750165636
-0.7862695455551147,1750165785.0,-0.5699940919876099,1750165637
1.2219648361206057,1750165788.0,0.759341299533844,1750165637
1.724785327911377,1750165789.0,-0.507299542427063,1750165637
1.126450777053833,1750165789.0,-1.7386702299118042,1750165637
0.2213988900184631,1750165790.0,-0.577778160572052,1750165637
-1.714686393737793,1750165792.0,-0.583953857421875,1750165637
0.5439066290855408,1750165792.0,0.2619910538196563,1750165638
-3.341357707977295,1750165792.0,0.4425764679908752,1750165638
1.3591357469558716,1750165793.0,-0.5405426025390625,1750165639
1.2905519008636477,1750165794.0,0.3112217783927917,1750165639
-2.473111629486084,1750165803.0,0.5312857627868652,1750165640
1.436557650566101,1750165805.0,-0.9225994348526,1750165640
0.1787520051002502,1750165809.0,-1.0633357763290403,1750165641
-1.4277212619781494,1750165810.0,-0.417329341173172,1750165642
1.5640487670898438,1750165811.0,-0.1416520476341247,1750165642
2.088329076766968,1750165812.0,0.7803808450698853,1750165645
-2.090853691101074,1750165813.0,-0.0285383258014917,1750165646
-2.2484207153320312,1750165814.0,-0.490964412689209,1750165646
0.6028146743774414,1750165818.0,0.0460002571344375,1750165646
0.4038645327091217,1750165818.0,0.0848477408289909,1750165648
1.869530200958252,1750165819.0,-0.8998777270317078,1750165649
-0.4501494467258453,1750165819.0,0.7606024742126465,1750165649
-1.4374008178710938,1750165819.0,0.3936920166015625,1750165650
-0.1927859932184219,1750165821.0,-0.1307238042354583,1750165651
0.5102468729019165,1750165822.0,0.4526719152927398,1750165651
-0.501409649848938,1750165823.0,-0.6476176381111145,1750165652
-1.541330099105835,1750165823.0,0.5548166036605835,1750165652
1.9734596014022827,1750165824.0,0.5809344053268433,1750165653
2.090433120727539,1750165827.0,-0.1854858249425888,1750165653
-1.2568893432617188,1750165827.0,0.0396892838180065,1750165653
1.6288491487503052,1750165829.0,-0.5557937622070312,1750165653
0.9810861349105836,1750165829.0,0.3958699107170105,1750165654
-1.3540868759155271,1750165830.0,2.4659581184387207,1750165654
1.6128599643707275,1750165831.0,0.8009970188140869,1750165655
0.3184491395950317,1750165831.0,0.2658522725105285,1750165655
-0.8519099950790405,1750165832.0,-0.3020394742488861,1750165655
2.5450644493103027,1750165832.0,-0.890200674533844,1750165655
2.10062575340271,1750165833.0,-0.8792612552642822,1750165656
1.747084379196167,1750165836.0,-0.106306217610836,1750165656
2.3346784114837646,1750165838.0,0.6528859734535217,1750165657
1.4037387371063232,1750165839.0,-1.592663049697876,1750165657
-0.6534857749938965,1750165841.0,1.3338910341262815,1750165657
0.6604288220405579,1750165842.0,-0.6141762137413025,1750165658
0.6125661730766296,1750165842.0,-0.4437640011310577,1750165659
-1.1929333209991455,1750165843.0,-0.0465668886899948,1750165660
0.7728042602539062,1750165843.0,0.9732900261878968,1750165660
1.736566185951233,1750165844.0,-2.1102118492126465,1750165660
1.3974268436431885,1750165846.0,-1.1491727828979492,1750165660
-1.819383978843689,1750165847.0,0.3011222183704376,1750165661
0.8354999423027039,1750165848.0,-0.516557514667511,1750165661
1.603602409362793,1750165849.0,-0.4515568315982818,1750165661
-0.2247641831636428,1750165850.0,0.1389277577400207,1750165662
-2.712034225463867,1750165852.0,-0.9753928184509276,1750165662
-0.4913109838962555,1750165853.0,0.549558162689209,1750165662
0.3633956909179687,1750165854.0,0.5168732404708862,1750165663
-1.554790735244751,1750165855.0,0.1193190291523933,1750165663
-0.9125025272369384,1750165855.0,0.5002511739730835,1750165663
-0.4392092525959015,1750165856.0,-2.1859469413757324,1750165663
-0.4257446229457855,1750165858.0,-0.6643195152282715,1750165664
0.2326114028692245,1750165858.0,-0.7126350402832031,1750165665
1.6478887796401978,1750165858.0,1.692805290222168,1750165665
-0.337383508682251,1750165859.0,-1.339361310005188,1750165666
2.0950615406036377,1750165861.0,0.6108090877532959,1750165666
-1.3768093585968018,1750165862.0,-0.2290338277816772,1750165667
2.4041049480438232,1750165866.0,0.292719304561615,1750165667
1.8813085556030276,1750165867.0,0.2932023108005523,1750165667
-0.7425102591514587,1750165867.0,-0.9129207134246826,1750165669
1.8728954792022705,1750165867.0,-0.0407415516674518,1750165670
-1.101204752922058,1750165871.0,-0.7127086520195007,1750165670
-0.9259654879570008,1750165872.0,2.497316837310791,1750165671
2.560431718826294,1750165872.0,-0.2729317545890808,1750165671
-1.0725921392440796,1750165874.0,0.6803099513053894,1750165671
-0.3836674988269806,1750165874.0,-0.937525510787964,1750165672
1.2657270431518557,1750165876.0,-0.0091834431514143,1750165672
-2.162806510925293,1750165878.0,-1.509350299835205,1750165672
-1.8362884521484373,1750165880.0,0.1869580149650573,1750165673
1.5110325813293457,1750165881.0,0.726096510887146,1750165674
-0.4257445633411407,1750165883.0,0.5178184509277344,1750165674
1.91539204120636,1750165886.0,0.4946781992912292,1750165674
1.6919636726379397,1750165887.0,0.6230114698410034,1750165675
-2.178162813186645,1750165889.0,-1.5409088134765625,1750165676
1.4697983264923096,1750165889.0,1.9494752883911133,1750165676
2.5749382972717285,1750165890.0,-0.3232251703739166,1750165676
1.3052772283554075,1750165891.0,-0.0319049209356308,1750165677
0.9255444407463074,1750165892.0,0.3683410584926605,1750165678
1.2947583198547363,1750165893.0,-0.095168188214302,1750165678
0.6807303428649902,1750165895.0,-1.8640599250793457,1750165678
1.5977122783660889,1750165896.0,0.5693329572677612,1750165678
1.4912577867507937,1750165899.0,-2.3834896087646484,1750165678
1.3258942365646362,1750165899.0,0.5616548657417297,1750165679
-0.6232959628105164,1750165899.0,0.3689387142658233,1750165679
1.389011025428772,1750165905.0,0.1722306460142135,1750165679
2.640398979187012,1750165905.0,0.4778459966182709,1750165679
0.968464732170105,1750165906.0,0.3305751979351043,1750165679
0.5801678895950317,1750165908.0,0.0665555372834205,1750165679
-1.6061275005340576,1750165908.0,0.5948944091796875,1750165679
2.546326160430908,1750165910.0,-0.3074340522289276,1750165679
-1.1259559392929075,1750165912.0,-0.141230970621109,1750165681
2.827746152877808,1750165912.0,-0.303238183259964,1750165682
-0.604076623916626,1750165916.0,0.4837358593940735,1750165682
1.6473628282546997,1750165917.0,0.2742661535739898,1750165682
2.034050226211548,1750165918.0,-0.8822062015533447,1750165683
-0.6398411989212036,1750165918.0,0.4261985123157501,1750165684
-1.42435622215271,1750165919.0,-0.6437031626701355,1750165685
-0.6924386620521545,1750165920.0,1.8649007081985476,1750165685
0.3664169013500213,1750165920.0,-0.5628397464752197,1750165685
1.9486353397369385,1750165920.0,0.563336968421936,1750165685
-0.6688754558563232,1750165923.0,0.2248265147209167,1750165686
-0.8725280165672302,1750165924.0,0.355055570602417,1750165687
0.6293962597846985,1750165924.0,-0.0234903041273355,1750165687
-1.5459579229354858,1750165926.0,-0.8830470442771912,1750165687
2.468061685562134,1750165926.0,2.023531913757324,1750165687
-1.3864845037460327,1750165926.0,-0.4833901822566986,1750165688
1.8325012922286987,1750165926.0,0.3116542994976043,1750165688
-1.9376938343048096,1750165928.0,0.5439082980155945,1750165689
1.6684012413024902,1750165931.0,0.0382173918187618,1750165689
-0.7488218545913696,1750165933.0,0.4642439484596252,1750165689
-1.6545145511627195,1750165933.0,0.5009571313858032,1750165689
2.011327743530273,1750165934.0,1.930539608001709,1750165690
1.769806981086731,1750165935.0,0.339487075805664,1750165690
2.5088775157928467,1750165939.0,-1.786217212677002,1750165690
-2.1337718963623047,1750165944.0,0.4841578602790832,1750165691
-0.6150174736976624,1750165945.0,-0.1175313293933868,1750165691
-1.3835413455963137,1750165947.0,-0.5992061495780945,1750165691
2.1459741592407227,1750165953.0,-0.1685920059680938,1750165693
1.3553495407104492,1750165955.0,0.3342267572879791,1750165693
2.3338372707366943,1750165955.0,0.7778536677360535,1750165693
-1.7264679670333862,1750165955.0,0.2858390808105469,1750165693
1.5989731550216677,1750165956.0,0.434086263179779,1750165694
0.3550554811954498,1750165956.0,-0.9181700348854064,1750165694
2.843735456466675,1750165959.0,0.1143763586878776,1750165694
0.2351661026477813,1750165960.0,-1.4786345958709717,1750165695
-1.445393204689026,1750165960.0,0.7934235334396362,1750165695
0.9095553755760192,1750165961.0,1.5602633953094482,1750165695
0.7417737245559692,1750165961.0,0.5730139017105103,1750165695
-2.4710068702697754,1750165961.0,2.149341106414795,1750165696
0.7340945601463318,1750165964.0,0.7896360158920288,1750165697
-1.6305301189422607,1750165965.0,0.5162094831466675,1750165697
1.6019198894500732,1750165967.0,0.132258340716362,1750165697
1.560261607170105,1750165967.0,-0.2309276759624481,1750165698
2.375913619995117,1750165967.0,-0.563681960105896,1750165698
2.6384735107421875,1750165968.0,-2.0369961261749268,1750165698
-0.4328979849815368,1750165968.0,-0.5195023417472839,1750165699
-0.6785553693771362,1750165969.0,-1.1104618310928345,1750165699
2.779010772705078,1750165970.0,0.6015521883964539,1750165700
2.5469677448272705,1750165970.0,-2.9363043308258057,1750165700
-1.342724084854126,1750165972.0,-0.6057592034339905,1750165701
-1.3128514289855957,1750165972.0,-0.5290738344192505,1750165701
-1.4575961828231812,1750185526.0,2.633225202560425,1750165701
1.8901466131210327,1750185527.0,-0.4400505423545837,1750165702
1.6031819581985474,1750185528.0,0.3321234583854675,1750165702
-2.035731315612793,1750185529.0,1.6423132419586182,1750165704
-0.7307285666465759,1750185533.0,-0.169643685221672,1750165704
-2.3052244186401367,1750185534.0,1.5791983604431152,1750165705
2.4768974781036377,1750185534.0,0.1862558126449585,1750165705
1.400792360305786,1750185535.0,0.268524169921875,1750165706
-0.6276403069496155,1750185538.0,0.2083564102649688,1750165707
-0.7290472984313965,1750185539.0,-2.729464530944824,1750165707
-1.4420270919799805,1750185540.0,2.6068437099456787,1750165707
-0.6949621438980103,1750185542.0,-0.1017520576715469,1750165707
-0.9354212284088136,1750185542.0,0.0276336651295423,1750165708
-1.8514368534088133,1750185545.0,-0.7340947389602661,1750165710
1.4765310287475586,1750185549.0,-0.2490234225988388,1750165711
-0.9259656667709352,1750185549.0,0.542613685131073,1750165711
0.8939867615699768,1750185549.0,-0.0744006782770156,1750165711
-1.902769923210144,1750185549.0,0.0507777296006679,1750165711
-0.8140410780906677,1750185550.0,0.4807910621166229,1750165712
-0.4399774670600891,1750185551.0,0.6212228536605835,1750165713
0.6840230226516724,1750185552.0,-0.1532962471246719,1750165713
3.778462171554565,1750185553.0,0.4432055950164795,1750165713
0.2822623550891876,1750185553.0,0.7097625136375427,1750165713
2.5768423080444336,1750185555.0,0.2771400809288025,1750165713
1.2274339199066162,1750185555.0,0.5742017030715942,1750165713
1.2463700771331787,1750185556.0,2.571150779724121,1750165713
3.4486539363861084,1750185559.0,0.3705608546733856,1750165713
-1.3242127895355225,1750185560.0,0.6238532066345215,1750165714
2.4895215034484863,1750185560.0,-1.3099061250686646,1750165715
-1.680676817893982,1750185561.0,-2.055088758468628,1750165716
2.3851706981658936,1750185563.0,-0.5018316507339478,1750165717
0.936484694480896,1750185564.0,0.6032354831695557,1750165718
2.600184440612793,1750185564.0,-0.4036524593830108,1750165719
-0.7429304718971252,1750185564.0,-0.2527453899383545,1750165720
0.4904684722423553,1750185565.0,-0.7736464142799377,1750165720
1.9473706483840945,1750185565.0,1.006953239440918,1750165720
0.4828620254993438,1750185569.0,0.6440500020980835,1750165720
1.6057060956954956,1750185569.0,-0.6680341362953186,1750165721
2.886726856231689,1750185572.0,-0.7660735249519348,1750165721
-1.8577481508255005,1750185573.0,-0.101268470287323,1750165721
1.900243878364563,1750185577.0,0.5035881400108337,1750165721
0.596504807472229,1750185580.0,1.2842395305633545,1750165721
-0.2933075129985809,1750185581.0,1.2724591493606567,1750165722
0.599418044090271,1750185582.0,-0.2933085262775421,1750165722
1.7235223054885864,1750185584.0,0.0718788504600524,1750165722
1.3414638042449951,1750185584.0,-2.11273193359375,1750165722
2.3973727226257324,1750185586.0,0.0413091033697128,1750165723
1.2131288051605225,1750185587.0,0.8178276419639587,1750165723
1.9633620977401731,1750185588.0,-0.3812807500362396,1750165724
0.8590626120567322,1750185588.0,0.4610149562358856,1750165724
-0.615093469619751,1750185590.0,0.5019343495368958,1750165725
-1.5089292526245115,1750185591.0,-0.6322371363639832,1750165725
-0.920918345451355,1750185595.0,0.4925841987133026,1750165725
-1.6052861213684082,1750185595.0,0.1233585029840469,1750165725
0.3823301196098327,1750185596.0,-0.4770056009292602,1750165726
-1.4087870121002195,1750185596.0,0.6659300327301025,1750165726
-0.6314268708229065,1750185597.0,-0.0207548886537551,1750165727
-1.858588933944702,1750185598.0,-1.9334862232208248,1750165727
-0.6238215565681458,1750185599.0,0.4183813035488128,1750165728
2.2283716201782227,1750185599.0,0.6103891134262085,1750165728
2.8967530727386475,1750185600.0,-0.91881263256073,1750165728
-1.5947667360305786,1750185603.0,-1.169370174407959,1750165728
0.440474271774292,1750185605.0,0.228507399559021,1750165730
-1.7786418199539185,1750185605.0,3.706193685531616,1750165730
0.5876312255859375,1750185612.0,0.8211938142776489,1750165732
-0.473219633102417,1750185612.0,-0.2424275279045105,1750165733
-1.954524636268616,1750185613.0,0.735851526260376,1750165733
-2.789530038833618,1750185616.0,-0.695878803730011,1750165734
0.7942639589309692,1750185617.0,0.2143384367227554,1750165736
-1.5846692323684692,1750185617.0,1.9313805103302,1750165736
2.5278120040893555,1750185618.0,-0.5273613333702087,1750165736
2.4794230461120605,1750185619.0,-0.6939110159873962,1750165736
2.7515869140625,1750185620.0,-0.5264446139335632,1750165736
0.7374584078788757,1750185621.0,-0.9263868927955629,1750165737
-1.9015079736709597,1750185622.0,2.2667341232299805,1750165737
1.382277250289917,1750185624.0,0.3525296449661255,1750165737
1.5834074020385742,1750185625.0,1.7702274322509766,1750165737
-1.3902722597122192,1750185625.0,-0.9297520518302916,1750165738
0.8258220553398132,1750185626.0,0.6912498474121094,1750165739
0.6852853894233704,1750185626.0,-0.2270683944225311,1750165740
0.9562612771987916,1750185627.0,0.4410406053066253,1750165740
0.5102454423904419,1750185628.0,-0.322684645652771,1750165740
-1.9591538906097408,1750185628.0,-0.83128821849823,1750165741
0.6103885173797607,1750185631.0,0.4233254492282867,1750165741
-1.95284116268158,1750185632.0,-0.5523205995559692,1750165741
1.959154486656189,1750185632.0,0.6156474947929382,1750165743
0.6145964860916138,1750185634.0,-0.3701280355453491,1750165743
-0.4921510815620422,1750185635.0,-0.7799594402313232,1750165743
-0.3230767846107483,1750185636.0,0.1957318186759948,1750165743
0.9713962078094482,1750185637.0,-0.4588822424411773,1750165743
-1.7824299335479736,1750185638.0,-0.6681075096130371,1750165743
1.652833104133606,1750185638.0,-0.9606674909591676,1750165744
-1.9347468614578247,1750185640.0,1.184939980506897,1750165744
1.4487606287002563,1750185640.0,0.5863717794418335,1750165744
1.1079376935958862,1750185641.0,-1.831659913063049,1750165745
1.1079365015029907,1750185645.0,0.071246214210987,1750165745
-0.1462807357311248,1750185646.0,-0.6878092885017395,1750165745
3.24247670173645,1750185647.0,0.4682423174381256,1750165745
-0.3805107474327087,1750185647.0,1.212708592414856,1750165746
-0.4464674592018127,1750185649.0,-0.5502187013626099,1750165747
1.997023344039917,1750185651.0,-0.0943891033530235,1750165747
-1.832082271575928,1750185652.0,-1.2451077699661257,1750165748
1.8640592098236084,1750185652.0,2.723784685134888,1750165748
-1.1609537601470947,1750185652.0,0.518452525138855,1750165749
-1.7731739282608032,1750185653.0,-0.3875597417354584,1750165749
2.322476387023926,1750185654.0,-0.5367549061775208,1750165750
-1.923807978630066,1750185654.0,-0.8565382957458496,1750165751
0.5636813640594482,1750185654.0,-0.0417926460504531,1750165751
-0.015494710765779,1750185657.0,0.3316403925418854,1750165751
1.7874796390533447,1750185658.0,-0.0854897126555442,1750165752
1.3658676147460938,1750185658.0,0.4200949966907501,1750165752
-0.73241126537323,1750185660.0,-0.5918740034103394,1750165753
2.846531629562378,1750185661.0,0.247065469622612,1750165753
0.1995192319154739,1750185662.0,1.9877654314041135,1750165754
2.5898008346557617,1750185662.0,0.2206197828054428,1750165754
2.75958251953125,1750185664.0,-0.3238454759120941,1750165754
-1.934325575828552,1750185665.0,0.2769393920898437,1750165756
2.003755569458008,1750185666.0,-0.8965119123458862,1750165757
-0.3301567435264587,1750185666.0,-0.5729381442070007,1750165757
1.6755545139312744,1750185669.0,0.2556785941123962,1750165757
1.967989206314087,1750185669.0,0.1343624293804168,1750165757
0.4820638597011566,1750185669.0,-0.719990611076355,1750165757
-0.7181056141853333,1750185670.0,-0.1685920059680938,1750165757
-1.8926713466644287,1750185671.0,-0.5089828372001648,1750165758
-1.7933695316314695,1750185675.0,-0.7008535861968994,1750165758
0.9129221439361572,1750185677.0,-0.1181000918149948,1750165759
-0.9457408785820008,1750185678.0,0.0328935459256172,1750165759
-1.074275016784668,1750185678.0,-0.8548554182052612,1750165760
0.7000122666358948,1750185678.0,-0.4637500941753387,1750165760
-1.5749921798706057,1750185678.0,-0.4289000332355499,1750165760
-1.4041584730148315,1750185679.0,-0.5407509207725525,1750165761
0.9305938482284546,1750185680.0,0.0934847369790077,1750165763
-1.3094854354858398,1750185680.0,-0.5237086415290833,1750165763
1.9275946617126465,1750185683.0,-0.4914908707141876,1750165764
-2.3864333629608154,1750185683.0,-0.3426426947116852,1750165764
-2.0037548542022705,1750185685.0,-0.4050228297710418,1750165766
1.3927981853485107,1750185687.0,-0.0197020303457975,1750165766
-1.7554984092712402,1750185687.0,2.7629451751708984,1750165767
1.918338418006897,1750185687.0,-0.529990553855896,1750165767
1.9242291450500488,1750185688.0,0.430299311876297,1750165767
-1.598133563995361,1750185688.0,0.3899811804294586,1750165769
0.7925819754600525,1750185689.0,1.788320779800415,1750165769
1.902769684791565,1750185690.0,0.548714280128479,1750165769
-0.644545316696167,1750185690.0,-0.0800203382968902,1750165769
-0.5999431014060974,1750185691.0,0.4290368854999542,1750165770
-1.009699821472168,1750185691.0,0.1022468209266662,1750165771
2.4129414558410645,1750185696.0,1.5000944137573242,1750165771
1.397846817970276,1750185697.0,0.221671462059021,1750165771
-1.7104790210723877,1750185697.0,-0.2243441045284271,1750165771
-0.764388382434845,1750185698.0,-1.85269832611084,1750165773
1.5062682628631592,1750185699.0,-0.521784245967865,1750165773
-1.6772373914718628,1750185700.0,-0.7181050181388855,1750165774
1.4491806030273438,1750185702.0,0.88472980260849,1750165774
-1.073013424873352,1750185704.0,-0.361367404460907,1750165774
-2.274232149124145,1750185704.0,-0.6495190858840942,1750165775
-1.5867724418640137,1750185704.0,-0.4867541790008545,1750165775
0.3302294909954071,1750185704.0,-0.3242642283439636,1750165776
2.217294692993164,1750185706.0,-0.5898445248603821,1750165776
0.6758182048797607,1750185706.0,-0.5062487721443176,1750165777
1.921284556388855,1750185708.0,0.6600397229194641,1750165777
1.8308184146881104,1750185712.0,-1.6254823207855225,1750165778
2.595775842666626,1750185714.0,-2.524864912033081,1750165778
0.7494840621948242,1750185715.0,-0.7559749484062195,1750165778
3.501251697540283,1750185715.0,-1.9557865858078003,1750165779
0.7681776285171509,1750185718.0,-0.6549904942512512,1750165779
-2.4806857109069824,1750185718.0,-0.1968468576669693,1750165780
-0.9709872603416444,1750185720.0,-2.5774621963500977,1750165780
-0.3920100033283233,1750185720.0,-0.5614729523658752,1750165781
-0.3727299273014068,1750185721.0,0.7371139526367188,1750165782
2.441974639892578,1750185723.0,0.7067446708679199,1750165782
-1.3700766563415527,1750185723.0,-0.5974197387695312,1750165784
1.957889199256897,1750185723.0,0.2409532964229583,1750165784
0.7218922972679138,1750185724.0,1.5270233154296875,1750165785
-1.7079548835754397,1750185725.0,-0.66424560546875,1750165786
-0.4215369522571563,1750185725.0,-0.0865416824817657,1750165786
-0.4826849699020386,1750185727.0,0.0402573607861995,1750165786
2.552457809448242,1750185728.0,0.6230128407478333,1750165786
-0.7883731722831726,1750185728.0,-1.6292706727981567,1750165787
-0.9705663323402404,1750185732.0,2.8449981212615967,1750165787
-3.224457025527954,1750185732.0,0.2511220872402191,1750165787
0.4719552397727966,1750185733.0,2.119885206222534,1750165788
-1.574149489402771,1750185734.0,0.3295370042324066,1750165789
-0.7946851253509521,1750185736.0,0.3794625997543335,1750165790
2.5942931175231934,1750185736.0,0.6297442317008972,1750165791
-0.950370728969574,1750185736.0,0.1412412226200103,1750165791
-1.3751243352890017,1750185741.0,0.0465686507523059,1750165793
-0.8670566082000732,1750185744.0,0.7462973594665527,1750165793
-1.5522700548171997,1750185745.0,-0.9175497889518738,1750165793
1.5606852769851685,1750185747.0,-0.6016252636909485,1750165793
-1.4937825202941897,1750185748.0,-0.4366091191768646,1750165795
-1.3225319385528564,1750185748.0,0.1349281817674636,1750165796
-0.6377375721931458,1750185749.0,-1.1501613855361938,1750165796
0.806465744972229,1750185750.0,0.0607299767434597,1750165796
1.0957335233688354,1750185751.0,-0.4557670950889587,1750165798
-0.6894930005073547,1750185752.0,-1.0178921222686768,1750165798
-0.9066103100776672,1750185754.0,0.554951012134552,1750165799
-1.6212749481201172,1750185754.0,-0.3882234692573547,1750165799
1.9124497175216677,1750185756.0,-0.494676411151886,1750165800
1.5888742208480835,1750185756.0,0.0097509529441595,1750165800
2.90229606628418,1750185757.0,-0.1522445678710937,1750165800
1.6864917278289795,1750185758.0,0.1711807250976562,1750165801
3.568572759628296,1750185759.0,-1.059969186782837,1750165802
-0.8952507376670837,1750185763.0,1.3233706951141355,1750165803
1.2173361778259275,1750185763.0,-0.4029482007026672,1750165804
-1.3473539352416992,1750185765.0,-0.0886447578668594,1750165804
-2.6325836181640625,1750185765.0,-0.672631025314331,1750165804
1.6073895692825315,1750185768.0,0.826663613319397,1750165805
-1.5417498350143433,1750185768.0,-0.2269304692745208,1750165805
1.9073985815048216,1750185770.0,-0.3625244498252868,1750165805
2.3359410762786865,1750185771.0,0.3023863434791565,1750165805
1.1525391340255735,1750185771.0,-0.6836758852005005,1750165805
-0.3735691606998443,1750185772.0,-0.2495903521776199,1750165806
1.9086607694625852,1750185775.0,0.5989960432052612,1750165806
1.2211244106292725,1750185775.0,-0.8998779654502869,1750165806
-0.7938443422317505,1750185775.0,0.6537275314331055,1750165807
-1.993658185005188,1750185777.0,-0.1738510131835937,1750165807
1.7618107795715332,1750185777.0,0.2293190211057663,1750165808
-0.7021161317825317,1750185778.0,-0.0133913392201066,1750165808
0.706745982170105,1750185779.0,0.1010583937168121,1750165808
-1.5922422409057615,1750185780.0,-0.16192227602005,1750165809
-0.6209079623222351,1750185782.0,0.9263868927955629,1750165809
1.4824203252792358,1750185786.0,-0.3870643973350525,1750165809
-2.0546674728393555,1750185787.0,0.6647432446479797,1750165809
1.556475043296814,1750185792.0,-0.0249619111418724,1750165809
-0.556318998336792,1750185793.0,-0.3542134165763855,1750165809
-2.121150016784668,1750185793.0,0.6878100633621216,1750165810
1.3822754621505735,1750185794.0,-0.2674736380577087,1750165810
-3.291285991668701,1750185794.0,2.026896953582764,1750165810
-1.6246414184570312,1750185796.0,-0.7450346946716309,1750165810
0.7197883129119873,1750185797.0,-0.31932133436203,1750165811
-1.561524510383606,1750185797.0,0.2174641489982605,1750165811
1.6667180061340332,1750185798.0,0.2906147837638855,1750165811
1.3263158798217771,1750185801.0,0.3363306820392608,1750165811
-0.7636213898658752,1750185801.0,0.7417449951171875,1750165811
0.1664889305830001,1750185802.0,1.6187515258789062,1750165813
-0.5742025971412659,1750185802.0,-0.580935537815094,1750165813
-0.8809430003166199,1750185803.0,1.3179006576538086,1750165814
2.6027088165283203,1750185803.0,0.8014174103736877,1750165814
0.9800231456756592,1750185804.0,-0.4152256846427917,1750165814
0.3375933468341827,1750185804.0,-0.884308397769928,1750165815
0.8973531723022461,1750185805.0,-1.693648099899292,1750165815
-1.658302903175354,1750185806.0,0.0154941258952021,1750165815
0.749737024307251,1750185807.0,2.580629110336304,1750165815
1.2493139505386353,1750185810.0,-0.2515458166599273,1750165816
1.5964518785476685,1750185810.0,-0.2479647099971771,1750165818
0.7799588441848755,1750185812.0,-1.18578040599823,1750165818
-1.7016431093215942,1750185813.0,1.8362878561019895,1750165818
2.267354965209961,1750185814.0,1.3696550130844116,1750165819
0.6327643394470215,1750185814.0,0.1049080714583396,1750165819
2.321213722229004,1750185815.0,0.0686598494648933,1750165819
2.4617512226104736,1750185815.0,0.4204849600791931,1750165819
-1.9789292812347408,1750185815.0,0.6840233206748962,1750165820
1.4340332746505735,1750185816.0,-0.3478276133537292,1750165820
-2.537710666656494,1750185817.0,-0.5114763379096985,1750165821
2.9628124237060547,1750185817.0,0.3120633363723755,1750165821
-1.5425925254821775,1750185818.0,0.1030892431735992,1750165822
-1.6006577014923096,1750185818.0,-0.2443928718566894,1750165822
0.6277142763137817,1750185819.0,-0.5691539645195007,1750165823
2.3363606929779053,1750185819.0,2.031944274902344,1750165823
0.3672577738761902,1750185821.0,0.2511256337165832,1750165824
1.9170771837234497,1750185822.0,-0.0722949653863906,1750165824
-0.9583644270896912,1750185822.0,-0.9036650657653807,1750165825
1.5724661350250244,1750185823.0,-0.8493852019309998,1750165825
-0.8266612887382507,1750185824.0,0.6179603934288025,1750165826
-2.069394588470459,1750185828.0,1.656619668006897,1750165827
-2.08917236328125,1750185829.0,0.2868910431861877,1750165827
3.5816164016723637,1750185832.0,-0.7559749484062195,1750165828
1.6372644901275637,1750185834.0,1.901086926460266,1750165828
0.8897791504859924,1750185835.0,0.5352495312690735,1750165829
-0.3781969845294952,1750185836.0,2.214139938354492,1750165829
-2.0555078983306885,1750185837.0,0.6242722272872925,1750165829
1.3524038791656494,1750185838.0,0.4720291495323181,1750165829
0.5645235180854797,1750185839.0,-0.0727195441722869,1750165830
2.0580337047576904,1750185841.0,0.4044958055019378,1750165830
2.6493406295776367,1750185843.0,0.0718785673379898,1750165831
0.6567453145980835,1750185844.0,-0.2751089036464691,1750165831
0.7189483046531677,1750185846.0,0.5026702880859375,1750165832
3.570676803588867,1750185848.0,-0.5620737075805664,1750165832
-1.6700830459594729,1750185848.0,-0.3352795839309692,1750165832
1.0012831687927246,1750185850.0,2.1047396659851074,1750165833
1.232063889503479,1750185850.0,0.5057956576347351,1750165833
0.9087131023406982,1750185850.0,-0.5258859395980835,1750165833
-0.3160290122032165,1750185851.0,0.2033022344112396,1750165834
2.6229054927825928,1750185851.0,0.0328956022858619,1750165834
2.107684373855591,1750185851.0,-0.1669716387987136,1750165834
0.3411706686019897,1750185852.0,-1.4988315105438232,1750165835
-0.812356173992157,1750185853.0,0.4396303594112396,1750165835
-0.6230867505073547,1750185854.0,-0.2374496310949325,1750165835
-2.2644100189208984,1750185855.0,-0.1911662071943283,1750165836
-1.8055713176727293,1750185860.0,0.3457983434200287,1750165838
0.5771478414535522,1750185860.0,-0.3650794327259063,1750165839
-0.6003636121749878,1750185860.0,-0.0276987925171852,1750165840
-1.4432907104492188,1750185862.0,0.4143835008144378,1750165841
1.6115974187850952,1750185864.0,-0.5031650066375732,1750165841
1.4807361364364624,1750185865.0,-0.088078424334526,1750165841
0.7585002779960632,1750185865.0,0.5056897401809692,1750165842
-0.8401284217834473,1750185868.0,-0.6232088208198547,1750165843
-2.1113221645355225,1750185869.0,0.3384334743022918,1750165844
-0.6992442607879639,1750185870.0,0.9015606641769408,1750165844
-1.3755475282669067,1750185870.0,-0.3108009994029999,1750165845
-1.8409171104431152,1750185871.0,0.2409532964229583,1750165845
-0.7833240032196045,1750185872.0,0.4805473685264587,1750165846
2.4373462200164795,1750185872.0,1.2934951782226562,1750165846
-1.9166563749313357,1750185872.0,-0.2961466312408447,1750165847
0.429457426071167,1750185874.0,0.2763707041740417,1750165848
-1.9187591075897217,1750185877.0,-0.2872370183467865,1750165848
1.569520354270935,1750185877.0,0.1864753067493438,1750165850
-1.549323797225952,1750185878.0,0.3032380640506744,1750165851
-1.74540114402771,1750185878.0,0.2383234947919845,1750165851
0.3483252823352813,1750185879.0,0.1959298849105835,1750165851
-2.334257841110229,1750185879.0,-0.1686530113220214,1750165852
-0.5288644433021545,1750185880.0,0.7008537650108337,1750165852
2.3847498893737797,1750185883.0,0.5402990579605103,1750165853
-0.0276975966989994,1750185883.0,-1.8867812156677248,1750165853
1.5253400802612305,1750185884.0,0.1659187823534011,1750165853
-2.361186981201172,1750185886.0,-0.9718292951583862,1750165853
-1.616227149963379,1750185890.0,-0.535072922706604,1750165853
2.794926166534424,1750185890.0,-0.478551983833313,1750165854
0.3537926077842712,1750185895.0,-0.2352412194013595,1750165855
2.030683994293213,1750185895.0,-0.2249638140201568,1750165855
-2.4516522884368896,1750185895.0,-0.3259486854076385,1750165856
0.6587765216827393,1750185899.0,0.2926762998104095,1750165856
2.6372110843658447,1750185900.0,-0.7427074313163757,1750165856
-2.794158935546875,1750185900.0,-1.2543652057647705,1750165857
-1.0911060571670532,1750185903.0,-0.2143076360225677,1750165857
1.0427169799804688,1750185905.0,0.3384340703487396,1750165857
-1.4920988082885742,1750185906.0,0.6411056518554688,1750165859
0.5439065098762512,1750185907.0,0.2969900071620941,1750165860
-1.833762764930725,1750185907.0,0.1759573072195053,1750165860
-2.6761631965637207,1750185909.0,0.605413019657135,1750165860
0.2178849279880523,1750185909.0,0.8674784898757935,1750165860
-0.5763068199157715,1750185911.0,1.0290549993515017,1750165860
2.0163779258728027,1750185912.0,0.4964329302310943,1750165861
-0.7413215041160583,1750185912.0,0.0865419805049896,1750165863
4.762000560760498,1750185913.0,-0.6378126740455627,1750165863
1.4302462339401243,1750185913.0,-0.7143183946609497,1750165863
2.79976487159729,1750185914.0,-0.1364657580852508,1750165864
-1.635582447052002,1750185914.0,-0.4984306693077087,1750165864
0.4164877235889435,1750185916.0,2.119887113571167,1750165865
1.7247847318649292,1750185918.0,0.0628309994935989,1750165866
0.4723769128322601,1750185919.0,0.8565380573272705,1750165866
0.3053306937217712,1750185920.0,0.9331184029579164,1750165866
-2.4297726154327397,1750185920.0,0.6053390502929688,1750165867
4.177561283111572,1750185922.0,-0.3620317876338959,1750165868
1.2421623468399048,1750185923.0,-0.6575880646705627,1750165868
0.3861923217773437,1750185924.0,-0.0037131609860807,1750165868
2.4322967529296875,1750185927.0,-0.6558344960212708,1750165870
1.146648645401001,1750185929.0,0.0565191395580768,1750165871
-1.774014949798584,1750185931.0,0.0091816820204257,1750165871
-2.7949886322021484,1750185937.0,-0.1727996915578842,1750165871
-1.062493920326233,1750185937.0,-0.1997175812721252,1750165871
1.996180534362793,1750185938.0,0.100637711584568,1750165872
1.631373167037964,1750185939.0,0.7429304718971252,1750165872
0.2897649705410003,1750185940.0,0.1633318364620208,1750165872
1.3923776149749756,1750185941.0,-0.4256691634654999,1750165873
-1.3078017234802246,1750185941.0,-0.0465692356228828,1750165874
2.385591983795166,1750206795.0,-0.527496874332428,1750165874
2.6843366622924805,1750206797.0,0.6003633737564087,1750165874
0.7871109843254089,1750206797.0,0.8102539777755737,1750165875
-0.8312917351722717,1750206800.0,0.1170478165149688,1750165875
3.929940223693848,1750206803.0,-0.3127059936523437,1750165875
-1.8615339994430544,1750206806.0,0.4012661278247833,1750165876
-0.8211945295333862,1750206808.0,0.7326111197471619,1750165876
1.7542377710342407,1750206814.0,1.7626538276672363,1750165876
-1.605285882949829,1750206816.0,0.5600954294204712,1750165877
1.1693718433380127,1750206817.0,-0.513505756855011,1750165877
-1.7744357585906982,1750206820.0,0.4975890815258026,1750165879
2.504248142242432,1750206820.0,-2.0353119373321533,1750165879
0.1892729252576828,1750206820.0,0.8073081374168396,1750165879
0.2900460958480835,1750206820.0,-0.0697121247649192,1750165879
2.760423421859741,1750206823.0,0.8916637301445007,1750165880
-0.6748393177986145,1750206824.0,0.7134774923324585,1750165880
0.3028800189495086,1750206825.0,0.152171790599823,1750165880
1.966306209564209,1750206825.0,0.2984618246555328,1750165880
2.546326160430908,1750206826.0,-0.085972711443901,1750165880
-1.9208643436431885,1750206828.0,-1.969673037528992,1750165880
0.830453097820282,1750206828.0,2.2940831184387207,1750165881
-1.4378209114074707,1750206830.0,-0.018649760633707,1750165882
-1.7824307680130005,1750206830.0,-0.2771081030368805,1750165882
0.4782679378986358,1750206831.0,-0.8952489495277405,1750165882
2.585678577423096,1750206831.0,0.0354810841381549,1750165882
0.5990277528762817,1750206831.0,0.9221807718276978,1750165883
2.87192702293396,1750206832.0,0.7934235334396362,1750165883
0.4332442581653595,1750206832.0,-1.8602724075317385,1750165884
-1.2720365524291992,1750206835.0,1.3494614362716677,1750165884
1.6856530904769895,1750206837.0,0.2562807500362396,1750165885
1.524498462677002,1750206837.0,0.3086967170238495,1750165885
0.333596408367157,1750206839.0,0.831712007522583,1750165885
2.344355583190918,1750206841.0,-2.350889205932617,1750165886
2.046252727508545,1750206841.0,0.3148093521595001,1750165886
1.127292275428772,1750206841.0,-0.6470694541931152,1750165886
2.3393070697784424,1750206842.0,0.0222273543477058,1750165887
-1.7403528690338137,1750206844.0,-0.016546981409192,1750165888
0.0610113814473152,1750206844.0,-0.5744012594223022,1750165889
1.5581599473953247,1750206845.0,0.9854924082756042,1750165889
-0.1212548315525055,1750206847.0,1.9814558029174805,1750165890
-0.5184608101844788,1750206847.0,0.2517880499362945,1750165891
-1.069644570350647,1750206848.0,-0.1774890571832656,1750165891
2.541696786880493,1750206850.0,0.3171858787536621,1750165892
1.508508801460266,1750206854.0,0.3084976375102997,1750165893
-0.765655517578125,1750206856.0,-0.7261000275611877,1750165893
0.8510692119598389,1750206856.0,-2.2027783393859863,1750165893
0.3596824705600738,1750206858.0,0.613334059715271,1750165894
-0.8603253364562988,1750206858.0,-0.4479739665985107,1750165894
1.8863595724105835,1750206859.0,1.0171244144439695,1750165894
1.612017035484314,1750206860.0,1.790003776550293,1750165894
-0.9554184675216676,1750206860.0,1.8291337490081787,1750165895
2.297452926635742,1750206860.0,0.4113657474517822,1750165895
1.358715534210205,1750206861.0,0.7757503390312195,1750165895
-1.4946223497390747,1750206861.0,-0.6229799389839172,1750165895
-1.9843989610672,1750206861.0,-0.350353330373764,1750165895
-1.5413284301757812,1750206862.0,-2.0786519050598145,1750165896
1.6612472534179688,1750206863.0,0.686970591545105,1750165896
-0.7054830193519592,1750206863.0,0.3426425457000732,1750165898
-1.9620980024337769,1750206864.0,0.0795989632606506,1750165898
0.1317760646343231,1750206866.0,-0.8102539777755737,1750165898
1.5770961046218872,1750206867.0,-0.1648665219545364,1750165898
-1.243003249168396,1750206867.0,0.3994472026824951,1750165898
-1.579198956489563,1750206870.0,0.5388576984405518,1750165898
-0.9777209758758544,1750206872.0,-0.4828957617282867,1750165899
0.926386833190918,1750206873.0,-1.0826904773712158,1750165900
1.2787655591964722,1750206873.0,-0.212337777018547,1750165900
-1.7689636945724487,1750206873.0,2.1964666843414307,1750165900
-1.3444088697433472,1750206874.0,-0.0867529660463333,1750165900
-0.9705634117126464,1750206877.0,-0.5657858848571777,1750165901
1.3242123126983645,1750206877.0,-0.3442511856555938,1750165901
1.8623780012130735,1750206881.0,-0.819089412689209,1750165901
-1.417203426361084,1750206882.0,-0.5244433879852295,1750165902
3.070108652114868,1750206882.0,0.0413102358579635,1750165902
0.8902000784873962,1750206882.0,-0.4039705693721771,1750165902
0.0037860439624637,1750206885.0,-0.4693262875080108,1750165904
1.5964512825012207,1750206886.0,-0.5674696564674377,1750165904
-1.8762587308883667,1750206886.0,0.8523336052894592,1750165905
-2.609240770339966,1750206887.0,-0.550220787525177,1750165905
-1.764755129814148,1750206889.0,2.0130105018615723,1750165905
-0.8914620280265808,1750206889.0,1.2640403509140017,1750165905
0.8540138602256775,1750206892.0,2.882025241851806,1750165906
0.334363728761673,1750206894.0,1.197981595993042,1750165906
-1.6242202520370483,1750206896.0,0.7774335145950317,1750165906
-1.8472284078598025,1750206899.0,0.4985380470752716,1750165906
0.3748313784599304,1750206903.0,-1.6991180181503296,1750165906
-0.7921608686447144,1750206905.0,0.9783399701118468,1750165907
-1.864058256149292,1750206905.0,-0.4265124201774597,1750165907
1.1516958475112915,1750206906.0,-0.0470528192818164,1750165907
0.5384380221366882,1750206906.0,0.5518706440925598,1750165908
-1.296020746231079,1750206907.0,2.6184985637664795,1750165908
-1.6751335859298706,1750206907.0,-1.2939194440841677,1750165908
-0.5827953219413757,1750206909.0,-0.346567302942276,1750165909
-2.323738574981689,1750206910.0,-2.233694076538086,1750165910
2.5865089893341064,1750206913.0,0.80394446849823,1750165910
-0.6091261506080627,1750206914.0,-0.589771568775177,1750165910
1.4609626531600952,1750206916.0,0.4305207729339599,1750165910
-1.4655916690826416,1750206919.0,-1.48704993724823,1750165911
-2.5335028171539307,1750206920.0,0.071814902126789,1750165911
-2.523603916168213,1750206920.0,-0.4278484880924225,1750165911
-2.8832874298095703,1750206920.0,-0.2918671667575836,1750165911
-2.3834872245788574,1750206923.0,-1.0784826278686523,1750165912
1.9166547060012815,1750206923.0,0.531705379486084,1750165912
-2.220451831817627,1750206924.0,-1.6347391605377195,1750165912
-0.4063892066478729,1750206925.0,-0.7277825474739075,1750165912
2.651517391204834,1750206926.0,-0.4021189510822296,1750165913
-1.2653039693832395,1750206928.0,1.0372461080551147,1750165913
-1.7706483602523804,1750206933.0,-0.9154460430145264,1750165913
2.041202545166016,1750206936.0,-0.9322770833969116,1750165914
1.5619473457336426,1750206936.0,0.394500732421875,1750165914
-1.2021900415420532,1750206938.0,-0.495097815990448,1750165915
-1.304854154586792,1750206938.0,0.1854236274957656,1750165916
2.187209129333496,1750206939.0,0.3263691961765289,1750165916
2.5227622985839844,1750206940.0,0.1259483844041824,1750165916
-1.2514201402664185,1750206941.0,0.267039954662323,1750165917
1.6566184759140017,1750206945.0,0.570384681224823,1750165917
0.8380245566368103,1750206948.0,2.1224093437194824,1750165918
3.241572380065918,1750206948.0,-0.2027364820241928,1750165920
-1.3637641668319702,1750206950.0,-1.4150971174240112,1750165920
-1.8224040269851685,1750206954.0,0.248539850115776,1750165920
1.1891454458236694,1750206955.0,2.57642126083374,1750165921
-0.6763440370559692,1750206955.0,0.1648682802915573,1750165921
0.3293879330158233,1750206957.0,-0.6066020131111145,1750165921
-1.4411866664886477,1750206959.0,-0.4277748167514801,1750165921
1.6296902894973757,1750206960.0,-0.0089098745957016,1750165921
-1.626745581626892,1750206961.0,-1.8707915544509888,1750165922
1.6885985136032104,1750206963.0,0.6692973971366882,1750165922
-1.7500293254852295,1750206963.0,1.004227876663208,1750165924
-0.7207042574882507,1750206965.0,-0.3087703883647918,1750165924
2.4432361125946045,1750206965.0,-0.2232900708913803,1750165924
0.7118688225746155,1750206966.0,-0.1570188105106353,1750165924
-1.8585896492004397,1750206969.0,-0.3931309580802917,1750165924
-1.159693717956543,1750206971.0,-1.831660270690918,1750165925
0.8506472110748291,1750206971.0,1.655356764793396,1750165925
0.8695830702781677,1750206973.0,0.234442338347435,1750165926
-1.3136931657791138,1750206973.0,-0.5456633567810059,1750165926
3.641292095184326,1750206974.0,0.4778459966182709,1750165927
-1.504300594329834,1750206975.0,0.073920615017414,1750165928
2.0142745971679688,1750206977.0,-0.2805788815021515,1750165928
1.707956075668335,1750206979.0,0.3084976375102997,1750165930
-1.1559048891067505,1750206981.0,-0.93858802318573,1750165930
2.0407824516296387,1750206982.0,0.0770733132958412,1750165930
2.8168060779571533,1750206987.0,0.1543483734130859,1750165931
-1.3288403749465942,1750206987.0,-0.6528851389884949,1750165932
-1.3157958984375,1750206988.0,-0.6472794413566589,1750165932
-1.5813040733337402,1750206991.0,-0.1932689845561981,1750165932
2.2259209156036377,1750206991.0,0.3991616666316986,1750165932
-1.606547713279724,1750206994.0,0.0065970784053206,1750165933
-1.4066812992095947,1750206994.0,0.1622819155454635,1750165933
0.3327536582946777,1750206994.0,-1.097836971282959,1750165933
-1.6595654487609863,1750206995.0,-0.1869565397500991,1750165934
-1.8922494649887085,1750206996.0,-0.2132544815540313,1750165934
0.3500060737133026,1750206996.0,0.4886797368526459,1750165934
-0.3000811040401459,1750206996.0,1.7462457418441772,1750165934
-0.7193685173988342,1750206997.0,0.1948898732662201,1750165935
0.1240527480840683,1750206998.0,-0.2721651494503021,1750165936
-1.3557699918746948,1750206999.0,-0.0739185586571693,1750165936
2.321214437484741,1750206999.0,-0.1238415017724037,1750165936
1.7138447761535645,1750207001.0,-0.1080637648701667,1750165938
-1.2417426109313965,1750207006.0,-0.0455193147063255,1750165938
1.2000850439071655,1750207006.0,0.5193974375724792,1750165938
0.6112304329872131,1750207008.0,0.4306135773658752,1750165939
0.669054388999939,1750207009.0,0.1154262796044349,1750165939
1.430666446685791,1750207011.0,-1.9246509075164795,1750165939
-1.5913983583450315,1750207012.0,-0.4432064890861511,1750165939
-0.107010468840599,1750207013.0,-0.7025363445281982,1750165940
-1.824506878852844,1750207013.0,0.1880097687244415,1750165941
-1.6069711446762085,1750207013.0,-0.850647509098053,1750165941
-1.884677767753601,1750207014.0,0.6379494071006775,1750165942
2.568007469177246,1750207014.0,-0.2295931279659271,1750165942
2.651307821273804,1750207016.0,-0.4962234199047088,1750165942
-1.5640510320663452,1750207018.0,-0.0328938961029052,1750165943
1.6780787706375122,1750207020.0,-1.9351688623428345,1750165944
1.1819915771484375,1750207020.0,-0.717265784740448,1750165945
1.4058408737182615,1750207024.0,-0.4793926775455475,1750165945
0.994329571723938,1750207029.0,0.6251149773597717,1750165945
-0.9040849804878236,1750207030.0,-0.5176814198493958,1750165945
2.09035873413086,1750207031.0,-1.3839614391326904,1750165945
1.5930867195129397,1750207033.0,-0.730728268623352,1750165945
-0.0023874149192124,1750207034.0,1.2118659019470217,1750165946
-0.925545871257782,1750207034.0,0.665510356426239,1750165949
-0.4072300493717193,1750207035.0,0.2713223993778229,1750165949
1.050711989402771,1750207037.0,0.226720929145813,1750165949
-1.9486342668533323,1750207037.0,-0.2763715386390686,1750165949
-1.8362895250320437,1750207037.0,-0.3558255732059479,1750165949
-0.9263861775398254,1750207038.0,-0.1490889191627502,1750165950
2.0399422645568848,1750207040.0,-0.5216064453125,1750165950
0.5526052713394165,1750207040.0,-0.4189074337482452,1750165950
-2.8921244144439697,1750207042.0,0.2532289922237396,1750165951
-3.1071369647979736,1750207043.0,3.048650026321411,1750165951
-0.911659061908722,1750207045.0,0.2266471534967422,1750165952
-0.7441940307617188,1750207050.0,0.6044976711273193,1750165952
-0.2763712704181671,1750207050.0,-0.6713995933532715,1750165952
-0.6385797262191772,1750207052.0,-0.1286192685365677,1750165952
0.6655091643333435,1750207052.0,-0.286396324634552,1750165952
0.5456638336181641,1750207052.0,2.07023549079895,1750165953
-1.2257531881332395,1750207053.0,-0.5708359479904175,1750165953
1.8068345785140991,1750207055.0,0.2117207944393158,1750165954
0.7988926768302917,1750207055.0,0.3237087428569793,1750165954
-0.3710447251796722,1750207056.0,0.4895230531692505,1750165954
-0.6790477633476257,1750207059.0,0.6747658252716064,1750165954
-2.324380397796631,1750207060.0,0.1906826198101043,1750165954
2.342252254486084,1750207063.0,-0.5147693157196045,1750165955
0.6322702169418335,1750207067.0,0.3873918950557709,1750165955
-0.7542917728424072,1750207071.0,-0.4663484990596771,1750165955
-1.1916714906692505,1750207072.0,-0.4125210642814636,1750165956
1.6019198894500732,1750207072.0,0.6082839965820312,1750165956
0.7492426037788391,1750207073.0,-0.4662443101406097,1750165956
-1.5762546062469482,1750207075.0,-0.0744030252099037,1750165956
1.6928070783615112,1750207078.0,2.216665983200073,1750165956
-1.65367591381073,1750207079.0,-0.2901816666126251,1750165956
-1.74287748336792,1750207081.0,0.0302214957773685,1750165956
1.4218307733535769,1750207082.0,0.3276296555995941,1750165958
1.8308180570602417,1750207083.0,0.119635209441185,1750165958
-1.734040379524231,1750207084.0,-0.8628498911857605,1750165958
1.583826780319214,1750207085.0,0.6100422739982605,1750165959
-0.7207042574882507,1750207088.0,-0.580197811126709,1750165959
0.453441321849823,1750207091.0,-0.7568168044090271,1750165959
-1.226594090461731,1750207095.0,-0.2900460958480835,1750165959
-0.627430260181427,1750207098.0,-0.4564607739448547,1750165960
-1.9730381965637207,1750207099.0,-0.3405409455299377,1750165960
2.1362967491149902,1750207100.0,0.5507107973098755,1750165960
-1.3696558475494385,1750207101.0,-0.3528782725334167,1750165961
1.5240771770477295,1750207101.0,0.5519754886627197,1750165962
-3.172776460647583,1750207104.0,-0.9768785238265992,1750165962
-0.1627637296915054,1750207105.0,-0.7866897583007812,1750165962
2.445761203765869,1750207106.0,0.3268631994724273,1750165962
0.8977736830711365,1750207107.0,-1.821561336517334,1750165963
0.6441236138343811,1750207108.0,-0.2338080704212188,1750165965
-1.7365669012069702,1750207114.0,-0.929751455783844,1750165967
-2.0807559490203857,1750207115.0,0.6306592226028442,1750165968
2.2187674045562744,1750207116.0,-0.7627058625221252,1750165968
-2.2782950401306152,1750207117.0,0.2599930167198181,1750165968
-1.3229516744613647,1750207117.0,-0.038639947772026,1750165968
-1.592663049697876,1750207118.0,2.036574602127075,1750165969
0.7298880219459534,1750207120.0,3.1216530799865723,1750165969
-0.636549711227417,1750207124.0,-0.276938796043396,1750165969
1.649470329284668,1750207124.0,0.347406804561615,1750165970
-1.8379703760147093,1750207124.0,1.9334865808486936,1750165970
-0.894406795501709,1750207125.0,0.0286860838532447,1750165971
-0.6733561158180237,1750207125.0,0.303236722946167,1750165971
1.4929410219192505,1750207127.0,0.3150083124637604,1750165971
2.1308257579803467,1750207127.0,0.3464294373989105,1750165972
0.5361227989196777,1750207130.0,-0.318900465965271,1750185525
1.6166468858718872,1750207131.0,-0.4672957062721252,1750185525
-1.281294584274292,1750207132.0,0.522236168384552,1750185526
-0.9634138941764832,1750207135.0,0.1154273077845573,1750185526
-2.725994348526001,1750207136.0,0.9838098287582396,1750185526
-0.0796623229980468,1750207138.0,0.4766576886177063,1750185526
-1.9608365297317505,1750207138.0,-0.7383023500442505,1750185527
0.9571022391319276,1750207138.0,0.9854929447174072,1750185528
2.467862606048584,1750207140.0,-0.7951064109802246,1750185528
-0.9996009469032288,1750207144.0,0.4403639435768127,1750185529
-1.0193760395050049,1750207145.0,0.4913101196289062,1750185529
-0.7664947509765625,1750207148.0,1.5892990827560425,1750185529
1.817774772644043,1750207149.0,-0.35316202044487,1750185530
0.9116609692573548,1750207149.0,0.238923117518425,1750185531
2.656988859176636,1750207150.0,0.4559661448001861,1750185531
-0.743772029876709,1750207152.0,-0.2921500504016876,1750185532
1.6103357076644895,1750207153.0,-0.1622795611619949,1750185532
-2.6435229778289795,1750207157.0,-0.1105892285704612,1750185532
0.6651625633239746,1750207157.0,0.4139644503593445,1750185535
2.270721912384033,1750207159.0,-0.5095120668411255,1750185535
2.110210657119751,1750207159.0,1.6587247848510742,1750185535
2.32542085647583,1750207160.0,-0.7056813836097717,1750185535
-0.2704092264175415,1750207161.0,0.3350061774253845,1750185535
-0.7085017561912537,1750207162.0,-0.7051637768745422,1750185535
-0.854012668132782,1750207167.0,0.5207654237747192,1750185535
-1.7087947130203247,1750207167.0,0.4246920049190521,1750185536
3.672430038452149,1750207167.0,0.2816311717033386,1750185536
1.419725775718689,1750207168.0,-0.5820599794387817,1750185536
-1.851432204246521,1750207169.0,0.3440404832363128,1750185536
-0.7129809260368347,1750207169.0,0.705061674118042,1750185537
1.354086995124817,1750207171.0,1.7282246351242063,1750185537
1.5745697021484375,1750207171.0,0.7967886924743652,1750185538
1.5871925354003906,1750207173.0,-0.6078338623046875,1750185538
-1.4373990297317505,1750207174.0,-0.2906159460544586,1750185538
3.846205472946167,1750207174.0,0.9024023413658142,1750185540
-2.7087419033050537,1750207177.0,0.7422995567321777,1750185540
3.2665340900421143,1750207178.0,-0.3814890682697296,1750185540
-1.213549017906189,1750207181.0,-0.968883752822876,1750185541
-0.233799859881401,1750207181.0,0.7387213706970215,1750185541
-0.354782372713089,1750207181.0,-0.2432783544063568,1750185541
2.622483491897583,1750207183.0,-1.9684083461761477,1750185542
0.5435608625411987,1750207184.0,0.6705586314201355,1750185542
-1.8371299505233765,1750207185.0,0.2809272110462188,1750185543
0.6962990164756775,1750207185.0,0.1575044393539428,1750185543
-1.556898832321167,1750207188.0,-0.0055448105558753,1750185544
-1.7525554895401,1750207188.0,0.566281795501709,1750185545
1.8207191228866575,1750207190.0,0.0407397896051406,1750185545
2.0037550926208496,1750207192.0,0.2185155302286148,1750185545
1.219441533088684,1750207195.0,0.891463041305542,1750185546
0.5346186757087708,1750207198.0,0.4758177101612091,1750185548
-0.0903914347290992,1750207199.0,-0.4460781514644623,1750185548
-1.8181949853897093,1750207199.0,0.4129433035850525,1750185548
1.4727448225021362,1750207200.0,-1.2177578210830688,1750185548
0.6458070874214172,1750207200.0,-0.4495485723018646,1750185549
2.6640665531158447,1750207201.0,-0.3110853135585785,1750185549
1.7327792644500732,1750207202.0,2.0660300254821777,1750185549
-1.8661609888076784,1750207204.0,-1.6082314252853394,1750185551
-0.4279848039150238,1750207204.0,0.4892055690288543,1750185551
1.2181788682937622,1750207206.0,-0.2353462725877761,1750185552
-1.6721882820129397,1750207206.0,-0.9221780896186828,1750185552
1.376387119293213,1750207208.0,1.434454083442688,1750185552
-2.6212215423583984,1750207211.0,0.5051973462104797,1750185553
0.9259642958641052,1750207211.0,0.5350717306137085,1750185553
-1.000219464302063,1750207212.0,0.1944697648286819,1750185554
-1.2825556993484497,1750207214.0,-0.907451331615448,1750185554
0.8094136118888855,1750207217.0,1.7441405057907104,1750185555
0.9419537782669068,1750207218.0,-0.7172622084617615,1750185556
2.018829345703125,1750207220.0,-0.9764575958251952,1750185557
-1.2754024267196655,1750207220.0,-0.6865480542182922,1750185557
2.4129412174224854,1750207224.0,0.4332474768161773,1750185558
-0.6827650666236877,1750207225.0,-2.5768418312072754,1750185558
-1.774855375289917,1750207226.0,-0.5712555646896362,1750185558
-1.7668612003326416,1750207227.0,-0.7085013389587402,1750185559
-2.003334045410156,1750207227.0,0.5720971822738647,1750185559
3.8857595920562735,1750207228.0,0.2229329496622085,1750185559
-1.47905433177948,1750207228.0,1.0092777013778689,1750185560
1.3953217267990112,1750207229.0,0.775330126285553,1750185560
-0.886833131313324,1750207229.0,-1.059551477432251,1750185560
-1.349457859992981,1750207230.0,0.0147261163219809,1750185560
-1.909079909324646,1750207230.0,-0.615090548992157,1750185562
-1.727308988571167,1750207232.0,-2.132089138031006,1750185562
0.631919264793396,1750207232.0,-0.0062361424788832,1750185563
-0.7105313539505005,1750207235.0,-0.4345072209835052,1750185563
-0.651624858379364,1750207236.0,0.135982796549797,1750185563
1.944846987724304,1750207237.0,-0.8085706830024719,1750185564
1.90824031829834,1750207238.0,0.5374914407730103,1750185564
2.4163079261779785,1750207240.0,0.0028715850785374,1750185564
-1.9549448490142824,1750227261.0,0.5632309913635254,1750185565
-1.2993861436843872,1750227263.0,1.339359998703003,1750185565
2.578303575515747,1750227267.0,-0.1206868886947631,1750185566
2.7818822860717773,1750227270.0,1.2110248804092407,1750185568
-1.4268792867660522,1750227271.0,-1.0059003829956057,1750185568
0.460668683052063,1750227272.0,-0.1175311878323555,1750185569
-1.8404945135116575,1750227272.0,0.624692440032959,1750185569
0.5401951670646667,1750227272.0,0.099648542702198,1750185569
-0.99581378698349,1750227276.0,0.6793947219848633,1750185569
0.7462979555130005,1750227277.0,-2.2604262828826904,1750185570
0.911238431930542,1750227277.0,-0.2106710523366928,1750185570
-0.4505691230297088,1750227279.0,-0.4500761330127716,1750185571
2.978801965713501,1750227281.0,0.7749090790748596,1750185571
-0.4070510864257812,1750227283.0,-0.2164130508899688,1750185572
-2.3178486824035645,1750227285.0,-0.532198965549469,1750185572
-2.4785823822021484,1750227286.0,1.4075229167938232,1750185573
0.417433500289917,1750227286.0,-0.4772884547710418,1750185573
-0.2490214407444,1750227287.0,2.359503984451294,1750185573
-1.3284201622009275,1750227288.0,-0.7208295464515686,1750185573
-1.3233706951141355,1750227290.0,-0.2098898887634277,1750185574
-0.9571022391319276,1750227291.0,-0.6516236066818237,1750185574
2.6540422439575195,1750227291.0,0.431982010602951,1750185574
-1.6902813911437988,1750227292.0,-0.2290350049734115,1750185575
-0.5510600209236145,1750227297.0,0.289341539144516,1750185576
-1.5190287828445437,1750227297.0,-0.4273538589477539,1750185576
0.4709033966064453,1750227301.0,0.1913768798112869,1750185576
-1.4180444478988647,1750227302.0,0.3592631816864013,1750185577
1.5295486450195312,1750227303.0,-0.0312746465206146,1750185577
1.727728009223938,1750227304.0,-0.9631898999214172,1750185578
-0.4787920117378235,1750227304.0,-0.122307114303112,1750185579
-0.7473520040512085,1750227307.0,0.3263696432113647,1750185580
1.662090539932251,1750227308.0,-0.9255446791648864,1750185580
1.589297890663147,1750227308.0,0.2563875615596771,1750185580
2.832374095916748,1750227310.0,0.209050104022026,1750185580
0.4583534598350525,1750227313.0,-0.6028894186019897,1750185582
1.4092817306518557,1750227314.0,-1.8219832181930544,1750185582
-0.5401206612586975,1750227315.0,0.3486706614494324,1750185583
0.5472418069839478,1750227317.0,-0.4204846620559692,1750185583
0.190188467502594,1750227322.0,0.1049088686704635,1750185583
2.551795721054077,1750227322.0,-0.8969321250915527,1750185583
-2.456280469894409,1750227322.0,0.171599730849266,1750185584
-1.3629220724105835,1750227323.0,-0.0733502432703971,1750185584
0.9268070459365844,1750227323.0,0.7967904806137085,1750185584
1.3818577527999878,1750227324.0,-0.4068110287189483,1750185585
-2.3170065879821777,1750227325.0,-0.074129581451416,1750185585
-1.8905662298202517,1750227326.0,-1.2674078941345217,1750185586
2.437568187713623,1750227329.0,1.423093318939209,1750185587
1.4912558794021606,1750227335.0,-0.3436948359012604,1750185587
-2.572834253311157,1750227335.0,-0.6419463753700256,1750185588
-2.4268267154693604,1750227336.0,-1.9057111740112305,1750185589
-1.5871927738189695,1750227338.0,-0.540435791015625,1750185589
2.826063871383667,1750227341.0,-2.2351748943328857,1750185590
-1.361240029335022,1750227343.0,-2.1729037761688232,1750185590
-2.732936382293701,1750227345.0,0.1070122271776199,1750185590
-0.3365416824817657,1750227345.0,0.2880818247795105,1750185591
1.4634857177734375,1750227348.0,-1.277929425239563,1750185591
2.3443565368652344,1750227349.0,-0.4634343385696411,1750185592
-1.9238086938858032,1750227349.0,-0.4661380648612976,1750185594
-1.5636314153671265,1750227351.0,-0.1480360776185989,1750185594
-0.1690744161605835,1750227353.0,-0.6920186877250671,1750185594
-1.5884554386138916,1750227354.0,-0.8140393495559692,1750185595
-1.483683705329895,1750227354.0,-0.0817665681242942,1750185595
0.5801666975021362,1750227356.0,-0.3215261399745941,1750185595
0.648257315158844,1750227361.0,0.5144529938697815,1750185595
-0.7135508060455322,1750227363.0,1.6313716173171997,1750185596
0.3445669114589691,1750227364.0,1.6561992168426514,1750185596
1.9557863473892207,1750227364.0,0.1033735945820808,1750185596
-2.5686256885528564,1750227371.0,-0.7959482669830322,1750185596
-1.738667368888855,1750227374.0,0.6857017874717712,1750185597
-2.643102169036865,1750227375.0,0.1448810249567031,1750185598
-0.8064645528793335,1750227378.0,-0.593137264251709,1750185598
0.5447505116462708,1750227379.0,-0.6209079027175903,1750185599
-1.2451080083847046,1750227379.0,0.9383679628372192,1750185599
-2.602287530899048,1750227381.0,-0.5800927877426147,1750185600
1.742456555366516,1750227382.0,0.4711121618747711,1750185600
1.946109175682068,1750227382.0,-0.451621413230896,1750185601
1.1744178533554075,1750227383.0,1.9204405546188357,1750185602
3.217862129211426,1750227384.0,-0.1922176927328109,1750185602
1.3936386108398438,1750227385.0,-0.8068870902061462,1750185602
-1.5135579109191897,1750227386.0,0.7294651865959167,1750185603
-1.5552161931991575,1750227386.0,0.691176176071167,1750185604
0.4063892066478729,1750227389.0,-0.2455815374851226,1750185605
-0.5430344343185425,1750227390.0,-0.8279277682304382,1750185605
-1.5888748168945312,1750227393.0,2.635329484939575,1750185608
0.702117919921875,1750227394.0,-2.199413537979126,1750185608
-1.5741477012634275,1750227394.0,-1.647783637046814,1750185608
3.1234707832336426,1750227395.0,-0.3739893734455108,1750185608
-2.094223022460937,1750227395.0,-0.4499359130859375,1750185608
-0.5986806154251099,1750227397.0,0.2669026255607605,1750185609
1.833341121673584,1750227398.0,-1.6158051490783691,1750185609
0.8026797771453857,1750227398.0,0.8224563002586365,1750185609
0.5153685212135315,1750227399.0,0.1675398796796798,1750185610
-1.5038797855377195,1750227399.0,0.1328265815973281,1750185610
-0.4004247188568115,1750227400.0,0.4481509029865265,1750185611
0.9171271324157716,1750227402.0,-1.9957599639892576,1750185611
0.4774979650974273,1750227403.0,-1.2198649644851685,1750185612
-0.627713680267334,1750227403.0,-0.4791085124015808,1750185612
-0.762906551361084,1750227404.0,0.1659187823534011,1750185615
-0.4551978409290313,1750227404.0,-0.3026696741580963,1750185615
-0.4875247478485107,1750227405.0,0.7993152141571045,1750185615
0.7505029439926147,1750227405.0,-0.5047751069068909,1750185617
1.8838350772857664,1750227406.0,-1.0376689434051514,1750185618
1.882574796676636,1750227406.0,0.4804443717002868,1750185618
0.4888600409030914,1750227408.0,0.608906626701355,1750185618
2.411257743835449,1750227408.0,-0.8249816298484802,1750185618
-2.2907192707061768,1750227411.0,0.1054752022027969,1750185620
1.3528265953063965,1750227412.0,-0.0171156655997037,1750185621
-0.8220367431640625,1750227413.0,0.0102351251989603,1750185621
1.7883188724517822,1750227413.0,-0.4345092475414276,1750185622
1.6111769676208496,1750227416.0,0.5471672415733337,1750185622
1.9246500730514529,1750227419.0,0.994329571723938,1750185622
2.532860517501831,1750227421.0,0.0796626135706901,1750185623
-1.593924880027771,1750227423.0,-0.248526781797409,1750185623
-1.7277296781539917,1750227430.0,0.1559688746929168,1750185623
0.3415920436382293,1750227430.0,2.75705623626709,1750185623
1.928436517715454,1750227431.0,-2.145132780075073,1750185623
-2.4163079261779785,1750227433.0,2.218347311019897,1750185624
-1.82408607006073,1750227434.0,0.5861645936965942,1750185624
1.5101920366287231,1750227436.0,-0.1959433853626251,1750185625
0.6131116151809692,1750227438.0,0.318450927734375,1750185626
2.5259292125701904,1750227445.0,-0.8085702657699585,1750185626
1.4992527961730957,1750227446.0,-0.4205175340175628,1750185627
0.789215624332428,1750227447.0,-0.6966452598571777,1750185627
-2.389378070831299,1750227448.0,0.4614374935626983,1750185627
2.200674057006836,1750227449.0,0.3152929246425628,1750185627
0.756395161151886,1750227450.0,-0.5673323273658752,1750185628
1.5038797855377195,1750227450.0,0.3285463452339172,1750185628
-0.6659293174743652,1750227451.0,-0.0796632021665573,1750185628
0.4812111258506775,1750227451.0,-0.2826819717884063,1750185629
1.106824517250061,1750227452.0,-1.1096200942993164,1750185629
-0.700927734375,1750227453.0,-0.4263018071651459,1750185630
2.3876953125,1750227454.0,-0.466139554977417,1750185630
-1.794211506843567,1750227455.0,0.2308548986911773,1750185630
1.5577397346496582,1750227455.0,-0.2910965979099273,1750185630
2.637137651443481,1750227457.0,-0.5931384563446045,1750185632
-1.2514201402664185,1750227458.0,1.7609721422195437,1750185632
-1.0515530109405518,1750227460.0,0.747140109539032,1750185632
-1.6549382209777832,1750227461.0,-2.0197436809539795,1750185633
-2.286510944366455,1750227463.0,0.3748315274715423,1750185633
2.753690719604492,1750227463.0,-0.1122724041342735,1750185633
-0.3870332837104797,1750227464.0,0.0118557848036289,1750185634
1.607389211654663,1750227466.0,-1.7613917589187622,1750185634
-1.5350159406661987,1750227470.0,0.0539327748119831,1750185634
-1.935590863227844,1750227470.0,0.6782061457633972,1750185634
-1.609073042869568,1750227470.0,0.4329289495944977,1750185636
-0.3394867479801178,1750227471.0,-0.4078638851642608,1750185636
2.429771900177002,1750227471.0,1.5846682786941528,1750185636
1.4125741720199585,1750227472.0,-0.0491544157266616,1750185636
-1.2934951782226562,1750227472.0,-0.602994441986084,1750185636
1.304436445236206,1750227473.0,0.718178927898407,1750185637
2.768912076950073,1750227476.0,0.57799232006073,1750185637
3.7995035648345943,1750227477.0,0.4117537140846252,1750185638
3.046967029571533,1750227477.0,0.8493834137916565,1750185640
-2.6378536224365234,1750227478.0,0.5413826704025269,1750185640
2.4482855796813965,1750227479.0,0.8241365551948547,1750185640
2.3064873218536377,1750227480.0,1.5981333255767822,1750185640
0.5978416800498962,1750227480.0,-0.0312740616500377,1750185641
0.0260133016854524,1750227482.0,-0.9103968143463136,1750185641
-2.331312894821167,1750227483.0,0.1685931831598281,1750185641
-2.3233184814453125,1750227484.0,0.2754557430744171,1750185641
-1.4104701280593872,1750227484.0,-0.2317686825990677,1750185641
2.6279542446136475,1750227485.0,-0.5600011348724365,1750185642
1.2443406581878662,1750227486.0,0.6315013766288757,1750185642
1.9448468685150144,1750227486.0,0.794264018535614,1750185642
-0.7925819754600525,1750227486.0,0.4101022481918335,1750185642
0.3110219538211822,1750227488.0,0.6180354952812195,1750185643
-0.9078720808029176,1750227489.0,-0.1906826198101043,1750185643
0.4148051738739013,1750227490.0,0.4194644689559936,1750185643
-1.2139739990234375,1750227490.0,-0.0491560399532318,1750185644
1.918338418006897,1750227490.0,-0.2385022044181823,1750185644
-1.8796286582946775,1750227491.0,1.4538116455078125,1750185644
-2.386012554168701,1750227493.0,2.085383653640747,1750185644
0.751944899559021,1750227502.0,-0.7136875987052917,1750185645
-0.2814207673072815,1750227503.0,0.4322679936885834,1750185645
-1.6360032558441162,1750227504.0,-0.2769399583339691,1750185646
1.806835055351257,1750227504.0,0.8258208632469177,1750185647
-1.56236732006073,1750227504.0,1.2653051614761353,1750185647
-1.663771390914917,1750227506.0,1.8022055625915527,1750185647
3.160005807876587,1750227508.0,-0.7294660806655884,1750185647
-1.8329203128814695,1750227510.0,0.5855627655982971,1750185649
-0.875471830368042,1750227512.0,0.564944326877594,1750185649
-1.5888763666152954,1750227512.0,1.468956470489502,1750185653
2.340569019317627,1750227513.0,0.5009884834289551,1750185653
1.3524034023284912,1750227514.0,-0.1049082800745964,1750185654
-1.625062108039856,1750227514.0,-0.7159998416900635,1750185654
-1.3549299240112305,1750227516.0,-1.8943536281585691,1750185654
1.5888770818710327,1750227518.0,0.6461541056632996,1750185655
1.682287335395813,1750227518.0,0.1906832158565521,1750185655
0.5511651635169983,1750227519.0,1.064597487449646,1750185656
3.7952940464019775,1750227519.0,-0.5266571044921875,1750185657
-1.5951871871948242,1750227520.0,-2.09337854385376,1750185658
2.007121086120605,1750227522.0,-0.0731400623917579,1750185659
1.7748570442199707,1750227522.0,-0.670558750629425,1750185659
-1.6280076503753662,1750227522.0,-0.5195018649101257,1750185659
-1.4866288900375366,1750227522.0,0.2995147705078125,1750185660
-1.3940610885620115,1750227523.0,-0.3133985102176666,1750185660
-1.659565806388855,1750227527.0,-0.3415163457393646,1750185661
-0.6264830231666565,1750227528.0,1.7824304103851318,1750185662
-0.556919276714325,1750227529.0,-0.0823358371853828,1750185662
2.370023012161255,1750227529.0,-0.5338815450668335,1750185662
-1.8396544456481931,1750227530.0,0.7223132252693176,1750185663
-3.1213693618774414,1750227530.0,-0.1006997898221015,1750185663
-1.5097708702087402,1750227532.0,0.0407421365380287,1750185663
0.3744107484817505,1750227532.0,0.1879357546567917,1750185664
2.059296131134033,1750227532.0,0.76018226146698,1750185664
-1.3157963752746582,1750227532.0,-0.800996720790863,1750185666
1.3852250576019287,1750227532.0,-0.6080630421638489,1750185666
-2.639317274093628,1750227534.0,-0.3217397928237915,1750185666
0.6772912740707397,1750227535.0,-1.5817233324050903,1750185666
-2.317847490310669,1750227540.0,0.4740591943264007,1750185666
-0.2721663117408752,1750227541.0,0.4602790176868438,1750185666
0.9909608960151672,1750227544.0,0.644365131855011,1750185667
-0.8031011819839478,1750227545.0,0.9547775983810424,1750185667
-2.3430938720703125,1750227546.0,-0.0270632226020097,1750185667
-1.4445521831512451,1750227546.0,0.3192898333072662,1750185668
3.437861680984497,1750227547.0,0.0102345384657382,1750185668
-0.5793257355690002,1750227548.0,-0.1732823252677917,1750185669
1.1458053588867188,1750227554.0,0.8933457136154175,1750185670
-1.625062108039856,1750227554.0,0.986556112766266,1750185670
-0.0676067024469375,1750227555.0,0.5468521118164062,1750185670
0.5628403425216675,1750227556.0,-0.2895519435405731,1750185672
1.3515629768371582,1750227557.0,0.6479128003120422,1750185672
-1.8426001071929927,1750227558.0,0.5612311363220215,1750185672
1.6561994552612305,1750227558.0,-1.78453528881073,1750185673
0.5009888410568237,1750227558.0,0.3259177505970001,1750185673
1.1634784936904907,1750227559.0,0.3035090267658233,1750185673
-0.5675435662269592,1750227559.0,0.3503526449203491,1750185674
1.5935046672821045,1750227564.0,-1.3898526430130005,1750185674
-1.4933634996414185,1750227566.0,0.7673354148864746,1750185674
-2.224930763244629,1750227567.0,-1.58929443359375,1750185675
-1.597293496131897,1750227568.0,-0.6174049377441406,1750185675
0.7008531093597412,1750227569.0,-0.2678510248661041,1750185676
1.0330405235290527,1750227569.0,-0.7749093770980835,1750185676
1.589716911315918,1750227571.0,0.6423656344413757,1750185678
-2.406630039215088,1750227574.0,2.645427942276001,1750185678
1.635582447052002,1750227577.0,0.1570164561271667,1750185680
-0.8657954335212708,1750227578.0,0.3444612622261047,1750185680
1.846807599067688,1750227578.0,1.6031819581985474,1750185680
-0.5231540203094482,1750227581.0,-0.7547124624252319,1750185680
0.7492420077323914,1750227581.0,-0.4079984724521637,1750185681
0.7715424299240112,1750227581.0,-0.4236400127410888,1750185683
-0.8683204650878906,1750227582.0,0.2821978032588959,1750185683
-0.9427947402000428,1750227585.0,-0.5662078261375427,1750185684
1.3549281358718872,1750227586.0,-0.0009155417792499,1750185684
2.6085991859436035,1750227587.0,0.8944091200828552,1750185685
-0.4395564496517181,1750227587.0,-0.0943263173103332,1750185686
0.49215167760849,1750227589.0,2.653001070022583,1750185686
1.4542300701141355,1750227591.0,-0.3678888082504272,1750185687
-3.045704126358032,1750227591.0,-0.8266645073890686,1750185687
-1.395742654800415,1750227592.0,1.2749814987182615,1750185687
-3.325441837310791,1750227592.0,0.695036768913269,1750185688
0.6550633311271667,1750227593.0,-0.2974100112915039,1750185689
0.784166157245636,1750227593.0,0.3323334455490112,1750185689
-1.016208291053772,1750227594.0,-0.1859061866998672,1750185690
1.6023417711257937,1750227599.0,0.484127014875412,1750185690
-1.6625103950500488,1750227603.0,0.0628312900662422,1750185690
0.5966127514839172,1750227605.0,-0.5302320718765259,1750185691
1.612438440322876,1750227606.0,0.474764883518219,1750185691
-3.46008825302124,1750227607.0,0.3751772344112396,1750185691
0.2065233141183853,1750227608.0,0.0354796163737773,1750185692
-1.619592308998108,1750227608.0,0.0533599853515625,1750185692
1.4484126567840576,1750227608.0,-0.544746994972229,1750185692
-1.3940600156784058,1750227609.0,0.7204213738441467,1750185692
0.7412478923797607,1750227618.0,0.880943238735199,1750185693
2.164487838745117,1750227621.0,0.2004218399524688,1750185693
-0.4170132875442505,1750227622.0,-0.4887861609458923,1750185693
-0.9897038340568542,1750227623.0,0.7442665100097656,1750185693
1.4214107990264893,1750227623.0,-1.6183302402496338,1750185693
2.8088841438293457,1750227624.0,-0.619221568107605,1750185693
0.743772029876709,1750227624.0,0.6840230226516724,1750185694
-2.751167297363281,1750227624.0,0.6790489554405212,1750185694
-1.3044345378875732,1750227628.0,0.4143101572990417,1750185695
-1.882993221282959,1750227632.0,0.2502863705158233,1750185695
1.428142547607422,1750227632.0,-0.683255672454834,1750185696
2.0508806705474854,1750227632.0,-1.6953305006027222,1750185697
-1.667140007019043,1750227633.0,-0.9918042421340942,1750185697
1.6759754419326782,1750227633.0,0.606182336807251,1750185697
-0.3803015053272247,1750227635.0,-0.0644510686397552,1750185697
-1.2720389366149902,1750227638.0,0.3573694825172424,1750185698
1.8951221704483032,1750227640.0,-0.1375177800655365,1750185698
-1.612019419670105,1750227644.0,-0.0744006782770156,1750185698
2.7041144371032715,1750227644.0,0.4803707301616668,1750185698
0.7526837587356567,1750227645.0,0.7866899967193604,1750185698
2.5042483806610107,1750227646.0,-1.8914096355438232,1750185698
-0.3070883750915527,1750227648.0,1.192091703414917,1750185698
1.3431483507156372,1750227649.0,-0.3511944711208343,1750185699
0.3498270809650421,1750227651.0,-0.4096813201904297,1750185699
-0.2729316055774688,1750227651.0,-0.4715341031551361,1750185700
1.6675608158111572,1750227651.0,-0.2106689214706421,1750185701
1.6646134853363037,1750227651.0,0.2075130343437194,1750185702
-1.5825647115707395,1750227652.0,0.3326932489871979,1750185702
0.7551339864730835,1750227652.0,0.154918372631073,1750185703
1.452126145362854,1750227653.0,-2.626911401748657,1750185704
-1.843018651008606,1750227653.0,-1.8918304443359373,1750185704
-0.757657527923584,1750227656.0,0.1380855739116668,1750185706
0.9528946280479432,1750227658.0,1.3019130229949951,1750185706
0.7513461112976074,1750227664.0,-0.3722330629825592,1750185707
-1.4925196170806885,1750227664.0,0.6059074401855469,1750185708
1.625481128692627,1750227665.0,1.7332003116607666,1750185708
1.5118762254714966,1750227665.0,-0.2658521234989166,1750185709
-1.835866451263428,1750227667.0,-0.2267208099365234,1750185709
0.724837064743042,1750227668.0,0.4168346524238586,1750185711
-1.556056022644043,1750227668.0,-1.0231622457504272,1750185711
-0.9381672739982604,1750227672.0,-0.2290350049734115,1750185711
1.5472217798233032,1750227672.0,0.2141707837581634,1750185711
-1.106253981590271,1750227674.0,0.3279148936271667,1750185712
-1.335152268409729,1750227679.0,-0.4207265973091125,1750185712
2.0024917125701904,1750227681.0,0.1992966383695602,1750185713
1.598974347114563,1750227681.0,0.3890630006790161,1750185713
0.4897337555885315,1750227685.0,-0.6956989169120789,1750185714
-0.3479025661945343,1750227686.0,1.6679816246032717,1750185714
0.91081702709198,1750227687.0,-0.8704235553741455,1750185714
1.2817134857177734,1750227690.0,1.6456798315048218,1750185715
2.3308913707733154,1750227691.0,0.7715430855751038,1750185716
-1.1811506748199463,1750227692.0,-1.0725913047790527,1750185716
-1.8930933475494385,1750227695.0,-0.9171292185783386,1750185716
2.396110773086548,1750227699.0,-0.2201367765665054,1750185717
-1.017695426940918,1750227701.0,1.5674169063568115,1750185717
2.0003867149353027,1750227701.0,0.2805034816265106,1750185718
-1.6763956546783447,1750227704.0,-0.0612945556640625,1750185719
0.4291107356548309,1750227707.0,0.6005788445472717,1750185720
1.697360873222351,1750227708.0,0.6798157095909119,1750185721
-1.4020549058914185,1750227709.0,-0.1202028691768646,1750185721
1.9339070320129397,1750227715.0,0.4189417362213135,1750185722
-1.6465214490890503,1750227717.0,0.3432000875473022,1750185722
0.7643901705741882,1750227722.0,-0.2755298316478729,1750185722
2.3136403560638428,1750227722.0,-0.0565197244286537,1750185723
1.0145269632339478,1750227723.0,0.2897614538669586,1750185724
-1.582143783569336,1750227726.0,-0.8254014253616333,1750185724
-2.0458309650421143,1750227726.0,0.1244113594293594,1750185724
1.9099208116531368,1750247979.0,-0.7046403288841248,1750185725
-1.709217190742493,1750247980.0,2.9026434421539307,1750185726
0.3553701341152191,1750247980.0,-0.6503615975379944,1750185726
-1.6583017110824585,1750247981.0,-1.59013831615448,1750185727
1.2324843406677246,1750247981.0,1.558159351348877,1750185727
-2.5595920085906982,1750247983.0,-0.5328609347343445,1750185728
0.9789820313453674,1750247984.0,-0.1185832098126411,1750185728
1.6519898176193235,1750247984.0,0.5965036153793335,1750185728
0.6373180150985718,1750247986.0,0.8119389414787292,1750185728
0.5790416598320007,1750247987.0,-0.6120705008506775,1750185729
-1.0351450443267822,1750247988.0,0.3587684631347656,1750185730
-0.7286244630813599,1750247992.0,-0.358422189950943,1750185730
1.936010479927063,1750247993.0,0.737460196018219,1750185730
0.7921608686447144,1750247994.0,-0.6492990255355835,1750185730
-1.7580249309539795,1750247994.0,-0.4741333723068237,1750185731
1.5320720672607422,1750247996.0,0.7059029340744019,1750185731
2.188261032104492,1750247996.0,0.0396898686885833,1750185732
-2.083700895309448,1750247996.0,-0.1922173053026199,1750185732
2.459226131439209,1750247997.0,-0.1275652348995208,1750185732
1.445393443107605,1750247998.0,-0.285207599401474,1750185732
0.8683213591575623,1750247998.0,-0.2758777141571045,1750185732
0.3028796017169952,1750247998.0,-0.3340154588222503,1750185733
-1.9806119203567505,1750248001.0,0.0775580704212188,1750185734
-1.7601282596588137,1750248003.0,1.6923850774765017,1750185734
-1.999548077583313,1750248004.0,-0.9036653637886048,1750185735
-0.913765549659729,1750248005.0,1.0343023538589478,1750185735
1.6936477422714231,1750248007.0,0.6865473985671997,1750185735
-1.2838181257247925,1750248008.0,0.1038871183991432,1750185735
0.5754643678665161,1750248008.0,-1.0936307907104492,1750185736
-0.6381592154502869,1750248009.0,-2.195625305175781,1750185736
-0.5269405245780945,1750248010.0,-1.2610965967178345,1750185737
1.1819926500320437,1750248010.0,0.5485346913337708,1750185738
1.9528414011001587,1750248011.0,0.2359143644571304,1750185738
1.718891978263855,1750248011.0,0.2573617696762085,1750185738
-2.5067737102508545,1750248014.0,2.073182344436645,1750185739
-1.3726001977920532,1750248015.0,0.6828319430351257,1750185739
3.064563512802124,1750248017.0,-0.2632534205913543,1750185740
1.304436206817627,1750248019.0,1.74112069606781,1750185740
1.3099076747894287,1750248021.0,-0.4952040314674377,1750185740
1.3709174394607544,1750248025.0,0.568700909614563,1750185741
-1.5127170085906982,1750248029.0,-0.4099660813808441,1750185741
3.794872999191284,1750248029.0,0.3431997895240783,1750185741
-1.518607497215271,1750248030.0,0.6301645040512085,1750185742
1.7445610761642456,1750248033.0,0.9558404684066772,1750185743
-0.9958126544952391,1750248033.0,0.6301668286323547,1750185743
1.0145251750946045,1750248034.0,0.7656524181365967,1750185743
1.6027637720108032,1750248039.0,-0.4415271282196045,1750185744
2.6317412853240967,1750248042.0,-0.483709454536438,1750185745
1.999546766281128,1750248043.0,-0.3710432648658752,1750185745
2.545904874801636,1750248044.0,-0.484652578830719,1750185745
-0.1303645968437194,1750248044.0,-0.3267898261547088,1750185746
0.6032344698905945,1750248045.0,-1.2291922569274902,1750185747
-0.7955257296562195,1750248045.0,-0.61572265625,1750185747
-0.3358471095561981,1750248046.0,0.1215286180377006,1750185748
-1.9923198223114011,1750248048.0,0.2690077424049377,1750185748
4.772519588470459,1750248048.0,-0.79678875207901,1750185750
1.6738721132278442,1750248049.0,0.8569592833518982,1750185750
1.1547164916992188,1750248049.0,-1.4883111715316772,1750185750
-1.327157735824585,1750248053.0,0.3653006851673126,1750185751
-0.1305131018161773,1750248055.0,0.6734712719917297,1750185751
-0.6802380084991455,1750248056.0,-0.1401901245117187,1750185752
-0.8716887831687927,1750248057.0,0.6811505556106567,1750185752
-1.9452680349349976,1750248058.0,-2.2019379138946533,1750185752
-0.7008538246154785,1750248060.0,0.8060463666915894,1750185752
1.3970050811767578,1750248060.0,-0.4761645793914795,1750185752
0.6113052368164062,1750248060.0,-0.1501409113407135,1750185752
2.458383798599243,1750248060.0,-0.3983945548534393,1750185753
-2.0205864906311035,1750248061.0,-2.505436658859253,1750185754
2.4179906845092773,1750248061.0,0.1570217311382293,1750185754
1.6296911239624023,1750248063.0,0.5873207449913025,1750185755
1.2531033754348757,1750248063.0,-0.4652231633663177,1750185755
-0.2920496761798858,1750248065.0,-0.104907102882862,1750185755
-0.664667010307312,1750248067.0,0.3157465755939483,1750185759
-1.575411319732666,1750248067.0,-1.6254826784133911,1750185759
-0.9415330290794371,1750248070.0,-0.1559685915708542,1750185760
-0.6890721917152405,1750248070.0,0.1446697264909744,1750185760
-2.16575026512146,1750248070.0,0.2287509441375732,1750185761
2.4779586791992188,1750248072.0,-0.2995141446590423,1750185761
-1.4735870361328125,1750248073.0,0.537248432636261,1750185761
2.404527425765991,1750248073.0,-0.301964670419693,1750185762
-1.3225290775299072,1750248074.0,0.1154268682003021,1750185763
0.3524575233459472,1750248076.0,-0.5809032320976257,1750185764
1.60612952709198,1750248077.0,-1.6305317878723145,1750185764
-2.0609793663024902,1750248077.0,0.6276409029960632,1750185764
0.6146692037582397,1750248077.0,0.1604496836662292,1750185764
1.833763837814331,1750248078.0,0.630764365196228,1750185764
0.7391436696052551,1750248078.0,-0.5296008586883545,1750185765
-2.0235304832458496,1750248081.0,-0.970345675945282,1750185766
1.385224223136902,1750248083.0,-1.3502988815307615,1750185766
-1.496726393699646,1750248085.0,0.53514564037323,1750185766
0.646154522895813,1750248085.0,0.5104240775108337,1750185766
3.211066484451294,1750248086.0,-0.0169055815786123,1750185767
-0.3601027131080627,1750248087.0,-1.0919458866119385,1750185767
1.6461029052734375,1750248092.0,0.4044952094554901,1750185768
1.4786322116851809,1750248092.0,0.5638620853424072,1750185768
-1.9608341455459597,1750248093.0,-2.642059803009033,1750185768
1.0370508432388306,1750248094.0,2.352424144744873,1750185770
-1.545533299446106,1750248095.0,-0.3875598609447479,1750185770
-3.810725688934326,1750248095.0,-0.132465049624443,1750185771
-2.489521741867065,1750248095.0,-1.6435757875442505,1750185772
1.5690994262695312,1750248095.0,0.020754225552082,1750185772
-0.8523306846618652,1750248099.0,-1.6494665145874023,1750185772
-1.4950441122055054,1750248100.0,1.0561810731887815,1750185773
1.4575963020324707,1750248105.0,0.0939055159687995,1750185773
2.1047396659851074,1750248105.0,0.5489240884780884,1750185774
-0.7109521627426147,1750248107.0,0.2958761155605316,1750185774
2.402843475341797,1750248107.0,0.725680410861969,1750185774
2.743443965911865,1750248108.0,-0.7374601364135742,1750185774
-0.833396315574646,1750248108.0,0.361713707447052,1750185775
-1.588875651359558,1750248109.0,-0.4057580232620239,1750185775
1.6448380947113037,1750248110.0,-0.5998694896697998,1750185775
-1.3696558475494385,1750248110.0,-0.4723765850067138,1750185776
-1.3052760362625122,1750248112.0,1.490384221076965,1750185776
2.1206536293029785,1750248112.0,-0.5523961186408997,1750185777
-1.2480533123016355,1750248112.0,-0.3659955263137817,1750185778
3.4079864025115967,1750248115.0,0.134929358959198,1750185779
2.391482353210449,1750248116.0,1.8648991584777832,1750185779
1.4096282720565796,1750248118.0,-0.6836019158363342,1750185779
-0.4905436336994171,1750248118.0,0.8325544595718384,1750185780
0.5585289001464844,1750248118.0,0.4387148022651672,1750185781
-2.324158191680908,1750248119.0,-0.4352158606052398,1750185781
2.260202169418335,1750248119.0,-0.4236406087875366,1750185781
1.6014991998672483,1750248119.0,1.4403451681137085,1750185782
1.5669941902160645,1750248120.0,1.1984034776687622,1750185783
-1.3608192205429075,1750248120.0,0.220619186758995,1750185783
2.3843297958374023,1750248122.0,0.872528076171875,1750185784
-2.3586618900299072,1750248125.0,-1.3667099475860596,1750185785
-1.8522772789001465,1750248129.0,-1.5700173377990725,1750185785
1.3721805810928345,1750248130.0,-1.577093243598938,1750185785
1.2589938640594482,1750248130.0,-0.0260127130895853,1750185785
1.6322156190872192,1750248131.0,0.4751833081245422,1750185786
0.4530932903289795,1750248132.0,-0.3680994808673858,1750185786
1.6094934940338137,1750248132.0,0.5418030619621277,1750185786
-1.16937255859375,1750248132.0,0.1815935224294662,1750185786
1.5455368757247925,1750248133.0,-0.4096802771091461,1750185786
2.482368469238281,1750248133.0,0.3274323344230652,1750185786
-0.0154946008697152,1750248134.0,0.1732840836048126,1750185787
0.6629846692085266,1750248135.0,1.6738709211349487,1750185788
-2.6184983253479004,1750248137.0,-2.010483980178833,1750185788
-0.5787253379821777,1750248138.0,0.1291022598743438,1750185788
0.7277825474739075,1750248138.0,0.4459416270256042,1750185789
3.71037220954895,1750248139.0,0.182886928319931,1750185789
-1.576255202293396,1750248143.0,-0.6563256978988647,1750185790
1.3974257707595823,1750248143.0,0.275318443775177,1750185790
-0.979825496673584,1750248143.0,0.2596458792686462,1750185790
0.5527414083480835,1750248144.0,0.1433451622724533,1750185791
-2.0344700813293457,1750248147.0,1.8400778770446775,1750185791
1.102046012878418,1750248149.0,0.2012017965316772,1750185791
0.8523306846618652,1750248149.0,-0.0181685220450162,1750185792
2.038109302520752,1750248152.0,-0.4396299421787262,1750185792
1.6237986087799072,1750248153.0,-2.0710787773132324,1750185792
1.930962085723877,1750248153.0,-0.7122884392738342,1750185792
-0.5779876708984375,1750248153.0,2.725498914718628,1750185792
0.757235586643219,1750248156.0,-0.4517610669136047,1750185793
-1.7975757122039795,1750248157.0,-0.376872718334198,1750185793
0.9916040897369384,1750248159.0,0.2246170043945312,1750185794
1.6044468879699707,1750248160.0,-0.8131989240646362,1750185794
0.7699655294418335,1750248161.0,0.0870261490345001,1750185795
-0.8401312828063965,1750248161.0,-1.6120182275772097,1750185795
0.5813551545143127,1750248162.0,-0.529180645942688,1750185796
2.8176474571228027,1750248162.0,0.5165570974349976,1750185796
-1.6402100324630735,1750248163.0,-0.7218915224075317,1750185796
1.8144078254699707,1750248164.0,0.2228587120771408,1750185796
0.9554190635681152,1750248164.0,-0.9840314388275146,1750185796
1.8779451847076416,1750248166.0,-0.3512681722640991,1750185797
-1.0404034852981567,1750248168.0,-2.014693021774292,1750185797
0.4206965267658233,1750248169.0,0.4483920037746429,1750185798
-1.4710575342178345,1750248169.0,0.4462960958480835,1750185798
2.032787799835205,1750248170.0,0.596083402633667,1750185798
-0.6563245058059692,1750248171.0,-0.7063977122306824,1750185799
-1.170210599899292,1750248172.0,-0.0602446310222148,1750185800
1.4138362407684326,1750248174.0,-1.8808887004852293,1750185800
0.5145257711410522,1750248174.0,0.3385408818721771,1750185800
0.4114379584789276,1750248176.0,-0.6091994643211365,1750185801
2.413782835006714,1750248176.0,-1.1235060691833496,1750185801
1.9797710180282595,1750248176.0,0.0291689354926347,1750185801
0.840548574924469,1750248179.0,-0.1391396075487136,1750185801
-1.2371129989624023,1750248180.0,-1.7483478784561155,1750185801
-1.965887188911438,1750248180.0,0.0786115154623985,1750185801
-2.2246596813201904,1750248181.0,-0.438368558883667,1750185802
-1.6103373765945437,1750248186.0,-0.1833202540874481,1750185803
-1.4221789836883545,1750248191.0,-0.5670494437217712,1750185805
2.7797787189483643,1750248193.0,0.7551321983337402,1750185806
0.3689387142658233,1750248198.0,-0.1259466260671615,1750185806
-1.431086540222168,1750248200.0,1.1811493635177612,1750185807
0.5535838603973389,1750248200.0,0.0499983467161655,1750185808
2.274087905883789,1750248202.0,-0.5824811458587646,1750185809
1.618752121925354,1750248204.0,-1.1727352142333984,1750185809
0.3863396048545837,1750248205.0,0.5976280570030212,1750185810
-1.9095029830932615,1750248205.0,0.2674726545810699,1750185811
-2.0563511848449707,1750248206.0,-0.6073068380355835,1750185811
-1.5876147747039795,1750248208.0,-0.0312734730541706,1750185811
-2.742392539978028,1750248208.0,-0.9032445549964904,1750185812
1.1075146198272705,1750248209.0,-0.0144424419850111,1750185812
0.5489560961723328,1750248210.0,0.4210422039031982,1750185812
2.803341627120972,1750248215.0,1.1795411109924316,1750185812
-1.8964591026306152,1750248218.0,-0.4851772487163543,1750185813
1.8472280502319336,1750248218.0,-0.1119948029518127,1750185814
1.2139716148376465,1750248220.0,-0.4169083833694458,1750185814
-0.856959342956543,1750248221.0,-0.3057520687580108,1750185814
-1.6940699815750122,1750248221.0,-0.163395807147026,1750185815
-1.3460922241210938,1750248221.0,0.4059995412826538,1750185815
-1.67345130443573,1750248221.0,0.0013360262382775,1750185815
-0.6138284802436829,1750248222.0,-0.3714634478092193,1750185817
1.955365896224976,1750248222.0,-0.2911306321620941,1750185818
-0.6066002249717712,1750248224.0,0.4092636108398437,1750185818
-0.8331767916679382,1750248226.0,-0.2398992627859115,1750185818
0.8872542381286621,1750248229.0,0.1286198496818542,1750185820
0.8864117860794067,1750248229.0,-0.7050614356994629,1750185820
-0.4362634420394897,1750248230.0,-0.1465008109807968,1750185820
-1.9515773057937624,1750248231.0,-1.7799066305160522,1750185821
0.6722411513328552,1750248237.0,1.619592308998108,1750185821
1.943584442138672,1750248240.0,-0.5444012880325317,1750185822
0.0230683553963899,1750248240.0,0.9568806290626526,1750185822
-0.938587725162506,1750248242.0,-0.0739191472530365,1750185822
-1.6048651933670044,1750248244.0,-0.64909827709198,1750185824
-0.633109986782074,1750248246.0,0.463749498128891,1750185824
-0.5199959874153137,1750248249.0,0.3933457434177398,1750185825
2.4133622646331787,1750248251.0,0.2784755229949951,1750185825
-1.490418553352356,1750248255.0,-2.254533052444458,1750185825
-0.8952486515045166,1750248255.0,-1.8127264976501465,1750185825
-2.930835247039795,1750248257.0,-1.4150989055633545,1750185826
1.5935028791427612,1750248260.0,0.798051118850708,1750185826
-1.334730863571167,1750248260.0,-0.1880101412534713,1750185826
0.6667696833610535,1750248261.0,-0.5399826765060425,1750185827
2.829429149627685,1750248261.0,-1.254932165145874,1750185827
3.3636586666107178,1750248262.0,-0.3651545345783233,1750185827
-1.8686881065368648,1750248262.0,0.5818492770195007,1750185828
0.6142489910125732,1750248263.0,1.9949183464050293,1750185828
-0.8342378735542297,1750248264.0,0.6030983328819275,1750185828
-2.6485724449157715,1750248264.0,0.1738527715206146,1750185830
-0.9634138345718384,1750248266.0,-0.3486692011356354,1750185830
-1.327157735824585,1750248266.0,3.460434913635254,1750185830
-0.7681772708892822,1750248268.0,-2.344356060028076,1750185830
1.7992606163024902,1750248270.0,0.4438675940036773,1750185831
3.1984450817108154,1750248272.0,0.2023168355226516,1750185832
2.55298376083374,1750248273.0,-0.3511942327022552,1750185832
1.8480699062347408,1750248277.0,-0.4678227305412292,1750185832
1.597712516784668,1750248282.0,-0.925123929977417,1750185832
0.8102545738220215,1750248282.0,-0.245383620262146,1750185833
0.3344379961490631,1750248285.0,-0.8249804973602295,1750185833
3.203913688659668,1750248286.0,0.4582484066486358,1750185834
0.587740957736969,1750248287.0,-0.0386373065412044,1750185834
3.320465564727783,1750248288.0,-0.1421461105346679,1750185834
0.6713995933532715,1750248289.0,-0.5573700666427612,1750185834
1.8076752424240112,1750248293.0,1.1487513780593872,1750185834
-0.8035213351249695,1750248295.0,-0.3544555604457855,1750185835
1.855643391609192,1750248295.0,-0.0213212240487337,1750185835
1.4554929733276367,1750248296.0,-1.4937825202941897,1750185835
-1.3801738023757937,1750248297.0,0.7925816774368286,1750185836
2.2048823833465576,1750248297.0,0.345378577709198,1750185836
2.1455559730529785,1750248297.0,0.2746159434318542,1750185837
1.9843995571136477,1750248298.0,0.9905430674552916,1750185838
-0.8712674379348755,1750248298.0,-0.2762668132781982,1750185838
2.721470355987549,1750248299.0,-0.0915801674127578,1750185839
1.2080795764923096,1750248299.0,0.404283344745636,1750185840
-0.5475572347640991,1750248301.0,-0.2727320790290832,1750185840
-0.8988141417503357,1750248303.0,1.625902533531189,1750185840
-0.6297454833984375,1750248303.0,-0.2723743617534637,1750185840
0.9533148407936096,1750248304.0,0.6862000226974487,1750185840
-0.9457417726516724,1750248304.0,-0.4898370504379272,1750185841
1.3179006576538086,1750248306.0,-0.2678821086883545,1750185841
-2.198359966278076,1750248306.0,1.3549299240112305,1750185842
1.715526819229126,1750248307.0,-0.1286186724901199,1750185842
0.6188775300979614,1750248308.0,0.4202012419700622,1750185843
0.4849671423435211,1750248309.0,-0.4551256895065307,1750185843
0.8308716416358948,1750248310.0,-0.6925089359283447,1750185843
0.9958017468452454,1750248311.0,0.1312067955732345,1750185844
1.3885902166366575,1750248311.0,0.0044907787814736,1750185844
0.9423757195472716,1750248314.0,-0.056037314236164,1750185845
0.7454547882080078,1750248317.0,0.2521772682666778,1750185845
-4.844048500061035,1750248318.0,1.965041995048523,1750185845
1.801366925239563,1750248320.0,1.6132802963256836,1750185846
-0.2570179402828216,1750248324.0,-2.634489059448242,1750185847
0.3731477856636047,1750248327.0,0.3020383417606354,1750185847
1.7407742738723757,1750248328.0,2.4333572387695312,1750185848
-1.5707831382751465,1750248329.0,0.4026031494140625,1750185849
2.633845090866089,1750248330.0,0.7387234568595886,1750185850
2.273666381835937,1750248330.0,0.0086998576298356,1750185850
-1.2156533002853394,1750248331.0,0.3816689550876617,1750185851
0.8043628931045532,1750248331.0,1.8169320821762085,1750185851
-1.8640594482421875,1750248331.0,0.1690752953290939,1750185852
-1.782431960105896,1750248334.0,1.2413206100463867,1750185852
1.4735852479934692,1750248335.0,0.0823340788483619,1750185852
-2.3258419036865234,1750248338.0,0.0181673485785722,1750185852
-0.5544245839118958,1750248342.0,0.1375180780887603,1750185853
-1.3019120693206787,1750248346.0,-0.2362931221723556,1750185853
0.0757394284009933,1750248348.0,-0.3058260381221771,1750185854
0.6625639200210571,1750248351.0,-1.1681054830551147,1750185854
1.6052864789962769,1750248352.0,0.6150170564651489,1750185854
-2.220724105834961,1750248354.0,-0.4336644411087036,1750185854
-0.6558309197425842,1750248355.0,-0.5492711663246155,1750185856
-0.896709680557251,1750248355.0,-0.447551429271698,1750185856
0.8733696341514587,1750248360.0,-0.0249619111418724,1750185856
1.2379552125930786,1750248361.0,0.2632645666599273,1750185856
-2.184265375137329,1750248363.0,-0.5476930737495422,1750185857
1.433192253112793,1750248364.0,0.2845767140388489,1750185857
-1.360817551612854,1750248364.0,0.8573813438415527,1750185857
-1.7003812789916992,1750248364.0,-0.1211069226264953,1750185858
1.2148122787475586,1750248369.0,1.667980432510376,1750185858
2.889777898788452,1750248370.0,0.0854891240596771,1750185858
0.2410266250371933,1750248372.0,0.5775680541992188,1750185858
-1.625483512878418,1750248373.0,-1.6364232301712036,1750185859
-0.2332434952259063,1750248373.0,0.4920172989368438,1750185859
-0.681918203830719,1750248375.0,-0.2290344089269638,1750185860
1.5735914707183838,1750248375.0,-0.4548087418079376,1750185861
0.687042772769928,1750248377.0,0.8245601654052734,1750185861
2.031524181365967,1750248377.0,0.2185146510601043,1750185862
1.9347498416900637,1750248379.0,0.5232892632484436,1750185862
3.42964506149292,1750248379.0,-0.5558952689170837,1750185862
2.532860517501831,1750248381.0,0.5269710421562195,1750185865
-2.367918014526367,1750248382.0,0.8986170291900635,1750185865
3.7347028255462646,1750248384.0,0.2321918159723281,1750185866
-0.3117164969444275,1750248385.0,0.7534502148628235,1750185866
-0.604467511177063,1750248385.0,0.0528805069625377,1750185866
-1.2404807806015017,1750248386.0,0.911238133907318,1750185866
2.450810194015503,1750248387.0,0.6079376339912415,1750185866
2.7103512287139893,1750248388.0,1.898563027381897,1750185867
0.3784091472625732,1750248393.0,0.4636136293411255,1750185867
-1.2526801824569702,1750248394.0,0.9154463410377502,1750185867
-1.6347405910491943,1750248395.0,0.550007700920105,1750185868
1.6128604412078855,1750248395.0,-0.1580722481012344,1750185868
2.675501823425293,1750248396.0,-2.002071619033813,1750185868
0.897352933883667,1750248398.0,0.0633979216217994,1750185869
-0.9491069316864014,1750248400.0,-0.2077108472585678,1750185869
0.1648676842451095,1750248406.0,0.7300857901573181,1750185870
1.8396544456481931,1750248408.0,-1.1815707683563232,1750185870
-0.528336763381958,1750248410.0,-0.2389232963323593,1750185871
1.1058331727981567,1750248411.0,-0.5704885125160217,1750185871
-2.086225271224976,1750264064.0,0.0743983313441276,1750185871
-0.5603165626525879,1750264066.0,-0.4314557313919067,1750185872
-2.279557943344116,1750264069.0,1.1731579303741455,1750185872
-1.627165913581848,1750264070.0,0.2969160377979278,1750185874
1.3452506065368652,1750264071.0,0.358104407787323,1750185874
-0.8009966015815735,1750264075.0,0.1740508824586868,1750185874
2.218347549438477,1750264076.0,0.4237456619739532,1750185874
-1.8362866640090945,1750264076.0,0.614593505859375,1750185875
0.352949857711792,1750264077.0,-0.3146615326404571,1750185876
1.0006405115127563,1750264078.0,0.3037531971931457,1750185876
-1.4971476793289185,1750264078.0,0.3258115351200104,1750185876
0.37020343542099,1750264079.0,-0.1517615616321563,1750185878
1.6751337051391602,1750264080.0,-0.8830466270446777,1750185878
-1.3393601179122925,1750264081.0,0.3870333135128021,1750185879
0.6983296275138855,1750264082.0,0.6281338930130005,1750185879
1.320499062538147,1750264084.0,0.4071561396121979,1750185879
0.8275046348571777,1750264084.0,0.038637600839138,1750185879
1.6423133611679075,1750264086.0,-0.3684573173522949,1750185880
1.3254746198654177,1750264091.0,-0.2607298493385315,1750185880
-1.325894832611084,1750264091.0,-0.2460758239030838,1750185880
2.5924105644226074,1750264095.0,0.838445782661438,1750185880
-0.9903388023376464,1750264095.0,-1.5194494724273682,1750185880
-0.9829694032669068,1750264096.0,-0.3215417265892029,1750185881
2.38012170791626,1750264097.0,-0.3523515462875366,1750185881
-2.917790174484253,1750264098.0,-0.1511919945478439,1750185881
-1.5110337734222412,1750264098.0,-0.654990553855896,1750185881
-0.6445447206497192,1750264098.0,-0.5162118673324585,1750185882
-1.278348445892334,1750264099.0,0.4185186922550201,1750185882
-1.2812942266464231,1750264101.0,0.4888601899147033,1750185882
2.5065741539001465,1750264102.0,-0.2018212527036667,1750185882
1.82029926776886,1750264103.0,0.5939776301383972,1750185883
-0.8249809145927429,1750264103.0,-0.523709774017334,1750185883
2.077809810638428,1750264104.0,-0.4968543350696563,1750185884
2.3317325115203857,1750264106.0,0.5666275024414062,1750185884
-1.7963132858276367,1750264107.0,-2.097164392471313,1750185884
1.665876865386963,1750264108.0,1.4912574291229248,1750185885
-1.2017698287963867,1750264109.0,0.4513376355171203,1750185885
-1.2274351119995115,1750264109.0,-0.419012188911438,1750185885
0.2389231324195861,1750264109.0,-2.3565587997436523,1750185886
-1.2779273986816406,1750264110.0,-0.5865830183029175,1750185888
0.7597614526748657,1750264110.0,-0.2574374675750732,1750185888
-1.906556844711304,1750264112.0,0.3091189861297607,1750185889
2.700674057006836,1750264115.0,0.657935619354248,1750185889
0.3739900290966034,1750264116.0,-0.6541495323181152,1750185890
-0.7303075790405273,1750264117.0,-0.4141733944416046,1750185890
-2.73503041267395,1750264118.0,0.3818055689334869,1750185891
2.8361618518829346,1750264119.0,-1.8779425621032717,1750185892
-1.5850900411605835,1750264120.0,-0.0213228370994329,1750185892
-1.7933698892593384,1750264121.0,0.615514874458313,1750185892
3.2964837551116943,1750264123.0,0.7450350522994995,1750185893
-0.8716864585876465,1750264123.0,0.1714210510253906,1750185893
-1.633898138999939,1750264123.0,-0.1995796710252761,1750185893
2.817301034927368,1750264124.0,-0.0870267376303672,1750185894
-0.3886424899101257,1750264125.0,-0.5595494508743286,1750185894
0.2279827296733856,1750264126.0,0.7711228132247925,1750185894
-1.8817315101623533,1750264126.0,0.7572391033172607,1750185894
-1.3978458642959597,1750264126.0,-0.2984619140625,1750185894
-1.805573582649231,1750264127.0,-0.0160628072917461,1750185895
-0.117320716381073,1750264127.0,0.4783401191234588,1750185895
1.044400691986084,1750264128.0,0.3659954667091369,1750185896
-1.8476485013961792,1750264129.0,-0.1445972770452499,1750185896
1.2404807806015017,1750264129.0,-0.2472651451826095,1750185897
0.6053076386451721,1750264130.0,-0.1785427182912826,1750185897
-0.5312828421592712,1750264132.0,1.761391520500183,1750185898
1.816091060638428,1750264133.0,-0.549797773361206,1750185898
1.4613832235336304,1750264134.0,0.3847198486328125,1750185899
0.7876060009002686,1750264137.0,0.1659193783998489,1750185899
-0.6639004945755005,1750264138.0,-1.322527289390564,1750185900
1.2690914869308472,1750264138.0,0.2342975288629531,1750185900
0.8153032064437866,1750264140.0,-0.4160675406455993,1750185900
-1.5055646896362305,1750264141.0,1.8308186531066892,1750185901
2.570308208465576,1750264142.0,0.4920167028903961,1750185903
-1.6734501123428345,1750264143.0,-1.023362159729004,1750185903
0.7294656038284302,1750264143.0,0.3746534287929535,1750185903
-0.7202077507972717,1750264144.0,0.343620628118515,1750185903
1.2324835062026978,1750264144.0,0.0328937694430351,1750185904
0.8994568586349487,1750264146.0,0.1003849282860755,1750185906
-1.459426760673523,1750264146.0,-0.1854224503040313,1750185906
-1.182834267616272,1750264148.0,-0.6642479300498962,1750185906
-1.2711955308914185,1750264150.0,-1.7592860460281372,1750185907
-0.7742661833763123,1750264157.0,0.5161364674568176,1750185907
-0.3516270518302917,1750264158.0,-0.5299168825149536,1750185908
0.7252584099769592,1750264159.0,-0.1816987246274948,1750185908
-1.945689797401428,1750264160.0,-1.0124218463897705,1750185908
0.4749749600887298,1750264163.0,-0.5793245434761047,1750185909
1.683969259262085,1750264166.0,-0.974773645401001,1750185909
1.5106141567230225,1750264167.0,0.6158581972122192,1750185909
-0.379459947347641,1750264168.0,-0.0649349465966224,1750185911
-1.681023120880127,1750264169.0,0.5699955821037292,1750185912
-3.251312732696533,1750264171.0,0.2245427519083023,1750185913
-1.7841120958328247,1750264176.0,-0.3734955191612243,1750185913
1.662931203842163,1750264176.0,-0.269144207239151,1750185913
-1.7799066305160522,1750264178.0,-0.6634033918380737,1750185915
-1.934748649597168,1750264179.0,-0.6091999411582947,1750185915
2.8222761154174805,1750264180.0,-0.4749007225036621,1750185915
1.5400660037994385,1750264181.0,-0.3647330105304718,1750185915
-1.8043071031570437,1750264183.0,0.6281344890594482,1750185915
0.639000654220581,1750264183.0,-0.0065953186713159,1750185915
1.3570324182510376,1750264184.0,0.83255535364151,1750185915
2.0180604457855225,1750264184.0,-0.6524658203125,1750185916
-1.2282769680023191,1750264187.0,2.6290159225463867,1750185916
-2.550335168838501,1750264188.0,-0.7206294536590576,1750185916
-0.861164927482605,1750264188.0,0.9756041169166564,1750185916
1.9305408000946045,1750264191.0,-0.0633996799588203,1750185917
0.5645247101783752,1750264192.0,-0.4354224503040313,1750185917
3.201031446456909,1750264195.0,0.7702808380126953,1750185917
1.8366358280181885,1750264196.0,1.6296911239624023,1750185919
-1.5964518785476685,1750264197.0,0.6541478037834167,1750185920
1.4874707460403442,1750264198.0,0.2406052649021148,1750185920
-1.522395133972168,1750264201.0,0.0985958352684974,1750185921
0.4530956447124481,1750264201.0,0.1554004848003387,1750185921
-2.59765887260437,1750264202.0,-0.597345232963562,1750185921
-0.6165701150894165,1750264208.0,0.0302220843732357,1750185921
0.644892156124115,1750264212.0,0.1286186724901199,1750185921
1.906977653503418,1750264214.0,0.3647330105304718,1750185922
-0.7593407034873962,1750264215.0,-0.1065286472439765,1750185922
-0.8472829461097717,1750264216.0,-1.7205770015716553,1750185923
-1.8106207847595213,1750264217.0,-0.936906635761261,1750185923
-1.6263227462768557,1750264220.0,-0.5346497297286987,1750185924
1.6225378513336182,1750264224.0,0.578694224357605,1750185924
1.356609582901001,1750264225.0,-0.1686550676822662,1750185925
1.8922507762908936,1750264228.0,-0.804363489151001,1750185925
-0.9036630392074584,1750264231.0,-0.1985291689634323,1750185925
0.1921457350254058,1750264231.0,-0.8338164687156677,1750185926
-1.5316510200500488,1750264234.0,-0.6579378247261047,1750185929
1.876681327819824,1750264234.0,0.2411739528179168,1750185929
2.433138132095337,1750264235.0,0.3758210241794586,1750185930
0.9688843488693236,1750264236.0,-0.5643879771232605,1750185931
-0.6078639030456543,1750264236.0,0.2795263230800628,1750185931
-1.357452630996704,1750264237.0,0.1633327156305313,1750185931
-1.2859220504760742,1750264238.0,-0.6474159955978394,1750185933
2.542539119720459,1750264238.0,0.3784385025501251,1750185933
-1.407945990562439,1750264240.0,-0.66845703125,1750185935
2.7046711444854736,1750264242.0,-0.8249481916427612,1750185935
0.8422321677207947,1750264243.0,0.5821655988693237,1750185936
-1.595184326171875,1750264246.0,-1.9907103776931765,1750185936
2.1152584552764893,1750264246.0,0.1769960075616836,1750185936
3.274454355239868,1750264250.0,0.3668365478515625,1750185937
1.6107587814331057,1750264251.0,0.1017538160085678,1750185939
-1.6414729356765747,1750264252.0,-0.0775569006800651,1750185940
-0.811515212059021,1750264252.0,1.2358521223068235,1750185941
-2.04078221321106,1750264253.0,-0.2248282730579376,1750185941
-1.822401762008667,1750264254.0,-0.0701957121491432,1750185942
2.4074718952178955,1750264255.0,0.0891292244195938,1750185942
0.8279272317886353,1750264256.0,-0.2838718891143799,1750185942
2.7717835903167725,1750264258.0,0.3305878043174743,1750206794
-1.9503165483474727,1750264258.0,-2.1346142292022705,1750206795
-0.999178946018219,1750264259.0,-1.2762463092803955,1750206795
3.0427591800689697,1750264263.0,0.6057600975036621,1750206795
-0.4416600465774536,1750264264.0,-0.7378809452056885,1750206795
1.93180251121521,1750264264.0,0.382826566696167,1750206796
-0.6015510559082031,1750264265.0,0.5511627197265625,1750206797
-0.2696392238140106,1750264266.0,0.5544286966323853,1750206797
-1.698276162147522,1750264268.0,-2.0841197967529297,1750206797
0.3365431129932403,1750264270.0,-0.5321252942085266,1750206797
3.7473998069763184,1750264271.0,0.8148820996284485,1750206797
-1.636844038963318,1750264271.0,-1.8956186771392824,1750206797
-0.584722638130188,1750264271.0,-0.402181476354599,1750206798
-0.5166620016098022,1750264271.0,0.4253545701503753,1750206798
-2.2757821083068848,1750264273.0,-0.7648109793663025,1750206799
-2.190995454788208,1750264273.0,0.1438299268484115,1750206800
2.611124038696289,1750264274.0,1.682707905769348,1750206800
0.9528946280479432,1750264276.0,0.1738516688346862,1750206801
-0.6566737294197083,1750264277.0,0.9137613773345948,1750206801
-1.3688119649887085,1750264280.0,0.4955179989337921,1750206801
-1.2665680646896362,1750264281.0,0.2821995913982391,1750206802
-0.763128399848938,1750264281.0,0.4719555079936981,1750206803
-1.240478515625,1750264281.0,1.2169162034988403,1750206803
0.556424617767334,1750264281.0,0.0236370526254177,1750206803
0.3285465240478515,1750264283.0,-0.401972234249115,1750206803
0.482474684715271,1750264286.0,-1.5724674463272097,1750206803
-1.7437186241149902,1750264290.0,0.3869611024856567,1750206803
0.704714834690094,1750264292.0,0.3957968652248382,1750206804
2.4991989135742188,1750264292.0,0.2122039794921875,1750206804
-1.528285026550293,1750264292.0,0.1427773684263229,1750206804
-0.8388662934303284,1750264292.0,0.5926836133003235,1750206805
2.535805940628052,1750264293.0,0.3470602631568908,1750206805
-0.8136203289031982,1750264296.0,-0.4568070471286773,1750206806
-0.0610116720199584,1750264297.0,0.889779269695282,1750206807
1.3271589279174805,1750264305.0,0.5217097401618958,1750206807
0.8413901329040527,1750264307.0,0.5307582020759583,1750206808
-2.39148211479187,1750264308.0,0.1233602613210678,1750206808
0.8800987601280212,1750264309.0,-2.947664499282837,1750206811
0.9129214882850648,1750264310.0,0.1890616714954376,1750206811
-1.9166558980941768,1750264310.0,0.4800240099430084,1750206811
-1.820297122001648,1750264312.0,-1.7285710573196411,1750206811
-0.2542806565761566,1750264312.0,0.488153874874115,1750206813
-1.747357726097107,1750264313.0,0.388716459274292,1750206813
-0.718181848526001,1750264315.0,0.2401897609233856,1750206813
0.6272207498550415,1750264317.0,1.641472339630127,1750206813
1.6187514066696167,1750264319.0,0.6306583285331726,1750206814
1.80978000164032,1750264319.0,-0.7311506271362305,1750206814
-0.9585646986961364,1750264320.0,0.7938439249992371,1750206814
1.5745707750320437,1750264320.0,-0.5156102776527405,1750206814
-1.9477927684783936,1750264321.0,-0.154349684715271,1750206814
2.718766927719116,1750264324.0,0.3747570216655731,1750206815
1.6082314252853394,1750264326.0,1.0393526554107666,1750206816
-0.6057645082473755,1750264328.0,-0.4604597687721252,1750206816
-0.8872539401054382,1750264328.0,0.5502181053161621,1750206817
0.814461350440979,1750264332.0,-0.7210481762886047,1750206817
-2.9405128955841064,1750264333.0,-0.8148820996284485,1750206817
0.6745241284370422,1750264333.0,-0.6983285546302795,1750206817
-1.6902817487716677,1750264336.0,0.4568077027797699,1750206817
0.4472039639949798,1750264336.0,0.6787634491920471,1750206818
2.0386784076690674,1750264337.0,-0.3474813401699066,1750206818
-0.7799579501152039,1750264338.0,-0.5963656902313232,1750206819
-0.3650802969932556,1750264340.0,-0.3605252504348755,1750206819
1.6717678308486938,1750264341.0,-0.1206864565610885,1750206819
-1.5375436544418335,1750264342.0,0.3083507716655731,1750206819
1.675554633140564,1750264342.0,-2.3868560791015625,1750206820
1.717631459236145,1750264343.0,0.7441957592964172,1750206820
-0.2955498099327087,1750264343.0,0.4857042729854584,1750206822
-1.5724644660949707,1750264344.0,-0.5656497478485107,1750206823
-2.319531917572021,1750264344.0,0.5481145977973938,1750206823
0.8060460686683655,1750264345.0,-1.861956596374512,1750206823
-1.3503000736236572,1750264345.0,0.0680905878543853,1750206824
2.3317341804504395,1750264345.0,0.7399843335151672,1750206824
2.6990649700164795,1750264348.0,0.1791742742061615,1750206824
1.435713529586792,1750264349.0,-0.5803034901618958,1750206824
-0.5451695322990417,1750264349.0,-0.0407400839030742,1750206825
1.5531128644943235,1750264351.0,-0.1639556735754013,1750206825
-0.1097470670938491,1750264356.0,0.2212509363889694,1750206825
1.6191705465316772,1750264357.0,-0.8855714201927185,1750206825
0.520344078540802,1750264359.0,-0.8636931777000427,1750206825
1.8093591928482056,1750264360.0,0.2535761296749115,1750206825
-0.5636831521987915,1750264360.0,-0.0933380126953125,1750206825
3.4507572650909424,1750264362.0,0.4488126039505005,1750206826
-1.8893054723739624,1750264363.0,-2.190152645111084,1750206826
-1.7475074529647827,1750264363.0,-0.3738115727901459,1750206827
-0.5851433873176575,1750264364.0,0.5136120319366455,1750206828
0.3653024435043335,1750264364.0,-0.6620078086853027,1750206828
0.6174046397209167,1750264366.0,-0.7572364211082458,1750206828
-1.177785038948059,1750264366.0,0.591452956199646,1750206828
1.4205684661865234,1750264366.0,-0.1349299401044845,1750206829
-0.595314621925354,1750264368.0,-0.4416603446006775,1750206830
-1.6229593753814695,1750264371.0,-1.384382247924805,1750206830
-1.7609707117080688,1750264372.0,0.1122718155384063,1750206831
-2.515608787536621,1750264372.0,1.50304114818573,1750206831
2.0559287071228027,1750264372.0,-0.1253154426813125,1750206832
-2.472692012786865,1750264373.0,0.3400558829307556,1750206832
-0.6336038708686829,1750264375.0,0.7311490178108215,1750206832
1.9208625555038448,1750264379.0,-0.7370394468307495,1750206832
-1.3856444358825684,1750264380.0,2.72621488571167,1750206832
1.257311224937439,1750264380.0,-0.3379519283771515,1750206833
1.6191728115081787,1750264380.0,0.3748315572738647,1750206833
0.572279691696167,1750264381.0,-0.1854224503040313,1750206833
1.7214181423187256,1750264381.0,0.3962906897068023,1750206834
1.2354307174682615,1750264381.0,1.299385905265808,1750206835
-0.8279277682304382,1750264385.0,0.8018384575843811,1750206835
-1.93180251121521,1750264386.0,-0.898615300655365,1750206836
-0.431982159614563,1750264386.0,-0.4273649156093597,1750206836
-1.513136863708496,1750264387.0,-0.3176069855690002,1750206836
-1.0915268659591677,1750264389.0,-0.8691611289978027,1750206837
2.8471009731292725,1750264390.0,0.6112294793128967,1750206838
1.00274395942688,1750264391.0,-0.4328237473964691,1750206839
1.6364258527755735,1750264392.0,0.3737170696258545,1750206839
-2.4461822509765625,1750264394.0,-0.6437036991119385,1750206839
-0.5404369831085205,1750264395.0,-0.6600394248962402,1750206839
1.6368436813354492,1750264396.0,2.1012983322143555,1750206840
-1.184517502784729,1750264398.0,0.5590526461601257,1750206841
0.7080068588256836,1750264398.0,-0.0112861860543489,1750206841
0.498884379863739,1750264400.0,-0.3563173711299896,1750206842
1.6345930099487305,1750264401.0,0.5165569186210632,1750206842
-0.9827681183815002,1750264401.0,-0.686967670917511,1750206843
1.667140007019043,1750264401.0,0.0886465162038803,1750206843
-1.2867648601531982,1750264402.0,-0.2884990870952606,1750206844
1.3170586824417114,1750264403.0,0.2285519987344741,1750206844
-1.6292694807052612,1750264404.0,0.6873894929885864,1750206845
-0.6326894760131836,1750264405.0,-1.1474872827529907,1750206846
2.8446507453918457,1750264407.0,1.6036018133163452,1750206846
-0.672241747379303,1750264408.0,0.6149861216545105,1750206847
1.3852237462997437,1750264411.0,0.5014093518257141,1750206848
-1.4180461168289185,1750264413.0,0.3731482326984405,1750206850
1.5775163173675537,1750264413.0,-0.118583969771862,1750206850
-1.758446216583252,1750264413.0,-0.7744902968406677,1750206851
2.665402889251709,1750264415.0,0.5939781069755554,1750206851
3.4999868869781494,1750264417.0,-0.1244037300348281,1750206852
2.4150447845458984,1750264418.0,-0.2000004649162292,1750206853
0.3180271983146667,1750264419.0,-0.5809326171875,1750206853
-1.32126784324646,1750264419.0,0.4934145510196686,1750206854
-0.6528871655464172,1750264420.0,-0.7223146557807922,1750206854
-2.138821601867676,1750264421.0,0.1543473452329635,1750206854
-2.050459861755371,1750264422.0,0.8809441328048706,1750206857
-0.9400493502616882,1750264424.0,-0.777016282081604,1750206857
-0.761865496635437,1750264426.0,-0.614596426486969,1750206857
-1.200085163116455,1750264426.0,0.4917344152927398,1750206859
1.6322152614593506,1750264428.0,0.0659825205802917,1750206859
-0.2704810798168182,1750264428.0,0.3930300176143646,1750206860
-1.8531187772750852,1750264428.0,0.3302304148674011,1750206860
1.2623590230941772,1750264428.0,-0.7820622324943542,1750206860
2.784059762954712,1750264428.0,-0.3924300670623779,1750206861
-0.4841578602790832,1750264428.0,0.1764420717954635,1750206862
1.567416787147522,1750264429.0,-0.3563173711299896,1750206863
0.186475321650505,1750264429.0,0.1378647685050964,1750206863
-1.462225079536438,1750264430.0,-0.7892168164253235,1750206864
2.6590917110443115,1750264433.0,-0.4294577240943908,1750206864
-1.831239461898804,1750264434.0,0.0491561852395534,1750206865
-2.207829236984253,1750264434.0,0.5559715628623962,1750206865
-1.4811582565307615,1750264435.0,0.66677325963974,1750206865
1.5215541124343872,1750264436.0,1.34104323387146,1750206866
-2.375493288040161,1750264436.0,-0.528096079826355,1750206866
-1.947791695594788,1750264437.0,-0.6213284730911255,1750206866
0.714813232421875,1750264439.0,0.6221665143966675,1750206867
-1.1883045434951782,1750264442.0,-0.6166698336601257,1750206867
-0.4909620881080627,1750264444.0,0.4328971207141876,1750206867
-1.2892884016036987,1750264444.0,-0.1839500069618225,1750206868
-2.028580904006958,1750264444.0,-0.2027368545532226,1750206869
1.1723146438598633,1750264446.0,-0.3706547617912292,1750206870
-2.667086124420166,1750264446.0,-0.1338791400194168,1750206870
-1.941481113433838,1750264448.0,-1.2177563905715942,1750206871
0.6647415161132812,1750264448.0,0.562841534614563,1750206872
1.5198699235916138,1750264448.0,0.1002167910337448,1750206872
-1.2610965967178345,1750264450.0,-0.111788235604763,1750206872
0.7488210797309875,1750264451.0,0.7055560946464539,1750206872
-0.5927146673202515,1750264454.0,0.4105231761932373,1750206873
-0.8548552989959717,1750264455.0,0.4883654415607452,1750206876
2.7663135528564453,1750264456.0,-0.300775945186615,1750206876
0.9478453993797302,1750264458.0,-0.981928288936615,1750206876
-0.9756157994270324,1750264458.0,-0.326022207736969,1750206877
-1.9019290208816528,1750264459.0,0.7799589037895203,1750206877
-0.9507912397384644,1750264459.0,0.7875322699546814,1750206878
1.2817153930664062,1750264461.0,0.2009793817996978,1750206880
-0.9638336896896362,1750264461.0,-2.1484992504119877,1750206880
1.524497628211975,1750264462.0,-0.5582129955291748,1750206880
-1.9717758893966677,1750264462.0,0.2260269820690155,1750206881
-0.7408271431922913,1750280507.0,2.2478020191192627,1750206882
1.5085102319717407,1750280508.0,0.4863345623016357,1750206882
0.355477511882782,1750280508.0,1.928857684135437,1750206882
0.6180357933044434,1750280509.0,-2.0664491653442383,1750206883
-1.7180521488189695,1750280509.0,-0.3222350776195526,1750206883
-0.2637481689453125,1750280512.0,0.5485334992408752,1750206884
0.3996558487415313,1750280513.0,-0.1280494034290313,1750206884
1.368393063545227,1750280516.0,0.5826908946037292,1750206885
2.0954811573028564,1750280517.0,-0.520344078540802,1750206885
-0.4589831829071045,1750280517.0,0.6941950917243958,1750206886
2.937145948410034,1750280517.0,-0.4416603446006775,1750206886
-1.5918208360671997,1750280518.0,2.8715062141418457,1750206886
-0.7274360656738281,1750280518.0,-0.1791114807128906,1750206887
-1.3528259992599487,1750280520.0,0.145931527018547,1750206889
0.7820623517036438,1750280520.0,-0.7652317881584167,1750206890
1.680604100227356,1750280521.0,-0.0139617919921875,1750206890
1.829555988311768,1750280521.0,0.3817748725414276,1750206890
1.9061349630355835,1750280522.0,0.5170851349830627,1750206891
1.3713383674621582,1750280525.0,-0.2321918159723281,1750206892
2.5048041343688965,1750280526.0,-2.680772304534912,1750206892
1.6002366542816162,1750280529.0,1.927597522735596,1750206892
1.6385270357131958,1750280531.0,-0.338992029428482,1750206893
1.6427319049835205,1750280531.0,-0.0192193239927291,1750206893
1.9520000219345093,1750280532.0,-0.4559666514396667,1750206894
-1.9831368923187256,1750280535.0,0.9747743606567384,1750206894
-0.9280691742897034,1750280536.0,1.9414812326431277,1750206894
1.8863600492477417,1750280537.0,-1.4596985578536987,1750206894
-0.8535927534103394,1750280538.0,-0.535070538520813,1750206895
1.6873373985290527,1750280538.0,-0.885154128074646,1750206895
-1.3540854454040527,1750280539.0,0.7875320315361023,1750206895
-0.5527433156967163,1750280541.0,-2.0130105018615723,1750206896
-0.8249828219413757,1750280541.0,-0.026582570746541,1750206896
1.434032678604126,1750280541.0,-0.0594020262360572,1750206896
-1.2619388103485107,1750280545.0,1.684390902519226,1750206897
-1.3625024557113647,1750280546.0,-0.327315092086792,1750206898
1.8442840576171875,1750280551.0,-0.6941210627555847,1750206898
-0.621612548828125,1750280551.0,-0.1176675632596015,1750206899
0.3878748714923858,1750280554.0,-2.0416247844696045,1750206899
-0.986555814743042,1750280554.0,0.6907554268836975,1750206899
-0.7584980130195618,1750280555.0,0.3110844492912292,1750206900
1.5791971683502195,1750280556.0,-0.7282033562660217,1750206901
-1.3494594097137451,1750280556.0,0.3369621634483337,1750206902
1.9759832620620728,1750280556.0,-0.5920735597610474,1750206903
2.396110773086548,1750280558.0,-0.5068458914756775,1750206904
-1.028212308883667,1750280561.0,0.2600669860839844,1750206904
0.8611667156219482,1750280561.0,0.3445363938808441,1750206904
2.7448534965515137,1750280561.0,0.1753868609666824,1750206905
2.099269390106201,1750280562.0,-0.3755997717380523,1750206905
0.1619221419095993,1750280563.0,0.3973426818847656,1750206906
-1.4108892679214478,1750280565.0,0.2079965472221374,1750206907
1.4315091371536257,1750280565.0,-0.194668099284172,1750206907
2.033627986907959,1750280566.0,-0.1638154238462448,1750206907
3.2468318939208984,1750280571.0,-0.4130483567714691,1750206907
-0.6457325220108032,1750280571.0,0.6810783743858337,1750206908
-0.8430739045143127,1750280575.0,0.1359822154045105,1750206908
-0.6427880525588989,1750280575.0,-1.1394948959350586,1750206909
-0.3222350776195526,1750280579.0,0.083869345486164,1750206909
1.5796197652816772,1750280580.0,-0.163332313299179,1750206909
2.1160998344421387,1750280580.0,1.8144090175628664,1750206910
-1.877522349357605,1750280581.0,1.4244292974472046,1750206910
1.5093512535095217,1750280582.0,0.4378732442855835,1750206910
0.2342206388711929,1750280583.0,0.4382629096508026,1750206911
0.3802284896373749,1750280585.0,-0.2599610388278961,1750206911
2.99226713180542,1750280585.0,-0.4399769008159637,1750206912
-1.5951889753341677,1750280587.0,-0.754292368888855,1750206912
-0.7530305981636047,1750280590.0,-0.649100124835968,1750206913
1.39658522605896,1750280590.0,0.3021827042102813,1750206913
2.9426138401031494,1750280591.0,0.3878754675388336,1750206914
-1.3305238485336304,1750280591.0,1.756762981414795,1750206914
-1.0431382656097412,1750280592.0,-2.272207260131836,1750206914
-0.8237187266349792,1750280594.0,0.4827587306499481,1750206914
-0.5846903920173645,1750280597.0,-0.3049093186855316,1750206914
-0.9583652019500732,1750280597.0,2.455859899520874,1750206914
0.2124874144792556,1750280599.0,0.7934224009513855,1750206915
-0.2666930854320526,1750280602.0,-0.4223048388957977,1750206915
2.752081632614136,1750280603.0,-0.9263859987258912,1750206917
0.6192982196807861,1750280604.0,0.423639714717865,1750206918
1.3334684371948242,1750280605.0,0.0933368355035781,1750206918
-1.693649172782898,1750280606.0,-0.3868255317211151,1750206919
0.7610241174697876,1750280607.0,1.904873728752136,1750206919
1.215653896331787,1750280608.0,0.0297376178205013,1750206919
1.6646158695220947,1750280608.0,-0.2293912321329116,1750206919
1.8716332912445068,1750280613.0,0.1307111829519271,1750206920
2.011327743530273,1750280615.0,-0.3812484443187713,1750206920
-1.3242121934890747,1750280616.0,-0.4328979849815368,1750206921
-1.570784330368042,1750280617.0,-0.0455166734755039,1750206921
1.4748479127883911,1750280618.0,-0.8502278923988342,1750206922
1.957470178604126,1750280620.0,0.1869583129882812,1750206922
1.533755660057068,1750280620.0,0.7858484387397766,1750206923
-1.4411866664886477,1750280621.0,1.917497396469116,1750206924
-1.8160916566848757,1750280622.0,0.3737159073352813,1750206924
2.667506217956543,1750280623.0,-1.729833722114563,1750206924
-1.810619592666626,1750280624.0,-0.7871081829071045,1750206925
-0.4783407151699066,1750280624.0,-0.3889273405075073,1750206925
-2.5172927379608154,1750280628.0,-0.3810691833496094,1750206925
1.5358593463897705,1750280629.0,-0.2054091095924377,1750206925
2.6964657306671143,1750280629.0,-0.3277053833007812,1750206925
2.570729732513428,1750280630.0,-1.0856351852416992,1750206926
2.4322965145111084,1750280630.0,0.5915292501449585,1750206926
-0.6831822991371155,1750280630.0,0.3411695063114166,1750206927
-0.7803792357444763,1750280631.0,0.6096208691596985,1750206928
-0.2963579595088959,1750280633.0,-0.0724463909864425,1750206929
1.0844476222991943,1750280634.0,-0.2079972475767135,1750206929
-0.7292421460151672,1750280637.0,-0.4029490947723388,1750206930
-0.4993054568767547,1750280637.0,-0.093336246907711,1750206930
0.0007676983368583,1750280641.0,0.5380162596702576,1750206931
-1.8085191249847408,1750280642.0,-1.633475661277771,1750206932
1.429404616355896,1750280645.0,0.3144824504852295,1750206933
0.9339616894721984,1750280645.0,0.4811075627803802,1750206933
-1.2122875452041626,1750280646.0,-0.2413729131221771,1750206933
0.7404062747955322,1750280647.0,0.7644635438919067,1750206934
-0.6503607034683228,1750280648.0,2.9825892448425293,1750206934
3.1702511310577397,1750280650.0,0.709267795085907,1750206934
0.7265947461128235,1750280650.0,-0.2490216642618179,1750206935
2.103899478912353,1750280650.0,-0.2477592825889587,1750206935
-0.9861350059509276,1750280651.0,0.2552578151226043,1750206936
1.8123050928115845,1750280651.0,0.3570838272571563,1750206936
-1.3776490688323977,1750280652.0,0.1669719368219375,1750206936
0.7460753321647644,1750280654.0,-0.6283451914787292,1750206937
-1.8678460121154783,1750280655.0,0.1606603413820266,1750206938
-1.6599860191345217,1750280655.0,-0.531355619430542,1750206938
-1.795474648475647,1750280656.0,0.1846430450677871,1750206938
-0.7648103833198547,1750280659.0,-0.3053304255008697,1750206938
1.3267369270324707,1750280660.0,-0.8327565789222717,1750206939
-1.5871931314468384,1750280662.0,2.0731804370880127,1750206939
0.5262028574943542,1750280662.0,0.2969260513782501,1750206940
-0.6747676730155945,1750280666.0,0.1475535035133361,1750206941
2.587064743041992,1750280668.0,0.0175974909216165,1750206941
1.6187511682510376,1750280668.0,-1.886783242225647,1750206942
-1.9743006229400637,1750280669.0,1.0894241333007812,1750206942
-1.6301116943359375,1750280670.0,0.6162801384925842,1750206943
1.6755540370941162,1750280670.0,0.7584993839263916,1750206943
-1.2135496139526367,1750280670.0,0.186473548412323,1750206944
-0.7114474773406982,1750280671.0,0.1501408964395523,1750206945
1.5442744493484497,1750280672.0,-0.9486876130104064,1750206945
1.416779637336731,1750280674.0,0.0833863466978073,1750206945
-2.8854660987854004,1750280674.0,-0.0007676342502236,1750206946
-0.3756725490093231,1750280675.0,2.476898670196533,1750206947
-1.4432907104492188,1750280675.0,0.5678910613059998,1750206947
1.5266033411026,1750280676.0,0.5990283489227295,1750206948
-1.258151650428772,1750280678.0,-0.2132568210363388,1750206948
0.5352501273155212,1750280679.0,0.7858484983444214,1750206950
0.7151597738265991,1750280679.0,-0.2446024864912033,1750206950
-0.6945424675941467,1750280682.0,-0.5652618408203125,1750206950
-0.3629766404628753,1750280683.0,-0.1291022598743438,1750206950
-1.691123127937317,1750280686.0,-0.503407895565033,1750206951
0.4885764420032501,1750280687.0,1.382277488708496,1750206952
1.520291090011597,1750280688.0,0.0251734778285026,1750206952
1.197981595993042,1750280688.0,0.5350394248962402,1750206952
0.73766028881073,1750280689.0,0.5262362957000732,1750206954
-1.4193060398101809,1750280689.0,0.5072678327560425,1750206954
1.5867724418640137,1750280693.0,-0.3409591019153595,1750206955
-1.620853066444397,1750280694.0,0.1862525939941406,1750206955
0.552742600440979,1750280695.0,0.8384453654289246,1750206956
0.8350782990455627,1750280696.0,-0.5873198509216309,1750206956
1.161386013031006,1750280699.0,-0.451560378074646,1750206957
0.6824141144752502,1750280701.0,0.6183858513832092,1750206958
-1.727308988571167,1750280701.0,-1.969671607017517,1750206958
0.8430740237236023,1750280701.0,-0.3182701468467712,1750206958
-0.2847870886325836,1750280702.0,-0.6831822991371155,1750206959
0.4816333949565887,1750280702.0,0.4416603446006775,1750206959
1.7458230257034302,1750280702.0,-1.1714723110198977,1750206959
-1.5000933408737185,1750280703.0,0.5468523502349854,1750206959
3.231053352355957,1750280704.0,-1.5935043096542358,1750206960
-2.016797542572021,1750280705.0,0.0807137116789817,1750206961
0.6377387046813965,1750280705.0,0.5733616352081299,1750206962
-0.3436948359012604,1750280706.0,0.4829682409763336,1750206963
0.4236403107643127,1750280708.0,2.816458940505981,1750206963
-0.1974768936634063,1750280714.0,0.182750403881073,1750206963
-1.5728882551193235,1750280714.0,2.176270008087158,1750206963
-1.662930965423584,1750280714.0,-0.5893190503120422,1750206964
1.4605401754379272,1750280716.0,-0.4392406642436981,1750206964
-1.9944974184036253,1750280716.0,0.487596333026886,1750206965
-1.1323400735855105,1750280717.0,0.0062378975562751,1750206966
0.9888592958450316,1750280718.0,0.7067442536354065,1750206966
-1.5573186874389648,1750280719.0,0.1154270097613334,1750206968
1.322108268737793,1750280720.0,2.0807530879974365,1750206968
1.3044357299804688,1750280720.0,0.9784874320030212,1750206968
-2.236217737197876,1750280721.0,0.5750433206558228,1750206969
0.5497970581054688,1750280721.0,-0.3044893145561218,1750206969
0.786690890789032,1750280721.0,0.663899302482605,1750206970
-1.334311842918396,1750280723.0,-2.942690134048462,1750206970
1.445812463760376,1750280726.0,-0.4316354691982269,1750206970
0.7273624539375305,1750280726.0,-0.4273646175861358,1750206973
-0.3531617224216461,1750280727.0,1.223227620124817,1750206973
3.2917075157165527,1750280728.0,0.7648108601570129,1750206974
-1.5716270208358765,1750280728.0,-0.3802284598350525,1750206974
-0.8266648054122925,1750280728.0,0.2009796798229217,1750206975
1.4651706218719482,1750280731.0,-0.2548499405384063,1750206975
2.435661792755127,1750280734.0,0.2350604683160781,1750206975
-0.8556946516036987,1750280736.0,-2.213716745376587,1750206975
0.9175499081611632,1750280736.0,0.6622478365898132,1750206976
-1.3309446573257446,1750280738.0,-0.5421189069747925,1750206976
1.501356840133667,1750280739.0,-0.2955480515956878,1750206976
2.054246187210083,1750280740.0,1.8526980876922607,1750206976
-0.697068452835083,1750280743.0,1.407175898551941,1750206976
-0.3592630326747894,1750280745.0,0.6587780117988586,1750206977
-2.392745018005371,1750280746.0,-0.5380158424377441,1750206977
-2.4209353923797607,1750280747.0,0.8960908055305481,1750206977
0.3895586431026459,1750280750.0,0.6642462015151978,1750206978
-1.1537997722625732,1750280750.0,0.3272100985050201,1750206978
-0.9444797039031982,1750280751.0,-0.8914624452590942,1750206979
1.450861930847168,1750280755.0,0.5789043307304382,1750206979
-2.3292076587677,1750280759.0,0.1012673005461692,1750206979
-1.202612042427063,1750280767.0,0.504008948802948,1750206980
2.763441801071167,1750280769.0,0.7942639589309692,1750206982
2.123252868652344,1750280769.0,0.5480815768241882,1750206982
-1.642734169960022,1750280769.0,-1.8308175802230835,1750206982
2.908954620361328,1750280770.0,-1.146647572517395,1750206982
0.5329660773277283,1750280771.0,0.0209655798971653,1750206983
-1.4445521831512451,1750280771.0,-0.445446252822876,1750206983
-1.2943390607833862,1750280771.0,-0.3155027329921722,1750206983
1.6360026597976685,1750280772.0,0.4450266659259796,1750206983
2.9132354259490967,1750280773.0,-1.828716516494751,1750206984
-1.9738786220550537,1750280775.0,0.4657492935657501,1750206984
0.8927242159843445,1750280776.0,0.532545804977417,1750206984
-0.4720282554626465,1750280778.0,0.492331326007843,1750206984
1.5573184490203855,1750280779.0,-0.278475821018219,1750206986
1.3932183980941772,1750280785.0,-0.0591929480433464,1750206987
1.29980731010437,1750280787.0,-1.9508126974105835,1750206987
-1.622118353843689,1750280789.0,0.5226604342460632,1750206987
-1.5009348392486572,1750280790.0,-0.5391751527786255,1750206987
-0.0239093471318483,1750280792.0,-0.4469956457614898,1750206988
1.6044446229934692,1750280792.0,0.7446136474609375,1750206988
-1.629270076751709,1750280792.0,0.6325526833534241,1750206988
-1.956208348274231,1750280797.0,-0.6810765862464905,1750206989
1.6170674562454224,1750280797.0,-0.3889277279376983,1750206989
1.5989755392074585,1750280798.0,0.730728268623352,1750206989
-1.9923975467681885,1750280798.0,2.048356771469116,1750206990
1.732780933380127,1750280799.0,-0.343619704246521,1750206990
1.827873706817627,1750280802.0,-0.2800957560539245,1750206991
-1.5051432847976685,1750280802.0,0.6299238801002502,1750206991
2.504668951034546,1750280803.0,-0.5781677961349487,1750206991
-0.990342617034912,1750280804.0,1.2202829122543335,1750206991
-1.6806035041809082,1750280805.0,0.5280233025550842,1750206991
0.6137536764144897,1750280806.0,0.0081311734393239,1750206992
2.0542469024658203,1750280807.0,-0.4255344569683075,1750206992
2.3923234939575195,1750280808.0,0.6400533318519592,1750206993
-1.5775150060653689,1750280810.0,0.1833179146051406,1750206993
-1.595187783241272,1750280810.0,-0.0570884086191654,1750206993
-0.3260204195976257,1750280810.0,-0.4592261612415313,1750206994
-1.5547943115234375,1750280812.0,-0.2737420797348022,1750206995
-0.9844518303871156,1750280816.0,-0.4181717932224273,1750206995
-1.7588688135147097,1750280818.0,1.309906005859375,1750206996
1.5560561418533323,1750280821.0,-0.2064602077007293,1750206996
0.9385877847671508,1750280822.0,-0.2026314288377761,1750206997
-1.6507285833358765,1750280822.0,-0.1054766699671745,1750206997
2.171988010406494,1750280822.0,-0.056520901620388,1750206997
2.1455535888671875,1750280824.0,-0.2027388215065002,1750206998
-1.6897870302200315,1750280826.0,-0.691176176071167,1750206998
1.752902865409851,1750280827.0,0.3288949728012085,1750206998
-0.6886508464813232,1750280827.0,1.7786427736282349,1750206998
2.7911393642425537,1750280829.0,-0.3270733058452606,1750206999
-0.3939772248268127,1750280829.0,-0.498264878988266,1750206999
0.6169098615646362,1750280831.0,-0.578304648399353,1750207000
2.52845311164856,1750280832.0,-0.0697115361690521,1750207001
1.9385364055633545,1750280834.0,-1.4824212789535522,1750207003
0.9667695760726928,1750280837.0,0.4394196569919586,1750207003
2.895911455154419,1750280837.0,0.0975435674190521,1750207003
0.4404719173908233,1750280837.0,0.1225177124142646,1750207003
-1.786564826965332,1750280841.0,-0.010234978981316,1750207003
-2.0681324005126958,1750280841.0,0.4200949966907501,1750207003
-2.855936288833618,1750280842.0,0.7248374223709106,1750207003
-0.607863187789917,1750280843.0,1.0915268659591677,1750207004
-1.5371198654174805,1750280844.0,-0.6318147778511047,1750207004
-0.7210510969161987,1750280847.0,-1.8581671714782717,1750207005
0.8342376351356506,1750280850.0,0.0828170701861381,1750207006
3.1790881156921387,1750280854.0,0.7900566458702087,1750207007
-1.5110336542129517,1750280855.0,-0.1244107708334922,1750207007
1.7096365690231323,1750280855.0,-0.6621116995811462,1750207008
1.2131305932998655,1750280859.0,-1.1441227197647097,1750207009
-0.7047145366668701,1750280861.0,0.6585534811019897,1750207009
2.693593978881836,1750280863.0,-0.4993778765201568,1750207009
-1.8287153244018557,1750280863.0,-0.2738471329212188,1750207009
1.6654551029205322,1750280864.0,2.027318000793457,1750207010
0.5998696088790894,1750280865.0,-0.3469866216182709,1750207010
-0.698403537273407,1750280868.0,0.7429316639900208,1750207010
2.8142800331115723,1750280868.0,-0.77532958984375,1750207010
0.8148823976516724,1750280868.0,-0.4858409762382507,1750207011
-1.7685452699661257,1750280869.0,0.4604575634002685,1750207013
2.606495141983032,1750280869.0,0.6504340171813965,1750207014
0.4084930717945099,1750280870.0,-0.2620661556720733,1750207014
-0.9966559410095216,1750280873.0,-0.4997276961803436,1750207014
1.86826491355896,1750280874.0,-0.0392054133117198,1750207014
0.2124889642000198,1750280875.0,-0.1701290309429168,1750207014
2.4983572959899902,1750280876.0,0.0375847443938255,1750207015
-0.5468515753746033,1750280876.0,-0.8127787113189697,1750207015
1.6907031536102295,1750280877.0,2.1670114994049072,1750207016
-1.3999487161636353,1750280880.0,0.6583556532859802,1750207017
-0.8456003665924072,1750280880.0,-0.3427478373050689,1750207018
1.8627970218658447,1750280883.0,0.721471905708313,1750207019
-0.8047837615013123,1750280883.0,-0.8439172506332397,1750207019
-0.9709883332252502,1750280885.0,-0.345408946275711,1750207019
-0.7513480186462402,1750280886.0,-0.3331005275249481,1750207020
1.4079453945159912,1750280887.0,0.4640664160251617,1750207020
-0.8944085836410522,1750280887.0,-0.1303646266460418,1750207020
0.6962255835533142,1750280888.0,-0.2157809734344482,1750207020
-1.9440051317214968,1750280889.0,0.1170486956834793,1750207020
1.3502988815307615,1750280891.0,0.5927901268005371,1750207021
-2.538329839706421,1750280893.0,-1.93769371509552,1750207021
-1.6246418952941897,1750280893.0,-1.349879264831543,1750207021
1.0620726346969604,1750280895.0,0.57494056224823,1750207022
0.385351300239563,1750280896.0,0.8721069693565369,1750207022
-0.4395570158958435,1750280896.0,0.6995912790298462,1750207022
2.0584540367126465,1750280898.0,-0.5460087656974792,1750207022
2.6422605514526367,1750280898.0,0.1364661008119583,1750207022
3.213937759399414,1750280899.0,-0.4238820970058441,1750207023
1.0579400062561035,1750280900.0,0.0502078682184219,1750207024
-2.536226749420166,1750280901.0,-0.0870253816246986,1750207024
1.3822784423828125,1750280903.0,2.2987136840820312,1750207024
-2.3742308616638184,1750280904.0,-0.8578006625175476,1750207026
1.687758207321167,1750280905.0,-0.261223703622818,1750207027
1.691964030265808,1750280905.0,-0.3070132732391357,1750207027
1.7348825931549072,1750280908.0,-1.3852243423461914,1750207027
0.636897087097168,1750280908.0,1.2842377424240112,1750207028
1.2573089599609375,1750280908.0,-0.1736285835504531,1750207028
-0.5662067532539368,1750280908.0,-0.3184491693973541,1750207029
0.3975536525249481,1750280909.0,-0.0207560621201992,1750207029
0.2895636856555938,1750280910.0,-0.2350628077983856,1750207029
0.577567458152771,1750280912.0,-0.1396208554506302,1750207030
1.888884425163269,1750280914.0,-0.4943307638168335,1750207031
2.374229431152344,1750296826.0,-1.8821550607681277,1750207032
-0.8632707595825195,1750296826.0,-1.6970137357711792,1750207032
1.7172105312347412,1750296827.0,0.5634413361549377,1750207033
-0.2601071894168854,1750296828.0,-0.4867846965789795,1750207033
-0.3310713768005371,1750296828.0,0.3579999208450317,1750207034
1.4937814474105835,1750296829.0,-0.4771106243133545,1750207034
-1.8636380434036253,1750296829.0,1.2690913677215576,1750207034
2.592409372329712,1750296831.0,0.0156437717378139,1750207036
-2.1699604988098145,1750296831.0,-1.633898377418518,1750207036
-1.6326375007629397,1750296832.0,-0.3080338537693023,1750207036
-1.2615180015563965,1750296833.0,0.3071230351924896,1750207036
-0.7202077507972717,1750296835.0,0.0034414443653076,1750207037
-0.7601823210716248,1750296835.0,0.262832909822464,1750207037
-1.45843768119812,1750296837.0,0.0018181435298174,1750207037
2.012170553207397,1750296837.0,0.3468505442142486,1750207037
0.5270752310752869,1750296841.0,-0.3536869883537292,1750207037
0.5969250202178955,1750296846.0,0.7630215883255005,1750207038
-1.8093587160110476,1750296849.0,-0.1926374733448028,1750207038
-0.3929243683815002,1750296849.0,-0.2874573767185211,1750207038
1.4041600227355957,1750296850.0,-0.4152253866195678,1750207038
2.696120023727417,1750296850.0,0.2615696787834167,1750207039
-0.3887169063091278,1750296855.0,-0.3594735860824585,1750207039
1.6250615119934082,1750296859.0,0.695804238319397,1750207041
-2.204040765762329,1750296863.0,0.8897786736488342,1750207042
1.008635401725769,1750296864.0,2.5696890354156494,1750207042
0.6373161673545837,1750296867.0,0.2658523619174957,1750207042
-2.169884204864502,1750296868.0,-0.4134688675403595,1750207043
1.596449613571167,1750296869.0,-2.6144912242889404,1750207043
1.5131372213363647,1750296869.0,-0.7454546689987183,1750207043
1.78916335105896,1750296874.0,0.734515368938446,1750207044
-2.368760824203491,1750296876.0,-0.3542128205299377,1750207044
-2.1097893714904785,1750296880.0,-0.0688705444335937,1750207046
-2.105159282684326,1750296882.0,-0.074404202401638,1750207046
-1.5278630256652832,1750296883.0,-0.2058918178081512,1750207047
1.4491807222366333,1750296884.0,-1.4729219675064087,1750207047
0.8098329305648804,1750296885.0,0.549377977848053,1750207048
1.4693790674209597,1750296885.0,-0.7404062151908875,1750207048
-2.489100694656372,1750296887.0,2.2875635623931885,1750207049
2.9720699787139893,1750296888.0,-0.7286235690116882,1750207050
-2.5924103260040283,1750296890.0,1.4584355354309082,1750207051
-1.8047306537628172,1750296894.0,-1.6637728214263916,1750207051
-0.2117207795381546,1750296898.0,-0.7799588441848755,1750207051
1.9911316633224487,1750296899.0,0.1749038696289062,1750207051
3.1647825241088867,1750296899.0,-0.6882288455963135,1750207051
-1.5181849002838137,1750296901.0,0.2795280814170837,1750207052
1.6166470050811768,1750296904.0,0.7126350402832031,1750207053
1.954524278640747,1750296904.0,0.5333873629570007,1750207053
0.7221763134002686,1750296905.0,0.261119544506073,1750207053
1.6014991998672483,1750296906.0,-1.5573182106018066,1750207054
1.8152488470077517,1750296907.0,-0.4029493629932403,1750207055
1.6246414184570312,1750296908.0,-0.3465659916400909,1750207055
-0.6987497806549072,1750296910.0,-0.8455974459648132,1750207057
-1.4092060327529907,1750296912.0,1.9095011949539185,1750207059
-0.4622767269611358,1750296912.0,-0.4814238846302032,1750207059
-0.4488869905471802,1750296913.0,-0.3258119523525238,1750207061
1.9023478031158447,1750296913.0,-0.2527442276477813,1750207061
0.6907559633255005,1750296914.0,0.2889944016933441,1750207061
0.5746233463287354,1750296914.0,-1.575831413269043,1750207062
1.3448296785354614,1750296915.0,-0.1465013921260833,1750207062
-1.2038720846176147,1750296918.0,0.071246214210987,1750207063
-0.766915500164032,1750296919.0,-0.1238429695367813,1750207063
2.3258421421051025,1750296919.0,-0.987174928188324,1750207065
0.6486781239509583,1750296920.0,0.5744015574455261,1750207065
-1.8253483772277832,1750296921.0,0.7311491370201111,1750207066
-0.639916181564331,1750296921.0,0.1854223012924194,1750207067
-1.7693861722946167,1750296921.0,0.360526442527771,1750207067
2.576546192169189,1750296925.0,1.6898601055145264,1750207067
0.7664958834648132,1750296926.0,-1.7020639181137085,1750207067
-0.5258135795593262,1750296927.0,0.1497198045253753,1750207068
0.3798810243606567,1750296927.0,1.2013490200042725,1750207069
-1.1491721868515017,1750296929.0,1.9633594751358032,1750207069
2.332153797149658,1750296933.0,-0.798051655292511,1750207070
-0.4478348791599273,1750296934.0,0.060244046151638,1750207070
0.7206303477287292,1750296934.0,-1.0334595441818235,1750207071
-1.8430207967758176,1750296935.0,-0.3894852697849273,1750207071
-0.5523222088813782,1750296936.0,0.9497258067131042,1750207071
2.609787702560425,1750296944.0,0.2742679119110107,1750207071
1.7998181581497192,1750296946.0,-0.1265150159597396,1750207072
-2.2972280979156494,1750296946.0,-0.6066753268241882,1750207072
-1.850595235824585,1750296947.0,0.2687238454818725,1750207072
1.166423797607422,1750296948.0,-0.3621350824832916,1750207072
-0.4493067562580108,1750296949.0,-0.3852878510951996,1750207072
-0.611303448677063,1750296949.0,0.3270011246204376,1750207073
1.714686155319214,1750296950.0,-1.186201810836792,1750207073
3.2778215408325195,1750296952.0,0.1007002294063568,1750207075
1.5960288047790527,1750296955.0,-0.3542145788669586,1750207075
0.5070784687995911,1750296959.0,-0.5834593772888184,1750207076
1.6006577014923096,1750296961.0,-0.0407403782010078,1750207077
1.504721999168396,1750296961.0,-1.550586223602295,1750207077
1.5186076164245603,1750296963.0,0.4744491279125213,1750207077
-0.7051355838775635,1750296964.0,0.1746908277273178,1750207078
1.7054295539855957,1750296964.0,0.5860577821731567,1750207078
-0.8426533341407776,1750296965.0,-0.5518704652786255,1750207078
-0.5995221734046936,1750296966.0,-0.0623474083840847,1750207079
-1.5775169134140017,1750296968.0,2.532934188842773,1750207080
1.4744267463684082,1750296968.0,-0.4204858541488647,1750207080
2.072760820388794,1750296969.0,-1.599815845489502,1750207081
2.2717864513397217,1750296970.0,0.3798030018806457,1750207081
0.6049185395240784,1750296972.0,0.5270767211914062,1750207081
-0.4303732216358185,1750296974.0,-0.1585552394390106,1750207082
3.150055408477783,1750296975.0,0.8308714032173157,1750207082
1.7900019884109497,1750296977.0,0.9402714371681212,1750207083
1.5779356956481934,1750296979.0,-0.8994574546813965,1750207083
0.4173290133476257,1750296982.0,-1.8918299674987795,1750207084
1.9153928756713867,1750296985.0,0.3384349346160888,1750207085
-0.61207115650177,1750296986.0,0.685810387134552,1750207085
0.8641122579574585,1750296988.0,-2.0466713905334477,1750207085
-1.6612489223480225,1750296989.0,-0.5495558381080627,1750207085
-1.0220987796783447,1750296990.0,-0.2353462725877761,1750207085
-0.6773645877838135,1750296992.0,-0.2035786360502243,1750207086
1.4710607528686523,1750296995.0,-0.3777043223381042,1750207086
-1.2564685344696045,1750296997.0,-0.0037134527228772,1750207087
0.5198178887367249,1750296998.0,-0.79889315366745,1750207088
-0.2490516006946563,1750296998.0,-0.0996486917138099,1750207088
2.021427869796753,1750297000.0,-1.8055721521377563,1750207088
-1.2396371364593506,1750297003.0,-0.1286180913448333,1750207089
1.536280632019043,1750297005.0,-0.6802361607551575,1750207089
2.611123323440552,1750297006.0,-0.6352128386497498,1750207090
2.907346248626709,1750297009.0,0.4753212332725525,1750207090
-0.6598175168037415,1750297009.0,-0.4496553540229797,1750207091
-0.3563176393508911,1750297010.0,-0.3403284847736358,1750207091
-1.3002277612686155,1750297011.0,0.6343407034873962,1750207091
0.1044264510273933,1750297011.0,-0.776170015335083,1750207092
0.6629846692085266,1750297013.0,-0.4695044159889221,1750207093
1.612859845161438,1750297015.0,-0.0171133186668157,1750207093
1.4510104656219482,1750297015.0,0.1591221690177917,1750207094
1.581302046775818,1750297019.0,-0.1976133286952972,1750207094
-1.8649003505706787,1750297021.0,-0.2963579595088959,1750207094
0.9678221344947816,1750297021.0,0.0465692356228828,1750207094
0.5893173217773438,1750297024.0,-0.30477374792099,1750207094
2.39526891708374,1750297026.0,0.4955197870731354,1750207094
1.9200220108032229,1750297028.0,-0.6165959239006042,1750207094
-1.393635630607605,1750297028.0,0.2664202153682709,1750207094
-1.7963156700134275,1750297031.0,0.1820455640554428,1750207095
-1.5871930122375488,1750297032.0,-0.5026708841323853,1750207095
-1.255204439163208,1750297032.0,-0.6810771822929382,1750207095
-0.9587871432304382,1750297033.0,-0.4892064034938812,1750207095
-2.2220611572265625,1750297034.0,0.935642659664154,1750207095
0.6458058953285217,1750297034.0,-0.041583128273487,1750207096
0.856117844581604,1750297041.0,0.5737817883491516,1750207096
1.2661443948745728,1750297045.0,0.8409696817398071,1750207097
0.6667680144309998,1750297046.0,-0.4457310736179352,1750207097
1.6427353620529177,1750297048.0,0.6185930371284485,1750207098
3.131120443344116,1750297048.0,-1.161795973777771,1750207098
0.3786186575889587,1750297049.0,-0.2331378608942031,1750207098
2.08664608001709,1750297049.0,-0.058139506727457,1750207099
-0.7412470579147339,1750297049.0,0.171177789568901,1750207099
3.4898152351379395,1750297050.0,-0.4310067892074585,1750207100
0.3924290537834167,1750297052.0,-0.685178279876709,1750207101
-1.74876868724823,1750297053.0,-0.2266470044851303,1750207101
-2.3763344287872314,1750297054.0,0.4597525894641876,1750207102
1.546379327774048,1750297055.0,1.3309454917907717,1750207102
-0.4185168445110321,1750297055.0,-0.2468449622392654,1750207102
0.8859924674034119,1750297058.0,-1.9684113264083865,1750207102
1.801364779472351,1750297063.0,2.315325736999512,1750207103
1.6061283349990845,1750297064.0,2.018482446670532,1750207103
-1.4647492170333862,1750297066.0,0.6915975213050842,1750207103
-1.4668529033660889,1750297066.0,0.0817026048898696,1750207104
-0.8089928030967712,1750297066.0,-0.6583245992660522,1750207104
-1.4870493412017822,1750297067.0,0.2879421412944793,1750207105
-1.4382411241531372,1750297067.0,-0.1380861699581146,1750207105
-0.0796626135706901,1750297068.0,0.5401197671890259,1750207106
0.1940489709377288,1750297069.0,-0.421463131904602,1750207106
-0.4943296313285827,1750297070.0,0.2271411567926406,1750207106
-2.844231605529785,1750297070.0,1.1794674396514893,1750207108
-1.8165112733840945,1750297071.0,0.828347384929657,1750207108
-0.5650191903114319,1750297072.0,0.3360589742660522,1750207109
-1.4630671739578247,1750297073.0,1.7155303955078125,1750207110
0.4228010475635528,1750297075.0,0.56746906042099,1750207111
2.241067409515381,1750297075.0,-0.0413092114031314,1750207112
2.8542537689208984,1750297077.0,-0.3542137145996094,1750207112
0.8641122579574585,1750297078.0,-1.6688226461410522,1750207113
-1.5568976402282717,1750297081.0,0.1971940100193023,1750207113
-1.9671473503112795,1750297082.0,0.4438693523406982,1750207113
1.9772462844848635,1750297083.0,-0.462804913520813,1750207113
3.1862404346466064,1750297083.0,-0.0344302803277969,1750207113
3.5192689895629883,1750297083.0,-0.0276342537254095,1750207114
1.2543646097183228,1750297086.0,0.1896302103996276,1750207114
-0.7610238194465637,1750297086.0,0.4101023972034454,1750207114
-1.6124402284622192,1750297089.0,-0.530303955078125,1750207115
0.4079976677894592,1750297089.0,-0.0055433427914977,1750207115
1.876681327819824,1750297090.0,-1.040191650390625,1750207115
-0.6281341910362244,1750297090.0,0.3281258642673492,1750207116
-0.546431303024292,1750297092.0,0.1181000843644142,1750207118
1.2051327228546145,1750297094.0,-0.1644469201564788,1750207118
-1.676396369934082,1750297096.0,-2.042886257171631,1750207119
1.4836841821670532,1750297098.0,-0.7169171571731567,1750207119
-0.559969961643219,1750297101.0,-1.539226770401001,1750207119
-1.035564661026001,1750297102.0,-0.2732162475585937,1750207119
-1.7159470319747925,1750297106.0,-1.4525465965270996,1750207119
1.354087233543396,1750297106.0,0.7454552054405212,1750207120
2.5492703914642334,1750297106.0,0.6334995031356812,1750207120
-0.704218864440918,1750297107.0,-2.1198883056640625,1750207120
5.502406120300293,1750297108.0,-0.1927859932184219,1750207121
3.173197031021118,1750297109.0,0.1920071989297866,1750207121
-1.1399154663085938,1750297110.0,-0.0786120817065239,1750207122
-0.8767365217208862,1750297111.0,0.1522445976734161,1750207123
-0.4594369828701019,1750297114.0,-0.071814902126789,1750207124
0.8148815631866455,1750297120.0,-0.3973435461521148,1750207124
-0.6361294984817505,1750297122.0,-0.2253846377134323,1750207124
2.7834177017211914,1750297122.0,-0.1843719482421875,1750207124
0.9659385681152344,1750297122.0,0.1438299268484115,1750207125
0.5476942658424377,1750297124.0,0.1375180631875991,1750207126
-1.9381145238876345,1750297124.0,-0.535281240940094,1750207126
-0.7235758900642395,1750297124.0,0.3038591146469116,1750207127
-0.3617882132530212,1750297125.0,0.1854230314493179,1750207128
0.3689404726028442,1750297125.0,0.8056241273880005,1750207129
2.38264536857605,1750297127.0,-0.7315701246261597,1750207129
0.4678520560264587,1750297128.0,-0.8266633152961731,1750207129
2.725499629974365,1750297129.0,-0.4076828360557556,1750207130
1.64568030834198,1750297129.0,-0.1412423849105835,1750207131
1.8013637065887451,1750297131.0,-0.0017576955724507,1750207131
-0.969304859638214,1750297131.0,-0.1837287247180938,1750207132
-1.5712045431137085,1750297131.0,0.3131889104843139,1750207133
2.0386788845062256,1750297133.0,-0.071814902126789,1750207134
1.629270315170288,1750297133.0,0.3731485307216644,1750207134
1.8871275186538696,1750297135.0,0.4795291423797607,1750207134
-0.5032730102539062,1750297136.0,-0.3869599401950836,1750207136
-3.724259853363037,1750297136.0,-1.7378281354904177,1750207136
0.1380861699581146,1750297136.0,-0.7096909284591675,1750207137
-1.7677018642425537,1750297137.0,2.333836317062378,1750207137
1.3372559547424316,1750297138.0,1.0206280946731567,1750207138
0.6197192668914795,1750297140.0,-0.3758835196495056,1750207138
1.2106058597564695,1750297141.0,0.2081327885389328,1750207138
-2.111468315124512,1750297144.0,-0.2048410177230835,1750207139
0.4925730526447296,1750297146.0,-1.5345969200134275,1750207140
0.3988154232501983,1750297146.0,-0.671819806098938,1750207140
1.4243555068969729,1750297150.0,-1.6082310676574707,1750207140
0.388297438621521,1750297154.0,0.3323334455490112,1750207141
3.034764528274536,1750297154.0,-0.3860134482383728,1750207142
0.4984652996063232,1750297154.0,-0.5621789693832397,1750207144
-1.0894235372543335,1750297155.0,0.175956130027771,1750207144
-0.3785429894924164,1750297157.0,-0.1301545351743698,1750207147
-1.3481961488723757,1750297160.0,1.325053572654724,1750207147
2.9956328868865967,1750297163.0,-0.235346570611,1750207149
2.003756046295166,1750297164.0,-0.3440404832363128,1750207149
-1.2947590351104736,1750297164.0,-0.2435507923364639,1750207150
1.6069693565368652,1750297164.0,-0.9003008008003235,1750207150
0.921337366104126,1750297164.0,0.3588415086269378,1750207151
1.6806046962738037,1750297166.0,-0.9735118746757508,1750207152
0.619720995426178,1750297167.0,-0.3706230521202087,1750207152
-1.949055552482605,1750297167.0,-0.3338059484958648,1750207153
-1.5964502096176147,1750297173.0,-1.6625112295150757,1750207153
-1.171051859855652,1750297174.0,-0.3840120434761047,1750207154
1.5594223737716677,1750297175.0,0.3642501831054687,1750207154
3.2952206134796143,1750297180.0,0.2304024249315261,1750207155
0.2894169688224792,1750297181.0,1.0650177001953125,1750207156
-1.6465219259262085,1750297182.0,-1.2404791116714478,1750207157
2.6380529403686523,1750297182.0,0.0581404007971286,1750207157
0.2742685079574585,1750297182.0,-1.4483391046524048,1750207157
0.7997336387634277,1750297184.0,-0.8342378735542297,1750207158
1.3911141157150269,1750297184.0,0.761865496635437,1750207158
3.0781030654907227,1750297186.0,-0.4530208110809326,1750207159
2.658670663833618,1750297186.0,-0.3594735860824585,1750207159
-0.7715442180633545,1750297186.0,-1.014104962348938,1750207161
-1.7597092390060425,1750297187.0,0.2784018814563751,1750207161
1.6794153451919556,1750297191.0,0.0428449176251888,1750207161
0.2847867906093597,1750297191.0,-1.0505006313323977,1750207161
0.3765141069889068,1750297192.0,0.00203029345721,1750207161
4.780514240264893,1750297193.0,-1.406261682510376,1750207162
-1.251840353012085,1750297194.0,1.7782222032546997,1750207162
1.426458716392517,1750297197.0,-0.6984029412269592,1750207163
-1.375546097755432,1750297198.0,-0.3342279195785522,1750207163
1.8813108205795288,1750297199.0,1.0721728801727295,1750207164
2.422619104385376,1750297200.0,-0.7875319123268127,1750207164
-0.6761010885238647,1750297202.0,-0.3100330531597137,1750207165
-2.219609022140503,1750297203.0,-1.6158053874969482,1750207165
-1.1639001369476318,1750297204.0,0.226298376917839,1750207166
1.9810309410095213,1750297205.0,-0.6460168957710266,1750207166
0.6937003135681152,1750297205.0,0.4749726355075836,1750207167
-1.484946608543396,1750297205.0,-0.1953711807727813,1750207167
0.7294663190841675,1750297205.0,-2.027739763259888,1750207169
2.837918281555176,1750297210.0,-0.4731867611408233,1750207170
1.799260497093201,1750297211.0,0.5216081738471985,1750207170
1.1996644735336304,1750297212.0,0.9061900973320008,1750207171
-0.3752523362636566,1750297215.0,-0.3983940482139587,1750207171
1.3784918785095217,1750297215.0,0.7227345705032349,1750207171
-2.010066032409668,1750297217.0,0.3537191152572632,1750207171
-0.7408294677734375,1750297218.0,0.4392092525959015,1750207171
-1.332207202911377,1750297218.0,1.6048636436462402,1750207172
0.5826914310455322,1750297218.0,-0.754713237285614,1750207172
-2.0769684314727783,1750297219.0,0.3290011882781982,1750207172
1.5695935487747192,1750297219.0,-0.2519986033439636,1750207172
1.4050004482269287,1750297221.0,0.036531887948513,1750207173
-1.7344629764556885,1750297222.0,-0.6461539268493652,1750207173
-2.164067506790161,1750297223.0,0.5248365998268127,1750207174
1.6288492679595947,1750297224.0,-0.5733624696731567,1750207174
-2.4074723720550537,1750297226.0,0.6343401074409485,1750207174
-2.113574981689453,1750297227.0,-0.9650965929031372,1750207174
2.3170056343078613,1750297227.0,0.3027754426002502,1750207174
-2.428929090499878,1750297228.0,0.4076514542102813,1750207175
2.4543979167938232,1750297229.0,-0.8430736064910889,1750207175
-1.1832544803619385,1750297230.0,-0.3326914608478546,1750207175
3.854623556137085,1750297233.0,0.4130474925041199,1750207175
-2.31616473197937,1750297236.0,-0.1883568614721298,1750207176
1.6574618816375732,1750297237.0,1.0023245811462402,1750207177
1.2606759071350098,1750297243.0,0.5793254375457764,1750207177
1.970934510231018,1750297245.0,-0.026582570746541,1750207178
0.961310088634491,1750297245.0,0.2111522853374481,1750207178
0.557023823261261,1750297246.0,-0.3836675584316253,1750207178
2.5568442344665527,1750314123.0,0.3805125057697296,1750207179
3.0057318210601807,1750314125.0,1.3355730772018433,1750207179
-0.7744882702827454,1750314125.0,-0.7791160345077515,1750207179
-0.9482665061950684,1750314131.0,0.3503529131412506,1750207180
-2.3725476264953613,1750314132.0,0.9737102389335632,1750207180
-0.1283352077007293,1750314134.0,-1.513980507850647,1750207181
1.212287425994873,1750314136.0,-1.1538009643554688,1750207182
-0.9297522902488708,1750314136.0,0.259056955575943,1750207182
2.457962989807129,1750314136.0,-0.5205529928207397,1750207183
-0.508983314037323,1750314141.0,0.4165925085544586,1750207183
2.385589599609375,1750314142.0,-0.1244110688567161,1750207183
1.8400766849517824,1750314144.0,0.14937324821949,1750207184
-0.5258136987686157,1750314145.0,-0.2437614947557449,1750207184
3.5863194465637207,1750314146.0,0.0899708122014999,1750207184
0.8796802759170532,1750314149.0,0.483736902475357,1750207184
-1.8333423137664795,1750314149.0,-1.6528337001800537,1750207185
-0.4000044763088226,1750314149.0,1.547641396522522,1750207186
2.7566351890563965,1750314151.0,-1.5644700527191162,1750207187
-1.272458553314209,1750314151.0,0.1974017769098281,1750207187
-0.1598181724548339,1750314153.0,-0.4256705939769745,1750207189
-1.6086506843566897,1750314153.0,-0.0565208978950977,1750207189
3.2239649295806885,1750314156.0,0.4114373922348022,1750207190
1.0785574913024902,1750314161.0,-0.4322668015956878,1750207191
-0.4107319712638855,1750314164.0,0.552742600440979,1750207191
-2.193100452423096,1750314164.0,2.1800568103790283,1750207191
-1.7357252836227417,1750314166.0,0.4194341599941253,1750207192
1.7024840116500854,1750314167.0,-0.2542812526226043,1750207192
2.579985857009888,1750314168.0,-0.3794598579406738,1750207192
-1.607811450958252,1750314169.0,-1.0263078212738037,1750207192
-0.7900566458702087,1750314170.0,0.4551984071731567,1750207192
1.1521177291870115,1750314170.0,-0.2796636819839477,1750207194
-0.604571521282196,1750314171.0,0.4000032842159271,1750207195
1.4904145002365112,1750314171.0,1.3204251527786257,1750207195
0.5363329648971558,1750314171.0,0.881367564201355,1750207195
-2.7127513885498047,1750314172.0,0.7307283878326416,1750207195
-1.1319206953048706,1750314174.0,-0.7479796409606934,1750207196
1.216495156288147,1750314175.0,0.0638838559389114,1750207196
-1.3267381191253662,1750314175.0,0.0891283228993415,1750207197
1.6763962507247925,1750314177.0,-0.040258552879095,1750207197
-1.569938063621521,1750314177.0,-0.4668015539646148,1750207197
-0.0891283452510833,1750314180.0,0.1307232081890106,1750207198
-1.5825647115707395,1750314184.0,-0.0912329852581024,1750207199
1.6183295249938965,1750314185.0,-0.1296709477901458,1750207199
-0.1159846931695938,1750314186.0,-0.7127091288566589,1750207200
-0.4181717932224273,1750314190.0,2.612607717514038,1750207201
3.2026495933532715,1750314190.0,0.937325656414032,1750207203
-0.0917998030781745,1750314193.0,0.568731427192688,1750207204
-0.6819192171096802,1750314194.0,-0.0362595915794372,1750207205
-1.8425984382629397,1750314195.0,0.1738521754741668,1750207206
2.0218493938446045,1750314196.0,0.3474179804325104,1750207208
0.4753229916095733,1750314196.0,0.3048790991306305,1750207208
-0.6033084392547607,1750314197.0,0.5304424166679382,1750207208
-0.3116534352302551,1750314197.0,0.3373826742172241,1750207209
-0.5935263633728027,1750314198.0,0.6899149417877197,1750207209
-2.453755140304565,1750314199.0,2.4651167392730717,1750207209
-1.2413194179534912,1750314199.0,-1.2160755395889282,1750207209
-0.6831811666488647,1750314200.0,0.1943200826644897,1750207210
-1.420989990234375,1750314202.0,0.59426349401474,1750207210
1.0759576559066772,1750314203.0,0.0486726015806198,1750207211
1.984399437904358,1750314203.0,0.2272467911243438,1750207212
2.56897234916687,1750314204.0,0.3909254670143127,1750207213
1.8611149787902832,1750314205.0,-0.0434132367372512,1750207213
2.8205931186676025,1750314208.0,0.1638157963752746,1750207214
1.9343276023864744,1750314209.0,-1.9595736265182493,1750207214
-1.4849457740783691,1750314209.0,-0.4382969737052917,1750207215
1.3747045993804932,1750314212.0,0.6655091643333435,1750207215
1.5897181034088137,1750314214.0,-0.1698432117700576,1750207215
-1.7702277898788452,1750314214.0,-0.2816316187381744,1750207215
1.4655919075012207,1750314215.0,-0.6522234082221985,1750207216
-0.6730863451957703,1750314220.0,0.8788393139839172,1750207217
-2.4966745376586914,1750314220.0,-1.0160095691680908,1750207218
1.4618030786514282,1750314221.0,-0.978140652179718,1750207218
1.6103339195251465,1750314221.0,-0.5179988741874695,1750207218
-1.5228135585784912,1750314223.0,0.0084897717460989,1750207218
-2.4848928451538086,1750314223.0,0.5436964631080627,1750207220
-1.8329243659973145,1750314224.0,0.4627720415592193,1750207220
3.0747392177581787,1750314225.0,0.0535114109516143,1750207221
1.6099131107330322,1750314226.0,0.2184536159038543,1750207221
-0.874830961227417,1750314228.0,0.5291792154312134,1750207221
-0.898815393447876,1750314228.0,0.2532289922237396,1750207221
-0.8136197328567505,1750314228.0,-0.070195123553276,1750207221
1.918338418006897,1750314231.0,-0.1901139467954635,1750207222
0.405126690864563,1750314234.0,0.601554274559021,1750207222
0.4555455446243286,1750314235.0,0.9743528962135316,1750207222
1.886781454086304,1750314238.0,0.1459338814020156,1750207223
-0.2220922708511352,1750314240.0,0.3474813401699066,1750207223
1.6768903732299805,1750314242.0,-0.5834590792655945,1750207224
-0.0328227318823337,1750314242.0,-0.5527425408363342,1750207224
-0.9806656241416932,1750314244.0,-0.3037217855453491,1750207224
-1.1962987184524536,1750314245.0,-2.083280086517334,1750207225
-1.7643367052078247,1750314247.0,0.4436272978782654,1750207225
1.654516339302063,1750314249.0,-0.2006366401910781,1750207225
1.9065580368041992,1750314251.0,-0.0039238538593053,1750207225
-1.60150146484375,1750314252.0,-0.4826871156692505,1750207226
0.87926185131073,1750314253.0,0.4415242075920105,1750207227
-0.6983302235603333,1750314255.0,-0.7391421794891357,1750207227
-0.6171215772628784,1750314255.0,1.9103446006774905,1750207227
0.1901136189699173,1750314256.0,-0.5509220957756042,1750207228
-2.154811143875122,1750314256.0,-0.3563167750835418,1750207228
1.2846609354019165,1750314256.0,0.5396991968154907,1750207229
1.521973729133606,1750314256.0,-0.9196524620056152,1750207229
-2.3919031620025635,1750314258.0,-0.6542221903800964,1750207229
-0.4284177720546722,1750314259.0,1.6288504600524902,1750207230
-1.6591449975967407,1750314260.0,0.4959393143653869,1750207230
-1.0902645587921145,1750314263.0,-0.4197809994220733,1750207230
1.7197341918945312,1750314264.0,-0.1696448624134063,1750207230
1.5800399780273438,1750314264.0,-0.5906124711036682,1750207231
-1.7496099472045898,1750314265.0,0.4010668694972992,1750207232
-1.175751805305481,1750314268.0,-0.3994480967521667,1750207232
-0.9423727989196776,1750314268.0,-0.3116548955440521,1750207232
0.3706240952014923,1750314270.0,-0.7084262371063232,1750207233
2.052984952926636,1750314272.0,0.4948882758617401,1750207234
1.5754106044769287,1750314274.0,0.5813557505607605,1750207235
1.3460904359817505,1750314277.0,0.0230689104646444,1750207236
1.60276198387146,1750314278.0,-0.0065964930690824,1750207236
-1.7937909364700315,1750314280.0,-0.7265202403068542,1750207236
-1.5964497327804563,1750314285.0,-0.8220354318618774,1750207237
0.7181053161621094,1750314286.0,-0.6201388835906982,1750207237
-1.005911350250244,1750314287.0,0.4794968664646148,1750207238
1.637684941291809,1750314291.0,-2.6572091579437256,1750207238
-2.3700225353240967,1750314293.0,0.1391382962465286,1750207241
0.4048423767089844,1750314293.0,0.3705503046512604,1750207241
-1.7626538276672363,1750314295.0,-0.1343624293804168,1750207241
-1.514818549156189,1750314298.0,0.0655664131045341,1750207241
1.4012128114700315,1750314300.0,-0.2037887424230575,1750207242
2.5560035705566406,1750314303.0,-2.1043190956115723,1750207242
-0.4358430802822113,1750314304.0,2.128302335739136,1750207242
1.488312005996704,1750314306.0,-0.2359137833118438,1750227262
1.7180521488189695,1750314307.0,-1.1786270141601562,1750227262
1.447918176651001,1750314307.0,0.3936920464038849,1750227262
-0.335489422082901,1750314309.0,-0.2132591754198074,1750227264
2.9055895805358887,1750314312.0,0.2098165899515152,1750227265
1.5400665998458862,1750314312.0,-0.3686259090900421,1750227265
-2.8151967525482178,1750314312.0,-0.2948842942714691,1750227267
1.6200138330459597,1750314316.0,0.2295931279659271,1750227267
1.7879000902175903,1750314318.0,-0.4436269700527191,1750227267
-1.8320804834365845,1750314318.0,-0.2348644435405731,1750227268
-0.4143101871013641,1750314320.0,0.130153939127922,1750227268
1.337255597114563,1750314326.0,0.5837745666503906,1750227268
2.701094627380371,1750314326.0,-0.0638820901513099,1750227269
-0.7879538536071777,1750314328.0,-1.7921077013015747,1750227270
-1.842599987983704,1750314331.0,-0.3500066697597503,1750227270
0.2805797755718231,1750314332.0,1.144964575767517,1750227271
-1.080586552619934,1750314332.0,-1.4849472045898438,1750227271
1.3679709434509275,1750314335.0,-1.1739975214004517,1750227272
-2.8630893230438232,1750314336.0,-0.8338168263435364,1750227272
0.647699773311615,1750314339.0,0.4438382387161255,1750227273
-0.913120687007904,1750314339.0,-0.1097476631402969,1750227273
1.898563027381897,1750314341.0,0.4183813035488128,1750227274
-0.8291890025138855,1750314342.0,0.1997176706790924,1750227274
1.3646063804626465,1750314344.0,-0.838024377822876,1750227274
1.8476502895355225,1750314345.0,-0.1780595034360885,1750227275
0.9486761689186096,1750314351.0,0.0901806131005287,1750227276
1.5497441291809082,1750314352.0,0.7387237548828125,1750227276
-1.6465235948562622,1750314353.0,-1.6406296491622925,1750227277
0.3781966865062713,1750314353.0,0.7563934326171875,1750227277
-1.8930927515029907,1750314354.0,-0.0596747733652591,1750227277
1.3444091081619265,1750314355.0,-0.4786875545978546,1750227277
-0.44552081823349,1750314355.0,-0.6361318230628967,1750227278
-0.5838798880577087,1750314355.0,-1.7154552936553955,1750227278
3.2580456733703613,1750314359.0,-0.3032384812831878,1750227278
0.5602099895477295,1750314364.0,-0.5329663157463074,1750227280
-0.9019810557365416,1750314364.0,0.0144421495497226,1750227280
1.4899957180023191,1750314366.0,0.2626965343952179,1750227281
2.323317289352417,1750314368.0,0.4152253568172455,1750227282
0.7551327347755432,1750314369.0,0.8102536797523499,1750227282
-1.987270832061768,1750314371.0,-0.8977725505828857,1750227282
-1.6393684148788452,1750314372.0,0.1759526133537292,1750227283
0.976457417011261,1750314376.0,0.3306520879268646,1750227283
1.977247953414917,1750314376.0,0.2054094076156616,1750227283
-1.3343100547790527,1750314377.0,0.9251242280006408,1750227283
-1.5968705415725708,1750314378.0,-0.2507050931453705,1750227284
-2.907345056533813,1750314378.0,-0.6205608248710632,1750227284
-0.8211928009986877,1750314382.0,0.4394507706165313,1750227285
-1.064597487449646,1750314383.0,2.5614728927612305,1750227285
-2.37465238571167,1750314384.0,-0.7938439249992371,1750227286
1.4315085411071775,1750314387.0,-1.8935129642486568,1750227287
1.482000708580017,1750314388.0,-0.3657845556735992,1750227288
-1.706270694732666,1750314391.0,0.7664938569068909,1750227288
-3.066322088241577,1750314393.0,-0.303238183259964,1750227289
1.481579065322876,1750314395.0,0.299513578414917,1750227289
-0.7671115398406982,1750314396.0,-0.0087010310962796,1750227289
-0.1202662363648414,1750314396.0,0.4857036769390106,1750227291
0.796789288520813,1750314397.0,3.5437490940093994,1750227291
1.4601207971572876,1750314400.0,0.3413803279399872,1750227291
1.797577738761902,1750314400.0,0.5279200673103333,1750227291
0.2548487782478332,1750314400.0,-2.126198530197144,1750227292
0.8666369915008545,1750314400.0,-1.2404792308807373,1750227292
1.80010187625885,1750314401.0,-0.4013400375843048,1750227292
0.3306505978107452,1750314401.0,2.933358907699585,1750227292
1.451284885406494,1750314401.0,0.2388182282447815,1750227293
-1.448339581489563,1750314404.0,1.6751341819763184,1750227295
-1.87289559841156,1750314404.0,0.2376608997583389,1750227295
-1.6292670965194702,1750314406.0,-0.6470688581466675,1750227295
0.9305944442749025,1750314408.0,0.3684586584568023,1750227297
-1.7315171957015991,1750314408.0,-1.1049915552139282,1750227297
-0.2364731729030609,1750314409.0,1.9187592267990112,1750227297
2.253891944885254,1750314410.0,0.332691490650177,1750227298
0.3996546566486358,1750314412.0,-0.6314274668693542,1750227299
-1.609493613243103,1750314412.0,-2.054172992706299,1750227299
0.7955263257026672,1750314413.0,0.0339461080729961,1750227301
-1.9414819478988647,1750314414.0,0.0213221032172441,1750227301
1.0021244287490845,1750314417.0,-0.2464339882135391,1750227301
0.7530276775360107,1750314417.0,0.634865939617157,1750227301
1.6347403526306152,1750314418.0,-0.8073078989982605,1750227302
1.5371215343475342,1750314418.0,2.135876178741455,1750227302
2.366657495498657,1750314419.0,-0.4618559181690216,1750227302
2.039517879486084,1750314421.0,-1.2892889976501465,1750227302
-0.5300222635269165,1750314422.0,1.514399528503418,1750227303
-2.471008777618408,1750314425.0,0.0508393235504627,1750227304
-1.6099148988723757,1750314426.0,-0.275888592004776,1750227306
1.6376854181289673,1750314427.0,2.656146049499512,1750227306
2.877816915512085,1750314428.0,0.5624204874038696,1750227306
-0.6145976185798645,1750314429.0,-0.2723740637302398,1750227306
-0.7413218021392822,1750314430.0,0.0861830785870552,1750227306
2.193942070007324,1750314430.0,0.1312059164047241,1750227307
-0.4711174368858337,1750314431.0,-0.2016850858926773,1750227308
-1.6317912340164185,1750314433.0,-0.1767967045307159,1750227308
0.9745523929595948,1750314433.0,-0.5589470267295837,1750227309
1.3225302696228027,1750314437.0,0.0407415516674518,1750227310
-1.1504340171813965,1750314438.0,-0.2427109777927398,1750227310
-0.4031712412834167,1750314439.0,-1.4121479988098145,1750227310
1.508088231086731,1750314440.0,-0.5056160688400269,1750227310
1.559421181678772,1750314441.0,0.4261650443077087,1750227311
-1.677237868309021,1750314441.0,-0.6031288504600525,1750227311
-1.8518552780151367,1750314443.0,-0.2953056693077087,1750227312
1.5316495895385742,1750314443.0,-0.7395645976066589,1750227312
0.0588337816298007,1750314443.0,0.3937031626701355,1750227312
-0.620685875415802,1750314446.0,-0.5784096121788025,1750227313
-0.3420122563838959,1750314446.0,1.623451828956604,1750227314
-1.7193156480789185,1750314447.0,0.979404091835022,1750227314
-1.1937748193740845,1750314448.0,0.4800238609313965,1750227315
-1.361240029335022,1750314448.0,0.5350406169891357,1750227315
1.7003800868988037,1750314450.0,-0.6554101705551147,1750227315
2.5050902366638184,1750314450.0,0.592504620552063,1750227315
1.2758238315582275,1750314450.0,1.513980507850647,1750227315
-2.3666560649871826,1750314451.0,-0.2093951851129531,1750227315
-1.6827073097229004,1750314452.0,-1.8804690837860107,1750227315
-1.527862548828125,1750314452.0,-0.4605959057807922,1750227316
-2.242950916290283,1750314454.0,0.4455202519893646,1750227317
0.742088258266449,1750314458.0,0.365470290184021,1750227317
-1.6351587772369385,1750314459.0,0.5974185466766357,1750227317
0.9735124707221984,1750314459.0,-0.3713901042938232,1750227318
0.9810861349105836,1750314460.0,-0.2401228547096252,1750227319
0.2211884707212448,1750314462.0,0.3423614203929901,1750227320
1.4045802354812622,1750314464.0,-0.8586425185203552,1750227322
-0.5800969004631042,1750314467.0,0.7046408653259277,1750227322
-1.2640423774719238,1750314467.0,0.5155757069587708,1750227323
1.1655826568603516,1750314469.0,0.4900485277175903,1750227324
1.2653051614761353,1750314470.0,-0.2485270947217941,1750227325
-1.6305322647094729,1750314470.0,0.1622684448957443,1750227325
3.284700632095337,1750314472.0,0.8889371156692505,1750227326
0.4641406536102295,1750314474.0,0.3510589599609375,1750227326
3.2278988361358643,1750314474.0,0.3710446655750274,1750227326
-3.523488521575928,1750314475.0,0.6482262015342712,1750227329
-0.632763147354126,1750314477.0,0.7728050947189331,1750227330
-2.5543205738067627,1750314479.0,-0.4176752865314483,1750227330
-2.0399410724639893,1750314480.0,-0.3482489883899688,1750227331
3.341506242752075,1750314482.0,-0.1380456686019897,1750227331
-1.893513560295105,1750314483.0,2.375913381576538,1750227332
-1.5653131008148191,1750314485.0,-1.6048651933670044,1750227332
2.437766790390014,1750314488.0,0.3777765035629272,1750227332
-1.5935046672821045,1750314489.0,0.3892428874969482,1750227333
-2.409153699874878,1750314489.0,-0.271679937839508,1750227334
-1.8152494430541992,1750314490.0,0.4210425019264221,1750227335
-0.6971423625946045,1750314491.0,-1.6048656702041626,1750227335
-0.761444628238678,1750314492.0,-0.4453148245811462,1750227336
-2.4386091232299805,1750314494.0,0.0324730537831783,1750227336
-1.3393601179122925,1750314494.0,0.8039423823356628,1750227337
1.6238009929656982,1750314500.0,0.0575715191662311,1750227337
-0.7345153093338013,1750314501.0,-1.3742828369140625,1750227338
-0.6259257793426514,1750314501.0,0.0975447371602058,1750227338
-2.17080020904541,1750314503.0,0.3078551292419433,1750227339
-0.3277055323123932,1750314504.0,0.4857036769390106,1750227339
-1.8808897733688357,1750314504.0,-0.2731105983257293,1750227340
-1.8123027086257932,1750314505.0,0.3983943462371826,1750227341
-1.279188871383667,1750314505.0,-0.4976960718631744,1750227341
1.378069281578064,1750314506.0,-2.719576835632324,1750227341
1.47568678855896,1750314507.0,-0.2937707901000976,1750227341
1.545116662979126,1750314507.0,0.4467101097106933,1750227342
-2.273889303207397,1750314510.0,0.216411292552948,1750227342
1.6082334518432615,1750314511.0,0.9924439191818236,1750227342
1.497148871421814,1750314511.0,0.6575146913528442,1750227342
1.2850803136825562,1750314513.0,0.659618079662323,1750227343
0.82750403881073,1750314513.0,0.9472030997276306,1750227343
-0.4265864193439483,1750314515.0,-0.6273244619369507,1750227344
-2.243591785430908,1750314516.0,0.6141751408576965,1750227346
-1.893933892250061,1750314519.0,0.5072994232177734,1750227346
2.834479093551636,1750314519.0,0.813199520111084,1750227346
-0.782062292098999,1750314521.0,0.5725197196006775,1750227346
-0.5830070972442627,1750314522.0,-0.2738476991653442,1750227347
0.4078615605831146,1750314524.0,0.171749398112297,1750227347
1.436556100845337,1750314525.0,0.1364658027887344,1750227348
1.417200803756714,1750314526.0,-0.0617792308330535,1750227348
-2.5711510181427,1750314527.0,0.5009883046150208,1750227348
2.2770326137542725,1750314529.0,0.3075397610664367,1750227349
-1.4777942895889282,1750314530.0,-0.610882043838501,1750227349
-1.6372641324996948,1750314531.0,0.1727996915578842,1750227349
-1.8389493227005005,1750314532.0,0.5729396939277649,1750227350
2.9628124237060547,1750314533.0,0.7714380025863647,1750227350
2.3885366916656494,1750314533.0,0.0549846068024635,1750227350
0.9558401703834534,1750314535.0,0.8228777050971985,1750227350
1.7491892576217651,1750314538.0,-1.5993951559066772,1750227351
-1.6292665004730225,1750314539.0,-0.438787579536438,1750227351
-0.5956616997718811,1750314542.0,0.3734940588474273,1750227352
-0.3424312472343445,1750314542.0,0.5633374452590942,1750227352
-0.4404725134372711,1750314542.0,0.392924964427948,1750227352
-2.5444424152374268,1750314543.0,-2.53434419631958,1750227352
0.4604568183422088,1750314543.0,1.4958865642547607,1750227353
-0.4291843175888061,1750314546.0,1.5901395082473757,1750227353
-0.3331019878387451,1750314547.0,-0.7223117351531982,1750227353
-0.712530255317688,1750314550.0,-0.1659193783998489,1750227353
-1.5501643419265747,1750314552.0,0.4738164842128753,1750227354
0.6722421050071716,1750314554.0,-0.1233595311641693,1750227355
-1.5455365180969238,1750314558.0,-0.1021734178066253,1750227355
-2.75250244140625,1750314558.0,-0.4289007782936096,1750227356
2.569498300552368,1750314559.0,-1.8413389921188357,1750227356
0.4652228653430938,1750331677.0,1.460962414741516,1750227356
-0.7636216282844543,1750331679.0,-0.2064612358808517,1750227357
1.649046778678894,1750331679.0,-0.7951058745384216,1750227357
1.9435845613479612,1750331680.0,0.3920824825763702,1750227358
-0.8737910389900208,1750331681.0,-1.597712516784668,1750227359
-2.0660293102264404,1750331681.0,1.2362713813781738,1750227359
0.797210693359375,1750331683.0,0.6011317372322083,1750227360
-1.8110421895980835,1750331685.0,-0.3500060737133026,1750227360
3.665804147720337,1750331685.0,-0.1301551163196563,1750227360
-1.6561976671218872,1750331689.0,1.560264229774475,1750227360
2.589664459228516,1750331691.0,-0.365997314453125,1750227360
1.405421257019043,1750331692.0,-0.9377459287643432,1750227360
3.1768362522125244,1750331692.0,-0.4054741263389587,1750227361
-1.6532539129257202,1750331694.0,0.8586419820785522,1750227362
-1.7197355031967163,1750331694.0,0.3528778254985809,1750227362
0.9009187817573548,1750331695.0,-0.0970635041594505,1750227362
-1.599815845489502,1750331695.0,-0.6979076266288757,1750227363
1.1971393823623655,1750331698.0,-1.2615180015563965,1750227363
2.039940595626831,1750331699.0,0.5826175212860107,1750227364
2.662036657333374,1750331699.0,-0.1322578936815261,1750227365
0.6302387118339539,1750331700.0,-0.1364655047655105,1750227365
2.644784688949585,1750331701.0,-0.2081351578235626,1750227366
0.31971076130867,1750331701.0,-1.9898686408996584,1750227366
-2.4722697734832764,1750331701.0,-0.0875942483544349,1750227368
0.6444708108901978,1750331703.0,0.1475436836481094,1750227369
-1.2812941074371338,1750331703.0,1.3149572610855105,1750227369
-0.6693704724311829,1750331709.0,0.6735053062438965,1750227369
0.5102453231811523,1750331709.0,-0.3347936570644378,1750227370
2.5133044719696045,1750331710.0,0.4704530835151672,1750227370
-0.2149411737918853,1750331710.0,-0.4732906520366668,1750227370
0.8430740237236023,1750331715.0,0.6069911122322083,1750227370
0.1430613994598388,1750331715.0,-0.2185146510601043,1750227371
-0.946783185005188,1750331716.0,-0.3100330531597137,1750227371
-1.7853739261627195,1750331722.0,0.1932698637247085,1750227371
2.757129192352295,1750331723.0,0.4277430176734924,1750227371
-1.9494763612747192,1750331723.0,-1.511034369468689,1750227372
-1.2371129989624023,1750331724.0,0.0318409837782382,1750227372
1.4828402996063232,1750331724.0,0.0964921787381172,1750227372
-1.9599955081939695,1750331725.0,0.514032781124115,1750227373
2.5133068561553955,1750331726.0,0.5784096717834473,1750227373
-0.5897712707519531,1750331727.0,0.5220266580581665,1750227374
-1.0789037942886353,1750331729.0,0.1253145635128021,1750227374
1.9318032264709477,1750331730.0,0.150803193449974,1750227374
1.2358503341674805,1750331731.0,-1.9027695655822756,1750227375
0.7521875500679016,1750331734.0,0.263265460729599,1750227375
1.724364161491394,1750331734.0,-0.42840576171875,1750227376
1.9557868242263796,1750331734.0,0.5690468549728394,1750227376
2.821087598800659,1750331737.0,-0.21570585668087,1750227378
-2.335940361022949,1750331738.0,-2.7249526977539062,1750227378
-0.2103095203638076,1750331738.0,0.1388849020004272,1750227379
-0.4962240159511566,1750331741.0,1.3334684371948242,1750227380
-0.5459054708480835,1750331741.0,0.4468148946762085,1750227380
1.846386671066284,1750331743.0,0.2287497818470001,1750227381
-0.5506080985069275,1750331744.0,-0.3337434530258178,1750227381
0.7850083112716675,1750331745.0,0.3103797733783722,1750227381
-0.668529212474823,1750331746.0,0.447127103805542,1750227381
-2.5871410369873047,1750331746.0,-0.2775599956512451,1750227381
-1.2400600910186768,1750331746.0,0.3760950863361358,1750227382
-1.6427347660064695,1750331749.0,-2.162384033203125,1750227382
-0.7303068041801453,1750331751.0,0.3983943462371826,1750227383
-1.3305237293243408,1750331753.0,0.5736450552940369,1750227384
-1.4786345958709717,1750331753.0,0.0849222019314765,1750227385
3.6648552417755127,1750331753.0,0.5295961499214172,1750227385
0.3987416923046112,1750331757.0,0.4499705135822296,1750227385
-1.4487606287002563,1750331757.0,-0.8574855327606201,1750227385
-1.480317234992981,1750331757.0,-0.4626984000205993,1750227386
2.2993335723876958,1750331758.0,0.347903311252594,1750227386
-0.9364858269691468,1750331758.0,0.3573696315288543,1750227386
-1.904452919960022,1750331759.0,-2.6079821586608887,1750227386
0.8990378379821777,1750331759.0,-0.2132562398910522,1750227387
1.5808826684951782,1750331762.0,0.8781969547271729,1750227387
-0.7715427279472351,1750331762.0,-0.8447568416595459,1750227388
-0.1265786588191986,1750331764.0,-0.0086995642632246,1750227388
-0.6592723727226257,1750331767.0,-0.5816394686698914,1750227389
-1.60654616355896,1750331771.0,-0.0239081736654043,1750227390
-0.5367549061775208,1750331772.0,-0.0979643166065216,1750227390
-0.647910475730896,1750331774.0,-0.3986035585403442,1750227390
-1.3187425136566162,1750331774.0,0.5014093518257141,1750227391
0.5819554924964905,1750331775.0,1.9419010877609253,1750227392
-0.6213285326957703,1750331775.0,2.1914172172546387,1750227393
2.850332975387573,1750331777.0,0.2958761155605316,1750227393
-1.5282859802246094,1750331777.0,-0.6390009522438049,1750227393
2.4863765239715576,1750331778.0,-0.6155101656913757,1750227394
-1.271195411682129,1750331778.0,1.0077942609786987,1750227394
1.361661434173584,1750331779.0,0.4807921051979065,1750227394
-2.3414106369018555,1750331780.0,-1.3490371704101562,1750227396
-1.2539434432983398,1750331780.0,0.567227840423584,1750227398
-0.6348665356636047,1750331785.0,-0.398962140083313,1750227399
0.8262422680854797,1750331785.0,-2.5772650241851807,1750227399
-0.3510571718215942,1750331786.0,0.3587646186351776,1750227399
2.822697401046753,1750331786.0,-0.199581429362297,1750227399
-1.6094937324523926,1750331788.0,-1.120980978012085,1750227401
0.5103201866149902,1750331790.0,0.6098309755325317,1750227401
-1.6978551149368286,1750331791.0,0.3866119384765625,1750227402
-1.398266077041626,1750331793.0,0.9844548106193542,1750227403
2.309852600097656,1750331793.0,-2.1118927001953125,1750227405
-0.3646580576896667,1750331797.0,0.1974774748086929,1750227405
3.353559255599976,1750331797.0,0.6040769219398499,1750227406
0.6381618976593018,1750331798.0,0.4585641622543335,1750227407
1.6280072927474976,1750331803.0,0.4744791090488434,1750227407
-1.8392338752746584,1750331803.0,0.5742017030715942,1750227408
-1.7344622611999512,1750331803.0,-0.3441144227981567,1750227409
2.9548933506011963,1750331806.0,-0.4736382961273193,1750227411
-1.469799280166626,1750331806.0,0.8826264142990112,1750227411
-0.659798800945282,1750331807.0,0.7113729119300842,1750227412
-1.3322073221206665,1750331807.0,-0.4869980216026306,1750227412
-0.767755925655365,1750331808.0,-2.302289724349976,1750227412
-1.547222375869751,1750331808.0,-0.3173980712890625,1750227413
2.748431205749512,1750331812.0,-0.0981128364801406,1750227414
-1.1770906448364258,1750331812.0,0.1034349054098129,1750227414
2.162806510925293,1750331813.0,-0.2523878514766693,1750227414
2.443657398223877,1750331813.0,-0.4790772497653961,1750227416
1.3957419395446775,1750331814.0,1.659565806388855,1750227417
1.003165602684021,1750331815.0,-0.526129424571991,1750227417
0.639601469039917,1750331815.0,0.3692867457866668,1750227418
-2.387272596359253,1750331817.0,-0.3540034592151642,1750227418
-1.3204257488250732,1750331819.0,0.2588037252426147,1750227418
1.342800855636597,1750331820.0,-1.69238543510437,1750227418
-1.6242200136184692,1750331822.0,0.337413489818573,1750227419
1.9162346124649048,1750331823.0,-0.1417254656553268,1750227419
-0.7648110389709473,1750331824.0,2.805445432662964,1750227419
1.7277296781539917,1750331825.0,-1.038509488105774,1750227421
2.362868547439575,1750331826.0,-0.997062623500824,1750227421
-0.7168428897857666,1750331826.0,-1.5935064554214478,1750227421
0.634793758392334,1750331828.0,-0.5675459504127502,1750227422
1.7584456205368042,1750331828.0,-0.3268629014492035,1750227422
-2.207827091217041,1750331828.0,-0.4206237494945526,1750227422
1.5661542415618896,1750331829.0,0.6239582896232605,1750227423
1.9250707626342771,1750331831.0,-0.7997342348098755,1750227423
-1.7984189987182615,1750331832.0,0.5851109623908997,1750227424
0.9225990772247314,1750331832.0,-0.4883660674095154,1750227424
1.2005048990249634,1750331833.0,-0.3400552272796631,1750227425
1.6124391555786133,1750331837.0,2.5092978477478027,1750227425
-1.8013648986816406,1750331838.0,-0.2279833257198333,1750227426
-2.0306835174560547,1750331838.0,-0.098729059100151,1750227426
2.791632890701294,1750331840.0,-1.7386702299118042,1750227426
-0.2868916392326355,1750331842.0,0.2880788743495941,1750227426
1.3915369510650637,1750331847.0,0.4888601899147033,1750227427
0.874210000038147,1750331848.0,-0.2813477218151092,1750227428
2.280398368835449,1750331850.0,0.0486726015806198,1750227428
2.854254484176636,1750331851.0,-0.3403286337852478,1750227429
1.3040871620178225,1750331852.0,-0.4747642874717712,1750227430
2.3464608192443848,1750331852.0,-0.1550850421190261,1750227430
1.5329136848449707,1750331855.0,-0.2836611568927765,1750227432
0.4688720405101776,1750331856.0,-0.5227631330490112,1750227433
0.8165628910064697,1750331857.0,0.5476938486099243,1750227433
3.282029628753662,1750331858.0,-0.3705608546733856,1750227435
1.7845346927642822,1750331858.0,0.4622474014759063,1750227435
-1.3309460878372192,1750331859.0,0.4352129399776459,1750227435
-1.6216946840286257,1750331859.0,-1.0427157878875732,1750227436
0.970986008644104,1750331859.0,0.5350708365440369,1750227437
0.7316436767578125,1750331862.0,1.3380976915359497,1750227438
0.7181783318519592,1750331864.0,-0.540962815284729,1750227438
-1.4727433919906616,1750331866.0,-0.2767216563224792,1750227438
0.9541571140289308,1750331867.0,-1.0477670431137085,1750227440
-0.3789344131946563,1750331870.0,-1.7306764125823977,1750227440
-1.904032111167908,1750331870.0,0.9505690932273864,1750227440
1.61412250995636,1750331871.0,0.3525314033031463,1750227440
3.205448865890503,1750331871.0,0.6136497855186462,1750227441
2.802920341491699,1750331877.0,0.9108182191848756,1750227441
0.6347920298576355,1750331878.0,0.5245190858840942,1750227442
-2.353612899780273,1750331882.0,0.3821205496788025,1750227442
-2.4990005493164062,1750331883.0,-0.2650105357170105,1750227442
2.67319917678833,1750331883.0,0.5274969339370728,1750227442
1.3877487182617188,1750331883.0,-0.3751792907714844,1750227443
1.5737292766571045,1750331883.0,0.2858393490314483,1750227443
-4.138641357421875,1750331884.0,-0.1943206787109375,1750227443
1.7365669012069702,1750331884.0,-0.6052025556564331,1750227444
-1.240059494972229,1750331886.0,0.0754538252949714,1750227444
1.585511326789856,1750331886.0,-0.2390702962875366,1750227444
0.9848623871803284,1750331886.0,0.6920194625854492,1750227445
-2.3081700801849365,1750331888.0,0.5822688937187195,1750227445
2.5400140285491943,1750331888.0,-0.239554762840271,1750227445
1.4273006916046145,1750331889.0,0.5928215384483337,1750227445
-2.0883288383483887,1750331889.0,-0.7749091982841492,1750227447
-1.599393367767334,1750331893.0,-0.559895396232605,1750227447
0.8866130709648132,1750331894.0,-1.1201406717300415,1750227447
-0.7900572419166565,1750331894.0,0.3839093744754791,1750227448
0.4707981944084167,1750331895.0,0.4845786392688751,1750227448
-1.929698586463928,1750331895.0,0.5983663201332092,1750227449
2.623673677444458,1750331897.0,-1.3902745246887207,1750227449
0.073138877749443,1750331901.0,-1.0271482467651367,1750227450
-1.5643343925476074,1750331901.0,0.2771395146846771,1750227451
1.2859214544296265,1750331904.0,0.2308546602725982,1750227451
-1.7604751586914062,1750331905.0,0.0291689336299896,1750227451
1.5337553024291992,1750331908.0,0.8712650537490845,1750227451
0.5561825633049011,1750331908.0,-0.5493463277816772,1750227453
0.627641499042511,1750331908.0,0.0912322998046875,1750227453
-1.412995457649231,1750331908.0,-0.1063819304108619,1750227454
0.9638348817825316,1750331909.0,0.0228582508862018,1750227454
2.736933708190918,1750331910.0,0.5729403495788574,1750227455
2.768312454223633,1750331911.0,-1.5699414014816284,1750227456
1.917919397354126,1750331912.0,-2.2993335723876958,1750227456
0.6752607226371765,1750331914.0,-0.0392056964337825,1750227457
-2.546126127243042,1750331915.0,-0.4706620275974273,1750227457
-0.2329289317131042,1750331915.0,0.1715985685586929,1750227459
2.0016512870788574,1750331917.0,0.2437620759010315,1750227459
2.58587646484375,1750331921.0,-2.229917526245117,1750227460
-1.7866376638412476,1750331924.0,-0.0526707097887992,1750227460
2.054246187210083,1750331925.0,-0.3466397821903229,1750227460
1.566154956817627,1750331926.0,-0.9450970888137816,1750227461
1.6040244102478027,1750331926.0,-0.2010538727045059,1750227461
-4.795660972595215,1750331927.0,0.3828258216381073,1750227461
-1.5240776538848877,1750331927.0,0.2048398405313491,1750227461
2.544222116470337,1750331930.0,-0.0349975004792213,1750227462
1.4172018766403198,1750331931.0,-0.3985308110713959,1750227464
-0.7942639589309692,1750331932.0,-1.6591432094573977,1750227464
-1.8636391162872317,1750331932.0,-1.552269697189331,1750227464
3.1474571228027344,1750331939.0,0.3785459101200104,1750227464
-2.2132973670959477,1750331940.0,0.0160630699247121,1750227464
-1.6305301189422607,1750331941.0,0.7113728523254395,1750227464
-0.6221694350242615,1750331942.0,0.074404202401638,1750227464
-1.1470682621002195,1750331945.0,-0.7681761384010315,1750227465
-1.3187443017959597,1750331946.0,1.5076673030853271,1750227465
-0.8212676048278809,1750331946.0,0.6209076642990112,1750227466
-0.3344376981258392,1750331947.0,0.0817671492695808,1750227466
2.593872547149658,1750331949.0,-0.0817657560110092,1750227467
1.21018385887146,1750331949.0,-1.703325271606445,1750227467
0.9785614609718324,1750331950.0,0.3190166652202606,1750227468
0.8607465028762817,1750331952.0,-0.1467737108469009,1750227470
0.8691611289978027,1750331954.0,-0.4094390571117401,1750227471
-1.544695258140564,1750331956.0,0.4236414730548858,1750227471
0.6596183776855469,1750331958.0,-0.0453696548938751,1750227472
-2.3712854385375977,1750331960.0,0.3936902284622192,1750227472
-1.6275880336761477,1750331960.0,0.0833863466978073,1750227473
-1.8447036743164065,1750331961.0,0.6440185904502869,1750227473
-0.3382245302200317,1750331961.0,-0.3495119214057922,1750227474
2.804183959960937,1750331964.0,-0.5077937245368958,1750227474
1.9797706604003904,1750331965.0,-1.724784016609192,1750227475
1.4937820434570312,1750331966.0,0.6821171641349792,1750227476
-1.7529759407043457,1750331971.0,0.5779906511306763,1750227476
1.668824315071106,1750331973.0,0.0707630813121795,1750227476
-0.6692956686019897,1750331975.0,-0.5537946820259094,1750227477
-0.3638916015625,1750331976.0,-0.5653661489486694,1750227477
0.4492340385913849,1750331977.0,0.5817456841468811,1750227478
-1.7672834396362305,1750331978.0,-1.102886438369751,1750227478
1.9233874082565308,1750331980.0,0.6322682499885559,1750227479
1.962098240852356,1750331982.0,0.1459338814020156,1750227479
1.1024668216705322,1750331982.0,-0.3660272359848022,1750227481
-0.986136794090271,1750331984.0,-0.2969272136688232,1750227481
1.903191089630127,1750331984.0,-0.2879421412944793,1750227481
-0.4223042726516723,1750331986.0,1.4828423261642456,1750227481
1.2716163396835327,1750331989.0,-1.6486254930496216,1750227482
-1.2362717390060425,1750331991.0,-0.3787237107753753,1750227483
-0.6352137923240662,1750331993.0,-1.5623655319213867,1750227483
1.792948842048645,1750331996.0,0.063882827758789,1750227485
0.895250141620636,1750331996.0,-0.684867262840271,1750227485
2.8344783782958984,1750331997.0,0.0413099415600299,1750227486
0.7664936184883118,1750331998.0,0.770283579826355,1750227486
-1.9995466470718384,1750331998.0,0.7825568914413452,1750227487
-1.410049557685852,1750331998.0,0.4453104138374328,1750227487
1.3322075605392456,1750331998.0,-1.025465965270996,1750227487
1.602340817451477,1750332001.0,-0.3262326121330261,1750227488
1.7836912870407104,1750332001.0,-1.8539609909057615,1750227489
-1.214810848236084,1750332002.0,0.7542906403541565,1750227490
-1.3418840169906616,1750332002.0,-0.1701275706291198,1750227490
-0.3195002377033233,1750332002.0,0.032325156033039,1750227491
0.4211155772209167,1750332002.0,-0.3145877122879028,1750227491
-1.2804522514343262,1750332003.0,0.7921599745750427,1750227491
1.6932260990142822,1750332006.0,-0.2548370361328125,1750227491
1.6174885034561155,1750332009.0,0.054416362196207,1750227492
1.73740553855896,1750332009.0,-0.61761474609375,1750227492
-1.9520010948181152,1750332009.0,-0.1033735945820808,1750227492
1.7567633390426636,1750332010.0,-0.8855719566345215,1750227493
-2.798788070678711,1750332014.0,-0.60246741771698,1750227493
-1.6216946840286257,1750332014.0,0.1088312566280365,1750227494
-1.6376855373382568,1750332016.0,0.032323982566595,1750227494
1.808941125869751,1750332017.0,1.4592777490615845,1750227495
-1.9242300987243648,1750332017.0,-0.1501382440328598,1750227495
3.291285514831543,1750332017.0,0.1690767705440521,1750227495
1.5770944356918335,1750332020.0,0.5868999361991882,1750227496
-1.5901395082473757,1750332020.0,1.212709903717041,1750227498
2.95313572883606,1750332020.0,0.3558343648910522,1750227498
0.8300303816795349,1750332021.0,0.3243390619754791,1750227498
-0.320552796125412,1750332022.0,-0.1885810196399688,1750227498
0.9432164430618286,1750332023.0,0.1867511421442031,1750227499
0.8952492475509644,1750332025.0,0.5955569744110107,1750227499
-2.288393259048462,1750332027.0,-0.4747959971427917,1750227500
1.9149744510650637,1750332028.0,-0.2215969413518905,1750227500
-0.6225902438163757,1750332028.0,-0.1969939619302749,1750227500
2.560210704803467,1750332029.0,-0.127343401312828,1750227500
0.3314208686351776,1750332030.0,0.04810157045722,1750227501
-1.5017764568328855,1750332031.0,-0.5138203501701355,1750227501
-1.339780330657959,1750332033.0,-0.3937662243843078,1750227502
-1.6242200136184692,1750332035.0,-0.5868245363235474,1750227502
0.4286161661148071,1750332036.0,-0.0470510609447956,1750227503
0.6369710564613342,1750332037.0,0.0434136018157005,1750227504
0.508983314037323,1750332038.0,0.4112284481525421,1750227504
-1.986922025680542,1750332039.0,-0.0996498614549636,1750227506
-0.7030304670333862,1750332044.0,0.1253145486116409,1750227506
1.9095027446746824,1750332047.0,1.932644844055176,1750227506
0.2060306221246719,1750332047.0,-0.2611494660377502,1750227507
-1.644838809967041,1750332048.0,-0.5833540558815002,1750227507
-1.815597414970398,1750332049.0,0.8868340849876404,1750227508
-1.563210129737854,1750332051.0,-0.3163445889949798,1750227508
-2.724531888961792,1750332052.0,2.148918628692627,1750227510
-1.3216875791549685,1750332053.0,0.5056169629096985,1750227511
0.7854284644126892,1750332053.0,-0.0049737775698304,1750227512
-2.50404953956604,1750332055.0,-1.3389387130737305,1750227512
-2.2820825576782227,1750332056.0,0.4720605611801147,1750227512
0.326653391122818,1750332056.0,-0.7265225648880005,1750227512
-1.946529984474182,1750332057.0,-1.1163522005081177,1750227512
-0.3596842885017395,1750332057.0,-0.1859060376882553,1750227512
0.8098297119140625,1750332059.0,-0.7328332662582397,1750227513
0.0070800776593387,1750332059.0,0.2921504378318786,1750227513
2.483211040496826,1750332060.0,0.4118591845035553,1750227514
1.7454041242599487,1750332061.0,0.4879133403301239,1750227514
0.0850693434476852,1750332063.0,-0.3542134761810303,1750227514
0.967621386051178,1750332063.0,0.4164146780967712,1750227515
-0.4699248969554901,1750332064.0,0.3423573076725006,1750227516
2.026896953582764,1750332064.0,-0.3925038278102875,1750227516
0.4761621952056885,1750332065.0,0.3171868026256561,1750227517
-1.7567628622055054,1750332066.0,-0.4857359528541565,1750227518
1.9557868242263796,1750332066.0,-0.6486785411834717,1750227519
-1.6179081201553345,1750332068.0,-0.4614046514034271,1750227521
-1.23122239112854,1750332069.0,0.6100419759750366,1750227521
0.952052116394043,1750332070.0,-0.0918006896972656,1750227522
1.613701343536377,1750332071.0,-0.3998989462852478,1750227522
-1.182409405708313,1750332072.0,-0.5265185832977295,1750227522
-0.7837465405464172,1750332073.0,-0.1617120504379272,1750227522
-1.691543698310852,1750332074.0,0.2332428991794586,1750227522
3.193183422088623,1750332074.0,-1.4474974870681765,1750227523
-1.4134153127670288,1750332074.0,-0.2647998332977295,1750227524
-0.9310145378112792,1750332074.0,-0.8144611716270447,1750227525
-2.378016948699951,1750332075.0,-0.9354957342147828,1750227525
-2.135876417160034,1750332077.0,-0.6637948751449585,1750227525
0.7795380353927612,1750332078.0,-0.2632645666599273,1750227525
2.6668026447296143,1750332078.0,-0.8392873406410217,1750227526
3.263094186782837,1750332079.0,0.4681686758995056,1750227526
-0.4657176733016968,1750332079.0,0.2142363339662552,1750227526
-0.3869581520557403,1750332079.0,0.5169773697853088,1750227527
0.4143835008144378,1750332083.0,1.9212851524353027,1750227527
0.935644268989563,1750332084.0,-0.6646681427955627,1750227527
3.1942358016967773,1750347443.0,2.1506011486053467,1750227528
-1.723103404045105,1750347446.0,0.020753126591444,1750227528
0.9002981185913086,1750347446.0,-0.339907705783844,1750227528
1.809360146522522,1750347447.0,-0.2897632122039795,1750227529
-1.0056891441345217,1750347447.0,-0.2258805483579635,1750227529
1.4289849996566772,1750347450.0,-0.2604123651981354,1750227530
-3.176143169403076,1750347452.0,-0.297515869140625,1750227530
2.0130114555358887,1750347453.0,0.7643889784812927,1750227532
2.224658250808716,1750347453.0,0.915025532245636,1750227532
-1.5762532949447632,1750347454.0,-0.5818797945976257,1750227532
-0.5300204753875732,1750347454.0,0.42406165599823,1750227533
2.386012077331543,1750347454.0,-0.4958023428916931,1750227533
-1.346933126449585,1750347456.0,0.8291889429092407,1750227534
-1.438240885734558,1750347456.0,-0.3213929235935211,1750227534
1.6806044578552246,1750347457.0,0.6213284730911255,1750227534
2.3973734378814697,1750347457.0,0.6991711854934692,1750227535
0.8931456208229065,1750347459.0,-0.7122146487236023,1750227535
3.1950080394744877,1750347460.0,-1.7273083925247192,1750227538
-0.7016950249671936,1750347463.0,-0.2632540166378021,1750227538
-2.1051576137542725,1750347463.0,-0.1110082641243934,1750227539
-2.547588586807251,1750347464.0,0.3415902853012085,1750227540
-1.6953312158584597,1750347464.0,0.2222413271665573,1750227541
-0.2419427335262298,1750347465.0,0.4636130630970001,1750227541
0.877999484539032,1750347465.0,0.4388198852539062,1750227541
1.4508661031723022,1750347465.0,0.3537304103374481,1750227542
-0.7155807018280029,1750347468.0,2.5436019897460938,1750227542
2.7780954837799072,1750347469.0,-0.1953732371330261,1750227542
-1.8451231718063357,1750347470.0,-0.8931455612182617,1750227542
3.2062909603118896,1750347472.0,-0.4892809689044952,1750227543
-2.245696544647217,1750347472.0,1.073433756828308,1750227544
1.608229398727417,1750347472.0,0.5270767211914062,1750227544
2.402000904083252,1750347472.0,0.4191172420978546,1750227545
-0.7248373627662659,1750347473.0,0.4281952083110809,1750227545
-0.4302990138530731,1750347474.0,-0.8262428641319275,1750227545
0.4310038387775421,1750347474.0,-0.5285488367080688,1750227546
1.8682669401168823,1750347477.0,2.3527708053588867,1750227546
-1.508929967880249,1750347477.0,-0.6478071808815002,1750227546
-0.5378053784370422,1750347479.0,1.6195930242538452,1750227547
-2.537489414215088,1750347479.0,-0.2691474258899688,1750227547
-0.5216062068939209,1750347480.0,0.4997259080410003,1750227547
-2.564840316772461,1750347481.0,1.9759855270385744,1750227547
1.6768182516098022,1750347481.0,0.051259845495224,1750227547
-2.297648429870605,1750347482.0,0.0381534285843372,1750227547
-1.0080140829086304,1750347482.0,-1.0271488428115845,1750227548
1.5547938346862793,1750347483.0,0.8481233716011047,1750227549
0.9709877371788024,1750347484.0,-0.2826830744743347,1750227550
1.905715823173523,1750347485.0,0.3717076182365417,1750227551
-1.0142523050308228,1750347486.0,-0.177490234375,1750227551
-2.289656400680542,1750347486.0,1.5434330701828003,1750227551
-1.7260465621948242,1750347491.0,-0.2490216642618179,1750227552
3.591715097427368,1750347493.0,0.6021725535392761,1750227552
-1.3288421630859375,1750347493.0,-0.4955191910266876,1750227552
-0.8548552989959717,1750347493.0,-0.0570880770683288,1750227552
1.7243640422821045,1750347494.0,0.3230034708976745,1750227553
1.838813662528992,1750347494.0,-1.3595575094223022,1750227554
-1.5278657674789429,1750347495.0,-0.4131225943565368,1750227554
-1.2194406986236572,1750347495.0,0.1791117638349533,1750227555
2.698643207550049,1750347496.0,-0.6814950108528137,1750227555
-1.5998153686523438,1750347498.0,0.2132562398910522,1750227555
2.2856698036193848,1750347498.0,0.1585559844970703,1750227556
-0.8502290844917297,1750347500.0,0.903243362903595,1750227556
-0.8817848563194275,1750347501.0,-0.3552961945533752,1750227556
-0.876737117767334,1750347502.0,-0.3238443732261657,1750227557
2.490362882614136,1750347502.0,0.7471384406089783,1750227557
2.661195039749145,1750347503.0,0.3401181101799011,1750227557
1.587613582611084,1750347504.0,0.3511927425861358,1750227557
-2.3565590381622314,1750347504.0,0.5475570559501648,1750227557
0.5007156133651733,1750347507.0,-0.9141836762428284,1750227558
-1.6583033800125122,1750347511.0,-0.4635091722011566,1750227558
2.012170553207397,1750347511.0,0.5299896597862244,1750227558
-0.640758216381073,1750347518.0,0.3920815885066986,1750227559
-0.5022506713867188,1750347520.0,0.6053401827812195,1750227559
-3.011895179748535,1750347520.0,-0.0744012668728828,1750227560
0.9047054052352904,1750347520.0,-1.5543735027313232,1750227560
-1.644417643547058,1750347523.0,-0.3792497217655182,1750227560
2.1169416904449463,1750347524.0,0.3384347856044769,1750227560
3.140798330307007,1750347526.0,1.4525468349456787,1750227561
-1.0334625244140625,1750347528.0,-0.245160773396492,1750227561
-1.2804522514343262,1750347528.0,0.4391359090805053,1750227561
0.99413001537323,1750347529.0,1.119296669960022,1750227563
0.1295224726200103,1750347530.0,0.3537192642688751,1750227563
0.6344454288482666,1750347530.0,0.6152275800704956,1750227564
-1.4420294761657717,1750347531.0,-0.1323922872543335,1750227564
-1.25773024559021,1750347532.0,0.4190123379230499,1750227565
0.6159324645996094,1750347532.0,0.4736374914646148,1750227565
2.2364418506622314,1750347534.0,0.435660719871521,1750227566
-1.3865602016448977,1750347536.0,-0.0802301242947578,1750227566
0.6213281750679016,1750347537.0,-0.3878753185272217,1750227566
-2.309235095977783,1750347539.0,0.7113729119300842,1750227566
-0.6701376438140869,1750347540.0,-0.2019268125295639,1750227568
-0.1922184824943542,1750347544.0,0.074401281774044,1750227568
2.874946117401123,1750347545.0,0.3866125047206878,1750227568
-2.51603102684021,1750347547.0,0.1780590564012527,1750227569
1.9911316633224487,1750347548.0,0.0697097778320312,1750227569
0.1974774450063705,1750347549.0,0.4523907899856567,1750227570
-0.981925368309021,1750347549.0,0.2364002913236618,1750227571
-1.034029483795166,1750347552.0,-0.5742765069007874,1750227571
-0.8304510712623596,1750347553.0,0.0147261321544647,1750227571
2.5924105644226074,1750347554.0,-0.567890465259552,1750227572
-0.3786181211471557,1750347554.0,0.4042845368385315,1750227573
0.8455986380577087,1750347555.0,0.3617877066135406,1750227573
-0.620983362197876,1750347555.0,-0.7265947461128235,1750227573
-3.046967029571533,1750347557.0,-0.2184518724679947,1750227574
-1.8232438564300537,1750347558.0,-0.840129554271698,1750227576
-1.88257360458374,1750347558.0,1.991552710533142,1750227576
-0.3601047694683075,1750347560.0,-1.4487600326538086,1750227576
-2.3931655883789062,1750347564.0,-0.8733707666397095,1750227577
1.6587233543395996,1750347564.0,-1.4369782209396362,1750227577
2.7082464694976807,1750347565.0,-0.2724785208702087,1750227578
1.53459632396698,1750347567.0,0.3643129765987396,1750227578
-1.2329052686691284,1750347567.0,0.018650934100151,1750227578
-0.6744189858436584,1750347568.0,0.003440270666033,1750227578
1.6427319049835205,1750347568.0,-1.933906435966492,1750227578
-0.913341760635376,1750347569.0,0.9600476026535034,1750227579
-2.207406759262085,1750347569.0,-0.0428446233272552,1750227579
1.905715823173523,1750347571.0,0.7563957571983337,1750227579
1.6839710474014282,1750347572.0,0.6739994883537292,1750227579
2.7006776332855225,1750347573.0,0.5572656393051147,1750227580
1.808098316192627,1750347573.0,-0.5005680918693542,1750227580
1.3995299339294434,1750347573.0,-0.0341562218964099,1750227581
-0.530936598777771,1750347574.0,-0.6394215226173401,1750227581
1.819036602973938,1750347574.0,0.8296074271202087,1750227581
1.6179099082946775,1750347574.0,1.9435858726501465,1750227581
1.011383056640625,1750347575.0,1.763073205947876,1750227582
1.959994554519653,1750347575.0,-0.1549189537763595,1750227582
2.767155170440674,1750347575.0,-1.840073108673096,1750227582
1.574150562286377,1750347577.0,0.3772832155227661,1750227583
0.4930673539638519,1750347579.0,-0.4383678138256073,1750227583
1.2964423894882202,1750347579.0,0.707899808883667,1750227584
-0.5415942668914795,1750347581.0,-0.0549856312572956,1750227584
1.9355896711349487,1750347581.0,-0.3289689123630523,1750227585
-1.2943350076675415,1750347581.0,-0.1591245085000991,1750227585
-2.031104564666748,1750347581.0,0.1160580441355705,1750227587
-1.3187414407730105,1750347583.0,0.2215998768806457,1750227589
-0.5540053248405457,1750347583.0,0.3600311279296875,1750227589
-1.7420371770858765,1750347583.0,1.434874415397644,1750227589
0.939009428024292,1750347584.0,0.284682035446167,1750227589
-0.9423756003379822,1750347587.0,-0.299513578414917,1750227590
-1.7395130395889282,1750347588.0,0.3385719954967499,1750227590
1.7879010438919067,1750347589.0,0.0423616245388984,1750227591
-0.8464401960372925,1750347590.0,-0.471335768699646,1750227591
1.2236497402191162,1750347590.0,0.3700983822345733,1750227592
-1.6662979125976562,1750347592.0,-0.1065286472439765,1750227592
2.4024229049682617,1750347592.0,-0.3086641728878021,1750227592
-0.482548326253891,1750347593.0,0.3859822154045105,1750227592
1.707112431526184,1750347593.0,1.942744255065918,1750227593
1.8291367292404173,1750347594.0,-0.3158604502677917,1750227593
0.2776330411434173,1750347599.0,-0.1606602221727371,1750227593
-1.8451247215271,1750347599.0,-1.5303901433944702,1750227595
-1.90234899520874,1750347599.0,-0.943215548992157,1750227596
-0.696225106716156,1750347599.0,0.5531642436981201,1750227597
0.7774338722229004,1750347601.0,-0.2542102336883545,1750227597
-1.592241644859314,1750347603.0,-0.4274277091026306,1750227597
0.6857070922851562,1750347603.0,-0.1312073916196823,1750227598
-0.9883774518966676,1750347604.0,0.7396392226219177,1750227598
-0.6629846692085266,1750347604.0,-0.1417253911495208,1750227598
-1.3183223009109497,1750347605.0,1.5871927738189695,1750227599
-1.8981404304504397,1750347605.0,0.4075464010238647,1750227599
-1.548902988433838,1750347606.0,-0.5216075778007507,1750227599
1.4134125709533691,1750347608.0,1.884677767753601,1750227600
1.706690788269043,1750347610.0,-0.0707626342773437,1750227600
1.7731728553771973,1750347610.0,-0.3360477983951568,1750227600
2.2976505756378174,1750347613.0,0.0786100476980209,1750227601
-2.3102731704711914,1750347613.0,-0.533808171749115,1750227601
-1.7252061367034912,1750347613.0,-1.237113356590271,1750227602
-1.3153756856918335,1750347615.0,0.9520533084869384,1750227603
-0.8712674379348755,1750347617.0,0.1239823475480079,1750227603
2.3275249004364014,1750347619.0,0.1566003710031509,1750227604
0.5483987927436829,1750347619.0,0.0539327748119831,1750227604
-1.5295480489730835,1750347621.0,0.2490215897560119,1750227604
0.391241192817688,1750347621.0,-1.126451849937439,1750227604
2.6548097133636475,1750347622.0,0.5518986582756042,1750227604
0.3925041556358337,1750347623.0,0.4270072281360626,1750227605
-0.1638154238462448,1750347632.0,0.2085653394460678,1750227605
-1.9595738649368288,1750347634.0,0.7513462901115417,1750227605
0.658777117729187,1750347634.0,-0.9440582990646362,1750227605
-1.5985535383224487,1750347636.0,-0.5068786144256592,1750227606
-1.5909795761108398,1750347638.0,0.8123579621315002,1750227606
-1.2682499885559082,1750347640.0,-1.9894473552703855,1750227606
0.8851523399353027,1750347640.0,0.2477592974901199,1750227607
0.9989565014839172,1750347641.0,0.8704237937927246,1750227607
-1.5627881288528442,1750347644.0,-0.489629864692688,1750227608
1.0204168558120728,1750347651.0,-1.5829854011535645,1750227608
1.7445601224899292,1750347652.0,0.5577932000160217,1750227608
2.5387511253356934,1750347652.0,-0.0171150788664817,1750227609
-0.7387226223945618,1750347653.0,-0.2569535970687866,1750227609
0.2419409900903701,1750347655.0,0.3583477437496185,1750227609
0.4320560991764068,1750347656.0,0.4581768214702606,1750227612
-2.271984100341797,1750347656.0,-1.0050698518753052,1750227612
-1.247633695602417,1750347657.0,-0.0055436352267861,1750227613
0.8876758813858032,1750347657.0,-0.6591975688934326,1750227613
0.8455989360809326,1750347657.0,0.3148093521595001,1750227614
-1.6216922998428345,1750347657.0,-0.0318412780761718,1750227615
0.7824830412864685,1750347659.0,-0.3836658000946045,1750227615
-0.2986722886562347,1750347661.0,-0.360945463180542,1750227615
2.4672205448150635,1750347662.0,1.8354464769363403,1750227615
0.5505656003952026,1750347662.0,-0.1330366879701614,1750227616
2.874030590057373,1750347663.0,0.782904326915741,1750227616
-2.297032117843628,1750347663.0,-0.5994483232498169,1750227616
-1.0164304971694946,1750347663.0,-0.346986323595047,1750227617
-0.9541568756103516,1750347664.0,-1.3035953044891355,1750227619
-1.3688145875930786,1750347668.0,-2.222344160079956,1750227620
0.864953339099884,1750347668.0,-0.5878468751907349,1750227620
1.724784255027771,1750347668.0,1.2257531881332395,1750227620
0.392503559589386,1750347669.0,-0.4795273840427398,1750227621
-1.3359941244125366,1750347669.0,0.3777768909931183,1750227621
1.4525468349456787,1750347670.0,0.4027388393878937,1750227622
0.5190815329551697,1750347670.0,-0.1880088150501251,1750227623
-1.9822962284088133,1750347673.0,0.3794596493244171,1750227623
-0.3400440812110901,1750347673.0,0.100490853190422,1750227624
1.513136625289917,1750347676.0,1.4049975872039795,1750227624
-0.8326292037963867,1750347677.0,0.4012351334095001,1750227624
-0.6145653128623962,1750347677.0,0.750926673412323,1750227624
2.706143856048584,1750347679.0,-0.6390753388404846,1750227625
0.0623479969799518,1750347682.0,-0.0373722910881042,1750227625
0.2250371873378753,1750347684.0,-0.4983272850513458,1750227625
-1.82029926776886,1750347684.0,-0.6180360913276672,1750227625
-1.784954309463501,1750347685.0,0.438262939453125,1750227625
1.4992523193359375,1750347686.0,-0.6644562482833862,1750227625
0.5902650952339172,1750347686.0,-1.4714086055755615,1750227627
-0.723153293132782,1750347686.0,0.8291887044906616,1750227628
1.6330567598342896,1750347686.0,0.3017228543758392,1750227628
-0.64909827709198,1750347686.0,-0.9376731514930724,1750227629
-3.002217054367065,1750347689.0,1.5505861043930054,1750227630
1.504722237586975,1750347690.0,-0.2953068614006042,1750227630
0.6887252330780029,1750347691.0,2.027315616607666,1750227630
1.4092077016830444,1750347694.0,-1.88334059715271,1750227630
1.8804690837860107,1750347695.0,0.3702028393745422,1750227631
0.4483906626701355,1750347696.0,0.8569594025611877,1750227631
1.8977205753326416,1750347698.0,0.1791116148233413,1750227631
-1.8859398365020752,1750347699.0,-0.6890716552734375,1750227632
2.623746871948242,1750347699.0,-0.1696448624134063,1750227632
-0.5796719789505005,1750347699.0,0.4864717423915863,1750227632
-0.3470599353313446,1750347700.0,0.518557608127594,1750227632
-2.7983667850494385,1750347705.0,1.5720454454421997,1750227633
0.478267103433609,1750347705.0,-0.589844286441803,1750227634
-1.739507794380188,1750347707.0,0.5178152322769165,1750227634
-0.76901775598526,1750347707.0,0.1117888167500495,1750227635
-0.6310060620307922,1750347708.0,-0.4638242125511169,1750227635
1.498833179473877,1750347710.0,0.4618583023548126,1750227636
1.275476336479187,1750347710.0,-0.4972017705440521,1750227636
0.944058358669281,1750347710.0,-0.4677477478981018,1750227637
-1.898139834403992,1750347711.0,1.3179000616073608,1750227637
0.603309154510498,1750347712.0,0.8422319293022156,1750227638
1.6688222885131836,1750347713.0,0.823719322681427,1750227638
-2.3767569065093994,1750347714.0,-0.2838744819164276,1750227638
2.80804181098938,1750347714.0,0.4618565440177917,1750227639
1.1554834842681885,1750347720.0,-1.7538169622421265,1750227640
-0.964255690574646,1750347721.0,0.0139597384259104,1750227640
-1.3810160160064695,1750347722.0,0.8897788524627686,1750227641
-2.4470231533050537,1750347724.0,0.9697253704071044,1750227641
-0.5552673935890198,1750347726.0,-0.7723845839500427,1750227642
-0.8495846390724182,1750347731.0,0.0649331882596015,1750227642
0.7118676900863647,1750347735.0,0.7883740663528442,1750227642
3.0469672679901123,1750347736.0,0.5859861373901367,1750227643
-1.2345892190933228,1750347737.0,-0.4248304963111877,1750227643
0.9078720808029176,1750347737.0,0.3179520666599273,1750227644
-1.2939170598983765,1750347738.0,0.1393497139215469,1750227644
3.556370973587036,1750347738.0,-0.604991614818573,1750227644
3.281261920928955,1750347739.0,-0.4683468043804168,1750227645
-0.6293226480484009,1750347740.0,0.7698598504066467,1750227646
0.9099766612052916,1750347741.0,-0.2201367765665054,1750227646
0.8409699201583862,1750347742.0,0.4084193706512451,1750227646
-1.6200129985809326,1750347742.0,-0.2507360875606537,1750227647
2.180479049682617,1750347743.0,1.27287757396698,1750227647
-0.655831515789032,1750347743.0,0.4270072281360626,1750227647
2.665823221206665,1750347745.0,-2.4804861545562744,1750227647
-0.1341517269611358,1750347746.0,0.6962999105453491,1750227648
-0.3079305589199066,1750347750.0,0.4568809866905212,1750227648
-2.746599674224853,1750347751.0,-0.0575714968144893,1750227650
1.5960299968719482,1750347754.0,-0.6764494180679321,1750227650
0.7202094793319702,1750347755.0,0.2563846111297607,1750227651
-0.1206882148981094,1750347755.0,0.3640280365943908,1750227651
-1.4390815496444702,1750347756.0,0.7246158123016357,1750227651
0.6991707682609558,1750347757.0,-1.5308085680007937,1750227652
2.0588748455047607,1750347760.0,0.5148738026618958,1750227653
0.4134365916252136,1750347761.0,-0.5666275024414062,1750227653
-1.591819167137146,1750347761.0,0.6343725323677063,1750227653
1.9730374813079836,1750347763.0,0.13177490234375,1750227654
0.4429215788841247,1750347764.0,0.527496337890625,1750227654
-0.224827691912651,1750347765.0,1.0881606340408323,1750227654
3.185251951217652,1750347765.0,0.1084104627370834,1750227655
-0.6373173594474792,1750347765.0,-0.221251830458641,1750227656
2.487639904022217,1750347765.0,-0.1259448677301406,1750227656
-0.8363406658172607,1750347768.0,1.9583112001419067,1750227656
1.4373972415924072,1750347768.0,1.0612293481826782,1750227658
0.7227338552474976,1750347770.0,-1.1256073713302612,1750227659
-1.856065273284912,1750347770.0,-0.4235669374465942,1750227659
-1.3162167072296145,1750347770.0,-1.437398076057434,1750227661
-0.6310083866119385,1750347776.0,-1.060810089111328,1750227661
-0.75555419921875,1750347776.0,0.278822660446167,1750227661
0.3878751695156097,1750347778.0,0.8346585035324097,1750227662
-0.642367422580719,1750347780.0,-0.3211209177970886,1750227662
-1.3587154150009155,1750347781.0,1.1525391340255735,1750227662
-1.197560429573059,1750347782.0,-1.072171926498413,1750227662
2.5282318592071533,1750347782.0,0.0617769658565521,1750227663
0.8291890025138855,1750347783.0,0.6704531908035278,1750227663
-1.8951938152313232,1750347784.0,0.3283356726169586,1750227664
-2.1695356369018555,1750347785.0,0.0649353861808776,1750227664
-1.0692259073257446,1750347787.0,0.4643495678901672,1750227665
1.3254737854003906,1750347787.0,-0.3567410707473755,1750227665
-1.6360020637512207,1750347789.0,-0.2894154191017151,1750227665
1.68607497215271,1750347790.0,-2.188682079315185,1750227665
-1.6099148988723757,1750347791.0,-0.642788827419281,1750227665
0.3554769456386566,1750347794.0,0.9806647300720216,1750227666
0.7917398810386658,1750347796.0,0.5829021334648132,1750227667
-0.7374607920646667,1750347797.0,0.1147965565323829,1750227668
2.3035409450531006,1750347797.0,0.796368420124054,1750227669
-0.620137095451355,1750347797.0,0.2863965928554535,1750227669
-0.4997271001338959,1750347800.0,0.7383023500442505,1750227670
-0.8207730650901794,1750347800.0,-0.444184809923172,1750227672
1.2632023096084597,1750347801.0,-0.932476282119751,1750227673
1.3608174324035645,1750347801.0,-0.3676044642925262,1750227673
-1.6751341819763184,1750347802.0,-0.3361205756664276,1750227674
-1.898982644081116,1750361538.0,-0.3200695216655731,1750227674
-2.035313129425049,1750361539.0,-0.62939453125,1750227675
-1.6242200136184692,1750361540.0,0.5205547213554382,1750227676
0.3857715129852295,1750361545.0,0.4589121639728546,1750227676
0.5028812289237976,1750361545.0,0.0255930610001087,1750227676
-1.654094934463501,1750361545.0,0.5786933898925781,1750227677
0.743425190448761,1750361546.0,-0.2037888616323471,1750227677
-1.237533688545227,1750361546.0,-2.037836790084839,1750227677
0.6368977427482605,1750361549.0,-1.7378305196762085,1750227677
-0.458912193775177,1750361551.0,1.033250331878662,1750227677
1.94694983959198,1750361554.0,0.3374877274036407,1750227678
-0.4006024599075317,1750361554.0,0.3655738830566406,1750227679
-0.5228371024131775,1750361556.0,0.8931456208229065,1750227679
-2.3843295574188232,1750361557.0,-0.4120729863643646,1750227679
1.3986849784851074,1750361559.0,0.5519015192985535,1750227679
-0.2359155416488647,1750361560.0,-0.3228973746299743,1750227680
1.208078145980835,1750361561.0,0.5470626354217529,1750227680
-0.8203527927398682,1750361562.0,1.5909793376922607,1750227681
2.0361533164978027,1750361562.0,-0.3293873369693756,1750227682
2.0226891040802,1750361564.0,-0.4846516847610473,1750227682
1.8409172296524048,1750361564.0,0.2201361954212188,1750227682
0.4403974413871765,1750361566.0,-0.9000783562660217,1750227683
0.5157135725021362,1750361569.0,-0.4201695322990417,1750227683
-1.946530818939209,1750361569.0,-0.175384521484375,1750227684
-1.7799036502838137,1750361570.0,-0.3879065811634063,1750227685
-1.8245079517364504,1750361571.0,-0.7555540204048157,1750227685
0.9714085459709167,1750361571.0,0.4578287899494171,1750227685
3.5008294582366943,1750361572.0,0.9225994348526,1750227685
1.3138116598129272,1750361575.0,0.6251149773597717,1750227687
1.6528314352035522,1750361576.0,-0.4037915468215942,1750227687
1.7538176774978638,1750361576.0,0.3800289332866668,1750227687
1.005690336227417,1750361576.0,-0.3100326061248779,1750227689
2.01511549949646,1750361576.0,-0.0575702339410781,1750227693
2.138823270797729,1750361581.0,2.786930799484253,1750227693
1.00128173828125,1750361585.0,0.4511378109455108,1750227694
1.4037376642227173,1750361586.0,-0.4578709900379181,1750227694
0.7374609708786011,1750361588.0,0.1425669640302658,1750227694
-1.928439736366272,1750361590.0,-0.573358952999115,1750227696
1.6094940900802612,1750361591.0,0.4311406016349792,1750227699
-1.7323572635650637,1750361600.0,0.6743457317352295,1750227699
2.410416603088379,1750361600.0,-0.3671839535236358,1750227699
0.6991702914237976,1750361601.0,0.8211933970451355,1750227699
1.3204233646392822,1750361602.0,0.4539360404014587,1750227700
-0.5958409905433655,1750361603.0,-0.0018204915104433,1750227700
3.126776933670044,1750361604.0,-0.2758771479129791,1750227700
-2.3199503421783447,1750361605.0,-0.672662615776062,1750227701
-2.1905765533447266,1750361606.0,-0.5969236493110657,1750227701
-2.332153797149658,1750361606.0,-0.1869594752788543,1750227702
2.6476571559906006,1750361606.0,-0.3148718476295471,1750227702
-1.4761096239089966,1750361607.0,0.4252184331417084,1750227702
1.580879807472229,1750361608.0,1.6250624656677246,1750227702
-0.1770711690187454,1750361609.0,-0.3623125851154327,1750227702
0.3305763900279999,1750361610.0,0.5078990459442139,1750227702
2.764704465866089,1750361611.0,-0.621823787689209,1750227703
0.3596848547458648,1750361612.0,0.0539327822625637,1750227703
-0.8594836592674255,1750361613.0,-0.720209538936615,1750227705
2.198359966278076,1750361614.0,0.978979229927063,1750227707
-0.3962173163890838,1750361614.0,-0.329390287399292,1750227707
-0.652959942817688,1750361618.0,0.2390576750040054,1750227707
-0.8354984521865845,1750361618.0,0.9146053194999696,1750227708
-1.6301110982894895,1750361619.0,2.128722906112671,1750227708
-0.7273618578910828,1750361620.0,0.1976142078638076,1750227709
-0.3268637955188751,1750361623.0,0.5481138825416565,1750227710
0.392429769039154,1750361624.0,2.008382797241211,1750227710
1.6313751935958862,1750361627.0,-0.0854897126555442,1750227710
0.4299525320529938,1750361627.0,0.3227603435516357,1750227710
-1.8367091417312624,1750361629.0,-0.8779971599578857,1750227710
1.4226713180541992,1750361630.0,-0.0150114214047789,1750227711
-1.592665433883667,1750361632.0,-0.5977339744567871,1750227712
-2.027316093444824,1750361632.0,0.1448810249567031,1750227712
1.7378287315368652,1750361633.0,0.1899032443761825,1750227712
1.575412392616272,1750361634.0,-0.7659364342689514,1750227713
2.386012315750122,1750361635.0,0.7408264875411987,1750227715
-1.139074683189392,1750361635.0,0.0497254580259323,1750227715
2.321288824081421,1750361635.0,0.3457253873348236,1750227716
-1.4230945110321045,1750361636.0,-0.3503535091876983,1750227716
-0.8005764484405518,1750361637.0,-1.2261736392974854,1750227717
-1.675552248954773,1750361637.0,0.9247019290924072,1750227717
1.8001022338867188,1750361638.0,-0.1312056332826614,1750227718
3.131542444229126,1750361638.0,-1.338097095489502,1750227719
2.2711427211761475,1750361639.0,0.4766581058502197,1750227719
2.852992296218872,1750361643.0,-0.5644184947013855,1750227720
1.2745612859725952,1750361643.0,0.2130467295646667,1750227721
0.6474897265434265,1750361644.0,-0.0970605686306953,1750227721
-1.430245876312256,1750361646.0,-0.1147220283746719,1750227721
0.6895667910575867,1750361646.0,-1.7769616842269895,1750227722
-0.6798892021179199,1750361647.0,-0.7740678191184998,1750227722
1.7235206365585327,1750361649.0,0.1317746788263321,1750227722
-1.5644712448120115,1750361650.0,0.1265769153833389,1750227722
-0.2805779874324798,1750361650.0,0.9732903242111206,1750227722
-2.309010982513428,1750361650.0,-0.4791077673435211,1750227723
-0.1795947700738906,1750361651.0,-1.4302456378936768,1750227725
0.2963579595088959,1750361651.0,-0.308696448802948,1750227725
0.754291296005249,1750361652.0,2.224238872528076,1750227725
1.3650294542312622,1750361652.0,-0.5119282603263855,1750227726
-2.3477213382720947,1750361653.0,0.3011342585086822,1750227726
-1.238797664642334,1750361653.0,0.8039422035217285,1750227727
3.241572856903076,1750361654.0,0.5796414613723755,1750227728
-2.5324394702911377,1750361654.0,0.1301543861627578,1750247979
0.923639714717865,1750361656.0,-0.7484007477760315,1750247979
1.296862006187439,1750361657.0,0.0449479892849922,1750247981
1.46306574344635,1750361658.0,-0.4223041236400604,1750247981
-0.6171203851699829,1750361662.0,-0.4761634171009063,1750247981
-1.8783650398254397,1750361663.0,-0.2658515274524688,1750247981
-1.5383836030960083,1750361663.0,-0.5434861183166504,1750247981
1.6229583024978638,1750361664.0,-2.424944877624512,1750247982
0.5843001008033752,1750361664.0,0.2033069282770156,1750247982
1.6229585409164429,1750361665.0,-0.6486784219741821,1750247983
1.7887425422668457,1750361666.0,-0.7396389842033386,1750247984
-1.8421794176101685,1750361667.0,0.4496553540229797,1750247984
0.1822671145200729,1750361668.0,1.7395118474960327,1750247984
0.428195059299469,1750361668.0,-0.4105224311351776,1750247984
-0.569993793964386,1750361669.0,-0.800997793674469,1750247985
0.7951061725616455,1750361669.0,2.0576133728027344,1750247985
-1.6448386907577517,1750361672.0,1.8535401821136477,1750247985
0.5022494792938232,1750361673.0,2.1240944862365723,1750247985
3.7157697677612314,1750361676.0,0.4643812775611877,1750247986
2.1535472869873047,1750361678.0,-0.5145268440246582,1750247986
-0.3592634499073028,1750361679.0,2.5717930793762207,1750247986
-1.8219826221466064,1750361680.0,0.673284649848938,1750247987
0.6668457388877869,1750361684.0,0.6845174431800842,1750247987
1.6646134853363037,1750361685.0,0.9019812941551208,1750247988
-1.875420093536377,1750361685.0,-0.3758207559585571,1750247988
3.769625663757324,1750361685.0,0.8178264498710632,1750247991
0.583531379699707,1750361686.0,-0.3453028500080108,1750247991
-0.8153040409088135,1750361687.0,0.2690080404281616,1750247991
1.2254056930541992,1750361688.0,0.4240616858005523,1750247992
1.1660029888153076,1750361690.0,0.3173957169055938,1750247993
1.8981412649154663,1750361691.0,0.7488191723823547,1750247993
0.542219877243042,1750361695.0,-0.6191931366920471,1750247993
1.814407229423523,1750361696.0,-1.0437809228897097,1750247994
1.362920880317688,1750361700.0,-0.016547568142414,1750247994
-2.735356092453003,1750361701.0,-0.1774902194738388,1750247994
-1.63768470287323,1750361703.0,-0.0791802033782005,1750247995
1.1920905113220217,1750361705.0,2.282923698425293,1750247995
2.606074571609497,1750361708.0,-0.4762373566627502,1750247996
1.317061185836792,1750361709.0,0.5910020470619202,1750247996
1.242584228515625,1750361710.0,0.2620643973350525,1750247996
1.152538537979126,1750361711.0,0.647489070892334,1750247996
-0.912922739982605,1750361712.0,0.0076475883834064,1750247998
0.745034396648407,1750361714.0,-0.1854224503040313,1750247998
0.8300317525863647,1750361715.0,0.4244824647903442,1750247998
1.399530053138733,1750361716.0,-0.2474852204322815,1750247999
3.403632402420044,1750361717.0,0.5299899578094482,1750247999
1.3793331384658811,1750361718.0,0.6798142194747925,1750247999
1.3894318342208862,1750361719.0,0.333943098783493,1750248000
1.4824962615966797,1750361719.0,0.290618896484375,1750248001
-1.3873276710510254,1750361720.0,-0.5322318077087402,1750248002
-1.5287057161331177,1750361720.0,-0.6390010714530945,1750248002
-0.8081483244895935,1750361721.0,-0.5465052723884583,1750248003
-0.9217569828033448,1750361724.0,0.3396967351436615,1750248003
-1.0143256187438965,1750361725.0,0.0523135811090469,1750248003
-0.4117538630962372,1750361727.0,0.0255285389721393,1750248003
0.3588415086269378,1750361730.0,0.5787999033927917,1750248004
-1.626745343208313,1750361733.0,-2.259164571762085,1750248004
-0.9415352940559388,1750361734.0,-1.4201483726501465,1750248004
-1.1950361728668213,1750361735.0,0.0018197573954239,1750248005
-2.403263568878174,1750361735.0,0.5641766786575317,1750248005
-0.879679799079895,1750361736.0,0.4341914653778076,1750248006
0.4661384522914886,1750361737.0,0.1202034503221511,1750248007
0.288921058177948,1750361738.0,0.6701378226280212,1750248007
2.595137357711792,1750361742.0,-0.6190895438194275,1750248008
2.517292261123657,1750361742.0,0.4763418138027191,1750248008
1.4386625289916992,1750361742.0,-1.0246244668960571,1750248008
1.599815845489502,1750361743.0,1.9894496202468872,1750248010
0.4098592698574066,1750361744.0,0.2906781733036041,1750248010
-0.714740514755249,1750361745.0,0.325423002243042,1750248010
1.553952693939209,1750361745.0,0.7794628143310547,1750248011
-2.2437918186187744,1750361750.0,0.4021823108196258,1750248011
1.3263174295425415,1750361750.0,0.1589771956205368,1750248011
2.788193941116333,1750361751.0,-0.2784769833087921,1750248011
-1.7529759407043457,1750361752.0,0.2979786098003387,1750248013
-0.4127007722854614,1750361753.0,-0.4266174733638763,1750248014
1.3056983947753906,1750361756.0,0.2999346852302551,1750248014
2.211195707321167,1750361756.0,-1.0399826765060425,1750248015
-2.30185866355896,1750361758.0,0.9509900212287904,1750248015
1.9153929948806765,1750361762.0,0.4297426342964172,1750248015
-1.9713553190231323,1750361762.0,-2.277254343032837,1750248016
-0.2563849091529846,1750361762.0,0.2537978291511535,1750248016
-1.1967175006866455,1750361762.0,-0.1379406005144119,1750248016
-1.0101085901260376,1750361762.0,0.4925736486911773,1750248017
-0.726174533367157,1750361763.0,0.745949923992157,1750248018
0.4009190797805786,1750361763.0,-2.459646224975586,1750248018
1.391956448554993,1750361765.0,-1.6137017011642456,1750248018
-1.6019200086593628,1750361767.0,-0.0480440557003021,1750248018
1.3734434843063354,1750361768.0,0.2711122930049896,1750248018
-0.8346583843231201,1750361769.0,-0.0535108149051666,1750248019
-0.6718207001686096,1750361769.0,0.6827607154846191,1750248019
-1.0460855960845947,1750361770.0,0.4702723324298858,1750248021
-1.0170509815216064,1750361775.0,-0.5952406525611877,1750248021
1.5922400951385498,1750361776.0,-0.6360552906990051,1750248021
2.555582284927368,1750361777.0,-0.0344291068613529,1750248022
-0.7446112632751465,1750361777.0,-0.1862528622150421,1750248022
0.6751872897148132,1750361780.0,0.1960361152887344,1750248022
0.7075861096382141,1750361781.0,-0.2921518087387085,1750248022
1.341463565826416,1750361782.0,0.0486726015806198,1750248023
-1.1782073974609375,1750361785.0,0.6070239543914795,1750248024
-1.1163535118103027,1750361786.0,-0.6793916821479797,1750248024
-0.6668448448181152,1750361787.0,-0.3546347618103027,1750248024
-0.5994496941566467,1750361787.0,0.4391350448131561,1750248025
-0.5317046046257019,1750361788.0,0.1454497128725052,1750248025
-2.110692977905273,1750361788.0,2.003754138946533,1750248025
-1.2337464094161987,1750361790.0,0.0441072955727577,1750248026
-0.3124835789203644,1750361790.0,-0.7067446112632751,1750248026
1.32463276386261,1750361792.0,-0.2414472252130508,1750248027
1.1159303188323977,1750361793.0,-0.3773561418056488,1750248027
2.074862480163574,1750361797.0,-0.4105347692966461,1750248028
-0.7803784608840942,1750361801.0,0.0239070001989603,1750248028
1.27498197555542,1750361802.0,-0.8237183690071106,1750248030
0.5508396029472351,1750361803.0,0.0425714328885078,1750248030
1.6179099082946775,1750361804.0,2.2490620613098145,1750248031
0.395238995552063,1750361805.0,0.743550181388855,1750248031
-0.5586324334144592,1750361805.0,0.2211866974830627,1750248031
2.7832183837890625,1750361805.0,-0.5978710055351257,1750248031
-2.2774527072906494,1750361807.0,-0.5794307589530945,1750248032
-1.629691481590271,1750361808.0,-0.3128720819950104,1750248032
2.6712193489074707,1750361809.0,-0.4908593893051147,1750248033
-1.593082070350647,1750361809.0,0.8064668774604797,1750248033
2.1729037761688232,1750361810.0,-0.9528943300247192,1750248033
-1.317899227142334,1750361810.0,0.21066914498806,1750248033
-2.026897668838501,1750361810.0,0.6676869988441467,1750248034
2.698223352432251,1750361812.0,0.9495276808738708,1750248034
-2.082860946655273,1750361813.0,0.7303073406219482,1750248035
1.669243335723877,1750361814.0,-0.0091822687536478,1750248035
1.6343183517456057,1750361816.0,0.127839595079422,1750248036
1.326316237449646,1750361820.0,-0.4973801672458648,1750248036
1.257729172706604,1750361821.0,0.4996947944164276,1750248036
-2.2850277423858643,1750361825.0,-1.3697292804718018,1750248037
-0.407651424407959,1750361825.0,-0.3853504955768585,1750248037
-0.4587742686271667,1750361826.0,0.8771563172340393,1750248037
1.6355807781219482,1750361826.0,-0.533461332321167,1750248038
-0.472029447555542,1750361826.0,0.4816334247589111,1750248038
0.9922255873680116,1750361827.0,-0.3570536077022552,1750248038
2.566102266311645,1750361830.0,-0.6036561727523804,1750248039
2.8778181076049805,1750361830.0,0.5580021739006042,1750248039
-2.249484062194824,1750361831.0,-0.3677837252616882,1750248041
-1.7950520515441897,1750361832.0,0.470766931772232,1750248041
-1.282554030418396,1750361832.0,0.5380900502204895,1750248041
1.9907110929489136,1750361834.0,-1.8569061756134035,1750248042
1.1378120183944702,1750361836.0,-0.6844435930252075,1750248042
-1.9267548322677608,1750361837.0,-0.2169805616140365,1750248043
-1.5985536575317385,1750361838.0,0.0081311734393239,1750248044
-1.7075330018997192,1750361839.0,-0.2620655596256256,1750248046
-1.512295484542847,1750361841.0,0.7101113200187683,1750248047
1.8261908292770384,1750361841.0,0.6040772199630737,1750248048
2.41925311088562,1750361845.0,0.1791111826896667,1750248048
1.3347314596176147,1750361846.0,0.6066025495529175,1750248049
-0.9918041825294496,1750361846.0,-0.0223746672272682,1750248050
-0.3180289268493652,1750361848.0,-0.104907102882862,1750248051
-0.6028149127960205,1750361849.0,0.3201317191123962,1750248051
-1.004847526550293,1750361850.0,-0.4644546210765838,1750248051
2.154811143875122,1750361852.0,-0.2544288635253906,1750248052
1.4411864280700684,1750361853.0,-1.4062623977661133,1750248052
-0.5042496919631958,1750361855.0,0.0244783256202936,1750248052
2.3014369010925293,1750361858.0,-1.3961656093597412,1750248052
2.376755714416504,1750361860.0,-0.57241290807724,1750248053
0.6973524689674377,1750361860.0,-0.4087371528148651,1750248053
-0.9440577626228333,1750361861.0,0.1601767838001251,1750248054
2.7663137912750244,1750361863.0,-1.5897176265716553,1750248054
1.8691085577011108,1750361863.0,-0.4803707301616668,1750248054
-1.6141223907470703,1750361864.0,-0.4933832287788391,1750248054
0.544087290763855,1750361864.0,0.832133948802948,1750248054
0.65709388256073,1750361865.0,0.7433512806892395,1750248055
-0.6064661145210266,1750361867.0,-0.0244794990867376,1750248055
0.3285457491874695,1750361868.0,-1.812305688858032,1750248055
-1.639368176460266,1750361869.0,0.7702800631523132,1750248055
-0.9945390820503236,1750361869.0,0.6814985275268555,1750248055
-1.2720359563827517,1750361870.0,-0.0644518062472343,1750248056
-1.0961555242538452,1750361871.0,0.4917314946651459,1750248056
-1.7058498859405518,1750361873.0,-0.5615808963775635,1750248056
1.8577463626861568,1750361876.0,1.6381043195724487,1750248056
-0.3769354820251465,1750361877.0,-0.0891289338469505,1750248057
-2.399476289749145,1750361877.0,0.6798148155212402,1750248057
0.7833251953125,1750361878.0,-0.923858642578125,1750248057
2.058875322341919,1750361878.0,1.5720452070236206,1750248058
0.4593317806720733,1750361880.0,-0.5219212770462036,1750248058
0.517156720161438,1750361880.0,0.3768721222877502,1750248058
-0.8060461282730103,1750361881.0,0.7324117422103882,1750248058
-1.3965805768966677,1750361881.0,0.0108041046187281,1750248058
0.5611585974693298,1750361882.0,0.1070116460323333,1750248059
-1.6376852989196775,1750361885.0,1.978508830070496,1750248059
-0.5558876395225525,1750361885.0,0.2911001145839691,1750248060
-2.6691880226135254,1750361887.0,0.7131311893463135,1750248060
1.6671388149261477,1750361888.0,-0.3096124231815338,1750248061
1.3839623928070068,1750361889.0,0.0968498662114143,1750248061
0.8641125559806824,1750361891.0,0.4727656245231628,1750248061
-1.4474973678588867,1750361891.0,2.2364418506622314,1750248061
-0.6310800909996033,1750361894.0,0.3152906000614166,1750248062
1.314955472946167,1750361896.0,0.253226637840271,1750248062
-2.4280877113342285,1750361897.0,-0.8363410830497742,1750248062
1.269512176513672,1750361899.0,0.6394206881523132,1750248063
-1.7992618083953855,1750361899.0,-0.8430739045143127,1750248063
0.2916664481163025,1750361902.0,-0.160660371184349,1750248064
0.9595513343811036,1750361904.0,0.5889296531677246,1750248064
-0.3925029635429382,1750361904.0,0.1509082466363906,1750248065
2.13166880607605,1750361905.0,0.3827514350414276,1750248065
-1.1373907327651978,1750361906.0,-0.1458590477705001,1750248065
-2.566447734832764,1750361906.0,-0.1076431199908256,1750248065
-2.5846152305603027,1750361907.0,-0.2490218132734298,1750248067
2.483630418777466,1750376460.0,-0.4148042798042297,1750248067
-0.3697832226753235,1750376462.0,1.4525474309921265,1750248067
2.721365451812744,1750376463.0,-0.6150170564651489,1750248068
-0.3045630753040313,1750376463.0,0.4436269700527191,1750248069
3.204188346862793,1750376465.0,1.0532366037368774,1750248069
0.421883761882782,1750376467.0,1.8699499368667605,1750248069
0.8687415719032288,1750376467.0,0.1475536525249481,1750248069
0.4921511113643646,1750376468.0,-0.2068710178136825,1750248070
0.1593977063894271,1750376468.0,-2.244361162185669,1750248071
-3.1347599029541016,1750376469.0,0.7437726259231567,1750248071
-2.6893868446350098,1750376470.0,-0.2468449473381042,1750248071
-1.3006479740142822,1750376470.0,0.3975529074668884,1750248072
-1.6953306198120115,1750376470.0,-0.0049746576696634,1750248072
-2.3725473880767822,1750376470.0,-0.1149438694119453,1750248072
-0.4068098664283752,1750376471.0,0.2384286969900131,1750248072
2.4998409748077397,1750376471.0,-0.3554018437862396,1750248073
-0.7568162083625793,1750376474.0,-0.3137582540512085,1750248073
-1.811464071273804,1750376474.0,-0.9888610243797302,1750248074
1.8960394859313965,1750376474.0,0.2842923700809479,1750248075
2.06350326538086,1750376475.0,-0.3763046264648437,1750248076
0.6958785057067871,1750376475.0,0.2479682266712188,1750248077
-2.365816354751587,1750376478.0,-0.1427782475948333,1750248078
0.440471351146698,1750376480.0,-2.0079615116119385,1750248078
-1.809357762336731,1750376480.0,0.799735426902771,1750248078
1.8093565702438357,1750376480.0,0.0544156283140182,1750248080
1.6507291793823242,1750376481.0,0.567754864692688,1750248082
1.6284284591674805,1750376484.0,0.372665524482727,1750248083
-1.7786442041397097,1750376487.0,-0.358420729637146,1750248083
1.9940760135650637,1750376488.0,-0.4667695760726928,1750248084
0.843494713306427,1750376494.0,-1.122661828994751,1750248085
-1.2282761335372925,1750376495.0,-2.21371865272522,1750248087
0.7925801873207092,1750376496.0,0.6520441174507141,1750248087
1.3380980491638184,1750376497.0,0.4457303285598755,1750248088
-3.141638994216919,1750376498.0,-0.172154352068901,1750248088
-0.7538698315620422,1750376500.0,-0.9057687520980836,1750248088
-2.249483823776245,1750376501.0,0.5095836520195007,1750248088
-3.158470630645752,1750376505.0,-0.3489538133144378,1750248088
2.4234607219696045,1750376507.0,-0.292719304561615,1750248088
2.755866289138794,1750376509.0,-0.664670467376709,1750248088
1.2859224081039429,1750376509.0,-0.0028716227971017,1750248089
-2.052140474319458,1750376511.0,-0.6608805656433105,1750248089
0.4879452586174011,1750376511.0,-0.3163446187973022,1750248089
-1.261002779006958,1750376512.0,-0.3384349346160888,1750248090
-1.3553495407104492,1750376513.0,-0.2608037889003753,1750248090
0.331418514251709,1750376513.0,-0.8102534413337708,1750248090
-0.7345151901245117,1750376513.0,0.7042200565338135,1750248091
1.8745768070220947,1750376513.0,0.3457245826721191,1750248092
1.5640501976013184,1750376515.0,-1.310747742652893,1750248092
-0.311084896326065,1750376516.0,-0.6251156330108643,1750248092
-1.6545153856277466,1750376516.0,-0.159608393907547,1750248093
2.86484694480896,1750376517.0,-0.5063511729240417,1750248093
1.7782227993011477,1750376522.0,-0.4879455268383026,1750248093
-0.5102462768554688,1750376523.0,2.5865206718444824,1750248094
-1.2051331996917725,1750376526.0,-0.0108020473271608,1750248094
0.9859142303466796,1750376528.0,-1.0578652620315552,1750248095
1.2295387983322144,1750376528.0,-1.6671392917633057,1750248095
1.7470849752426147,1750376529.0,2.122758150100708,1750248095
0.851909875869751,1750376529.0,0.4101028442382812,1750248095
1.885939359664917,1750376529.0,0.2435848414897918,1750248096
0.6016261577606201,1750376530.0,-0.2633602321147918,1750248096
1.299386739730835,1750376530.0,0.3069082200527191,1750248096
-0.8569591641426086,1750376530.0,-0.3542128205299377,1750248097
0.8077292442321777,1750376531.0,0.4749738276004791,1750248097
-1.5392253398895264,1750376533.0,-0.8224557638168335,1750248097
-3.1300692558288574,1750376533.0,0.661796510219574,1750248097
0.3973429501056671,1750376534.0,-2.2621071338653564,1750248098
-0.6479105353355408,1750376534.0,-0.1475518941879272,1750248099
2.4832093715667725,1750376539.0,-2.047514677047729,1750248099
-1.8956174850463867,1750376539.0,-0.8220349550247192,1750248099
-1.980192303657532,1750376541.0,0.6268697381019592,1750248100
-2.294706344604492,1750376542.0,-0.0320534482598304,1750248101
-1.645680546760559,1750376542.0,0.3394868969917297,1750248103
-2.4154655933380127,1750376542.0,0.543485164642334,1750248103
-1.833762526512146,1750376543.0,1.9608359336853027,1750248104
-0.446708083152771,1750376545.0,0.0507759675383567,1750248104
1.2939168214797974,1750376548.0,-0.1465025693178177,1750248105
2.5543205738067627,1750376548.0,0.2913087606430053,1750248105
2.282503604888916,1750376549.0,-0.0518294088542461,1750248105
-0.5801966786384583,1750376549.0,0.1711783707141876,1750248105
1.6259055137634275,1750376550.0,-0.8607460856437683,1750248108
-2.2793571949005127,1750376550.0,0.4429233074188232,1750248108
1.072593092918396,1750376555.0,0.0933362320065498,1750248108
0.723996102809906,1750376559.0,0.3104529678821563,1750248108
-1.6238009929656982,1750376560.0,0.630784809589386,1750248110
0.3571592271327972,1750376560.0,0.5713313221931458,1750248110
1.3162195682525637,1750376561.0,-1.5329142808914185,1750248110
-1.69238543510437,1750376563.0,0.2624118328094482,1750248111
0.8889371156692505,1750376564.0,1.36081862449646,1750248111
1.5114539861679075,1750376565.0,0.803941547870636,1750248112
2.334679126739502,1750376566.0,-0.6458068490028381,1750248112
-3.2378487586975098,1750376569.0,0.4841577112674713,1750248113
-1.4820016622543335,1750376570.0,-0.3894829154014587,1750248113
-0.3435152471065521,1750376570.0,-0.6112306714057922,1750248113
-1.3355735540390017,1750376572.0,-0.0267797634005546,1750248113
1.807254672050476,1750376572.0,-2.6216423511505127,1750248114
0.3195002377033233,1750376573.0,-1.9759831428527832,1750248114
-1.813563346862793,1750376573.0,-0.3373084366321563,1750248115
-1.9431620836257932,1750376575.0,-0.1248947232961654,1750248116
-0.8031005859375,1750376576.0,0.2390699982643127,1750248116
-1.8131473064422607,1750376578.0,-0.2165486216545105,1750248117
1.1819915771484375,1750376579.0,0.1393526792526245,1750248117
-1.7298325300216677,1750376579.0,0.164383515715599,1750248117
2.064345598220825,1750376583.0,0.4047370254993438,1750248118
3.487363815307617,1750376584.0,-0.4597527384757995,1750248118
-1.844283103942871,1750376585.0,-0.6760294437408447,1750248118
-0.5725185871124268,1750376585.0,0.1701266914606094,1750248119
1.6776585578918457,1750376587.0,-0.1349921524524688,1750248120
-1.9015074968338013,1750376589.0,0.612776517868042,1750248120
-1.4117337465286257,1750376591.0,-0.2356623113155365,1750248120
-0.7904791831970215,1750376593.0,-2.0214264392852783,1750248120
-1.5770944356918335,1750376594.0,-0.4462872743606567,1750248120
0.5768007636070251,1750376595.0,-0.4757531881332397,1750248122
1.4357160329818726,1750376595.0,-0.6474898457527161,1750248123
-2.135378837585449,1750376596.0,-0.2826848924160003,1750248123
0.935222327709198,1750376596.0,-0.2826091945171356,1750248124
2.622063636779785,1750376596.0,-0.629743754863739,1750248125
3.0351083278656006,1750376596.0,1.00927734375,1750248125
1.0155900716781616,1750376598.0,-0.7027165293693542,1750248126
-2.5774617195129395,1750376600.0,-0.2918654084205627,1750248126
1.2135485410690308,1750376601.0,0.7946859002113342,1750248126
-1.900246739387512,1750376601.0,0.1696441322565078,1750248126
2.9232611656188965,1750376603.0,0.3204784393310547,1750248127
1.6482032537460327,1750376605.0,-2.029839038848877,1750248127
0.1051917299628257,1750376606.0,0.871265709400177,1750248128
2.7860896587371826,1750376606.0,-0.2159271091222763,1750248128
-0.880945086479187,1750376607.0,-0.178752601146698,1750248129
2.567164421081543,1750376607.0,-0.3840158879756927,1750248129
0.9785501956939696,1750376607.0,-0.5737826824188232,1750248129
2.593451499938965,1750376608.0,2.043306827545166,1750248130
1.6843900680541992,1750376608.0,0.5902968049049377,1750248131
-0.6441245079040527,1750376610.0,0.6865474581718445,1750248131
1.5943450927734375,1750376613.0,0.3062465190887451,1750248131
1.8821510076522827,1750376613.0,0.6045708060264587,1750248132
-1.5282838344573977,1750376616.0,2.1729037761688232,1750248132
-1.9818754196166992,1750376620.0,-0.4138882160186767,1750248132
0.3567381501197815,1750376620.0,0.2664243280887604,1750248132
0.438082754611969,1750376620.0,0.6920177340507507,1750248132
-0.2363997101783752,1750376621.0,0.0028709978796541,1750248133
-0.6348665356636047,1750376621.0,0.6718943119049072,1750248133
3.858408212661743,1750376621.0,0.5935577750205994,1750248133
-0.7774341702461243,1750376622.0,0.3326914608478546,1750248133
-0.3474807441234588,1750376622.0,0.1307238042354583,1750248133
-2.4663796424865723,1750376622.0,0.2895636856555938,1750248134
0.7139713764190674,1750376625.0,-0.3605246841907501,1750248134
-2.048703670501709,1750376625.0,-0.0060266344808042,1750248135
1.221965789794922,1750376625.0,-0.3059617877006531,1750248136
1.431088924407959,1750376625.0,-0.1431332975625991,1750248136
-2.01090407371521,1750376627.0,0.1764387637376785,1750248137
-1.559423565864563,1750376629.0,0.618802547454834,1750248137
0.9217569828033448,1750376629.0,0.5533746480941772,1750248138
-2.682654619216919,1750376630.0,0.0528813861310482,1750248138
-1.731939435005188,1750376630.0,-0.0251716841012239,1750248138
1.6751978397369385,1750376630.0,-1.911605715751648,1750248138
-1.321266770362854,1750376631.0,0.2875536382198334,1750248139
0.442080557346344,1750376634.0,0.5404043793678284,1750248139
-1.4765307903289795,1750376635.0,0.2953045070171356,1750248140
2.0235302448272705,1750376637.0,0.4332439303398132,1750248140
1.8792078495025637,1750376638.0,-0.6223804354667664,1750248140
0.613753080368042,1750376641.0,-0.3680254518985748,1750248140
0.6621431112289429,1750376642.0,0.3878021240234375,1750248141
2.728865385055542,1750376642.0,0.1138910129666328,1750248143
1.5312310457229614,1750376645.0,0.2309300303459167,1750248143
-1.3355700969696045,1750376645.0,-0.4036551117897033,1750248144
1.354087233543396,1750376646.0,0.4047059118747711,1750248145
1.3288397789001465,1750376649.0,-1.121821403503418,1750248146
2.626692295074463,1750376649.0,0.7210510969161987,1750248146
-0.5594757795333862,1750376651.0,0.9901215434074402,1750248147
-1.7188931703567505,1750376651.0,0.9179707765579224,1750248148
0.3773580491542816,1750376653.0,1.3595569133758545,1750248149
-0.6066014170646667,1750376659.0,-0.474898099899292,1750248149
0.3710449934005737,1750376660.0,-1.540907621383667,1750248149
2.6696105003356934,1750376660.0,0.5771466493606567,1750248151
1.6423137187957764,1750376662.0,-0.8317137360572815,1750248151
0.2645902335643768,1750376662.0,-0.5103193521499634,1750248151
2.8500473499298096,1750376664.0,-0.3014373779296875,1750248152
-1.313693642616272,1750376664.0,-0.0707626342773437,1750248152
-0.3108033537864685,1750376664.0,0.6642479300498962,1750248153
-0.8258214592933655,1750376667.0,-0.2248273938894271,1750248153
2.397794008255005,1750376670.0,0.3835939764976501,1750248154
2.43650484085083,1750376670.0,1.2922333478927612,1750248156
1.4487603902816772,1750376671.0,-0.4817073345184326,1750248157
1.3704968690872192,1750376671.0,0.0707643926143646,1750248157
1.0374679565429688,1750376673.0,0.31634521484375,1750248158
-1.4197263717651367,1750376674.0,0.6974874138832092,1750248158
-1.7003812789916992,1750376675.0,-0.522868812084198,1750248158
-1.0481876134872437,1750376677.0,3.029715776443481,1750248160
0.7016977071762085,1750376679.0,-1.378909707069397,1750248161
3.025928735733032,1750376680.0,1.8330594301223757,1750248161
-2.464698076248169,1750376681.0,-1.63431715965271,1750248161
0.2016848027706146,1750376682.0,0.3941129446029663,1750248161
-2.919894933700561,1750376684.0,1.737829327583313,1750248161
0.8439154624938965,1750376684.0,0.8127787113189697,1750248163
-0.7328309416770935,1750376685.0,2.019742965698242,1750248163
1.9486347436904907,1750376686.0,-0.462667316198349,1750248164
0.8271583914756775,1750376687.0,-0.1764391362667083,1750248164
1.5998164415359497,1750376687.0,-1.4849457740783691,1750248164
-0.3495854139328003,1750376690.0,0.4128071665763855,1750248164
1.033040165901184,1750376692.0,-0.8203523755073547,1750248165
2.000808954238892,1750376694.0,-0.5232890248298645,1750248166
3.2651987075805664,1750376694.0,-0.2406070381402969,1750248167
1.314955472946167,1750376695.0,-0.0691428557038307,1750248167
-0.5041456818580627,1750376696.0,0.3549816310405731,1750248167
-0.8430734276771545,1750376697.0,-0.9539355039596558,1750248167
0.594399094581604,1750376700.0,0.1343636065721511,1750248168
-1.3839621543884275,1750376706.0,-0.0051216930150985,1750248168
1.6048651933670044,1750376706.0,0.6222436428070068,1750248168
-0.7063246965408325,1750376707.0,0.9808645844459534,1750248168
-1.8135673999786377,1750376708.0,-0.0165461022406816,1750248168
-1.6158064603805542,1750376710.0,-0.3282626867294311,1750248169
-0.4101761877536773,1750376711.0,0.02026953920722,1750248169
-1.564050793647766,1750376712.0,-0.2174641489982605,1750248169
1.8585888147354128,1750376712.0,-0.601207971572876,1750248170
0.8232967257499695,1750376712.0,0.9829691052436828,1750248170
0.2707228660583496,1750376712.0,-0.0260132998228073,1750248170
-2.128722667694092,1750376714.0,0.7845863699913025,1750248171
-1.4508633613586426,1750376715.0,0.3007031977176666,1750248171
0.4997276365756988,1750376716.0,2.774183511734009,1750248171
-0.8232976198196411,1750376716.0,1.7097090482711792,1750248171
4.483386516571045,1750376717.0,0.4963589906692505,1750248171
-1.457175612449646,1750376718.0,0.4420793950557709,1750248172
-0.8279277682304382,1750376724.0,0.0807130932807922,1750248172
0.7084291577339172,1750376725.0,-1.7727525234222412,1750248173
-1.7765402793884275,1750376725.0,0.7147392630577087,1750248173
1.9536842107772827,1750376728.0,-0.0937582105398178,1750248174
0.7134774327278137,1750376731.0,-1.6406290531158447,1750248174
-1.178205490112305,1750376733.0,-0.3166914284229278,1750248174
-1.5021966695785522,1750376734.0,-0.915866196155548,1750248174
-1.4512839317321775,1750376734.0,0.858147919178009,1750248175
0.7622862458229065,1750376736.0,0.3314188122749328,1750248175
2.4322972297668457,1750376742.0,0.5668240785598755,1750248176
1.271615743637085,1750376742.0,-0.2274997383356094,1750248176
1.4613810777664185,1750376744.0,0.0349983759224414,1750248177
0.8052045106887817,1750376744.0,0.635215163230896,1750248177
0.689491868019104,1750376745.0,-1.9890265464782717,1750248177
0.6270089745521545,1750376746.0,0.1153212264180183,1750248178
0.909754514694214,1750376747.0,-0.4452051818370819,1750248179
0.7778531312942505,1750376748.0,-0.2548499405384063,1750248179
2.5892434120178223,1750376748.0,0.8220354318618774,1750248180
3.232588768005371,1750376750.0,-0.7214725017547607,1750248180
-0.8565391898155212,1750376750.0,0.0076477350667119,1750248180
-1.8215646743774412,1750376751.0,0.2495463341474533,1750248180
1.9957603216171265,1750376753.0,-0.3125891983509063,1750248180
-2.040286064147949,1750376753.0,0.5523229241371155,1750248181
2.612386703491211,1750376753.0,0.5684905052185059,1750248181
2.9818220138549805,1750376756.0,0.4358431994915008,1750248181
-1.4874703884124756,1750376756.0,-0.458354115486145,1750248181
-0.5426459908485413,1750376756.0,0.468589186668396,1750248181
-0.871265709400177,1750376758.0,-0.0249622054398059,1750248181
-0.760184109210968,1750376758.0,-0.901561439037323,1750248181
0.4559666812419891,1750376759.0,0.4138899445533752,1750248182
2.0003883838653564,1750376760.0,-1.3326282501220703,1750248182
1.6599853038787842,1750376761.0,-0.654569149017334,1750248182
0.729046106338501,1750376761.0,-0.8241387605667114,1750248183
-0.490470290184021,1750376761.0,-0.0623468235135078,1750248183
0.617961585521698,1750376762.0,-0.1743351817131042,1750248183
3.275865316390991,1750376763.0,-1.2442649602890017,1750248184
-2.0702342987060547,1750376763.0,0.5973442792892456,1750248185
1.2762455940246582,1750376764.0,0.9760363698005676,1750248186
3.337297916412353,1750376764.0,0.0387890264391899,1750248186
0.8725274801254272,1750376765.0,0.0565197244286537,1750248187
2.45417594909668,1750376766.0,-0.4901521801948547,1750248189
2.746537446975708,1750376767.0,-0.3908204138278961,1750248189
1.4979896545410156,1750376771.0,0.3638910055160522,1750248191
2.4689033031463623,1750376772.0,-0.465643048286438,1750248191
-1.8156720399856567,1750376773.0,-0.8853507041931152,1750248191
-2.59892201423645,1750376773.0,0.9289098381996156,1750248192
0.7538706064224243,1750376774.0,-0.5217848420143127,1750248192
0.3634713888168335,1750376774.0,-1.6587237119674685,1750248193
-2.169539213180542,1750376774.0,0.2803062498569488,1750248193
-1.9427430629730225,1750376775.0,-1.1630560159683228,1750248193
0.6482579112052917,1750376780.0,-0.1223050579428672,1750248193
-1.7407737970352173,1750376780.0,-0.3835953772068023,1750248193
-1.9902876615524288,1750376781.0,1.436978816986084,1750248195
0.78164142370224,1750376783.0,-0.3586631119251251,1750248196
0.8565385937690735,1750376784.0,0.0823343694210052,1750248196
3.4629602432250977,1750376786.0,0.518660306930542,1750248196
1.067344069480896,1750376788.0,-0.502672016620636,1750248197
-0.8813640475273132,1750376789.0,0.4711150825023651,1750248198
1.5099502801895142,1750376789.0,0.790477454662323,1750248198
2.61112380027771,1750376790.0,-1.3149566650390625,1750248200
-3.003058910369873,1750376795.0,0.3946079611778259,1750248200
1.6675608158111572,1750376798.0,1.6124378442764282,1750248202
-0.774067759513855,1750376798.0,0.0248982440680265,1750248203
3.1911444664001465,1750376798.0,-0.3567381501197815,1750248203
0.8792607188224792,1750376798.0,-2.246117353439331,1750248203
-2.308590650558472,1750376799.0,0.857377827167511,1750248203
4.873085021972656,1750376802.0,-0.0291695594787597,1750248204
-1.641472339630127,1750376802.0,0.5995222926139832,1750248205
1.3780704736709597,1750376803.0,-0.3765141367912292,1750248205
-1.4230929613113403,1750376804.0,-0.3558954000473022,1750248206
-1.1584291458129885,1750376806.0,0.8464402556419373,1750248207
-1.622539758682251,1750376808.0,-0.2353462725877761,1750248208
-1.5653122663497925,1750376808.0,-0.384013831615448,1750248209
-0.6920177936553955,1750376812.0,-0.4252507090568542,1750248209
-0.2539989650249481,1750376813.0,0.4256705939769745,1750248209
1.7036713361740112,1750376816.0,0.6469943523406982,1750248209
-1.8985636234283447,1750376817.0,-0.4089132249355316,1750248210
2.7642831802368164,1750376818.0,1.586351752281189,1750248211
0.7097639441490173,1750376818.0,-0.1296709477901458,1750248212
-0.4488865733146667,1750376819.0,0.1175311505794525,1750248212
0.6338160634040833,1750376821.0,0.7450361847877502,1750248212
-0.8834667205810547,1750376822.0,-1.9423205852508545,1750248212
0.8275075554847717,1750376823.0,-0.4904690980911255,1750248213
-1.944426417350769,1750376823.0,-0.1596080958843231,1750248214
2.1598610877990723,1750376824.0,0.375177800655365,1750248214
1.5817227363586426,1750376825.0,-2.066869735717773,1750248214
2.6081771850585938,1750376825.0,0.7702800631523132,1750248216
0.681499183177948,1750376825.0,0.6537275910377502,1750248216
-3.080207347869873,1750376826.0,-0.56084144115448,1750248216
-0.4812862575054168,1750376827.0,-1.384382247924805,1750248218
-0.7673357129096985,1750376827.0,-0.848122775554657,1750248219
1.3056998252868652,1750376828.0,-0.616699755191803,1750248219
-1.6839699745178225,1750376830.0,-0.038154013454914,1750248220
1.4744268655776978,1750376831.0,2.5823099613189697,1750248220
2.915687084197998,1750376831.0,-0.1911656260490417,1750248221
2.277874231338501,1750376831.0,-0.2590578496456146,1750248221
1.2282779216766355,1750376831.0,-0.7603813409805298,1750248221
-0.3667320609092712,1750376832.0,-0.3832468390464782,1750248222
-0.5131909251213074,1750376833.0,-0.2906769812107086,1750248222
-0.7250354290008545,1750376833.0,-0.351626455783844,1750248222
-1.8989832401275637,1750376834.0,-0.4563868343830108,1750248222
0.9592050313949584,1750376834.0,0.8073073029518127,1750248222
1.6949104070663452,1750376835.0,0.1448811292648315,1750248223
0.7850077152252197,1750376836.0,-1.692807674407959,1750248223
0.91250079870224,1750376836.0,-2.020585298538208,1750248225
1.9419015645980835,1750376836.0,-0.9192327260971068,1750248226
1.4655914306640625,1750376837.0,0.3889283239841461,1750248226
-3.2475993633270264,1750376838.0,-0.7467178702354431,1750248226
-1.3149542808532717,1750376841.0,-2.015536069869995,1750248226
-1.7466644048690796,1750376841.0,-0.3706541657447815,1750248227
-0.8918826580047607,1750376843.0,-0.3040395677089691,1750248228
1.3317867517471311,1750376843.0,0.2740889191627502,1750248228
2.6738197803497314,1750376845.0,1.0157872438430786,1750248228
-0.8965117931365967,1750376845.0,0.74840247631073,1750248228
-0.7765927910804749,1750376847.0,1.0479882955551147,1750248229
3.6787402629852295,1750376848.0,-0.0276348404586315,1750248229
-2.95650053024292,1750376849.0,-2.2772538661956787,1750248230
1.5964499711990356,1750376851.0,-0.4688720405101776,1750248230
0.7993137240409851,1750392001.0,0.6038577556610107,1750248230
-1.9633588790893557,1750392001.0,1.6549371480941772,1750248232
1.968833327293396,1750392003.0,0.4615108668804168,1750248232
3.2378528118133545,1750392006.0,-0.4402607977390289,1750248232
-0.8190900087356567,1750392009.0,1.8388125896453855,1750248233
-0.7235758900642395,1750392014.0,0.3160282969474792,1750248233
1.7912644147872925,1750392016.0,0.6480154991149902,1750248233
-1.566576361656189,1750392017.0,0.0302212052047252,1750248233
-0.8392856121063232,1750392017.0,-0.2779922485351562,1750248234
-1.6490472555160522,1750392017.0,-0.3225842714309692,1750248234
1.2876055240631104,1750392018.0,0.4340861141681671,1750248234
2.082017183303833,1750392018.0,0.4917303621768951,1750248234
-1.8489117622375488,1750392018.0,0.2762961685657501,1750248235
-1.980189323425293,1750392019.0,-2.048777341842652,1750248235
-0.9310144186019896,1750392020.0,-0.1901139169931411,1750248235
-0.9028235077857972,1750392021.0,-2.7506089210510254,1750248236
-1.509771466255188,1750392022.0,2.244013786315918,1750248236
2.299333095550537,1750392023.0,-0.4512012004852295,1750248237
-1.6713467836380005,1750392023.0,-0.0765063911676406,1750248238
-0.4160660803318023,1750392024.0,0.2363985478878021,1750248239
2.617361307144165,1750392025.0,0.7378809452056885,1750248239
1.731096625328064,1750392025.0,-2.2692604064941406,1750248241
0.8636912703514099,1750392026.0,-0.9707659482955932,1750248241
2.473531723022461,1750392030.0,0.2300868332386016,1750248241
1.7521346807479858,1750392031.0,-1.5413295030593872,1750248242
1.5421723127365112,1750392031.0,-1.717632532119751,1750248242
-1.43950355052948,1750392032.0,-0.7951067090034485,1750248243
2.626692056655884,1750392033.0,0.3026696741580963,1750248243
-1.309486985206604,1750392037.0,-1.9326443672180176,1750248243
-1.4883122444152832,1750392038.0,-0.521501362323761,1750248243
1.014104962348938,1750392040.0,0.228552296757698,1750248244
0.6790477633476257,1750392045.0,0.5413824319839478,1750248244
1.9827152490615845,1750392046.0,0.2571529746055603,1750248244
3.0569193363189697,1750392049.0,-0.552742600440979,1750248245
1.9966007471084597,1750392049.0,-0.3974456489086151,1750248245
2.7188403606414795,1750392050.0,-0.3790412247180938,1750248246
0.9806656241416932,1750392050.0,-0.326863944530487,1750248246
1.946949243545532,1750392050.0,0.1528167724609375,1750248246
1.810200572013855,1750392050.0,-0.6122530102729797,1750248247
1.4946235418319702,1750392051.0,0.03863525390625,1750248247
0.7841679453849792,1750392054.0,-2.439870357513428,1750248247
-1.669243335723877,1750392054.0,-0.8199315667152405,1750248247
-0.6958037614822388,1750392055.0,0.1469843834638595,1750248248
-0.2553329169750213,1750392056.0,0.6983296275138855,1750248249
-1.6599866151809692,1750392056.0,-0.5629149079322815,1750248249
-1.4937843084335327,1750392057.0,-1.8543076515197756,1750248249
2.8113365173339844,1750392057.0,0.4530206322669983,1750248249
1.245949387550354,1750392058.0,-0.3429911434650421,1750248249
-1.5939271450042725,1750392061.0,-0.3638915717601776,1750248250
0.998116672039032,1750392062.0,-0.5526075959205627,1750248251
-1.7723313570022583,1750392062.0,0.6857056617736816,1750248252
1.6806035041809082,1750392067.0,-0.3690467178821563,1750248253
1.5114551782608032,1750392068.0,0.1953733116388321,1750248253
-0.8628481030464172,1750392068.0,-0.073918268084526,1750248253
-0.7525035738945007,1750392070.0,0.2521772980690002,1750248253
-1.5261813402175903,1750392070.0,-0.1328265815973281,1750248254
1.768123745918274,1750392072.0,-0.038154013454914,1750248254
1.866583228111267,1750392074.0,0.649100661277771,1750248255
-0.6983302235603333,1750392076.0,-0.0765061005949974,1750248256
1.9381126165390012,1750392076.0,0.3897998332977295,1750248256
-1.7003788948059082,1750392080.0,-0.4055477678775787,1750248257
-0.393660306930542,1750392082.0,-0.1795947700738906,1750248257
-2.369180917739868,1750392086.0,0.3803012073040008,1750248257
1.8548020124435425,1750392087.0,0.6427876353263855,1750248257
0.8241394758224487,1750392089.0,-0.2608026266098022,1750248258
-2.4659578800201416,1750392089.0,-0.0312740616500377,1750248259
-1.6999592781066897,1750392091.0,-0.2948215007781982,1750248259
1.3831204175949097,1750392091.0,0.7168431878089905,1750248260
-2.15339994430542,1750392092.0,-0.1299432218074798,1750248260
1.2695112228393557,1750392092.0,0.3580006659030914,1750248260
3.502450704574585,1750392093.0,-0.5303362011909485,1750248260
2.754185438156128,1750392093.0,-0.4336654841899872,1750248261
-0.8035213351249695,1750392093.0,0.3664474785327911,1750248261
2.595554828643799,1750392094.0,-0.4433106482028961,1750248262
-1.007793664932251,1750392094.0,-0.490047425031662,1750248262
1.9663056135177608,1750392096.0,0.0523106455802917,1750248263
-1.1967209577560425,1750392099.0,-0.5079304575920105,1750248263
-2.1947853565216064,1750392100.0,-0.678206205368042,1750248263
1.8897264003753664,1750392101.0,-0.0686592683196067,1750248263
-1.6650354862213137,1750392103.0,-0.5535956025123596,1750248263
-1.554374098777771,1750392103.0,-0.727780818939209,1750248264
-1.6305301189422607,1750392104.0,-0.5467159152030945,1750248264
-1.822405219078064,1750392105.0,-0.2816619873046875,1750248264
0.807729184627533,1750392105.0,-0.537353515625,1750248264
-1.373443603515625,1750392106.0,1.422671914100647,1750248265
-1.7437188625335691,1750392107.0,-0.532759428024292,1750248266
-1.834604024887085,1750392109.0,0.4787632822990417,1750248266
0.9943307638168336,1750392112.0,0.8662161827087402,1750248267
-1.446655511856079,1750392114.0,-0.6007843017578125,1750248267
0.3651539385318756,1750392117.0,1.7197351455688477,1750248268
1.6191725730895996,1750392118.0,0.5964716672897339,1750248269
2.727602958679199,1750392121.0,0.0739200264215469,1750248270
1.6284276247024536,1750392122.0,0.0676078796386718,1750248270
2.754080295562744,1750392122.0,-0.9074512720108032,1750248271
2.744086503982544,1750392126.0,-1.030517578125,1750248271
0.5796719789505005,1750392126.0,0.280503511428833,1750248272
-0.6798887848854065,1750392126.0,-0.2695770263671875,1750248272
-0.4879129528999328,1750392127.0,0.0460001863539218,1750248273
-1.284659743309021,1750392131.0,-0.4190110266208648,1750248273
1.8552234172821045,1750392133.0,0.7425099611282349,1750248273
1.8514364957809448,1750392135.0,-1.160112738609314,1750248274
1.283397912979126,1750392136.0,0.6187726259231567,1750248275
1.6174890995025637,1750392136.0,-0.0165469832718372,1750248275
-1.255629301071167,1750392137.0,0.090181790292263,1750248276
-1.957890748977661,1750392138.0,-0.2974102199077606,1750248277
-0.916288197040558,1750392138.0,0.0125492243096232,1750248277
-0.9777196645736694,1750392138.0,-0.5864045023918152,1750248277
-0.9356422424316406,1750392139.0,-0.0428447686135768,1750248277
-1.6288498640060425,1750392139.0,-0.0112868081778287,1750248278
0.3967114686965942,1750392142.0,-0.418951153755188,1750248278
-1.421830415725708,1750392142.0,0.4378697574138641,1750248279
0.8014174103736877,1750392143.0,1.5228135585784912,1750248279
1.6427351236343384,1750392144.0,-0.6182464957237244,1750248280
-2.527811288833618,1750392144.0,-0.6415992379188538,1750248280
0.912487268447876,1750392145.0,-0.2422276884317398,1750248280
1.6650351285934448,1750392145.0,1.4892278909683228,1750248280
-0.612565815448761,1750392145.0,-0.6634063124656677,1750248281
1.6965930461883545,1750392146.0,-0.0733525156974792,1750248282
0.6618998050689697,1750392147.0,-0.3934502005577087,1750248282
0.1164796948432922,1750392147.0,-0.2676403224468231,1750248282
0.342852920293808,1750392148.0,0.4399881958961487,1750248283
1.5897151231765747,1750392148.0,-1.4908368587493896,1750248283
2.998579263687134,1750392151.0,1.2526812553405762,1750248283
0.6474169492721558,1750392154.0,0.6434196829795837,1750248283
-1.1929343938827517,1750392155.0,-0.2020433843135833,1750248283
-1.1289753913879397,1750392159.0,0.5663132071495056,1750248283
1.8076770305633545,1750392160.0,0.1349299401044845,1750248285
2.174165725708008,1750392161.0,0.1514030545949936,1750248285
-0.6726619601249695,1750392161.0,-2.0584542751312256,1750248285
-0.5031660199165344,1750392161.0,-0.7147392630577087,1750248285
-2.0134317874908447,1750392164.0,0.929951548576355,1750248286
-2.67109489440918,1750392165.0,0.8674768209457397,1750248287
-0.7824829816818237,1750392167.0,-2.4998409748077397,1750248287
1.5834050178527832,1750392168.0,-0.1851389557123184,1750248287
1.0793228149414062,1750392168.0,0.6865475177764893,1750248288
1.3679721355438232,1750392169.0,-1.1087799072265625,1750248288
-1.9376929998397827,1750392172.0,-0.782905638217926,1750248289
0.6209071278572083,1750392173.0,0.687178373336792,1750248289
-1.8611141443252563,1750392174.0,0.8556963801383972,1750248289
-0.7420891523361206,1750392176.0,-0.3772823512554168,1750248289
0.8620084524154663,1750392176.0,0.5639671683311462,1750248289
-1.6317949295043943,1750392180.0,-0.800997793674469,1750248290
1.9923937320709229,1750392180.0,-0.8077280521392822,1750248291
-0.7639682292938232,1750392182.0,1.2185996770858765,1750248292
-0.4661383926868438,1750392184.0,0.639837384223938,1750248292
-1.460963249206543,1750392184.0,0.6384434103965759,1750248293
1.5632089376449585,1750392187.0,-0.3037208914756775,1750248294
-0.7392143607139587,1750392188.0,0.3905049562454223,1750248294
-1.3179010152816772,1750392192.0,-0.2363973706960678,1750248294
0.7963702082633972,1750392192.0,-0.3089798986911773,1750248295
1.5981351137161257,1750392195.0,-0.1843701750040054,1750248295
-0.8422321677207947,1750392195.0,-1.953261375427246,1750248295
-1.613701343536377,1750392195.0,0.3209727108478546,1750248295
-1.6818664073944092,1750392196.0,0.1175308153033256,1750248295
-1.7643373012542725,1750392198.0,0.9724493622779846,1750248296
-1.817908525466919,1750392199.0,-0.5866150259971619,1750248296
3.242624044418335,1750392202.0,0.0960094779729843,1750248296
3.1973917484283447,1750392202.0,1.953683614730835,1750248297
-1.8379703760147093,1750392202.0,0.4395575821399688,1750248297
-0.9255443811416626,1750392202.0,0.1839493960142135,1750248297
2.3010168075561523,1750392204.0,0.2945385873317718,1750248297
2.0879063606262207,1750392207.0,-0.4507070481777191,1750248298
1.4172025918960571,1750392208.0,0.2351370602846145,1750248299
-0.6781310439109802,1750392209.0,-0.6255358457565308,1750248299
1.2114450931549072,1750392211.0,-0.6743454337120056,1750248299
-1.2737191915512085,1750392211.0,-0.594715416431427,1750248299
-1.5316519737243652,1750392216.0,0.040255032479763,1750248300
1.3679715394973757,1750392217.0,-0.7452345490455627,1750248300
-0.7484008073806763,1750392218.0,0.6430720090866089,1750248300
-1.6317942142486572,1750392218.0,-0.6634796857833862,1750248301
1.3027524948120115,1750392220.0,-0.7129193544387817,1750248301
-1.6481302976608276,1750392220.0,-1.5354382991790771,1750248302
1.7353025674819946,1750392221.0,-2.0420424938201904,1750248302
-0.9137642979621888,1750392221.0,0.2096161395311355,1750248302
-1.2926543951034546,1750392221.0,0.1143751814961433,1750248302
0.8249810338020325,1750392221.0,0.1699171662330627,1750248303
0.9966559410095216,1750392224.0,0.6079376935958862,1750248303
2.199622869491577,1750392226.0,-0.602814257144928,1750248304
-0.5596543550491333,1750392226.0,-0.3288943767547607,1750248304
1.571203112602234,1750392226.0,-0.6516218781471252,1750248304
-0.2990303039550781,1750392227.0,0.6016260981559753,1750248304
-0.5647078156471252,1750392228.0,-0.8249828219413757,1750248305
-0.6588510274887085,1750392229.0,0.7980522513389587,1750248306
0.8965113162994385,1750392230.0,0.0390569195151329,1750248306
-0.0533635057508945,1750392233.0,0.4193596541881561,1750248307
-0.2427092045545578,1750392233.0,0.1167191639542579,1750248308
1.6317942142486572,1750392233.0,0.2535776197910309,1750248309
2.5993423461914062,1750392235.0,0.402180552482605,1750248309
3.2462620735168457,1750392235.0,0.9223777055740356,1750248309
-1.430667281150818,1750392236.0,-0.4183813035488128,1750248309
0.7126335501670837,1750392236.0,-0.809415340423584,1750248309
1.5733084678649902,1750392236.0,0.6184571981430054,1750248309
1.9036130905151367,1750392239.0,0.1046978533267974,1750248310
-0.974973201751709,1750392239.0,0.5380905866622925,1750248311
-0.7820656895637512,1750392239.0,0.2174639999866485,1750248311
0.789531409740448,1750392240.0,-0.2511259019374847,1750248311
-1.5240776538848877,1750392241.0,-0.5452431440353394,1750248311
-2.466378927230835,1750392241.0,2.0900120735168457,1750248311
-0.698749840259552,1750392241.0,-1.6561992168426514,1750248312
-1.483263373374939,1750392241.0,-1.685652494430542,1750248313
-0.3384358286857605,1750392241.0,0.8211916089057922,1750248314
-1.557740330696106,1750392245.0,-0.712499737739563,1750248314
-0.7000861167907715,1750392250.0,-0.4753218293190002,1750248314
-0.6415994763374329,1750392253.0,0.3629762828350067,1750248315
-1.6444172859191897,1750392254.0,1.2787680625915527,1750248315
-3.2391841411590576,1750392254.0,0.5239204168319702,1750248315
2.553701400756836,1750392255.0,-0.4694301784038543,1750248316
1.7361454963684082,1750392256.0,-0.0753930956125259,1750248316
-1.578777313232422,1750392257.0,-0.0070800771936774,1750248317
-1.822402834892273,1750392259.0,0.644123911857605,1750248318
1.9145530462265012,1750392261.0,-0.5932108759880066,1750248318
-1.4344552755355835,1750392268.0,2.1766932010650635,1750248318
1.6848114728927612,1750392269.0,0.3016474545001983,1750248319
0.7589196562767029,1750392269.0,-0.3078548610210418,1750248319
-1.3263150453567505,1750392270.0,-1.96336030960083,1750248320
1.6322150230407717,1750392271.0,-0.2033069282770156,1750248320
-0.694195032119751,1750392271.0,-0.8733696341514587,1750248320
-2.2263405323028564,1750392271.0,-0.5220993757247925,1750248321
1.4230926036834717,1750392273.0,0.2563858032226562,1750248322
1.362923502922058,1750392273.0,-0.5356985330581665,1750248322
-1.8316595554351809,1750392273.0,0.7513427734375,1750248322
-0.6737887859344482,1750392277.0,-0.4312151372432709,1750248323
0.882205069065094,1750392278.0,0.176585853099823,1750248324
-2.4329395294189453,1750392279.0,0.4070522487163543,1750248325
-2.2806196212768555,1750392280.0,0.94826740026474,1750248325
-1.7900041341781616,1750392281.0,-0.028687696903944,1750248326
-1.564892053604126,1750392281.0,-0.5809343457221985,1750248326
1.7496107816696167,1750392282.0,-0.3547821044921875,1750248326
0.3688671290874481,1750392282.0,0.058140680193901,1750248327
2.0630829334259038,1750392285.0,-0.5742011070251465,1750248328
-2.0445690155029297,1750392285.0,0.5880874395370483,1750248328
-1.4131109714508057,1750392286.0,0.2109418660402298,1750248328
-2.01763916015625,1750392287.0,0.4729759395122528,1750248328
-0.5890045166015625,1750392287.0,0.6513824462890625,1750248328
-1.844704508781433,1750392288.0,-0.7921594381332397,1750248329
-2.4916253089904785,1750392289.0,0.1170478165149688,1750248329
0.3760944902896881,1750392291.0,-0.5362275838851929,1750248330
2.007121086120605,1750392292.0,0.5982906222343445,1750248331
-1.690282940864563,1750392292.0,-0.7214713096618652,1750248331
-1.1899871826171875,1750392296.0,1.8026268482208248,1750248332
-2.3885374069213867,1750392297.0,-0.7551321983337402,1750248332
-0.9079463481903076,1750392298.0,-0.3947577774524688,1750248333
-2.261476755142212,1750392302.0,0.548536479473114,1750248334
0.82750403881073,1750392304.0,-0.668107807636261,1750248335
0.375177264213562,1750392305.0,0.3619249761104584,1750248335
0.5967875123023987,1750392305.0,-0.4038645923137665,1750248336
-1.455071210861206,1750392305.0,-0.1486053466796875,1750248336
1.2547858953475952,1750392306.0,-1.4660130739212036,1750248337
1.6869136095046997,1750392308.0,1.5644712448120115,1750248338
-0.4420808851718902,1750392316.0,-0.289561927318573,1750248338
0.5805138349533081,1750392317.0,-1.746246337890625,1750248339
-0.5102450847625732,1750392318.0,0.6255369782447815,1750248341
-1.7786424160003662,1750392319.0,-0.5824819803237915,1750248344
2.027738094329834,1750392320.0,0.3916942775249481,1750248345
-1.4672727584838867,1750392320.0,0.4846514165401459,1750248345
-2.0142736434936523,1750392320.0,0.2669026255607605,1750248345
-1.256045937538147,1750392323.0,-0.1654360741376876,1750248345
1.7521344423294067,1750392323.0,1.852698564529419,1750248345
-1.601499080657959,1750392323.0,-1.563629150390625,1750248345
0.2006325274705886,1750392324.0,0.333942711353302,1750248347
-1.276665449142456,1750392325.0,-1.2148126363754272,1750248348
-1.7458239793777466,1750392326.0,-1.0343029499053955,1750248348
-1.9494760036468504,1750392327.0,0.556950569152832,1750248348
-1.1613757610321045,1750392327.0,-0.1070122346282005,1750248350
-0.958365797996521,1750392327.0,-0.577642560005188,1750248350
1.6229579448699951,1750392327.0,-0.1349930167198181,1750248350
1.4857884645462036,1750392327.0,0.6155430674552917,1750248350
0.8910415172576904,1750392330.0,-0.1385691612958908,1750248351
-1.354927659034729,1750392330.0,0.746296763420105,1750248351
-2.4931082725524902,1750392332.0,0.504425048828125,1750248352
0.6234341859817505,1750392333.0,0.8232967853546143,1750248352
-1.9254167079925537,1750392338.0,0.0192190315574407,1750248352
-1.7689650058746338,1750392339.0,-0.2327599078416824,1750248352
-0.4387881755828857,1750392340.0,0.6001545786857605,1750248353
1.5783571004867554,1750392340.0,0.6582186222076416,1750248354
0.6369705200195312,1750392343.0,-1.9057170152664185,1750248354
-1.5876123905181885,1750392343.0,-0.5841954946517944,1750248354
-2.565258264541626,1750392347.0,-0.6216126680374146,1750248355
0.5629155039787292,1750392348.0,-0.6903345584869385,1750248355
-0.8792600035667419,1750392349.0,-0.7399890422821045,1750248355
-1.9078189134597776,1750392351.0,0.1257365196943283,1750248355
1.4601205587387085,1750392351.0,-0.2316964864730835,1750248356
1.5059860944747925,1750392352.0,-0.1196353584527969,1750248356
1.2876052856445312,1750392353.0,0.0605166181921958,1750248358
0.5805159211158752,1750392356.0,0.3625276982784271,1750248359
2.5985007286071777,1750392359.0,0.3411077260971069,1750248360
1.2337466478347778,1750392361.0,0.206872209906578,1750248360
0.872106671333313,1750392363.0,-0.7538712620735168,1750248361
1.5939236879348757,1750392363.0,0.3347948491573334,1750248361
0.3608745038509369,1750392364.0,-0.3697096109390259,1750248361
1.7988409996032717,1750392365.0,-2.650898694992065,1750248362
-1.928439140319824,1750392367.0,-1.1049919128417969,1750248362
1.6684035062789917,1750392375.0,-0.4395546317100525,1750248363
-0.1816987246274948,1750392376.0,-0.5611584782600403,1750248364
-1.521132230758667,1750392377.0,0.4468876719474792,1750248364
1.922546148300171,1750392378.0,-0.8237184286117554,1750248365
0.4530217349529266,1750392380.0,-1.657041072845459,1750248365
3.8690009117126474,1750392380.0,0.58763587474823,1750248366
-1.9616804122924805,1750392380.0,0.3399094641208648,1750248366
0.3058255910873413,1750392381.0,0.5171567797660828,1750248367
1.4390830993652344,1750392382.0,-0.1280494034290313,1750248367
-0.440818190574646,1750392383.0,-0.0349982343614101,1750248367
-0.3558983206748962,1750392385.0,0.6875985860824585,1750248367
-1.2737197875976562,1750392386.0,-0.6049182415008545,1750248368
2.894649744033813,1750392387.0,-0.564073383808136,1750248369
-1.0254669189453125,1750392390.0,0.8455986380577087,1750248369
2.445340633392334,1750392391.0,0.3415904343128204,1750248370
3.2243831157684326,1750392395.0,1.0547220706939695,1750248370
3.58624529838562,1750392396.0,-0.1812151372432708,1750248371
0.413047194480896,1750392396.0,1.6763938665390017,1750248371
-1.4942045211791992,1750392397.0,-0.6515504121780396,1750248372
-1.9604151248931885,1750392400.0,0.1773863583803177,1750248372
0.285838782787323,1750392402.0,-1.0633351802825928,1750248372
0.5995224714279175,1750392405.0,-1.4357181787490845,1750248372
-0.5173996686935425,1750392405.0,-0.1375180631875991,1750248372
-2.0273184776306152,1750392405.0,-0.5302358865737915,1750248373
-2.4861559867858887,1750392405.0,1.4618045091629028,1750248374
1.8022065162658687,1750392406.0,0.191166803240776,1750248374
0.747138500213623,1750392409.0,-0.515999436378479,1750248374
-1.7353038787841797,1750392411.0,0.562420666217804,1750248375
-1.9835556745529173,1750408030.0,-0.1875258237123489,1750248375
-1.55899977684021,1750408030.0,0.7521860599517822,1750248375
-0.714739203453064,1750408030.0,0.7462973594665527,1750248375
-2.0294222831726074,1750408031.0,0.2687964737415313,1750248375
-2.27114200592041,1750408031.0,0.6524646282196045,1750248376
-1.2703492641448977,1750408032.0,0.1619223058223724,1750248377
2.640577554702759,1750408032.0,0.2900466918945312,1750248377
1.6793413162231443,1750408032.0,-0.5157135725021362,1750248378
0.3162712454795837,1750408039.0,-0.7429298758506775,1750248379
2.053405523300171,1750408039.0,2.2654716968536377,1750248379
3.743118524551392,1750408042.0,-0.6192243099212646,1750248379
-0.5175041556358337,1750408043.0,3.537783145904541,1750248379
-1.669664740562439,1750408044.0,-0.4092606604099273,1750248380
2.9076919555664062,1750408045.0,-1.532492995262146,1750248381
1.960415363311768,1750408047.0,-2.069817066192627,1750248383
-1.1626378297805786,1750408047.0,0.5645986199378967,1750248384
3.402789831161499,1750408048.0,0.8068888783454895,1750248384
-1.8139859437942505,1750408048.0,0.2931283712387085,1750248384
-1.6158053874969482,1750408050.0,0.5704153776168823,1750248385
3.9110052585601807,1750408050.0,0.4016867280006408,1750248385
0.085763044655323,1750408053.0,0.4976222515106201,1750248385
1.611175537109375,1750408053.0,-0.2148766070604324,1750248385
-2.612806797027588,1750408054.0,-0.1585564166307449,1750248386
1.8064122200012207,1750408054.0,-1.1744184494018557,1750248386
2.5656800270080566,1750408056.0,-0.7054809927940369,1750248386
-0.7728047966957092,1750408056.0,-0.8826246857643127,1750248387
1.179120659828186,1750408057.0,-0.4254314601421356,1750248389
-0.9629921913146972,1750408058.0,1.65030837059021,1750248389
-0.4228723347187042,1750408059.0,0.2469174265861511,1750248389
1.5918214321136477,1750408061.0,-0.5900561809539795,1750248389
1.4323501586914062,1750408061.0,-0.1795208156108856,1750248389
1.2964417934417725,1750408063.0,0.3716008067131042,1750248389
-1.5590012073516846,1750408063.0,-0.1441874057054519,1750248390
-0.5889293551445007,1750408064.0,0.2897626459598541,1750248390
1.816511869430542,1750408068.0,0.9785625338554382,1750248390
-0.3992350697517395,1750408069.0,1.6179088354110718,1750248390
-2.303961753845215,1750408071.0,-0.0444646961987018,1750248390
2.8605659008026123,1750408071.0,-0.793843150138855,1750248390
0.6364758014678955,1750408071.0,-0.3510583639144897,1750248391
-1.4193061590194702,1750408073.0,0.9509901404380798,1750248391
0.708005428314209,1750408076.0,0.0975445732474327,1750248394
3.2344820499420166,1750408077.0,0.2140240222215652,1750248394
2.669642448425293,1750408077.0,0.4892061650753021,1750248394
0.7643899917602539,1750408077.0,-0.5868988037109375,1750248394
0.6071319580078125,1750408079.0,-2.020585298538208,1750248394
1.429827094078064,1750408080.0,0.2910255789756775,1750248395
-0.6981186270713806,1750408080.0,-0.5451692342758179,1750248396
-3.0451369285583496,1750408081.0,0.4963598847389221,1750248396
-0.3045630753040313,1750408083.0,-0.5262357592582703,1750248396
-2.0424633026123047,1750408083.0,-0.0859738811850547,1750248396
1.181990385055542,1750408084.0,0.6023938655853271,1750248398
1.6301110982894895,1750408086.0,-0.4393151998519897,1750248398
3.1593122482299805,1750408087.0,0.0865419805049896,1750248399
1.414677619934082,1750408087.0,-0.1396202594041824,1750248399
2.8257157802581787,1750408088.0,-0.1180989146232605,1750248399
2.4478650093078613,1750408090.0,0.1490871608257293,1750248400
1.9238089323043823,1750408090.0,-0.5114027261734009,1750248401
-0.5930304527282715,1750408091.0,-0.4214747250080108,1750248401
-0.58808833360672,1750408092.0,0.771121084690094,1750248402
-0.9171330332756042,1750408094.0,-0.8523336052894592,1750248404
0.3596837818622589,1750408099.0,0.3034374415874481,1750248404
-0.6945417523384094,1750408099.0,-0.1480369567871093,1750248405
2.4554388523101807,1750408101.0,0.3218140006065368,1750248405
3.2489376068115234,1750408101.0,0.5047771334648132,1750248405
1.4550715684890747,1750408101.0,0.2375557124614715,1750248406
0.8056264519691467,1750408103.0,1.8829954862594604,1750248407
-0.5535857677459717,1750408103.0,2.137906312942505,1750248408
-1.1735780239105225,1750408106.0,0.1880099773406982,1750248408
1.7197352647781372,1750408107.0,-0.0148004340007901,1750248408
2.448706865310669,1750408108.0,0.6814973950386047,1750248409
-1.1693673133850098,1750408110.0,-0.7114474773406982,1750248409
0.6013098359107971,1750408110.0,-0.1690755188465118,1750248410
1.816513538360596,1750408110.0,-0.4366126358509063,1750248410
-1.5156636238098145,1750408113.0,0.966558575630188,1750248410
-1.2308028936386108,1750408113.0,-0.1559694707393646,1750248411
-1.8724751472473145,1750408117.0,1.4862083196640017,1750248411
-0.5965023636817932,1750408119.0,0.8144609928131104,1750264063
1.6322152614593506,1750408120.0,2.0428857803344727,1750264063
-1.8935129642486568,1750408120.0,-0.675997793674469,1750264063
-1.5876123905181885,1750408121.0,-0.551766574382782,1750264064
1.609070897102356,1750408122.0,-0.0621998086571693,1750264064
2.752008438110352,1750408122.0,-0.5742759108543396,1750264064
-1.8968790769577024,1750408123.0,1.560265064239502,1750264065
-0.3718865811824798,1750408124.0,-0.3928193747997284,1750264065
1.8173543214797971,1750408126.0,-0.5771472454071045,1750264066
-1.2526819705963137,1750408126.0,0.0539322271943092,1750264066
2.523603677749634,1750408127.0,-0.2380230128765106,1750264067
-2.4268269538879395,1750408130.0,-0.29656982421875,1750264068
2.01469349861145,1750408130.0,-0.1194246560335159,1750264069
2.483630657196045,1750408131.0,-0.629605770111084,1750264069
-0.75177001953125,1750408131.0,-0.0218071546405553,1750264070
-1.437400221824646,1750408135.0,-0.6167009472846985,1750264070
1.9035375118255613,1750408140.0,-0.0470522344112396,1750264071
-1.6452590227127075,1750408141.0,0.5490300059318542,1750264071
0.3415902853012085,1750408143.0,0.2225130200386047,1750264071
-0.2936213314533233,1750408144.0,-0.7022223472595215,1750264072
-1.6027625799179075,1750408146.0,-0.2327563911676406,1750264073
0.6930594444274902,1750408147.0,0.2601093649864197,1750264074
-0.2140976190567016,1750408147.0,0.0060266335494816,1750264074
2.9127416610717773,1750408149.0,0.680656373500824,1750264074
-0.4602490663528442,1750408149.0,0.309643805027008,1750264076
-1.2240705490112305,1750408149.0,-1.58340585231781,1750264076
1.6073899269104004,1750408150.0,0.9996002912521362,1750264076
2.589242935180664,1750408152.0,0.5443279147148132,1750264077
1.9595746994018557,1750408153.0,0.4030227363109588,1750264077
0.4838127493858337,1750408156.0,-1.0126419067382812,1750264077
0.2351361662149429,1750408159.0,0.3399390280246734,1750264078
1.558161735534668,1750408159.0,-0.2143080681562423,1750264078
-2.3426733016967773,1750408162.0,0.1816987097263336,1750264078
-1.6301133632659912,1750408163.0,-0.3424318730831146,1750264079
1.361661076545715,1750408163.0,-0.0039250282570719,1750264079
0.5494502186775208,1750408164.0,0.755132794380188,1750264080
-1.8838353157043457,1750408166.0,-0.9394293427467346,1750264081
0.3547821044921875,1750408170.0,0.1932701617479324,1750264081
2.741070032119751,1750408171.0,-0.3731478154659271,1750264081
0.4871004521846771,1750408172.0,-0.439240962266922,1750264081
1.9238104820251465,1750408173.0,0.3600416779518127,1750264082
-1.7576059103012085,1750408173.0,0.5510582327842712,1750264082
-0.0319072715938091,1750408174.0,-1.2392184734344482,1750264083
0.5768004059791565,1750408175.0,2.2907187938690186,1750264084
-2.510138988494873,1750408176.0,0.4814960658550262,1750264084
-1.21817946434021,1750408179.0,0.2014752775430679,1750264085
-1.757604718208313,1750408181.0,0.6474151611328125,1750264085
1.6263245344161987,1750408183.0,-0.424166738986969,1750264085
0.8577998280525208,1750408184.0,0.2742678225040436,1750264086
0.7699344754219055,1750408185.0,0.952251136302948,1750264086
-1.6721880435943604,1750408186.0,-0.3946081101894378,1750264086
-1.605286717414856,1750408186.0,-0.1496552675962448,1750264087
-1.4113117456436155,1750408188.0,2.5349645614624023,1750264087
-2.544222831726074,1750408188.0,-0.0392092168331146,1750264088
2.177532196044922,1750408188.0,-1.3305232524871826,1750264088
1.613701343536377,1750408189.0,-0.001335730892606,1750264088
1.2745630741119385,1750408191.0,1.7336206436157229,1750264089
-3.1096625328063965,1750408194.0,0.5094779133796692,1750264089
-0.848544180393219,1750408198.0,-0.3195307552814483,1750264090
0.9099766612052916,1750408198.0,0.799313485622406,1750264090
-1.6587247848510742,1750408199.0,0.828766405582428,1750264090
1.4373996257781982,1750408199.0,2.12914514541626,1750264090
-1.1495907306671145,1750408200.0,0.2290367633104324,1750264090
-0.7606025338172913,1750408202.0,2.2890357971191406,1750264090
-0.8434941172599792,1750408203.0,0.1964253634214401,1750264093
-1.631373405456543,1750408204.0,-0.39797443151474,1750264093
-1.6158053874969482,1750408206.0,-0.6019726991653442,1750264094
-0.8944076895713806,1750408207.0,0.032325156033039,1750264094
0.7824833989143372,1750408208.0,-0.3242645263671875,1750264095
3.08426833152771,1750408208.0,-0.5068793892860413,1750264097
0.8182481527328491,1750408208.0,-1.336836576461792,1750264098
1.6427339315414429,1750408212.0,0.2942528128623962,1750264098
0.363470196723938,1750408212.0,1.495044231414795,1750264098
-1.0307258367538452,1750408213.0,-0.0512607283890247,1750264099
-0.487102746963501,1750408215.0,0.676447331905365,1750264099
2.123675346374512,1750408216.0,-0.2864051163196563,1750264099
0.6591975092887878,1750408221.0,0.3347848653793335,1750264099
-0.409892737865448,1750408224.0,0.9573014974594116,1750264099
-1.58340585231781,1750408229.0,0.571120023727417,1750264099
3.677477121353149,1750408233.0,0.4302990138530731,1750264099
-2.1396589279174805,1750408234.0,1.5017768144607544,1750264100
-0.1170472353696823,1750408234.0,0.3144507706165313,1750264101
-0.3922192454338074,1750408235.0,0.3920827805995941,1750264101
-0.0055436668917536,1750408237.0,-0.8750522136688232,1750264102
-2.7937374114990234,1750408237.0,0.3457981944084167,1750264102
1.6536749601364136,1750408244.0,-0.7354301810264587,1750264102
6.350034236907959,1750408245.0,2.031947612762451,1750264103
-0.8540132641792297,1750408245.0,0.4669063091278076,1750264103
1.3818576335906982,1750408247.0,0.2327599078416824,1750264103
-0.8047872185707092,1750408247.0,-1.3974274396896362,1750264104
2.690995931625366,1750408248.0,1.159690260887146,1750264106
2.8670878410339355,1750408250.0,-0.292719304561615,1750264106
-1.5514297485351562,1750408250.0,-0.220619186758995,1750264107
-2.2217135429382324,1750408250.0,0.7012751698493958,1750264108
1.6082299947738647,1750408251.0,-0.7921611666679382,1750264108
-2.5015251636505127,1750408252.0,0.6073062419891357,1750264108
-1.4643281698226929,1750408253.0,0.3612928986549377,1750264108
0.5814285278320312,1750408255.0,0.924702525138855,1750264109
2.4133617877960205,1750408255.0,-0.5594767928123474,1750264109
-1.4487597942352295,1750408257.0,-0.5433502197265625,1750264109
0.6012056469917297,1750408257.0,-0.6181727051734924,1750264110
1.6061277389526367,1750408257.0,0.4866802394390106,1750264111
-0.6563256978988647,1750408257.0,0.7690176963806152,1750264111
1.869949221611023,1750408258.0,0.409650057554245,1750264112
-0.8376035690307617,1750408260.0,-1.1815695762634275,1750264112
1.23332679271698,1750408260.0,-0.607222318649292,1750264112
-1.7580249309539795,1750408261.0,0.5035127401351929,1750264112
-1.8404959440231323,1750408265.0,-0.4381560981273651,1750264112
0.4341594874858856,1750408265.0,-0.0798727050423622,1750264112
0.542641282081604,1750408266.0,-0.6909660696983337,1750264113
-0.6398423910140991,1750408267.0,-0.5021455883979797,1750264114
1.0258877277374268,1750408268.0,-0.3089816570281982,1750264115
0.7896358370780945,1750408269.0,-0.1715263873338699,1750264115
0.6549908518791199,1750408269.0,-0.7122145891189575,1750264116
-1.4193049669265747,1750408270.0,0.1059596687555313,1750264116
1.7521326541900637,1750408270.0,-0.7467175722122192,1750264116
1.6355830430984497,1750408271.0,-0.5018292665481567,1750264117
3.801605224609375,1750408271.0,0.1507092863321304,1750264117
-1.363345742225647,1750408272.0,0.8195105195045471,1750264117
1.1718931198120115,1750408277.0,-0.451337069272995,1750264117
-0.4824758470058441,1750408278.0,-0.3145880997180938,1750264118
0.816145122051239,1750408278.0,0.5880537629127502,1750264118
1.4504432678222656,1750408279.0,-0.4517593085765838,1750264118
-0.6461222767829895,1750408279.0,-0.394115149974823,1750264119
-0.661299467086792,1750408280.0,-0.0344295501708984,1750264120
1.7942116260528564,1750408280.0,-0.595242977142334,1750264120
-0.675681471824646,1750408280.0,-0.3863413631916046,1750264121
-1.611178278923035,1750408282.0,-1.342726469039917,1750264121
0.6033096313476562,1750408283.0,0.0957882180809974,1750264122
2.3464605808258057,1750408285.0,-0.0781267583370208,1750264122
1.8093583583831787,1750408287.0,1.2535974979400637,1750264123
2.2926018238067627,1750408287.0,0.1685826182365417,1750264123
-1.768123984336853,1750408289.0,-0.920274555683136,1750264124
1.8102006912231443,1750408290.0,-0.3188693523406982,1750264125
-0.4001816809177398,1750408291.0,-0.6501388549804688,1750264125
0.9987581372261048,1750408291.0,1.436978459358215,1750264125
-2.5261287689208984,1750408294.0,-0.4415224194526672,1750264125
1.6153841018676758,1750408301.0,0.0523118190467357,1750264126
-1.9583112001419067,1750408301.0,1.05492103099823,1750264126
1.743719220161438,1750408303.0,0.4842630326747894,1750264126
-1.7306749820709229,1750408304.0,-0.884308397769928,1750264126
2.042044878005981,1750408305.0,0.4917320609092712,1750264126
-1.4361368417739868,1750408307.0,0.6269983053207397,1750264127
1.3179008960723877,1750408307.0,-0.0565192885696888,1750264127
-1.5021966695785522,1750408309.0,-1.2678303718566897,1750264127
0.96635901927948,1750408309.0,-1.2177584171295166,1750264127
1.0000207424163818,1750408313.0,0.0954406410455703,1750264127
1.5733054876327517,1750408313.0,-0.143825814127922,1750264128
0.7800316214561462,1750408315.0,0.4457306265830993,1750264128
1.49041748046875,1750408315.0,-0.7959465384483337,1750264129
-2.5177133083343506,1750408315.0,0.479961097240448,1750264129
-2.475635051727295,1750408316.0,-0.6798142194747925,1750264129
-1.033880352973938,1750408317.0,-0.4758159816265106,1750264130
-1.189145565032959,1750408317.0,0.3657850623130798,1750264130
-0.3163774907588959,1750408318.0,-0.2516931295394897,1750264130
1.516505241394043,1750408318.0,0.4625613689422607,1750264131
-1.3035941123962402,1750408320.0,-0.6269795298576355,1750264132
-0.940693199634552,1750408320.0,1.380595326423645,1750264132
-1.5909816026687622,1750408321.0,-0.4639604687690735,1750264133
1.8123044967651367,1750408323.0,0.3802272975444793,1750264133
1.6170676946640017,1750408325.0,0.4232200980186462,1750264134
0.6441233158111572,1750408327.0,-0.3559291362762451,1750264134
0.7446142435073853,1750408330.0,-0.4194341599941253,1750264134
1.346513271331787,1750408332.0,0.1617126315832138,1750264134
3.5643649101257324,1750408332.0,0.2553335130214691,1750264136
-1.0294634103775024,1750408335.0,-0.2279093712568283,1750264137
1.867004871368408,1750408336.0,-1.293916940689087,1750264138
-1.4184634685516355,1750408338.0,0.5636842846870422,1750264139
1.5202882289886477,1750408340.0,0.9276472330093384,1750264141
-1.69238543510437,1750408346.0,-0.2969149053096771,1750264141
-1.3558448553085327,1750408346.0,2.0302629470825195,1750264142
-1.0528135299682615,1750408347.0,-0.4583534598350525,1750264143
-0.721052885055542,1750408347.0,-0.366835355758667,1750264143
2.316164493560791,1750408347.0,0.5078970193862915,1750264143
0.8064668774604797,1750408348.0,0.3936920166015625,1750264143
2.0071206092834477,1750408353.0,-0.3152900040149688,1750264143
-1.3890113830566406,1750408356.0,-0.374830961227417,1750264144
2.3220551013946533,1750408356.0,-0.8683195114135742,1750264144
-0.83087158203125,1750408359.0,2.0079619884490967,1750264145
-1.6498864889144895,1750408360.0,-0.373568594455719,1750264145
0.8413911461830139,1750408360.0,0.2900463938713074,1750264146
-0.533388078212738,1750408361.0,-2.326683521270752,1750264146
1.645258903503418,1750408361.0,0.5657864212989807,1750264146
0.906608521938324,1750408363.0,0.5835330486297607,1750264146
0.3255274593830108,1750408363.0,-0.3731484711170196,1750264146
2.0008087158203125,1750408363.0,0.4376643002033233,1750264146
1.55858051776886,1750408364.0,-0.1622801572084427,1750264147
-1.981029748916626,1750408368.0,-0.1738512963056564,1750264148
2.318689107894897,1750408369.0,-0.0949577912688255,1750264149
-0.4267982840538025,1750408371.0,-0.6066019535064697,1750264149
-0.3310708105564117,1750408372.0,1.783691644668579,1750264151
-1.898563027381897,1750408373.0,-1.6288495063781738,1750264151
-0.4441846013069153,1750408374.0,-0.679679274559021,1750264151
-0.3100330531597137,1750408375.0,0.200633093714714,1750264151
0.8775798678398132,1750408376.0,0.4730810523033142,1750264152
-0.4004980027675628,1750408377.0,-0.4311410188674927,1750264152
1.2463700771331787,1750408378.0,-2.1316685676574707,1750264153
-2.5968170166015625,1750408378.0,-0.6294285655021667,1750264153
2.5421175956726074,1750408379.0,-0.885180652141571,1750264154
1.6019221544265747,1750408380.0,0.1690744161605835,1750264156
-2.962782621383667,1750408380.0,0.0659863352775573,1750264156
1.4979898929595947,1750408382.0,0.4479722082614898,1750264156
-2.278097152709961,1750408383.0,0.6860949993133545,1750264156
1.1538004875183103,1750408383.0,0.4635401368141174,1750264157
0.7366194725036621,1750408385.0,0.2206180244684219,1750264157
1.4209893941879272,1750408387.0,-0.5787253379821777,1750264157
-1.7277296781539917,1750408389.0,-0.339697003364563,1750264158
0.7627067565917969,1750408397.0,0.4026007950305938,1750264158
2.3451976776123047,1750408399.0,-0.2872390747070312,1750264158
-2.388957023620605,1750408400.0,1.6385271549224854,1750264158
-1.5459585189819336,1750408400.0,0.2290350049734115,1750264159
1.1298182010650637,1750408403.0,0.2712496221065521,1750264159
0.573361337184906,1750408403.0,-0.3184485733509063,1750264160
-0.5759899020195007,1750408407.0,-0.044465284794569,1750264160
0.657514750957489,1750408407.0,-0.5784102082252502,1750264160
-1.761813759803772,1750408412.0,-0.0291689354926347,1750264161
-1.5127170085906982,1750408416.0,0.1517612636089325,1750264163
2.273045301437378,1750408418.0,0.0586239732801914,1750264163
-0.9196538329124452,1750408419.0,0.5600744485855103,1750264164
1.2632023096084597,1750408420.0,0.2663780152797699,1750264166
1.883415699005127,1750408421.0,-0.2614657878875732,1750264166
-1.7807466983795166,1750408421.0,-0.6438387036323547,1750264167
-1.4929407835006714,1750408421.0,0.4538650214672088,1750264167
5.102822780609131,1750408423.0,-0.2031584233045578,1750264167
1.5775160789489746,1750408423.0,0.7917397618293762,1750264168
1.2594116926193235,1750408424.0,0.8199315667152405,1750264169
0.319710910320282,1750408426.0,-0.2729310095310211,1750264169
1.1819921731948853,1750408426.0,0.282501220703125,1750264170
0.538122296333313,1750408427.0,0.7109522819519043,1750264170
0.8279261589050293,1750408427.0,0.5784101486206055,1750264171
0.5357019305229187,1750408428.0,0.1370968520641327,1750264171
0.7837465405464172,1750408430.0,-0.315923810005188,1750264171
1.6848139762878418,1750408435.0,-0.4281953573226928,1750264171
-0.240123450756073,1750408439.0,0.3975529670715332,1750264171
2.162386178970337,1750408439.0,-0.1185831576585769,1750264172
0.53423011302948,1750408439.0,-0.520344614982605,1750264172
0.5730136036872864,1750408442.0,0.4240628480911255,1750264172
-1.7660201787948608,1750408442.0,0.4930674731731415,1750264173
-2.302922010421753,1750408443.0,-0.5405402183532715,1750264173
0.9116580486297609,1750408444.0,0.3886425495147705,1750264173
-0.5664074420928955,1750408445.0,0.5901917219161987,1750264174
1.7529757022857666,1750408445.0,-0.2027364820241928,1750264174
3.3266303539276123,1750408445.0,0.5775373578071594,1750264175
-1.665455937385559,1750408447.0,0.4643818438053131,1750264177
-1.6839704513549805,1750423455.0,0.531044602394104,1750264178
0.7559749484062195,1750423457.0,-0.0525195635855197,1750264179
0.8687403202056885,1750423458.0,-0.4849982559680938,1750264179
1.750452995300293,1750423463.0,0.2237748354673385,1750264181
-0.3958704769611358,1750423467.0,-0.5362278819084167,1750264181
2.351088762283325,1750423469.0,0.3857716619968414,1750264181
1.564470648765564,1750423469.0,0.653306782245636,1750264181
0.489912748336792,1750423472.0,0.5662079453468323,1750264182
0.8254001140594482,1750423472.0,-1.3073835372924805,1750264182
-1.6326364278793335,1750423476.0,0.0307904761284589,1750264182
1.469377875328064,1750423477.0,0.843073308467865,1750264182
0.8822032809257507,1750423480.0,-0.2556785941123962,1750264183
-1.477792501449585,1750423480.0,-0.2658515274524688,1750264183
1.5068261623382568,1750423482.0,-0.6177523732185364,1750264183
1.8943543434143064,1750423484.0,0.1969516426324844,1750264184
-0.298177570104599,1750423485.0,-0.6090213656425476,1750264184
-1.619591236114502,1750423486.0,0.0202695541083812,1750264184
2.239805221557617,1750423488.0,0.4395563900470733,1750264185
-1.580881953239441,1750423489.0,0.1665502488613128,1750264185
-2.39526915550232,1750423490.0,-0.99685400724411,1750264185
-1.076380729675293,1750423492.0,0.4715346992015838,1750264185
-2.5532801151275635,1750423492.0,-0.3016181290149688,1750264185
1.8581706285476685,1750423493.0,-0.1990978419780731,1750264186
-1.6069693565368652,1750423493.0,0.5005683898925781,1750264186
1.5728870630264282,1750423495.0,-0.7206303477287292,1750264186
-1.4474955797195437,1750423495.0,-0.7900561094284058,1750264186
0.7437722682952881,1750423495.0,-1.6360015869140625,1750264186
0.6958047151565552,1750423495.0,0.8868361115455627,1750264186
-1.365868091583252,1750423496.0,-0.0794515684247016,1750264186
-2.3527703285217285,1750423498.0,-0.5657867789268494,1750264187
-0.7336737513542175,1750423500.0,-0.458490788936615,1750264187
-1.8493345975875852,1750423500.0,-1.909923791885376,1750264187
-1.5766754150390625,1750423502.0,0.2654307186603546,1750264187
1.9536832571029663,1750423503.0,-0.026161503046751,1750264187
2.466799259185791,1750423504.0,-0.991804838180542,1750264189
0.5563201904296875,1750423505.0,-0.5254668593406677,1750264190
3.909322023391724,1750423505.0,0.7075870037078857,1750264190
-0.8565377593040466,1750423508.0,0.4429227113723755,1750264191
0.7311506867408752,1750423509.0,-0.7319911122322083,1750264191
1.2114450931549072,1750423510.0,-0.6656147837638855,1750264191
-1.596453070640564,1750423510.0,-0.9491071701049804,1750264192
0.385351300239563,1750423511.0,-0.9878169894218444,1750264192
1.325053572654724,1750423513.0,-0.1359839737415313,1750264193
-2.573896646499634,1750423513.0,0.2704809308052063,1750264193
-0.548956036567688,1750423514.0,0.8712650537490845,1750264193
-0.8653751611709595,1750423515.0,0.2613284587860107,1750264194
1.083111047744751,1750423515.0,-0.4619310796260834,1750264196
0.6087047457695007,1750423517.0,0.232958436012268,1750264196
-1.5665757656097412,1750423517.0,-0.4766575694084167,1750264196
0.584300696849823,1750423520.0,-0.6819202303886414,1750264197
-0.33612060546875,1750423520.0,1.8712122440338133,1750264197
-0.6129127144813538,1750423522.0,2.09211540222168,1750264197
1.885939359664917,1750423523.0,-0.7084274291992188,1750264198
1.366289138793945,1750423525.0,0.2670405209064483,1750264198
-0.73199063539505,1750423529.0,-0.0626197159290313,1750264198
0.9663602113723756,1750423530.0,0.602048397064209,1750264199
-0.6015530824661255,1750423532.0,0.3548454642295837,1750264199
1.0145257711410522,1750423533.0,0.955419659614563,1750264199
2.6515491008758545,1750423537.0,-0.32318115234375,1750264199
0.6751869320869446,1750423538.0,2.160280704498291,1750264199
-0.8870322704315186,1750423538.0,-0.1093262806534767,1750264199
2.4832098484039307,1750423538.0,0.8683189749717712,1750264200
1.3397809267044067,1750423538.0,-1.166001558303833,1750264200
-0.4075768887996673,1750423540.0,0.3600308299064636,1750264200
1.720997333526611,1750423541.0,-1.361661076545715,1750264201
1.8640590906143188,1750423541.0,-0.0981105044484138,1750264201
-0.8805236220359802,1750423542.0,-0.1065280586481094,1750264201
-1.6995384693145752,1750423543.0,0.4061050415039062,1750264201
2.894648551940918,1750423544.0,0.829190731048584,1750264201
1.4530380964279177,1750423544.0,0.2485374957323074,1750264202
-1.9103434085845947,1750423544.0,-0.2519671320915222,1750264202
-1.377228617668152,1750423546.0,-0.7875322103500366,1750264203
0.0754535347223281,1750423548.0,-0.2974101901054382,1750264203
1.7487692832946775,1750423549.0,-2.6227080821990967,1750264204
2.103055953979492,1750423550.0,-0.1093260571360588,1750264205
0.4907871782779693,1750423551.0,-0.1806452721357345,1750264205
1.617066502571106,1750423554.0,-0.1638171821832656,1750264205
-1.890567421913147,1750423555.0,0.3858026266098022,1750264205
-2.59260892868042,1750423556.0,0.5376680493354797,1750264205
0.1619219779968261,1750423557.0,0.2206195592880249,1750264205
-0.7378804087638855,1750423557.0,0.2864062786102295,1750264207
0.8283456563949585,1750423559.0,0.6974874138832092,1750264207
2.042465686798096,1750423560.0,0.5490301251411438,1750264208
2.901875257492065,1750423563.0,-0.4478345811367035,1750264208
3.056434154510498,1750423564.0,-1.7008002996444702,1750264208
-1.617906928062439,1750423565.0,0.4260946214199066,1750264209
2.7267613410949707,1750423568.0,0.7282776236534119,1750264209
1.310327172279358,1750423569.0,-0.4799176454544067,1750264210
-1.767703652381897,1750423572.0,0.2390705943107605,1750264210
1.0029549598693848,1750423572.0,0.0281195975840091,1750264210
0.5241308212280273,1750423573.0,-0.1191511824727058,1750264211
1.50682532787323,1750423573.0,-0.3731489777565002,1750264211
-1.5922398567199707,1750423575.0,0.4677493572235107,1750264211
-0.540540874004364,1750423575.0,-0.6884416341781616,1750264212
-2.934695243835449,1750423577.0,-0.7168425917625427,1750264212
-0.7744892239570618,1750423578.0,1.2754029035568235,1750264212
0.5493770241737366,1750423580.0,-0.958984911441803,1750264212
-0.502114474773407,1750423580.0,-0.5268338918685913,1750264212
-1.6036036014556885,1750423581.0,-0.2037899196147918,1750264213
-0.8098330497741699,1750423581.0,0.314240962266922,1750264213
0.8493850231170654,1750423585.0,0.4568181931972503,1750264213
-1.628427267074585,1750423585.0,0.3483240902423858,1750264214
-1.4176212549209597,1750423588.0,-0.1399371773004531,1750264214
1.5097702741622925,1750423588.0,-0.655409574508667,1750264215
-1.3183218240737915,1750423590.0,-0.0079204831272363,1750264215
0.5870208740234375,1750423590.0,-0.4101057648658752,1750264215
0.3142400681972503,1750423596.0,-2.585456132888794,1750264215
-0.7484007477760315,1750423597.0,1.5198712348937988,1750264216
2.9333598613739014,1750423599.0,0.5642831921577454,1750264218
0.6070216298103333,1750423600.0,0.5413818359375,1750264218
2.6893868446350098,1750423600.0,-0.6482579112052917,1750264219
0.6862007975578308,1750423602.0,-0.7155814170837402,1750264219
-0.7290452122688293,1750423607.0,0.2696392238140106,1750264219
-1.4862065315246582,1750423607.0,0.1469843834638595,1750264219
2.551868200302124,1750423608.0,0.450497567653656,1750264220
1.3856464624404907,1750423609.0,1.815671443939209,1750264220
-0.8714634776115417,1750423609.0,-0.22503761947155,1750264220
1.4243568181991575,1750423611.0,0.1591245085000991,1750264220
-1.5606852769851685,1750423611.0,-0.189061090350151,1750264222
1.6183291673660278,1750423612.0,0.4008460342884063,1750264222
0.970986545085907,1750423613.0,0.4201988875865936,1750264222
0.3411994278430938,1750423615.0,0.6347180008888245,1750264222
2.005856990814209,1750423615.0,-0.7799582481384277,1750264223
2.6729769706726074,1750423615.0,0.3176822066307068,1750264224
-1.9040327072143557,1750423616.0,-0.1753140836954116,1750264224
-1.06207275390625,1750423617.0,-0.3981105983257293,1750264225
-1.6183295249938965,1750423617.0,0.516335129737854,1750264225
-1.2320635318756104,1750423618.0,0.1427782475948333,1750264226
-0.6810777187347412,1750423618.0,-0.9796024560928344,1750264227
1.4996730089187622,1750423618.0,-0.9562608003616332,1750264227
1.3671281337738037,1750423619.0,0.3226564824581146,1750264229
2.919968843460083,1750423620.0,0.3840877413749695,1750264229
-0.3554751873016357,1750423623.0,0.4871768951416015,1750264229
-0.916709303855896,1750423628.0,-0.4500744044780731,1750264231
-0.9385874271392822,1750423629.0,0.569995105266571,1750264231
-0.5039028525352478,1750423629.0,0.0160630848258733,1750264231
-2.174588680267334,1750423630.0,-0.4256392121315002,1750264233
1.7656742334365845,1750423630.0,0.3453037440776825,1750264233
0.832134485244751,1750423631.0,0.3060994744300842,1750264233
1.817355751991272,1750423633.0,0.2416581213474273,1750264233
0.0105167394503951,1750423633.0,0.1027416884899139,1750264233
0.2037886679172516,1750423634.0,0.1143760606646537,1750264233
-0.7122142910957336,1750423634.0,0.018649760633707,1750264234
3.083784818649292,1750423635.0,0.1023201793432235,1750264234
-0.4331089854240417,1750423636.0,0.6437013745307922,1750264234
-0.8275058269500732,1750423637.0,0.0985964238643646,1750264234
0.736198365688324,1750423638.0,-0.5211856365203857,1750264234
1.4373984336853027,1750423638.0,0.7328308820724487,1750264234
0.3617870211601257,1750423640.0,-1.755080223083496,1750264234
-0.2342218160629272,1750423641.0,0.0607270449399948,1750264235
1.2093425989151,1750423641.0,-0.7004329562187195,1750264235
2.5219173431396484,1750423641.0,-0.537489652633667,1750264237
0.6886508464813232,1750423642.0,0.2910977900028229,1750264238
-0.3879112601280212,1750423644.0,-0.8376036286354065,1750264238
-2.6603550910949707,1750423644.0,-1.957891583442688,1750264240
-2.262948751449585,1750423646.0,0.5165581107139587,1750264240
-0.858221173286438,1750423648.0,0.4765841960906982,1750264240
0.5885089039802551,1750423649.0,-0.3580322265625,1750264240
0.5846874117851257,1750423650.0,0.019702311605215,1750264241
1.976406931877136,1750423650.0,-0.3331750631332397,1750264241
1.8152494430541992,1750423651.0,0.1101678684353828,1750264242
1.815671443939209,1750423652.0,0.5781679153442383,1750264242
-1.7201590538024902,1750423652.0,-0.8237172961235046,1750264242
0.818668782711029,1750423653.0,-0.2317076325416565,1750264242
1.616647481918335,1750423654.0,0.366763174533844,1750264243
0.748821496963501,1750423655.0,-0.5194716453552246,1750264243
-2.3069076538085938,1750423656.0,-0.6449655294418335,1750264244
-0.5486403107643127,1750423656.0,0.4168337285518646,1750264244
-0.9427956342697144,1750423656.0,-0.5730133056640625,1750264244
2.6808981895446777,1750423659.0,-0.0528805069625377,1750264245
-0.4905430376529693,1750423660.0,-0.1913761347532272,1750264246
1.7218375205993652,1750423661.0,-0.26788330078125,1750264246
-1.4185389280319214,1750423664.0,-0.2934435307979584,1750264246
3.1206016540527344,1750423665.0,0.8603250980377197,1750264246
1.2421621084213257,1750423667.0,-1.9692487716674805,1750264246
-1.6137017011642456,1750423668.0,0.0556159391999244,1750264247
-1.8539592027664185,1750423668.0,1.2972828149795532,1750264247
0.6869694590568542,1750423668.0,-0.6974862813949585,1750264247
0.0218054130673408,1750423669.0,0.5564981698989868,1750264248
1.5918197631835938,1750423670.0,-1.2148114442825315,1750264248
-0.6857064962387085,1750423670.0,0.6661285758018494,1750264248
1.8611161708831787,1750423673.0,-0.1017517670989036,1750264249
1.4020538330078125,1750423676.0,-0.3535062372684479,1750264250
1.12224280834198,1750423676.0,-0.5868999361991882,1750264251
-1.646521806716919,1750423678.0,0.8333959579467773,1750264253
2.8534128665924072,1750423678.0,-1.0368273258209229,1750264254
1.5686792135238647,1750423678.0,-0.4122050106525421,1750264255
-2.992538928985596,1750423682.0,0.1349924206733703,1750264255
3.1239681243896484,1750423682.0,-0.3941855728626251,1750264255
-3.200547933578491,1750423684.0,-0.3640300929546356,1750264255
1.551427960395813,1750423686.0,0.386822909116745,1750264255
1.8813108205795288,1750423687.0,-0.1612281799316406,1750264256
1.4150989055633545,1750423689.0,-0.1044245809316635,1750264257
-0.4265867173671722,1750423690.0,0.0470525287091732,1750264258
0.6723175048828125,1750423692.0,2.417149066925049,1750264258
-0.8249804377555847,1750423693.0,-0.7446141839027405,1750264258
-0.056310798972845,1750423694.0,2.313441276550293,1750264258
-0.7277814745903015,1750423696.0,1.3553489446640017,1750264259
-1.9991272687911987,1750423697.0,-0.2885108292102813,1750264259
-1.558159351348877,1750423700.0,0.5186614990234375,1750264260
1.4167826175689695,1750423703.0,-0.9693045616149902,1750264260
-0.346219539642334,1750423703.0,-1.1420176029205322,1750264262
0.7274357676506042,1750423706.0,0.2716686725616455,1750264262
-0.8254016041755676,1750423707.0,-0.2245436757802963,1750264262
2.651097059249878,1750423710.0,0.6550633311271667,1750264264
-1.5089294910430908,1750423712.0,-0.4169086217880249,1750264265
1.6806035041809082,1750423712.0,1.8085185289382932,1750264266
-2.597238302230835,1750423713.0,0.5834590792655945,1750264266
-0.3655753433704376,1750423715.0,0.6790469288825989,1750264266
-0.6769432425498962,1750423716.0,0.0202708598226308,1750264266
2.226961374282837,1750423718.0,0.7862698435783386,1750264266
2.741131544113159,1750423720.0,-0.5748026967048645,1750264267
-1.604023814201355,1750423720.0,0.8321327567100525,1750264268
-0.840968132019043,1750423724.0,-0.2201361954212188,1750264268
-1.282976746559143,1750423726.0,0.4900483191013336,1750264269
-0.7774335741996765,1750423727.0,-0.4854193329811096,1750264269
-1.607810378074646,1750423727.0,-0.4249029457569122,1750264270
-1.3646057844161987,1750423729.0,-0.0175988115370273,1750264270
0.6894918084144592,1750423730.0,0.5413818359375,1750264270
1.8632173538208008,1750423731.0,0.1164779588580131,1750264271
0.3521828055381775,1750423732.0,-1.5914007425308228,1750264271
-2.0765490531921387,1750423733.0,0.0838695839047432,1750264272
1.5964502096176147,1750423734.0,1.9440054893493648,1750264272
-1.513136625289917,1750423734.0,0.1364655047655105,1750264273
1.4474979639053345,1750423737.0,0.0465687960386276,1750264274
-1.854800820350647,1750423737.0,-1.5207113027572632,1750264274
1.6583030223846436,1750423737.0,0.1753868609666824,1750264275
1.155482053756714,1750423737.0,-0.1885780841112136,1750264275
-1.3052772283554075,1750423737.0,-0.3573707938194275,1750264276
-0.7387272119522095,1750423738.0,1.1341716051101685,1750264276
1.7285712957382202,1750423739.0,0.2805809378623962,1750264276
1.6174882650375366,1750423739.0,0.3931338787078857,1750264276
-1.55815589427948,1750423742.0,-0.2788215577602386,1750264277
2.313640832901001,1750423743.0,0.5178175568580627,1750264277
-0.438935786485672,1750423744.0,-1.5089306831359863,1750264278
-1.5703620910644531,1750423744.0,0.410525381565094,1750264278
-0.7074819207191467,1750423746.0,-0.2584891617298126,1750264278
0.0933367684483528,1750423753.0,0.3216047883033752,1750264278
-2.444920063018799,1750423754.0,-1.3086423873901367,1750264279
-0.748821496963501,1750423759.0,-2.598301887512207,1750264279
-0.8275070190429688,1750423759.0,0.2612234055995941,1750264279
-0.333942711353302,1750423760.0,-1.3065396547317505,1750264280
1.3380988836288452,1750423762.0,2.5013039112091064,1750264280
-1.5312299728393557,1750423763.0,1.01915442943573,1750264281
2.834899425506592,1750423764.0,0.3993415534496307,1750264281
-2.55600380897522,1750423764.0,0.040257379412651,1750264281
-0.7854284048080444,1750423768.0,1.706693172454834,1750264281
-1.2880271673202517,1750423768.0,-0.0991656929254531,1750264281
-2.373809814453125,1750423769.0,1.003586769104004,1750264282
0.7589211463928223,1750423771.0,0.9004985690116882,1750264283
0.7333273887634277,1750423772.0,-0.3897687196731567,1750264283
0.6437031626701355,1750423772.0,0.0486726015806198,1750264283
-0.9137625694274902,1750423773.0,0.0285397730767726,1750264284
3.2454946041107178,1750423775.0,0.171177789568901,1750264284
2.126617908477783,1750423777.0,0.9707657098770142,1750264284
-0.7033790946006775,1750423777.0,0.1359822154045105,1750264285
1.6814450025558472,1750423779.0,0.0502066947519779,1750264285
0.7980512380599976,1750423781.0,2.18384337425232,1750264285
-1.6364222764968872,1750423786.0,-0.1576402932405471,1750264285
-1.4992519617080688,1750423786.0,1.92633318901062,1750264286
-0.2741937935352325,1750423787.0,0.0659872144460678,1750264286
-3.315690755844116,1750423787.0,0.1627637296915054,1750264287
0.661796510219574,1750423788.0,0.3421589732170105,1750264287
-0.5790098309516907,1750423789.0,-0.2643168568611145,1750264288
-3.180203437805176,1750423792.0,-2.0740230083465576,1750264288
-1.0136829614639282,1750423793.0,-0.8376036286354065,1750264288
0.9623494744300842,1750423795.0,0.4920149445533752,1750264288
-2.382225513458252,1750423797.0,0.549871563911438,1750264288
1.3810148239135742,1750423797.0,0.6825391054153442,1750264289
-1.8110438585281368,1750423798.0,0.315607488155365,1750264289
0.8157243132591248,1750423798.0,-1.5282856225967407,1750264290
1.5998156070709229,1750423799.0,0.4710080027580261,1750264291
-0.4671266973018646,1750423801.0,-0.532967209815979,1750264291
-0.6925122737884521,1750423803.0,-0.5317784547805786,1750264291
-1.966306447982788,1750423805.0,-0.3869601488113403,1750264292
-1.5568958520889282,1750423806.0,0.4180971682071686,1750264292
1.5758326053619385,1750423807.0,3.0369415283203125,1750264294
1.1268714666366575,1750423809.0,0.2528079152107239,1750264294
-1.4117331504821775,1750423811.0,0.4690105617046356,1750264296
0.8923045992851257,1750423812.0,2.322474956512451,1750264296
-0.4917332530021667,1750423815.0,0.5817753672599792,1750264296
-2.253048896789551,1750423818.0,0.3163451850414276,1750264297
-0.9503695964813232,1750423818.0,-0.2279815524816513,1750264300
2.326683759689331,1750423819.0,0.6028131246566772,1750264300
1.05828595161438,1750423820.0,-0.3878015279769897,1750264301
-1.2505762577056885,1750423824.0,-0.4088395833969116,1750264301
-1.3881700038909912,1750423825.0,0.2970950603485107,1750264301
0.852331280708313,1750423828.0,-0.5554486513137817,1750264301
-1.2833976745605469,1750423828.0,-2.0946414470672607,1750264302
-0.440818190574646,1750423830.0,0.2772128283977508,1750264303
-0.8161445260047913,1750423831.0,-0.8629243969917297,1750264303
1.7925288677215576,1750423831.0,0.1538655161857605,1750264304
0.2837662100791931,1750423831.0,0.2690083384513855,1750264304
-1.738670825958252,1750423833.0,0.168160080909729,1750264305
1.328419804573059,1750423833.0,0.6298179626464844,1750264305
-2.112313032150269,1750423835.0,0.2182314842939376,1750264305
1.3065414428710938,1750423836.0,-0.9333176016807556,1750264306
-0.7757501006126404,1750423836.0,0.2717736959457397,1750264307
1.7437188625335691,1750437635.0,0.1770078092813491,1750264307
-2.141348600387573,1750437636.0,0.1543479263782501,1750264308
0.6441238522529602,1750437637.0,-0.3693614304065704,1750264309
-1.80515456199646,1750437637.0,0.3626292049884796,1750264309
-2.5839948654174805,1750437638.0,1.099100947380066,1750264309
-1.827873706817627,1750437638.0,1.9082400798797607,1750264310
0.6394952535629272,1750437638.0,0.9137619733810424,1750264310
0.8708446025848389,1750437639.0,-0.467820942401886,1750264310
0.393765926361084,1750437639.0,0.5392780303955078,1750264310
0.6146702170372009,1750437640.0,0.8864123225212097,1750264311
-1.3671311140060425,1750437640.0,0.1286189705133438,1750264312
-2.199411153793335,1750437640.0,-0.670135498046875,1750264312
1.3040149211883545,1750437640.0,-0.4321922659873962,1750264313
2.6489927768707275,1750437643.0,-0.9802449941635132,1750264314
1.4155193567276,1750437644.0,-0.2763707041740417,1750264314
-0.9087138175964355,1750437645.0,-0.3765135407447815,1750264315
1.690280795097351,1750437646.0,1.206398606300354,1750264316
-1.8925546407699585,1750437646.0,0.6621430516242981,1750264316
-2.9115524291992188,1750437647.0,-1.0313574075698853,1750264316
1.818196177482605,1750437648.0,-0.6361294984817505,1750264316
1.3970052003860474,1750437648.0,0.5573694705963135,1750264317
-0.7156524658203125,1750437648.0,0.4096808731555938,1750264317
0.403864324092865,1750437651.0,-0.3601015508174896,1750264317
2.631669759750366,1750437653.0,0.0002846340066753,1750264318
0.5565299987792969,1750437659.0,-0.7147398591041565,1750264319
-0.8792606592178345,1750437665.0,-1.5223945379257202,1750264320
-0.8817854523658752,1750437667.0,0.3259470760822296,1750264320
0.6175413727760315,1750437668.0,0.0039232680574059,1750264320
-2.062663078308105,1750437672.0,-0.7593389749526978,1750264320
-0.2992412447929382,1750437673.0,-1.087740182876587,1750264320
-0.2208304405212402,1750437673.0,0.5083518028259277,1750264321
-0.8582213521003723,1750437675.0,-0.2334512174129486,1750264321
3.770889043807984,1750437678.0,0.1828859746456146,1750264322
0.8186692595481873,1750437679.0,-0.3439363241195678,1750264322
3.3817505836486816,1750437679.0,1.8829954862594604,1750264322
-0.3634713590145111,1750437679.0,-1.18115234375,1750264322
2.4874155521392822,1750437682.0,-0.0565191395580768,1750264323
-0.0960092693567276,1750437682.0,1.409629225730896,1750264324
-1.512717604637146,1750437682.0,-0.2974107265472412,1750264324
-0.8317131400108337,1750437683.0,1.6734507083892822,1750264325
-0.8902003765106201,1750437683.0,0.2569550573825836,1750264325
1.6675602197647097,1750437684.0,0.9438364505767822,1750264326
-0.4382957816123962,1750437686.0,-0.238019049167633,1750264326
-0.4173619151115417,1750437686.0,1.0717514753341677,1750264327
-1.46601140499115,1750437687.0,-0.3464296758174896,1750264327
-1.4327714443206787,1750437688.0,-2.040780782699585,1750264328
0.6003646850585938,1750437689.0,0.2164124548435211,1750264328
2.254112243652344,1750437690.0,-0.5791458487510681,1750264329
1.3229504823684692,1750437690.0,0.536649227142334,1750264329
1.4428688287734983,1750437691.0,-0.0728674679994583,1750264332
3.207700729370117,1750437693.0,0.3656058609485626,1750264332
-2.2174317836761475,1750437694.0,-0.191932663321495,1750264332
3.02087926864624,1750437694.0,-0.6685286164283752,1750264332
-0.61501544713974,1750437696.0,0.2882919311523437,1750264332
0.960890531539917,1750437696.0,0.1685926020145416,1750264333
1.4272983074188232,1750437696.0,-0.5326215028762817,1750264334
0.8944073915481567,1750437696.0,-0.181216299533844,1750264334
0.3432112038135528,1750437698.0,0.501903235912323,1750264334
-3.14795184135437,1750437698.0,0.2836614549160003,1750264336
-1.6894395351409912,1750437699.0,-0.608778715133667,1750264336
-1.570781946182251,1750437699.0,0.294780433177948,1750264336
1.598974347114563,1750437701.0,0.2283307462930679,1750264336
1.4588584899902344,1750437702.0,0.7845869660377502,1750264337
0.751345694065094,1750437702.0,-0.0907498821616172,1750264338
0.913341760635376,1750437702.0,-0.1296715289354324,1750264338
1.6944873332977295,1750437704.0,0.5683118104934692,1750264339
-1.568678617477417,1750437705.0,-0.1170466467738151,1750264339
-0.8460200428962708,1750437705.0,-0.3461447358131408,1750264340
1.5669958591461182,1750437711.0,-0.7155808210372925,1750264340
1.008436918258667,1750437712.0,1.9465298652648928,1750264340
-0.9112390279769896,1750437712.0,0.3752529323101043,1750264341
2.9068503379821777,1750437714.0,0.0817659795284271,1750264341
0.4783401489257812,1750437714.0,0.490469366312027,1750264342
-1.331784725189209,1750437717.0,-0.3476298153400421,1750264342
-0.4174687266349792,1750437717.0,1.7054284811019895,1750264343
0.8531719446182251,1750437719.0,0.0665547251701355,1750264343
-1.8884646892547607,1750437721.0,0.5380899310112,1750264343
1.3511404991149902,1750437721.0,-0.8645347952842712,1750264345
-0.356317937374115,1750437722.0,-0.6629846692085266,1750264346
-1.9006657600402832,1750437725.0,0.5561076998710632,1750264348
2.5744428634643555,1750437726.0,0.577778160572052,1750264348
1.89225172996521,1750437726.0,-1.5101923942565918,1750264348
0.5599705576896667,1750437727.0,-0.456912100315094,1750264348
-1.327578902244568,1750437727.0,-0.003440270666033,1750264349
1.731936812400818,1750437730.0,-0.5906853079795837,1750264350
2.355717420578003,1750437730.0,-0.245266243815422,1750264350
-1.7984195947647097,1750437733.0,-0.4891016781330108,1750264350
-0.4580688774585724,1750437736.0,-0.2709014117717743,1750264351
0.833396315574646,1750437737.0,2.084540605545044,1750264351
-1.755081057548523,1750437739.0,0.4522546231746673,1750264352
-1.383121132850647,1750437741.0,0.5352806448936462,1750264352
-0.1620277911424636,1750437741.0,0.7101845145225525,1750264352
1.403316855430603,1750437741.0,0.1087263524532318,1750264352
0.4118593335151672,1750437741.0,0.6831822991371155,1750264353
0.4984611570835113,1750437743.0,0.7256786227226257,1750264353
0.6521186232566833,1750437744.0,0.1764385402202606,1750264353
-0.7584985494613647,1750437744.0,-0.6469635367393494,1750264354
0.8763145804405212,1750437746.0,-0.97645765542984,1750264354
-0.8485435843467712,1750437746.0,0.3500061631202698,1750264354
2.4703872203826904,1750437747.0,0.7073760032653809,1750264355
-0.8068882822990417,1750437748.0,0.05603614076972,1750264355
0.7980507612228394,1750437748.0,-0.6674026846885681,1750264355
-1.6583033800125122,1750437749.0,-0.7723845839500427,1750264355
-0.1396212875843048,1750437751.0,-0.3967437446117401,1750264356
-2.0916941165924072,1750437753.0,0.5544281005859375,1750264356
-0.3426419496536255,1750437753.0,-2.5829317569732666,1750264357
3.249703884124756,1750437755.0,-0.5463253855705261,1750264357
-1.2501566410064695,1750437756.0,-0.3061723709106445,1750264357
-1.942322850227356,1750437758.0,-0.7631275057792664,1750264357
1.2143914699554443,1750437758.0,0.78963702917099,1750264357
2.8871493339538574,1750437758.0,0.3256328105926513,1750264358
0.2048404365777969,1750437761.0,0.0059650116600096,1750264358
-1.86616313457489,1750437765.0,-0.5418031811714172,1750264359
1.1617947816848757,1750437765.0,0.092852659523487,1750264360
-2.4124484062194824,1750437770.0,-1.2623584270477295,1750264360
1.6254823207855225,1750437771.0,0.2317699491977691,1750264360
2.788057804107666,1750437771.0,-0.6688754558563232,1750264360
1.288025975227356,1750437772.0,0.8477019667625427,1750264360
0.6402631998062134,1750437772.0,-0.2900464832782745,1750264361
0.316267728805542,1750437773.0,0.452568918466568,1750264361
-0.5549204349517822,1750437773.0,0.4011611640453338,1750264361
1.7820087671279907,1750437775.0,-1.657041072845459,1750264361
-2.1388208866119385,1750437778.0,-0.002387999324128,1750264362
-1.8896524906158447,1750437779.0,0.5974499583244324,1750264363
1.2648837566375732,1750437781.0,0.177490234375,1750264363
-1.5859298706054688,1750437784.0,0.2035780549049377,1750264363
1.884676814079285,1750437786.0,2.017641067504883,1750264363
-0.3500062227249145,1750437787.0,-0.3549496531486511,1750264364
0.4318457245826721,1750437787.0,-0.2685134410858154,1750264364
-0.3845097124576568,1750437789.0,0.412070631980896,1750264366
-0.346144437789917,1750437789.0,-1.8922514915466309,1750264366
0.140043094754219,1750437791.0,0.0281178373843431,1750264366
1.857746958732605,1750437791.0,0.1112198382616043,1750264367
-0.3263693749904632,1750437795.0,-0.3209733068943023,1750264367
-0.8927236795425415,1750437796.0,0.0686598494648933,1750264367
-0.7374607920646667,1750437797.0,2.500882148742676,1750264367
1.570783019065857,1750437797.0,1.1251883506774902,1750264367
-1.9713551998138428,1750437797.0,0.2910986542701721,1750264367
-1.8165112733840945,1750437799.0,2.2494828701019287,1750264368
1.236271858215332,1750437801.0,0.3632002472877502,1750264369
-1.8329222202301023,1750437801.0,0.7265199422836304,1750264369
0.6088837385177612,1750437803.0,-0.5430649518966675,1750264369
-1.704166054725647,1750437806.0,-0.6751868724822998,1750264370
1.76475727558136,1750437807.0,-0.3674674332141876,1750264370
1.896038293838501,1750437808.0,-0.957722544670105,1750264370
-0.0512607283890247,1750437811.0,-0.040740966796875,1750264370
-1.941900372505188,1750437811.0,-0.8266639709472656,1750264371
-2.018062829971313,1750437812.0,-0.648679256439209,1750264371
-1.6956034898757937,1750437812.0,0.5102453827857971,1750264372
1.9456884860992432,1750437814.0,-1.7466641664505005,1750264372
1.3553507328033447,1750437815.0,0.1650162041187286,1750264373
1.0549216270446775,1750437816.0,-0.1648682802915573,1750264373
-1.5009342432022097,1750437817.0,2.629637718200684,1750264373
2.317426919937134,1750437818.0,0.122790403664112,1750264373
-1.77653968334198,1750437818.0,-0.864535927772522,1750264374
-1.9107664823532104,1750437821.0,0.2125205993652343,1750264374
0.3743368089199066,1750437826.0,-0.4745537936687469,1750264375
2.0218493938446045,1750437826.0,-0.5014830231666565,1750264375
1.4479187726974487,1750437827.0,0.2590461075305938,1750264375
-1.4243550300598145,1750437830.0,-0.6154054403305054,1750264376
-0.5710132122039795,1750437831.0,-0.4235669374465942,1750264376
-2.4545974731445312,1750437831.0,-0.709869921207428,1750264376
1.4268798828125,1750437832.0,0.5687323212623596,1750264376
2.013853073120117,1750437837.0,-0.1664889305830001,1750264377
1.6402839422225952,1750437841.0,0.2279827296733856,1750264377
3.4246702194213867,1750437845.0,-1.926332235336304,1750264379
-1.4828423261642456,1750437845.0,-2.203620195388794,1750264379
0.8195096254348755,1750437845.0,-0.1286183893680572,1750264379
-1.812725305557251,1750437848.0,-0.0607270449399948,1750264379
0.2392386198043823,1750437848.0,0.755553662776947,1750264380
0.5613577961921692,1750437849.0,-0.4084179103374481,1750264380
0.580513596534729,1750437849.0,-0.0123390778899192,1750264381
0.659376859664917,1750437850.0,0.1749067902565002,1750264381
-2.080260753631592,1750437851.0,-0.1580693125724792,1750264381
0.7542906403541565,1750437851.0,-0.604076087474823,1750264381
-2.246737480163574,1750437853.0,0.2211773097515106,1750264382
2.3113369941711426,1750437854.0,0.2860488891601562,1750264382
-0.7859232425689697,1750437857.0,-0.1556120663881302,1750264383
0.990542471408844,1750437858.0,-0.7353566288948059,1750264383
-2.916107177734375,1750437860.0,-0.393765926361084,1750264383
1.3625035285949707,1750437861.0,0.3878009617328644,1750264384
-1.615805983543396,1750437863.0,0.1601738482713699,1750264384
-0.5821967124938965,1750437867.0,-0.3280522227287292,1750264385
-1.7672834396362305,1750437868.0,0.5494821667671204,1750264385
-0.7008538246154785,1750437871.0,-0.6868332624435425,1750264385
0.709048330783844,1750437872.0,0.0680908784270286,1750264385
-1.359555721282959,1750437874.0,-0.0512613132596015,1750264386
1.3372550010681152,1750437876.0,0.8009966611862183,1750264387
-0.7416688203811646,1750437876.0,-0.4593323171138763,1750264387
-0.8102540373802185,1750437876.0,0.596082866191864,1750264387
-1.136544942855835,1750437878.0,0.5287598371505737,1750264387
0.4362640082836151,1750437878.0,0.4782667756080627,1750264388
-1.529474139213562,1750437878.0,-0.2296952307224273,1750264388
0.7643893361091614,1750437879.0,0.2580049932003021,1750264388
1.8249281644821167,1750437881.0,-0.0981131270527839,1750264388
0.3272845447063446,1750437882.0,-0.2611618041992187,1750264389
-1.8855202198028564,1750437884.0,-0.250388503074646,1750264390
-1.7247847318649292,1750437885.0,0.0007676339009776,1750264391
-0.4808651804924011,1750437885.0,0.535144567489624,1750264392
-1.967568278312683,1750437885.0,-1.6010782718658447,1750264392
0.759344220161438,1750437886.0,0.5888980031013489,1750264393
1.5977122783660889,1750437887.0,0.2468437701463699,1750264393
-0.578061580657959,1750437889.0,-1.3225290775299072,1750264393
-1.0067520141601562,1750437889.0,-0.0396875217556953,1750264394
-0.5158215761184692,1750437891.0,-0.3957959711551666,1750264395
-1.774856448173523,1750437894.0,-0.2451277375221252,1750264395
1.01915442943573,1750437895.0,-0.6398423910140991,1750264395
-0.9623509645462036,1750437895.0,-0.2872375845909118,1750264395
-0.7296435832977295,1750437898.0,0.8775772452354431,1750264395
-0.4858410656452179,1750437899.0,-0.3785446286201477,1750264395
2.886232852935791,1750437902.0,-2.149761438369751,1750264395
-1.9301193952560425,1750437902.0,-0.2528078854084015,1750264397
-0.0734862759709358,1750437902.0,-0.1517609804868698,1750264397
1.3460932970046997,1750437903.0,-1.1819921731948853,1750264399
-1.633898377418518,1750437907.0,-0.2206197828054428,1750264400
0.337803453207016,1750437908.0,-0.6065996289253235,1750264401
-0.8838882446289062,1750437910.0,-2.2013049125671387,1750264401
1.140337347984314,1750437911.0,-1.8455451726913448,1750264401
0.5982599258422852,1750437911.0,0.2879427373409271,1750264401
1.8068348169326784,1750437912.0,-0.2006331235170364,1750264401
-0.6730824708938599,1750437912.0,-0.5788307189941406,1750264402
1.5064045190811155,1750437912.0,0.569857656955719,1750264403
1.0574445724487305,1750437915.0,0.3974820971488952,1750264404
-0.6217483878135681,1750437916.0,0.4311382472515106,1750264404
-0.3321239650249481,1750437918.0,-0.2359155416488647,1750264406
0.7984718680381775,1750437920.0,0.4514116048812866,1750264407
-1.3355729579925537,1750437920.0,-0.3116537034511566,1750264407
-0.6629844307899475,1750437920.0,0.1816978454589843,1750264408
2.56884765625,1750437923.0,1.2850810289382937,1750264408
-0.8430744409561157,1750437927.0,-0.5997328758239746,1750264409
-0.1701273024082183,1750437927.0,-0.5160310864448547,1750264409
-0.8279289603233337,1750437931.0,-0.547693133354187,1750264410
2.5248656272888184,1750437932.0,3.169262409210205,1750264410
-1.8169325590133667,1750437933.0,0.3121361136436462,1750264410
-1.4550715684890747,1750437935.0,0.6891467571258545,1750264411
-2.1628048419952397,1750437935.0,0.3891372680664062,1750264412
1.5324935913085938,1750437936.0,-0.133880615234375,1750264412
0.4601736664772033,1750437937.0,-0.4779533743858337,1750264412
-1.2223880290985107,1750437942.0,0.6121454834938049,1750264413
2.242120742797852,1750437942.0,-0.4028128087520599,1750264413
0.610388457775116,1750437942.0,-0.4261653423309326,1750264414
-1.3027536869049072,1750437942.0,-1.8998253345489504,1750264415
0.0021779211238026,1750437943.0,0.957101047039032,1750264415
-1.2181788682937622,1750437944.0,0.8426530957221985,1750264416
0.4976964890956878,1750437944.0,-0.1433454602956771,1750264417
-0.770280659198761,1750437945.0,1.2354278564453125,1750264417
-1.2989661693572998,1750437945.0,-0.2758768498897552,1750264417
1.7588670253753662,1750437946.0,-0.6621434092521667,1750264418
1.2791897058486938,1750437946.0,-0.5948935151100159,1750264418
1.2110252380371094,1750437948.0,-1.9019287824630735,1750264420
-1.8977205753326416,1750437948.0,-1.2859232425689695,1750264420
-1.8703688383102417,1750437953.0,0.9314363598823548,1750264420
-0.5982598066329956,1750437954.0,0.9895007610321044,1750264420
-1.246793270111084,1750437954.0,-1.0006431341171265,1750264421
0.7467169761657715,1750437955.0,-0.0523121170699596,1750264421
-0.1727981567382812,1750437960.0,-1.2703534364700315,1750264421
1.360817551612854,1750437960.0,-0.2755299210548401,1750264421
-1.1293957233428955,1750437960.0,0.4038654863834381,1750264423
-0.617645800113678,1750437961.0,0.3630488216876983,1750264423
0.845598578453064,1750437961.0,-0.635634183883667,1750264423
-1.6486228704452517,1750437963.0,-0.7883711457252502,1750264425
0.0880778357386589,1750437965.0,-1.6082316637039185,1750264425
-1.6780787706375122,1750437967.0,1.0286333560943604,1750264426
0.7803792953491211,1750437970.0,0.4818132817745209,1750264426
1.7916860580444336,1750437971.0,-0.4147268235683441,1750264426
1.447918176651001,1750437972.0,-0.4004974365234375,1750264428
-1.40373694896698,1750437972.0,-0.2742685079574585,1750264429
-1.2989656925201416,1750437973.0,-0.4663810431957245,1750264429
2.604811429977417,1750437975.0,-0.3806492388248443,1750264430
-2.231391191482544,1750437976.0,-0.065504215657711,1750264430
0.524625301361084,1750437977.0,-0.4522528946399688,1750264430
-2.019744873046875,1750437977.0,-0.3268637955188751,1750264430
-0.368941068649292,1750437977.0,0.040257304906845,1750264431
-0.5847226977348328,1750437978.0,-0.7239972352981567,1750264431
2.5934505462646484,1750437981.0,0.2430554777383804,1750264432
1.5568976402282717,1750437981.0,-0.5098982453346252,1750264432
0.694194495677948,1750437982.0,-0.3482492864131927,1750264432
-1.826189994812012,1750437983.0,-0.5568463206291199,1750264433
-1.8253473043441768,1750437987.0,0.1532962471246719,1750264433
3.341505289077759,1750437988.0,-0.0880778357386589,1750264433
-2.9055886268615723,1750437988.0,-1.0831849575042725,1750264434
-0.5575514435768127,1750437990.0,0.5616531372070312,1750264434
-0.9457413554191588,1750437992.0,-0.6550638675689697,1750264434
1.4315085411071775,1750437993.0,-0.1722318232059478,1750264434
1.6591449975967407,1750437994.0,0.3331733047962188,1750264435
-0.9735153913497924,1750437995.0,0.5060375928878784,1750264436
-0.1154280379414558,1750437996.0,0.4273536205291748,1750264437
-0.4160666763782501,1750452224.0,-0.5216046571731567,1750264439
-1.9208637475967407,1750452227.0,1.3402007818222046,1750264439
1.1293967962265017,1750452229.0,-2.01511549949646,1750264439
1.700379490852356,1750452230.0,-0.31634521484375,1750264439
-1.2913920879364014,1750452233.0,1.0056891441345217,1750264440
0.8000505566596985,1750452236.0,0.1375186592340469,1750264440
-1.824085712432861,1750452238.0,0.3716160655021667,1750264441
1.357032299041748,1750452240.0,-0.8632700443267822,1750264441
1.4092090129852295,1750452241.0,-0.6710530519485474,1750264441
-2.100531578063965,1750452243.0,2.366236686706543,1750264442
3.085603952407837,1750452243.0,0.1044249832630157,1750264442
-1.402052640914917,1750452244.0,1.772753119468689,1750264442
1.4618034362792969,1750452244.0,1.1458059549331665,1750264443
-0.5868990421295166,1750452245.0,0.0896976143121719,1750264444
1.8156720399856567,1750452247.0,-0.8864017724990845,1750264444
-1.8653217554092407,1750452253.0,0.4087336361408233,1750264445
-0.5846900939941406,1750452254.0,-0.2683024704456329,1750264445
1.853045463562012,1750452254.0,-0.782903790473938,1750264445
-0.610041081905365,1750452255.0,-1.9381144046783447,1750264446
2.3115360736846924,1750452255.0,0.5725197196006775,1750264446
0.3760938942432403,1750452258.0,0.4908887147903442,1750264446
-1.6498875617980957,1750452258.0,-0.1198453307151794,1750264446
-0.5224432945251465,1750452261.0,1.5632095336914062,1750264446
1.6250604391098022,1750452262.0,0.620561420917511,1750264446
-0.910819411277771,1750452262.0,-0.8178282380104065,1750264446
0.3352062404155731,1750452263.0,-0.4690090715885162,1750264448
-0.0102351242676377,1750452263.0,-0.6713984608650208,1750264448
1.954103708267212,1750452266.0,-2.176269054412842,1750264449
1.4420274496078491,1750452267.0,0.0365324728190898,1750264449
2.493107557296753,1750452267.0,-0.4547741115093231,1750264449
-1.3919583559036257,1750452268.0,-0.4900477528572082,1750264450
-1.3566125631332395,1750452268.0,-0.8948299288749695,1750264450
1.0448232889175415,1750452269.0,-0.0123402513563632,1750264451
-1.485368013381958,1750452271.0,0.2657793462276459,1750264452
-1.9137097597122192,1750452271.0,-0.2211884707212448,1750264452
0.345799058675766,1750452272.0,0.4299530386924743,1750264452
-1.7458230257034302,1750452272.0,0.2201361954212188,1750264454
0.8670560717582703,1750452272.0,0.3141667246818542,1750264455
2.4315290451049805,1750452273.0,-0.8607470989227295,1750264455
-1.4975694417953491,1750452276.0,0.2395541816949844,1750264455
1.2169171571731567,1750452280.0,0.3079282343387604,1750264456
-1.3519837856292725,1750452282.0,0.022374665364623,1750264456
-2.293863534927368,1750452282.0,-0.4127314388751983,1750264457
1.7108988761901855,1750452285.0,-0.6596174240112305,1750264457
1.8463870286941528,1750452286.0,0.5596847534179688,1750264457
-3.192615032196045,1750452287.0,1.1639735698699951,1750264458
2.2772538661956787,1750452288.0,-0.9871761202812196,1750264458
0.8136202096939087,1750452288.0,0.4992739260196686,1750264459
-2.3245809078216557,1750452290.0,0.8851511478424072,1750264460
1.9284377098083496,1750452292.0,0.2201356142759323,1750264460
2.0243711471557617,1750452293.0,0.3442626297473907,1750264460
1.7916866540908811,1750452293.0,0.4429227113723755,1750264462
-1.441606879234314,1750452293.0,-0.6202462911605835,1750280505
1.6208544969558716,1750452294.0,0.3805448114871979,1750280505
-0.7383023500442505,1750452295.0,-0.2009799629449844,1750280505
1.7273095846176147,1750452298.0,0.386191725730896,1750280507
-0.1115042865276336,1750452298.0,-0.7454553842544556,1750280508
-1.6036030054092407,1750452298.0,2.420094490051269,1750280508
-0.5689321756362915,1750452299.0,-0.3015418350696563,1750280508
-3.336876630783081,1750452300.0,0.8817846775054932,1750280509
-0.4155402481555938,1750452300.0,-0.0070812520571053,1750280509
1.6986957788467407,1750452300.0,0.1185091435909271,1750280509
-1.5287070274353027,1750452302.0,0.6238215565681458,1750280510
-1.792949914932251,1750452302.0,-1.035986304283142,1750280510
2.2972300052642822,1750452303.0,0.423567533493042,1750280510
0.5754648447036743,1750452304.0,0.4348965883255005,1750280511
1.2791900634765625,1750452306.0,0.4152252376079559,1750280511
2.61028265953064,1750452306.0,0.5775680541992188,1750280512
-2.031946420669556,1750452310.0,0.3142400681972503,1750280512
1.4702171087265017,1750452310.0,0.784166157245636,1750280513
-1.907396674156189,1750452310.0,0.5653616189956665,1750280513
-1.545538306236267,1750452313.0,-0.7951058149337769,1750280514
-0.7252596020698547,1750452314.0,-0.551133930683136,1750280514
3.854623317718506,1750452315.0,1.0923696756362915,1750280514
1.848070502281189,1750452316.0,-0.1044246926903724,1750280514
2.489942073822021,1750452317.0,-0.1335196793079376,1750280515
-0.972027063369751,1750452318.0,-0.452181875705719,1750280515
1.8762612342834477,1750452318.0,-0.3495107591152191,1750280515
-2.023531436920166,1750452321.0,0.6928593516349792,1750280516
-1.766859769821167,1750452322.0,0.5232895612716675,1750280516
-1.7012217044830322,1750452325.0,0.5654717683792114,1750280516
-1.7857965230941772,1750452326.0,0.0034401272423565,1750280516
0.6542217135429382,1750452327.0,1.8985615968704224,1750280517
0.9930660128593444,1750452328.0,-0.4934145510196686,1750280517
-1.7483478784561155,1750452329.0,0.2234910726547241,1750280517
-0.51823890209198,1750452331.0,0.2511253356933594,1750280518
-1.8325018882751465,1750452333.0,-0.3642531037330627,1750280520
2.184264659881592,1750452338.0,0.1507090777158737,1750280521
0.4328234195709228,1750452339.0,-2.648793458938598,1750280522
-0.5045334696769714,1750452340.0,0.172231525182724,1750280522
1.0490288734436035,1750452341.0,1.7512916326522827,1750280522
1.565313458442688,1750452342.0,-0.4202000498771667,1750280523
-0.6404383778572083,1750452343.0,-0.5796729922294617,1750280523
1.099942326545715,1750452344.0,-0.0352736301720142,1750280523
0.9528966546058656,1750452350.0,-0.5098249316215515,1750280523
-2.598921060562134,1750452350.0,-0.6625641584396362,1750280524
-1.772330641746521,1750452351.0,0.3970571458339691,1750280525
-0.6877781748771667,1750452351.0,0.258697509765625,1750280526
-0.7311495542526245,1750452352.0,0.5018310546875,1750280528
1.017470359802246,1750452352.0,1.431087613105774,1750280528
1.6836858987808228,1750452354.0,1.708794116973877,1750280529
-0.6105878949165344,1750452355.0,-0.1448833644390106,1750280529
3.558474540710449,1750452360.0,-0.0293807797133922,1750280529
-2.484694242477417,1750452360.0,0.767758846282959,1750280529
2.25285005569458,1750452361.0,0.0823340713977813,1750280530
3.3548972606658936,1750452361.0,0.1511917114257812,1750280530
0.3992359340190887,1750452362.0,0.6495161652565002,1750280531
-1.7580245733261108,1750452363.0,0.636474609375,1750280532
-2.516941785812378,1750452364.0,-0.3430948853492737,1750280532
-1.6915440559387207,1750452369.0,0.512948215007782,1750280534
-1.496732234954834,1750452369.0,-0.3122423589229584,1750280534
-1.871631860733032,1750452370.0,-0.0753917843103408,1750280534
-0.6406842470169067,1750452370.0,-1.305273175239563,1750280535
-0.930171012878418,1750452371.0,-1.8337641954422,1750280535
2.803341627120972,1750452371.0,0.3869605362415313,1750280535
1.3448309898376465,1750452372.0,-0.3580008149147033,1750280536
-0.47111377120018,1750452372.0,-0.6226648092269897,1750280537
-0.9078729748725892,1750452373.0,-1.3015658855438232,1750280538
-2.690450668334961,1750452373.0,0.3952378332614898,1750280539
-0.9183921217918396,1750452375.0,-0.0581395290791988,1750280539
-1.6044434309005735,1750452375.0,0.5494821667671204,1750280540
1.4836817979812622,1750452376.0,-0.4496553838253021,1750280541
0.7081122398376465,1750452377.0,-1.036826729774475,1750280541
1.47527015209198,1750452378.0,0.702536940574646,1750280541
1.2665674686431885,1750452380.0,-2.612607717514038,1750280542
1.0195749998092651,1750452381.0,2.1384003162384038,1750280542
1.5859298706054688,1750452381.0,0.2611606121063232,1750280543
-2.9131622314453125,1750452383.0,0.0770741924643516,1750280543
-0.8712645173072815,1750452383.0,0.5242043733596802,1750280543
-0.9958122968673706,1750452384.0,-0.7332525849342346,1750280543
-0.6170900464057922,1750452387.0,-0.8136197328567505,1750280544
-2.422619104385376,1750452388.0,0.5353546142578125,1750280544
-1.665455937385559,1750452389.0,1.1159316301345823,1750280545
-0.7833242416381836,1750452390.0,0.0123381959274411,1750280545
0.5712573528289795,1750452390.0,-0.3162706792354584,1750280546
3.5146405696868896,1750452392.0,-0.685283899307251,1750280548
-1.3355718851089478,1750452394.0,1.831238865852356,1750280548
-0.9162867665290833,1750452394.0,1.3103266954421997,1750280550
2.55263614654541,1750452396.0,-1.3553483486175537,1750280550
1.4521260261535645,1750452396.0,0.2490222603082656,1750280551
0.3234983682632446,1750452397.0,-0.5818498730659485,1750280551
0.802257776260376,1750452397.0,0.4927526414394378,1750280551
0.4600383639335632,1750452402.0,0.6573779582977295,1750280552
1.8110421895980835,1750452402.0,0.129103422164917,1750280552
-1.3002283573150637,1750452405.0,-0.2142455875873565,1750280553
0.4821276664733886,1750452406.0,-1.5501655340194702,1750280553
3.6044750213623047,1750452408.0,-0.6377372741699219,1750280554
0.4012668132781982,1750452409.0,-0.1932695806026458,1750280554
-0.9516319632530212,1750452410.0,-0.5716763734817505,1750280554
-1.4432889223098757,1750452410.0,0.0790299400687217,1750280554
-0.7618653178215027,1750452410.0,-0.8388671875,1750280555
-2.564765214920044,1750452412.0,-1.151275634765625,1750280555
0.811937689781189,1750452413.0,-0.9101755619049072,1750280555
1.6831284761428833,1750452416.0,0.519607424736023,1750280556
0.5843746066093445,1750452416.0,-1.9027704000473025,1750280556
-0.9314352869987488,1750452417.0,1.8043097257614136,1750280556
-1.3385182619094849,1750452418.0,-0.7214717864990234,1750280557
0.3121384680271148,1750452418.0,1.3141144514083862,1750280557
0.4699248969554901,1750452420.0,-0.952672839164734,1750280557
-0.5725173950195312,1750452420.0,-1.9381150007247925,1750280557
1.914970874786377,1750452421.0,0.3239182531833648,1750280557
2.439870834350586,1750452422.0,-0.5059637427330017,1750280557
-0.1627631187438964,1750452423.0,0.4127320349216461,1750280558
-1.6376858949661257,1750452423.0,0.52083820104599,1750280559
0.2216732203960418,1750452423.0,0.6238496899604797,1750280559
-1.5076651573181152,1750452426.0,-0.3596836924552917,1750280559
-0.979823112487793,1750452427.0,0.4326247870922088,1750280559
-2.68644118309021,1750452429.0,-0.4535155296325683,1750280559
-0.1080645024776458,1750452429.0,-0.149658203125,1750280560
0.2629068493843078,1750452432.0,-0.6899883151054382,1750280560
-0.3539276123046875,1750452433.0,-0.4289001822471618,1750280562
1.908661961555481,1750452433.0,0.4324031472206116,1750280562
1.7988386154174805,1750452434.0,-0.2877323031425476,1750280562
-1.2610983848571775,1750452434.0,0.507479727268219,1750280563
0.4467820227146148,1750452435.0,-0.2792100012302398,1750280563
2.540434598922729,1750452438.0,0.9427971243858336,1750280564
-2.024369955062866,1750452438.0,0.4399767518043518,1750280564
1.9755632877349851,1750452440.0,0.1863262355327606,1750280565
1.890988111495972,1750452440.0,-1.9890265464782717,1750280565
1.7946327924728394,1750452442.0,0.4989893734455108,1750280565
-1.3608192205429075,1750452442.0,-0.8199286460876465,1750280566
0.579565167427063,1750452445.0,-0.3633974492549896,1750280566
-0.7816413044929504,1750452446.0,0.4094825088977813,1750280566
-2.0078885555267334,1750452447.0,2.9569218158721924,1750280567
-2.815617322921753,1750452453.0,-0.432897686958313,1750280567
1.543013334274292,1750452454.0,0.4123857915401459,1750280567
1.2749814987182615,1750452455.0,-0.9074501395225524,1750280567
-0.4320561289787292,1750452458.0,-1.8623768091201784,1750280567
1.7984195947647097,1750452461.0,-0.2582796216011047,1750280568
0.7181061506271362,1750452463.0,-1.137465238571167,1750280568
-0.1294496953487396,1750452468.0,0.9129210114479064,1750280568
2.041203022003174,1750452469.0,0.8973533511161804,1750280569
-1.2808727025985718,1750452469.0,-0.0255931038409471,1750280572
-1.806414008140564,1750452469.0,0.603415846824646,1750280573
-1.8585888147354128,1750452473.0,0.8838876485824585,1750280573
1.249315619468689,1750452474.0,-2.1817402839660645,1750280573
-1.5434331893920898,1750452476.0,-0.8085705637931824,1750280575
-1.6031821966171265,1750452479.0,-0.773648202419281,1750280575
2.399477005004883,1750452481.0,0.4815279841423034,1750280575
1.8367090225219729,1750452484.0,-0.4033719301223755,1750280576
-0.670559287071228,1750452484.0,-0.5203437805175781,1750280576
-1.827451467514038,1750452488.0,-0.8413907885551453,1750280577
-1.9044511318206787,1750452488.0,0.2174635529518127,1750280577
-0.5657868385314941,1750452489.0,-0.7917392253875732,1750280578
1.4045767784118652,1750452489.0,-0.1762287020683288,1750280579
-2.317847728729248,1750452490.0,0.1732831299304962,1750280579
0.7097631096839905,1750452492.0,-1.7424527406692505,1750280580
-2.2865118980407715,1750452498.0,0.0081311725080013,1750280580
-1.8505964279174805,1750452498.0,-1.6566202640533447,1750280580
1.786247730255127,1750452498.0,0.4906483888626098,1750280580
-0.7017692923545837,1750452499.0,0.9213367700576782,1750280580
-1.4853670597076416,1750452499.0,-1.6275904178619385,1750280581
0.5805872082710266,1750452500.0,-0.3396224975585937,1750280581
0.8165670037269592,1750452501.0,-0.8178276419639587,1750280582
2.842893600463867,1750452502.0,1.8181955814361568,1750280582
0.8931462168693542,1750452505.0,-0.404075026512146,1750280582
1.5371211767196655,1750452505.0,0.4636137783527374,1750280583
2.6103146076202397,1750452508.0,0.4711121618747711,1750280584
1.21018385887146,1750452509.0,0.1953741163015365,1750280584
0.2756030261516571,1750452509.0,0.2279830873012542,1750280584
-1.6208548545837402,1750452510.0,-0.2973339259624481,1750280585
-1.7428770065307615,1750452513.0,-0.4479710459709167,1750280586
0.561681866645813,1750452514.0,-0.0028721736744046,1750280586
-1.303594708442688,1750452515.0,0.6082842946052551,1750280587
-0.6225902438163757,1750452515.0,-0.7946841716766357,1750280588
-0.997498095035553,1750452516.0,0.2432782053947448,1750280589
-1.52744460105896,1750452519.0,3.0837841033935547,1750280589
1.5312306880950928,1750452519.0,0.341106116771698,1750280590
-0.3331747353076935,1750452519.0,0.0896976143121719,1750280590
1.5295478105545044,1750452521.0,0.8843084573745728,1750280591
-2.28418493270874,1750452522.0,-0.2730055153369903,1750280591
-1.973036527633667,1750452522.0,1.1504358053207395,1750280592
0.5333880186080933,1750452522.0,0.8737900257110596,1750280592
-0.7022951245307922,1750452523.0,-0.079178437590599,1750280592
0.5877397656440735,1750452524.0,0.4466781318187713,1750280592
-1.7176311016082764,1750452524.0,-1.925490140914917,1750280593
-0.5485353469848633,1750452524.0,0.204764723777771,1750280593
-2.265671968460083,1750452528.0,-0.1178906187415123,1750280593
-1.6094958782196045,1750452529.0,1.217336893081665,1750280593
0.6024692058563232,1750452531.0,0.6954574584960938,1750280594
2.899276733398437,1750452533.0,-0.763546884059906,1750280594
2.766733407974243,1750452534.0,-0.5333885550498962,1750280595
-1.2202835083007812,1750452535.0,1.734883189201355,1750280595
0.6015530824661255,1750452538.0,0.8169863820075989,1750280596
1.0826902389526367,1750452539.0,-1.3848037719726562,1750280596
0.1753868460655212,1750452541.0,0.3947143256664276,1750280597
3.0873618125915527,1750452542.0,-0.3852773606777191,1750280598
-0.7753260731697083,1750452543.0,0.6814997792243958,1750280599
1.7298353910446167,1750452543.0,-0.0007675598026253,1750280599
0.365153968334198,1750452544.0,-0.1740206182003021,1750280599
1.568257212638855,1750452544.0,-2.312597274780273,1750280599
3.3065035343170166,1750452545.0,1.1756820678710938,1750280600
0.4577243030071258,1750452545.0,0.4392113089561462,1750280600
-0.8039409518241882,1750452546.0,-0.2895636856555938,1750280600
1.2564687728881836,1750452549.0,-0.6006795167922974,1750280601
-0.4122819006443023,1750452560.0,-0.5775697827339172,1750280601
2.3590829372406006,1750452560.0,-0.3053406774997711,1750280602
-0.8148818016052246,1750452565.0,-2.4527151584625244,1750280602
-0.0617790929973125,1750452565.0,1.742035984992981,1750280603
-1.2956008911132812,1750452566.0,-0.6718943119049072,1750280603
0.371465802192688,1750452569.0,-0.3651522099971771,1750280603
-0.555266797542572,1750452569.0,-0.678658664226532,1750280603
1.4681153297424316,1750452571.0,0.7068184018135071,1750280604
1.7008020877838137,1750452573.0,0.5632640719413757,1750280604
-1.803889274597168,1750452575.0,-0.4429227113723755,1750280604
1.6675608158111572,1750452575.0,0.4106292426586151,1750280605
1.4302459955215454,1750452576.0,-0.2689023911952972,1750280606
-2.841704607009888,1750452579.0,-0.3187954127788543,1750280607
2.6149110794067383,1750452579.0,0.5406177043914795,1750280607
-0.9259654879570008,1750452579.0,0.3586625158786773,1750280607
1.7454041242599487,1750452580.0,0.2196725606918335,1750280607
-0.1939004510641098,1750452580.0,0.584059476852417,1750280608
1.7975757122039795,1750452581.0,0.9002978801727295,1750280610
1.2026090621948242,1750452581.0,-0.5923690795898438,1750280611
0.5567427277565002,1750452582.0,-0.7248373627662659,1750280612
0.0123389326035976,1750452582.0,-0.024476271122694,1750280612
-1.408363938331604,1750452582.0,0.7214707136154175,1750280612
2.173954725265503,1750452583.0,-0.4313512742519378,1750280613
-0.82540363073349,1750452583.0,-0.9398521780967712,1750280613
2.440291404724121,1750452584.0,-0.3852767944335937,1750280613
-0.3272106349468231,1750452585.0,-0.2331807017326355,1750280613
-1.192513108253479,1750452586.0,1.718472957611084,1750280613
-1.9966015815734863,1750452586.0,-0.4206953644752502,1750280613
2.084888696670532,1750452587.0,1.414676308631897,1750280614
-0.8283469676971436,1750452587.0,0.4049465358257293,1750280614
-1.5783568620681765,1750452589.0,-0.46172034740448,1750280614
0.7719650268554688,1750452591.0,0.4952040314674377,1750280615
3.720397710800171,1750452591.0,-0.2503888010978699,1750280615
0.6164895296096802,1750452593.0,0.9423757195472716,1750280615
-0.5497979521751404,1750452595.0,-1.5939254760742188,1750280616
1.3444093465805054,1750452595.0,-0.7130563855171204,1750280616
-2.277254581451416,1750452597.0,1.1184542179107666,1750280616
0.658136785030365,1750452598.0,-0.3752529323101043,1750280617
-1.664193630218506,1750452601.0,-0.0607276298105716,1750280617
1.743298888206482,1750452605.0,0.6213290691375732,1750280618
1.1310793161392212,1750452605.0,-1.0319982767105105,1750280618
0.8817839622497559,1750452605.0,-0.5076904296875,1750280618
2.826484680175781,1750452606.0,0.6394218802452087,1750280618
-2.811830997467041,1750452607.0,0.6993806958198547,1750280618
-1.4954652786254885,1750467514.0,0.7181064486503601,1750280618
2.773046493530273,1750467515.0,-0.6823389530181885,1750280618
-0.2721645534038543,1750467516.0,-0.233873188495636,1750280620
-1.440765380859375,1750467516.0,0.1652127802371978,1750280620
-0.6033087372779846,1750467517.0,0.3023863434791565,1750280620
-1.821980357170105,1750467518.0,0.1417253911495208,1750280621
1.6317946910858154,1750467519.0,-0.4425753057003021,1750280623
1.390693426132202,1750467520.0,-0.8544346690177917,1750280623
0.3659955263137817,1750467520.0,1.5690996646881104,1750280623
2.01469349861145,1750467521.0,0.0849521309137344,1750280624
-0.594052791595459,1750467522.0,-1.848490595817566,1750280625
1.949054479598999,1750467522.0,-1.9869240522384644,1750280625
1.048609733581543,1750467523.0,0.8182502388954163,1750280625
2.540434598922729,1750467523.0,0.6235069632530212,1750280626
-0.5715727210044861,1750467523.0,-2.3174262046813965,1750280626
-0.7303032279014587,1750467526.0,-0.0617793127894401,1750280627
2.662037134170532,1750467529.0,0.3373090028762817,1750280627
0.5704153180122375,1750467532.0,1.0526167154312134,1750280627
1.6158053874969482,1750467533.0,2.043729305267334,1750280627
-1.7348830699920654,1750467534.0,0.076085589826107,1750280628
-2.602633476257324,1750467535.0,-0.4328202307224273,1750280629
-1.258573055267334,1750467535.0,-1.273298978805542,1750280629
-2.192257165908813,1750467538.0,2.088749647140503,1750280630
-1.1474896669387815,1750467538.0,-0.1070134043693542,1750280630
-1.6713473796844482,1750467540.0,-2.018902063369751,1750280630
2.363290786743164,1750467549.0,0.4033704996109009,1750280630
0.3731483817100525,1750467550.0,0.2662001252174377,1750280631
1.89603590965271,1750467551.0,0.1028055027127265,1750280632
-0.7101842164993286,1750467551.0,-1.976826548576355,1750280633
-0.7130569219589233,1750467552.0,0.1480368077754974,1750280633
-0.2337995767593383,1750467554.0,0.0829655602574348,1750280633
1.2169153690338137,1750467557.0,0.288994550704956,1750280633
2.001230001449585,1750467557.0,-1.6002366542816162,1750280634
1.52996826171875,1750467558.0,-1.1003623008728027,1750280636
0.5825119018554688,1750467559.0,-0.725258469581604,1750280636
2.375913143157959,1750467560.0,-0.317396730184555,1750280636
-0.8990248441696167,1750467561.0,-0.3824057877063751,1750280636
1.2337470054626465,1750467563.0,-0.8611661195755005,1750280636
0.2713212072849273,1750467563.0,0.1096860393881797,1750280636
-2.6771860122680664,1750467564.0,-0.2586991488933563,1750280636
-2.6081783771514893,1750467564.0,1.4386619329452517,1750280637
2.010066032409668,1750467564.0,0.650435209274292,1750280637
-1.6288495063781738,1750467565.0,-0.3992356359958648,1750280638
-0.9297525882720948,1750467566.0,-0.5131909251213074,1750280638
1.4474983215332031,1750467566.0,0.88472980260849,1750280639
-1.6174885034561155,1750467566.0,-0.5182398557662964,1750280640
-1.2358497381210327,1750467567.0,1.214391827583313,1750280640
-0.8140405416488647,1750467568.0,0.4483921527862549,1750280640
-0.6415246725082397,1750467568.0,-0.4429203867912292,1750280644
1.6250633001327517,1750467568.0,-0.2211761474609375,1750280644
-0.604076623916626,1750467568.0,-0.6061808466911316,1750280644
2.6540420055389404,1750467570.0,-0.2838698029518127,1750280644
-2.2982945442199707,1750467573.0,-0.7105309367179871,1750280645
1.6325618028640747,1750467574.0,0.7938437461853027,1750280646
-0.4706937372684479,1750467577.0,0.0964926928281784,1750280646
1.9246511459350584,1750467578.0,-1.9229670763015747,1750280647
0.5493785738945007,1750467578.0,-0.1391379982233047,1750280647
-1.322529673576355,1750467579.0,0.3962895274162292,1750280647
-0.535774827003479,1750467582.0,0.6417341828346252,1750280649
-0.8047839403152466,1750467582.0,0.4555455446243286,1750280649
1.744141697883606,1750467583.0,-2.6513187885284424,1750280649
-0.0434130169451236,1750467583.0,1.407523512840271,1750280649
2.057612895965576,1750467583.0,0.253470778465271,1750280649
1.2535223960876465,1750467586.0,-0.6496264934539795,1750280650
2.7658936977386475,1750467586.0,-1.2682499885559082,1750280650
-1.5880345106124878,1750467588.0,0.1480349004268646,1750280650
2.1821608543396,1750467590.0,0.4419752061367035,1750280650
1.6435757875442505,1750467592.0,-1.693648099899292,1750280651
-1.6343190670013428,1750467592.0,0.6581147909164429,1750280651
-0.6846427917480469,1750467593.0,-0.3926083445549011,1750280651
0.6916707754135132,1750467596.0,-1.521973729133606,1750280651
-0.7336748242378235,1750467596.0,-0.1880099922418594,1750280651
0.5713295340538025,1750467599.0,0.977299153804779,1750280652
0.8451784253120422,1750467599.0,0.2363982498645782,1750280652
-1.2548587322235107,1750467600.0,0.5401206016540527,1750280653
-0.8148829340934753,1750467600.0,-0.5958409905433655,1750280653
0.6596174836158752,1750467602.0,-2.0340497493743896,1750280653
-2.199833631515503,1750467603.0,-0.6281362175941467,1750280653
1.90824031829834,1750467606.0,-0.8628492951393127,1750280653
-2.3418314456939697,1750467610.0,-1.376040816307068,1750280653
-1.3364157676696775,1750467613.0,2.320866346359253,1750280654
1.7887414693832395,1750467613.0,-0.0975441485643386,1750280654
2.516672372817993,1750467615.0,1.7550781965255735,1750280654
-1.704587697982788,1750467617.0,-1.851014256477356,1750280654
1.4155193567276,1750467624.0,0.3884441554546356,1750280655
1.7984192371368408,1750467625.0,1.5299687385559082,1750280656
-1.2585716247558594,1750467627.0,0.0129083478823304,1750280656
2.8320279121398926,1750467629.0,0.0102339517325162,1750280656
-1.930120587348938,1750467630.0,0.2548487782478332,1750280657
1.5038810968399048,1750467632.0,-1.9688303470611568,1750280657
-0.6760271191596985,1750467633.0,0.7088476419448853,1750280657
-2.299976587295532,1750467634.0,1.415097951889038,1750280658
-0.349584698677063,1750467638.0,0.35750612616539,1750280659
-2.6132283210754395,1750467639.0,0.1429126411676406,1750280659
-0.7500844597816467,1750467640.0,-0.6060720086097717,1750280659
-0.8645288944244385,1750467642.0,-0.2159282863140106,1750280660
2.511622428894043,1750467643.0,1.49420166015625,1750280660
3.454197645187378,1750467644.0,-0.3572956919670105,1750280662
2.844155788421631,1750467644.0,0.4542830288410187,1750280662
0.619223952293396,1750467648.0,-0.18695829808712,1750280662
3.792768239974976,1750467648.0,-1.1638989448547363,1750280662
-1.2093417644500732,1750467650.0,0.1393385678529739,1750280663
1.9069770574569704,1750467650.0,-0.5536580681800842,1750280663
-1.9587322473526,1750467655.0,0.5864046216011047,1750280663
-1.5531103610992432,1750467656.0,-0.2174623757600784,1750280664
-1.989025354385376,1750467657.0,-1.8174161911010744,1750280664
-0.6218220591545105,1750467657.0,0.5637883543968201,1750280664
1.8177746534347532,1750467661.0,0.2763717174530029,1750280665
-2.565711975097656,1750467663.0,-0.8838881850242615,1750280666
1.3936402797698977,1750467665.0,0.256949782371521,1750280666
2.015956401824951,1750467665.0,-0.3237087428569793,1750280666
-1.4912571907043457,1750467665.0,-0.1787530332803726,1750280667
-1.2867637872695925,1750467666.0,-0.4130465984344482,1750280667
-1.08647620677948,1750467666.0,-0.1601773649454116,1750280667
-1.4744266271591189,1750467666.0,-0.7526082992553711,1750280667
-0.6520130038261414,1750467668.0,0.712394118309021,1750280668
-0.2893125116825104,1750467668.0,0.6882318258285522,1750280669
2.194783926010132,1750467672.0,-0.694963276386261,1750280669
-1.8068344593048096,1750467673.0,0.4492339789867401,1750280670
-1.2278558015823364,1750467673.0,0.0065960511565208,1750280670
1.7348819971084597,1750467674.0,0.235346570611,1750280671
1.6881766319274902,1750467675.0,-0.2048408687114715,1750280672
2.711488962173462,1750467675.0,0.1821206957101822,1750280674
0.6702123284339905,1750467676.0,0.7921611666679382,1750280675
-0.7282042503356934,1750467676.0,0.5973440408706665,1750280675
-2.3531928062438965,1750467677.0,-0.5716781616210938,1750280675
2.0811760425567627,1750467679.0,0.3402533829212188,1750280675
0.6967199444770813,1750467680.0,0.8750525116920471,1750280676
-1.724785327911377,1750467681.0,-0.3596085608005523,1750280677
-1.3717585802078247,1750467683.0,0.4791083633899688,1750280677
-0.842651903629303,1750467684.0,0.6495199799537659,1750280678
-0.8990360498428345,1750467684.0,0.360029399394989,1750280678
-1.4992527961730957,1750467686.0,0.2843017578125,1750280678
-0.9625742435455322,1750467689.0,-0.3484702408313751,1750280678
0.6834951043128967,1750467690.0,0.8418132662773132,1750280678
-0.9369048476219176,1750467691.0,0.3882226049900055,1750280679
-2.754606246948242,1750467692.0,0.2485374957323074,1750280679
-1.1331831216812134,1750467694.0,0.010807916522026,1750280679
0.8855713605880737,1750467694.0,-0.5511345267295837,1750280680
-1.866583585739136,1750467695.0,0.212773248553276,1750280680
1.2093424797058103,1750467695.0,1.6073901653289795,1750280680
0.4315615892410278,1750467697.0,0.3551606237888336,1750280681
1.0641766786575315,1750467698.0,-2.245280265808105,1750280681
-1.3932160139083862,1750467700.0,-0.3976593017578125,1750280681
1.9153934717178345,1750467700.0,-0.1669745743274688,1750280682
-0.7168429493904114,1750467702.0,-0.1675403267145156,1750280682
-1.5707831382751465,1750467703.0,0.1813827604055404,1750280683
1.819036602973938,1750467704.0,-0.3361199796199798,1750280683
1.7029036283493042,1750467707.0,0.9571016430854796,1750280684
0.9836106300354004,1750467710.0,-1.041256546974182,1750280684
2.036153554916382,1750467711.0,0.1696454584598541,1750280686
0.774489164352417,1750467712.0,1.4744279384613037,1750280686
1.3965846300125122,1750467712.0,-0.4256393611431122,1750280686
0.7736473083496094,1750467713.0,0.424828439950943,1750280686
-1.463065505027771,1750467713.0,-0.2778756022453308,1750280686
-0.5148420929908752,1750467713.0,2.043727397918701,1750280687
0.4551246464252472,1750467714.0,-1.463066339492798,1750280687
-1.338938593864441,1750467716.0,0.2102367430925369,1750280687
-1.645677924156189,1750467716.0,0.2311388403177261,1750280688
2.012591600418091,1750467718.0,-0.6057609915733337,1750280689
1.7626538276672363,1750467721.0,-0.4197810292243957,1750280689
2.999630689620972,1750467723.0,0.4275330603122711,1750280689
-0.8304503560066223,1750467723.0,-0.9600465893745422,1750280689
1.9936561584472656,1750467724.0,0.4619621634483337,1750280690
-0.6469955444335938,1750467730.0,-0.3516162037849426,1750280691
0.2683774530887604,1750467732.0,-0.4441833198070526,1750280692
1.7656015157699585,1750467734.0,-0.3259173035621643,1750280692
0.6145958304405212,1750467735.0,0.6873884797096252,1750280692
1.9250705242156985,1750467735.0,0.1194246634840965,1750280692
-0.8190888166427612,1750467736.0,-0.2616445422172546,1750280693
-0.1650155931711197,1750467739.0,-0.3341534435749054,1750280693
-0.8249807357788086,1750467741.0,-0.4170133769512176,1750280693
0.925123929977417,1750467746.0,0.3925029933452606,1750280693
0.0712571218609809,1750467746.0,-0.1280497014522552,1750280693
-2.6889665126800537,1750467749.0,-0.5781660676002502,1750280693
0.659618079662323,1750467753.0,0.8321321606636047,1750280693
1.8989838361740112,1750467753.0,-0.0276336669921875,1750280694
-0.941115140914917,1750467754.0,-0.4834213256835937,1750280694
-1.6397868394851685,1750467756.0,-0.4799616634845733,1750280695
-0.9183924794197084,1750467759.0,-0.1299438327550888,1750280696
-2.751166582107544,1750467759.0,0.2845141887664795,1750280697
1.2640408277511597,1750467760.0,-0.7887936234474182,1750280697
2.9025681018829346,1750467762.0,0.3826158940792084,1750280697
0.2401122897863388,1750467762.0,-0.0365353971719741,1750280698
-0.6099671125411987,1750467762.0,0.7871116995811462,1750280699
-1.8632174730300903,1750467763.0,-0.5393835306167603,1750280699
0.3647343516349792,1750467763.0,-0.0023880745284259,1750280699
-1.876261830329895,1750467763.0,1.55058753490448,1750280701
-1.612860083580017,1750467765.0,-0.090181790292263,1750280701
0.9981143474578856,1750467766.0,0.6377384662628174,1750280701
-1.2261728048324585,1750467769.0,-0.118583083152771,1750280702
-0.2706283926963806,1750467772.0,-0.6499398946762085,1750280702
0.4800232946872711,1750467772.0,-0.5969240069389343,1750280702
-1.7214181423187256,1750467773.0,0.414312481880188,1750280703
3.2220704555511475,1750467774.0,-0.4795291423797607,1750280704
-1.964622974395752,1750467774.0,0.6248767375946045,1750280704
-1.7634954452514648,1750467776.0,-0.1291022598743438,1750280705
-0.952475905418396,1750467778.0,0.2843979895114898,1750280705
-1.6111778020858765,1750467781.0,0.49306720495224,1750280706
1.4239331483840942,1750467784.0,-0.6184539794921875,1750280706
2.449548482894897,1750467785.0,0.2416581213474273,1750280706
-1.3317859172821045,1750467785.0,0.2062107920646667,1750280706
1.3814356327056885,1750467785.0,0.1766491681337356,1750280706
1.952841520309448,1750467789.0,0.2706286907196045,1750280707
3.2853949069976807,1750467790.0,-0.6788376569747925,1750280708
2.340989828109741,1750467791.0,1.2636219263076782,1750280708
0.9486870169639589,1750467792.0,0.3966371119022369,1750280709
0.3866131007671356,1750467792.0,0.663405179977417,1750280709
2.789876937866211,1750467794.0,0.3596099615097046,1750280709
1.9174991846084597,1750467795.0,0.5483996868133545,1750280710
-0.3251794576644897,1750467796.0,-1.6086536645889282,1750280710
2.449126005172729,1750467797.0,-0.8948290348052979,1750280710
-1.5156631469726562,1750467798.0,-0.5325461626052856,1750280711
-0.8035215139389038,1750467800.0,-0.2763707041740417,1750280711
1.1045719385147097,1750467800.0,0.822457492351532,1750280711
1.574571967124939,1750467802.0,0.6133328676223755,1750280711
0.9583651423454284,1750467803.0,0.7197890281677246,1750280713
1.6915440559387207,1750467805.0,0.0438977740705013,1750280714
-0.4611945450305938,1750467806.0,-0.324759840965271,1750280714
-0.49885293841362,1750467806.0,-0.5210811495780945,1750280714
-1.7319378852844238,1750467807.0,-1.0275702476501465,1750280715
-2.9565746784210205,1750467809.0,0.4047053158283233,1750280716
-1.2867594957351685,1750467812.0,0.1206882148981094,1750280716
0.3298099040985107,1750467812.0,-1.0326188802719116,1750280717
2.6324033737182617,1750467813.0,-0.6945419311523438,1750280717
-1.6073898077011108,1750467815.0,0.3318393230438232,1750280719
2.430687665939331,1750467816.0,-0.0939061045646667,1750280719
1.651991605758667,1750467817.0,-0.3741989135742187,1750280720
-2.156917095184326,1750467818.0,-0.5081434845924377,1750280720
1.991132855415344,1750467818.0,-0.4601404964923858,1750280721
-1.586846113204956,1750467819.0,0.1159967258572578,1750280721
0.3845092058181762,1750467820.0,0.6886505484580994,1750280721
-1.717631459236145,1750467822.0,1.812306880950928,1750280721
-1.677237868309021,1750467824.0,0.3373201787471771,1750280723
-3.170103073120117,1750467825.0,-0.004975538700819,1750280724
0.936484396457672,1750467826.0,0.2143067568540573,1750280725
-1.6553577184677124,1750467826.0,-1.183254599571228,1750280725
0.6629838347434998,1750467828.0,0.4394193589687347,1750280726
-1.7302541732788086,1750467831.0,-0.2296652793884277,1750280726
-2.2814626693725586,1750467832.0,0.4110177457332611,1750280726
-2.3468804359436035,1750467834.0,2.658890962600708,1750280727
-2.010411024093628,1750467834.0,-0.835425078868866,1750280727
1.5871915817260742,1750467835.0,0.3270004093647003,1750280728
-1.327581524848938,1750467836.0,-0.4572307765483856,1750280728
-1.7883212566375732,1750467838.0,-1.8514362573623655,1750280728
-0.7631278038024902,1750467840.0,-0.4256707429885864,1750280729
-0.6713998913764954,1750467840.0,0.4332427978515625,1750280730
-0.4639602303504944,1750467840.0,-0.8106733560562134,1750280730
-1.3065401315689087,1750467843.0,-0.349090576171875,1750280731
-2.4705867767333984,1750467849.0,-0.687589168548584,1750280731
-0.6983290314674377,1750467849.0,0.429532527923584,1750280731
1.5669941902160645,1750467849.0,-0.808150053024292,1750280732
2.0660288333892822,1750467850.0,-1.6301119327545166,1750280732
0.6793943643569946,1750467851.0,0.2290350049734115,1750280732
1.3599777221679688,1750467851.0,0.2380815297365188,1750280733
-0.2145192176103592,1750467851.0,0.7816415429115295,1750280733
-0.456460177898407,1750467851.0,-0.0070789032615721,1750280735
-2.45249342918396,1750467852.0,-0.4794246852397918,1750280735
0.6078643202781677,1750467853.0,-0.4490250647068023,1750280735
1.2880243062973022,1750467856.0,-0.6389999389648438,1750280736
-2.0348916053771973,1750467856.0,2.0012311935424805,1750280737
1.9541035890579224,1750467857.0,-0.2216719090938568,1750280738
1.953262209892273,1750467858.0,0.7172317504882812,1750280738
1.3414640426635742,1750467858.0,0.5176814198493958,1750280739
-0.440471351146698,1750467859.0,0.8422322869300842,1750280740
-0.3474080264568329,1750467863.0,-0.5740960836410522,1750280740
-0.506037712097168,1750467865.0,0.3563172221183777,1750280741
-0.6848640441894531,1750467867.0,-0.3558230698108673,1750280742
-0.9702200889587402,1750467868.0,0.3183740377426147,1750280742
2.5400137901306152,1750467868.0,-0.4542820155620575,1750280743
-1.009896993637085,1750467869.0,-1.8518582582473757,1750280743
-0.962571918964386,1750467870.0,1.2463706731796265,1750280744
-1.6099140644073486,1750467871.0,-1.318742275238037,1750280745
1.9217041730880735,1750467871.0,0.1917354762554168,1750280745
1.4125735759735107,1750467873.0,0.1701275706291198,1750280745
-0.490858644247055,1750467874.0,-0.4737123250961303,1750280746
-2.540855407714844,1750467876.0,-0.2553326487541199,1750280747
-0.3028798699378967,1750467876.0,-0.7298883199691772,1750280747
-1.750872254371643,1750467878.0,-0.3393824398517608,1750280748
2.6775004863739014,1750467880.0,-0.3974792957305908,1750280748
0.7118694186210632,1750467881.0,0.283253014087677,1750280748
-0.8464390635490417,1750467882.0,-0.6394215822219849,1750280748
-0.7509250044822693,1750467882.0,0.7925822734832764,1750280748
1.5829859972000122,1750467882.0,-0.3084976375102997,1750280748
-2.440092802047729,1750467883.0,-0.4909650087356567,1750280749
0.6751861572265625,1750467885.0,-0.0455169677734375,1750280749
-4.416968822479248,1750467886.0,0.6470688581466675,1750280750
-0.1080615520477294,1750467887.0,0.0481050908565521,1750280751
0.414312481880188,1750467889.0,0.5944026112556458,1750280752
1.2623592615127563,1750467890.0,0.1974771916866302,1750280752
-2.2579004764556885,1750467891.0,-0.453020840883255,1750280752
-0.9282695651054382,1750467894.0,-0.9934868216514589,1750280752
-0.664248526096344,1750467895.0,0.9322765469551086,1750280752
-0.7908970713615417,1750467895.0,0.2338737994432449,1750280752
-1.9002455472946167,1750467896.0,0.0327456556260585,1750280752
0.439977765083313,1750467905.0,0.8695826530456543,1750280752
1.316638469696045,1750467906.0,-0.0255314763635396,1750280753
1.8956178426742556,1750467908.0,-0.640264630317688,1750280754
1.5493245124816897,1750467910.0,-0.3584201335906982,1750280756
1.4244292974472046,1750467911.0,-0.4759521186351776,1750280757
-2.308590650558472,1750467916.0,-0.0884352475404739,1750280757
1.6019195318222046,1750467916.0,0.3023857474327087,1750280758
-1.3166385889053345,1750467917.0,-0.7955268621444702,1750280758
-1.932223916053772,1750467917.0,-1.519028663635254,1750280759
-1.857746958732605,1750467919.0,2.5753581523895264,1750280759
-0.2605907618999481,1750487276.0,0.3962906897068023,1750280760
1.5989749431610107,1750487276.0,-0.2852090299129486,1750280760
-0.587247371673584,1750487279.0,0.7984712719917297,1750280760
-0.3596842885017395,1750487279.0,-0.5810083150863647,1750280760
2.658491849899292,1750487284.0,0.5623914003372192,1750280761
-0.4013413488864898,1750487285.0,-0.6468910574913025,1750280761
1.67807936668396,1750487285.0,0.2119932770729065,1750280762
-6.451023101806641,1750487285.0,0.1799433678388595,1750280762
0.8371829986572266,1750487287.0,0.0192184448242187,1750280762
-1.7584459781646729,1750487287.0,0.2767185568809509,1750280763
-1.3709179162979126,1750487289.0,0.0744053721427917,1750280764
-0.8043623566627502,1750487289.0,-0.5868254899978638,1750280764
1.9675683975219729,1750487290.0,-0.1981077790260315,1750280765
0.8119389414787292,1750487292.0,-0.6460171937942505,1750280765
-1.626745343208313,1750487292.0,0.5144529938697815,1750280766
-1.7289918661117554,1750487296.0,0.1417262703180313,1750280767
-1.347354531288147,1750487296.0,0.7976305484771729,1750280767
3.580774068832397,1750487298.0,0.0749705359339714,1750280767
-0.5645992159843445,1750487298.0,-1.7071133852005005,1750280768
-0.9617308974266052,1750487299.0,0.8430745005607605,1750280769
-1.133184552192688,1750487299.0,0.3415907025337219,1750280769
-2.027317523956299,1750487300.0,-0.5973451733589172,1750280769
-0.7955272197723389,1750487300.0,-0.7824812531471252,1750280770
-2.928309679031372,1750487300.0,1.549744725227356,1750280770
-1.841759204864502,1750487301.0,-0.5367537140846252,1750280770
-0.7218917608261108,1750487303.0,-0.8767353892326355,1750280770
1.7773795127868652,1750487303.0,0.360042005777359,1750280770
0.3807226121425628,1750487306.0,0.9739332795143129,1750280771
1.0119497776031494,1750487306.0,-0.6019738912582397,1750280771
-0.6301668286323547,1750487306.0,-0.943215548992157,1750280772
-1.6406290531158447,1750487312.0,0.6111238598823547,1750280772
3.12018084526062,1750487313.0,0.9419549703598022,1750280772
3.1774044036865234,1750487314.0,-0.1835290640592575,1750280773
0.9436380863189696,1750487317.0,-0.0318420119583606,1750280773
1.4479163885116575,1750487317.0,0.1936903595924377,1750280773
1.7428778409957886,1750487318.0,2.30151104927063,1750280774
-0.898615300655365,1750487319.0,0.3100327551364898,1750280774
0.7127086520195007,1750487324.0,0.3651539385318756,1750280775
0.74840247631073,1750487324.0,0.4749007225036621,1750280776
0.996643602848053,1750487325.0,-0.1806470304727554,1750280776
-1.662509560585022,1750487326.0,-0.7372391223907471,1750280776
-1.4323501586914062,1750487326.0,0.4888598918914795,1750280776
-0.7066063284873962,1750487326.0,0.427848219871521,1750280777
-1.942743182182312,1750487327.0,-0.2874597311019897,1750280777
1.6191716194152832,1750487328.0,-0.1577160060405731,1750280777
-1.214812159538269,1750487329.0,-1.4441310167312622,1750280779
-0.5914224982261658,1750487334.0,-0.4488877356052398,1750280779
-0.3659955263137817,1750487334.0,0.1133233532309532,1750280779
1.6490463018417358,1750487335.0,-2.109365463256836,1750280780
1.928857922554016,1750487335.0,-0.1770072281360626,1750280780
1.6275863647460938,1750487335.0,1.6094940900802612,1750280780
0.8767344951629639,1750487336.0,-0.8969324231147766,1750280780
0.7786964774131775,1750487339.0,0.2535441219806671,1750280781
0.5505341291427612,1750487341.0,0.0428449176251888,1750280781
-1.8859416246414185,1750487341.0,-1.978508234024048,1750280781
1.6364232301712036,1750487343.0,0.0680905804038047,1750280781
0.4767631888389587,1750487344.0,-0.6575143933296204,1750280783
1.624220609664917,1750487344.0,-0.026582570746541,1750280783
-0.7021167278289795,1750487347.0,-0.6819196939468384,1750280783
-1.3927981853485107,1750487348.0,1.608231544494629,1750280784
0.5758848786354065,1750487350.0,-0.2805809378623962,1750280785
1.1525379419326782,1750487352.0,0.4902273118495941,1750280785
1.8543800115585327,1750487353.0,-1.6082316637039185,1750280786
-0.9095553755760192,1750487354.0,-0.1845699697732925,1750280787
0.4685897529125213,1750487358.0,-0.2250366061925888,1750280788
0.6213284134864807,1750487361.0,-0.0413093566894531,1750280788
-0.8418121337890625,1750487362.0,-1.258149266242981,1750280788
-0.4524946808815002,1750487364.0,-0.5016937255859375,1750280788
2.000810384750366,1750487365.0,-0.324759840965271,1750280788
-2.0176398754119877,1750487365.0,0.6654031872749329,1750280789
0.4183811545372009,1750487365.0,0.6049919128417969,1750280790
1.949474573135376,1750487369.0,0.276938796043396,1750280791
1.665034294128418,1750487370.0,-1.06860613822937,1750280791
0.9408891797065736,1750487372.0,-0.9903417229652404,1750280791
-2.634613037109375,1750487374.0,0.1366761326789856,1750280791
0.94027179479599,1750487375.0,0.4106269180774688,1750280792
-2.116941452026367,1750487376.0,0.2932035028934479,1750280793
-1.5871928930282593,1750487378.0,0.9049269556999208,1750280793
0.2464971989393234,1750487378.0,0.0659872144460678,1750280793
2.591347932815552,1750487381.0,1.3532452583312988,1750280793
1.863638520240784,1750487381.0,0.7008546590805054,1750280794
-1.6225379705429075,1750487386.0,-0.198044404387474,1750280796
-0.5372472405433655,1750487391.0,0.543559730052948,1750280797
1.6490460634231567,1750487393.0,2.12746000289917,1750280797
-1.5009350776672363,1750487394.0,-0.4694416224956512,1750280797
-2.56652307510376,1750487396.0,0.3079293966293335,1750280797
1.5918214321136477,1750487396.0,-2.088329553604126,1750280798
2.248430728912353,1750487397.0,0.0065953177399933,1750280798
0.924902081489563,1750487398.0,-0.1948911100625991,1750280799
-1.3061192035675049,1750487399.0,0.8748326897621155,1750280799
2.316164016723633,1750487399.0,0.026582570746541,1750280799
0.4236420691013336,1750487402.0,0.1162050515413284,1750280799
1.7041666507720947,1750487402.0,0.1738527715206146,1750280800
-1.5935063362121582,1750487402.0,0.5047445893287659,1750280800
-0.4088410437107086,1750487404.0,-0.3477231562137604,1750280801
-2.1055796146392822,1750487405.0,0.9465830326080322,1750280803
1.6044446229934692,1750487407.0,0.0518270619213581,1750280803
1.6166458129882812,1750487408.0,0.641526460647583,1750280803
0.3247597515583038,1750487410.0,-0.3369618654251098,1750280804
0.6411068439483643,1750487413.0,0.0481050908565521,1750280805
-2.610282182693481,1750487413.0,-0.163814827799797,1750280806
0.3420119285583496,1750487417.0,-1.3511404991149902,1750280806
-0.165435791015625,1750487420.0,0.2847143113613128,1750280807
0.7736457586288452,1750487421.0,0.1459330767393112,1750280807
-1.0634101629257202,1750487429.0,-0.1312050372362136,1750280807
-3.285469055175781,1750487431.0,-0.8409687280654907,1750280807
0.3706238269805908,1750487432.0,-0.220135897397995,1750280807
-1.97093665599823,1750487435.0,0.1522451490163803,1750280807
1.7752765417099,1750487436.0,0.4669061601161957,1750280808
-1.3885902166366575,1750487437.0,-0.7774337530136108,1750280808
1.4365586042404177,1750487439.0,-0.5598918795585632,1750280810
0.711793839931488,1750487440.0,-0.3907476365566253,1750280810
1.9625189304351809,1750487441.0,0.6049188375473022,1750280810
-0.2852078974246979,1750487441.0,-0.0975447371602058,1750280810
-0.8599043488502502,1750487441.0,0.5667360424995422,1750280811
0.4963595867156982,1750487441.0,-0.1896937191486358,1750280811
0.6112306714057922,1750487442.0,-0.2479705661535263,1750280813
1.1655830144882202,1750487443.0,-0.7152328491210938,1750280814
0.8695823550224304,1750487443.0,-0.0502078682184219,1750280814
1.4100488424301147,1750487445.0,-0.3144824504852295,1750280814
1.5695213079452517,1750487446.0,-2.350468873977661,1750280814
1.744141697883606,1750487447.0,-0.3297030925750732,1750280815
-0.2805788815021515,1750487450.0,-0.0018196094315499,1750280816
-0.2704819440841675,1750487451.0,-0.727558970451355,1750280816
0.4131211340427398,1750487452.0,1.6894407272338867,1750280816
-2.650254964828491,1750487452.0,0.6924396753311157,1750280816
1.290549635887146,1750487452.0,0.662563681602478,1750280817
-0.0781893730163574,1750487453.0,0.5758830904960632,1750280818
-0.8771564364433289,1750487454.0,-0.2340123057365417,1750280818
-1.655357837677002,1750487455.0,-0.2041373550891876,1750280819
0.880521297454834,1750487455.0,0.2679560780525207,1750280819
-0.700012743473053,1750487456.0,-0.5065342783927917,1750280819
-1.7121602296829224,1750487462.0,-1.1850097179412842,1750280820
2.938408613204956,1750487462.0,-0.4517271816730499,1750280820
-0.9974963665008544,1750487464.0,-0.2285514175891876,1750280821
1.8085179328918457,1750487465.0,0.0108038084581494,1750280821
-2.4724905490875244,1750487465.0,0.7516608238220215,1750280822
-0.785428524017334,1750487466.0,-0.1084837988018989,1750280822
-0.8367608785629272,1750487469.0,0.0197032038122415,1750280822
1.837971568107605,1750487472.0,0.301617681980133,1750280824
1.6486258506774902,1750487472.0,-0.3731478154659271,1750280825
-2.400317668914795,1750487473.0,-2.1712210178375244,1750280825
-1.860273480415344,1750487476.0,1.967568278312683,1750280825
1.5930861234664917,1750487476.0,-0.1601738482713699,1750280825
-0.2561745047569275,1750487477.0,0.585563063621521,1750280826
-2.551375150680542,1750487478.0,-0.3360460698604584,1750280826
2.7095839977264404,1750487478.0,0.4641717672348022,1750280826
1.7357258796691897,1750487479.0,0.175387442111969,1750280827
-2.004176139831543,1750487480.0,-2.363363981246948,1750280827
-0.4328249394893646,1750487481.0,-0.61403888463974,1750280827
2.9590260982513428,1750487482.0,-0.0039238561876118,1750280829
-2.573253870010376,1750487485.0,0.487315833568573,1750280829
-0.944899320602417,1750487485.0,1.5379635095596311,1750280829
-0.0643028765916824,1750487487.0,-0.2584885656833648,1750280830
3.862616539001465,1750487487.0,-0.7046405673027039,1750280830
1.5964490175247192,1750487487.0,-0.5880876183509827,1750280830
2.781881332397461,1750487488.0,-0.0676058232784271,1750280830
1.5472193956375122,1750487488.0,-0.0058174016885459,1750280830
0.2775591313838959,1750487489.0,0.7833263278007507,1750280832
-0.7075861096382141,1750487491.0,-1.7268887758255005,1750280832
2.641766309738159,1750487492.0,0.6061809062957764,1750280832
-1.5545090436935425,1750487494.0,0.6327630877494812,1750280833
-1.5148206949234009,1750487495.0,0.631425678730011,1750280834
-1.901506781578064,1750487497.0,0.3636814951896667,1750280834
1.7900043725967407,1750487498.0,-0.0960093960165977,1750280834
-1.888464093208313,1750487498.0,-0.3221617341041565,1750280836
1.2156528234481812,1750487499.0,-0.739144504070282,1750280837
0.6230114102363586,1750487499.0,0.0707635134458541,1750280837
-1.3675537109375,1750487502.0,0.6872523427009583,1750280837
-2.518975019454956,1750487503.0,1.2140438556671145,1750280838
1.3578736782073977,1750487503.0,0.0133905382826924,1750280839
-0.4042862951755523,1750487506.0,-1.5989731550216677,1750280839
1.6153833866119385,1750487507.0,0.3994469046592712,1750280839
-0.9387893080711364,1750487507.0,-0.1554314494132995,1750280840
1.598552942276001,1750487507.0,-0.8843092918395996,1750280840
2.8724234104156494,1750487508.0,2.1160988807678223,1750280840
1.036405086517334,1750487508.0,-0.2605926990509033,1750280840
-1.5838274955749512,1750487509.0,0.9333176612854004,1750280840
1.6309523582458496,1750487510.0,0.2067656815052032,1750280840
-0.5063215494155884,1750487511.0,-0.3499297797679901,1750280840
-0.3061734735965729,1750487513.0,0.0838065594434738,1750280840
-2.420939445495605,1750487513.0,-0.1659187823534011,1750280841
0.9610887169837952,1750487521.0,0.1664886474609375,1750280843
-1.5266751050949097,1750487523.0,0.4518291652202606,1750280844
-0.5611580610275269,1750487524.0,-1.2913905382156372,1750280844
1.713004469871521,1750487525.0,0.6129132509231567,1750280845
2.72599458694458,1750487526.0,-0.2797376215457916,1750280845
0.5691522359848022,1750487527.0,-1.8211429119110107,1750280845
-3.9017491340637207,1750487528.0,0.4875259101390838,1750280846
1.2977041006088257,1750487529.0,-0.8729494214057922,1750280846
2.012591361999512,1750487532.0,-0.402601957321167,1750280847
-0.7723840475082397,1750487533.0,0.1338787078857422,1750280849
1.289709448814392,1750487533.0,-0.5571283102035522,1750280849
1.5324923992156982,1750487533.0,0.1885780841112136,1750280849
-1.980610728263855,1750487534.0,0.734092652797699,1750280850
0.5307573080062866,1750487538.0,-0.0491555817425251,1750280850
-0.815302312374115,1750487539.0,0.2895601689815521,1750280850
-0.5586338639259338,1750487539.0,-1.3595545291900637,1750280852
-1.7172105312347412,1750487540.0,0.0547737814486026,1750280853
0.951635479927063,1750487541.0,-0.5674696564674377,1750280853
1.669243335723877,1750487545.0,1.7832728624343872,1750280853
-0.7934232950210571,1750487545.0,0.2144446521997451,1750280853
-1.8951938152313232,1750487548.0,0.535386323928833,1750280854
-1.5825655460357666,1750487551.0,-0.1278416514396667,1750280854
1.106253981590271,1750487551.0,-0.8535930514335632,1750280855
-1.7348819971084597,1750487553.0,-1.8897252082824707,1750280856
-2.8740310668945312,1750487554.0,0.1202046275138855,1750280856
-0.3890650570392608,1750487554.0,0.0373746380209922,1750280857
1.1976337432861328,1750487555.0,-0.4214289486408233,1750280857
1.2674078941345217,1750487556.0,-0.0588334761559963,1750280857
-1.6061275005340576,1750487556.0,0.0802318826317787,1750280857
1.398688793182373,1750487557.0,0.1044241040945053,1750280858
2.8181426525115967,1750487560.0,-0.449307918548584,1750280858
1.2791900634765625,1750487560.0,0.1185813248157501,1750280859
0.0778435915708541,1750487562.0,-0.6045714020729065,1750280859
-1.8569053411483765,1750487563.0,0.6483315229415894,1750280859
-0.8127787709236145,1750487565.0,0.1274202466011047,1750280860
-0.6701372265815735,1750487568.0,0.2637484669685364,1750280860
1.3831205368041992,1750487570.0,0.4008448421955108,1750280862
2.474794864654541,1750487573.0,0.2837342321872711,1750280863
1.4878911972045898,1750487578.0,0.8906211853027344,1750280863
1.2632023096084597,1750487578.0,0.090464062988758,1750280863
2.46133041381836,1750487579.0,-0.4639604985713959,1750280864
0.3256012499332428,1750487581.0,0.3297354578971863,1750280864
1.625903844833374,1750487583.0,0.4833144843578338,1750280864
0.2411757111549377,1750487583.0,-0.486261785030365,1750280865
1.1470688581466677,1750487586.0,-0.1864729672670364,1750280865
0.336467444896698,1750487586.0,0.4728721976280212,1750280865
0.9129239320755004,1750487589.0,-0.0323275029659271,1750280866
1.496727705001831,1750487589.0,0.0875942483544349,1750280867
0.3845085501670837,1750487590.0,0.2380074560642242,1750280867
-1.885939359664917,1750487591.0,-0.3061408996582031,1750280867
-1.6595664024353027,1750487592.0,0.2311388403177261,1750280867
-1.8278743028640747,1750487592.0,0.7218932509422302,1750280868
-1.3115885257720947,1750487594.0,-0.220135897397995,1750280869
1.3275761604309082,1750487594.0,0.202736884355545,1750280869
-2.013012409210205,1750487594.0,-0.2296013385057449,1750280869
-0.7290449738502502,1750487598.0,-0.0718776956200599,1750280869
1.3503000736236572,1750487598.0,0.1244738772511482,1750280870
-0.3466403484344482,1750487598.0,-0.5890027284622192,1750280870
2.534122943878174,1750487600.0,3.4873650074005127,1750280870
2.223817110061645,1750487600.0,0.4769734442234039,1750280871
-1.8497533798217771,1750487601.0,-0.8902000784873962,1750280871
1.729833722114563,1750487601.0,1.473586082458496,1750280872
-2.398636102676392,1750487603.0,0.6209810376167297,1750280872
1.611175537109375,1750487603.0,0.3479027152061462,1750280872
1.500095009803772,1750487607.0,0.1522427946329116,1750280872
1.8282945156097408,1750487608.0,0.0244789272546768,1750280873
1.559842586517334,1750487608.0,-0.5026738047599792,1750280873
1.1655820608139038,1750487609.0,-0.6554101705551147,1750280873
1.6410508155822754,1750487610.0,-0.3889272212982178,1750280873
1.8493340015411377,1750487613.0,-0.695383608341217,1750280874
0.8413901925086975,1750487613.0,-0.3361205756664276,1750280874
1.8522766828536987,1750487613.0,-2.370023250579834,1750280875
-1.810623049736023,1750487615.0,0.2208298742771148,1750280875
1.2400588989257812,1750487617.0,-0.0928544253110885,1750280876
-0.503587543964386,1750487617.0,0.6139661073684692,1750280876
-1.270355224609375,1750487618.0,0.1385695338249206,1750280876
-1.7618119716644287,1750487619.0,-0.3723061978816986,1750280876
-0.9390088319778442,1750487619.0,-1.5034595727920532,1750280877
1.861112117767334,1750487620.0,0.3882224559783935,1750280877
1.5838264226913452,1750487620.0,-0.3264418244361877,1750280877
-0.5345450043678284,1750487621.0,0.0218059830367565,1750280878
1.1895657777786257,1750487623.0,-1.200506329536438,1750280878
1.4466561079025269,1750487626.0,-0.0165465045720338,1750280878
1.7618122100830078,1750487627.0,0.7236493825912476,1750280879
1.4277219772338867,1750487628.0,-0.7660756707191467,1750280879
1.7487684488296509,1750487628.0,-0.1764385402202606,1750280879
3.1088197231292725,1750487631.0,-0.1749032735824585,1750280879
-0.8489626049995422,1750487636.0,-1.3108960390090942,1750280880
-0.3739899396896362,1750487637.0,-0.0954408571124076,1750280880
-1.452967643737793,1750487637.0,0.1248943582177162,1750280880
-2.375492811203003,1750487638.0,0.2228281944990158,1750280881
0.6045719981193542,1750487641.0,-0.4150161445140838,1750280881
-1.6179091930389404,1750487641.0,1.6772383451461792,1750280882
2.429351806640625,1750487642.0,0.7181783318519592,1750280882
1.5177661180496216,1750487642.0,-0.1322584897279739,1750280883
1.2766655683517456,1750487643.0,-0.6200661659240723,1750280883
-1.820299506187439,1750487646.0,-0.2047669291496276,1750280883
0.8009963035583496,1750487647.0,0.523152232170105,1750280884
0.3345136940479278,1750487647.0,-1.206817626953125,1750280885
-2.69478178024292,1750487647.0,-0.3468516170978546,1750280885
1.2077330350875854,1750487650.0,-0.642367422580719,1750280885
2.7511661052703857,1750487652.0,0.1391355097293853,1750280886
0.9118584394454956,1750487653.0,0.1543476283550262,1750280886
-1.5674179792404177,1750487654.0,-0.2915182709693908,1750280886
-2.3708648681640625,1750487658.0,0.1275669932365417,1750280887
-1.3763867616653442,1750487658.0,0.4341606497764587,1750280887
0.8350791931152344,1750487659.0,0.2540708482265472,1750280887
-0.2439724057912826,1750487659.0,-0.6406848430633545,1750280888
-1.004007339477539,1750487661.0,0.580514132976532,1750280888
-1.5636297464370728,1750487662.0,-0.1969934552907943,1750280888
-0.7917401194572449,1750487663.0,0.1263673305511474,1750280890
1.9650437831878664,1750487664.0,0.7391442060470581,1750280892
-0.2479682266712188,1750487664.0,0.1727890521287918,1750280893
0.6596186757087708,1750487668.0,-0.1019940003752708,1750280893
2.686440944671631,1750487668.0,0.3142400681972503,1750280893
1.2312240600585938,1750487669.0,-0.8784184455871582,1750280894
0.6221700310707092,1750487670.0,0.4675371944904327,1750280894
-0.4037903845310211,1750487672.0,-1.3620822429656982,1750280895
1.6174885034561155,1750487674.0,0.2262995690107345,1750280895
-1.8299771547317505,1750487675.0,0.319288969039917,1750280895
0.6065691113471985,1750487679.0,0.5052701234817505,1750280895
-0.4883651435375213,1750487680.0,0.538510799407959,1750280895
-1.5960288047790527,1750487681.0,0.0728671699762344,1750280895
1.2720359563827517,1750487682.0,-0.3705608546733856,1750280895
0.7850059866905212,1750487684.0,1.696173071861267,1750280896
3.5168979167938232,1750487686.0,0.8232973217964172,1750280896
1.5926642417907717,1750487692.0,-0.9032441973686218,1750280896
0.2305056899785995,1750487693.0,-0.3929237723350525,1750280896
3.1553151607513428,1750487695.0,-0.9583640694618224,1750280896
-1.7024840116500854,1750487701.0,0.0070786108262836,1750280897
0.8687403798103333,1750487701.0,-0.0891312807798385,1750280897
2.769017457962036,1750487707.0,-2.6445868015289307,1750280897
0.8918832540512085,1750487708.0,0.3663511872291565,1750280898
2.071920394897461,1750487708.0,-0.3478284478187561,1750280898
-1.5779362916946411,1750487708.0,-0.5851421356201172,1750280898
3.1709446907043457,1750487709.0,-0.7153704166412354,1750280898
1.5278648138046265,1750487709.0,-1.6961710453033447,1750280899
0.6575142741203308,1750487709.0,-0.177006646990776,1750280899
0.6406848430633545,1750487711.0,0.1848542094230651,1750280899
1.7946301698684692,1750487712.0,0.3769668340682983,1750280899
0.4842315018177032,1750487713.0,-1.298620343208313,1750280899
2.9494218826293945,1750487719.0,0.854434072971344,1750280899
,,0.6398423910140991,1750280900
,,0.589139461517334,1750280900
,,-0.4694307744503021,1750280900
,,-0.3878750205039978,1750280900
,,1.6229575872421265,1750280901
,,0.2321918159723281,1750280901
,,1.2329047918319702,1750280902
,,0.0497236959636211,1750280903
,,0.0749734714627265,1750280903
,,0.1530861258506775,1750280903
,,0.421958327293396,1750280903
,,0.4242107570171356,1750280904
,,0.3636813461780548,1750280904
,,2.082860231399536,1750280904
,,0.4294586181640625,1750280905
,,-0.819510817527771,1750280905
,,-0.935419499874115,1750280906
,,2.7575511932373047,1750280907
,,-0.8127782940864563,1750280907
,,-0.2569524347782135,1750280908
,,0.7681767344474792,1750280908
,,-0.805625319480896,1750280908
,,-0.4370315074920654,1750280908
,,-0.1946686804294586,1750280908
,,0.4972011744976043,1750280909
,,-0.0802310034632682,1750280909
,,0.359472393989563,1750280909
,,0.7336766123771667,1750280909
,,2.121990203857422,1750280909
,,0.6766483187675476,1750280910
,,0.0089093996211886,1750280911
,,-0.1206868886947631,1750280911
,,0.8939865827560425,1750280911
,,-0.1585552394390106,1750280912
,,2.121495723724365,1750280913
,,-1.6810246706008911,1750280913
,,-0.3742006719112396,1750280913
,,0.4925736486911773,1750280914
,,-0.0638830512762069,1750280914
,,-0.8325570821762085,1750280914
,,-0.0244786199182271,1750280914
,,0.0514083392918109,1750280915
,,1.0679636001586914,1750280915
,,-0.7021161913871765,1750280916
,,1.836288928985596,1750280916
,,0.5763068199157715,1750280917
,,0.940692901611328,1750296822
,,-0.7149499654769897,1750296822
,,-1.829135060310364,1750296822
,,-0.506322979927063,1750296822
,,-0.4352111518383026,1750296823
,,-2.006697416305542,1750296823
,,2.107683658599853,1750296824
,,-0.4839158952236175,1750296824
,,0.5371437072753906,1750296824
,,0.3226552903652191,1750296825
,,0.4451023936271667,1750296825
,,0.1185842603445053,1750296825
,,-0.2786137461662292,1750296828
,,-0.1617108732461929,1750296828
,,0.3000825643539428,1750296828
,,0.8838883638381958,1750296828
,,0.1551900953054428,1750296828
,,0.7942633628845215,1750296829
,,0.2916667461395263,1750296829
,,-0.4138899445533752,1750296830
,,-1.624643087387085,1750296830
,,1.7066925764083862,1750296831
,,0.103856012225151,1750296831
,,0.3195003867149353,1750296831
,,-1.598974347114563,1750296832
,,-0.1467748433351516,1750296833
,,2.016378164291382,1750296834
,,-0.555761456489563,1750296834
,,0.3836675584316253,1750296835
,,-0.822876513004303,1750296836
,,-0.3790394365787506,1750296836
,,-1.0126419067382812,1750296837
,,-0.9419549703598022,1750296837
,,-0.8056241273880005,1750296837
,,0.4386837184429168,1750296838
,,-0.4378750026226043,1750296838
,,0.3991593420505523,1750296838
,,-0.6469952464103699,1750296839
,,0.3268638253211975,1750296839
,,-0.2784740626811981,1750296840
,,0.336256742477417,1750296840
,,-0.1429876834154129,1750296840
,,0.6133346557617188,1750296842
,,-0.3070103526115417,1750296842
,,0.2406073212623596,1750296842
,,-0.2290350049734115,1750296842
,,-0.4668009579181671,1750296842
,,-0.3772518336772918,1750296843
,,2.2726268768310547,1750296843
,,-0.7138965129852295,1750296843
,,0.6621434092521667,1750296843
,,0.597764790058136,1750296844
,,-0.0318450927734375,1750296844
,,-0.26535764336586,1750296845
,,-0.2948115170001983,1750296845
,,1.9078195095062256,1750296845
,,-0.6570951342582703,1750296845
,,-0.3431999385356903,1750296846
,,-0.2354841828346252,1750296846
,,-0.5407204031944275,1750296846
,,0.0286865253001451,1750296847
,,-0.0108032235875725,1750296847
,,-0.7155784964561462,1750296847
,,0.2811478674411773,1750296849
,,-0.35834801197052,1750296849
,,-0.1711054444313049,1750296850
,,-0.5737538933753967,1750296851
,,0.5018304586410522,1750296851
,,0.6230107545852661,1750296852
,,-1.943584680557251,1750296852
,,0.8977736830711365,1750296852
,,-0.1400422155857086,1750296852
,,0.27342689037323,1750296853
,,0.1259448677301406,1750296853
,,2.3637118339538574,1750296854
,,0.6120734214782715,1750296855
,,0.3952401876449585,1750296855
,,0.2837351262569427,1750296856
,,0.8620083928108215,1750296858
,,0.4097553491592407,1750296858
,,0.3318410813808441,1750296858
,,0.3626298010349273,1750296858
,,-0.3700977265834808,1750296858
,,0.126304492354393,1750296858
,,0.450149804353714,1750296858
,,0.657515287399292,1750296860
,,0.4408915340900421,1750296860
,,-0.0470519438385963,1750296861
,,-0.3592629730701446,1750296861
,,-0.3484714031219482,1750296862
,,-0.5792516469955444,1750296862
,,-0.2220923751592636,1750296863
,,0.4096843898296356,1750296863
,,0.7388283610343933,1750296863
,,-0.2269298732280731,1750296863
,,-0.4865481853485107,1750296864
,,-0.8960903882980347,1750296864
,,-0.4987792670726776,1750296864
,,0.1080645024776458,1750296865
,,0.2385030835866928,1750296865
,,1.2076597213745115,1750296866
,,-0.0002846339775715,1750296866
,,-0.3403590023517608,1750296867
,,-0.4164140820503235,1750296867
,,-0.6339518427848816,1750296868
,,-2.2583181858062744,1750296868
,,0.1215285956859588,1750296870
,,0.4543562531471252,1750296870
,,-0.3748315572738647,1750296870
,,0.7025386691093445,1750296871
,,-0.6423668265342712,1750296872
,,-0.4282688498497009,1750296873
,,0.0907487124204635,1750296873
,,-1.4193079471588137,1750296874
,,-0.602256178855896,1750296875
,,-0.533386766910553,1750296876
,,0.697276771068573,1750296876
,,0.2756664454936981,1750296876
,,-2.0470938682556152,1750296877
,,-1.288025975227356,1750296877
,,-0.2623807489871979,1750296878
,,-0.4880183041095733,1750296878
,,-0.9137637615203856,1750296878
,,-1.636844277381897,1750296878
,,0.2126558721065521,1750296879
,,-0.3271783590316772,1750296879
,,1.4285647869110107,1750296880
,,-0.3305763602256775,1750296880
,,0.0634622722864151,1750296880
,,0.485387921333313,1750296882
,,-0.8148818016052246,1750296883
,,-0.3006708920001983,1750296884
,,-1.8114646673202517,1750296884
,,1.85185706615448,1750296884
,,-1.5606852769851685,1750296885
,,-0.5305476188659668,1750296886
,,0.4695052802562713,1750296887
,,-0.9154455065727234,1750296887
,,0.3726659715175628,1750296887
,,-0.0097515694797039,1750296887
,,-0.6218225955963135,1750296888
,,-1.456332802772522,1750296888
,,2.022689819335937,1750296888
,,1.3187419176101685,1750296889
,,-0.1391396075487136,1750296889
,,1.2703546285629272,1750296889
,,-0.3415163457393646,1750296889
,,0.312064528465271,1750296890
,,0.474479079246521,1750296890
,,-0.0504182390868663,1750296891
,,-0.2832516133785248,1750296891
,,0.4239566326141357,1750296892
,,-0.089971087872982,1750296892
,,0.3748306632041931,1750296893
,,0.1911662071943283,1750296893
,,0.6792572736740112,1750296895
,,0.1659193783998489,1750296896
,,-0.5342298150062561,1750296896
,,1.1807303428649902,1750296896
,,-0.1543484479188919,1750296896
,,2.545482873916626,1750296897
,,0.5493768453598022,1750296897
,,-0.7908982038497925,1750296897
,,0.241058349609375,1750296897
,,-1.129819393157959,1750296898
,,0.287239670753479,1750296898
,,1.5143996477127075,1750296898
,,0.5683863162994385,1750296900
,,0.0659878030419349,1750296901
,,-0.2800962030887604,1750296901
,,-0.0445276387035846,1750296901
,,-0.0112868072465062,1750296901
,,-0.2872379124164581,1750296901
,,-0.2178092300891876,1750296901
,,0.5131917595863342,1750296901
,,-0.3822267949581146,1750296902
,,0.1738510280847549,1750296902
,,-0.9089120626449584,1750296902
,,0.6112298965454102,1750296902
,,0.2826819717884063,1750296902
,,-0.0665564909577369,1750296903
,,-0.9533153176307678,1750296903
,,1.7445616722106934,1750296904
,,0.5758837461471558,1750296904
,,0.4606675207614898,1750296904
,,0.5014073252677917,1750296905
,,0.439944326877594,1750296906
,,0.5186614990234375,1750296907
,,-0.376304030418396,1750296907
,,-0.0777675956487655,1750296907
,,0.6469952464103699,1750296907
,,0.2664209306240082,1750296907
,,0.3011339604854584,1750296908
,,0.6015523672103882,1750296908
,,0.4504965245723724,1750296909
,,-0.4525985419750213,1750296909
,,1.5972915887832642,1750296910
,,0.6892523765563965,1750296911
,,0.0381537191569805,1750296912
,,-0.4581433534622192,1750296913
,,-0.8944073915481567,1750296914
,,0.5149477124214172,1750296914
,,0.6619327068328857,1750296915
,,0.4294688701629638,1750296915
,,0.3508464992046356,1750296916
,,0.6634042859077454,1750296916
,,-2.197509527206421,1750296916
,,0.8477014303207397,1750296916
,,-1.9280160665512085,1750296916
,,0.6057586669921875,1750296917
,,-0.310032457113266,1750296917
,,-0.3103795945644378,1750296917
,,0.6924384832382202,1750296918
,,-0.9579439759254456,1750296918
,,-0.30477374792099,1750296918
,,1.485787272453308,1750296919
,,-0.327210932970047,1750296919
,,0.5763062834739685,1750296919
,,-0.6324462890625,1750296920
,,0.537248432636261,1750296921
,,-0.6594801545143127,1750296921
,,0.570489227771759,1750296922
,,-0.2494415789842605,1750296923
,,-0.7441919445991516,1750296924
,,0.6440505981445312,1750296925
,,0.0281172525137662,1750296925
,,-0.3159549236297607,1750296925
,,-0.6221712231636047,1750296926
,,-0.1701278686523437,1750296926
,,-1.2122907638549805,1750296926
,,-0.8195106983184814,1750296927
,,-0.4046307802200317,1750296928
,,-0.2888887822628021,1750296928
,,0.6086738109588623,1750296929
,,-0.4711866974830627,1750296929
,,0.7618654370307922,1750296930
,,0.4673270285129547,1750296930
,,0.6542211174964905,1750296931
,,-0.408913791179657,1750296932
,,0.4342968165874481,1750296932
,,-0.484999418258667,1750296933
,,-0.7728056907653809,1750296933
,,0.2333790510892868,1750296933
,,-0.9310147166252136,1750296933
,,-0.233811005949974,1750296933
,,1.6768172979354858,1750296935
,,0.3995836675167084,1750296935
,,0.3091911971569061,1750296935
,,-0.1880117505788803,1750296936
,,-0.9695029258728028,1750296936
,,-0.2274997383356094,1750296937
,,0.2027388215065002,1750296938
,,-0.3377309739589691,1750296939
,,-0.3141667246818542,1750296939
,,-0.6751884818077087,1750296939
,,-0.1291022598743438,1750296940
,,-0.4791077673435211,1750296940
,,-1.1752588748931885,1750296941
,,-0.4749755263328552,1750296942
,,0.2969892919063568,1750296942
,,0.5253923535346985,1750296943
,,0.8169862627983093,1750296943
,,0.1380861699581146,1750296943
,,-0.6684558391571045,1750296944
,,1.3519821166992188,1750296944
,,-0.0049749505706131,1750296945
,,0.1049079820513725,1750296946
,,0.5020399689674377,1750296946
,,-1.6385273933410645,1750296946
,,0.5429288148880005,1750296947
,,0.5939785838127136,1750296947
,,-0.9137629270553588,1750296947
,,-0.4762385189533233,1750296947
,,-0.2502098083496094,1750296947
,,-1.2913905382156372,1750296947
,,0.0714557170867919,1750296948
,,0.3331005871295929,1750296948
,,0.3363301157951355,1750296948
,,-0.2712483704090118,1750296948
,,0.7707026600837708,1750296948
,,1.2930755615234375,1750296948
,,0.3633986115455627,1750296949
,,-0.2022552490234375,1750296949
,,-0.2374508082866668,1750296949
,,-1.9263334274291992,1750296950
,,-0.420485258102417,1750296951
,,0.5263078808784485,1750296951
,,0.3619983196258545,1750296951
,,0.7155808210372925,1750296951
,,0.2832524180412292,1750296952
,,0.9427953362464904,1750296954
,,0.4791834652423858,1750296954
,,-1.5514285564422607,1750296954
,,0.5409610271453857,1750296955
,,1.8480699062347408,1750296955
,,-0.5708354115486145,1750296955
,,-1.3078014850616455,1750296955
,,0.0682383403182029,1750296956
,,-0.3317025899887085,1750296956
,,0.3358477056026459,1750296957
,,0.2993030548095703,1750296957
,,0.803101122379303,1750296958
,,-1.819457411766052,1750296958
,,-0.9143834710121156,1750296959
,,0.5714369416236877,1750296959
,,0.0360518246889114,1750296959
,,-0.0260144732892513,1750296959
,,-0.2670381963253021,1750296960
,,0.107580617070198,1750296960
,,-0.5346503257751465,1750296961
,,0.6209079623222351,1750296961
,,-0.1485628634691238,1750296961
,,1.2366907596588137,1750296961
,,-0.0297382064163684,1750296962
,,-0.5502160787582397,1750296962
,,-1.3650277853012085,1750296962
,,-1.6431549787521362,1750296963
,,-0.4278487861156463,1750296963
,,-0.5527433156967163,1750296964
,,0.6157525777816772,1750296964
,,-0.6390002369880676,1750296965
,,1.277085781097412,1750296965
,,-0.5220271944999695,1750296965
,,0.4615108668804168,1750296966
,,0.3171116709709167,1750296966
,,-0.3009127080440521,1750296967
,,0.0964930579066276,1750296967
,,-0.688230037689209,1750296967
,,0.3847210109233856,1750296967
,,-1.6132811307907104,1750296967
,,0.7126364707946777,1750296967
,,0.4892055690288543,1750296968
,,0.5468212962150574,1750296969
,,-0.559054970741272,1750296969
,,0.7677561044692993,1750296970
,,-0.336331158876419,1750296971
,,-0.1595453470945358,1750296972
,,-0.2079948931932449,1750296972
,,-0.2849355638027191,1750296972
,,-0.6323421001434326,1750296973
,,0.4352123439311981,1750296973
,,0.2486007362604141,1750296973
,,0.681919515132904,1750296973
,,-0.9551984071731568,1750296974
,,0.6889984011650085,1750296974
,,-0.6101778149604797,1750296974
,,0.6508560180664062,1750296974
,,0.6987504363059998,1750296975
,,0.756813645362854,1750296975
,,0.5015886425971985,1750296975
,,0.1448810249567031,1750296975
,,0.0844380259513855,1750296975
,,-0.0838699340820312,1750296976
,,-0.6315006613731384,1750296977
,,-0.5019026398658752,1750296977
,,-0.0691440254449844,1750296977
,,-0.1006992012262344,1750296978
,,-0.551061749458313,1750296978
,,-1.4546490907669067,1750296979
,,1.1458059549331665,1750296979
,,0.2232906520366668,1750296980
,,-0.1517609804868698,1750296981
,,1.8043112754821775,1750296981
,,0.0838699266314506,1750296981
,,0.7573112845420837,1750296982
,,-1.3612397909164429,1750296982
,,-0.3697075247764587,1750296983
,,-0.6915963888168335,1750296983
,,0.6680338382720947,1750296983
,,-1.5026191473007202,1750296983
,,-0.3419375717639923,1750296984
,,-0.5379104614257812,1750296984
,,-0.9547775983810424,1750296984
,,0.1033727526664733,1750296984
,,-0.5499008893966675,1750296985
,,-0.9461628198623656,1750296986
,,0.3857703506946563,1750296986
,,0.4229359030723572,1750296987
,,0.0586248524487018,1750296987
,,1.0700677633285522,1750296988
,,-2.273246049880981,1750296989
,,0.4530217051506042,1750296989
,,-0.3436214625835418,1750296989
,,0.6469943523406982,1750296989
,,0.1254636347293853,1750296990
,,-0.366836667060852,1750296990
,,-2.3370044231414795,1750296991
,,1.7041668891906738,1750296992
,,1.3317867517471311,1750296992
,,-0.5005671977996826,1750296993
,,0.3293157517910003,1750296994
,,1.645679950714111,1750296995
,,-0.428195059299469,1750296995
,,0.0533634983003139,1750296995
,,-0.7782750725746155,1750296995
,,-0.1317760646343231,1750296996
,,-0.0102342432364821,1750296996
,,0.3232248723506927,1750296997
,,-0.858643114566803,1750296997
,,-0.1249248757958412,1750296997
,,-1.6595653295516968,1750296997
,,0.1364658027887344,1750296998
,,-1.7584465742111206,1750296998
,,-2.013852834701538,1750297000
,,-1.8404957056045528,1750297002
,,2.172062397003174,1750297002
,,-0.5232898592948914,1750297002
,,-0.0013333833776414,1750297002
,,-0.0602440424263477,1750297003
,,-0.5193663239479065,1750297003
,,-0.5336702466011047,1750297003
,,-0.7227348685264587,1750297003
,,-0.364732563495636,1750297004
,,0.1070122271776199,1750297004
,,0.5283408164978027,1750297005
,,-0.585141658782959,1750297005
,,-0.665088951587677,1750297006
,,-0.0676072910428047,1750297007
,,-0.3332807123661041,1750297007
,,0.0865413919091224,1750297008
,,0.447549968957901,1750297008
,,-0.1543486565351486,1750297008
,,-0.6609545350074768,1750297008
,,0.4333178997039795,1750297009
,,0.2471272349357605,1750297010
,,-0.8746317028999329,1750297010
,,-0.2311395406723022,1750297010
,,-2.9144983291625977,1750297011
,,0.45428466796875,1750297011
,,0.0744023323059082,1750297011
,,0.271681547164917,1750297012
,,0.1974768936634063,1750297012
,,0.8472814559936523,1750297012
,,0.5665236115455627,1750297012
,,-0.8716863393783569,1750297012
,,-0.3595745265483856,1750297012
,,0.090749554336071,1750297012
,,-0.1767842173576355,1750297013
,,0.8826262950897217,1750297013
,,0.9442572593688964,1750297013
,,0.2709015905857086,1750297014
,,0.1906832158565521,1750297014
,,1.43361234664917,1750297015
,,0.4741331040859222,1750297016
,,-1.5308115482330322,1750297016
,,-2.542760133743286,1750297016
,,-0.6206659078598022,1750297017
,,-0.6533061861991882,1750297018
,,0.7635484337806702,1750297018
,,2.238123178482056,1750297019
,,0.522868812084198,1750297019
,,2.015956401824951,1750297019
,,0.0739819183945655,1750297020
,,-0.6727347373962402,1750297020
,,0.6798160076141357,1750297020
,,-0.5868993401527405,1750297020
,,-0.2786128520965576,1750297021
,,-1.9086601734161377,1750297021
,,0.4651917517185211,1750297021
,,-0.1572934538125991,1750297022
,,-1.11088228225708,1750297022
,,-0.4698497951030731,1750297022
,,-0.1927859932184219,1750297023
,,-2.224236011505127,1750297024
,,0.9291170239448548,1750297024
,,0.2499999850988388,1750297024
,,-2.036572933197021,1750297024
,,-0.1033730134367942,1750297024
,,-0.8977731466293335,1750297025
,,-0.8426524996757507,1750297025
,,0.6918069124221802,1750297026
,,-0.2077118754386901,1750297027
,,0.3537937998771667,1750297028
,,0.0171144921332597,1750297028
,,-0.4757408499717712,1750297028
,,0.143829345703125,1750297028
,,-0.396018385887146,1750297028
,,-0.6692968010902405,1750297029
,,0.4475511312484741,1750297029
,,-0.4791087210178375,1750297029
,,-0.5471367239952087,1750297030
,,0.4253246188163757,1750297030
,,0.3274318873882293,1750297030
,,-1.303175687789917,1750297032
,,0.4114383161067962,1750297032
,,-0.6129134297370911,1750297032
,,0.1732077896595001,1750297033
,,-1.6742922067642212,1750297033
,,-0.3731472194194793,1750297034
,,0.2401216924190521,1750297034
,,-0.5277803540229797,1750297035
,,-0.8232970237731934,1750297036
,,0.1892722994089126,1750297036
,,-0.7105278372764587,1750297036
,,-1.1904079914093018,1750297036
,,0.9991795420646667,1750297036
,,-0.4382940232753753,1750297037
,,-0.2612234055995941,1750297037
,,0.0930633619427681,1750297038
,,-1.6435739994049072,1750297038
,,-2.0689735412597656,1750297039
,,0.1701296269893646,1750297039
,,-0.4071567058563232,1750297039
,,0.5746982097625732,1750297040
,,-1.791265845298767,1750297040
,,-2.284407615661621,1750297040
,,-1.46229887008667,1750297040
,,-0.3267898261547088,1750297041
,,-0.0617781393229961,1750297042
,,0.8636917471885681,1750297042
,,-0.0131172928959131,1750297042
,,-1.6957508325576782,1750297043
,,-1.8261898756027224,1750297043
,,0.4328982830047607,1750297044
,,0.6823396682739258,1750297044
,,0.6166995167732239,1750297045
,,1.980613112449646,1750297046
,,0.3213198781013489,1750297047
,,1.3372578620910645,1750297048
,,0.4917320609092712,1750297048
,,-0.4057593643665313,1750297048
,,1.5939254760742188,1750297048
,,-0.5573395490646362,1750297049
,,0.6260309219360352,1750297049
,,-0.0724475607275962,1750297049
,,0.0628345161676406,1750297049
,,-0.0228576641529798,1750297049
,,1.1971381902694702,1750297050
,,-0.4026010930538177,1750297052
,,0.3826158940792084,1750297052
,,-0.235977753996849,1750297052
,,-1.706690788269043,1750297053
,,-0.8817842602729797,1750297053
,,-2.011327743530273,1750297054
,,0.3758210241794586,1750297054
,,0.2472639679908752,1750297055
,,0.568523108959198,1750297055
,,1.172316312789917,1750297055
,,0.0954407677054405,1750297057
,,0.1023201569914817,1750297057
,,-0.977078914642334,1750297057
,,-2.440711975097656,1750297057
,,-0.8026798367500305,1750297058
,,0.675606906414032,1750297058
,,0.3904002010822296,1750297058
,,-0.4732172787189483,1750297058
,,0.5374594330787659,1750297059
,,0.8110947012901306,1750297059
,,-0.2132568210363388,1750297059
,,0.3342267274856567,1750297060
,,0.0575714074075222,1750297060
,,0.9604685306549072,1750297060
,,-0.5287595987319946,1750297060
,,-0.5799571871757507,1750297061
,,1.0038087368011477,1750297061
,,-0.5279170870780945,1750297062
,,2.0340511798858643,1750297063
,,-0.0110133336856961,1750297063
,,-0.4160672426223755,1750297063
,,-0.3390039205551147,1750297063
,,1.4416046142578125,1750297063
,,-0.1004920378327369,1750297063
,,0.0880766585469245,1750297063
,,-0.9222517609596252,1750297064
,,0.5286227464675903,1750297064
,,0.8161453604698181,1750297064
,,-0.2211890518665313,1750297064
,,0.7736464142799377,1750297066
,,-0.4126375615596771,1750297066
,,0.1038548350334167,1750297067
,,-0.233034536242485,1750297067
,,0.4543571174144745,1750297068
,,-0.1430185735225677,1750297069
,,0.1532968282699585,1750297069
,,-0.5943996906280518,1750297069
,,-0.4328982830047607,1750297070
,,-0.3845091462135315,1750297071
,,-1.584246039390564,1750297071
,,-1.176102876663208,1750297071
,,1.8287142515182493,1750297072
,,-0.2851339280605316,1750297072
,,0.509824275970459,1750297072
,,0.5885086059570312,1750297073
,,0.1669719368219375,1750297074
,,2.933358192443848,1750297074
,,0.7467173337936401,1750297074
,,-0.0875930786132812,1750297075
,,-0.1422931849956512,1750297075
,,0.0770747810602188,1750297075
,,-0.4174663722515106,1750297076
,,0.4746903479099273,1750297076
,,0.2859755158424377,1750297076
,,2.2090892791748047,1750297077
,,-0.412911057472229,1750297077
,,-0.5409581065177917,1750297077
,,-0.796370267868042,1750297077
,,-0.2910985350608825,1750297077
,,-0.696225643157959,1750297077
,,1.7445608377456665,1750297078
,,-0.1728619486093521,1750297078
,,-0.7664938569068909,1750297079
,,-0.1080645024776458,1750297079
,,0.273215651512146,1750297079
,,-1.0111600160598757,1750297080
,,-0.3945347666740417,1750297081
,,0.4955177009105682,1750297081
,,-0.4092605113983154,1750297081
,,-0.2666938304901123,1750297082
,,1.1449649333953855,1750297082
,,0.6550633311271667,1750297082
,,-0.4059987962245941,1750297084
,,0.2143073379993438,1750297084
,,0.3794602453708648,1750297085
,,0.7098711133003235,1750297086
,,0.5102142691612244,1750297087
,,-0.5359132885932922,1750297087
,,0.062347412109375,1750297087
,,1.1630582809448242,1750297089
,,-2.237699031829834,1750297089
,,-0.4340855479240417,1750297089
,,0.2559027969837188,1750297089
,,-0.2239109873771667,1750297090
,,-1.058286190032959,1750297090
,,0.0691428482532501,1750297090
,,-0.3778803646564483,1750297091
,,-0.2199884504079818,1750297092
,,-0.4828643500804901,1750297092
,,0.7749099731445312,1750297093
,,-0.7744873762130737,1750297093
,,0.5262333750724792,1750297094
,,0.5358811020851135,1750297094
,,0.1385697573423385,1750297095
,,-0.5405426025390625,1750297095
,,-0.439558744430542,1750297095
,,-0.5108460187911987,1750297096
,,-0.3983946442604065,1750297097
,,-1.3519829511642456,1750297097
,,0.4256720840930938,1750297097
,,-0.2556809484958648,1750297097
,,-0.2916664481163025,1750297098
,,0.467400461435318,1750297098
,,-1.3402023315429688,1750297098
,,-0.61669921875,1750297098
,,0.8005751967430115,1750297098
,,1.087738037109375,1750297098
,,-1.1243467330932615,1750297099
,,-0.5788310170173645,1750297099
,,2.076127290725708,1750297099
,,-0.794264554977417,1750297100
,,0.036531887948513,1750297100
,,-0.7223158478736877,1750297101
,,-0.7106058597564697,1750297101
,,-0.5684919953346252,1750297102
,,0.5140315890312195,1750297103
,,0.4004991948604584,1750297104
,,-0.5300215482711792,1750297104
,,-0.2390735298395156,1750297105
,,0.3394868969917297,1750297105
,,0.0281184259802103,1750297105
,,0.1059611290693283,1750297106
,,0.3373823761940002,1750297106
,,-0.4838107526302337,1750297106
,,-0.3802277147769928,1750297106
,,-0.668528139591217,1750297107
,,-0.0960100591182708,1750297107
,,0.3925352692604065,1750297109
,,0.2963581085205078,1750297109
,,0.6676133871078491,1750297109
,,1.960415720939636,1750297110
,,-1.2619370222091677,1750297110
,,0.8262422680854797,1750297110
,,0.3432113826274872,1750297110
,,-0.0844392031431198,1750297110
,,-0.859483540058136,1750297110
,,0.6739249229431152,1750297111
,,-0.6384431719779968,1750297112
,,-1.4584388732910156,1750297112
,,1.523656964302063,1750297112
,,-0.429953396320343,1750297113
,,-0.3092205226421356,1750297113
,,0.1408837884664535,1750297113
,,1.0141056776046753,1750297114
,,0.1227907761931419,1750297115
,,-1.2442665100097656,1750297116
,,-0.7921611666679382,1750297117
,,-0.12994384765625,1750297117
,,0.062348585575819,1750297117
,,-0.7896360158920288,1750297118
,,-0.939850389957428,1750297119
,,-0.906189501285553,1750297119
,,0.3590528070926666,1750297119
,,0.2014007419347763,1750297120
,,-0.0133904665708541,1750297120
,,-0.4281648397445678,1750297121
,,0.804363489151001,1750297121
,,0.3448518514633178,1750297122
,,-0.3226564526557922,1750297122
,,-0.6238532662391663,1750297122
,,0.4678221344947815,1750297122
,,-0.1843707710504531,1750297123
,,-0.420274555683136,1750297124
,,-1.9212838411331177,1750297124
,,0.8628498911857605,1750297124
,,-0.3305881023406982,1750297124
,,-1.2341684103012085,1750297125
,,-0.6281349062919617,1750297126
,,-1.8484909534454343,1750297126
,,0.0777693465352058,1750297126
,,-0.354140043258667,1750297126
,,0.5067772269248962,1750297126
,,0.3718866109848022,1750297127
,,0.7375344038009644,1750297127
,,1.921705961227417,1750297127
,,0.5304421782493591,1750297127
,,0.5758848190307617,1750297127
,,-1.1567429304122925,1750297128
,,-0.2140978276729583,1750297128
,,-0.3355211019515991,1750297128
,,0.352109432220459,1750297129
,,-1.251840114593506,1750297130
,,0.4418375790119171,1750297130
,,0.7807995676994324,1750297131
,,0.770702600479126,1750297131
,,0.9049268364906312,1750297131
,,-1.7411961555480957,1750297131
,,-0.9419545531272888,1750297132
,,-0.2385022044181823,1750297133
,,0.0502080172300338,1750297134
,,-0.1007003709673881,1750297135
,,-0.3352056741714477,1750297135
,,1.65030837059021,1750297135
,,-0.1175312176346778,1750297135
,,1.200503945350647,1750297136
,,0.2392707169055938,1750297136
,,-0.4068098664283752,1750297136
,,-1.628429651260376,1750297137
,,-0.5333868265151978,1750297138
,,-1.2177587747573853,1750297138
,,0.1138910129666328,1750297139
,,-0.1554003804922104,1750297139
,,0.5701006054878235,1750297139
,,0.4134685695171356,1750297140
,,-0.4357692897319793,1750297140
,,-0.2354830205440521,1750297140
,,-0.3680993318557739,1750297141
,,-0.60323566198349,1750297141
,,-0.1943230181932449,1750297142
,,-1.9275940656661987,1750297144
,,0.2725841403007507,1750297144
,,-0.4812117218971252,1750297144
,,0.2711122930049896,1750297144
,,0.8110961318016052,1750297145
,,-0.5641775727272034,1750297145
,,1.785375714302063,1750297145
,,0.4875969290733337,1750297146
,,2.7452752590179443,1750297147
,,-0.653803288936615,1750297147
,,-0.183319091796875,1750297147
,,0.1901145279407501,1750297148
,,-1.755921721458435,1750297148
,,-0.59660804271698,1750297148
,,0.4521766006946563,1750297149
,,0.6878122091293335,1750297149
,,0.7029565572738647,1750297149
,,0.2274997383356094,1750297149
,,-0.5755380392074585,1750297150
,,-0.321813702583313,1750297151
,,0.1805408149957656,1750297151
,,0.2195674926042556,1750297151
,,0.4210521876811981,1750297152
,,0.4419449865818023,1750297152
,,0.3945338726043701,1750297152
,,-0.0673969015479087,1750297153
,,0.2310755848884582,1750297154
,,1.540488839149475,1750297154
,,0.3026694357395172,1750297154
,,-0.3484708368778229,1750297154
,,0.431982159614563,1750297154
,,-1.7226802110671997,1750297154
,,0.155189499258995,1750297155
,,-1.8808921575546265,1750297155
,,0.6591972708702087,1750297155
,,2.1901557445526123,1750297155
,,-0.655410885810852,1750297155
,,0.122791863977909,1750297156
,,-0.4052640497684479,1750297156
,,0.4934187531471252,1750297158
,,0.5186597108840942,1750297159
,,-0.4330338537693023,1750297159
,,0.568731427192688,1750297159
,,0.4488870203495025,1750297160
,,0.6462275981903076,1750297160
,,0.2679560482501983,1750297161
,,-0.5190799236297607,1750297162
,,0.32265704870224,1750297162
,,0.3521082699298858,1750297163
,,0.0344292595982551,1750297164
,,-0.1454497128725052,1750297164
,,-1.0126440525054932,1750297166
,,-0.4265148341655731,1750297166
,,0.5877397656440735,1750297167
,,-0.1442502737045288,1750297168
,,-1.619171380996704,1750297168
,,0.0291701089590787,1750297169
,,0.3931350708007812,1750297169
,,0.30743408203125,1750297170
,,-0.0276342537254095,1750297170
,,-0.4126270115375519,1750297172
,,-0.6697168946266174,1750297173
,,0.8691623210906982,1750297173
,,0.700855553150177,1750297173
,,-0.3150100708007812,1750297174
,,-1.4971500635147097,1750297174
,,-0.5217111706733704,1750297174
,,-0.0943251773715019,1750297174
,,-0.2961472570896148,1750297174
,,-0.3785447180271148,1750297174
,,0.1806470304727554,1750297175
,,0.4926464259624481,1750297175
,,0.6238535046577454,1750297176
,,-1.0717508792877195,1750297177
,,0.3653014302253723,1750297177
,,2.5297164916992188,1750297177
,,0.4770777523517608,1750297178
,,-0.2600980401039123,1750297178
,,0.6512028574943542,1750297179
,,-2.745769500732422,1750297179
,,-0.4572277963161468,1750297180
,,-1.9642016887664795,1750297180
,,-1.3301767110824585,1750297180
,,1.0852152109146118,1750297180
,,0.0055436342954635,1750297181
,,-0.6394206881523132,1750297182
,,0.4702711403369903,1750297182
,,0.3505747616291046,1750297182
,,-0.3223413228988647,1750297184
,,0.0996809676289558,1750297185
,,0.7353569269180298,1750297185
,,0.0912331789731979,1750297185
,,0.3634725511074066,1750297185
,,0.1544961184263229,1750297186
,,-0.3175019323825836,1750297189
,,-0.5717514753341675,1750297189
,,-0.4816354215145111,1750297189
,,0.8148815631866455,1750297190
,,0.5674702525138855,1750297190
,,-0.2637493312358856,1750297190
,,0.112271524965763,1750297191
,,-0.4286152720451355,1750297191
,,0.0375844500958919,1750297191
,,0.4096814393997192,1750297191
,,-0.5657870769500732,1750297191
,,-0.3878748714923858,1750297191
,,1.9271745681762693,1750297192
,,0.0996485501527786,1750297193
,,-0.3129043579101562,1750297193
,,0.6723160147666931,1750297194
,,-0.5927162170410156,1750297195
,,-0.0943885147571563,1750297195
,,-1.2648833990097046,1750297195
,,-0.303238183259964,1750297195
,,0.2536497712135315,1750297195
,,1.572043776512146,1750297196
,,-0.9286874532699584,1750297196
,,0.5084564089775085,1750297196
,,0.1006992012262344,1750297197
,,0.512423038482666,1750297198
,,-0.694616436958313,1750297198
,,0.4831798076629638,1750297198
,,-1.2228076457977295,1750297199
,,0.0697115361690521,1750297200
,,0.0996481031179428,1750297201
,,-1.4122262001037598,1750297201
,,-0.5518704652786255,1750297201
,,0.4610137641429901,1750297202
,,0.5435600876808167,1750297202
,,-2.2553751468658447,1750297202
,,-0.175956130027771,1750297202
,,-0.6340253949165344,1750297203
,,-0.4347264170646667,1750297203
,,-0.0037130056880414,1750297203
,,0.0417938232421875,1750297203
,,-0.1465010941028595,1750297203
,,-0.9263880252838136,1750297204
,,0.0459383837878704,1750297204
,,-0.2376600205898285,1750297204
,,0.4795297384262085,1750297205
,,-0.239071175456047,1750297206
,,0.5737820863723755,1750297206
,,-0.2974090576171875,1750297207
,,2.00459623336792,1750297207
,,0.2091533839702606,1750297207
,,-0.2069448232650756,1750297208
,,-0.8405492305755615,1750297208
,,-0.6155113577842712,1750297209
,,0.2816310226917267,1750297210
,,-0.7955268621444702,1750297210
,,-1.1878823041915894,1750297211
,,0.798473060131073,1750297211
,,-0.8775781393051147,1750297212
,,-0.6415246725082397,1750297212
,,0.832977294921875,1750297212
,,-0.1417236328125,1750297212
,,0.3394877910614013,1750297212
,,-0.5628409385681152,1750297212
,,0.056034967303276,1750297212
,,-0.0849216058850288,1750297213
,,0.3376235961914062,1750297213
,,2.0235304832458496,1750297213
,,-0.1791100054979324,1750297214
,,-0.818248987197876,1750297214
,,0.4880183041095733,1750297215
,,0.1463537812232971,1750297215
,,0.5864046216011047,1750297216
,,-0.2430566698312759,1750297217
,,0.230654776096344,1750297217
,,-2.066448926925659,1750297218
,,-0.6491730809211731,1750297218
,,0.1749038696289062,1750297219
,,0.3477237224578857,1750297220
,,-1.4866291284561155,1750297220
,,1.7420353889465332,1750297220
,,-2.4779603481292725,1750297221
,,2.2292866706848145,1750297221
,,1.287603497505188,1750297221
,,0.8742101788520813,1750297221
,,-0.4690098166465759,1750297221
,,2.1766908168792725,1750297221
,,-0.271322101354599,1750297222
,,-0.0257408637553453,1750297223
,,0.4357364177703857,1750297223
,,-0.2159282863140106,1750297223
,,1.8064132928848269,1750297224
,,0.4913107752799988,1750297227
,,-0.1564536243677139,1750297227
,,-0.5384054780006409,1750297228
,,0.6297430992126465,1750297228
,,0.094388224184513,1750297229
,,0.4951717555522918,1750297229
,,-0.0939053520560264,1750297230
,,-0.0867544561624527,1750297230
,,0.5115081071853638,1750297231
,,-0.2048433721065521,1750297232
,,1.3683923482894895,1750297233
,,0.9263857007026672,1750297234
,,0.5841645002365112,1750297235
,,-0.553584635257721,1750297236
,,0.6305536031723022,1750297236
,,-0.4408205151557922,1750297236
,,0.7799588441848755,1750297237
,,-0.4017609357833862,1750297238
,,0.0838696360588073,1750297238
,,-0.3699933290481567,1750297238
,,0.1732832044363021,1750297238
,,0.6092000007629395,1750297238
,,0.1391994506120681,1750297239
,,-0.1322590708732605,1750297239
,,0.5872459411621094,1750297239
,,-0.6191916465759277,1750297240
,,-0.4965817034244537,1750297240
,,-0.4836003184318542,1750297241
,,1.828293800354004,1750297241
,,0.8599052429199219,1750297241
,,0.6174357533454895,1750297241
,,-1.037245512008667,1750297241
,,1.5207120180130005,1750297242
,,-0.3313136398792267,1750297242
,,-0.7639682292938232,1750297242
,,-1.7197352647781372,1750297242
,,-0.0596750676631927,1750297243
,,0.67855304479599,1750297243
,,0.0249622054398059,1750297243
,,-0.4326247870922088,1750297243
,,-0.1743345856666565,1750297244
,,0.6862012147903442,1750297244
,,2.1118931770324707,1750297245
,,1.7100595235824585,1750297246
,,0.348565012216568,1750297247
,,-0.2058921158313751,1750297247
,,-0.8468607068061829,1750297247
,,0.7656519412994385,1750297248
,,0.7126347422599792,1750297248
,,0.5555853843688965,1750297249
,,0.1406731158494949,1750314124
,,0.0413090623915195,1750314125
,,-0.2633279263973236,1750314126
,,-1.021679162979126,1750314127
,,0.4952762126922607,1750314130
,,0.0600961558520793,1750314130
,,-0.4883657395839691,1750314131
,,-0.3861922919750213,1750314132
,,-0.4716086387634277,1750314132
,,-0.4210419058799743,1750314133
,,0.2479696869850158,1750314133
,,-0.7782744765281677,1750314133
,,-0.2847866415977478,1750314134
,,0.5149794220924377,1750314135
,,-0.5969241261482239,1750314135
,,0.003441444132477,1750314135
,,-0.5666292309761047,1750314135
,,0.1375174820423126,1750314135
,,-0.3575814962387085,1750314136
,,-1.190828561782837,1750314136
,,-1.1954550743103027,1750314136
,,-1.2716145515441897,1750314137
,,-0.924702525138855,1750314138
,,-0.6789734959602356,1750314140
,,-1.9764037132263184,1750314140
,,0.617193341255188,1750314142
,,-0.3961857259273529,1750314142
,,0.714320182800293,1750314142
,,0.1685911267995834,1750314142
,,-0.3482489883899688,1750314142
,,0.3642496466636657,1750314143
,,0.0013354381080716,1750314144
,,-0.2801586091518402,1750314145
,,-0.0665547251701355,1750314146
,,0.5304415822029114,1750314146
,,-0.054415188729763,1750314146
,,-0.1202046275138855,1750314146
,,-0.1107365489006042,1750314147
,,0.054414015263319,1750314147
,,0.5670492053031921,1750314147
,,-0.592193603515625,1750314147
,,-0.5144529938697815,1750314148
,,-1.2922345399856567,1750314148
,,-1.220703125,1750314149
,,0.3055094182491302,1750314149
,,0.138087049126625,1750314149
,,-0.5489563345909119,1750314149
,,0.327914297580719,1750314150
,,-0.2409529983997345,1750314151
,,0.3180277645587921,1750314152
,,-0.7782753109931946,1750314152
,,-0.3453744649887085,1750314152
,,-0.5805141925811768,1750314153
,,0.1765754371881485,1750314154
,,-1.301911473274231,1750314154
,,0.460879385471344,1750314155
,,2.536027669906616,1750314155
,,-0.2234596759080886,1750314155
,,-0.6087052822113037,1750314156
,,0.7778540253639221,1750314157
,,0.5991339683532715,1750314157
,,-0.1514358520507812,1750314158
,,-0.9699231386184692,1750314159
,,0.60954749584198,1750314159
,,-1.8022061586380005,1750314160
,,-0.627217173576355,1750314160
,,2.9026427268981934,1750314162
,,0.376872718334198,1750314162
,,-0.2377976477146148,1750314163
,,0.1774907261133194,1750314163
,,-0.8397098779678345,1750314166
,,2.1802666187286377,1750314166
,,0.2584885656833648,1750314167
,,1.3570332527160645,1750314167
,,-0.9699243307113647,1750314168
,,0.4021817445755005,1750314168
,,0.6486775279045105,1750314168
,,0.5997334718704224,1750314168
,,-0.2822623252868652,1750314168
,,0.2169688194990158,1750314169
,,-1.6292697191238403,1750314170
,,-0.2927175462245941,1750314170
,,-0.4828978180885315,1750314171
,,0.6676132082939148,1750314171
,,0.2206197828054428,1750314172
,,-1.267406702041626,1750314172
,,-0.0434141866862773,1750314173
,,-0.0481039173901081,1750314173
,,-1.5741488933563232,1750314173
,,0.5039337873458862,1750314173
,,-0.2495897710323333,1750314173
,,0.4303730428218841,1750314175
,,1.5152411460876465,1750314175
,,-1.6448383331298828,1750314177
,,2.968282699584961,1750314177
,,-0.4101755917072296,1750314177
,,0.6292178630828857,1750314177
,,-1.091528058052063,1750314178
,,-1.7016425132751465,1750314178
,,-0.3821311295032501,1750314178
,,0.079178437590599,1750314178
,,-0.4855252504348755,1750314178
,,-0.4279526770114898,1750314179
,,0.2788232564926147,1750314179
,,-2.218768119812012,1750314179
,,-1.968831181526184,1750314182
,,0.7643896341323853,1750314184
,,-0.2237748354673385,1750314184
,,-0.4332442581653595,1750314184
,,-0.454777330160141,1750314185
,,0.8199334144592285,1750314185
,,-0.3579289317131042,1750314185
,,2.4792251586914062,1750314186
,,-0.6500149965286255,1750314187
,,-1.6347415447235107,1750314188
,,-0.6747682690620422,1750314188
,,0.3705185949802398,1750314188
,,-0.559969961643219,1750314188
,,-0.9796022176742554,1750314189
,,0.3310717046260834,1750314189
,,0.333596408367157,1750314189
,,0.6359487175941467,1750314189
,,-0.4547136723995209,1750314189
,,0.4682734310626983,1750314189
,,-0.3878754079341888,1750314192
,,0.323843777179718,1750314193
,,0.2269322276115417,1750314193
,,-1.749609112739563,1750314193
,,2.56001091003418,1750314194
,,0.100217081606388,1750314194
,,0.6743451356887817,1750314195
,,0.0133913466706871,1750314196
,,-0.8939866423606873,1750314196
,,0.5851423144340515,1750314196
,,0.4127006530761719,1750314198
,,-0.0470528192818164,1750314198
,,-0.0991648137569427,1750314198
,,-0.6973512768745422,1750314200
,,0.9335408806800842,1750314201
,,-0.1782588958740234,1750314201
,,-0.8089914917945862,1750314201
,,0.3163446187973022,1750314202
,,0.6625638604164124,1750314202
,,-0.1223699003458023,1750314202
,,2.2810428142547607,1750314203
,,-0.8060454726219177,1750314203
,,0.002870999276638,1750314203
,,0.2241956144571304,1750314203
,,0.5588120222091675,1750314204
,,0.4429222345352173,1750314204
,,0.7219666242599487,1750314204
,,-0.1570217311382293,1750314205
,,-0.1238403245806694,1750314205
,,-2.0710787773132324,1750314205
,,0.9002972841262817,1750314207
,,0.5776419639587402,1750314208
,,-0.0441066920757293,1750314208
,,-0.5430651307106018,1750314208
,,-0.0375870913267135,1750314209
,,-0.2018972337245941,1750314210
,,-0.6490991711616516,1750314210
,,0.6983293890953064,1750314211
,,-0.1096719577908515,1750314211
,,0.5653650760650635,1750314212
,,-0.5906122326850891,1750314213
,,0.5789031982421875,1750314213
,,-0.3405415415763855,1750314213
,,-0.6352867484092712,1750314214
,,-0.7194424867630005,1750314214
,,-1.3334702253341677,1750314215
,,-0.2935503423213959,1750314215
,,0.6256103515625,1750314215
,,-0.8186691999435425,1750314215
,,0.3829016983509063,1750314216
,,0.0291654150933027,1750314217
,,-0.787531316280365,1750314218
,,-0.440501868724823,1750314218
,,0.2199190407991409,1750314218
,,-1.5712051391601562,1750314219
,,0.8586419224739075,1750314219
,,-0.6164782643318176,1750314219
,,0.2514742016792297,1750314219
,,-0.2984619140625,1750314220
,,-0.0339443497359752,1750314220
,,0.9499489068984984,1750314223
,,-2.2642109394073486,1750314223
,,0.3110862076282501,1750314223
,,-3.115403175354004,1750314224
,,0.7850080728530884,1750314225
,,0.4340861141681671,1750314225
,,-0.2417951673269271,1750314225
,,-0.5901606678962708,1750314226
,,0.2569532990455627,1750314227
,,0.3110856115818023,1750314227
,,-0.2711120545864105,1750314227
,,1.9684083461761477,1750314227
,,-0.7542607188224792,1750314228
,,-0.6243470907211304,1750314229
,,-0.5805138349533081,1750314230
,,-0.0133913476020097,1750314230
,,0.2132562398910522,1750314230
,,-2.6639420986175537,1750314230
,,0.691881000995636,1750314231
,,0.5008519291877747,1750314231
,,0.6953837871551514,1750314232
,,-0.0091830790042877,1750314232
,,2.364552974700928,1750314232
,,0.5475570559501648,1750314233
,,0.5237103700637817,1750314233
,,2.075284957885742,1750314233
,,-0.1738515943288803,1750314237
,,-0.3478281795978546,1750314238
,,1.7058509588241575,1750314238
,,0.5523968935012817,1750314238
,,0.4087037146091461,1750314239
,,-0.3706547617912292,1750314239
,,-0.7980513572692871,1750314240
,,0.6465743780136108,1750314240
,,0.6145961284637451,1750314240
,,0.6162766218185425,1750314240
,,0.0239099338650703,1750314240
,,0.5553418397903442,1750314240
,,1.904030919075012,1750314240
,,-0.2500733435153961,1750314241
,,0.1500672549009323,1750314241
,,2.277674913406372,1750314242
,,-0.3595044016838074,1750314242
,,0.592158854007721,1750314242
,,-0.2369669377803802,1750314242
,,-0.3617137968540191,1750314243
,,0.641105055809021,1750314243
,,0.8700030446052551,1750314244
,,2.810915470123291,1750314244
,,0.7833245992660522,1750314244
,,-0.0281172525137662,1750314245
,,-0.3529514074325561,1750314246
,,-0.6334985494613647,1750314246
,,-0.5489572286605835,1750314248
,,-0.6049182415008545,1750314249
,,0.7702803611755371,1750314249
,,-0.2769399285316467,1750314249
,,0.7033784985542297,1750314250
,,-1.8152494430541992,1750314250
,,-0.503093421459198,1750314251
,,0.5805141925811768,1750314252
,,-0.7273612022399902,1750314253
,,-0.1202028691768646,1750314253
,,-0.9310145378112792,1750314253
,,0.1682334244251251,1750314254
,,0.695803701877594,1750314255
,,0.5918743014335632,1750314256
,,-0.3701277375221252,1750314256
,,2.260213851928711,1750314257
,,0.1259448677301406,1750314257
,,2.2541115283966064,1750314258
,,0.3284823894500732,1750314258
,,0.5395930409431458,1750314258
,,0.6171202063560486,1750314259
,,0.0318433307111263,1750314259
,,0.7580780386924744,1750314260
,,0.5851428508758545,1750314261
,,0.3849299252033233,1750314261
,,-1.9191797971725464,1750314261
,,-0.658356249332428,1750314261
,,-1.5796185731887815,1750314263
,,1.298125147819519,1750314263
,,-0.6915968060493469,1750314263
,,1.1424401998519895,1750314264
,,-0.170757845044136,1750314265
,,1.0444008111953735,1750314265
,,0.1917354762554168,1750314266
,,0.5641039609909058,1750314266
,,-1.2139692306518557,1750314268
,,1.6065467596054075,1750314268
,,-1.30906081199646,1750314269
,,-0.420623779296875,1750314270
,,-0.5868257284164429,1750314270
,,0.4059683382511139,1750314270
,,2.548649549484253,1750314270
,,-0.7988938093185425,1750314271
,,-1.745822548866272,1750314272
,,-0.7202098965644836,1750314272
,,-0.6437031626701355,1750314272
,,0.6432822942733765,1750314272
,,-0.5162099599838257,1750314274
,,-0.4505696892738342,1750314274
,,-0.7303081750869751,1750314274
,,0.0428449176251888,1750314275
,,0.3653015494346618,1750314275
,,-0.8851500153541565,1750314275
,,-0.3170811533927917,1750314275
,,0.9903435111045836,1750314275
,,0.3739896714687347,1750314277
,,-0.581775963306427,1750314277
,,0.4058632254600525,1750314278
,,-1.9318037033081052,1750314278
,,-1.410470724105835,1750314279
,,-0.2448143512010574,1750314280
,,-0.6381589770317078,1750314281
,,0.4589104056358337,1750314281
,,-0.2362934947013855,1750314281
,,-0.4914893805980682,1750314281
,,-0.3699199855327606,1750314282
,,-0.0912322923541069,1750314282
,,2.817941188812256,1750314282
,,0.5523205995559692,1750314283
,,-1.917497158050537,1750314284
,,0.2974102199077606,1750314284
,,0.4857036769390106,1750314285
,,0.7172317504882812,1750314285
,,-0.1764385402202606,1750314285
,,1.684390664100647,1750314286
,,-0.0344302840530872,1750314286
,,-0.1259466260671615,1750314286
,,-0.482895165681839,1750314286
,,-0.4715346992015838,1750314287
,,0.769860029220581,1750314287
,,1.765599250793457,1750314287
,,0.434086263179779,1750314288
,,0.3760187923908233,1750314288
,,0.1837275475263595,1750314289
,,-0.3912728726863861,1750314289
,,-0.4042117595672607,1750314290
,,-0.4964337050914764,1750314290
,,-2.2768354415893555,1750314290
,,-0.7265946269035339,1750314290
,,0.6204869151115417,1750314291
,,0.337519109249115,1750314291
,,-0.4291108846664428,1750314291
,,-0.0408882871270179,1750314293
,,-0.1911653280258178,1750314293
,,-0.1551900655031204,1750314293
,,0.6145970225334167,1750314294
,,0.3617885112762451,1750314294
,,0.819510817527771,1750314295
,,0.8228769898414612,1750314295
,,-0.9108176231384276,1750314295
,,-0.895668625831604,1750314296
,,0.7610239386558533,1750314297
,,-0.1812041252851486,1750314297
,,0.177490234375,1750314297
,,-0.0018199033802375,1750314298
,,0.1486051976680755,1750314298
,,0.1375180631875991,1750314298
,,-1.3258936405181885,1750314298
,,-0.5291789174079895,1750314299
,,-1.551428198814392,1750314299
,,-0.8868325352668762,1750314300
,,-0.848547101020813,1750314301
,,-0.1212557256221771,1750314301
,,0.7782745361328125,1750314302
,,-0.871687650680542,1750314303
,,1.9747196435928345,1750314303
,,-1.0603883266448977,1750314304
,,-0.473638653755188,1750314304
,,-0.4089132249355316,1750314305
,,1.1167713403701782,1750314306
,,0.2264492213726043,1750314306
,,0.6141756176948547,1750314307
,,0.2877320349216461,1750314308
,,-0.8931453227996826,1750314309
,,-0.4627732336521148,1750314309
,,0.8977742791175842,1750314310
,,-0.4004991948604584,1750314311
,,0.2427099645137787,1750314311
,,0.6038354635238647,1750314311
,,-0.4354221522808075,1750314312
,,-0.0344291068613529,1750314312
,,-1.128975510597229,1750314312
,,-0.2968102991580963,1750314312
,,0.9842288494110109,1750314313
,,-0.2800944447517395,1750314313
,,0.1501407623291015,1750314313
,,-0.3428532183170318,1750314315
,,0.4109461605548858,1750314315
,,-0.8190898299217224,1750314315
,,-0.2973034083843231,1750314316
,,-0.1216649636626243,1750314316
,,0.3621030747890472,1750314317
,,-0.3657848536968231,1750314317
,,-0.2488414943218231,1750314317
,,-0.7183895111083984,1750314317
,,-1.0113815069198608,1750314318
,,0.9183914661407472,1750314318
,,0.0449476949870586,1750314319
,,-0.4698204398155212,1750314319
,,0.0853418111801147,1750314319
,,-0.7942651510238647,1750314320
,,-0.1126186624169349,1750314320
,,-0.8430744409561157,1750314320
,,-0.5834315419197083,1750314321
,,-0.0680907741189003,1750314322
,,-0.4042854011058807,1750314323
,,-1.6208549737930298,1750314323
,,2.194572925567627,1750314323
,,0.8228771090507507,1750314323
,,-0.1532965302467346,1750314323
,,1.6877572536468506,1750314324
,,3.626564264297485,1750314324
,,-0.4823385179042816,1750314324
,,0.600288987159729,1750314324
,,-1.1083579063415527,1750314325
,,1.172735333442688,1750314325
,,-0.3838037252426147,1750314325
,,0.5848247408866882,1750314326
,,-0.4044964015483856,1750314326
,,0.3920824825763702,1750314326
,,0.464244544506073,1750314326
,,-0.2064596265554428,1750314327
,,-2.4990017414093018,1750314327
,,-0.0975470840930938,1750314328
,,-0.7467175722122192,1750314328
,,-0.1254636347293853,1750314328
,,-0.7223865389823914,1750314329
,,0.725678026676178,1750314330
,,0.0455169640481472,1750314330
,,-0.5119276642799377,1750314332
,,0.5361973643302917,1750314332
,,0.3637123107910156,1750314333
,,2.51204252243042,1750314334
,,0.6666353344917297,1750314336
,,0.70464026927948,1750314336
,,2.163646936416626,1750314337
,,-0.916287899017334,1750314337
,,2.0731804370880127,1750314338
,,0.2516945898532867,1750314338
,,1.4971482753753662,1750314338
,,0.1543461680412292,1750314338
,,-0.1511917114257812,1750314338
,,-0.0312740579247474,1750314339
,,-0.515053391456604,1750314339
,,-0.6492050886154175,1750314339
,,0.8317129611968994,1750314340
,,0.4025280177593231,1750314341
,,0.4223045706748962,1750314341
,,0.5111594200134277,1750314341
,,0.51726233959198,1750314341
,,-0.010234978981316,1750314341
,,-0.458564430475235,1750314342
,,0.063115656375885,1750314342
,,0.6020470261573792,1750314342
,,0.2685246169567108,1750314343
,,-0.3573702275753021,1750314343
,,-1.6254832744598389,1750314344
,,-0.3159553706645965,1750314345
,,-0.2411742508411407,1750314346
,,0.4155713319778442,1750314346
,,-1.460541844367981,1750314347
,,0.0491556003689765,1750314347
,,0.2963902354240417,1750314348
,,-0.6461499333381653,1750314349
,,0.0096037788316607,1750314350
,,-1.5977119207382202,1750314350
,,-0.592296302318573,1750314350
,,0.3002815246582031,1750314351
,,-0.1685921549797058,1750314351
,,-0.106801226735115,1750314352
,,-0.4046322405338287,1750314352
,,0.2595396637916565,1750314353
,,-0.040255032479763,1750314353
,,1.8564857244491575,1750314353
,,-0.3924296200275421,1750314354
,,0.756259024143219,1750314354
,,0.735357403755188,1750314354
,,-0.0239100810140371,1750314355
,,0.3411066830158233,1750314355
,,1.3162195682525637,1750314356
,,-0.0081311725080013,1750314356
,,-1.2863446474075315,1750314356
,,0.2613595724105835,1750314356
,,-0.8662185072898865,1750314356
,,-0.4319809973239898,1750314357
,,-0.3563173711299896,1750314357
,,1.442025899887085,1750314357
,,1.5728882551193235,1750314357
,,-0.4263132512569427,1750314358
,,0.6649510264396667,1750314358
,,0.477288156747818,1750314359
,,0.196990966796875,1750314359
,,-0.1286189705133438,1750314359
,,-0.4918045401573181,1750314359
,,-0.020756646990776,1750314360
,,0.995392382144928,1750314360
,,1.6406290531158447,1750314362
,,-2.5740954875946045,1750314362
,,0.3706541657447815,1750314363
,,0.344957172870636,1750314364
,,0.2689026892185211,1750314364
,,1.2068164348602295,1750314365
,,-0.5133273005485535,1750314365
,,0.43745157122612,1750314366
,,0.6878843903541565,1750314366
,,2.203200101852417,1750314366
,,1.6406331062316897,1750314367
,,-1.2253299951553345,1750314367
,,-0.0844378769397735,1750314368
,,0.9598271250724792,1750314368
,,0.3272082805633545,1750314369
,,-1.0027453899383545,1750314370
,,-0.474901020526886,1750314371
,,-0.5271820425987244,1750314371
,,-0.7500821352005005,1750314371
,,-0.339003324508667,1750314372
,,0.9070317149162292,1750314372
,,0.1816984266042709,1750314372
,,-1.0143274068832395,1750314373
,,-1.8358676433563232,1750314373
,,1.601077914237976,1750314373
,,0.1943195015192031,1750314376
,,-0.4400825202465057,1750314376
,,-0.6726622581481934,1750314377
,,0.909134328365326,1750314377
,,-0.4997259080410003,1750314377
,,-1.0073728561401367,1750314378
,,-0.0007675588713027,1750314378
,,0.3696024715900421,1750314378
,,-1.7622328996658323,1750314378
,,0.3659215867519378,1750314379
,,1.0075976848602295,1750314379
,,-0.5633358359336853,1750314380
,,0.7227330803871155,1750314380
,,0.3021862208843231,1750314381
,,-0.2974090576171875,1750314382
,,-0.2027369141578674,1750314383
,,-0.7455297112464905,1750314383
,,0.1913141161203384,1750314385
,,-0.2847876846790313,1750314385
,,0.561789870262146,1750314387
,,0.0607276298105716,1750314387
,,0.0051234252750873,1750314387
,,1.615805983543396,1750314387
,,0.2058926820755005,1750314387
,,0.6162478923797607,1750314388
,,-0.3058260381221771,1750314388
,,-0.5014061331748962,1750314389
,,-0.4589117169380188,1750314389
,,1.814831018447876,1750314389
,,0.2758753895759582,1750314390
,,-0.4225883185863495,1750314390
,,-2.475436210632324,1750314391
,,-2.2625296115875244,1750314391
,,-0.8359206318855286,1750314392
,,0.5952404737472534,1750314392
,,0.9030215740203856,1750314392
,,0.7612233757972717,1750314392
,,0.0360506474971771,1750314393
,,0.255901038646698,1750314393
,,-2.2246580123901367,1750314393
,,-0.2990922033786773,1750314394
,,0.4917315542697906,1750314395
,,-0.6966493725776672,1750314395
,,0.5136154890060425,1750314395
,,-1.0519760847091677,1750314395
,,-0.4551990032196045,1750314396
,,-0.6314250826835632,1750314396
,,1.2737200260162354,1750314397
,,-0.0722984820604324,1750314397
,,2.005857229232788,1750314397
,,-0.1359826624393463,1750314399
,,-0.164445698261261,1750314399
,,0.3857715129852295,1750314399
,,-0.6101461052894592,1750314400
,,0.6285547018051147,1750314400
,,1.5632089376449585,1750314400
,,0.4462896287441253,1750314401
,,0.7782756686210632,1750314401
,,-0.3710447251796722,1750314401
,,-0.4012339413166046,1750314402
,,0.5183128714561462,1750314403
,,-0.2847853302955627,1750314403
,,0.3213935196399688,1750314403
,,-0.525812566280365,1750314404
,,-0.5389615297317505,1750314404
,,-0.9394295811653136,1750314405
,,-1.957467794418335,1750314405
,,-0.5957324504852295,1750314406
,,-1.341888427734375,1750314406
,,-0.305342435836792,1750314406
,,1.9566280841827397,1750314406
,,-0.2964630126953125,1750314407
,,-1.2705758810043335,1750314407
,,-0.5960845947265625,1750314408
,,-0.5573718547821045,1750314408
,,-0.2831039130687713,1750314408
,,-0.0567295216023922,1750314408
,,-0.0960094705224037,1750314409
,,0.8611665368080139,1750314409
,,1.0923678874969482,1750314409
,,0.1532968282699585,1750314410
,,-0.7164218425750732,1750314410
,,-2.182580947875977,1750314411
,,-0.550324022769928,1750314411
,,0.096702866256237,1750314411
,,0.0680905804038047,1750314411
,,0.608359694480896,1750314412
,,0.8342378735542297,1750314412
,,-0.3920851349830627,1750314413
,,-0.0706147328019142,1750314413
,,1.0911054611206057,1750314413
,,0.6953840851783752,1750314414
,,-0.3249723017215729,1750314415
,,-0.4294562339782715,1750314415
,,-0.969925045967102,1750314416
,,-0.6424407362937927,1750314417
,,-0.2942545711994171,1750314417
,,-0.586825430393219,1750314417
,,-0.4429227113723755,1750314418
,,0.583879292011261,1750314418
,,-0.5516597628593445,1750314419
,,0.5531627535820007,1750314420
,,0.8397098779678345,1750314421
,,0.2464344203472137,1750314421
,,0.0812823921442031,1750314421
,,-0.5670491456985474,1750314421
,,-0.0754541233181953,1750314422
,,0.5267286896705627,1750314422
,,1.0704890489578247,1750314423
,,-0.468389630317688,1750314424
,,0.7900578379631042,1750314424
,,-1.2417415380477903,1750314425
,,0.756816565990448,1750314426
,,-0.8434941172599792,1750314427
,,-0.0939043536782264,1750314427
,,-1.5270227193832395,1750314427
,,-0.3515108525753021,1750314428
,,-0.4652357697486877,1750314428
,,0.4135724604129791,1750314428
,,-0.593630850315094,1750314429
,,0.3141667246818542,1750314429
,,-0.4282695651054382,1750314429
,,0.2847134172916412,1750314430
,,0.1401898264884948,1750314430
,,0.5030940175056458,1750314432
,,-0.5615785717964172,1750314433
,,-0.1669714599847793,1750314433
,,0.3407806754112243,1750314433
,,0.3600307703018188,1750314433
,,-0.0567303821444511,1750314434
,,0.6987495422363281,1750314435
,,0.8426524996757507,1750314435
,,-0.679393470287323,1750314435
,,0.614172101020813,1750314436
,,0.3094338476657867,1750314437
,,-0.1980432271957397,1750314437
,,-0.212773248553276,1750314437
,,-0.7139716148376465,1750314437
,,0.2395553439855575,1750314437
,,-2.570530652999878,1750314438
,,0.3617136776447296,1750314438
,,0.2502100765705108,1750314439
,,-1.0385078191757202,1750314439
,,-0.7795374393463135,1750314439
,,0.1343615502119064,1750314439
,,0.1858320981264114,1750314439
,,0.1280511617660522,1750314439
,,0.9528955221176147,1750314439
,,-1.8299769163131716,1750314440
,,-0.4576178193092346,1750314440
,,-1.3258966207504272,1750314441
,,-0.3265794515609741,1750314441
,,0.3486703634262085,1750314442
,,-1.5956077575683594,1750314442
,,-2.6978042125701904,1750314442
,,0.1244096010923385,1750314443
,,-0.0144427362829446,1750314443
,,-0.9875969290733336,1750314443
,,0.6390011310577393,1750314443
,,-0.6970666646957397,1750314443
,,0.793002724647522,1750314443
,,0.664320707321167,1750314444
,,-1.2194424867630005,1750314444
,,-1.3006490468978882,1750314445
,,0.9926460385322572,1750314445
,,-0.0133901741355657,1750314446
,,0.1364652216434478,1750314447
,,1.6397892236709597,1750314447
,,0.6732626557350159,1750314447
,,-0.139622613787651,1750314447
,,0.1291022598743438,1750314447
,,-0.3379504680633545,1750314448
,,0.1202665418386459,1750314448
,,0.2634333074092865,1750314449
,,-0.1570210754871368,1750314450
,,0.0102357128635048,1750314450
,,-0.1806470304727554,1750314453
,,0.1469832211732864,1750314453
,,0.3860870897769928,1750314453
,,0.5489554405212402,1750314453
,,0.5040095448493958,1750314455
,,-0.4484663605690002,1750314455
,,-0.2727948725223541,1750314456
,,0.2385019063949585,1750314456
,,0.2183051407337188,1750314456
,,0.092285007238388,1750314456
,,0.507163405418396,1750314457
,,-0.6225908398628235,1750314457
,,-0.7946853637695312,1750314458
,,-1.615803599357605,1750314458
,,-0.370623916387558,1750314458
,,0.6039395928382874,1750314459
,,1.824505090713501,1750314459
,,0.0670383125543594,1750314460
,,0.836762011051178,1750314460
,,0.7521875500679016,1750314460
,,0.6467719078063965,1750314461
,,0.4337398707866668,1750314462
,,-0.5745913982391357,1750314462
,,0.6440500020980835,1750314462
,,-0.0249627903103828,1750314465
,,-0.3432001173496246,1750314465
,,0.7067436575889587,1750314465
,,1.1201385259628296,1750314465
,,0.099164955317974,1750314467
,,0.5035130381584167,1750314468
,,1.5034589767456057,1750314468
,,-0.1117876470088958,1750314468
,,0.4848949611186981,1750314468
,,-0.2500745356082916,1750314468
,,1.288866400718689,1750314469
,,0.385245680809021,1750314469
,,-1.4432889223098757,1750314470
,,0.3468506038188934,1750314470
,,-1.161795973777771,1750314470
,,-2.5486507415771484,1750314471
,,-0.6264514923095703,1750314471
,,-0.1429871618747711,1750314471
,,-0.3525302410125732,1750314471
,,0.2918654084205627,1750314471
,,0.6248738169670105,1750314472
,,0.3244445323944092,1750314472
,,-0.5039340853691101,1750314472
,,-1.881731390953064,1750314472
,,-0.6175413727760315,1750314472
,,0.6162793040275574,1750314473
,,0.8868331909179688,1750314473
,,0.1443950831890106,1750314474
,,-0.399236798286438,1750314474
,,0.4042854011058807,1750314475
,,-1.474502444267273,1750314476
,,-1.886780858039856,1750314476
,,-1.7778013944625854,1750314477
,,-0.656252920627594,1750314477
,,0.1301545351743698,1750314477
,,-1.9663026332855225,1750314478
,,0.1711807250976562,1750314478
,,-0.5632611513137817,1750314479
,,0.4652956426143646,1750314479
,,-0.938590407371521,1750314479
,,-0.7795374393463135,1750314481
,,0.1270000636577606,1750314482
,,0.4530947506427765,1750314482
,,1.0406129360198977,1750314483
,,0.5309681296348572,1750314485
,,-0.615017831325531,1750314485
,,-0.3891376554965973,1750314486
,,-0.1848549395799636,1750314486
,,-1.6460987329483032,1750314486
,,0.9162867665290833,1750314486
,,0.4450259506702423,1750314488
,,-1.6427329778671265,1750314489
,,0.5152945518493652,1750314489
,,0.2321912199258804,1750314489
,,0.9743534922599792,1750314489
,,-0.525812566280365,1750314490
,,-0.7559749484062195,1750314490
,,1.4685351848602295,1750314490
,,0.4383668005466461,1750314490
,,0.5990289449691772,1750314491
,,-0.4638243317604065,1750314491
,,-0.6449652314186096,1750314491
,,0.0964912995696067,1750314491
,,-0.1175308153033256,1750314492
,,-0.4438687562942505,1750314492
,,0.6647416353225708,1750314492
,,-2.306708574295044,1750314492
,,0.6537275910377502,1750314492
,,1.563210129737854,1750314493
,,0.3600415289402008,1750314493
,,-0.7967886924743652,1750314493
,,0.6751884818077087,1750314494
,,0.3794596493244171,1750314494
,,-0.3222353160381317,1750314495
,,0.7277834415435791,1750314496
,,-0.4042226076126098,1750314496
,,1.0199964046478271,1750314496
,,0.4047068059444427,1750314496
,,0.1382962614297866,1750314497
,,-0.7252582311630249,1750314497
,,-0.4134683012962341,1750314498
,,2.568845272064209,1750314498
,,-0.7765907049179077,1750314499
,,-0.0207545943558216,1750314499
,,-1.93685245513916,1750314500
,,0.0070789037272334,1750314500
,,0.7113741040229797,1750314500
,,0.0849214643239975,1750314502
,,-0.5553418397903442,1750314502
,,-0.5089821219444275,1750314502
,,-1.8228219747543333,1750314505
,,-0.8935662508010864,1750314506
,,0.662142813205719,1750314506
,,0.143829345703125,1750314507
,,-0.4101767838001251,1750314507
,,1.5674161911010742,1750314509
,,0.5819572806358337,1750314510
,,-0.4158876836299896,1750314510
,,0.6234332919120789,1750314510
,,-2.109367847442627,1750314510
,,-0.0318462662398815,1750314511
,,0.4115841090679168,1750314511
,,0.2522078156471252,1750314512
,,-0.3929255306720733,1750314513
,,-0.0854914709925651,1750314513
,,-1.4491788148880005,1750314513
,,-0.4551253616809845,1750314513
,,-0.2984613180160522,1750314514
,,0.3449554145336151,1750314515
,,-0.6257447004318237,1750314515
,,-0.0081314677372574,1750314515
,,0.2296013385057449,1750314515
,,0.1391390264034271,1750314516
,,0.4790784120559692,1750314517
,,0.7492424249649048,1750314517
,,0.6912506818771362,1750314517
,,0.3121349513530731,1750314517
,,-0.4269356429576874,1750314517
,,-0.3676784038543701,1750314518
,,-0.3226561844348907,1750314518
,,0.5763065218925476,1750314519
,,0.3976892828941345,1750314519
,,-0.351626455783844,1750314520
,,0.5405426025390625,1750314520
,,0.5587087273597717,1750314520
,,-0.2191468775272369,1750314520
,,-1.125188946723938,1750314521
,,0.0539321862161159,1750314521
,,0.7799565196037292,1750314522
,,-0.3263690173625946,1750314523
,,0.7976307272911072,1750314524
,,0.5478004813194275,1750314524
,,0.6899126172065735,1750314525
,,0.5831122398376465,1750314525
,,-0.2271729260683059,1750314525
,,-0.1842246055603027,1750314525
,,1.031355619430542,1750314526
,,0.5087608695030212,1750314526
,,-0.8064674735069275,1750314528
,,-0.6204869151115417,1750314528
,,-0.0063850861042737,1750314528
,,0.3075080215930938,1750314529
,,-0.131206214427948,1750314530
,,-0.3873496353626251,1750314530
,,-0.595661997795105,1750314531
,,-0.0428431518375873,1750314531
,,-0.6381592154502869,1750314532
,,0.6786270141601562,1750314532
,,-0.004976125434041,1750314532
,,-1.0486085414886477,1750314533
,,0.8594853281974792,1750314533
,,0.3881169855594635,1750314533
,,0.8350782990455627,1750314533
,,0.8527511954307556,1750314534
,,2.5646402835845947,1750314535
,,0.0291683468967676,1750314535
,,-0.3376984000205993,1750314536
,,0.7845863699913025,1750314536
,,-0.2495899051427841,1750314537
,,0.5689113140106201,1750314537
,,-0.617542564868927,1750314537
,,-0.413047194480896,1750314537
,,-0.2348638623952865,1750314537
,,0.2984618544578552,1750314537
,,0.99413001537323,1750314538
,,1.6423145532608032,1750314539
,,0.7082901000976562,1750314539
,,-0.3089813590049743,1750314540
,,2.48783802986145,1750314540
,,-0.0286865234375,1750314540
,,0.2603084444999695,1750314541
,,-0.2354841977357864,1750314541
,,0.0975450351834297,1750314541
,,-0.3955544531345367,1750314542
,,-0.1401898562908172,1750314542
,,1.877100944519043,1750314543
,,0.1564524322748184,1750314544
,,0.4578593075275421,1750314544
,,0.4399771988391876,1750314545
,,-0.6642467379570007,1750314545
,,-0.2746141850948334,1750314546
,,-2.499619722366333,1750314547
,,-0.3743368089199066,1750314547
,,-0.0129065886139869,1750314547
,,0.4858416020870209,1750314547
,,0.2948115468025207,1750314547
,,-0.7732273936271667,1750314548
,,0.4798437058925628,1750314549
,,1.7172099351882937,1750314549
,,-0.627219021320343,1750314549
,,1.3675507307052612,1750314549
,,-0.9474263787269592,1750314549
,,0.392924964427948,1750314550
,,0.0065957587212324,1750314550
,,-0.6180354952812195,1750314551
,,-0.6819223165512085,1750314551
,,-2.062241554260254,1750314551
,,0.0270655695348978,1750314552
,,0.5392467379570007,1750314553
,,-1.4420274496078491,1750314553
,,0.5535847544670105,1750314553
,,2.0403614044189453,1750314553
,,0.0276333726942539,1750314554
,,-0.8380246162414551,1750314555
,,0.8291884064674377,1750314555
,,0.278402179479599,1750314555
,,-0.4807592332363128,1750314555
,,0.591633141040802,1750314555
,,1.2283505201339722,1750314555
,,0.4047041237354278,1750314556
,,0.5788304209709167,1750314556
,,-0.0058171041309833,1750314556
,,0.8927236199378967,1750314556
,,-0.4769721329212188,1750314557
,,0.6621434092521667,1750314557
,,0.0865437388420105,1750314557
,,-0.6739249229431152,1750314557
,,0.2327587306499481,1750314557
,,0.6457343101501465,1750314559
,,0.2835564017295837,1750314559
,,-0.4549137949943542,1750314560
,,0.6803415417671204,1750314560
,,-0.835921049118042,1750314560
,,-0.5540053844451904,1750314561
,,-0.967621386051178,1750314561
,,0.6461538076400757,1750331677
,,-0.3173980712890625,1750331677
,,0.4405766725540161,1750331678
,,-0.3238419592380523,1750331678
,,-2.4407124519348145,1750331678
,,0.0045529818162322,1750331678
,,-0.5693734884262085,1750331679
,,-1.4260379076004028,1750331679
,,0.4052631556987762,1750331679
,,-0.5142108798027039,1750331679
,,-0.6235063672065735,1750331680
,,1.2682503461837769,1750331680
,,0.4129111170768738,1750331680
,,-0.8523300886154175,1750331680
,,-0.1023195683956146,1750331681
,,-1.7130030393600464,1750331681
,,-0.2580053806304931,1750331681
,,-0.2611606121063232,1750331681
,,0.4534419178962707,1750331682
,,-0.5458743572235107,1750331682
,,0.5914535522460938,1750331682
,,-1.0460834503173828,1750331682
,,-0.610462486743927,1750331683
,,-0.0255303010344505,1750331683
,,0.0470523461699485,1750331684
,,0.394847571849823,1750331685
,,-0.4618565440177917,1750331685
,,0.148605078458786,1750331685
,,1.2509982585906982,1750331685
,,-0.2079960703849792,1750331686
,,0.0901812016963958,1750331686
,,-1.8741573095321653,1750331687
,,1.0692261457443235,1750331687
,,-1.22995924949646,1750331688
,,0.2366397529840469,1750331688
,,-0.8110952377319336,1750331689
,,0.5018301606178284,1750331689
,,0.3552656769752502,1750331690
,,0.5477676391601562,1750331690
,,-0.1107368469238281,1750331691
,,0.3200583755970001,1750331691
,,0.5733606815338135,1750331692
,,-0.0943263098597526,1750331692
,,-0.8216153383255005,1750331694
,,1.0250463485717771,1750331694
,,-0.3617131114006042,1750331694
,,0.4320572912693023,1750331694
,,-0.4572285711765289,1750331695
,,0.7419536113739014,1750331695
,,-2.1038975715637207,1750331695
,,-0.5239210724830627,1750331696
,,-0.5497976541519165,1750331696
,,-0.3615775406360626,1750331696
,,1.3608198165893557,1750331697
,,-1.624220609664917,1750331698
,,1.848070502281189,1750331699
,,0.7155805230140686,1750331699
,,-0.3058248460292816,1750331700
,,-1.584247589111328,1750331700
,,-1.298964262008667,1750331700
,,2.700326681137085,1750331700
,,-0.572909414768219,1750331701
,,0.8350788354873657,1750331701
,,-0.2511253356933594,1750331701
,,-0.709763765335083,1750331701
,,-0.143829196691513,1750331702
,,0.3636803030967712,1750331702
,,-1.9646247625350952,1750331703
,,0.2306541949510574,1750331704
,,-1.6839704513549805,1750331704
,,2.106001615524292,1750331704
,,-0.4984635412693023,1750331706
,,-0.2153600454330444,1750331706
,,0.203788161277771,1750331706
,,-0.5257075428962708,1750331706
,,-0.9516342878341676,1750331707
,,0.4938037395477295,1750331707
,,-0.189061090350151,1750331707
,,-0.5274957418441772,1750331707
,,0.3205828964710235,1750331707
,,1.6162266731262207,1750331708
,,-0.0697760805487632,1750331709
,,0.212204560637474,1750331709
,,-0.3083501756191253,1750331710
,,-0.178751990199089,1750331711
,,1.2682501077651978,1750331711
,,-1.2177575826644895,1750331712
,,1.1887246370315552,1750331712
,,0.8822053670883179,1750331712
,,0.6358334422111511,1750331714
,,0.2194938510656356,1750331714
,,-0.0880150496959686,1750331714
,,-0.3079299926757812,1750331714
,,-0.6054130792617798,1750331714
,,-2.304604768753052,1750331715
,,0.8830478191375732,1750331715
,,-0.2180293053388595,1750331716
,,-0.5419833660125732,1750331716
,,0.3596848547458648,1750331717
,,0.1280494034290313,1750331718
,,0.4635411500930786,1750331719
,,0.9819270968437196,1750331719
,,2.6235480308532715,1750331720
,,-0.4425747096538543,1750331720
,,-1.0101194381713867,1750331721
,,-0.8485437035560608,1750331721
,,0.5556564331054688,1750331723
,,0.4225888550281524,1750331723
,,-1.8539607524871824,1750331724
,,-0.5709099769592285,1750331724
,,-1.750872254371643,1750331724
,,-0.3710456192493438,1750331725
,,-0.7030315399169922,1750331726
,,-0.321319431066513,1750331726
,,-0.81488037109375,1750331726
,,-0.8439154624938965,1750331726
,,0.006595610640943,1750331727
,,-2.2869319915771484,1750331727
,,1.2451071739196775,1750331728
,,-0.227169319987297,1750331728
,,0.287836492061615,1750331728
,,0.3829624354839325,1750331729
,,-0.3531617224216461,1750331729
,,-0.7976307272911072,1750331730
,,0.1359830945730209,1750331730
,,0.7429308891296387,1750331730
,,1.909921407699585,1750331731
,,0.4854200482368469,1750331732
,,2.0109074115753174,1750331732
,,-0.39797443151474,1750331733
,,-1.8329222202301023,1750331733
,,0.7643895745277405,1750331733
,,0.7332493662834167,1750331734
,,-0.5943987965583801,1750331734
,,1.5564770698547363,1750331734
,,0.5025352835655212,1750331735
,,-0.5207654237747192,1750331735
,,-0.4526742696762085,1750331736
,,-0.1627631485462188,1750331736
,,0.4944657385349273,1750331736
,,2.2322328090667725,1750331737
,,0.1391378492116928,1750331737
,,0.0970635041594505,1750331737
,,-0.4639610648155212,1750331737
,,0.7887942790985107,1750331738
,,1.8064125776290891,1750331738
,,0.4408187866210937,1750331739
,,-0.913763165473938,1750331739
,,-0.5830406546592712,1750331739
,,-0.3004602193832397,1750331740
,,-0.829190731048584,1750331740
,,-0.4556520879268646,1750331741
,,-0.423639714717865,1750331741
,,-0.2948854565620422,1750331741
,,1.4521262645721436,1750331744
,,2.46491813659668,1750331746
,,0.2830294072628021,1750331746
,,-0.0470521971583366,1750331747
,,0.7433207035064697,1750331747
,,-0.8510677218437195,1750331748
,,-0.0640308782458305,1750331748
,,-1.9637809991836548,1750331748
,,0.7176846265792847,1750331749
,,-0.2201361954212188,1750331749
,,-0.2643186151981354,1750331749
,,0.2096169888973236,1750331749
,,0.3016181290149688,1750331749
,,0.5945786237716675,1750331749
,,-0.3091900050640106,1750331750
,,0.8809421062469482,1750331750
,,-1.723097562789917,1750331750
,,0.4812128841876983,1750331751
,,1.608232021331787,1750331751
,,0.584900438785553,1750331751
,,-0.1490871608257293,1750331752
,,0.7677553296089172,1750331752
,,0.2743402123451233,1750331752
,,0.8346574902534485,1750331752
,,-0.0218059830367565,1750331753
,,-0.2012015283107757,1750331753
,,0.5501872897148132,1750331754
,,0.57967209815979,1750331755
,,-0.5003262758255005,1750331756
,,0.4803701341152191,1750331756
,,0.1829610913991928,1750331757
,,-0.1911644488573074,1750331757
,,0.4862612187862396,1750331757
,,-0.702190637588501,1750331758
,,-0.207511305809021,1750331758
,,0.4215360581874847,1750331759
,,-0.4955919682979584,1750331760
,,0.2380071431398391,1750331760
,,-0.092287503182888,1750331760
,,0.9571028351783752,1750331761
,,0.1023219153285026,1750331761
,,0.4446780681610107,1750331762
,,-0.7076597809791565,1750331762
,,-0.5128440856933594,1750331763
,,-1.0422967672348022,1750331763
,,-0.1917231678962707,1750331764
,,-0.0619260407984256,1750331764
,,-2.0260555744171143,1750331765
,,0.2256685346364975,1750331765
,,2.61933970451355,1750331765
,,0.2039988338947296,1750331765
,,-0.790899395942688,1750331765
,,-0.8216139078140259,1750331766
,,0.3667649328708648,1750331767
,,0.2674736380577087,1750331768
,,0.0596747770905494,1750331769
,,-1.284660577774048,1750331771
,,0.2958749532699585,1750331771
,,-0.2413758486509323,1750331771
,,0.4270069003105163,1750331772
,,0.2626976370811462,1750331772
,,-0.3633974492549896,1750331772
,,-1.4963067770004272,1750331775
,,1.146227240562439,1750331775
,,-0.2159281373023986,1750331776
,,-0.0255303010344505,1750331776
,,1.6221169233322144,1750331776
,,0.3994463384151459,1750331776
,,-0.6217492818832397,1750331776
,,0.3584211766719818,1750331777
,,-0.5173985362052917,1750331778
,,1.1087793111801147,1750331778
,,-0.5569510459899902,1750331778
,,-0.3489542305469513,1750331778
,,-0.6962244510650635,1750331778
,,-0.4665597677230835,1750331779
,,0.8073084950447083,1750331779
,,0.4416594803333282,1750331779
,,0.1680234670639038,1750331780
,,-0.4778456687927246,1750331780
,,-0.21746326982975,1750331781
,,0.527074933052063,1750331781
,,0.8279260993003845,1750331782
,,-0.6853596568107605,1750331783
,,0.4194371104240417,1750331783
,,0.4267968237400055,1750331784
,,0.8422324657440186,1750331784
,,0.2279833257198333,1750331784
,,-0.5387209057807922,1750331784
,,0.402285635471344,1750331785
,,0.5965768694877625,1750331785
,,0.0171790253371,1750331785
,,-0.2548376023769378,1750331785
,,-0.4122801423072815,1750331785
,,0.628060519695282,1750331786
,,-0.2162017673254013,1750331786
,,-0.1033621579408645,1750331786
,,0.3538244068622589,1750331786
,,0.5902650952339172,1750331786
,,-0.7896364331245422,1750331787
,,0.2847864925861358,1750331787
,,0.0307900123298168,1750331787
,,-2.469746351242065,1750331787
,,-0.4055750668048858,1750331787
,,-0.3179536759853363,1750331788
,,0.4568058848381042,1750331789
,,0.455197811126709,1750331789
,,-1.657461404800415,1750331790
,,0.3920088708400726,1750331790
,,0.2552578151226043,1750331790
,,0.6053390502929688,1750331790
,,-0.4612257778644562,1750331791
,,0.866216778755188,1750331791
,,0.6424410939216614,1750331792
,,0.6789737939834595,1750331792
,,0.1647943258285522,1750331793
,,-0.1208320260047912,1750331793
,,0.2111523300409317,1750331794
,,-0.8237181305885315,1750331794
,,-0.8464393019676208,1750331795
,,-0.0749705359339714,1750331798
,,0.4064941108226776,1750331799
,,-0.668454110622406,1750331799
,,0.822457492351532,1750331799
,,-1.4660104513168335,1750331799
,,-1.9254921674728396,1750331801
,,0.1911673843860626,1750331801
,,0.6411786675453186,1750331801
,,0.3920089900493622,1750331801
,,0.0068061556667089,1750331801
,,2.3052241802215576,1750331802
,,0.5312840342521667,1750331803
,,-3.2478835582733154,1750331803
,,0.42879518866539,1750331803
,,0.7431294322013855,1750331803
,,-0.3865394294261932,1750331803
,,-0.5645259022712708,1750331803
,,-0.6270833611488342,1750331804
,,0.2079967260360717,1750331804
,,0.3074347078800201,1750331804
,,-0.0712459236383438,1750331804
,,0.01885986328125,1750331804
,,0.6647415161132812,1750331805
,,0.2847868800163269,1750331806
,,0.1706958413124084,1750331806
,,-0.534227728843689,1750331807
,,0.2747204005718231,1750331807
,,-0.1532968282699585,1750331807
,,0.3288943767547607,1750331807
,,0.34109628200531,1750331807
,,-0.3615722358226776,1750331808
,,-0.0340083092451095,1750331808
,,-1.6528327465057373,1750331808
,,0.585563063621521,1750331809
,,-0.7176842093467712,1750331809
,,0.024477444589138,1750331809
,,-0.4618583023548126,1750331809
,,-1.5737274885177612,1750331809
,,0.6827569007873535,1750331809
,,0.4689013957977295,1750331810
,,-0.4412392675876617,1750331810
,,-1.59687077999115,1750331811
,,-0.5538687705993652,1750331811
,,-0.7370399832725525,1750331811
,,-0.4810749888420105,1750331812
,,-0.4172551035881042,1750331812
,,0.5116129517555237,1750331812
,,-0.630164623260498,1750331812
,,0.4682422280311584,1750331813
,,-0.8573801517486572,1750331814
,,-0.4483935832977295,1750331816
,,0.152243971824646,1750331817
,,0.1801629364490509,1750331817
,,-0.6390747427940369,1750331818
,,0.1829616725444793,1750331819
,,-0.1488783806562423,1750331819
,,0.7336745858192444,1750331819
,,-0.7622864246368408,1750331820
,,-0.4441845118999481,1750331822
,,-1.0298954248428345,1750331822
,,-2.805098056793213,1750331822
,,-1.4672757387161257,1750331823
,,1.0237830877304075,1750331823
,,0.100069336593151,1750331823
,,-0.9869774580001832,1750331823
,,-0.4202035665512085,1750331823
,,-0.4740577042102813,1750331825
,,-0.4816336929798126,1750331825
,,-0.552743136882782,1750331825
,,0.5272865295410156,1750331825
,,1.7634958028793335,1750331826
,,0.5880866050720215,1750331826
,,0.5082153677940369,1750331827
,,0.2796639502048492,1750331827
,,-0.4589115977287292,1750331827
,,-0.6146709322929382,1750331828
,,-0.1538649350404739,1750331830
,,-0.5890039205551147,1750331830
,,-0.7151598930358887,1750331830
,,1.501356840133667,1750331831
,,-0.507720947265625,1750331831
,,-2.319540023803711,1750331832
,,0.6852844953536987,1750331833
,,0.0859741792082786,1750331833
,,0.6638247966766357,1750331833
,,-0.2237748205661773,1750331833
,,-0.945740282535553,1750331835
,,-0.7013484835624695,1750331835
,,0.0424241088330745,1750331835
,,0.5363017916679382,1750331836
,,0.0181667618453502,1750331836
,,0.4189077317714691,1750331837
,,0.6060438752174377,1750331837
,,0.3489542305469513,1750331838
,,-0.8317128419876099,1750331838
,,0.3509533107280731,1750331838
,,-1.9431644678115845,1750331838
,,0.5304424166679382,1750331839
,,-2.209089517593384,1750331839
,,-0.2641683518886566,1750331839
,,0.571751594543457,1750331840
,,0.6390016674995422,1750331841
,,-0.9092307090759276,1750331842
,,-0.5897707939147949,1750331842
,,0.7854297161102295,1750331842
,,0.0565191395580768,1750331843
,,0.2942563593387604,1750331843
,,-0.4144909083843231,1750331843
,,-0.0428440384566783,1750331843
,,1.749188780784607,1750331844
,,0.7366238832473755,1750331845
,,-0.1396208554506302,1750331845
,,-0.4094825088977813,1750331845
,,-0.972659468650818,1750331845
,,0.4970656037330627,1750331846
,,-0.0291701108217239,1750331846
,,1.9006640911102293,1750331847
,,0.6188777089118958,1750331847
,,0.877156138420105,1750331847
,,1.9814540147781368,1750331848
,,0.9129204154014589,1750331848
,,-0.5986034274101257,1750331848
,,2.390639066696167,1750331849
,,-0.1695275604724884,1750331849
,,-0.3428532183170318,1750331849
,,0.3804374039173126,1750331850
,,0.4867547750473022,1750331850
,,-2.537489175796509,1750331850
,,-0.5016209483146667,1750331851
,,0.3400550186634063,1750331852
,,0.4227998852729797,1750331852
,,-0.0833869278430938,1750331853
,,-0.413120836019516,1750331853
,,-0.5441911816596985,1750331855
,,-0.8119360208511353,1750331856
,,-0.0228588376194238,1750331856
,,0.4845786392688751,1750331856
,,-0.2178849428892135,1750331856
,,0.3647334575653076,1750331858
,,0.7896355390548706,1750331858
,,-2.0092263221740723,1750331858
,,0.6104618906974792,1750331859
,,-0.8262457847595215,1750331859
,,-0.4450259506702423,1750331859
,,0.4403968155384063,1750331859
,,0.158870980143547,1750331860
,,0.2004227191209793,1750331860
,,0.6643526554107666,1750331860
,,-0.9301722645759584,1750331861
,,-0.3894855678081512,1750331861
,,-0.5039337873458862,1750331862
,,-1.380247712135315,1750331863
,,1.1038031578063965,1750331863
,,-0.530967116355896,1750331863
,,-0.1185830906033515,1750331864
,,0.3211188614368438,1750331865
,,0.4415233135223388,1750331865
,,0.185421273112297,1750331866
,,0.2136013209819793,1750331866
,,-1.544273853302002,1750331866
,,0.6221700310707092,1750331867
,,-0.5338084697723389,1750331867
,,-0.8817842602729797,1750331867
,,0.3676778078079223,1750331868
,,-0.1469850540161132,1750331868
,,-0.4642454087734222,1750331869
,,-0.4126245975494385,1750331869
,,0.8527511358261108,1750331869
,,0.5291789174079895,1750331870
,,-0.2458658814430236,1750331870
,,1.0298819541931152,1750331870
,,-0.376304030418396,1750331870
,,-0.4178982973098755,1750331870
,,1.062914490699768,1750331872
,,-0.4589107036590576,1750331872
,,0.0297382045537233,1750331872
,,0.3500072658061981,1750331872
,,-0.363470196723938,1750331873
,,0.2921512126922607,1750331873
,,0.5422233939170837,1750331874
,,-0.9061890840530396,1750331874
,,-0.1875892281532287,1750331875
,,0.3970600962638855,1750331876
,,0.3086971640586853,1750331876
,,-0.946783185005188,1750331877
,,-0.2717419862747192,1750331877
,,-0.3251069784164428,1750331877
,,0.4064207673072815,1750331877
,,0.275319904088974,1750331877
,,0.3238419592380523,1750331878
,,-0.4909632503986358,1750331879
,,-0.0091830044984817,1750331879
,,-0.8397087454795837,1750331879
,,-0.4488130509853363,1750331879
,,-0.6158586740493774,1750331880
,,0.5674699544906616,1750331880
,,0.868319571018219,1750331880
,,-0.2018948644399643,1750331880
,,3.215128898620605,1750331880
,,-0.393346905708313,1750331881
,,-0.125240609049797,1750331881
,,-0.8144612908363342,1750331882
,,-0.0084894774481654,1750331882
,,0.502250075340271,1750331882
,,-2.199202060699463,1750331883
,,0.4522841274738312,1750331883
,,-0.3545614182949066,1750331883
,,-0.2453818619251251,1750331883
,,0.0112868072465062,1750331884
,,-1.479057788848877,1750331884
,,-0.1338791400194168,1750331884
,,0.0197023972868919,1750331884
,,-0.4488126039505005,1750331884
,,0.3740210831165313,1750331884
,,3.307559013366699,1750331884
,,0.1717435270547866,1750331884
,,0.6390005946159363,1750331884
,,-0.2595402598381042,1750331885
,,-1.1988242864608765,1750331885
,,0.2674736380577087,1750331885
,,0.6083585023880005,1750331886
,,0.5105602145195007,1750331886
,,0.1656359136104583,1750331887
,,-0.2140232771635055,1750331887
,,0.3752517700195312,1750331888
,,0.401066780090332,1750331889
,,0.3726636171340942,1750331889
,,0.4472042918205261,1750331889
,,0.3293133974075317,1750331889
,,-0.6625648140907288,1750331890
,,-0.1892717480659485,1750331890
,,-0.4377353191375732,1750331892
,,-0.2346414476633072,1750331892
,,-0.8578003644943237,1750331892
,,0.4547776281833648,1750331893
,,-0.2363985329866409,1750331893
,,0.0591929480433464,1750331894
,,-0.4859146475791931,1750331894
,,-0.4997300207614898,1750331894
,,-0.2690077424049377,1750331894
,,-0.4227993190288543,1750331894
,,-0.0939052253961563,1750331895
,,2.2618846893310547,1750331895
,,0.5561094880104065,1750331897
,,0.6276399493217468,1750331897
,,-0.3289671540260315,1750331898
,,-0.0297376159578561,1750331898
,,0.3363314270973205,1750331898
,,0.294569730758667,1750331898
,,-0.0680929273366928,1750331899
,,0.0933356583118438,1750331899
,,0.0108055714517831,1750331900
,,-0.3415198624134063,1750331901
,,0.1035831198096275,1750331901
,,-0.332334041595459,1750331901
,,2.623547315597534,1750331901
,,0.8081512451171875,1750331902
,,-0.2132562398910522,1750331903
,,0.2210718244314193,1750331904
,,-2.005858421325684,1750331905
,,-0.6272177696228027,1750331905
,,-0.5045647025108337,1750331905
,,-0.0870267376303672,1750331905
,,-0.2311371862888336,1750331905
,,0.4320584535598755,1750331907
,,-0.4044212698936462,1750331908
,,0.2758882939815521,1750331909
,,0.5502923727035522,1750331909
,,0.3879816830158233,1750331909
,,-0.7143895030021667,1750331910
,,-0.3364676237106323,1750331912
,,0.7723848819732666,1750331912
,,0.9537352919578552,1750331913
,,1.0084362030029297,1750331914
,,-0.0838702246546745,1750331914
,,-0.3884438574314117,1750331914
,,-0.5444018840789795,1750331915
,,-0.3484702408313751,1750331915
,,0.3200686275959015,1750331916
,,-0.2195679545402526,1750331916
,,1.633056879043579,1750331917
,,0.6554113030433655,1750331917
,,0.7711234092712402,1750331917
,,-0.0491567738354206,1750331917
,,-1.3284207582473757,1750331918
,,-0.14481882750988,1750331918
,,-0.9808651804924012,1750331919
,,0.4699248969554901,1750331919
,,-0.374757707118988,1750331919
,,-0.6815723180770874,1750331920
,,-0.3176069855690002,1750331920
,,0.4373168647289276,1750331920
,,-0.2284038960933685,1750331920
,,0.0622000955045223,1750331921
,,0.2716803848743438,1750331921
,,0.7698610424995422,1750331922
,,0.1223079934716224,1750331923
,,-0.7357776761054993,1750331923
,,-0.2018209546804428,1750331923
,,-0.840129017829895,1750331924
,,0.2595405578613281,1750331924
,,0.3940822780132293,1750331925
,,0.1010572016239166,1750331926
,,0.684967041015625,1750331926
,,2.502985715866089,1750331926
,,0.8594841361045837,1750331926
,,-0.2132556587457656,1750331927
,,-0.1943215578794479,1750331927
,,0.4073773622512817,1750331929
,,0.526653528213501,1750331930
,,-0.2533774673938751,1750331932
,,0.3701286315917969,1750331932
,,0.3440434336662292,1750331934
,,0.5507444143295288,1750331934
,,0.2057879418134689,1750331935
,,0.4249038398265838,1750331935
,,0.4341600835323334,1750331936
,,-0.538857102394104,1750331936
,,0.4381889700889587,1750331936
,,0.2995159327983856,1750331936
,,-0.8009963035583496,1750331937
,,-0.0765069797635078,1750331937
,,0.790899395942688,1750331937
,,-1.4979904890060425,1750331939
,,0.5592340230941772,1750331939
,,-0.1633224487304687,1750331939
,,-0.1404636055231094,1750331939
,,-0.7555536031723022,1750331939
,,-0.6213278770446777,1750331939
,,0.5093994140625,1750331939
,,0.6463332176208496,1750331940
,,0.8413901329040527,1750331940
,,-0.2351361364126205,1750331940
,,-0.0728670954704284,1750331940
,,1.3111695051193235,1750331941
,,0.3815647959709167,1750331941
,,-0.3482489883899688,1750331941
,,0.255902498960495,1750331942
,,1.2922338247299194,1750331942
,,-0.722734272480011,1750331943
,,0.6953837871551514,1750331944
,,-0.330966055393219,1750331944
,,-2.015536069869995,1750331944
,,-0.0794514641165733,1750331945
,,0.8258217573165894,1750331946
,,-0.3503532111644745,1750331946
,,-1.4550713300704956,1750331947
,,0.2516825795173645,1750331948
,,0.51634681224823,1750331949
,,0.1149437949061393,1750331949
,,-0.5571582317352295,1750331949
,,-1.5930832624435425,1750331950
,,0.3213198184967041,1750331950
,,-0.8409693837165833,1750331952
,,0.119245670735836,1750331952
,,-0.6061812043190002,1750331952
,,-0.2584888041019439,1750331952
,,-0.4155420064926147,1750331952
,,0.4761628210544586,1750331953
,,-0.7084984183311462,1750331954
,,0.6525391340255737,1750331954
,,0.2395559400320053,1750331954
,,0.8325535655021667,1750331954
,,-1.1803823709487915,1750331955
,,-0.6903347373008728,1750331956
,,-0.0154947135597467,1750331956
,,-0.7450346350669861,1750331956
,,2.506571054458618,1750331957
,,-0.291445791721344,1750331957
,,1.5799038410186768,1750331957
,,0.8258220553398132,1750331957
,,1.4382405281066897,1750331957
,,0.2779805064201355,1750331958
,,-1.231223464012146,1750331960
,,-0.421642005443573,1750331960
,,0.2624118328094482,1750331960
,,0.5498721599578857,1750331960
,,-0.4694307446479797,1750331960
,,1.730675458908081,1750331961
,,1.4100470542907717,1750331961
,,-0.1269984543323516,1750331962
,,0.4575118720531463,1750331962
,,0.1983525156974792,1750331964
,,0.5603166222572327,1750331964
,,-0.1049088686704635,1750331964
,,0.4888603687286377,1750331964
,,0.8110949993133545,1750331965
,,0.5460853576660156,1750331965
,,0.3946392238140106,1750331965
,,1.4230945110321045,1750331965
,,-0.5493768453598022,1750331966
,,-0.4117853939533233,1750331967
,,1.1180353164672852,1750331967
,,-1.6187505722045898,1750331967
,,2.429152250289917,1750331968
,,-2.2704455852508545,1750331969
,,-0.6832553744316101,1750331970
,,0.4514113068580627,1750331971
,,-0.1328260004520416,1750331972
,,0.4493075013160705,1750331972
,,-0.5473474264144897,1750331972
,,-1.1176117658615112,1750331973
,,-0.5784096121788025,1750331973
,,-0.7080072164535522,1750331974
,,0.5566036105155945,1750331975
,,2.0340499877929688,1750331975
,,0.4417360723018646,1750331975
,,-0.3423579037189483,1750331976
,,1.2219666242599487,1750331976
,,0.3112968802452087,1750331977
,,0.3113250732421875,1750331977
,,-0.2784001231193542,1750331978
,,-0.7639691233634949,1750331978
,,-0.8771567344665527,1750331978
,,0.884086549282074,1750331979
,,0.3647325932979584,1750331980
,,0.4152256846427917,1750331980
,,1.193354606628418,1750331980
,,0.5396991968154907,1750331980
,,0.86327064037323,1750331982
,,0.0949577912688255,1750331982
,,-0.0647242441773414,1750331982
,,-0.6200658082962036,1750331982
,,-1.7857959270477295,1750331982
,,-0.4797093272209167,1750331982
,,-0.4185177683830261,1750331983
,,-0.4050536155700683,1750331984
,,0.8552756905555725,1750331984
,,-0.0133907599374651,1750331984
,,-0.4127000570297241,1750331985
,,0.5211859345436096,1750331985
,,-0.5253929495811462,1750331987
,,0.8754741549491882,1750331988
,,-1.4950441122055054,1750331988
,,0.6390005350112915,1750331989
,,0.6007103323936462,1750331989
,,0.2017904371023178,1750331990
,,0.0539321899414062,1750331990
,,0.2546392679214477,1750331990
,,-2.1859476566314697,1750331990
,,1.487050175666809,1750331991
,,0.834237277507782,1750331992
,,0.0817658305168151,1750331993
,,0.2287503480911255,1750331993
,,0.3539393246173858,1750331993
,,0.72701495885849,1750331994
,,-0.5047736167907715,1750331995
,,1.4197261333465576,1750331995
,,1.607811450958252,1750331995
,,0.7126359343528748,1750331996
,,0.3462192714214325,1750331997
,,-0.3310714662075043,1750331997
,,-0.5678907036781311,1750331998
,,0.6630594730377197,1750331998
,,-1.4066824913024902,1750331998
,,0.9707682132720948,1750331998
,,0.2973350882530212,1750331998
,,-0.2033010572195053,1750331999
,,-0.5406893491744995,1750331999
,,-0.1585560292005539,1750332000
,,0.1795947700738906,1750332001
,,0.122307114303112,1750332001
,,-0.629530668258667,1750332001
,,0.1490889340639114,1750332001
,,-0.6024680137634277,1750332002
,,-1.1192972660064695,1750332002
,,1.934748649597168,1750332002
,,-0.461434543132782,1750332003
,,-0.2149400115013122,1750332003
,,0.3327546119689941,1750332003
,,0.5937366485595703,1750332003
,,-0.3990261256694793,1750332003
,,-0.444195955991745,1750332003
,,-0.1964246183633804,1750332004
,,-0.1846442371606826,1750332004
,,0.9791811108589172,1750332005
,,0.3558226227760315,1750332006
,,-0.2037858217954635,1750332006
,,0.4110177755355835,1750332006
,,-0.8569592833518982,1750332007
,,0.4594057202339172,1750332007
,,-0.7361977696418762,1750332008
,,-1.689860701560974,1750332008
,,0.6600083112716675,1750332008
,,-0.2637493312358856,1750332009
,,-0.5752429962158203,1750332009
,,0.3776726126670837,1750332009
,,-1.7462403774261477,1750332009
,,-0.2699555456638336,1750332009
,,-0.4786570370197296,1750332010
,,-0.0139591870829463,1750332010
,,0.649172842502594,1750332010
,,0.9663590788841248,1750332010
,,0.3676784038543701,1750332011
,,0.7071651816368103,1750332012
,,-0.542508602142334,1750332012
,,-1.385224461555481,1750332012
,,-0.6368969678878784,1750332012
,,-0.2644101679325104,1750332013
,,-0.1112196967005729,1750332013
,,0.5338093638420105,1750332014
,,-0.7157803773880005,1750332014
,,-0.8590633273124695,1750332014
,,-0.2232906520366668,1750332014
,,0.26788330078125,1750332015
,,0.8582208752632141,1750332015
,,0.3587693572044372,1750332016
,,0.5234674215316772,1750332016
,,0.7850083112716675,1750332017
,,-0.3470611572265625,1750332017
,,0.238009512424469,1750332017
,,-0.6159324645996094,1750332019
,,0.3344714641571045,1750332019
,,-0.2712485790252685,1750332020
,,0.8026800751686096,1750332020
,,-0.155295729637146,1750332020
,,-0.350352942943573,1750332022
,,2.281465768814087,1750332023
,,-0.2069455534219741,1750332023
,,-0.4071564078330993,1750332024
,,0.2357025295495987,1750332024
,,-0.2769398987293243,1750332024
,,0.3915997743606567,1750332024
,,0.7934218049049377,1750332025
,,-0.0949577912688255,1750332026
,,0.5669432282447815,1750332026
,,-1.925912618637085,1750332028
,,-0.2548376023769378,1750332029
,,-0.2169811427593231,1750332030
,,-0.3968587815761566,1750332030
,,0.2311386615037918,1750332030
,,-1.4159399271011353,1750332031
,,-0.2361244857311248,1750332032
,,-0.4479713141918182,1750332033
,,-0.7736481428146362,1750332033
,,0.8746320009231567,1750332033
,,0.214310273528099,1750332033
,,-1.3898526430130005,1750332033
,,-0.6899138689041138,1750332033
,,-0.3489855229854584,1750332037
,,-0.630585253238678,1750332037
,,-0.1454508751630783,1750332037
,,-1.4920976161956787,1750332037
,,-0.3043524622917175,1750332037
,,0.6238496899604797,1750332037
,,1.3310930728912354,1750332037
,,-0.9045045971870422,1750332038
,,1.5165355205535889,1750332038
,,-0.3668371140956878,1750332038
,,0.2190839201211929,1750332039
,,0.1307115405797958,1750332039
,,-0.3842359483242035,1750332040
,,1.3843811750411987,1750332040
,,-0.3129046559333801,1750332040
,,-0.1859377324581146,1750332040
,,-0.3129046559333801,1750332041
,,-0.1136815100908279,1750332041
,,0.4260914325714111,1750332042
,,0.1749068051576614,1750332042
,,2.663097620010376,1750332042
,,-0.0922851487994194,1750332043
,,-0.7993137240409851,1750332043
,,0.1366758793592453,1750332043
,,-0.2321907877922058,1750332044
,,0.5569517016410828,1750332044
,,-0.115428626537323,1750332044
,,-0.1843701750040054,1750332044
,,-0.4702717661857605,1750332046
,,-0.3641321957111358,1750332046
,,-0.481634259223938,1750332046
,,-0.2432790845632553,1750332047
,,0.4753953814506531,1750332047
,,-0.7274363040924072,1750332047
,,0.209469199180603,1750332047
,,0.3545606136322021,1750332047
,,-0.774489164352417,1750332048
,,0.9535145163536072,1750332049
,,0.2493732124567031,1750332049
,,0.3680983185768127,1750332050
,,-1.283819317817688,1750332051
,,-0.0964918807148933,1750332051
,,-1.4664322137832642,1750332051
,,0.6301651000976562,1750332052
,,0.5406141877174377,1750332052
,,-0.8291872143745422,1750332053
,,1.563207745552063,1750332053
,,0.227980375289917,1750332054
,,-0.7719643712043762,1750332054
,,0.3718863129615783,1750332054
,,0.2977565228939056,1750332055
,,0.4446049928665161,1750332055
,,-0.6604602336883545,1750332057
,,0.3321239650249481,1750332057
,,-0.4807912707328796,1750332057
,,-0.4757432043552398,1750332057
,,0.4683476686477661,1750332058
,,1.5362800359725952,1750332059
,,0.1354135274887085,1750332059
,,0.563757061958313,1750332059
,,0.2101001739501953,1750332059
,,-0.1248940452933311,1750332061
,,-0.1490889191627502,1750332061
,,-0.6415258049964905,1750332061
,,-0.0691410899162292,1750332062
,,0.458385169506073,1750332062
,,0.0775580778717994,1750332062
,,-0.104907102882862,1750332062
,,-0.0060260482132434,1750332062
,,0.4552013576030731,1750332063
,,-0.1780592054128646,1750332063
,,-1.591825008392334,1750332063
,,1.3763891458511353,1750332064
,,0.4127005636692047,1750332064
,,0.0163359623402357,1750332064
,,0.70001220703125,1750332064
,,-0.8914618492126465,1750332065
,,0.3952692449092865,1750332066
,,2.59409499168396,1750332067
,,0.4502856731414795,1750332067
,,0.6167003512382507,1750332067
,,0.5893190503120422,1750332068
,,-0.255332350730896,1750332068
,,-0.4635403454303741,1750332068
,,0.3521094620227813,1750332068
,,0.1838035583496093,1750332069
,,0.5342283844947815,1750332070
,,-0.8127781748771667,1750332070
,,0.0428443290293216,1750332070
,,-0.2626964747905731,1750332070
,,0.6183834075927734,1750332071
,,-1.8480710983276367,1750332071
,,-0.4475531876087188,1750332072
,,0.0270667430013418,1750332073
,,-1.128132700920105,1750332073
,,0.3480382859706878,1750332073
,,0.2533774971961975,1750332074
,,0.507299542427063,1750332074
,,-1.095733642578125,1750332075
,,0.3521099984645843,1750332075
,,0.6811505556106567,1750332076
,,1.940218448638916,1750332076
,,-0.0676070004701614,1750332077
,,2.210773706436157,1750332078
,,-0.6155113577842712,1750332078
,,0.3037214875221252,1750332078
,,0.0507765524089336,1750332080
,,0.6705574989318848,1750332080
,,0.0497246123850345,1750332080
,,-1.391535758972168,1750332082
,,-1.0978375673294067,1750332082
,,1.2236483097076416,1750332082
,,-0.4010250270366668,1750332082
,,0.9690827131271362,1750332083
,,2.513306140899658,1750332084
,,0.0502090416848659,1750332084
,,0.2464217990636825,1750332084
,,-2.603350877761841,1750347439
,,-0.1966693550348281,1750347439
,,0.3621039688587188,1750347440
,,-0.0076481751166284,1750347440
,,-0.3075085878372192,1750347441
,,0.7879509925842285,1750347441
,,-0.2818415760993957,1750347441
,,-0.2847137451171875,1750347442
,,-0.4774257838726043,1750347442
,,0.2876592576503753,1750347442
,,0.4509909451007843,1750347443
,,-0.3933457434177398,1750347443
,,0.7197893261909485,1750347444
,,-2.119884729385376,1750347445
,,-0.3592628538608551,1750347445
,,0.5872462391853333,1750347445
,,-0.7799585461616516,1750347446
,,0.5514796376228333,1750347447
,,-0.245865449309349,1750347447
,,-0.1780586242675781,1750347448
,,-0.7496622800827026,1750347448
,,0.5317781567573547,1750347448
,,0.5473779439926147,1750347449
,,0.7576584219932556,1750347449
,,0.6255363821983337,1750347449
,,-0.7038720846176147,1750347449
,,-0.4467820227146148,1750347449
,,0.5990277528762817,1750347450
,,1.332207202911377,1750347450
,,0.4465713500976562,1750347451
,,0.1736285835504531,1750347452
,,-0.2138261049985885,1750347452
,,-0.4215683341026306,1750347452
,,0.2939693629741668,1750347453
,,0.2016848027706146,1750347453
,,0.4374524354934692,1750347453
,,0.7319913506507874,1750347453
,,0.5237840414047241,1750347453
,,0.5774629712104797,1750347456
,,-1.005268931388855,1750347456
,,0.703377902507782,1750347457
,,0.768596887588501,1750347458
,,0.6025930047035217,1750347458
,,0.4468195736408233,1750347459
,,-1.6065481901168823,1750347459
,,-1.9200215339660645,1750347460
,,0.23639677464962,1750347460
,,1.5977120399475098,1750347460
,,-0.9146044850349426,1750347461
,,0.3216047883033752,1750347461
,,-1.279613733291626,1750347461
,,-0.0139588564634323,1750347461
,,-0.1965725272893905,1750347461
,,-2.5528576374053955,1750347463
,,-0.0638832673430442,1750347463
,,1.617490291595459,1750347464
,,2.0714991092681885,1750347464
,,1.946107625961304,1750347465
,,-0.189199298620224,1750347465
,,0.0408882722258567,1750347466
,,0.2211884707212448,1750347466
,,1.6271663904190063,1750347467
,,0.071814902126789,1750347467
,,0.4626981019973755,1750347467
,,-2.089592218399048,1750347468
,,0.4345808625221252,1750347468
,,-1.4201477766036987,1750347468
,,0.079178437590599,1750347469
,,-1.7184730768203735,1750347469
,,0.4772902131080627,1750347470
,,0.0291724558919668,1750347470
,,-0.259057343006134,1750347471
,,0.31374591588974,1750347471
,,1.0176825523376465,1750347471
,,0.2302328497171402,1750347472
,,0.0964918807148933,1750347473
,,0.0840060785412788,1750347473
,,-0.1023230850696563,1750347473
,,-2.384749174118042,1750347473
,,0.7493156790733337,1750347474
,,-0.5926836133003235,1750347475
,,-0.4008445739746094,1750347475
,,-0.791318416595459,1750347475
,,0.4273646175861358,1750347476
,,0.4514124691486358,1750347477
,,0.8603245615959167,1750347477
,,0.5380178689956665,1750347477
,,0.2289311289787292,1750347478
,,-0.5626214742660522,1750347478
,,-0.411858469247818,1750347478
,,-0.3211208283901214,1750347478
,,-0.4533022344112396,1750347479
,,-0.2647998332977295,1750347479
,,-0.4012656509876251,1750347480
,,0.3155341446399688,1750347480
,,-0.1839499920606613,1750347480
,,0.2700600028038025,1750347480
,,0.6794996857643127,1750347481
,,-0.3015443384647369,1750347481
,,-2.054668664932251,1750347481
,,0.4299526214599609,1750347481
,,0.3666258454322815,1750347481
,,-0.4833890199661255,1750347482
,,-0.5776422619819641,1750347482
,,0.2506421208381653,1750347482
,,0.4806530177593231,1750347483
,,-0.0084891952574253,1750347485
,,-1.4033167362213137,1750347485
,,0.7814183831214905,1750347486
,,0.275888592004776,1750347486
,,0.8321333527565002,1750347486
,,-0.085972711443901,1750347486
,,0.473638653755188,1750347486
,,0.0516087375581264,1750347487
,,-0.0638826787471771,1750347489
,,-0.5897707939147949,1750347489
,,-0.6015521883964539,1750347489
,,-0.810253381729126,1750347490
,,0.5171555280685425,1750347490
,,-0.5802717804908752,1750347490
,,0.2327599078416824,1750347491
,,-0.0928532481193542,1750347491
,,-0.534828782081604,1750347491
,,-0.3620311915874481,1750347492
,,0.343694806098938,1750347492
,,1.9330637454986568,1750347492
,,0.4822651743888855,1750347492
,,-0.734938383102417,1750347492
,,0.582617461681366,1750347492
,,-0.0539327748119831,1750347493
,,-0.3554006516933441,1750347493
,,0.2243435084819793,1750347493
,,0.5593393445014954,1750347495
,,0.0328938029706478,1750347495
,,0.4223040044307709,1750347495
,,-0.1033718362450599,1750347495
,,0.425670325756073,1750347496
,,-0.3609478175640106,1750347496
,,0.5847952365875244,1750347496
,,0.8786186575889587,1750347497
,,-0.1326161921024322,1750347498
,,0.0081302924081683,1750347498
,,0.0333791859447956,1750347500
,,0.766493558883667,1750347500
,,0.3801950216293335,1750347501
,,0.6491734385490417,1750347501
,,0.9606674909591676,1750347502
,,0.4499376714229584,1750347502
,,0.6066014170646667,1750347502
,,0.0371023304760456,1750347503
,,-0.0118553452193737,1750347503
,,0.7282039523124695,1750347504
,,0.7441928386688232,1750347504
,,-0.7757501006126404,1750347505
,,-0.6525391340255737,1750347505
,,0.8540132641792297,1750347505
,,0.2179159373044967,1750347506
,,-0.4649816453456878,1750347506
,,-0.2664205133914947,1750347506
,,-0.3868232071399688,1750347507
,,-0.1980461627244949,1750347507
,,0.5208387970924377,1750347507
,,-0.5207648873329163,1750347507
,,2.0891706943511963,1750347507
,,0.6520438194274902,1750347507
,,-0.5094040632247925,1750347508
,,-0.601205050945282,1750347508
,,-0.2106710523366928,1750347509
,,-0.8123582005500793,1750347509
,,-0.0449453480541706,1750347509
,,0.3143765330314636,1750347509
,,-0.7559743523597717,1750347510
,,0.8220353722572327,1750347510
,,-0.534934401512146,1750347511
,,0.5119285583496094,1750347511
,,0.851489245891571,1750347512
,,-0.3737176656723022,1750347512
,,-0.5561094284057617,1750347513
,,0.1780589073896408,1750347515
,,-0.188010573387146,1750347515
,,0.7101845741271973,1750347515
,,0.7744885683059692,1750347516
,,-1.389430046081543,1750347517
,,1.516924262046814,1750347517
,,-0.0916530713438987,1750347517
,,-0.2262273579835891,1750347517
,,0.0703422799706459,1750347518
,,1.3099048137664795,1750347518
,,0.0007688080077059,1750347518
,,0.6284511089324951,1750347519
,,-0.545171856880188,1750347519
,,0.2206203639507293,1750347519
,,0.2222413122653961,1750347519
,,1.4369776248931885,1750347520
,,0.3213201761245727,1750347520
,,-0.5056175589561462,1750347520
,,0.0181673467159271,1750347520
,,-1.4693766832351685,1750347521
,,0.1170513406395912,1750347521
,,0.6352878212928772,1750347522
,,-0.8346580862998962,1750347522
,,-2.07991361618042,1750347522
,,0.0171150788664817,1750347523
,,0.694122314453125,1750347523
,,0.1564518809318542,1750347524
,,-0.2435516566038131,1750347524
,,0.7471383810043335,1750347524
,,0.4547165930271148,1750347524
,,0.613409161567688,1750347525
,,-0.240605279803276,1750347526
,,0.5081417560577393,1750347526
,,0.1006992012262344,1750347526
,,-0.6722414493560791,1750347527
,,-1.2825568914413452,1750347528
,,0.6221700310707092,1750347528
,,-0.687569797039032,1750347528
,,-0.4135428071022033,1750347528
,,-0.4273552298545837,1750347528
,,0.9432165622711182,1750347529
,,0.947845697402954,1750347529
,,1.5930832624435425,1750347530
,,-0.0765061005949974,1750347530
,,0.9697253704071044,1750347530
,,-0.8081506490707397,1750347530
,,-0.7908990979194641,1750347531
,,0.3782278001308441,1750347531
,,0.4136901199817657,1750347532
,,1.4491794109344482,1750347532
,,-0.3929243683815002,1750347533
,,0.3095500469207763,1750347533
,,0.2064500153064727,1750347533
,,0.2111517041921615,1750347533
,,-0.4373158514499664,1750347534
,,0.465823233127594,1750347535
,,-0.4799493253231048,1750347535
,,-2.357398271560669,1750347535
,,0.0044925394468009,1750347536
,,-0.7063974142074585,1750347536
,,-0.1690755933523178,1750347536
,,-0.2274997383356094,1750347537
,,-0.5101447105407715,1750347537
,,-0.3950617611408233,1750347538
,,-0.3836675584316253,1750347539
,,-0.2195678055286407,1750347540
,,0.0297380965203046,1750347541
,,0.8670560121536255,1750347541
,,-1.923809051513672,1750347542
,,-0.8342360854148865,1750347543
,,-0.3957648575305938,1750347544
,,0.188010573387146,1750347545
,,0.2974102199077606,1750347545
,,0.4579338431358337,1750347545
,,-1.6856528520584106,1750347546
,,-0.2580053508281708,1750347546
,,-0.7202834486961365,1750347546
,,0.4799511134624481,1750347546
,,-0.3554018139839172,1750347547
,,-1.12308669090271,1750347547
,,0.3663427233695984,1750347547
,,0.2076803296804428,1750347547
,,0.7563952803611755,1750347547
,,-0.5227634310722351,1750347547
,,0.1086337715387344,1750347547
,,-0.2549118399620056,1750347548
,,1.1971399784088137,1750347548
,,1.149593472480774,1750347548
,,0.6886508464813232,1750347549
,,0.2022531926631927,1750347549
,,0.0596747733652591,1750347549
,,-0.581429660320282,1750347549
,,-0.7140972018241882,1750347549
,,-0.2072915136814117,1750347550
,,1.0923672914505005,1750347550
,,-1.7735899686813354,1750347550
,,-0.1096851602196693,1750347551
,,0.4761631190776825,1750347551
,,0.5670494437217712,1750347551
,,-0.7197884321212769,1750347552
,,0.181846022605896,1750347553
,,-1.1920881271362305,1750347553
,,0.2258789241313934,1750347553
,,-0.198046013712883,1750347553
,,0.3720964789390564,1750347554
,,-0.4242723882198334,1750347554
,,0.3368876278400421,1750347554
,,-0.7774341106414795,1750347554
,,0.9587859511375428,1750347555
,,0.3730732798576355,1750347555
,,-1.7357258796691897,1750347556
,,-2.028580904006958,1750347557
,,0.371390700340271,1750347557
,,-0.4576498568058014,1750347557
,,0.9343807101249696,1750347558
,,0.6269989013671875,1750347558
,,0.3129052221775055,1750347558
,,-0.964256227016449,1750347558
,,-0.0175980776548385,1750347558
,,1.832080125808716,1750347558
,,0.4246925711631775,1750347559
,,0.4143100082874298,1750347559
,,-0.6554108262062073,1750347559
,,-2.334256649017334,1750347560
,,0.0896993726491928,1750347560
,,-1.997369170188904,1750347560
,,-0.650887668132782,1750347561
,,0.3847174942493438,1750347562
,,-0.6411044597625732,1750347563
,,-0.026582570746541,1750347563
,,-0.4110160171985626,1750347563
,,-0.8418103456497192,1750347564
,,-0.4959393739700317,1750347564
,,-0.4223010540008545,1750347565
,,0.4264812469482422,1750347565
,,-0.2157070189714431,1750347565
,,0.4526050090789795,1750347565
,,-0.1017524972558021,1750347566
,,0.4240616858005523,1750347566
,,-0.2991239130496979,1750347566
,,-1.0835312604904177,1750347566
,,1.2143914699554443,1750347566
,,0.2483174204826355,1750347566
,,0.8464399576187134,1750347567
,,0.6306926608085632,1750347567
,,-0.7555524110794067,1750347567
,,0.4586697816848755,1750347567
,,-1.554790735244751,1750347567
,,-0.5124233961105347,1750347567
,,-0.5779888033866882,1750347567
,,-0.2132559418678283,1750347567
,,0.224822998046875,1750347568
,,0.3028065860271454,1750347568
,,0.5699955821037292,1750347568
,,0.4110183715820312,1750347568
,,-0.5315674543380737,1750347568
,,-0.5714354515075684,1750347569
,,0.4998001456260681,1750347569
,,-0.6676869988441467,1750347569
,,0.4958020448684692,1750347569
,,0.3310711085796356,1750347569
,,-0.1622807383537292,1750347569
,,0.1785419136285781,1750347570
,,1.5518484115600586,1750347570
,,-0.7063977122306824,1750347571
,,-0.345797598361969,1750347571
,,0.5737820863723755,1750347572
,,0.6785219311714172,1750347572
,,0.3344376385211944,1750347572
,,-0.6066753268241882,1750347573
,,0.5586342215538025,1750347573
,,0.2553335130214691,1750347574
,,-0.1507063657045364,1750347574
,,0.3878014981746673,1750347575
,,0.3590539693832397,1750347575
,,1.3183218240737915,1750347576
,,-0.439555823802948,1750347577
,,0.6516242027282715,1750347577
,,0.644048810005188,1750347578
,,-0.8901994824409485,1750347578
,,-0.0312124788761138,1750347579
,,0.0023891744203865,1750347579
,,-0.1942473202943802,1750347580
,,-0.7479790449142456,1750347581
,,-0.3489547073841095,1750347581
,,-0.3474188148975372,1750347582
,,-1.714684009552002,1750347582
,,-0.931013822555542,1750347582
,,0.4887871444225311,1750347583
,,-0.1280505806207656,1750347583
,,0.4537573456764221,1750347583
,,0.6920915246009827,1750347584
,,0.1982462853193283,1750347584
,,-0.6870423555374146,1750347584
,,-1.1138275861740112,1750347584
,,0.6222431063652039,1750347585
,,0.2258793711662292,1750347585
,,0.0382158905267715,1750347585
,,-0.0049755377694964,1750347587
,,0.1907449066638946,1750347588
,,0.2532289922237396,1750347588
,,1.2421624660491943,1750347588
,,0.1665505319833755,1750347589
,,-0.143829271197319,1750347589
,,0.6894931793212891,1750347589
,,-0.3057515025138855,1750347589
,,-0.4804452657699585,1750347589
,,-0.3896636068820953,1750347590
,,1.490837574005127,1750347590
,,-0.0316317714750766,1750347590
,,-0.9846518039703368,1750347591
,,-0.6090521216392517,1750347591
,,-1.6666144132614136,1750347591
,,1.994917035102844,1750347592
,,-0.5481141805648804,1750347593
,,-1.247209906578064,1750347593
,,-0.6710556745529175,1750347594
,,-1.1845157146453855,1750347594
,,-0.5401942729949951,1750347594
,,0.4262706935405731,1750347596
,,0.1028019785881042,1750347596
,,0.3200688362121582,1750347597
,,-0.5796719789505005,1750347598
,,0.8325543999671936,1750347598
,,0.3373092412948608,1750347598
,,0.2274891585111618,1750347598
,,0.2784012854099273,1750347598
,,0.0875930786132812,1750347599
,,0.857380747795105,1750347600
,,-0.328788161277771,1750347600
,,0.4008454382419586,1750347601
,,0.1524875313043594,1750347601
,,0.5949255228042603,1750347601
,,0.8001554012298584,1750347601
,,-0.3537189662456512,1750347604
,,-0.41143798828125,1750347605
,,-0.3297048509120941,1750347605
,,1.5918232202529907,1750347606
,,0.2274997383356094,1750347606
,,-0.4307203888893127,1750347607
,,0.4084939062595367,1750347607
,,-1.885518193244934,1750347607
,,-0.5321992635726929,1750347607
,,0.3739151358604431,1750347607
,,0.3068777024745941,1750347607
,,-0.6218237280845642,1750347608
,,-0.4168360531330108,1750347608
,,0.575958251953125,1750347608
,,-0.4454157650470733,1750347609
,,-0.2033057510852813,1750347609
,,-0.0039232689887285,1750347609
,,-0.0760233923792839,1750347609
,,0.2353462725877761,1750347609
,,-0.6293231844902039,1750347610
,,-0.3560033738613128,1750347610
,,-0.0197022855281829,1750347611
,,1.472322702407837,1750347611
,,0.218517005443573,1750347611
,,1.3970054388046265,1750347612
,,1.8817325830459597,1750347612
,,-0.621613085269928,1750347613
,,0.3679947257041931,1750347613
,,-2.027318954467773,1750347614
,,-0.766272246837616,1750347614
,,-0.3205536901950836,1750347615
,,1.4786345958709717,1750347615
,,0.1753856539726257,1750347615
,,0.2702079117298126,1750347615
,,-0.252177894115448,1750347617
,,0.3011342585086822,1750347617
,,0.2580049932003021,1750347617
,,-0.4244822263717651,1750347617
,,0.1917343139648437,1750347618
,,0.2762668132781982,1750347618
,,-0.4973065853118896,1750347619
,,0.0697121247649192,1750347620
,,0.6865468621253967,1750347621
,,-0.3915877640247345,1750347622
,,-0.5641036033630371,1750347623
,,0.9507927298545836,1750347623
,,0.3058248460292816,1750347623
,,0.0318418629467487,1750347623
,,-0.4597525894641876,1750347624
,,0.7934229373931885,1750347624
,,0.6606391072273254,1750347624
,,1.5598430633544922,1750347625
,,-0.4719555079936981,1750347625
,,-0.3369005620479584,1750347625
,,1.1512726545333862,1750347625
,,-0.4664857983589172,1750347625
,,-1.69785475730896,1750347625
,,-0.4919103980064392,1750347626
,,-0.5705943703651428,1750347627
,,0.7505058646202087,1750347627
,,0.8502261638641357,1750347627
,,-0.4745538234710693,1750347628
,,0.1717476397752761,1750347628
,,0.6663500666618347,1750347629
,,0.691145658493042,1750347630
,,0.6154370903968811,1750347630
,,-0.1427788287401199,1750347630
,,0.6369710564613342,1750347630
,,-0.2559022009372711,1750347631
,,0.4720288515090942,1750347631
,,0.020754300057888,1750347632
,,-2.461130380630493,1750347632
,,-1.0305157899856567,1750347632
,,-0.2622134685516357,1750347633
,,0.6680338978767395,1750347633
,,0.7416688203811646,1750347634
,,0.3815636038780212,1750347634
,,-0.6489949822425842,1750347634
,,-0.0371017456054687,1750347634
,,0.2590560913085937,1750347634
,,0.1690744161605835,1750347634
,,-0.1213196888566017,1750347635
,,-1.8766815662384035,1750347635
,,1.3061176538467407,1750347635
,,0.3948496282100677,1750347635
,,-0.482474684715271,1750347636
,,-0.3910312354564667,1750347636
,,-1.717211127281189,1750347636
,,0.7862695455551147,1750347637
,,0.2603078782558441,1750347638
,,-0.8510688543319702,1750347639
,,2.583575487136841,1750347639
,,2.1455540657043457,1750347639
,,-0.6195396780967712,1750347639
,,-0.4799487590789795,1750347640
,,-0.6133346557617188,1750347641
,,0.0691428482532501,1750347642
,,-0.4282695949077606,1750347643
,,-0.2369678169488906,1750347643
,,-0.5679649710655212,1750347643
,,0.8653740286827087,1750347644
,,-0.2548499405384063,1750347644
,,1.6031821966171265,1750347644
,,-0.626767098903656,1750347644
,,-0.6303439140319824,1750347645
,,-0.2169808447360992,1750347645
,,-0.0371023342013359,1750347645
,,0.2766858637332916,1750347645
,,-0.4497284889221191,1750347646
,,0.7816412448883057,1750347646
,,-0.7517659068107605,1750347646
,,0.1117876470088958,1750347648
,,0.2793169617652893,1750347648
,,-0.0918021574616432,1750347648
,,0.688304603099823,1750347649
,,0.5199230909347534,1750347650
,,0.4336764812469482,1750347651
,,-0.6161422729492188,1750347651
,,-0.0295281391590833,1750347651
,,-0.1483829170465469,1750347652
,,0.2132560908794403,1750347652
,,-0.3511945009231567,1750347653
,,-0.1233593821525573,1750347653
,,0.431951642036438,1750347653
,,-0.2438982427120208,1750347654
,,0.3984261751174927,1750347654
,,0.0891289338469505,1750347654
,,0.1547675281763076,1750347655
,,-0.248538076877594,1750347656
,,-2.034048080444336,1750347658
,,0.6267987489700317,1750347658
,,-0.1864742785692215,1750347658
,,-1.8160927295684812,1750347658
,,-0.0091830026358366,1750347659
,,1.0885814428329468,1750347660
,,1.8640590906143188,1750347660
,,-0.0402576737105846,1750347660
,,-0.4664846062660217,1750347661
,,-1.457598090171814,1750347661
,,1.6418925523757937,1750347661
,,0.4803713262081146,1750347661
,,0.4115841090679168,1750347661
,,0.0396887883543968,1750347662
,,-0.1303663849830627,1750347662
,,0.2758876979351043,1750347663
,,0.101752646267414,1750347663
,,-1.866584062576294,1750347663
,,0.130933329463005,1750347664
,,0.3862961828708648,1750347664
,,-0.1312059909105301,1750347664
,,-1.264462947845459,1750347666
,,-0.5368282198905945,1750347666
,,0.5199227333068848,1750347667
,,2.048356294631958,1750347667
,,0.2069446742534637,1750347668
,,0.9316346049308776,1750347669
,,-0.374830961227417,1750347669
,,0.4420482814311981,1750347669
,,0.2895613312721252,1750347670
,,-0.4652231633663177,1750347670
,,0.3234980702400207,1750347670
,,1.8758407831192017,1750347671
,,-0.721052885055542,1750347671
,,0.1848537623882293,1750347671
,,0.262698233127594,1750347672
,,-0.083869345486164,1750347672
,,-0.162763774394989,1750347673
,,0.2476850599050521,1750347673
,,-0.5342289805412292,1750347673
,,-0.0901812016963958,1750347674
,,0.3032269179821014,1750347674
,,0.5556874871253967,1750347674
,,-0.182266816496849,1750347675
,,1.2131294012069702,1750347675
,,-0.1917360723018646,1750347675
,,-0.1943230181932449,1750347675
,,0.0802934989333152,1750347675
,,1.2880277633666992,1750347675
,,-0.4599756002426147,1750347676
,,-0.3894817531108856,1750347677
,,0.0407397896051406,1750347678
,,-0.2868898808956146,1750347678
,,1.7773807048797607,1750347679
,,-0.572593092918396,1750347679
,,0.2851345241069793,1750347679
,,0.3865387141704559,1750347680
,,-1.6822868585586548,1750347680
,,0.4610149562358856,1750347680
,,0.0985975936055183,1750347680
,,-0.3768615424633026,1750347681
,,0.3337314128875732,1750347681
,,0.2416581213474273,1750347682
,,0.4681683778762817,1750347683
,,-0.3570855855941772,1750347683
,,0.1402523219585418,1750347683
,,-0.036534234881401,1750347683
,,0.2831362187862396,1750347684
,,0.050208456814289,1750347684
,,-0.5809326171875,1750347685
,,1.1357080936431885,1750347685
,,-0.6901239156723022,1750347686
,,1.8783652782440183,1750347686
,,0.1505614221096038,1750347686
,,0.6937745809555054,1750347686
,,0.5561816692352295,1750347686
,,-0.8350771069526672,1750347686
,,0.4295607209205627,1750347687
,,0.0327456295490264,1750347688
,,-0.4705569744110107,1750347689
,,0.036533061414957,1750347690
,,-0.4878081977367401,1750347691
,,0.9916058778762816,1750347691
,,0.4194328486919403,1750347691
,,-0.2300867885351181,1750347691
,,0.6427870392799377,1750347692
,,0.0312758199870586,1750347692
,,0.2373439967632293,1750347693
,,-0.7563957571983337,1750347693
,,0.1932695806026458,1750347694
,,0.0643052235245704,1750347694
,,-0.0712456330657005,1750347694
,,-0.3133999705314636,1750347694
,,-0.0175998397171497,1750347695
,,0.7113729119300842,1750347696
,,0.2746159434318542,1750347696
,,-0.3866130709648132,1750347696
,,-1.2329041957855225,1750347697
,,0.3237075805664062,1750347698
,,-0.263327807188034,1750347698
,,0.4700311422348022,1750347698
,,-0.3284735977649688,1750347698
,,-0.5746976137161255,1750347698
,,-0.0081341071054339,1750347699
,,-0.4959417283535003,1750347700
,,1.630110740661621,1750347700
,,0.0497248731553554,1750347700
,,0.6958048343658447,1750347701
,,-0.3856958150863647,1750347701
,,-0.2183368355035781,1750347701
,,-2.258939266204834,1750347702
,,-0.2452662587165832,1750347702
,,0.5725188255310059,1750347703
,,-1.9318019151687624,1750347703
,,0.1685914248228073,1750347704
,,0.6020466685295105,1750347704
,,1.791687250137329,1750347704
,,0.587247371673584,1750347706
,,0.1825398504734039,1750347706
,,-0.2831036448478699,1750347706
,,1.179046630859375,1750347707
,,0.1164789870381355,1750347707
,,0.2316970825195312,1750347708
,,2.6290159225463867,1750347708
,,1.6427348852157593,1750347708
,,0.4972026348114013,1750347708
,,-0.2839766144752502,1750347708
,,0.5468524098396301,1750347709
,,0.3996570110321045,1750347709
,,-0.8052045702934265,1750347709
,,-0.0312740616500377,1750347710
,,0.024479791522026,1750347710
,,-0.4770777523517608,1750347710
,,-0.3870338201522827,1750347711
,,-0.6569568514823914,1750347711
,,0.6930565237998962,1750347712
,,-0.0007676359382458,1750347712
,,0.5120338797569275,1750347713
,,-0.4934885799884796,1750347713
,,-0.4657181799411773,1750347714
,,-0.6073064804077148,1750347715
,,-2.2132976055145264,1750347715
,,0.5969971418380737,1750347716
,,0.4420811533927917,1750347717
,,-2.049196720123291,1750347718
,,-0.0493058525025844,1750347718
,,0.542508602142334,1750347718
,,0.9183915257453918,1750347718
,,-0.4993793666362762,1750347722
,,-0.1366764903068542,1750347723
,,-0.8687407970428467,1750347723
,,-1.7487677335739136,1750347724
,,-0.1816235929727554,1750347724
,,0.8228771090507507,1750347725
,,0.563683271408081,1750347726
,,0.5068793296813965,1750347727
,,0.4094390571117401,1750347727
,,0.565366268157959,1750347727
,,0.9486861228942872,1750347727
,,0.9394319653511048,1750347727
,,1.675133466720581,1750347728
,,-0.4166218638420105,1750347728
,,-0.8700027465820312,1750347728
,,0.5319900512695312,1750347729
,,0.6087059378623962,1750347729
,,-1.3347302675247192,1750347729
,,0.3469870388507843,1750347729
,,0.7938438057899475,1750347731
,,-0.3158495724201202,1750347731
,,0.4110171794891357,1750347731
,,0.2327581495046615,1750347732
,,0.4758159518241882,1750347732
,,1.545116901397705,1750347732
,,0.6869679689407349,1750347733
,,0.3390056788921356,1750347733
,,0.8199315667152405,1750347734
,,0.3090867102146148,1750347734
,,0.2769399583339691,1750347735
,,1.9684083461761477,1750347735
,,-0.3474185466766357,1750347736
,,0.6524661183357239,1750347736
,,0.644787073135376,1750347737
,,-0.469083309173584,1750347738
,,0.4648758471012115,1750347738
,,-0.618877649307251,1750347739
,,-0.2868907749652862,1750347739
,,0.2657781541347503,1750347739
,,-0.6709781885147095,1750347739
,,0.0223746672272682,1750347739
,,0.3403286337852478,1750347739
,,0.3563173711299896,1750347740
,,-1.3385183811187744,1750347740
,,-0.8771570324897766,1750347740
,,-0.1774925589561462,1750347740
,,-0.78795325756073,1750347741
,,-0.0060266344808042,1750347741
,,-2.1695377826690674,1750347742
,,-0.0996486917138099,1750347743
,,0.2040005922317505,1750347743
,,0.4498343765735626,1750347744
,,0.7871116995811462,1750347744
,,-0.0668282136321067,1750347745
,,0.6200661659240723,1750347745
,,-0.9526724815368652,1750347745
,,0.6671921610832214,1750347746
,,0.1812152862548828,1750347746
,,0.2616443634033203,1750347748
,,0.824560284614563,1750347748
,,0.3289689123630523,1750347749
,,-0.4332451224327087,1750347749
,,0.2099210172891616,1750347749
,,0.6621429324150085,1750347749
,,0.9697253704071044,1750347750
,,0.9116594791412354,1750347750
,,0.3187936544418335,1750347751
,,0.4560399949550628,1750347752
,,-1.0210589170455933,1750347752
,,-0.687389075756073,1750347753
,,-1.3957427740097046,1750347753
,,0.3763051927089691,1750347753
,,0.4431011378765106,1750347754
,,-2.059297800064087,1750347754
,,-1.2282755374908447,1750347755
,,-0.760184645652771,1750347755
,,-0.5321255922317505,1750347756
,,0.2342963516712188,1750347756
,,0.9840322136878968,1750347756
,,0.5953145623207092,1750347756
,,-1.5939254760742188,1750347757
,,0.3831851482391357,1750347757
,,0.8746315836906433,1750347757
,,-0.435348778963089,1750347757
,,-0.6377058625221252,1750347757
,,0.2480750381946563,1750347758
,,0.436158686876297,1750347758
,,-0.5843006372451782,1750347758
,,0.5452423095703125,1750347758
,,-1.3860652446746826,1750347759
,,0.8910434246063232,1750347759
,,-0.227983295917511,1750347760
,,0.339486300945282,1750347760
,,0.6692959070205688,1750347761
,,-0.6604596376419067,1750347762
,,-0.4026028513908386,1750347762
,,-0.6912495493888855,1750347762
,,-0.5819866061210632,1750347763
,,0.4166250824928283,1750347764
,,-0.691670298576355,1750347764
,,1.3566131591796875,1750347765
,,-0.4368326961994171,1750347765
,,0.5473779439926147,1750347765
,,0.7883734703063965,1750347766
,,-0.3319443762302398,1750347766
,,-0.7791168093681335,1750347766
,,0.6659303307533264,1750347766
,,0.3718863129615783,1750347766
,,-0.5666269063949585,1750347767
,,-0.2876269817352295,1750347767
,,0.1454491168260574,1750347768
,,-0.4892812669277191,1750347768
,,-0.541245698928833,1750347768
,,0.7256788015365601,1750347768
,,0.595944881439209,1750347768
,,-0.556394100189209,1750347768
,,-0.4631925523281097,1750347769
,,-1.4399234056472778,1750347769
,,-0.1396208554506302,1750347769
,,0.0339464023709297,1750347770
,,0.3394134044647217,1750347770
,,-0.2818421423435211,1750347771
,,0.6781334280967712,1750347772
,,0.3962912857532501,1750347773
,,0.9806647300720216,1750347773
,,0.0060278079472482,1750347773
,,-0.3336263597011566,1750347774
,,0.1759596616029739,1750347774
,,0.2195675075054168,1750347774
,,-0.9394301772117616,1750347775
,,-0.614912748336792,1750347775
,,-1.297283172607422,1750347776
,,0.4025284647941589,1750347777
,,-0.511790931224823,1750347777
,,0.9503701329231262,1750347778
,,0.0901800245046615,1750347778
,,0.4619304835796356,1750347779
,,0.1511922925710678,1750347779
,,-0.581215500831604,1750347780
,,2.6620357036590576,1750347780
,,1.605286717414856,1750347781
,,0.652959942817688,1750347782
,,0.2784004211425781,1750347782
,,-0.2016830295324325,1750347782
,,0.8700026869773865,1750347782
,,-0.181698128581047,1750347782
,,0.577115535736084,1750347783
,,-0.365078866481781,1750347783
,,-0.6091999411582947,1750347783
,,0.5072999000549316,1750347784
,,0.4265124797821045,1750347784
,,-1.833763599395752,1750347784
,,0.7295399308204651,1750347784
,,2.127882719039917,1750347784
,,1.2581521272659302,1750347784
,,0.321319580078125,1750347785
,,0.1532974243164062,1750347785
,,-0.1385697573423385,1750347786
,,-0.4037909805774688,1750347787
,,0.5110869407653809,1750347788
,,-0.1406731158494949,1750347788
,,1.0730139017105105,1750347790
,,0.2626976370811462,1750347790
,,1.5648932456970217,1750347790
,,-0.7976305484771729,1750347791
,,-0.063399389386177,1750347791
,,0.3070884048938751,1750347791
,,-0.2119175791740417,1750347791
,,-0.0659883916378021,1750347792
,,-0.7908985614776611,1750347792
,,-0.7707017064094543,1750347793
,,0.2194937169551849,1750347794
,,0.0449453480541706,1750347794
,,-0.4589115977287292,1750347794
,,0.4286892116069793,1750347795
,,-0.5763798952102661,1750347795
,,2.038257837295532,1750347795
,,0.1585558354854583,1750347795
,,0.0546998158097267,1750347796
,,-0.3377298712730407,1750347797
,,0.5666283369064331,1750347797
,,-0.3668359518051147,1750347797
,,0.3743374049663543,1750347798
,,-0.446677565574646,1750347798
,,0.0497254580259323,1750347799
,,0.2148763835430145,1750347799
,,0.6184567213058472,1750347800
,,0.272931307554245,1750347800
,,0.0668270140886306,1750347800
,,-0.1200552657246589,1750347801
,,-0.2717437446117401,1750347802
,,0.2079209387302398,1750347802
,,-0.0417929403483867,1750347802
,,1.3511412143707275,1750347802
,,0.6981071829795837,1750347804
,,0.334332525730133,1750347805
,,1.5459564924240112,1750347805
,,-0.2169802635908126,1750347805
,,-0.1244113594293594,1750347805
,,-0.6591975092887878,1750361537
,,-0.2390699982643127,1750361537
,,-1.6090404987335205,1750361537
,,-1.203871726989746,1750361538
,,-1.6894413232803345,1750361538
,,-0.5199960470199585,1750361538
,,0.2935497462749481,1750361539
,,-0.5573716759681702,1750361539
,,-0.5350703597068787,1750361540
,,0.3737176656723022,1750361541
,,-0.0512618981301784,1750361541
,,0.166656494140625,1750361541
,,-0.3924290537834167,1750361541
,,-0.6289030313491821,1750361542
,,-0.0825435891747474,1750361542
,,-1.1096197366714478,1750361543
,,0.3208990693092346,1750361543
,,1.1462284326553345,1750361543
,,0.1075803264975547,1750361545
,,-0.8594836592674255,1750361546
,,-0.85695880651474,1750361546
,,0.2750346660614013,1750361546
,,-0.175956130027771,1750361547
,,-0.4950972199440002,1750361547
,,-1.3675537109375,1750361547
,,-0.7887971997261047,1750361548
,,0.684445858001709,1750361548
,,0.0060272943228483,1750361548
,,1.081007719039917,1750361548
,,-1.3532456159591677,1750361549
,,-1.6414717435836792,1750361549
,,-0.5460107922554016,1750361550
,,0.0276348404586315,1750361550
,,-0.083869345486164,1750361550
,,0.0691440254449844,1750361551
,,-0.5882668495178223,1750361551
,,0.1864746510982513,1750361552
,,-0.7934229373931885,1750361552
,,-0.6761016845703125,1750361553
,,2.570952177047729,1750361553
,,-0.4328243434429168,1750361554
,,-1.3258942365646362,1750361554
,,-0.2649359703063965,1750361554
,,2.152283906936645,1750361554
,,0.0870253667235374,1750361554
,,-2.605875253677368,1750361555
,,0.5910333395004272,1750361555
,,0.4825486242771148,1750361555
,,-0.1112192571163177,1750361556
,,-0.8291890025138855,1750361556
,,-0.9259654879570008,1750361556
,,-0.4164141118526459,1750361556
,,-0.1959422081708908,1750361556
,,0.2022426128387451,1750361556
,,0.5240257978439331,1750361557
,,-0.6419457793235779,1750361557
,,-0.1932695806026458,1750361558
,,0.04073978215456,1750361559
,,0.6210866570472717,1750361559
,,-0.1206858679652214,1750361560
,,0.4887577593326568,1750361560
,,-0.4782667756080627,1750361561
,,-0.4783407151699066,1750361561
,,0.0575713366270065,1750361562
,,-0.3926520645618438,1750361562
,,1.8964591026306152,1750361562
,,2.5040500164031982,1750361563
,,0.3920833766460418,1750361563
,,0.4147326946258545,1750361564
,,-0.2973357141017914,1750361564
,,0.2953061759471893,1750361566
,,-1.0410337448120115,1750361566
,,0.3886431157588959,1750361566
,,-2.6658236980438232,1750361567
,,0.2110795080661773,1750361567
,,-0.8380237817764282,1750361568
,,0.5432774424552917,1750361568
,,-0.287314772605896,1750361568
,,-0.3294924199581146,1750361569
,,-0.4298779368400574,1750361569
,,0.0939037576317787,1750361570
,,-0.6397370100021362,1750361570
,,0.1580722481012344,1750361570
,,-0.5944730043411255,1750361570
,,0.1044245436787605,1750361571
,,-0.3917674422264099,1750361571
,,0.8211939334869385,1750361571
,,0.0744023695588111,1750361572
,,0.619088351726532,1750361573
,,0.0133913466706871,1750361573
,,-0.1732840836048126,1750361575
,,-0.8363418579101562,1750361575
,,-0.3169130384922027,1750361575
,,-0.1806476265192031,1750361575
,,-0.9585638642311096,1750361576
,,0.0786091685295105,1750361576
,,0.2388493418693542,1750361576
,,0.1122729927301406,1750361576
,,-0.1258844286203384,1750361577
,,-0.424483060836792,1750361577
,,0.3138210475444793,1750361578
,,0.4832839667797088,1750361578
,,-1.616225004196167,1750361579
,,0.4343698918819427,1750361579
,,0.6911756992340088,1750361580
,,0.3979111313819885,1750361580
,,2.699486255645752,1750361580
,,-0.5658604502677917,1750361581
,,0.3566636145114898,1750361581
,,0.1412429809570312,1750361581
,,0.5926137566566467,1750361582
,,0.5393524169921875,1750361582
,,-1.043980360031128,1750361582
,,0.87673419713974,1750361582
,,0.7669155597686768,1750361582
,,-2.153127193450928,1750361582
,,0.0255303010344505,1750361582
,,-0.4021805822849273,1750361583
,,-1.5939242839813232,1750361583
,,0.3631873428821563,1750361583
,,0.9049268364906312,1750361583
,,-0.4774251878261566,1750361583
,,-0.5561097264289856,1750361584
,,-0.3360478281974792,1750361585
,,0.536827564239502,1750361585
,,0.519997239112854,1750361585
,,0.6836007833480835,1750361586
,,0.5577937960624695,1750361587
,,-0.4583543539047241,1750361587
,,1.604445219039917,1750361587
,,0.4347284734249115,1750361587
,,0.2721663117408752,1750361587
,,0.6777114868164062,1750361587
,,-0.890622615814209,1750361589
,,-0.8752518892288208,1750361589
,,-0.0171159580349922,1750361590
,,-1.5577392578125,1750361591
,,-0.1265037208795547,1750361592
,,0.4046337306499481,1750361593
,,-0.7442673444747925,1750361594
,,0.3718123435974121,1750361594
,,0.1350657939910888,1750361597
,,0.4534415006637573,1750361597
,,-0.3411072790622711,1750361598
,,1.933906435966492,1750361598
,,0.511086642742157,1750361598
,,0.2821997106075287,1750361599
,,0.2611600458621979,1750361600
,,-0.7006113529205322,1750361600
,,-0.2304370403289795,1750361601
,,-0.0160622224211692,1750361601
,,-0.0518299974501132,1750361601
,,-0.1366019546985626,1750361601
,,-0.3164497911930084,1750361602
,,0.3192170858383178,1750361603
,,-0.3878009021282196,1750361603
,,-0.1990978419780731,1750361603
,,-0.4110186398029327,1750361604
,,-0.4690839052200317,1750361605
,,-0.5485352277755737,1750361605
,,0.569993793964386,1750361605
,,-2.113998413085937,1750361606
,,0.677709698677063,1750361607
,,0.6040775179862976,1750361607
,,1.3776490688323977,1750361607
,,0.1623429358005523,1750361608
,,-0.6953834891319275,1750361608
,,0.6516981720924377,1750361608
,,0.3957959413528442,1750361609
,,-0.4675371944904327,1750361609
,,1.143702268600464,1750361610
,,0.6415253281593323,1750361610
,,-0.351057767868042,1750361610
,,0.4928576946258545,1750361610
,,0.3510583639144897,1750361611
,,-0.0044925403781235,1750361611
,,0.5948202610015869,1750361611
,,-0.0438967458903789,1750361612
,,1.35534930229187,1750361612
,,-0.0922851487994194,1750361612
,,0.143829345703125,1750361613
,,1.484946608543396,1750361614
,,0.3739189505577087,1750361615
,,0.3561078608036041,1750361615
,,-0.0707635134458541,1750361615
,,-0.0213223956525325,1750361615
,,0.8859933614730835,1750361615
,,0.3499345481395721,1750361616
,,-0.2124152183532714,1750361617
,,0.3807220160961151,1750361617
,,-0.3278535902500152,1750361617
,,-0.4261668026447296,1750361618
,,0.1969937533140182,1750361618
,,-2.247797966003418,1750361618
,,1.4811588525772097,1750361618
,,0.2667969763278961,1750361619
,,-0.3221614360809326,1750361619
,,-0.7202091813087463,1750361619
,,-0.5241297483444214,1750361620
,,-0.0949478149414062,1750361620
,,0.7446123957633972,1750361620
,,1.5901389122009275,1750361620
,,1.5733075141906738,1750361620
,,0.561998188495636,1750361621
,,0.6347931623458862,1750361621
,,-0.3019638061523437,1750361621
,,0.2984624803066253,1750361622
,,0.7538716197013855,1750361622
,,0.5561100840568542,1750361622
,,1.9465302228927608,1750361623
,,1.6944901943206787,1750361623
,,1.292233943939209,1750361623
,,0.2879392206668854,1750361623
,,0.2187253385782241,1750361623
,,-0.4334669709205627,1750361624
,,-0.2264474630355835,1750361624
,,-1.089422345161438,1750361624
,,0.5329660177230835,1750361624
,,0.3756749033927917,1750361624
,,1.8716336488723757,1750361625
,,0.9888581037521362,1750361625
,,1.0025464296340942,1750361626
,,-1.1281321048736572,1750361626
,,0.2942563593387604,1750361626
,,-0.4024986624717712,1750361626
,,0.6377381682395935,1750361627
,,-0.32427978515625,1750361627
,,2.5360267162323,1750361628
,,-1.6814451217651367,1750361628
,,-0.2921500504016876,1750361629
,,-0.284396231174469,1750361629
,,-0.5626006126403809,1750361629
,,0.1091158911585807,1750361630
,,-0.28689044713974,1750361630
,,-2.233915328979492,1750361630
,,0.2012015581130981,1750361631
,,-0.7740689516067505,1750361631
,,0.1438287496566772,1750361631
,,0.0712485611438751,1750361631
,,-0.376094788312912,1750361632
,,-0.333174467086792,1750361633
,,-0.7412473559379578,1750361633
,,0.0933356583118438,1750361633
,,0.3078554570674896,1750361634
,,1.957891583442688,1750361634
,,-1.6225383281707764,1750361634
,,-0.5284429788589478,1750361635
,,-0.83549964427948,1750361635
,,-0.2792440354824066,1750361636
,,0.591031551361084,1750361636
,,0.6108087301254272,1750361636
,,-0.3292826116085052,1750361637
,,0.4318457245826721,1750361637
,,-1.5964504480361938,1750361637
,,0.2647992670536041,1750361637
,,0.2437614947557449,1750361638
,,-0.7000855207443237,1750361638
,,1.5320723056793213,1750361638
,,1.5497430562973022,1750361638
,,-0.0349977016448974,1750361639
,,-0.230853721499443,1750361639
,,0.4564607739448547,1750361639
,,0.565019428730011,1750361640
,,-0.3385702073574066,1750361641
,,0.1215280294418335,1750361643
,,0.4825474619865417,1750361643
,,0.5401211977005005,1750361644
,,2.268839120864868,1750361645
,,-0.27587890625,1750361645
,,-0.2346417307853698,1750361646
,,-0.8721069693565369,1750361646
,,0.6836022138595581,1750361646
,,-0.632763147354126,1750361646
,,0.512770414352417,1750361646
,,-0.359609991312027,1750361647
,,-0.3562398850917816,1750361647
,,0.4324047267436981,1750361647
,,2.131669282913208,1750361648
,,-0.8763145208358765,1750361648
,,0.024477444589138,1750361649
,,-0.473533034324646,1750361649
,,-1.129817008972168,1750361650
,,-0.5750436782836914,1750361651
,,0.1806452721357345,1750361651
,,-1.9940783977508545,1750361651
,,-1.1125634908676147,1750361651
,,-0.2291705757379531,1750361653
,,1.2278589010238647,1750361653
,,-0.681499183177948,1750361653
,,0.2974103689193725,1750361654
,,-0.4683890640735626,1750361654
,,0.586825430393219,1750361654
,,-0.875893235206604,1750361654
,,0.0234257634729146,1750361655
,,0.5899809002876282,1750361656
,,-0.1227918714284896,1750361656
,,0.9015596508979796,1750361656
,,-0.8018388152122498,1750361657
,,-0.2406064420938491,1750361657
,,0.081765778362751,1750361657
,,-0.5174736380577087,1750361657
,,-1.693649172782898,1750361657
,,1.4167826175689695,1750361658
,,-0.6676130890846252,1750361659
,,-1.869107723236084,1750361659
,,-0.4383676946163177,1750361660
,,-0.9753934144973756,1750361660
,,0.526652991771698,1750361660
,,2.706638097763061,1750361660
,,-0.476658433675766,1750361660
,,-0.4149105250835418,1750361660
,,1.95494544506073,1750361661
,,0.6907552480697632,1750361662
,,0.546431303024292,1750361662
,,0.3502161800861358,1750361662
,,0.1427775025367736,1750361662
,,-0.694122314453125,1750361663
,,-0.155400201678276,1750361663
,,-0.0402576737105846,1750361663
,,0.3465664088726043,1750361663
,,-0.92049640417099,1750361663
,,-0.0123390778899192,1750361663
,,0.3384358286857605,1750361663
,,0.6805196404457092,1750361664
,,-0.7398804426193237,1750361665
,,-2.0319457054138184,1750361665
,,-0.3847198188304901,1750361665
,,0.0413096472620964,1750361666
,,0.1050445064902305,1750361666
,,-0.6049159169197083,1750361666
,,0.9652968049049376,1750361666
,,-0.749664306640625,1750361667
,,1.7496100664138794,1750361667
,,-0.459331750869751,1750361667
,,-0.2793173789978027,1750361668
,,0.1580305695533752,1750361668
,,1.9435852766036987,1750361669
,,0.2759516537189483,1750361669
,,-0.376935064792633,1750361670
,,-0.9373257756233216,1750361670
,,-1.921282768249512,1750361671
,,-1.9334863424301147,1750361671
,,-1.9259122610092163,1750361671
,,-0.8548548817634583,1750361671
,,-0.1454485356807708,1750361673
,,0.376093327999115,1750361673
,,-0.6878092885017395,1750361673
,,0.4601751267910003,1750361674
,,-1.3730214834213257,1750361674
,,0.5865818858146667,1750361675
,,-0.621748685836792,1750361676
,,0.7446127533912659,1750361676
,,0.3554018437862396,1750361676
,,0.275888055562973,1750361676
,,0.6541489958763123,1750361677
,,0.008700443431735,1750361677
,,-0.0644501894712448,1750361677
,,0.1938382536172866,1750361678
,,-0.4068100750446319,1750361679
,,-1.9612572193145752,1750361679
,,1.7832716703414917,1750361680
,,0.4509922564029693,1750361680
,,0.9606668949127196,1750361680
,,0.5789372324943542,1750361681
,,0.1194246485829353,1750361682
,,0.745108962059021,1750361682
,,-1.9128681421279907,1750361683
,,-1.3712022304534912,1750361684
,,-0.3501114249229431,1750361684
,,-0.6583560109138489,1750361684
,,-0.6200659275054932,1750361684
,,-0.2321909368038177,1750361685
,,0.4435530304908752,1750361685
,,0.132826879620552,1750361685
,,0.66046142578125,1750361685
,,0.5922921895980835,1750361685
,,0.6258204579353333,1750361686
,,3.107799530029297,1750361686
,,0.2447075396776199,1750361687
,,0.3615769445896148,1750361687
,,-0.0875938832759857,1750361687
,,0.3492701351642608,1750361687
,,-0.1307238042354583,1750361688
,,0.1980426460504531,1750361688
,,-0.5973434448242188,1750361688
,,0.757232666015625,1750361689
,,0.601340651512146,1750361690
,,0.8784179091453552,1750361690
,,-0.6683191061019897,1750361691
,,-0.6108830571174622,1750361691
,,-0.7555530071258545,1750361691
,,-0.3049099743366241,1750361692
,,-0.5805881023406982,1750361692
,,0.5531651377677917,1750361692
,,0.9520527124404908,1750361692
,,0.1974774748086929,1750361692
,,1.0797436237335205,1750361693
,,0.777013897895813,1750361693
,,-0.1212580725550651,1750361694
,,0.5200288891792297,1750361694
,,-0.0844380259513855,1750361695
,,0.4847893118858337,1750361696
,,2.1750059127807617,1750361696
,,-0.5855628848075867,1750361696
,,0.6798148155212402,1750361696
,,-0.996235728263855,1750361696
,,0.3345122039318084,1750361697
,,0.4867576956748962,1750361697
,,-1.4988309144973757,1750361698
,,-0.3145880997180938,1750361699
,,-0.6655827760696411,1750361700
,,-1.7542377710342407,1750361700
,,0.0638826787471771,1750361700
,,2.906851291656494,1750361701
,,0.384435772895813,1750361701
,,-0.0922847092151641,1750361701
,,0.0091830762103199,1750361701
,,-1.0275702476501465,1750361701
,,-0.4533327221870422,1750361702
,,-1.174749493598938,1750361702
,,0.2862589955329895,1750361702
,,-1.1744184494018557,1750361702
,,-0.5434552431106567,1750361702
,,-0.2511220872402191,1750361703
,,-0.4078617691993713,1750361703
,,0.4677475988864898,1750361703
,,-0.1101678684353828,1750361703
,,0.9411116242408752,1750361704
,,0.534648597240448,1750361705
,,-1.0595468282699585,1750361705
,,-0.5683113932609558,1750361705
,,-1.4079452753067017,1750361706
,,-0.4257413148880005,1750361706
,,0.6381592750549316,1750361707
,,-0.1070119366049766,1750361707
,,-0.5083218812942505,1750361708
,,0.2858405411243438,1750361708
,,0.5014836192131042,1750361708
,,0.7184946537017822,1750361709
,,0.8628507852554321,1750361709
,,-0.2990305721759796,1750361709
,,-0.1780595034360885,1750361709
,,-0.0112862223759293,1750361710
,,-0.3773559927940368,1750361711
,,-0.0991648137569427,1750361711
,,-1.2063970565795898,1750361711
,,0.4094836711883545,1750361711
,,-0.4635405838489532,1750361711
,,0.583321750164032,1750361711
,,0.5066381692886353,1750361712
,,0.743772029876709,1750361712
,,-0.05603614076972,1750361713
,,0.1617121994495391,1750361714
,,-0.335624098777771,1750361714
,,0.2706289887428283,1750361715
,,0.8047825694084167,1750361715
,,0.0038609304465353,1750361715
,,0.3384340703487396,1750361715
,,-1.92002272605896,1750361716
,,0.3237081468105316,1750361717
,,-0.3521097302436828,1750361718
,,0.4779200851917267,1750361718
,,0.3308921158313751,1750361719
,,0.997276246547699,1750361720
,,-0.3259470760822296,1750361720
,,-0.4138891100883484,1750361721
,,0.4810039699077606,1750361721
,,-0.2973351180553436,1750361722
,,-0.51140296459198,1750361722
,,0.743353009223938,1750361722
,,0.964877188205719,1750361723
,,-0.6225908398628235,1750361723
,,-0.6684523224830627,1750361724
,,-0.3321556448936462,1750361724
,,-0.014441855251789,1750361725
,,-2.2936623096466064,1750361725
,,0.5599702596664429,1750361725
,,0.4715341329574585,1750361725
,,-0.1138921827077865,1750361725
,,-0.2711105346679687,1750361726
,,-0.6162784099578857,1750361726
,,0.281421035528183,1750361727
,,-0.4764785468578338,1750361727
,,0.649172842502594,1750361727
,,-1.1117238998413086,1750361727
,,0.4603834748268127,1750361728
,,-0.4246949255466461,1750361728
,,0.5729387402534485,1750361728
,,2.1594386100769043,1750361729
,,0.7286245822906494,1750361730
,,0.5699943900108337,1750361730
,,0.0823334902524948,1750361730
,,0.0392056964337825,1750361731
,,-0.2460024803876876,1750361732
,,0.6596174836158752,1750361732
,,-2.0142736434936523,1750361732
,,0.0260138865560293,1750361732
,,0.1606609523296356,1750361732
,,0.1333104521036148,1750361733
,,-0.2569544911384582,1750361733
,,-0.1732823103666305,1750361733
,,0.3287884593009949,1750361734
,,0.0497248694300651,1750361734
,,-0.7707008719444275,1750361734
,,-0.527677059173584,1750361734
,,0.8310704827308655,1750361734
,,-0.6760284900665283,1750361735
,,-0.535144567489624,1750361735
,,-0.2034735977649688,1750361736
,,-0.5399099588394165,1750361736
,,0.1248943582177162,1750361736
,,0.7988929748535156,1750361736
,,0.5965763926506042,1750361737
,,0.5541842579841614,1750361737
,,-2.2111926078796387,1750361738
,,0.7946855425834656,1750361738
,,-0.281000554561615,1750361738
,,0.0880790054798126,1750361738
,,-1.7075331211090088,1750361739
,,-0.5709102153778076,1750361739
,,0.3541376888751983,1750361739
,,-0.8283464908599854,1750361740
,,-0.8249807953834534,1750361740
,,-0.6680338978767395,1750361741
,,-0.3743368089199066,1750361741
,,-0.0344291068613529,1750361742
,,0.5489572286605835,1750361742
,,0.3794602453708648,1750361742
,,1.5446950197219849,1750361743
,,0.3563173711299896,1750361743
,,0.4011295735836029,1750361743
,,-0.5590550303459167,1750361743
,,-0.3857716023921966,1750361744
,,-0.4568070471286773,1750361744
,,-0.4951716065406799,1750361745
,,-0.1086320132017135,1750361745
,,0.0951679348945617,1750361746
,,-0.6928588151931763,1750361746
,,-0.3036473989486694,1750361746
,,-0.4998010396957397,1750361746
,,0.2632628083229065,1750361746
,,0.259887546300888,1750361747
,,1.535512089729309,1750361748
,,0.23639677464962,1750361749
,,0.8014177680015564,1750361749
,,-0.3781233429908752,1750361749
,,-0.0888566225767135,1750361750
,,0.8935665488243103,1750361750
,,-0.0507765524089336,1750361750
,,-0.2803691029548645,1750361751
,,2.071498394012451,1750361751
,,0.3895586431026459,1750361751
,,0.4483921229839325,1750361752
,,0.2180973887443542,1750361752
,,-0.5056169629096985,1750361753
,,0.8716862201690674,1750361753
,,-0.4669060111045837,1750361753
,,0.5157171487808228,1750361754
,,1.0296745300292969,1750361754
,,0.5039350390434265,1750361755
,,0.020753126591444,1750361756
,,0.0623474083840847,1750361756
,,0.774067759513855,1750361757
,,1.41551673412323,1750361758
,,-0.2830317318439483,1750361758
,,1.6183298826217651,1750361759
,,-0.5384371876716614,1750361759
,,-0.1959425061941146,1750361760
,,-0.079178586602211,1750361760
,,0.4315596222877502,1750361760
,,0.7887954711914062,1750361761
,,0.360524982213974,1750361762
,,-0.573539137840271,1750361762
,,1.696591854095459,1750361762
,,0.3689413368701935,1750361763
,,0.0171784423291683,1750361764
,,1.0557596683502195,1750361764
,,0.35750812292099,1750361764
,,0.2090486288070678,1750361765
,,0.396215558052063,1750361765
,,-0.0854900032281875,1750361765
,,-0.2942851185798645,1750361766
,,-0.7355560660362244,1750361766
,,0.27419513463974,1750361766
,,0.6124913096427917,1750361767
,,-0.6920911073684692,1750361767
,,-0.6528554558753967,1750361767
,,2.025635242462158,1750361767
,,-0.03442969545722,1750361768
,,0.6886496543884277,1750361768
,,0.0572985336184501,1750361769
,,0.2708278000354767,1750361769
,,0.1191506013274192,1750361769
,,0.1675403267145156,1750361769
,,0.3054044842720032,1750361769
,,-0.5214685201644897,1750361770
,,-0.1259478032588958,1750361770
,,-2.224658966064453,1750361770
,,-0.2548499405384063,1750361770
,,1.0688059329986572,1750361771
,,-1.2573100328445437,1750361771
,,-0.2754561305046081,1750361772
,,-2.002911329269409,1750361772
,,-0.6920183300971985,1750361772
,,-0.2500704228878021,1750361775
,,0.4227245151996612,1750361775
,,0.3735691606998443,1750361776
,,-0.3405382931232452,1750361776
,,-0.7138971090316772,1750361776
,,-0.6209810376167297,1750361776
,,0.2405322045087814,1750361777
,,0.5636942982673645,1750361777
,,-0.2238066643476486,1750361777
,,-0.7454569339752197,1750361778
,,0.5397732257843018,1750361779
,,-0.479528933763504,1750361779
,,1.896456718444824,1750361780
,,-0.3213938772678375,1750361781
,,-1.015367865562439,1750361781
,,0.4753235876560211,1750361781
,,-2.051722764968872,1750361781
,,0.598186194896698,1750361782
,,0.6125652194023132,1750361782
,,-0.6446496844291687,1750361783
,,-0.6899140477180481,1750361784
,,-0.2758882939815521,1750361785
,,-0.2754566371440887,1750361785
,,-0.8009968996047974,1750361786
,,0.100910909473896,1750361786
,,-2.296189785003662,1750361786
,,-0.1887785047292709,1750361788
,,0.9878185987472534,1750361788
,,-0.6512028574943542,1750361788
,,-0.7127092480659485,1750361789
,,0.4744799435138702,1750361789
,,-0.104907102882862,1750361790
,,0.5544281005859375,1750361790
,,0.2858390808105469,1750361790
,,-0.4206237494945526,1750361792
,,0.4702735543251037,1750361792
,,0.1305131316184997,1750361793
,,0.4548838436603546,1750361794
,,0.248947724699974,1750361794
,,0.6528871655464172,1750361795
,,0.4517593383789062,1750361795
,,0.0676105171442031,1750361795
,,0.8426527976989746,1750361795
,,-0.4103123545646667,1750361795
,,0.5178201794624329,1750361796
,,0.678101122379303,1750361796
,,-0.6032350659370422,1750361796
,,0.432403028011322,1750361796
,,-2.0357325077056885,1750361796
,,1.722679615020752,1750361797
,,-0.8603256940841675,1750361797
,,-0.233799859881401,1750361797
,,0.2380077540874481,1750361797
,,0.5317036509513855,1750361797
,,0.756395161151886,1750361798
,,-0.5847203135490417,1750361799
,,-0.4004983007907867,1750361799
,,-0.4841590225696563,1750361800
,,0.4988844692707062,1750361801
,,0.5599083304405212,1750361801
,,0.4614363312721252,1750361801
,,0.5392467379570007,1750361801
,,-0.5733605623245239,1750361802
,,-0.333701491355896,1750361803
,,-0.7711204886436462,1750361803
,,0.0039238552562892,1750361804
,,0.8796797394752502,1750361804
,,0.3108737468719482,1750361804
,,-0.4294591844081878,1750361805
,,0.6217492818832397,1750361806
,,0.6016258597373962,1750361807
,,0.3100333511829376,1750361808
,,-0.2469171285629272,1750361808
,,-0.4016876220703125,1750361809
,,1.3692344427108765,1750361809
,,1.1079370975494385,1750361809
,,-0.7664624452590942,1750361810
,,-0.3116427659988403,1750361810
,,2.696045160293579,1750361811
,,-0.0481050908565521,1750361812
,,-0.6079371571540833,1750361812
,,-2.2679972648620605,1750361813
,,0.1380862444639206,1750361813
,,-0.444288969039917,1750361814
,,0.7476645112037659,1750361814
,,0.5753273367881775,1750361814
,,-0.1023209169507026,1750361815
,,0.6575886607170105,1750361815
,,-0.3632605373859405,1750361815
,,-0.5781677961349487,1750361816
,,1.1832547187805176,1750361816
,,-0.2153600454330444,1750361816
,,0.8047838807106018,1750361817
,,0.9848732352256776,1750361818
,,0.1501417905092239,1750361818
,,-0.374411940574646,1750361818
,,-0.0686575025320053,1750361819
,,1.5947661399841309,1750361819
,,-0.2035780549049377,1750361819
,,-0.4484035670757293,1750361819
,,0.4345092475414276,1750361820
,,0.3706541657447815,1750361821
,,-1.3031727075576782,1750361822
,,0.245383620262146,1750361822
,,0.1995808482170105,1750361822
,,0.526655912399292,1750361822
,,0.3096122443675995,1750361822
,,-0.6308992505073547,1750361823
,,0.7881540060043335,1750361823
,,-0.5448538064956665,1750361823
,,0.0281176567077636,1750361823
,,-0.2471301704645156,1750361823
,,-0.5476627349853516,1750361824
,,0.4644558131694793,1750361824
,,-2.654263973236084,1750361824
,,-0.592296302318573,1750361825
,,-0.5245525240898132,1750361826
,,0.1559682935476303,1750361826
,,-0.7002938985824585,1750361826
,,-0.7820627689361572,1750361826
,,0.344463050365448,1750361826
,,0.3083495795726776,1750361826
,,0.1223109290003776,1750361827
,,-0.4298785030841827,1750361827
,,1.3536670207977295,1750361827
,,-0.296926349401474,1750361827
,,-0.6263761520385742,1750361827
,,0.5561830997467041,1750361827
,,-0.0192188117653131,1750361828
,,0.3542134165763855,1750361829
,,-0.3983946144580841,1750361829
,,-0.1223079934716224,1750361830
,,0.9457412362098694,1750361830
,,-0.4664850831031799,1750361830
,,-0.8817842602729797,1750361830
,,-0.4791822135448456,1750361830
,,1.2817153930664062,1750361831
,,0.5152915716171265,1750361832
,,0.1333113461732864,1750361832
,,0.0765058025717735,1750361832
,,-1.6894410848617554,1750361832
,,0.9095547199249268,1750361832
,,-0.449937641620636,1750361833
,,-1.5775146484375,1750361833
,,-0.821614146232605,1750361834
,,-0.5296005606651306,1750361834
,,-0.398962140083313,1750361835
,,0.4079985022544861,1750361836
,,0.1138921827077865,1750361836
,,0.0102342441678047,1750361836
,,-1.1634773015975952,1750361837
,,0.8464390635490417,1750361837
,,-0.5181024670600891,1750361838
,,-0.0680905804038047,1750361838
,,0.4499382376670837,1750361838
,,-0.0312737673521041,1750361839
,,-0.1827509850263595,1750361839
,,-2.65698766708374,1750361839
,,0.2906778454780578,1750361839
,,-0.569227933883667,1750361840
,,-0.4892806708812713,1750361840
,,-0.4670851528644562,1750361841
,,0.3405391871929168,1750361841
,,-0.4677160680294037,1750361841
,,0.358978807926178,1750361841
,,-0.422904223203659,1750361841
,,0.3793857097625732,1750361842
,,0.0081323469057679,1750361843
,,1.4873967170715332,1750361843
,,-0.4938357174396515,1750361844
,,-1.3637641668319702,1750361845
,,0.2484928965568542,1750361845
,,-0.2813471257686615,1750361845
,,-0.8195119500160217,1750361847
,,-0.6037300825119019,1750361847
,,0.2553332448005676,1750361847
,,0.7534525990486145,1750361847
,,-0.500640869140625,1750361847
,,0.4883334636688232,1750361847
,,0.6002900004386902,1750361847
,,0.4503916203975677,1750361848
,,-0.1891984194517135,1750361848
,,-0.2853557765483856,1750361849
,,0.8388653993606567,1750361850
,,-0.283735990524292,1750361850
,,0.3326815068721771,1750361851
,,-0.6690550446510315,1750361851
,,0.738303542137146,1750361852
,,-0.2511564195156097,1750361852
,,0.9547764658927916,1750361852
,,-0.4520733058452606,1750361852
,,-0.2540707588195801,1750361852
,,0.0878667011857032,1750361853
,,-0.3005658686161041,1750361853
,,-0.1659199595451355,1750361853
,,-0.3345735967159271,1750361854
,,0.7072392106056213,1750361854
,,0.3657854497432709,1750361855
,,0.6836022734642029,1750361855
,,-0.2521770000457763,1750361856
,,0.3411073684692383,1750361857
,,-0.8338173627853394,1750361858
,,-1.1415985822677612,1750361858
,,-0.401339590549469,1750361858
,,-0.671894371509552,1750361858
,,0.57546466588974,1750361859
,,0.5796713829040527,1750361859
,,0.4536637365818023,1750361860
,,-0.0949572026729583,1750361860
,,1.873316764831543,1750361860
,,-0.2039988338947296,1750361861
,,0.6101669669151306,1750361861
,,-0.1312056332826614,1750361862
,,0.8388662934303284,1750361863
,,0.0013369044754654,1750361863
,,-0.5835330486297607,1750361863
,,0.2096175998449325,1750361864
,,1.684390425682068,1750361864
,,0.5549521446228027,1750361864
,,0.7345149517059326,1750361865
,,0.5296753644943237,1750361865
,,2.5370688438415527,1750361865
,,-0.5851109623908997,1750361865
,,0.5612640380859375,1750361865
,,0.3116534948348999,1750361866
,,-0.7719656229019165,1750361866
,,0.9735118746757508,1750361866
,,0.7509254813194275,1750361866
,,0.3705613017082214,1750361868
,,0.1738515198230743,1750361868
,,-0.5329663157463074,1750361868
,,-0.1753856837749481,1750361868
,,1.759289026260376,1750361869
,,-0.55400550365448,1750361869
,,-0.5561088919639587,1750361869
,,-0.5360171794891357,1750361869
,,-1.7361453771591189,1750361869
,,-0.0673980712890625,1750361870
,,0.2822624742984772,1750361870
,,0.5047754049301147,1750361870
,,0.1620700508356094,1750361871
,,-0.0722976103425026,1750361871
,,-0.6265875101089478,1750361872
,,-0.3939748704433441,1750361873
,,-0.6062542796134949,1750361873
,,0.2076072543859481,1750361874
,,-1.1998114585876465,1750361874
,,1.606968879699707,1750361876
,,0.720625638961792,1750361876
,,-0.414804607629776,1750361877
,,-0.3274949789047241,1750361877
,,-0.5034820437431335,1750361878
,,1.0082136392593384,1750361878
,,-0.3460088670253753,1750361878
,,-0.5969241261482239,1750361878
,,-0.5577923059463501,1750361880
,,1.5493236780166626,1750361880
,,2.072761058807373,1750361880
,,-0.1034357994794845,1750361880
,,-0.0175983719527721,1750361881
,,-0.7252578735351562,1750361881
,,0.2037893384695053,1750361882
,,0.6002900004386902,1750361882
,,-0.5692273378372192,1750361882
,,0.3120631575584411,1750361883
,,0.6605342030525208,1750361884
,,2.4468250274658203,1750361886
,,2.586519241333008,1750361886
,,-0.0870267376303672,1750361887
,,2.16953706741333,1750361888
,,0.28955078125,1750361888
,,0.8464398980140686,1750361889
,,-0.253226637840271,1750361890
,,1.9738792181015012,1750361890
,,0.2941486537456512,1750361891
,,0.3734958171844482,1750361891
,,-1.506827712059021,1750361892
,,0.4352111518383026,1750361892
,,-0.5270767211914062,1750361892
,,0.1181605011224746,1750361892
,,-0.271681547164917,1750361892
,,1.035142421722412,1750361892
,,-1.995339155197144,1750361893
,,-0.5931364893913269,1750361893
,,-0.1901136487722396,1750361894
,,-2.1367175579071045,1750361894
,,0.6012062430381775,1750361894
,,-0.1612278819084167,1750361895
,,-0.894828736782074,1750361896
,,1.7142633199691772,1750361896
,,-0.3903993368148803,1750361896
,,-0.377355694770813,1750361896
,,0.3983213007450104,1750361897
,,-0.628976047039032,1750361897
,,-0.632763147354126,1750361897
,,-0.4012656509876251,1750361898
,,2.0050177574157715,1750361898
,,0.0943885147571563,1750361899
,,1.546378493309021,1750361899
,,-0.6079370975494385,1750361899
,,0.1238426715135574,1750361900
,,-1.3267368078231812,1750361901
,,-0.7227338552474976,1750361902
,,0.2790433466434479,1750361902
,,-0.0154947126284241,1750361903
,,-0.1007021367549896,1750361903
,,-0.4174657166004181,1750361904
,,0.1135335937142372,1750361904
,,0.707661509513855,1750361904
,,-0.4526765942573547,1750361905
,,-0.1501406133174896,1750361905
,,-0.8099381923675537,1750361905
,,-0.2185470759868621,1750361905
,,1.5291274785995483,1750361905
,,-0.4260899126529693,1750361906
,,0.506880521774292,1750361906
,,-0.394187331199646,1750361906
,,-1.2472105026245115,1750361906
,,-0.598891019821167,1750361906
,,0.532967209815979,1750361906
,,0.1306801587343216,1750361907
,,-0.2485392540693283,1750361907
,,-0.5228365063667297,1750361907
,,-0.566281795501709,1750361907
,,-0.3923985362052917,1750361907
,,-0.2002128809690475,1750361907
,,0.7643899917602539,1750376459
,,0.2018948942422866,1750376459
,,0.915025532245636,1750376459
,,0.1033735945820808,1750376460
,,-0.00181697064545,1750376462
,,0.1911662071943283,1750376462
,,-0.6373918652534485,1750376463
,,2.5818915367126465,1750376463
,,-0.267955482006073,1750376464
,,0.09228515625,1750376464
,,-0.463118314743042,1750376465
,,-0.5535847544670105,1750376465
,,-0.5480093955993652,1750376465
,,0.2753190100193023,1750376466
,,-0.0765063911676406,1750376466
,,-0.385351300239563,1750376467
,,-0.3659204244613647,1750376468
,,0.2805803716182709,1750376468
,,-0.1974772959947586,1750376468
,,-0.8279242515563965,1750376469
,,0.318270742893219,1750376469
,,-0.822035551071167,1750376469
,,0.2636741995811462,1750376469
,,-1.0553388595581057,1750376469
,,0.0507771410048007,1750376470
,,-0.4946769773960113,1750376470
,,-0.568700909614563,1750376471
,,1.8350242376327517,1750376472
,,-0.4525687098503113,1750376473
,,0.1955217123031616,1750376473
,,-0.3432012498378753,1750376474
,,-1.89393413066864,1750376474
,,0.8535924553871155,1750376474
,,-0.6852844953536987,1750376477
,,0.2879421412944793,1750376477
,,0.354979932308197,1750376478
,,0.3425800204277038,1750376479
,,-0.5001478791236877,1750376479
,,-0.3421601355075836,1750376479
,,-0.2164118736982345,1750376479
,,0.4471311867237091,1750376479
,,0.31458780169487,1750376480
,,0.7273629903793335,1750376480
,,0.9396291971206664,1750376480
,,-0.3680252432823181,1750376480
,,-0.2047653198242187,1750376481
,,0.0312734469771385,1750376481
,,-0.2381866872310638,1750376481
,,-0.289762407541275,1750376482
,,-1.1479099988937378,1750376482
,,0.6265880465507507,1750376482
,,0.1337300688028335,1750376482
,,-0.3879065811634063,1750376483
,,0.3197103440761566,1750376484
,,1.442868709564209,1750376484
,,0.6057599782943726,1750376484
,,0.1725889444351196,1750376484
,,-1.3810160160064695,1750376484
,,-0.6323429942131042,1750376484
,,-3.159385919570923,1750376484
,,-0.0507777296006679,1750376484
,,0.2807160913944244,1750376485
,,-0.4023191034793854,1750376485
,,1.388589859008789,1750376485
,,-0.1546953618526458,1750376485
,,-0.294810950756073,1750376486
,,0.1889874339103698,1750376486
,,-0.0669755414128303,1750376488
,,0.2995124161243438,1750376488
,,-0.0297382064163684,1750376488
,,-0.4049478471279144,1750376489
,,0.3563175201416015,1750376489
,,-0.597765326499939,1750376489
,,-0.5468520522117615,1750376489
,,0.0123390760272741,1750376491
,,0.2102355808019638,1750376491
,,-0.1783352941274643,1750376491
,,0.7669131755828857,1750376492
,,0.8056244254112244,1750376492
,,-0.3163446187973022,1750376493
,,-0.2937704026699066,1750376493
,,-0.0470523126423358,1750376494
,,-0.0975447371602058,1750376494
,,1.84470534324646,1750376494
,,-0.6684545278549194,1750376495
,,0.1911644488573074,1750376496
,,-0.4267968237400055,1750376497
,,0.2974137365818023,1750376497
,,0.1117885261774063,1750376497
,,-0.3100336492061615,1750376497
,,0.8775757551193237,1750376497
,,-0.940049946308136,1750376498
,,0.1682339906692505,1750376498
,,0.2111534625291824,1750376498
,,-1.3570318222045898,1750376498
,,0.4412395656108856,1750376501
,,0.5523223280906677,1750376501
,,-0.0807154700160026,1750376501
,,-0.282262921333313,1750376502
,,-0.4509934484958648,1750376503
,,0.2016848027706146,1750376503
,,-0.1848537623882293,1750376504
,,0.4307192265987396,1750376504
,,-1.8821516036987305,1750376504
,,-0.5438748598098755,1750376504
,,-0.7315691113471985,1750376505
,,0.3768603801727295,1750376506
,,-0.9249026775360109,1750376506
,,1.5859280824661257,1750376506
,,-2.6033506393432617,1750376506
,,1.0111597776412964,1750376506
,,0.317396730184555,1750376506
,,-0.2107308804988861,1750376507
,,-0.9230170249938964,1750376508
,,-0.036049585789442,1750376508
,,0.3872756958007812,1750376508
,,-0.7290473580360413,1750376509
,,0.5873201489448547,1750376509
,,-0.5338083505630493,1750376509
,,-0.4135431051254272,1750376509
,,1.0016937255859375,1750376509
,,0.5948216319084167,1750376510
,,0.0922833904623985,1750376510
,,-0.4604580104351043,1750376510
,,-2.612607479095459,1750376510
,,0.2927075624465942,1750376511
,,-0.4133629202842712,1750376511
,,-2.0315253734588623,1750376511
,,-0.7946853637695312,1750376512
,,1.434035062789917,1750376512
,,-0.4089141190052032,1750376512
,,0.7143173217773438,1750376513
,,-0.4155742824077606,1750376513
,,0.927227258682251,1750376514
,,-0.8548548817634583,1750376515
,,-0.0453696213662624,1750376515
,,0.5206286907196045,1750376515
,,0.530936598777771,1750376516
,,-0.585141658782959,1750376516
,,-0.4711162745952606,1750376516
,,-0.0396253168582916,1750376516
,,-0.6890710592269897,1750376517
,,0.2033054530620575,1750376518
,,-0.5245513916015625,1750376518
,,0.3102434575557709,1750376518
,,0.1532968282699585,1750376518
,,-1.885517954826355,1750376518
,,-0.6966467499732971,1750376519
,,0.853172242641449,1750376519
,,-0.5824068188667297,1750376519
,,-0.6659300923347473,1750376519
,,0.0880763679742813,1750376519
,,0.397237479686737,1750376519
,,0.1479638814926147,1750376520
,,0.1324682980775833,1750376520
,,-1.92380690574646,1750376520
,,-0.1816975474357605,1750376520
,,-0.0918013006448745,1750376521
,,-0.1291024088859558,1750376521
,,0.5473779439926147,1750376522
,,-0.8258209228515625,1750376522
,,-0.3389927744865417,1750376523
,,-0.1522444933652877,1750376523
,,0.3112215399742126,1750376523
,,-0.9049262404441832,1750376524
,,0.671295166015625,1750376526
,,0.891463041305542,1750376526
,,-0.3256015181541443,1750376526
,,1.9608361721038816,1750376526
,,0.2085524350404739,1750376526
,,-0.503944993019104,1750376526
,,-0.2763710021972656,1750376527
,,-0.3743086457252502,1750376528
,,0.5722455978393555,1750376528
,,-0.909551739692688,1750376528
,,-0.4753969311714172,1750376528
,,0.3110862076282501,1750376529
,,0.5965036153793335,1750376529
,,-0.3068772554397583,1750376529
,,-0.91081702709198,1750376530
,,0.0150117129087448,1750376530
,,0.513264536857605,1750376531
,,-0.9610882997512816,1750376531
,,-0.0985964238643646,1750376531
,,-0.4162771999835968,1750376532
,,0.4054744243621826,1750376532
,,0.678972601890564,1750376532
,,0.4626982510089874,1750376533
,,0.517400860786438,1750376533
,,0.2469177097082138,1750376534
,,-0.3120627403259277,1750376534
,,0.4206214249134063,1750376535
,,0.5296014547348022,1750376535
,,-0.4636137783527374,1750376536
,,-0.3244452774524688,1750376536
,,-0.0668264254927635,1750376536
,,-2.0921177864074707,1750376536
,,-0.316165030002594,1750376536
,,-0.2673564255237579,1750376536
,,-0.4883653819561004,1750376536
,,0.2847867906093597,1750376538
,,-0.6365491151809692,1750376539
,,-0.5574422478675842,1750376540
,,0.160660371184349,1750376540
,,0.1247887164354324,1750376541
,,-0.6862000226974487,1750376541
,,0.1906814575195312,1750376541
,,0.6713998913764954,1750376542
,,0.5106641054153442,1750376542
,,-0.6103597283363342,1750376543
,,-0.5249751210212708,1750376543
,,0.3508790731430053,1750376544
,,-0.7988923788070679,1750376545
,,0.1688966006040573,1750376545
,,-0.5814302563667297,1750376545
,,0.3301561772823334,1750376546
,,-0.383170485496521,1750376546
,,0.0833857581019401,1750376547
,,-2.05340576171875,1750376548
,,-1.535436749458313,1750376548
,,0.1943224370479583,1750376548
,,0.4239880442619324,1750376549
,,0.4189385771751404,1750376549
,,1.1163499355316162,1750376550
,,0.1959410309791565,1750376551
,,-2.561052083969116,1750376551
,,-0.2653691172599792,1750376551
,,-0.4231579005718231,1750376552
,,-0.2920467555522918,1750376553
,,0.6697176098823547,1750376553
,,-0.2553332149982452,1750376554
,,0.216549202799797,1750376556
,,0.0135386865586042,1750376556
,,-2.2078280448913574,1750376556
,,-0.2185156047344207,1750376556
,,0.3261583745479584,1750376557
,,-0.95162171125412,1750376557
,,0.2321929782629013,1750376557
,,1.355771541595459,1750376557
,,-0.8801005482673645,1750376557
,,-0.5889292359352112,1750376558
,,-0.7004330158233643,1750376558
,,-0.2527453899383545,1750376558
,,-1.0789048671722412,1750376558
,,-0.7453188300132751,1750376559
,,-0.872947633266449,1750376559
,,1.5354379415512085,1750376560
,,-0.8788396120071411,1750376560
,,0.6407576203346252,1750376560
,,-1.0906853675842283,1750376560
,,0.2464329600334167,1750376561
,,0.4454134404659271,1750376562
,,-0.0230686236172914,1750376562
,,-0.3255276381969452,1750376562
,,-0.5641056895256042,1750376562
,,0.3255274593830108,1750376562
,,0.3372755646705627,1750376563
,,0.0260132998228073,1750376563
,,-0.7210188508033752,1750376564
,,0.3187942504882812,1750376564
,,-1.353665828704834,1750376564
,,0.1159973070025444,1750376564
,,0.2443295866250991,1750376564
,,-0.0293808076530694,1750376565
,,-0.4955209493637085,1750376565
,,-0.676627516746521,1750376565
,,-0.3924319744110107,1750376565
,,0.5334933400154114,1750376566
,,-1.8148291110992432,1750376566
,,-0.2164118736982345,1750376567
,,0.2416575402021408,1750376567
,,0.6000494956970215,1750376567
,,-0.7807998061180115,1750376568
,,-0.5451692342758179,1750376568
,,-0.4913852214813232,1750376568
,,0.1112189590930938,1750376568
,,0.3436948359012604,1750376570
,,-0.6713948845863342,1750376571
,,0.4499411880970001,1750376572
,,-1.7272354364395142,1750376573
,,0.4130474925041199,1750376573
,,0.0886457860469818,1750376573
,,-0.3305884003639221,1750376574
,,-0.2669032216072082,1750376574
,,0.5944105982780457,1750376574
,,-0.2173890322446823,1750376575
,,-0.484157532453537,1750376576
,,-0.393135130405426,1750376576
,,0.2332417368888855,1750376577
,,0.4156458973884582,1750376577
,,0.857380747795105,1750376577
,,-0.0349966213107109,1750376578
,,-0.1801628619432449,1750376578
,,-0.3626609146595001,1750376578
,,-0.0417927950620651,1750376579
,,-0.4525680243968963,1750376579
,,0.5531633496284485,1750376579
,,-0.2725113928318023,1750376579
,,0.4806846976280212,1750376579
,,-1.9128687381744385,1750376580
,,-0.4042851328849792,1750376580
,,-0.0270658638328313,1750376581
,,0.7563954591751099,1750376582
,,0.5831119418144226,1750376582
,,-0.627293050289154,1750376582
,,0.2285519987344741,1750376582
,,0.2321912199258804,1750376582
,,1.009698510169983,1750376583
,,2.762947559356689,1750376583
,,-0.405894935131073,1750376584
,,0.1543476283550262,1750376584
,,-2.519816398620605,1750376584
,,0.3152927756309509,1750376584
,,-0.4770026504993438,1750376584
,,0.6697179079055786,1750376584
,,-0.1522446572780609,1750376585
,,-0.9390092492103576,1750376585
,,-0.4788980484008789,1750376585
,,-0.5069844126701355,1750376585
,,-0.3591893911361694,1750376587
,,-1.3986897468566897,1750376587
,,0.6028148531913757,1750376587
,,0.6743453741073608,1750376587
,,0.2333792299032211,1750376587
,,-0.7399855256080627,1750376587
,,-0.4942556321620941,1750376587
,,0.0354810878634452,1750376588
,,0.897352933883667,1750376589
,,0.3268637061119079,1750376589
,,-0.5718879699707031,1750376589
,,-0.1864745765924453,1750376590
,,0.2136768549680709,1750376590
,,-0.8586419820785522,1750376590
,,-0.2003490626811981,1750376591
,,-0.7570152878761292,1750376592
,,1.854381799697876,1750376592
,,1.0202172994613647,1750376592
,,2.0651869773864746,1750376592
,,-0.5641036033630371,1750376593
,,-1.8295557498931885,1750376593
,,-0.3304714560508728,1750376593
,,-1.8872016668319704,1750376595
,,0.2889949679374695,1750376595
,,-0.4787623882293701,1750376595
,,0.4686630666255951,1750376595
,,0.2241961359977722,1750376596
,,0.4203059673309326,1750376596
,,0.4530240297317505,1750376597
,,0.6730833053588867,1750376598
,,0.4507798254489898,1750376598
,,0.4514116048812866,1750376599
,,-1.329754114151001,1750376599
,,0.4850733578205108,1750376599
,,-0.531280517578125,1750376599
,,-2.3624484539031982,1750376600
,,-0.4130460023880005,1750376600
,,0.3089787364006042,1750376600
,,0.7643898725509644,1750376601
,,-0.3540027141571045,1750376602
,,-0.6904091238975525,1750376602
,,0.1732107251882553,1750376603
,,0.449456125497818,1750376603
,,-0.3857726752758026,1750376604
,,-0.0055436356924474,1750376605
,,-0.399478018283844,1750376605
,,-0.1309339106082916,1750376605
,,0.2822623252868652,1750376605
,,-0.3735692203044891,1750376605
,,-0.5531627535820007,1750376605
,,0.3638164699077606,1750376605
,,0.4753329753875732,1750376606
,,-0.640683114528656,1750376606
,,0.559867262840271,1750376606
,,0.2658529877662658,1750376606
,,-0.1717482358217239,1750376606
,,0.3288938701152801,1750376606
,,0.7505049705505371,1750376607
,,-0.1475530713796615,1750376607
,,-3.549217462539673,1750376607
,,-1.7580251693725586,1750376608
,,-0.5749388337135315,1750376608
,,0.6267973184585571,1750376608
,,-0.5906841158866882,1750376609
,,0.825822651386261,1750376609
,,-0.893568754196167,1750376609
,,0.567544162273407,1750376609
,,1.1538007259368896,1750376612
,,0.1749977618455886,1750376612
,,2.029421091079712,1750376613
,,-0.1526650190353393,1750376613
,,0.3929249346256256,1750376613
,,-1.977245807647705,1750376614
,,-0.1722318083047866,1750376614
,,-0.4845827221870422,1750376614
,,0.3003557622432709,1750376615
,,1.201768159866333,1750376616
,,-0.4019698798656463,1750376616
,,0.6522510051727295,1750376616
,,-1.094052791595459,1750376617
,,-0.3264418244361877,1750376617
,,-0.2469177097082138,1750376618
,,0.4057581722736358,1750376618
,,-0.4741334021091461,1750376618
,,-1.3671305179595947,1750376618
,,-0.1286192685365677,1750376619
,,-0.3835930228233337,1750376619
,,0.69871985912323,1750376620
,,0.5814293622970581,1750376621
,,-0.2984610199928283,1750376621
,,0.1764391362667083,1750376621
,,-0.2868916392326355,1750376621
,,-0.4166236221790313,1750376622
,,0.3316399753093719,1750376622
,,0.4135419130325317,1750376623
,,0.0612968988716602,1750376623
,,-0.1633324176073074,1750376624
,,0.524131178855896,1750376624
,,0.0528802871704101,1750376624
,,0.1680227369070053,1750376624
,,0.5813234448432922,1750376624
,,-0.398740291595459,1750376625
,,-0.3342273235321045,1750376625
,,-0.4563867747783661,1750376626
,,0.1354135274887085,1750376626
,,0.0676070004701614,1750376626
,,1.0561825037002563,1750376627
,,1.2829771041870115,1750376627
,,-0.8498066067695618,1750376627
,,1.3616604804992676,1750376627
,,0.5594749450683594,1750376628
,,0.0002843436377588,1750376628
,,0.2014002054929733,1750376628
,,-0.4925712943077087,1750376628
,,-0.2518967688083648,1750376629
,,0.5129523277282715,1750376629
,,0.2909936010837555,1750376629
,,0.5325434803962708,1750376629
,,-0.2098156809806823,1750376629
,,-0.5211853384971619,1750376629
,,0.3256019949913025,1750376629
,,0.0928509011864662,1750376630
,,-0.2711105346679687,1750376630
,,-0.716844379901886,1750376630
,,-1.7239429950714111,1750376632
,,-0.5527423024177551,1750376633
,,0.6462278962135315,1750376633
,,-0.027634548023343,1750376634
,,-0.7997351288795471,1750376635
,,-1.6742926836013794,1750376635
,,0.3671839535236358,1750376636
,,0.39797443151474,1750376636
,,-0.816145658493042,1750376637
,,-0.4117853939533233,1750376637
,,0.0417926460504531,1750376638
,,-0.5418055653572083,1750376638
,,-0.2886792719364166,1750376640
,,-0.5451692342758179,1750376640
,,0.3970571458339691,1750376642
,,0.7340944409370422,1750376642
,,0.2881845235824585,1750376642
,,0.1007027253508567,1750376643
,,0.3100330233573913,1750376643
,,-0.6617220640182495,1750376643
,,-0.7122147679328918,1750376643
,,-2.2589402198791504,1750376643
,,-0.6457319855690002,1750376644
,,0.52097487449646,1750376645
,,-0.2727948725223541,1750376645
,,-0.1296697705984115,1750376645
,,0.4540722072124481,1750376646
,,-0.3420110642910003,1750376647
,,-0.1156381219625473,1750376648
,,0.7938454747200012,1750376648
,,0.8742107152938843,1750376648
,,-0.331493079662323,1750376648
,,0.3974797129631042,1750376648
,,0.6135127544403076,1750376648
,,0.4854944348335266,1750376649
,,0.5630211234092712,1750376649
,,-0.3053406774997711,1750376650
,,-0.5502181053161621,1750376650
,,-0.4451317191123962,1750376650
,,-0.9606668949127196,1750376651
,,-0.6095451712608337,1750376651
,,-0.4270377457141876,1750376651
,,-0.466286152601242,1750376651
,,-0.3021873831748962,1750376651
,,-0.8464395999908447,1750376653
,,2.113156795501709,1750376653
,,-0.7606030702590942,1750376653
,,-0.113322913646698,1750376653
,,-0.5447481274604797,1750376654
,,0.468589186668396,1750376654
,,-0.0891277566552162,1750376654
,,-1.211445689201355,1750376654
,,-0.620139479637146,1750376654
,,0.1286077052354812,1750376655
,,0.598258376121521,1750376655
,,-0.1732840836048126,1750376655
,,-0.3887170553207397,1750376655
,,0.3563185334205627,1750376655
,,0.2637483775615692,1750376656
,,0.3475130498409271,1750376656
,,0.3087691962718963,1750376656
,,-0.0996516272425651,1750376656
,,0.3406747579574585,1750376656
,,-0.7824826836585999,1750376657
,,-0.4408158361911773,1750376657
,,0.2122039645910263,1750376657
,,-2.5427615642547607,1750376658
,,-0.6465756297111511,1750376658
,,0.259055495262146,1750376658
,,2.0088043212890625,1750376658
,,0.1049074009060859,1750376659
,,-0.2727317810058594,1750376660
,,-0.2300861030817031,1750376660
,,0.4047059118747711,1750376660
,,-1.6612471342086792,1750376660
,,-0.2104584574699401,1750376661
,,1.0305153131484983,1750376661
,,0.6365499496459961,1750376662
,,1.0343029499053955,1750376662
,,2.3359405994415283,1750376662
,,0.7416686415672302,1750376662
,,-0.181218072772026,1750376662
,,1.1840949058532717,1750376662
,,-0.3680267333984375,1750376663
,,-0.559897780418396,1750376663
,,1.03514301776886,1750376664
,,0.72533118724823,1750376664
,,-0.9581430554389954,1750376664
,,1.639790415763855,1750376665
,,-0.7155811190605164,1750376665
,,-0.3651545345783233,1750376665
,,0.0160639844834804,1750376666
,,0.6032045483589172,1750376666
,,3.467737436294556,1750376667
,,-1.2897093296051023,1750376667
,,-0.3756725490093231,1750376668
,,0.2916667461395263,1750376668
,,0.3327554166316986,1750376669
,,0.7290443778038025,1750376669
,,0.3350683152675628,1750376670
,,0.4156776368618011,1750376670
,,0.0676070004701614,1750376670
,,0.7021143436431885,1750376671
,,-1.006951928138733,1750376671
,,1.1028876304626465,1750376671
,,2.031103134155273,1750376672
,,-0.2334845513105392,1750376672
,,0.5481147766113281,1750376672
,,0.3053406774997711,1750376673
,,0.343589186668396,1750376674
,,0.1438281685113906,1750376675
,,-0.1509088277816772,1750376676
,,-0.6455975770950317,1750376677
,,-0.5972078442573547,1750376678
,,0.3731489777565002,1750376679
,,1.478216290473938,1750376679
,,-0.2748348414897918,1750376679
,,-0.3983946442604065,1750376679
,,0.288921058177948,1750376679
,,0.0859724134206771,1750376680
,,-0.5510582327842712,1750376680
,,0.0975447371602058,1750376681
,,-0.7328011393547058,1750376681
,,-2.007540225982666,1750376681
,,0.1507087051868438,1750376681
,,-0.2075101286172866,1750376682
,,-0.3914512991905212,1750376682
,,-0.0575714819133281,1750376683
,,-1.6351587772369385,1750376683
,,-0.57638019323349,1750376683
,,-0.2048404365777969,1750376683
,,-0.3978997468948364,1750376683
,,1.3237911462783811,1750376683
,,0.3878753185272217,1750376684
,,-0.5989230275154114,1750376684
,,0.4702723324298858,1750376684
,,0.2594680786132812,1750376685
,,0.3891378343105316,1750376685
,,0.0154948579147458,1750376686
,,-0.475321501493454,1750376686
,,-0.4993787705898285,1750376686
,,0.9263868927955629,1750376687
,,0.8178276419639587,1750376687
,,-0.0349983908236026,1750376688
,,-0.5001466870307922,1750376689
,,0.1595458984375,1750376689
,,0.2043463140726089,1750376689
,,-1.6166462898254397,1750376689
,,0.2006325274705886,1750376689
,,-0.2056051194667816,1750376690
,,0.5199209451675415,1750376690
,,0.0644513666629791,1750376691
,,-0.4559343457221985,1750376692
,,-1.0532379150390625,1750376692
,,-0.3419365584850311,1750376693
,,-0.1780595034360885,1750376693
,,0.625535249710083,1750376694
,,0.6225902438163757,1750376694
,,0.3625558614730835,1750376694
,,-1.0620745420455933,1750376694
,,-0.3321235179901123,1750376695
,,-0.296926349401474,1750376695
,,0.3512701988220215,1750376696
,,-0.4181707501411438,1750376696
,,0.6171945333480835,1750376697
,,0.7462973594665527,1750376698
,,0.5418025851249695,1750376698
,,-0.2453822940587997,1750376698
,,0.6865480542182922,1750376698
,,0.3925029933452606,1750376699
,,-1.1302378177642822,1750376699
,,-0.4425036907196045,1750376701
,,0.0362572446465492,1750376701
,,-0.2290355861186981,1750376702
,,0.2469178587198257,1750376703
,,1.5653116703033447,1750376703
,,-0.437526136636734,1750376703
,,1.0237842798233032,1750376704
,,0.6979089379310608,1750376704
,,0.4214641749858856,1750376704
,,-0.3205522298812866,1750376704
,,0.2321169674396515,1750376705
,,-0.3298090398311615,1750376707
,,-1.0347225666046145,1750376707
,,-0.7938434481620789,1750376708
,,-0.1191511824727058,1750376708
,,0.0213206354528665,1750376708
,,0.1808568835258484,1750376709
,,-0.1610075086355209,1750376709
,,0.1901139616966247,1750376709
,,0.3060689866542816,1750376710
,,0.8388653993606567,1750376710
,,0.8140410780906677,1750376711
,,0.6002913117408752,1750376711
,,-0.918590247631073,1750376711
,,0.719862699508667,1750376711
,,-0.1480378061532974,1750376711
,,1.2985464334487915,1750376711
,,0.7618677616119385,1750376711
,,-0.8392850160598755,1750376712
,,0.2296658903360366,1750376712
,,0.0701946839690208,1750376712
,,-0.4625613689422607,1750376713
,,-0.4574080109596252,1750376713
,,-1.4554935693740845,1750376713
,,0.1968453973531723,1750376715
,,-0.8018376231193542,1750376715
,,0.3037226498126983,1750376715
,,0.2936229705810547,1750376715
,,-0.434928297996521,1750376715
,,0.3828262686729431,1750376715
,,-0.8081512451171875,1750376715
,,-0.0460002571344375,1750376716
,,-0.4925841987133026,1750376716
,,0.6395266652107239,1750376717
,,-0.004702381324023,1750376718
,,-0.915025532245636,1750376719
,,0.3781240284442901,1750376719
,,-0.397910475730896,1750376719
,,0.4614357352256775,1750376720
,,0.2009506076574325,1750376721
,,-1.0216803550720217,1750376721
,,0.048463124781847,1750376721
,,-0.1875264048576355,1750376722
,,0.6529910564422607,1750376722
,,0.056519728153944,1750376723
,,-0.3195003569126129,1750376723
,,0.2243446856737136,1750376723
,,-0.802679181098938,1750376723
,,-0.639914870262146,1750376724
,,1.3052772283554075,1750376725
,,-0.1469850540161132,1750376725
,,-1.2564702033996582,1750376725
,,0.5905808210372925,1750376725
,,1.9132885932922363,1750376725
,,0.137516900897026,1750376727
,,0.179595947265625,1750376727
,,-0.1786821782588958,1750376728
,,-0.53728187084198,1750376728
,,0.6436315178871155,1750376728
,,0.4055468738079071,1750376729
,,0.0565197244286537,1750376730
,,2.2478020191192627,1750376730
,,0.2380813956260681,1750376731
,,0.491804838180542,1750376731
,,0.3633968532085418,1750376731
,,-0.523920476436615,1750376732
,,0.3583473563194275,1750376732
,,-0.5183138251304626,1750376732
,,0.7770133018493652,1750376733
,,-0.5341233015060425,1750376733
,,-0.2661678493022918,1750376733
,,0.1259466260671615,1750376734
,,1.646100401878357,1750376734
,,0.0922845676541328,1750376735
,,0.4471301138401031,1750376735
,,0.6495202779769897,1750376736
,,-2.776905298233032,1750376737
,,-0.1633327156305313,1750376737
,,0.3695091605186462,1750376738
,,-0.1180983260273933,1750376738
,,-0.223775565624237,1750376738
,,1.573309063911438,1750376739
,,-0.6234318614006042,1750376739
,,0.1812767684459686,1750376739
,,-0.4446041285991668,1750376739
,,-0.8291881084442139,1750376740
,,-0.4383676648139953,1750376740
,,0.723574697971344,1750376740
,,-0.2517553269863128,1750376741
,,0.1838022619485855,1750376741
,,0.2733529806137085,1750376742
,,-0.0638832673430442,1750376742
,,1.8135675191879272,1750376742
,,-1.8421777486801147,1750376742
,,1.7592884302139282,1750376743
,,0.5612335205078125,1750376744
,,0.4488900899887085,1750376744
,,-0.124410480260849,1750376744
,,0.4569866359233856,1750376745
,,1.7836922407150269,1750376745
,,-0.2367454618215561,1750376747
,,-2.2414886951446533,1750376747
,,-0.3179647028446197,1750376748
,,0.783744215965271,1750376748
,,0.5341978669166565,1750376748
,,0.6996651887893677,1750376749
,,-0.3489552736282348,1750376749
,,0.4437642991542816,1750376750
,,0.4727972447872162,1750376751
,,0.8493845462799072,1750376752
,,0.2753195762634277,1750376752
,,-0.4218937456607818,1750376752
,,-0.4659285843372345,1750376753
,,-2.319530963897705,1750376754
,,0.1938353180885315,1750376754
,,-0.4239883422851562,1750376754
,,-1.548409104347229,1750376755
,,0.4189382493495941,1750376755
,,2.7511630058288574,1750376755
,,-0.040257379412651,1750376756
,,-0.5224485993385315,1750376756
,,0.6777114868164062,1750376757
,,2.0117499828338623,1750376757
,,-0.2853551805019378,1750376757
,,0.3331756293773651,1750376758
,,-0.5176828503608704,1750376758
,,0.8464396595954895,1750376758
,,-0.4530205130577087,1750376758
,,0.41732919216156,1750376759
,,-0.2996491491794586,1750376759
,,-0.6364763379096985,1750376759
,,-0.4475519955158233,1750376759
,,0.6495941877365112,1750376759
,,-0.4438675940036773,1750376760
,,-1.9797720909118648,1750376761
,,1.657881498336792,1750376761
,,-0.4509160220623016,1750376762
,,-1.013683557510376,1750376764
,,0.288920909166336,1750376764
,,-0.1322573125362396,1750376764
,,0.2511250376701355,1750376765
,,-1.492942214012146,1750376766
,,0.2275625318288803,1750376766
,,0.3871817886829376,1750376766
,,0.5956614017486572,1750376766
,,-0.1160595193505287,1750376767
,,-0.2374513894319534,1750376767
,,-0.3470599353313446,1750376768
,,-0.454714834690094,1750376768
,,-0.1911657452583313,1750376768
,,-0.5054062604904175,1750376768
,,0.6453120708465576,1750376769
,,-0.4290366470813751,1750376769
,,-0.543485164642334,1750376770
,,0.9560388326644896,1750376770
,,-0.1180977448821067,1750376770
,,-0.0644513592123985,1750376770
,,-0.5793222188949585,1750376770
,,-0.0889502987265586,1750376770
,,0.3225508332252502,1750376770
,,-0.028265468776226,1750376772
,,0.414309561252594,1750376772
,,0.564944863319397,1750376772
,,0.5560783743858337,1750376772
,,-0.5911069512367249,1750376772
,,-0.4047053456306457,1750376772
,,-0.63984215259552,1750376772
,,0.3568854629993438,1750376773
,,-0.0344291105866432,1750376773
,,-2.155231475830078,1750376773
,,0.4854196310043335,1750376773
,,0.8859933614730835,1750376774
,,0.1901142299175262,1750376775
,,-0.1580722481012344,1750376775
,,0.5216046571731567,1750376776
,,0.7364824414253235,1750376776
,,-0.3979737758636474,1750376777
,,-0.4114385545253753,1750376777
,,2.3468806743621826,1750376778
,,-0.9806624054908752,1750376778
,,-0.2793156206607818,1750376779
,,-0.442574679851532,1750376779
,,0.5952406525611877,1750376779
,,0.4879443645477295,1750376780
,,2.021847486495972,1750376780
,,0.5877404808998108,1750376780
,,0.3274312913417816,1750376781
,,3.176143884658813,1750376781
,,0.1622802913188934,1750376781
,,1.9696707725524905,1750376781
,,0.7256792187690735,1750376782
,,1.0347236394882202,1750376782
,,-0.686545729637146,1750376782
,,-0.1375180631875991,1750376783
,,-0.2054085284471511,1750376784
,,0.3596854209899902,1750376784
,,0.3260533213615417,1750376784
,,-0.4795314967632293,1750376784
,,0.4836005866527557,1750376787
,,0.1885352432727813,1750376787
,,0.0638841465115547,1750376787
,,0.00181814446114,1750376788
,,-0.3334890305995941,1750376788
,,-0.4555452764034271,1750376788
,,-0.8725276589393616,1750376789
,,-1.2695130109786987,1750376791
,,-0.1485629081726074,1750376791
,,-0.0396898686885833,1750376792
,,-0.1486050486564636,1750376792
,,-1.0982577800750732,1750376792
,,2.1089465618133545,1750376793
,,0.2169811427593231,1750376793
,,-0.7181795239448547,1750376793
,,-2.083702564239502,1750376793
,,0.8131989240646362,1750376793
,,0.2469178587198257,1750376794
,,0.7777193188667297,1750376794
,,-0.5072983503341675,1750376794
,,-0.199718177318573,1750376795
,,0.659618079662323,1750376795
,,0.2411321103572845,1750376795
,,-0.0617784075438976,1750376795
,,-0.079662024974823,1750376795
,,-0.7496631145477295,1750376796
,,0.6100416779518127,1750376796
,,-0.6570937633514404,1750376796
,,-0.8291884064674377,1750376797
,,0.7197883129119873,1750376797
,,0.3237075805664062,1750376797
,,0.8510677218437195,1750376798
,,-0.3117159307003021,1750376798
,,-0.7294669151306152,1750376799
,,0.9394290447235109,1750376799
,,0.2385019063949585,1750376801
,,0.208974540233612,1750376801
,,-0.2373774498701095,1750376801
,,0.1806464493274688,1750376802
,,-0.2653673589229584,1750376802
,,-0.2385036647319793,1750376802
,,-0.6739240288734436,1750376803
,,-0.6291151642799377,1750376803
,,-0.6844464540481567,1750376804
,,-1.7668626308441162,1750376804
,,-0.615090548992157,1750376804
,,-0.3392034471035003,1750376804
,,-0.093907281756401,1750376804
,,0.1013321131467819,1750376804
,,2.802079200744629,1750376806
,,-0.6177514791488647,1750376807
,,0.922177791595459,1750376807
,,-1.996600151062012,1750376807
,,-0.026580810546875,1750376808
,,0.4401560425758362,1750376808
,,-0.625535786151886,1750376808
,,0.0981130674481391,1750376811
,,0.5294623374938965,1750376811
,,-0.6082844138145447,1750376812
,,0.3746513724327087,1750376812
,,0.7231539487838745,1750376813
,,-0.130153939127922,1750376813
,,-0.2006325274705886,1750376814
,,-0.4473530650138855,1750376814
,,-0.4568814933300018,1750376814
,,-0.340254545211792,1750376816
,,0.3341536819934845,1750376816
,,-0.4299527406692505,1750376816
,,-0.3221617341041565,1750376817
,,-0.5229415893554688,1750376817
,,-0.5994491577148438,1750376817
,,-0.1795947700738906,1750376817
,,-0.1905347257852554,1750376818
,,-0.4487820863723755,1750376818
,,0.3743380010128021,1750376819
,,0.9446784853935242,1750376819
,,-2.545284509658813,1750376819
,,0.2174638509750366,1750376819
,,-0.2758894562721252,1750376820
,,0.2690075933933258,1750376821
,,0.0023874128237366,1750376821
,,-0.2847870588302612,1750376821
,,0.2969272136688232,1750376822
,,-1.639366626739502,1750376822
,,1.62590491771698,1750376822
,,0.448466956615448,1750376822
,,0.3457987606525421,1750376823
,,0.7736467123031616,1750376823
,,-0.6322681903839111,1750376824
,,0.7532284259796143,1750376824
,,-1.321338176727295,1750376824
,,-0.5981853008270264,1750376824
,,0.6303746104240417,1750376825
,,0.3720964193344116,1750376825
,,-0.3091935515403747,1750376825
,,0.3063938319683075,1750376825
,,0.1974777728319168,1750376825
,,-0.5476938486099243,1750376826
,,0.0105930129066109,1750376826
,,-0.3365407884120941,1750376826
,,0.2880789041519165,1750376827
,,-0.6377382278442383,1750376828
,,0.1067284792661666,1750376828
,,0.241898164153099,1750376829
,,-1.320004940032959,1750376830
,,0.5458021759986877,1750376831
,,-0.9800261855125428,1750376831
,,-0.5797470808029175,1750376831
,,0.2679560780525207,1750376831
,,1.1702111959457395,1750376831
,,0.060727335512638,1750376834
,,0.4803705811500549,1750376835
,,-0.1412423849105835,1750376835
,,2.088330030441284,1750376836
,,-0.4438690543174743,1750376836
,,0.3653628826141357,1750376836
,,0.3059307038784027,1750376836
,,-1.374285101890564,1750376837
,,0.278403639793396,1750376837
,,-0.5040059685707092,1750376838
,,0.2536491751670837,1750376838
,,0.1180880591273307,1750376838
,,-0.2014007419347763,1750376838
,,0.596923828125,1750376838
,,-0.1791117638349533,1750376840
,,0.5359121561050415,1750376840
,,0.4237764775753021,1750376840
,,-2.0984275341033936,1750376840
,,2.2860891819000244,1750376841
,,-0.7538706064224243,1750376841
,,-1.7769601345062256,1750376841
,,-1.3368353843688965,1750376841
,,-1.0338821411132812,1750376841
,,2.9144246578216557,1750376841
,,0.6390756368637085,1750376841
,,0.2978621125221252,1750376841
,,-0.0912322998046875,1750376842
,,0.5923693776130676,1750376842
,,0.6955935955047607,1750376842
,,-0.0649349465966224,1750376842
,,0.3129787147045135,1750376843
,,0.1849928498268127,1750376843
,,0.4772890508174896,1750376844
,,-0.1301545351743698,1750376844
,,-1.6511491537094116,1750376845
,,-0.1391384303569793,1750376845
,,-1.0460827350616455,1750376846
,,0.2528088092803955,1750376847
,,-1.683549404144287,1750376847
,,0.2916668951511383,1750376847
,,0.5658610463142395,1750376847
,,-1.861533522605896,1750376847
,,-0.2842923402786255,1750376848
,,-0.6039713025093079,1750376848
,,0.5476945638656616,1750376848
,,-0.6482576131820679,1750376848
,,1.1176146268844604,1750376848
,,-0.1091157272458076,1750376849
,,0.05603614076972,1750376849
,,0.9310144186019896,1750376849
,,-1.8093607425689695,1750376850
,,0.050206109881401,1750376851
,,-0.4004974365234375,1750376851
,,0.0739185586571693,1750376852
,,0.4628771245479584,1750376852
,,0.2738468945026397,1750376852
,,1.2042922973632812,1750392001
,,-0.0996457561850547,1750392001
,,0.1543485075235366,1750392002
,,-0.44552081823349,1750392003
,,-0.2291705757379531,1750392003
,,0.2577843070030212,1750392003
,,0.0371015258133411,1750392004
,,-1.3667097091674805,1750392004
,,0.3058242797851562,1750392004
,,0.3103784322738647,1750392004
,,-0.0434132330119609,1750392005
,,0.3720972836017608,1750392005
,,0.1680221557617187,1750392007
,,-0.975616693496704,1750392007
,,-0.6723157167434692,1750392008
,,-0.2372392416000366,1750392008
,,1.375968337059021,1750392008
,,-1.79631507396698,1750392009
,,0.4521783888339996,1750392009
,,-0.4067356288433075,1750392009
,,0.0423616245388984,1750392010
,,-0.6070960164070129,1750392010
,,-0.0345764122903347,1750392011
,,-0.9328961968421936,1750392011
,,-0.9693039655685424,1750392012
,,-0.3410961329936981,1750392012
,,-0.4614360332489013,1750392013
,,-0.4177527725696563,1750392013
,,0.2640637457370758,1750392014
,,-0.3692896962165832,1750392014
,,-1.9675685167312624,1750392014
,,0.6541495323181152,1750392015
,,-0.4206219911575317,1750392016
,,0.747981071472168,1750392016
,,-0.8843101859092712,1750392017
,,-0.438368558883667,1750392017
,,-0.7206297516822815,1750392018
,,0.6214029788970947,1750392018
,,-0.2674718797206878,1750392019
,,0.0718143135309219,1750392019
,,0.0213226918131113,1750392020
,,1.1410844326019287,1750392021
,,1.6591447591781616,1750392021
,,1.203450083732605,1750392022
,,0.113322913646698,1750392022
,,0.0533635057508945,1750392023
,,1.2236486673355105,1750392023
,,0.2052617818117141,1750392023
,,-0.5385102033615112,1750392023
,,0.4374533295631408,1750392023
,,2.076127529144287,1750392024
,,-0.0891301035881042,1750392025
,,0.4115858674049377,1750392025
,,-1.651989221572876,1750392026
,,-0.7256790399551392,1750392026
,,0.1248209998011589,1750392027
,,0.2927186489105224,1750392028
,,0.6095463633537292,1750392028
,,-0.784587562084198,1750392029
,,0.4328231513500213,1750392030
,,0.3867495357990265,1750392030
,,-0.5838801860809326,1750392031
,,-0.7080074548721313,1750392031
,,0.536751925945282,1750392032
,,1.320004940032959,1750392032
,,-0.1696425229310989,1750392032
,,0.450990229845047,1750392034
,,-0.7749087810516357,1750392034
,,-0.6352885365486145,1750392035
,,-0.3063935339450836,1750392035
,,-2.537710905075073,1750392035
,,0.7732250094413757,1750392035
,,0.6083585023880005,1750392035
,,0.347304105758667,1750392035
,,-0.0375844500958919,1750392036
,,-0.422799289226532,1750392036
,,0.1901139318943023,1750392036
,,-0.674419105052948,1750392036
,,-0.5443282127380371,1750392037
,,0.2769399583339691,1750392039
,,-1.81693434715271,1750392039
,,0.93059241771698,1750392039
,,0.3474819362163543,1750392040
,,-0.2048404365777969,1750392041
,,-0.0013357321731746,1750392041
,,-0.4462884664535522,1750392041
,,0.8514885306358337,1750392041
,,0.2763713598251343,1750392041
,,-0.3704135417938232,1750392041
,,0.0528802126646041,1750392042
,,-0.0197032038122415,1750392042
,,0.9777191877365112,1750392043
,,2.001650333404541,1750392043
,,0.6202468872070312,1750392043
,,0.6833601593971252,1750392044
,,-0.0507777296006679,1750392044
,,-0.984031081199646,1750392045
,,-1.9511582851409912,1750392045
,,-0.1316305100917816,1750392045
,,-0.3848559856414795,1750392045
,,-0.4046322703361511,1750392046
,,0.2643167078495025,1750392046
,,-0.8430730104446411,1750392047
,,1.8850959539413448,1750392048
,,-2.505310297012329,1750392048
,,-0.5754652619361877,1750392049
,,0.4639610648155212,1750392049
,,0.4870710968971252,1750392049
,,1.1554852724075315,1750392049
,,-1.2711929082870483,1750392049
,,0.1514031141996383,1750392050
,,-0.3966375291347503,1750392050
,,0.6082844138145447,1750392051
,,-0.2075129151344299,1750392051
,,0.450148344039917,1750392052
,,0.7666933536529541,1750392053
,,-0.8923039436340332,1750392053
,,0.1879359632730484,1750392054
,,0.1396208554506302,1750392055
,,1.7331994771957395,1750392056
,,0.2201361954212188,1750392056
,,-0.1901139467954635,1750392056
,,-0.2487062215805053,1750392057
,,-0.2721638679504394,1750392058
,,-0.0333768390119075,1750392058
,,0.042359571903944,1750392059
,,-0.2910983562469482,1750392059
,,0.1626903712749481,1750392059
,,1.8930926322937007,1750392060
,,2.3649742603302,1750392060
,,0.4929915070533752,1750392060
,,-0.330577552318573,1750392061
,,-0.4997229874134063,1750392061
,,-0.1948488652706146,1750392061
,,-0.5666304230690002,1750392062
,,-1.7525548934936523,1750392062
,,-0.4768048524856567,1750392063
,,0.1380873471498489,1750392063
,,-0.4970972836017608,1750392063
,,-0.590475857257843,1750392064
,,-0.9629932641983032,1750392064
,,-2.261686325073242,1750392065
,,-0.3710444271564483,1750392065
,,-2.206985712051392,1750392065
,,1.619591236114502,1750392065
,,-0.2214923948049545,1750392065
,,0.2422156631946563,1750392065
,,-0.3531617224216461,1750392066
,,-1.5960294008255005,1750392066
,,0.0091834422200918,1750392067
,,-0.7925801873207092,1750392068
,,0.3751783967018127,1750392068
,,-0.7610241770744324,1750392068
,,-0.4228022396564483,1750392068
,,0.4729778468608856,1750392070
,,0.0728677585721015,1750392070
,,-1.3974244594573977,1750392070
,,0.394607812166214,1750392072
,,0.8590630292892456,1750392072
,,-0.4154674708843231,1750392073
,,-0.3268639147281647,1750392073
,,0.8826258182525635,1750392074
,,-0.7761715054512024,1750392074
,,-0.5531640648841858,1750392075
,,0.3406771123409271,1750392075
,,0.224825918674469,1750392075
,,-0.6861302256584167,1750392076
,,-0.0575722903013229,1750392076
,,0.467085599899292,1750392076
,,-1.8888849020004272,1750392076
,,-1.482000470161438,1750392077
,,0.1086308360099792,1750392077
,,-1.277507781982422,1750392077
,,-0.6141756176948547,1750392078
,,-0.8826258182525635,1750392078
,,-0.7521867156028748,1750392078
,,0.2556774318218231,1750392078
,,-0.6516206860542297,1750392079
,,-0.1295212805271148,1750392079
,,0.902402400970459,1750392079
,,-1.119718313217163,1750392080
,,-0.1589766144752502,1750392080
,,-0.1752800494432449,1750392080
,,0.0239105205982923,1750392081
,,0.2147298902273178,1750392081
,,0.8106759786605835,1750392081
,,0.3568857610225677,1750392081
,,-0.1890618950128555,1750392081
,,-0.415793776512146,1750392081
,,0.6188019514083862,1750392082
,,0.1816987246274948,1750392082
,,0.66761314868927,1750392083
,,0.9217578768730164,1750392084
,,-0.0854894146323204,1750392085
,,-0.3909577429294586,1750392085
,,0.1575047373771667,1750392085
,,0.4479716122150421,1750392085
,,-0.4110177755355835,1750392086
,,1.2009268999099731,1750392086
,,0.7290437817573547,1750392086
,,0.5321252942085266,1750392086
,,0.7866917848587036,1750392087
,,2.018902063369751,1750392087
,,0.4975166022777557,1750392087
,,0.7340949773788452,1750392087
,,-0.4362652003765106,1750392087
,,-1.2236483097076416,1750392088
,,-0.494751513004303,1750392089
,,-1.792106032371521,1750392089
,,-0.0181667618453502,1750392089
,,-0.5725924968719482,1750392089
,,1.1584292650222778,1750392089
,,0.6032353043556213,1750392090
,,0.4991994798183441,1750392090
,,-0.2595414221286773,1750392091
,,0.4492336809635162,1750392092
,,0.6912811994552612,1750392094
,,0.2274997383356094,1750392094
,,0.5281242728233337,1750392094
,,-1.8295581340789795,1750392094
,,0.2985986471176147,1750392095
,,-0.2964940667152405,1750392095
,,2.467442274093628,1750392095
,,-0.2118154615163803,1750392095
,,-0.2305080443620681,1750392096
,,-0.7037987112998962,1750392096
,,0.7134765982627869,1750392096
,,-2.0290000438690186,1750392096
,,-0.1038563027977943,1750392096
,,-1.3233706951141355,1750392097
,,2.884129285812378,1750392097
,,-0.100700519979,1750392097
,,0.7068199515342712,1750392097
,,-0.7383023500442505,1750392098
,,-2.18363356590271,1750392098
,,0.2380183190107345,1750392099
,,-0.3815636038780212,1750392099
,,0.0649367123842239,1750392100
,,-1.8994038105010984,1750392102
,,-0.4900471568107605,1750392102
,,-0.2753202021121979,1750392102
,,-0.4972011744976043,1750392104
,,0.2232918292284011,1750392104
,,-0.1780586242675781,1750392104
,,0.7505789399147034,1750392105
,,0.7092689871788025,1750392107
,,0.0760228037834167,1750392107
,,-0.2506431937217712,1750392107
,,-1.9490541219711304,1750392108
,,-0.182750403881073,1750392108
,,-0.5965036153793335,1750392109
,,-0.0441073030233383,1750392110
,,-0.3352789878845215,1750392111
,,-0.4214641749858856,1750392111
,,0.833817720413208,1750392111
,,-1.8480687141418457,1750392112
,,0.3886425197124481,1750392112
,,-0.4396315217018127,1750392112
,,0.4808965623378753,1750392112
,,0.520416259765625,1750392112
,,0.5933165550231934,1750392112
,,-0.1017514616250991,1750392113
,,0.292391836643219,1750392114
,,-0.5245516896247864,1750392114
,,-0.3169127106666565,1750392114
,,-0.1286186724901199,1750392114
,,-0.3974474370479584,1750392114
,,0.3493012487888336,1750392115
,,-0.3811425268650055,1750392115
,,0.3489538133144378,1750392115
,,0.2647998332977295,1750392115
,,0.4109449982643127,1750392115
,,1.2282769680023191,1750392115
,,0.1492250859737396,1750392116
,,0.4362646043300628,1750392117
,,0.1824634373188018,1750392119
,,1.4769514799118042,1750392120
,,-1.9233877658843996,1750392120
,,-0.5413812398910522,1750392121
,,-0.0436861924827098,1750392121
,,0.6621434092521667,1750392121
,,-0.5410338044166565,1750392123
,,-0.6034146547317505,1750392123
,,0.3298081457614898,1750392123
,,-0.3831839859485626,1750392126
,,-0.3743368089199066,1750392127
,,-0.7050604820251465,1750392127
,,-0.526233971118927,1750392128
,,-0.7551325559616089,1750392129
,,-0.6597234010696411,1750392129
,,-0.6326578855514526,1750392130
,,1.17778480052948,1750392130
,,-0.1994766741991043,1750392131
,,-0.683075487613678,1750392131
,,-0.4047053158283233,1750392131
,,-0.5632621049880981,1750392131
,,0.7719637751579285,1750392131
,,-0.1122716069221496,1750392131
,,0.8704237937927246,1750392131
,,0.7194415926933289,1750392131
,,-0.5990274548530579,1750392132
,,0.1170478165149688,1750392133
,,-1.437822699546814,1750392133
,,-0.4870710968971252,1750392134
,,0.2979771494865417,1750392134
,,-2.3397274017333984,1750392135
,,-0.8182482719421387,1750392135
,,-0.6230118274688721,1750392135
,,-0.0340083241462707,1750392135
,,0.5064584016799927,1750392135
,,-0.3421588242053985,1750392137
,,2.395689010620117,1750392137
,,-0.2826830744743347,1750392138
,,0.392081618309021,1750392138
,,-1.6036027669906616,1750392138
,,-0.65338134765625,1750392139
,,0.6221377849578857,1750392139
,,-0.3322612941265106,1750392139
,,-0.4467808604240417,1750392140
,,0.1732830554246902,1750392140
,,0.3036472499370575,1750392140
,,-0.3907470703125,1750392141
,,-0.6040464043617249,1750392142
,,-0.4883654415607452,1750392142
,,-0.3824051916599273,1750392142
,,0.5485349893569946,1750392142
,,-0.6659305095672607,1750392142
,,-0.0823246836662292,1750392142
,,0.4239877462387085,1750392142
,,0.5764113068580627,1750392144
,,0.3672578930854797,1750392145
,,0.1141029000282287,1750392145
,,1.5531110763549805,1750392145
,,-0.8203524351119995,1750392145
,,-0.7669882774353027,1750392145
,,0.7021161317825317,1750392146
,,-0.2931284606456756,1750392147
,,-0.9764556288719176,1750392147
,,-0.6242743134498596,1750392147
,,-0.0286863017827272,1750392147
,,0.3463674485683441,1750392147
,,-0.5389316082000732,1750392148
,,-1.6536747217178345,1750392148
,,-0.6486789584159851,1750392148
,,-0.2643174231052398,1750392148
,,0.5526378154754639,1750392148
,,0.1507098823785781,1750392149
,,-0.7959476709365845,1750392149
,,0.4551240503787994,1750392150
,,-0.6432072520256042,1750392151
,,-0.3381507396697998,1750392151
,,0.939850091934204,1750392151
,,-0.5489557385444641,1750392151
,,0.2786231935024261,1750392151
,,-2.528874158859253,1750392151
,,-0.6988237500190735,1750392152
,,0.0749699473381042,1750392152
,,0.0467799231410026,1750392152
,,-0.8813639283180237,1750392152
,,0.4141733944416046,1750392153
,,-0.6988243460655212,1750392153
,,0.6559054851531982,1750392153
,,-0.1170472353696823,1750392153
,,0.6501194834709167,1750392153
,,-0.6827610731124878,1750392154
,,0.3570853471755981,1750392155
,,0.6744194030761719,1750392155
,,0.5098277926445007,1750392156
,,-0.3587681651115417,1750392157
,,0.3773562908172607,1750392158
,,-0.4014766216278076,1750392158
,,2.261263847351074,1750392158
,,-0.8354990482330322,1750392159
,,-1.5051422119140625,1750392159
,,0.3121370077133178,1750392159
,,-0.1202668324112892,1750392159
,,0.3462183773517608,1750392159
,,-0.9854900240898132,1750392159
,,0.1858322918415069,1750392160
,,0.4458673894405365,1750392162
,,0.3216047883033752,1750392162
,,-0.6874629855155945,1750392163
,,0.2990305125713348,1750392163
,,0.0901811495423317,1750392164
,,2.5892436504364014,1750392164
,,0.3503547012805938,1750392165
,,0.312136709690094,1750392165
,,0.5927159190177917,1750392166
,,-0.3503511846065521,1750392166
,,0.4079971015453338,1750392167
,,0.0081311734393239,1750392167
,,-0.2258793711662292,1750392167
,,-0.0896976143121719,1750392168
,,-0.3528794348239898,1750392169
,,0.5077206492424011,1750392170
,,-0.5688367486000061,1750392170
,,0.8908174633979797,1750392171
,,0.6608807444572449,1750392171
,,-0.1254647970199585,1750392173
,,0.2632651627063751,1750392173
,,-0.3911379277706146,1750392173
,,0.1454491168260574,1750392174
,,0.0291699636727571,1750392174
,,0.1785427927970886,1750392174
,,0.2365036159753799,1750392174
,,-0.763547420501709,1750392174
,,2.6109251976013184,1750392175
,,-0.5208398699760437,1750392175
,,-0.4555464386940002,1750392176
,,0.6541495323181152,1750392177
,,-0.4362638890743255,1750392178
,,-0.5232901573181152,1750392178
,,0.5472734570503235,1750392179
,,0.548537015914917,1750392179
,,-1.3999509811401367,1750392180
,,0.6499412059783936,1750392180
,,0.5734660625457764,1750392181
,,0.4871814250946045,1750392181
,,-0.0664071291685104,1750392181
,,-0.2699866592884063,1750392182
,,0.6928593516349792,1750392182
,,-0.3950284421443939,1750392184
,,0.3042884171009063,1750392184
,,0.3926121592521667,1750392184
,,-0.836761474609375,1750392186
,,2.72676157951355,1750392187
,,0.6886525750160217,1750392187
,,0.3726513087749481,1750392187
,,-0.1002208963036537,1750392188
,,-0.3313131928443908,1750392190
,,0.5072997808456421,1750392190
,,0.2111511081457138,1750392190
,,-1.6317954063415527,1750392191
,,0.1424939036369323,1750392191
,,-2.42388129234314,1750392191
,,-0.2054097056388855,1750392192
,,-0.6331100463867188,1750392192
,,-0.3868232071399688,1750392193
,,0.364729642868042,1750392193
,,0.322479248046875,1750392194
,,0.4828966557979584,1750392195
,,0.4528110027313232,1750392195
,,0.6106725931167603,1750392196
,,0.4765841960906982,1750392197
,,0.7636237144470215,1750392197
,,0.2753202021121979,1750392197
,,-2.029837846755981,1750392197
,,-0.0762332454323768,1750392197
,,-0.5035868883132935,1750392197
,,1.8455439805984497,1750392197
,,-0.5679643750190735,1750392198
,,0.4494593441486358,1750392199
,,0.5368276238441467,1750392199
,,-0.7029576897621155,1750392199
,,-1.0330393314361572,1750392200
,,-0.9871755242347716,1750392200
,,0.2254584282636642,1750392202
,,-0.5447481274604797,1750392202
,,-0.8413901329040527,1750392203
,,-0.304290771484375,1750392203
,,-1.4769498109817505,1750392204
,,-0.7484016418457031,1750392204
,,-0.205408826470375,1750392204
,,-1.2303818464279177,1750392205
,,-2.132931470870972,1750392205
,,0.2101011872291565,1750392205
,,-0.3625557124614715,1750392205
,,-0.7467176914215088,1750392206
,,-0.2800956070423126,1750392206
,,0.4667698740959167,1750392206
,,-0.1841489374637603,1750392206
,,0.2542815506458282,1750392206
,,0.0812822431325912,1750392206
,,0.7404057383537292,1750392206
,,0.4185183346271515,1750392207
,,-0.5716776847839355,1750392208
,,-0.5636833906173706,1750392208
,,0.1406737118959427,1750392209
,,0.0617798939347267,1750392209
,,0.3781975507736206,1750392209
,,-0.0004941635415889,1750392210
,,-0.2595414221286773,1750392210
,,-0.6009233593940735,1750392210
,,0.273153007030487,1750392210
,,-0.4202018082141876,1750392211
,,-1.2644630670547483,1750392212
,,-2.047516345977783,1750392212
,,1.8691085577011108,1750392213
,,0.0628315806388855,1750392214
,,-1.283408761024475,1750392215
,,-0.191733717918396,1750392216
,,0.5372478365898132,1750392216
,,0.469926655292511,1750392217
,,1.143702268600464,1750392217
,,-1.7260463237762451,1750392218
,,-1.645679950714111,1750392219
,,0.3070872128009796,1750392219
,,-0.7904791831970215,1750392219
,,0.1478573679924011,1750392220
,,-0.1882200986146927,1750392221
,,0.5578662753105164,1750392221
,,-0.530442476272583,1750392223
,,0.5189775228500366,1750392223
,,0.1044245511293411,1750392223
,,0.3752517700195312,1750392223
,,-0.8014174103736877,1750392223
,,-0.1947417259216308,1750392224
,,-0.151188775897026,1750392224
,,-0.4761632680892944,1750392224
,,-1.2413209676742554,1750392224
,,0.4516221284866333,1750392225
,,0.127568170428276,1750392225
,,-0.7167372703552246,1750392226
,,-0.0748238191008567,1750392226
,,0.5497976541519165,1750392226
,,-0.4615114331245422,1750392227
,,0.5880876779556274,1750392228
,,-0.2516937851905823,1750392228
,,-0.4352158606052398,1750392228
,,0.4483912289142608,1750392229
,,-0.8960946798324585,1750392229
,,-1.6027607917785645,1750392230
,,0.382826566696167,1750392230
,,0.278402179479599,1750392230
,,-2.0403599739074707,1750392232
,,-0.757657527923584,1750392232
,,1.7677042484283447,1750392233
,,0.5086376070976257,1750392233
,,0.0722996592521667,1750392233
,,-0.6777108907699585,1750392233
,,0.8624293804168701,1750392233
,,0.5789043307304382,1750392234
,,0.04656982421875,1750392234
,,-0.3814943730831146,1750392236
,,1.7546591758728027,1750392236
,,0.3657824993133545,1750392236
,,-0.912700891494751,1750392236
,,-0.36031574010849,1750392236
,,-0.571256697177887,1750392237
,,0.692216694355011,1750392238
,,1.277086615562439,1750392238
,,-0.4345066249370575,1750392238
,,-0.6289754509925842,1750392239
,,0.5282334089279175,1750392239
,,-0.6899877190589905,1750392240
,,-0.6953828930854797,1750392240
,,0.7534520030021667,1750392240
,,0.3872755467891693,1750392240
,,-0.2493690848350525,1750392241
,,0.7328323125839233,1750392241
,,-0.6793928742408752,1750392242
,,0.398499846458435,1750392242
,,1.5964512825012207,1750392243
,,-0.8443350791931152,1750392243
,,-0.4711866974830627,1750392244
,,0.682445764541626,1750392244
,,-0.2910983562469482,1750392245
,,-0.2915185689926147,1750392245
,,0.0197026170790195,1750392245
,,0.3567381501197815,1750392246
,,-0.5170827507972717,1750392247
,,0.1764362007379531,1750392247
,,-0.2678815424442291,1750392248
,,-0.4573023617267608,1750392248
,,1.666718602180481,1750392249
,,-0.6499404907226562,1750392250
,,0.2231756150722503,1750392250
,,-0.3218148946762085,1750392250
,,0.2279099524021148,1750392250
,,-0.2279850542545318,1750392252
,,-0.5143162608146667,1750392253
,,0.6115147471427917,1750392253
,,2.6386940479278564,1750392253
,,-2.240647554397583,1750392254
,,-0.2943878173828125,1750392254
,,0.444677472114563,1750392254
,,-0.6577975749969482,1750392254
,,-0.6549917459487915,1750392257
,,-0.3609463572502136,1750392257
,,2.0033321380615234,1750392258
,,1.2665680646896362,1750392258
,,0.0565191395580768,1750392258
,,-0.1943230181932449,1750392258
,,-0.3470623195171356,1750392259
,,-0.0486714281141757,1750392260
,,-0.0518283806741237,1750392260
,,-1.2375338077545166,1750392261
,,0.5207648277282715,1750392262
,,-1.5400677919387815,1750392262
,,0.4005003571510315,1750392263
,,-2.183422803878784,1750392263
,,0.33773273229599,1750392264
,,0.0975470840930938,1750392264
,,0.825400710105896,1750392264
,,0.5006408095359802,1750392265
,,-0.8615877032279968,1750392266
,,-0.586825430393219,1750392266
,,0.5592649579048157,1750392267
,,-1.5531086921691897,1750392267
,,0.5974931716918945,1750392267
,,0.950370192527771,1750392267
,,-0.58795166015625,1750392267
,,0.7791160941123962,1750392267
,,-1.9675685167312624,1750392268
,,0.2758879959583282,1750392268
,,0.0465686507523059,1750392268
,,-0.2306571304798126,1750392268
,,2.2023589611053467,1750392269
,,0.7707032561302185,1750392269
,,0.8363417983055115,1750392270
,,-0.6200659871101379,1750392270
,,0.077558659017086,1750392270
,,0.7349368929862976,1750392270
,,-0.5643879771232605,1750392271
,,1.6414706707000732,1750392271
,,0.288604736328125,1750392272
,,-0.4821272492408752,1750392272
,,-2.63953709602356,1750392272
,,1.8131479024887085,1750392274
,,1.0957359075546265,1750392274
,,0.3503529131412506,1750392274
,,0.4313213527202606,1750392274
,,0.1438293159008026,1750392274
,,0.8721075654029846,1750392275
,,0.4774363338947296,1750392275
,,-0.4381889700889587,1750392276
,,-0.725752592086792,1750392277
,,0.2879421412944793,1750392277
,,1.0067529678344729,1750392277
,,-1.489153265953064,1750392278
,,0.0613614246249198,1750392278
,,-0.2085665166378021,1750392279
,,0.3291790187358856,1750392279
,,0.1269988715648651,1750392280
,,-0.5738542675971985,1750392281
,,0.6113043427467346,1750392281
,,-0.3216036260128021,1750392283
,,0.700927734375,1750392283
,,0.9366841912269592,1750392285
,,-0.0714570060372352,1750392285
,,0.3777025640010834,1750392285
,,0.3455880284309387,1750392286
,,0.2325063198804855,1750392286
,,-0.671819806098938,1750392286
,,-0.3756731152534485,1750392287
,,1.1954569816589355,1750392288
,,-1.830394983291626,1750392288
,,-0.980865716934204,1750392288
,,-0.1259448677301406,1750392289
,,-0.3962168991565704,1750392289
,,0.6650882363319397,1750392289
,,-0.567050039768219,1750392290
,,-0.016062956303358,1750392290
,,-2.3876953125,1750392290
,,-1.0300943851470947,1750392290
,,0.1943212300539016,1750392291
,,-0.1707581430673599,1750392292
,,0.1669710576534271,1750392292
,,0.2658503353595733,1750392293
,,0.5725948214530945,1750392294
,,-0.5906113982200623,1750392294
,,-1.9692511558532717,1750392295
,,-0.654642641544342,1750392295
,,-0.5371434092521667,1750392295
,,-0.4531998038291931,1750392296
,,-0.7622856497764587,1750392296
,,0.8826246857643127,1750392296
,,-0.0375847443938255,1750392296
,,0.44425830245018,1750392297
,,0.4048449993133545,1750392297
,,-0.0649349465966224,1750392298
,,0.574624240398407,1750392298
,,0.4560417532920837,1750392298
,,-0.3079291880130768,1750392298
,,-1.3149542808532717,1750392298
,,-0.9141857028007508,1750392299
,,-0.3378031551837921,1750392299
,,-0.4131211340427398,1750392299
,,2.4522945880889893,1750392300
,,-1.0252573490142822,1750392300
,,-1.7580231428146362,1750392300
,,0.8262419700622559,1750392301
,,0.3137441575527191,1750392301
,,2.5074150562286377,1750392301
,,-0.8094112277030945,1750392301
,,0.562419593334198,1750392303
,,0.4616465866565704,1750392303
,,2.047933578491211,1750392303
,,-0.3272112309932709,1750392304
,,0.4061050117015838,1750392304
,,-0.9987581372261048,1750392304
,,2.063505887985229,1750392305
,,-0.701696515083313,1750392305
,,0.6667724251747131,1750392305
,,0.5195015668869019,1750392305
,,-0.2222395539283752,1750392307
,,-0.664667546749115,1750392307
,,0.2338115870952606,1750392307
,,-1.5855114459991455,1750392308
,,0.2842923700809479,1750392308
,,-0.3487431108951568,1750392309
,,1.974299430847168,1750392309
,,0.0154941249638795,1750392310
,,-0.2990182638168335,1750392310
,,0.2453812807798385,1750392310
,,-0.3907464742660522,1750392311
,,-0.3720967769622803,1750392311
,,0.3782283961772918,1750392312
,,-0.4211160838603973,1750392312
,,-0.2872377336025238,1750392313
,,-2.035733699798584,1750392313
,,-0.1263047754764557,1750392313
,,-0.502672016620636,1750392314
,,-0.623715877532959,1750392314
,,0.2300861030817031,1750392315
,,-0.0097497794777154,1750392315
,,0.0097509548068046,1750392315
,,0.1065280586481094,1750392316
,,-1.39237642288208,1750392316
,,0.4057584702968597,1750392316
,,-0.0733489990234375,1750392316
,,-0.4993056952953338,1750392317
,,-2.403905868530273,1750392317
,,-0.2655651271343231,1750392317
,,0.836340069770813,1750392318
,,-0.3479015529155731,1750392319
,,0.3927125036716461,1750392320
,,0.4741331040859222,1750392320
,,0.0205432809889316,1750392320
,,0.0586234591901302,1750392321
,,-0.9360638856887816,1750392321
,,0.5081418752670288,1750392322
,,-0.4900486171245575,1750392322
,,0.7934247255325317,1750392322
,,0.1820473223924636,1750392322
,,-0.8813634514808655,1750392323
,,-0.5261300802230835,1750392324
,,-1.3275773525238037,1750392324
,,-0.328441709280014,1750392324
,,-1.94358491897583,1750392325
,,-0.7820630669593811,1750392326
,,0.2795275151729584,1750392327
,,-0.3426419496536255,1750392327
,,0.5892442464828491,1750392327
,,0.632268488407135,1750392328
,,-0.1997188031673431,1750392329
,,0.57378089427948,1750392329
,,0.9411121606826782,1750392330
,,0.3187971711158752,1750392330
,,0.6726624369621277,1750392330
,,1.6246415376663208,1750392332
,,-0.4290372133255005,1750392332
,,-0.5730467438697815,1750392332
,,1.1209808588027954,1750392333
,,-0.5493769645690918,1750392333
,,-0.6554843783378601,1750392333
,,0.7816416621208191,1750392334
,,-0.9369052052497864,1750392334
,,0.338434636592865,1750392335
,,-0.4231455624103546,1750392335
,,-0.1380861699581146,1750392335
,,-0.5263078808784485,1750392335
,,0.3655007183551788,1750392335
,,0.475426435470581,1750392336
,,-2.530136823654175,1750392336
,,-0.6524657607078552,1750392336
,,-0.6735792756080627,1750392336
,,-0.758919358253479,1750392336
,,1.7319376468658447,1750392337
,,-0.535070538520813,1750392337
,,-0.3748274445533752,1750392337
,,0.984031081199646,1750392337
,,0.2779806554317474,1750392337
,,-0.6953846216201782,1750392338
,,-0.3580007553100586,1750392338
,,-1.1058349609375,1750392338
,,-0.5113710165023804,1750392338
,,0.222240149974823,1750392338
,,-0.0413078889250755,1750392339
,,0.539276659488678,1750392340
,,-0.2157082110643386,1750392340
,,-0.4568822383880615,1750392340
,,0.3537303507328033,1750392340
,,-0.6378117799758911,1750392340
,,0.6739249229431152,1750392342
,,1.638106107711792,1750392343
,,0.4824740588665008,1750392343
,,0.6562522649765015,1750392343
,,-0.4888915717601776,1750392344
,,0.2311377823352813,1750392345
,,1.1790472269058228,1750392346
,,0.3368999660015106,1750392346
,,-0.2445303052663803,1750392346
,,0.068091757595539,1750392346
,,-0.1218754649162292,1750392347
,,0.6116507649421692,1750392347
,,-0.4883655905723572,1750392347
,,-0.2437620759010315,1750392348
,,-2.5234034061431885,1750392348
,,-1.5880337953567505,1750392348
,,-0.6446492075920105,1750392348
,,-0.4021190404891968,1750392349
,,0.3099591135978699,1750392349
,,-0.3192173838615417,1750392350
,,0.3815647959709167,1750392350
,,1.4100492000579834,1750392350
,,-0.1863265335559845,1750392350
,,0.8089916110038757,1750392350
,,2.04372787475586,1750392351
,,0.563262939453125,1750392351
,,-0.0396886952221393,1750392351
,,-0.5834596753120422,1750392352
,,2.078652620315552,1750392352
,,-0.2800956070423126,1750392353
,,-1.625480055809021,1750392353
,,-0.3663435578346252,1750392353
,,-0.5028818845748901,1750392353
,,-0.4239871501922607,1750392354
,,-0.6259577870368958,1750392354
,,2.0125904083251958,1750392355
,,0.1412429809570312,1750392355
,,1.9923943281173704,1750392355
,,-0.7235744595527649,1750392356
,,-2.198148727416992,1750392356
,,-1.0614529848098757,1750392356
,,0.6703373789787292,1750392356
,,-0.2469177097082138,1750392357
,,-1.6090738773345947,1750392357
,,0.4601735174655914,1750392357
,,-0.3066664338111877,1750392358
,,-0.343304842710495,1750392358
,,-0.8165652751922607,1750392358
,,0.3638912737369537,1750392359
,,-0.3878737092018127,1750392360
,,-1.0835318565368652,1750392360
,,-0.4791086316108703,1750392362
,,-0.1727993190288543,1750392362
,,-0.4311088919639587,1750392362
,,0.1585552394390106,1750392362
,,-0.405894935131073,1750392363
,,-2.163646697998047,1750392363
,,0.5532695651054382,1750392364
,,0.2385007292032241,1750392364
,,-0.2432773262262344,1750392364
,,0.7496636509895325,1750392365
,,0.2897734940052032,1750392366
,,0.2064610868692398,1750392367
,,-1.5880337953567505,1750392368
,,-0.9794052839279176,1750392368
,,-0.0175983719527721,1750392368
,,0.703452467918396,1750392369
,,0.7004333138465881,1750392369
,,0.1359822154045105,1750392369
,,0.381564199924469,1750392369
,,-0.4399766325950622,1750392370
,,-0.3368988037109375,1750392370
,,-2.0247955322265625,1750392371
,,1.1837491989135742,1750392371
,,0.2190730720758438,1750392371
,,0.392009437084198,1750392371
,,1.8358676433563232,1750392372
,,-1.6852304935455322,1750392373
,,0.5249710083007812,1750392373
,,0.5283061861991882,1750392374
,,-0.5620005130767822,1750392376
,,0.4966442286968231,1750392377
,,-0.0760228037834167,1750392377
,,0.5615785717964172,1750392378
,,-0.0459987930953502,1750392378
,,0.0870243906974792,1750392378
,,1.867846131324768,1750392380
,,-0.0213241558521986,1750392380
,,0.4374506771564483,1750392381
,,0.0638832598924636,1750392381
,,0.045516911894083,1750392381
,,0.3078542649745941,1750392383
,,0.4958349168300628,1750392384
,,-0.5742024183273315,1750392385
,,-0.3421167135238647,1750392385
,,0.2128348648548126,1750392385
,,-2.168275833129883,1750392386
,,-0.4639305472373962,1750392386
,,0.3483540415763855,1750392386
,,-0.4097548127174377,1750392387
,,0.4021075069904327,1750392387
,,0.1391381472349167,1750392387
,,-0.7399860620498657,1750392387
,,-0.669717013835907,1750392389
,,0.6053395867347717,1750392389
,,-1.295600414276123,1750392390
,,0.5405411124229431,1750392390
,,-1.9646241664886477,1750392390
,,-0.197266936302185,1750392390
,,-0.920074701309204,1750392391
,,0.6794685125350952,1750392391
,,-0.2858393788337707,1750392392
,,-0.8447564840316772,1750392392
,,-0.7610233426094055,1750392392
,,-0.4722398519515991,1750392392
,,-0.5377009510993958,1750392393
,,2.25705885887146,1750392394
,,-0.7719635367393494,1750392395
,,-1.6271657943725586,1750392395
,,-0.6382328867912292,1750392395
,,-1.2926517724990845,1750392395
,,-1.1672632694244385,1750392396
,,-0.5768332481384277,1750392396
,,-0.426511287689209,1750392397
,,-0.0648721680045127,1750392397
,,2.178794384002685,1750392397
,,-0.8485400676727295,1750392398
,,-0.193269282579422,1750392398
,,-0.9032440185546876,1750392398
,,0.5515547394752502,1750392398
,,0.8060490489006042,1750392398
,,0.4696410000324249,1750392398
,,-2.3561370372772217,1750392399
,,-0.0991650000214576,1750392399
,,-2.3155441284179688,1750392399
,,-0.5557937622070312,1750392400
,,0.1501410454511642,1750392400
,,-0.8952491879463196,1750392400
,,-1.6970142126083374,1750392401
,,-0.6709799766540527,1750392401
,,0.1059570237994194,1750392401
,,-0.1864746063947677,1750392402
,,0.3633962571620941,1750392403
,,0.7900554537773132,1750392404
,,0.28681680560112,1750392405
,,-0.0933356583118438,1750392405
,,-0.1932701617479324,1750392406
,,0.9926463961601256,1750392406
,,-0.8472809195518494,1750392406
,,-1.2459499835968018,1750392406
,,0.595106840133667,1750392407
,,0.4551990032196045,1750392407
,,-0.6949629783630371,1750392407
,,0.6640272736549377,1750392407
,,0.1749666482210159,1750392408
,,-0.2267203629016876,1750392409
,,-2.090013265609741,1750392409
,,-0.4425747096538543,1750392409
,,-0.7395653128623962,1750392410
,,0.8510683178901672,1750408030
,,0.0474731624126434,1750408030
,,-1.6233813762664795,1750408031
,,-0.2316959053277969,1750408031
,,1.6010788679122925,1750408031
,,-0.5901888012886047,1750408031
,,0.5982601046562195,1750408032
,,0.2792428731918335,1750408034
,,0.040258552879095,1750408034
,,-0.2232919782400131,1750408034
,,-0.8967111706733704,1750408036
,,0.1086320057511329,1750408036
,,-1.830889105796814,1750408036
,,-0.4185168743133545,1750408036
,,-0.0633995309472084,1750408037
,,0.0802289471030235,1750408037
,,-0.300702303647995,1750408037
,,-0.0878667756915092,1750408037
,,-0.1612296402454376,1750408037
,,-0.5687323212623596,1750408038
,,0.6949636340141296,1750408038
,,-0.3158493041992187,1750408039
,,-0.8880966901779175,1750408039
,,-0.0444646961987018,1750408040
,,-0.4000039398670196,1750408040
,,-0.8127778768539429,1750408040
,,0.4058937430381775,1750408040
,,0.7117942571640015,1750408041
,,-0.1023195683956146,1750408042
,,0.0133907608687877,1750408043
,,0.5420126914978027,1750408044
,,0.824560284614563,1750408044
,,0.3368905782699585,1750408046
,,-0.5447483062744141,1750408046
,,0.3086967468261719,1750408046
,,0.4045280814170837,1750408047
,,-0.0686592459678649,1750408048
,,-2.166379451751709,1750408048
,,-0.670136034488678,1750408048
,,0.4392091035842895,1750408048
,,-0.1112189590930938,1750408048
,,0.6412100791931152,1750408049
,,-0.0181670561432838,1750408049
,,-0.4666947424411773,1750408049
,,-2.1573352813720703,1750408050
,,0.5878788828849792,1750408050
,,0.4399769008159637,1750408052
,,-0.5330716371536255,1750408052
,,-1.533336877822876,1750408052
,,0.2269304692745208,1750408053
,,-1.2897080183029177,1750408053
,,0.5455873608589172,1750408053
,,-0.2248270958662033,1750408053
,,0.2916668951511383,1750408054
,,0.5468209981918335,1750408054
,,0.182750403881073,1750408055
,,0.6461551189422607,1750408056
,,-0.3882956802845001,1750408056
,,0.5935580730438232,1750408056
,,0.1618176847696304,1750408057
,,-0.776370644569397,1750408057
,,0.4539361894130707,1750408057
,,1.804309964179993,1750408057
,,-2.602088928222656,1750408057
,,-0.51192706823349,1750408058
,,0.1864764839410781,1750408059
,,-0.3542138040065765,1750408059
,,1.3179010152816772,1750408060
,,-0.4484041631221771,1750408060
,,-0.5651561617851257,1750408061
,,0.5587064027786255,1750408062
,,0.3911676406860351,1750408062
,,-0.50106281042099,1750408063
,,-0.842651903629303,1750408064
,,-2.2309696674346924,1750408064
,,0.178543671965599,1750408065
,,-0.9583643078804016,1750408065
,,-0.4078615605831146,1750408065
,,0.0392055474221706,1750408065
,,0.5850049257278442,1750408066
,,0.2580049932003021,1750408066
,,-0.7383760213851929,1750408066
,,0.0575702339410781,1750408067
,,-0.4392066299915313,1750408067
,,0.3023863434791565,1750408067
,,0.3798068165779114,1750408068
,,-0.1601756066083908,1750408068
,,0.6398424506187439,1750408069
,,-0.7934232354164124,1750408069
,,0.3737165033817291,1750408070
,,0.7900570631027222,1750408070
,,-0.9916040897369384,1750408071
,,0.7854291200637817,1750408071
,,-0.3584242463111877,1750408071
,,-0.537595272064209,1750408072
,,-1.7500301599502563,1750408072
,,0.3128732442855835,1750408072
,,-1.0589282512664795,1750408072
,,1.8573273420333865,1750408072
,,1.5661544799804688,1750408073
,,-0.0491556003689765,1750408073
,,-0.1195728629827499,1750408073
,,-0.5935584306716919,1750408074
,,0.6437036991119385,1750408074
,,-0.3600308299064636,1750408074
,,-0.7008534669876099,1750408074
,,-0.5249723196029663,1750408074
,,0.5509548187255859,1750408074
,,0.1149415224790573,1750408075
,,1.931308388710022,1750408075
,,-0.2190840691328048,1750408075
,,0.2788250148296356,1750408075
,,0.001819317927584,1750408075
,,0.5643151998519897,1750408076
,,0.3495227396488189,1750408077
,,-0.4371079504489898,1750408077
,,-0.4157949388027191,1750408077
,,-1.991974949836731,1750408078
,,0.3495118021965027,1750408078
,,-0.6099677085876465,1750408078
,,1.7904257774353027,1750408078
,,0.7050628066062927,1750408078
,,-0.3226576447486877,1750408079
,,-1.9423216581344604,1750408079
,,-0.0554668717086315,1750408080
,,0.6667719483375549,1750408081
,,0.3578959107398987,1750408081
,,-0.7508943676948547,1750408081
,,-0.1021745949983596,1750408082
,,-0.050208456814289,1750408082
,,-0.2317058742046356,1750408083
,,-0.1887770444154739,1750408084
,,1.2787686586380005,1750408084
,,-1.0923666954040527,1750408085
,,0.3005658686161041,1750408085
,,0.3062461316585541,1750408085
,,0.6394955515861511,1750408085
,,2.5629570484161377,1750408086
,,-0.3533723056316376,1750408087
,,0.1417247951030731,1750408087
,,-0.3122411668300628,1750408087
,,-0.6271877288818359,1750408087
,,-0.2501783967018127,1750408088
,,-0.5730138421058655,1750408088
,,0.4372106492519378,1750408088
,,-0.2931280732154846,1750408088
,,0.0239087585359811,1750408089
,,0.758919358253479,1750408089
,,-0.4716080725193023,1750408090
,,0.1259465217590332,1750408091
,,0.5729405283927917,1750408092
,,-0.775193989276886,1750408092
,,0.6340590119361877,1750408093
,,-0.3550532162189483,1750408093
,,1.3351519107818604,1750408093
,,0.8498062491416931,1750408093
,,0.2085653394460678,1750408094
,,0.3899792730808258,1750408095
,,0.9474248886108398,1750408095
,,0.4188326001167297,1750408095
,,0.5110872387886047,1750408095
,,-0.5809044241905212,1750408095
,,-0.4058940410614013,1750408095
,,-0.6196452975273132,1750408095
,,-0.2514718770980835,1750408095
,,-0.4089132249355316,1750408096
,,-0.702536940574646,1750408097
,,-0.0528805069625377,1750408098
,,0.1004896759986877,1750408098
,,-0.139622613787651,1750408098
,,-0.1764391362667083,1750408099
,,0.3013018071651459,1750408099
,,-0.4162797033786773,1750408100
,,-0.791814923286438,1750408100
,,0.7622859477996826,1750408100
,,-1.078482985496521,1750408100
,,-0.3857709169387817,1750408100
,,0.6688759922981262,1750408101
,,0.2220940142869949,1750408102
,,1.881311535835266,1750408102
,,-0.7143184542655945,1750408102
,,-0.5228368043899536,1750408102
,,-0.5094038844108582,1750408102
,,0.102804034948349,1750408103
,,0.3974808752536773,1750408104
,,-0.6870423555374146,1750408104
,,-0.1678144037723541,1750408104
,,0.4940144419670105,1750408104
,,1.2745612859725952,1750408105
,,-1.1550626754760742,1750408105
,,-0.5366485118865967,1750408105
,,0.7248364686965942,1750408107
,,-0.365675687789917,1750408107
,,0.5953157544136047,1750408107
,,0.4383979141712188,1750408108
,,-0.3301564455032348,1750408108
,,0.5009883046150208,1750408108
,,1.603604793548584,1750408109
,,-0.54716956615448,1750408110
,,-0.6310060620307922,1750408110
,,-0.6411047577857971,1750408110
,,-0.1307243853807449,1750408111
,,1.817774772644043,1750408111
,,-0.4505691230297088,1750408112
,,0.2500733435153961,1750408112
,,-0.2374508082866668,1750408112
,,-0.4076517522335052,1750408112
,,-0.4046331346035003,1750408112
,,1.194615364074707,1750408113
,,0.2706286907196045,1750408113
,,0.4185183346271515,1750408115
,,-0.8363419771194458,1750408115
,,1.118877410888672,1750408116
,,0.5556886792182922,1750408116
,,-0.322160542011261,1750408117
,,-0.6347943544387817,1750408117
,,0.5274655818939209,1750408117
,,1.4828437566757202,1750408117
,,1.2446869611740112,1750408118
,,0.1717470586299896,1750408120
,,0.330156147480011,1750408120
,,0.405051589012146,1750408120
,,0.4981167018413543,1750408120
,,-0.212835431098938,1750408120
,,-0.5872459411621094,1750408121
,,0.5418031811714172,1750408121
,,0.5153996348381042,1750408122
,,0.4450260996818542,1750408122
,,-2.1708009243011475,1750408122
,,-0.484157532453537,1750408123
,,-0.6406832337379456,1750408123
,,2.5705325603485107,1750408124
,,-1.0923666954040527,1750408125
,,0.3558343648910522,1750408125
,,-0.4081766903400421,1750408125
,,0.4236407577991485,1750408126
,,-2.170168876647949,1750408127
,,-0.204764723777771,1750408127
,,-0.1917971074581146,1750408128
,,0.020754300057888,1750408128
,,-0.4530222713947296,1750408129
,,0.1850961446762085,1750408130
,,-0.6777859926223755,1750408131
,,-0.3680256903171539,1750408131
,,-0.1627637296915054,1750408132
,,-0.5633357167243958,1750408132
,,-0.6747654676437378,1750408133
,,-0.432403415441513,1750408133
,,1.0258888006210327,1750408133
,,-0.1680239140987396,1750408133
,,0.7479795217514038,1750408136
,,-0.1185822114348411,1750408137
,,0.3598221838474273,1750408137
,,0.3479027152061462,1750408138
,,0.2521772980690002,1750408138
,,-0.3405397832393646,1750408139
,,0.3163445889949798,1750408139
,,0.2635374665260315,1750408140
,,0.6040772199630737,1750408140
,,-2.168274164199829,1750408141
,,2.2814619541168213,1750408141
,,-0.6105988621711731,1750408142
,,0.0838695839047432,1750408143
,,0.1012693494558334,1750408143
,,0.0455169677734375,1750408143
,,0.7294663190841675,1750408144
,,0.8422331809997559,1750408144
,,0.7101108431816101,1750408144
,,0.177837073802948,1750408144
,,0.3163443207740783,1750408145
,,0.1370343416929245,1750408145
,,0.1885782331228256,1750408145
,,-0.1901139467954635,1750408145
,,-0.1883562505245208,1750408146
,,0.0133904684334993,1750408146
,,-0.6819193959236145,1750408146
,,0.1385700404644012,1750408146
,,0.0722987800836563,1750408147
,,0.0796614363789558,1750408147
,,-0.3545602560043335,1750408147
,,-0.948264479637146,1750408147
,,0.3189028203487396,1750408148
,,-1.9212833642959597,1750408149
,,0.606495201587677,1750408149
,,0.2106684148311615,1750408149
,,0.4837364554405212,1750408149
,,0.8455983400344849,1750408149
,,0.030368523672223,1750408150
,,-0.2584885656833648,1750408150
,,0.0907497406005859,1750408150
,,-0.6385794281959534,1750408150
,,-0.2185164093971252,1750408151
,,0.3057509064674377,1750408152
,,0.0817648023366928,1750408152
,,-0.3659215867519378,1750408152
,,2.647109270095825,1750408152
,,0.1086331829428672,1750408153
,,-0.7298859357833862,1750408154
,,0.3873801529407501,1750408154
,,-0.7631260752677917,1750408154
,,1.3953217267990112,1750408155
,,0.2767184376716614,1750408155
,,-0.3369621336460113,1750408155
,,-0.3928509950637817,1750408155
,,-0.2296042740345001,1750408156
,,-0.5109816193580627,1750408156
,,0.5258143544197083,1750408156
,,-1.9364300966262815,1750408156
,,0.777854323387146,1750408157
,,0.4276392757892608,1750408157
,,-0.7984712719917297,1750408157
,,0.2704062759876251,1750408158
,,-0.7085016369819641,1750408158
,,-0.2718781530857086,1750408158
,,-1.754238486289978,1750408158
,,-0.4056572318077087,1750408158
,,1.001903057098389,1750408160
,,-0.2893383204936981,1750408160
,,0.1145230829715728,1750408163
,,0.2296042740345001,1750408164
,,-0.1953717619180679,1750408164
,,-0.0373743250966072,1750408166
,,1.616647481918335,1750408166
,,0.0609377101063728,1750408166
,,0.1532933115959167,1750408167
,,0.6068857312202454,1750408167
,,-0.3744113147258758,1750408167
,,0.0339455232024192,1750408167
,,-0.364732563495636,1750408168
,,0.2219869047403335,1750408169
,,0.6096214652061462,1750408169
,,-0.2847864925861358,1750408170
,,-0.0059641543775796,1750408170
,,0.4469935894012451,1750408171
,,-0.1731039136648178,1750408172
,,-0.1122718155384063,1750408172
,,-0.2013678848743438,1750408172
,,-0.4574387967586517,1750408173
,,0.1925336271524429,1750408173
,,-1.2021877765655518,1750408174
,,-0.2037893384695053,1750408174
,,0.5094026327133179,1750408174
,,-0.407651424407959,1750408174
,,0.2371362447738647,1750408175
,,0.3533729910850525,1750408175
,,-0.2784018814563751,1750408175
,,-0.6691600680351257,1750408177
,,-1.3423062562942505,1750408177
,,0.4711878597736358,1750408177
,,-0.5035130381584167,1750408178
,,0.622769832611084,1750408178
,,-0.560735821723938,1750408178
,,-0.3752517700195312,1750408179
,,-0.4905442297458648,1750408179
,,0.5035872459411621,1750408179
,,-0.010235127992928,1750408179
,,-1.7719101905822754,1750408180
,,0.028117986395955,1750408180
,,-1.2745612859725952,1750408181
,,-1.628007411956787,1750408182
,,1.1163517236709597,1750408183
,,-0.4102078676223755,1750408183
,,0.1990978419780731,1750408183
,,-0.7189472317695618,1750408184
,,-0.2122039645910263,1750408185
,,0.2969154715538025,1750408185
,,-0.0781266093254089,1750408186
,,1.288447380065918,1750408186
,,-0.4131211340427398,1750408188
,,0.0470523796975612,1750408188
,,0.1859066188335418,1750408189
,,0.3015438020229339,1750408191
,,-0.5481883883476257,1750408191
,,0.1922184824943542,1750408192
,,0.6011322736740112,1750408193
,,-0.4762367606163025,1750408194
,,-0.6715058088302612,1750408194
,,-0.5539739727973938,1750408194
,,-1.853116512298584,1750408196
,,-0.2275619357824325,1750408196
,,-2.7379982471466064,1750408196
,,-0.4646660685539245,1750408197
,,0.5784096121788025,1750408197
,,0.7774326205253601,1750408197
,,0.1253151595592498,1750408198
,,-0.4753950536251068,1750408198
,,-0.8308703899383545,1750408198
,,0.6426510810852051,1750408198
,,0.3148093521595001,1750408199
,,0.3826152980327606,1750408199
,,2.5629565715789795,1750408200
,,-0.1917969286441803,1750408201
,,-0.8026798963546753,1750408201
,,0.3894952535629272,1750408201
,,-0.105959378182888,1750408202
,,0.5985741019248962,1750408202
,,1.0465046167373655,1750408203
,,0.3631976544857025,1750408203
,,-0.3967114686965942,1750408203
,,-0.2785066366195678,1750408204
,,-0.0312746502459049,1750408204
,,0.1392024010419845,1750408205
,,-0.1391384303569793,1750408205
,,-0.6751866936683655,1750408205
,,-0.1601668000221252,1750408205
,,-0.5788310170173645,1750408206
,,-0.3687297999858856,1750408206
,,-0.0213848911225795,1750408206
,,-0.36214679479599,1750408207
,,0.425040602684021,1750408207
,,0.4092612266540527,1750408208
,,-0.6577987670898438,1750408208
,,0.2767926752567291,1750408209
,,-0.51992267370224,1750408209
,,0.3747581839561462,1750408210
,,-1.0911060571670532,1750408210
,,0.4243058264255523,1750408210
,,2.370863676071167,1750408210
,,0.4849982559680938,1750408210
,,-0.473216712474823,1750408211
,,-0.6928587555885315,1750408211
,,-0.5380172729492188,1750408212
,,0.4736392498016357,1750408212
,,-0.1923654377460479,1750408212
,,-0.2622117102146148,1750408213
,,-0.3153238892555237,1750408213
,,0.026582570746541,1750408214
,,0.112271599471569,1750408214
,,0.2721627950668335,1750408214
,,-0.0075008580461144,1750408214
,,-1.0418777465820312,1750408215
,,-0.1091167703270912,1750408215
,,-0.4456267654895782,1750408216
,,0.8556970357894897,1750408216
,,-0.5036920309066772,1750408216
,,-0.2811478674411773,1750408217
,,-0.1406731158494949,1750408218
,,-0.5801666975021362,1750408219
,,-0.1917325556278228,1750408220
,,-0.8119370341300964,1750408220
,,0.4271122813224792,1750408220
,,0.166972815990448,1750408220
,,0.7951061129570007,1750408220
,,-0.1932695806026458,1750408220
,,-0.3166914582252502,1750408221
,,0.2437591403722763,1750408221
,,0.928489625453949,1750408221
,,0.2422274053096771,1750408222
,,-0.3615772426128387,1750408223
,,0.1724454313516616,1750408223
,,0.6197192668914795,1750408224
,,-0.3301549851894378,1750408226
,,0.1254647970199585,1750408226
,,-0.9709853529930116,1750408226
,,-0.61395263671875,1750408227
,,0.2261945158243179,1750408227
,,-0.4036542177200317,1750408227
,,0.7256794571876526,1750408228
,,-0.1323946416378021,1750408228
,,1.993655800819397,1750408229
,,0.3084976375102997,1750408229
,,0.174900934100151,1750408229
,,0.5502131581306458,1750408229
,,-0.6836019158363342,1750408230
,,0.1637532413005828,1750408230
,,-0.438293993473053,1750408230
,,-0.4619304835796356,1750408230
,,0.0470525287091732,1750408230
,,-0.6499401926994324,1750408230
,,0.373285710811615,1750408231
,,-0.4719555079936981,1750408231
,,0.4917314648628235,1750408232
,,3.166886329650879,1750408232
,,0.2447398155927658,1750408233
,,-0.4576494991779327,1750408233
,,0.4719543159008026,1750408233
,,0.3137476742267608,1750408233
,,0.1227909922599792,1750408233
,,0.2305080592632293,1750408234
,,0.4126375615596771,1750408234
,,0.4386091828346252,1750408234
,,-0.790899395942688,1750408235
,,-1.617487907409668,1750408236
,,0.8405494093894958,1750408237
,,-0.543454647064209,1750408239
,,0.7568159699440002,1750408239
,,1.4104690551757812,1750408239
,,-0.2637504935264587,1750408239
,,-0.3769348859786987,1750408239
,,-0.6549893617630005,1750408241
,,-1.6174867153167725,1750408242
,,-0.1875275820493698,1750408242
,,-0.0044913659803569,1750408242
,,-0.9625713229179382,1750408243
,,0.4047065079212188,1750408243
,,-0.3856635391712188,1750408244
,,-0.1422934830188751,1750408245
,,0.0605175197124481,1750408245
,,0.0670389011502265,1750408246
,,-2.136717796325684,1750408246
,,0.2750361561775207,1750408246
,,0.3882962465286255,1750408247
,,0.1589783877134323,1750408247
,,0.0438971854746341,1750408247
,,-0.3284853398799896,1750408247
,,0.5119282603263855,1750408247
,,0.0097515396773815,1750408248
,,0.6144598126411438,1750408248
,,-0.6499398946762085,1750408249
,,0.351057767868042,1750408249
,,-0.1175311133265495,1750408249
,,-0.0838699340820312,1750408250
,,-0.5122430920600891,1750408251
,,0.7807999849319458,1750408251
,,0.4573340713977813,1750408252
,,0.2396914958953857,1750408253
,,-0.2458660304546356,1750408253
,,-0.344851404428482,1750408253
,,-0.3491633236408233,1750408254
,,-0.4816342890262604,1750408254
,,-2.4257845878601074,1750408256
,,-0.1170472353696823,1750408257
,,0.8308715224266052,1750408257
,,0.5645235180854797,1750408257
,,0.3580002188682556,1750408258
,,0.3468522131443023,1750408258
,,-0.1396214216947555,1750408258
,,0.6739243865013123,1750408259
,,0.381142795085907,1750408259
,,0.1917233020067215,1750408259
,,0.688651442527771,1750408260
,,0.312799870967865,1750408260
,,0.83549964427948,1750408260
,,1.8261898756027224,1750408260
,,0.2430569529533386,1750408261
,,-0.1896315217018127,1750408261
,,-0.451757550239563,1750408261
,,0.5566036105155945,1750408262
,,-0.7761712074279785,1750408262
,,0.4189347326755523,1750408263
,,0.4712923169136047,1750408263
,,0.1181628853082656,1750408263
,,0.0476209186017513,1750408263
,,-0.5083519220352173,1750408264
,,1.3153774738311768,1750408264
,,-0.7719656229019165,1750408265
,,-0.5401211977005005,1750408265
,,-0.5188698172569275,1750408265
,,-0.5548468232154846,1750408265
,,-0.3812484443187713,1750408265
,,-0.52830970287323,1750408266
,,-1.516083002090454,1750408267
,,-0.397373765707016,1750408267
,,-0.1375177800655365,1750408268
,,-0.2523891627788543,1750408268
,,-0.3849299252033233,1750408268
,,0.210100308060646,1750408268
,,-0.0272760316729545,1750408269
,,-1.807675838470459,1750408270
,,-0.2054097056388855,1750408270
,,-0.2201360464096069,1750408270
,,0.6507831811904907,1750408270
,,-0.7328314781188965,1750408270
,,-1.5678372383117676,1750408271
,,0.3889270722866058,1750408271
,,-1.0347260236740112,1750408271
,,-0.849385142326355,1750408271
,,1.5240777730941772,1750408272
,,0.242225632071495,1750408273
,,1.3721803426742554,1750408275
,,0.2175997197628021,1750408275
,,0.2674721777439117,1750408275
,,0.2030956447124481,1750408276
,,-1.998707056045532,1750408277
,,-0.6336047649383545,1750408277
,,-0.1002169400453567,1750408277
,,-0.450076162815094,1750408278
,,0.2911007106304168,1750408279
,,-0.790477454662323,1750408279
,,-0.1652884781360626,1750408279
,,0.4518323242664337,1750408280
,,-0.1666893512010574,1750408281
,,-0.2527324855327606,1750408282
,,-0.9390082359313964,1750408282
,,-0.611724853515625,1750408282
,,0.1938380450010299,1750408283
,,1.1357080936431885,1750408283
,,-0.3085620403289795,1750408283
,,2.6341919898986816,1750408283
,,-0.230015680193901,1750408283
,,-0.5732239484786987,1750408283
,,-0.4367916285991668,1750408284
,,-0.4292144477367401,1750408284
,,-2.163224935531616,1750408285
,,-0.2795280814170837,1750408285
,,0.1462799608707428,1750408285
,,0.4618559777736664,1750408286
,,-0.5834279656410217,1750408287
,,0.2290350049734115,1750408288
,,-0.7239961624145508,1750408288
,,1.0120038986206057,1750408288
,,-1.5813021659851074,1750408289
,,-2.0382561683654785,1750408289
,,0.4394178986549377,1750408289
,,1.3073809146881104,1750408289
,,-0.6066777110099792,1750408289
,,0.5880578756332397,1750408289
,,0.0870251953601837,1750408290
,,-0.5434859395027161,1750408290
,,1.05071222782135,1750408290
,,0.6058343648910522,1750408290
,,-0.8165652751922607,1750408291
,,-0.834658682346344,1750408291
,,0.466769278049469,1750408291
,,0.5836568474769592,1750408291
,,0.0365329124033451,1750408292
,,0.2508415579795837,1750408292
,,-0.3798798322677612,1750408292
,,-0.6575149893760681,1750408293
,,0.894406795501709,1750408293
,,-2.120307683944702,1750408293
,,0.1648665070533752,1750408294
,,-0.4054741263389587,1750408294
,,-0.5527433753013611,1750408294
,,0.1175308153033256,1750408295
,,-0.6453117728233337,1750408295
,,0.2595414221286773,1750408295
,,0.3163443207740783,1750408295
,,-0.337729811668396,1750408296
,,-0.6668452620506287,1750408296
,,-0.2771389186382293,1750408297
,,-0.5492717623710632,1750408298
,,-2.1396636962890625,1750408298
,,-1.574149250984192,1750408299
,,1.5846686363220217,1750408299
,,-0.5084251761436462,1750408299
,,0.9709883332252502,1750408299
,,-0.1126926094293594,1750408300
,,-0.29046630859375,1750408300
,,0.920074999332428,1750408300
,,0.0234251748770475,1750408301
,,0.4373157322406769,1750408301
,,-0.3436220586299896,1750408302
,,-0.9709883332252502,1750408302
,,-0.3386476933956146,1750408303
,,0.0968508496880531,1750408303
,,-0.860327422618866,1750408303
,,-0.7122145295143127,1750408304
,,0.5795663595199585,1750408304
,,-0.326022207736969,1750408304
,,-0.687674880027771,1750408306
,,0.7290458679199219,1750408306
,,0.5506380200386047,1750408306
,,-0.2674736380577087,1750408307
,,0.4317403733730316,1750408308
,,-0.1170475259423255,1750408308
,,-0.3600416779518127,1750408308
,,-0.4278517365455627,1750408309
,,-0.3531617224216461,1750408309
,,0.6071273684501648,1750408309
,,-0.223777174949646,1750408310
,,-0.2401853650808334,1750408310
,,0.8178278803825378,1750408310
,,-0.223297119140625,1750408311
,,0.6541471481323242,1750408312
,,-0.4231458604335785,1750408312
,,-0.7875348329544067,1750408312
,,0.0502066947519779,1750408314
,,-1.6574609279632568,1750408315
,,0.3705485165119171,1750408315
,,0.1801631599664688,1750408315
,,0.6528862714767456,1750408315
,,-1.5783573389053345,1750408316
,,0.329809308052063,1750408317
,,-1.9553663730621336,1750408317
,,1.2333259582519531,1750408317
,,0.1612267047166824,1750408318
,,-0.458141565322876,1750408318
,,-0.5948938131332397,1750408318
,,-0.2486008405685424,1750408318
,,-0.2612234055995941,1750408319
,,0.122790403664112,1750408320
,,0.1774890571832656,1750408320
,,-0.032325156033039,1750408321
,,0.5931056141853333,1750408321
,,0.2679554522037506,1750408322
,,-1.6679792404174805,1750408322
,,-0.3316409587860107,1750408322
,,0.149658203125,1750408322
,,0.4299521744251251,1750408323
,,1.3284200429916382,1750408323
,,-0.1804369240999221,1750408324
,,0.3169127106666565,1750408325
,,0.426585853099823,1750408325
,,2.3788599967956543,1750408326
,,-0.3065930902957916,1750408326
,,-0.4202745854854584,1750408326
,,-1.6263245344161987,1750408327
,,-0.3326902985572815,1750408327
,,-0.1448786705732345,1750408327
,,-0.3322598338127136,1750408327
,,-1.4504423141479492,1750408328
,,-0.1017520427703857,1750408330
,,2.3079721927642822,1750408330
,,0.6579360961914062,1750408330
,,-0.2655357718467712,1750408330
,,-0.8060455322265625,1750408331
,,1.0435595512390137,1750408332
,,0.636549711227417,1750408333
,,-0.5456636548042297,1750408333
,,-0.8889377117156982,1750408333
,,0.7934235334396362,1750408334
,,0.1396214365959167,1750408334
,,-0.7976306676864624,1750408334
,,2.786510705947876,1750408334
,,-0.9427956342697144,1750408335
,,0.5544257164001465,1750408335
,,1.4748464822769165,1750408335
,,0.5371751189231873,1750408335
,,0.1580693125724792,1750408336
,,0.9541472792625428,1750408337
,,0.4311411678791046,1750408337
,,-0.4997986853122711,1750408337
,,-0.4033698141574859,1750408339
,,-0.3857715129852295,1750408339
,,0.3789654374122619,1750408340
,,-0.415225088596344,1750408340
,,0.2598894536495209,1750408340
,,-0.7117931246757507,1750408340
,,-0.6148804426193237,1750408341
,,0.62301105260849,1750408342
,,0.9108182191848756,1750408342
,,-0.3602095246315002,1750408342
,,-1.256889820098877,1750408342
,,0.2127767652273178,1750408342
,,-0.7967875003814697,1750408343
,,-0.0316350162029266,1750408344
,,-0.327528715133667,1750408344
,,0.4331080615520477,1750408345
,,-1.6498905420303345,1750408345
,,-0.0542059540748596,1750408345
,,0.2821997106075287,1750408346
,,-0.223293587565422,1750408346
,,0.5657873153686523,1750408346
,,-2.2818827629089355,1750408346
,,-2.196469783782959,1750408346
,,0.6189833283424377,1750408348
,,1.160954236984253,1750408348
,,0.4173290431499481,1750408348
,,-0.5238882303237915,1750408349
,,-0.7211244702339172,1750408349
,,-0.2047670632600784,1750408350
,,-0.5767264366149902,1750408350
,,0.4820530116558075,1750408353
,,0.6201382875442505,1750408353
,,-0.3044892251491546,1750408353
,,0.6150163412094116,1750408353
,,-2.2183449268341064,1750408354
,,-0.2456550300121307,1750408354
,,0.4396302700042724,1750408354
,,0.7530312538146973,1750408354
,,0.3016480505466461,1750408355
,,0.5353557467460632,1750408356
,,0.416413813829422,1750408356
,,0.4088087677955627,1750408356
,,0.723155677318573,1750408356
,,0.063400849699974,1750408357
,,-0.1075809150934219,1750408357
,,0.2170430570840835,1750408358
,,-0.766987681388855,1750408358
,,1.0953130722045898,1750408358
,,0.288920521736145,1750408359
,,0.163535475730896,1750408359
,,1.885096549987793,1750408360
,,-0.305331289768219,1750408360
,,-0.893566370010376,1750408361
,,-1.866161584854126,1750408361
,,0.0521017163991928,1750408361
,,0.5329669117927551,1750408361
,,-1.436976432800293,1750408363
,,0.2388487607240677,1750408363
,,0.3479015529155731,1750408363
,,0.5343033671379089,1750408364
,,0.2342951744794845,1750408364
,,-0.1028049141168594,1750408365
,,-0.931013822555542,1750408365
,,-0.4286892116069793,1750408366
,,-1.4066836833953855,1750408367
,,-0.711373507976532,1750408368
,,0.546009361743927,1750408368
,,0.5821969509124756,1750408368
,,0.3037214875221252,1750408369
,,-0.1619215607643127,1750408369
,,-0.251692533493042,1750408370
,,0.3473029434680938,1750408370
,,0.6287659406661987,1750408370
,,-0.2860494554042816,1750408370
,,0.5405091047286987,1750408371
,,-0.2711119949817657,1750408371
,,0.6785524487495422,1750408371
,,-0.1275666952133178,1750408372
,,-0.177490234375,1750408373
,,-0.537986159324646,1750408373
,,-0.7660724520683289,1750408373
,,-0.8001561760902405,1750408374
,,-0.833396852016449,1750408374
,,-1.2152329683303833,1750408375
,,-0.6554104685783386,1750408375
,,0.2227237373590469,1750408375
,,-0.100217081606388,1750408375
,,-1.4108903408050537,1750408376
,,0.2348632663488388,1750408376
,,-0.4373174607753753,1750408376
,,1.5800399780273438,1750408377
,,1.5371215343475342,1750408377
,,-0.3015429973602295,1750408378
,,0.4742390513420105,1750408378
,,0.3945338726043701,1750408379
,,-0.703155517578125,1750408379
,,-0.593137264251709,1750408379
,,-1.6570404767990112,1750408379
,,0.883469820022583,1750408379
,,-2.214139223098755,1750408379
,,0.1691066920757293,1750408380
,,-2.223817586898804,1750408380
,,0.9779158234596252,1750408380
,,-0.2222395539283752,1750408381
,,0.4842627346515655,1750408382
,,-0.0689333453774452,1750408383
,,-1.6734501123428345,1750408384
,,0.0686580911278724,1750408384
,,-1.2977036237716677,1750408384
,,-0.2041473388671875,1750408384
,,0.2516942918300628,1750408384
,,0.7854282855987549,1750408384
,,-0.7446137070655823,1750408385
,,-1.9667270183563232,1750408386
,,0.1580611020326614,1750408386
,,-0.3161656260490417,1750408387
,,-0.692859947681427,1750408387
,,-1.6524122953414917,1750408387
,,0.1429859697818756,1750408388
,,-0.3366148173809051,1750408388
,,-0.6314268708229065,1750408388
,,0.2143079191446304,1750408388
,,-0.3165875971317291,1750408388
,,-0.7248378992080688,1750408389
,,0.286396324634552,1750408389
,,-0.2713960707187652,1750408389
,,1.3233695030212402,1750408390
,,-0.4607737362384796,1750408391
,,-0.0213229842483997,1750408391
,,-0.961088240146637,1750408391
,,-0.3656803965568542,1750408392
,,0.9461640119552612,1750408392
,,0.3180283606052398,1750408392
,,-1.809360146522522,1750408392
,,0.9751961827278136,1750408393
,,-0.0091834422200918,1750408393
,,0.05231299623847,1750408394
,,0.7025386691093445,1750408394
,,0.4778477251529693,1750408394
,,-1.1024686098098757,1750408395
,,0.4786878526210785,1750408395
,,-0.2434786260128021,1750408395
,,0.0312734730541706,1750408395
,,1.6401361227035522,1750408396
,,0.0333768390119075,1750408396
,,-0.6793630719184875,1750408396
,,-0.5210487246513367,1750408398
,,-0.4416603446006775,1750408399
,,-0.6260305047035217,1750408399
,,-0.2018215954303741,1750408399
,,-0.2443302571773529,1750408399
,,0.4604585766792297,1750408400
,,2.819751501083374,1750408400
,,0.3971323370933532,1750408400
,,1.158428430557251,1750408402
,,0.6518355011940002,1750408402
,,0.221671462059021,1750408402
,,0.0049737771041691,1750408403
,,-0.727436900138855,1750408403
,,-0.3089812099933624,1750408403
,,0.4500438868999481,1750408404
,,1.1840978860855105,1750408404
,,0.7210511565208435,1750408404
,,0.8994569182395935,1750408405
,,-0.0297382045537233,1750408405
,,-0.2136768698692321,1750408405
,,-0.9028208255767822,1750408406
,,-0.7765922546386719,1750408407
,,-0.2558980882167816,1750408408
,,-1.7277288436889648,1750408408
,,-0.3621454834938049,1750408408
,,0.2435513734817505,1750408410
,,2.534543514251709,1750408412
,,-0.1007015481591224,1750408413
,,-1.0313568115234375,1750408415
,,0.5655449628829956,1750408415
,,-0.0112862205132842,1750408415
,,1.8964591026306152,1750408416
,,-0.7008543610572815,1750408417
,,0.0949573516845703,1750408417
,,0.5195723176002502,1750408417
,,-1.8316572904586792,1750408418
,,-1.5173468589782717,1750408418
,,0.371393084526062,1750408418
,,-0.2708264589309692,1750408419
,,0.6516236066818237,1750408419
,,0.3045624792575836,1750408420
,,-0.4751862585544586,1750408420
,,-0.7286247611045837,1750408420
,,-0.5056166648864746,1750408421
,,0.1300483047962188,1750408421
,,-0.3197109401226043,1750408422
,,0.6298173666000366,1750408423
,,-0.4235675632953644,1750408423
,,-0.239554613828659,1750408423
,,0.9655178785324096,1750408423
,,-0.2974097728729248,1750408423
,,0.3163416683673858,1750408425
,,-0.36297607421875,1750408426
,,0.3170799612998962,1750408426
,,0.3131907284259796,1750408426
,,1.406683087348938,1750408426
,,-0.1932695806026458,1750408427
,,-0.4159933030605316,1750408427
,,1.9144041538238523,1750408427
,,-0.8662179708480835,1750408428
,,1.849753260612488,1750408428
,,-0.3610937893390655,1750408428
,,-0.6617226004600525,1750408430
,,-0.4026025533676147,1750408430
,,-0.1727987378835678,1750408430
,,1.4996742010116575,1750408431
,,0.77070152759552,1750408432
,,-0.0429910644888877,1750408432
,,-0.7004335522651672,1750408432
,,0.6419464945793152,1750408433
,,-1.3625006675720217,1750408433
,,0.2222395539283752,1750408433
,,0.1317760646343231,1750408433
,,-2.322474479675293,1750408434
,,-0.7391433715820312,1750408434
,,-0.7009276151657104,1750408434
,,-0.0647246986627578,1750408434
,,-2.232650756835937,1750408434
,,-0.2532292902469635,1750408435
,,0.0139594189822673,1750408435
,,-0.1827509850263595,1750408436
,,-0.3284841477870941,1750408437
,,1.5367004871368408,1750408437
,,-0.2363985478878021,1750408437
,,1.0111602544784546,1750408437
,,-0.5127698183059692,1750408437
,,-0.8742135167121887,1750408438
,,-0.9137637615203856,1750408438
,,2.4621710777282715,1750408438
,,-0.2431305795907974,1750408439
,,1.8585885763168333,1750408439
,,-0.5810053944587708,1750408439
,,1.0507113933563232,1750408441
,,-0.2103112787008285,1750408442
,,0.5506383180618286,1750408443
,,-0.6023935079574585,1750408444
,,0.6638253927230835,1750408445
,,-0.2464338392019271,1750408445
,,-0.6330754160881042,1750408445
,,0.5248348116874695,1750408446
,,0.388295978307724,1750408447
,,0.363364577293396,1750408447
,,0.6499403715133667,1750423454
,,-0.3320183157920837,1750423454
,,0.0996486917138099,1750423455
,,-0.3921132981777191,1750423456
,,0.3121369183063507,1750423456
,,0.2511250376701355,1750423456
,,0.4273622930049896,1750423457
,,-0.123359091579914,1750423458
,,-1.0332505702972412,1750423458
,,-1.195456862449646,1750423458
,,0.3836672604084015,1750423458
,,-0.4480772614479065,1750423459
,,0.3479024469852447,1750423460
,,0.2775579392910003,1750423461
,,0.4286158978939056,1750423461
,,-0.5287598371505737,1750423461
,,-0.0701939463615417,1750423462
,,0.9242823719978333,1750423462
,,0.0518282353878021,1750423463
,,-0.1299450099468231,1750423463
,,-0.2616447806358337,1750423463
,,0.3626286387443542,1750423464
,,0.1303644776344299,1750423464
,,0.0912299528717994,1750423464
,,1.4066821336746216,1750423464
,,0.1822669208049774,1750423464
,,-0.9676219820976256,1750423465
,,-0.4331054389476776,1750423466
,,-0.6610799431800842,1750423466
,,0.5672282576560974,1750423467
,,-1.531231164932251,1750423467
,,-0.2601092457771301,1750423468
,,-0.666351318359375,1750423468
,,-0.0065959058701992,1750423468
,,-0.8300297856330872,1750423469
,,0.5760846734046936,1750423469
,,1.858168363571167,1750423469
,,-0.2075119018554687,1750423470
,,0.4509899318218231,1750423470
,,1.1676876544952393,1750423470
,,-0.4589127600193023,1750423470
,,-0.2401210963726043,1750423470
,,-0.8228753209114075,1750423470
,,-0.4673989713191986,1750423471
,,-0.2721651494503021,1750423471
,,0.2553335130214691,1750423471
,,0.4026013612747192,1750423472
,,0.5952394604682922,1750423472
,,0.4476259648799896,1750423473
,,0.7892132997512817,1750423473
,,-0.2185469418764114,1750423474
,,-0.0354813784360885,1750423474
,,0.1333101689815521,1750423474
,,0.2742708623409271,1750423475
,,-0.2796319723129272,1750423475
,,-0.0460003316402435,1750423475
,,0.5502920746803284,1750423476
,,-0.3394869863986969,1750423476
,,-0.5323345065116882,1750423476
,,0.2765080332756042,1750423476
,,0.5039332509040833,1750423477
,,0.1929555982351303,1750423477
,,0.6600388288497925,1750423478
,,-0.7563969492912292,1750423478
,,-1.508928656578064,1750423479
,,0.1543488055467605,1750423479
,,-0.7417390942573547,1750423479
,,-0.5927168130874634,1750423479
,,-0.343621164560318,1750423480
,,0.639421820640564,1750423480
,,-0.7602559328079224,1750423481
,,0.6363701224327087,1750423481
,,0.0150111271068453,1750423481
,,-0.4677464365959167,1750423482
,,0.2079966515302658,1750423482
,,-0.2066292315721511,1750423483
,,0.3283371329307556,1750423483
,,2.318687915802002,1750423484
,,0.2908888459205627,1750423484
,,0.6357089877128601,1750423485
,,-0.1648674011230468,1750423485
,,0.5422976613044739,1750423485
,,0.8023329377174377,1750423485
,,0.6751872897148132,1750423485
,,-0.1637109518051147,1750423486
,,-0.1701275706291198,1750423486
,,0.0303696990013122,1750423487
,,-0.283253014087677,1750423488
,,-2.202775239944458,1750423488
,,-0.0912328511476516,1750423488
,,-0.747559130191803,1750423490
,,-0.4559654891490936,1750423490
,,0.2910250127315521,1750423491
,,-0.3200278580188751,1750423491
,,0.1009427532553672,1750423492
,,-0.7530305981636047,1750423494
,,0.6915963888168335,1750423494
,,0.6155107617378235,1750423494
,,-0.3952387273311615,1750423497
,,-0.0680905804038047,1750423497
,,-0.3699945211410522,1750423497
,,-1.9928139448165891,1750423497
,,0.8994565606117249,1750423498
,,0.2518932521343231,1750423498
,,0.5460104942321777,1750423498
,,-1.6124392747879028,1750423499
,,0.7042195200920105,1750423499
,,1.2518399953842163,1750423499
,,-0.2742649912834167,1750423500
,,0.2348621040582656,1750423500
,,-0.5041545033454895,1750423500
,,0.3610939383506775,1750423501
,,0.0102349780499935,1750423502
,,0.8472816348075867,1750423502
,,0.1380849927663803,1750423503
,,-0.6263774633407593,1750423503
,,0.7732273936271667,1750423503
,,0.0144430296495556,1750423503
,,-0.3415187299251556,1750423504
,,0.2812406122684479,1750423504
,,0.0196990948170423,1750423504
,,-0.192784234881401,1750423504
,,0.4016840755939483,1750423504
,,-0.4783430695533752,1750423505
,,-0.8001552820205688,1750423505
,,0.2468431890010833,1750423505
,,1.7979981899261477,1750423505
,,-0.6439135670661926,1750423505
,,0.3468506038188934,1750423506
,,-0.1227908059954643,1750423506
,,-0.5692572593688965,1750423508
,,0.2948866486549377,1750423508
,,-1.797577977180481,1750423508
,,0.6869688630104065,1750423509
,,-0.0139594441279768,1750423509
,,0.4219900071620941,1750423509
,,0.3321230709552765,1750423510
,,0.0390586480498313,1750423510
,,0.3842356503009796,1750423510
,,-0.2884996831417084,1750423510
,,-0.2598882913589477,1750423511
,,0.0295276436954736,1750423511
,,-1.5935044288635254,1750423511
,,-0.2872367203235626,1750423512
,,-0.2763710021972656,1750423512
,,-1.6974369287490845,1750423513
,,-0.7476330995559692,1750423513
,,0.4103856980800628,1750423513
,,-0.1406739950180053,1750423513
,,0.737881600856781,1750423513
,,-0.6230128407478333,1750423514
,,0.082818828523159,1750423514
,,-0.0223746672272682,1750423514
,,0.2518929541110992,1750423515
,,0.0862592011690139,1750423515
,,-0.4253240525722503,1750423516
,,-1.5278644561767578,1750423516
,,0.4370011389255523,1750423516
,,0.511929988861084,1750423517
,,-0.4291099905967712,1750423518
,,-1.0528159141540527,1750423518
,,-0.5877720713615417,1750423518
,,-0.7799582481384277,1750423518
,,-0.2453806847333908,1750423519
,,0.439240962266922,1750423519
,,-1.4491814374923706,1750423519
,,0.0360494740307331,1750423520
,,0.2562067806720733,1750423520
,,-0.0891292989253997,1750423520
,,0.2079957723617553,1750423521
,,-0.2407103180885315,1750423521
,,-0.4281959235668182,1750423521
,,-0.8169848322868347,1750423521
,,1.51944899559021,1750423521
,,0.4246186316013336,1750423521
,,-1.8623762130737305,1750423522
,,0.5024284720420837,1750423522
,,0.4825492203235626,1750423522
,,-0.6560298800468445,1750423522
,,0.7458754181861877,1750423522
,,0.1175311133265495,1750423524
,,-0.3020400702953338,1750423524
,,0.0147261181846261,1750423525
,,0.9909638166427612,1750423525
,,-0.2371655851602554,1750423525
,,0.0828170776367187,1750423525
,,-0.636475145816803,1750423525
,,0.135982796549797,1750423526
,,0.0907481238245964,1750423526
,,-2.228868246078491,1750423527
,,0.4826525151729584,1750423527
,,-2.3361620903015137,1750423527
,,-0.5814290642738342,1750423528
,,0.7556270956993103,1750423529
,,-0.4706931412220001,1750423529
,,0.3353852331638336,1750423529
,,-0.4383979141712188,1750423529
,,-1.9477908611297607,1750423529
,,0.1223079934716224,1750423531
,,-0.2051878571510315,1750423531
,,0.4126269817352295,1750423531
,,-0.2612238228321075,1750423532
,,-0.851909339427948,1750423533
,,0.8279248476028442,1750423533
,,-0.2122041136026382,1750423533
,,0.1659187823534011,1750423536
,,-1.7056708335876465,1750423536
,,-0.4993790686130523,1750423537
,,0.0207545924931764,1750423538
,,0.1922167241573333,1750423538
,,0.481948584318161,1750423538
,,-1.3671305179595947,1750423538
,,-0.3227632939815521,1750423539
,,-0.5864046216011047,1750423539
,,0.7370395064353943,1750423539
,,0.0802318826317787,1750423539
,,-0.1355614364147186,1750423541
,,0.5262348055839539,1750423541
,,-0.7054830193519592,1750423541
,,0.3016181290149688,1750423541
,,-1.4925202131271362,1750423542
,,0.337803453207016,1750423542
,,-0.6533061861991882,1750423542
,,-1.3503000736236572,1750423542
,,0.1615019589662552,1750423542
,,0.3463674485683441,1750423543
,,2.652160167694092,1750423543
,,-0.7050617337226868,1750423543
,,-0.551483154296875,1750423543
,,2.265475273132324,1750423543
,,0.4749007821083069,1750423544
,,0.330588698387146,1750423544
,,-0.073918268084526,1750423545
,,1.954524040222168,1750423545
,,-0.5343028903007507,1750423545
,,-0.6772918701171875,1750423545
,,0.318374902009964,1750423546
,,2.523603677749634,1750423546
,,0.6269777417182922,1750423546
,,-0.4812862575054168,1750423546
,,-0.5856680870056152,1750423546
,,0.7450338006019592,1750423547
,,-0.796370267868042,1750423547
,,0.1585569977760315,1750423547
,,0.4879447519779205,1750423548
,,1.2779390811920166,1750423548
,,-1.9810315370559688,1750423549
,,0.567891001701355,1750423549
,,0.7089222073554993,1750423550
,,1.937694787979126,1750423550
,,0.4336653351783752,1750423550
,,-0.3199213445186615,1750423550
,,1.6717673540115356,1750423550
,,-0.6407577395439148,1750423550
,,-0.4420807659626007,1750423551
,,-0.2695770263671875,1750423551
,,2.6683480739593506,1750423551
,,-0.5127692222595215,1750423551
,,-0.3584213256835937,1750423551
,,0.4732935726642608,1750423552
,,1.037667989730835,1750423552
,,-0.7151603698730469,1750423553
,,0.659482479095459,1750423553
,,-0.4262706935405731,1750423554
,,-2.2406468391418457,1750423554
,,0.2679566442966461,1750423555
,,-0.6259260773658752,1750423555
,,-0.3596842586994171,1750423555
,,-0.5388588309288025,1750423556
,,0.5128436088562012,1750423557
,,-0.0400478765368461,1750423557
,,-1.2972829341888428,1750423557
,,0.2084180265665054,1750423558
,,0.478265643119812,1750423558
,,0.6234335899353027,1750423560
,,0.1122712269425392,1750423560
,,-0.5881614685058594,1750423561
,,-0.1701266914606094,1750423561
,,-2.171642541885376,1750423561
,,-0.603655993938446,1750423562
,,-0.0066581019200384,1750423562
,,-0.1380867511034011,1750423563
,,0.1980461627244949,1750423563
,,-0.5540043711662292,1750423563
,,0.1320480704307556,1750423564
,,0.6162790060043335,1750423564
,,0.7109527587890625,1750423564
,,-0.7833247184753418,1750423566
,,-0.48226398229599,1750423566
,,2.0496180057525635,1750423566
,,0.1816244721412658,1750423566
,,0.6092000007629395,1750423567
,,-0.9491072297096252,1750423567
,,-0.6049182415008545,1750423568
,,1.3755475282669067,1750423568
,,0.4139630198478699,1750423569
,,-0.5384368300437927,1750423569
,,2.044569253921509,1750423569
,,1.1243464946746826,1750423570
,,1.031358003616333,1750423570
,,0.4955923855304718,1750423570
,,-0.2234910726547241,1750423571
,,0.130153939127922,1750423571
,,0.1948905289173126,1750423572
,,0.0476207360625267,1750423573
,,-0.2206189036369323,1750423573
,,0.1859061866998672,1750423574
,,0.088078424334526,1750423574
,,-0.4087031185626983,1750423575
,,-0.8502267599105835,1750423575
,,-0.1469873189926147,1750423575
,,1.9124497175216677,1750423575
,,-0.2279815524816513,1750423575
,,0.1669710576534271,1750423576
,,2.0180604457855225,1750423577
,,-0.7479790449142456,1750423577
,,0.332124263048172,1750423578
,,0.1838026642799377,1750423578
,,-0.450361967086792,1750423579
,,-0.6200349926948547,1750423579
,,0.8674785494804382,1750423579
,,-0.7883740663528442,1750423579
,,0.098386026918888,1750423579
,,-1.3612399101257324,1750423579
,,0.3826170563697815,1750423579
,,0.7908976674079895,1750423579
,,0.0659868493676185,1750423580
,,0.728624165058136,1750423580
,,0.7518407106399536,1750423580
,,-0.024479791522026,1750423580
,,0.7753299474716187,1750423581
,,1.966726541519165,1750423581
,,0.0213241577148437,1750423581
,,-0.0138109494000673,1750423581
,,-0.6904085278511047,1750423582
,,0.9707658886909484,1750423582
,,0.9916046857833862,1750423583
,,-0.1693156212568283,1750423584
,,-0.8657947778701782,1750423584
,,0.7791923880577087,1750423584
,,0.3192179501056671,1750423584
,,-0.1276296377182006,1750423585
,,0.2986719906330108,1750423585
,,-0.3263807892799377,1750423585
,,-0.2889316082000732,1750423585
,,-0.1532962471246719,1750423585
,,0.0438968911767005,1750423586
,,-1.603182315826416,1750423586
,,0.0528805069625377,1750423589
,,-1.2409015893936155,1750423589
,,-1.968411922454834,1750423589
,,-0.0975447371602058,1750423590
,,-0.7921609282493591,1750423591
,,-0.5397725701332092,1750423592
,,0.3274301290512085,1750423592
,,-0.3449566066265106,1750423593
,,0.0276348404586315,1750423593
,,0.5847214460372925,1750423594
,,-0.676103413105011,1750423594
,,0.1759543716907501,1750423594
,,0.1596080958843231,1750423594
,,0.5618655681610107,1750423595
,,0.833815336227417,1750423595
,,-0.7223158478736877,1750423595
,,0.6284836530685425,1750423595
,,0.9385884404182434,1750423595
,,0.2580055594444275,1750423595
,,0.292361319065094,1750423596
,,0.8131992220878601,1750423596
,,-0.2589404582977295,1750423600
,,0.3973423838615417,1750423601
,,-0.6575176119804382,1750423602
,,-0.4800238013267517,1750423602
,,-0.2183045297861099,1750423603
,,1.0444743633270264,1750423603
,,-0.3171122372150421,1750423603
,,0.3130839169025421,1750423604
,,0.5608121156692505,1750423604
,,-0.5821967124938965,1750423604
,,-0.1838022321462631,1750423604
,,0.686127245426178,1750423606
,,0.1762624830007553,1750423606
,,-2.189314603805542,1750423606
,,2.103898763656616,1750423607
,,0.1917331367731094,1750423608
,,0.2532297074794769,1750423608
,,-0.1591245085000991,1750423609
,,0.4463618099689483,1750423609
,,0.9594060182571412,1750423609
,,-0.0175989586859941,1750423609
,,0.554847240447998,1750423610
,,0.938169002532959,1750423611
,,-0.3701294958591461,1750423611
,,-0.6465738415718079,1750423611
,,-0.2475474327802658,1750423611
,,-2.172903537750244,1750423612
,,-1.6583045721054075,1750423612
,,-0.2396920919418335,1750423612
,,-0.8813634514808655,1750423612
,,0.1138919666409492,1750423613
,,-0.5931337475776672,1750423613
,,-0.5135075449943542,1750423614
,,0.1112177893519401,1750423615
,,0.056520901620388,1750423616
,,0.4821272492408752,1750423617
,,-0.0539339482784271,1750423617
,,0.3607353568077087,1750423618
,,-0.314239501953125,1750423618
,,-0.0310636423528194,1750423618
,,-0.3176057934761047,1750423619
,,-0.3600419163703918,1750423619
,,0.6911764740943909,1750423620
,,0.3237079977989197,1750423620
,,0.2044196277856826,1750423620
,,-0.3415163457393646,1750423620
,,-0.457228422164917,1750423620
,,-0.806046187877655,1750423621
,,-0.3950284421443939,1750423621
,,-0.3743380010128021,1750423621
,,-0.0964202806353569,1750423621
,,0.3752517700195312,1750423622
,,0.107579156756401,1750423622
,,-0.2572273910045624,1750423623
,,-0.5986068248748779,1750423623
,,0.3789655268192291,1750423625
,,-0.0462106503546237,1750423626
,,-1.1692326068878174,1750423627
,,0.3894848227500915,1750423627
,,0.5175792574882507,1750423627
,,0.2476853430271148,1750423627
,,-0.5239941477775574,1750423628
,,0.7753301858901978,1750423629
,,1.5211310386657717,1750423630
,,-2.5385513305664062,1750423631
,,-1.97429883480072,1750423631
,,0.8906211256980896,1750423631
,,-1.5177664756774902,1750423631
,,-0.0281166620552539,1750423631
,,0.1093562170863151,1750423632
,,0.7736467123031616,1750423633
,,1.309064507484436,1750423633
,,-1.2480521202087402,1750423633
,,-0.3727274537086487,1750423633
,,-0.0828179568052291,1750423633
,,0.4208312332630157,1750423635
,,0.5851100087165833,1750423635
,,-1.3566125631332395,1750423635
,,0.4404731094837188,1750423635
,,-0.4443954825401306,1750423636
,,-0.682340145111084,1750423636
,,0.0002837549254763,1750423636
,,-0.1412312537431717,1750423636
,,-0.5219219923019409,1750423637
,,0.5157153606414795,1750423637
,,1.033039927482605,1750423637
,,-0.3510601222515106,1750423638
,,0.533880352973938,1750423638
,,0.5886893272399902,1750423639
,,1.6482056379318235,1750423639
,,-1.6174880266189575,1750423640
,,0.3716137111186981,1750423641
,,-0.0964926928281784,1750423641
,,-1.4513566493988037,1750423641
,,0.0062361471354961,1750423642
,,0.1202040389180183,1750423642
,,0.4147391617298126,1750423642
,,-0.44544717669487,1750423643
,,-0.0523115284740924,1750423643
,,0.4849982559680938,1750423644
,,-0.4158878922462463,1750423644
,,-0.4904690980911255,1750423644
,,-0.4831789433956146,1750423644
,,0.7008549571037292,1750423645
,,0.5642852783203125,1750423645
,,-0.6305855512619019,1750423646
,,0.4294586181640625,1750423646
,,0.5014830231666565,1750423646
,,0.8590627312660217,1750423647
,,2.128302812576294,1750423647
,,0.1422934830188751,1750423647
,,0.1664880514144897,1750423647
,,0.4152274429798126,1750423649
,,-0.289564847946167,1750423649
,,-0.7099732160568237,1750423649
,,-0.4732161164283752,1750423650
,,-0.4101022779941559,1750423651
,,-0.5335667133331299,1750423651
,,0.4837364554405212,1750423652
,,-1.5573184490203855,1750423652
,,0.4509899020195007,1750423653
,,-0.340675950050354,1750423653
,,0.7366191744804382,1750423653
,,-0.8847292065620422,1750423653
,,0.7071650624275208,1750423653
,,-0.0278437826782464,1750423655
,,1.25773024559021,1750423655
,,-0.6044968962669373,1750423655
,,-1.6423121690750122,1750423655
,,0.0933371260762214,1750423656
,,0.1222956702113151,1750423656
,,-1.7967370748519895,1750423657
,,-1.3898520469665527,1750423657
,,0.5102468729019165,1750423657
,,-0.0796614363789558,1750423658
,,-0.446708083152771,1750423658
,,-0.0413078889250755,1750423658
,,-0.8788391947746277,1750423659
,,1.249314785003662,1750423659
,,-0.360526442527771,1750423660
,,0.2342939972877502,1750423660
,,-0.4857036769390106,1750423661
,,1.9814528226852417,1750423661
,,-0.6277453899383545,1750423661
,,2.0306854248046875,1750423661
,,0.3937040269374847,1750423661
,,-1.808939337730408,1750423663
,,-0.150066077709198,1750423663
,,-0.1343624293804168,1750423663
,,0.2690065801143646,1750423664
,,0.6583565473556519,1750423665
,,0.7033791542053223,1750423665
,,0.6714738607406616,1750423665
,,0.7660744786262512,1750423667
,,-0.4012665450572967,1750423667
,,0.349165678024292,1750423667
,,1.2905508279800415,1750423668
,,0.0249610301107168,1750423668
,,-0.5436964631080627,1750423668
,,-0.5897706747055054,1750423669
,,-0.7837430238723755,1750423669
,,-0.1307214498519897,1750423669
,,0.0606654435396194,1750423669
,,-0.1380860656499862,1750423669
,,0.2605919241905212,1750423670
,,-0.1921427696943283,1750423670
,,0.1675403267145156,1750423671
,,-0.986755073070526,1750423671
,,-0.0791681706905365,1750423671
,,-0.0465688705444335,1750423671
,,0.2729319036006927,1750423671
,,0.2742673456668854,1750423672
,,-0.1080627366900444,1750423672
,,-0.4521790742874145,1750423672
,,0.3589794337749481,1750423673
,,-0.0634642019867897,1750423673
,,-0.1959404498338699,1750423673
,,0.7559744119644165,1750423674
,,0.5464312434196472,1750423674
,,0.1974745392799377,1750423674
,,-0.5523217916488647,1750423674
,,0.2753202021121979,1750423674
,,0.4604562520980835,1750423675
,,0.683782696723938,1750423675
,,-1.6848114728927612,1750423676
,,0.2473390847444534,1750423676
,,0.4256720840930938,1750423676
,,0.4678224325180053,1750423676
,,1.0675430297851562,1750423677
,,0.1417255401611328,1750423677
,,0.6072211265563965,1750423677
,,-0.3633968532085418,1750423677
,,0.0823340788483619,1750423677
,,-0.6364760398864746,1750423677
,,0.145931527018547,1750423678
,,0.8712674379348755,1750423678
,,0.3921132981777191,1750423679
,,-0.3390027284622192,1750423679
,,0.8338170647621155,1750423679
,,0.4955191910266876,1750423679
,,0.3507737219333648,1750423680
,,-0.6181411743164062,1750423682
,,0.535491943359375,1750423682
,,-0.0039234617725014,1750423682
,,2.163644552230835,1750423682
,,0.3521099984645843,1750423682
,,2.1001107692718506,1750423683
,,0.0896977633237838,1750423683
,,-0.020268365740776,1750423683
,,0.2270683795213699,1750423684
,,-0.0849210247397422,1750423684
,,-0.1959419250488281,1750423685
,,-1.6031851768493652,1750423685
,,-0.4311414659023285,1750423685
,,0.0623474083840847,1750423685
,,-0.6485418081283569,1750423687
,,0.2469177097082138,1750423687
,,0.7138976454734802,1750423687
,,-0.3015113174915313,1750423687
,,0.6272193789482117,1750423687
,,0.6041505932807922,1750423688
,,-0.1801622807979583,1750423689
,,0.5991014242172241,1750423689
,,0.4879446923732757,1750423689
,,0.4143107235431671,1750423690
,,-0.2743007838726043,1750423690
,,-1.1504346132278442,1750423690
,,-1.3540868759155271,1750423690
,,2.235175371170044,1750423690
,,0.4871767163276672,1750423690
,,0.078610636293888,1750423690
,,0.1880088150501251,1750423690
,,-0.0171162523329257,1750423691
,,-0.024476271122694,1750423691
,,-0.5052698850631714,1750423692
,,-0.589350163936615,1750423692
,,-0.263746976852417,1750423693
,,-0.5583214163780212,1750423693
,,0.3507749140262604,1750423693
,,0.3894829154014587,1750423693
,,1.3730207681655884,1750423693
,,-0.9444797039031982,1750423694
,,-0.443342924118042,1750423694
,,0.0907498821616172,1750423694
,,0.2586980760097503,1750423695
,,-0.7938438653945923,1750423695
,,0.4467829167842865,1750423695
,,-1.240479588508606,1750423695
,,0.4728707373142242,1750423695
,,0.5169773101806641,1750423695
,,0.9551975131034852,1750423695
,,-0.0112865148112177,1750423695
,,0.3339429795742035,1750423695
,,-0.2004241794347763,1750423696
,,-1.3688148260116575,1750423696
,,0.1593234539031982,1750423697
,,-0.5366173982620239,1750423697
,,0.820351779460907,1750423697
,,-0.1596075147390365,1750423697
,,0.2704062759876251,1750423698
,,0.2348629832267761,1750423698
,,0.517187237739563,1750423698
,,-0.472598135471344,1750423698
,,-0.409335196018219,1750423699
,,0.0596753619611263,1750423699
,,0.4016870558261871,1750423699
,,1.1209808588027954,1750423700
,,-1.4142568111419678,1750423701
,,-0.6739243268966675,1750423704
,,0.1711044311523437,1750423704
,,-0.1938253492116928,1750423704
,,-1.7491891384124756,1750423704
,,0.1753868609666824,1750423704
,,0.6381589770317078,1750423704
,,0.8727272748947144,1750423705
,,-0.3558337688446045,1750423705
,,0.4486026763916015,1750423705
,,0.5932414531707764,1750423705
,,-0.2590572535991668,1750423706
,,0.7462961673736572,1750423706
,,0.2894146144390106,1750423706
,,-0.1500666588544845,1750423708
,,-1.9120267629623413,1750423708
,,0.2674729228019714,1750423709
,,-0.0596744790673255,1750423709
,,0.6970637440681458,1750423709
,,-0.3163463771343231,1750423709
,,-0.1685928851366043,1750423709
,,-0.0181669350713491,1750423710
,,0.470872700214386,1750423710
,,-0.561576247215271,1750423710
,,0.7765923738479614,1750423710
,,0.3983952403068542,1750423711
,,1.8972296714782717,1750423711
,,0.3205522298812866,1750423711
,,-0.0497251637279987,1750423712
,,-0.4665591716766357,1750423712
,,0.4138878583908081,1750423713
,,-0.0449482835829257,1750423713
,,-0.003439683932811,1750423716
,,2.0938007831573486,1750423717
,,0.4897337555885315,1750423717
,,0.6613754630088806,1750423717
,,-0.4900483191013336,1750423718
,,-1.415097713470459,1750423718
,,0.3479027152061462,1750423718
,,-0.1606597900390625,1750423719
,,0.6142494082450867,1750423719
,,0.599448561668396,1750423719
,,-1.922966837882996,1750423719
,,-0.2669037878513336,1750423720
,,-0.3727276921272278,1750423720
,,-1.0056885480880735,1750423721
,,-0.5578953623771667,1750423722
,,0.3845103085041046,1750423722
,,0.1547698974609375,1750423722
,,-2.5335028171539307,1750423723
,,0.6739979982376099,1750423723
,,0.3163446187973022,1750423724
,,-0.562178373336792,1750423724
,,0.4081045091152191,1750423725
,,-0.8035213947296143,1750423725
,,-0.0455169305205345,1750423726
,,0.4753215312957763,1750423727
,,-0.4934143424034118,1750423727
,,0.3289677500724792,1750423728
,,-0.3701294958591461,1750423729
,,0.311221182346344,1750423729
,,1.4487603902816772,1750423729
,,1.8413373231887815,1750423730
,,1.6515696048736572,1750423730
,,0.6609538197517395,1750423730
,,-0.8678999543190002,1750423731
,,0.0270658638328313,1750423731
,,0.4583542346954345,1750423732
,,-0.797631025314331,1750423732
,,0.1101661026477813,1750423732
,,0.361576646566391,1750423732
,,-0.2855547368526459,1750423732
,,-0.5202372670173645,1750423732
,,-1.975982904434204,1750423732
,,-0.514032781124115,1750423732
,,-0.9551976919174194,1750423733
,,0.2885002791881561,1750423733
,,0.6276397705078125,1750423734
,,-0.186473548412323,1750423734
,,-2.639536142349243,1750423734
,,-0.1431354433298111,1750423735
,,-0.668107807636261,1750423735
,,-0.4425753653049469,1750423735
,,-0.3636811971664428,1750423736
,,0.3281249701976776,1750423736
,,-0.1380873471498489,1750423737
,,0.1885775029659271,1750423737
,,-0.2758777141571045,1750423737
,,-0.5916606783866882,1750423737
,,0.4311077296733856,1750423737
,,-0.4929941296577453,1750423738
,,0.2984613180160522,1750423738
,,-0.9875975251197816,1750423739
,,0.5313879251480103,1750423739
,,-0.8102540373802185,1750423740
,,-0.2816308736801147,1750423740
,,0.6191932559013367,1750423741
,,1.4950447082519531,1750423741
,,-0.673157274723053,1750423741
,,-0.2774226665496826,1750423742
,,-0.5738869905471802,1750423742
,,-0.3258109390735626,1750423742
,,-0.4130476415157318,1750423742
,,-0.2835253179073334,1750423743
,,0.8855713605880737,1750423743
,,-1.2913954257965088,1750423744
,,-0.3552674353122711,1750423745
,,0.113325260579586,1750423745
,,0.481631338596344,1750423746
,,-0.6293233633041382,1750423747
,,0.4278487861156463,1750423747
,,0.3729377090930938,1750423747
,,-0.0781285166740417,1750423748
,,-0.255679190158844,1750423749
,,-0.3554015457630157,1750423749
,,-1.1247669458389282,1750423749
,,1.927595853805542,1750423750
,,0.1322584897279739,1750423751
,,-0.5378793478012085,1750423751
,,0.5009894371032715,1750423751
,,-0.5481141805648804,1750423752
,,0.8620088696479797,1750423752
,,2.0290021896362305,1750423752
,,-0.1940483599901199,1750423752
,,0.7694389224052429,1750423753
,,-0.3213928937911987,1750423753
,,-1.8834151029586792,1750423754
,,-0.5969249606132507,1750423754
,,0.0312733985483646,1750423754
,,-0.3200576901435852,1750423755
,,-1.310328483581543,1750423755
,,-1.570362567901611,1750423755
,,-0.4614351391792297,1750423755
,,0.8136197328567505,1750423755
,,1.8935123682022093,1750423755
,,0.2485374957323074,1750423756
,,0.3680992722511291,1750423756
,,-0.4745565354824066,1750423756
,,0.3145563900470733,1750423756
,,-0.1732820272445678,1750423757
,,-0.7866891622543335,1750423757
,,-0.4261650443077087,1750423757
,,-1.600237250328064,1750423757
,,0.6583560109138489,1750423757
,,-2.059296131134033,1750423758
,,0.5885823369026184,1750423758
,,0.6257482171058655,1750423758
,,0.119151771068573,1750423758
,,0.0565191395580768,1750423758
,,-0.2106698751449585,1750423760
,,0.2013995945453643,1750423760
,,-0.3319129645824432,1750423761
,,0.3457236588001251,1750423761
,,0.4269323945045471,1750423762
,,0.3458005487918854,1750423762
,,-0.6941217184066772,1750423762
,,0.4749028086662292,1750423762
,,1.3612397909164429,1750423762
,,0.5922948122024536,1750423763
,,0.2119199186563491,1750423763
,,0.0996516272425651,1750423763
,,0.3381511867046356,1750423764
,,0.3653939962387085,1750423764
,,2.1459743976593018,1750423765
,,-0.4917315244674682,1750423765
,,-0.9024019241333008,1750423765
,,-0.2353462725877761,1750423765
,,-0.7479799389839172,1750423766
,,-0.5190805196762085,1750423766
,,-1.501357078552246,1750423766
,,-0.4879449307918548,1750423766
,,-0.4610882997512817,1750423767
,,0.469851404428482,1750423767
,,0.4416621029376983,1750423767
,,-0.3737169206142425,1750423767
,,-0.3957642614841461,1750423768
,,0.247264564037323,1750423768
,,-0.3947129249572754,1750423768
,,-0.9024012684822084,1750423768
,,0.1280517578125,1750423768
,,-0.69903564453125,1750423769
,,0.1151445731520652,1750423769
,,0.0554668679833412,1750423770
,,0.3474815487861633,1750423770
,,0.3428520560264587,1750423770
,,0.1593974083662033,1750423771
,,-0.5152945518493652,1750423771
,,0.4057851731777191,1750423772
,,0.2507042288780212,1750423773
,,0.7332533597946167,1750423773
,,1.011160135269165,1750423773
,,-0.8110215663909912,1750423773
,,0.1609755307435989,1750423774
,,0.7183908224105835,1750423775
,,-1.6313763856887815,1750423775
,,0.2495906502008438,1750423775
,,1.5791977643966677,1750423777
,,-0.0796614438295364,1750423777
,,-1.5796185731887815,1750423778
,,-0.1080633252859115,1750423779
,,-0.4552013576030731,1750423779
,,-1.3414640426635742,1750423779
,,-0.1596079617738723,1750423780
,,0.4080720841884613,1750423781
,,2.3245062828063965,1750423782
,,-0.7753260135650635,1750423783
,,-0.1059600189328193,1750423783
,,0.2167593091726303,1750423783
,,-0.065504215657711,1750423784
,,-1.9339076280593872,1750423785
,,0.3824051916599273,1750423785
,,0.2232919782400131,1750423786
,,-0.5654396414756775,1750423786
,,-0.7833240032196045,1750423788
,,-0.2900454998016357,1750423788
,,0.5632623434066772,1750423788
,,0.3098214864730835,1750423788
,,0.6197183728218079,1750423788
,,0.0691428557038307,1750423789
,,0.3347954154014587,1750423789
,,0.4899130463600158,1750423790
,,-0.0139588573947548,1750423790
,,-0.2037890404462814,1750423790
,,-1.2413212060928345,1750423790
,,0.2984941899776459,1750423791
,,-2.3092336654663086,1750423791
,,-0.4975907206535339,1750423791
,,-0.071815013885498,1750423791
,,0.4677470028400421,1750423791
,,-0.6482579112052917,1750423791
,,-2.113574981689453,1750423791
,,0.3887170553207397,1750423791
,,-0.466283917427063,1750423792
,,-0.0680905804038047,1750423792
,,0.1900411695241928,1750423792
,,-0.1349193751811981,1750423792
,,-0.3991628587245941,1750423793
,,0.2352740913629531,1750423793
,,0.02075488679111,1750423793
,,1.0385096073150637,1750423794
,,-0.1564523130655288,1750423794
,,1.7735941410064695,1750423794
,,0.4692943096160888,1750423795
,,1.4887326955795288,1750423795
,,-0.1681600660085678,1750423795
,,0.9718310832977296,1750423795
,,0.3688671290874481,1750423796
,,-0.0912352204322815,1750423797
,,0.4553040564060211,1750423797
,,-1.854803204536438,1750423797
,,-1.2711952924728394,1750423797
,,-0.1049041673541069,1750423797
,,-0.2932011485099792,1750423797
,,0.132826879620552,1750423798
,,-0.0197020284831523,1750423798
,,0.222723439335823,1750423798
,,-0.1694221347570419,1750423798
,,0.8169848918914795,1750423798
,,-0.641599178314209,1750423798
,,1.1930054426193235,1750423799
,,-1.6625115871429443,1750423799
,,0.7841650247573853,1750423799
,,0.7155805230140686,1750423799
,,0.6603549122810364,1750423800
,,-0.3292829096317291,1750423800
,,-1.5985535383224487,1750423801
,,-0.2779922485351562,1750423801
,,-0.5101077556610107,1750423801
,,0.2035780400037765,1750423801
,,1.1794668436050415,1750423801
,,0.4955179989337921,1750423801
,,2.351088285446167,1750423802
,,-1.6187520027160645,1750423802
,,-1.5354373455047607,1750423802
,,1.2749820947647097,1750423803
,,-2.248219966888428,1750423803
,,-0.8998779654502869,1750423803
,,-0.5214697122573853,1750423803
,,-0.7664941549301147,1750423804
,,1.7807475328445437,1750423804
,,-0.6748387217521667,1750423805
,,-0.3811439871788025,1750423805
,,-0.3852773606777191,1750423805
,,1.4230939149856567,1750423806
,,0.6436291933059692,1750423807
,,0.2569427490234375,1750423808
,,0.4110183715820312,1750423808
,,-0.0547734946012496,1750423809
,,0.7930023074150085,1750423809
,,0.9684627056121826,1750423809
,,0.3087709844112396,1750423809
,,0.5613596439361572,1750423811
,,-0.5359866619110107,1750423811
,,-0.130290687084198,1750423812
,,-0.7521848678588867,1750423813
,,1.1378103494644165,1750423813
,,0.7728065848350525,1750423813
,,2.2665133476257324,1750423814
,,-0.4574071168899536,1750423814
,,0.790255606174469,1750423814
,,-0.463614821434021,1750423814
,,1.035143256187439,1750423814
,,0.1666878908872604,1750423815
,,-0.1280499845743179,1750423815
,,0.0160632487386465,1750423815
,,-0.6566737294197083,1750423816
,,-2.1421847343444824,1750423817
,,-0.1985291689634323,1750423817
,,-0.4021084010601043,1750423818
,,0.4250382483005523,1750423818
,,-0.2753202021121979,1750423818
,,-0.4028129279613495,1750423819
,,-0.761865496635437,1750423820
,,0.1223074793815612,1750423820
,,1.8459659814834597,1750423820
,,0.8148820996284485,1750423820
,,-0.0181661751121282,1750423821
,,0.5055858492851257,1750423821
,,-0.3587684631347656,1750423822
,,0.2312751114368438,1750423823
,,0.3075081706047058,1750423823
,,0.3510583639144897,1750423824
,,-0.4789724946022033,1750423824
,,-0.1833196729421615,1750423825
,,-0.0554668717086315,1750423825
,,-1.6629332304000854,1750423826
,,-0.6451019644737244,1750423826
,,-0.5887187123298645,1750423827
,,-0.7913202047348022,1750423827
,,-0.5223109722137451,1750423827
,,2.8650591373443604,1750423827
,,-2.211193799972534,1750423827
,,0.014804545789957,1750423827
,,-2.538552045822144,1750423827
,,-1.1449661254882812,1750423828
,,-1.9368507862091064,1750423828
,,0.0339461117982864,1750423828
,,-0.4934158027172088,1750423828
,,0.2700600028038025,1750423828
,,2.244436264038086,1750423829
,,0.4610891938209533,1750423829
,,0.153538629412651,1750423829
,,-0.5198178291320801,1750423830
,,0.0449488684535026,1750423831
,,1.315376043319702,1750423832
,,-0.5632611513137817,1750423832
,,0.1606600731611251,1750423832
,,-2.111473560333252,1750423832
,,-0.1010583788156509,1750423833
,,1.8181973695755005,1750423833
,,0.2927093505859375,1750423833
,,-0.515189528465271,1750423834
,,2.444499015808105,1750423834
,,-0.1589030027389526,1750423835
,,0.4848620891571045,1750423835
,,0.502250075340271,1750423836
,,-0.0318415686488151,1750423836
,,-0.2283301651477813,1750437634
,,-0.3467451333999634,1750437634
,,0.4744796454906463,1750437636
,,-0.7197904586791992,1750437636
,,-0.7416683435440063,1750437637
,,-0.004976712167263,1750437637
,,0.7117931246757507,1750437637
,,0.3741994798183441,1750437637
,,0.8342366814613342,1750437637
,,-1.3599753379821775,1750437638
,,0.2058935910463333,1750437638
,,-0.6133032441139221,1750437638
,,-0.5645245909690857,1750437638
,,0.0796626135706901,1750437638
,,-0.697066605091095,1750437639
,,-0.4699254930019378,1750437639
,,0.164383515715599,1750437640
,,-1.61201810836792,1750437640
,,0.5121060609817505,1750437640
,,0.2411748319864273,1750437641
,,-0.0575714074075222,1750437641
,,-0.3456186056137085,1750437641
,,0.4719578623771667,1750437641
,,-1.7580243349075315,1750437643
,,0.0403200276196002,1750437643
,,-0.1429149955511093,1750437644
,,-0.5131894946098328,1750437644
,,-0.1791117638349533,1750437645
,,1.5295497179031372,1750437645
,,0.8422316908836365,1750437645
,,-0.6364769339561462,1750437645
,,0.87000572681427,1750437645
,,-0.4252600967884063,1750437646
,,-0.1791100054979324,1750437646
,,-0.552321195602417,1750437646
,,0.3230769634246826,1750437647
,,-0.6297436952590942,1750437647
,,-0.5285168886184692,1750437648
,,0.076507568359375,1750437648
,,-0.4114356338977813,1750437649
,,2.63538670539856,1750437649
,,-1.8564839363098145,1750437649
,,-0.2173884361982345,1750437650
,,0.1149437204003334,1750437650
,,0.4413129091262817,1750437650
,,-0.1659193783998489,1750437650
,,-0.2448128908872604,1750437650
,,-0.968883454799652,1750437650
,,0.4821266531944275,1750437651
,,0.7080065608024597,1750437651
,,0.2079957723617553,1750437652
,,0.6454176902770996,1750437652
,,0.7328309416770935,1750437652
,,-0.5653661489486694,1750437653
,,-0.7411114573478699,1750437653
,,-0.079662024974823,1750437654
,,0.0964912995696067,1750437654
,,0.0733504295349121,1750437654
,,1.2207025289535522,1750437654
,,0.349523663520813,1750437654
,,0.1570217311382293,1750437655
,,-0.6087050437927246,1750437655
,,-0.1774919927120208,1750437655
,,0.3466415107250213,1750437656
,,1.6031839847564695,1750437656
,,-0.1170477122068405,1750437656
,,1.2661454677581787,1750437656
,,-0.3657848238945007,1750437657
,,-0.3213941156864166,1750437657
,,-1.9048739671707156,1750437657
,,-0.4765841960906982,1750437657
,,-2.626913070678711,1750437657
,,0.7833245992660522,1750437658
,,0.5985019207000732,1750437658
,,-0.5086352825164795,1750437658
,,-0.278475821018219,1750437659
,,0.7757503390312195,1750437659
,,-0.3232245743274688,1750437659
,,-0.2111534625291824,1750437659
,,0.9808648824691772,1750437659
,,-0.0197014436125755,1750437659
,,-0.0867544338107109,1750437660
,,-0.35537189245224,1750437660
,,0.742509663105011,1750437660
,,-0.0392051115632057,1750437661
,,-0.5239210724830627,1750437661
,,-0.4141739904880523,1750437661
,,-0.3722322881221771,1750437661
,,0.1259466260671615,1750437661
,,-1.4782133102416992,1750437663
,,-0.4580688178539276,1750437664
,,-0.3516147136688232,1750437664
,,0.4082095623016357,1750437664
,,-1.2110236883163452,1750437665
,,0.1265158951282501,1750437665
,,0.458490788936615,1750437665
,,2.869823694229126,1750437666
,,-0.8220366835594177,1750437666
,,0.784166157245636,1750437667
,,0.8321337699890137,1750437667
,,0.7101123332977295,1750437667
,,1.9810338020324707,1750437667
,,-0.1585587710142135,1750437668
,,-0.5081411004066467,1750437669
,,0.374201238155365,1750437669
,,0.1506980955600738,1750437669
,,-0.328684002161026,1750437669
,,0.3218871057033539,1750437669
,,0.3269676566123962,1750437670
,,0.2448143512010574,1750437670
,,-1.2905484437942505,1750437671
,,0.3973435461521148,1750437671
,,-0.0455169677734375,1750437671
,,1.178206205368042,1750437671
,,-0.3047743439674377,1750437672
,,2.2116153240203857,1750437672
,,0.9997992515563964,1750437673
,,-0.3044885396957397,1750437674
,,0.3474079966545105,1750437674
,,0.1827495247125625,1750437674
,,-1.639369010925293,1750437674
,,0.0607270449399948,1750437675
,,0.1312073916196823,1750437675
,,-0.9848732352256776,1750437676
,,-0.5733612775802612,1750437676
,,-0.0016092212172225,1750437676
,,-0.228508859872818,1750437677
,,0.0081311725080013,1750437677
,,-0.3554027080535888,1750437678
,,0.6428633332252502,1750437678
,,-0.81993168592453,1750437679
,,0.2725102305412292,1750437679
,,0.4353484809398651,1750437679
,,-0.2784764170646667,1750437679
,,-0.3192901611328125,1750437679
,,-0.2874168753623962,1750437679
,,-0.3150084316730499,1750437679
,,0.6937006115913391,1750437681
,,1.489153265953064,1750437682
,,-0.4976958930492401,1750437682
,,0.1784368604421615,1750437682
,,-1.357453227043152,1750437682
,,-0.3204782903194427,1750437683
,,0.2755291163921356,1750437684
,,0.6032354235649109,1750437684
,,0.2974096238613128,1750437686
,,0.3931351900100708,1750437687
,,0.1076431199908256,1750437687
,,-0.2984621822834015,1750437687
,,-0.8641123175621033,1750437687
,,0.2695761322975158,1750437688
,,1.084372878074646,1750437690
,,-0.8561169505119324,1750437690
,,-0.9642568230628968,1750437691
,,0.0234266407787799,1750437691
,,0.0392068699002265,1750437692
,,1.1113040447235107,1750437692
,,-0.3480077683925628,1750437692
,,0.551901638507843,1750437692
,,-0.1927859932184219,1750437693
,,-0.484157532453537,1750437694
,,1.460540771484375,1750437694
,,0.0197023153305053,1750437694
,,0.1501394361257553,1750437694
,,0.5144528150558472,1750437694
,,-0.3058251440525055,1750437696
,,1.374283790588379,1750437696
,,-0.5994177460670471,1750437697
,,0.14698526263237,1750437697
,,0.9263859987258912,1750437698
,,-0.2336965650320053,1750437698
,,1.594347357749939,1750437698
,,0.5409610867500305,1750437699
,,-0.4215375185012817,1750437701
,,0.133730798959732,1750437701
,,-0.3424330055713653,1750437701
,,0.2148637175559997,1750437702
,,-0.6653741598129272,1750437702
,,-1.3153756856918335,1750437702
,,-0.3171856105327606,1750437703
,,-0.1843707710504531,1750437703
,,-0.1301545351743698,1750437703
,,0.6739982962608337,1750437704
,,0.835923433303833,1750437704
,,0.5043545961380005,1750437704
,,0.6138275861740112,1750437704
,,-0.4677493274211883,1750437705
,,0.8447594046592712,1750437705
,,0.929951548576355,1750437705
,,2.2368597984313965,1750437706
,,-1.5770961046218872,1750437707
,,-0.4193619787693023,1750437707
,,-0.0770756602287292,1750437707
,,0.9091333150863647,1750437707
,,0.039688840508461,1750437708
,,-0.192141592502594,1750437709
,,0.2986722588539123,1750437709
,,0.5141061544418335,1750437709
,,1.6082316637039185,1750437709
,,-0.2416592985391616,1750437709
,,-0.6987509727478027,1750437710
,,-1.4239325523376465,1750437710
,,0.3237078487873077,1750437711
,,0.0703412592411041,1750437711
,,-0.5489543080329895,1750437712
,,-0.6234320402145386,1750437713
,,0.0028710002079606,1750437715
,,0.1791117638349533,1750437715
,,1.641892910003662,1750437716
,,-1.0321986675262451,1750437716
,,-0.2758753597736358,1750437716
,,1.1723151206970217,1750437716
,,-0.6289027333259583,1750437716
,,0.440471351146698,1750437718
,,-0.450990229845047,1750437718
,,0.175734281539917,1750437718
,,0.9922255873680116,1750437718
,,0.564522922039032,1750437719
,,0.3601044416427612,1750437719
,,1.004849910736084,1750437719
,,0.5481144785881042,1750437721
,,0.6974886059761047,1750437721
,,0.4947521388530731,1750437722
,,0.4514441788196563,1750437722
,,0.527465283870697,1750437722
,,-0.2664219737052917,1750437722
,,0.482549786567688,1750437723
,,-0.2262280136346817,1750437724
,,0.0823340788483619,1750437724
,,-0.2479699850082397,1750437724
,,0.6399165987968445,1750437724
,,0.0465689077973365,1750437725
,,0.4610152542591095,1750437726
,,-0.1401918828487396,1750437726
,,-0.1732830852270126,1750437726
,,0.0570884086191654,1750437726
,,0.3772825002670288,1750437726
,,-1.364183783531189,1750437727
,,-1.6073898077011108,1750437727
,,-0.7492424845695496,1750437728
,,-0.4622773230075836,1750437730
,,-0.713054358959198,1750437730
,,-0.0749705359339714,1750437731
,,-1.850173830986023,1750437731
,,-0.8317119479179382,1750437731
,,0.7900578379631042,1750437732
,,0.146353468298912,1750437732
,,-0.4680319428443908,1750437732
,,2.1400840282440186,1750437733
,,-0.507299542427063,1750437733
,,-0.9301730990409852,1750437733
,,0.1894202381372451,1750437733
,,0.3270008265972137,1750437734
,,-0.6802350282669067,1750437734
,,0.8060455322265625,1750437734
,,-1.642313838005066,1750437734
,,0.1678129285573959,1750437734
,,0.3479022979736328,1750437736
,,-0.4604586064815521,1750437736
,,0.3968590795993805,1750437736
,,-0.2317704260349273,1750437736
,,0.868740975856781,1750437736
,,-0.1638165861368179,1750437736
,,0.2423946559429168,1750437737
,,-0.3399399816989898,1750437737
,,0.8868343234062195,1750437737
,,-0.2153598219156265,1750437738
,,-0.7117940187454224,1750437739
,,-0.0396892838180065,1750437739
,,-0.0185876730829477,1750437739
,,0.1546947807073593,1750437740
,,-0.0533637963235378,1750437740
,,-0.5805111527442932,1750437740
,,-0.3187936842441559,1750437741
,,0.8014180064201355,1750437741
,,0.5379104614257812,1750437742
,,0.3495852947235107,1750437742
,,1.5308085680007937,1750437742
,,0.1380873471498489,1750437742
,,-0.3390978276729584,1750437743
,,-0.034428521990776,1750437743
,,0.3869616985321045,1750437743
,,0.9244815707206726,1750437743
,,-0.4206955134868622,1750437744
,,-0.3957961499691009,1750437745
,,0.1722311526536941,1750437745
,,-0.2984616160392761,1750437745
,,2.590505599975586,1750437746
,,-0.8763133883476257,1750437746
,,0.6655073761940002,1750437746
,,-1.7386691570281982,1750437747
,,-0.1448810249567031,1750437747
,,0.3705626130104065,1750437747
,,-1.8392322063446045,1750437748
,,0.7004334330558777,1750437748
,,0.3625570237636566,1750437748
,,-0.4828948974609375,1750437748
,,2.052985429763794,1750437748
,,0.3939772248268127,1750437748
,,1.3048564195632937,1750437749
,,1.6301114559173584,1750437749
,,-0.20856474339962,1750437749
,,-0.2584891617298126,1750437749
,,1.6911227703094482,1750437750
,,2.583996534347534,1750437750
,,-0.3272105455398559,1750437751
,,0.0460005514323711,1750437751
,,-0.1643852740526199,1750437751
,,-2.087066650390625,1750437751
,,-0.9768794178962708,1750437752
,,-0.4606692790985107,1750437752
,,-1.5867737531661987,1750437752
,,-0.0365324355661869,1750437753
,,0.102308414876461,1750437753
,,0.4050539433956146,1750437754
,,-1.5733060836791992,1750437754
,,0.2821995615959167,1750437755
,,1.7437208890914917,1750437755
,,-0.2075136601924896,1750437756
,,0.211151123046875,1750437756
,,0.7425108551979065,1750437756
,,1.9507380723953247,1750437757
,,0.0375844500958919,1750437758
,,-0.3112951219081878,1750437758
,,-0.3085605800151825,1750437758
,,-0.3216047883033752,1750437758
,,-1.202189803123474,1750437758
,,-1.3359919786453247,1750437759
,,0.4762666821479797,1750437759
,,0.3957648575305938,1750437759
,,-0.0415819436311721,1750437760
,,-1.234167456626892,1750437761
,,0.7900572419166565,1750437761
,,-0.3705626130104065,1750437761
,,-0.2304335236549377,1750437762
,,-0.6017303466796875,1750437762
,,0.2590578496456146,1750437762
,,-1.245528221130371,1750437762
,,0.6230104565620422,1750437763
,,-1.0592780113220217,1750437763
,,0.2693545818328857,1750437763
,,-0.4783401489257812,1750437763
,,-0.4268288016319275,1750437763
,,0.6786269545555115,1750437764
,,-0.5144538879394531,1750437764
,,1.593083381652832,1750437764
,,-0.0438965260982513,1750437765
,,-0.8885180950164795,1750437765
,,0.6878128051757812,1750437766
,,-0.7181064486503601,1750437766
,,0.5182400941848755,1750437766
,,-2.28230357170105,1750437767
,,-0.3373119533061981,1750437768
,,0.8262428641319275,1750437768
,,-0.7236797213554382,1750437768
,,-2.0479352474212646,1750437769
,,-0.667192280292511,1750437770
,,0.63731849193573,1750437771
,,-0.1265776604413986,1750437772
,,0.4713243842124939,1750437772
,,0.8102522492408752,1750437772
,,0.744615375995636,1750437773
,,-0.2401117086410522,1750437773
,,-0.2580055594444275,1750437773
,,0.06865955889225,1750437774
,,0.3803009390830993,1750437774
,,-0.7685969471931458,1750437775
,,-0.377596914768219,1750437776
,,0.0514092184603214,1750437777
,,0.1354135274887085,1750437778
,,-0.2511254251003265,1750437778
,,0.9672006368637084,1750437778
,,-0.1427764892578125,1750437779
,,0.3406753540039062,1750437779
,,0.3551920652389526,1750437779
,,-0.685283899307251,1750437779
,,-0.0415822565555572,1750437780
,,-0.1275671422481537,1750437780
,,0.0039232680574059,1750437780
,,0.5927900075912476,1750437780
,,0.458807110786438,1750437781
,,-1.8147547245025637,1750437781
,,-0.4912053346633911,1750437781
,,-0.7261739373207092,1750437781
,,-0.3542131185531616,1750437781
,,-2.2158217430114746,1750437781
,,0.4664854109287262,1750437781
,,0.3264429867267608,1750437781
,,0.0175983719527721,1750437782
,,-0.3024599850177765,1750437782
,,-0.3293884992599487,1750437782
,,0.0455168187618255,1750437782
,,2.0029125213623047,1750437782
,,-2.097163200378418,1750437782
,,-0.1980355978012085,1750437782
,,-0.2490214407444,1750437782
,,-0.8826252222061157,1750437783
,,0.2984624803066253,1750437783
,,0.3264746963977813,1750437783
,,-0.6570974588394165,1750437783
,,0.5956611633300781,1750437783
,,-0.1935107856988906,1750437783
,,0.2044202089309692,1750437784
,,0.487102210521698,1750437784
,,0.5490300059318542,1750437784
,,-0.1564522981643676,1750437785
,,-0.8161462545394897,1750437785
,,0.4943298697471618,1750437786
,,-0.808990478515625,1750437786
,,-0.0108049837872385,1750437786
,,-0.1880100220441818,1750437787
,,-0.0591947063803672,1750437788
,,0.593137264251709,1750437788
,,0.8342375755310059,1750437790
,,0.700506329536438,1750437790
,,-2.5595896244049072,1750437790
,,-0.4732923805713653,1750437790
,,0.2810002565383911,1750437790
,,-0.6583558917045593,1750437790
,,-0.1528129577636718,1750437791
,,0.343411922454834,1750437791
,,0.1780595034360885,1750437791
,,0.6133024096488953,1750437791
,,-0.2237749695777893,1750437791
,,1.901086926460266,1750437791
,,0.4980092942714691,1750437792
,,-0.3994465470314026,1750437793
,,0.3638904094696045,1750437793
,,-0.3457981944084167,1750437794
,,0.3638915717601776,1750437794
,,0.5006431937217712,1750437794
,,0.628135085105896,1750437795
,,-0.2532289624214172,1750437795
,,0.4000035524368286,1750437795
,,0.1217387169599533,1750437795
,,-0.0239087603986263,1750437795
,,0.5004618763923645,1750437796
,,2.2410671710968018,1750437796
,,0.6074429750442505,1750437797
,,0.255332350730896,1750437798
,,-1.638106107711792,1750437798
,,0.7450341582298279,1750437798
,,-0.2595414221286773,1750437799
,,0.3045636713504791,1750437799
,,-0.1774905174970626,1750437800
,,0.1906808614730835,1750437800
,,0.276297926902771,1750437801
,,-0.4383697211742401,1750437801
,,-0.3552650809288025,1750437802
,,0.1522457301616668,1750437803
,,0.0833857581019401,1750437803
,,-1.704587459564209,1750437804
,,-1.6284276247024536,1750437804
,,1.173575758934021,1750437804
,,-0.6045717000961304,1750437804
,,1.645679950714111,1750437805
,,-0.5954504609107971,1750437805
,,0.0323255956172943,1750437805
,,-0.4702726006507873,1750437806
,,0.7584985494613647,1750437806
,,0.8607457876205444,1750437807
,,1.9953389167785645,1750437807
,,-0.3894846737384796,1750437807
,,0.1286814510822296,1750437807
,,1.5236563682556152,1750437807
,,0.1584848165512085,1750437808
,,0.3065954148769378,1750437808
,,-0.2932026088237762,1750437810
,,-0.7606027722358704,1750437810
,,0.3926473557949066,1750437810
,,1.080167293548584,1750437811
,,0.3142400681972503,1750437811
,,0.4270066320896148,1750437812
,,1.5510059595108032,1750437812
,,0.4841566979885101,1750437812
,,0.6987492442131042,1750437813
,,0.5196086764335632,1750437813
,,-0.7825575470924377,1750437813
,,-0.4821275472640991,1750437814
,,0.8035210371017456,1750437814
,,0.7164960503578186,1750437814
,,-0.0002834610058926,1750437814
,,0.3495852947235107,1750437814
,,0.177006646990776,1750437814
,,2.600602388381958,1750437814
,,0.7690185904502869,1750437814
,,0.6166999936103821,1750437815
,,-0.3251812160015106,1750437815
,,0.8413901925086975,1750437817
,,-0.2119196355342865,1750437817
,,1.524919033050537,1750437817
,,0.4004983007907867,1750437818
,,0.5180299878120422,1750437819
,,0.3390039205551147,1750437819
,,0.5620741844177246,1750437820
,,0.2307494133710861,1750437820
,,2.1051602363586426,1750437821
,,-1.592663049697876,1750437821
,,0.6113046407699585,1750437821
,,2.2907190322875977,1750437822
,,0.7231538891792297,1750437822
,,0.4480743408203125,1750437823
,,-1.042717218399048,1750437823
,,-2.212876796722412,1750437823
,,0.531042218208313,1750437826
,,0.2927820980548858,1750437826
,,-0.4867562353610992,1750437826
,,-0.2047670781612396,1750437826
,,0.9421536922454834,1750437827
,,-0.6402629017829895,1750437827
,,0.5729393362998962,1750437828
,,1.632213830947876,1750437829
,,0.4480454325675964,1750437829
,,-0.2742685079574585,1750437829
,,1.6305315494537354,1750437830
,,-0.1375215947628021,1750437830
,,0.1732832044363021,1750437830
,,-1.2148120403289795,1750437830
,,2.6475329399108887,1750437830
,,-0.7812218070030212,1750437830
,,0.7130558490753174,1750437830
,,-1.853119254112244,1750437831
,,-0.4207261800765991,1750437831
,,0.598183274269104,1750437831
,,-2.006699800491333,1750437831
,,-0.4410399198532104,1750437832
,,1.4037376642227173,1750437832
,,-0.3057515025138855,1750437832
,,-0.7105290293693542,1750437833
,,0.6897770762443542,1750437833
,,-0.5778514742851257,1750437833
,,0.5586348176002502,1750437834
,,-0.4499386548995971,1750437834
,,-0.476237952709198,1750437835
,,1.4744266271591189,1750437835
,,-0.938154935836792,1750437835
,,0.6728618144989014,1750437835
,,0.9655174612998962,1750437836
,,-0.581218421459198,1750437837
,,0.4636136591434479,1750437837
,,0.2190839201211929,1750437837
,,0.5263398885726929,1750437838
,,0.74293053150177,1750437838
,,-0.2939692139625549,1750437838
,,-0.5054808259010315,1750437840
,,-0.2998605668544769,1750437840
,,-0.4723745286464691,1750437840
,,-0.4520429372787475,1750437840
,,0.0970605686306953,1750437840
,,-0.3957956731319427,1750437841
,,0.3032376170158386,1750437841
,,2.042886018753052,1750437841
,,0.3309977948665619,1750437842
,,-0.942154049873352,1750437844
,,-1.9174965620040891,1750437845
,,-0.8216139078140259,1750437846
,,-0.1154268682003021,1750437846
,,-0.2765802145004272,1750437847
,,0.1570833623409271,1750437847
,,-2.048356056213379,1750437848
,,2.982168912887573,1750437848
,,1.9292783737182615,1750437851
,,0.2532289624214172,1750437851
,,-0.5119276642799377,1750437851
,,0.4838421046733856,1750437852
,,-0.5296005606651306,1750437852
,,-0.2311388105154037,1750437852
,,-0.7181050181388855,1750437852
,,-0.1343619525432586,1750437853
,,0.4306886792182922,1750437854
,,0.2385021597146988,1750437855
,,-1.5821444988250732,1750437858
,,0.5199960470199585,1750437858
,,-1.5783549547195437,1750437858
,,1.24510657787323,1750437860
,,0.4080727994441986,1750437860
,,-1.6246390342712402,1750437860
,,0.256952702999115,1750437861
,,0.9419549703598022,1750437861
,,0.1938253492116928,1750437862
,,-1.6503077745437622,1750437862
,,0.0849214643239975,1750437862
,,0.9507898092269896,1750437862
,,-2.6041927337646484,1750437862
,,0.3772816061973572,1750437864
,,-0.620489239692688,1750437864
,,-0.1743363589048385,1750437864
,,0.4803396165370941,1750437865
,,-0.2393751889467239,1750437866
,,0.334438294172287,1750437866
,,-0.2538616359233856,1750437866
,,-0.4177504181861877,1750437866
,,0.2264462858438491,1750437867
,,0.1157860308885574,1750437867
,,-0.979403555393219,1750437867
,,-0.6588504314422607,1750437868
,,-0.539878249168396,1750437868
,,-0.0996486917138099,1750437869
,,0.2427098155021667,1750437869
,,-0.656644344329834,1750437870
,,0.0706152990460395,1750437870
,,0.0438954271376132,1750437870
,,-0.9179728031158448,1750437871
,,-0.1202046275138855,1750437873
,,1.7184717655181885,1750437873
,,-0.5901914834976196,1750437873
,,-0.3535825312137604,1750437873
,,-0.7204934358596802,1750437874
,,-0.2661992311477661,1750437874
,,2.137979507446289,1750437876
,,0.7007187604904175,1750437876
,,0.3765144050121307,1750437876
,,0.5435603260993958,1750437876
,,-0.2363985329866409,1750437876
,,0.4285829961299896,1750437876
,,-0.6545690894126892,1750437876
,,0.3831723630428314,1750437877
,,-0.0596753619611263,1750437877
,,0.2416575402021408,1750437877
,,-0.922599196434021,1750437878
,,0.0586236789822578,1750437878
,,-0.4762370586395263,1750437878
,,0.123841792345047,1750437878
,,-0.3537310063838959,1750437878
,,0.824560284614563,1750437878
,,0.9905418753623962,1750437879
,,2.1966769695281982,1750437879
,,2.870244026184082,1750437879
,,0.743353009223938,1750437879
,,-0.7072383761405945,1750437880
,,-0.6347926259040833,1750437880
,,-0.4223808646202087,1750437880
,,-0.2359146624803543,1750437880
,,-0.2915191352367401,1750437880
,,-0.7711225748062134,1750437880
,,2.8463335037231445,1750437881
,,0.6129138469696045,1750437881
,,0.3584224879741668,1750437882
,,0.3941861689090729,1750437883
,,-0.547765851020813,1750437883
,,0.2653685212135315,1750437883
,,-0.3112216293811798,1750437884
,,0.2153601944446563,1750437884
,,-0.4833174347877502,1750437884
,,-0.1701266914606094,1750437884
,,0.2537964880466461,1750437884
,,-0.5672589540481567,1750437885
,,-0.980665922164917,1750437885
,,-0.8678999543190002,1750437885
,,-1.3289146423339844,1750437886
,,-1.053034782409668,1750437886
,,-0.4888601899147033,1750437886
,,-0.562419593334198,1750437886
,,0.3843302130699157,1750437887
,,-0.1507098823785781,1750437887
,,0.4913857877254486,1750437887
,,0.1806458681821823,1750437887
,,1.0364065170288086,1750437888
,,-0.0413090623915195,1750437888
,,0.6007846593856812,1750437888
,,-0.2742677628993988,1750437889
,,1.9477927684783936,1750437889
,,0.0392056964337825,1750437889
,,-2.316387891769409,1750437890
,,-0.4965389370918274,1750437890
,,0.5890027284622192,1750437890
,,-1.9212841987609863,1750437891
,,-0.763968825340271,1750437891
,,-0.0628309920430183,1750437892
,,0.148067757487297,1750437893
,,-0.3933451473712921,1750437893
,,-0.2963573634624481,1750437894
,,-1.0452425479888916,1750437894
,,-0.9116585850715636,1750437894
,,0.0589815452694892,1750437894
,,0.0354796163737773,1750437894
,,-0.1612278819084167,1750437894
,,0.3129777014255523,1750437895
,,-0.7589202523231506,1750437895
,,-0.508139967918396,1750437895
,,0.3142400681972503,1750437896
,,-0.437208890914917,1750437896
,,-0.677290678024292,1750437896
,,-0.1364657282829284,1750437896
,,-0.4458694458007812,1750437897
,,0.4551978409290313,1750437897
,,0.6024675965309143,1750437897
,,-0.7004327774047852,1750437898
,,-0.245266243815422,1750437898
,,0.4666642248630523,1750437898
,,-0.033376544713974,1750437898
,,0.7538706660270691,1750437898
,,-1.2308014631271362,1750437898
,,-0.6214000582695007,1750437899
,,0.0790299475193023,1750437899
,,-0.0407406724989414,1750437899
,,-0.0375841557979583,1750437900
,,0.0780105516314506,1750437901
,,1.2101815938949585,1750437901
,,0.3561383485794067,1750437901
,,-0.2447401136159896,1750437902
,,-1.8842549324035645,1750437902
,,-0.651276171207428,1750437903
,,0.0770750790834426,1750437903
,,-0.3192161917686462,1750437903
,,0.3378037512302398,1750437903
,,-0.0649349465966224,1750437904
,,0.6830765604972839,1750437905
,,0.6629841327667236,1750437905
,,1.2148138284683228,1750437905
,,-0.5821973085403442,1750437905
,,0.4271425008773803,1750437906
,,0.2406052649021148,1750437907
,,-0.4946764409542084,1750437907
,,-0.1827509850263595,1750437907
,,0.6474171876907349,1750437907
,,-0.6092314720153809,1750437907
,,0.0339466966688632,1750437908
,,1.782850742340088,1750437908
,,-0.7814198136329651,1750437908
,,0.3155053853988647,1750437908
,,0.6209071278572083,1750437908
,,-0.1017538085579872,1750437909
,,0.554426908493042,1750437909
,,-0.278475821018219,1750437910
,,-0.296356201171875,1750437911
,,-1.0620726346969604,1750437911
,,0.437526136636734,1750437911
,,-0.2859755158424377,1750437911
,,0.1164785474538803,1750437911
,,0.5216060876846313,1750437912
,,0.1206870377063751,1750437912
,,-0.0756648108363151,1750437912
,,0.0312736220657825,1750437912
,,-2.3984358310699463,1750437913
,,0.6542217135429382,1750437913
,,-0.2005638629198074,1750437913
,,1.1273657083511353,1750437913
,,0.3445366621017456,1750437913
,,-0.3253267705440521,1750437914
,,0.3389927744865417,1750437915
,,-0.2495902776718139,1750437915
,,0.1396214365959167,1750437915
,,-0.6991723775863647,1750437915
,,1.33431077003479,1750437915
,,-0.1974745541810989,1750437916
,,-1.7134222984313965,1750437916
,,0.1454497128725052,1750437916
,,-0.7130572199821472,1750437917
,,-2.180056571960449,1750437918
,,0.8317137360572815,1750437918
,,-0.715160071849823,1750437918
,,-0.085972711443901,1750437918
,,0.5603169202804565,1750437919
,,-0.5451706647872925,1750437919
,,0.7799584865570068,1750437919
,,-0.0018193155992776,1750437919
,,0.2211884707212448,1750437919
,,0.9781423211097716,1750437920
,,-0.4657178819179535,1750437921
,,0.5806934237480164,1750437922
,,-0.2883951961994171,1750437923
,,-0.477636456489563,1750437923
,,-0.6642467975616455,1750437923
,,-1.033039927482605,1750437923
,,-0.4560405910015106,1750437924
,,-0.8834677338600159,1750437925
,,-0.543906569480896,1750437925
,,0.3237081468105316,1750437925
,,-2.622063636779785,1750437925
,,1.115090012550354,1750437926
,,-0.3807220458984375,1750437927
,,0.0623477026820182,1750437927
,,0.0870253443717956,1750437927
,,0.5561090111732483,1750437928
,,0.1227909922599792,1750437929
,,-0.0213223975151777,1750437929
,,0.2876275777816772,1750437929
,,0.1076431050896644,1750437929
,,-1.354928731918335,1750437930
,,0.366729736328125,1750437931
,,-0.0907497331500053,1750437931
,,0.2143067568540573,1750437931
,,-0.3373093008995056,1750437931
,,0.3752517402172088,1750437932
,,0.4825484752655029,1750437932
,,1.6759755611419678,1750437933
,,-0.070195123553276,1750437933
,,-0.0249627903103828,1750437933
,,0.3364363312721252,1750437933
,,0.647489070892334,1750437934
,,0.5168727040290833,1750437934
,,-1.7012221813201904,1750437935
,,0.0239099338650703,1750437935
,,-0.1405663043260574,1750437936
,,2.632803678512573,1750437936
,,2.2351789474487305,1750437937
,,-0.6366752982139587,1750437937
,,-0.795106053352356,1750437938
,,-0.2403341382741928,1750437938
,,0.1385081261396408,1750437939
,,-2.1699583530426025,1750437939
,,0.0118554914370179,1750437939
,,-0.622245192527771,1750437940
,,0.73409503698349,1750437940
,,0.7071685791015625,1750437940
,,-0.4284802675247192,1750437940
,,0.613334059715271,1750437940
,,-0.1454502940177917,1750437941
,,-0.5868248343467712,1750437941
,,2.087908267974853,1750437942
,,0.6375186443328857,1750437942
,,-0.6946160197257996,1750437943
,,1.59687077999115,1750437944
,,0.7340920567512512,1750437944
,,-0.4311406016349792,1750437945
,,-0.3023857474327087,1750437945
,,-0.7845881581306458,1750437945
,,-1.1584290266036987,1750437945
,,0.1101672798395156,1750437945
,,-0.0596756525337696,1750437946
,,-0.1985309273004531,1750437947
,,-0.7778537273406982,1750437947
,,-1.9642016887664795,1750437948
,,-2.6311209201812744,1750437948
,,0.8737898468971252,1750437948
,,-0.5237109661102295,1750437948
,,0.4688732326030731,1750437949
,,-2.306065797805786,1750437949
,,-0.6242740154266357,1750437950
,,-0.0375850349664688,1750437950
,,0.0859715342521667,1750437951
,,0.5416972637176514,1750437951
,,-1.325696349143982,1750437952
,,-0.3991620540618896,1750437952
,,-0.4824750125408172,1750437952
,,-0.4280588924884796,1750437952
,,-1.653252124786377,1750437953
,,-1.8362884521484373,1750437953
,,-0.0449476949870586,1750437953
,,-0.2431622892618179,1750437953
,,-0.0133919361978769,1750437953
,,0.7563945651054382,1750437954
,,0.3192161917686462,1750437954
,,0.365500807762146,1750437955
,,-0.0133913476020097,1750437955
,,0.487102210521698,1750437956
,,-0.6285558342933655,1750437956
,,0.5578975677490234,1750437956
,,1.9498953819274905,1750437956
,,0.4959405660629272,1750437956
,,-0.5918744206428528,1750437957
,,-0.6246945261955261,1750437957
,,-0.63739013671875,1750437957
,,-0.1896303594112396,1750437957
,,0.7378809452056885,1750437958
,,-0.3576105535030365,1750437958
,,-0.8165640830993652,1750437958
,,-0.1701302081346511,1750437959
,,-0.0728642344474792,1750437959
,,0.3726560175418854,1750437960
,,0.908713698387146,1750437960
,,1.0991007089614868,1750437960
,,-0.3953751623630523,1750437960
,,0.3767565190792084,1750437961
,,0.2748368978500366,1750437961
,,0.1597454249858856,1750437962
,,-0.0371023304760456,1750437963
,,0.2037875801324844,1750437963
,,-1.2166107892990112,1750437963
,,-0.7345152497291565,1750437964
,,-0.060243871062994,1750437964
,,2.438608169555664,1750437965
,,0.6786272525787354,1750437965
,,-0.4494127035140991,1750437966
,,0.2430568635463714,1750437966
,,-0.5692273378372192,1750437967
,,0.3695079982280731,1750437967
,,-0.3821946382522583,1750437968
,,0.5813551545143127,1750437968
,,0.4878081977367401,1750437969
,,0.1117876470088958,1750437969
,,0.0457904525101184,1750437970
,,0.5233631134033203,1750437970
,,0.471608430147171,1750437971
,,0.2427096664905548,1750437971
,,0.6189809441566467,1750437972
,,-0.3145875036716461,1750437972
,,0.0039250277914106,1750437972
,,-0.4223045706748962,1750437972
,,-0.8047837018966675,1750437973
,,-2.0483558177948,1750437973
,,-0.5192912220954895,1750437973
,,-0.0417927950620651,1750437973
,,-0.3510571718215942,1750437973
,,0.2027353048324585,1750437973
,,-0.5557637810707092,1750437973
,,-2.609018564224243,1750437974
,,-0.3463667333126068,1750437974
,,-0.264315664768219,1750437975
,,-0.113322913646698,1750437975
,,-0.3550553619861603,1750437975
,,0.628060519695282,1750437975
,,-0.7736470103263855,1750437977
,,-0.9514101147651672,1750437977
,,-2.174797534942627,1750437977
,,-2.1455535888671875,1750437977
,,0.0112868091091513,1750437977
,,-0.7324875593185425,1750437977
,,-0.2814530432224273,1750437977
,,-0.0728701055049896,1750437978
,,0.1859060376882553,1750437980
,,-0.2674724757671356,1750437981
,,-0.0260132998228073,1750437982
,,-0.4939099550247192,1750437982
,,-1.2880254983901978,1750437982
,,0.0495769828557968,1750437984
,,0.3307571411132812,1750437984
,,-0.1007003709673881,1750437984
,,1.919947624206543,1750437985
,,1.1963001489639282,1750437985
,,-0.3490929007530212,1750437985
,,-0.6998754143714905,1750437986
,,-0.2043574303388595,1750437987
,,-0.3621450364589691,1750437987
,,-0.214097648859024,1750437987
,,1.9343281984329224,1750437987
,,1.126873254776001,1750437988
,,-0.4210439622402191,1750437988
,,0.3048048615455627,1750437988
,,1.1340219974517822,1750437989
,,0.1967732310295105,1750437989
,,-0.3421580791473388,1750437990
,,0.2809263467788696,1750437990
,,-1.1007843017578125,1750437990
,,-2.0963222980499268,1750437990
,,1.857327938079834,1750437990
,,-1.2282758951187134,1750437991
,,0.8704240918159485,1750437991
,,-1.2610960006713867,1750437991
,,-0.5667331218719482,1750437992
,,-0.4541455507278442,1750437992
,,0.3889289200305938,1750437992
,,0.4539372026920318,1750437992
,,0.0964936465024948,1750437992
,,0.3550567626953125,1750437993
,,-1.0069520473480225,1750437993
,,0.2548405528068542,1750437994
,,0.3773877024650574,1750437994
,,-0.1575023829936981,1750437994
,,-0.1864753067493438,1750437995
,,0.4551984071731567,1750437995
,,-0.3957941830158233,1750437995
,,0.262486070394516,1750437996
,,-0.4842312037944793,1750437996
,,3.086519479751587,1750437996
,,-0.3609466254711151,1750452223
,,0.2664209306240082,1750452223
,,-1.5451172590255735,1750452224
,,-0.6723148226737976,1750452224
,,0.8527514934539795,1750452224
,,-0.780379056930542,1750452225
,,-0.0044910726137459,1750452225
,,-0.1175308227539062,1750452225
,,-0.3615757822990417,1750452226
,,0.4080012738704681,1750452226
,,2.4247231483459477,1750452227
,,0.6484369039535522,1750452228
,,-0.3419371545314789,1750452229
,,-0.0065956111066043,1750452229
,,-0.3532984256744385,1750452229
,,-0.6002898216247559,1750452229
,,-0.5708363056182861,1750452229
,,-0.3886425197124481,1750452230
,,0.2285512685775756,1750452230
,,1.5438542366027832,1750452230
,,-1.9379360675811768,1750452231
,,-1.1256043910980225,1750452231
,,0.4142039120197296,1750452233
,,-0.7656522393226624,1750452233
,,0.1180996149778366,1750452233
,,0.7471377849578857,1750452234
,,-0.1375180631875991,1750452234
,,-1.454229474067688,1750452234
,,1.2160743474960327,1750452235
,,1.3031738996505735,1750452236
,,0.8994568586349487,1750452237
,,0.2518932521343231,1750452237
,,0.6242740154266357,1750452239
,,-0.3697075247764587,1750452239
,,-0.7749091982841492,1750452239
,,0.3890656232833862,1750452239
,,-0.1354137957096099,1750452240
,,0.5688060522079468,1750452240
,,-0.3370642960071563,1750452240
,,0.4545986354351043,1750452240
,,0.5833535194396973,1750452241
,,-0.6196450591087341,1750452241
,,-0.1517615616321563,1750452241
,,-1.6187505722045898,1750452242
,,2.0193231105804443,1750452242
,,0.0497247241437435,1750452243
,,-0.2079966515302658,1750452244
,,1.5829851627349854,1750452244
,,-0.6580082774162292,1750452244
,,0.1638154238462448,1750452244
,,-1.7441402673721311,1750452245
,,1.8362884521484373,1750452246
,,0.2855547368526459,1750452247
,,-1.346932053565979,1750452247
,,0.642442524433136,1750452247
,,-0.7589187622070312,1750452247
,,0.4697156846523285,1750452248
,,-0.0436853021383285,1750452248
,,0.8106735944747925,1750452249
,,-0.403370201587677,1750452249
,,0.7126370668411255,1750452249
,,-0.1385697573423385,1750452250
,,-0.3890615403652191,1750452250
,,-0.3476183712482452,1750452250
,,0.7256791591644287,1750452251
,,-0.6655088663101196,1750452252
,,-0.1943230181932449,1750452252
,,0.4105318486690521,1750452252
,,-0.0171153713017702,1750452253
,,-0.7109521627426147,1750452253
,,0.3528765141963959,1750452253
,,-0.038154013454914,1750452254
,,0.1852745562791824,1750452254
,,0.6239262819290161,1750452254
,,-0.2516931295394897,1750452255
,,0.4294574558734894,1750452255
,,-0.8202775120735168,1750452256
,,-0.1664774864912033,1750452256
,,0.6218234896659851,1750452257
,,0.4849982559680938,1750452257
,,-0.3300211727619171,1750452258
,,0.0644513666629791,1750452258
,,1.365447163581848,1750452258
,,0.4824734926223755,1750452258
,,0.5643143057823181,1750452258
,,0.854856014251709,1750452260
,,0.0586242638528347,1750452260
,,-0.8098349571228027,1750452261
,,-0.629744291305542,1750452262
,,-0.1396208554506302,1750452262
,,-1.0683839321136477,1750452262
,,-0.6634790897369385,1750452262
,,-0.336334228515625,1750452263
,,-0.1580725461244583,1750452263
,,0.0007676340756006,1750452264
,,1.2278565168380735,1750452264
,,-0.6823395490646362,1750452264
,,-0.3826164603233337,1750452265
,,0.5939765572547913,1750452265
,,-0.1286081075668335,1750452266
,,-0.8005781769752502,1750452266
,,1.0578659772872925,1750452266
,,1.59687077999115,1750452266
,,0.7795376181602478,1750452266
,,0.0901806131005287,1750452268
,,0.0665550231933593,1750452268
,,-0.5746228694915771,1750452269
,,0.3251804709434509,1750452270
,,-0.1028043255209922,1750452271
,,0.0870249792933464,1750452271
,,0.7568161487579346,1750452271
,,-0.9568780660629272,1750452272
,,0.5296007394790649,1750452272
,,-0.1038536578416824,1750452273
,,-2.195898532867432,1750452273
,,-0.46529620885849,1750452274
,,-1.5741491317749023,1750452276
,,-0.2874585688114166,1750452277
,,0.5557619333267212,1750452277
,,-0.3975530564785003,1750452278
,,0.5148735046386719,1750452278
,,2.497936964035034,1750452278
,,-0.381879061460495,1750452279
,,0.4925730526447296,1750452279
,,0.4686942398548126,1750452279
,,-0.419222891330719,1750452280
,,-1.572468638420105,1750452280
,,-1.8766807317733765,1750452280
,,0.5511333346366882,1750452280
,,0.1843690127134323,1750452280
,,-0.2048404365777969,1750452281
,,-0.595661461353302,1750452281
,,0.68023681640625,1750452281
,,-1.163899302482605,1750452281
,,0.47921222448349,1750452282
,,-0.1373389214277267,1750452282
,,0.18647500872612,1750452282
,,1.3027524948120115,1750452283
,,-0.1164797246456146,1750452283
,,-1.1710526943206787,1750452284
,,-1.370495080947876,1750452285
,,0.482548326253891,1750452285
,,-0.3308604061603546,1750452285
,,-1.3949010372161863,1750452287
,,-0.434054434299469,1750452287
,,0.7054824233055115,1750452288
,,-0.0859744697809219,1750452288
,,1.5388041734695437,1750452289
,,-0.5354596376419067,1750452289
,,0.6570927500724792,1750452289
,,-0.3242659866809845,1750452290
,,0.0423616245388984,1750452290
,,-0.2731105983257293,1750452291
,,-0.7946856617927551,1750452291
,,0.8590610027313232,1750452291
,,-0.3566642105579376,1750452291
,,0.7892144918441772,1750452291
,,-0.5460128784179688,1750452294
,,0.401655912399292,1750452294
,,-0.3950282633304596,1750452294
,,0.0339459627866745,1750452294
,,-0.3201317191123962,1750452295
,,0.0617828331887722,1750452295
,,-0.6293968558311462,1750452295
,,-0.1841489225625991,1750452296
,,-0.4231576025485992,1750452298
,,0.145931527018547,1750452298
,,1.1912492513656616,1750452298
,,0.7000116109848022,1750452298
,,0.0386368595063686,1750452299
,,-1.219862699508667,1750452300
,,-0.7929992079734802,1750452301
,,-1.2236491441726685,1750452302
,,0.6239259839057922,1750452302
,,-0.4058620631694793,1750452302
,,0.1648682802915573,1750452303
,,-2.024372339248657,1750452304
,,-0.4131214618682861,1750452304
,,0.1564524620771408,1750452304
,,-0.1627655029296875,1750452305
,,-0.5161358714103699,1750452305
,,-0.5148726105690002,1750452305
,,-0.3253279328346252,1750452306
,,0.5716773867607117,1750452306
,,-0.8376018404960632,1750452306
,,0.2498629540205001,1750452306
,,0.3900838792324066,1750452307
,,-0.5270755290985107,1750452307
,,0.0891289338469505,1750452307
,,-1.9238104820251465,1750452307
,,0.5943990349769592,1750452307
,,1.5362800359725952,1750452307
,,-0.1248955279588699,1750452307
,,-0.5670180320739746,1750452309
,,0.5514824986457825,1750452309
,,1.0742756128311155,1750452310
,,-0.5048493146896362,1750452310
,,0.405653715133667,1750452311
,,0.2565216422080993,1750452311
,,-0.3091929256916046,1750452312
,,-0.7930024266242981,1750452312
,,1.2295396327972412,1750452312
,,-0.4455214142799377,1750452312
,,-0.4030231833457947,1750452313
,,-1.3789126873016355,1750452313
,,-0.4293224513530731,1750452314
,,0.1265150159597396,1750452314
,,-1.8371299505233765,1750452315
,,0.3609775304794311,1750452315
,,0.4827593266963959,1750452316
,,0.4225888550281524,1750452316
,,0.516210675239563,1750452317
,,-1.8278722763061523,1750452317
,,0.4020758271217346,1750452317
,,0.6036587953567505,1750452317
,,0.189272329211235,1750452318
,,-0.3626298010349273,1750452318
,,0.647835910320282,1750452319
,,-0.2990930676460266,1750452319
,,-0.8131977319717407,1750452321
,,-0.2237014770507812,1750452321
,,0.4673274159431457,1750452321
,,-0.4772259294986725,1750452321
,,0.1394412666559219,1750452322
,,1.9301199913024905,1750452322
,,0.7305181622505188,1750452323
,,-0.264937162399292,1750452323
,,-0.2369669377803802,1750452323
,,-0.2327599078416824,1750452324
,,-0.1627640277147293,1750452324
,,1.8960388898849487,1750452324
,,2.54107666015625,1750452325
,,0.0670386105775833,1750452325
,,-0.574202299118042,1750452325
,,-0.4031583070755005,1750452326
,,-0.5439804792404175,1750452327
,,0.3167648315429687,1750452327
,,0.0996486917138099,1750452327
,,-0.9850727915763856,1750452327
,,-0.2553329467773437,1750452327
,,-0.2574688792228699,1750452328
,,0.7967904210090637,1750452328
,,-0.3973423838615417,1750452328
,,0.4387884736061096,1750452328
,,-0.2690084874629974,1750452328
,,-0.1143757700920105,1750452328
,,0.3822256028652191,1750452329
,,-0.2153601795434951,1750452329
,,1.6511505842208862,1750452329
,,-0.120687186717987,1750452329
,,0.646573543548584,1750452330
,,0.5812500715255737,1750452330
,,-0.7799541354179382,1750452330
,,0.9272266626358032,1750452330
,,0.5847952365875244,1750452330
,,-0.0481042116880416,1750452331
,,0.3630499839782715,1750452332
,,-0.0276348404586315,1750452333
,,0.1938381195068359,1750452335
,,0.6380228996276855,1750452335
,,0.3216036260128021,1750452335
,,-0.1951634138822555,1750452336
,,-0.0828176587820053,1750452336
,,-0.3769667148590088,1750452337
,,-0.8578003644943237,1750452337
,,0.0392045229673385,1750452337
,,-0.0539327748119831,1750452338
,,-0.6318476796150208,1750452338
,,0.7656525373458862,1750452338
,,-0.689145565032959,1750452338
,,-1.724784255027771,1750452338
,,-0.2900460958480835,1750452338
,,0.6756080389022827,1750452339
,,0.323497474193573,1750452339
,,0.481600821018219,1750452339
,,-0.4812093675136566,1750452340
,,0.554426908493042,1750452340
,,-0.7191258668899536,1750452341
,,0.6175413727760315,1750452342
,,-0.4831061661243438,1750452342
,,0.7589932680130005,1750452342
,,0.66014564037323,1750452342
,,-1.384801983833313,1750452342
,,-0.6134073734283447,1750452344
,,0.246107816696167,1750452344
,,0.101750299334526,1750452344
,,-0.4395569860935211,1750452344
,,-0.535072922706604,1750452344
,,0.9875954389572144,1750452345
,,-2.188892602920532,1750452345
,,-0.6202662587165833,1750452345
,,-0.1804675310850143,1750452345
,,-0.5657869577407837,1750452345
,,0.3819862008094787,1750452345
,,-1.6923844814300537,1750452346
,,0.0333780124783515,1750452346
,,-0.5258139967918396,1750452347
,,-0.4030526876449585,1750452348
,,-0.2985957264900207,1750452348
,,0.0691428557038307,1750452348
,,-0.3474074006080627,1750452349
,,0.1164797246456146,1750452349
,,-0.4865464270114898,1750452349
,,-0.8481233716011047,1750452350
,,0.4395244121551513,1750452352
,,0.0239099357277154,1750452352
,,0.5291817784309387,1750452352
,,2.587782621383667,1750452353
,,0.5493768453598022,1750452353
,,0.932476282119751,1750452353
,,-0.2713534832000732,1750452354
,,1.3082231283187866,1750452354
,,0.2353462725877761,1750452354
,,-0.2919400632381439,1750452354
,,-0.180782601237297,1750452355
,,-0.2690078914165497,1750452355
,,0.738724946975708,1750452355
,,-1.818196177482605,1750452355
,,0.2227243185043335,1750452355
,,0.1448792666196823,1750452355
,,0.2898356914520263,1750452356
,,0.9070308208465576,1750452356
,,-0.1096842810511589,1750452357
,,-2.637632131576538,1750452357
,,1.6170676946640017,1750452358
,,-0.4345814287662506,1750452359
,,0.4225252270698547,1750452359
,,-0.0786100476980209,1750452359
,,0.2771372199058532,1750452360
,,0.2363997101783752,1750452361
,,0.7101105451583862,1750452361
,,-0.4403657019138336,1750452361
,,0.4202751517295837,1750452361
,,-0.4189394414424896,1750452361
,,0.6067798137664795,1750452362
,,0.5701736211776733,1750452362
,,0.5170522332191467,1750452363
,,-0.9369054436683656,1750452363
,,-0.9772996306419371,1750452365
,,0.006595317274332,1750452366
,,0.1911662071943283,1750452366
,,-2.1935219764709477,1750452367
,,-0.7938434481620789,1750452368
,,-0.2184101939201355,1750452368
,,-0.5573407411575317,1750452369
,,-0.0039232689887285,1750452369
,,1.5930838584899902,1750452370
,,-0.7059029340744019,1750452371
,,-0.454387366771698,1750452372
,,1.851016640663147,1750452372
,,-0.177006646990776,1750452372
,,0.1075804755091667,1750452374
,,0.1638171821832656,1750452374
,,2.292823076248169,1750452375
,,-0.3584213256835937,1750452375
,,0.6390750408172607,1750452376
,,0.2195675075054168,1750452376
,,1.3002277612686155,1750452377
,,0.6549904942512512,1750452377
,,-0.2101305425167083,1750452377
,,-0.0318409837782382,1750452378
,,0.6163535118103027,1750452378
,,0.6533805727958679,1750452378
,,-0.7938438653945923,1750452379
,,0.1091156676411628,1750452379
,,-0.9777198433876038,1750452380
,,-0.4221050143241882,1750452380
,,0.1617144048213958,1750452380
,,0.480444073677063,1750452380
,,-0.7951061129570007,1750452381
,,-2.17121958732605,1750452382
,,0.4547038972377777,1750452383
,,0.4774985313415527,1750452383
,,-0.111788235604763,1750452383
,,0.1921430677175521,1750452384
,,0.8826258182525635,1750452384
,,-0.9766551852226256,1750452385
,,0.4110189378261566,1750452385
,,0.0392045229673385,1750452386
,,0.0592533722519874,1750452386
,,0.5722773671150208,1750452386
,,-0.6049924492835999,1750452386
,,-0.3508459031581878,1750452387
,,-0.2117203921079635,1750452387
,,-0.3468522131443023,1750452387
,,0.249264046549797,1750452387
,,-0.3036475479602813,1750452387
,,-0.4688743948936462,1750452387
,,-1.3338892459869385,1750452388
,,-0.2943913340568542,1750452388
,,0.3869611024856567,1750452388
,,-0.5556851625442505,1750452388
,,-0.5784104466438293,1750452388
,,0.44460529088974,1750452389
,,0.0596756562590599,1750452389
,,-0.7656525373458862,1750452389
,,-0.2836286127567291,1750452389
,,0.0112868081778287,1750452390
,,-0.332122802734375,1750452390
,,0.394112765789032,1750452390
,,-0.9762338399887084,1750452391
,,-1.9974446296691892,1750452391
,,0.6087047457695007,1750452391
,,0.262696623802185,1750452392
,,-0.5056163668632507,1750452392
,,0.2035038322210312,1750452392
,,0.0739194452762603,1750452392
,,1.3330494165420532,1750452393
,,0.3583475947380066,1750452393
,,0.583463191986084,1750452393
,,-0.0491561889648437,1750452393
,,0.3990554809570312,1750452393
,,-0.3188690543174743,1750452393
,,2.072760581970215,1750452393
,,-0.0455169677734375,1750452394
,,-0.1054763793945312,1750452395
,,-0.2537978291511535,1750452395
,,-0.0733489990234375,1750452395
,,-0.0991654023528099,1750452396
,,-0.3878746032714844,1750452396
,,-1.7050093412399292,1750452396
,,-0.0791790261864662,1750452396
,,-0.2742661237716675,1750452398
,,0.8645318746566772,1750452399
,,-1.4049975872039795,1750452400
,,0.60744309425354,1750452400
,,-0.1579561978578567,1750452400
,,0.0307898875325918,1750452400
,,0.4999066591262817,1750452401
,,0.352530837059021,1750452401
,,-0.5001469254493713,1750452401
,,-2.1173620223999023,1750452402
,,-0.943416178226471,1750452402
,,-0.6487529277801514,1750452402
,,0.4799493551254272,1750452403
,,-0.4168460369110107,1750452403
,,-0.2805821299552917,1750452403
,,-0.4286897778511047,1750452404
,,-0.193269282579422,1750452404
,,-0.3040692210197449,1750452405
,,-0.0507765524089336,1750452405
,,0.8190882205963135,1750452405
,,0.8220349550247192,1750452405
,,0.6347933411598206,1750452405
,,-0.3490923047065735,1750452405
,,0.4163824021816253,1750452406
,,0.7492424845695496,1750452406
,,-0.4218855500221252,1750452406
,,0.255679190158844,1750452406
,,-0.1354141235351562,1750452407
,,-0.5732553601264954,1750452407
,,-0.18695829808712,1750452407
,,0.2632647156715393,1750452408
,,-1.2989665269851685,1750452408
,,-0.6667749881744385,1750452408
,,1.6431561708450315,1750452408
,,1.9785078763961792,1750452409
,,0.6284811496734619,1750452409
,,2.605031967163086,1750452410
,,-0.2519668042659759,1750452410
,,-0.0823340788483619,1750452410
,,-1.0717520713806152,1750452412
,,-0.0438983589410781,1750452412
,,-0.0291689354926347,1750452413
,,0.2422262281179428,1750452414
,,0.1280500590801239,1750452414
,,0.5523188710212708,1750452415
,,0.5892439484596252,1750452416
,,1.1441227197647097,1750452416
,,0.1870950758457183,1750452417
,,0.2679563462734222,1750452417
,,0.2448143512010574,1750452418
,,0.4248293340206146,1750452418
,,-0.4119949042797088,1750452418
,,0.3075084388256073,1750452418
,,-0.8447558879852295,1750452418
,,-0.091232880949974,1750452418
,,0.8843086957931519,1750452419
,,0.2058926969766616,1750452420
,,0.2027373611927032,1750452420
,,-1.302751898765564,1750452422
,,-0.56438809633255,1750452422
,,-0.3547815084457397,1750452423
,,0.0186515226960182,1750452425
,,0.3754945695400238,1750452425
,,0.5418028831481934,1750452426
,,-0.3032379150390625,1750452426
,,0.2279827296733856,1750452426
,,0.4141745865345001,1750452427
,,-0.3626292049884796,1750452427
,,0.439555823802948,1750452427
,,-1.7613900899887085,1750452428
,,0.646154522895813,1750452428
,,-0.0796623155474662,1750452428
,,0.5035106539726257,1750452428
,,-0.0243313275277614,1750452428
,,0.338571548461914,1750452429
,,-1.8013639450073242,1750452429
,,-0.1782555431127548,1750452429
,,-0.3850778639316559,1750452429
,,0.2332446724176406,1750452430
,,-0.623011589050293,1750452430
,,2.259159803390503,1750452431
,,0.0497248694300651,1750452432
,,-0.2048398107290268,1750452433
,,-0.6147008538246155,1750452433
,,-0.7375341057777405,1750452433
,,-0.4718498587608337,1750452434
,,-0.6259570121765137,1750452434
,,0.4068098664283752,1750452434
,,1.314536452293396,1750452434
,,0.7859232425689697,1750452434
,,0.2910232543945312,1750452435
,,0.5068796277046204,1750452435
,,-0.7005075216293335,1750452436
,,0.2626964747905731,1750452437
,,0.430719643831253,1750452438
,,-0.3242662847042084,1750452438
,,-0.0202701278030872,1750452438
,,-0.1232111901044845,1750452439
,,0.2616459727287292,1750452439
,,-0.1233602613210678,1750452440
,,-0.1892722100019455,1750452440
,,2.30039644241333,1750452440
,,0.745455801486969,1750452440
,,0.1757354736328125,1750452441
,,-0.2979783117771148,1750452441
,,-0.3873807787895202,1750452441
,,1.4689559936523438,1750452441
,,-1.3784911632537842,1750452442
,,0.201085016131401,1750452442
,,-1.0033862590789795,1750452442
,,-0.0539321862161159,1750452442
,,0.4792873561382293,1750452443
,,-0.6664229035377502,1750452443
,,-0.5744121074676514,1750452444
,,-1.8926719427108765,1750452444
,,-0.6803411245346069,1750452444
,,-1.47190260887146,1750452445
,,0.0281184259802103,1750452447
,,0.3218142986297607,1750452448
,,0.6117245554924011,1750452448
,,0.4938348233699798,1750452448
,,-0.3869605362415313,1750452449
,,-2.305224895477295,1750452449
,,0.3339432775974273,1750452449
,,-0.5051950216293335,1750452450
,,0.6937000751495361,1750452450
,,0.458490788936615,1750452451
,,0.3575063645839691,1750452452
,,-1.4563339948654177,1750452452
,,-0.2636736333370209,1750452452
,,-0.0512613132596015,1750452453
,,-0.1259478032588958,1750452453
,,0.5906113982200623,1750452453
,,0.1922190636396408,1750452454
,,0.5989963412284851,1750452454
,,0.4265864193439483,1750452456
,,-0.3319126665592193,1750452456
,,0.0491561852395534,1750452457
,,-0.3489538133144378,1750452457
,,-0.6054131984710693,1750452457
,,-0.5649425387382507,1750452458
,,-0.4173630774021148,1750452458
,,-0.0676067024469375,1750452458
,,-0.6230114102363586,1750452458
,,-0.4804446697235107,1750452458
,,-0.4482870697975158,1750452459
,,0.165435791015625,1750452459
,,0.0528805032372474,1750452461
,,-0.6259260773658752,1750452461
,,-0.1911662071943283,1750452461
,,-0.422377347946167,1750452462
,,-2.132088184356689,1750452462
,,-0.4055492579936981,1750452462
,,2.1880524158477783,1750452464
,,-1.6158050298690796,1750452465
,,0.3606308996677398,1750452465
,,-0.3483228981494903,1750452466
,,0.2243438810110092,1750452466
,,2.259582757949829,1750452467
,,-0.829184889793396,1750452467
,,-0.44544717669487,1750452467
,,-0.3643141388893127,1750452467
,,-0.4399783611297607,1750452468
,,-0.6636035442352295,1750452468
,,0.3735703527927398,1750452470
,,-0.3777765035629272,1750452470
,,0.0076481741853058,1750452470
,,-0.863472580909729,1750452470
,,-0.2628032863140106,1750452470
,,-2.070237398147583,1750452471
,,-0.2895630598068237,1750452472
,,-0.273846834897995,1750452472
,,-0.7345160841941833,1750452472
,,1.6444172859191897,1750452474
,,-1.3410426378250122,1750452475
,,0.5051956176757812,1750452475
,,-0.0623503550887107,1750452475
,,-2.115260124206543,1750452476
,,0.0996486917138099,1750452476
,,-0.6484566926956177,1750452476
,,-0.7807995676994324,1750452476
,,-0.3447465002536773,1750452477
,,0.7774338126182556,1750452477
,,0.044948723167181,1750452477
,,-0.0720255970954895,1750452477
,,0.9036641716957092,1750452478
,,-0.5931375622749329,1750452479
,,0.8397074341773987,1750452479
,,-0.2737728953361511,1750452479
,,0.5443276762962341,1750452479
,,0.2893406748771667,1750452480
,,-0.998960018157959,1750452480
,,-0.3524580597877502,1750452480
,,0.0239105205982923,1750452481
,,1.5341755151748655,1750452481
,,-2.6454274654388428,1750452481
,,0.5722773671150208,1750452481
,,-0.356664776802063,1750452481
,,0.8359207510948181,1750452481
,,-0.0013404265046119,1750452481
,,0.3387503921985626,1750452481
,,0.2644107341766357,1750452481
,,-0.3662050664424896,1750452482
,,-0.3204785883426666,1750452482
,,-1.8627969026565552,1750452482
,,0.4997992813587188,1750452483
,,0.4181708991527557,1750452485
,,-1.4268786907196045,1750452485
,,-0.8737898468971252,1750452485
,,-0.8632709383964539,1750452487
,,0.44460529088974,1750452487
,,0.6141768097877502,1750452487
,,-0.6633740663528442,1750452487
,,-0.3747687637805938,1750452487
,,-0.8531740307807922,1750452488
,,-0.6357080936431885,1750452489
,,0.5140321850776672,1750452489
,,-0.3730750381946563,1750452489
,,0.3428532481193542,1750452490
,,0.0328938402235507,1750452491
,,-0.586825430393219,1750452491
,,0.5546041131019592,1750452492
,,0.3246863186359405,1750452492
,,-0.6003634929656982,1750452492
,,0.5973445773124695,1750452492
,,0.9779204726219176,1750452493
,,0.2590578496456146,1750452493
,,0.4446783661842346,1750452493
,,0.0765063911676406,1750452493
,,-0.0333768390119075,1750452495
,,-0.0581399463117122,1750452495
,,-0.5066686868667603,1750452495
,,0.436262845993042,1750452495
,,-2.242332935333252,1750452495
,,-0.1953752934932708,1750452495
,,0.2586244344711303,1750452497
,,-0.7833244800567627,1750452497
,,0.6113051772117615,1750452497
,,0.4867561757564544,1750452497
,,0.2439721673727035,1750452497
,,-0.2687231302261352,1750452498
,,0.2492628693580627,1750452499
,,-0.8771573305130005,1750452499
,,-0.284712553024292,1750452500
,,1.0911061763763428,1750452501
,,-0.6481205821037292,1750452503
,,-0.6246945261955261,1750452504
,,1.6191728115081787,1750452504
,,0.1075850203633308,1750452505
,,-0.0013369056396186,1750452505
,,0.8392879962921143,1750452506
,,0.1406734138727188,1750452506
,,-0.0526710413396358,1750452507
,,-0.531389057636261,1750452507
,,0.267955482006073,1750452507
,,0.0899710804224014,1750452508
,,0.6259554028511047,1750452508
,,-0.2732162475585937,1750452508
,,0.279243141412735,1750452509
,,-0.1004896834492683,1750452509
,,0.2700600028038025,1750452509
,,-0.0003474161785561,1750452510
,,-0.3995829820632934,1750452510
,,1.337677001953125,1750452513
,,0.1543461680412292,1750452513
,,0.0171150788664817,1750452514
,,-0.577536940574646,1750452515
,,-0.941734254360199,1750452515
,,0.1942470222711563,1750452515
,,-0.3075115382671356,1750452515
,,-0.4783407151699066,1750452517
,,0.9627723097801208,1750452518
,,-0.810674786567688,1750452519
,,0.0423611477017402,1750452519
,,1.90824031829834,1750452520
,,-1.7609692811965942,1750452521
,,-0.3447470963001251,1750452521
,,-0.465612530708313,1750452521
,,0.3887173235416412,1750452521
,,-0.2279833257198333,1750452522
,,0.4078638851642608,1750452522
,,0.26711505651474,1750452523
,,-0.668454647064209,1750452523
,,0.0712465345859527,1750452524
,,0.8700015544891357,1750452524
,,-0.6752609610557556,1750452524
,,-0.0528805069625377,1750452525
,,1.187883377075195,1750452525
,,0.1185842603445053,1750452525
,,-0.391241192817688,1750452526
,,0.566386878490448,1750452526
,,0.6356344819068909,1750452526
,,0.9305936098098756,1750452527
,,-0.1820139735937118,1750452530
,,-0.2941488027572632,1750452530
,,0.3175328969955444,1750452530
,,0.6429883241653442,1750452531
,,-0.0519224666059017,1750452531
,,-0.2763707041740417,1750452531
,,0.9274262189865112,1750452532
,,-0.1828551590442657,1750452532
,,-0.0712468028068542,1750452533
,,-0.6802363395690918,1750452534
,,1.6351606845855713,1750452535
,,-0.6945425271987915,1750452535
,,0.2216732203960418,1750452537
,,0.3764507174491882,1750452537
,,0.6335310935974121,1750452537
,,-0.1217390149831771,1750452537
,,0.2516948878765106,1750452539
,,0.9444793462753296,1750452539
,,-0.8578007817268372,1750452539
,,-0.3758838176727295,1750452539
,,0.6199296712875366,1750452539
,,0.072298489511013,1750452540
,,-1.9137097597122192,1750452540
,,-0.0481050908565521,1750452540
,,1.0734351873397827,1750452541
,,-0.1934061348438263,1750452541
,,-2.01763916015625,1750452542
,,1.516082763671875,1750452542
,,0.654150128364563,1750452542
,,0.397055983543396,1750452542
,,0.6492778658866882,1750452542
,,-0.3037208914756775,1750452543
,,-0.3730750381946563,1750452543
,,0.4706922471523285,1750452543
,,-0.3863384425640106,1750452544
,,0.207260712981224,1750452544
,,0.1248945072293281,1750452544
,,0.551899790763855,1750452544
,,0.4034734666347503,1750452544
,,1.772331476211548,1750452544
,,0.3899794220924377,1750452544
,,0.303722083568573,1750452545
,,0.2527458369731903,1750452545
,,0.608284592628479,1750452545
,,0.6105675101280212,1750452545
,,0.4120694398880005,1750452546
,,0.3991613984107971,1750452546
,,1.7963162660598757,1750452546
,,-0.4230422973632812,1750452547
,,-0.311221182346344,1750452548
,,-1.123927116394043,1750452548
,,-0.3173964321613312,1750452549
,,-2.5848381519317627,1750452550
,,-0.6598177552223206,1750452550
,,-0.061779461801052,1750452551
,,0.5679643750190735,1750452551
,,-0.8624255657196045,1750452552
,,-0.8401286005973816,1750452553
,,0.2054097056388855,1750452553
,,0.6196452975273132,1750452554
,,-0.0328938700258731,1750452555
,,0.8510681390762329,1750452555
,,0.0701939463615417,1750452555
,,0.4519359767436981,1750452555
,,0.392429918050766,1750452555
,,0.2190833389759063,1750452555
,,-1.0040066242218018,1750452556
,,-0.5075099468231201,1750452556
,,0.4012644588947296,1750452557
,,1.391714334487915,1750452557
,,-0.4336764812469482,1750452557
,,-2.0420455932617188,1750452558
,,-0.5085622072219849,1750452558
,,1.224909782409668,1750452558
,,0.6029935479164124,1750452558
,,-0.4282719194889068,1750452558
,,0.2847865223884582,1750452561
,,-0.3540015518665313,1750452561
,,-0.465643048286438,1750452561
,,-0.5005668997764587,1750452562
,,0.143829196691513,1750452562
,,-1.3890098333358765,1750452563
,,0.0991527661681175,1750452563
,,-1.6225374937057495,1750452563
,,0.5347242951393127,1750452564
,,0.266693115234375,1750452565
,,-0.5754635334014893,1750452565
,,0.1469843834638595,1750452566
,,-0.0150109818205237,1750452566
,,-0.7568147778511047,1750452567
,,-0.2195669263601303,1750452568
,,0.2114973664283752,1750452568
,,-0.0023885883856564,1750452568
,,0.4173290431499481,1750452569
,,-0.4007398188114166,1750452570
,,2.4855360984802246,1750452571
,,-0.4149404466152191,1750452571
,,-0.612565815448761,1750452571
,,-0.256952702999115,1750452571
,,0.0863307192921638,1750452572
,,0.4125213623046875,1750452572
,,0.4821275472640991,1750452573
,,0.5914535522460938,1750452573
,,0.4938354194164276,1750452574
,,0.3428526520729065,1750452574
,,-0.7841679453849792,1750452574
,,0.3005657792091369,1750452574
,,0.226931631565094,1750452574
,,0.0100256092846393,1750452575
,,0.5767264366149902,1750452575
,,0.7925813794136047,1750452575
,,-0.7946841716766357,1750452575
,,0.2027364820241928,1750452576
,,-0.3176057934761047,1750452578
,,-0.406810462474823,1750452578
,,0.0602440424263477,1750452578
,,-2.5385513305664062,1750452579
,,-0.0108034601435065,1750452579
,,-0.3957962691783905,1750452579
,,-0.5317045450210571,1750452579
,,0.5367542505264282,1750452579
,,-0.0007685149903409,1750452580
,,1.800524115562439,1750452580
,,0.2994390428066253,1750452580
,,0.9941288232803344,1750452580
,,-0.2700594067573547,1750452581
,,0.4854947328567505,1750452581
,,0.6197521090507507,1750452581
,,-1.8783633708953855,1750452581
,,-0.0644515603780746,1750452582
,,-0.3899800181388855,1750452582
,,-0.7248377799987793,1750452582
,,-0.4289004206657409,1750452583
,,0.561579167842865,1750452583
,,-1.4361377954483032,1750452583
,,1.0294744968414309,1750452584
,,-0.5204173922538757,1750452584
,,0.143345758318901,1750452584
,,1.681865930557251,1750452585
,,-0.469851404428482,1750452586
,,0.108064204454422,1750452586
,,-0.1885783821344375,1750452586
,,0.2174638509750366,1750452587
,,-0.7340946793556213,1750452587
,,0.5123537182807922,1750452588
,,-0.1338788568973541,1750452588
,,-0.6286920309066772,1750452588
,,1.5068265199661257,1750452589
,,0.0291689354926347,1750452589
,,0.8127781748771667,1750452589
,,-0.357158362865448,1750452591
,,-0.3657824993133545,1750452592
,,0.1286186724901199,1750452593
,,0.109682522714138,1750452593
,,-0.7862699627876282,1750452593
,,-0.1585559844970703,1750452594
,,0.2717742919921875,1750452595
,,-2.700127124786377,1750452595
,,-1.0582855939865112,1750452595
,,0.6495187878608704,1750452595
,,-0.4520427882671356,1750452596
,,2.5646393299102783,1750452596
,,0.1827509850263595,1750452596
,,-0.1517614126205444,1750452597
,,-0.679393470287323,1750452597
,,0.2108673602342605,1750452597
,,-0.042361918836832,1750452597
,,-0.7483989596366882,1750452597
,,1.666296124458313,1750452598
,,-0.9133424162864684,1750452598
,,-0.0244783256202936,1750452599
,,0.2868922054767608,1750452599
,,-0.6709799766540527,1750452599
,,-0.258276104927063,1750452599
,,-0.7130566835403442,1750452600
,,0.3638164699077606,1750452601
,,0.2069449722766876,1750452601
,,0.4500447511672973,1750452601
,,0.763550341129303,1750452601
,,-0.467326819896698,1750452602
,,0.3428530395030975,1750452602
,,0.5725194215774536,1750452603
,,0.818248450756073,1750452603
,,-0.6259565949440002,1750452603
,,1.0073730945587158,1750452603
,,-0.0912340581417083,1750452604
,,0.4892818629741668,1750452605
,,0.449654221534729,1750452605
,,-2.085383892059326,1750452605
,,0.6423665285110474,1750452605
,,-0.5295997262001038,1750452606
,,1.115930438041687,1750452606
,,1.0502899885177612,1750452607
,,1.5737286806106567,1750452607
,,-0.6727359294891357,1750452607
,,-0.943637490272522,1750467514
,,0.0518299974501132,1750467514
,,-0.5215019583702087,1750467514
,,0.1821192055940628,1750467515
,,-0.6756086945533752,1750467515
,,-0.3411072790622711,1750467516
,,0.0297370310872793,1750467517
,,0.3234235048294067,1750467517
,,-0.8287686109542847,1750467518
,,-0.52960205078125,1750467518
,,-0.4994811713695526,1750467518
,,-0.3874852061271667,1750467518
,,0.3489538133144378,1750467519
,,-0.3025952577590942,1750467519
,,-0.3507432043552398,1750467520
,,-0.8211939334869385,1750467520
,,0.0739187076687812,1750467520
,,-0.5056169629096985,1750467520
,,-0.1880088150501251,1750467520
,,-0.4299835562705993,1750467520
,,0.2626964747905731,1750467521
,,-0.03373484313488,1750467522
,,0.1822670400142669,1750467522
,,0.2511232793331146,1750467522
,,-0.6357081532478333,1750467522
,,0.547693133354187,1750467522
,,-1.0953137874603271,1750467523
,,-0.3710441291332245,1750467524
,,2.024794101715088,1750467524
,,-0.0991633459925651,1750467525
,,0.0379433296620845,1750467525
,,1.0515552759170532,1750467526
,,1.7727513313293457,1750467526
,,-0.7244174480438232,1750467526
,,-0.2451617866754531,1750467526
,,1.588456630706787,1750467526
,,1.258151650428772,1750467527
,,-0.6703370809555054,1750467528
,,-0.7900566458702087,1750467528
,,2.48974347114563,1750467528
,,0.6510672569274902,1750467529
,,0.3267904222011566,1750467529
,,0.5143162608146667,1750467529
,,1.3170592784881592,1750467531
,,-0.5729416608810425,1750467532
,,0.396712064743042,1750467532
,,-0.6617223620414734,1750467532
,,-0.4068100154399872,1750467533
,,-0.0122760171070694,1750467533
,,0.0554680451750755,1750467533
,,-0.4898062348365783,1750467534
,,0.2026613503694534,1750467534
,,-0.4643830358982086,1750467534
,,-0.4631194770336151,1750467536
,,0.2312754094600677,1750467536
,,-0.2805058062076568,1750467536
,,-1.675554633140564,1750467537
,,-0.2645161747932434,1750467537
,,-0.4595424830913543,1750467537
,,-0.7744879722595215,1750467538
,,-0.2953061461448669,1750467540
,,-0.0525213368237018,1750467541
,,0.640653133392334,1750467541
,,0.1786786615848541,1750467542
,,0.8712645173072815,1750467542
,,-0.669791579246521,1750467543
,,0.7921611666679382,1750467543
,,-0.0526701211929321,1750467543
,,-0.1738515943288803,1750467543
,,0.000767632969655,1750467544
,,-0.3627765476703644,1750467544
,,0.0549840182065963,1750467544
,,2.013012170791626,1750467544
,,-0.4050533473491668,1750467544
,,-0.0131178833544254,1750467544
,,0.1233585029840469,1750467545
,,-0.4315613806247711,1750467545
,,0.0807138532400131,1750467546
,,-0.0967032834887504,1750467547
,,-0.805203914642334,1750467547
,,0.4290360510349273,1750467548
,,0.071814902126789,1750467548
,,0.212835431098938,1750467549
,,0.7392172813415527,1750467550
,,-0.6230117678642273,1750467550
,,-0.304290771484375,1750467551
,,-0.2700591385364532,1750467552
,,2.4621710777282715,1750467553
,,-0.0612963140010833,1750467553
,,0.1233585029840469,1750467553
,,-1.4866299629211426,1750467553
,,0.3217409551143646,1750467553
,,1.2766658067703247,1750467554
,,-0.0328938402235507,1750467555
,,-0.776170551776886,1750467555
,,-0.4648023545742035,1750467556
,,1.2859220504760742,1750467558
,,-0.8725274801254272,1750467559
,,0.0129080554470419,1750467559
,,0.3122414648532867,1750467559
,,-0.2174641489982605,1750467559
,,-2.576421976089477,1750467560
,,-0.7176845073699951,1750467560
,,0.5969977378845215,1750467560
,,0.3860872685909271,1750467560
,,-0.020754300057888,1750467560
,,0.7757507562637329,1750467560
,,0.2396903336048126,1750467561
,,1.943584680557251,1750467562
,,0.480582594871521,1750467563
,,0.4480461478233337,1750467564
,,-0.6806572675704956,1750467565
,,-0.2081017047166824,1750467566
,,-0.1696428060531616,1750467566
,,0.235062301158905,1750467566
,,0.1054765954613685,1750467566
,,0.4326148331165313,1750467566
,,-1.8001019954681396,1750467567
,,-0.6601133942604065,1750467567
,,-0.4193584620952606,1750467568
,,-0.2590560913085937,1750467568
,,-0.0291696209460496,1750467569
,,-0.7366191744804382,1750467569
,,-0.520344078540802,1750467570
,,0.5796713829040527,1750467570
,,-0.782903790473938,1750467571
,,-0.0449482724070549,1750467572
,,-0.4030550420284271,1750467573
,,-0.5371432304382324,1750467574
,,-0.7404057383537292,1750467574
,,-0.6352877020835876,1750467575
,,0.5817763805389404,1750467575
,,0.4839473068714142,1750467575
,,0.0147261209785938,1750467576
,,2.6880507469177246,1750467576
,,-0.2473385035991668,1750467576
,,-0.4290360510349273,1750467577
,,0.4307931661605835,1750467577
,,0.5426447987556458,1750467577
,,0.3798822164535522,1750467577
,,-0.1570207476615905,1750467577
,,-1.2118664979934692,1750467578
,,0.0354813784360885,1750467579
,,-2.013432264328003,1750467579
,,-0.7134769558906555,1750467580
,,2.2162439823150635,1750467581
,,-0.8502273559570312,1750467581
,,0.4770049750804901,1750467582
,,0.5161056518554688,1750467582
,,0.2237754017114639,1750467582
,,-1.8644804954528809,1750467582
,,0.0575725510716438,1750467582
,,2.259580612182617,1750467583
,,-0.7084279656410217,1750467583
,,2.2191853523254395,1750467583
,,-2.2520077228546143,1750467583
,,0.0339458175003528,1750467584
,,-0.5292534232139587,1750467584
,,0.068239077925682,1750467585
,,-0.123356744647026,1750467585
,,0.289561927318573,1750467585
,,0.3806480765342712,1750467586
,,-1.0730115175247192,1750467587
,,0.797630250453949,1750467587
,,-0.4515592455863952,1750467587
,,-0.3116431534290313,1750467587
,,0.3120627701282501,1750467587
,,0.1968447864055633,1750467588
,,0.4134685695171356,1750467588
,,0.6128815412521362,1750467588
,,0.0333768390119075,1750467589
,,-0.4299503862857818,1750467589
,,0.1075797453522682,1750467589
,,-0.0829652622342109,1750467589
,,-0.5838799476623535,1750467589
,,-1.607811450958252,1750467590
,,-0.4559777677059173,1750467590
,,0.1838009059429168,1750467591
,,1.1617947816848757,1750467591
,,-0.8380249738693237,1750467592
,,0.1389160007238388,1750467592
,,-0.3579283356666565,1750467593
,,0.058140680193901,1750467593
,,0.5592337250709534,1750467593
,,0.3510580658912658,1750467594
,,-0.1080639138817787,1750467594
,,-0.3289676010608673,1750467594
,,0.4345069229602813,1750467595
,,-0.0407397896051406,1750467595
,,0.8506481051445007,1750467595
,,1.466505765914917,1750467596
,,0.3874549567699432,1750467596
,,-0.6215385794639587,1750467598
,,-0.3587684631347656,1750467598
,,1.6465215682983398,1750467598
,,-0.6560307741165161,1750467599
,,-2.260422945022583,1750467599
,,0.651203989982605,1750467599
,,-0.597628653049469,1750467599
,,-0.0175980795174837,1750467600
,,-1.025887131690979,1750467600
,,1.8307442665100095,1750467602
,,0.0891292244195938,1750467602
,,0.2666930854320526,1750467603
,,0.2708276510238647,1750467603
,,-0.2443307638168335,1750467603
,,0.2968104183673858,1750467604
,,0.2831039428710937,1750467604
,,-1.605289101600647,1750467606
,,-0.0943885147571563,1750467606
,,0.1538649350404739,1750467607
,,-0.5911068320274353,1750467607
,,0.0276342537254095,1750467607
,,0.0365324728190898,1750467608
,,-1.445783615112305,1750467609
,,1.121822476387024,1750467609
,,-0.7311494946479797,1750467609
,,-1.3536652326583862,1750467610
,,-1.5867713689804075,1750467610
,,0.1333101689815521,1750467611
,,0.5102450847625732,1750467613
,,-1.0780633687973022,1750467613
,,-0.1722309291362762,1750467613
,,0.710288405418396,1750467613
,,-0.4110494554042816,1750467614
,,-1.7727519273757937,1750467614
,,0.8552756309509277,1750467614
,,-0.1324691325426101,1750467617
,,0.5670491456985474,1750467617
,,-0.2853551805019378,1750467617
,,-2.186368227005005,1750467617
,,-0.0192188844084739,1750467617
,,-2.334678173065185,1750467618
,,0.31424081325531,1750467618
,,-0.3600419759750366,1750467619
,,0.4250535070896148,1750467619
,,0.3946075141429901,1750467620
,,-0.5437686443328857,1750467620
,,0.4120697379112243,1750467621
,,0.4004984200000763,1750467622
,,1.319163203239441,1750467622
,,1.413594126701355,1750467622
,,-0.1385696083307266,1750467623
,,-2.198991060256958,1750467624
,,-0.4194335639476776,1750467624
,,-0.0286853499710559,1750467625
,,-1.341886043548584,1750467625
,,1.002323865890503,1750467625
,,0.3223706483840942,1750467625
,,1.6885985136032104,1750467626
,,-0.5736764669418335,1750467627
,,0.0891312807798385,1750467627
,,-1.216076135635376,1750467627
,,0.4635399878025055,1750467627
,,1.3048582077026367,1750467628
,,1.4285638332366943,1750467629
,,2.591569185256958,1750467629
,,-0.1501408964395523,1750467631
,,0.2475802302360534,1750467631
,,0.5716798901557922,1750467632
,,0.5148739218711853,1750467632
,,0.0016086003743112,1750467633
,,0.0972712710499763,1750467636
,,-0.060245219618082,1750467636
,,-2.002913475036621,1750467636
,,-0.3949543833732605,1750467636
,,0.6078320741653442,1750467637
,,-0.4073773622512817,1750467637
,,-0.8464399576187134,1750467637
,,-1.3418813943862915,1750467638
,,-0.5657870769500732,1750467639
,,2.443235158920288,1750467639
,,0.3971320390701294,1750467639
,,0.2097860425710678,1750467639
,,-0.6078643798828125,1750467640
,,-0.3663547039031982,1750467641
,,0.354213684797287,1750467641
,,-0.6533082723617554,1750467642
,,0.1964592486619949,1750467642
,,0.2536491751670837,1750467642
,,0.5704140067100525,1750467643
,,0.8296089172363281,1750467643
,,2.024371862411499,1750467643
,,0.3131878077983856,1750467643
,,0.4976219236850738,1750467643
,,0.9806653261184692,1750467644
,,0.3689717352390289,1750467644
,,0.2096158415079116,1750467644
,,-2.35908317565918,1750467644
,,-0.5279176831245422,1750467644
,,-0.2125511169433593,1750467645
,,0.7075859904289246,1750467645
,,0.3976903855800628,1750467646
,,0.7568123936653137,1750467647
,,1.6267447471618652,1750467648
,,-0.131553053855896,1750467648
,,-0.0455169640481472,1750467648
,,0.077558659017086,1750467648
,,1.6928040981292725,1750467649
,,0.8397071361541748,1750467649
,,0.895250141620636,1750467649
,,-0.6411047577857971,1750467649
,,-0.4744796454906463,1750467650
,,0.7096899747848511,1750467650
,,-0.551344633102417,1750467651
,,-0.6394952535629272,1750467651
,,1.379752516746521,1750467652
,,-0.4064190089702606,1750467652
,,-0.6185930371284485,1750467652
,,-0.5633672475814819,1750467653
,,0.6760277152061462,1750467653
,,-0.5012723207473755,1750467653
,,-0.2321912199258804,1750467653
,,0.3167642056941986,1750467653
,,-0.9522528648376464,1750467653
,,0.5733607411384583,1750467655
,,-0.35919189453125,1750467655
,,-0.7336730360984802,1750467655
,,0.6283763647079468,1750467656
,,-0.3700983822345733,1750467656
,,0.6802363395690918,1750467656
,,-0.1862528771162033,1750467656
,,-0.1932684034109115,1750467656
,,-0.3289676010608673,1750467657
,,-0.5730133056640625,1750467657
,,-0.757235586643219,1750467657
,,-0.3586319983005523,1750467658
,,0.2211776077747345,1750467658
,,-0.4682441055774688,1750467659
,,0.0685115903615951,1750467660
,,-0.3026695847511291,1750467660
,,0.8098326325416565,1750467661
,,1.2770872116088867,1750467661
,,-0.8249799013137817,1750467662
,,-0.9903447031974792,1750467662
,,0.1838017851114273,1750467663
,,-1.6179091930389404,1750467663
,,-0.7395641207695007,1750467664
,,-0.6566713452339172,1750467664
,,-0.177490234375,1750467665
,,0.0244784597307443,1750467665
,,0.0617757923901081,1750467665
,,0.4483918249607086,1750467666
,,-0.7517670392990112,1750467667
,,1.3107472658157349,1750467667
,,-0.0396881066262722,1750467669
,,1.6860737800598145,1750467669
,,0.4749749600887298,1750467670
,,0.0823358371853828,1750467670
,,0.1806470304727554,1750467670
,,0.2516948878765106,1750467670
,,-0.1448811739683151,1750467670
,,0.291098952293396,1750467671
,,0.1668982803821563,1750467671
,,-0.3773562610149383,1750467671
,,-0.5442225337028503,1750467671
,,-0.9514101147651672,1750467672
,,0.4379469752311706,1750467672
,,0.6007106900215149,1750467673
,,-0.1743351817131042,1750467673
,,-0.5607373118400574,1750467673
,,0.5109813213348389,1750467674
,,0.4783407151699066,1750467675
,,0.4820540845394134,1750467675
,,-0.1706961095333099,1750467675
,,-0.4614351391792297,1750467675
,,-1.359140157699585,1750467675
,,-3.1117653846740723,1750467675
,,-0.0812812149524688,1750467675
,,-0.490542471408844,1750467675
,,0.7568147778511047,1750467676
,,0.6878836154937744,1750467676
,,-0.56207275390625,1750467677
,,-0.2390705943107605,1750467677
,,1.7096375226974487,1750467677
,,-0.3318375647068023,1750467678
,,0.3636810481548309,1750467679
,,1.6818660497665403,1750467679
,,-1.968828558921814,1750467679
,,0.4067353308200836,1750467679
,,0.5187348127365112,1750467679
,,1.1007843017578125,1750467680
,,1.563630223274231,1750467681
,,2.088330030441284,1750467681
,,0.4394198060035705,1750467682
,,-1.4159395694732666,1750467682
,,0.0733507573604583,1750467683
,,-0.543066143989563,1750467683
,,0.2136036902666092,1750467683
,,-0.1196344792842865,1750467683
,,-0.4383668005466461,1750467683
,,-1.609777569770813,1750467684
,,0.2763713002204895,1750467685
,,0.5570559501647949,1750467685
,,-0.3959015905857086,1750467685
,,-0.1791106015443802,1750467685
,,-0.8119360208511353,1750467685
,,1.529125452041626,1750467686
,,0.6845493316650391,1750467686
,,-0.7084277272224426,1750467686
,,0.8266633749008179,1750467688
,,-0.2561008632183075,1750467688
,,1.2543634176254272,1750467688
,,-0.2628331184387207,1750467688
,,0.6836758852005005,1750467688
,,-0.6663501262664795,1750467689
,,0.0228576641529798,1750467689
,,1.851016640663147,1750467690
,,0.4493381679058075,1750467692
,,-0.2508538961410522,1750467692
,,0.9566817283630372,1750467692
,,-0.034428521990776,1750467693
,,-2.008384704589844,1750467693
,,0.0147992838174104,1750467694
,,0.6622161865234375,1750467695
,,-0.4338444769382477,1750467695
,,-0.2369672209024429,1750467696
,,-0.1269245147705078,1750467696
,,0.49306720495224,1750467696
,,-0.083386056125164,1750467697
,,-2.0601372718811035,1750467697
,,0.2258048355579376,1750467698
,,0.5991013050079346,1750467698
,,0.497622549533844,1750467699
,,-1.3174813985824585,1750467699
,,-0.0249627903103828,1750467699
,,-0.7757503390312195,1750467701
,,2.901801347732544,1750467701
,,-0.5822688937187195,1750467702
,,0.3063935339450836,1750467702
,,2.5090982913970947,1750467703
,,1.426112174987793,1750467704
,,2.012591361999512,1750467704
,,0.9781407713890076,1750467704
,,2.49605393409729,1750467705
,,0.1243990063667297,1750467705
,,0.6861268877983093,1750467706
,,0.0455181412398815,1750467707
,,-0.011856080032885,1750467707
,,0.1805836707353592,1750467708
,,0.621191143989563,1750467708
,,-0.3321239650249481,1750467709
,,-0.2274874150753021,1750467709
,,-2.220029830932617,1750467710
,,0.2215969264507293,1750467711
,,0.1422917246818542,1750467711
,,0.6911762952804565,1750467712
,,0.1490888595581054,1750467712
,,-0.3239188194274902,1750467712
,,-0.0438983589410781,1750467712
,,0.279738187789917,1750467712
,,-0.1951630711555481,1750467713
,,-0.5266565084457397,1750467713
,,0.7152357697486877,1750467713
,,-0.1056864857673645,1750467714
,,1.0220999717712402,1750467714
,,0.3393812775611877,1750467714
,,0.3601361811161041,1750467715
,,-0.6121461987495422,1750467716
,,0.4374542236328125,1750467716
,,-0.3659960925579071,1750467717
,,0.4509171545505523,1750467717
,,0.5237086415290833,1750467718
,,0.9770783185958862,1750467718
,,0.6299541592597961,1750467718
,,0.3298091888427734,1750467718
,,1.1306581497192385,1750467720
,,0.5173985362052917,1750467720
,,-1.0128430128097534,1750467720
,,0.2332434952259063,1750467721
,,0.4033693075180053,1750467722
,,-0.1938406080007553,1750467722
,,-2.596618413925171,1750467722
,,0.2164119184017181,1750467722
,,-0.5994482636451721,1750467723
,,-0.180162563920021,1750467724
,,0.3180277943611145,1750467724
,,-0.8565379977226257,1750467724
,,-0.4210416078567505,1750467724
,,-1.1028894186019895,1750467725
,,-0.4219575822353363,1750467725
,,0.1238420903682708,1750467726
,,0.4482844173908233,1750467727
,,0.964255690574646,1750467728
,,-0.4042117595672607,1750467729
,,0.4467092454433441,1750467729
,,-2.2208685874938965,1750467729
,,1.8354462385177608,1750467729
,,1.8001023530960083,1750467729
,,0.3050890564918518,1750467730
,,-0.4232200980186462,1750467731
,,0.1675399988889694,1750467731
,,0.4446739554405212,1750467732
,,-0.8102534413337708,1750467732
,,0.3583473563194275,1750467733
,,-0.417644202709198,1750467734
,,0.3444601595401764,1750467734
,,0.2769399583339691,1750467734
,,0.1406739950180053,1750467734
,,0.1499617248773574,1750467735
,,-0.0861839577555656,1750467735
,,-2.514988899230957,1750467736
,,0.4635390937328338,1750467736
,,-0.2743741571903229,1750467737
,,-2.4865760803222656,1750467738
,,2.3462605476379395,1750467739
,,-0.5577926635742188,1750467740
,,0.472059965133667,1750467740
,,0.174052894115448,1750467741
,,0.0591920688748359,1750467742
,,0.2245418727397918,1750467743
,,-0.3615770936012268,1750467743
,,-0.6386530995368958,1750467744
,,0.5077220797538757,1750467744
,,0.4326136410236358,1750467744
,,0.931854784488678,1750467746
,,-0.0586254373192787,1750467746
,,0.8977737426757812,1750467746
,,0.1427775174379348,1750467747
,,2.1480813026428223,1750467747
,,-1.2728784084320068,1750467747
,,0.4294568598270416,1750467747
,,-0.4077559113502502,1750467748
,,-0.6747661232948303,1750467748
,,-0.580092191696167,1750467749
,,-0.388716459274292,1750467749
,,-0.6638277173042297,1750467751
,,1.9440054893493648,1750467751
,,-2.327746868133545,1750467752
,,0.4807927012443542,1750467752
,,0.5565294027328491,1750467752
,,-0.4665590226650238,1750467752
,,-0.020754300057888,1750467752
,,0.721891462802887,1750467753
,,-1.2430038452148438,1750467753
,,-0.9672011733055116,1750467754
,,-0.6974875926971436,1750467754
,,-1.8350259065628047,1750467755
,,-0.7349365949630737,1750467755
,,-0.5699949860572815,1750467755
,,-0.8914622664451599,1750467755
,,-0.6625638008117676,1750467755
,,-0.4909632503986358,1750467756
,,-0.7564690709114075,1750467758
,,0.2940750122070312,1750467760
,,0.453094482421875,1750467760
,,-2.0912749767303467,1750467760
,,0.6807321310043335,1750467760
,,0.3184497356414795,1750467761
,,0.0234267152845859,1750467761
,,0.1406734734773636,1750467761
,,-0.6503618359565735,1750467761
,,0.4547038674354553,1750467762
,,-0.7728036642074585,1750467762
,,2.265895128250122,1750467763
,,0.1997170150279998,1750467764
,,-0.4412392079830169,1750467764
,,-0.1033712476491928,1750467764
,,-0.2022534757852554,1750467765
,,-0.6486783623695374,1750467765
,,-0.2611629664897918,1750467767
,,1.8796274662017824,1750467767
,,0.1044258698821067,1750467767
,,-0.6999809145927429,1750467767
,,-0.387380450963974,1750467767
,,-0.4516219794750213,1750467768
,,0.0975435674190521,1750467768
,,0.4699248969554901,1750467768
,,0.806047260761261,1750467768
,,0.978560209274292,1750467769
,,0.6129869222640991,1750467769
,,-0.3978998959064483,1750467770
,,1.3507206439971924,1750467772
,,-1.0919475555419922,1750467772
,,0.1049082800745964,1750467772
,,-0.4669066071510315,1750467772
,,-0.8039423227310181,1750467774
,,-0.3529504239559173,1750467774
,,0.4783407151699066,1750467774
,,0.7694396376609802,1750467774
,,0.4244820773601532,1750467774
,,1.9608359336853027,1750467774
,,0.599102258682251,1750467775
,,-0.4956242442131042,1750467775
,,0.4821266531944275,1750467775
,,0.4361894726753235,1750467775
,,-0.5075840353965759,1750467776
,,-0.2434774488210678,1750467776
,,0.4518320858478546,1750467776
,,-0.620772123336792,1750467776
,,0.3331753611564636,1750467778
,,-0.1159955486655235,1750467779
,,-0.4737117290496826,1750467780
,,-1.5674155950546265,1750467780
,,-0.3575799465179443,1750467781
,,0.3415914475917816,1750467781
,,0.6659299731254578,1750467781
,,-0.4047070741653442,1750467783
,,-0.6894935965538025,1750467783
,,-0.8817854523658752,1750467784
,,-0.58574378490448,1750467785
,,0.8586449027061462,1750467785
,,-0.1206879243254661,1750467786
,,0.8384453058242798,1750467787
,,0.5637885928153992,1750467789
,,1.5514285564422607,1750467789
,,0.237449049949646,1750467789
,,-0.5333563089370728,1750467790
,,2.102635622024536,1750467790
,,-0.1479621231555938,1750467790
,,0.3663417994976043,1750467790
,,-0.723259687423706,1750467791
,,0.0333780124783515,1750467792
,,-0.5716776251792908,1750467793
,,0.351615309715271,1750467793
,,-0.3184488713741302,1750467793
,,-0.9646761417388916,1750467793
,,-0.177490234375,1750467793
,,0.3841928243637085,1750467794
,,1.2947592735290527,1750467795
,,-0.7749099731445312,1750467796
,,0.142777070403099,1750467796
,,-0.9299513697624208,1750467797
,,-2.1017966270446777,1750467797
,,-0.4197809994220733,1750467797
,,-0.238502636551857,1750467797
,,-0.1896309405565261,1750467798
,,0.177006646990776,1750467798
,,-0.1202028691768646,1750467798
,,-0.1627638936042785,1750467798
,,0.4070204198360443,1750467799
,,-0.4246186316013336,1750467799
,,0.5481880903244019,1750467800
,,0.5651564598083496,1750467801
,,-0.1738404482603073,1750467802
,,0.4906483292579651,1750467802
,,-1.882152438163757,1750467802
,,0.4278485178947449,1750467803
,,-0.2300872653722763,1750467804
,,-0.0718172490596771,1750467804
,,0.1617108732461929,1750467805
,,-0.1092505753040313,1750467805
,,-0.3797016143798828,1750467805
,,0.1580751836299896,1750467806
,,2.110630750656128,1750467807
,,-0.2720905840396881,1750467807
,,0.8737901449203491,1750467808
,,0.6727361679077148,1750467809
,,0.3272839784622192,1750467809
,,-0.5341979265213013,1750467809
,,-0.4173313677310943,1750467809
,,-0.2499964535236358,1750467810
,,0.1808588951826095,1750467811
,,-0.2236697822809219,1750467811
,,-0.0239099338650703,1750467812
,,-0.0234292838722467,1750467812
,,-0.4446058869361877,1750467812
,,0.0133901732042431,1750467813
,,-0.2392698526382446,1750467813
,,-0.3190172612667084,1750467814
,,0.0928579419851303,1750467814
,,0.4342651069164276,1750467814
,,0.5403313040733337,1750467816
,,-1.9166549444198608,1750467817
,,-0.2969163656234741,1750467817
,,-0.2241967916488647,1750467817
,,-0.0065953182056546,1750467817
,,0.7160753011703491,1750467817
,,0.4518314898014068,1750467817
,,0.3468501567840576,1750467818
,,-0.402601957321167,1750467818
,,0.3547822833061218,1750467819
,,0.2296655923128128,1750467819
,,0.3246859014034271,1750467820
,,-0.80941241979599,1750467820
,,0.5935577750205994,1750467823
,,0.6587770581245422,1750467824
,,-1.3359935283660889,1750467824
,,0.4570910930633545,1750467824
,,0.1827474683523178,1750467824
,,0.1564507037401199,1750467824
,,-0.0512601397931575,1750467825
,,2.026896715164185,1750467826
,,0.2033053785562515,1750467826
,,-0.2300869077444076,1750467826
,,-0.9225983023643494,1750467829
,,-2.001232385635376,1750467829
,,0.427770733833313,1750467830
,,-0.6125652194023132,1750467831
,,1.2669870853424072,1750467831
,,0.9453230500221252,1750467831
,,0.7152329087257385,1750467832
,,0.0276360120624303,1750467833
,,-0.583953857421875,1750467834
,,-1.4563339948654177,1750467834
,,-0.6461533904075623,1750467834
,,-0.0018193165306001,1750467835
,,-1.9414801597595213,1750467836
,,2.2940847873687744,1750467836
,,1.6540961265563965,1750467836
,,0.279527336359024,1750467837
,,-0.0375847443938255,1750467838
,,1.4636353254318235,1750467839
,,0.5106670260429382,1750467840
,,0.4078627228736877,1750467840
,,0.1317743062973022,1750467841
,,0.4778477549552917,1750467842
,,0.5404040813446045,1750467843
,,-1.004847526550293,1750467843
,,1.1870416402816772,1750467843
,,-0.5207648277282715,1750467844
,,0.6246947646141052,1750467844
,,-2.347722053527832,1750467844
,,-0.2236691862344741,1750467844
,,1.6103357076644895,1750467845
,,0.5583178997039795,1750467845
,,1.0443994998931885,1750467845
,,0.0491556003689765,1750467847
,,-0.6512031555175781,1750467847
,,0.2838733196258545,1750467847
,,0.7762439250946045,1750467847
,,-0.4824734926223755,1750467848
,,0.9099748730659484,1750467848
,,-0.5907921195030212,1750467848
,,-0.3562124669551849,1750467848
,,0.3628707230091095,1750467849
,,-0.8094130158424377,1750467849
,,-0.6213284730911255,1750467849
,,0.650016188621521,1750467849
,,1.9848201274871824,1750467850
,,-0.2331789582967758,1750467850
,,-1.449599027633667,1750467852
,,-0.3831833899021148,1750467852
,,-0.3187637329101562,1750467853
,,0.7109525799751282,1750467853
,,-1.7020639181137085,1750467853
,,0.376334547996521,1750467854
,,-0.5123161673545837,1750467854
,,0.0065959054045379,1750467854
,,-0.1354135274887085,1750467854
,,-0.7096903920173645,1750467855
,,0.5481144189834595,1750467855
,,0.3473025560379028,1750467855
,,0.8784184455871582,1750467856
,,0.8220354914665222,1750467856
,,0.0129074677824974,1750467856
,,0.8899776339530945,1750467857
,,-0.206523597240448,1750467857
,,-0.839286744594574,1750467857
,,0.925123929977417,1750467858
,,-0.675187349319458,1750467858
,,0.758499264717102,1750467858
,,2.4611313343048096,1750467859
,,0.589003324508667,1750467859
,,0.2067683190107345,1750467860
,,0.3840883374214172,1750467860
,,0.755132794380188,1750467861
,,2.1123135089874268,1750467861
,,-0.8115163445472717,1750467861
,,0.4694305062294006,1750467862
,,0.3034069240093231,1750467863
,,-0.0838675796985626,1750467863
,,-0.5219233632087708,1750467864
,,0.4536204636096954,1750467864
,,-0.399791419506073,1750467865
,,0.5065321326255798,1750467865
,,2.6986758708953857,1750467865
,,0.283660888671875,1750467866
,,0.3537303805351257,1750467866
,,-0.2742679119110107,1750467866
,,-1.2484736442565918,1750467867
,,-0.1028043255209922,1750467867
,,0.6298176646232605,1750467868
,,0.1443974375724792,1750467868
,,-0.3058272004127502,1750467868
,,0.7265203595161438,1750467869
,,0.1091157793998718,1750467870
,,0.5758854150772095,1750467871
,,0.1364687383174896,1750467871
,,0.2264480590820312,1750467871
,,0.4729015529155731,1750467871
,,-0.454356849193573,1750467872
,,0.3112215101718902,1750467872
,,0.2626964747905731,1750467872
,,0.3737159073352813,1750467873
,,0.2195669263601303,1750467873
,,-0.4927514791488647,1750467873
,,-0.819089412689209,1750467873
,,0.7441931366920471,1750467873
,,1.6343183517456057,1750467873
,,0.440471351146698,1750467874
,,-0.9082934856414796,1750467874
,,-1.2072378396987915,1750467874
,,0.100700519979,1750467875
,,0.1946681290864944,1750467876
,,0.6347949504852295,1750467876
,,0.57546466588974,1750467877
,,0.0621999576687812,1750467877
,,-1.564051628112793,1750467877
,,-0.3024896383285522,1750467877
,,-0.181698128581047,1750467877
,,-0.367678701877594,1750467878
,,0.3755680918693542,1750467878
,,-0.6823399662971497,1750467879
,,-0.4493085145950317,1750467879
,,-1.304856777191162,1750467880
,,-0.0744012668728828,1750467881
,,-0.5661755800247192,1750467881
,,0.143829345703125,1750467881
,,0.6248732209205627,1750467882
,,2.4893229007720947,1750467882
,,-0.9522523283958436,1750467884
,,0.0438954271376132,1750467885
,,-0.2490210831165313,1750467885
,,-0.6684549450874329,1750467886
,,-0.4595119655132293,1750467886
,,0.1280502825975418,1750467886
,,0.3615757822990417,1750467887
,,0.0802295356988906,1750467887
,,2.012591361999512,1750467889
,,0.2022414654493332,1750467889
,,-0.058412991464138,1750467889
,,-1.254786491394043,1750467889
,,0.2879421412944793,1750467890
,,0.3589897155761719,1750467890
,,0.4754286408424377,1750467890
,,0.48812335729599,1750467891
,,-0.9684624075889589,1750467891
,,0.8127757906913757,1750467891
,,0.3015124797821045,1750467893
,,-0.0812823921442031,1750467893
,,-0.6814985871315002,1750467893
,,0.0047008972615003,1750467893
,,0.586794912815094,1750467894
,,2.203198909759521,1750467895
,,-0.1206864491105079,1750467895
,,0.5350699424743652,1750467895
,,-0.645732581615448,1750467895
,,-0.6772888898849487,1750467896
,,0.3644174337387085,1750467898
,,0.114942692220211,1750467898
,,2.0761280059814453,1750467899
,,0.4787614941596985,1750467900
,,0.2666930854320526,1750467900
,,0.2685247361660003,1750467901
,,-0.8885163068771362,1750467901
,,-0.1706956624984741,1750467901
,,-0.3055079281330108,1750467902
,,0.5203437805175781,1750467902
,,-0.3077192902565002,1750467902
,,0.3790705502033233,1750467903
,,-0.7240706086158752,1750467904
,,-1.45549476146698,1750467905
,,0.4499405920505523,1750467905
,,-0.5317783355712891,1750467906
,,-1.264460563659668,1750467906
,,-0.4009188115596771,1750467906
,,0.2995141744613647,1750467906
,,0.2416576892137527,1750467907
,,0.4580699503421783,1750467907
,,-0.7908987998962402,1750467908
,,0.621085524559021,1750467908
,,0.0253199096769094,1750467909
,,0.808991014957428,1750467909
,,-1.0332611799240112,1750467909
,,1.4971470832824707,1750467909
,,-1.3940602540969849,1750467909
,,-0.4444679617881775,1750467910
,,-0.4951715469360351,1750467910
,,-0.5510271191596985,1750467910
,,0.044465210288763,1750467911
,,-0.3655747175216675,1750467911
,,0.175175592303276,1750467912
,,0.5066695213317871,1750467913
,,-0.3079290986061096,1750467913
,,-0.4387130439281463,1750467913
,,1.685652732849121,1750467913
,,0.8771550059318542,1750467913
,,-0.2111511081457138,1750467914
,,-0.8775786757469177,1750467914
,,-0.5448209047317505,1750467915
,,-1.8872010707855225,1750467915
,,0.8043632507324219,1750467915
,,0.7803796529769897,1750467916
,,0.1504877507686615,1750467916
,,0.2432790845632553,1750467916
,,-0.2737831473350525,1750467917
,,-0.722806453704834,1750467917
,,0.7265941500663757,1750467918
,,0.59660804271698,1750467918
,,0.2222383916378021,1750467918
,,-0.4240615963935852,1750467918
,,-0.1511925160884857,1750467918
,,0.64370197057724,1750467920
,,-0.9301757216453552,1750487276
,,-0.2476847469806671,1750487276
,,0.1916179656982422,1750487277
,,-0.1501407772302627,1750487277
,,-0.161709114909172,1750487277
,,-0.5998693704605103,1750487278
,,0.8872551321983337,1750487278
,,0.3479038774967193,1750487279
,,0.573676586151123,1750487279
,,-0.5202072858810425,1750487281
,,0.219567209482193,1750487281
,,0.2847853302955627,1750487281
,,0.4778457581996918,1750487281
,,1.5543711185455322,1750487282
,,-1.553952932357788,1750487282
,,0.1382839381694793,1750487282
,,0.4556197822093963,1750487283
,,-0.2096158415079116,1750487283
,,-0.7930033206939697,1750487283
,,-0.19887575507164,1750487283
,,1.777801752090454,1750487285
,,0.072298489511013,1750487285
,,0.6082869172096252,1750487285
,,-0.1448810249567031,1750487285
,,1.9368517398834229,1750487285
,,-2.242753267288208,1750487285
,,0.3781222105026245,1750487286
,,-2.200254440307617,1750487287
,,0.4177501201629638,1750487288
,,0.743425190448761,1750487289
,,-0.6983296275138855,1750487289
,,0.127568170428276,1750487289
,,0.0912331789731979,1750487289
,,-0.6617225408554077,1750487290
,,-2.325643301010132,1750487290
,,0.7122884392738342,1750487292
,,-0.2098165601491928,1750487292
,,0.5798823833465576,1750487293
,,0.3878754675388336,1750487295
,,0.3521094620227813,1750487295
,,-2.1968894004821777,1750487295
,,-0.946162223815918,1750487296
,,0.684867262840271,1750487296
,,-0.2858381867408752,1750487297
,,-0.4893129467964172,1750487297
,,0.3158604502677917,1750487297
,,-0.3195008337497711,1750487298
,,-0.2535761296749115,1750487299
,,-0.2771078050136566,1750487300
,,0.6966487765312195,1750487300
,,0.5211838483810425,1750487301
,,0.09600830078125,1750487301
,,0.5868255496025085,1750487302
,,-0.1269977241754531,1750487302
,,-0.4850000143051147,1750487303
,,1.0435593128204346,1750487305
,,-0.288077712059021,1750487305
,,2.859724998474121,1750487306
,,-0.039205402135849,1750487306
,,-2.6330037117004395,1750487306
,,1.7188934087753296,1750487307
,,-0.3859804570674896,1750487307
,,0.1725469678640365,1750487307
,,0.1766492426395416,1750487309
,,-0.9432169198989868,1750487309
,,-0.4768054485321045,1750487310
,,-0.5098983645439148,1750487310
,,-0.5986815094947815,1750487310
,,-0.7648106813430786,1750487311
,,0.8447570204734802,1750487311
,,0.3280525505542755,1750487311
,,0.3016175329685211,1750487312
,,0.5359872579574585,1750487312
,,-0.2852072715759277,1750487313
,,0.4127003252506256,1750487314
,,1.650729775428772,1750487315
,,0.5037976503372192,1750487315
,,-0.2742676138877868,1750487315
,,-1.039770245552063,1750487316
,,0.0402567908167839,1750487316
,,-0.0481042303144931,1750487316
,,0.5269712209701538,1750487316
,,-0.4770032167434692,1750487316
,,-0.2580052316188812,1750487316
,,-0.8258244395256042,1750487317
,,-0.5864785313606262,1750487317
,,-0.135414108633995,1750487317
,,0.655065655708313,1750487317
,,0.5493762493133545,1750487318
,,-0.1696437299251556,1750487318
,,0.2532292902469635,1750487319
,,0.2538903951644897,1750487319
,,1.8564828634262085,1750487320
,,-2.538552761077881,1750487320
,,-0.8417370319366455,1750487321
,,0.6735777854919434,1750487321
,,-0.0703442096710205,1750487321
,,0.1274188011884689,1750487322
,,0.5897701978683472,1750487322
,,2.5951344966888428,1750487322
,,0.170695960521698,1750487322
,,-0.7471383810043335,1750487323
,,-0.8868337273597717,1750487323
,,1.3389390707015991,1750487323
,,-0.1131131052970886,1750487323
,,-0.5223423838615417,1750487324
,,0.6603540182113647,1750487324
,,0.1859377324581146,1750487324
,,0.3675739467144012,1750487325
,,0.352877676486969,1750487325
,,0.0840794071555137,1750487325
,,-1.29180908203125,1750487327
,,0.3769674897193908,1750487327
,,0.6238528490066528,1750487327
,,-0.143829345703125,1750487327
,,1.0141057968139648,1750487328
,,0.4089132249355316,1750487328
,,-0.4278798401355743,1750487329
,,-1.4176231622695925,1750487329
,,-0.1833184957504272,1750487330
,,0.1256622076034546,1750487331
,,-0.624663233757019,1750487331
,,-0.1885785311460495,1750487332
,,-2.066448926925659,1750487334
,,0.2165515422821045,1750487334
,,0.172232985496521,1750487334
,,-0.5094035267829895,1750487335
,,2.174163818359375,1750487335
,,-0.2763715088367462,1750487335
,,0.6053393483161926,1750487336
,,0.3555065989494324,1750487337
,,0.255260169506073,1750487337
,,-0.412176251411438,1750487337
,,0.570310115814209,1750487339
,,-1.8463867902755735,1750487340
,,1.5038797855377195,1750487341
,,-0.535564661026001,1750487341
,,0.0796637833118438,1750487342
,,0.6903347373008728,1750487342
,,-0.593558669090271,1750487343
,,0.5283387899398804,1750487343
,,-1.286341667175293,1750487343
,,0.1816990077495575,1750487343
,,-1.133603572845459,1750487343
,,0.629743754863739,1750487344
,,-0.9270083904266356,1750487344
,,0.9981160163879396,1750487344
,,0.658745527267456,1750487345
,,0.7416683435440063,1750487345
,,-0.071246363222599,1750487345
,,0.3737166225910187,1750487346
,,1.7374075651168823,1750487346
,,0.3495841324329376,1750487346
,,0.6851800680160522,1750487346
,,-0.6596184372901917,1750487346
,,1.4399234056472778,1750487346
,,-0.7063222527503967,1750487347
,,-0.3540348410606384,1750487348
,,-0.5534796714782715,1750487348
,,-0.1680236160755157,1750487348
,,0.4137529134750366,1750487348
,,0.2012017965316772,1750487349
,,0.4307315349578857,1750487349
,,0.4702717959880829,1750487349
,,-0.6726614236831665,1750487349
,,0.3412023484706878,1750487349
,,-2.23160171508789,1750487349
,,-0.977919340133667,1750487350
,,-0.4863345623016357,1750487350
,,0.2397971451282501,1750487350
,,0.5422242879867554,1750487350
,,-1.7176295518875122,1750487351
,,-0.625535786151886,1750487351
,,2.029420852661133,1750487352
,,0.5140339732170105,1750487352
,,-2.1038992404937744,1750487355
,,1.254691481590271,1750487355
,,0.2342951744794845,1750487356
,,0.000767927034758,1750487357
,,-0.1938382536172866,1750487357
,,0.3385837376117706,1750487358
,,-0.6121453046798706,1750487359
,,-0.2821901738643646,1750487359
,,-0.439135879278183,1750487359
,,-0.1896928548812866,1750487359
,,2.2053024768829346,1750487359
,,-0.8131983280181885,1750487359
,,-2.1859469413757324,1750487361
,,-0.0786100476980209,1750487361
,,1.4315109252929688,1750487362
,,-1.2274348735809326,1750487363
,,-1.7092162370681765,1750487363
,,1.532493233680725,1750487363
,,2.517514705657959,1750487364
,,0.6554840803146362,1750487364
,,0.1801622807979583,1750487364
,,1.8371299505233765,1750487364
,,-0.3058260381221771,1750487365
,,-0.4438382089138031,1750487365
,,-0.5540046691894531,1750487365
,,-0.1023195683956146,1750487365
,,-0.8262431621551514,1750487365
,,0.1833167374134063,1750487366
,,0.4108381867408752,1750487367
,,-0.2477592974901199,1750487367
,,0.1759537905454635,1750487367
,,-0.2111528813838958,1750487367
,,0.0091822426766157,1750487369
,,0.3340172171592712,1750487370
,,0.1711789518594741,1750487370
,,-0.3047734797000885,1750487373
,,0.5289381146430969,1750487374
,,-0.4652228653430938,1750487374
,,-1.3780698776245115,1750487375
,,-2.173113346099853,1750487375
,,-0.570068895816803,1750487375
,,-0.4861250519752502,1750487376
,,0.9638336896896362,1750487377
,,0.0854903012514114,1750487377
,,0.5578661561012268,1750487377
,,0.6092002391815186,1750487378
,,0.62981778383255,1750487379
,,0.1784691363573074,1750487379
,,-0.1364652216434478,1750487379
,,-0.4441844224929809,1750487379
,,-0.483810693025589,1750487379
,,-0.4105236232280731,1750487380
,,-1.121823787689209,1750487381
,,-0.4908902049064636,1750487381
,,0.5273604393005371,1750487381
,,-0.7164230346679688,1750487382
,,0.3503218293190002,1750487382
,,0.3106008470058441,1750487382
,,0.3988165855407715,1750487383
,,-0.7606033682823181,1750487385
,,-0.9453206658363342,1750487385
,,0.8056218028068542,1750487388
,,0.1068003624677658,1750487389
,,-0.6587767601013184,1750487389
,,-0.4825486242771148,1750487389
,,0.6974874138832092,1750487390
,,0.0371016152203083,1750487390
,,-0.367185115814209,1750487390
,,-0.3261589407920837,1750487391
,,-0.0491556003689765,1750487391
,,0.3455845713615417,1750487392
,,0.0423613302409648,1750487392
,,-0.7606025338172913,1750487392
,,0.4376741349697113,1750487393
,,0.7648109793663025,1750487394
,,-0.3542139828205108,1750487395
,,0.2990305125713348,1750487395
,,0.8439131379127502,1750487395
,,-1.556898832321167,1750487396
,,2.153548002243042,1750487396
,,-0.1743351817131042,1750487396
,,-0.4706930220127105,1750487396
,,0.257781982421875,1750487396
,,0.2227548360824585,1750487397
,,0.1812145411968231,1750487397
,,-0.024476271122694,1750487398
,,0.3677834570407867,1750487399
,,0.2784740626811981,1750487399
,,-0.6655097007751465,1750487399
,,-0.9657170176506042,1750487399
,,0.442080557346344,1750487399
,,-0.55986487865448,1750487400
,,-0.6705584526062012,1750487400
,,0.7534502148628235,1750487400
,,0.4678192138671875,1750487401
,,-0.2876574993133545,1750487401
,,0.6232228875160217,1750487403
,,0.2290348559617996,1750487403
,,-0.797629714012146,1750487404
,,0.4416580200195312,1750487404
,,-0.3849287629127502,1750487405
,,0.0307893026620149,1750487407
,,-0.0623479969799518,1750487407
,,-0.6823078989982605,1750487407
,,0.6023935079574585,1750487408
,,0.6201711297035217,1750487408
,,-0.2921500504016876,1750487408
,,0.3474074006080627,1750487408
,,-0.4373151063919067,1750487409
,,0.5471364855766296,1750487409
,,-0.4467843770980835,1750487410
,,-0.3474080264568329,1750487410
,,-1.4411860704421997,1750487410
,,0.816986083984375,1750487411
,,1.833267092704773,1750487413
,,0.666351318359375,1750487413
,,-0.5085613131523132,1750487414
,,-0.2927190363407135,1750487415
,,-0.3179227411746979,1750487415
,,1.647363305091858,1750487415
,,1.6991194486618042,1750487417
,,0.2805791795253753,1750487417
,,-0.3945018947124481,1750487418
,,-0.3710432648658752,1750487418
,,-0.4479713141918182,1750487418
,,-1.0088568925857544,1750487418
,,0.2683765292167663,1750487418
,,-2.149343490600586,1750487418
,,0.0318415686488151,1750487418
,,-0.1816987246274948,1750487420
,,0.4256711900234222,1750487420
,,2.3889577388763428,1750487421
,,2.2311794757843018,1750487421
,,0.0617793872952461,1750487422
,,-2.052145004272461,1750487422
,,-0.6711894869804382,1750487423
,,-1.6347379684448242,1750487424
,,0.7681770324707031,1750487424
,,-0.7088481783866882,1750487424
,,0.3127062618732452,1750487425
,,1.235430121421814,1750487425
,,-0.1532964706420898,1750487426
,,-0.8207730650901794,1750487426
,,0.8801010847091675,1750487427
,,1.8371297121047971,1750487427
,,-0.796789288520813,1750487428
,,-0.2590573132038116,1750487428
,,-0.7854285836219788,1750487428
,,-0.2342945486307144,1750487430
,,-0.3600305318832397,1750487431
,,0.5130544304847717,1750487431
,,-1.9932361841201784,1750487433
,,-0.587319552898407,1750487434
,,-0.7328320741653442,1750487436
,,0.6768704652786255,1750487437
,,-0.4354221224784851,1750487437
,,-2.22739315032959,1750487438
,,0.0255320612341165,1750487439
,,-0.4873862564563751,1750487440
,,0.2645163834095001,1750487440
,,-0.4643806517124176,1750487441
,,0.4920156598091125,1750487441
,,-0.6546431183815002,1750487441
,,0.5688053965568542,1750487442
,,0.861167311668396,1750487442
,,-1.4651702642440796,1750487442
,,2.409575700759888,1750487443
,,0.0337354131042957,1750487443
,,-1.99996817111969,1750487443
,,0.5939770936965942,1750487446
,,0.6091261506080627,1750487446
,,-1.2308012247085571,1750487447
,,-2.5621142387390137,1750487447
,,0.1509084999561309,1750487450
,,-0.5501151084899902,1750487450
,,0.0819766521453857,1750487451
,,-0.0438954271376132,1750487452
,,-0.8750523328781128,1750487452
,,0.365301251411438,1750487453
,,0.7113733887672424,1750487453
,,0.489524245262146,1750487453
,,0.2932035028934479,1750487455
,,-0.134360671043396,1750487456
,,0.5726981163024902,1750487456
,,0.943636953830719,1750487456
,,0.0770745649933815,1750487456
,,0.0680911689996719,1750487457
,,-1.428563117980957,1750487459
,,0.2758876979351043,1750487459
,,-0.6432089805603027,1750487459
,,-0.4477298259735107,1750487459
,,-1.925491452217102,1750487461
,,0.4732900559902191,1750487461
,,0.2363985329866409,1750487462
,,-0.5943979024887085,1750487462
,,-0.1417259722948074,1750487463
,,1.487471342086792,1750487463
,,-1.4887330532073977,1750487464
,,-1.1173399686813354,1750487464
,,1.5602622032165527,1750487466
,,0.7896358370780945,1750487466
,,0.290603905916214,1750487467
,,0.3129785656929016,1750487467
,,0.4080000519752502,1750487469
,,0.4822646081447601,1750487470
,,0.7728059887886047,1750487470
,,-1.830113410949707,1750487471
,,0.8872435092926025,1750487471
,,0.7277843356132507,1750487472
,,-0.2784018814563751,1750487472
,,-0.0276348404586315,1750487472
,,-1.0736517906188965,1750487473
,,0.4262706935405731,1750487473
,,0.9989565014839172,1750487473
,,-0.4535146653652191,1750487474
,,-0.13226318359375,1750487475
,,0.243477389216423,1750487475
,,1.98650324344635,1750487476
,,-0.2392701357603073,1750487477
,,-0.8376039266586304,1750487477
,,-0.574202299118042,1750487477
,,0.4854923784732818,1750487478
,,0.0248988419771194,1750487479
,,0.134930819272995,1750487479
,,-0.1164788454771041,1750487479
,,1.7618123292922974,1750487479
,,0.8775787353515625,1750487479
,,0.8035956025123596,1750487480
,,-0.5023216605186462,1750487480
,,0.3484598100185394,1750487481
,,1.2825559377670288,1750487481
,,-2.095061779022217,1750487481
,,-0.1349299401044845,1750487481
,,-0.186747744679451,1750487482
,,-0.4194635152816772,1750487482
,,0.5355652570724487,1750487483
,,1.2951794862747192,1750487483
,,0.6074430346488953,1750487483
,,0.6520450115203857,1750487483
,,0.6596925854682922,1750487483
,,-0.154348224401474,1750487485
,,0.2664205133914947,1750487485
,,1.6259040832519531,1750487485
,,1.4761117696762085,1750487485
,,-0.2417942881584167,1750487486
,,-1.5047225952148438,1750487486
,,0.6028148531913757,1750487486
,,0.672948956489563,1750487486
,,0.157505914568901,1750487486
,,1.8211417198181152,1750487487
,,-0.585982084274292,1750487488
,,0.0754511877894401,1750487488
,,-0.9103965759277344,1750487488
,,0.1422946602106094,1750487488
,,1.1605323553085327,1750487488
,,-0.6894930601119995,1750487488
,,0.5887920260429382,1750487490
,,0.5266547203063965,1750487491
,,0.424407958984375,1750487492
,,0.0542050935328006,1750487492
,,-0.5969980359077454,1750487492
,,1.0919474363327026,1750487492
,,-0.6949635744094849,1750487493
,,0.1259466260671615,1750487493
,,-0.0297382045537233,1750487493
,,-0.772805392742157,1750487494
,,-0.445941299200058,1750487494
,,-0.1947731524705886,1750487495
,,-0.1843707710504531,1750487495
,,0.8695819973945618,1750487495
,,0.6310055255889893,1750487497
,,-1.06670081615448,1750487497
,,-0.5820915102958679,1750487497
,,0.7627067565917969,1750487498
,,-0.0670390501618385,1750487498
,,-0.3191111385822296,1750487498
,,0.4336629807949066,1750487498
,,0.0381534285843372,1750487498
,,-0.3326914608478546,1750487499
,,0.4736377894878387,1750487499
,,-0.538435697555542,1750487499
,,0.457302063703537,1750487499
,,-2.514989852905273,1750487501
,,1.700379490852356,1750487502
,,0.4622772932052612,1750487502
,,0.273773044347763,1750487503
,,-0.2052617967128753,1750487503
,,-0.6465746760368347,1750487503
,,0.7256792187690735,1750487503
,,-0.3629020750522613,1750487503
,,-1.433611273765564,1750487503
,,1.5472197532653809,1750487504
,,0.0676072910428047,1750487504
,,0.5414561629295349,1750487504
,,0.5283389091491699,1750487504
,,-0.7416689395904541,1750487505
,,-0.568836510181427,1750487505
,,0.453441321849823,1750487506
,,-0.3622081279754638,1750487506
,,-1.1554828882217407,1750487507
,,-0.0754541233181953,1750487507
,,-0.4990633130073547,1750487507
,,0.3324396908283233,1750487507
,,0.6638259887695312,1750487507
,,0.5691539645195007,1750487508
,,-0.2811467051506042,1750487509
,,0.1143751814961433,1750487509
,,0.0133925210684537,1750487510
,,-0.7181061506271362,1750487510
,,-0.183097243309021,1750487511
,,-0.2661989629268646,1750487511
,,0.4476259648799896,1750487511
,,-2.1783716678619385,1750487511
,,-0.7782750725746155,1750487512
,,0.472871333360672,1750487512
,,-0.1643838137388229,1750487512
,,-0.9204970002174376,1750487514
,,-0.646648645401001,1750487514
,,-0.866216778755188,1750487515
,,-2.157756328582764,1750487515
,,-0.1055397614836692,1750487515
,,0.444194495677948,1750487516
,,-0.3790735006332397,1750487516
,,-0.7984724640846252,1750487517
,,0.8864126801490784,1750487517
,,0.952054500579834,1750487517
,,0.9470041394233704,1750487519
,,0.3057544231414795,1750487519
,,-0.663300096988678,1750487519
,,1.0073734521865845,1750487520
,,-0.4520427882671356,1750487520
,,0.4772887527942657,1750487521
,,0.0265825875103473,1750487521
,,0.3205507695674896,1750487522
,,0.4584901928901672,1750487523
,,-1.0927897691726685,1750487523
,,1.9949190616607664,1750487523
,,0.1408835053443908,1750487523
,,-0.3806475102901459,1750487523
,,2.841630697250366,1750487523
,,0.2385016083717346,1750487523
,,-0.2713221609592438,1750487524
,,-1.868687629699707,1750487524
,,0.5526357889175415,1750487524
,,-0.0213223975151777,1750487524
,,0.0333771333098411,1750487525
,,1.8792048692703247,1750487525
,,0.407157301902771,1750487528
,,0.5682806968688965,1750487528
,,2.1581759452819824,1750487529
,,0.539173424243927,1750487529
,,0.333744615316391,1750487530
,,-0.596682608127594,1750487530
,,-0.1801629364490509,1750487531
,,0.3882962465286255,1750487531
,,0.4892067313194275,1750487532
,,-0.0176015999168157,1750487533
,,-0.2937616109848022,1750487533
,,0.5870026350021362,1750487534
,,-0.2122039645910263,1750487534
,,0.7643895745277405,1750487534
,,0.104907102882862,1750487534
,,-0.0091828284785151,1750487535
,,-0.3033007085323334,1750487535
,,0.2464341223239898,1750487535
,,-0.2035064548254013,1750487535
,,0.3276320099830627,1750487535
,,0.3396967351436615,1750487536
,,-0.7618654370307922,1750487536
,,-0.5901914834976196,1750487536
,,-0.4467820227146148,1750487537
,,-1.8287142515182493,1750487537
,,0.182266816496849,1750487537
,,1.3056962490081787,1750487537
,,-0.690334677696228,1750487537
,,0.0586225055158138,1750487538
,,-1.6158056259155271,1750487539
,,-0.1044241040945053,1750487540
,,0.2174635529518127,1750487541
,,-0.567785382270813,1750487542
,,-1.401708722114563,1750487542
,,-1.9574695825576784,1750487543
,,-0.5128437876701355,1750487543
,,-0.4774252772331238,1750487544
,,0.2732162475585937,1750487545
,,0.2580055594444275,1750487545
,,-0.4433432221412658,1750487545
,,-0.110167272388935,1750487545
,,0.0133907329291105,1750487547
,,-0.2096169590950012,1750487547
,,-1.0465049743652344,1750487547
,,-0.458354651927948,1750487548
,,-1.0010619163513184,1750487548
,,0.5149794220924377,1750487548
,,-0.9369053840637208,1750487548
,,-0.201055645942688,1750487549
,,0.3137569427490234,1750487549
,,0.0049755377694964,1750487549
,,-1.5232367515563965,1750487549
,,0.138088509440422,1750487550
,,0.466589093208313,1750487550
,,0.1175308153033256,1750487550
,,2.0773892402648926,1750487551
,,-0.8864129185676575,1750487551
,,0.4541473090648651,1750487551
,,0.9680421948432922,1750487552
,,-0.4746891856193542,1750487552
,,-0.2974108159542084,1750487553
,,-0.0060273688286542,1750487553
,,0.6305854320526123,1750487553
,,-0.9061894416809082,1750487553
,,0.4839477241039276,1750487553
,,1.2446869611740112,1750487554
,,-0.0302241388708353,1750487554
,,-1.4937814474105835,1750487554
,,1.4803175926208496,1750487555
,,0.3842338919639587,1750487555
,,-0.8822062611579895,1750487555
,,-0.0833863466978073,1750487555
,,0.582616925239563,1750487555
,,-0.5948201417922974,1750487556
,,0.7622856497764587,1750487557
,,0.502566397190094,1750487557
,,0.523151695728302,1750487558
,,-0.0375853292644023,1750487558
,,-1.2842395305633545,1750487559
,,-1.6418930292129517,1750487559
,,0.2894152104854584,1750487559
,,-0.2906159460544586,1750487559
,,0.697485089302063,1750487560
,,-0.5014090538024902,1750487560
,,1.164739727973938,1750487560
,,0.371077299118042,1750487560
,,-0.4660656154155731,1750487560
,,0.2811047434806824,1750487562
,,0.6179621815681458,1750487562
,,-0.594052791595459,1750487563
,,0.1803624033927917,1750487563
,,-0.700506865978241,1750487563
,,-0.652118444442749,1750487564
,,-0.1570211499929428,1750487564
,,-0.100217081606388,1750487564
,,-0.1501400172710418,1750487565
,,1.9835580587387085,1750487565
,,-0.3222666680812835,1750487565
,,-1.0128430128097534,1750487565
,,0.415541410446167,1750487565
,,0.1040027514100074,1750487565
,,-1.150013446807861,1750487566
,,-0.8077298998832703,1750487566
,,1.719735860824585,1750487566
,,-0.0365324728190898,1750487567
,,-0.8948283195495605,1750487568
,,-0.0181667618453502,1750487569
,,-0.4162773489952087,1750487570
,,0.0387843139469623,1750487570
,,-0.1848531812429428,1750487570
,,-0.3751795589923858,1750487571
,,0.219570443034172,1750487571
,,-0.5823023915290833,1750487572
,,-0.945320725440979,1750487572
,,1.4992523193359375,1750487573
,,0.5169472098350525,1750487573
,,-0.0518282391130924,1750487573
,,0.2262995690107345,1750487574
,,0.578830897808075,1750487575
,,-0.3807220160961151,1750487575
,,0.312705397605896,1750487575
,,-0.4778459966182709,1750487575
,,0.4504962265491485,1750487576
,,-0.7012734413146973,1750487576
,,-0.2839766144752502,1750487576
,,0.3545602560043335,1750487577
,,0.5540794730186462,1750487578
,,0.4037909507751465,1750487578
,,-0.2862595319747925,1750487579
,,2.466799736022949,1750487581
,,-0.2332427650690078,1750487581
,,-0.3894846737384796,1750487581
,,0.4031703472137451,1750487582
,,0.3945335745811462,1750487582
,,0.7261006236076355,1750487583
,,-0.516629695892334,1750487584
,,-0.5789360404014587,1750487584
,,0.6177520751953125,1750487585
,,0.166698470711708,1750487586
,,0.4324047267436981,1750487586
,,0.010803809389472,1750487586
,,0.8434938192367554,1750487586
,,-0.0922857373952865,1750487586
,,0.6117247939109802,1750487586
,,0.6807327270507812,1750487586
,,1.6616674661636353,1750487587
,,-0.2380206733942031,1750487587
,,0.1202022805809974,1750487588
,,-0.1217381358146667,1750487588
,,1.8261911869049072,1750487588
,,-1.050290584564209,1750487589
,,0.0833863466978073,1750487589
,,-0.2353456914424896,1750487589
,,-0.2746147513389587,1750487590
,,0.0712468028068542,1750487590
,,-0.1816236078739166,1750487590
,,-0.5206908583641052,1750487590
,,0.4935936331748962,1750487591
,,-0.5289406180381775,1750487591
,,1.6364212036132812,1750487592
,,-2.106001615524292,1750487592
,,-0.4411016404628753,1750487592
,,-0.1801633089780807,1750487592
,,0.635634183883667,1750487592
,,-0.2502095103263855,1750487593
,,-0.5112950205802917,1750487593
,,0.1988754123449325,1750487593
,,0.6668431162834167,1750487593
,,0.1175311133265495,1750487594
,,-1.1432812213897705,1750487595
,,-0.6941955089569092,1750487596
,,0.4403944611549377,1750487597
,,-0.33527871966362,1750487599
,,-0.2558992803096771,1750487600
,,2.578946590423584,1750487600
,,-0.0644519478082656,1750487600
,,0.5051979422569275,1750487601
,,-0.5834590792655945,1750487601
,,0.4854193329811096,1750487602
,,0.4004974067211151,1750487602
,,0.71157306432724,1750487602
,,0.5992085337638855,1750487603
,,0.9440465569496156,1750487603
,,0.0655030459165573,1750487603
,,-0.6056541800498962,1750487603
,,-0.4614361226558685,1750487603
,,0.4685874283313751,1750487604
,,-1.3448299169540403,1750487604
,,0.3277053833007812,1750487604
,,0.3996570110321045,1750487604
,,-0.9282681345939636,1750487604
,,0.6041499972343445,1750487606
,,-0.2866166830062866,1750487606
,,-0.7896352410316467,1750487607
,,-0.2974454164505005,1750487607
,,-0.335845947265625,1750487607
,,0.5887932181358337,1750487608
,,0.5056915283203125,1750487608
,,0.8203523755073547,1750487608
,,0.3169039189815521,1750487608
,,0.969302773475647,1750487608
,,-1.0256136655807495,1750487609
,,0.5151584148406982,1750487610
,,0.1044241040945053,1750487610
,,0.5435913801193237,1750487610
,,0.3360489904880523,1750487610
,,-0.689492404460907,1750487611
,,-0.6545697450637817,1750487612
,,0.6168788075447083,1750487613
,,0.531777560710907,1750487614
,,-0.3068771362304687,1750487614
,,0.0244797933846712,1750487614
,,0.7976308465003967,1750487614
,,0.2999672293663025,1750487616
,,-0.1617119163274765,1750487616
,,0.1974773705005645,1750487616
,,-1.7428776025772097,1750487617
,,0.3737170696258545,1750487618
,,-0.2969272136688232,1750487618
,,1.4226731061935425,1750487618
,,0.1043067350983619,1750487619
,,2.470387935638428,1750487619
,,0.5358798503875732,1750487620
,,1.1277130842208862,1750487620
,,0.5228691101074219,1750487621
,,-0.3779261410236358,1750487621
,,-0.1044252812862396,1750487621
,,0.5746219158172607,1750487622
,,-0.5329660177230835,1750487622
,,-0.1707575768232345,1750487623
,,0.1364669799804687,1750487623
,,-0.2449505031108856,1750487623
,,0.4237459599971771,1750487623
,,3.196340084075928,1750487624
,,0.660533607006073,1750487624
,,0.2653585374355316,1750487624
,,-0.3278098404407501,1750487625
,,0.922180712223053,1750487625
,,0.0460005514323711,1750487625
,,0.6692944765090942,1750487625
,,0.6179633140563965,1750487626
,,0.0344296731054782,1750487626
,,-0.7021162509918213,1750487626
,,-1.0603902339935305,1750487627
,,-0.0291689336299896,1750487627
,,-0.237450510263443,1750487628
,,0.6188031435012817,1750487628
,,0.7366185784339905,1750487628
,,0.7822409272193909,1750487629
,,-0.4969910681247711,1750487629
,,-0.2296033948659896,1750487630
,,0.3318390548229217,1750487630
,,-0.8775768280029297,1750487630
,,2.629439115524292,1750487632
,,0.0991646647453308,1750487633
,,2.071077346801758,1750487633
,,1.9414812326431277,1750487634
,,-0.4892812669277191,1750487634
,,-0.4278476238250732,1750487636
,,-0.776245653629303,1750487636
,,-0.2584885656833648,1750487636
,,0.095019981265068,1750487637
,,1.2901300191879272,1750487637
,,0.4278470277786255,1750487637
,,0.1748924255371093,1750487638
,,-0.3781262636184692,1750487638
,,-0.6962991952896118,1750487639
,,2.66575026512146,1750487639
,,-1.19671630859375,1750487639
,,-1.170632004737854,1750487639
,,0.3442646861076355,1750487640
,,-0.1006992012262344,1750487640
,,0.2474866956472396,1750487640
,,1.9036113023757932,1750487641
,,-0.4792879223823547,1750487641
,,0.5296014547348022,1750487641
,,0.2206197828054428,1750487642
,,0.6563571095466614,1750487642
,,-0.4278483688831329,1750487642
,,0.2108388990163803,1750487642
,,0.4530208110809326,1750487643
,,-0.654147744178772,1750487643
,,-0.4483923614025116,1750487643
,,0.4820538461208343,1750487643
,,0.0002846342977136,1750487644
,,0.511508047580719,1750487646
,,-0.4096832275390625,1750487646
,,0.0087004443630576,1750487646
,,-0.2212506681680679,1750487646
,,-0.7231550812721252,1750487646
,,-0.3163434267044067,1750487646
,,0.1864632815122604,1750487647
,,-0.0060266340151429,1750487647
,,-0.4820509552955627,1750487647
,,1.6103363037109375,1750487648
,,0.735010027885437,1750487648
,,-0.375357985496521,1750487648
,,0.7412475943565369,1750487649
,,0.5904048085212708,1750487649
,,0.1320460140705108,1750487649
,,1.408786416053772,1750487649
,,-1.7479270696640017,1750487650
,,-0.1580740064382553,1750487651
,,0.3248642981052398,1750487651
,,2.566174030303955,1750487652
,,-0.340362548828125,1750487652
,,0.4131216406822204,1750487652
,,0.0817671492695808,1750487652
,,0.939009726047516,1750487653
,,0.5243107676506042,1750487653
,,0.4623512625694275,1750487654
,,-0.0302212033420801,1750487654
,,0.0070800757966935,1750487655
,,0.3709716796875,1750487657
,,0.587877094745636,1750487657
,,-1.0427151918411257,1750487657
,,1.7908436059951782,1750487658
,,0.4349271059036255,1750487658
,,1.866580605506897,1750487659
,,-0.6608821749687195,1750487661
,,-0.3728660941123962,1750487661
,,-0.9558401703834534,1750487662
,,-0.2990200221538543,1750487662
,,0.8767347931861877,1750487662
,,0.6524339914321899,1750487663
,,0.4751856625080108,1750487663
,,0.766915500164032,1750487664
,,-0.367889404296875,1750487664
,,-0.1959416270256042,1750487664
,,-0.3689407706260681,1750487665
,,-0.071814902126789,1750487666
,,-0.4661377966403961,1750487667
,,-0.253798097372055,1750487667
,,-0.8064680695533752,1750487668
,,0.582933247089386,1750487668
,,0.292719304561615,1750487668
,,0.5054802298545837,1750487668
,,2.2764134407043457,1750487668
,,1.0031661987304688,1750487668
,,0.2039255052804947,1750487668
,,-0.4249035716056824,1750487669
,,-1.0157880783081057,1750487669
,,0.7707008719444275,1750487671
,,-1.020216703414917,1750487671
,,-0.4791083633899688,1750487671
,,0.4942556619644165,1750487672
,,-0.3385408818721771,1750487672
,,0.6970677971839905,1750487673
,,-0.2064619660377502,1750487674
,,0.635529100894928,1750487674
,,1.3212672472000122,1750487675
,,2.0685534477233887,1750487675
,,-0.3500371873378753,1750487675
,,-0.5339136719703674,1750487676
,,0.5485346913337708,1750487676
,,-0.1044258698821067,1750487678
,,0.3036481738090515,1750487679
,,0.3070138096809387,1750487679
,,-1.9827160835266116,1750487680
,,0.3647343516349792,1750487681
,,-1.81987988948822,1750487681
,,-0.1080636233091354,1750487682
,,0.4926469027996063,1750487682
,,-0.6596174836158752,1750487683
,,0.0852693393826484,1750487683
,,0.2369660586118698,1750487684
,,0.4408181607723236,1750487685
,,0.962993323802948,1750487686
,,-0.2742990255355835,1750487686
,,1.2884461879730225,1750487686
,,-2.0235300064086914,1750487688
,,-0.1517611294984817,1750487688
,,0.6246942281723022,1750487690
,,-0.545063853263855,1750487690
,,-0.5720992684364319,1750487691
,,0.611653208732605,1750487692
,,-0.2359736412763595,1750487692
,,-0.3288939297199249,1750487693
,,-0.0891283079981803,1750487693
,,0.6813932061195374,1750487694
,,0.1801640391349792,1750487695
,,0.3021856248378753,1750487695
,,-0.5800933837890625,1750487696
,,0.3764413297176361,1750487696
,,-0.4652222692966461,1750487697
,,-0.2427098155021667,1750487697
,,0.3127042353153229,1750487697
,,-0.6438396573066711,1750487698
,,-0.9659376740455629,1750487700
,,-2.044990539550781,1750487701
,,-1.6162258386611938,1750487701
,,-0.2348638623952865,1750487701
,,-1.220704197883606,1750487702
,,0.3606314957141876,1750487702
,,0.3903996050357818,1750487703
,,0.7791169285774231,1750487704
,,0.5635777711868286,1750487704
,,-0.7121840119361877,1750487704
,,-0.2939702570438385,1750487704
,,0.3351736664772033,1750487705
,,-0.2085524201393127,1750487706
,,-0.7774317264556885,1750487706
,,0.0041339574381709,1750487707
,,-2.2629504203796387,1750487707
,,-0.3205530941486358,1750487708
,,0.3773559927940368,1750487708
,,0.0004945921245962,1750487708
,,-0.396216481924057,1750487710
,,-1.847649097442627,1750487710
,,-0.0470539964735507,1750487711
,,0.2557525634765625,1750487711
,,-0.6869711875915527,1750487712
,,-0.3966381251811981,1750487712
,,-0.3689393103122711,1750487713
,,-0.2227243185043335,1750487714
,,0.0211134608834981,1750487714
,,0.2385019063949585,1750487716
,,-0.9642415642738342,1750487716
,,0.4687670171260834,1750487716
,,-0.3915880620479584,1750487716
,,-0.4107340276241302,1750487716
,,2.552216053009033,1750487717
,,0.112839326262474,1750487718
,,1.3410438299179075,1750487718
,,0.4240610897541046,1750487718
,,-0.0444648414850235,1750487718
,,1.811883568763733,1750487719
